ISO-10303-21;
HEADER;
/* Generated by software containing ST-Developer
 * from STEP Tools, Inc. (www.steptools.com) 
 */

FILE_DESCRIPTION(
/* description */ (''),
/* implementation_level */ '2;1');

FILE_NAME(
/* name */ 'CLP_Tilt14.step',
/* time_stamp */ '2026-10-03T20:53:04+08:00',
/* author */ (''),
/* organization */ (''),
/* preprocessor_version */ 'ST-DEVELOPER v20.2',
/* originating_system */ 'Autodesk Translation Framework v15.15.0.0',
/* authorisation */ '');

FILE_SCHEMA (('AUTOMOTIVE_DESIGN { 1 0 10303 214 3 1 1 }'));
ENDSEC;

DATA;
#10=MECHANICAL_DESIGN_GEOMETRIC_PRESENTATION_REPRESENTATION('',(#130,#131),
#8416);
#11=ITEM_DEFINED_TRANSFORMATION($,$,#1217,#1297);
#12=(
REPRESENTATION_RELATIONSHIP($,$,#8427,#8426)
REPRESENTATION_RELATIONSHIP_WITH_TRANSFORMATION(#11)
SHAPE_REPRESENTATION_RELATIONSHIP()
);
#13=CONTEXT_DEPENDENT_SHAPE_REPRESENTATION(#12,#8425);
#14=NEXT_ASSEMBLY_USAGE_OCCURRENCE('MX Plug Mushroom:1',
'MX Plug Mushroom:1','MX Plug Mushroom:1',#8429,#8430,
'MX Plug Mushroom:1');
#15=B_SPLINE_CURVE_WITH_KNOTS('',3,(#1923,#1924,#1925,#1926,#1927,#1928,
#1929,#1930,#1931,#1932),.UNSPECIFIED.,.F.,.F.,(4,1,1,2,1,1,4),(-1.38584451436882,
-1.24726008193648,-1.10867564950414,-0.692922352207117,-0.277168940882847,
-0.138584470441423,0.),.UNSPECIFIED.);
#16=B_SPLINE_CURVE_WITH_KNOTS('',3,(#1935,#1936,#1937,#1938,#1939,#1940,
#1941,#1942,#1943,#1944),.UNSPECIFIED.,.F.,.F.,(4,1,1,2,1,1,4),(0.,0.138584470441423,
0.277168940882847,0.692922352207117,1.10867564950414,1.24726008193648,1.38584451436882),
 .UNSPECIFIED.);
#17=B_SPLINE_CURVE_WITH_KNOTS('',3,(#1997,#1998,#1999,#2000,#2001,#2002,
#2003),.UNSPECIFIED.,.F.,.F.,(4,1,1,1,4),(-0.278963398655081,-0.199259570467915,
-0.119555742280749,-0.0797038281871659,0.),.UNSPECIFIED.);
#18=B_SPLINE_CURVE_WITH_KNOTS('',3,(#2004,#2005,#2006,#2007,#2008,#2009,
#2010),.UNSPECIFIED.,.F.,.F.,(4,1,1,1,4),(0.,0.0797038281871659,0.119555742280749,
0.199259570467915,0.278963398655081),.UNSPECIFIED.);
#19=B_SPLINE_CURVE_WITH_KNOTS('',3,(#2084,#2085,#2086,#2087,#2088,#2089,
#2090,#2091,#2092,#2093,#2094,#2095,#2096,#2097),.UNSPECIFIED.,.F.,.F.,
(4,1,1,1,2,1,1,1,1,1,4),(0.,0.0578647590131553,0.115729518026311,0.231459036052621,
0.578647590131553,1.06589996506109,1.22831742337093,1.30952615252585,1.35013051710331,
1.37043269939204,1.39073488168077),.UNSPECIFIED.);
#20=B_SPLINE_CURVE_WITH_KNOTS('',3,(#2099,#2100,#2101,#2102,#2103,#2104,
#2105,#2106,#2107),.UNSPECIFIED.,.F.,.F.,(4,1,1,1,1,1,4),(-1.39073488168077,
-1.37043269939204,-1.35013051710331,-1.30952615252585,-1.22831742337093,
-1.06589996506109,-0.578647590131553),.UNSPECIFIED.);
#21=B_SPLINE_CURVE_WITH_KNOTS('',3,(#2108,#2109,#2110,#2111,#2112,#2113,
#2114),.UNSPECIFIED.,.F.,.F.,(4,1,1,1,4),(-0.578647590131553,-0.231459036052621,
-0.115729518026311,-0.0578647590131553,0.),.UNSPECIFIED.);
#22=B_SPLINE_CURVE_WITH_KNOTS('',3,(#2148,#2149,#2150,#2151,#2152,#2153),
 .UNSPECIFIED.,.F.,.F.,(4,1,1,4),(-0.282026320992203,-0.201447372137288,
-0.120868423282373,0.),.UNSPECIFIED.);
#23=B_SPLINE_CURVE_WITH_KNOTS('',3,(#2154,#2155,#2156,#2157,#2158,#2159),
 .UNSPECIFIED.,.F.,.F.,(4,1,1,4),(0.,0.120868423282373,0.201447372137288,
0.282026320992203),.UNSPECIFIED.);
#24=B_SPLINE_CURVE_WITH_KNOTS('',3,(#2262,#2263,#2264,#2265,#2266,#2267,
#2268,#2269,#2270,#2271,#2272),.UNSPECIFIED.,.F.,.F.,(4,1,1,1,2,1,1,4),
(-1.39587271888134,-1.25628547494321,-1.11669823100507,-0.97711098706694,
-0.697936499190672,-0.279174599676271,-0.139587299838137,-3.12844026573473E-15),
 .UNSPECIFIED.);
#25=B_SPLINE_CURVE_WITH_KNOTS('',3,(#2273,#2274,#2275,#2276,#2277,#2278,
#2279,#2280,#2281,#2282,#2283),.UNSPECIFIED.,.F.,.F.,(4,1,1,2,1,1,1,4),
(3.12844026573473E-15,0.139587299838137,0.279174599676271,0.697936499190672,
0.97711098706694,1.11669823100507,1.25628547494321,1.39587271888134),
 .UNSPECIFIED.);
#26=B_SPLINE_CURVE_WITH_KNOTS('',3,(#2317,#2318,#2319,#2320,#2321,#2322),
 .UNSPECIFIED.,.F.,.F.,(4,1,1,4),(-0.282026058355319,-0.201447184539513,
-0.120868310723708,0.),.UNSPECIFIED.);
#27=B_SPLINE_CURVE_WITH_KNOTS('',3,(#2323,#2324,#2325,#2326,#2327,#2328),
 .UNSPECIFIED.,.F.,.F.,(4,1,1,4),(0.,0.120868310723708,0.201447184539513,
0.282026058355319),.UNSPECIFIED.);
#28=B_SPLINE_CURVE_WITH_KNOTS('',3,(#2407,#2408,#2409,#2410,#2411,#2412,
#2413,#2414,#2415,#2416,#2417,#2418,#2419,#2420,#2421),.UNSPECIFIED.,.F.,
 .F.,(4,1,1,1,1,1,1,2,1,1,1,4),(0.,0.0203022394564056,0.0406044789128113,
0.0812089578256225,0.162417915651245,0.32483583130249,0.487253746953735,
0.812089578256226,1.15927748387211,1.27500678574407,1.33287143668005,1.39073608761603),
 .UNSPECIFIED.);
#29=B_SPLINE_CURVE_WITH_KNOTS('',3,(#2423,#2424,#2425,#2426,#2427,#2428,
#2429),.UNSPECIFIED.,.F.,.F.,(4,1,1,1,4),(-1.39073608761603,-1.33287143668005,
-1.27500678574407,-1.15927748387211,-0.812089578256226),.UNSPECIFIED.);
#30=B_SPLINE_CURVE_WITH_KNOTS('',3,(#2430,#2431,#2432,#2433,#2434,#2435,
#2436,#2437,#2438,#2439),.UNSPECIFIED.,.F.,.F.,(4,1,1,1,1,1,1,4),(-0.812089578256226,
-0.487253746953735,-0.32483583130249,-0.162417915651245,-0.0812089578256225,
-0.0406044789128113,-0.0203022394564056,0.),.UNSPECIFIED.);
#31=B_SPLINE_CURVE_WITH_KNOTS('',3,(#2475,#2476,#2477,#2478,#2479),
 .UNSPECIFIED.,.F.,.F.,(4,1,4),(-0.278963939225026,-0.119555973953583,0.),
 .UNSPECIFIED.);
#32=B_SPLINE_CURVE_WITH_KNOTS('',3,(#2480,#2481,#2482,#2483,#2484),
 .UNSPECIFIED.,.F.,.F.,(4,1,4),(0.,0.119555973953583,0.278963939225026),
 .UNSPECIFIED.);
#33=B_SPLINE_CURVE_WITH_KNOTS('',3,(#2536,#2537,#2538,#2539,#2540,#2541,
#2542),.UNSPECIFIED.,.F.,.F.,(4,1,1,1,4),(0.110911801839669,0.183900270109138,
0.387068097556296,0.628820559241263,0.913370185225061),.UNSPECIFIED.);
#34=B_SPLINE_CURVE_WITH_KNOTS('',3,(#2544,#2545,#2546,#2547,#2548,#2549),
 .UNSPECIFIED.,.F.,.F.,(4,1,1,4),(-0.61316114063265,-0.564975388841325,
-0.51678963705,-0.444511009363012),.UNSPECIFIED.);
#35=B_SPLINE_CURVE_WITH_KNOTS('',3,(#2550,#2551,#2552,#2553,#2554,#2555,
#2556),.UNSPECIFIED.,.F.,.F.,(4,1,1,1,4),(0.112644334003682,0.198290151868604,
0.413056225424625,0.663653235745849,0.949538352847158),.UNSPECIFIED.);
#36=B_SPLINE_CURVE_WITH_KNOTS('',3,(#2762,#2763,#2764,#2765,#2766,#2767),
 .UNSPECIFIED.,.F.,.F.,(4,1,1,4),(0.162222597712657,0.266414713285965,0.44300736462571,
0.651433034460477),.UNSPECIFIED.);
#37=B_SPLINE_CURVE_WITH_KNOTS('',3,(#2769,#2770,#2771,#2772,#2773,#2774,
#2775,#2776,#2777,#2778,#2779,#2780,#2781,#2782,#2783,#2784,#2785,#2786,
#2787,#2788,#2789,#2790,#2791,#2792,#2793,#2794),.UNSPECIFIED.,.F.,.F.,
(4,1,1,2,1,1,1,2,1,1,1,1,1,1,2,1,1,1,1,1,4),(-2.70983354335716,-2.66198739289563,
-2.6465242601547,-2.64147576427432,-2.61138648943166,-2.56004775450844,
-2.50866224018076,-2.48311572530716,-2.4579040329762,-2.45040217743933,
-2.40849419810519,-2.38502814986754,-2.3603494923949,-2.3128642902245,-2.28668269531716,
-2.26580730993523,-2.22050040556899,-2.18544853871192,-2.16575711824935,
-2.14688248250066,-2.13683611351178),.UNSPECIFIED.);
#38=B_SPLINE_CURVE_WITH_KNOTS('',3,(#2796,#2797,#2798,#2799),
 .UNSPECIFIED.,.F.,.F.,(4,4),(-2.71185716985278,-2.70983354335716),
 .UNSPECIFIED.);
#39=B_SPLINE_CURVE_WITH_KNOTS('',3,(#2801,#2802,#2803,#2804),
 .UNSPECIFIED.,.F.,.F.,(4,4),(-0.000289311606593445,3.95003901631527E-5),
 .UNSPECIFIED.);
#40=B_SPLINE_CURVE_WITH_KNOTS('',3,(#2805,#2806,#2807,#2808,#2809,#2810,
#2811),.UNSPECIFIED.,.F.,.F.,(4,2,1,4),(-0.444510967288837,-0.402790626705258,
-0.20153996915534,-0.000289311605420783),.UNSPECIFIED.);
#41=B_SPLINE_CURVE_WITH_KNOTS('',3,(#2853,#2854,#2855,#2856,#2857),
 .UNSPECIFIED.,.F.,.F.,(4,1,4),(0.266573189515274,0.433781149328871,0.634563107557543),
 .UNSPECIFIED.);
#42=B_SPLINE_CURVE_WITH_KNOTS('',3,(#2858,#2859,#2860,#2861,#2862,#2863,
#2864,#2865,#2866,#2867,#2868,#2869,#2870,#2871,#2872,#2873,#2874,#2875,
#2876),.UNSPECIFIED.,.F.,.F.,(4,1,1,1,1,1,1,1,1,1,1,2,1,2,4),(-2.13683611350889,
-2.12688919935126,-2.10660707647538,-2.08654355767591,-2.06686771759987,
-2.04770041676485,-2.02864784253266,-2.00982655841313,-1.99151914193034,
-1.97362280225604,-1.95614171981595,-1.93985960670309,-1.9392228660281,
-1.93653298110949,-1.93229282697554),.UNSPECIFIED.);
#43=B_SPLINE_CURVE_WITH_KNOTS('',3,(#2928,#2929,#2930,#2931,#2932),
 .UNSPECIFIED.,.F.,.F.,(4,1,4),(0.266573188596067,0.433781147520626,0.634563104913732),
 .UNSPECIFIED.);
#44=B_SPLINE_CURVE_WITH_KNOTS('',3,(#2934,#2935,#2936,#2937,#2938,#2939,
#2940,#2941,#2942,#2943,#2944,#2945,#2946,#2947,#2948,#2949,#2950,#2951,
#2952,#2953,#2954),.UNSPECIFIED.,.F.,.F.,(4,1,1,1,2,1,1,1,1,1,1,1,1,1,1,
1,1,4),(-1.3558343393931,-1.30568015751678,-1.25101626544676,-1.19301375596167,
-1.18777541318921,-1.13279715068755,-1.07144914561014,-1.01002498289399,
-0.951226150950378,-0.8997763756568,-0.855406167821077,-0.817762776929861,
-0.803091555419765,-0.795755944664717,-0.788420333909669,-0.783947216552314,
-0.781710657873636,-0.779474099194959),.UNSPECIFIED.);
#45=B_SPLINE_CURVE_WITH_KNOTS('',3,(#2955,#2956,#2957,#2958,#2959,#2960,
#2961,#2962,#2963,#2964,#2965,#2966,#2967,#2968,#2969,#2970,#2971,#2972,
#2973,#2974,#2975),.UNSPECIFIED.,.F.,.F.,(4,1,1,1,1,1,1,1,1,1,1,1,1,2,1,
1,1,4),(-1.93229282697563,-1.92986250730009,-1.92743218762456,-1.92257154827349,
-1.91285026957135,-1.89340771216706,-1.84369252063562,-1.79330815139921,
-1.74232950525155,-1.69124736176659,-1.6398803330385,-1.58863800989635,
-1.53817602872471,-1.52389650776751,-1.48907447157486,-1.44191234123683,
-1.39729019712338,-1.35583434038195),.UNSPECIFIED.);
#46=B_SPLINE_CURVE_WITH_KNOTS('',3,(#2978,#2979,#2980,#2981,#2982,#2983,
#2984,#2985,#2986,#2987,#2988,#2989,#2990,#2991,#2992,#2993,#2994,#2995,
#2996,#2997,#2998,#2999,#3000,#3001,#3002,#3003,#3004,#3005,#3006,#3007,
#3008,#3009,#3010,#3011,#3012,#3013,#3014,#3015,#3016,#3017,#3018,#3019,
#3020,#3021,#3022,#3023,#3024,#3025,#3026,#3027,#3028,#3029,#3030,#3031,
#3032,#3033,#3034,#3035,#3036,#3037,#3038,#3039,#3040),.UNSPECIFIED.,.T.,
 .F.,(4,2,2,2,1,2,2,1,2,2,2,2,2,1,2,2,2,2,2,2,2,1,2,2,2,2,2,2,2,1,2,2,2,
4),(0.,0.062489461068865,0.114595919040933,0.114999995007403,0.125030828589748,
0.135061662172093,0.16263295746117,0.194915848075653,0.227198738690136,
0.250006548025385,0.301863099832779,0.357524480206534,0.364965791346384,
0.374998833506326,0.385031875666269,0.406722354979583,0.470420371971388,
0.5000571936581,0.539509995166106,0.596581647244321,0.614989711652932,0.625025433914426,
0.635061156175919,0.647699794528636,0.70449917523077,0.750050955381609,
0.778395038250536,0.836096268374809,0.865020088523012,0.874832922771195,
0.884645757019379,0.885085987637824,0.937275607797513,1.),.UNSPECIFIED.);
#47=B_SPLINE_CURVE_WITH_KNOTS('',3,(#3070,#3071,#3072,#3073),
 .UNSPECIFIED.,.F.,.F.,(4,4),(-1.,0.),.UNSPECIFIED.);
#48=B_SPLINE_CURVE_WITH_KNOTS('',3,(#3075,#3076,#3077,#3078),
 .UNSPECIFIED.,.F.,.F.,(4,4),(0.,1.),.UNSPECIFIED.);
#49=B_SPLINE_CURVE_WITH_KNOTS('',3,(#3080,#3081,#3082,#3083,#3084,#3085,
#3086),.UNSPECIFIED.,.F.,.F.,(4,1,2,4),(0.000289311605420783,0.20153996915534,
0.402790626705258,0.402799039544991),.UNSPECIFIED.);
#50=B_SPLINE_CURVE_WITH_KNOTS('',3,(#3087,#3088,#3089,#3090),
 .UNSPECIFIED.,.F.,.F.,(4,4),(0.402799039544991,0.444511009360787),
 .UNSPECIFIED.);
#51=B_SPLINE_CURVE_WITH_KNOTS('',3,(#3128,#3129,#3130,#3131,#3132,#3133),
 .UNSPECIFIED.,.F.,.F.,(4,1,1,4),(-1.,-0.571428571428571,-0.285714285714286,
0.),.UNSPECIFIED.);
#52=B_SPLINE_CURVE_WITH_KNOTS('',3,(#3134,#3135,#3136,#3137,#3138,#3139),
 .UNSPECIFIED.,.F.,.F.,(4,1,1,4),(0.444511009363012,0.51678963705,0.564975388841325,
0.61316114063265),.UNSPECIFIED.);
#53=B_SPLINE_CURVE_WITH_KNOTS('',3,(#3182,#3183,#3184,#3185),
 .UNSPECIFIED.,.F.,.F.,(4,4),(-1.,0.),.UNSPECIFIED.);
#54=B_SPLINE_CURVE_WITH_KNOTS('',3,(#3186,#3187,#3188,#3189,#3190,#3191,
#3192,#3193,#3194,#3195),.UNSPECIFIED.,.F.,.F.,(4,1,1,2,1,1,4),(-1.63598477912627,
-1.4314244497842,-1.32914427584989,-1.12458392798128,-0.92001481304185,
-0.817730255572135,-0.613161140632704),.UNSPECIFIED.);
#55=B_SPLINE_CURVE_WITH_KNOTS('',3,(#3196,#3197,#3198,#3199,#3200,#3201,
#3202,#3203,#3204,#3205),.UNSPECIFIED.,.F.,.F.,(4,1,1,2,1,1,4),(0.613161140632704,
0.817730255572135,0.92001481304185,1.12458392798128,1.32914427584989,1.4314244497842,
1.63598476059972),.UNSPECIFIED.);
#56=B_SPLINE_CURVE_WITH_KNOTS('',3,(#3244,#3245,#3246,#3247,#3248,#3249),
 .UNSPECIFIED.,.F.,.F.,(4,1,1,4),(-1.,-0.571428571428571,-0.285714285714286,
0.),.UNSPECIFIED.);
#57=B_SPLINE_CURVE_WITH_KNOTS('',3,(#3250,#3251,#3252,#3253,#3254,#3255),
 .UNSPECIFIED.,.F.,.F.,(4,1,1,4),(-1.80465553155948,-1.70827224445479,-1.68417642267861,
-1.63598477912627),.UNSPECIFIED.);
#58=B_SPLINE_CURVE_WITH_KNOTS('',3,(#3256,#3257,#3258,#3259,#3260,#3261),
 .UNSPECIFIED.,.F.,.F.,(4,1,1,4),(1.63598477912627,1.68417642267861,1.70827224445479,
1.80465553155948),.UNSPECIFIED.);
#59=B_SPLINE_CURVE_WITH_KNOTS('',3,(#3306,#3307,#3308,#3309,#3310,#3311),
 .UNSPECIFIED.,.F.,.F.,(4,1,1,4),(-1.,-0.571428571428571,-0.285714285714286,
0.),.UNSPECIFIED.);
#60=B_SPLINE_CURVE_WITH_KNOTS('',3,(#3312,#3313,#3314,#3315,#3316,#3317,
#3318),.UNSPECIFIED.,.F.,.F.,(4,1,2,4),(-2.24873424828274,-2.00664491419364,
-1.8452520248009,-1.80465553156075),.UNSPECIFIED.);
#61=B_SPLINE_CURVE_WITH_KNOTS('',3,(#3320,#3321,#3322,#3323,#3324,#3325),
 .UNSPECIFIED.,.F.,.F.,(4,2,4),(1.80465553156075,1.8452520248009,1.84525914115777),
 .UNSPECIFIED.);
#62=B_SPLINE_CURVE_WITH_KNOTS('',3,(#3326,#3327,#3328,#3329,#3330),
 .UNSPECIFIED.,.F.,.F.,(4,1,4),(1.84525914115777,2.00664491419364,2.24873424828274),
 .UNSPECIFIED.);
#63=B_SPLINE_CURVE_WITH_KNOTS('',3,(#3380,#3381,#3382,#3383,#3384,#3385,
#3386,#3387),.UNSPECIFIED.,.F.,.F.,(4,2,2,4),(-0.0125916311036571,-0.00206822383952807,
0.,0.000289311606593445),.UNSPECIFIED.);
#64=B_SPLINE_CURVE_WITH_KNOTS('',3,(#3388,#3389,#3390,#3391,#3392,#3393,
#3394,#3395,#3396,#3397,#3398,#3399,#3400,#3401),.UNSPECIFIED.,.F.,.F.,
(4,2,2,2,2,2,4),(-0.132100170061759,-0.131677818512905,-0.108162830255834,
-0.0831234835422786,-0.0497409976046722,-0.0360314616291404,0.),
 .UNSPECIFIED.);
#65=B_SPLINE_CURVE_WITH_KNOTS('',3,(#3499,#3500,#3501,#3502,#3503),
 .UNSPECIFIED.,.F.,.F.,(4,1,4),(0.,0.5,1.),.UNSPECIFIED.);
#66=B_SPLINE_CURVE_WITH_KNOTS('',3,(#3505,#3506,#3507,#3508,#3509,#3510,
#3511,#3512,#3513,#3514,#3515,#3516,#3517,#3518,#3519,#3520,#3521,#3522,
#3523),.UNSPECIFIED.,.F.,.F.,(4,1,1,1,1,1,1,1,1,1,1,2,1,2,4),(0.574924185197535,
0.586127044781336,0.607282103773807,0.628287012898613,0.64891149162671,
0.668925545084635,0.688154251115629,0.706488863068707,0.723808162965755,
0.74055906528447,0.756911617262258,0.771921218220514,0.772777126323648,
0.775243559280665,0.779474099195785),.UNSPECIFIED.);
#67=B_SPLINE_CURVE_WITH_KNOTS('',3,(#3524,#3525,#3526,#3527,#3528),
 .UNSPECIFIED.,.F.,.F.,(4,1,4),(-1.,-0.5,0.),.UNSPECIFIED.);
#68=B_SPLINE_CURVE_WITH_KNOTS('',3,(#3529,#3530,#3531,#3532,#3533,#3534,
#3535,#3536,#3537,#3538,#3539,#3540,#3541,#3542,#3543,#3544,#3545,#3546,
#3547),.UNSPECIFIED.,.F.,.F.,(4,2,1,2,1,1,1,1,1,1,1,1,1,1,4),(-0.779474099195785,
-0.775243559280665,-0.772777126323648,-0.771921218220514,-0.756911617262258,
-0.74055906528447,-0.723808162965755,-0.706488863068707,-0.688154251115629,
-0.668925545084635,-0.64891149162671,-0.628287012898613,-0.607282103773807,
-0.586127044781336,-0.574924185197535),.UNSPECIFIED.);
#69=B_SPLINE_CURVE_WITH_KNOTS('',3,(#3633,#3634,#3635,#3636),
 .UNSPECIFIED.,.F.,.F.,(4,4),(-1.,0.),.UNSPECIFIED.);
#70=B_SPLINE_CURVE_WITH_KNOTS('',3,(#3637,#3638,#3639,#3640,#3641,#3642,
#3643,#3644,#3645,#3646,#3647,#3648,#3649,#3650,#3651,#3652,#3653,#3654,
#3655,#3656,#3657),.UNSPECIFIED.,.F.,.F.,(4,1,1,1,1,1,1,1,1,1,1,1,1,2,1,
1,1,4),(0.779474099194959,0.781710657873636,0.783947216552314,0.788420333909669,
0.795755944664717,0.803091555419765,0.817762776929861,0.855406167821077,
0.8997763756568,0.951226150950378,1.01002498289399,1.07144914561014,1.13279715068755,
1.18777541318921,1.19301375596167,1.25101626544676,1.30568015751678,1.35583434038195),
 .UNSPECIFIED.);
#71=B_SPLINE_CURVE_WITH_KNOTS('',3,(#3743,#3744,#3745,#3746),
 .UNSPECIFIED.,.F.,.F.,(4,4),(-1.,0.),.UNSPECIFIED.);
#72=B_SPLINE_CURVE_WITH_KNOTS('',3,(#3747,#3748,#3749,#3750,#3751,#3752,
#3753,#3754,#3755,#3756,#3757,#3758,#3759,#3760,#3761,#3762,#3763,#3764,
#3765,#3766,#3767),.UNSPECIFIED.,.F.,.F.,(4,1,1,1,2,1,1,1,1,1,1,1,1,1,1,
1,1,4),(1.35583434038195,1.39729019712338,1.44191234123683,1.48907447157486,
1.52389650776751,1.53817602872471,1.58863800989635,1.6398803330385,1.69124736176659,
1.74232950525155,1.79330815139921,1.84369252063562,1.89340771216706,1.91285026957135,
1.92257154827349,1.92743218762456,1.92986250730009,1.93229282697563),
 .UNSPECIFIED.);
#73=B_SPLINE_CURVE_WITH_KNOTS('',3,(#3864,#3865,#3866,#3867,#3868),
 .UNSPECIFIED.,.F.,.F.,(4,1,4),(-1.,-0.5,0.),.UNSPECIFIED.);
#74=B_SPLINE_CURVE_WITH_KNOTS('',3,(#3869,#3870,#3871,#3872,#3873,#3874,
#3875,#3876,#3877,#3878,#3879,#3880,#3881,#3882,#3883,#3884,#3885,#3886,
#3887),.UNSPECIFIED.,.F.,.F.,(4,2,1,2,1,1,1,1,1,1,1,1,1,1,4),(1.93229282697554,
1.93653298110949,1.9392228660281,1.93985960670309,1.95614171981595,1.97362280225604,
1.99151914193034,2.00982655841313,2.02864784253266,2.04770041676485,2.06686771759987,
2.08654355767591,2.10660707647538,2.12688919935126,2.13683611350889),
 .UNSPECIFIED.);
#75=B_SPLINE_CURVE_WITH_KNOTS('',3,(#4001,#4002,#4003,#4004,#4005,#4006,
#4007,#4008,#4009,#4010,#4011,#4012,#4013,#4014,#4015,#4016,#4017,#4018,
#4019,#4020,#4021,#4022,#4023,#4024,#4025,#4026),.UNSPECIFIED.,.F.,.F.,
(4,1,1,1,1,1,2,1,1,1,1,1,1,2,1,1,1,2,1,1,4),(2.13683611351178,2.14688248250066,
2.16575711824935,2.18544853871192,2.22050040556899,2.26580730993523,2.28668269531716,
2.3128642902245,2.3603494923949,2.38502814986754,2.40849419810519,2.45040217743933,
2.4579040329762,2.48311572530716,2.50866224018076,2.56004775450844,2.61138648943166,
2.64147576427432,2.6465242601547,2.66198739289563,2.69957981602057),
 .UNSPECIFIED.);
#76=B_SPLINE_CURVE_WITH_KNOTS('',3,(#4027,#4028,#4029,#4030,#4031,#4032),
 .UNSPECIFIED.,.F.,.F.,(4,2,4),(0.,0.000103351952694441,0.000133951118603379),
 .UNSPECIFIED.);
#77=B_SPLINE_CURVE_WITH_KNOTS('',3,(#6355,#6356,#6357,#6358,#6359,#6360,
#6361,#6362,#6363,#6364),.UNSPECIFIED.,.F.,.F.,(4,3,3,4),(8.56502236344333E-15,
0.428571469489769,0.71428577458198,1.00000000956105),.UNSPECIFIED.);
#78=B_SPLINE_CURVE_WITH_KNOTS('',3,(#6365,#6366,#6367,#6368,#6369,#6370,
#6371,#6372,#6373,#6374,#6375,#6376,#6377,#6378,#6379,#6380,#6381,#6382,
#6383,#6384,#6385,#6386,#6387,#6388,#6389,#6390,#6391,#6392,#6393,#6394,
#6395,#6396,#6397,#6398,#6399,#6400,#6401,#6402,#6403,#6404,#6405,#6406,
#6407,#6408,#6409,#6410,#6411,#6412,#6413,#6414,#6415,#6416,#6417,#6418,
#6419,#6420,#6421,#6422,#6423,#6424,#6425,#6426,#6427,#6428,#6429,#6430,
#6431,#6432,#6433,#6434,#6435,#6436,#6437,#6438,#6439,#6440,#6441,#6442,
#6443,#6444,#6445,#6446,#6447,#6448,#6449,#6450,#6451,#6452,#6453,#6454,
#6455,#6456,#6457,#6458,#6459,#6460,#6461,#6462,#6463,#6464,#6465,#6466,
#6467,#6468,#6469,#6470,#6471,#6472,#6473,#6474,#6475,#6476,#6477,#6478,
#6479,#6480,#6481,#6482,#6483,#6484,#6485,#6486,#6487,#6488,#6489,#6490,
#6491,#6492,#6493,#6494,#6495,#6496,#6497,#6498,#6499,#6500,#6501,#6502,
#6503,#6504,#6505,#6506,#6507,#6508,#6509,#6510,#6511,#6512,#6513,#6514,
#6515,#6516,#6517,#6518,#6519,#6520,#6521,#6522,#6523,#6524,#6525,#6526,
#6527,#6528,#6529,#6530,#6531,#6532,#6533,#6534,#6535,#6536,#6537,#6538,
#6539,#6540,#6541,#6542,#6543,#6544,#6545,#6546,#6547,#6548,#6549,#6550,
#6551,#6552,#6553,#6554,#6555,#6556,#6557,#6558,#6559,#6560,#6561,#6562,
#6563,#6564,#6565,#6566,#6567,#6568,#6569,#6570,#6571,#6572,#6573,#6574,
#6575,#6576,#6577,#6578,#6579,#6580,#6581,#6582,#6583,#6584,#6585,#6586,
#6587,#6588,#6589,#6590,#6591,#6592,#6593,#6594,#6595,#6596),
 .UNSPECIFIED.,.F.,.F.,(4,1,1,1,1,1,1,1,1,1,1,1,1,1,1,1,1,1,1,1,1,1,1,1,
1,1,1,1,2,1,1,1,1,1,1,1,1,1,1,1,1,1,1,1,1,1,1,1,1,1,1,1,1,1,1,1,1,1,1,1,
1,1,1,1,1,1,1,1,2,1,1,1,1,1,1,1,1,1,1,1,1,1,1,1,1,1,1,1,1,1,1,1,1,1,1,1,
1,1,1,1,1,1,1,1,1,1,1,1,1,1,1,1,1,1,1,1,1,1,1,1,1,1,1,1,1,1,1,1,1,1,1,1,
1,1,1,1,1,1,1,1,1,2,1,1,1,1,1,1,1,1,1,1,1,1,1,1,1,1,1,1,1,1,1,1,1,1,1,1,
1,1,1,1,1,1,1,1,1,1,1,1,1,1,1,1,1,1,1,1,1,1,1,1,1,1,1,1,1,1,1,1,1,1,1,1,
1,1,1,1,1,1,1,1,1,1,1,1,1,1,1,1,1,1,1,1,1,1,4),(0.0123197525711841,0.0147313534915605,
0.0171429544119369,0.0195545553323133,0.0219661562526898,0.0243777571730662,
0.0267893580934426,0.0292009590138191,0.0316125599341955,0.0340241608545719,
0.0364357617749484,0.0388473626953248,0.0412589636157012,0.0436705645360776,
0.0460821654564541,0.0484937663768305,0.0509053672972069,0.0534248925992385,
0.0559444179012701,0.0584639432033017,0.0609834685053333,0.0635029938073649,
0.0660225191093965,0.0685420444114281,0.0710615697134597,0.0749221986009961,
0.0787828274885325,0.0826434563760689,0.0865040852636052,0.0903662222263917,
0.0942283591891782,0.0980904961519646,0.101952633114751,0.105156529593815,
0.108360426072879,0.111564322551943,0.114768219031007,0.117972115510071,
0.121176011989135,0.1243799084682,0.127583804947264,0.130787701426328,0.133991597905392,
0.137195494384456,0.14039939086352,0.143603287342584,0.146807183821648,
0.150011080300712,0.153214976779776,0.156383274024325,0.159551571268873,
0.162719868513422,0.16588816575797,0.169056463002519,0.172224760247067,
0.175393057491615,0.178561354736164,0.181729651980712,0.184897949225261,
0.188066246469809,0.191234543714358,0.194402840958906,0.197571138203455,
0.200739435448003,0.203907732692551,0.206561397410763,0.209215062128975,
0.211868726847186,0.214522391565398,0.216967165622253,0.219411939679108,
0.221856713735963,0.224301487792818,0.226746261849673,0.229191035906529,
0.231635809963384,0.234080584020239,0.236525358077094,0.238970132133949,
0.241414906190804,0.243859680247659,0.246304454304514,0.248749228361369,
0.251194002418225,0.25363877647508,0.257464714272425,0.261290652069769,
0.265116589867114,0.268942527664459,0.272768465461804,0.276594403259149,
0.280420341056494,0.284246278853839,0.286554828319342,0.288863377784845,
0.291171927250348,0.293480476715852,0.295789026181355,0.298097575646858,
0.300406125112361,0.302714674577864,0.305782380185889,0.308850085793914,
0.311917791401939,0.314985497009964,0.318053202617989,0.321120908226014,
0.324188613834039,0.327256319442064,0.330324025050089,0.333391730658114,
0.336459436266139,0.339527141874164,0.342594847482189,0.345662553090214,
0.348730258698239,0.351797964306264,0.355307848567299,0.358128592401716,
0.360949336236133,0.36377008007055,0.366590823904967,0.369411567739384,
0.372232311573802,0.375053055408219,0.377873799242636,0.380694543077053,
0.38351528691147,0.386336030745887,0.389156774580305,0.391977518414722,
0.394798262249139,0.397619006083556,0.400439749917973,0.40351727190619,
0.406594793894406,0.409672315882622,0.412749837870839,0.415827359859055,
0.418904881847271,0.421982403835487,0.425059925823704,0.427956347530113,
0.430852769236522,0.433749190942931,0.43664561264934,0.439542034355749,
0.442438456062158,0.445334877768567,0.448231299474976,0.451067363723526,
0.453903427972076,0.456739492220626,0.459575556469177,0.462411620717727,
0.465247684966277,0.468083749214827,0.470919813463377,0.473755877711927,
0.476591941960477,0.479428006209028,0.482264070457578,0.485100134706128,
0.487936198954678,0.490772263203228,0.493608327451778,0.495714484092488,
0.497820640733197,0.499926797373906,0.502032954014615,0.504139110655324,
0.506245267296033,0.508351423936742,0.510457580577451,0.512563737218161,
0.51466989385887,0.516776050499579,0.518882207140288,0.520988363780997,
0.523094520421706,0.525200677062415,0.527306833703124,0.529645334413784,
0.531983835124443,0.534322335835103,0.536660836545762,0.538999337256421,
0.541337837967081,0.54367633867774,0.5460148393884,0.548437160277473,0.550859481166547,
0.55328180205562,0.555704122944694,0.558126443833767,0.560548764722841,
0.562971085611914,0.565393406500988,0.565989080169315,0.566584753837642,
0.567776101174297,0.568967448510951,0.570158795847605,0.571945816852587,
0.572541490520914,0.572690408937996,0.572839327355078,0.573137164189241,
0.573732837857568,0.573807297066109,0.57388175627465,0.574030674691732,
0.574179593108814,0.574328511525896,0.574477429942977,0.574626348360059,
0.574775266777141,0.574849725985682,0.574868340787817,0.574886955589952,
0.574905570392088,0.574914877793155,0.574919531493689,0.574921858343956,
0.574923021769089,0.574923603481656,0.574924185194223),.UNSPECIFIED.);
#79=B_SPLINE_CURVE_WITH_KNOTS('',3,(#6597,#6598,#6599,#6600,#6601,#6602,
#6603,#6604,#6605,#6606,#6607,#6608,#6609,#6610,#6611,#6612,#6613,#6614,
#6615,#6616,#6617,#6618,#6619,#6620,#6621,#6622,#6623,#6624,#6625,#6626,
#6627,#6628,#6629,#6630,#6631,#6632,#6633,#6634,#6635,#6636,#6637,#6638,
#6639,#6640,#6641,#6642,#6643,#6644,#6645,#6646,#6647,#6648,#6649,#6650,
#6651,#6652,#6653,#6654,#6655,#6656,#6657,#6658,#6659,#6660,#6661,#6662,
#6663,#6664,#6665,#6666,#6667,#6668,#6669,#6670,#6671,#6672,#6673,#6674,
#6675,#6676,#6677,#6678,#6679,#6680,#6681,#6682,#6683,#6684,#6685,#6686,
#6687,#6688,#6689,#6690,#6691,#6692,#6693,#6694,#6695,#6696,#6697,#6698,
#6699,#6700,#6701,#6702,#6703,#6704,#6705,#6706,#6707,#6708,#6709,#6710,
#6711,#6712,#6713,#6714,#6715,#6716,#6717,#6718,#6719,#6720,#6721,#6722,
#6723,#6724,#6725,#6726,#6727,#6728,#6729,#6730,#6731,#6732,#6733,#6734,
#6735,#6736,#6737,#6738,#6739,#6740,#6741,#6742,#6743,#6744,#6745,#6746,
#6747,#6748,#6749,#6750,#6751,#6752,#6753,#6754,#6755,#6756,#6757,#6758,
#6759,#6760,#6761,#6762,#6763,#6764,#6765,#6766,#6767,#6768,#6769,#6770,
#6771,#6772,#6773,#6774,#6775,#6776,#6777,#6778,#6779,#6780,#6781,#6782,
#6783,#6784,#6785,#6786,#6787,#6788,#6789,#6790,#6791,#6792,#6793,#6794,
#6795,#6796,#6797,#6798,#6799,#6800,#6801,#6802,#6803,#6804,#6805,#6806,
#6807,#6808,#6809,#6810,#6811,#6812,#6813,#6814,#6815,#6816,#6817,#6818,
#6819,#6820,#6821,#6822,#6823,#6824,#6825,#6826,#6827,#6828),
 .UNSPECIFIED.,.F.,.F.,(4,1,1,1,1,1,1,1,1,1,1,1,1,1,1,1,1,1,1,1,1,1,1,1,
1,1,1,1,1,1,1,1,1,1,1,1,1,1,1,1,1,1,1,1,1,1,1,1,1,1,1,1,1,1,1,1,1,1,1,1,
1,1,1,1,1,1,1,1,1,1,1,1,1,1,1,1,1,1,1,1,1,1,1,1,1,2,1,1,1,1,1,1,1,1,1,1,
1,1,1,1,1,1,1,1,1,1,1,1,1,1,1,1,1,1,1,1,1,1,1,1,1,1,1,1,1,1,1,1,1,1,1,1,
1,1,1,1,1,1,1,1,1,1,1,1,1,1,1,1,1,1,1,1,1,1,1,1,1,1,2,1,1,1,1,1,1,1,1,1,
1,1,1,1,1,1,1,1,1,1,1,1,1,1,1,1,1,1,1,1,1,1,1,1,1,1,1,1,1,1,2,1,1,1,1,1,
1,1,1,1,1,1,1,1,1,1,1,1,1,1,1,1,1,1,1,1,1,1,4),(-0.574924185194223,-0.574923603481656,
-0.574923021769089,-0.574921858343956,-0.574919531493689,-0.574914877793155,
-0.574905570392088,-0.574886955589952,-0.574868340787817,-0.574849725985682,
-0.574775266777141,-0.574626348360059,-0.574477429942977,-0.574328511525896,
-0.574179593108814,-0.574030674691732,-0.57388175627465,-0.573807297066109,
-0.573732837857568,-0.573137164189241,-0.572839327355078,-0.572690408937996,
-0.572541490520914,-0.571945816852587,-0.570158795847605,-0.568967448510951,
-0.567776101174297,-0.566584753837642,-0.565989080169315,-0.565393406500988,
-0.562971085611914,-0.560548764722841,-0.558126443833767,-0.555704122944694,
-0.55328180205562,-0.550859481166547,-0.548437160277473,-0.5460148393884,
-0.54367633867774,-0.541337837967081,-0.538999337256421,-0.536660836545762,
-0.534322335835103,-0.531983835124443,-0.529645334413784,-0.527306833703124,
-0.525200677062415,-0.523094520421706,-0.520988363780997,-0.518882207140288,
-0.516776050499579,-0.51466989385887,-0.512563737218161,-0.510457580577451,
-0.508351423936742,-0.506245267296033,-0.504139110655324,-0.502032954014615,
-0.499926797373906,-0.497820640733197,-0.495714484092488,-0.493608327451778,
-0.490772263203228,-0.487936198954678,-0.485100134706128,-0.482264070457578,
-0.479428006209028,-0.476591941960477,-0.473755877711927,-0.470919813463377,
-0.468083749214827,-0.465247684966277,-0.462411620717727,-0.459575556469177,
-0.456739492220626,-0.453903427972076,-0.451067363723526,-0.448231299474976,
-0.445334877768567,-0.442438456062158,-0.439542034355749,-0.43664561264934,
-0.433749190942931,-0.430852769236522,-0.427956347530113,-0.425059925823704,
-0.421982403835487,-0.418904881847271,-0.415827359859055,-0.412749837870839,
-0.409672315882622,-0.406594793894406,-0.40351727190619,-0.400439749917973,
-0.397619006083556,-0.394798262249139,-0.391977518414722,-0.389156774580305,
-0.386336030745887,-0.38351528691147,-0.380694543077053,-0.377873799242636,
-0.375053055408219,-0.372232311573802,-0.369411567739384,-0.366590823904967,
-0.36377008007055,-0.360949336236133,-0.358128592401716,-0.355307848567299,
-0.351797964306264,-0.348730258698239,-0.345662553090214,-0.342594847482189,
-0.339527141874164,-0.336459436266139,-0.333391730658114,-0.330324025050089,
-0.327256319442064,-0.324188613834039,-0.321120908226014,-0.318053202617989,
-0.314985497009964,-0.311917791401939,-0.308850085793914,-0.305782380185889,
-0.302714674577864,-0.300406125112361,-0.298097575646858,-0.295789026181355,
-0.293480476715852,-0.291171927250348,-0.288863377784845,-0.286554828319342,
-0.284246278853839,-0.280420341056494,-0.276594403259149,-0.272768465461804,
-0.268942527664459,-0.265116589867114,-0.261290652069769,-0.257464714272425,
-0.25363877647508,-0.251194002418225,-0.248749228361369,-0.246304454304514,
-0.243859680247659,-0.241414906190804,-0.238970132133949,-0.236525358077094,
-0.234080584020239,-0.231635809963384,-0.229191035906529,-0.226746261849673,
-0.224301487792818,-0.221856713735963,-0.219411939679108,-0.216967165622253,
-0.214522391565398,-0.211868726847186,-0.209215062128975,-0.206561397410763,
-0.203907732692551,-0.200739435448003,-0.197571138203455,-0.194402840958906,
-0.191234543714358,-0.188066246469809,-0.184897949225261,-0.181729651980712,
-0.178561354736164,-0.175393057491615,-0.172224760247067,-0.169056463002519,
-0.16588816575797,-0.162719868513422,-0.159551571268873,-0.156383274024325,
-0.153214976779776,-0.150011080300712,-0.146807183821648,-0.143603287342584,
-0.14039939086352,-0.137195494384456,-0.133991597905392,-0.130787701426328,
-0.127583804947264,-0.1243799084682,-0.121176011989135,-0.117972115510071,
-0.114768219031007,-0.111564322551943,-0.108360426072879,-0.105156529593815,
-0.101952633114751,-0.0980904961519646,-0.0942283591891782,-0.0903662222263917,
-0.0865040852636052,-0.0826434563760689,-0.0787828274885325,-0.0749221986009961,
-0.0710615697134597,-0.0685420444114281,-0.0660225191093965,-0.0635029938073649,
-0.0609834685053333,-0.0584639432033017,-0.0559444179012701,-0.0534248925992385,
-0.0509053672972069,-0.0484937663768305,-0.0460821654564541,-0.0436705645360776,
-0.0412589636157012,-0.0388473626953248,-0.0364357617749484,-0.0340241608545719,
-0.0316125599341955,-0.0292009590138191,-0.0267893580934426,-0.0243777571730662,
-0.0219661562526898,-0.0195545553323133,-0.0171429544119369,-0.0147313534915605,
-0.0124608480624212),.UNSPECIFIED.);
#80=B_SPLINE_CURVE_WITH_KNOTS('',3,(#6878,#6879,#6880,#6881),
 .UNSPECIFIED.,.F.,.F.,(4,4),(-2.26146513777058,-2.25108520885921),
 .UNSPECIFIED.);
#81=B_SPLINE_CURVE_WITH_KNOTS('',3,(#6882,#6883,#6884,#6885,#6886,#6887,
#6888,#6889),.UNSPECIFIED.,.F.,.F.,(4,2,2,4),(-2.25108520885921,-2.25108389913248,
-2.24902254973488,-2.2487342482817),.UNSPECIFIED.);
#82=B_SPLINE_CURVE_WITH_KNOTS('',3,(#6890,#6891,#6892,#6893,#6894,#6895,
#6896,#6897),.UNSPECIFIED.,.F.,.F.,(4,2,2,4),(2.2487342482817,2.24902254973488,
2.25108389913248,2.26160344450927),.UNSPECIFIED.);
#83=B_SPLINE_CURVE_WITH_KNOTS('',3,(#6919,#6920,#6921,#6922,#6923,#6924),
 .UNSPECIFIED.,.F.,.F.,(4,2,4),(-0.616135739094288,0.,0.00452902345080466),
 .UNSPECIFIED.);
#84=B_SPLINE_CURVE_WITH_KNOTS('',3,(#6965,#6966,#6967,#6968,#6969,#6970),
 .UNSPECIFIED.,.F.,.F.,(4,1,1,4),(0.,0.373643033452557,0.622738389087594,
0.871833744722632),.UNSPECIFIED.);
#85=B_SPLINE_CURVE_WITH_KNOTS('',3,(#7009,#7010,#7011,#7012,#7013,#7014),
 .UNSPECIFIED.,.F.,.F.,(4,2,4),(-0.251068040167697,-0.249806898118641,-0.0782857240626804),
 .UNSPECIFIED.);
#86=B_SPLINE_CURVE_WITH_KNOTS('',3,(#7099,#7100,#7101,#7102,#7103,#7104,
#7105),.UNSPECIFIED.,.F.,.F.,(4,1,1,1,4),(0.112448105120405,0.198290151638297,
0.413056224926355,0.66365323491132,0.949538351678778),.UNSPECIFIED.);
#87=B_SPLINE_CURVE_WITH_KNOTS('',3,(#7156,#7157,#7158,#7159,#7160,#7161,
#7162),.UNSPECIFIED.,.F.,.F.,(4,1,1,1,4),(0.111023926175402,0.183900269906171,
0.387068097115663,0.628820558499567,0.913370184169038),.UNSPECIFIED.);
#88=B_SPLINE_CURVE_WITH_KNOTS('',3,(#7350,#7351,#7352,#7353,#7354,#7355),
 .UNSPECIFIED.,.F.,.F.,(4,1,1,4),(0.162222597153957,0.266414711985639,0.443007362456378,
0.651433031268445),.UNSPECIFIED.);
#89=B_SPLINE_CURVE_WITH_KNOTS('',3,(#7427,#7428,#7429,#7430,#7431,#7432,
#7433,#7434,#7435,#7436,#7437,#7438,#7439,#7440,#7441,#7442,#7443,#7444,
#7445,#7446,#7447,#7448,#7449,#7450,#7451,#7452,#7453,#7454,#7455,#7456,
#7457,#7458,#7459,#7460,#7461,#7462,#7463,#7464,#7465,#7466,#7467,#7468,
#7469,#7470,#7471,#7472,#7473,#7474,#7475,#7476,#7477,#7478,#7479,#7480,
#7481,#7482,#7483,#7484,#7485,#7486,#7487,#7488,#7489),.UNSPECIFIED.,.T.,
 .F.,(4,2,2,2,1,2,2,1,2,2,2,2,2,1,2,2,2,2,2,2,2,1,2,2,2,2,2,2,2,1,2,2,2,
4),(0.,0.062489461068865,0.114595919040933,0.114999995007403,0.125030828589748,
0.135061662172093,0.16263295746117,0.194915848075653,0.227198738690136,
0.250006548025385,0.301863099832779,0.357524480206534,0.364965791346384,
0.374998833506326,0.385031875666269,0.406722354979583,0.470420371971388,
0.5000571936581,0.539509995166106,0.596581647244321,0.614989711652932,0.625025433914426,
0.635061156175919,0.647699794528636,0.70449917523077,0.750050955381609,
0.778395038250536,0.836096268374809,0.865020088523012,0.874832922771195,
0.884645757019379,0.885085987637824,0.937275607797513,1.),.UNSPECIFIED.);
#90=B_SPLINE_CURVE_WITH_KNOTS('',3,(#8309,#8310,#8311,#8312,#8313,#8314,
#8315,#8316,#8317,#8318,#8319,#8320,#8321,#8322,#8323,#8324,#8325,#8326,
#8327,#8328,#8329,#8330,#8331,#8332,#8333,#8334,#8335,#8336,#8337,#8338,
#8339),.UNSPECIFIED.,.F.,.F.,(4,3,3,3,3,3,3,3,3,3,4),(-1.,-0.857142857142857,
-0.714285714285714,-0.571428571428571,-0.5,-0.428571428571429,-0.357142857142857,
-0.214285714285714,-0.142857142857143,-0.0714285714285714,0.),
 .UNSPECIFIED.);
#91=B_SPLINE_SURFACE_WITH_KNOTS('',3,3,((#1829,#1830,#1831,#1832,#1833,
#1834,#1835,#1836,#1837,#1838),(#1839,#1840,#1841,#1842,#1843,#1844,#1845,
#1846,#1847,#1848),(#1849,#1850,#1851,#1852,#1853,#1854,#1855,#1856,#1857,
#1858),(#1859,#1860,#1861,#1862,#1863,#1864,#1865,#1866,#1867,#1868),(#1869,
#1870,#1871,#1872,#1873,#1874,#1875,#1876,#1877,#1878),(#1879,#1880,#1881,
#1882,#1883,#1884,#1885,#1886,#1887,#1888),(#1889,#1890,#1891,#1892,#1893,
#1894,#1895,#1896,#1897,#1898),(#1899,#1900,#1901,#1902,#1903,#1904,#1905,
#1906,#1907,#1908),(#1909,#1910,#1911,#1912,#1913,#1914,#1915,#1916,#1917,
#1918)),.UNSPECIFIED.,.F.,.F.,.F.,(4,1,1,1,1,1,4),(4,1,1,2,1,1,4),(0.,0.0714285714285714,
0.142857142857143,0.214285714285714,0.285714285714286,0.5,1.),(0.,0.138584470441423,
0.277168940882847,0.692922352207117,1.10867564950414,1.24726008193648,1.38584451436882),
 .UNSPECIFIED.);
#92=B_SPLINE_SURFACE_WITH_KNOTS('',3,3,((#1945,#1946,#1947,#1948,#1949,
#1950,#1951),(#1952,#1953,#1954,#1955,#1956,#1957,#1958),(#1959,#1960,#1961,
#1962,#1963,#1964,#1965),(#1966,#1967,#1968,#1969,#1970,#1971,#1972),(#1973,
#1974,#1975,#1976,#1977,#1978,#1979),(#1980,#1981,#1982,#1983,#1984,#1985,
#1986),(#1987,#1988,#1989,#1990,#1991,#1992,#1993)),.UNSPECIFIED.,.F.,.F.,
 .F.,(4,1,1,1,4),(4,1,1,1,4),(0.,0.285714285714286,0.5,0.785714285714286,
1.),(0.,0.0797038281871659,0.119555742280749,0.199259570467915,0.278963398655081),
 .UNSPECIFIED.);
#93=B_SPLINE_SURFACE_WITH_KNOTS('',3,3,((#2011,#2012,#2013,#2014,#2015,
#2016,#2017,#2018,#2019,#2020,#2021,#2022,#2023,#2024),(#2025,#2026,#2027,
#2028,#2029,#2030,#2031,#2032,#2033,#2034,#2035,#2036,#2037,#2038),(#2039,
#2040,#2041,#2042,#2043,#2044,#2045,#2046,#2047,#2048,#2049,#2050,#2051,
#2052),(#2053,#2054,#2055,#2056,#2057,#2058,#2059,#2060,#2061,#2062,#2063,
#2064,#2065,#2066),(#2067,#2068,#2069,#2070,#2071,#2072,#2073,#2074,#2075,
#2076,#2077,#2078,#2079,#2080)),.UNSPECIFIED.,.F.,.F.,.F.,(4,1,4),(4,1,
1,1,1,1,2,1,1,1,4),(0.,0.5,1.),(-1.39073488168077,-1.37043269939204,-1.35013051710331,
-1.30952615252585,-1.22831742337093,-1.06589996506109,-0.578647590131553,
-0.231459036052621,-0.115729518026311,-0.0578647590131553,0.),
 .UNSPECIFIED.);
#94=B_SPLINE_SURFACE_WITH_KNOTS('',3,3,((#2115,#2116,#2117,#2118,#2119,
#2120),(#2121,#2122,#2123,#2124,#2125,#2126),(#2127,#2128,#2129,#2130,#2131,
#2132),(#2133,#2134,#2135,#2136,#2137,#2138),(#2139,#2140,#2141,#2142,#2143,
#2144)),.UNSPECIFIED.,.F.,.F.,.F.,(4,1,4),(4,1,1,4),(0.,0.5,1.),(0.,0.120868423282373,
0.201447372137288,0.282026320992203),.UNSPECIFIED.);
#95=B_SPLINE_SURFACE_WITH_KNOTS('',3,3,((#2160,#2161,#2162,#2163,#2164,
#2165,#2166,#2167,#2168,#2169,#2170),(#2171,#2172,#2173,#2174,#2175,#2176,
#2177,#2178,#2179,#2180,#2181),(#2182,#2183,#2184,#2185,#2186,#2187,#2188,
#2189,#2190,#2191,#2192),(#2193,#2194,#2195,#2196,#2197,#2198,#2199,#2200,
#2201,#2202,#2203),(#2204,#2205,#2206,#2207,#2208,#2209,#2210,#2211,#2212,
#2213,#2214),(#2215,#2216,#2217,#2218,#2219,#2220,#2221,#2222,#2223,#2224,
#2225),(#2226,#2227,#2228,#2229,#2230,#2231,#2232,#2233,#2234,#2235,#2236),
(#2237,#2238,#2239,#2240,#2241,#2242,#2243,#2244,#2245,#2246,#2247),(#2248,
#2249,#2250,#2251,#2252,#2253,#2254,#2255,#2256,#2257,#2258)),
 .UNSPECIFIED.,.F.,.F.,.F.,(4,1,1,1,1,1,4),(4,1,1,2,1,1,1,4),(0.,0.0714285714285714,
0.142857142857143,0.214285714285714,0.285714285714286,0.5,1.),(3.12844026573473E-15,
0.139587299838137,0.279174599676271,0.697936499190672,0.97711098706694,
1.11669823100507,1.25628547494321,1.39587271888134),.UNSPECIFIED.);
#96=B_SPLINE_SURFACE_WITH_KNOTS('',3,3,((#2284,#2285,#2286,#2287,#2288,
#2289),(#2290,#2291,#2292,#2293,#2294,#2295),(#2296,#2297,#2298,#2299,#2300,
#2301),(#2302,#2303,#2304,#2305,#2306,#2307),(#2308,#2309,#2310,#2311,#2312,
#2313)),.UNSPECIFIED.,.F.,.F.,.F.,(4,1,4),(4,1,1,4),(0.,0.5,1.),(0.,0.120868310723708,
0.201447184539513,0.282026058355319),.UNSPECIFIED.);
#97=B_SPLINE_SURFACE_WITH_KNOTS('',3,3,((#2329,#2330,#2331,#2332,#2333,
#2334,#2335,#2336,#2337,#2338,#2339,#2340,#2341,#2342,#2343),(#2344,#2345,
#2346,#2347,#2348,#2349,#2350,#2351,#2352,#2353,#2354,#2355,#2356,#2357,
#2358),(#2359,#2360,#2361,#2362,#2363,#2364,#2365,#2366,#2367,#2368,#2369,
#2370,#2371,#2372,#2373),(#2374,#2375,#2376,#2377,#2378,#2379,#2380,#2381,
#2382,#2383,#2384,#2385,#2386,#2387,#2388),(#2389,#2390,#2391,#2392,#2393,
#2394,#2395,#2396,#2397,#2398,#2399,#2400,#2401,#2402,#2403)),
 .UNSPECIFIED.,.F.,.F.,.F.,(4,1,4),(4,1,1,1,2,1,1,1,1,1,1,4),(0.,0.5,1.),
(-1.39073608761603,-1.33287143668005,-1.27500678574407,-1.15927748387211,
-0.812089578256226,-0.487253746953735,-0.32483583130249,-0.162417915651245,
-0.0812089578256225,-0.0406044789128113,-0.0203022394564056,0.),
 .UNSPECIFIED.);
#98=B_SPLINE_SURFACE_WITH_KNOTS('',3,3,((#2440,#2441,#2442,#2443,#2444),
(#2445,#2446,#2447,#2448,#2449),(#2450,#2451,#2452,#2453,#2454),(#2455,
#2456,#2457,#2458,#2459),(#2460,#2461,#2462,#2463,#2464),(#2465,#2466,#2467,
#2468,#2469),(#2470,#2471,#2472,#2473,#2474)),.UNSPECIFIED.,.F.,.F.,.F.,
(4,1,1,1,4),(4,1,4),(0.,0.285714285714286,0.5,0.785714285714286,1.),(0.,
0.119555973953583,0.278963939225026),.UNSPECIFIED.);
#99=B_SPLINE_SURFACE_WITH_KNOTS('',3,3,((#2485,#2486,#2487,#2488,#2489,
#2490,#2491,#2492,#2493,#2494),(#2495,#2496,#2497,#2498,#2499,#2500,#2501,
#2502,#2503,#2504),(#2505,#2506,#2507,#2508,#2509,#2510,#2511,#2512,#2513,
#2514),(#2515,#2516,#2517,#2518,#2519,#2520,#2521,#2522,#2523,#2524),(#2525,
#2526,#2527,#2528,#2529,#2530,#2531,#2532,#2533,#2534)),.UNSPECIFIED.,.F.,
 .F.,.F.,(4,1,4),(4,1,1,1,1,1,1,4),(0.,0.571428571428571,1.),(0.101683428712133,
0.196355641841047,0.203287566990032,0.413283812398724,0.423466290712714,
0.671409913859225,0.680378981752131,0.975231786510749),.UNSPECIFIED.);
#100=B_SPLINE_SURFACE_WITH_KNOTS('',3,3,((#2557,#2558,#2559,#2560,#2561,
#2562,#2563,#2564,#2565,#2566,#2567,#2568,#2569,#2570,#2571,#2572,#2573),
(#2574,#2575,#2576,#2577,#2578,#2579,#2580,#2581,#2582,#2583,#2584,#2585,
#2586,#2587,#2588,#2589,#2590),(#2591,#2592,#2593,#2594,#2595,#2596,#2597,
#2598,#2599,#2600,#2601,#2602,#2603,#2604,#2605,#2606,#2607),(#2608,#2609,
#2610,#2611,#2612,#2613,#2614,#2615,#2616,#2617,#2618,#2619,#2620,#2621,
#2622,#2623,#2624),(#2625,#2626,#2627,#2628,#2629,#2630,#2631,#2632,#2633,
#2634,#2635,#2636,#2637,#2638,#2639,#2640,#2641),(#2642,#2643,#2644,#2645,
#2646,#2647,#2648,#2649,#2650,#2651,#2652,#2653,#2654,#2655,#2656,#2657,
#2658),(#2659,#2660,#2661,#2662,#2663,#2664,#2665,#2666,#2667,#2668,#2669,
#2670,#2671,#2672,#2673,#2674,#2675),(#2676,#2677,#2678,#2679,#2680,#2681,
#2682,#2683,#2684,#2685,#2686,#2687,#2688,#2689,#2690,#2691,#2692),(#2693,
#2694,#2695,#2696,#2697,#2698,#2699,#2700,#2701,#2702,#2703,#2704,#2705,
#2706,#2707,#2708,#2709),(#2710,#2711,#2712,#2713,#2714,#2715,#2716,#2717,
#2718,#2719,#2720,#2721,#2722,#2723,#2724,#2725,#2726),(#2727,#2728,#2729,
#2730,#2731,#2732,#2733,#2734,#2735,#2736,#2737,#2738,#2739,#2740,#2741,
#2742,#2743),(#2744,#2745,#2746,#2747,#2748,#2749,#2750,#2751,#2752,#2753,
#2754,#2755,#2756,#2757,#2758,#2759,#2760)),.UNSPECIFIED.,.F.,.F.,.F.,(4,
1,1,1,1,2,1,1,4),(4,1,1,1,1,1,1,1,1,1,1,1,1,1,4),(0.,0.0833555423214172,
0.111140723095223,0.222281446190446,0.333422169285669,0.555703615476115,
0.733422169285669,0.822281446190446,1.),(0.118423741439046,0.182511710132003,
0.196355641841047,0.214285714285714,0.321428571428571,0.392734587856702,
0.413283812398724,0.428571428571429,0.571428571428572,0.653058206199784,
0.671409913859225,0.714285714285714,0.857142857142857,0.928571428571429,
0.984677614246707),.UNSPECIFIED.);
#101=B_SPLINE_SURFACE_WITH_KNOTS('',3,3,((#2812,#2813,#2814,#2815,#2816,
#2817,#2818,#2819),(#2820,#2821,#2822,#2823,#2824,#2825,#2826,#2827),(#2828,
#2829,#2830,#2831,#2832,#2833,#2834,#2835),(#2836,#2837,#2838,#2839,#2840,
#2841,#2842,#2843),(#2844,#2845,#2846,#2847,#2848,#2849,#2850,#2851)),
 .UNSPECIFIED.,.F.,.F.,.F.,(4,1,4),(4,1,1,1,1,4),(0.,0.571428571428571,
1.),(0.239140039481746,0.392734587856702,0.39765019628403,0.653058206199784,
0.657400576578619,0.961688061893113),.UNSPECIFIED.);
#102=B_SPLINE_SURFACE_WITH_KNOTS('',3,3,((#2877,#2878,#2879,#2880,#2881),
(#2882,#2883,#2884,#2885,#2886),(#2887,#2888,#2889,#2890,#2891),(#2892,
#2893,#2894,#2895,#2896),(#2897,#2898,#2899,#2900,#2901),(#2902,#2903,#2904,
#2905,#2906),(#2907,#2908,#2909,#2910,#2911),(#2912,#2913,#2914,#2915,#2916),
(#2917,#2918,#2919,#2920,#2921),(#2922,#2923,#2924,#2925,#2926)),
 .UNSPECIFIED.,.F.,.F.,.F.,(4,1,1,2,1,1,4),(4,1,4),(0.,0.20000000022377,
0.300000000335655,0.500000000559425,0.700000000335655,0.80000000022377,
1.),(0.403994891796494,0.657400576600768,0.976308078716139),
 .UNSPECIFIED.);
#103=B_SPLINE_SURFACE_WITH_KNOTS('',3,3,((#3041,#3042,#3043,#3044,#3045,
#3046,#3047),(#3048,#3049,#3050,#3051,#3052,#3053,#3054),(#3055,#3056,#3057,
#3058,#3059,#3060,#3061),(#3062,#3063,#3064,#3065,#3066,#3067,#3068)),
 .UNSPECIFIED.,.F.,.F.,.F.,(4,4),(4,1,2,4),(0.,1.),(0.000289311605420783,
0.20153996915534,0.402790626705258,0.444511362583225),.UNSPECIFIED.);
#104=B_SPLINE_SURFACE_WITH_KNOTS('',3,3,((#3091,#3092,#3093,#3094,#3095,
#3096),(#3097,#3098,#3099,#3100,#3101,#3102),(#3103,#3104,#3105,#3106,#3107,
#3108),(#3109,#3110,#3111,#3112,#3113,#3114),(#3115,#3116,#3117,#3118,#3119,
#3120),(#3121,#3122,#3123,#3124,#3125,#3126)),.UNSPECIFIED.,.F.,.F.,.F.,
(4,1,1,4),(4,1,1,4),(0.,0.285714285714286,0.571428571428571,1.),(0.444511009363012,
0.51678963705,0.564975388841325,0.61316114063265),.UNSPECIFIED.);
#105=B_SPLINE_SURFACE_WITH_KNOTS('',3,3,((#3140,#3141,#3142,#3143,#3144,
#3145,#3146,#3147,#3148,#3149),(#3150,#3151,#3152,#3153,#3154,#3155,#3156,
#3157,#3158,#3159),(#3160,#3161,#3162,#3163,#3164,#3165,#3166,#3167,#3168,
#3169),(#3170,#3171,#3172,#3173,#3174,#3175,#3176,#3177,#3178,#3179)),
 .UNSPECIFIED.,.F.,.F.,.F.,(4,4),(4,1,1,2,1,1,4),(0.,1.),(0.613161140632704,
0.817730255572135,0.92001481304185,1.12458392798128,1.32914427584989,1.4314244497842,
1.63598479765281),.UNSPECIFIED.);
#106=B_SPLINE_SURFACE_WITH_KNOTS('',3,3,((#3206,#3207,#3208,#3209,#3210,
#3211),(#3212,#3213,#3214,#3215,#3216,#3217),(#3218,#3219,#3220,#3221,#3222,
#3223),(#3224,#3225,#3226,#3227,#3228,#3229),(#3230,#3231,#3232,#3233,#3234,
#3235),(#3236,#3237,#3238,#3239,#3240,#3241)),.UNSPECIFIED.,.F.,.F.,.F.,
(4,1,1,4),(4,1,1,4),(0.,0.285714285714286,0.571428571428571,1.),(1.63598477912627,
1.68417642267861,1.70827224445479,1.80465553155948),.UNSPECIFIED.);
#107=B_SPLINE_SURFACE_WITH_KNOTS('',3,3,((#3262,#3263,#3264,#3265,#3266,
#3267,#3268),(#3269,#3270,#3271,#3272,#3273,#3274,#3275),(#3276,#3277,#3278,
#3279,#3280,#3281,#3282),(#3283,#3284,#3285,#3286,#3287,#3288,#3289),(#3290,
#3291,#3292,#3293,#3294,#3295,#3296),(#3297,#3298,#3299,#3300,#3301,#3302,
#3303)),.UNSPECIFIED.,.F.,.F.,.F.,(4,1,1,4),(4,2,1,4),(0.,0.285714285714286,
0.571428571428571,1.),(1.80465553156075,1.8452520248009,2.00664491419364,
2.24873424828274),.UNSPECIFIED.);
#108=B_SPLINE_SURFACE_WITH_KNOTS('',3,3,((#3331,#3332,#3333,#3334,#3335,
#3336,#3337,#3338),(#3339,#3340,#3341,#3342,#3343,#3344,#3345,#3346),(#3347,
#3348,#3349,#3350,#3351,#3352,#3353,#3354),(#3355,#3356,#3357,#3358,#3359,
#3360,#3361,#3362),(#3363,#3364,#3365,#3366,#3367,#3368,#3369,#3370),(#3371,
#3372,#3373,#3374,#3375,#3376,#3377,#3378)),.UNSPECIFIED.,.F.,.F.,.F.,(4,
1,1,4),(4,2,2,4),(0.,0.285714285714286,0.571428571428571,1.),(-0.0125916311036571,
-0.00206822383952807,0.,0.000289311606593445),.UNSPECIFIED.);
#109=B_SPLINE_SURFACE_WITH_KNOTS('',3,3,((#3402,#3403,#3404,#3405,#3406,
#3407,#3408,#3409,#3410,#3411,#3412,#3413,#3414,#3415,#3416,#3417,#3418,
#3419,#3420),(#3421,#3422,#3423,#3424,#3425,#3426,#3427,#3428,#3429,#3430,
#3431,#3432,#3433,#3434,#3435,#3436,#3437,#3438,#3439),(#3440,#3441,#3442,
#3443,#3444,#3445,#3446,#3447,#3448,#3449,#3450,#3451,#3452,#3453,#3454,
#3455,#3456,#3457,#3458),(#3459,#3460,#3461,#3462,#3463,#3464,#3465,#3466,
#3467,#3468,#3469,#3470,#3471,#3472,#3473,#3474,#3475,#3476,#3477),(#3478,
#3479,#3480,#3481,#3482,#3483,#3484,#3485,#3486,#3487,#3488,#3489,#3490,
#3491,#3492,#3493,#3494,#3495,#3496)),.UNSPECIFIED.,.F.,.F.,.F.,(4,1,4),
(4,1,1,1,1,1,1,1,1,1,1,2,1,2,4),(0.,0.5,1.),(0.574924185197535,0.586127044781336,
0.607282103773807,0.628287012898613,0.64891149162671,0.668925545084635,
0.688154251115629,0.706488863068707,0.723808162965755,0.74055906528447,
0.756911617262258,0.771921218220514,0.772777126323648,0.775243559280665,
0.779474099195785),.UNSPECIFIED.);
#110=B_SPLINE_SURFACE_WITH_KNOTS('',3,3,((#3548,#3549,#3550,#3551,#3552,
#3553,#3554,#3555,#3556,#3557,#3558,#3559,#3560,#3561,#3562,#3563,#3564,
#3565,#3566,#3567,#3568),(#3569,#3570,#3571,#3572,#3573,#3574,#3575,#3576,
#3577,#3578,#3579,#3580,#3581,#3582,#3583,#3584,#3585,#3586,#3587,#3588,
#3589),(#3590,#3591,#3592,#3593,#3594,#3595,#3596,#3597,#3598,#3599,#3600,
#3601,#3602,#3603,#3604,#3605,#3606,#3607,#3608,#3609,#3610),(#3611,#3612,
#3613,#3614,#3615,#3616,#3617,#3618,#3619,#3620,#3621,#3622,#3623,#3624,
#3625,#3626,#3627,#3628,#3629,#3630,#3631)),.UNSPECIFIED.,.F.,.F.,.F.,(4,
4),(4,1,1,1,1,1,1,1,1,1,1,1,1,2,1,1,1,4),(0.,1.),(0.779474099194959,0.781710657873636,
0.783947216552314,0.788420333909669,0.795755944664717,0.803091555419765,
0.817762776929861,0.855406167821077,0.8997763756568,0.951226150950378,1.01002498289399,
1.07144914561014,1.13279715068755,1.18777541318921,1.19301375596167,1.25101626544676,
1.30568015751678,1.35583434137079),.UNSPECIFIED.);
#111=B_SPLINE_SURFACE_WITH_KNOTS('',3,3,((#3658,#3659,#3660,#3661,#3662,
#3663,#3664,#3665,#3666,#3667,#3668,#3669,#3670,#3671,#3672,#3673,#3674,
#3675,#3676,#3677,#3678),(#3679,#3680,#3681,#3682,#3683,#3684,#3685,#3686,
#3687,#3688,#3689,#3690,#3691,#3692,#3693,#3694,#3695,#3696,#3697,#3698,
#3699),(#3700,#3701,#3702,#3703,#3704,#3705,#3706,#3707,#3708,#3709,#3710,
#3711,#3712,#3713,#3714,#3715,#3716,#3717,#3718,#3719,#3720),(#3721,#3722,
#3723,#3724,#3725,#3726,#3727,#3728,#3729,#3730,#3731,#3732,#3733,#3734,
#3735,#3736,#3737,#3738,#3739,#3740,#3741)),.UNSPECIFIED.,.F.,.F.,.F.,(4,
4),(4,1,1,1,2,1,1,1,1,1,1,1,1,1,1,1,1,4),(0.,1.),(1.35583434038195,1.39729019712338,
1.44191234123683,1.48907447157486,1.52389650776751,1.53817602872471,1.58863800989635,
1.6398803330385,1.69124736176659,1.74232950525155,1.79330815139921,1.84369252063562,
1.89340771216706,1.91285026957135,1.92257154827349,1.92743218762456,1.92986250730009,
1.93229282697563),.UNSPECIFIED.);
#112=B_SPLINE_SURFACE_WITH_KNOTS('',3,3,((#3768,#3769,#3770,#3771,#3772,
#3773,#3774,#3775,#3776,#3777,#3778,#3779,#3780,#3781,#3782,#3783,#3784,
#3785,#3786),(#3787,#3788,#3789,#3790,#3791,#3792,#3793,#3794,#3795,#3796,
#3797,#3798,#3799,#3800,#3801,#3802,#3803,#3804,#3805),(#3806,#3807,#3808,
#3809,#3810,#3811,#3812,#3813,#3814,#3815,#3816,#3817,#3818,#3819,#3820,
#3821,#3822,#3823,#3824),(#3825,#3826,#3827,#3828,#3829,#3830,#3831,#3832,
#3833,#3834,#3835,#3836,#3837,#3838,#3839,#3840,#3841,#3842,#3843),(#3844,
#3845,#3846,#3847,#3848,#3849,#3850,#3851,#3852,#3853,#3854,#3855,#3856,
#3857,#3858,#3859,#3860,#3861,#3862)),.UNSPECIFIED.,.F.,.F.,.F.,(4,1,4),
(4,2,1,2,1,1,1,1,1,1,1,1,1,1,4),(0.,0.5,1.),(1.93229282697554,1.93653298110949,
1.9392228660281,1.93985960670309,1.95614171981595,1.97362280225604,1.99151914193034,
2.00982655841313,2.02864784253266,2.04770041676485,2.06686771759987,2.08654355767591,
2.10660707647538,2.12688919935126,2.13683611350889),.UNSPECIFIED.);
#113=B_SPLINE_SURFACE_WITH_KNOTS('',3,3,((#3888,#3889,#3890,#3891,#3892,
#3893,#3894,#3895,#3896,#3897,#3898,#3899,#3900,#3901,#3902,#3903,#3904,
#3905,#3906,#3907,#3908,#3909,#3910,#3911,#3912,#3913,#3914,#3915),(#3916,
#3917,#3918,#3919,#3920,#3921,#3922,#3923,#3924,#3925,#3926,#3927,#3928,
#3929,#3930,#3931,#3932,#3933,#3934,#3935,#3936,#3937,#3938,#3939,#3940,
#3941,#3942,#3943),(#3944,#3945,#3946,#3947,#3948,#3949,#3950,#3951,#3952,
#3953,#3954,#3955,#3956,#3957,#3958,#3959,#3960,#3961,#3962,#3963,#3964,
#3965,#3966,#3967,#3968,#3969,#3970,#3971),(#3972,#3973,#3974,#3975,#3976,
#3977,#3978,#3979,#3980,#3981,#3982,#3983,#3984,#3985,#3986,#3987,#3988,
#3989,#3990,#3991,#3992,#3993,#3994,#3995,#3996,#3997,#3998,#3999)),
 .UNSPECIFIED.,.F.,.F.,.F.,(4,4),(4,1,1,1,1,1,2,1,1,1,1,1,1,2,1,1,1,2,1,
1,2,4),(0.,1.),(2.13683611351178,2.14688248250066,2.16575711824935,2.18544853871192,
2.22050040556899,2.26580730993523,2.28668269531716,2.3128642902245,2.3603494923949,
2.38502814986754,2.40849419810519,2.45040217743933,2.4579040329762,2.48311572530716,
2.50866224018076,2.56004775450844,2.61138648943166,2.64147576427432,2.6465242601547,
2.66198739289563,2.70983354335716,2.71198428722223),.UNSPECIFIED.);
#114=B_SPLINE_SURFACE_WITH_KNOTS('',3,3,((#4033,#4034,#4035,#4036,#4037,
#4038,#4039,#4040,#4041,#4042,#4043,#4044,#4045,#4046,#4047,#4048,#4049,
#4050,#4051,#4052,#4053,#4054,#4055,#4056,#4057,#4058,#4059,#4060,#4061,
#4062,#4063,#4064,#4065,#4066,#4067,#4068,#4069,#4070,#4071,#4072,#4073,
#4074,#4075,#4076,#4077,#4078,#4079,#4080,#4081,#4082,#4083,#4084,#4085,
#4086,#4087,#4088,#4089,#4090,#4091,#4092,#4093,#4094,#4095,#4096,#4097,
#4098,#4099,#4100,#4101,#4102,#4103,#4104,#4105,#4106,#4107,#4108,#4109,
#4110,#4111,#4112,#4113,#4114,#4115,#4116,#4117,#4118,#4119,#4120,#4121,
#4122,#4123,#4124,#4125,#4126,#4127,#4128,#4129,#4130,#4131,#4132,#4133,
#4134,#4135,#4136,#4137,#4138,#4139,#4140,#4141,#4142,#4143,#4144,#4145,
#4146,#4147,#4148,#4149,#4150,#4151,#4152,#4153,#4154,#4155,#4156,#4157,
#4158,#4159,#4160,#4161,#4162,#4163,#4164,#4165,#4166,#4167,#4168,#4169,
#4170,#4171,#4172,#4173,#4174,#4175,#4176,#4177,#4178,#4179,#4180,#4181,
#4182,#4183,#4184,#4185,#4186,#4187,#4188,#4189,#4190,#4191,#4192,#4193,
#4194,#4195,#4196,#4197,#4198,#4199,#4200,#4201,#4202,#4203,#4204,#4205,
#4206,#4207,#4208,#4209,#4210,#4211,#4212,#4213,#4214,#4215,#4216,#4217,
#4218,#4219,#4220,#4221,#4222,#4223,#4224,#4225,#4226,#4227,#4228,#4229,
#4230,#4231,#4232,#4233,#4234,#4235,#4236,#4237,#4238,#4239,#4240,#4241,
#4242,#4243,#4244,#4245,#4246,#4247,#4248,#4249,#4250,#4251,#4252,#4253,
#4254,#4255,#4256,#4257,#4258,#4259,#4260,#4261,#4262,#4263,#4264),(#4265,
#4266,#4267,#4268,#4269,#4270,#4271,#4272,#4273,#4274,#4275,#4276,#4277,
#4278,#4279,#4280,#4281,#4282,#4283,#4284,#4285,#4286,#4287,#4288,#4289,
#4290,#4291,#4292,#4293,#4294,#4295,#4296,#4297,#4298,#4299,#4300,#4301,
#4302,#4303,#4304,#4305,#4306,#4307,#4308,#4309,#4310,#4311,#4312,#4313,
#4314,#4315,#4316,#4317,#4318,#4319,#4320,#4321,#4322,#4323,#4324,#4325,
#4326,#4327,#4328,#4329,#4330,#4331,#4332,#4333,#4334,#4335,#4336,#4337,
#4338,#4339,#4340,#4341,#4342,#4343,#4344,#4345,#4346,#4347,#4348,#4349,
#4350,#4351,#4352,#4353,#4354,#4355,#4356,#4357,#4358,#4359,#4360,#4361,
#4362,#4363,#4364,#4365,#4366,#4367,#4368,#4369,#4370,#4371,#4372,#4373,
#4374,#4375,#4376,#4377,#4378,#4379,#4380,#4381,#4382,#4383,#4384,#4385,
#4386,#4387,#4388,#4389,#4390,#4391,#4392,#4393,#4394,#4395,#4396,#4397,
#4398,#4399,#4400,#4401,#4402,#4403,#4404,#4405,#4406,#4407,#4408,#4409,
#4410,#4411,#4412,#4413,#4414,#4415,#4416,#4417,#4418,#4419,#4420,#4421,
#4422,#4423,#4424,#4425,#4426,#4427,#4428,#4429,#4430,#4431,#4432,#4433,
#4434,#4435,#4436,#4437,#4438,#4439,#4440,#4441,#4442,#4443,#4444,#4445,
#4446,#4447,#4448,#4449,#4450,#4451,#4452,#4453,#4454,#4455,#4456,#4457,
#4458,#4459,#4460,#4461,#4462,#4463,#4464,#4465,#4466,#4467,#4468,#4469,
#4470,#4471,#4472,#4473,#4474,#4475,#4476,#4477,#4478,#4479,#4480,#4481,
#4482,#4483,#4484,#4485,#4486,#4487,#4488,#4489,#4490,#4491,#4492,#4493,
#4494,#4495,#4496),(#4497,#4498,#4499,#4500,#4501,#4502,#4503,#4504,#4505,
#4506,#4507,#4508,#4509,#4510,#4511,#4512,#4513,#4514,#4515,#4516,#4517,
#4518,#4519,#4520,#4521,#4522,#4523,#4524,#4525,#4526,#4527,#4528,#4529,
#4530,#4531,#4532,#4533,#4534,#4535,#4536,#4537,#4538,#4539,#4540,#4541,
#4542,#4543,#4544,#4545,#4546,#4547,#4548,#4549,#4550,#4551,#4552,#4553,
#4554,#4555,#4556,#4557,#4558,#4559,#4560,#4561,#4562,#4563,#4564,#4565,
#4566,#4567,#4568,#4569,#4570,#4571,#4572,#4573,#4574,#4575,#4576,#4577,
#4578,#4579,#4580,#4581,#4582,#4583,#4584,#4585,#4586,#4587,#4588,#4589,
#4590,#4591,#4592,#4593,#4594,#4595,#4596,#4597,#4598,#4599,#4600,#4601,
#4602,#4603,#4604,#4605,#4606,#4607,#4608,#4609,#4610,#4611,#4612,#4613,
#4614,#4615,#4616,#4617,#4618,#4619,#4620,#4621,#4622,#4623,#4624,#4625,
#4626,#4627,#4628,#4629,#4630,#4631,#4632,#4633,#4634,#4635,#4636,#4637,
#4638,#4639,#4640,#4641,#4642,#4643,#4644,#4645,#4646,#4647,#4648,#4649,
#4650,#4651,#4652,#4653,#4654,#4655,#4656,#4657,#4658,#4659,#4660,#4661,
#4662,#4663,#4664,#4665,#4666,#4667,#4668,#4669,#4670,#4671,#4672,#4673,
#4674,#4675,#4676,#4677,#4678,#4679,#4680,#4681,#4682,#4683,#4684,#4685,
#4686,#4687,#4688,#4689,#4690,#4691,#4692,#4693,#4694,#4695,#4696,#4697,
#4698,#4699,#4700,#4701,#4702,#4703,#4704,#4705,#4706,#4707,#4708,#4709,
#4710,#4711,#4712,#4713,#4714,#4715,#4716,#4717,#4718,#4719,#4720,#4721,
#4722,#4723,#4724,#4725,#4726,#4727,#4728),(#4729,#4730,#4731,#4732,#4733,
#4734,#4735,#4736,#4737,#4738,#4739,#4740,#4741,#4742,#4743,#4744,#4745,
#4746,#4747,#4748,#4749,#4750,#4751,#4752,#4753,#4754,#4755,#4756,#4757,
#4758,#4759,#4760,#4761,#4762,#4763,#4764,#4765,#4766,#4767,#4768,#4769,
#4770,#4771,#4772,#4773,#4774,#4775,#4776,#4777,#4778,#4779,#4780,#4781,
#4782,#4783,#4784,#4785,#4786,#4787,#4788,#4789,#4790,#4791,#4792,#4793,
#4794,#4795,#4796,#4797,#4798,#4799,#4800,#4801,#4802,#4803,#4804,#4805,
#4806,#4807,#4808,#4809,#4810,#4811,#4812,#4813,#4814,#4815,#4816,#4817,
#4818,#4819,#4820,#4821,#4822,#4823,#4824,#4825,#4826,#4827,#4828,#4829,
#4830,#4831,#4832,#4833,#4834,#4835,#4836,#4837,#4838,#4839,#4840,#4841,
#4842,#4843,#4844,#4845,#4846,#4847,#4848,#4849,#4850,#4851,#4852,#4853,
#4854,#4855,#4856,#4857,#4858,#4859,#4860,#4861,#4862,#4863,#4864,#4865,
#4866,#4867,#4868,#4869,#4870,#4871,#4872,#4873,#4874,#4875,#4876,#4877,
#4878,#4879,#4880,#4881,#4882,#4883,#4884,#4885,#4886,#4887,#4888,#4889,
#4890,#4891,#4892,#4893,#4894,#4895,#4896,#4897,#4898,#4899,#4900,#4901,
#4902,#4903,#4904,#4905,#4906,#4907,#4908,#4909,#4910,#4911,#4912,#4913,
#4914,#4915,#4916,#4917,#4918,#4919,#4920,#4921,#4922,#4923,#4924,#4925,
#4926,#4927,#4928,#4929,#4930,#4931,#4932,#4933,#4934,#4935,#4936,#4937,
#4938,#4939,#4940,#4941,#4942,#4943,#4944,#4945,#4946,#4947,#4948,#4949,
#4950,#4951,#4952,#4953,#4954,#4955,#4956,#4957,#4958,#4959,#4960),(#4961,
#4962,#4963,#4964,#4965,#4966,#4967,#4968,#4969,#4970,#4971,#4972,#4973,
#4974,#4975,#4976,#4977,#4978,#4979,#4980,#4981,#4982,#4983,#4984,#4985,
#4986,#4987,#4988,#4989,#4990,#4991,#4992,#4993,#4994,#4995,#4996,#4997,
#4998,#4999,#5000,#5001,#5002,#5003,#5004,#5005,#5006,#5007,#5008,#5009,
#5010,#5011,#5012,#5013,#5014,#5015,#5016,#5017,#5018,#5019,#5020,#5021,
#5022,#5023,#5024,#5025,#5026,#5027,#5028,#5029,#5030,#5031,#5032,#5033,
#5034,#5035,#5036,#5037,#5038,#5039,#5040,#5041,#5042,#5043,#5044,#5045,
#5046,#5047,#5048,#5049,#5050,#5051,#5052,#5053,#5054,#5055,#5056,#5057,
#5058,#5059,#5060,#5061,#5062,#5063,#5064,#5065,#5066,#5067,#5068,#5069,
#5070,#5071,#5072,#5073,#5074,#5075,#5076,#5077,#5078,#5079,#5080,#5081,
#5082,#5083,#5084,#5085,#5086,#5087,#5088,#5089,#5090,#5091,#5092,#5093,
#5094,#5095,#5096,#5097,#5098,#5099,#5100,#5101,#5102,#5103,#5104,#5105,
#5106,#5107,#5108,#5109,#5110,#5111,#5112,#5113,#5114,#5115,#5116,#5117,
#5118,#5119,#5120,#5121,#5122,#5123,#5124,#5125,#5126,#5127,#5128,#5129,
#5130,#5131,#5132,#5133,#5134,#5135,#5136,#5137,#5138,#5139,#5140,#5141,
#5142,#5143,#5144,#5145,#5146,#5147,#5148,#5149,#5150,#5151,#5152,#5153,
#5154,#5155,#5156,#5157,#5158,#5159,#5160,#5161,#5162,#5163,#5164,#5165,
#5166,#5167,#5168,#5169,#5170,#5171,#5172,#5173,#5174,#5175,#5176,#5177,
#5178,#5179,#5180,#5181,#5182,#5183,#5184,#5185,#5186,#5187,#5188,#5189,
#5190,#5191,#5192),(#5193,#5194,#5195,#5196,#5197,#5198,#5199,#5200,#5201,
#5202,#5203,#5204,#5205,#5206,#5207,#5208,#5209,#5210,#5211,#5212,#5213,
#5214,#5215,#5216,#5217,#5218,#5219,#5220,#5221,#5222,#5223,#5224,#5225,
#5226,#5227,#5228,#5229,#5230,#5231,#5232,#5233,#5234,#5235,#5236,#5237,
#5238,#5239,#5240,#5241,#5242,#5243,#5244,#5245,#5246,#5247,#5248,#5249,
#5250,#5251,#5252,#5253,#5254,#5255,#5256,#5257,#5258,#5259,#5260,#5261,
#5262,#5263,#5264,#5265,#5266,#5267,#5268,#5269,#5270,#5271,#5272,#5273,
#5274,#5275,#5276,#5277,#5278,#5279,#5280,#5281,#5282,#5283,#5284,#5285,
#5286,#5287,#5288,#5289,#5290,#5291,#5292,#5293,#5294,#5295,#5296,#5297,
#5298,#5299,#5300,#5301,#5302,#5303,#5304,#5305,#5306,#5307,#5308,#5309,
#5310,#5311,#5312,#5313,#5314,#5315,#5316,#5317,#5318,#5319,#5320,#5321,
#5322,#5323,#5324,#5325,#5326,#5327,#5328,#5329,#5330,#5331,#5332,#5333,
#5334,#5335,#5336,#5337,#5338,#5339,#5340,#5341,#5342,#5343,#5344,#5345,
#5346,#5347,#5348,#5349,#5350,#5351,#5352,#5353,#5354,#5355,#5356,#5357,
#5358,#5359,#5360,#5361,#5362,#5363,#5364,#5365,#5366,#5367,#5368,#5369,
#5370,#5371,#5372,#5373,#5374,#5375,#5376,#5377,#5378,#5379,#5380,#5381,
#5382,#5383,#5384,#5385,#5386,#5387,#5388,#5389,#5390,#5391,#5392,#5393,
#5394,#5395,#5396,#5397,#5398,#5399,#5400,#5401,#5402,#5403,#5404,#5405,
#5406,#5407,#5408,#5409,#5410,#5411,#5412,#5413,#5414,#5415,#5416,#5417,
#5418,#5419,#5420,#5421,#5422,#5423,#5424),(#5425,#5426,#5427,#5428,#5429,
#5430,#5431,#5432,#5433,#5434,#5435,#5436,#5437,#5438,#5439,#5440,#5441,
#5442,#5443,#5444,#5445,#5446,#5447,#5448,#5449,#5450,#5451,#5452,#5453,
#5454,#5455,#5456,#5457,#5458,#5459,#5460,#5461,#5462,#5463,#5464,#5465,
#5466,#5467,#5468,#5469,#5470,#5471,#5472,#5473,#5474,#5475,#5476,#5477,
#5478,#5479,#5480,#5481,#5482,#5483,#5484,#5485,#5486,#5487,#5488,#5489,
#5490,#5491,#5492,#5493,#5494,#5495,#5496,#5497,#5498,#5499,#5500,#5501,
#5502,#5503,#5504,#5505,#5506,#5507,#5508,#5509,#5510,#5511,#5512,#5513,
#5514,#5515,#5516,#5517,#5518,#5519,#5520,#5521,#5522,#5523,#5524,#5525,
#5526,#5527,#5528,#5529,#5530,#5531,#5532,#5533,#5534,#5535,#5536,#5537,
#5538,#5539,#5540,#5541,#5542,#5543,#5544,#5545,#5546,#5547,#5548,#5549,
#5550,#5551,#5552,#5553,#5554,#5555,#5556,#5557,#5558,#5559,#5560,#5561,
#5562,#5563,#5564,#5565,#5566,#5567,#5568,#5569,#5570,#5571,#5572,#5573,
#5574,#5575,#5576,#5577,#5578,#5579,#5580,#5581,#5582,#5583,#5584,#5585,
#5586,#5587,#5588,#5589,#5590,#5591,#5592,#5593,#5594,#5595,#5596,#5597,
#5598,#5599,#5600,#5601,#5602,#5603,#5604,#5605,#5606,#5607,#5608,#5609,
#5610,#5611,#5612,#5613,#5614,#5615,#5616,#5617,#5618,#5619,#5620,#5621,
#5622,#5623,#5624,#5625,#5626,#5627,#5628,#5629,#5630,#5631,#5632,#5633,
#5634,#5635,#5636,#5637,#5638,#5639,#5640,#5641,#5642,#5643,#5644,#5645,
#5646,#5647,#5648,#5649,#5650,#5651,#5652,#5653,#5654,#5655,#5656),(#5657,
#5658,#5659,#5660,#5661,#5662,#5663,#5664,#5665,#5666,#5667,#5668,#5669,
#5670,#5671,#5672,#5673,#5674,#5675,#5676,#5677,#5678,#5679,#5680,#5681,
#5682,#5683,#5684,#5685,#5686,#5687,#5688,#5689,#5690,#5691,#5692,#5693,
#5694,#5695,#5696,#5697,#5698,#5699,#5700,#5701,#5702,#5703,#5704,#5705,
#5706,#5707,#5708,#5709,#5710,#5711,#5712,#5713,#5714,#5715,#5716,#5717,
#5718,#5719,#5720,#5721,#5722,#5723,#5724,#5725,#5726,#5727,#5728,#5729,
#5730,#5731,#5732,#5733,#5734,#5735,#5736,#5737,#5738,#5739,#5740,#5741,
#5742,#5743,#5744,#5745,#5746,#5747,#5748,#5749,#5750,#5751,#5752,#5753,
#5754,#5755,#5756,#5757,#5758,#5759,#5760,#5761,#5762,#5763,#5764,#5765,
#5766,#5767,#5768,#5769,#5770,#5771,#5772,#5773,#5774,#5775,#5776,#5777,
#5778,#5779,#5780,#5781,#5782,#5783,#5784,#5785,#5786,#5787,#5788,#5789,
#5790,#5791,#5792,#5793,#5794,#5795,#5796,#5797,#5798,#5799,#5800,#5801,
#5802,#5803,#5804,#5805,#5806,#5807,#5808,#5809,#5810,#5811,#5812,#5813,
#5814,#5815,#5816,#5817,#5818,#5819,#5820,#5821,#5822,#5823,#5824,#5825,
#5826,#5827,#5828,#5829,#5830,#5831,#5832,#5833,#5834,#5835,#5836,#5837,
#5838,#5839,#5840,#5841,#5842,#5843,#5844,#5845,#5846,#5847,#5848,#5849,
#5850,#5851,#5852,#5853,#5854,#5855,#5856,#5857,#5858,#5859,#5860,#5861,
#5862,#5863,#5864,#5865,#5866,#5867,#5868,#5869,#5870,#5871,#5872,#5873,
#5874,#5875,#5876,#5877,#5878,#5879,#5880,#5881,#5882,#5883,#5884,#5885,
#5886,#5887,#5888),(#5889,#5890,#5891,#5892,#5893,#5894,#5895,#5896,#5897,
#5898,#5899,#5900,#5901,#5902,#5903,#5904,#5905,#5906,#5907,#5908,#5909,
#5910,#5911,#5912,#5913,#5914,#5915,#5916,#5917,#5918,#5919,#5920,#5921,
#5922,#5923,#5924,#5925,#5926,#5927,#5928,#5929,#5930,#5931,#5932,#5933,
#5934,#5935,#5936,#5937,#5938,#5939,#5940,#5941,#5942,#5943,#5944,#5945,
#5946,#5947,#5948,#5949,#5950,#5951,#5952,#5953,#5954,#5955,#5956,#5957,
#5958,#5959,#5960,#5961,#5962,#5963,#5964,#5965,#5966,#5967,#5968,#5969,
#5970,#5971,#5972,#5973,#5974,#5975,#5976,#5977,#5978,#5979,#5980,#5981,
#5982,#5983,#5984,#5985,#5986,#5987,#5988,#5989,#5990,#5991,#5992,#5993,
#5994,#5995,#5996,#5997,#5998,#5999,#6000,#6001,#6002,#6003,#6004,#6005,
#6006,#6007,#6008,#6009,#6010,#6011,#6012,#6013,#6014,#6015,#6016,#6017,
#6018,#6019,#6020,#6021,#6022,#6023,#6024,#6025,#6026,#6027,#6028,#6029,
#6030,#6031,#6032,#6033,#6034,#6035,#6036,#6037,#6038,#6039,#6040,#6041,
#6042,#6043,#6044,#6045,#6046,#6047,#6048,#6049,#6050,#6051,#6052,#6053,
#6054,#6055,#6056,#6057,#6058,#6059,#6060,#6061,#6062,#6063,#6064,#6065,
#6066,#6067,#6068,#6069,#6070,#6071,#6072,#6073,#6074,#6075,#6076,#6077,
#6078,#6079,#6080,#6081,#6082,#6083,#6084,#6085,#6086,#6087,#6088,#6089,
#6090,#6091,#6092,#6093,#6094,#6095,#6096,#6097,#6098,#6099,#6100,#6101,
#6102,#6103,#6104,#6105,#6106,#6107,#6108,#6109,#6110,#6111,#6112,#6113,
#6114,#6115,#6116,#6117,#6118,#6119,#6120),(#6121,#6122,#6123,#6124,#6125,
#6126,#6127,#6128,#6129,#6130,#6131,#6132,#6133,#6134,#6135,#6136,#6137,
#6138,#6139,#6140,#6141,#6142,#6143,#6144,#6145,#6146,#6147,#6148,#6149,
#6150,#6151,#6152,#6153,#6154,#6155,#6156,#6157,#6158,#6159,#6160,#6161,
#6162,#6163,#6164,#6165,#6166,#6167,#6168,#6169,#6170,#6171,#6172,#6173,
#6174,#6175,#6176,#6177,#6178,#6179,#6180,#6181,#6182,#6183,#6184,#6185,
#6186,#6187,#6188,#6189,#6190,#6191,#6192,#6193,#6194,#6195,#6196,#6197,
#6198,#6199,#6200,#6201,#6202,#6203,#6204,#6205,#6206,#6207,#6208,#6209,
#6210,#6211,#6212,#6213,#6214,#6215,#6216,#6217,#6218,#6219,#6220,#6221,
#6222,#6223,#6224,#6225,#6226,#6227,#6228,#6229,#6230,#6231,#6232,#6233,
#6234,#6235,#6236,#6237,#6238,#6239,#6240,#6241,#6242,#6243,#6244,#6245,
#6246,#6247,#6248,#6249,#6250,#6251,#6252,#6253,#6254,#6255,#6256,#6257,
#6258,#6259,#6260,#6261,#6262,#6263,#6264,#6265,#6266,#6267,#6268,#6269,
#6270,#6271,#6272,#6273,#6274,#6275,#6276,#6277,#6278,#6279,#6280,#6281,
#6282,#6283,#6284,#6285,#6286,#6287,#6288,#6289,#6290,#6291,#6292,#6293,
#6294,#6295,#6296,#6297,#6298,#6299,#6300,#6301,#6302,#6303,#6304,#6305,
#6306,#6307,#6308,#6309,#6310,#6311,#6312,#6313,#6314,#6315,#6316,#6317,
#6318,#6319,#6320,#6321,#6322,#6323,#6324,#6325,#6326,#6327,#6328,#6329,
#6330,#6331,#6332,#6333,#6334,#6335,#6336,#6337,#6338,#6339,#6340,#6341,
#6342,#6343,#6344,#6345,#6346,#6347,#6348,#6349,#6350,#6351,#6352)),
 .UNSPECIFIED.,.F.,.F.,.F.,(4,1,1,1,1,1,1,4),(4,1,1,1,1,1,1,1,1,1,1,1,1,
1,1,1,1,1,1,1,1,1,1,1,1,1,1,1,2,1,1,1,1,1,1,1,1,1,1,1,1,1,1,1,1,1,1,1,1,
1,1,1,1,1,1,1,1,1,1,1,1,1,1,1,1,1,1,1,2,1,1,1,1,1,1,1,1,1,1,1,1,1,1,1,1,
1,1,1,1,1,1,1,1,1,1,1,1,1,1,1,1,1,1,1,1,1,1,1,1,1,1,1,1,1,1,1,1,1,1,1,1,
1,1,1,1,1,1,1,1,1,1,1,1,1,1,1,1,1,1,1,1,2,1,1,1,1,1,1,1,1,1,1,1,1,1,1,1,
1,1,1,1,1,1,1,1,1,1,1,1,1,1,1,1,1,1,1,1,1,1,1,1,1,1,1,1,1,1,1,1,1,1,1,1,
1,1,1,1,1,1,1,1,1,1,1,1,1,1,1,1,1,1,1,1,1,1,1,1,1,1,1,1,1,1,1,1,1,4),(0.,
0.142857142857143,0.285714285714286,0.428571428571429,0.571428571428571,
0.714285714285714,0.857142857142857,1.),(0.0123197525711841,0.0147313534915605,
0.0171429544119369,0.0195545553323133,0.0219661562526898,0.0243777571730662,
0.0267893580934426,0.0292009590138191,0.0316125599341955,0.0340241608545719,
0.0364357617749484,0.0388473626953248,0.0412589636157012,0.0436705645360776,
0.0460821654564541,0.0484937663768305,0.0509053672972069,0.0534248925992385,
0.0559444179012701,0.0584639432033017,0.0609834685053333,0.0635029938073649,
0.0660225191093965,0.0685420444114281,0.0710615697134597,0.0749221986009961,
0.0787828274885325,0.0826434563760689,0.0865040852636052,0.0903662222263917,
0.0942283591891782,0.0980904961519646,0.101952633114751,0.105156529593815,
0.108360426072879,0.111564322551943,0.114768219031007,0.117972115510071,
0.121176011989135,0.1243799084682,0.127583804947264,0.130787701426328,0.133991597905392,
0.137195494384456,0.14039939086352,0.143603287342584,0.146807183821648,
0.150011080300712,0.153214976779776,0.156383274024325,0.159551571268873,
0.162719868513422,0.16588816575797,0.169056463002519,0.172224760247067,
0.175393057491615,0.178561354736164,0.181729651980712,0.184897949225261,
0.188066246469809,0.191234543714358,0.194402840958906,0.197571138203455,
0.200739435448003,0.203907732692551,0.206561397410763,0.209215062128975,
0.211868726847186,0.214522391565398,0.216967165622253,0.219411939679108,
0.221856713735963,0.224301487792818,0.226746261849673,0.229191035906529,
0.231635809963384,0.234080584020239,0.236525358077094,0.238970132133949,
0.241414906190804,0.243859680247659,0.246304454304514,0.248749228361369,
0.251194002418225,0.25363877647508,0.257464714272425,0.261290652069769,
0.265116589867114,0.268942527664459,0.272768465461804,0.276594403259149,
0.280420341056494,0.284246278853839,0.286554828319342,0.288863377784845,
0.291171927250348,0.293480476715852,0.295789026181355,0.298097575646858,
0.300406125112361,0.302714674577864,0.305782380185889,0.308850085793914,
0.311917791401939,0.314985497009964,0.318053202617989,0.321120908226014,
0.324188613834039,0.327256319442064,0.330324025050089,0.333391730658114,
0.336459436266139,0.339527141874164,0.342594847482189,0.345662553090214,
0.348730258698239,0.351797964306264,0.355307848567299,0.358128592401716,
0.360949336236133,0.36377008007055,0.366590823904967,0.369411567739384,
0.372232311573802,0.375053055408219,0.377873799242636,0.380694543077053,
0.38351528691147,0.386336030745887,0.389156774580305,0.391977518414722,
0.394798262249139,0.397619006083556,0.400439749917973,0.40351727190619,
0.406594793894406,0.409672315882622,0.412749837870839,0.415827359859055,
0.418904881847271,0.421982403835487,0.425059925823704,0.427956347530113,
0.430852769236522,0.433749190942931,0.43664561264934,0.439542034355749,
0.442438456062158,0.445334877768567,0.448231299474976,0.451067363723526,
0.453903427972076,0.456739492220626,0.459575556469177,0.462411620717727,
0.465247684966277,0.468083749214827,0.470919813463377,0.473755877711927,
0.476591941960477,0.479428006209028,0.482264070457578,0.485100134706128,
0.487936198954678,0.490772263203228,0.493608327451778,0.495714484092488,
0.497820640733197,0.499926797373906,0.502032954014615,0.504139110655324,
0.506245267296033,0.508351423936742,0.510457580577451,0.512563737218161,
0.51466989385887,0.516776050499579,0.518882207140288,0.520988363780997,
0.523094520421706,0.525200677062415,0.527306833703124,0.529645334413784,
0.531983835124443,0.534322335835103,0.536660836545762,0.538999337256421,
0.541337837967081,0.54367633867774,0.5460148393884,0.548437160277473,0.550859481166547,
0.55328180205562,0.555704122944694,0.558126443833767,0.560548764722841,
0.562971085611914,0.565393406500988,0.565989080169315,0.566584753837642,
0.567776101174297,0.568967448510951,0.570158795847605,0.571945816852587,
0.572541490520914,0.572690408937996,0.572839327355078,0.573137164189241,
0.573732837857568,0.573807297066109,0.57388175627465,0.574030674691732,
0.574179593108814,0.574328511525896,0.574477429942977,0.574626348360059,
0.574775266777141,0.574849725985682,0.574868340787817,0.574886955589952,
0.574905570392088,0.574914877793155,0.574919531493689,0.574921858343956,
0.574923021769089,0.574923603481656,0.574924185194223),.UNSPECIFIED.);
#115=B_SPLINE_SURFACE_WITH_KNOTS('',3,3,((#6829,#6830,#6831,#6832,#6833,
#6834,#6835,#6836),(#6837,#6838,#6839,#6840,#6841,#6842,#6843,#6844),(#6845,
#6846,#6847,#6848,#6849,#6850,#6851,#6852),(#6853,#6854,#6855,#6856,#6857,
#6858,#6859,#6860),(#6861,#6862,#6863,#6864,#6865,#6866,#6867,#6868),(#6869,
#6870,#6871,#6872,#6873,#6874,#6875,#6876)),.UNSPECIFIED.,.F.,.F.,.F.,(4,
1,1,4),(4,2,2,4),(0.,0.285714285714286,0.571428571428571,1.),(2.2487342482817,
2.24902254973488,2.25108389913248,2.26160344450927),.UNSPECIFIED.);
#116=B_SPLINE_SURFACE_WITH_KNOTS('',3,3,((#6898,#6899,#6900,#6901,#6902),
(#6903,#6904,#6905,#6906,#6907),(#6908,#6909,#6910,#6911,#6912),(#6913,
#6914,#6915,#6916,#6917)),.UNSPECIFIED.,.F.,.F.,.F.,(4,4),(4,1,4),(0.987627635164398,
1.),(0.197759165735165,0.445080984779735,0.774843410172494),
 .UNSPECIFIED.);
#117=B_SPLINE_SURFACE_WITH_KNOTS('',3,3,((#6934,#6935,#6936,#6937,#6938,
#6939),(#6940,#6941,#6942,#6943,#6944,#6945),(#6946,#6947,#6948,#6949,#6950,
#6951),(#6952,#6953,#6954,#6955,#6956,#6957),(#6958,#6959,#6960,#6961,#6962,
#6963)),.UNSPECIFIED.,.F.,.F.,.F.,(4,1,4),(4,1,1,4),(0.179107899935764,
0.64818909997247,1.),(0.,0.373643033452557,0.622738389087594,0.871833744722632),
 .UNSPECIFIED.);
#118=B_SPLINE_SURFACE_WITH_KNOTS('',3,3,((#6978,#6979,#6980,#6981,#6982,
#6983),(#6984,#6985,#6986,#6987,#6988,#6989),(#6990,#6991,#6992,#6993,#6994,
#6995),(#6996,#6997,#6998,#6999,#7000,#7001),(#7002,#7003,#7004,#7005,#7006,
#7007)),.UNSPECIFIED.,.F.,.F.,.F.,(4,1,4),(4,1,1,4),(-1.,-0.648385408952338,
-0.179565954222123),(0.,0.373643033442675,0.622738389071124,0.871833744699574),
 .UNSPECIFIED.);
#119=B_SPLINE_SURFACE_WITH_KNOTS('',3,3,((#7022,#7023,#7024,#7025,#7026,
#7027,#7028),(#7029,#7030,#7031,#7032,#7033,#7034,#7035),(#7036,#7037,#7038,
#7039,#7040,#7041,#7042),(#7043,#7044,#7045,#7046,#7047,#7048,#7049),(#7050,
#7051,#7052,#7053,#7054,#7055,#7056),(#7057,#7058,#7059,#7060,#7061,#7062,
#7063),(#7064,#7065,#7066,#7067,#7068,#7069,#7070),(#7071,#7072,#7073,#7074,
#7075,#7076,#7077),(#7078,#7079,#7080,#7081,#7082,#7083,#7084),(#7085,#7086,
#7087,#7088,#7089,#7090,#7091),(#7092,#7093,#7094,#7095,#7096,#7097,#7098)),
 .UNSPECIFIED.,.F.,.F.,.F.,(4,1,1,2,1,1,1,4),(4,1,1,1,4),(0.,0.199999999758902,
0.299999999638353,0.499999999397255,0.599999999517804,0.699999999638353,
0.799999999758902,1.),(0.115282082934376,0.203287566990032,0.423466290712714,
0.680378981752131,0.982578093460661),.UNSPECIFIED.);
#120=B_SPLINE_SURFACE_WITH_KNOTS('',3,3,((#7106,#7107,#7108,#7109,#7110,
#7111,#7112,#7113,#7114,#7115),(#7116,#7117,#7118,#7119,#7120,#7121,#7122,
#7123,#7124,#7125),(#7126,#7127,#7128,#7129,#7130,#7131,#7132,#7133,#7134,
#7135),(#7136,#7137,#7138,#7139,#7140,#7141,#7142,#7143,#7144,#7145),(#7146,
#7147,#7148,#7149,#7150,#7151,#7152,#7153,#7154,#7155)),.UNSPECIFIED.,.F.,
 .F.,.F.,(4,1,4),(4,1,1,1,1,1,1,4),(0.,0.571428571428571,1.),(0.102596919950292,
0.196355641866197,0.203287567022667,0.413283812437316,0.423466290761707,
0.671409913894314,0.680378981796027,0.975231786584455),.UNSPECIFIED.);
#121=B_SPLINE_SURFACE_WITH_KNOTS('',3,3,((#7163,#7164,#7165,#7166,#7167,
#7168,#7169,#7170,#7171,#7172,#7173,#7174,#7175,#7176,#7177,#7178,#7179),
(#7180,#7181,#7182,#7183,#7184,#7185,#7186,#7187,#7188,#7189,#7190,#7191,
#7192,#7193,#7194,#7195,#7196),(#7197,#7198,#7199,#7200,#7201,#7202,#7203,
#7204,#7205,#7206,#7207,#7208,#7209,#7210,#7211,#7212,#7213),(#7214,#7215,
#7216,#7217,#7218,#7219,#7220,#7221,#7222,#7223,#7224,#7225,#7226,#7227,
#7228,#7229,#7230),(#7231,#7232,#7233,#7234,#7235,#7236,#7237,#7238,#7239,
#7240,#7241,#7242,#7243,#7244,#7245,#7246,#7247),(#7248,#7249,#7250,#7251,
#7252,#7253,#7254,#7255,#7256,#7257,#7258,#7259,#7260,#7261,#7262,#7263,
#7264),(#7265,#7266,#7267,#7268,#7269,#7270,#7271,#7272,#7273,#7274,#7275,
#7276,#7277,#7278,#7279,#7280,#7281),(#7282,#7283,#7284,#7285,#7286,#7287,
#7288,#7289,#7290,#7291,#7292,#7293,#7294,#7295,#7296,#7297,#7298),(#7299,
#7300,#7301,#7302,#7303,#7304,#7305,#7306,#7307,#7308,#7309,#7310,#7311,
#7312,#7313,#7314,#7315),(#7316,#7317,#7318,#7319,#7320,#7321,#7322,#7323,
#7324,#7325,#7326,#7327,#7328,#7329,#7330,#7331,#7332),(#7333,#7334,#7335,
#7336,#7337,#7338,#7339,#7340,#7341,#7342,#7343,#7344,#7345,#7346,#7347,
#7348,#7349)),.UNSPECIFIED.,.F.,.F.,.F.,(4,1,2,1,1,2,4),(4,1,1,1,1,1,1,
1,1,1,1,1,1,1,4),(0.,0.177718553799236,0.444296384498089,0.666577830698853,
0.777718553799235,1.,1.03235032634915),(0.118543459984041,0.182511710141137,
0.196355641866197,0.214285714285714,0.321428571428571,0.392734587874417,
0.413283812437316,0.428571428571429,0.571428571428572,0.653058206218794,
0.671409913894314,0.714285714285714,0.857142857142857,0.928571428571429,
0.985028895135313),.UNSPECIFIED.);
#122=B_SPLINE_SURFACE_WITH_KNOTS('',3,3,((#7356,#7357,#7358,#7359,#7360,
#7361,#7362,#7363),(#7364,#7365,#7366,#7367,#7368,#7369,#7370,#7371),(#7372,
#7373,#7374,#7375,#7376,#7377,#7378,#7379),(#7380,#7381,#7382,#7383,#7384,
#7385,#7386,#7387),(#7388,#7389,#7390,#7391,#7392,#7393,#7394,#7395)),
 .UNSPECIFIED.,.F.,.F.,.F.,(4,1,4),(4,1,1,1,1,4),(0.,0.571428571428571,
1.),(0.239140039836129,0.392734587874417,0.39765019630683,0.653058206218794,
0.657400576600768,0.961688061927647),.UNSPECIFIED.);
#123=B_SPLINE_SURFACE_WITH_KNOTS('',3,3,((#7396,#7397,#7398,#7399,#7400),
(#7401,#7402,#7403,#7404,#7405),(#7406,#7407,#7408,#7409,#7410),(#7411,
#7412,#7413,#7414,#7415)),.UNSPECIFIED.,.F.,.F.,.F.,(4,4),(4,1,4),(0.,0.0123682198415506),
(0.198148772373753,0.445303620249831,0.774843417417934),.UNSPECIFIED.);
#124=B_SPLINE_SURFACE_WITH_KNOTS('',3,3,((#7490,#7491,#7492,#7493,#7494,
#7495,#7496,#7497,#7498,#7499,#7500,#7501,#7502),(#7503,#7504,#7505,#7506,
#7507,#7508,#7509,#7510,#7511,#7512,#7513,#7514,#7515),(#7516,#7517,#7518,
#7519,#7520,#7521,#7522,#7523,#7524,#7525,#7526,#7527,#7528),(#7529,#7530,
#7531,#7532,#7533,#7534,#7535,#7536,#7537,#7538,#7539,#7540,#7541),(#7542,
#7543,#7544,#7545,#7546,#7547,#7548,#7549,#7550,#7551,#7552,#7553,#7554),
(#7555,#7556,#7557,#7558,#7559,#7560,#7561,#7562,#7563,#7564,#7565,#7566,
#7567),(#7568,#7569,#7570,#7571,#7572,#7573,#7574,#7575,#7576,#7577,#7578,
#7579,#7580),(#7581,#7582,#7583,#7584,#7585,#7586,#7587,#7588,#7589,#7590,
#7591,#7592,#7593),(#7594,#7595,#7596,#7597,#7598,#7599,#7600,#7601,#7602,
#7603,#7604,#7605,#7606),(#7607,#7608,#7609,#7610,#7611,#7612,#7613,#7614,
#7615,#7616,#7617,#7618,#7619),(#7620,#7621,#7622,#7623,#7624,#7625,#7626,
#7627,#7628,#7629,#7630,#7631,#7632),(#7633,#7634,#7635,#7636,#7637,#7638,
#7639,#7640,#7641,#7642,#7643,#7644,#7645),(#7646,#7647,#7648,#7649,#7650,
#7651,#7652,#7653,#7654,#7655,#7656,#7657,#7658),(#7659,#7660,#7661,#7662,
#7663,#7664,#7665,#7666,#7667,#7668,#7669,#7670,#7671),(#7672,#7673,#7674,
#7675,#7676,#7677,#7678,#7679,#7680,#7681,#7682,#7683,#7684),(#7685,#7686,
#7687,#7688,#7689,#7690,#7691,#7692,#7693,#7694,#7695,#7696,#7697),(#7698,
#7699,#7700,#7701,#7702,#7703,#7704,#7705,#7706,#7707,#7708,#7709,#7710),
(#7711,#7712,#7713,#7714,#7715,#7716,#7717,#7718,#7719,#7720,#7721,#7722,
#7723),(#7724,#7725,#7726,#7727,#7728,#7729,#7730,#7731,#7732,#7733,#7734,
#7735,#7736),(#7737,#7738,#7739,#7740,#7741,#7742,#7743,#7744,#7745,#7746,
#7747,#7748,#7749),(#7750,#7751,#7752,#7753,#7754,#7755,#7756,#7757,#7758,
#7759,#7760,#7761,#7762),(#7763,#7764,#7765,#7766,#7767,#7768,#7769,#7770,
#7771,#7772,#7773,#7774,#7775),(#7776,#7777,#7778,#7779,#7780,#7781,#7782,
#7783,#7784,#7785,#7786,#7787,#7788),(#7789,#7790,#7791,#7792,#7793,#7794,
#7795,#7796,#7797,#7798,#7799,#7800,#7801),(#7802,#7803,#7804,#7805,#7806,
#7807,#7808,#7809,#7810,#7811,#7812,#7813,#7814),(#7815,#7816,#7817,#7818,
#7819,#7820,#7821,#7822,#7823,#7824,#7825,#7826,#7827),(#7828,#7829,#7830,
#7831,#7832,#7833,#7834,#7835,#7836,#7837,#7838,#7839,#7840),(#7841,#7842,
#7843,#7844,#7845,#7846,#7847,#7848,#7849,#7850,#7851,#7852,#7853),(#7854,
#7855,#7856,#7857,#7858,#7859,#7860,#7861,#7862,#7863,#7864,#7865,#7866),
(#7867,#7868,#7869,#7870,#7871,#7872,#7873,#7874,#7875,#7876,#7877,#7878,
#7879),(#7880,#7881,#7882,#7883,#7884,#7885,#7886,#7887,#7888,#7889,#7890,
#7891,#7892),(#7893,#7894,#7895,#7896,#7897,#7898,#7899,#7900,#7901,#7902,
#7903,#7904,#7905),(#7906,#7907,#7908,#7909,#7910,#7911,#7912,#7913,#7914,
#7915,#7916,#7917,#7918),(#7919,#7920,#7921,#7922,#7923,#7924,#7925,#7926,
#7927,#7928,#7929,#7930,#7931),(#7932,#7933,#7934,#7935,#7936,#7937,#7938,
#7939,#7940,#7941,#7942,#7943,#7944),(#7945,#7946,#7947,#7948,#7949,#7950,
#7951,#7952,#7953,#7954,#7955,#7956,#7957),(#7958,#7959,#7960,#7961,#7962,
#7963,#7964,#7965,#7966,#7967,#7968,#7969,#7970),(#7971,#7972,#7973,#7974,
#7975,#7976,#7977,#7978,#7979,#7980,#7981,#7982,#7983),(#7984,#7985,#7986,
#7987,#7988,#7989,#7990,#7991,#7992,#7993,#7994,#7995,#7996),(#7997,#7998,
#7999,#8000,#8001,#8002,#8003,#8004,#8005,#8006,#8007,#8008,#8009),(#8010,
#8011,#8012,#8013,#8014,#8015,#8016,#8017,#8018,#8019,#8020,#8021,#8022),
(#8023,#8024,#8025,#8026,#8027,#8028,#8029,#8030,#8031,#8032,#8033,#8034,
#8035),(#8036,#8037,#8038,#8039,#8040,#8041,#8042,#8043,#8044,#8045,#8046,
#8047,#8048),(#8049,#8050,#8051,#8052,#8053,#8054,#8055,#8056,#8057,#8058,
#8059,#8060,#8061),(#8062,#8063,#8064,#8065,#8066,#8067,#8068,#8069,#8070,
#8071,#8072,#8073,#8074),(#8075,#8076,#8077,#8078,#8079,#8080,#8081,#8082,
#8083,#8084,#8085,#8086,#8087),(#8088,#8089,#8090,#8091,#8092,#8093,#8094,
#8095,#8096,#8097,#8098,#8099,#8100),(#8101,#8102,#8103,#8104,#8105,#8106,
#8107,#8108,#8109,#8110,#8111,#8112,#8113),(#8114,#8115,#8116,#8117,#8118,
#8119,#8120,#8121,#8122,#8123,#8124,#8125,#8126),(#8127,#8128,#8129,#8130,
#8131,#8132,#8133,#8134,#8135,#8136,#8137,#8138,#8139),(#8140,#8141,#8142,
#8143,#8144,#8145,#8146,#8147,#8148,#8149,#8150,#8151,#8152),(#8153,#8154,
#8155,#8156,#8157,#8158,#8159,#8160,#8161,#8162,#8163,#8164,#8165),(#8166,
#8167,#8168,#8169,#8170,#8171,#8172,#8173,#8174,#8175,#8176,#8177,#8178),
(#8179,#8180,#8181,#8182,#8183,#8184,#8185,#8186,#8187,#8188,#8189,#8190,
#8191),(#8192,#8193,#8194,#8195,#8196,#8197,#8198,#8199,#8200,#8201,#8202,
#8203,#8204),(#8205,#8206,#8207,#8208,#8209,#8210,#8211,#8212,#8213,#8214,
#8215,#8216,#8217),(#8218,#8219,#8220,#8221,#8222,#8223,#8224,#8225,#8226,
#8227,#8228,#8229,#8230),(#8231,#8232,#8233,#8234,#8235,#8236,#8237,#8238,
#8239,#8240,#8241,#8242,#8243),(#8244,#8245,#8246,#8247,#8248,#8249,#8250,
#8251,#8252,#8253,#8254,#8255,#8256),(#8257,#8258,#8259,#8260,#8261,#8262,
#8263,#8264,#8265,#8266,#8267,#8268,#8269),(#8270,#8271,#8272,#8273,#8274,
#8275,#8276,#8277,#8278,#8279,#8280,#8281,#8282),(#8283,#8284,#8285,#8286,
#8287,#8288,#8289,#8290,#8291,#8292,#8293,#8294,#8295),(#8296,#8297,#8298,
#8299,#8300,#8301,#8302,#8303,#8304,#8305,#8306,#8307,#8308)),
 .UNSPECIFIED.,.T.,.F.,.F.,(4,2,2,2,1,2,2,1,2,2,2,2,2,1,2,2,2,2,2,2,2,1,
2,2,2,2,2,2,2,1,2,2,2,4),(4,1,1,1,1,1,1,1,1,1,4),(0.,0.062489461068865,
0.114595919040933,0.114999995007403,0.125030828589748,0.135061662172093,
0.16263295746117,0.194915848075653,0.227198738690136,0.250006548025385,
0.301863099832779,0.357524480206534,0.364965791346384,0.374998833506326,
0.385031875666269,0.406722354979583,0.470420371971388,0.5000571936581,0.539509995166106,
0.596581647244321,0.614989711652932,0.625025433914426,0.635061156175919,
0.647699794528636,0.70449917523077,0.750050955381609,0.778395038250536,
0.836096268374809,0.865020088523012,0.874832922771195,0.884645757019379,
0.885085987637824,0.937275607797513,1.),(0.,0.142857142857143,0.285714285714286,
0.428571428571429,0.5,0.571428571428571,0.642857142857143,0.785714285714286,
0.857142857142857,0.928571428571429,1.),.UNSPECIFIED.);
#125=B_SPLINE_SURFACE_WITH_KNOTS('',3,3,((#8340,#8341,#8342,#8343,#8344),
(#8345,#8346,#8347,#8348,#8349),(#8350,#8351,#8352,#8353,#8354),(#8355,
#8356,#8357,#8358,#8359),(#8360,#8361,#8362,#8363,#8364),(#8365,#8366,#8367,
#8368,#8369),(#8370,#8371,#8372,#8373,#8374),(#8375,#8376,#8377,#8378,#8379),
(#8380,#8381,#8382,#8383,#8384),(#8385,#8386,#8387,#8388,#8389),(#8390,
#8391,#8392,#8393,#8394),(#8395,#8396,#8397,#8398,#8399),(#8400,#8401,#8402,
#8403,#8404),(#8405,#8406,#8407,#8408,#8409)),.UNSPECIFIED.,.F.,.F.,.F.,
(4,1,2,1,1,1,1,2,1,4),(4,1,4),(0.,0.101554018592074,0.169256697653456,0.301554019416559,
0.433851341179662,0.566148662942765,0.698445984705868,0.830743306468971,
0.898445983881382,1.),(0.19838801917912,0.541936010959497,1.),
 .UNSPECIFIED.);
#126=SHAPE_REPRESENTATION_RELATIONSHIP('SRR','None',#8427,#128);
#127=SHAPE_REPRESENTATION_RELATIONSHIP('SRR','None',#8426,#129);
#128=ADVANCED_BREP_SHAPE_REPRESENTATION('',(#132),#8415);
#129=ADVANCED_BREP_SHAPE_REPRESENTATION('',(#133),#8414);
#130=STYLED_ITEM('',(#8440),#132);
#131=STYLED_ITEM('',(#8440),#133);
#132=MANIFOLD_SOLID_BREP('Body1',#1202);
#133=MANIFOLD_SOLID_BREP('Body3',#1203);
#134=TOROIDAL_SURFACE('',#1267,2.55,0.2);
#135=TOROIDAL_SURFACE('',#1272,3.,0.25);
#136=FACE_BOUND('',#389,.T.);
#137=FACE_BOUND('',#394,.T.);
#138=FACE_BOUND('',#417,.T.);
#139=PLANE('',#1255);
#140=PLANE('',#1256);
#141=PLANE('',#1259);
#142=PLANE('',#1260);
#143=PLANE('',#1261);
#144=PLANE('',#1264);
#145=PLANE('',#1265);
#146=PLANE('',#1275);
#147=PLANE('',#1276);
#148=PLANE('',#1280);
#149=PLANE('',#1281);
#150=PLANE('',#1282);
#151=PLANE('',#1284);
#152=PLANE('',#1285);
#153=PLANE('',#1286);
#154=PLANE('',#1295);
#155=PLANE('',#1296);
#156=ELLIPSE('',#1221,0.282842712474619,0.2);
#157=ELLIPSE('',#1223,0.282842712474619,0.2);
#158=ELLIPSE('',#1226,0.282842712474619,0.2);
#159=ELLIPSE('',#1228,0.282842712474619,0.2);
#160=ELLIPSE('',#1231,0.282842712474619,0.2);
#161=ELLIPSE('',#1237,0.282842712474619,0.2);
#162=ELLIPSE('',#1240,0.282842712474619,0.2);
#163=ELLIPSE('',#1250,0.282842712474619,0.2);
#164=LINE('',#1623,#217);
#165=LINE('',#1627,#218);
#166=LINE('',#1631,#219);
#167=LINE('',#1634,#220);
#168=LINE('',#1638,#221);
#169=LINE('',#1642,#222);
#170=LINE('',#1646,#223);
#171=LINE('',#1649,#224);
#172=LINE('',#1653,#225);
#173=LINE('',#1657,#226);
#174=LINE('',#1674,#227);
#175=LINE('',#1675,#228);
#176=LINE('',#1678,#229);
#177=LINE('',#1680,#230);
#178=LINE('',#1685,#231);
#179=LINE('',#1689,#232);
#180=LINE('',#1706,#233);
#181=LINE('',#1707,#234);
#182=LINE('',#1723,#235);
#183=LINE('',#1724,#236);
#184=LINE('',#1727,#237);
#185=LINE('',#1729,#238);
#186=LINE('',#1746,#239);
#187=LINE('',#1747,#240);
#188=LINE('',#1750,#241);
#189=LINE('',#1752,#242);
#190=LINE('',#1753,#243);
#191=LINE('',#1756,#244);
#192=LINE('',#1757,#245);
#193=LINE('',#1760,#246);
#194=LINE('',#1764,#247);
#195=LINE('',#1765,#248);
#196=LINE('',#1768,#249);
#197=LINE('',#1769,#250);
#198=LINE('',#1772,#251);
#199=LINE('',#1773,#252);
#200=LINE('',#1776,#253);
#201=LINE('',#1780,#254);
#202=LINE('',#1781,#255);
#203=LINE('',#1791,#256);
#204=LINE('',#1802,#257);
#205=LINE('',#1804,#258);
#206=LINE('',#1806,#259);
#207=LINE('',#1810,#260);
#208=LINE('',#1812,#261);
#209=LINE('',#1813,#262);
#210=LINE('',#1815,#263);
#211=LINE('',#1816,#264);
#212=LINE('',#1819,#265);
#213=LINE('',#1821,#266);
#214=LINE('',#1823,#267);
#215=LINE('',#1825,#268);
#216=LINE('',#1827,#269);
#217=VECTOR('',#1306,10.);
#218=VECTOR('',#1309,10.);
#219=VECTOR('',#1314,10.);
#220=VECTOR('',#1317,10.);
#221=VECTOR('',#1320,10.);
#222=VECTOR('',#1323,10.);
#223=VECTOR('',#1328,10.);
#224=VECTOR('',#1331,10.);
#225=VECTOR('',#1334,10.);
#226=VECTOR('',#1337,10.);
#227=VECTOR('',#1348,10.);
#228=VECTOR('',#1349,10.);
#229=VECTOR('',#1352,10.);
#230=VECTOR('',#1353,10.);
#231=VECTOR('',#1358,10.);
#232=VECTOR('',#1361,10.);
#233=VECTOR('',#1372,10.);
#234=VECTOR('',#1373,10.);
#235=VECTOR('',#1382,10.);
#236=VECTOR('',#1383,10.);
#237=VECTOR('',#1386,10.);
#238=VECTOR('',#1387,10.);
#239=VECTOR('',#1398,10.);
#240=VECTOR('',#1399,10.);
#241=VECTOR('',#1402,10.);
#242=VECTOR('',#1403,10.);
#243=VECTOR('',#1404,10.);
#244=VECTOR('',#1407,10.);
#245=VECTOR('',#1408,10.);
#246=VECTOR('',#1411,10.);
#247=VECTOR('',#1416,10.);
#248=VECTOR('',#1417,10.);
#249=VECTOR('',#1420,10.);
#250=VECTOR('',#1421,10.);
#251=VECTOR('',#1424,10.);
#252=VECTOR('',#1425,10.);
#253=VECTOR('',#1428,10.);
#254=VECTOR('',#1433,10.);
#255=VECTOR('',#1434,10.);
#256=VECTOR('',#1447,2.75);
#257=VECTOR('',#1462,10.);
#258=VECTOR('',#1463,10.);
#259=VECTOR('',#1464,10.);
#260=VECTOR('',#1467,10.);
#261=VECTOR('',#1468,10.);
#262=VECTOR('',#1469,10.);
#263=VECTOR('',#1472,10.);
#264=VECTOR('',#1473,10.);
#265=VECTOR('',#1478,10.);
#266=VECTOR('',#1481,10.);
#267=VECTOR('',#1484,10.);
#268=VECTOR('',#1487,10.);
#269=VECTOR('',#1490,10.);
#270=CYLINDRICAL_SURFACE('',#1219,0.2);
#271=CYLINDRICAL_SURFACE('',#1222,0.2);
#272=CYLINDRICAL_SURFACE('',#1224,0.2);
#273=CYLINDRICAL_SURFACE('',#1227,0.2);
#274=CYLINDRICAL_SURFACE('',#1229,0.2);
#275=CYLINDRICAL_SURFACE('',#1235,0.2);
#276=CYLINDRICAL_SURFACE('',#1236,0.2);
#277=CYLINDRICAL_SURFACE('',#1238,0.2);
#278=CYLINDRICAL_SURFACE('',#1244,0.2);
#279=CYLINDRICAL_SURFACE('',#1248,0.2);
#280=CYLINDRICAL_SURFACE('',#1249,0.2);
#281=CYLINDRICAL_SURFACE('',#1254,0.2);
#282=CYLINDRICAL_SURFACE('',#1257,0.3);
#283=CYLINDRICAL_SURFACE('',#1262,0.3);
#284=CYLINDRICAL_SURFACE('',#1270,2.75);
#285=CYLINDRICAL_SURFACE('',#1279,0.3);
#286=CYLINDRICAL_SURFACE('',#1283,0.3);
#287=FACE_OUTER_BOUND('',#363,.T.);
#288=FACE_OUTER_BOUND('',#364,.T.);
#289=FACE_OUTER_BOUND('',#365,.T.);
#290=FACE_OUTER_BOUND('',#366,.T.);
#291=FACE_OUTER_BOUND('',#367,.T.);
#292=FACE_OUTER_BOUND('',#368,.T.);
#293=FACE_OUTER_BOUND('',#369,.T.);
#294=FACE_OUTER_BOUND('',#370,.T.);
#295=FACE_OUTER_BOUND('',#371,.T.);
#296=FACE_OUTER_BOUND('',#372,.T.);
#297=FACE_OUTER_BOUND('',#373,.T.);
#298=FACE_OUTER_BOUND('',#374,.T.);
#299=FACE_OUTER_BOUND('',#375,.T.);
#300=FACE_OUTER_BOUND('',#376,.T.);
#301=FACE_OUTER_BOUND('',#377,.T.);
#302=FACE_OUTER_BOUND('',#378,.T.);
#303=FACE_OUTER_BOUND('',#379,.T.);
#304=FACE_OUTER_BOUND('',#380,.T.);
#305=FACE_OUTER_BOUND('',#381,.T.);
#306=FACE_OUTER_BOUND('',#382,.T.);
#307=FACE_OUTER_BOUND('',#383,.T.);
#308=FACE_OUTER_BOUND('',#384,.T.);
#309=FACE_OUTER_BOUND('',#385,.T.);
#310=FACE_OUTER_BOUND('',#386,.T.);
#311=FACE_OUTER_BOUND('',#387,.T.);
#312=FACE_OUTER_BOUND('',#388,.T.);
#313=FACE_OUTER_BOUND('',#390,.T.);
#314=FACE_OUTER_BOUND('',#391,.T.);
#315=FACE_OUTER_BOUND('',#392,.T.);
#316=FACE_OUTER_BOUND('',#393,.T.);
#317=FACE_OUTER_BOUND('',#395,.T.);
#318=FACE_OUTER_BOUND('',#396,.T.);
#319=FACE_OUTER_BOUND('',#397,.T.);
#320=FACE_OUTER_BOUND('',#398,.T.);
#321=FACE_OUTER_BOUND('',#399,.T.);
#322=FACE_OUTER_BOUND('',#400,.T.);
#323=FACE_OUTER_BOUND('',#401,.T.);
#324=FACE_OUTER_BOUND('',#402,.T.);
#325=FACE_OUTER_BOUND('',#403,.T.);
#326=FACE_OUTER_BOUND('',#404,.T.);
#327=FACE_OUTER_BOUND('',#405,.T.);
#328=FACE_OUTER_BOUND('',#406,.T.);
#329=FACE_OUTER_BOUND('',#407,.T.);
#330=FACE_OUTER_BOUND('',#408,.T.);
#331=FACE_OUTER_BOUND('',#409,.T.);
#332=FACE_OUTER_BOUND('',#410,.T.);
#333=FACE_OUTER_BOUND('',#411,.T.);
#334=FACE_OUTER_BOUND('',#412,.T.);
#335=FACE_OUTER_BOUND('',#413,.T.);
#336=FACE_OUTER_BOUND('',#414,.T.);
#337=FACE_OUTER_BOUND('',#415,.T.);
#338=FACE_OUTER_BOUND('',#416,.T.);
#339=FACE_OUTER_BOUND('',#418,.T.);
#340=FACE_OUTER_BOUND('',#419,.T.);
#341=FACE_OUTER_BOUND('',#420,.T.);
#342=FACE_OUTER_BOUND('',#421,.T.);
#343=FACE_OUTER_BOUND('',#422,.T.);
#344=FACE_OUTER_BOUND('',#423,.T.);
#345=FACE_OUTER_BOUND('',#424,.T.);
#346=FACE_OUTER_BOUND('',#425,.T.);
#347=FACE_OUTER_BOUND('',#426,.T.);
#348=FACE_OUTER_BOUND('',#427,.T.);
#349=FACE_OUTER_BOUND('',#428,.T.);
#350=FACE_OUTER_BOUND('',#429,.T.);
#351=FACE_OUTER_BOUND('',#430,.T.);
#352=FACE_OUTER_BOUND('',#431,.T.);
#353=FACE_OUTER_BOUND('',#432,.T.);
#354=FACE_OUTER_BOUND('',#433,.T.);
#355=FACE_OUTER_BOUND('',#434,.T.);
#356=FACE_OUTER_BOUND('',#435,.T.);
#357=FACE_OUTER_BOUND('',#436,.T.);
#358=FACE_OUTER_BOUND('',#437,.T.);
#359=FACE_OUTER_BOUND('',#438,.T.);
#360=FACE_OUTER_BOUND('',#439,.T.);
#361=FACE_OUTER_BOUND('',#440,.T.);
#362=FACE_OUTER_BOUND('',#441,.T.);
#363=EDGE_LOOP('',(#767,#768,#769));
#364=EDGE_LOOP('',(#770,#771,#772,#773));
#365=EDGE_LOOP('',(#774,#775,#776,#777));
#366=EDGE_LOOP('',(#778,#779,#780,#781));
#367=EDGE_LOOP('',(#782,#783,#784,#785));
#368=EDGE_LOOP('',(#786,#787,#788,#789));
#369=EDGE_LOOP('',(#790,#791,#792,#793));
#370=EDGE_LOOP('',(#794,#795,#796,#797));
#371=EDGE_LOOP('',(#798,#799,#800,#801));
#372=EDGE_LOOP('',(#802,#803,#804,#805));
#373=EDGE_LOOP('',(#806,#807,#808,#809));
#374=EDGE_LOOP('',(#810,#811,#812,#813));
#375=EDGE_LOOP('',(#814,#815,#816,#817));
#376=EDGE_LOOP('',(#818,#819,#820,#821));
#377=EDGE_LOOP('',(#822,#823,#824,#825));
#378=EDGE_LOOP('',(#826,#827,#828,#829));
#379=EDGE_LOOP('',(#830,#831,#832,#833));
#380=EDGE_LOOP('',(#834,#835,#836,#837));
#381=EDGE_LOOP('',(#838,#839,#840,#841));
#382=EDGE_LOOP('',(#842,#843,#844,#845));
#383=EDGE_LOOP('',(#846,#847,#848,#849));
#384=EDGE_LOOP('',(#850,#851,#852,#853));
#385=EDGE_LOOP('',(#854,#855,#856,#857));
#386=EDGE_LOOP('',(#858,#859,#860,#861));
#387=EDGE_LOOP('',(#862,#863,#864,#865));
#388=EDGE_LOOP('',(#866));
#389=EDGE_LOOP('',(#867,#868,#869,#870,#871,#872,#873,#874,#875,#876,#877,
#878,#879,#880,#881,#882));
#390=EDGE_LOOP('',(#883,#884,#885,#886));
#391=EDGE_LOOP('',(#887,#888,#889,#890));
#392=EDGE_LOOP('',(#891,#892,#893,#894));
#393=EDGE_LOOP('',(#895));
#394=EDGE_LOOP('',(#896));
#395=EDGE_LOOP('',(#897,#898,#899,#900,#901,#902,#903,#904,#905,#906,#907,
#908,#909,#910,#911,#912));
#396=EDGE_LOOP('',(#913,#914,#915,#916));
#397=EDGE_LOOP('',(#917,#918,#919,#920));
#398=EDGE_LOOP('',(#921,#922,#923,#924));
#399=EDGE_LOOP('',(#925,#926,#927,#928));
#400=EDGE_LOOP('',(#929,#930,#931,#932));
#401=EDGE_LOOP('',(#933,#934,#935,#936));
#402=EDGE_LOOP('',(#937,#938,#939,#940));
#403=EDGE_LOOP('',(#941,#942,#943,#944));
#404=EDGE_LOOP('',(#945,#946,#947,#948));
#405=EDGE_LOOP('',(#949,#950,#951,#952));
#406=EDGE_LOOP('',(#953,#954,#955,#956,#957));
#407=EDGE_LOOP('',(#958,#959,#960,#961));
#408=EDGE_LOOP('',(#962,#963,#964,#965));
#409=EDGE_LOOP('',(#966,#967,#968,#969));
#410=EDGE_LOOP('',(#970,#971,#972,#973,#974));
#411=EDGE_LOOP('',(#975,#976,#977,#978));
#412=EDGE_LOOP('',(#979,#980,#981,#982));
#413=EDGE_LOOP('',(#983,#984,#985,#986,#987,#988,#989,#990));
#414=EDGE_LOOP('',(#991,#992,#993,#994));
#415=EDGE_LOOP('',(#995,#996,#997,#998,#999));
#416=EDGE_LOOP('',(#1000,#1001,#1002,#1003,#1004,#1005,#1006,#1007));
#417=EDGE_LOOP('',(#1008));
#418=EDGE_LOOP('',(#1009,#1010,#1011,#1012,#1013));
#419=EDGE_LOOP('',(#1014,#1015,#1016,#1017));
#420=EDGE_LOOP('',(#1018,#1019,#1020,#1021));
#421=EDGE_LOOP('',(#1022,#1023,#1024,#1025));
#422=EDGE_LOOP('',(#1026,#1027,#1028,#1029,#1030));
#423=EDGE_LOOP('',(#1031,#1032,#1033,#1034));
#424=EDGE_LOOP('',(#1035,#1036,#1037,#1038));
#425=EDGE_LOOP('',(#1039,#1040,#1041,#1042));
#426=EDGE_LOOP('',(#1043,#1044,#1045,#1046));
#427=EDGE_LOOP('',(#1047,#1048,#1049,#1050));
#428=EDGE_LOOP('',(#1051,#1052,#1053,#1054,#1055,#1056));
#429=EDGE_LOOP('',(#1057,#1058,#1059,#1060));
#430=EDGE_LOOP('',(#1061,#1062,#1063,#1064,#1065));
#431=EDGE_LOOP('',(#1066,#1067,#1068,#1069));
#432=EDGE_LOOP('',(#1070,#1071,#1072,#1073,#1074,#1075));
#433=EDGE_LOOP('',(#1076,#1077,#1078,#1079,#1080,#1081));
#434=EDGE_LOOP('',(#1082,#1083,#1084,#1085));
#435=EDGE_LOOP('',(#1086,#1087,#1088,#1089));
#436=EDGE_LOOP('',(#1090,#1091,#1092,#1093,#1094,#1095,#1096,#1097));
#437=EDGE_LOOP('',(#1098,#1099,#1100,#1101));
#438=EDGE_LOOP('',(#1102,#1103,#1104));
#439=EDGE_LOOP('',(#1105));
#440=EDGE_LOOP('',(#1106,#1107,#1108,#1109));
#441=EDGE_LOOP('',(#1110,#1111,#1112,#1113,#1114,#1115,#1116,#1117,#1118,
#1119,#1120));
#442=CIRCLE('',#1218,4.);
#443=CIRCLE('',#1220,0.2);
#444=CIRCLE('',#1225,0.2);
#445=CIRCLE('',#1230,0.2);
#446=CIRCLE('',#1232,0.2);
#447=CIRCLE('',#1233,0.1);
#448=CIRCLE('',#1234,0.3);
#449=CIRCLE('',#1239,0.2);
#450=CIRCLE('',#1241,0.2);
#451=CIRCLE('',#1242,0.0999999999999997);
#452=CIRCLE('',#1243,0.3);
#453=CIRCLE('',#1245,0.2);
#454=CIRCLE('',#1246,0.0999999999999998);
#455=CIRCLE('',#1247,0.3);
#456=CIRCLE('',#1251,0.2);
#457=CIRCLE('',#1252,0.0999999999999998);
#458=CIRCLE('',#1253,0.3);
#459=CIRCLE('',#1258,0.3);
#460=CIRCLE('',#1263,0.3);
#461=CIRCLE('',#1266,2.55);
#462=CIRCLE('',#1268,0.2);
#463=CIRCLE('',#1269,2.75);
#464=CIRCLE('',#1271,2.75);
#465=CIRCLE('',#1273,3.);
#466=CIRCLE('',#1274,0.25);
#467=CIRCLE('',#1277,0.3);
#468=CIRCLE('',#1278,0.3);
#469=CIRCLE('',#1287,0.2);
#470=CIRCLE('',#1288,0.2);
#471=CIRCLE('',#1289,0.200000000000001);
#472=CIRCLE('',#1290,0.199999999999997);
#473=CIRCLE('',#1291,0.2);
#474=CIRCLE('',#1292,0.199999999999997);
#475=CIRCLE('',#1293,0.200000000000001);
#476=CIRCLE('',#1294,0.200000000000001);
#477=(
BOUNDED_CURVE()
B_SPLINE_CURVE(5,(#1609,#1610,#1611,#1612,#1613,#1614,#1615,#1616,#1617,
#1618),.UNSPECIFIED.,.F.,.F.)
B_SPLINE_CURVE_WITH_KNOTS((6,1,1,1,1,6),(0.,0.2,0.4,0.6,0.8,1.),
 .UNSPECIFIED.)
CURVE()
GEOMETRIC_REPRESENTATION_ITEM()
RATIONAL_B_SPLINE_CURVE((1.,1.,1.,1.,1.,1.,1.,1.,1.,1.))
REPRESENTATION_ITEM('')
);
#478=(
BOUNDED_CURVE()
B_SPLINE_CURVE(5,(#6925,#6926,#6927,#6928,#6929,#6930,#6931,#6932,#6933),
 .UNSPECIFIED.,.F.,.F.)
B_SPLINE_CURVE_WITH_KNOTS((6,1,1,1,6),(0.199898562291667,0.2,0.4,0.6,0.774843410172474),
 .UNSPECIFIED.)
CURVE()
GEOMETRIC_REPRESENTATION_ITEM()
RATIONAL_B_SPLINE_CURVE((1.,1.,1.,1.,1.,1.,1.,1.,1.))
REPRESENTATION_ITEM('')
);
#479=(
BOUNDED_CURVE()
B_SPLINE_CURVE(5,(#6971,#6972,#6973,#6974,#6975,#6976,#6977),
 .UNSPECIFIED.,.F.,.F.)
B_SPLINE_CURVE_WITH_KNOTS((6,1,6),(0.774843410172474,0.8,1.),
 .UNSPECIFIED.)
CURVE()
GEOMETRIC_REPRESENTATION_ITEM()
RATIONAL_B_SPLINE_CURVE((1.,1.,1.,1.,1.,1.,1.))
REPRESENTATION_ITEM('')
);
#480=(
BOUNDED_CURVE()
B_SPLINE_CURVE(5,(#7015,#7016,#7017,#7018,#7019,#7020,#7021),
 .UNSPECIFIED.,.F.,.F.)
B_SPLINE_CURVE_WITH_KNOTS((6,1,6),(0.774843417417914,0.8,1.),
 .UNSPECIFIED.)
CURVE()
GEOMETRIC_REPRESENTATION_ITEM()
RATIONAL_B_SPLINE_CURVE((1.,1.,1.,1.,1.,1.,1.))
REPRESENTATION_ITEM('')
);
#481=(
BOUNDED_CURVE()
B_SPLINE_CURVE(5,(#7416,#7417,#7418,#7419,#7420,#7421,#7422,#7423,#7424),
 .UNSPECIFIED.,.F.,.F.)
B_SPLINE_CURVE_WITH_KNOTS((6,1,1,1,6),(0.199885032091786,0.2,0.4,0.6,0.774843417417914),
 .UNSPECIFIED.)
CURVE()
GEOMETRIC_REPRESENTATION_ITEM()
RATIONAL_B_SPLINE_CURVE((1.,1.,1.,1.,1.,1.,1.,1.,1.))
REPRESENTATION_ITEM('')
);
#482=VERTEX_POINT('',#1607);
#483=VERTEX_POINT('',#1608);
#484=VERTEX_POINT('',#1621);
#485=VERTEX_POINT('',#1622);
#486=VERTEX_POINT('',#1624);
#487=VERTEX_POINT('',#1626);
#488=VERTEX_POINT('',#1630);
#489=VERTEX_POINT('',#1632);
#490=VERTEX_POINT('',#1636);
#491=VERTEX_POINT('',#1637);
#492=VERTEX_POINT('',#1639);
#493=VERTEX_POINT('',#1641);
#494=VERTEX_POINT('',#1645);
#495=VERTEX_POINT('',#1647);
#496=VERTEX_POINT('',#1651);
#497=VERTEX_POINT('',#1652);
#498=VERTEX_POINT('',#1654);
#499=VERTEX_POINT('',#1656);
#500=VERTEX_POINT('',#1668);
#501=VERTEX_POINT('',#1669);
#502=VERTEX_POINT('',#1677);
#503=VERTEX_POINT('',#1679);
#504=VERTEX_POINT('',#1683);
#505=VERTEX_POINT('',#1684);
#506=VERTEX_POINT('',#1686);
#507=VERTEX_POINT('',#1688);
#508=VERTEX_POINT('',#1700);
#509=VERTEX_POINT('',#1701);
#510=VERTEX_POINT('',#1717);
#511=VERTEX_POINT('',#1718);
#512=VERTEX_POINT('',#1726);
#513=VERTEX_POINT('',#1728);
#514=VERTEX_POINT('',#1740);
#515=VERTEX_POINT('',#1741);
#516=VERTEX_POINT('',#1749);
#517=VERTEX_POINT('',#1751);
#518=VERTEX_POINT('',#1755);
#519=VERTEX_POINT('',#1759);
#520=VERTEX_POINT('',#1763);
#521=VERTEX_POINT('',#1767);
#522=VERTEX_POINT('',#1771);
#523=VERTEX_POINT('',#1775);
#524=VERTEX_POINT('',#1779);
#525=VERTEX_POINT('',#1783);
#526=VERTEX_POINT('',#1786);
#527=VERTEX_POINT('',#1790);
#528=VERTEX_POINT('',#1794);
#529=VERTEX_POINT('',#1799);
#530=VERTEX_POINT('',#1800);
#531=VERTEX_POINT('',#1803);
#532=VERTEX_POINT('',#1805);
#533=VERTEX_POINT('',#1807);
#534=VERTEX_POINT('',#1809);
#535=VERTEX_POINT('',#1811);
#536=VERTEX_POINT('',#1919);
#537=VERTEX_POINT('',#1920);
#538=VERTEX_POINT('',#1922);
#539=VERTEX_POINT('',#1933);
#540=VERTEX_POINT('',#1994);
#541=VERTEX_POINT('',#1995);
#542=VERTEX_POINT('',#2081);
#543=VERTEX_POINT('',#2082);
#544=VERTEX_POINT('',#2098);
#545=VERTEX_POINT('',#2145);
#546=VERTEX_POINT('',#2146);
#547=VERTEX_POINT('',#2259);
#548=VERTEX_POINT('',#2260);
#549=VERTEX_POINT('',#2314);
#550=VERTEX_POINT('',#2315);
#551=VERTEX_POINT('',#2404);
#552=VERTEX_POINT('',#2405);
#553=VERTEX_POINT('',#2422);
#554=VERTEX_POINT('',#2535);
#555=VERTEX_POINT('',#2543);
#556=VERTEX_POINT('',#2761);
#557=VERTEX_POINT('',#2768);
#558=VERTEX_POINT('',#2795);
#559=VERTEX_POINT('',#2800);
#560=VERTEX_POINT('',#2852);
#561=VERTEX_POINT('',#2927);
#562=VERTEX_POINT('',#2933);
#563=VERTEX_POINT('',#2977);
#564=VERTEX_POINT('',#3069);
#565=VERTEX_POINT('',#3074);
#566=VERTEX_POINT('',#3079);
#567=VERTEX_POINT('',#3127);
#568=VERTEX_POINT('',#3180);
#569=VERTEX_POINT('',#3181);
#570=VERTEX_POINT('',#3242);
#571=VERTEX_POINT('',#3243);
#572=VERTEX_POINT('',#3304);
#573=VERTEX_POINT('',#3305);
#574=VERTEX_POINT('',#3319);
#575=VERTEX_POINT('',#3379);
#576=VERTEX_POINT('',#3497);
#577=VERTEX_POINT('',#3498);
#578=VERTEX_POINT('',#3504);
#579=VERTEX_POINT('',#3632);
#580=VERTEX_POINT('',#3742);
#581=VERTEX_POINT('',#3863);
#582=VERTEX_POINT('',#4000);
#583=VERTEX_POINT('',#6353);
#584=VERTEX_POINT('',#6354);
#585=VERTEX_POINT('',#6877);
#586=VERTEX_POINT('',#6918);
#587=VERTEX_POINT('',#6964);
#588=VERTEX_POINT('',#7008);
#589=VERTEX_POINT('',#7426);
#590=EDGE_CURVE('',#482,#483,#477,.T.);
#591=EDGE_CURVE('',#482,#482,#442,.T.);
#592=EDGE_CURVE('',#484,#485,#164,.T.);
#593=EDGE_CURVE('',#485,#486,#443,.T.);
#594=EDGE_CURVE('',#486,#487,#165,.T.);
#595=EDGE_CURVE('',#487,#484,#156,.T.);
#596=EDGE_CURVE('',#487,#488,#166,.T.);
#597=EDGE_CURVE('',#488,#489,#157,.T.);
#598=EDGE_CURVE('',#489,#484,#167,.T.);
#599=EDGE_CURVE('',#490,#491,#168,.T.);
#600=EDGE_CURVE('',#491,#492,#444,.T.);
#601=EDGE_CURVE('',#492,#493,#169,.T.);
#602=EDGE_CURVE('',#493,#490,#158,.T.);
#603=EDGE_CURVE('',#493,#494,#170,.T.);
#604=EDGE_CURVE('',#494,#495,#159,.T.);
#605=EDGE_CURVE('',#495,#490,#171,.T.);
#606=EDGE_CURVE('',#496,#497,#172,.T.);
#607=EDGE_CURVE('',#497,#498,#445,.T.);
#608=EDGE_CURVE('',#498,#499,#173,.T.);
#609=EDGE_CURVE('',#499,#496,#160,.T.);
#610=EDGE_CURVE('',#500,#501,#446,.T.);
#611=EDGE_CURVE('',#501,#498,#447,.T.);
#612=EDGE_CURVE('',#497,#500,#448,.T.);
#613=EDGE_CURVE('',#494,#501,#174,.T.);
#614=EDGE_CURVE('',#500,#495,#175,.T.);
#615=EDGE_CURVE('',#502,#496,#176,.T.);
#616=EDGE_CURVE('',#499,#503,#177,.T.);
#617=EDGE_CURVE('',#503,#502,#161,.T.);
#618=EDGE_CURVE('',#504,#505,#178,.T.);
#619=EDGE_CURVE('',#505,#506,#449,.T.);
#620=EDGE_CURVE('',#506,#507,#179,.T.);
#621=EDGE_CURVE('',#507,#504,#162,.T.);
#622=EDGE_CURVE('',#508,#509,#450,.T.);
#623=EDGE_CURVE('',#509,#506,#451,.T.);
#624=EDGE_CURVE('',#505,#508,#452,.T.);
#625=EDGE_CURVE('',#503,#509,#180,.T.);
#626=EDGE_CURVE('',#508,#502,#181,.T.);
#627=EDGE_CURVE('',#510,#511,#453,.T.);
#628=EDGE_CURVE('',#511,#492,#454,.T.);
#629=EDGE_CURVE('',#491,#510,#455,.T.);
#630=EDGE_CURVE('',#488,#511,#182,.T.);
#631=EDGE_CURVE('',#510,#489,#183,.T.);
#632=EDGE_CURVE('',#512,#504,#184,.T.);
#633=EDGE_CURVE('',#507,#513,#185,.T.);
#634=EDGE_CURVE('',#513,#512,#163,.T.);
#635=EDGE_CURVE('',#514,#515,#456,.T.);
#636=EDGE_CURVE('',#515,#486,#457,.T.);
#637=EDGE_CURVE('',#485,#514,#458,.T.);
#638=EDGE_CURVE('',#513,#515,#186,.T.);
#639=EDGE_CURVE('',#514,#512,#187,.T.);
#640=EDGE_CURVE('',#516,#495,#188,.T.);
#641=EDGE_CURVE('',#516,#517,#189,.T.);
#642=EDGE_CURVE('',#517,#490,#190,.T.);
#643=EDGE_CURVE('',#518,#500,#191,.T.);
#644=EDGE_CURVE('',#518,#516,#192,.T.);
#645=EDGE_CURVE('',#519,#497,#193,.T.);
#646=EDGE_CURVE('',#519,#518,#459,.T.);
#647=EDGE_CURVE('',#520,#496,#194,.T.);
#648=EDGE_CURVE('',#520,#519,#195,.T.);
#649=EDGE_CURVE('',#521,#502,#196,.T.);
#650=EDGE_CURVE('',#521,#520,#197,.T.);
#651=EDGE_CURVE('',#522,#508,#198,.T.);
#652=EDGE_CURVE('',#522,#521,#199,.T.);
#653=EDGE_CURVE('',#523,#505,#200,.T.);
#654=EDGE_CURVE('',#523,#522,#460,.T.);
#655=EDGE_CURVE('',#524,#504,#201,.T.);
#656=EDGE_CURVE('',#524,#523,#202,.T.);
#657=EDGE_CURVE('',#525,#525,#461,.T.);
#658=EDGE_CURVE('',#525,#526,#462,.T.);
#659=EDGE_CURVE('',#526,#526,#463,.T.);
#660=EDGE_CURVE('',#526,#527,#203,.T.);
#661=EDGE_CURVE('',#527,#527,#464,.T.);
#662=EDGE_CURVE('',#528,#528,#465,.T.);
#663=EDGE_CURVE('',#528,#527,#466,.T.);
#664=EDGE_CURVE('',#529,#530,#467,.T.);
#665=EDGE_CURVE('',#517,#529,#204,.T.);
#666=EDGE_CURVE('',#531,#524,#205,.T.);
#667=EDGE_CURVE('',#532,#531,#206,.T.);
#668=EDGE_CURVE('',#533,#532,#468,.T.);
#669=EDGE_CURVE('',#534,#533,#207,.T.);
#670=EDGE_CURVE('',#535,#534,#208,.T.);
#671=EDGE_CURVE('',#530,#535,#209,.T.);
#672=EDGE_CURVE('',#529,#491,#210,.T.);
#673=EDGE_CURVE('',#530,#510,#211,.T.);
#674=EDGE_CURVE('',#531,#512,#212,.T.);
#675=EDGE_CURVE('',#532,#514,#213,.T.);
#676=EDGE_CURVE('',#533,#485,#214,.T.);
#677=EDGE_CURVE('',#534,#484,#215,.T.);
#678=EDGE_CURVE('',#535,#489,#216,.T.);
#679=EDGE_CURVE('',#536,#537,#469,.T.);
#680=EDGE_CURVE('',#537,#538,#15,.T.);
#681=EDGE_CURVE('',#538,#539,#470,.T.);
#682=EDGE_CURVE('',#539,#536,#16,.T.);
#683=EDGE_CURVE('',#540,#541,#471,.T.);
#684=EDGE_CURVE('',#541,#537,#17,.T.);
#685=EDGE_CURVE('',#536,#540,#18,.T.);
#686=EDGE_CURVE('',#542,#543,#472,.T.);
#687=EDGE_CURVE('',#543,#541,#19,.T.);
#688=EDGE_CURVE('',#540,#544,#20,.T.);
#689=EDGE_CURVE('',#544,#542,#21,.T.);
#690=EDGE_CURVE('',#545,#546,#473,.T.);
#691=EDGE_CURVE('',#546,#543,#22,.T.);
#692=EDGE_CURVE('',#542,#545,#23,.T.);
#693=EDGE_CURVE('',#547,#548,#474,.T.);
#694=EDGE_CURVE('',#548,#546,#24,.T.);
#695=EDGE_CURVE('',#545,#547,#25,.T.);
#696=EDGE_CURVE('',#549,#550,#475,.T.);
#697=EDGE_CURVE('',#550,#548,#26,.T.);
#698=EDGE_CURVE('',#547,#549,#27,.T.);
#699=EDGE_CURVE('',#551,#552,#476,.T.);
#700=EDGE_CURVE('',#552,#550,#28,.T.);
#701=EDGE_CURVE('',#549,#553,#29,.T.);
#702=EDGE_CURVE('',#553,#551,#30,.T.);
#703=EDGE_CURVE('',#538,#552,#31,.T.);
#704=EDGE_CURVE('',#551,#539,#32,.T.);
#705=EDGE_CURVE('',#554,#542,#33,.T.);
#706=EDGE_CURVE('',#555,#554,#34,.T.);
#707=EDGE_CURVE('',#555,#545,#35,.T.);
#708=EDGE_CURVE('',#556,#540,#36,.T.);
#709=EDGE_CURVE('',#557,#556,#37,.T.);
#710=EDGE_CURVE('',#558,#557,#38,.T.);
#711=EDGE_CURVE('',#559,#558,#39,.T.);
#712=EDGE_CURVE('',#554,#559,#40,.T.);
#713=EDGE_CURVE('',#560,#536,#41,.T.);
#714=EDGE_CURVE('',#556,#560,#42,.T.);
#715=EDGE_CURVE('',#561,#539,#43,.T.);
#716=EDGE_CURVE('',#562,#561,#44,.T.);
#717=EDGE_CURVE('',#560,#562,#45,.T.);
#718=EDGE_CURVE('',#563,#563,#46,.T.);
#719=EDGE_CURVE('',#564,#554,#47,.T.);
#720=EDGE_CURVE('',#559,#565,#48,.T.);
#721=EDGE_CURVE('',#565,#566,#49,.T.);
#722=EDGE_CURVE('',#566,#564,#50,.T.);
#723=EDGE_CURVE('',#567,#555,#51,.T.);
#724=EDGE_CURVE('',#564,#567,#52,.T.);
#725=EDGE_CURVE('',#568,#569,#53,.T.);
#726=EDGE_CURVE('',#569,#555,#54,.T.);
#727=EDGE_CURVE('',#567,#568,#55,.T.);
#728=EDGE_CURVE('',#570,#571,#56,.T.);
#729=EDGE_CURVE('',#571,#569,#57,.T.);
#730=EDGE_CURVE('',#568,#570,#58,.T.);
#731=EDGE_CURVE('',#572,#573,#59,.T.);
#732=EDGE_CURVE('',#573,#571,#60,.T.);
#733=EDGE_CURVE('',#570,#574,#61,.T.);
#734=EDGE_CURVE('',#574,#572,#62,.T.);
#735=EDGE_CURVE('',#575,#565,#63,.T.);
#736=EDGE_CURVE('',#558,#575,#64,.T.);
#737=EDGE_CURVE('',#576,#577,#65,.T.);
#738=EDGE_CURVE('',#577,#578,#66,.T.);
#739=EDGE_CURVE('',#578,#561,#67,.T.);
#740=EDGE_CURVE('',#561,#576,#68,.T.);
#741=EDGE_CURVE('',#579,#562,#69,.T.);
#742=EDGE_CURVE('',#578,#579,#70,.T.);
#743=EDGE_CURVE('',#580,#560,#71,.T.);
#744=EDGE_CURVE('',#579,#580,#72,.T.);
#745=EDGE_CURVE('',#581,#556,#73,.T.);
#746=EDGE_CURVE('',#580,#581,#74,.T.);
#747=EDGE_CURVE('',#581,#582,#75,.T.);
#748=EDGE_CURVE('',#582,#575,#76,.T.);
#749=EDGE_CURVE('',#583,#584,#77,.T.);
#750=EDGE_CURVE('',#583,#577,#78,.T.);
#751=EDGE_CURVE('',#576,#584,#79,.T.);
#752=EDGE_CURVE('',#584,#585,#80,.T.);
#753=EDGE_CURVE('',#585,#573,#81,.T.);
#754=EDGE_CURVE('',#572,#583,#82,.T.);
#755=EDGE_CURVE('',#582,#586,#83,.T.);
#756=EDGE_CURVE('',#565,#586,#478,.T.);
#757=EDGE_CURVE('',#587,#579,#84,.T.);
#758=EDGE_CURVE('',#586,#587,#479,.T.);
#759=EDGE_CURVE('',#588,#583,#85,.T.);
#760=EDGE_CURVE('',#588,#587,#480,.T.);
#761=EDGE_CURVE('',#569,#547,#86,.T.);
#762=EDGE_CURVE('',#571,#549,#87,.T.);
#763=EDGE_CURVE('',#576,#551,#88,.T.);
#764=EDGE_CURVE('',#572,#588,#481,.T.);
#765=EDGE_CURVE('',#589,#589,#89,.T.);
#766=EDGE_CURVE('',#563,#589,#90,.T.);
#767=ORIENTED_EDGE('',*,*,#590,.F.);
#768=ORIENTED_EDGE('',*,*,#591,.F.);
#769=ORIENTED_EDGE('',*,*,#590,.T.);
#770=ORIENTED_EDGE('',*,*,#592,.T.);
#771=ORIENTED_EDGE('',*,*,#593,.T.);
#772=ORIENTED_EDGE('',*,*,#594,.T.);
#773=ORIENTED_EDGE('',*,*,#595,.T.);
#774=ORIENTED_EDGE('',*,*,#596,.T.);
#775=ORIENTED_EDGE('',*,*,#597,.T.);
#776=ORIENTED_EDGE('',*,*,#598,.T.);
#777=ORIENTED_EDGE('',*,*,#595,.F.);
#778=ORIENTED_EDGE('',*,*,#599,.T.);
#779=ORIENTED_EDGE('',*,*,#600,.T.);
#780=ORIENTED_EDGE('',*,*,#601,.T.);
#781=ORIENTED_EDGE('',*,*,#602,.T.);
#782=ORIENTED_EDGE('',*,*,#603,.T.);
#783=ORIENTED_EDGE('',*,*,#604,.T.);
#784=ORIENTED_EDGE('',*,*,#605,.T.);
#785=ORIENTED_EDGE('',*,*,#602,.F.);
#786=ORIENTED_EDGE('',*,*,#606,.T.);
#787=ORIENTED_EDGE('',*,*,#607,.T.);
#788=ORIENTED_EDGE('',*,*,#608,.T.);
#789=ORIENTED_EDGE('',*,*,#609,.T.);
#790=ORIENTED_EDGE('',*,*,#610,.T.);
#791=ORIENTED_EDGE('',*,*,#611,.T.);
#792=ORIENTED_EDGE('',*,*,#607,.F.);
#793=ORIENTED_EDGE('',*,*,#612,.T.);
#794=ORIENTED_EDGE('',*,*,#613,.T.);
#795=ORIENTED_EDGE('',*,*,#610,.F.);
#796=ORIENTED_EDGE('',*,*,#614,.T.);
#797=ORIENTED_EDGE('',*,*,#604,.F.);
#798=ORIENTED_EDGE('',*,*,#615,.T.);
#799=ORIENTED_EDGE('',*,*,#609,.F.);
#800=ORIENTED_EDGE('',*,*,#616,.T.);
#801=ORIENTED_EDGE('',*,*,#617,.T.);
#802=ORIENTED_EDGE('',*,*,#618,.T.);
#803=ORIENTED_EDGE('',*,*,#619,.T.);
#804=ORIENTED_EDGE('',*,*,#620,.T.);
#805=ORIENTED_EDGE('',*,*,#621,.T.);
#806=ORIENTED_EDGE('',*,*,#622,.T.);
#807=ORIENTED_EDGE('',*,*,#623,.T.);
#808=ORIENTED_EDGE('',*,*,#619,.F.);
#809=ORIENTED_EDGE('',*,*,#624,.T.);
#810=ORIENTED_EDGE('',*,*,#625,.T.);
#811=ORIENTED_EDGE('',*,*,#622,.F.);
#812=ORIENTED_EDGE('',*,*,#626,.T.);
#813=ORIENTED_EDGE('',*,*,#617,.F.);
#814=ORIENTED_EDGE('',*,*,#627,.T.);
#815=ORIENTED_EDGE('',*,*,#628,.T.);
#816=ORIENTED_EDGE('',*,*,#600,.F.);
#817=ORIENTED_EDGE('',*,*,#629,.T.);
#818=ORIENTED_EDGE('',*,*,#630,.T.);
#819=ORIENTED_EDGE('',*,*,#627,.F.);
#820=ORIENTED_EDGE('',*,*,#631,.T.);
#821=ORIENTED_EDGE('',*,*,#597,.F.);
#822=ORIENTED_EDGE('',*,*,#632,.T.);
#823=ORIENTED_EDGE('',*,*,#621,.F.);
#824=ORIENTED_EDGE('',*,*,#633,.T.);
#825=ORIENTED_EDGE('',*,*,#634,.T.);
#826=ORIENTED_EDGE('',*,*,#635,.T.);
#827=ORIENTED_EDGE('',*,*,#636,.T.);
#828=ORIENTED_EDGE('',*,*,#593,.F.);
#829=ORIENTED_EDGE('',*,*,#637,.T.);
#830=ORIENTED_EDGE('',*,*,#638,.T.);
#831=ORIENTED_EDGE('',*,*,#635,.F.);
#832=ORIENTED_EDGE('',*,*,#639,.T.);
#833=ORIENTED_EDGE('',*,*,#634,.F.);
#834=ORIENTED_EDGE('',*,*,#605,.F.);
#835=ORIENTED_EDGE('',*,*,#640,.F.);
#836=ORIENTED_EDGE('',*,*,#641,.T.);
#837=ORIENTED_EDGE('',*,*,#642,.T.);
#838=ORIENTED_EDGE('',*,*,#614,.F.);
#839=ORIENTED_EDGE('',*,*,#643,.F.);
#840=ORIENTED_EDGE('',*,*,#644,.T.);
#841=ORIENTED_EDGE('',*,*,#640,.T.);
#842=ORIENTED_EDGE('',*,*,#612,.F.);
#843=ORIENTED_EDGE('',*,*,#645,.F.);
#844=ORIENTED_EDGE('',*,*,#646,.T.);
#845=ORIENTED_EDGE('',*,*,#643,.T.);
#846=ORIENTED_EDGE('',*,*,#606,.F.);
#847=ORIENTED_EDGE('',*,*,#647,.F.);
#848=ORIENTED_EDGE('',*,*,#648,.T.);
#849=ORIENTED_EDGE('',*,*,#645,.T.);
#850=ORIENTED_EDGE('',*,*,#615,.F.);
#851=ORIENTED_EDGE('',*,*,#649,.F.);
#852=ORIENTED_EDGE('',*,*,#650,.T.);
#853=ORIENTED_EDGE('',*,*,#647,.T.);
#854=ORIENTED_EDGE('',*,*,#626,.F.);
#855=ORIENTED_EDGE('',*,*,#651,.F.);
#856=ORIENTED_EDGE('',*,*,#652,.T.);
#857=ORIENTED_EDGE('',*,*,#649,.T.);
#858=ORIENTED_EDGE('',*,*,#624,.F.);
#859=ORIENTED_EDGE('',*,*,#653,.F.);
#860=ORIENTED_EDGE('',*,*,#654,.T.);
#861=ORIENTED_EDGE('',*,*,#651,.T.);
#862=ORIENTED_EDGE('',*,*,#618,.F.);
#863=ORIENTED_EDGE('',*,*,#655,.F.);
#864=ORIENTED_EDGE('',*,*,#656,.T.);
#865=ORIENTED_EDGE('',*,*,#653,.T.);
#866=ORIENTED_EDGE('',*,*,#657,.F.);
#867=ORIENTED_EDGE('',*,*,#620,.F.);
#868=ORIENTED_EDGE('',*,*,#623,.F.);
#869=ORIENTED_EDGE('',*,*,#625,.F.);
#870=ORIENTED_EDGE('',*,*,#616,.F.);
#871=ORIENTED_EDGE('',*,*,#608,.F.);
#872=ORIENTED_EDGE('',*,*,#611,.F.);
#873=ORIENTED_EDGE('',*,*,#613,.F.);
#874=ORIENTED_EDGE('',*,*,#603,.F.);
#875=ORIENTED_EDGE('',*,*,#601,.F.);
#876=ORIENTED_EDGE('',*,*,#628,.F.);
#877=ORIENTED_EDGE('',*,*,#630,.F.);
#878=ORIENTED_EDGE('',*,*,#596,.F.);
#879=ORIENTED_EDGE('',*,*,#594,.F.);
#880=ORIENTED_EDGE('',*,*,#636,.F.);
#881=ORIENTED_EDGE('',*,*,#638,.F.);
#882=ORIENTED_EDGE('',*,*,#633,.F.);
#883=ORIENTED_EDGE('',*,*,#657,.T.);
#884=ORIENTED_EDGE('',*,*,#658,.T.);
#885=ORIENTED_EDGE('',*,*,#659,.T.);
#886=ORIENTED_EDGE('',*,*,#658,.F.);
#887=ORIENTED_EDGE('',*,*,#659,.F.);
#888=ORIENTED_EDGE('',*,*,#660,.T.);
#889=ORIENTED_EDGE('',*,*,#661,.F.);
#890=ORIENTED_EDGE('',*,*,#660,.F.);
#891=ORIENTED_EDGE('',*,*,#662,.T.);
#892=ORIENTED_EDGE('',*,*,#663,.T.);
#893=ORIENTED_EDGE('',*,*,#661,.T.);
#894=ORIENTED_EDGE('',*,*,#663,.F.);
#895=ORIENTED_EDGE('',*,*,#591,.T.);
#896=ORIENTED_EDGE('',*,*,#662,.F.);
#897=ORIENTED_EDGE('',*,*,#664,.F.);
#898=ORIENTED_EDGE('',*,*,#665,.F.);
#899=ORIENTED_EDGE('',*,*,#641,.F.);
#900=ORIENTED_EDGE('',*,*,#644,.F.);
#901=ORIENTED_EDGE('',*,*,#646,.F.);
#902=ORIENTED_EDGE('',*,*,#648,.F.);
#903=ORIENTED_EDGE('',*,*,#650,.F.);
#904=ORIENTED_EDGE('',*,*,#652,.F.);
#905=ORIENTED_EDGE('',*,*,#654,.F.);
#906=ORIENTED_EDGE('',*,*,#656,.F.);
#907=ORIENTED_EDGE('',*,*,#666,.F.);
#908=ORIENTED_EDGE('',*,*,#667,.F.);
#909=ORIENTED_EDGE('',*,*,#668,.F.);
#910=ORIENTED_EDGE('',*,*,#669,.F.);
#911=ORIENTED_EDGE('',*,*,#670,.F.);
#912=ORIENTED_EDGE('',*,*,#671,.F.);
#913=ORIENTED_EDGE('',*,*,#629,.F.);
#914=ORIENTED_EDGE('',*,*,#672,.F.);
#915=ORIENTED_EDGE('',*,*,#664,.T.);
#916=ORIENTED_EDGE('',*,*,#673,.T.);
#917=ORIENTED_EDGE('',*,*,#599,.F.);
#918=ORIENTED_EDGE('',*,*,#642,.F.);
#919=ORIENTED_EDGE('',*,*,#665,.T.);
#920=ORIENTED_EDGE('',*,*,#672,.T.);
#921=ORIENTED_EDGE('',*,*,#632,.F.);
#922=ORIENTED_EDGE('',*,*,#674,.F.);
#923=ORIENTED_EDGE('',*,*,#666,.T.);
#924=ORIENTED_EDGE('',*,*,#655,.T.);
#925=ORIENTED_EDGE('',*,*,#639,.F.);
#926=ORIENTED_EDGE('',*,*,#675,.F.);
#927=ORIENTED_EDGE('',*,*,#667,.T.);
#928=ORIENTED_EDGE('',*,*,#674,.T.);
#929=ORIENTED_EDGE('',*,*,#637,.F.);
#930=ORIENTED_EDGE('',*,*,#676,.F.);
#931=ORIENTED_EDGE('',*,*,#668,.T.);
#932=ORIENTED_EDGE('',*,*,#675,.T.);
#933=ORIENTED_EDGE('',*,*,#592,.F.);
#934=ORIENTED_EDGE('',*,*,#677,.F.);
#935=ORIENTED_EDGE('',*,*,#669,.T.);
#936=ORIENTED_EDGE('',*,*,#676,.T.);
#937=ORIENTED_EDGE('',*,*,#598,.F.);
#938=ORIENTED_EDGE('',*,*,#678,.F.);
#939=ORIENTED_EDGE('',*,*,#670,.T.);
#940=ORIENTED_EDGE('',*,*,#677,.T.);
#941=ORIENTED_EDGE('',*,*,#631,.F.);
#942=ORIENTED_EDGE('',*,*,#673,.F.);
#943=ORIENTED_EDGE('',*,*,#671,.T.);
#944=ORIENTED_EDGE('',*,*,#678,.T.);
#945=ORIENTED_EDGE('',*,*,#679,.T.);
#946=ORIENTED_EDGE('',*,*,#680,.T.);
#947=ORIENTED_EDGE('',*,*,#681,.T.);
#948=ORIENTED_EDGE('',*,*,#682,.T.);
#949=ORIENTED_EDGE('',*,*,#683,.T.);
#950=ORIENTED_EDGE('',*,*,#684,.T.);
#951=ORIENTED_EDGE('',*,*,#679,.F.);
#952=ORIENTED_EDGE('',*,*,#685,.T.);
#953=ORIENTED_EDGE('',*,*,#686,.T.);
#954=ORIENTED_EDGE('',*,*,#687,.T.);
#955=ORIENTED_EDGE('',*,*,#683,.F.);
#956=ORIENTED_EDGE('',*,*,#688,.T.);
#957=ORIENTED_EDGE('',*,*,#689,.T.);
#958=ORIENTED_EDGE('',*,*,#690,.T.);
#959=ORIENTED_EDGE('',*,*,#691,.T.);
#960=ORIENTED_EDGE('',*,*,#686,.F.);
#961=ORIENTED_EDGE('',*,*,#692,.T.);
#962=ORIENTED_EDGE('',*,*,#693,.T.);
#963=ORIENTED_EDGE('',*,*,#694,.T.);
#964=ORIENTED_EDGE('',*,*,#690,.F.);
#965=ORIENTED_EDGE('',*,*,#695,.T.);
#966=ORIENTED_EDGE('',*,*,#696,.T.);
#967=ORIENTED_EDGE('',*,*,#697,.T.);
#968=ORIENTED_EDGE('',*,*,#693,.F.);
#969=ORIENTED_EDGE('',*,*,#698,.T.);
#970=ORIENTED_EDGE('',*,*,#699,.T.);
#971=ORIENTED_EDGE('',*,*,#700,.T.);
#972=ORIENTED_EDGE('',*,*,#696,.F.);
#973=ORIENTED_EDGE('',*,*,#701,.T.);
#974=ORIENTED_EDGE('',*,*,#702,.T.);
#975=ORIENTED_EDGE('',*,*,#681,.F.);
#976=ORIENTED_EDGE('',*,*,#703,.T.);
#977=ORIENTED_EDGE('',*,*,#699,.F.);
#978=ORIENTED_EDGE('',*,*,#704,.T.);
#979=ORIENTED_EDGE('',*,*,#692,.F.);
#980=ORIENTED_EDGE('',*,*,#705,.F.);
#981=ORIENTED_EDGE('',*,*,#706,.F.);
#982=ORIENTED_EDGE('',*,*,#707,.T.);
#983=ORIENTED_EDGE('',*,*,#689,.F.);
#984=ORIENTED_EDGE('',*,*,#688,.F.);
#985=ORIENTED_EDGE('',*,*,#708,.F.);
#986=ORIENTED_EDGE('',*,*,#709,.F.);
#987=ORIENTED_EDGE('',*,*,#710,.F.);
#988=ORIENTED_EDGE('',*,*,#711,.F.);
#989=ORIENTED_EDGE('',*,*,#712,.F.);
#990=ORIENTED_EDGE('',*,*,#705,.T.);
#991=ORIENTED_EDGE('',*,*,#685,.F.);
#992=ORIENTED_EDGE('',*,*,#713,.F.);
#993=ORIENTED_EDGE('',*,*,#714,.F.);
#994=ORIENTED_EDGE('',*,*,#708,.T.);
#995=ORIENTED_EDGE('',*,*,#682,.F.);
#996=ORIENTED_EDGE('',*,*,#715,.F.);
#997=ORIENTED_EDGE('',*,*,#716,.F.);
#998=ORIENTED_EDGE('',*,*,#717,.F.);
#999=ORIENTED_EDGE('',*,*,#713,.T.);
#1000=ORIENTED_EDGE('',*,*,#680,.F.);
#1001=ORIENTED_EDGE('',*,*,#684,.F.);
#1002=ORIENTED_EDGE('',*,*,#687,.F.);
#1003=ORIENTED_EDGE('',*,*,#691,.F.);
#1004=ORIENTED_EDGE('',*,*,#694,.F.);
#1005=ORIENTED_EDGE('',*,*,#697,.F.);
#1006=ORIENTED_EDGE('',*,*,#700,.F.);
#1007=ORIENTED_EDGE('',*,*,#703,.F.);
#1008=ORIENTED_EDGE('',*,*,#718,.T.);
#1009=ORIENTED_EDGE('',*,*,#719,.T.);
#1010=ORIENTED_EDGE('',*,*,#712,.T.);
#1011=ORIENTED_EDGE('',*,*,#720,.T.);
#1012=ORIENTED_EDGE('',*,*,#721,.T.);
#1013=ORIENTED_EDGE('',*,*,#722,.T.);
#1014=ORIENTED_EDGE('',*,*,#723,.T.);
#1015=ORIENTED_EDGE('',*,*,#706,.T.);
#1016=ORIENTED_EDGE('',*,*,#719,.F.);
#1017=ORIENTED_EDGE('',*,*,#724,.T.);
#1018=ORIENTED_EDGE('',*,*,#725,.T.);
#1019=ORIENTED_EDGE('',*,*,#726,.T.);
#1020=ORIENTED_EDGE('',*,*,#723,.F.);
#1021=ORIENTED_EDGE('',*,*,#727,.T.);
#1022=ORIENTED_EDGE('',*,*,#728,.T.);
#1023=ORIENTED_EDGE('',*,*,#729,.T.);
#1024=ORIENTED_EDGE('',*,*,#725,.F.);
#1025=ORIENTED_EDGE('',*,*,#730,.T.);
#1026=ORIENTED_EDGE('',*,*,#731,.T.);
#1027=ORIENTED_EDGE('',*,*,#732,.T.);
#1028=ORIENTED_EDGE('',*,*,#728,.F.);
#1029=ORIENTED_EDGE('',*,*,#733,.T.);
#1030=ORIENTED_EDGE('',*,*,#734,.T.);
#1031=ORIENTED_EDGE('',*,*,#735,.T.);
#1032=ORIENTED_EDGE('',*,*,#720,.F.);
#1033=ORIENTED_EDGE('',*,*,#711,.T.);
#1034=ORIENTED_EDGE('',*,*,#736,.T.);
#1035=ORIENTED_EDGE('',*,*,#737,.T.);
#1036=ORIENTED_EDGE('',*,*,#738,.T.);
#1037=ORIENTED_EDGE('',*,*,#739,.T.);
#1038=ORIENTED_EDGE('',*,*,#740,.T.);
#1039=ORIENTED_EDGE('',*,*,#741,.T.);
#1040=ORIENTED_EDGE('',*,*,#716,.T.);
#1041=ORIENTED_EDGE('',*,*,#739,.F.);
#1042=ORIENTED_EDGE('',*,*,#742,.T.);
#1043=ORIENTED_EDGE('',*,*,#743,.T.);
#1044=ORIENTED_EDGE('',*,*,#717,.T.);
#1045=ORIENTED_EDGE('',*,*,#741,.F.);
#1046=ORIENTED_EDGE('',*,*,#744,.T.);
#1047=ORIENTED_EDGE('',*,*,#745,.T.);
#1048=ORIENTED_EDGE('',*,*,#714,.T.);
#1049=ORIENTED_EDGE('',*,*,#743,.F.);
#1050=ORIENTED_EDGE('',*,*,#746,.T.);
#1051=ORIENTED_EDGE('',*,*,#709,.T.);
#1052=ORIENTED_EDGE('',*,*,#745,.F.);
#1053=ORIENTED_EDGE('',*,*,#747,.T.);
#1054=ORIENTED_EDGE('',*,*,#748,.T.);
#1055=ORIENTED_EDGE('',*,*,#736,.F.);
#1056=ORIENTED_EDGE('',*,*,#710,.T.);
#1057=ORIENTED_EDGE('',*,*,#749,.F.);
#1058=ORIENTED_EDGE('',*,*,#750,.T.);
#1059=ORIENTED_EDGE('',*,*,#737,.F.);
#1060=ORIENTED_EDGE('',*,*,#751,.T.);
#1061=ORIENTED_EDGE('',*,*,#749,.T.);
#1062=ORIENTED_EDGE('',*,*,#752,.T.);
#1063=ORIENTED_EDGE('',*,*,#753,.T.);
#1064=ORIENTED_EDGE('',*,*,#731,.F.);
#1065=ORIENTED_EDGE('',*,*,#754,.T.);
#1066=ORIENTED_EDGE('',*,*,#735,.F.);
#1067=ORIENTED_EDGE('',*,*,#748,.F.);
#1068=ORIENTED_EDGE('',*,*,#755,.T.);
#1069=ORIENTED_EDGE('',*,*,#756,.F.);
#1070=ORIENTED_EDGE('',*,*,#747,.F.);
#1071=ORIENTED_EDGE('',*,*,#746,.F.);
#1072=ORIENTED_EDGE('',*,*,#744,.F.);
#1073=ORIENTED_EDGE('',*,*,#757,.F.);
#1074=ORIENTED_EDGE('',*,*,#758,.F.);
#1075=ORIENTED_EDGE('',*,*,#755,.F.);
#1076=ORIENTED_EDGE('',*,*,#742,.F.);
#1077=ORIENTED_EDGE('',*,*,#738,.F.);
#1078=ORIENTED_EDGE('',*,*,#750,.F.);
#1079=ORIENTED_EDGE('',*,*,#759,.F.);
#1080=ORIENTED_EDGE('',*,*,#760,.T.);
#1081=ORIENTED_EDGE('',*,*,#757,.T.);
#1082=ORIENTED_EDGE('',*,*,#695,.F.);
#1083=ORIENTED_EDGE('',*,*,#707,.F.);
#1084=ORIENTED_EDGE('',*,*,#726,.F.);
#1085=ORIENTED_EDGE('',*,*,#761,.T.);
#1086=ORIENTED_EDGE('',*,*,#698,.F.);
#1087=ORIENTED_EDGE('',*,*,#761,.F.);
#1088=ORIENTED_EDGE('',*,*,#729,.F.);
#1089=ORIENTED_EDGE('',*,*,#762,.T.);
#1090=ORIENTED_EDGE('',*,*,#702,.F.);
#1091=ORIENTED_EDGE('',*,*,#701,.F.);
#1092=ORIENTED_EDGE('',*,*,#762,.F.);
#1093=ORIENTED_EDGE('',*,*,#732,.F.);
#1094=ORIENTED_EDGE('',*,*,#753,.F.);
#1095=ORIENTED_EDGE('',*,*,#752,.F.);
#1096=ORIENTED_EDGE('',*,*,#751,.F.);
#1097=ORIENTED_EDGE('',*,*,#763,.T.);
#1098=ORIENTED_EDGE('',*,*,#704,.F.);
#1099=ORIENTED_EDGE('',*,*,#763,.F.);
#1100=ORIENTED_EDGE('',*,*,#740,.F.);
#1101=ORIENTED_EDGE('',*,*,#715,.T.);
#1102=ORIENTED_EDGE('',*,*,#754,.F.);
#1103=ORIENTED_EDGE('',*,*,#764,.T.);
#1104=ORIENTED_EDGE('',*,*,#759,.T.);
#1105=ORIENTED_EDGE('',*,*,#765,.F.);
#1106=ORIENTED_EDGE('',*,*,#718,.F.);
#1107=ORIENTED_EDGE('',*,*,#766,.T.);
#1108=ORIENTED_EDGE('',*,*,#765,.T.);
#1109=ORIENTED_EDGE('',*,*,#766,.F.);
#1110=ORIENTED_EDGE('',*,*,#722,.F.);
#1111=ORIENTED_EDGE('',*,*,#721,.F.);
#1112=ORIENTED_EDGE('',*,*,#756,.T.);
#1113=ORIENTED_EDGE('',*,*,#758,.T.);
#1114=ORIENTED_EDGE('',*,*,#760,.F.);
#1115=ORIENTED_EDGE('',*,*,#764,.F.);
#1116=ORIENTED_EDGE('',*,*,#734,.F.);
#1117=ORIENTED_EDGE('',*,*,#733,.F.);
#1118=ORIENTED_EDGE('',*,*,#730,.F.);
#1119=ORIENTED_EDGE('',*,*,#727,.F.);
#1120=ORIENTED_EDGE('',*,*,#724,.F.);
#1121=(
BOUNDED_SURFACE()
B_SPLINE_SURFACE(5,2,((#1517,#1518,#1519,#1520,#1521,#1522,#1523,#1524,
#1525),(#1526,#1527,#1528,#1529,#1530,#1531,#1532,#1533,#1534),(#1535,#1536,
#1537,#1538,#1539,#1540,#1541,#1542,#1543),(#1544,#1545,#1546,#1547,#1548,
#1549,#1550,#1551,#1552),(#1553,#1554,#1555,#1556,#1557,#1558,#1559,#1560,
#1561),(#1562,#1563,#1564,#1565,#1566,#1567,#1568,#1569,#1570),(#1571,#1572,
#1573,#1574,#1575,#1576,#1577,#1578,#1579),(#1580,#1581,#1582,#1583,#1584,
#1585,#1586,#1587,#1588),(#1589,#1590,#1591,#1592,#1593,#1594,#1595,#1596,
#1597),(#1598,#1599,#1600,#1601,#1602,#1603,#1604,#1605,#1606)),
 .UNSPECIFIED.,.F.,.T.,.F.)
B_SPLINE_SURFACE_WITH_KNOTS((6,1,1,1,1,6),(3,2,2,2,3),(0.,0.2,0.4,0.6,0.8,
1.),(0.,1.5707963267949,3.14159265358979,4.71238898038469,6.28318530717959),
 .UNSPECIFIED.)
GEOMETRIC_REPRESENTATION_ITEM()
RATIONAL_B_SPLINE_SURFACE(((1.,0.707106781186548,1.,0.707106781186548,1.,
0.707106781186548,1.,0.707106781186548,1.),(1.,0.707106781186548,1.,0.707106781186548,
1.,0.707106781186548,1.,0.707106781186548,1.),(1.,0.707106781186548,1.,
0.707106781186548,1.,0.707106781186548,1.,0.707106781186548,1.),(1.,0.707106781186548,
1.,0.707106781186548,1.,0.707106781186548,1.,0.707106781186548,1.),(1.,
0.707106781186548,1.,0.707106781186548,1.,0.707106781186548,1.,0.707106781186548,
1.),(1.,0.707106781186548,1.,0.707106781186548,1.,0.707106781186548,1.,
0.707106781186548,1.),(1.,0.707106781186548,1.,0.707106781186548,1.,0.707106781186548,
1.,0.707106781186548,1.),(1.,0.707106781186548,1.,0.707106781186548,1.,
0.707106781186548,1.,0.707106781186548,1.),(1.,0.707106781186548,1.,0.707106781186548,
1.,0.707106781186548,1.,0.707106781186548,1.),(1.,0.707106781186548,1.,
0.707106781186548,1.,0.707106781186548,1.,0.707106781186548,1.)))
REPRESENTATION_ITEM('')
SURFACE()
);
#1122=(
BOUNDED_SURFACE()
B_SPLINE_SURFACE(2,2,((#1659,#1660,#1661),(#1662,#1663,#1664),(#1665,#1666,
#1667)),.UNSPECIFIED.,.F.,.F.,.F.)
B_SPLINE_SURFACE_WITH_KNOTS((3,3),(3,3),(0.,1.5707963267949),(1.5707963267949,
3.14159265358979),.UNSPECIFIED.)
GEOMETRIC_REPRESENTATION_ITEM()
RATIONAL_B_SPLINE_SURFACE(((1.,0.707106781186548,1.),(0.707106781186547,
0.5,0.707106781186547),(1.,0.707106781186548,1.)))
REPRESENTATION_ITEM('')
SURFACE()
);
#1123=(
BOUNDED_SURFACE()
B_SPLINE_SURFACE(2,2,((#1691,#1692,#1693),(#1694,#1695,#1696),(#1697,#1698,
#1699)),.UNSPECIFIED.,.F.,.F.,.F.)
B_SPLINE_SURFACE_WITH_KNOTS((3,3),(3,3),(0.,1.5707963267949),(-3.14159265358979,
-1.5707963267949),.UNSPECIFIED.)
GEOMETRIC_REPRESENTATION_ITEM()
RATIONAL_B_SPLINE_SURFACE(((1.,0.707106781186548,1.),(0.707106781186547,
0.5,0.707106781186547),(1.,0.707106781186548,1.)))
REPRESENTATION_ITEM('')
SURFACE()
);
#1124=(
BOUNDED_SURFACE()
B_SPLINE_SURFACE(2,2,((#1708,#1709,#1710),(#1711,#1712,#1713),(#1714,#1715,
#1716)),.UNSPECIFIED.,.F.,.F.,.F.)
B_SPLINE_SURFACE_WITH_KNOTS((3,3),(3,3),(0.,1.5707963267949),(-2.7755575615629E-15,
1.5707963267949),.UNSPECIFIED.)
GEOMETRIC_REPRESENTATION_ITEM()
RATIONAL_B_SPLINE_SURFACE(((1.,0.707106781186546,1.),(0.707106781186547,
0.499999999999999,0.707106781186547),(1.,0.707106781186546,1.)))
REPRESENTATION_ITEM('')
SURFACE()
);
#1125=(
BOUNDED_SURFACE()
B_SPLINE_SURFACE(2,2,((#1731,#1732,#1733),(#1734,#1735,#1736),(#1737,#1738,
#1739)),.UNSPECIFIED.,.F.,.F.,.F.)
B_SPLINE_SURFACE_WITH_KNOTS((3,3),(3,3),(0.,1.5707963267949),(-1.5707963267949,
1.6062850670372E-15),.UNSPECIFIED.)
GEOMETRIC_REPRESENTATION_ITEM()
RATIONAL_B_SPLINE_SURFACE(((1.,0.707106781186546,1.),(0.707106781186545,
0.499999999999998,0.707106781186545),(1.,0.707106781186546,1.)))
REPRESENTATION_ITEM('')
SURFACE()
);
#1126=ADVANCED_FACE('',(#287),#1121,.F.);
#1127=ADVANCED_FACE('',(#288),#270,.T.);
#1128=ADVANCED_FACE('',(#289),#271,.T.);
#1129=ADVANCED_FACE('',(#290),#272,.T.);
#1130=ADVANCED_FACE('',(#291),#273,.T.);
#1131=ADVANCED_FACE('',(#292),#274,.T.);
#1132=ADVANCED_FACE('',(#293),#1122,.F.);
#1133=ADVANCED_FACE('',(#294),#275,.T.);
#1134=ADVANCED_FACE('',(#295),#276,.T.);
#1135=ADVANCED_FACE('',(#296),#277,.T.);
#1136=ADVANCED_FACE('',(#297),#1123,.F.);
#1137=ADVANCED_FACE('',(#298),#278,.T.);
#1138=ADVANCED_FACE('',(#299),#1124,.F.);
#1139=ADVANCED_FACE('',(#300),#279,.T.);
#1140=ADVANCED_FACE('',(#301),#280,.T.);
#1141=ADVANCED_FACE('',(#302),#1125,.F.);
#1142=ADVANCED_FACE('',(#303),#281,.T.);
#1143=ADVANCED_FACE('',(#304),#139,.T.);
#1144=ADVANCED_FACE('',(#305),#140,.T.);
#1145=ADVANCED_FACE('',(#306),#282,.T.);
#1146=ADVANCED_FACE('',(#307),#141,.T.);
#1147=ADVANCED_FACE('',(#308),#142,.T.);
#1148=ADVANCED_FACE('',(#309),#143,.T.);
#1149=ADVANCED_FACE('',(#310),#283,.T.);
#1150=ADVANCED_FACE('',(#311),#144,.T.);
#1151=ADVANCED_FACE('',(#312,#136),#145,.T.);
#1152=ADVANCED_FACE('',(#313),#134,.T.);
#1153=ADVANCED_FACE('',(#314),#284,.T.);
#1154=ADVANCED_FACE('',(#315),#135,.F.);
#1155=ADVANCED_FACE('',(#316,#137),#146,.F.);
#1156=ADVANCED_FACE('',(#317),#147,.F.);
#1157=ADVANCED_FACE('',(#318),#285,.T.);
#1158=ADVANCED_FACE('',(#319),#148,.T.);
#1159=ADVANCED_FACE('',(#320),#149,.T.);
#1160=ADVANCED_FACE('',(#321),#150,.T.);
#1161=ADVANCED_FACE('',(#322),#286,.T.);
#1162=ADVANCED_FACE('',(#323),#151,.T.);
#1163=ADVANCED_FACE('',(#324),#152,.T.);
#1164=ADVANCED_FACE('',(#325),#153,.T.);
#1165=ADVANCED_FACE('',(#326),#91,.F.);
#1166=ADVANCED_FACE('',(#327),#92,.F.);
#1167=ADVANCED_FACE('',(#328),#93,.F.);
#1168=ADVANCED_FACE('',(#329),#94,.F.);
#1169=ADVANCED_FACE('',(#330),#95,.F.);
#1170=ADVANCED_FACE('',(#331),#96,.F.);
#1171=ADVANCED_FACE('',(#332),#97,.F.);
#1172=ADVANCED_FACE('',(#333),#98,.F.);
#1173=ADVANCED_FACE('',(#334),#99,.T.);
#1174=ADVANCED_FACE('',(#335),#100,.T.);
#1175=ADVANCED_FACE('',(#336),#101,.T.);
#1176=ADVANCED_FACE('',(#337),#102,.T.);
#1177=ADVANCED_FACE('',(#338,#138),#154,.F.);
#1178=ADVANCED_FACE('',(#339),#103,.T.);
#1179=ADVANCED_FACE('',(#340),#104,.T.);
#1180=ADVANCED_FACE('',(#341),#105,.T.);
#1181=ADVANCED_FACE('',(#342),#106,.T.);
#1182=ADVANCED_FACE('',(#343),#107,.T.);
#1183=ADVANCED_FACE('',(#344),#108,.T.);
#1184=ADVANCED_FACE('',(#345),#109,.T.);
#1185=ADVANCED_FACE('',(#346),#110,.T.);
#1186=ADVANCED_FACE('',(#347),#111,.T.);
#1187=ADVANCED_FACE('',(#348),#112,.T.);
#1188=ADVANCED_FACE('',(#349),#113,.T.);
#1189=ADVANCED_FACE('',(#350),#114,.T.);
#1190=ADVANCED_FACE('',(#351),#115,.T.);
#1191=ADVANCED_FACE('',(#352),#116,.F.);
#1192=ADVANCED_FACE('',(#353),#117,.F.);
#1193=ADVANCED_FACE('',(#354),#118,.F.);
#1194=ADVANCED_FACE('',(#355),#119,.T.);
#1195=ADVANCED_FACE('',(#356),#120,.T.);
#1196=ADVANCED_FACE('',(#357),#121,.T.);
#1197=ADVANCED_FACE('',(#358),#122,.T.);
#1198=ADVANCED_FACE('',(#359),#123,.F.);
#1199=ADVANCED_FACE('',(#360),#155,.F.);
#1200=ADVANCED_FACE('',(#361),#124,.F.);
#1201=ADVANCED_FACE('',(#362),#125,.F.);
#1202=CLOSED_SHELL('',(#1126,#1127,#1128,#1129,#1130,#1131,#1132,#1133,
#1134,#1135,#1136,#1137,#1138,#1139,#1140,#1141,#1142,#1143,#1144,#1145,
#1146,#1147,#1148,#1149,#1150,#1151,#1152,#1153,#1154,#1155,#1156,#1157,
#1158,#1159,#1160,#1161,#1162,#1163,#1164));
#1203=CLOSED_SHELL('',(#1165,#1166,#1167,#1168,#1169,#1170,#1171,#1172,
#1173,#1174,#1175,#1176,#1177,#1178,#1179,#1180,#1181,#1182,#1183,#1184,
#1185,#1186,#1187,#1188,#1189,#1190,#1191,#1192,#1193,#1194,#1195,#1196,
#1197,#1198,#1199,#1200,#1201));
#1204=DERIVED_UNIT_ELEMENT(#1206,1.);
#1205=DERIVED_UNIT_ELEMENT(#8418,-3.);
#1206=(
MASS_UNIT()
NAMED_UNIT(*)
SI_UNIT(.KILO.,.GRAM.)
);
#1207=DERIVED_UNIT((#1204,#1205));
#1208=MEASURE_REPRESENTATION_ITEM('density measure',
POSITIVE_RATIO_MEASURE(7850.),#1207);
#1209=PROPERTY_DEFINITION_REPRESENTATION(#1214,#1211);
#1210=PROPERTY_DEFINITION_REPRESENTATION(#1215,#1212);
#1211=REPRESENTATION('material name',(#1213),#8415);
#1212=REPRESENTATION('density',(#1208),#8415);
#1213=DESCRIPTIVE_REPRESENTATION_ITEM('Steel','Steel');
#1214=PROPERTY_DEFINITION('material property','material name',#8430);
#1215=PROPERTY_DEFINITION('material property','density of part',#8430);
#1216=AXIS2_PLACEMENT_3D('',#1515,#1298,#1299);
#1217=AXIS2_PLACEMENT_3D('',#1516,#1300,#1301);
#1218=AXIS2_PLACEMENT_3D('',#1619,#1302,#1303);
#1219=AXIS2_PLACEMENT_3D('',#1620,#1304,#1305);
#1220=AXIS2_PLACEMENT_3D('',#1625,#1307,#1308);
#1221=AXIS2_PLACEMENT_3D('',#1628,#1310,#1311);
#1222=AXIS2_PLACEMENT_3D('',#1629,#1312,#1313);
#1223=AXIS2_PLACEMENT_3D('',#1633,#1315,#1316);
#1224=AXIS2_PLACEMENT_3D('',#1635,#1318,#1319);
#1225=AXIS2_PLACEMENT_3D('',#1640,#1321,#1322);
#1226=AXIS2_PLACEMENT_3D('',#1643,#1324,#1325);
#1227=AXIS2_PLACEMENT_3D('',#1644,#1326,#1327);
#1228=AXIS2_PLACEMENT_3D('',#1648,#1329,#1330);
#1229=AXIS2_PLACEMENT_3D('',#1650,#1332,#1333);
#1230=AXIS2_PLACEMENT_3D('',#1655,#1335,#1336);
#1231=AXIS2_PLACEMENT_3D('',#1658,#1338,#1339);
#1232=AXIS2_PLACEMENT_3D('',#1670,#1340,#1341);
#1233=AXIS2_PLACEMENT_3D('',#1671,#1342,#1343);
#1234=AXIS2_PLACEMENT_3D('',#1672,#1344,#1345);
#1235=AXIS2_PLACEMENT_3D('',#1673,#1346,#1347);
#1236=AXIS2_PLACEMENT_3D('',#1676,#1350,#1351);
#1237=AXIS2_PLACEMENT_3D('',#1681,#1354,#1355);
#1238=AXIS2_PLACEMENT_3D('',#1682,#1356,#1357);
#1239=AXIS2_PLACEMENT_3D('',#1687,#1359,#1360);
#1240=AXIS2_PLACEMENT_3D('',#1690,#1362,#1363);
#1241=AXIS2_PLACEMENT_3D('',#1702,#1364,#1365);
#1242=AXIS2_PLACEMENT_3D('',#1703,#1366,#1367);
#1243=AXIS2_PLACEMENT_3D('',#1704,#1368,#1369);
#1244=AXIS2_PLACEMENT_3D('',#1705,#1370,#1371);
#1245=AXIS2_PLACEMENT_3D('',#1719,#1374,#1375);
#1246=AXIS2_PLACEMENT_3D('',#1720,#1376,#1377);
#1247=AXIS2_PLACEMENT_3D('',#1721,#1378,#1379);
#1248=AXIS2_PLACEMENT_3D('',#1722,#1380,#1381);
#1249=AXIS2_PLACEMENT_3D('',#1725,#1384,#1385);
#1250=AXIS2_PLACEMENT_3D('',#1730,#1388,#1389);
#1251=AXIS2_PLACEMENT_3D('',#1742,#1390,#1391);
#1252=AXIS2_PLACEMENT_3D('',#1743,#1392,#1393);
#1253=AXIS2_PLACEMENT_3D('',#1744,#1394,#1395);
#1254=AXIS2_PLACEMENT_3D('',#1745,#1396,#1397);
#1255=AXIS2_PLACEMENT_3D('',#1748,#1400,#1401);
#1256=AXIS2_PLACEMENT_3D('',#1754,#1405,#1406);
#1257=AXIS2_PLACEMENT_3D('',#1758,#1409,#1410);
#1258=AXIS2_PLACEMENT_3D('',#1761,#1412,#1413);
#1259=AXIS2_PLACEMENT_3D('',#1762,#1414,#1415);
#1260=AXIS2_PLACEMENT_3D('',#1766,#1418,#1419);
#1261=AXIS2_PLACEMENT_3D('',#1770,#1422,#1423);
#1262=AXIS2_PLACEMENT_3D('',#1774,#1426,#1427);
#1263=AXIS2_PLACEMENT_3D('',#1777,#1429,#1430);
#1264=AXIS2_PLACEMENT_3D('',#1778,#1431,#1432);
#1265=AXIS2_PLACEMENT_3D('',#1782,#1435,#1436);
#1266=AXIS2_PLACEMENT_3D('',#1784,#1437,#1438);
#1267=AXIS2_PLACEMENT_3D('',#1785,#1439,#1440);
#1268=AXIS2_PLACEMENT_3D('',#1787,#1441,#1442);
#1269=AXIS2_PLACEMENT_3D('',#1788,#1443,#1444);
#1270=AXIS2_PLACEMENT_3D('',#1789,#1445,#1446);
#1271=AXIS2_PLACEMENT_3D('',#1792,#1448,#1449);
#1272=AXIS2_PLACEMENT_3D('',#1793,#1450,#1451);
#1273=AXIS2_PLACEMENT_3D('',#1795,#1452,#1453);
#1274=AXIS2_PLACEMENT_3D('',#1796,#1454,#1455);
#1275=AXIS2_PLACEMENT_3D('',#1797,#1456,#1457);
#1276=AXIS2_PLACEMENT_3D('',#1798,#1458,#1459);
#1277=AXIS2_PLACEMENT_3D('',#1801,#1460,#1461);
#1278=AXIS2_PLACEMENT_3D('',#1808,#1465,#1466);
#1279=AXIS2_PLACEMENT_3D('',#1814,#1470,#1471);
#1280=AXIS2_PLACEMENT_3D('',#1817,#1474,#1475);
#1281=AXIS2_PLACEMENT_3D('',#1818,#1476,#1477);
#1282=AXIS2_PLACEMENT_3D('',#1820,#1479,#1480);
#1283=AXIS2_PLACEMENT_3D('',#1822,#1482,#1483);
#1284=AXIS2_PLACEMENT_3D('',#1824,#1485,#1486);
#1285=AXIS2_PLACEMENT_3D('',#1826,#1488,#1489);
#1286=AXIS2_PLACEMENT_3D('',#1828,#1491,#1492);
#1287=AXIS2_PLACEMENT_3D('',#1921,#1493,#1494);
#1288=AXIS2_PLACEMENT_3D('',#1934,#1495,#1496);
#1289=AXIS2_PLACEMENT_3D('',#1996,#1497,#1498);
#1290=AXIS2_PLACEMENT_3D('',#2083,#1499,#1500);
#1291=AXIS2_PLACEMENT_3D('',#2147,#1501,#1502);
#1292=AXIS2_PLACEMENT_3D('',#2261,#1503,#1504);
#1293=AXIS2_PLACEMENT_3D('',#2316,#1505,#1506);
#1294=AXIS2_PLACEMENT_3D('',#2406,#1507,#1508);
#1295=AXIS2_PLACEMENT_3D('',#2976,#1509,#1510);
#1296=AXIS2_PLACEMENT_3D('',#7425,#1511,#1512);
#1297=AXIS2_PLACEMENT_3D('',#8410,#1513,#1514);
#1298=DIRECTION('axis',(0.,0.,1.));
#1299=DIRECTION('refdir',(1.,0.,0.));
#1300=DIRECTION('axis',(0.,0.,1.));
#1301=DIRECTION('refdir',(1.,0.,0.));
#1302=DIRECTION('center_axis',(-2.01548820800744E-15,7.51815042897294E-31,
1.));
#1303=DIRECTION('ref_axis',(5.78327502436127E-16,1.,0.));
#1304=DIRECTION('center_axis',(1.,5.95613210635814E-17,0.));
#1305=DIRECTION('ref_axis',(0.,-0.707106781186548,0.707106781186548));
#1306=DIRECTION('',(1.,5.95613210635814E-17,0.));
#1307=DIRECTION('center_axis',(-1.,0.,0.));
#1308=DIRECTION('ref_axis',(0.,-1.,0.));
#1309=DIRECTION('',(-1.,-5.95613210635814E-17,0.));
#1310=DIRECTION('center_axis',(0.707106781186547,0.707106781186548,0.));
#1311=DIRECTION('ref_axis',(-0.707106781186548,0.707106781186547,0.));
#1312=DIRECTION('center_axis',(0.,1.,0.));
#1313=DIRECTION('ref_axis',(0.707106781186548,0.,0.707106781186548));
#1314=DIRECTION('',(0.,-1.,0.));
#1315=DIRECTION('center_axis',(-0.707106781186548,0.707106781186548,0.));
#1316=DIRECTION('ref_axis',(-0.707106781186547,-0.707106781186547,0.));
#1317=DIRECTION('',(0.,1.,0.));
#1318=DIRECTION('center_axis',(-5.95613210635814E-17,1.,0.));
#1319=DIRECTION('ref_axis',(0.707106781186548,0.,0.707106781186548));
#1320=DIRECTION('',(-5.95613210635814E-17,1.,0.));
#1321=DIRECTION('center_axis',(0.,-1.,0.));
#1322=DIRECTION('ref_axis',(1.,0.,0.));
#1323=DIRECTION('',(5.95613210635814E-17,-1.,0.));
#1324=DIRECTION('center_axis',(-0.707106781186548,0.707106781186547,0.));
#1325=DIRECTION('ref_axis',(-0.707106781186547,-0.707106781186548,0.));
#1326=DIRECTION('center_axis',(-1.,0.,0.));
#1327=DIRECTION('ref_axis',(0.,0.707106781186548,0.707106781186548));
#1328=DIRECTION('',(1.,0.,0.));
#1329=DIRECTION('center_axis',(-0.707106781186548,-0.707106781186547,0.));
#1330=DIRECTION('ref_axis',(0.707106781186547,-0.707106781186548,0.));
#1331=DIRECTION('',(-1.,0.,0.));
#1332=DIRECTION('center_axis',(-1.,0.,0.));
#1333=DIRECTION('ref_axis',(0.,0.707106781186547,0.707106781186548));
#1334=DIRECTION('',(-1.,0.,0.));
#1335=DIRECTION('center_axis',(1.,0.,0.));
#1336=DIRECTION('ref_axis',(0.,1.,0.));
#1337=DIRECTION('',(1.,0.,0.));
#1338=DIRECTION('center_axis',(-0.707106781186547,-0.707106781186548,0.));
#1339=DIRECTION('ref_axis',(0.707106781186548,-0.707106781186547,0.));
#1340=DIRECTION('center_axis',(-6.93889390390723E-16,1.,0.));
#1341=DIRECTION('ref_axis',(-1.,-6.93889390390723E-16,0.));
#1342=DIRECTION('center_axis',(0.,0.,-1.));
#1343=DIRECTION('ref_axis',(-0.707106781186548,0.707106781186547,0.));
#1344=DIRECTION('center_axis',(0.,0.,1.));
#1345=DIRECTION('ref_axis',(-0.707106781186548,0.707106781186547,0.));
#1346=DIRECTION('center_axis',(-1.19122642127163E-16,-1.,0.));
#1347=DIRECTION('ref_axis',(-0.707106781186547,0.,0.707106781186548));
#1348=DIRECTION('',(1.19122642127163E-16,1.,0.));
#1349=DIRECTION('',(-1.19122642127163E-16,-1.,0.));
#1350=DIRECTION('center_axis',(0.,-1.,0.));
#1351=DIRECTION('ref_axis',(-0.707106781186548,0.,0.707106781186548));
#1352=DIRECTION('',(0.,-1.,0.));
#1353=DIRECTION('',(0.,1.,0.));
#1354=DIRECTION('center_axis',(0.707106781186547,-0.707106781186548,0.));
#1355=DIRECTION('ref_axis',(0.707106781186548,0.707106781186547,0.));
#1356=DIRECTION('center_axis',(5.95613210635814E-17,-1.,0.));
#1357=DIRECTION('ref_axis',(-0.707106781186547,0.,0.707106781186548));
#1358=DIRECTION('',(5.95613210635814E-17,-1.,0.));
#1359=DIRECTION('center_axis',(0.,1.,0.));
#1360=DIRECTION('ref_axis',(-1.,0.,0.));
#1361=DIRECTION('',(-5.95613210635814E-17,1.,0.));
#1362=DIRECTION('center_axis',(0.707106781186548,-0.707106781186547,0.));
#1363=DIRECTION('ref_axis',(0.707106781186547,0.707106781186548,0.));
#1364=DIRECTION('center_axis',(-1.,0.,0.));
#1365=DIRECTION('ref_axis',(0.,-1.,0.));
#1366=DIRECTION('center_axis',(0.,0.,-1.));
#1367=DIRECTION('ref_axis',(-0.707106781186548,-0.707106781186547,0.));
#1368=DIRECTION('center_axis',(0.,0.,1.));
#1369=DIRECTION('ref_axis',(-0.707106781186548,-0.707106781186547,0.));
#1370=DIRECTION('center_axis',(1.,0.,0.));
#1371=DIRECTION('ref_axis',(0.,-0.707106781186547,0.707106781186548));
#1372=DIRECTION('',(-1.,0.,0.));
#1373=DIRECTION('',(1.,0.,0.));
#1374=DIRECTION('center_axis',(1.,-6.93889390390723E-16,0.));
#1375=DIRECTION('ref_axis',(6.93889390390723E-16,1.,0.));
#1376=DIRECTION('center_axis',(0.,0.,-1.));
#1377=DIRECTION('ref_axis',(0.707106781186548,0.707106781186547,0.));
#1378=DIRECTION('center_axis',(0.,0.,1.));
#1379=DIRECTION('ref_axis',(0.707106781186548,0.707106781186547,0.));
#1380=DIRECTION('center_axis',(-1.,-1.19122642127163E-16,0.));
#1381=DIRECTION('ref_axis',(0.,0.707106781186548,0.707106781186548));
#1382=DIRECTION('',(1.,1.19122642127163E-16,0.));
#1383=DIRECTION('',(-1.,-1.19122642127163E-16,0.));
#1384=DIRECTION('center_axis',(1.,0.,0.));
#1385=DIRECTION('ref_axis',(0.,-0.707106781186548,0.707106781186548));
#1386=DIRECTION('',(1.,0.,0.));
#1387=DIRECTION('',(-1.,0.,0.));
#1388=DIRECTION('center_axis',(0.707106781186548,0.707106781186547,0.));
#1389=DIRECTION('ref_axis',(-0.707106781186547,0.707106781186548,0.));
#1390=DIRECTION('center_axis',(1.38777878078145E-15,-1.,0.));
#1391=DIRECTION('ref_axis',(1.,1.38777878078145E-15,0.));
#1392=DIRECTION('center_axis',(0.,0.,-1.));
#1393=DIRECTION('ref_axis',(0.707106781186548,-0.707106781186547,0.));
#1394=DIRECTION('center_axis',(0.,0.,1.));
#1395=DIRECTION('ref_axis',(0.707106781186548,-0.707106781186547,0.));
#1396=DIRECTION('center_axis',(5.95613210635814E-17,1.,0.));
#1397=DIRECTION('ref_axis',(0.707106781186548,0.,0.707106781186548));
#1398=DIRECTION('',(-5.95613210635814E-17,-1.,0.));
#1399=DIRECTION('',(5.95613210635814E-17,1.,0.));
#1400=DIRECTION('center_axis',(0.,1.,0.));
#1401=DIRECTION('ref_axis',(-1.,0.,0.));
#1402=DIRECTION('',(0.,0.,1.));
#1403=DIRECTION('',(-1.,0.,0.));
#1404=DIRECTION('',(0.,0.,1.));
#1405=DIRECTION('center_axis',(-1.,1.19122642127163E-16,0.));
#1406=DIRECTION('ref_axis',(-1.19122642127163E-16,-1.,0.));
#1407=DIRECTION('',(0.,0.,1.));
#1408=DIRECTION('',(-1.19122642127163E-16,-1.,0.));
#1409=DIRECTION('center_axis',(0.,0.,1.));
#1410=DIRECTION('ref_axis',(-9.25185853854297E-16,1.,0.));
#1411=DIRECTION('',(0.,0.,1.));
#1412=DIRECTION('center_axis',(0.,0.,1.));
#1413=DIRECTION('ref_axis',(-9.25185853854297E-16,1.,0.));
#1414=DIRECTION('center_axis',(0.,1.,0.));
#1415=DIRECTION('ref_axis',(-1.,0.,0.));
#1416=DIRECTION('',(0.,0.,1.));
#1417=DIRECTION('',(-1.,0.,0.));
#1418=DIRECTION('center_axis',(-1.,0.,0.));
#1419=DIRECTION('ref_axis',(0.,-1.,0.));
#1420=DIRECTION('',(0.,0.,1.));
#1421=DIRECTION('',(0.,-1.,0.));
#1422=DIRECTION('center_axis',(0.,-1.,0.));
#1423=DIRECTION('ref_axis',(1.,0.,0.));
#1424=DIRECTION('',(0.,0.,1.));
#1425=DIRECTION('',(1.,0.,0.));
#1426=DIRECTION('center_axis',(0.,0.,1.));
#1427=DIRECTION('ref_axis',(-1.,4.62592926927149E-16,0.));
#1428=DIRECTION('',(0.,0.,1.));
#1429=DIRECTION('center_axis',(0.,0.,1.));
#1430=DIRECTION('ref_axis',(-1.,4.62592926927149E-16,0.));
#1431=DIRECTION('center_axis',(-1.,-5.95613210635814E-17,0.));
#1432=DIRECTION('ref_axis',(5.95613210635814E-17,-1.,0.));
#1433=DIRECTION('',(0.,0.,1.));
#1434=DIRECTION('',(5.95613210635814E-17,-1.,0.));
#1435=DIRECTION('center_axis',(0.,0.,1.));
#1436=DIRECTION('ref_axis',(1.,0.,0.));
#1437=DIRECTION('center_axis',(0.,0.,-1.));
#1438=DIRECTION('ref_axis',(1.,0.,0.));
#1439=DIRECTION('center_axis',(0.,0.,1.));
#1440=DIRECTION('ref_axis',(1.,0.,0.));
#1441=DIRECTION('center_axis',(1.22464679914735E-16,-1.,0.));
#1442=DIRECTION('ref_axis',(-1.,-1.22464679914735E-16,0.));
#1443=DIRECTION('center_axis',(0.,0.,1.));
#1444=DIRECTION('ref_axis',(1.,0.,0.));
#1445=DIRECTION('center_axis',(0.,0.,1.));
#1446=DIRECTION('ref_axis',(1.,0.,0.));
#1447=DIRECTION('',(0.,0.,-1.));
#1448=DIRECTION('center_axis',(0.,0.,-1.));
#1449=DIRECTION('ref_axis',(1.,0.,0.));
#1450=DIRECTION('center_axis',(0.,0.,1.));
#1451=DIRECTION('ref_axis',(1.,0.,0.));
#1452=DIRECTION('center_axis',(0.,0.,1.));
#1453=DIRECTION('ref_axis',(1.,0.,0.));
#1454=DIRECTION('center_axis',(1.22464679914735E-16,-1.,0.));
#1455=DIRECTION('ref_axis',(-1.,-1.22464679914735E-16,0.));
#1456=DIRECTION('center_axis',(0.,0.,-1.));
#1457=DIRECTION('ref_axis',(1.,0.,0.));
#1458=DIRECTION('center_axis',(0.,0.,-1.));
#1459=DIRECTION('ref_axis',(1.,0.,0.));
#1460=DIRECTION('center_axis',(0.,0.,1.));
#1461=DIRECTION('ref_axis',(1.,-9.25185853854298E-16,0.));
#1462=DIRECTION('',(-5.95613210635814E-17,1.,0.));
#1463=DIRECTION('',(1.,0.,0.));
#1464=DIRECTION('',(5.95613210635814E-17,1.,0.));
#1465=DIRECTION('center_axis',(0.,0.,1.));
#1466=DIRECTION('ref_axis',(-4.62592926927149E-16,-1.,0.));
#1467=DIRECTION('',(1.,5.95613210635814E-17,0.));
#1468=DIRECTION('',(0.,1.,0.));
#1469=DIRECTION('',(-1.,-1.19122642127163E-16,0.));
#1470=DIRECTION('center_axis',(0.,0.,1.));
#1471=DIRECTION('ref_axis',(1.,-9.25185853854298E-16,0.));
#1472=DIRECTION('',(0.,0.,1.));
#1473=DIRECTION('',(0.,0.,1.));
#1474=DIRECTION('center_axis',(1.,5.95613210635814E-17,0.));
#1475=DIRECTION('ref_axis',(-5.95613210635814E-17,1.,0.));
#1476=DIRECTION('center_axis',(0.,-1.,0.));
#1477=DIRECTION('ref_axis',(1.,0.,0.));
#1478=DIRECTION('',(0.,0.,1.));
#1479=DIRECTION('center_axis',(1.,-5.95613210635814E-17,0.));
#1480=DIRECTION('ref_axis',(5.95613210635814E-17,1.,0.));
#1481=DIRECTION('',(0.,0.,1.));
#1482=DIRECTION('center_axis',(0.,0.,1.));
#1483=DIRECTION('ref_axis',(-4.62592926927149E-16,-1.,0.));
#1484=DIRECTION('',(0.,0.,1.));
#1485=DIRECTION('center_axis',(5.95613210635814E-17,-1.,0.));
#1486=DIRECTION('ref_axis',(1.,5.95613210635814E-17,0.));
#1487=DIRECTION('',(0.,0.,1.));
#1488=DIRECTION('center_axis',(1.,0.,0.));
#1489=DIRECTION('ref_axis',(0.,1.,0.));
#1490=DIRECTION('',(0.,0.,1.));
#1491=DIRECTION('center_axis',(-1.19122642127163E-16,1.,0.));
#1492=DIRECTION('ref_axis',(-1.,-1.19122642127163E-16,0.));
#1493=DIRECTION('center_axis',(0.999744448160827,-0.0226061578248878,0.));
#1494=DIRECTION('ref_axis',(-0.0221592577857866,-0.979980548588189,0.197856239939949));
#1495=DIRECTION('center_axis',(-0.999744448171709,-0.0226061573436226,0.));
#1496=DIRECTION('ref_axis',(0.,0.,-1.));
#1497=DIRECTION('center_axis',(0.0456778902357494,-0.998956220433914,0.));
#1498=DIRECTION('ref_axis',(-0.956501211141666,-0.0437366087113531,0.288431174013762));
#1499=DIRECTION('center_axis',(-0.0156012455458549,-0.999878293162432,0.));
#1500=DIRECTION('ref_axis',(-0.993662960746007,0.0155042668157026,0.11132626892152));
#1501=DIRECTION('center_axis',(-0.999580584088606,-0.0289595565069911,0.));
#1502=DIRECTION('ref_axis',(-0.0280305946620319,0.967516135057552,0.251250500827739));
#1503=DIRECTION('center_axis',(-0.99958058410337,0.0289595559973871,0.));
#1504=DIRECTION('ref_axis',(0.0280305942005625,0.967516136169036,0.251250496599116));
#1505=DIRECTION('center_axis',(-0.015601245218612,0.999878293167538,0.));
#1506=DIRECTION('ref_axis',(0.993662961132584,0.0155042664964465,0.111326265515516));
#1507=DIRECTION('center_axis',(0.045677889855541,0.998956220451299,0.));
#1508=DIRECTION('ref_axis',(0.956501212623542,-0.0437366084143019,0.288431169144576));
#1509=DIRECTION('center_axis',(-1.76291180756249E-17,1.76291180756249E-17,
1.));
#1510=DIRECTION('ref_axis',(1.,0.,1.76291180756249E-17));
#1511=DIRECTION('center_axis',(0.,0.,1.));
#1512=DIRECTION('ref_axis',(1.,0.,0.));
#1513=DIRECTION('',(-3.19291181921512E-16,1.08420217248612E-19,-1.));
#1514=DIRECTION('',(-1.,1.92599599345698E-16,3.19189669496338E-16));
#1515=CARTESIAN_POINT('',(0.,0.,0.));
#1516=CARTESIAN_POINT('',(0.,0.,0.));
#1517=CARTESIAN_POINT('Ctrl Pts',(-5.55111512312578E-16,4.,0.));
#1518=CARTESIAN_POINT('Ctrl Pts',(4.,4.,8.06195283202975E-15));
#1519=CARTESIAN_POINT('Ctrl Pts',(4.,-2.31331000974451E-15,8.06195283202975E-15));
#1520=CARTESIAN_POINT('Ctrl Pts',(3.99999999999999,-4.,8.06195283202975E-15));
#1521=CARTESIAN_POINT('Ctrl Pts',(-5.1817315318016E-15,-4.,0.));
#1522=CARTESIAN_POINT('Ctrl Pts',(-4.,-4.,-8.06195283202975E-15));
#1523=CARTESIAN_POINT('Ctrl Pts',(-4.,2.31331000974451E-15,-8.06195283202975E-15));
#1524=CARTESIAN_POINT('Ctrl Pts',(-4.,4.,-8.06195283202975E-15));
#1525=CARTESIAN_POINT('Ctrl Pts',(-5.55111512312578E-16,4.,0.));
#1526=CARTESIAN_POINT('Ctrl Pts',(-5.55111512312578E-16,3.91123814823274,
-0.133142837170378));
#1527=CARTESIAN_POINT('Ctrl Pts',(3.91123814823274,3.91123814823274,-0.13314283717037));
#1528=CARTESIAN_POINT('Ctrl Pts',(3.91123814823274,-2.04496219144696E-15,
-0.13314283717037));
#1529=CARTESIAN_POINT('Ctrl Pts',(3.91123814823273,-3.91123814823274,-0.13314283717037));
#1530=CARTESIAN_POINT('Ctrl Pts',(-4.64503589520649E-15,-3.91123814823274,
-0.133142837170378));
#1531=CARTESIAN_POINT('Ctrl Pts',(-3.91123814823274,-3.91123814823274,-0.133142837170386));
#1532=CARTESIAN_POINT('Ctrl Pts',(-3.91123814823274,2.04496219144696E-15,
-0.133142837170386));
#1533=CARTESIAN_POINT('Ctrl Pts',(-3.91123814823274,3.91123814823274,-0.133142837170386));
#1534=CARTESIAN_POINT('Ctrl Pts',(-5.55111512312578E-16,3.91123814823274,
-0.133142837170378));
#1535=CARTESIAN_POINT('Ctrl Pts',(-5.43775974896351E-16,3.71262053001822,
-0.368562576103136));
#1536=CARTESIAN_POINT('Ctrl Pts',(3.71262053001822,3.71262053001822,-0.368562576103128));
#1537=CARTESIAN_POINT('Ctrl Pts',(3.71262053001822,-1.58181202111202E-15,
-0.368562576103128));
#1538=CARTESIAN_POINT('Ctrl Pts',(3.71262053001821,-3.71262053001822,-0.368562576103128));
#1539=CARTESIAN_POINT('Ctrl Pts',(-3.70740001712039E-15,-3.71262053001822,
-0.368562576103136));
#1540=CARTESIAN_POINT('Ctrl Pts',(-3.71262053001822,-3.71262053001822,-0.368562576103143));
#1541=CARTESIAN_POINT('Ctrl Pts',(-3.71262053001822,1.58181202111202E-15,
-0.368562576103143));
#1542=CARTESIAN_POINT('Ctrl Pts',(-3.71262053001822,3.71262053001822,-0.368562576103143));
#1543=CARTESIAN_POINT('Ctrl Pts',(-5.43775974896351E-16,3.71262053001822,
-0.368562576103136));
#1544=CARTESIAN_POINT('Ctrl Pts',(-4.92801268646947E-16,3.35146957396829,
-0.629180070529405));
#1545=CARTESIAN_POINT('Ctrl Pts',(3.35146957396829,3.35146957396829,-0.629180070529399));
#1546=CARTESIAN_POINT('Ctrl Pts',(3.35146957396829,-1.10751524054483E-15,
-0.629180070529399));
#1547=CARTESIAN_POINT('Ctrl Pts',(3.35146957396829,-3.35146957396829,-0.629180070529399));
#1548=CARTESIAN_POINT('Ctrl Pts',(-2.70783174973662E-15,-3.35146957396829,
-0.629180070529405));
#1549=CARTESIAN_POINT('Ctrl Pts',(-3.35146957396829,-3.35146957396829,-0.629180070529412));
#1550=CARTESIAN_POINT('Ctrl Pts',(-3.35146957396829,1.10751524054484E-15,
-0.629180070529412));
#1551=CARTESIAN_POINT('Ctrl Pts',(-3.35146957396829,3.35146957396829,-0.629180070529412));
#1552=CARTESIAN_POINT('Ctrl Pts',(-4.92801268646947E-16,3.35146957396829,
-0.629180070529405));
#1553=CARTESIAN_POINT('Ctrl Pts',(-3.7026359256983E-16,2.7611784925861,
-0.819240289650013));
#1554=CARTESIAN_POINT('Ctrl Pts',(2.7611784925861,2.7611784925861,-0.819240289650007));
#1555=CARTESIAN_POINT('Ctrl Pts',(2.7611784925861,-8.46988786173058E-16,
-0.819240289650007));
#1556=CARTESIAN_POINT('Ctrl Pts',(2.7611784925861,-2.7611784925861,-0.819240289650007));
#1557=CARTESIAN_POINT('Ctrl Pts',(-2.06424116491595E-15,-2.7611784925861,
-0.819240289650013));
#1558=CARTESIAN_POINT('Ctrl Pts',(-2.7611784925861,-2.7611784925861,-0.819240289650018));
#1559=CARTESIAN_POINT('Ctrl Pts',(-2.7611784925861,8.46988786173059E-16,
-0.819240289650018));
#1560=CARTESIAN_POINT('Ctrl Pts',(-2.7611784925861,2.7611784925861,-0.819240289650018));
#1561=CARTESIAN_POINT('Ctrl Pts',(-3.7026359256983E-16,2.7611784925861,
-0.819240289650013));
#1562=CARTESIAN_POINT('Ctrl Pts',(-1.84847919742781E-16,1.90442181265768,
-0.896814427272403));
#1563=CARTESIAN_POINT('Ctrl Pts',(1.90442181265768,1.90442181265768,-0.896814427272399));
#1564=CARTESIAN_POINT('Ctrl Pts',(1.90442181265768,-8.76054699375833E-16,
-0.896814427272399));
#1565=CARTESIAN_POINT('Ctrl Pts',(1.90442181265768,-1.90442181265768,-0.896814427272399));
#1566=CARTESIAN_POINT('Ctrl Pts',(-1.93695731849445E-15,-1.90442181265768,
-0.896814427272403));
#1567=CARTESIAN_POINT('Ctrl Pts',(-1.90442181265769,-1.90442181265768,-0.896814427272407));
#1568=CARTESIAN_POINT('Ctrl Pts',(-1.90442181265769,8.76054699375833E-16,
-0.896814427272407));
#1569=CARTESIAN_POINT('Ctrl Pts',(-1.90442181265768,1.90442181265768,-0.896814427272407));
#1570=CARTESIAN_POINT('Ctrl Pts',(-1.84847919742781E-16,1.90442181265768,
-0.896814427272403));
#1571=CARTESIAN_POINT('Ctrl Pts',(-6.23102436656502E-17,1.16326137833951,
-0.901902300125374));
#1572=CARTESIAN_POINT('Ctrl Pts',(1.16326137833951,1.16326137833951,-0.901902300125371));
#1573=CARTESIAN_POINT('Ctrl Pts',(1.16326137833951,-9.8833782771396E-16,
-0.901902300125371));
#1574=CARTESIAN_POINT('Ctrl Pts',(1.16326137833951,-1.16326137833951,-0.901902300125371));
#1575=CARTESIAN_POINT('Ctrl Pts',(-2.03898589909357E-15,-1.16326137833951,
-0.901902300125374));
#1576=CARTESIAN_POINT('Ctrl Pts',(-1.16326137833951,-1.16326137833951,-0.901902300125376));
#1577=CARTESIAN_POINT('Ctrl Pts',(-1.16326137833951,9.88337827713961E-16,
-0.901902300125376));
#1578=CARTESIAN_POINT('Ctrl Pts',(-1.16326137833951,1.16326137833951,-0.901902300125376));
#1579=CARTESIAN_POINT('Ctrl Pts',(-6.23102436656502E-17,1.16326137833951,
-0.901902300125374));
#1580=CARTESIAN_POINT('Ctrl Pts',(-1.13355374162301E-17,0.588274656531236,
-0.900347905174989));
#1581=CARTESIAN_POINT('Ctrl Pts',(0.588274656531236,0.588274656531235,-0.900347905174988));
#1582=CARTESIAN_POINT('Ctrl Pts',(0.588274656531235,-1.04244539865647E-15,
-0.900347905174988));
#1583=CARTESIAN_POINT('Ctrl Pts',(0.588274656531234,-0.588274656531237,
-0.900347905174988));
#1584=CARTESIAN_POINT('Ctrl Pts',(-2.09622633472916E-15,-0.588274656531236,
-0.900347905174989));
#1585=CARTESIAN_POINT('Ctrl Pts',(-0.588274656531238,-0.588274656531235,
-0.90034790517499));
#1586=CARTESIAN_POINT('Ctrl Pts',(-0.588274656531237,1.04244539865647E-15,
-0.90034790517499));
#1587=CARTESIAN_POINT('Ctrl Pts',(-0.588274656531236,0.588274656531237,
-0.90034790517499));
#1588=CARTESIAN_POINT('Ctrl Pts',(-1.13355374162301E-17,0.588274656531236,
-0.900347905174989));
#1589=CARTESIAN_POINT('Ctrl Pts',(0.,0.197357401844166,-0.899999979883432));
#1590=CARTESIAN_POINT('Ctrl Pts',(0.197357401844166,0.197357401844165,-0.899999979883432));
#1591=CARTESIAN_POINT('Ctrl Pts',(0.197357401844165,-1.0544821753951E-15,
-0.899999979883432));
#1592=CARTESIAN_POINT('Ctrl Pts',(0.197357401844164,-0.197357401844167,
-0.899999979883432));
#1593=CARTESIAN_POINT('Ctrl Pts',(-2.10896435079019E-15,-0.197357401844166,
-0.899999979883432));
#1594=CARTESIAN_POINT('Ctrl Pts',(-0.197357401844168,-0.197357401844165,
-0.899999979883433));
#1595=CARTESIAN_POINT('Ctrl Pts',(-0.197357401844167,1.0544821753951E-15,
-0.899999979883433));
#1596=CARTESIAN_POINT('Ctrl Pts',(-0.197357401844166,0.197357401844167,
-0.899999979883433));
#1597=CARTESIAN_POINT('Ctrl Pts',(0.,0.197357401844166,-0.899999979883432));
#1598=CARTESIAN_POINT('Ctrl Pts',(0.,0.,-0.899999979883432));
#1599=CARTESIAN_POINT('Ctrl Pts',(-6.16297582203915E-31,-1.0544821753951E-15,
-0.899999979883432));
#1600=CARTESIAN_POINT('Ctrl Pts',(-1.0544821753951E-15,-1.0544821753951E-15,
-0.899999979883432));
#1601=CARTESIAN_POINT('Ctrl Pts',(-2.10896435079019E-15,-1.0544821753951E-15,
-0.899999979883432));
#1602=CARTESIAN_POINT('Ctrl Pts',(-2.10896435079019E-15,7.86683403831823E-31,
-0.899999979883432));
#1603=CARTESIAN_POINT('Ctrl Pts',(-2.10896435079019E-15,1.0544821753951E-15,
-0.899999979883432));
#1604=CARTESIAN_POINT('Ctrl Pts',(-1.0544821753951E-15,1.0544821753951E-15,
-0.899999979883432));
#1605=CARTESIAN_POINT('Ctrl Pts',(1.23259516440783E-31,1.0544821753951E-15,
-0.899999979883432));
#1606=CARTESIAN_POINT('Ctrl Pts',(0.,0.,-0.899999979883432));
#1607=CARTESIAN_POINT('',(-5.55111512312578E-16,4.,0.));
#1608=CARTESIAN_POINT('',(0.,0.,-0.899999979883432));
#1609=CARTESIAN_POINT('Ctrl Pts',(-5.55111512312578E-16,4.,0.));
#1610=CARTESIAN_POINT('Ctrl Pts',(-5.55111512312578E-16,3.91123814823274,
-0.133142837170378));
#1611=CARTESIAN_POINT('Ctrl Pts',(-5.43775974896351E-16,3.71262053001822,
-0.368562576103136));
#1612=CARTESIAN_POINT('Ctrl Pts',(-4.92801268646947E-16,3.35146957396829,
-0.629180070529405));
#1613=CARTESIAN_POINT('Ctrl Pts',(-3.7026359256983E-16,2.7611784925861,
-0.819240289650013));
#1614=CARTESIAN_POINT('Ctrl Pts',(-1.84847919742781E-16,1.90442181265768,
-0.896814427272403));
#1615=CARTESIAN_POINT('Ctrl Pts',(-6.23102436656502E-17,1.16326137833951,
-0.901902300125374));
#1616=CARTESIAN_POINT('Ctrl Pts',(-1.13355374162301E-17,0.588274656531236,
-0.900347905174989));
#1617=CARTESIAN_POINT('Ctrl Pts',(0.,0.197357401844166,-0.899999979883432));
#1618=CARTESIAN_POINT('Ctrl Pts',(0.,0.,-0.899999979883432));
#1619=CARTESIAN_POINT('Origin',(-2.86842152205709E-15,1.06997522539954E-30,
0.));
#1620=CARTESIAN_POINT('Origin',(-1.025,0.785,3.1));
#1621=CARTESIAN_POINT('',(-2.05,0.585,3.1));
#1622=CARTESIAN_POINT('',(-0.885,0.585,3.1));
#1623=CARTESIAN_POINT('',(-1.025,0.585,3.1));
#1624=CARTESIAN_POINT('',(-0.885,0.785,3.3));
#1625=CARTESIAN_POINT('Origin',(-0.885,0.785,3.1));
#1626=CARTESIAN_POINT('',(-2.25,0.785,3.3));
#1627=CARTESIAN_POINT('',(-1.025,0.785,3.3));
#1628=CARTESIAN_POINT('Origin',(-2.25,0.785,3.1));
#1629=CARTESIAN_POINT('Origin',(-2.25,-0.2925,3.1));
#1630=CARTESIAN_POINT('',(-2.25,-0.785,3.3));
#1631=CARTESIAN_POINT('',(-2.25,-0.2925,3.3));
#1632=CARTESIAN_POINT('',(-2.05,-0.585,3.1));
#1633=CARTESIAN_POINT('Origin',(-2.25,-0.785,3.1));
#1634=CARTESIAN_POINT('',(-2.05,-0.2925,3.1));
#1635=CARTESIAN_POINT('Origin',(-0.785,-1.025,3.1));
#1636=CARTESIAN_POINT('',(-0.585,-2.05,3.1));
#1637=CARTESIAN_POINT('',(-0.585,-0.885,3.1));
#1638=CARTESIAN_POINT('',(-0.585,-1.025,3.1));
#1639=CARTESIAN_POINT('',(-0.785,-0.885,3.3));
#1640=CARTESIAN_POINT('Origin',(-0.785,-0.885,3.1));
#1641=CARTESIAN_POINT('',(-0.785,-2.25,3.3));
#1642=CARTESIAN_POINT('',(-0.785,-1.025,3.3));
#1643=CARTESIAN_POINT('Origin',(-0.785,-2.25,3.1));
#1644=CARTESIAN_POINT('Origin',(0.2925,-2.25,3.1));
#1645=CARTESIAN_POINT('',(0.785,-2.25,3.3));
#1646=CARTESIAN_POINT('',(0.2925,-2.25,3.3));
#1647=CARTESIAN_POINT('',(0.585,-2.05,3.1));
#1648=CARTESIAN_POINT('Origin',(0.785,-2.25,3.1));
#1649=CARTESIAN_POINT('',(0.2925,-2.05,3.1));
#1650=CARTESIAN_POINT('Origin',(1.025,-0.785,3.1));
#1651=CARTESIAN_POINT('',(2.05,-0.585,3.1));
#1652=CARTESIAN_POINT('',(0.885,-0.585,3.1));
#1653=CARTESIAN_POINT('',(1.025,-0.585,3.1));
#1654=CARTESIAN_POINT('',(0.885,-0.785,3.3));
#1655=CARTESIAN_POINT('Origin',(0.885,-0.785,3.1));
#1656=CARTESIAN_POINT('',(2.25,-0.785,3.3));
#1657=CARTESIAN_POINT('',(1.025,-0.785,3.3));
#1658=CARTESIAN_POINT('Origin',(2.25,-0.785,3.1));
#1659=CARTESIAN_POINT('Ctrl Pts',(0.885,-0.585,3.1));
#1660=CARTESIAN_POINT('Ctrl Pts',(0.585,-0.585,3.1));
#1661=CARTESIAN_POINT('Ctrl Pts',(0.585,-0.885,3.1));
#1662=CARTESIAN_POINT('Ctrl Pts',(0.885,-0.585,3.3));
#1663=CARTESIAN_POINT('Ctrl Pts',(0.585,-0.585,3.3));
#1664=CARTESIAN_POINT('Ctrl Pts',(0.585,-0.885,3.3));
#1665=CARTESIAN_POINT('Ctrl Pts',(0.885,-0.785,3.3));
#1666=CARTESIAN_POINT('Ctrl Pts',(0.785,-0.785,3.3));
#1667=CARTESIAN_POINT('Ctrl Pts',(0.785,-0.885,3.3));
#1668=CARTESIAN_POINT('',(0.585,-0.885,3.1));
#1669=CARTESIAN_POINT('',(0.785,-0.885,3.3));
#1670=CARTESIAN_POINT('Origin',(0.785,-0.885,3.1));
#1671=CARTESIAN_POINT('Origin',(0.885,-0.885,3.3));
#1672=CARTESIAN_POINT('Origin',(0.885,-0.885,3.1));
#1673=CARTESIAN_POINT('Origin',(0.785,-0.4425,3.1));
#1674=CARTESIAN_POINT('',(0.785,-0.4425,3.3));
#1675=CARTESIAN_POINT('',(0.585,-0.4425,3.1));
#1676=CARTESIAN_POINT('Origin',(2.25,0.2925,3.1));
#1677=CARTESIAN_POINT('',(2.05,0.585,3.1));
#1678=CARTESIAN_POINT('',(2.05,0.2925,3.1));
#1679=CARTESIAN_POINT('',(2.25,0.785,3.3));
#1680=CARTESIAN_POINT('',(2.25,0.2925,3.3));
#1681=CARTESIAN_POINT('Origin',(2.25,0.785,3.1));
#1682=CARTESIAN_POINT('Origin',(0.785,1.025,3.1));
#1683=CARTESIAN_POINT('',(0.585,2.05,3.1));
#1684=CARTESIAN_POINT('',(0.585,0.885,3.1));
#1685=CARTESIAN_POINT('',(0.585,1.025,3.1));
#1686=CARTESIAN_POINT('',(0.785,0.885,3.3));
#1687=CARTESIAN_POINT('Origin',(0.785,0.885,3.1));
#1688=CARTESIAN_POINT('',(0.785,2.25,3.3));
#1689=CARTESIAN_POINT('',(0.785,1.025,3.3));
#1690=CARTESIAN_POINT('Origin',(0.785,2.25,3.1));
#1691=CARTESIAN_POINT('Ctrl Pts',(0.585,0.885,3.1));
#1692=CARTESIAN_POINT('Ctrl Pts',(0.585,0.585,3.1));
#1693=CARTESIAN_POINT('Ctrl Pts',(0.885,0.585,3.1));
#1694=CARTESIAN_POINT('Ctrl Pts',(0.585,0.885,3.3));
#1695=CARTESIAN_POINT('Ctrl Pts',(0.585,0.585,3.3));
#1696=CARTESIAN_POINT('Ctrl Pts',(0.885,0.585,3.3));
#1697=CARTESIAN_POINT('Ctrl Pts',(0.785,0.885,3.3));
#1698=CARTESIAN_POINT('Ctrl Pts',(0.785,0.785,3.3));
#1699=CARTESIAN_POINT('Ctrl Pts',(0.885,0.785,3.3));
#1700=CARTESIAN_POINT('',(0.885,0.585,3.1));
#1701=CARTESIAN_POINT('',(0.885,0.785,3.3));
#1702=CARTESIAN_POINT('Origin',(0.885,0.785,3.1));
#1703=CARTESIAN_POINT('Origin',(0.885,0.885,3.3));
#1704=CARTESIAN_POINT('Origin',(0.885,0.885,3.1));
#1705=CARTESIAN_POINT('Origin',(0.4425,0.785,3.1));
#1706=CARTESIAN_POINT('',(0.4425,0.785,3.3));
#1707=CARTESIAN_POINT('',(0.4425,0.585,3.1));
#1708=CARTESIAN_POINT('Ctrl Pts',(-0.585,-0.885,3.1));
#1709=CARTESIAN_POINT('Ctrl Pts',(-0.584999999999999,-0.584999999999999,
3.1));
#1710=CARTESIAN_POINT('Ctrl Pts',(-0.885,-0.585,3.1));
#1711=CARTESIAN_POINT('Ctrl Pts',(-0.585,-0.885,3.3));
#1712=CARTESIAN_POINT('Ctrl Pts',(-0.584999999999999,-0.584999999999999,
3.3));
#1713=CARTESIAN_POINT('Ctrl Pts',(-0.885,-0.585,3.3));
#1714=CARTESIAN_POINT('Ctrl Pts',(-0.785,-0.885,3.3));
#1715=CARTESIAN_POINT('Ctrl Pts',(-0.785,-0.785,3.3));
#1716=CARTESIAN_POINT('Ctrl Pts',(-0.885,-0.785,3.3));
#1717=CARTESIAN_POINT('',(-0.885,-0.585,3.1));
#1718=CARTESIAN_POINT('',(-0.885,-0.785,3.3));
#1719=CARTESIAN_POINT('Origin',(-0.885,-0.785,3.1));
#1720=CARTESIAN_POINT('Origin',(-0.885,-0.885,3.3));
#1721=CARTESIAN_POINT('Origin',(-0.885,-0.885,3.1));
#1722=CARTESIAN_POINT('Origin',(-0.4425,-0.785,3.1));
#1723=CARTESIAN_POINT('',(-0.4425,-0.785,3.3));
#1724=CARTESIAN_POINT('',(-0.4425,-0.585,3.1));
#1725=CARTESIAN_POINT('Origin',(-0.2925,2.25,3.1));
#1726=CARTESIAN_POINT('',(-0.585,2.05,3.1));
#1727=CARTESIAN_POINT('',(-0.2925,2.05,3.1));
#1728=CARTESIAN_POINT('',(-0.785,2.25,3.3));
#1729=CARTESIAN_POINT('',(-0.2925,2.25,3.3));
#1730=CARTESIAN_POINT('Origin',(-0.785,2.25,3.1));
#1731=CARTESIAN_POINT('Ctrl Pts',(-0.885,0.585,3.1));
#1732=CARTESIAN_POINT('Ctrl Pts',(-0.585,0.585,3.1));
#1733=CARTESIAN_POINT('Ctrl Pts',(-0.585,0.885,3.1));
#1734=CARTESIAN_POINT('Ctrl Pts',(-0.885,0.585,3.3));
#1735=CARTESIAN_POINT('Ctrl Pts',(-0.585,0.585,3.3));
#1736=CARTESIAN_POINT('Ctrl Pts',(-0.585,0.885,3.3));
#1737=CARTESIAN_POINT('Ctrl Pts',(-0.885,0.785,3.3));
#1738=CARTESIAN_POINT('Ctrl Pts',(-0.785,0.785,3.3));
#1739=CARTESIAN_POINT('Ctrl Pts',(-0.785,0.885,3.3));
#1740=CARTESIAN_POINT('',(-0.585,0.885,3.1));
#1741=CARTESIAN_POINT('',(-0.785,0.885,3.3));
#1742=CARTESIAN_POINT('Origin',(-0.785,0.885,3.1));
#1743=CARTESIAN_POINT('Origin',(-0.885,0.885,3.3));
#1744=CARTESIAN_POINT('Origin',(-0.885,0.885,3.1));
#1745=CARTESIAN_POINT('Origin',(-0.785,0.4425,3.1));
#1746=CARTESIAN_POINT('',(-0.785,0.4425,3.3));
#1747=CARTESIAN_POINT('',(-0.585,0.4425,3.1));
#1748=CARTESIAN_POINT('Origin',(0.585,-2.05,0.));
#1749=CARTESIAN_POINT('',(0.585,-2.05,0.));
#1750=CARTESIAN_POINT('',(0.585,-2.05,0.));
#1751=CARTESIAN_POINT('',(-0.585,-2.05,0.));
#1752=CARTESIAN_POINT('',(0.585,-2.05,0.));
#1753=CARTESIAN_POINT('',(-0.585,-2.05,0.));
#1754=CARTESIAN_POINT('Origin',(0.585,-0.885,0.));
#1755=CARTESIAN_POINT('',(0.585,-0.885,0.));
#1756=CARTESIAN_POINT('',(0.585,-0.885,0.));
#1757=CARTESIAN_POINT('',(0.585,-0.885,0.));
#1758=CARTESIAN_POINT('Origin',(0.885,-0.885,0.));
#1759=CARTESIAN_POINT('',(0.885,-0.585,0.));
#1760=CARTESIAN_POINT('',(0.885,-0.585,0.));
#1761=CARTESIAN_POINT('Origin',(0.885,-0.885,0.));
#1762=CARTESIAN_POINT('Origin',(2.05,-0.585,0.));
#1763=CARTESIAN_POINT('',(2.05,-0.585,0.));
#1764=CARTESIAN_POINT('',(2.05,-0.585,0.));
#1765=CARTESIAN_POINT('',(2.05,-0.585,0.));
#1766=CARTESIAN_POINT('Origin',(2.05,0.585,0.));
#1767=CARTESIAN_POINT('',(2.05,0.585,0.));
#1768=CARTESIAN_POINT('',(2.05,0.585,0.));
#1769=CARTESIAN_POINT('',(2.05,0.585,0.));
#1770=CARTESIAN_POINT('Origin',(0.885,0.585,0.));
#1771=CARTESIAN_POINT('',(0.885,0.585,0.));
#1772=CARTESIAN_POINT('',(0.885,0.585,0.));
#1773=CARTESIAN_POINT('',(0.885,0.585,0.));
#1774=CARTESIAN_POINT('Origin',(0.885,0.885,0.));
#1775=CARTESIAN_POINT('',(0.585,0.885,0.));
#1776=CARTESIAN_POINT('',(0.585,0.885,0.));
#1777=CARTESIAN_POINT('Origin',(0.885,0.885,0.));
#1778=CARTESIAN_POINT('Origin',(0.585,2.05,0.));
#1779=CARTESIAN_POINT('',(0.585,2.05,0.));
#1780=CARTESIAN_POINT('',(0.585,2.05,0.));
#1781=CARTESIAN_POINT('',(0.585,2.05,0.));
#1782=CARTESIAN_POINT('Origin',(0.,0.,3.3));
#1783=CARTESIAN_POINT('',(-2.55,3.12284933782575E-16,3.3));
#1784=CARTESIAN_POINT('Origin',(0.,0.,3.3));
#1785=CARTESIAN_POINT('Origin',(0.,0.,3.1));
#1786=CARTESIAN_POINT('',(-2.75,-3.36777869765522E-16,3.1));
#1787=CARTESIAN_POINT('Origin',(-2.55,-3.12284933782575E-16,3.1));
#1788=CARTESIAN_POINT('Origin',(0.,0.,3.1));
#1789=CARTESIAN_POINT('Origin',(0.,0.,0.));
#1790=CARTESIAN_POINT('',(-2.75,3.36777869765522E-16,0.25));
#1791=CARTESIAN_POINT('',(-2.75,-3.36777869765522E-16,0.));
#1792=CARTESIAN_POINT('Origin',(0.,0.,0.25));
#1793=CARTESIAN_POINT('Origin',(0.,0.,0.25));
#1794=CARTESIAN_POINT('',(-3.,-3.67394039744206E-16,0.));
#1795=CARTESIAN_POINT('Origin',(0.,0.,0.));
#1796=CARTESIAN_POINT('Origin',(-3.,-3.67394039744206E-16,0.25));
#1797=CARTESIAN_POINT('Origin',(0.,0.,0.));
#1798=CARTESIAN_POINT('Origin',(0.,0.,0.));
#1799=CARTESIAN_POINT('',(-0.585,-0.885,0.));
#1800=CARTESIAN_POINT('',(-0.885,-0.585,0.));
#1801=CARTESIAN_POINT('Origin',(-0.885,-0.885,0.));
#1802=CARTESIAN_POINT('',(-0.585,-0.885,0.));
#1803=CARTESIAN_POINT('',(-0.585,2.05,0.));
#1804=CARTESIAN_POINT('',(-0.585,2.05,0.));
#1805=CARTESIAN_POINT('',(-0.585,0.885,0.));
#1806=CARTESIAN_POINT('',(-0.585,0.885,0.));
#1807=CARTESIAN_POINT('',(-0.885,0.585,0.));
#1808=CARTESIAN_POINT('Origin',(-0.885,0.885,0.));
#1809=CARTESIAN_POINT('',(-2.05,0.585,0.));
#1810=CARTESIAN_POINT('',(-2.05,0.585,0.));
#1811=CARTESIAN_POINT('',(-2.05,-0.585,0.));
#1812=CARTESIAN_POINT('',(-2.05,-0.585,0.));
#1813=CARTESIAN_POINT('',(-2.05,-0.585,0.));
#1814=CARTESIAN_POINT('Origin',(-0.885,-0.885,0.));
#1815=CARTESIAN_POINT('',(-0.585,-0.885,0.));
#1816=CARTESIAN_POINT('',(-0.885,-0.585,0.));
#1817=CARTESIAN_POINT('Origin',(-0.585,-2.05,0.));
#1818=CARTESIAN_POINT('Origin',(-0.585,2.05,0.));
#1819=CARTESIAN_POINT('',(-0.585,2.05,0.));
#1820=CARTESIAN_POINT('Origin',(-0.585,0.885,0.));
#1821=CARTESIAN_POINT('',(-0.585,0.885,0.));
#1822=CARTESIAN_POINT('Origin',(-0.885,0.885,0.));
#1823=CARTESIAN_POINT('',(-0.885,0.585,0.));
#1824=CARTESIAN_POINT('Origin',(-2.05,0.585,0.));
#1825=CARTESIAN_POINT('',(-2.05,0.585,0.));
#1826=CARTESIAN_POINT('Origin',(-2.05,-0.585,0.));
#1827=CARTESIAN_POINT('',(-2.05,-0.585,0.));
#1828=CARTESIAN_POINT('Origin',(-0.885,-0.585,0.));
#1829=CARTESIAN_POINT('Ctrl Pts',(6.93347677298998,-8.95406928506963,0.23957124715632));
#1830=CARTESIAN_POINT('Ctrl Pts',(6.46100248185676,-8.96700168842031,0.228432733720087));
#1831=CARTESIAN_POINT('Ctrl Pts',(5.54603229494061,-8.97398699669884,0.224716594401751));
#1832=CARTESIAN_POINT('Ctrl Pts',(3.22916313732039,-8.99435235239219,0.206699485877986));
#1833=CARTESIAN_POINT('Ctrl Pts',(1.38784419423399,-8.99797864318024,0.203259004347421));
#1834=CARTESIAN_POINT('Ctrl Pts',(-1.38784511577121,-8.99797863298022,0.203259013059696));
#1835=CARTESIAN_POINT('Ctrl Pts',(-3.22916007274716,-8.99435237753935,0.206699465063258));
#1836=CARTESIAN_POINT('Ctrl Pts',(-5.54603390974022,-8.97398698743608,0.224716602861295));
#1837=CARTESIAN_POINT('Ctrl Pts',(-6.46100261008987,-8.96700168404132,0.228432737369217));
#1838=CARTESIAN_POINT('Ctrl Pts',(-6.93347677188271,-8.95406928390735,0.23957124798799));
#1839=CARTESIAN_POINT('Ctrl Pts',(6.93351447133676,-8.95573647300964,0.231309454878799));
#1840=CARTESIAN_POINT('Ctrl Pts',(6.46101290427919,-8.96833963896596,0.220280838027044));
#1841=CARTESIAN_POINT('Ctrl Pts',(5.54604200477199,-8.97495989207564,0.216714080649496));
#1842=CARTESIAN_POINT('Ctrl Pts',(3.22916186934976,-8.99470228143375,0.198994372345779));
#1843=CARTESIAN_POINT('Ctrl Pts',(1.38784577830664,-8.99808331043394,0.195714729156624));
#1844=CARTESIAN_POINT('Ctrl Pts',(-1.3878466998441,-8.99808330056611,0.195714737704494));
#1845=CARTESIAN_POINT('Ctrl Pts',(-3.22915880477276,-8.9947023058279,0.198994351917539));
#1846=CARTESIAN_POINT('Ctrl Pts',(-5.54604361957417,-8.97495988336754,0.216714088831084));
#1847=CARTESIAN_POINT('Ctrl Pts',(-6.46101303253907,-8.96833963532371,0.220280841422954));
#1848=CARTESIAN_POINT('Ctrl Pts',(-6.93351447023117,-8.95573647188638,0.231309455697741));
#1849=CARTESIAN_POINT('Ctrl Pts',(6.93356620453787,-8.95802434439856,0.214575341765508));
#1850=CARTESIAN_POINT('Ctrl Pts',(6.46116370221261,-8.96962220526064,0.204124019199709));
#1851=CARTESIAN_POINT('Ctrl Pts',(5.54603787094742,-8.9759807632799,0.200555619659869));
#1852=CARTESIAN_POINT('Ctrl Pts',(3.2292462400997,-8.99426102273814,0.183751872686859));
#1853=CARTESIAN_POINT('Ctrl Pts',(1.38782259729896,-8.99748169759374,0.180575196110349));
#1854=CARTESIAN_POINT('Ctrl Pts',(-1.38782351885256,-8.99748168839056,0.180575204225108));
#1855=CARTESIAN_POINT('Ctrl Pts',(-3.2292431755031,-8.99426104547786,0.183751853297189));
#1856=CARTESIAN_POINT('Ctrl Pts',(-5.5460394857802,-8.97598075518112,0.200555627613418));
#1857=CARTESIAN_POINT('Ctrl Pts',(-6.46116383049136,-8.96962220191201,0.204124022941161));
#1858=CARTESIAN_POINT('Ctrl Pts',(-6.93356620343505,-8.95802434334921,0.214575342553549));
#1859=CARTESIAN_POINT('Ctrl Pts',(6.93357151417219,-8.9582591599555,0.189259528087613));
#1860=CARTESIAN_POINT('Ctrl Pts',(6.46134158435768,-8.96887706542093,0.179517592735784));
#1861=CARTESIAN_POINT('Ctrl Pts',(5.5460055620726,-8.97453528100186,0.176365568699904));
#1862=CARTESIAN_POINT('Ctrl Pts',(3.2293515755623,-8.99119489563207,0.160912831323682));
#1863=CARTESIAN_POINT('Ctrl Pts',(1.38778229904534,-8.99397654223141,0.158165941533454));
#1864=CARTESIAN_POINT('Ctrl Pts',(-1.38778322062317,-8.99397653383683,0.158165948957811));
#1865=CARTESIAN_POINT('Ctrl Pts',(-3.2293485109524,-8.99119491647324,0.160912813563711));
#1866=CARTESIAN_POINT('Ctrl Pts',(-5.54600717694291,-8.97453527404414,0.176365575800593));
#1867=CARTESIAN_POINT('Ctrl Pts',(-6.46134171264032,-8.96887706341787,0.179517595914097));
#1868=CARTESIAN_POINT('Ctrl Pts',(-6.93357151307166,-8.95825915900259,0.189259528815783));
#1869=CARTESIAN_POINT('Ctrl Pts',(6.93350491309697,-8.95531376529263,0.164068375870552));
#1870=CARTESIAN_POINT('Ctrl Pts',(6.46135900503472,-8.96497069571892,0.155157524763876));
#1871=CARTESIAN_POINT('Ctrl Pts',(5.54595884863623,-8.97021110751066,0.152486342327395));
#1872=CARTESIAN_POINT('Ctrl Pts',(3.22936379901346,-8.98543641178378,0.138556144375825));
#1873=CARTESIAN_POINT('Ctrl Pts',(1.38775347878295,-8.98798658650488,0.136263408590638));
#1874=CARTESIAN_POINT('Ctrl Pts',(-1.38775440036958,-8.98798657878701,0.136263415238784));
#1875=CARTESIAN_POINT('Ctrl Pts',(-3.22936073440618,-8.98543643099174,0.138556128431702));
#1876=CARTESIAN_POINT('Ctrl Pts',(-5.54596046350929,-8.9702111013097,0.152486348484482));
#1877=CARTESIAN_POINT('Ctrl Pts',(-6.46135913328617,-8.96497069441535,0.15515752725974));
#1878=CARTESIAN_POINT('Ctrl Pts',(-6.93350491199685,-8.95531376442041,0.164068376527602));
#1879=CARTESIAN_POINT('Ctrl Pts',(6.93327400982708,-8.94510219953938,0.123203807004221));
#1880=CARTESIAN_POINT('Ctrl Pts',(6.46198735977957,-8.95366997172744,0.115854380592005));
#1881=CARTESIAN_POINT('Ctrl Pts',(5.54576931071018,-8.95819500731015,0.113984046126234));
#1882=CARTESIAN_POINT('Ctrl Pts',(3.22978625280029,-8.97172849858855,0.102788788250762));
#1883=CARTESIAN_POINT('Ctrl Pts',(1.38758718878613,-8.97388869897336,0.101223712533102));
#1884=CARTESIAN_POINT('Ctrl Pts',(-1.38758811046748,-8.97388869207535,0.101223717813552));
#1885=CARTESIAN_POINT('Ctrl Pts',(-3.22978318817232,-8.97172851584726,0.102788775539958));
#1886=CARTESIAN_POINT('Ctrl Pts',(-5.54577092571575,-8.95819500226608,0.113984050683227));
#1887=CARTESIAN_POINT('Ctrl Pts',(-6.46198748788083,-8.95366997188206,0.115854381973178));
#1888=CARTESIAN_POINT('Ctrl Pts',(-6.93327400872443,-8.94510219877265,0.123203807531405));
#1889=CARTESIAN_POINT('Ctrl Pts',(6.9322652830012,-8.90049182951694,0.0395732008554263));
#1890=CARTESIAN_POINT('Ctrl Pts',(6.46170832936304,-8.90715137007389,0.0360493959228244));
#1891=CARTESIAN_POINT('Ctrl Pts',(5.54530994693667,-8.91195061798233,0.0362097288757342));
#1892=CARTESIAN_POINT('Ctrl Pts',(3.22971839592546,-8.92341812835672,0.0315168914939593));
#1893=CARTESIAN_POINT('Ctrl Pts',(1.38739056136081,-8.92604451300906,0.0316027665316537));
#1894=CARTESIAN_POINT('Ctrl Pts',(-1.38739148307806,-8.92604450688165,0.0316027685630895));
#1895=CARTESIAN_POINT('Ctrl Pts',(-3.22971533140228,-8.92341814352567,0.0315168864024054));
#1896=CARTESIAN_POINT('Ctrl Pts',(-5.54531156187768,-8.91195061288127,0.0362097296051243));
#1897=CARTESIAN_POINT('Ctrl Pts',(-6.46170845692905,-8.907151369247,0.0360493942429288));
#1898=CARTESIAN_POINT('Ctrl Pts',(-6.93226528187948,-8.90049182885661,0.0395732010552079));
#1899=CARTESIAN_POINT('Ctrl Pts',(6.93037865976207,-8.81705699004137,1.14491749414469E-15));
#1900=CARTESIAN_POINT('Ctrl Pts',(6.46773492349158,-8.82631542577259,1.14652173489951E-15));
#1901=CARTESIAN_POINT('Ctrl Pts',(5.54385171419788,-8.8319112634457,9.10282090680066E-16));
#1902=CARTESIAN_POINT('Ctrl Pts',(3.23383325720973,-8.84757357938516,1.24593030823308E-15));
#1903=CARTESIAN_POINT('Ctrl Pts',(1.38603108119558,-8.85093319209949,3.00018346219581E-16));
#1904=CARTESIAN_POINT('Ctrl Pts',(-1.3860320037625,-8.85093318388117,6.03239122567467E-16));
#1905=CARTESIAN_POINT('Ctrl Pts',(-3.23383019247719,-8.84757359942977,6.81208924944008E-16));
#1906=CARTESIAN_POINT('Ctrl Pts',(-5.54385333041721,-8.83191125669329,5.11081935200458E-16));
#1907=CARTESIAN_POINT('Ctrl Pts',(-6.46773504966784,-8.82631542482231,6.23287869813377E-16));
#1908=CARTESIAN_POINT('Ctrl Pts',(-6.93037865859583,-8.81705698918978,5.91085316375701E-16));
#1909=CARTESIAN_POINT('Ctrl Pts',(6.92904492152338,-8.75807317518203,1.14491749414469E-15));
#1910=CARTESIAN_POINT('Ctrl Pts',(6.46721473843462,-8.76851604966264,1.14297007734041E-15));
#1911=CARTESIAN_POINT('Ctrl Pts',(5.54330787650629,-8.77550612470804,9.16081357053143E-16));
#1912=CARTESIAN_POINT('Ctrl Pts',(3.23366929723384,-8.79365038145134,1.23762646521402E-15));
#1913=CARTESIAN_POINT('Ctrl Pts',(1.38583404991412,-8.79811386582093,3.02559776344517E-16));
#1914=CARTESIAN_POINT('Ctrl Pts',(-1.38583497250455,-8.79811385626405,5.96377804270613E-16));
#1915=CARTESIAN_POINT('Ctrl Pts',(-3.23366623266415,-8.79365040457194,6.84221106955456E-16));
#1916=CARTESIAN_POINT('Ctrl Pts',(-5.54330949261364,-8.77550611570949,5.09854976540009E-16));
#1917=CARTESIAN_POINT('Ctrl Pts',(-6.46721486390638,-8.7685160460285,6.27226816247813E-16));
#1918=CARTESIAN_POINT('Ctrl Pts',(-6.92904492032555,-8.75807317418971,5.89805981832114E-16));
#1919=CARTESIAN_POINT('',(-6.93347677188271,-8.95406928390735,0.23957124798799));
#1920=CARTESIAN_POINT('',(-6.92904492032555,-8.75807317418971,7.63278329429795E-16));
#1921=CARTESIAN_POINT('Origin',(-6.92904492032555,-8.75807317418971,0.2));
#1922=CARTESIAN_POINT('',(6.92904492152338,-8.75807317518203,1.04083408558608E-15));
#1923=CARTESIAN_POINT('Ctrl Pts',(-6.92904492032555,-8.75807317418971,5.89805981832114E-16));
#1924=CARTESIAN_POINT('Ctrl Pts',(-6.46721486390638,-8.7685160460285,6.27226816247813E-16));
#1925=CARTESIAN_POINT('Ctrl Pts',(-5.54330949261364,-8.77550611570949,5.09854976540009E-16));
#1926=CARTESIAN_POINT('Ctrl Pts',(-3.23366623266415,-8.79365040457194,6.84221106955456E-16));
#1927=CARTESIAN_POINT('Ctrl Pts',(-1.38583497250455,-8.79811385626405,5.96377804270613E-16));
#1928=CARTESIAN_POINT('Ctrl Pts',(1.38583404991412,-8.79811386582093,3.02559776344517E-16));
#1929=CARTESIAN_POINT('Ctrl Pts',(3.23366929723384,-8.79365038145134,1.23762646521402E-15));
#1930=CARTESIAN_POINT('Ctrl Pts',(5.54330787650629,-8.77550612470804,9.16081357053143E-16));
#1931=CARTESIAN_POINT('Ctrl Pts',(6.46721473843462,-8.76851604966264,1.14297007734041E-15));
#1932=CARTESIAN_POINT('Ctrl Pts',(6.92904492152338,-8.75807317518203,1.14491749414469E-15));
#1933=CARTESIAN_POINT('',(6.93347677298998,-8.95406928506963,0.23957124715632));
#1934=CARTESIAN_POINT('Origin',(6.92904492152338,-8.75807317518203,0.200000000000001));
#1935=CARTESIAN_POINT('Ctrl Pts',(6.93347677298998,-8.95406928506963,0.23957124715632));
#1936=CARTESIAN_POINT('Ctrl Pts',(6.46100248185676,-8.96700168842031,0.228432733720087));
#1937=CARTESIAN_POINT('Ctrl Pts',(5.54603229494061,-8.97398699669884,0.224716594401751));
#1938=CARTESIAN_POINT('Ctrl Pts',(3.22916313732039,-8.99435235239219,0.206699485877986));
#1939=CARTESIAN_POINT('Ctrl Pts',(1.38784419423399,-8.99797864318024,0.203259004347421));
#1940=CARTESIAN_POINT('Ctrl Pts',(-1.38784511577121,-8.99797863298022,0.203259013059696));
#1941=CARTESIAN_POINT('Ctrl Pts',(-3.22916007274716,-8.99435237753935,0.206699465063258));
#1942=CARTESIAN_POINT('Ctrl Pts',(-5.54603390974022,-8.97398698743608,0.224716602861295));
#1943=CARTESIAN_POINT('Ctrl Pts',(-6.46100261008987,-8.96700168404132,0.228432737369217));
#1944=CARTESIAN_POINT('Ctrl Pts',(-6.93347677188271,-8.95406928390735,0.23957124798799));
#1945=CARTESIAN_POINT('Ctrl Pts',(-6.93347677188271,-8.95406928390735,0.23957124798799));
#1946=CARTESIAN_POINT('Ctrl Pts',(-7.22803386211403,-8.94479542419828,0.25251516944802));
#1947=CARTESIAN_POINT('Ctrl Pts',(-7.66476922662226,-8.82943694083392,0.267554373128544));
#1948=CARTESIAN_POINT('Ctrl Pts',(-8.27933355771206,-8.42512021874525,0.281104255170696));
#1949=CARTESIAN_POINT('Ctrl Pts',(-8.74404134041896,-7.84713635315594,0.282746846440142));
#1950=CARTESIAN_POINT('Ctrl Pts',(-8.90743750926875,-7.27460553919973,0.268552511304592));
#1951=CARTESIAN_POINT('Ctrl Pts',(-8.92414328991839,-6.98091732435359,0.257686234802753));
#1952=CARTESIAN_POINT('Ctrl Pts',(-6.93362756527655,-8.96073803582348,0.206524078826994));
#1953=CARTESIAN_POINT('Ctrl Pts',(-7.22924110977273,-8.95388629639301,0.218678976364598));
#1954=CARTESIAN_POINT('Ctrl Pts',(-7.66923690752553,-8.84121363511584,0.233169093358665));
#1955=CARTESIAN_POINT('Ctrl Pts',(-8.28987247937696,-8.43673936544277,0.246485525207266));
#1956=CARTESIAN_POINT('Ctrl Pts',(-8.75867557914764,-7.85430325567758,0.248122341385235));
#1957=CARTESIAN_POINT('Ctrl Pts',(-8.91984578490228,-7.27671387300782,0.234118652383545));
#1958=CARTESIAN_POINT('Ctrl Pts',(-8.93436990198359,-6.98138494250726,0.2237016320913));
#1959=CARTESIAN_POINT('Ctrl Pts',(-6.9335521250449,-8.95740173456699,0.145760759685119));
#1960=CARTESIAN_POINT('Ctrl Pts',(-7.22873193192168,-8.9538460662792,0.155319358237735));
#1961=CARTESIAN_POINT('Ctrl Pts',(-7.67048944955759,-8.84565719755596,0.167083482656135));
#1962=CARTESIAN_POINT('Ctrl Pts',(-8.29583657533939,-8.44366326927327,0.178151073777023));
#1963=CARTESIAN_POINT('Ctrl Pts',(-8.76768586388248,-7.85843776448608,0.179537068303852));
#1964=CARTESIAN_POINT('Ctrl Pts',(-8.92459671110333,-7.27715297956545,0.167848885595316));
#1965=CARTESIAN_POINT('Ctrl Pts',(-8.9359774711176,-6.98145844959891,0.15944645418381));
#1966=CARTESIAN_POINT('Ctrl Pts',(-6.93253671749868,-8.91249591444392,0.0626730276156748));
#1967=CARTESIAN_POINT('Ctrl Pts',(-7.2211089204512,-8.91068709813055,0.0672145058164214));
#1968=CARTESIAN_POINT('Ctrl Pts',(-7.65425033121272,-8.80753260654633,0.0729561892898994));
#1969=CARTESIAN_POINT('Ctrl Pts',(-8.26932286597172,-8.41572159138536,0.0784718336632201));
#1970=CARTESIAN_POINT('Ctrl Pts',(-8.73352735158399,-7.84067608162712,0.0791702859236084));
#1971=CARTESIAN_POINT('Ctrl Pts',(-8.88436226988346,-7.26901599006871,0.0733241080402575));
#1972=CARTESIAN_POINT('Ctrl Pts',(-8.89368826526024,-6.97952474953899,0.0692420465213014));
#1973=CARTESIAN_POINT('Ctrl Pts',(-6.93095133864919,-8.84238343821993,0.0112645207090985));
#1974=CARTESIAN_POINT('Ctrl Pts',(-7.20911211986973,-8.83924865900281,0.0121087764677228));
#1975=CARTESIAN_POINT('Ctrl Pts',(-7.62572498953163,-8.73851813565644,0.0131904449491668));
#1976=CARTESIAN_POINT('Ctrl Pts',(-8.21748620541438,-8.36024240652795,0.0142351387988605));
#1977=CARTESIAN_POINT('Ctrl Pts',(-8.66498569243538,-7.80576976452967,0.0143699083934592));
#1978=CARTESIAN_POINT('Ctrl Pts',(-8.81151486441428,-7.25493837704123,0.0132622569699928));
#1979=CARTESIAN_POINT('Ctrl Pts',(-8.82154371928119,-6.97622589561033,0.0124969582184725));
#1980=CARTESIAN_POINT('Ctrl Pts',(-6.92961652244139,-8.78335195204688,1.38229591845179E-16));
#1981=CARTESIAN_POINT('Ctrl Pts',(-7.19898295299686,-8.77819573073669,5.99290076462186E-6));
#1982=CARTESIAN_POINT('Ctrl Pts',(-7.60099789222767,-8.67824621986986,9.45762432767513E-6));
#1983=CARTESIAN_POINT('Ctrl Pts',(-8.1714389458878,-8.31079781653714,1.67658841421448E-5));
#1984=CARTESIAN_POINT('Ctrl Pts',(-8.60377448209598,-7.77472882544402,1.50988823933617E-5));
#1985=CARTESIAN_POINT('Ctrl Pts',(-8.74791963321004,-7.24276820996311,5.66527169066899E-6));
#1986=CARTESIAN_POINT('Ctrl Pts',(-8.75943503822342,-6.97338593780436,9.04365105000522E-16));
#1987=CARTESIAN_POINT('Ctrl Pts',(-6.92904492032556,-8.75807317418971,1.38777878078145E-16));
#1988=CARTESIAN_POINT('Ctrl Pts',(-7.19465645274983,-8.75206718312556,3.5411575981715E-16));
#1989=CARTESIAN_POINT('Ctrl Pts',(-7.59041588162729,-8.65248799317765,4.66414065490949E-16));
#1990=CARTESIAN_POINT('Ctrl Pts',(-8.15177229831184,-8.28968210190998,8.4327264040984E-16));
#1991=CARTESIAN_POINT('Ctrl Pts',(-8.57762686643387,-7.76146989338351,4.98666404462369E-16));
#1992=CARTESIAN_POINT('Ctrl Pts',(-8.72070737197238,-7.23757211914455,8.28997604534903E-16));
#1993=CARTESIAN_POINT('Ctrl Pts',(-8.73284304769005,-6.97217000261132,9.0205620750794E-16));
#1994=CARTESIAN_POINT('',(-8.92414328991839,-6.98091732435359,0.257686234802753));
#1995=CARTESIAN_POINT('',(-8.73284304769005,-6.97217000261132,7.63278329429795E-16));
#1996=CARTESIAN_POINT('Origin',(-8.73284304769005,-6.97217000261132,0.200000000000001));
#1997=CARTESIAN_POINT('Ctrl Pts',(-8.73284304769005,-6.97217000261132,9.0205620750794E-16));
#1998=CARTESIAN_POINT('Ctrl Pts',(-8.72070737197238,-7.23757211914455,8.28997604534903E-16));
#1999=CARTESIAN_POINT('Ctrl Pts',(-8.57762686643387,-7.76146989338351,4.98666404462369E-16));
#2000=CARTESIAN_POINT('Ctrl Pts',(-8.15177229831184,-8.28968210190998,8.4327264040984E-16));
#2001=CARTESIAN_POINT('Ctrl Pts',(-7.59041588162729,-8.65248799317765,4.66414065490949E-16));
#2002=CARTESIAN_POINT('Ctrl Pts',(-7.19465645274983,-8.75206718312556,3.5411575981715E-16));
#2003=CARTESIAN_POINT('Ctrl Pts',(-6.92904492032556,-8.75807317418971,1.38777878078145E-16));
#2004=CARTESIAN_POINT('Ctrl Pts',(-6.93347677188271,-8.95406928390735,0.23957124798799));
#2005=CARTESIAN_POINT('Ctrl Pts',(-7.22803386211403,-8.94479542419828,0.25251516944802));
#2006=CARTESIAN_POINT('Ctrl Pts',(-7.66476922662226,-8.82943694083392,0.267554373128544));
#2007=CARTESIAN_POINT('Ctrl Pts',(-8.27933355771206,-8.42512021874525,0.281104255170696));
#2008=CARTESIAN_POINT('Ctrl Pts',(-8.74404134041896,-7.84713635315594,0.282746846440142));
#2009=CARTESIAN_POINT('Ctrl Pts',(-8.90743750926875,-7.27460553919973,0.268552511304592));
#2010=CARTESIAN_POINT('Ctrl Pts',(-8.92414328991839,-6.98091732435359,0.257686234802753));
#2011=CARTESIAN_POINT('Ctrl Pts',(-8.92414328991838,-6.98091732435359,0.257686234802753));
#2012=CARTESIAN_POINT('Ctrl Pts',(-8.92813934765092,-6.90966619029923,0.255238680050738));
#2013=CARTESIAN_POINT('Ctrl Pts',(-8.9330019119565,-6.77442991848476,0.252359991251766));
#2014=CARTESIAN_POINT('Ctrl Pts',(-8.94142226653315,-6.50206181930181,0.247096044064005));
#2015=CARTESIAN_POINT('Ctrl Pts',(-8.95253686520834,-6.02803281265404,0.239797236977173));
#2016=CARTESIAN_POINT('Ctrl Pts',(-8.96865927967876,-5.07942424797931,0.228176240490496));
#2017=CARTESIAN_POINT('Ctrl Pts',(-8.99223661844504,-2.64239444185415,0.208797423450225));
#2018=CARTESIAN_POINT('Ctrl Pts',(-8.99888250338325,-0.476550453817907,
0.201507473349111));
#2019=CARTESIAN_POINT('Ctrl Pts',(-9.0008759871731,2.30554425784527,0.19974845845594));
#2020=CARTESIAN_POINT('Ctrl Pts',(-8.99745419649716,3.84922426176829,0.203399440924055));
#2021=CARTESIAN_POINT('Ctrl Pts',(-8.98935532476339,5.58479119153515,0.210836904705764));
#2022=CARTESIAN_POINT('Ctrl Pts',(-8.98344301935215,6.35735400019699,0.216247308763514));
#2023=CARTESIAN_POINT('Ctrl Pts',(-8.9801125379913,6.74191257009506,0.218764049121703));
#2024=CARTESIAN_POINT('Ctrl Pts',(-8.9766643414976,6.93776633870697,0.222265253784284));
#2025=CARTESIAN_POINT('Ctrl Pts',(-8.94203986103249,-6.98173565612252,0.198213180057711));
#2026=CARTESIAN_POINT('Ctrl Pts',(-8.94514556912598,-6.91008182076607,0.195935208292951));
#2027=CARTESIAN_POINT('Ctrl Pts',(-8.94897084717228,-6.77483492294913,0.193282984540163));
#2028=CARTESIAN_POINT('Ctrl Pts',(-8.95551982497608,-6.50225736708636,0.188462370733383));
#2029=CARTESIAN_POINT('Ctrl Pts',(-8.96415064063545,-6.02817357019525,0.181876445895763));
#2030=CARTESIAN_POINT('Ctrl Pts',(-8.97651524472853,-5.07944086011984,0.171580830830213));
#2031=CARTESIAN_POINT('Ctrl Pts',(-8.99430175357828,-2.64238372164854,0.154862101838877));
#2032=CARTESIAN_POINT('Ctrl Pts',(-8.99924773472361,-0.476540402119776,
0.148900545067013));
#2033=CARTESIAN_POINT('Ctrl Pts',(-9.0007519290199,2.30552931557854,0.147417992123332));
#2034=CARTESIAN_POINT('Ctrl Pts',(-8.99827840235886,3.84922504850545,0.150454812536573));
#2035=CARTESIAN_POINT('Ctrl Pts',(-8.99222967377947,5.58477066928224,0.156727726721133));
#2036=CARTESIAN_POINT('Ctrl Pts',(-8.98789089479489,6.35737573380293,0.161348940627686));
#2037=CARTESIAN_POINT('Ctrl Pts',(-8.98528375860339,6.74189040288703,0.16350286730428));
#2038=CARTESIAN_POINT('Ctrl Pts',(-8.9829065875561,6.93786373737457,0.166535381084668));
#2039=CARTESIAN_POINT('Ctrl Pts',(-8.91800254497388,-6.98063653499786,0.0622545119987915));
#2040=CARTESIAN_POINT('Ctrl Pts',(-8.92003245628812,-6.9094240119085,0.0613314420939763));
#2041=CARTESIAN_POINT('Ctrl Pts',(-8.92264811614819,-6.77414928292433,0.0602704601990868));
#2042=CARTESIAN_POINT('Ctrl Pts',(-8.92707499533686,-6.50176884404948,0.0583563554167482));
#2043=CARTESIAN_POINT('Ctrl Pts',(-8.9328897197057,-6.02771144651945,0.0557915855439858));
#2044=CARTESIAN_POINT('Ctrl Pts',(-8.94116262760545,-5.07912592269293,0.0518775337700068));
#2045=CARTESIAN_POINT('Ctrl Pts',(-8.95311663621251,-2.64221639877359,0.0457472693779611));
#2046=CARTESIAN_POINT('Ctrl Pts',(-8.95638540357875,-0.476399513163997,
0.0437404846480139));
#2047=CARTESIAN_POINT('Ctrl Pts',(-8.95745588987295,2.30552248829963,0.0432116131993042));
#2048=CARTESIAN_POINT('Ctrl Pts',(-8.95581485776707,3.84909913658734,0.0442661342820743));
#2049=CARTESIAN_POINT('Ctrl Pts',(-8.95165982059279,5.5847121754619,0.0464919379023983));
#2050=CARTESIAN_POINT('Ctrl Pts',(-8.94879808976999,6.35712185886598,0.0481644400191054));
#2051=CARTESIAN_POINT('Ctrl Pts',(-8.94691869309815,6.74186907682992,0.048942025837756));
#2052=CARTESIAN_POINT('Ctrl Pts',(-8.94558354598946,6.93728138056177,0.0500620899352213));
#2053=CARTESIAN_POINT('Ctrl Pts',(-8.79489102560124,-6.97500718472842,8.03360226432023E-16));
#2054=CARTESIAN_POINT('Ctrl Pts',(-8.79760252694184,-6.90618528127227,2.33752226528127E-5));
#2055=CARTESIAN_POINT('Ctrl Pts',(-8.80117587407469,-6.77089938374313,3.81743694998646E-5));
#2056=CARTESIAN_POINT('Ctrl Pts',(-8.80725723076636,-6.49969078822714,8.20439546965993E-5));
#2057=CARTESIAN_POINT('Ctrl Pts',(-8.81546242488537,-6.02592471995318,0.000102028619389334));
#2058=CARTESIAN_POINT('Ctrl Pts',(-8.82750508113573,-5.07816110513403,0.000124049159429284));
#2059=CARTESIAN_POINT('Ctrl Pts',(-8.84576745538291,-2.64175702453247,0.00014532223777784));
#2060=CARTESIAN_POINT('Ctrl Pts',(-8.85151866294565,-0.476084536796559,
4.00448657595644E-5));
#2061=CARTESIAN_POINT('Ctrl Pts',(-8.85315568540705,2.30554268308345,4.81609310095873E-5));
#2062=CARTESIAN_POINT('Ctrl Pts',(-8.85032617890248,3.84877345377998,4.80257119110729E-5));
#2063=CARTESIAN_POINT('Ctrl Pts',(-8.84374474543684,5.58459514066602,4.13332611876592E-5));
#2064=CARTESIAN_POINT('Ctrl Pts',(-8.83914969811235,6.35640655609041,1.78175997974094E-5));
#2065=CARTESIAN_POINT('Ctrl Pts',(-8.83643091581843,6.74182326547981,2.36097014996245E-5));
#2066=CARTESIAN_POINT('Ctrl Pts',(-8.83400338562048,6.93554037919008,5.19201034999359E-16));
#2067=CARTESIAN_POINT('Ctrl Pts',(-8.73284304769005,-6.97217000261132,7.97972798949331E-16));
#2068=CARTESIAN_POINT('Ctrl Pts',(-8.73593425053715,-6.90456669832562,8.01644054349906E-16));
#2069=CARTESIAN_POINT('Ctrl Pts',(-8.74002093441834,-6.76927425112386,8.13551833315356E-16));
#2070=CARTESIAN_POINT('Ctrl Pts',(-8.74700453688165,-6.49866308241628,8.08488241035623E-16));
#2071=CARTESIAN_POINT('Ctrl Pts',(-8.7564686162131,-6.02504161821404,8.74465549293851E-16));
#2072=CARTESIAN_POINT('Ctrl Pts',(-8.77047817152516,-5.07769044437536,7.27299246837292E-16));
#2073=CARTESIAN_POINT('Ctrl Pts',(-8.79199605062954,-2.64153465019972,6.66698252355437E-16));
#2074=CARTESIAN_POINT('Ctrl Pts',(-8.79891859576045,-0.475927732074343,
4.56879420469396E-16));
#2075=CARTESIAN_POINT('Ctrl Pts',(-8.80085142952485,2.30555422307149,3.69304826923564E-16));
#2076=CARTESIAN_POINT('Ctrl Pts',(-8.79741559079639,3.84861157214461,4.02949318741741E-16));
#2077=CARTESIAN_POINT('Ctrl Pts',(-8.78958852256506,5.58454058387629,5.20603962728408E-16));
#2078=CARTESIAN_POINT('Ctrl Pts',(-8.78408545862123,6.35604970480255,5.43156684485271E-16));
#2079=CARTESIAN_POINT('Ctrl Pts',(-8.78094095706105,6.7418064304228,5.26615264226535E-16));
#2080=CARTESIAN_POINT('Ctrl Pts',(-8.7779317493484,6.9346654853439,5.20417042793042E-16));
#2081=CARTESIAN_POINT('',(-8.9766643414976,6.93776633870704,0.222265253784304));
#2082=CARTESIAN_POINT('',(-8.7779317493484,6.9346654853439,4.85722573273506E-16));
#2083=CARTESIAN_POINT('Origin',(-8.7779317493484,6.9346654853439,0.2));
#2084=CARTESIAN_POINT('Ctrl Pts',(-8.7779317493484,6.9346654853439,5.20417042793042E-16));
#2085=CARTESIAN_POINT('Ctrl Pts',(-8.78094095706105,6.7418064304228,5.26615264226535E-16));
#2086=CARTESIAN_POINT('Ctrl Pts',(-8.78408545862123,6.35604970480255,5.43156684485271E-16));
#2087=CARTESIAN_POINT('Ctrl Pts',(-8.78958852256506,5.58454058387629,5.20603962728408E-16));
#2088=CARTESIAN_POINT('Ctrl Pts',(-8.79741559079639,3.84861157214461,4.02949318741741E-16));
#2089=CARTESIAN_POINT('Ctrl Pts',(-8.80085142952485,2.30555422307149,3.69304826923564E-16));
#2090=CARTESIAN_POINT('Ctrl Pts',(-8.79891859576045,-0.475927732074343,
4.56879420469396E-16));
#2091=CARTESIAN_POINT('Ctrl Pts',(-8.79199605062954,-2.64153465019972,6.66698252355437E-16));
#2092=CARTESIAN_POINT('Ctrl Pts',(-8.77047817152516,-5.07769044437536,7.27299246837292E-16));
#2093=CARTESIAN_POINT('Ctrl Pts',(-8.7564686162131,-6.02504161821404,8.74465549293851E-16));
#2094=CARTESIAN_POINT('Ctrl Pts',(-8.74700453688165,-6.49866308241628,8.08488241035623E-16));
#2095=CARTESIAN_POINT('Ctrl Pts',(-8.74002093441834,-6.76927425112386,8.13551833315356E-16));
#2096=CARTESIAN_POINT('Ctrl Pts',(-8.73593425053715,-6.90456669832562,8.01644054349906E-16));
#2097=CARTESIAN_POINT('Ctrl Pts',(-8.73284304769005,-6.97217000261132,7.97972798949331E-16));
#2098=CARTESIAN_POINT('',(-9.00029360358072,1.14813673536962,0.200305129036001));
#2099=CARTESIAN_POINT('Ctrl Pts',(-8.92414328991838,-6.98091732435359,0.257686234802753));
#2100=CARTESIAN_POINT('Ctrl Pts',(-8.92813934765092,-6.90966619029923,0.255238680050738));
#2101=CARTESIAN_POINT('Ctrl Pts',(-8.9330019119565,-6.77442991848476,0.252359991251766));
#2102=CARTESIAN_POINT('Ctrl Pts',(-8.94142226653315,-6.50206181930181,0.247096044064005));
#2103=CARTESIAN_POINT('Ctrl Pts',(-8.95253686520834,-6.02803281265404,0.239797236977173));
#2104=CARTESIAN_POINT('Ctrl Pts',(-8.96865927967876,-5.07942424797931,0.228176240490496));
#2105=CARTESIAN_POINT('Ctrl Pts',(-8.99223661844504,-2.64239444185415,0.208797423450225));
#2106=CARTESIAN_POINT('Ctrl Pts',(-8.99888250338325,-0.476550453817907,
0.201507473349111));
#2107=CARTESIAN_POINT('Ctrl Pts',(-9.00004655188233,1.14798905330762,0.200480337509487));
#2108=CARTESIAN_POINT('Ctrl Pts',(-9.00004655188233,1.14798905330762,0.200480337509487));
#2109=CARTESIAN_POINT('Ctrl Pts',(-9.0008759871731,2.30554425784527,0.19974845845594));
#2110=CARTESIAN_POINT('Ctrl Pts',(-8.99745419649716,3.84922426176829,0.203399440924055));
#2111=CARTESIAN_POINT('Ctrl Pts',(-8.98935532476339,5.58479119153515,0.210836904705764));
#2112=CARTESIAN_POINT('Ctrl Pts',(-8.98344301935215,6.35735400019699,0.216247308763514));
#2113=CARTESIAN_POINT('Ctrl Pts',(-8.9801125379913,6.74191257009506,0.218764049121703));
#2114=CARTESIAN_POINT('Ctrl Pts',(-8.9766643414976,6.93776633870697,0.222265253784284));
#2115=CARTESIAN_POINT('Ctrl Pts',(-8.9766643414976,6.93776633870712,0.222265253784285));
#2116=CARTESIAN_POINT('Ctrl Pts',(-8.96769723115163,7.38339442659789,0.24024078336981));
#2117=CARTESIAN_POINT('Ctrl Pts',(-8.70294882574934,8.12129412124155,0.255195626797014));
#2118=CARTESIAN_POINT('Ctrl Pts',(-7.86631784696096,8.78281583933434,0.263382508689687));
#2119=CARTESIAN_POINT('Ctrl Pts',(-7.27993094850619,8.92530812674214,0.257773602710844));
#2120=CARTESIAN_POINT('Ctrl Pts',(-6.98464089913947,8.93581693284417,0.250250100165549));
#2121=CARTESIAN_POINT('Ctrl Pts',(-8.98290658755609,6.93786373737472,0.16653538108467));
#2122=CARTESIAN_POINT('Ctrl Pts',(-8.97942357344874,7.38504485104291,0.182104605517753));
#2123=CARTESIAN_POINT('Ctrl Pts',(-8.71898079375855,8.13059467371873,0.195883687034638));
#2124=CARTESIAN_POINT('Ctrl Pts',(-7.87547006849728,8.80168023729412,0.203552888003307));
#2125=CARTESIAN_POINT('Ctrl Pts',(-7.28268324507464,8.94320333398456,0.198263155726544));
#2126=CARTESIAN_POINT('Ctrl Pts',(-6.98508347254978,8.95109298818961,0.191375647880364));
#2127=CARTESIAN_POINT('Ctrl Pts',(-8.94557979183078,6.93728132198525,0.0500654474340251));
#2128=CARTESIAN_POINT('Ctrl Pts',(-8.94752887889016,7.37631082688408,0.0558159668300636));
#2129=CARTESIAN_POINT('Ctrl Pts',(-8.69706755097307,8.11474367442804,0.0613078596075429));
#2130=CARTESIAN_POINT('Ctrl Pts',(-7.86557617223235,8.781147361652,0.0644454727332699));
#2131=CARTESIAN_POINT('Ctrl Pts',(-7.27801903561837,8.91906101126755,0.0622598353421416));
#2132=CARTESIAN_POINT('Ctrl Pts',(-6.98429363547105,8.92383062979308,0.0595261608752781));
#2133=CARTESIAN_POINT('Ctrl Pts',(-8.83400338562048,6.93554037919023,6.64058952045919E-16));
#2134=CARTESIAN_POINT('Ctrl Pts',(-8.83058315912084,7.3505434942382,-0.00012121453291101));
#2135=CARTESIAN_POINT('Ctrl Pts',(-8.59043859097932,8.042204760309,-8.19533525120967E-5));
#2136=CARTESIAN_POINT('Ctrl Pts',(-7.80961724652534,8.66496912051386,-0.000175875608561317));
#2137=CARTESIAN_POINT('Ctrl Pts',(-7.25778871658202,8.79640963039653,-6.67064915669382E-5));
#2138=CARTESIAN_POINT('Ctrl Pts',(-6.98079626290607,8.80311380491747,1.62536428671062E-15));
#2139=CARTESIAN_POINT('Ctrl Pts',(-8.77793174934839,6.93466548534405,6.59194920871187E-16));
#2140=CARTESIAN_POINT('Ctrl Pts',(-8.77164608951398,7.33751119457343,5.76550473022927E-16));
#2141=CARTESIAN_POINT('Ctrl Pts',(-8.53630718668372,8.00575164845496,1.49310802500367E-15));
#2142=CARTESIAN_POINT('Ctrl Pts',(-7.78125671700341,8.60614370499392,1.2317360942332E-15));
#2143=CARTESIAN_POINT('Ctrl Pts',(-7.24751862274596,8.73453527042397,1.63161062411896E-15));
#2144=CARTESIAN_POINT('Ctrl Pts',(-6.97903478020714,8.74231370583266,1.6306400674182E-15));
#2145=CARTESIAN_POINT('',(-6.98464089913954,8.93581693284417,0.250250100165548));
#2146=CARTESIAN_POINT('',(-6.97903478020714,8.74231370583266,4.85722573273506E-16));
#2147=CARTESIAN_POINT('Origin',(-6.97903478020714,8.74231370583266,0.200000000000001));
#2148=CARTESIAN_POINT('Ctrl Pts',(-6.97903478020714,8.74231370583266,1.6306400674182E-15));
#2149=CARTESIAN_POINT('Ctrl Pts',(-7.24751862274596,8.73453527042397,1.63161062411896E-15));
#2150=CARTESIAN_POINT('Ctrl Pts',(-7.78125671700341,8.60614370499392,1.2317360942332E-15));
#2151=CARTESIAN_POINT('Ctrl Pts',(-8.53630718668372,8.00575164845496,1.49310802500367E-15));
#2152=CARTESIAN_POINT('Ctrl Pts',(-8.77164608951398,7.33751119457343,5.76550473022927E-16));
#2153=CARTESIAN_POINT('Ctrl Pts',(-8.77793174934839,6.93466548534405,6.59194920871187E-16));
#2154=CARTESIAN_POINT('Ctrl Pts',(-8.9766643414976,6.93776633870712,0.222265253784285));
#2155=CARTESIAN_POINT('Ctrl Pts',(-8.96769723115163,7.38339442659789,0.24024078336981));
#2156=CARTESIAN_POINT('Ctrl Pts',(-8.70294882574934,8.12129412124155,0.255195626797014));
#2157=CARTESIAN_POINT('Ctrl Pts',(-7.86631784696096,8.78281583933434,0.263382508689687));
#2158=CARTESIAN_POINT('Ctrl Pts',(-7.27993094850619,8.92530812674214,0.257773602710844));
#2159=CARTESIAN_POINT('Ctrl Pts',(-6.98464089913947,8.93581693284417,0.250250100165549));
#2160=CARTESIAN_POINT('Ctrl Pts',(-6.98464089913951,8.93581693284417,0.250250100165552));
#2161=CARTESIAN_POINT('Ctrl Pts',(-6.50626529828901,8.95242529546064,0.239664225765055));
#2162=CARTESIAN_POINT('Ctrl Pts',(-5.58676295093719,8.96288717501043,0.232355679712103));
#2163=CARTESIAN_POINT('Ctrl Pts',(-3.25339456133971,8.99110623743782,0.210567314323166));
#2164=CARTESIAN_POINT('Ctrl Pts',(-1.39797500485128,8.9981131884889,0.202329262364251));
#2165=CARTESIAN_POINT('Ctrl Pts',(0.930773990468051,8.99962838925042,0.201247695236332));
#2166=CARTESIAN_POINT('Ctrl Pts',(2.32839593483129,8.99284795477984,0.207691469600014));
#2167=CARTESIAN_POINT('Ctrl Pts',(4.18572824368353,8.98048261631941,0.218811597275433));
#2168=CARTESIAN_POINT('Ctrl Pts',(5.58767873725495,8.96231917009691,0.232758495170772));
#2169=CARTESIAN_POINT('Ctrl Pts',(6.50626549111645,8.9524252898117,0.239664229330606));
#2170=CARTESIAN_POINT('Ctrl Pts',(6.98464090013943,8.93581693419187,0.250250099319825));
#2171=CARTESIAN_POINT('Ctrl Pts',(-6.98470412391241,8.93799922646495,0.241839464124812));
#2172=CARTESIAN_POINT('Ctrl Pts',(-6.50628483348437,8.95422378570142,0.23135292879928));
#2173=CARTESIAN_POINT('Ctrl Pts',(-5.58678038969527,8.96420173636245,0.224209667432393));
#2174=CARTESIAN_POINT('Ctrl Pts',(-3.25339309434059,8.99154704759048,0.202796351158126));
#2175=CARTESIAN_POINT('Ctrl Pts',(-1.39797656861716,8.99819707320385,0.194800895129445));
#2176=CARTESIAN_POINT('Ctrl Pts',(0.930774335497633,8.99967286294623,0.193737461681445));
#2177=CARTESIAN_POINT('Ctrl Pts',(2.32839763698045,8.9931385738029,0.200028724689357));
#2178=CARTESIAN_POINT('Ctrl Pts',(4.18573338353558,8.98125897687423,0.210897096804744));
#2179=CARTESIAN_POINT('Ctrl Pts',(5.58769705988005,8.96364482473343,0.224607347705219));
#2180=CARTESIAN_POINT('Ctrl Pts',(6.5062845070972,8.95421763970836,0.231355770223383));
#2181=CARTESIAN_POINT('Ctrl Pts',(6.98470412491,8.93799922777073,0.241839463289683));
#2182=CARTESIAN_POINT('Ctrl Pts',(-6.98479875246124,8.94126546640509,0.22473386235322));
#2183=CARTESIAN_POINT('Ctrl Pts',(-6.50643692953096,8.95647319685865,0.214705443241764));
#2184=CARTESIAN_POINT('Ctrl Pts',(-5.58679164506027,8.96585276598638,0.207733540436515));
#2185=CARTESIAN_POINT('Ctrl Pts',(-3.25344520536057,8.99138280462873,0.187306695512438));
#2186=CARTESIAN_POINT('Ctrl Pts',(-1.39795978510253,8.9975333033684,0.179723781054262));
#2187=CARTESIAN_POINT('Ctrl Pts',(0.930775795047231,8.99890776300059,0.178706628084764));
#2188=CARTESIAN_POINT('Ctrl Pts',(2.32838635186869,8.99284265823916,0.184677391859872));
#2189=CARTESIAN_POINT('Ctrl Pts',(4.18577924106081,8.98177648575732,0.195035816861632));
#2190=CARTESIAN_POINT('Ctrl Pts',(5.58769915059689,8.9653340639397,0.208110923983764));
#2191=CARTESIAN_POINT('Ctrl Pts',(6.50643558800708,8.95646698207231,0.214702689431185));
#2192=CARTESIAN_POINT('Ctrl Pts',(6.98479875345485,8.94126546763104,0.224733861545447));
#2193=CARTESIAN_POINT('Ctrl Pts',(-6.98484273095125,8.94278344699694,0.198676213766096));
#2194=CARTESIAN_POINT('Ctrl Pts',(-6.50665399015205,8.95689792072289,0.189303634585004));
#2195=CARTESIAN_POINT('Ctrl Pts',(-5.58676613996786,8.96523020620067,0.182945982461598));
#2196=CARTESIAN_POINT('Ctrl Pts',(-3.25352340987615,8.98856881382484,0.164169400823022));
#2197=CARTESIAN_POINT('Ctrl Pts',(-1.3979201063503,8.99397204547305,0.157387026947005));
#2198=CARTESIAN_POINT('Ctrl Pts',(0.930773423748346,8.99523726954613,0.15644911021876));
#2199=CARTESIAN_POINT('Ctrl Pts',(2.32835153510258,8.9897536228772,0.161861105023992));
#2200=CARTESIAN_POINT('Ctrl Pts',(4.1858353167465,8.97979665487045,0.171270781359762));
#2201=CARTESIAN_POINT('Ctrl Pts',(5.58765619988606,8.96474659177031,0.18329633336732));
#2202=CARTESIAN_POINT('Ctrl Pts',(6.50665141921331,8.95688161577322,0.189305105368438));
#2203=CARTESIAN_POINT('Ctrl Pts',(6.98484273194103,8.94278344811766,0.19867621301487));
#2204=CARTESIAN_POINT('Ctrl Pts',(-6.98478869609679,8.94091835657794,0.172588226972657));
#2205=CARTESIAN_POINT('Ctrl Pts',(-6.50664698404687,8.95400792712043,0.164006469906554));
#2206=CARTESIAN_POINT('Ctrl Pts',(-5.58671631321603,8.96157860824724,0.158382703254901));
#2207=CARTESIAN_POINT('Ctrl Pts',(-3.25350244680239,8.98305286325202,0.141488489658225));
#2208=CARTESIAN_POINT('Ctrl Pts',(-1.39788697590497,8.98792809330485,0.135563367021762));
#2209=CARTESIAN_POINT('Ctrl Pts',(0.930754371600066,8.98909573499083,0.134713743269928));
#2210=CARTESIAN_POINT('Ctrl Pts',(2.32831713209962,8.98407693717606,0.139520264020621));
#2211=CARTESIAN_POINT('Ctrl Pts',(4.18580546357882,8.97498572328592,0.147872998639358));
#2212=CARTESIAN_POINT('Ctrl Pts',(5.5876038518987,8.96112953206524,0.158702906425474));
#2213=CARTESIAN_POINT('Ctrl Pts',(6.50664450061209,8.95398798919389,0.164012455760989));
#2214=CARTESIAN_POINT('Ctrl Pts',(6.98478869708495,8.94091835760955,0.172588226291117));
#2215=CARTESIAN_POINT('Ctrl Pts',(-6.98453407689066,8.93212980987753,0.130069229583983));
#2216=CARTESIAN_POINT('Ctrl Pts',(-6.50742797703901,8.94396155385983,0.122997114230269));
#2217=CARTESIAN_POINT('Ctrl Pts',(-5.5864961652616,8.9504320508564,0.118659333429817));
#2218=CARTESIAN_POINT('Ctrl Pts',(-3.25384942143681,8.96958016188183,0.105150851589896));
#2219=CARTESIAN_POINT('Ctrl Pts',(-1.39771821687389,8.97378133920279,0.100660564252329));
#2220=CARTESIAN_POINT('Ctrl Pts',(0.930749141032651,8.97482440360717,0.0999755369700485));
#2221=CARTESIAN_POINT('Ctrl Pts',(2.32816577566789,8.9703823625776,0.103729683737707));
#2222=CARTESIAN_POINT('Ctrl Pts',(4.18601420419194,8.96239470422896,0.110249268219248));
#2223=CARTESIAN_POINT('Ctrl Pts',(5.58730385264612,8.95002367891593,0.118922186699215));
#2224=CARTESIAN_POINT('Ctrl Pts',(6.50742373950517,8.94393073273445,0.123009887187261));
#2225=CARTESIAN_POINT('Ctrl Pts',(6.98453407787988,8.93212981079092,0.130069229032384));
#2226=CARTESIAN_POINT('Ctrl Pts',(-6.98328479422803,8.88900902889044,0.0422017485124441));
#2227=CARTESIAN_POINT('Ctrl Pts',(-6.50691958062605,8.89890772655707,0.0389480407557331));
#2228=CARTESIAN_POINT('Ctrl Pts',(-5.58589954933709,8.90494344386445,0.0379115640967195));
#2229=CARTESIAN_POINT('Ctrl Pts',(-3.2536128054419,8.92165007895121,0.0325888882353463));
#2230=CARTESIAN_POINT('Ctrl Pts',(-1.39746826856495,8.92585753431482,0.0313480407919556));
#2231=CARTESIAN_POINT('Ctrl Pts',(0.930594762183621,8.92674232048452,0.0310548048021212));
#2232=CARTESIAN_POINT('Ctrl Pts',(2.32789193790631,8.92268932129574,0.0323921883188079));
#2233=CARTESIAN_POINT('Ctrl Pts',(4.18564890000517,8.91536296112163,0.0345741980051862));
#2234=CARTESIAN_POINT('Ctrl Pts',(5.58669250628961,8.90460514357866,0.0380390792583956));
#2235=CARTESIAN_POINT('Ctrl Pts',(6.5069228075139,8.89889413010766,0.0389785848240689));
#2236=CARTESIAN_POINT('Ctrl Pts',(6.98328479523554,8.88900902967585,0.0422017482991014));
#2237=CARTESIAN_POINT('Ctrl Pts',(-6.9807962629061,8.80311380491747,2.60736099467279E-15));
#2238=CARTESIAN_POINT('Ctrl Pts',(-6.51465840361443,8.81527423563967,2.64443511441891E-15));
#2239=CARTESIAN_POINT('Ctrl Pts',(-5.58410548710812,8.82316986184921,1.38214635455739E-15));
#2240=CARTESIAN_POINT('Ctrl Pts',(-3.25733740845077,8.84479973746286,1.31950251293472E-15));
#2241=CARTESIAN_POINT('Ctrl Pts',(-1.39613368021473,8.85100406561456,7.41250862660483E-16));
#2242=CARTESIAN_POINT('Ctrl Pts',(0.930751467139087,8.85206440894955,7.50253706130085E-16));
#2243=CARTESIAN_POINT('Ctrl Pts',(2.32674638722643,8.846613887588,7.14060497830611E-16));
#2244=CARTESIAN_POINT('Ctrl Pts',(4.18803221477055,8.83662459182567,4.37780322865329E-16));
#2245=CARTESIAN_POINT('Ctrl Pts',(5.58411911646662,8.82276297333101,5.04613759963366E-16));
#2246=CARTESIAN_POINT('Ctrl Pts',(6.51464766085915,8.8152497033256,6.58588925778302E-16));
#2247=CARTESIAN_POINT('Ctrl Pts',(6.9807962639631,8.8031138058982,6.93889390390723E-16));
#2248=CARTESIAN_POINT('Ctrl Pts',(-6.97903478020717,8.74231370583266,2.60208521396521E-15));
#2249=CARTESIAN_POINT('Ctrl Pts',(-6.51393893119534,8.75578832682358,2.6489316128398E-15));
#2250=CARTESIAN_POINT('Ctrl Pts',(-5.58335182773686,8.76545576400131,1.37849191177387E-15));
#2251=CARTESIAN_POINT('Ctrl Pts',(-3.25706845591055,8.79045280463369,1.32230738553539E-15));
#2252=CARTESIAN_POINT('Ctrl Pts',(-1.39586159558865,8.79828384370216,7.40545723705106E-16));
#2253=CARTESIAN_POINT('Ctrl Pts',(0.930585313808815,8.79950110129844,7.49259014780285E-16));
#2254=CARTESIAN_POINT('Ctrl Pts',(2.3264401040438,8.79296750412099,7.04878031368575E-16));
#2255=CARTESIAN_POINT('Ctrl Pts',(4.18758902770915,8.78098664727008,4.4340149737231E-16));
#2256=CARTESIAN_POINT('Ctrl Pts',(5.58334696599125,8.76500453185188,5.03756230395218E-16));
#2257=CARTESIAN_POINT('Ctrl Pts',(6.51393911853585,8.75578832231573,6.51148705341002E-16));
#2258=CARTESIAN_POINT('Ctrl Pts',(6.97903478129938,8.74231370695806,6.93889390390723E-16));
#2259=CARTESIAN_POINT('',(6.9846409001395,8.93581693419187,0.250250099319823));
#2260=CARTESIAN_POINT('',(6.97903478129938,8.74231370695806,7.63278329429795E-16));
#2261=CARTESIAN_POINT('Origin',(6.97903478129938,8.74231370695806,0.200000000000001));
#2262=CARTESIAN_POINT('Ctrl Pts',(6.97903478129938,8.74231370695806,6.93889390390723E-16));
#2263=CARTESIAN_POINT('Ctrl Pts',(6.51393911853585,8.75578832231573,6.51148705341002E-16));
#2264=CARTESIAN_POINT('Ctrl Pts',(5.58334696599125,8.76500453185188,5.03756230395218E-16));
#2265=CARTESIAN_POINT('Ctrl Pts',(4.18758902770915,8.78098664727008,4.4340149737231E-16));
#2266=CARTESIAN_POINT('Ctrl Pts',(2.3264401040438,8.79296750412099,7.04878031368575E-16));
#2267=CARTESIAN_POINT('Ctrl Pts',(0.930585313808815,8.79950110129844,7.49259014780285E-16));
#2268=CARTESIAN_POINT('Ctrl Pts',(-1.39586159558865,8.79828384370216,7.40545723705106E-16));
#2269=CARTESIAN_POINT('Ctrl Pts',(-3.25706845591055,8.79045280463369,1.32230738553539E-15));
#2270=CARTESIAN_POINT('Ctrl Pts',(-5.58335182773686,8.76545576400131,1.37849191177387E-15));
#2271=CARTESIAN_POINT('Ctrl Pts',(-6.51393893119534,8.75578832682358,2.6489316128398E-15));
#2272=CARTESIAN_POINT('Ctrl Pts',(-6.97903478020717,8.74231370583266,2.60208521396521E-15));
#2273=CARTESIAN_POINT('Ctrl Pts',(-6.98464089913951,8.93581693284417,0.250250100165552));
#2274=CARTESIAN_POINT('Ctrl Pts',(-6.50626529828901,8.95242529546064,0.239664225765055));
#2275=CARTESIAN_POINT('Ctrl Pts',(-5.58676295093719,8.96288717501043,0.232355679712103));
#2276=CARTESIAN_POINT('Ctrl Pts',(-3.25339456133971,8.99110623743782,0.210567314323166));
#2277=CARTESIAN_POINT('Ctrl Pts',(-1.39797500485128,8.9981131884889,0.202329262364251));
#2278=CARTESIAN_POINT('Ctrl Pts',(0.930773990468051,8.99962838925042,0.201247695236332));
#2279=CARTESIAN_POINT('Ctrl Pts',(2.32839593483129,8.99284795477984,0.207691469600014));
#2280=CARTESIAN_POINT('Ctrl Pts',(4.18572824368353,8.98048261631941,0.218811597275433));
#2281=CARTESIAN_POINT('Ctrl Pts',(5.58767873725495,8.96231917009691,0.232758495170772));
#2282=CARTESIAN_POINT('Ctrl Pts',(6.50626549111645,8.9524252898117,0.239664229330606));
#2283=CARTESIAN_POINT('Ctrl Pts',(6.98464090013943,8.93581693419187,0.250250099319825));
#2284=CARTESIAN_POINT('Ctrl Pts',(6.98464090013956,8.93581693419187,0.250250099319827));
#2285=CARTESIAN_POINT('Ctrl Pts',(7.4275755617623,8.92005374005445,0.261535342400844));
#2286=CARTESIAN_POINT('Ctrl Pts',(8.16073631852903,8.65916029897709,0.262877007802081));
#2287=CARTESIAN_POINT('Ctrl Pts',(8.82975611599959,7.8259995984303,0.249707562602904));
#2288=CARTESIAN_POINT('Ctrl Pts',(8.97068627446718,7.234851454841,0.234248928167872));
#2289=CARTESIAN_POINT('Ctrl Pts',(8.97666434230605,6.93776633960989,0.222265253103109));
#2290=CARTESIAN_POINT('Ctrl Pts',(6.98508347353357,8.95109298924386,0.191375647108831));
#2291=CARTESIAN_POINT('Ctrl Pts',(7.43148271659934,8.93925851919792,0.201706899029906));
#2292=CARTESIAN_POINT('Ctrl Pts',(8.17321539340322,8.67658089637766,0.203123750128998));
#2293=CARTESIAN_POINT('Ctrl Pts',(8.84440988955843,7.83187140881058,0.190789376873324));
#2294=CARTESIAN_POINT('Ctrl Pts',(8.98058458101209,7.23598420302362,0.176914853628699));
#2295=CARTESIAN_POINT('Ctrl Pts',(8.98290658816088,6.93786373827226,0.166535380495626));
#2296=CARTESIAN_POINT('Ctrl Pts',(6.9842936364586,8.92383063049683,0.0595261605696234));
#2297=CARTESIAN_POINT('Ctrl Pts',(7.42488132629374,8.91667620948109,0.0636266683516458));
#2298=CARTESIAN_POINT('Ctrl Pts',(8.16080613157619,8.65639214276697,0.0642964819003533));
#2299=CARTESIAN_POINT('Ctrl Pts',(8.81842816367905,7.81836045709663,0.0592578213961256));
#2300=CARTESIAN_POINT('Ctrl Pts',(8.94687918240501,7.22996738683589,0.0538991231804774));
#2301=CARTESIAN_POINT('Ctrl Pts',(8.94557979222692,6.93728132289176,0.0500654472173264));
#2302=CARTESIAN_POINT('Ctrl Pts',(6.98079626396323,8.8031138058982,-2.74917865808815E-16));
#2303=CARTESIAN_POINT('Ctrl Pts',(7.39628455752612,8.79305755365184,-0.000100059641314452));
#2304=CARTESIAN_POINT('Ctrl Pts',(8.08598513171294,8.548392520561,-0.000251004072362798));
#2305=CARTESIAN_POINT('Ctrl Pts',(8.70591132498442,7.76528691340633,-0.000113013305488662));
#2306=CARTESIAN_POINT('Ctrl Pts',(8.83172323742319,7.21220886582414,-8.08096117019541E-5));
#2307=CARTESIAN_POINT('Ctrl Pts',(8.83400338623767,6.93554038013674,5.1798502721063E-16));
#2308=CARTESIAN_POINT('Ctrl Pts',(6.97903478129951,8.74231370695806,-2.77555756156289E-16));
#2309=CARTESIAN_POINT('Ctrl Pts',(7.38176017007549,8.73064606491582,-7.6458942669417E-17));
#2310=CARTESIAN_POINT('Ctrl Pts',(8.04813292049161,8.49354532646096,3.51937152695265E-16));
#2311=CARTESIAN_POINT('Ctrl Pts',(8.64900032836391,7.73855870393079,4.15055484662081E-16));
#2312=CARTESIAN_POINT('Ctrl Pts',(8.77374131418021,7.20322904236507,4.77924492775356E-16));
#2313=CARTESIAN_POINT('Ctrl Pts',(8.77793175007953,6.93466548631071,5.20417042793042E-16));
#2314=CARTESIAN_POINT('',(8.97666434230605,6.93776633961,0.222265253103104));
#2315=CARTESIAN_POINT('',(8.77793175007953,6.93466548631071,7.63278329429795E-16));
#2316=CARTESIAN_POINT('Origin',(8.77793175007953,6.93466548631071,0.200000000000001));
#2317=CARTESIAN_POINT('Ctrl Pts',(8.77793175007953,6.93466548631071,5.20417042793042E-16));
#2318=CARTESIAN_POINT('Ctrl Pts',(8.77374131418021,7.20322904236507,4.77924492775356E-16));
#2319=CARTESIAN_POINT('Ctrl Pts',(8.64900032836391,7.73855870393079,4.15055484662081E-16));
#2320=CARTESIAN_POINT('Ctrl Pts',(8.04813292049161,8.49354532646096,3.51937152695265E-16));
#2321=CARTESIAN_POINT('Ctrl Pts',(7.38176017007549,8.73064606491582,-7.6458942669417E-17));
#2322=CARTESIAN_POINT('Ctrl Pts',(6.97903478129951,8.74231370695806,-2.77555756156289E-16));
#2323=CARTESIAN_POINT('Ctrl Pts',(6.98464090013956,8.93581693419187,0.250250099319827));
#2324=CARTESIAN_POINT('Ctrl Pts',(7.4275755617623,8.92005374005445,0.261535342400844));
#2325=CARTESIAN_POINT('Ctrl Pts',(8.16073631852903,8.65916029897709,0.262877007802081));
#2326=CARTESIAN_POINT('Ctrl Pts',(8.82975611599959,7.8259995984303,0.249707562602904));
#2327=CARTESIAN_POINT('Ctrl Pts',(8.97068627446718,7.234851454841,0.234248928167872));
#2328=CARTESIAN_POINT('Ctrl Pts',(8.97666434230605,6.93776633960989,0.222265253103109));
#2329=CARTESIAN_POINT('Ctrl Pts',(8.97666434230605,6.93776633960995,0.222265253103114));
#2330=CARTESIAN_POINT('Ctrl Pts',(8.9801125322762,6.74191293681737,0.218764055039629));
#2331=CARTESIAN_POINT('Ctrl Pts',(8.98344270636712,6.35736303562514,0.216249532151797));
#2332=CARTESIAN_POINT('Ctrl Pts',(8.98934890099916,5.58480934771023,0.210845869211986));
#2333=CARTESIAN_POINT('Ctrl Pts',(8.99747286229817,3.84922478132902,0.203384484365302));
#2334=CARTESIAN_POINT('Ctrl Pts',(9.00082017045048,2.30562576878419,0.199811383585297));
#2335=CARTESIAN_POINT('Ctrl Pts',(8.99951120325434,0.0648458090328171,0.20096329106722));
#2336=CARTESIAN_POINT('Ctrl Pts',(8.99495888827504,-1.55929024532507,0.205643637135755));
#2337=CARTESIAN_POINT('Ctrl Pts',(8.98196822444121,-3.72561151042783,0.217236114670132));
#2338=CARTESIAN_POINT('Ctrl Pts',(8.96858121755008,-5.0794155609108,0.228241048580217));
#2339=CARTESIAN_POINT('Ctrl Pts',(8.95255574629485,-6.02804409802972,0.239781505448154));
#2340=CARTESIAN_POINT('Ctrl Pts',(8.94141909552933,-6.50205931880075,0.247098676625634));
#2341=CARTESIAN_POINT('Ctrl Pts',(8.93300341956745,-6.77444194619763,0.252358651103764));
#2342=CARTESIAN_POINT('Ctrl Pts',(8.92813936050337,-6.90966599106073,0.255238672200452));
#2343=CARTESIAN_POINT('Ctrl Pts',(8.92414329156291,-6.98091732577114,0.257686233828918));
#2344=CARTESIAN_POINT('Ctrl Pts',(8.98290658816088,6.93786373827233,0.166535380495631));
#2345=CARTESIAN_POINT('Ctrl Pts',(8.98528375470742,6.74189076983181,0.163502872434696));
#2346=CARTESIAN_POINT('Ctrl Pts',(8.98789175637698,6.35738512871236,0.161350956169709));
#2347=CARTESIAN_POINT('Ctrl Pts',(8.9922267906664,5.58478937187895,0.156735608686608));
#2348=CARTESIAN_POINT('Ctrl Pts',(8.99829357307931,3.8492258347532,0.150442054361062));
#2349=CARTESIAN_POINT('Ctrl Pts',(9.00071713801518,2.30561231847636,0.147472478819216));
#2350=CARTESIAN_POINT('Ctrl Pts',(8.99970789180314,0.0648468766244171,0.148434568251606));
#2351=CARTESIAN_POINT('Ctrl Pts',(8.99635118274922,-1.55927218549309,0.152313965505472));
#2352=CARTESIAN_POINT('Ctrl Pts',(8.98657683818251,-3.72562260936982,0.162147997883699));
#2353=CARTESIAN_POINT('Ctrl Pts',(8.97646668158096,-5.07943309248505,0.171639576261459));
#2354=CARTESIAN_POINT('Ctrl Pts',(8.96416886305018,-6.02818659988792,0.181864044164775));
#2355=CARTESIAN_POINT('Ctrl Pts',(8.95551846790134,-6.50225521492014,0.188464955349258));
#2356=CARTESIAN_POINT('Ctrl Pts',(8.94897277936921,-6.7748473447235,0.193282088657892));
#2357=CARTESIAN_POINT('Ctrl Pts',(8.94514557913057,-6.91008162037692,0.195935200995373));
#2358=CARTESIAN_POINT('Ctrl Pts',(8.94203986232636,-6.98173565751721,0.198213179155077));
#2359=CARTESIAN_POINT('Ctrl Pts',(8.94558354638502,6.9372813814685,0.050062089719033));
#2360=CARTESIAN_POINT('Ctrl Pts',(8.94691869096521,6.74186944273667,0.0489420277359036));
#2361=CARTESIAN_POINT('Ctrl Pts',(8.94879889613338,6.35712974625451,0.0481653382774346));
#2362=CARTESIAN_POINT('Ctrl Pts',(8.95165820374653,5.58472764191888,0.0464950736508151));
#2363=CARTESIAN_POINT('Ctrl Pts',(8.95582441048781,3.84910086577724,0.0442618349170819));
#2364=CARTESIAN_POINT('Ctrl Pts',(8.95743465529991,2.30558877180264,0.0432320801012965));
#2365=CARTESIAN_POINT('Ctrl Pts',(8.95671980542797,0.0649773181570905,0.0435693027069645));
#2366=CARTESIAN_POINT('Ctrl Pts',(8.95443178594489,-1.55914246204384,0.0449097348153504));
#2367=CARTESIAN_POINT('Ctrl Pts',(8.94789675920512,-3.72537102621094,0.0484238464901765));
#2368=CARTESIAN_POINT('Ctrl Pts',(8.94111755360318,-5.07911870711787,0.0519013050555346));
#2369=CARTESIAN_POINT('Ctrl Pts',(8.93289693996167,-6.02772161065744,0.0557879243146183));
#2370=CARTESIAN_POINT('Ctrl Pts',(8.92707284723204,-6.50176629761857,0.0583575222010986));
#2371=CARTESIAN_POINT('Ctrl Pts',(8.9226484290479,-6.77416112763279,0.0602703133240364));
#2372=CARTESIAN_POINT('Ctrl Pts',(8.92003246284435,-6.90942381276269,0.0613314391405638));
#2373=CARTESIAN_POINT('Ctrl Pts',(8.91800254583201,-6.98063653638179,0.0622545116341587));
#2374=CARTESIAN_POINT('Ctrl Pts',(8.83400338623768,6.9355403801368,8.71009761362022E-16));
#2375=CARTESIAN_POINT('Ctrl Pts',(8.83643091184853,6.74182362824796,2.36096568444097E-5));
#2376=CARTESIAN_POINT('Ctrl Pts',(8.83915034603041,6.35641022141641,1.73564376933915E-5));
#2377=CARTESIAN_POINT('Ctrl Pts',(8.84374110476408,5.58460174308591,4.05066740415578E-5));
#2378=CARTESIAN_POINT('Ctrl Pts',(8.8503417482677,3.84877797352691,4.72229605953208E-5));
#2379=CARTESIAN_POINT('Ctrl Pts',(8.85311616901422,2.3055650037248,4.56032423251952E-5));
#2380=CARTESIAN_POINT('Ctrl Pts',(8.85202018208268,0.0653010729564803,5.31762726908196E-5));
#2381=CARTESIAN_POINT('Ctrl Pts',(8.84818658107202,-1.5588537435056,6.58010051586181E-5));
#2382=CARTESIAN_POINT('Ctrl Pts',(8.83782415260733,-3.72462776928766,0.000115632914364646));
#2383=CARTESIAN_POINT('Ctrl Pts',(8.82744831054864,-5.07815957337582,0.000114655693417391));
#2384=CARTESIAN_POINT('Ctrl Pts',(8.81547905762227,-6.02592599970243,9.82972477129638E-5));
#2385=CARTESIAN_POINT('Ctrl Pts',(8.80725526759325,-6.49968715007845,8.10932858281486E-5));
#2386=CARTESIAN_POINT('Ctrl Pts',(8.80117749166624,-6.77090938766637,3.74234630616155E-5));
#2387=CARTESIAN_POINT('Ctrl Pts',(8.7976025357343,-6.90618508892362,2.33752880983316E-5));
#2388=CARTESIAN_POINT('Ctrl Pts',(8.79489102678114,-6.97500718617402,2.21775233551632E-15));
#2389=CARTESIAN_POINT('Ctrl Pts',(8.77793175007953,6.93466548631075,8.67361737988404E-16));
#2390=CARTESIAN_POINT('Ctrl Pts',(8.78094095210859,6.74180679160207,8.64101008812908E-16));
#2391=CARTESIAN_POINT('Ctrl Pts',(8.78408564211488,6.35605119458823,7.98945195775656E-16));
#2392=CARTESIAN_POINT('Ctrl Pts',(8.78958315087415,5.58454266341815,7.96079226580209E-16));
#2393=CARTESIAN_POINT('Ctrl Pts',(8.79743361327288,3.84861738078667,9.95325034455255E-16));
#2394=CARTESIAN_POINT('Ctrl Pts',(8.80080036177939,2.30555432902675,1.01102111166403E-15));
#2395=CARTESIAN_POINT('Ctrl Pts',(8.79951680642495,0.0654623374401057,1.01210216105028E-15));
#2396=CARTESIAN_POINT('Ctrl Pts',(8.79490696402184,-1.55871274619856,8.07028285288459E-16));
#2397=CARTESIAN_POINT('Ctrl Pts',(8.78262948344077,-3.72426338778616,1.42690264132474E-15));
#2398=CARTESIAN_POINT('Ctrl Pts',(8.77040716683018,-5.07769110735324,1.51847668707401E-15));
#2399=CARTESIAN_POINT('Ctrl Pts',(8.75648679894721,-6.02503804110071,1.89336185614878E-15));
#2400=CARTESIAN_POINT('Ctrl Pts',(8.74700182860571,-6.49865879575204,2.09046067843425E-15));
#2401=CARTESIAN_POINT('Ctrl Pts',(8.74002255776038,-6.76928324153221,2.11710738152114E-15));
#2402=CARTESIAN_POINT('Ctrl Pts',(8.7359342605639,-6.90456650944139,2.22518508829547E-15));
#2403=CARTESIAN_POINT('Ctrl Pts',(8.7328430490382,-6.97217000408829,2.22044604925031E-15));
#2404=CARTESIAN_POINT('',(8.92414329156291,-6.98091732577115,0.257686233828916));
#2405=CARTESIAN_POINT('',(8.7328430490382,-6.97217000408829,1.04083408558608E-15));
#2406=CARTESIAN_POINT('Origin',(8.7328430490382,-6.97217000408829,0.200000000000001));
#2407=CARTESIAN_POINT('Ctrl Pts',(8.7328430490382,-6.97217000408829,2.22044604925031E-15));
#2408=CARTESIAN_POINT('Ctrl Pts',(8.7359342605639,-6.90456650944139,2.22518508829547E-15));
#2409=CARTESIAN_POINT('Ctrl Pts',(8.74002255776038,-6.76928324153221,2.11710738152114E-15));
#2410=CARTESIAN_POINT('Ctrl Pts',(8.74700182860571,-6.49865879575204,2.09046067843425E-15));
#2411=CARTESIAN_POINT('Ctrl Pts',(8.75648679894721,-6.02503804110071,1.89336185614878E-15));
#2412=CARTESIAN_POINT('Ctrl Pts',(8.77040716683018,-5.07769110735324,1.51847668707401E-15));
#2413=CARTESIAN_POINT('Ctrl Pts',(8.78262948344077,-3.72426338778616,1.42690264132474E-15));
#2414=CARTESIAN_POINT('Ctrl Pts',(8.79490696402184,-1.55871274619856,8.07028285288459E-16));
#2415=CARTESIAN_POINT('Ctrl Pts',(8.79951680642495,0.0654623374401057,1.01210216105028E-15));
#2416=CARTESIAN_POINT('Ctrl Pts',(8.80080036177939,2.30555432902675,1.01102111166403E-15));
#2417=CARTESIAN_POINT('Ctrl Pts',(8.79743361327288,3.84861738078667,9.95325034455255E-16));
#2418=CARTESIAN_POINT('Ctrl Pts',(8.78958315087415,5.58454266341815,7.96079226580209E-16));
#2419=CARTESIAN_POINT('Ctrl Pts',(8.78408564211488,6.35605119458823,7.98945195775656E-16));
#2420=CARTESIAN_POINT('Ctrl Pts',(8.78094095210859,6.74180679160207,8.64101008812908E-16));
#2421=CARTESIAN_POINT('Ctrl Pts',(8.77793175007953,6.93466548631075,8.67361737988404E-16));
#2422=CARTESIAN_POINT('',(9.00029360358071,1.14813673536964,0.200305129035938));
#2423=CARTESIAN_POINT('Ctrl Pts',(8.97666434230605,6.93776633960995,0.222265253103114));
#2424=CARTESIAN_POINT('Ctrl Pts',(8.9801125322762,6.74191293681737,0.218764055039629));
#2425=CARTESIAN_POINT('Ctrl Pts',(8.98344270636712,6.35736303562514,0.216249532151797));
#2426=CARTESIAN_POINT('Ctrl Pts',(8.98934890099916,5.58480934771023,0.210845869211986));
#2427=CARTESIAN_POINT('Ctrl Pts',(8.99747286229817,3.84922478132902,0.203384484365302));
#2428=CARTESIAN_POINT('Ctrl Pts',(9.00082017045048,2.30562576878419,0.199811383585297));
#2429=CARTESIAN_POINT('Ctrl Pts',(9.00014391817786,1.14797067651084,0.200406494031761));
#2430=CARTESIAN_POINT('Ctrl Pts',(9.00014391817786,1.14797067651084,0.200406494031761));
#2431=CARTESIAN_POINT('Ctrl Pts',(8.99951120325434,0.0648458090328171,0.20096329106722));
#2432=CARTESIAN_POINT('Ctrl Pts',(8.99495888827504,-1.55929024532507,0.205643637135755));
#2433=CARTESIAN_POINT('Ctrl Pts',(8.98196822444121,-3.72561151042783,0.217236114670132));
#2434=CARTESIAN_POINT('Ctrl Pts',(8.96858121755008,-5.0794155609108,0.228241048580217));
#2435=CARTESIAN_POINT('Ctrl Pts',(8.95255574629485,-6.02804409802972,0.239781505448154));
#2436=CARTESIAN_POINT('Ctrl Pts',(8.94141909552933,-6.50205931880075,0.247098676625634));
#2437=CARTESIAN_POINT('Ctrl Pts',(8.93300341956745,-6.77444194619763,0.252358651103764));
#2438=CARTESIAN_POINT('Ctrl Pts',(8.92813936050337,-6.90966599106073,0.255238672200452));
#2439=CARTESIAN_POINT('Ctrl Pts',(8.92414329156291,-6.98091732577114,0.257686233828918));
#2440=CARTESIAN_POINT('Ctrl Pts',(8.92414329156291,-6.98091732577115,0.257686233828917));
#2441=CARTESIAN_POINT('Ctrl Pts',(8.89908457234495,-7.42145050173484,0.273985679974382));
#2442=CARTESIAN_POINT('Ctrl Pts',(8.50793347161708,-8.41253049595133,0.291050500307862));
#2443=CARTESIAN_POINT('Ctrl Pts',(7.52259209501081,-8.93552153017855,0.265459139894594));
#2444=CARTESIAN_POINT('Ctrl Pts',(6.93347677298998,-8.95406928506963,0.23957124715632));
#2445=CARTESIAN_POINT('Ctrl Pts',(8.93436990342774,-6.98138494391176,0.223701631158151));
#2446=CARTESIAN_POINT('Ctrl Pts',(8.91258368585031,-7.42437919807497,0.239327191672717));
#2447=CARTESIAN_POINT('Ctrl Pts',(8.52232258508887,-8.42608960067388,0.256480944142525));
#2448=CARTESIAN_POINT('Ctrl Pts',(7.52485580096846,-8.94703453179799,0.23083391988132));
#2449=CARTESIAN_POINT('Ctrl Pts',(6.93362756637708,-8.96073803682969,0.206524078046233));
#2450=CARTESIAN_POINT('Ctrl Pts',(8.93597747227794,-6.98145845098982,0.159446453430645));
#2451=CARTESIAN_POINT('Ctrl Pts',(8.91890629935135,-7.42500110534545,0.172050124789314));
#2452=CARTESIAN_POINT('Ctrl Pts',(8.5323751999552,-8.43602033697669,0.186671922194377));
#2453=CARTESIAN_POINT('Ctrl Pts',(7.52391288374668,-8.95029038526041,0.164877992926999));
#2454=CARTESIAN_POINT('Ctrl Pts',(6.93355212614225,-8.95740173536121,0.145760759070865));
#2455=CARTESIAN_POINT('Ctrl Pts',(8.8936882662615,-6.97952475093876,0.0692420461557497));
#2456=CARTESIAN_POINT('Ctrl Pts',(8.87969924619341,-7.41376245307797,0.0753651502034453));
#2457=CARTESIAN_POINT('Ctrl Pts',(8.50334838506714,-8.41055477560057,0.0828017534947603));
#2458=CARTESIAN_POINT('Ctrl Pts',(7.5096822427471,-8.90887827566008,0.0717560011777567));
#2459=CARTESIAN_POINT('Ctrl Pts',(6.93253671861532,-8.91249591513513,0.062673027324062));
#2460=CARTESIAN_POINT('Ctrl Pts',(8.82154372038821,-6.97622589704245,0.0124969581495813));
#2461=CARTESIAN_POINT('Ctrl Pts',(8.80650040904548,-7.39429542924384,0.0136449084827967));
#2462=CARTESIAN_POINT('Ctrl Pts',(8.44193284336469,-8.35509670270949,0.0150630203354872));
#2463=CARTESIAN_POINT('Ctrl Pts',(7.48727398017937,-8.83611386860724,0.0129530354156052));
#2464=CARTESIAN_POINT('Ctrl Pts',(6.93095133980185,-8.84238343901067,0.0112645206546369));
#2465=CARTESIAN_POINT('Ctrl Pts',(8.75943503949946,-6.9733859392679,7.9566390146305E-16));
#2466=CARTESIAN_POINT('Ctrl Pts',(8.74216189864685,-7.37746013049572,8.49792384866686E-6));
#2467=CARTESIAN_POINT('Ctrl Pts',(8.38651425094664,-8.30474990916368,2.00438688855171E-5));
#2468=CARTESIAN_POINT('Ctrl Pts',(7.46835042865934,-8.77303949060876,1.19858245298409E-5));
#2469=CARTESIAN_POINT('Ctrl Pts',(6.92961652362567,-8.78335195297889,2.1368016681883E-15));
#2470=CARTESIAN_POINT('Ctrl Pts',(8.7328430490382,-6.9721700040883,7.97972798949331E-16));
#2471=CARTESIAN_POINT('Ctrl Pts',(8.7146395003388,-7.37027395033177,8.17207759494216E-16));
#2472=CARTESIAN_POINT('Ctrl Pts',(8.36284518800352,-8.28327694582101,2.00644765375634E-15));
#2473=CARTESIAN_POINT('Ctrl Pts',(7.46026901577163,-8.74606117003285,1.82114313467197E-15));
#2474=CARTESIAN_POINT('Ctrl Pts',(6.92904492152338,-8.75807317518203,2.15105711021124E-15));
#2475=CARTESIAN_POINT('Ctrl Pts',(6.92904492152338,-8.75807317518203,2.15105711021124E-15));
#2476=CARTESIAN_POINT('Ctrl Pts',(7.46026901577163,-8.74606117003285,1.82114313467197E-15));
#2477=CARTESIAN_POINT('Ctrl Pts',(8.36284518800352,-8.28327694582101,2.00644765375634E-15));
#2478=CARTESIAN_POINT('Ctrl Pts',(8.7146395003388,-7.37027395033177,8.17207759494216E-16));
#2479=CARTESIAN_POINT('Ctrl Pts',(8.7328430490382,-6.9721700040883,7.97972798949331E-16));
#2480=CARTESIAN_POINT('Ctrl Pts',(8.92414329156291,-6.98091732577115,0.257686233828917));
#2481=CARTESIAN_POINT('Ctrl Pts',(8.89908457234495,-7.42145050173484,0.273985679974382));
#2482=CARTESIAN_POINT('Ctrl Pts',(8.50793347161708,-8.41253049595133,0.291050500307862));
#2483=CARTESIAN_POINT('Ctrl Pts',(7.52259209501081,-8.93552153017855,0.265459139894594));
#2484=CARTESIAN_POINT('Ctrl Pts',(6.93347677298998,-8.95406928506963,0.23957124715632));
#2485=CARTESIAN_POINT('Ctrl Pts',(-7.06167138279954,4.14135914245779,7.61347796258485));
#2486=CARTESIAN_POINT('Ctrl Pts',(-7.17141766781635,4.2921197277933,7.38348096733411));
#2487=CARTESIAN_POINT('Ctrl Pts',(-7.28580187714649,4.44338453066839,7.12781942210218));
#2488=CARTESIAN_POINT('Ctrl Pts',(-7.62273643624352,4.87698917419426,6.32296379015466));
#2489=CARTESIAN_POINT('Ctrl Pts',(-7.84652531546006,5.14667354020195,5.70447894369046));
#2490=CARTESIAN_POINT('Ctrl Pts',(-8.24834102407541,5.65591161603762,4.39398258235388));
#2491=CARTESIAN_POINT('Ctrl Pts',(-8.4379690819014,5.91598478138593,3.62290807400305));
#2492=CARTESIAN_POINT('Ctrl Pts',(-8.75512453886363,6.42635567984951,2.00762107548783));
#2493=CARTESIAN_POINT('Ctrl Pts',(-8.88175465471563,6.69013016598052,1.10388698257506));
#2494=CARTESIAN_POINT('Ctrl Pts',(-8.9766643414976,6.93776633870712,0.222265253784285));
#2495=CARTESIAN_POINT('Ctrl Pts',(-6.90703679213792,4.66898847388555,7.67777974875053));
#2496=CARTESIAN_POINT('Ctrl Pts',(-7.02279363995987,4.84059313683406,7.43174134713541));
#2497=CARTESIAN_POINT('Ctrl Pts',(-7.14310698106262,5.01174433224734,7.15812616588028));
#2498=CARTESIAN_POINT('Ctrl Pts',(-7.49698315759561,5.49858539622758,6.29817204850631));
#2499=CARTESIAN_POINT('Ctrl Pts',(-7.73124151724148,5.79505754351494,5.63974150454215));
#2500=CARTESIAN_POINT('Ctrl Pts',(-8.15413460080992,6.33743929523582,4.26461182728008));
#2501=CARTESIAN_POINT('Ctrl Pts',(-8.35556382228179,6.60175876277741,3.46906106821701));
#2502=CARTESIAN_POINT('Ctrl Pts',(-8.70220150079796,7.095723078471,1.85673311189065));
#2503=CARTESIAN_POINT('Ctrl Pts',(-8.84851987504753,7.3341849625095,0.990140766184199));
#2504=CARTESIAN_POINT('Ctrl Pts',(-8.96984922437365,7.54555088641335,0.19844945217379));
#2505=CARTESIAN_POINT('Ctrl Pts',(-6.49986442388329,5.35713132792057,7.83299726186844));
#2506=CARTESIAN_POINT('Ctrl Pts',(-6.61427347978122,5.53546040417504,7.58243333540794));
#2507=CARTESIAN_POINT('Ctrl Pts',(-6.7334241966618,5.71462762567804,7.30315264264455));
#2508=CARTESIAN_POINT('Ctrl Pts',(-7.08418805142212,6.22760594511821,6.42397207532463));
#2509=CARTESIAN_POINT('Ctrl Pts',(-7.31677931994932,6.54525446494466,5.74899743951683));
#2510=CARTESIAN_POINT('Ctrl Pts',(-7.73443703781445,7.13732182417488,4.34042042746565));
#2511=CARTESIAN_POINT('Ctrl Pts',(-7.93124035425804,7.4346041335613,3.52669791691751));
#2512=CARTESIAN_POINT('Ctrl Pts',(-8.25737518595469,8.00817594092745,1.88190047564777));
#2513=CARTESIAN_POINT('Ctrl Pts',(-8.38487231863214,8.29835303735452,1.00098619405016));
#2514=CARTESIAN_POINT('Ctrl Pts',(-8.47575744036587,8.56719419722506,0.200544530732677));
#2515=CARTESIAN_POINT('Ctrl Pts',(-5.83260405433168,5.79926327834552,7.97397349217434));
#2516=CARTESIAN_POINT('Ctrl Pts',(-5.92920100533292,5.97034415445817,7.73128338382516));
#2517=CARTESIAN_POINT('Ctrl Pts',(-6.02992256981452,6.14228887968765,7.46057955438352));
#2518=CARTESIAN_POINT('Ctrl Pts',(-6.3262676506268,6.63423511339216,6.60653601263843));
#2519=CARTESIAN_POINT('Ctrl Pts',(-6.5224080902071,6.93808610504355,5.94808027561448));
#2520=CARTESIAN_POINT('Ctrl Pts',(-6.87079779997862,7.50679068245244,4.55842424610319));
#2521=CARTESIAN_POINT('Ctrl Pts',(-7.03172213276683,7.79459285926299,3.74522156160671));
#2522=CARTESIAN_POINT('Ctrl Pts',(-7.28787908959204,8.35912159746184,2.05707848856244));
#2523=CARTESIAN_POINT('Ctrl Pts',(-7.379292767214,8.65149704362891,1.12295832694358));
#2524=CARTESIAN_POINT('Ctrl Pts',(-7.43535406638526,8.92993669512578,0.225864667155621));
#2525=CARTESIAN_POINT('Ctrl Pts',(-5.5001253695882,5.97084870655839,8.02023130723953));
#2526=CARTESIAN_POINT('Ctrl Pts',(-5.58757477902755,6.14243061678325,7.77921208892041));
#2527=CARTESIAN_POINT('Ctrl Pts',(-5.67902129291471,6.31424320863527,7.51053444223052));
#2528=CARTESIAN_POINT('Ctrl Pts',(-5.94873780607817,6.80350812000899,6.66284120088851));
#2529=CARTESIAN_POINT('Ctrl Pts',(-6.12829981258776,7.10185480794801,6.00915430951279));
#2530=CARTESIAN_POINT('Ctrl Pts',(-6.44866503137535,7.65127154835426,4.62506980135969));
#2531=CARTESIAN_POINT('Ctrl Pts',(-6.59771869220527,7.92273936327037,3.81205017622266));
#2532=CARTESIAN_POINT('Ctrl Pts',(-6.83819086077598,8.44173006080907,2.1107340013562));
#2533=CARTESIAN_POINT('Ctrl Pts',(-6.92673147188956,8.70133062919036,1.16036189615762));
#2534=CARTESIAN_POINT('Ctrl Pts',(-6.98570137477987,8.94010051167522,0.233630316451373));
#2535=CARTESIAN_POINT('',(-7.11958753784539,4.22041950819683,7.49071272945627));
#2536=CARTESIAN_POINT('Ctrl Pts',(-7.11958753784539,4.22041950819684,7.49071272945627));
#2537=CARTESIAN_POINT('Ctrl Pts',(-7.20898690533373,4.3416963891771,7.29905127015192));
#2538=CARTESIAN_POINT('Ctrl Pts',(-7.53877448400051,4.77595076086006,6.5538677736818));
#2539=CARTESIAN_POINT('Ctrl Pts',(-8.08588390663537,5.43433311746876,5.0492607256466));
#2540=CARTESIAN_POINT('Ctrl Pts',(-8.64303071562253,6.19423674842767,2.80198383013412));
#2541=CARTESIAN_POINT('Ctrl Pts',(-8.87886761612992,6.68259737127726,1.13070485581139));
#2542=CARTESIAN_POINT('Ctrl Pts',(-8.9766643414976,6.93776633870712,0.222265253784324));
#2543=CARTESIAN_POINT('',(-5.53822101007859,6.04515036391831,7.91424883969788));
#2544=CARTESIAN_POINT('Ctrl Pts',(-5.53822101007859,6.0451503639183,7.91424883969787));
#2545=CARTESIAN_POINT('Ctrl Pts',(-5.7193081906207,5.93793548861095,7.90503643525201));
#2546=CARTESIAN_POINT('Ctrl Pts',(-6.10202716054988,5.67910119394471,7.89056886784259));
#2547=CARTESIAN_POINT('Ctrl Pts',(-6.74579066918471,4.99497824600074,7.7549696623601));
#2548=CARTESIAN_POINT('Ctrl Pts',(-7.00439194755382,4.49610825215528,7.58146739852586));
#2549=CARTESIAN_POINT('Ctrl Pts',(-7.11958753784539,4.22041950819683,7.49071272945627));
#2550=CARTESIAN_POINT('Ctrl Pts',(-5.53822101007859,6.04515036391831,7.91424883969788));
#2551=CARTESIAN_POINT('Ctrl Pts',(-5.6187046492081,6.201194440755,7.68824357912525));
#2552=CARTESIAN_POINT('Ctrl Pts',(-5.89389544060716,6.71423104204705,6.86851235726099));
#2553=CARTESIAN_POINT('Ctrl Pts',(-6.33853540256204,7.44951176683348,5.23840227685691));
#2554=CARTESIAN_POINT('Ctrl Pts',(-6.76495852102826,8.22809277680009,2.89168651589662));
#2555=CARTESIAN_POINT('Ctrl Pts',(-6.92570263840332,8.69831754386667,1.17138882282015));
#2556=CARTESIAN_POINT('Ctrl Pts',(-6.98464089913962,8.93581693284417,0.250250100165547));
#2557=CARTESIAN_POINT('Ctrl Pts',(-6.66844050750112,-5.9740167143759,5.37149711105986));
#2558=CARTESIAN_POINT('Ctrl Pts',(-6.74449420192206,-6.01779126613098,5.25606916074516));
#2559=CARTESIAN_POINT('Ctrl Pts',(-6.83528259302538,-6.06929392287001,5.11391065503891));
#2560=CARTESIAN_POINT('Ctrl Pts',(-6.94444672242311,-6.13012439056102,4.93662039998775));
#2561=CARTESIAN_POINT('Ctrl Pts',(-7.10113911881484,-6.2167737382436,4.67828001855647));
#2562=CARTESIAN_POINT('Ctrl Pts',(-7.31417287158726,-6.330817360725,4.30522992327166));
#2563=CARTESIAN_POINT('Ctrl Pts',(-7.51675483701506,-6.43340126583964,3.91645800238393));
#2564=CARTESIAN_POINT('Ctrl Pts',(-7.62195096873381,-6.48489458517441,3.70427138267482));
#2565=CARTESIAN_POINT('Ctrl Pts',(-7.79490985237044,-6.56838222544447,3.34858333348524));
#2566=CARTESIAN_POINT('Ctrl Pts',(-8.01240413874798,-6.66640875800437,2.86093676836337));
#2567=CARTESIAN_POINT('Ctrl Pts',(-8.21371901169755,-6.7478996927936,2.35597140824492));
#2568=CARTESIAN_POINT('Ctrl Pts',(-8.32748202418081,-6.79152837625065,2.05657920374328));
#2569=CARTESIAN_POINT('Ctrl Pts',(-8.48602414248412,-6.85018473154469,1.62690636893473));
#2570=CARTESIAN_POINT('Ctrl Pts',(-8.67151612625717,-6.91095692058771,1.07866010046186));
#2571=CARTESIAN_POINT('Ctrl Pts',(-8.85296912890957,-6.96253021201364,0.49666436357669));
#2572=CARTESIAN_POINT('Ctrl Pts',(-8.9352671497306,-6.98390277917335,0.22098481354628));
#2573=CARTESIAN_POINT('Ctrl Pts',(-8.97091608263763,-6.99281080258924,0.0995371552724805));
#2574=CARTESIAN_POINT('Ctrl Pts',(-6.69793694909776,-5.92387229039469,5.38846717968097));
#2575=CARTESIAN_POINT('Ctrl Pts',(-6.77342900251708,-5.96672598349446,5.274081620485));
#2576=CARTESIAN_POINT('Ctrl Pts',(-6.86355482421703,-6.01714106941988,5.13317146779681));
#2577=CARTESIAN_POINT('Ctrl Pts',(-6.97192338108111,-6.07667201105413,4.95735239256006));
#2578=CARTESIAN_POINT('Ctrl Pts',(-7.12747295722101,-6.16145951542595,4.70110135620504));
#2579=CARTESIAN_POINT('Ctrl Pts',(-7.33893702934638,-6.27298081289041,4.33073505116221));
#2580=CARTESIAN_POINT('Ctrl Pts',(-7.53990672206942,-6.37308855622402,3.94400932110823));
#2581=CARTESIAN_POINT('Ctrl Pts',(-7.64421256170209,-6.42325627596008,3.73268551015464));
#2582=CARTESIAN_POINT('Ctrl Pts',(-7.81566910239966,-6.50453528549813,3.37827122459043));
#2583=CARTESIAN_POINT('Ctrl Pts',(-8.03103047047998,-6.59959938083629,2.89131222350589));
#2584=CARTESIAN_POINT('Ctrl Pts',(-8.22983684951149,-6.67793049295363,2.38499461660777));
#2585=CARTESIAN_POINT('Ctrl Pts',(-8.34200594751356,-6.71963438850155,2.08418334474532));
#2586=CARTESIAN_POINT('Ctrl Pts',(-8.49816228774961,-6.77547858491921,1.65192063426296));
#2587=CARTESIAN_POINT('Ctrl Pts',(-8.68018508571775,-6.8324262687463,1.09810792055179));
#2588=CARTESIAN_POINT('Ctrl Pts',(-8.85723748398915,-6.87946614268091,0.506849230520277));
#2589=CARTESIAN_POINT('Ctrl Pts',(-8.9372216658727,-6.89853263670872,0.225756860232444));
#2590=CARTESIAN_POINT('Ctrl Pts',(-8.97180248692888,-6.90639001959572,0.101712782248494));
#2591=CARTESIAN_POINT('Ctrl Pts',(-6.76947158347724,-5.79955428361536,5.42663181630441));
#2592=CARTESIAN_POINT('Ctrl Pts',(-6.84355922684421,-5.83970913036566,5.31417132790319));
#2593=CARTESIAN_POINT('Ctrl Pts',(-6.93194988527247,-5.88676773845057,5.17557218916395));
#2594=CARTESIAN_POINT('Ctrl Pts',(-7.03814757131277,-5.94207282030302,5.0024952032319));
#2595=CARTESIAN_POINT('Ctrl Pts',(-7.19053085790093,-6.02068155165599,4.75015194732734));
#2596=CARTESIAN_POINT('Ctrl Pts',(-7.39741369176508,-6.12318031427104,4.38489701381265));
#2597=CARTESIAN_POINT('Ctrl Pts',(-7.59362210144296,-6.21385071775681,4.00222820689748));
#2598=CARTESIAN_POINT('Ctrl Pts',(-7.69533413999164,-6.25887534335707,3.79266941786687));
#2599=CARTESIAN_POINT('Ctrl Pts',(-7.86244341977631,-6.33153806579104,3.44090444075694));
#2600=CARTESIAN_POINT('Ctrl Pts',(-8.07183846192502,-6.41481978260308,2.95566186270589));
#2601=CARTESIAN_POINT('Ctrl Pts',(-8.26424613289318,-6.48094446687938,2.44693205675753));
#2602=CARTESIAN_POINT('Ctrl Pts',(-8.37252511619671,-6.51539609428914,2.14336284250308));
#2603=CARTESIAN_POINT('Ctrl Pts',(-8.5230061982113,-6.56081633119902,1.70594048028744));
#2604=CARTESIAN_POINT('Ctrl Pts',(-8.69735806405119,-6.60437858296214,1.14053243239546));
#2605=CARTESIAN_POINT('Ctrl Pts',(-8.86545096535962,-6.63702095950891,0.529209943872534));
#2606=CARTESIAN_POINT('Ctrl Pts',(-8.94093503401148,-6.64921422948792,0.236251399840972));
#2607=CARTESIAN_POINT('Ctrl Pts',(-8.9734814829806,-6.65403480696982,0.106499103429855));
#2608=CARTESIAN_POINT('Ctrl Pts',(-6.95453377178445,-5.40466268022084,5.54047282455338));
#2609=CARTESIAN_POINT('Ctrl Pts',(-7.0248679476751,-5.43678729095977,5.43261193002345));
#2610=CARTESIAN_POINT('Ctrl Pts',(-7.10859811845967,-5.47379480347792,5.29951764294395));
#2611=CARTESIAN_POINT('Ctrl Pts',(-7.20894885785969,-5.51637056981632,5.13296044071911));
#2612=CARTESIAN_POINT('Ctrl Pts',(-7.3527977128173,-5.57632705262814,4.88990409242297));
#2613=CARTESIAN_POINT('Ctrl Pts',(-7.54731774928908,-5.65138759550684,4.53679090712475));
#2614=CARTESIAN_POINT('Ctrl Pts',(-7.73079480375043,-5.7132272477728,4.16373475512844));
#2615=CARTESIAN_POINT('Ctrl Pts',(-7.82562436319839,-5.74252992702071,3.95832927662564));
#2616=CARTESIAN_POINT('Ctrl Pts',(-7.98123415958574,-5.78885019512524,3.61276912569475));
#2617=CARTESIAN_POINT('Ctrl Pts',(-8.1750636994399,-5.83610415642878,3.13132561272984));
#2618=CARTESIAN_POINT('Ctrl Pts',(-8.3510779267809,-5.86503472411015,2.61567925940777));
#2619=CARTESIAN_POINT('Ctrl Pts',(-8.44945256597365,-5.87743690139888,2.30448417763204));
#2620=CARTESIAN_POINT('Ctrl Pts',(-8.58553259091936,-5.89120924832391,1.85291509704638));
#2621=CARTESIAN_POINT('Ctrl Pts',(-8.74056157254337,-5.89432216757306,1.25599323558514));
#2622=CARTESIAN_POINT('Ctrl Pts',(-8.88610689394845,-5.88377530535506,0.590057373958));
#2623=CARTESIAN_POINT('Ctrl Pts',(-8.95027007318424,-5.87546040887988,0.264798670262111));
#2624=CARTESIAN_POINT('Ctrl Pts',(-8.97770189999489,-5.87124572332485,0.119517722924905));
#2625=CARTESIAN_POINT('Ctrl Pts',(-7.1950556496203,-4.75252443212628,5.72082228968206));
#2626=CARTESIAN_POINT('Ctrl Pts',(-7.26030105026198,-4.77259408111473,5.61885312284223));
#2627=CARTESIAN_POINT('Ctrl Pts',(-7.3377498330318,-4.79453256158552,5.49277036542494));
#2628=CARTESIAN_POINT('Ctrl Pts',(-7.43027660826806,-4.81805166738989,5.33447218099461));
#2629=CARTESIAN_POINT('Ctrl Pts',(-7.56273919865183,-4.85010073468815,5.10315543450136));
#2630=CARTESIAN_POINT('Ctrl Pts',(-7.74096108591167,-4.88420090255453,4.76527254806869));
#2631=CARTESIAN_POINT('Ctrl Pts',(-7.9079513973082,-4.90313178495668,4.40404948491549));
#2632=CARTESIAN_POINT('Ctrl Pts',(-7.99394881913391,-4.90906877576308,4.20364353739906));
#2633=CARTESIAN_POINT('Ctrl Pts',(-8.13485024160425,-4.91625875344483,3.86545042381636));
#2634=CARTESIAN_POINT('Ctrl Pts',(-8.30904300994524,-4.91010128831092,3.38779406391034));
#2635=CARTESIAN_POINT('Ctrl Pts',(-8.46443275519836,-4.88387713598096,2.86104029843266));
#2636=CARTESIAN_POINT('Ctrl Pts',(-8.55029759754575,-4.86354876067442,2.53830134945427));
#2637=CARTESIAN_POINT('Ctrl Pts',(-8.66813158880513,-4.8303065169065,2.06565019312666));
#2638=CARTESIAN_POINT('Ctrl Pts',(-8.79833562948896,-4.7731330025745,1.42275935014465));
#2639=CARTESIAN_POINT('Ctrl Pts',(-8.91403687607993,-4.69774904285377,0.677789600311509));
#2640=CARTESIAN_POINT('Ctrl Pts',(-8.96295057932257,-4.65849378776298,0.305924591626381));
#2641=CARTESIAN_POINT('Ctrl Pts',(-8.98344104943401,-4.64061592331873,0.138269011262374));
#2642=CARTESIAN_POINT('Ctrl Pts',(-7.51677676136882,-3.03162406377666,6.17106764297291));
#2643=CARTESIAN_POINT('Ctrl Pts',(-7.57429245452428,-3.02865374646445,6.07797212848444));
#2644=CARTESIAN_POINT('Ctrl Pts',(-7.6426294363419,-3.02256725797808,5.96215732317396));
#2645=CARTESIAN_POINT('Ctrl Pts',(-7.72435212837464,-3.01160677129894,5.81553697303825));
#2646=CARTESIAN_POINT('Ctrl Pts',(-7.84140168396539,-2.99369538239456,5.60056830000645));
#2647=CARTESIAN_POINT('Ctrl Pts',(-7.99922458501401,-2.95726343031923,5.2825121479196));
#2648=CARTESIAN_POINT('Ctrl Pts',(-8.14731373776088,-2.90499044809375,4.93414473716582));
#2649=CARTESIAN_POINT('Ctrl Pts',(-8.22353339522438,-2.87265086598698,4.73804127566742));
#2650=CARTESIAN_POINT('Ctrl Pts',(-8.34834057001174,-2.8160119635004,4.40518624100625));
#2651=CARTESIAN_POINT('Ctrl Pts',(-8.50199631927965,-2.72412966919758,3.92322360176383));
#2652=CARTESIAN_POINT('Ctrl Pts',(-8.63439159277006,-2.60839782883551,3.36454547928488));
#2653=CARTESIAN_POINT('Ctrl Pts',(-8.70548815525148,-2.53423527887409,3.01378959209138));
#2654=CARTESIAN_POINT('Ctrl Pts',(-8.80098899854345,-2.42294853955028,2.49265221679318));
#2655=CARTESIAN_POINT('Ctrl Pts',(-8.89699449077007,-2.26213605838243,1.75292079314083));
#2656=CARTESIAN_POINT('Ctrl Pts',(-8.96421456546711,-2.06769714067308,0.849742486065731));
#2657=CARTESIAN_POINT('Ctrl Pts',(-8.98620940230883,-1.96909772779668,0.38621787690116));
#2658=CARTESIAN_POINT('Ctrl Pts',(-8.99401902794776,-1.92446285223949,0.174846141305181));
#2659=CARTESIAN_POINT('Ctrl Pts',(-7.56667780512107,-1.33516045076819,6.58513154123511));
#2660=CARTESIAN_POINT('Ctrl Pts',(-7.62203915294396,-1.318277994256,6.49346306082581));
#2661=CARTESIAN_POINT('Ctrl Pts',(-7.68834930403553,-1.29640872867618,6.37878910140202));
#2662=CARTESIAN_POINT('Ctrl Pts',(-7.76833967748987,-1.26749606977072,6.2326785390975));
#2663=CARTESIAN_POINT('Ctrl Pts',(-7.88331699458182,-1.22440811123324,6.01792584328439));
#2664=CARTESIAN_POINT('Ctrl Pts',(-8.04056628325532,-1.15687031888428,5.69730316889037));
#2665=CARTESIAN_POINT('Ctrl Pts',(-8.19046078438253,-1.07774374459717,5.34149628156475));
#2666=CARTESIAN_POINT('Ctrl Pts',(-8.26809843021086,-1.03188190746831,5.1398302550975));
#2667=CARTESIAN_POINT('Ctrl Pts',(-8.39550352563186,-0.953216638010961,
4.79663368504125));
#2668=CARTESIAN_POINT('Ctrl Pts',(-8.5537728003631,-0.834529715418919,4.29426800401662));
#2669=CARTESIAN_POINT('Ctrl Pts',(-8.68851322543784,-0.690243673753146,
3.70068656144706));
#2670=CARTESIAN_POINT('Ctrl Pts',(-8.75972530161185,-0.598060586694168,
3.3247339716923));
#2671=CARTESIAN_POINT('Ctrl Pts',(-8.85414587874425,-0.459784713928673,
2.76334606088146));
#2672=CARTESIAN_POINT('Ctrl Pts',(-8.94278532996081,-0.258637441541039,
1.95507348355304));
#2673=CARTESIAN_POINT('Ctrl Pts',(-8.99007270383649,-0.00788388836872576,
0.952322204635036));
#2674=CARTESIAN_POINT('Ctrl Pts',(-8.99866601822181,0.121966002124685,0.433641960959893));
#2675=CARTESIAN_POINT('Ctrl Pts',(-8.9997335708882,0.181362929153665,0.196400486148007));
#2676=CARTESIAN_POINT('Ctrl Pts',(-7.57118280817882,0.184596234674346,6.91255393102897));
#2677=CARTESIAN_POINT('Ctrl Pts',(-7.62736058903845,0.213855173664667,6.81459437204389));
#2678=CARTESIAN_POINT('Ctrl Pts',(-7.69461754795554,0.249871483435658,6.69199556665933));
#2679=CARTESIAN_POINT('Ctrl Pts',(-7.77569208786713,0.294927799459705,6.53576807487742));
#2680=CARTESIAN_POINT('Ctrl Pts',(-7.89219146712661,0.360678454878119,6.30614209347687));
#2681=CARTESIAN_POINT('Ctrl Pts',(-8.05130876696969,0.456266980910413,5.96335030991963));
#2682=CARTESIAN_POINT('Ctrl Pts',(-8.20259320419066,0.558789064893681,5.58376109938257));
#2683=CARTESIAN_POINT('Ctrl Pts',(-8.28082267203212,0.615988831802629,5.36898719396155));
#2684=CARTESIAN_POINT('Ctrl Pts',(-8.40910974553261,0.712770125852589,5.00374349036448));
#2685=CARTESIAN_POINT('Ctrl Pts',(-8.56792617193259,0.851178709936701,4.47074634672413));
#2686=CARTESIAN_POINT('Ctrl Pts',(-8.70211581209908,1.01034661786595,3.84532236748706));
#2687=CARTESIAN_POINT('Ctrl Pts',(-8.77268590451869,1.1101752260825,3.45052559893128));
#2688=CARTESIAN_POINT('Ctrl Pts',(-8.86590557350606,1.2584472868767,2.86213943575093));
#2689=CARTESIAN_POINT('Ctrl Pts',(-8.95189708268026,1.46904539594814,2.01973124414257));
#2690=CARTESIAN_POINT('Ctrl Pts',(-8.99482167019276,1.72751740250303,0.981678234661555));
#2691=CARTESIAN_POINT('Ctrl Pts',(-9.00088569178261,1.86060912982179,0.446615549853824));
#2692=CARTESIAN_POINT('Ctrl Pts',(-9.00074496834279,1.92138913937733,0.202234466540435));
#2693=CARTESIAN_POINT('Ctrl Pts',(-7.54509387546468,1.51242655325724,7.14317697270696));
#2694=CARTESIAN_POINT('Ctrl Pts',(-7.60415415166164,1.55771473108476,7.03111522774136));
#2695=CARTESIAN_POINT('Ctrl Pts',(-7.67455548105969,1.61147925327917,6.89105753907626));
#2696=CARTESIAN_POINT('Ctrl Pts',(-7.75890978802277,1.67600724170129,6.7132214147315));
#2697=CARTESIAN_POINT('Ctrl Pts',(-7.87980838107105,1.7686122962497,6.45224538731606));
#2698=CARTESIAN_POINT('Ctrl Pts',(-8.04315902958442,1.89490032379136,6.06509932030019));
#2699=CARTESIAN_POINT('Ctrl Pts',(-8.19601741405744,2.02054041622174,5.64294620673503));
#2700=CARTESIAN_POINT('Ctrl Pts',(-8.27439763968768,2.08841319668278,5.40645401108405));
#2701=CARTESIAN_POINT('Ctrl Pts',(-8.40249333469058,2.20192337286894,5.00586920204017));
#2702=CARTESIAN_POINT('Ctrl Pts',(-8.55859378070338,2.35661540115794,4.43101375921764));
#2703=CARTESIAN_POINT('Ctrl Pts',(-8.6892483621357,2.52540316977708,3.77768942634335));
#2704=CARTESIAN_POINT('Ctrl Pts',(-8.75800839620969,2.62933705908913,3.37145488732133));
#2705=CARTESIAN_POINT('Ctrl Pts',(-8.84897147986539,2.78216294901818,2.77131335630924));
#2706=CARTESIAN_POINT('Ctrl Pts',(-8.934446198225,2.99357231354767,1.93349870027792));
#2707=CARTESIAN_POINT('Ctrl Pts',(-8.98383906480392,3.24736437326129,0.931007048248349));
#2708=CARTESIAN_POINT('Ctrl Pts',(-8.99540065598799,3.37684681712566,0.421996617289745));
#2709=CARTESIAN_POINT('Ctrl Pts',(-8.99820898398354,3.4358034588392,0.190920419860513));
#2710=CARTESIAN_POINT('Ctrl Pts',(-7.34632400708209,3.37364483627764,7.40584001463997));
#2711=CARTESIAN_POINT('Ctrl Pts',(-7.41342710143264,3.45161906077679,7.26565293474545));
#2712=CARTESIAN_POINT('Ctrl Pts',(-7.49324765598464,3.54246726334034,7.09102999924357));
#2713=CARTESIAN_POINT('Ctrl Pts',(-7.58845387326139,3.64891844882041,6.8708440530247));
#2714=CARTESIAN_POINT('Ctrl Pts',(-7.7246195891416,3.80013133427934,6.54868770724459));
#2715=CARTESIAN_POINT('Ctrl Pts',(-7.90687849453205,3.99780229668472,6.07646645537903));
#2716=CARTESIAN_POINT('Ctrl Pts',(-8.07465406422208,4.18267563167669,5.57538076810433));
#2717=CARTESIAN_POINT('Ctrl Pts',(-8.15987978143993,4.27940242614513,5.29956663455839));
#2718=CARTESIAN_POINT('Ctrl Pts',(-8.29861878975935,4.43917018256685,4.83568445047996));
#2719=CARTESIAN_POINT('Ctrl Pts',(-8.46466372280505,4.64498144663552,4.19016657334461));
#2720=CARTESIAN_POINT('Ctrl Pts',(-8.60365681020074,4.85009818283074,3.49978605240696));
#2721=CARTESIAN_POINT('Ctrl Pts',(-8.67767904096989,4.97129090181801,3.08333453064538));
#2722=CARTESIAN_POINT('Ctrl Pts',(-8.77663130972653,5.14516145411488,2.47922978429749));
#2723=CARTESIAN_POINT('Ctrl Pts',(-8.87590651034595,5.36841239774287,1.68112049380489));
#2724=CARTESIAN_POINT('Ctrl Pts',(-8.95186504426776,5.61354922082982,0.790094172628738));
#2725=CARTESIAN_POINT('Ctrl Pts',(-8.98015978029299,5.73275371613268,0.354630314021438));
#2726=CARTESIAN_POINT('Ctrl Pts',(-8.99123332193338,5.78597626219485,0.160070183891513));
#2727=CARTESIAN_POINT('Ctrl Pts',(-7.16670236894917,4.05295128628742,7.47337980425406));
#2728=CARTESIAN_POINT('Ctrl Pts',(-7.23899056926057,4.1484674912408,7.31918935877388));
#2729=CARTESIAN_POINT('Ctrl Pts',(-7.32513530985605,4.25966630879934,7.12743841037824));
#2730=CARTESIAN_POINT('Ctrl Pts',(-7.42801780039845,4.38972264963805,6.88640837300678));
#2731=CARTESIAN_POINT('Ctrl Pts',(-7.57522987561652,4.57430411504985,6.53422656360837));
#2732=CARTESIAN_POINT('Ctrl Pts',(-7.77257839002483,4.81460826779883,6.02076811203295));
#2733=CARTESIAN_POINT('Ctrl Pts',(-7.95437950470989,5.03697305603355,5.48241337504771));
#2734=CARTESIAN_POINT('Ctrl Pts',(-8.04674039745418,5.15243772658414,5.18838591000062));
#2735=CARTESIAN_POINT('Ctrl Pts',(-8.19709630694073,5.34253979123999,4.69544552201444));
#2736=CARTESIAN_POINT('Ctrl Pts',(-8.37711429425687,5.58355409408412,4.01914051007602));
#2737=CARTESIAN_POINT('Ctrl Pts',(-8.52933846330618,5.81501015797182,3.31655793841128));
#2738=CARTESIAN_POINT('Ctrl Pts',(-8.61117600311587,5.94899568242342,2.89918212556551));
#2739=CARTESIAN_POINT('Ctrl Pts',(-8.72137459237967,6.13872648136697,2.29948026671271));
#2740=CARTESIAN_POINT('Ctrl Pts',(-8.83584529787655,6.37192065883453,1.53085923691183));
#2741=CARTESIAN_POINT('Ctrl Pts',(-8.93177776938653,6.61216503615935,0.707802751363678));
#2742=CARTESIAN_POINT('Ctrl Pts',(-8.97089244044116,6.72439835232358,0.315529678300474));
#2743=CARTESIAN_POINT('Ctrl Pts',(-8.98702308393798,6.77361026630752,0.142188333241238));
#2744=CARTESIAN_POINT('Ctrl Pts',(-7.11958753784539,4.22041950819683,7.49071272945627));
#2745=CARTESIAN_POINT('Ctrl Pts',(-7.19310587674395,4.32015259453695,7.33309827965866));
#2746=CARTESIAN_POINT('Ctrl Pts',(-7.28066638349478,4.43608177166247,7.13708530291583));
#2747=CARTESIAN_POINT('Ctrl Pts',(-7.38519413751544,4.57138340026038,6.89078421236481));
#2748=CARTESIAN_POINT('Ctrl Pts',(-7.53473657198114,4.76322989461018,6.53096228629285));
#2749=CARTESIAN_POINT('Ctrl Pts',(-7.73510143081725,5.01195335465241,6.00680343711631));
#2750=CARTESIAN_POINT('Ctrl Pts',(-7.91974464046669,5.24034121277042,5.45869364883142));
#2751=CARTESIAN_POINT('Ctrl Pts',(-8.01361086999908,5.35838443048946,5.15988952012354));
#2752=CARTESIAN_POINT('Ctrl Pts',(-8.16646768801521,5.55236053406742,4.65932463993169));
#2753=CARTESIAN_POINT('Ctrl Pts',(-8.34981249920767,5.79607321523023,3.97495826105799));
#2754=CARTESIAN_POINT('Ctrl Pts',(-8.50574795012323,6.02701089896788,3.26926111837952));
#2755=CARTESIAN_POINT('Ctrl Pts',(-8.58991577744399,6.15989092556666,2.85166526599298));
#2756=CARTESIAN_POINT('Ctrl Pts',(-8.70358330664958,6.34735214818232,2.25311636684982));
#2757=CARTESIAN_POINT('Ctrl Pts',(-8.82306077549132,6.57513810459505,1.49206462817806));
#2758=CARTESIAN_POINT('Ctrl Pts',(-8.92543634526144,6.8069688172621,0.68643922241065));
#2759=CARTESIAN_POINT('Ctrl Pts',(-8.96797812249888,6.91451923718659,0.305334959324235));
#2760=CARTESIAN_POINT('Ctrl Pts',(-8.98570026069538,6.96154050932138,0.137521273530383));
#2761=CARTESIAN_POINT('',(-7.0833990789983,-6.20642505160384,4.70440418673016));
#2762=CARTESIAN_POINT('Ctrl Pts',(-7.0833990789983,-6.20642505160384,4.70440418673016));
#2763=CARTESIAN_POINT('Ctrl Pts',(-7.25303725027188,-6.29863732607947,4.41546320639602));
#2764=CARTESIAN_POINT('Ctrl Pts',(-7.68782538290169,-6.52495328378672,3.61673705862085));
#2765=CARTESIAN_POINT('Ctrl Pts',(-8.32778347200641,-6.80585504656242,2.1381495686988));
#2766=CARTESIAN_POINT('Ctrl Pts',(-8.72619265972366,-6.92970350262033,0.921899931759554));
#2767=CARTESIAN_POINT('Ctrl Pts',(-8.92414328991839,-6.98091732435359,0.257686234802754));
#2768=CARTESIAN_POINT('',(-7.74415957887096,-0.411669135402385,6.45210791968369));
#2769=CARTESIAN_POINT('Ctrl Pts',(-7.74415958073665,-0.411669135520276,
6.45210791585647));
#2770=CARTESIAN_POINT('Ctrl Pts',(-7.74059064024884,-0.574733542781496,
6.42552569638762));
#2771=CARTESIAN_POINT('Ctrl Pts',(-7.73493307424106,-0.78956994304096,6.38829780284142));
#2772=CARTESIAN_POINT('Ctrl Pts',(-7.72780613816771,-1.02064299097568,6.34484906622309));
#2773=CARTESIAN_POINT('Ctrl Pts',(-7.72555285464637,-1.08990987715438,6.33152399641251));
#2774=CARTESIAN_POINT('Ctrl Pts',(-7.72164175337604,-1.20853664457199,6.30858489961049));
#2775=CARTESIAN_POINT('Ctrl Pts',(-7.71192540987062,-1.48307085334886,6.25371536133413));
#2776=CARTESIAN_POINT('Ctrl Pts',(-7.6931941966314,-1.92934771360241,6.15660048658079));
#2777=CARTESIAN_POINT('Ctrl Pts',(-7.67304280305791,-2.35857486257669,6.04981272072805));
#2778=CARTESIAN_POINT('Ctrl Pts',(-7.66043387592059,-2.61499297398458,5.97849103593178));
#2779=CARTESIAN_POINT('Ctrl Pts',(-7.65189441079574,-2.78392591118036,5.92992094779857));
#2780=CARTESIAN_POINT('Ctrl Pts',(-7.64629477579152,-2.89264912520282,5.89758578998223));
#2781=CARTESIAN_POINT('Ctrl Pts',(-7.632839976442,-3.14028071502079,5.82117405597291));
#2782=CARTESIAN_POINT('Ctrl Pts',(-7.61858497546014,-3.38163322669835,5.74273481567578));
#2783=CARTESIAN_POINT('Ctrl Pts',(-7.59672301795574,-3.6800207036595,5.64208138769706));
#2784=CARTESIAN_POINT('Ctrl Pts',(-7.5693318197011,-3.99725984122711,5.53276806900026));
#2785=CARTESIAN_POINT('Ctrl Pts',(-7.53393054423364,-4.32412359371133,5.4166231302541));
#2786=CARTESIAN_POINT('Ctrl Pts',(-7.50009256111939,-4.56959318140969,5.3269697862481));
#2787=CARTESIAN_POINT('Ctrl Pts',(-7.47663907275234,-4.72641425937567,5.26911774180062));
#2788=CARTESIAN_POINT('Ctrl Pts',(-7.44131362563525,-4.94728906781548,5.18710738778869));
#2789=CARTESIAN_POINT('Ctrl Pts',(-7.37620971503713,-5.28512816999193,5.05853633067298));
#2790=CARTESIAN_POINT('Ctrl Pts',(-7.29342902235242,-5.6202680186859,4.92750839438005));
#2791=CARTESIAN_POINT('Ctrl Pts',(-7.22152123272426,-5.86699341537973,4.82864244738757));
#2792=CARTESIAN_POINT('Ctrl Pts',(-7.16392710356689,-6.03527470837342,4.76158366919323));
#2793=CARTESIAN_POINT('Ctrl Pts',(-7.12335916742488,-6.13875481075932,4.72055845198807));
#2794=CARTESIAN_POINT('Ctrl Pts',(-7.08339907895608,-6.20642505163638,4.70440418674806));
#2795=CARTESIAN_POINT('',(-7.7445934841709,-0.390614237892471,6.45556676276252));
#2796=CARTESIAN_POINT('Ctrl Pts',(-7.7445924994524,-0.390614517442075,6.45556860302313));
#2797=CARTESIAN_POINT('Ctrl Pts',(-7.74444800807584,-0.39754706269539,6.45444087846173));
#2798=CARTESIAN_POINT('Ctrl Pts',(-7.74431052710265,-0.404772416512489,
6.45323219614154));
#2799=CARTESIAN_POINT('Ctrl Pts',(-7.74415958073678,-0.41166913551406,6.45210791585749));
#2800=CARTESIAN_POINT('',(-7.74467805951931,-0.387195288799233,6.45609589863018));
#2801=CARTESIAN_POINT('Ctrl Pts',(-7.74467805951931,-0.387195288799233,
6.45609589863019));
#2802=CARTESIAN_POINT('Ctrl Pts',(-7.74464994559726,-0.388335222113959,
6.45591952586731));
#2803=CARTESIAN_POINT('Ctrl Pts',(-7.74462174750199,-0.389475436604366,
6.45574304424921));
#2804=CARTESIAN_POINT('Ctrl Pts',(-7.74459344982955,-0.390614249220077,
6.45556683051484));
#2805=CARTESIAN_POINT('Ctrl Pts',(-7.11958749652176,4.22041947050566,7.49071279724749));
#2806=CARTESIAN_POINT('Ctrl Pts',(-7.17782304353161,4.07634181640875,7.44603714934303));
#2807=CARTESIAN_POINT('Ctrl Pts',(-7.23664301550398,3.92437425791624,7.39564094018012));
#2808=CARTESIAN_POINT('Ctrl Pts',(-7.50445023049142,3.0577948725211,7.14202117261807));
#2809=CARTESIAN_POINT('Ctrl Pts',(-7.73606194630678,1.68600359474966,6.75346159021283));
#2810=CARTESIAN_POINT('Ctrl Pts',(-7.76216888907701,0.308193037114654,6.56172739080069));
#2811=CARTESIAN_POINT('Ctrl Pts',(-7.74467805951931,-0.387195288799245,
6.45609589863018));
#2812=CARTESIAN_POINT('Ctrl Pts',(-5.3046131390856,-7.5948318467269,4.48943709110988));
#2813=CARTESIAN_POINT('Ctrl Pts',(-5.45042650316098,-7.73221077094065,4.21717266966251));
#2814=CARTESIAN_POINT('Ctrl Pts',(-5.59451096752756,-7.86508584224545,3.92832859557543));
#2815=CARTESIAN_POINT('Ctrl Pts',(-5.9509538952455,-8.18508802642874,3.15372336251351));
#2816=CARTESIAN_POINT('Ctrl Pts',(-6.15798482308297,-8.36127509839771,2.63709147058012));
#2817=CARTESIAN_POINT('Ctrl Pts',(-6.5604703126927,-8.68573284122938,1.50840007580749));
#2818=CARTESIAN_POINT('Ctrl Pts',(-6.75558826858254,-8.8302031676583,0.873002176388449));
#2819=CARTESIAN_POINT('Ctrl Pts',(-6.93347677188271,-8.95406928390735,0.23957124798799));
#2820=CARTESIAN_POINT('Ctrl Pts',(-5.78927115315356,-7.48120182200484,4.47451968269706));
#2821=CARTESIAN_POINT('Ctrl Pts',(-5.94906534797098,-7.62452484950576,4.19096718939411));
#2822=CARTESIAN_POINT('Ctrl Pts',(-6.10611569093545,-7.76286567119302,3.89099822323194));
#2823=CARTESIAN_POINT('Ctrl Pts',(-6.49271090206428,-8.09700869515402,3.09207918794042));
#2824=CARTESIAN_POINT('Ctrl Pts',(-6.7151383026693,-8.28215526441218,2.56498643372941));
#2825=CARTESIAN_POINT('Ctrl Pts',(-7.14305200301744,-8.63173226488849,1.43715658181985));
#2826=CARTESIAN_POINT('Ctrl Pts',(-7.34729293078239,-8.79393326033708,0.817420661980747));
#2827=CARTESIAN_POINT('Ctrl Pts',(-7.53017722019795,-8.94382372594053,0.223488906894497));
#2828=CARTESIAN_POINT('Ctrl Pts',(-6.51052520785513,-7.10099967912705,4.44619936248369));
#2829=CARTESIAN_POINT('Ctrl Pts',(-6.69131456356249,-7.23315017289265,4.140948283877));
#2830=CARTESIAN_POINT('Ctrl Pts',(-6.86947213111584,-7.36022628837169,3.82070461808364));
#2831=CARTESIAN_POINT('Ctrl Pts',(-7.31026468790745,-7.66639321708958,2.9792819716167));
#2832=CARTESIAN_POINT('Ctrl Pts',(-7.56650332528632,-7.83528447221634,2.43619846720731));
#2833=CARTESIAN_POINT('Ctrl Pts',(-8.06953601727922,-8.15537731581842,1.3144933724408));
#2834=CARTESIAN_POINT('Ctrl Pts',(-8.31697140856284,-8.3048495723103,0.724390026415356));
#2835=CARTESIAN_POINT('Ctrl Pts',(-8.54803362219765,-8.44526865018324,0.196688941798623));
#2836=CARTESIAN_POINT('Ctrl Pts',(-6.94735246183236,-6.48973392305664,4.58840564120454));
#2837=CARTESIAN_POINT('Ctrl Pts',(-7.12339879932454,-6.5923018883274,4.28821036758606));
#2838=CARTESIAN_POINT('Ctrl Pts',(-7.29635257645059,-6.68916232667819,3.97233001828066));
#2839=CARTESIAN_POINT('Ctrl Pts',(-7.722907365434,-6.9169074228839,3.1365429676651));
#2840=CARTESIAN_POINT('Ctrl Pts',(-7.96944388728183,-7.03621960921226,2.59094833946502));
#2841=CARTESIAN_POINT('Ctrl Pts',(-8.45321224453597,-7.24974768261927,1.43719141526486));
#2842=CARTESIAN_POINT('Ctrl Pts',(-8.69108881857909,-7.34032224159317,0.812010831338958));
#2843=CARTESIAN_POINT('Ctrl Pts',(-8.91562927119776,-7.41938963975047,0.221694907321665));
#2844=CARTESIAN_POINT('Ctrl Pts',(-7.0833990789983,-6.20642505160384,4.70440418673016));
#2845=CARTESIAN_POINT('Ctrl Pts',(-7.25303725027189,-6.29863732607946,4.41546320639603));
#2846=CARTESIAN_POINT('Ctrl Pts',(-7.41953957034491,-6.38530512862477,4.10959065209432));
#2847=CARTESIAN_POINT('Ctrl Pts',(-7.82848582234242,-6.58669446037999,3.29174895451713));
#2848=CARTESIAN_POINT('Ctrl Pts',(-8.06292289539957,-6.68939165824878,2.74890076086514));
#2849=CARTESIAN_POINT('Ctrl Pts',(-8.51467112068999,-6.86403414831317,1.56811052193425));
#2850=CARTESIAN_POINT('Ctrl Pts',(-8.73092435594017,-6.93102683567479,0.906598568237741));
#2851=CARTESIAN_POINT('Ctrl Pts',(-8.92680884372603,-6.98160627754177,0.24873815476068));
#2852=CARTESIAN_POINT('',(-5.7515628254363,-8.00604811976207,3.58680003232747));
#2853=CARTESIAN_POINT('Ctrl Pts',(-5.75156282537743,-8.00604811978464,3.58680003230984));
#2854=CARTESIAN_POINT('Ctrl Pts',(-5.96843075506484,-8.2001191946124,3.11120064873607));
#2855=CARTESIAN_POINT('Ctrl Pts',(-6.40301074131138,-8.56914574614081,2.02116416480602));
#2856=CARTESIAN_POINT('Ctrl Pts',(-6.75558826858254,-8.8302031676583,0.873002176388448));
#2857=CARTESIAN_POINT('Ctrl Pts',(-6.93347677188271,-8.95406928390735,0.23957124798799));
#2858=CARTESIAN_POINT('Ctrl Pts',(-7.0833990789983,-6.20642505160383,4.70440418673016));
#2859=CARTESIAN_POINT('Ctrl Pts',(-7.07187598726744,-6.23615562065128,4.68899782131643));
#2860=CARTESIAN_POINT('Ctrl Pts',(-7.03607544332792,-6.32680687358373,4.64209828713102));
#2861=CARTESIAN_POINT('Ctrl Pts',(-6.97250402401811,-6.4787226892177,4.56346501607745));
#2862=CARTESIAN_POINT('Ctrl Pts',(-6.88967497737128,-6.66101543512434,4.46788944297047));
#2863=CARTESIAN_POINT('Ctrl Pts',(-6.80080655340077,-6.84024497293638,4.37179771363864));
#2864=CARTESIAN_POINT('Ctrl Pts',(-6.70486054246211,-7.01632908961006,4.27451992783722));
#2865=CARTESIAN_POINT('Ctrl Pts',(-6.60007551775799,-7.18944231221968,4.17526437773967));
#2866=CARTESIAN_POINT('Ctrl Pts',(-6.48412522781155,-7.35914899847523,4.07342979423855));
#2867=CARTESIAN_POINT('Ctrl Pts',(-6.3544910049456,-7.52387494904957,3.96887076013923));
#2868=CARTESIAN_POINT('Ctrl Pts',(-6.20787040894628,-7.68150059386779,3.86136206176728));
#2869=CARTESIAN_POINT('Ctrl Pts',(-6.04181715676499,-7.8273030814866,3.75174212963676));
#2870=CARTESIAN_POINT('Ctrl Pts',(-5.91390251465241,-7.91495805593075,3.67608386263819));
#2871=CARTESIAN_POINT('Ctrl Pts',(-5.84477656222879,-7.95549327063921,3.63748344067663));
#2872=CARTESIAN_POINT('Ctrl Pts',(-5.83114700188917,-7.96343723717331,3.62988875058977));
#2873=CARTESIAN_POINT('Ctrl Pts',(-5.8173183364065,-7.97124123637384,3.6222683489916));
#2874=CARTESIAN_POINT('Ctrl Pts',(-5.78817721409722,-7.98724334922604,3.60635592031272));
#2875=CARTESIAN_POINT('Ctrl Pts',(-5.77002633320277,-7.996785340913,3.59658827360434));
#2876=CARTESIAN_POINT('Ctrl Pts',(-5.75156282543629,-8.00604811976208,3.58680003232747));
#2877=CARTESIAN_POINT('Ctrl Pts',(5.75156284231117,-8.00604813780196,3.5868000251667));
#2878=CARTESIAN_POINT('Ctrl Pts',(5.96843076951286,-8.20011920999989,3.11120064206885));
#2879=CARTESIAN_POINT('Ctrl Pts',(6.41440333494894,-8.57881984646894,1.99258867684545));
#2880=CARTESIAN_POINT('Ctrl Pts',(6.77401767122957,-8.84381629654778,0.812763723239172));
#2881=CARTESIAN_POINT('Ctrl Pts',(6.95901844352155,-8.97179625661365,0.148221259444875));
#2882=CARTESIAN_POINT('Ctrl Pts',(5.56785387560741,-8.03964357627453,3.60361069545685));
#2883=CARTESIAN_POINT('Ctrl Pts',(5.77834887020308,-8.23068590675532,3.13310469907802));
#2884=CARTESIAN_POINT('Ctrl Pts',(6.21278172830321,-8.60255350200878,2.02214303953933));
#2885=CARTESIAN_POINT('Ctrl Pts',(6.56662228845695,-8.85591969321286,0.831685979405018));
#2886=CARTESIAN_POINT('Ctrl Pts',(6.74993092087091,-8.97404840881474,0.15179870858267));
#2887=CARTESIAN_POINT('Ctrl Pts',(4.69607075302068,-8.16611485909913,3.65758177059648));
#2888=CARTESIAN_POINT('Ctrl Pts',(4.85140595845397,-8.34153659846917,3.20682632157606));
#2889=CARTESIAN_POINT('Ctrl Pts',(5.16646228371406,-8.68134611233732,2.13175282249796));
#2890=CARTESIAN_POINT('Ctrl Pts',(5.42908861010721,-8.89487956490229,0.905883695587508));
#2891=CARTESIAN_POINT('Ctrl Pts',(5.575169061633,-8.98128635297324,0.165886226675857));
#2892=CARTESIAN_POINT('Ctrl Pts',(2.40545702312734,-8.30905075068154,3.77319992884876));
#2893=CARTESIAN_POINT('Ctrl Pts',(2.46743329440918,-8.47074078979855,3.35377305062159));
#2894=CARTESIAN_POINT('Ctrl Pts',(2.58895965526081,-8.79097575598387,2.33633194201198));
#2895=CARTESIAN_POINT('Ctrl Pts',(2.69176808772393,-8.96138746959194,1.04288556124769));
#2896=CARTESIAN_POINT('Ctrl Pts',(2.75376896843238,-8.99370692607227,0.191634785991527));
#2897=CARTESIAN_POINT('Ctrl Pts',(0.816680205634194,-8.33050519597533,3.83068638402464));
#2898=CARTESIAN_POINT('Ctrl Pts',(0.838019312291647,-8.49343242505356,3.42273022352032));
#2899=CARTESIAN_POINT('Ctrl Pts',(0.88125253969088,-8.8231368789752,2.42557020198361));
#2900=CARTESIAN_POINT('Ctrl Pts',(0.914276822964972,-8.98772511380787,1.10088969530041));
#2901=CARTESIAN_POINT('Ctrl Pts',(0.929897744534826,-8.99872495758322,0.202550714110779));
#2902=CARTESIAN_POINT('Ctrl Pts',(-0.816680203832836,-8.33050519604429,
3.83068638434526));
#2903=CARTESIAN_POINT('Ctrl Pts',(-0.838019310437549,-8.49343242512209,
3.42273022385651));
#2904=CARTESIAN_POINT('Ctrl Pts',(-0.881252537727719,-8.82313687903393,
2.42557020228685));
#2905=CARTESIAN_POINT('Ctrl Pts',(-0.91427682091979,-8.98772511383659,1.10088969544461));
#2906=CARTESIAN_POINT('Ctrl Pts',(-0.929897742454063,-8.99872495758849,
0.202550714137336));
#2907=CARTESIAN_POINT('Ctrl Pts',(-2.40545701630106,-8.30905075129189,3.77319992965547));
#2908=CARTESIAN_POINT('Ctrl Pts',(-2.46743328828176,-8.47074079015139,3.35377305154025));
#2909=CARTESIAN_POINT('Ctrl Pts',(-2.58895965076715,-8.79097575554608,2.33633194302262));
#2910=CARTESIAN_POINT('Ctrl Pts',(-2.69176808461361,-8.9613874689623,1.04288556182201));
#2911=CARTESIAN_POINT('Ctrl Pts',(-2.75376896587817,-8.99370692594898,0.19163478609908));
#2912=CARTESIAN_POINT('Ctrl Pts',(-4.69607073965828,-8.16611484953802,3.65758177494885));
#2913=CARTESIAN_POINT('Ctrl Pts',(-4.85140594703935,-8.34153659020403,3.2068263257077));
#2914=CARTESIAN_POINT('Ctrl Pts',(-5.16646227670828,-8.68134610682363,2.131752825722));
#2915=CARTESIAN_POINT('Ctrl Pts',(-5.42908860708743,-8.89487956239833,0.905883697053936));
#2916=CARTESIAN_POINT('Ctrl Pts',(-5.5751690605599,-8.9812863525118,0.165886226945947));
#2917=CARTESIAN_POINT('Ctrl Pts',(-5.56785386038079,-8.03964355936216,3.60361070213919));
#2918=CARTESIAN_POINT('Ctrl Pts',(-5.77834885730168,-8.2306858923281,3.13310470526979));
#2919=CARTESIAN_POINT('Ctrl Pts',(-6.21278172056222,-8.6025534931176,2.0221430440717));
#2920=CARTESIAN_POINT('Ctrl Pts',(-6.56662228563447,-8.85591968964227,0.831685981346488));
#2921=CARTESIAN_POINT('Ctrl Pts',(-6.74993092074041,-8.97404840816459,0.151798708938383));
#2922=CARTESIAN_POINT('Ctrl Pts',(-5.75156282536994,-8.00604811977793,3.58680003232628));
#2923=CARTESIAN_POINT('Ctrl Pts',(-5.96843075507925,-8.2001191946255,3.11120064870591));
#2924=CARTESIAN_POINT('Ctrl Pts',(-6.41440332608359,-8.57881983699664,1.99258868171013));
#2925=CARTESIAN_POINT('Ctrl Pts',(-6.77401766767706,-8.84381629274631,0.812763725326652));
#2926=CARTESIAN_POINT('Ctrl Pts',(-6.95901844287483,-8.97179625592149,0.148221259827404));
#2927=CARTESIAN_POINT('',(5.75156284310087,-8.0060481385085,3.58680002343514));
#2928=CARTESIAN_POINT('Ctrl Pts',(5.75156284310077,-8.00604813850854,3.5868000234351));
#2929=CARTESIAN_POINT('Ctrl Pts',(5.96843076999217,-8.20011921040688,3.11120064086665));
#2930=CARTESIAN_POINT('Ctrl Pts',(6.4030107505535,-8.569145755941,2.02116415915617));
#2931=CARTESIAN_POINT('Ctrl Pts',(6.75558827246327,-8.83020317179101,0.873002173971431));
#2932=CARTESIAN_POINT('Ctrl Pts',(6.93347677298998,-8.95406928506963,0.23957124715632));
#2933=CARTESIAN_POINT('',(5.54142420875959E-11,-8.78059597588635,2.34758389095332));
#2934=CARTESIAN_POINT('Ctrl Pts',(1.0175577872871E-8,-8.78059597588636,
2.34758389095329));
#2935=CARTESIAN_POINT('Ctrl Pts',(0.171100267504321,-8.7805959758012,2.34758389111917));
#2936=CARTESIAN_POINT('Ctrl Pts',(0.527162096378841,-8.77725423806951,2.35307483601127));
#2937=CARTESIAN_POINT('Ctrl Pts',(1.07771533615593,-8.76330987716934,2.37811720973539));
#2938=CARTESIAN_POINT('Ctrl Pts',(1.47506456689829,-8.74682337268585,2.40918577404074));
#2939=CARTESIAN_POINT('Ctrl Pts',(1.68785491912509,-8.73593923387166,2.43000116884055));
#2940=CARTESIAN_POINT('Ctrl Pts',(1.89043970580764,-8.72541132589453,2.45015281595542));
#2941=CARTESIAN_POINT('Ctrl Pts',(2.28118130958222,-8.70178388430103,2.4957614520853));
#2942=CARTESIAN_POINT('Ctrl Pts',(2.87620601094912,-8.65336381618642,2.58927092079579));
#2943=CARTESIAN_POINT('Ctrl Pts',(3.48067821042178,-8.58733253153026,2.71405954897557));
#2944=CARTESIAN_POINT('Ctrl Pts',(4.04793492618759,-8.50451511977691,2.86379331957052));
#2945=CARTESIAN_POINT('Ctrl Pts',(4.55324786990354,-8.4069740625241,3.02943270454992));
#2946=CARTESIAN_POINT('Ctrl Pts',(4.98409523284358,-8.29880116709585,3.19960554647816));
#2947=CARTESIAN_POINT('Ctrl Pts',(5.29191371426387,-8.19999294092098,3.34250846243571));
#2948=CARTESIAN_POINT('Ctrl Pts',(5.48061671914308,-8.12728417951218,3.43986199035911));
#2949=CARTESIAN_POINT('Ctrl Pts',(5.57427337608997,-8.08808629424229,3.490297807198));
#2950=CARTESIAN_POINT('Ctrl Pts',(5.63692834294793,-8.06031448287672,3.52480121528301));
#2951=CARTESIAN_POINT('Ctrl Pts',(5.68427587310446,-8.03823986096907,3.55131673203638));
#2952=CARTESIAN_POINT('Ctrl Pts',(5.71827793361726,-8.02200174484344,3.56988174264189));
#2953=CARTESIAN_POINT('Ctrl Pts',(5.73665583899115,-8.01306838141454,3.57979088776575));
#2954=CARTESIAN_POINT('Ctrl Pts',(5.75156284310087,-8.0060481385085,3.58680002343514));
#2955=CARTESIAN_POINT('Ctrl Pts',(-5.75156282544126,-8.00604811976489,3.58680003231975));
#2956=CARTESIAN_POINT('Ctrl Pts',(-5.73541045084905,-8.01365485250696,3.57920533494042));
#2957=CARTESIAN_POINT('Ctrl Pts',(-5.71588685639329,-8.02315191619542,3.56861444236759));
#2958=CARTESIAN_POINT('Ctrl Pts',(-5.67950624299744,-8.04049396480425,3.54869922220044));
#2959=CARTESIAN_POINT('Ctrl Pts',(-5.62260883735913,-8.06688259413958,3.51688370375398));
#2960=CARTESIAN_POINT('Ctrl Pts',(-5.51300716008787,-8.1147027947392,3.45677242383272));
#2961=CARTESIAN_POINT('Ctrl Pts',(-5.26191733565093,-8.21243368849217,3.32629693606989));
#2962=CARTESIAN_POINT('Ctrl Pts',(-4.88198221470815,-8.32849506726728,3.15493724490578));
#2963=CARTESIAN_POINT('Ctrl Pts',(-4.39230110717019,-8.44099513697275,2.97298096839444));
#2964=CARTESIAN_POINT('Ctrl Pts',(-3.89212676758771,-8.52884470467616,2.82031617697655));
#2965=CARTESIAN_POINT('Ctrl Pts',(-3.38458627428575,-8.59816650101571,2.69361910892435));
#2966=CARTESIAN_POINT('Ctrl Pts',(-2.87257617942039,-8.65285671317563,2.59012357080384));
#2967=CARTESIAN_POINT('Ctrl Pts',(-2.36058649874491,-8.69559184963254,2.50775763919826));
#2968=CARTESIAN_POINT('Ctrl Pts',(-1.97119616310817,-8.72073004720699,2.4591620465095));
#2969=CARTESIAN_POINT('Ctrl Pts',(-1.75350694962938,-8.73252858527406,2.43653004599291));
#2970=CARTESIAN_POINT('Ctrl Pts',(-1.58832723481741,-8.74111278508281,2.42009914480262));
#2971=CARTESIAN_POINT('Ctrl Pts',(-1.31226545463262,-8.75396418136775,2.39565897459932));
#2972=CARTESIAN_POINT('Ctrl Pts',(-0.885025011054283,-8.76872379064245,
2.36830020954367));
#2973=CARTESIAN_POINT('Ctrl Pts',(-0.434023644420825,-8.77831478803938,
2.35132177733174));
#2974=CARTESIAN_POINT('Ctrl Pts',(-0.141426048472238,-8.78059597589787,
2.34758389093842));
#2975=CARTESIAN_POINT('Ctrl Pts',(5.51910600554706E-11,-8.78059597588636,
2.34758389095328));
#2976=CARTESIAN_POINT('Origin',(-1.45716771982052E-15,-1.2490009027033E-15,
7.63278329429795E-16));
#2977=CARTESIAN_POINT('',(-7.62583293664622E-15,8.14999999999999,9.71445146547012E-16));
#2978=CARTESIAN_POINT('Ctrl Pts',(-7.62583293664622E-15,8.14999999999999,
9.71445146547012E-16));
#2979=CARTESIAN_POINT('Ctrl Pts',(-1.71999888688156,8.15,9.02061187865395E-16));
#2980=CARTESIAN_POINT('Ctrl Pts',(-3.42052344379545,8.11787539163293,7.64670919986553E-16));
#2981=CARTESIAN_POINT('Ctrl Pts',(-5.71327209920394,7.83659305200077,6.26274373226589E-16));
#2982=CARTESIAN_POINT('Ctrl Pts',(-6.42336411510045,7.61278528937178,5.70474240774826E-16));
#2983=CARTESIAN_POINT('Ctrl Pts',(-6.86327906175608,7.2961730385277,5.58533046283791E-16));
#2984=CARTESIAN_POINT('Ctrl Pts',(-6.8666537226873,7.29373055034308,5.58606056906153E-16));
#2985=CARTESIAN_POINT('Ctrl Pts',(-6.95353017665235,7.23049406298283,5.58144387969013E-16));
#2986=CARTESIAN_POINT('Ctrl Pts',(-7.1076163962151,7.10121951053774,5.57623006777023E-16));
#2987=CARTESIAN_POINT('Ctrl Pts',(-7.23938841516478,6.94850959075791,5.57560698412638E-16));
#2988=CARTESIAN_POINT('Ctrl Pts',(-7.46879888885721,6.63278754158376,5.56302337101747E-16));
#2989=CARTESIAN_POINT('Ctrl Pts',(-7.60159398201435,6.34184370622764,5.55750617844557E-16));
#2990=CARTESIAN_POINT('Ctrl Pts',(-7.85313754311965,5.4906524735347,5.52132143678283E-16));
#2991=CARTESIAN_POINT('Ctrl Pts',(-8.04130298561312,4.29655615499931,5.93248644470169E-16));
#2992=CARTESIAN_POINT('Ctrl Pts',(-8.11251052685879,2.70840004732417,6.0538459290839E-16));
#2993=CARTESIAN_POINT('Ctrl Pts',(-8.1444379143163,1.25246235350124,6.50721341486296E-16));
#2994=CARTESIAN_POINT('Ctrl Pts',(-8.15296140587408,0.626246848656658,6.702869589266E-16));
#2995=CARTESIAN_POINT('Ctrl Pts',(-8.15823082829852,-1.42385755660607,7.37880282988902E-16));
#2996=CARTESIAN_POINT('Ctrl Pts',(-8.12615180184783,-2.84811605560574,7.23216883056398E-16));
#2997=CARTESIAN_POINT('Ctrl Pts',(-7.9314157246936,-5.23166196430794,8.33852778715793E-16));
#2998=CARTESIAN_POINT('Ctrl Pts',(-7.73010936131051,-6.13066092445367,9.04604891742966E-16));
#2999=CARTESIAN_POINT('Ctrl Pts',(-7.38048813398017,-6.74010077632347,9.02631619843073E-16));
#3000=CARTESIAN_POINT('Ctrl Pts',(-7.33797743506589,-6.80723275917766,9.04336308491559E-16));
#3001=CARTESIAN_POINT('Ctrl Pts',(-7.2331518972451,-6.95510576346878,9.10474990552887E-16));
#3002=CARTESIAN_POINT('Ctrl Pts',(-7.10504064170746,-7.10978060688183,9.21871879145708E-16));
#3003=CARTESIAN_POINT('Ctrl Pts',(-6.95315459812505,-7.23982308561012,9.36105842089656E-16));
#3004=CARTESIAN_POINT('Ctrl Pts',(-6.68767722498007,-7.4303914636877,9.60569420733736E-16));
#3005=CARTESIAN_POINT('Ctrl Pts',(-6.46868535111799,-7.53848380709178,9.59821122218114E-16));
#3006=CARTESIAN_POINT('Ctrl Pts',(-5.37653521568125,-7.93255756818242,1.03330751972971E-15));
#3007=CARTESIAN_POINT('Ctrl Pts',(-4.02717244778757,-8.06578989721947,1.16305973866323E-15));
#3008=CARTESIAN_POINT('Ctrl Pts',(-1.62954426980457,-8.14090984631961,1.27585582781518E-15));
#3009=CARTESIAN_POINT('Ctrl Pts',(-0.814876051373503,-8.15408616811477,
1.3175360858364E-15));
#3010=CARTESIAN_POINT('Ctrl Pts',(1.08469730632193,-8.15585930156332,1.43254427044333E-15));
#3011=CARTESIAN_POINT('Ctrl Pts',(2.16980949845678,-8.13486979183405,1.52997659185515E-15));
#3012=CARTESIAN_POINT('Ctrl Pts',(4.51857348757842,-8.01963146151203,1.6688535599578E-15));
#3013=CARTESIAN_POINT('Ctrl Pts',(5.62404465606337,-7.86871958003777,1.67699835991647E-15));
#3014=CARTESIAN_POINT('Ctrl Pts',(6.53280955970225,-7.50400371378714,1.76157952073632E-15));
#3015=CARTESIAN_POINT('Ctrl Pts',(6.71505643906336,-7.40990445452974,1.77924353327347E-15));
#3016=CARTESIAN_POINT('Ctrl Pts',(6.95444818348883,-7.24052974320132,1.79362924366321E-15));
#3017=CARTESIAN_POINT('Ctrl Pts',(7.1071362330895,-7.11178677885996,1.8011158640848E-15));
#3018=CARTESIAN_POINT('Ctrl Pts',(7.23516614033255,-6.95787984337114,1.8039356083755E-15));
#3019=CARTESIAN_POINT('Ctrl Pts',(7.37028916391123,-6.76600578342929,1.80567981240488E-15));
#3020=CARTESIAN_POINT('Ctrl Pts',(7.43893060135704,-6.64641441211611,1.8046627359974E-15));
#3021=CARTESIAN_POINT('Ctrl Pts',(7.80083495503118,-5.90148668367072,1.81073993078836E-15));
#3022=CARTESIAN_POINT('Ctrl Pts',(7.97923132493597,-4.89241401040412,1.75871996109712E-15));
#3023=CARTESIAN_POINT('Ctrl Pts',(8.13069862396836,-2.50469494297788,1.73678688799981E-15));
#3024=CARTESIAN_POINT('Ctrl Pts',(8.15792050530099,-1.25199659456823,1.71014820778003E-15));
#3025=CARTESIAN_POINT('Ctrl Pts',(8.15437949850531,0.779043122291523,1.65289763409302E-15));
#3026=CARTESIAN_POINT('Ctrl Pts',(8.14163591677047,1.55792359063131,1.61100555302927E-15));
#3027=CARTESIAN_POINT('Ctrl Pts',(8.07625415545074,3.78231306964014,1.59016498098977E-15));
#3028=CARTESIAN_POINT('Ctrl Pts',(7.97089057786492,5.05484964867653,1.58429565028558E-15));
#3029=CARTESIAN_POINT('Ctrl Pts',(7.61475113414908,6.31420955926318,1.48078465538735E-15));
#3030=CARTESIAN_POINT('Ctrl Pts',(7.4764951924335,6.62240001644796,1.46186606932608E-15));
#3031=CARTESIAN_POINT('Ctrl Pts',(7.23932980773128,6.9477842139594,1.43340840263686E-15));
#3032=CARTESIAN_POINT('Ctrl Pts',(7.11023267604896,7.0976219089909,1.42158949712375E-15));
#3033=CARTESIAN_POINT('Ctrl Pts',(6.9602139274176,7.22478267048708,1.39265796128004E-15));
#3034=CARTESIAN_POINT('Ctrl Pts',(6.87557933313023,7.28721346995668,1.3921199297907E-15));
#3035=CARTESIAN_POINT('Ctrl Pts',(6.87192618971259,7.28988753617486,1.39213125054107E-15));
#3036=CARTESIAN_POINT('Ctrl Pts',(6.43288982024837,7.60879819591146,1.39076143698341E-15));
#3037=CARTESIAN_POINT('Ctrl Pts',(5.72680351575844,7.83377674476808,1.31218093081907E-15));
#3038=CARTESIAN_POINT('Ctrl Pts',(3.43328688362684,8.11768137259443,1.18030679282596E-15));
#3039=CARTESIAN_POINT('Ctrl Pts',(1.72646527787634,8.14999999999999,1.11020097179225E-15));
#3040=CARTESIAN_POINT('Ctrl Pts',(1.52406396342412E-14,8.14999999999999,
9.71445146547014E-16));
#3041=CARTESIAN_POINT('Ctrl Pts',(-7.74467805951931,-0.387195288799245,
6.45609589863018));
#3042=CARTESIAN_POINT('Ctrl Pts',(-7.76216888907701,0.308193037114654,6.56172739080069));
#3043=CARTESIAN_POINT('Ctrl Pts',(-7.73606194630678,1.68600359474966,6.75346159021283));
#3044=CARTESIAN_POINT('Ctrl Pts',(-7.50445023049142,3.0577948725211,7.14202117261807));
#3045=CARTESIAN_POINT('Ctrl Pts',(-7.23664257980305,3.92437566777162,7.3956413527992));
#3046=CARTESIAN_POINT('Ctrl Pts',(-7.17782192890845,4.07634469615172,7.4460381043377));
#3047=CARTESIAN_POINT('Ctrl Pts',(-7.11958584120094,4.22042356585035,7.49071406713248));
#3048=CARTESIAN_POINT('Ctrl Pts',(-7.5499589040889,-0.458563321101625,6.89819465689155));
#3049=CARTESIAN_POINT('Ctrl Pts',(-7.56136046174485,0.237857451036635,7.03639936276081));
#3050=CARTESIAN_POINT('Ctrl Pts',(-7.53310442827524,1.54162739566333,7.28098142534696));
#3051=CARTESIAN_POINT('Ctrl Pts',(-7.31260565249105,2.88550518868972,7.63687906122891));
#3052=CARTESIAN_POINT('Ctrl Pts',(-7.04037148272761,3.73277113212593,7.87146712998474));
#3053=CARTESIAN_POINT('Ctrl Pts',(-6.98198325127153,3.87727592696657,7.91462289176784));
#3054=CARTESIAN_POINT('Ctrl Pts',(-6.92364482837944,4.01693194284186,7.95498980606653));
#3055=CARTESIAN_POINT('Ctrl Pts',(-6.88963419814814,-0.537326473511097,
7.16200879465285));
#3056=CARTESIAN_POINT('Ctrl Pts',(-6.85919651827499,0.132736845743619,7.32093484330961));
#3057=CARTESIAN_POINT('Ctrl Pts',(-6.75417281441399,1.38235801599824,7.61239393021955));
#3058=CARTESIAN_POINT('Ctrl Pts',(-6.57977728564964,2.66343182408628,7.93764959475219));
#3059=CARTESIAN_POINT('Ctrl Pts',(-6.34936582066155,3.43466909391999,8.13617003775516));
#3060=CARTESIAN_POINT('Ctrl Pts',(-6.30375781039655,3.56372841929345,8.16981048656552));
#3061=CARTESIAN_POINT('Ctrl Pts',(-6.25455033092769,3.6906172399548,8.20320124366537));
#3062=CARTESIAN_POINT('Ctrl Pts',(-6.43714710337419,-0.543156831737788,
6.97848306465366));
#3063=CARTESIAN_POINT('Ctrl Pts',(-6.38026127986337,0.101258551178323,7.12181960005735));
#3064=CARTESIAN_POINT('Ctrl Pts',(-6.21231889081634,1.37395082178914,7.40167048202085));
#3065=CARTESIAN_POINT('Ctrl Pts',(-6.06065442197009,2.62148915883413,7.73481629523376));
#3066=CARTESIAN_POINT('Ctrl Pts',(-5.85295604300429,3.32768455735802,7.92574496526068));
#3067=CARTESIAN_POINT('Ctrl Pts',(-5.81486104230058,3.44628313865263,7.9588682771782));
#3068=CARTESIAN_POINT('Ctrl Pts',(-5.77084592356353,3.56264851737524,7.99105097795556));
#3069=CARTESIAN_POINT('',(-5.77084702699042,3.56264556394962,7.99105015476185));
#3070=CARTESIAN_POINT('Ctrl Pts',(-5.77084592356353,3.56264851737524,7.99105097795556));
#3071=CARTESIAN_POINT('Ctrl Pts',(-6.25455033092769,3.6906172399548,8.20320124366537));
#3072=CARTESIAN_POINT('Ctrl Pts',(-6.92364482837944,4.01693194284186,7.95498980606653));
#3073=CARTESIAN_POINT('Ctrl Pts',(-7.11958584120094,4.22042356585035,7.49071406713248));
#3074=CARTESIAN_POINT('',(-6.43714710337419,-0.543156831737787,6.97848306465366));
#3075=CARTESIAN_POINT('Ctrl Pts',(-7.74467805951931,-0.387195288799245,
6.45609589863018));
#3076=CARTESIAN_POINT('Ctrl Pts',(-7.5499589040889,-0.458563321101625,6.89819465689155));
#3077=CARTESIAN_POINT('Ctrl Pts',(-6.88963419814814,-0.537326473511097,
7.16200879465285));
#3078=CARTESIAN_POINT('Ctrl Pts',(-6.43714710337419,-0.543156831737788,
6.97848306465366));
#3079=CARTESIAN_POINT('',(-5.8885702048352,3.2064963915866,7.89295096396023));
#3080=CARTESIAN_POINT('Ctrl Pts',(-6.43714710337419,-0.543156831737788,
6.97848306465366));
#3081=CARTESIAN_POINT('Ctrl Pts',(-6.38026127986337,0.101258551178323,7.12181960005735));
#3082=CARTESIAN_POINT('Ctrl Pts',(-6.21231889081634,1.37395082178914,7.40167048202085));
#3083=CARTESIAN_POINT('Ctrl Pts',(-6.06065442197009,2.62148915883413,7.73481629523376));
#3084=CARTESIAN_POINT('Ctrl Pts',(-5.8886128409331,3.20644785465093,7.89296712154391));
#3085=CARTESIAN_POINT('Ctrl Pts',(-5.88860564931614,3.20647230642824,7.89297373242772));
#3086=CARTESIAN_POINT('Ctrl Pts',(-5.88859845760031,3.20649675809728,7.89298034332529));
#3087=CARTESIAN_POINT('Ctrl Pts',(-5.88859845760031,3.20649675809728,7.89298034332529));
#3088=CARTESIAN_POINT('Ctrl Pts',(-5.8529409812698,3.32773136061072,7.92575804605536));
#3089=CARTESIAN_POINT('Ctrl Pts',(-5.81485281187803,3.44630459513495,7.95887420584268));
#3090=CARTESIAN_POINT('Ctrl Pts',(-5.77084704150474,3.56264556180397,7.99105016054514));
#3091=CARTESIAN_POINT('Ctrl Pts',(-7.11958753784539,4.22041950819683,7.49071272945627));
#3092=CARTESIAN_POINT('Ctrl Pts',(-7.00439194755382,4.49610825215528,7.58146739852586));
#3093=CARTESIAN_POINT('Ctrl Pts',(-6.74579066918471,4.99497824600074,7.7549696623601));
#3094=CARTESIAN_POINT('Ctrl Pts',(-6.10202716054988,5.67910119394471,7.89056886784259));
#3095=CARTESIAN_POINT('Ctrl Pts',(-5.7193081906207,5.93793548861095,7.90503643525201));
#3096=CARTESIAN_POINT('Ctrl Pts',(-5.53822101007859,6.0451503639183,7.91424883969787));
#3097=CARTESIAN_POINT('Ctrl Pts',(-7.05723588005729,4.16216671635885,7.61486470708646));
#3098=CARTESIAN_POINT('Ctrl Pts',(-6.94240818741889,4.4343702206009,7.70255549503952));
#3099=CARTESIAN_POINT('Ctrl Pts',(-6.68537360972806,4.92475083025687,7.86871790050609));
#3100=CARTESIAN_POINT('Ctrl Pts',(-6.05546709295019,5.59601473453259,8.00473999637698));
#3101=CARTESIAN_POINT('Ctrl Pts',(-5.68020881379301,5.8521819901888,8.02351715790213));
#3102=CARTESIAN_POINT('Ctrl Pts',(-5.50206996783315,5.9582442136687,8.03408335215854));
#3103=CARTESIAN_POINT('Ctrl Pts',(-6.87709724032472,4.02742382784577,7.8518124548615));
#3104=CARTESIAN_POINT('Ctrl Pts',(-6.76545253764588,4.28996145671165,7.93161484730156));
#3105=CARTESIAN_POINT('Ctrl Pts',(-6.51740850513945,4.75722173862502,8.07914587834743));
#3106=CARTESIAN_POINT('Ctrl Pts',(-5.92640171239072,5.38811730048467,8.21395084035446));
#3107=CARTESIAN_POINT('Ctrl Pts',(-5.57075021798326,5.63266257963588,8.24218642004252));
#3108=CARTESIAN_POINT('Ctrl Pts',(-5.40038550570003,5.73415931469523,8.25574884179714));
#3109=CARTESIAN_POINT('Ctrl Pts',(-6.38210141806676,3.76704860357254,8.10425805378654));
#3110=CARTESIAN_POINT('Ctrl Pts',(-6.28598508467482,4.00338690839296,8.16923360558567));
#3111=CARTESIAN_POINT('Ctrl Pts',(-6.07671956761717,4.40898654450941,8.28172751378641));
#3112=CARTESIAN_POINT('Ctrl Pts',(-5.58924671728572,4.92045954702625,8.40029837448167));
#3113=CARTESIAN_POINT('Ctrl Pts',(-5.28166793037149,5.12231575625193,8.43699879823868));
#3114=CARTESIAN_POINT('Ctrl Pts',(-5.1302397202369,5.20797479480993,8.45277845609435));
#3115=CARTESIAN_POINT('Ctrl Pts',(-5.97573000776298,3.62079965602118,8.0665778613952));
#3116=CARTESIAN_POINT('Ctrl Pts',(-5.89408821655661,3.83426602740793,8.12498565109274));
#3117=CARTESIAN_POINT('Ctrl Pts',(-5.71998003765892,4.18662163798445,8.22097804923547));
#3118=CARTESIAN_POINT('Ctrl Pts',(-5.32082919645176,4.59542857891451,8.31614805777908));
#3119=CARTESIAN_POINT('Ctrl Pts',(-5.05233654363564,4.76204030798387,8.34663630588436));
#3120=CARTESIAN_POINT('Ctrl Pts',(-4.91607687824314,4.83483924192458,8.3595697129675));
#3121=CARTESIAN_POINT('Ctrl Pts',(-5.77084702699042,3.56264556394962,7.99105015476185));
#3122=CARTESIAN_POINT('Ctrl Pts',(-5.69558374103616,3.76409522978103,8.047199238037));
#3123=CARTESIAN_POINT('Ctrl Pts',(-5.53839953981167,4.0866403076912,8.13682283602));
#3124=CARTESIAN_POINT('Ctrl Pts',(-5.18614045300675,4.44352139591098,8.21839111760243));
#3125=CARTESIAN_POINT('Ctrl Pts',(-4.93896362707892,4.59408189132192,8.24368424822782));
#3126=CARTESIAN_POINT('Ctrl Pts',(-4.81055451611769,4.66141995321762,8.25451959369935));
#3127=CARTESIAN_POINT('',(-4.81055451611769,4.66141995321762,8.25451959369935));
#3128=CARTESIAN_POINT('Ctrl Pts',(-4.81055451611769,4.66141995321762,8.25451959369935));
#3129=CARTESIAN_POINT('Ctrl Pts',(-4.91607687824314,4.83483924192458,8.3595697129675));
#3130=CARTESIAN_POINT('Ctrl Pts',(-5.1302397202369,5.20797479480993,8.45277845609435));
#3131=CARTESIAN_POINT('Ctrl Pts',(-5.40038550570003,5.73415931469523,8.25574884179714));
#3132=CARTESIAN_POINT('Ctrl Pts',(-5.50206996783315,5.9582442136687,8.03408335215854));
#3133=CARTESIAN_POINT('Ctrl Pts',(-5.53822101007859,6.0451503639183,7.91424883969787));
#3134=CARTESIAN_POINT('Ctrl Pts',(-5.77084702699042,3.56264556394962,7.99105015476185));
#3135=CARTESIAN_POINT('Ctrl Pts',(-5.69558374103616,3.76409522978103,8.047199238037));
#3136=CARTESIAN_POINT('Ctrl Pts',(-5.53839953981167,4.0866403076912,8.13682283602));
#3137=CARTESIAN_POINT('Ctrl Pts',(-5.18614045300675,4.44352139591098,8.21839111760243));
#3138=CARTESIAN_POINT('Ctrl Pts',(-4.93896362707892,4.59408189132192,8.24368424822782));
#3139=CARTESIAN_POINT('Ctrl Pts',(-4.81055451611769,4.66141995321762,8.25451959369935));
#3140=CARTESIAN_POINT('Ctrl Pts',(-5.53822101007859,6.0451503639183,7.91424883969788));
#3141=CARTESIAN_POINT('Ctrl Pts',(-4.73345433260509,6.49769000015216,7.93732419525703));
#3142=CARTESIAN_POINT('Ctrl Pts',(-3.59645568266445,6.78153457339698,7.95509673159783));
#3143=CARTESIAN_POINT('Ctrl Pts',(-1.78304683385655,6.99523359077429,7.99562124757147));
#3144=CARTESIAN_POINT('Ctrl Pts',(-0.717060692067666,7.02798224203183,8.01687250135736));
#3145=CARTESIAN_POINT('Ctrl Pts',(0.717047246005476,7.02632398440969,8.01912456209479));
#3146=CARTESIAN_POINT('Ctrl Pts',(1.78265265985525,6.99115121642451,8.00134088849808));
#3147=CARTESIAN_POINT('Ctrl Pts',(3.59589322524215,6.77674573272434,7.96195594285983));
#3148=CARTESIAN_POINT('Ctrl Pts',(4.73343050450527,6.49487030569898,7.94085407568787));
#3149=CARTESIAN_POINT('Ctrl Pts',(5.53766802021898,6.04407755118221,7.91580216072933));
#3150=CARTESIAN_POINT('Ctrl Pts',(-5.42306101636945,5.75556083587453,8.3682336265183));
#3151=CARTESIAN_POINT('Ctrl Pts',(-4.66212539912845,6.20076163507214,8.42338857458324));
#3152=CARTESIAN_POINT('Ctrl Pts',(-3.55678525275363,6.48283805546959,8.46064436180832));
#3153=CARTESIAN_POINT('Ctrl Pts',(-1.77073869409052,6.68983296766342,8.50625706780836));
#3154=CARTESIAN_POINT('Ctrl Pts',(-0.712439616057198,6.71871687404489,8.52216022519545));
#3155=CARTESIAN_POINT('Ctrl Pts',(0.710399790115521,6.71727018398694,8.52337928623239));
#3156=CARTESIAN_POINT('Ctrl Pts',(1.7688093452237,6.68621534178145,8.50939593054748));
#3157=CARTESIAN_POINT('Ctrl Pts',(3.55702511883754,6.47828176793868,8.46481193071312));
#3158=CARTESIAN_POINT('Ctrl Pts',(4.66411787610201,6.1975215734488,8.42571449908518));
#3159=CARTESIAN_POINT('Ctrl Pts',(5.4238685381283,5.75384827823571,8.369179425166));
#3160=CARTESIAN_POINT('Ctrl Pts',(-5.05865445217902,5.06260541067068,8.53863709759917));
#3161=CARTESIAN_POINT('Ctrl Pts',(-4.41385800063766,5.39802893637236,8.60784629232299));
#3162=CARTESIAN_POINT('Ctrl Pts',(-3.40817100061309,5.62321144664707,8.6488199856386));
#3163=CARTESIAN_POINT('Ctrl Pts',(-1.7151137191869,5.80126024461365,8.68601154667335));
#3164=CARTESIAN_POINT('Ctrl Pts',(-0.688563981174957,5.83468367571114,8.69513211690633));
#3165=CARTESIAN_POINT('Ctrl Pts',(0.684259750784979,5.83579005354478,8.69670383370967));
#3166=CARTESIAN_POINT('Ctrl Pts',(1.71188449124485,5.8039809029447,8.68994026150781));
#3167=CARTESIAN_POINT('Ctrl Pts',(3.41047153476001,5.62472734056638,8.65351759970991));
#3168=CARTESIAN_POINT('Ctrl Pts',(4.41903444674432,5.39647557572766,8.61021228829989));
#3169=CARTESIAN_POINT('Ctrl Pts',(5.0614743222208,5.06101541673032,8.53951979279568));
#3170=CARTESIAN_POINT('Ctrl Pts',(-4.81055451611769,4.66141995321762,8.25451959369935));
#3171=CARTESIAN_POINT('Ctrl Pts',(-4.25615804237219,4.93843841693123,8.29525225454468));
#3172=CARTESIAN_POINT('Ctrl Pts',(-3.31462722458181,5.14878392622832,8.31241859215515));
#3173=CARTESIAN_POINT('Ctrl Pts',(-1.67866773281925,5.32202372387517,8.33407863123264));
#3174=CARTESIAN_POINT('Ctrl Pts',(-0.671637653178796,5.35792586608951,8.34365076114035));
#3175=CARTESIAN_POINT('Ctrl Pts',(0.667345286993781,5.35893820031667,8.34698665859176));
#3176=CARTESIAN_POINT('Ctrl Pts',(1.67552961490759,5.32451973158062,8.34237025745625));
#3177=CARTESIAN_POINT('Ctrl Pts',(3.3169920192347,5.1502507930316,8.32146488164551));
#3178=CARTESIAN_POINT('Ctrl Pts',(4.26141720654361,4.93702118603758,8.29934847837004));
#3179=CARTESIAN_POINT('Ctrl Pts',(4.81359523930973,4.65978002458047,8.25614651027109));
#3180=CARTESIAN_POINT('',(4.81359509153158,4.65978010235039,8.25614652340701));
#3181=CARTESIAN_POINT('',(5.53766780695429,6.04407767719432,7.91580217188059));
#3182=CARTESIAN_POINT('Ctrl Pts',(4.81359523930973,4.65978002458047,8.25614651027109));
#3183=CARTESIAN_POINT('Ctrl Pts',(5.0614743222208,5.06101541673032,8.53951979279568));
#3184=CARTESIAN_POINT('Ctrl Pts',(5.4238685381283,5.75384827823571,8.369179425166));
#3185=CARTESIAN_POINT('Ctrl Pts',(5.53766802021898,6.04407755118221,7.91580216072933));
#3186=CARTESIAN_POINT('Ctrl Pts',(5.53766780170541,6.04407767366385,7.915802167536));
#3187=CARTESIAN_POINT('Ctrl Pts',(4.73343036713992,6.49487033973736,7.94085407823606));
#3188=CARTESIAN_POINT('Ctrl Pts',(3.59589315955382,6.77674574049161,7.96195594428663));
#3189=CARTESIAN_POINT('Ctrl Pts',(1.78265265985525,6.99115121642451,8.00134088849808));
#3190=CARTESIAN_POINT('Ctrl Pts',(0.717047246005476,7.02632398440969,8.01912456209479));
#3191=CARTESIAN_POINT('Ctrl Pts',(-0.717060692067666,7.02798224203183,8.01687250135736));
#3192=CARTESIAN_POINT('Ctrl Pts',(-1.78304683385655,6.99523359077429,7.99562124757147));
#3193=CARTESIAN_POINT('Ctrl Pts',(-3.59645568266445,6.78153457339698,7.95509673159783));
#3194=CARTESIAN_POINT('Ctrl Pts',(-4.73345433260509,6.49769000015216,7.93732419525703));
#3195=CARTESIAN_POINT('Ctrl Pts',(-5.53822101007859,6.0451503639183,7.91424883969788));
#3196=CARTESIAN_POINT('Ctrl Pts',(-4.81055451611769,4.66141995321762,8.25451959369935));
#3197=CARTESIAN_POINT('Ctrl Pts',(-4.25615804237219,4.93843841693123,8.29525225454468));
#3198=CARTESIAN_POINT('Ctrl Pts',(-3.31462722458181,5.14878392622832,8.31241859215515));
#3199=CARTESIAN_POINT('Ctrl Pts',(-1.67866773281925,5.32202372387517,8.33407863123264));
#3200=CARTESIAN_POINT('Ctrl Pts',(-0.671637653178796,5.35792586608951,8.34365076114035));
#3201=CARTESIAN_POINT('Ctrl Pts',(0.667345286993781,5.35893820031667,8.34698665859176));
#3202=CARTESIAN_POINT('Ctrl Pts',(1.67552961490759,5.32451973158062,8.34237025745625));
#3203=CARTESIAN_POINT('Ctrl Pts',(3.31699190030401,5.1502508056581,8.32146488316019));
#3204=CARTESIAN_POINT('Ctrl Pts',(4.261416978452,4.93702123753545,8.29934848371145));
#3205=CARTESIAN_POINT('Ctrl Pts',(4.81359493925298,4.65978017523491,8.25614653374729));
#3206=CARTESIAN_POINT('Ctrl Pts',(5.53766780695429,6.04407767719432,7.91580217188059));
#3207=CARTESIAN_POINT('Ctrl Pts',(5.71884768157508,5.93716658244223,7.90617287152374));
#3208=CARTESIAN_POINT('Ctrl Pts',(6.00040411438434,5.74541363425296,7.89211591735558));
#3209=CARTESIAN_POINT('Ctrl Pts',(6.66444619194752,5.1147268084138,7.78895087492005));
#3210=CARTESIAN_POINT('Ctrl Pts',(6.96633542781186,4.58855714352664,7.6109697007177));
#3211=CARTESIAN_POINT('Ctrl Pts',(7.11999955360683,4.2209784007142,7.48982940890746));
#3212=CARTESIAN_POINT('Ctrl Pts',(5.50190361106045,5.95700736459438,8.0354973780138));
#3213=CARTESIAN_POINT('Ctrl Pts',(5.68010178462738,5.85123215176771,8.02454324653291));
#3214=CARTESIAN_POINT('Ctrl Pts',(5.95632766873057,5.661444974282,8.00764142871717));
#3215=CARTESIAN_POINT('Ctrl Pts',(6.60574670724396,5.04165444900265,7.90155483927925));
#3216=CARTESIAN_POINT('Ctrl Pts',(6.90449827223976,4.52551060716009,7.73107702659806));
#3217=CARTESIAN_POINT('Ctrl Pts',(7.05763748260368,4.16263134304534,7.61405500139484));
#3218=CARTESIAN_POINT('Ctrl Pts',(5.4010902228759,5.73265360539225,8.2568747663316));
#3219=CARTESIAN_POINT('Ctrl Pts',(5.57143154636431,5.63138071729346,8.24298736344788));
#3220=CARTESIAN_POINT('Ctrl Pts',(5.83353504013053,5.4500060934974,8.21986300025672));
#3221=CARTESIAN_POINT('Ctrl Pts',(6.44299993713687,4.86618801745894,8.10888254924086));
#3222=CARTESIAN_POINT('Ctrl Pts',(6.72859415189792,4.3775379731551,7.95758307866361));
#3223=CARTESIAN_POINT('Ctrl Pts',(6.87739731506098,4.02765894664745,7.85115449904612));
#3224=CARTESIAN_POINT('Ctrl Pts',(5.13250750792108,5.20633580160246,8.45375650122778));
#3225=CARTESIAN_POINT('Ctrl Pts',(5.28374038602573,5.12069821285219,8.43765111486296));
#3226=CARTESIAN_POINT('Ctrl Pts',(5.51087517429381,4.97005348366197,8.40922872851737));
#3227=CARTESIAN_POINT('Ctrl Pts',(6.01753610986695,4.4968183437913,8.30436953125242));
#3228=CARTESIAN_POINT('Ctrl Pts',(6.25403760119176,4.08161608494266,8.19016607236004));
#3229=CARTESIAN_POINT('Ctrl Pts',(6.38190376738805,3.76686534020021,8.10357798669894));
#3230=CARTESIAN_POINT('Ctrl Pts',(4.9189862220952,4.8332257545922,8.36093511535154));
#3231=CARTESIAN_POINT('Ctrl Pts',(5.0549772779496,4.76034099219223,8.34753450695635));
#3232=CARTESIAN_POINT('Ctrl Pts',(5.2538148742478,4.63508248699515,8.32365556889943));
#3233=CARTESIAN_POINT('Ctrl Pts',(5.67386089853648,4.25665517710363,8.23873785657031));
#3234=CARTESIAN_POINT('Ctrl Pts',(5.86675303082973,3.90466487938599,8.14337281597755));
#3235=CARTESIAN_POINT('Ctrl Pts',(5.97519202990247,3.62051615044545,8.06548437526442));
#3236=CARTESIAN_POINT('Ctrl Pts',(4.81359509153158,4.65978010235039,8.25614652340701));
#3237=CARTESIAN_POINT('Ctrl Pts',(4.94172963582935,4.59234785936605,8.24475671473597));
#3238=CARTESIAN_POINT('Ctrl Pts',(5.12526994698242,4.47875137273042,8.22455573369225));
#3239=CARTESIAN_POINT('Ctrl Pts',(5.4992148524278,4.1469825704812,8.15218434810265));
#3240=CARTESIAN_POINT('Ctrl Pts',(5.670319934872,3.83047721676884,8.06461804087145));
#3241=CARTESIAN_POINT('Ctrl Pts',(5.77023169265864,3.56238845800864,7.98969128534532));
#3242=CARTESIAN_POINT('',(5.77023169265864,3.56238845800864,7.98969128534532));
#3243=CARTESIAN_POINT('',(7.11999955360683,4.2209784007142,7.48982940890747));
#3244=CARTESIAN_POINT('Ctrl Pts',(5.77023169265864,3.56238845800864,7.98969128534532));
#3245=CARTESIAN_POINT('Ctrl Pts',(5.97519202990247,3.62051615044545,8.06548437526442));
#3246=CARTESIAN_POINT('Ctrl Pts',(6.38190376738805,3.76686534020021,8.10357798669894));
#3247=CARTESIAN_POINT('Ctrl Pts',(6.87739731506098,4.02765894664745,7.85115449904612));
#3248=CARTESIAN_POINT('Ctrl Pts',(7.05763748260368,4.16263134304534,7.61405500139484));
#3249=CARTESIAN_POINT('Ctrl Pts',(7.11999955360683,4.2209784007142,7.48982940890746));
#3250=CARTESIAN_POINT('Ctrl Pts',(7.11999955360683,4.2209784007142,7.48982940890746));
#3251=CARTESIAN_POINT('Ctrl Pts',(6.96633542781186,4.58855714352664,7.6109697007177));
#3252=CARTESIAN_POINT('Ctrl Pts',(6.66444619194752,5.1147268084138,7.78895087492005));
#3253=CARTESIAN_POINT('Ctrl Pts',(6.00040411438434,5.74541363425296,7.89211591735558));
#3254=CARTESIAN_POINT('Ctrl Pts',(5.71884768157508,5.93716658244223,7.90617287152374));
#3255=CARTESIAN_POINT('Ctrl Pts',(5.53766780695429,6.04407767719432,7.91580217188059));
#3256=CARTESIAN_POINT('Ctrl Pts',(4.81359509153158,4.65978010235039,8.25614652340701));
#3257=CARTESIAN_POINT('Ctrl Pts',(4.94172963582935,4.59234785936605,8.24475671473597));
#3258=CARTESIAN_POINT('Ctrl Pts',(5.12526994698242,4.47875137273042,8.22455573369225));
#3259=CARTESIAN_POINT('Ctrl Pts',(5.4992148524278,4.1469825704812,8.15218434810265));
#3260=CARTESIAN_POINT('Ctrl Pts',(5.670319934872,3.83047721676884,8.06461804087145));
#3261=CARTESIAN_POINT('Ctrl Pts',(5.77023169265864,3.56238845800864,7.98969128534532));
#3262=CARTESIAN_POINT('Ctrl Pts',(7.11999955360683,4.2209784007142,7.48982940890747));
#3263=CARTESIAN_POINT('Ctrl Pts',(7.17509215691555,4.08577073277535,7.44763488568492));
#3264=CARTESIAN_POINT('Ctrl Pts',(7.2322077460407,3.93323978029003,7.39879009251498));
#3265=CARTESIAN_POINT('Ctrl Pts',(7.46386943043571,3.21777713778985,7.18166910988324));
#3266=CARTESIAN_POINT('Ctrl Pts',(7.71043125113815,1.81598594126426,6.82233332474255));
#3267=CARTESIAN_POINT('Ctrl Pts',(7.75514181654548,0.449703278453214,6.60566682522575));
#3268=CARTESIAN_POINT('Ctrl Pts',(7.74464142927755,-0.387215706425613,6.4561640264247));
#3269=CARTESIAN_POINT('Ctrl Pts',(7.05763748260368,4.16263134304534,7.61405500139484));
#3270=CARTESIAN_POINT('Ctrl Pts',(7.11245261373845,4.02891052224859,7.57301144351906));
#3271=CARTESIAN_POINT('Ctrl Pts',(7.16946738896174,3.87811778190468,7.52572309521575));
#3272=CARTESIAN_POINT('Ctrl Pts',(7.40050382958922,3.16966797666224,7.31426788029939));
#3273=CARTESIAN_POINT('Ctrl Pts',(7.64589013450409,1.78309083684264,6.95946308690106));
#3274=CARTESIAN_POINT('Ctrl Pts',(7.69180396288544,0.425221651113948,6.73029929865825));
#3275=CARTESIAN_POINT('Ctrl Pts',(7.68267117798962,-0.41020920557242,6.57376875933653));
#3276=CARTESIAN_POINT('Ctrl Pts',(6.87754849565366,4.02775741469528,7.8510090308056));
#3277=CARTESIAN_POINT('Ctrl Pts',(6.93103660060631,3.89766400309863,7.8127877814514));
#3278=CARTESIAN_POINT('Ctrl Pts',(6.98663131234304,3.75170408833217,7.76950903965363));
#3279=CARTESIAN_POINT('Ctrl Pts',(7.21247807920776,3.06184528037629,7.57237851409024));
#3280=CARTESIAN_POINT('Ctrl Pts',(7.45364031891086,1.71007822081235,7.22885233707224));
#3281=CARTESIAN_POINT('Ctrl Pts',(7.50795266807884,0.371910926150441,6.97320738122487));
#3282=CARTESIAN_POINT('Ctrl Pts',(7.50486053813131,-0.457877816300973,6.80226971274793));
#3283=CARTESIAN_POINT('Ctrl Pts',(6.38183753719223,3.76682804469005,8.10362055271242));
#3284=CARTESIAN_POINT('Ctrl Pts',(6.43007885089068,3.64483121543258,8.07016727697649));
#3285=CARTESIAN_POINT('Ctrl Pts',(6.47820667418114,3.5119868812883,8.03432241942884));
#3286=CARTESIAN_POINT('Ctrl Pts',(6.67898465261668,2.86958118969744,7.86281279675522));
#3287=CARTESIAN_POINT('Ctrl Pts',(6.9057848208164,1.5835638914048,7.53792227332741));
#3288=CARTESIAN_POINT('Ctrl Pts',(6.99947203628359,0.28385282588128,7.24792888847673));
#3289=CARTESIAN_POINT('Ctrl Pts',(7.01956841901737,-0.526558846681861,7.06040454552192));
#3290=CARTESIAN_POINT('Ctrl Pts',(5.97519202990247,3.62051615044545,8.06548437526442));
#3291=CARTESIAN_POINT('Ctrl Pts',(6.01903005504325,3.50459892661772,8.03359101982388));
#3292=CARTESIAN_POINT('Ctrl Pts',(6.06019044611178,3.3831939775747,8.00083757502546));
#3293=CARTESIAN_POINT('Ctrl Pts',(6.23882245802874,2.77960471590726,7.83876873510677));
#3294=CARTESIAN_POINT('Ctrl Pts',(6.45758471871188,1.52936228748794,7.51776705610911));
#3295=CARTESIAN_POINT('Ctrl Pts',(6.58884936890702,0.248959870424347,7.22652050042897));
#3296=CARTESIAN_POINT('Ctrl Pts',(6.62972030215746,-0.543602227060215,7.04086058823635));
#3297=CARTESIAN_POINT('Ctrl Pts',(5.77023169265864,3.56238845800863,7.98969128534532));
#3298=CARTESIAN_POINT('Ctrl Pts',(5.81231437235798,3.4494698824993,7.95813225041721));
#3299=CARTESIAN_POINT('Ctrl Pts',(5.85049580565074,3.33403965723998,7.92637058080213));
#3300=CARTESIAN_POINT('Ctrl Pts',(6.02015915431895,2.75021391260126,7.76685584359868));
#3301=CARTESIAN_POINT('Ctrl Pts',(6.23788967827926,1.51337322580158,7.44583175940091));
#3302=CARTESIAN_POINT('Ctrl Pts',(6.3867895685092,0.240211310560758,7.15973851104401));
#3303=CARTESIAN_POINT('Ctrl Pts',(6.43720817274508,-0.543161480262801,6.97850170886917));
#3304=CARTESIAN_POINT('',(6.43720817274508,-0.543161480262802,6.97850170886917));
#3305=CARTESIAN_POINT('',(7.74464142927755,-0.387215706425613,6.4561640264247));
#3306=CARTESIAN_POINT('Ctrl Pts',(6.43720817274508,-0.543161480262801,6.97850170886917));
#3307=CARTESIAN_POINT('Ctrl Pts',(6.62972030215746,-0.543602227060215,7.04086058823635));
#3308=CARTESIAN_POINT('Ctrl Pts',(7.01956841901737,-0.526558846681861,7.06040454552192));
#3309=CARTESIAN_POINT('Ctrl Pts',(7.50486053813131,-0.457877816300973,6.80226971274793));
#3310=CARTESIAN_POINT('Ctrl Pts',(7.68267117798962,-0.41020920557242,6.57376875933653));
#3311=CARTESIAN_POINT('Ctrl Pts',(7.74464142927755,-0.387215706425613,6.4561640264247));
#3312=CARTESIAN_POINT('Ctrl Pts',(7.74464142927755,-0.387215706425613,6.4561640264247));
#3313=CARTESIAN_POINT('Ctrl Pts',(7.75514181654548,0.449703278453214,6.60566682522575));
#3314=CARTESIAN_POINT('Ctrl Pts',(7.71043125113815,1.81598594126426,6.82233332474255));
#3315=CARTESIAN_POINT('Ctrl Pts',(7.46386943043571,3.21777713778985,7.18166910988324));
#3316=CARTESIAN_POINT('Ctrl Pts',(7.2322077460407,3.93323978029003,7.39879009251498));
#3317=CARTESIAN_POINT('Ctrl Pts',(7.17509215691555,4.08577073277535,7.44763488568492));
#3318=CARTESIAN_POINT('Ctrl Pts',(7.11999955360683,4.2209784007142,7.48982940890747));
#3319=CARTESIAN_POINT('',(5.8846895559105,3.21665598709601,7.89431703604606));
#3320=CARTESIAN_POINT('Ctrl Pts',(5.77023169265864,3.56238845800863,7.98969128534532));
#3321=CARTESIAN_POINT('Ctrl Pts',(5.81231437235798,3.4494698824993,7.95813225041721));
#3322=CARTESIAN_POINT('Ctrl Pts',(5.85049580565074,3.33403965723998,7.92637058080213));
#3323=CARTESIAN_POINT('Ctrl Pts',(5.8846012832875,3.21667986189328,7.894305162165));
#3324=CARTESIAN_POINT('Ctrl Pts',(5.88460726066059,3.21665929287431,7.894299542245));
#3325=CARTESIAN_POINT('Ctrl Pts',(5.88461323793945,3.21663872380043,7.89429392232315));
#3326=CARTESIAN_POINT('Ctrl Pts',(5.88461323793945,3.21663872380043,7.89429392232315));
#3327=CARTESIAN_POINT('Ctrl Pts',(6.0201668346761,2.75017028340779,7.7668445195818));
#3328=CARTESIAN_POINT('Ctrl Pts',(6.23789230447862,1.5133507706003,7.44582671347439));
#3329=CARTESIAN_POINT('Ctrl Pts',(6.3867895685092,0.240211310560758,7.15973851104401));
#3330=CARTESIAN_POINT('Ctrl Pts',(6.43720817274508,-0.543161480262801,6.97850170886917));
#3331=CARTESIAN_POINT('Ctrl Pts',(-7.74106200629497,-0.519314539544596,
6.43557242986081));
#3332=CARTESIAN_POINT('Ctrl Pts',(-7.74210949205029,-0.483468764617924,
6.44119861308198));
#3333=CARTESIAN_POINT('Ctrl Pts',(-7.74311700652489,-0.447662541983289,
6.44674533167046));
#3334=CARTESIAN_POINT('Ctrl Pts',(-7.74424544302089,-0.404610362432077,
6.45339344639475));
#3335=CARTESIAN_POINT('Ctrl Pts',(-7.74442582558719,-0.397360631562205,
6.45452323433969));
#3336=CARTESIAN_POINT('Ctrl Pts',(-7.74462854439531,-0.38920181283518,6.45578533084727));
#3337=CARTESIAN_POINT('Ctrl Pts',(-7.74465333020377,-0.388197986700384,
6.45594075920503));
#3338=CARTESIAN_POINT('Ctrl Pts',(-7.74467805951931,-0.387195288799233,
6.45609589863019));
#3339=CARTESIAN_POINT('Ctrl Pts',(-7.67950707751259,-0.53886391126388,6.55224759044045));
#3340=CARTESIAN_POINT('Ctrl Pts',(-7.68045285540826,-0.503001746342729,
6.55829497214182));
#3341=CARTESIAN_POINT('Ctrl Pts',(-7.68135591628102,-0.467230952659639,
6.56426962628566));
#3342=CARTESIAN_POINT('Ctrl Pts',(-7.68235422027,-0.424291589399696,6.57141691172933));
#3343=CARTESIAN_POINT('Ctrl Pts',(-7.68251191919974,-0.417066255722828,
6.57262746942586));
#3344=CARTESIAN_POINT('Ctrl Pts',(-7.68268954526352,-0.408935487129247,
6.5739820277011));
#3345=CARTESIAN_POINT('Ctrl Pts',(-7.68271123093659,-0.407935199903907,
6.57414877566287));
#3346=CARTESIAN_POINT('Ctrl Pts',(-7.68273286882412,-0.406936058606416,
6.57431523889492));
#3347=CARTESIAN_POINT('Ctrl Pts',(-7.50296238492341,-0.58016545544181,6.77886601306271));
#3348=CARTESIAN_POINT('Ctrl Pts',(-7.50350939451986,-0.54442204849688,6.78577725303448));
#3349=CARTESIAN_POINT('Ctrl Pts',(-7.50400545519784,-0.508856885654078,
6.79260408364068));
#3350=CARTESIAN_POINT('Ctrl Pts',(-7.50450855888701,-0.466296522886649,
6.80076685695898));
#3351=CARTESIAN_POINT('Ctrl Pts',(-7.50458267687477,-0.459153413751414,
6.80214072008497));
#3352=CARTESIAN_POINT('Ctrl Pts',(-7.50466634865351,-0.451110977888392,
6.80368324538106));
#3353=CARTESIAN_POINT('Ctrl Pts',(-7.50467646970065,-0.45012184105802,6.80387302395169));
#3354=CARTESIAN_POINT('Ctrl Pts',(-7.50468655806744,-0.449133818215511,
6.80406253247993));
#3355=CARTESIAN_POINT('Ctrl Pts',(-7.02265846220245,-0.643157185652534,
7.03427356212105));
#3356=CARTESIAN_POINT('Ctrl Pts',(-7.0217783219276,-0.608270429140265,7.04216015462647));
#3357=CARTESIAN_POINT('Ctrl Pts',(-7.02081310130457,-0.573595711039089,
7.04999623882921));
#3358=CARTESIAN_POINT('Ctrl Pts',(-7.01957426618374,-0.532224189230127,
7.0593356105023));
#3359=CARTESIAN_POINT('Ctrl Pts',(-7.01936157900364,-0.525340928609226,
7.06088880394123));
#3360=CARTESIAN_POINT('Ctrl Pts',(-7.01911881456627,-0.517559588614765,
7.06264424937008));
#3361=CARTESIAN_POINT('Ctrl Pts',(-7.01908888154648,-0.516603436880772,
7.06285993270296));
#3362=CARTESIAN_POINT('Ctrl Pts',(-7.01905891984967,-0.515648035045979,
7.06307544209163));
#3363=CARTESIAN_POINT('Ctrl Pts',(-6.63740462638907,-0.6628517758678,7.01362652907353));
#3364=CARTESIAN_POINT('Ctrl Pts',(-6.635300317493,-0.628966758432785,7.02136785281315));
#3365=CARTESIAN_POINT('Ctrl Pts',(-6.63311909387691,-0.595178040542307,
7.02905254516368));
#3366=CARTESIAN_POINT('Ctrl Pts',(-6.63038026946836,-0.554840573230837,
7.03826153021113));
#3367=CARTESIAN_POINT('Ctrl Pts',(-6.62992278225467,-0.548186191986649,
7.03978129849653));
#3368=CARTESIAN_POINT('Ctrl Pts',(-6.62939863471037,-0.54062485329192,7.0415082074216));
#3369=CARTESIAN_POINT('Ctrl Pts',(-6.62933414578688,-0.539696557661879,
7.04172026655126));
#3370=CARTESIAN_POINT('Ctrl Pts',(-6.62926960720023,-0.53876854406544,7.04193225558854));
#3371=CARTESIAN_POINT('Ctrl Pts',(-6.44739736656671,-0.665413521247639,
6.95113405493388));
#3372=CARTESIAN_POINT('Ctrl Pts',(-6.44474723519219,-0.632089918668181,
6.95859123763359));
#3373=CARTESIAN_POINT('Ctrl Pts',(-6.4419681577408,-0.598792617260767,6.96603570561705));
#3374=CARTESIAN_POINT('Ctrl Pts',(-6.43853078181735,-0.558977461279161,
6.97494374731753));
#3375=CARTESIAN_POINT('Ctrl Pts',(-6.43796155822064,-0.55243855297465,6.97640660809807));
#3376=CARTESIAN_POINT('Ctrl Pts',(-6.43730780837237,-0.544985923029399,
6.97807387050588));
#3377=CARTESIAN_POINT('Ctrl Pts',(-6.43722749749916,-0.544071369128492,
6.97827846938606));
#3378=CARTESIAN_POINT('Ctrl Pts',(-6.4371471033742,-0.543156831737777,6.97848306465366));
#3379=CARTESIAN_POINT('',(-6.44739736656671,-0.66541352124764,6.95113405493388));
#3380=CARTESIAN_POINT('Ctrl Pts',(-6.44739736656671,-0.665413521247639,
6.95113405493388));
#3381=CARTESIAN_POINT('Ctrl Pts',(-6.44474723519219,-0.632089918668181,
6.95859123763359));
#3382=CARTESIAN_POINT('Ctrl Pts',(-6.4419681577408,-0.598792617260767,6.96603570561705));
#3383=CARTESIAN_POINT('Ctrl Pts',(-6.43853078181735,-0.558977461279161,
6.97494374731753));
#3384=CARTESIAN_POINT('Ctrl Pts',(-6.43796155822064,-0.55243855297465,6.97640660809807));
#3385=CARTESIAN_POINT('Ctrl Pts',(-6.43730780837237,-0.544985923029399,
6.97807387050588));
#3386=CARTESIAN_POINT('Ctrl Pts',(-6.43722749749916,-0.544071369128492,
6.97827846938606));
#3387=CARTESIAN_POINT('Ctrl Pts',(-6.4371471033742,-0.543156831737777,6.97848306465366));
#3388=CARTESIAN_POINT('Ctrl Pts',(-7.74459348414513,-0.390614237902935,
6.45556676281124));
#3389=CARTESIAN_POINT('Ctrl Pts',(-7.74358618156139,-0.390945708465143,
6.4574866843913));
#3390=CARTESIAN_POINT('Ctrl Pts',(-7.74257304939011,-0.391277117066703,
6.45940354853935));
#3391=CARTESIAN_POINT('Ctrl Pts',(-7.68482262134461,-0.410056458091385,
6.5678699781574));
#3392=CARTESIAN_POINT('Ctrl Pts',(-7.61046143340773,-0.42816818669832,6.66411576857335));
#3393=CARTESIAN_POINT('Ctrl Pts',(-7.42687089525548,-0.463359217185382,
6.83333197534584));
#3394=CARTESIAN_POINT('Ctrl Pts',(-7.31714683551368,-0.480003404536992,
6.90305070284248));
#3395=CARTESIAN_POINT('Ctrl Pts',(-7.0380570680863,-0.513763789997897,7.01709634985749));
#3396=CARTESIAN_POINT('Ctrl Pts',(-6.8974497915738,-0.524508508344867,7.0306034454412));
#3397=CARTESIAN_POINT('Ctrl Pts',(-6.7764151615595,-0.535321964806778,7.03314070792653));
#3398=CARTESIAN_POINT('Ctrl Pts',(-6.74005800708946,-0.538444892797024,
7.03196614913883));
#3399=CARTESIAN_POINT('Ctrl Pts',(-6.63006470882575,-0.563047105472235,
7.02030604379518));
#3400=CARTESIAN_POINT('Ctrl Pts',(-6.54800652887695,-0.617432730640861,
6.99586458724594));
#3401=CARTESIAN_POINT('Ctrl Pts',(-6.44739736666192,-0.665413521200821,
6.95113405497657));
#3402=CARTESIAN_POINT('Ctrl Pts',(7.08339911210494,-6.20642508056923,4.70440417487312));
#3403=CARTESIAN_POINT('Ctrl Pts',(7.07042626077258,-6.23989615453127,4.68705948187612));
#3404=CARTESIAN_POINT('Ctrl Pts',(7.03200751911301,-6.33695236594001,4.6368563586469));
#3405=CARTESIAN_POINT('Ctrl Pts',(6.9640681837019,-6.49824375001346,4.55332800216912));
#3406=CARTESIAN_POINT('Ctrl Pts',(6.8764583400184,-6.68898683417528,4.45309396232766));
#3407=CARTESIAN_POINT('Ctrl Pts',(6.78194887895631,-6.87653628463082,4.35206198250531));
#3408=CARTESIAN_POINT('Ctrl Pts',(6.68049988901029,-7.05851699786145,4.25073880906029));
#3409=CARTESIAN_POINT('Ctrl Pts',(6.57167484157929,-7.23305484667545,4.14956811880105));
#3410=CARTESIAN_POINT('Ctrl Pts',(6.45472504849662,-7.39848378900947,4.04897744381325));
#3411=CARTESIAN_POINT('Ctrl Pts',(6.32732233672198,-7.554804977526,3.94830418077847));
#3412=CARTESIAN_POINT('Ctrl Pts',(6.1859011777912,-7.70208718576695,3.84638440589089));
#3413=CARTESIAN_POINT('Ctrl Pts',(6.02847638068043,-7.83690782816551,3.74369504949604));
#3414=CARTESIAN_POINT('Ctrl Pts',(5.9087579936622,-7.91797566355608,3.67321081873959));
#3415=CARTESIAN_POINT('Ctrl Pts',(5.84387765492455,-7.95602042388394,3.63698146565145));
#3416=CARTESIAN_POINT('Ctrl Pts',(5.83023837700174,-7.96395335378271,3.6293869350962));
#3417=CARTESIAN_POINT('Ctrl Pts',(5.81639605293286,-7.97174772277897,3.62176471840151));
#3418=CARTESIAN_POINT('Ctrl Pts',(5.78818761080141,-7.98723767870058,3.60636157647378));
#3419=CARTESIAN_POINT('Ctrl Pts',(5.77003703614346,-7.99677999936024,3.59659392930351));
#3420=CARTESIAN_POINT('Ctrl Pts',(5.75156284310089,-8.00604813850851,3.58680002343512));
#3421=CARTESIAN_POINT('Ctrl Pts',(6.9721180910306,-6.22942780950063,4.81268257129103));
#3422=CARTESIAN_POINT('Ctrl Pts',(6.95927696442717,-6.26261806476236,4.79481560078796));
#3423=CARTESIAN_POINT('Ctrl Pts',(6.92127015968683,-6.35874242788458,4.74301203859002));
#3424=CARTESIAN_POINT('Ctrl Pts',(6.85419216980123,-6.51798746703687,4.65649309703937));
#3425=CARTESIAN_POINT('Ctrl Pts',(6.76798640092592,-6.70563946066314,4.55239182800897));
#3426=CARTESIAN_POINT('Ctrl Pts',(6.67536034306137,-6.88952084520136,4.44738730007569));
#3427=CARTESIAN_POINT('Ctrl Pts',(6.5763729814011,-7.06730414090405,4.34218294249013));
#3428=CARTESIAN_POINT('Ctrl Pts',(6.47070372836192,-7.2371293637535,4.23740313570442));
#3429=CARTESIAN_POINT('Ctrl Pts',(6.3577423006635,-7.39734091642699,4.13365905294825));
#3430=CARTESIAN_POINT('Ctrl Pts',(6.23537841375768,-7.54791947391324,4.03046871895581));
#3431=CARTESIAN_POINT('Ctrl Pts',(6.1003577211861,-7.68894379680318,3.92691648963895));
#3432=CARTESIAN_POINT('Ctrl Pts',(5.95097436326292,-7.81723457808532,3.82388416639489));
#3433=CARTESIAN_POINT('Ctrl Pts',(5.83800326160099,-7.89399345350552,3.75435653895979));
#3434=CARTESIAN_POINT('Ctrl Pts',(5.77691011727728,-7.92999992396494,3.71900531533421));
#3435=CARTESIAN_POINT('Ctrl Pts',(5.76406851634949,-7.9375072273449,3.71159883593096));
#3436=CARTESIAN_POINT('Ctrl Pts',(5.75104081337054,-7.94488359720881,3.70418345219896));
#3437=CARTESIAN_POINT('Ctrl Pts',(5.72450023190844,-7.95954273500255,3.68922500479755));
#3438=CARTESIAN_POINT('Ctrl Pts',(5.70743030038425,-7.96857461629014,3.67976869101805));
#3439=CARTESIAN_POINT('Ctrl Pts',(5.6900628363735,-7.97734979799479,3.67031714884302));
#3440=CARTESIAN_POINT('Ctrl Pts',(6.67937630953832,-6.23427007054988,4.99943991721777));
#3441=CARTESIAN_POINT('Ctrl Pts',(6.66750771439503,-6.26693087417695,4.98061763813671));
#3442=CARTESIAN_POINT('Ctrl Pts',(6.63250944682787,-6.36128425375717,4.92589333815608));
#3443=CARTESIAN_POINT('Ctrl Pts',(6.57129791363061,-6.5166007197017,4.83396386771264));
#3444=CARTESIAN_POINT('Ctrl Pts',(6.49335061757846,-6.69835723095334,4.72302446604263));
#3445=CARTESIAN_POINT('Ctrl Pts',(6.41023334066759,-6.87531429045277,4.61121860340357));
#3446=CARTESIAN_POINT('Ctrl Pts',(6.32202150286569,-7.04525204242083,4.49965505921507));
#3447=CARTESIAN_POINT('Ctrl Pts',(6.22850276381285,-7.20634045399594,4.38931518208548));
#3448=CARTESIAN_POINT('Ctrl Pts',(6.12925331484624,-7.35693712382531,4.28115614779679));
#3449=CARTESIAN_POINT('Ctrl Pts',(6.02257043743584,-7.49697185929459,4.17503642451396));
#3450=CARTESIAN_POINT('Ctrl Pts',(5.90580187155429,-7.62650667134313,4.07051174385977));
#3451=CARTESIAN_POINT('Ctrl Pts',(5.7776561698082,-7.74271891318778,3.96917563998174));
#3452=CARTESIAN_POINT('Ctrl Pts',(5.6814090877305,-7.81132496407298,3.9031742375696));
#3453=CARTESIAN_POINT('Ctrl Pts',(5.62946951343132,-7.84336095979716,3.87038018868944));
#3454=CARTESIAN_POINT('Ctrl Pts',(5.61855279176384,-7.85003900699003,3.86351862490389));
#3455=CARTESIAN_POINT('Ctrl Pts',(5.60748230938469,-7.85659363648069,3.85668423090396));
#3456=CARTESIAN_POINT('Ctrl Pts',(5.58493354297469,-7.86961216281495,3.84295344975348));
#3457=CARTESIAN_POINT('Ctrl Pts',(5.57043670050603,-7.87762393370161,3.83433150777599));
#3458=CARTESIAN_POINT('Ctrl Pts',(5.55568936579508,-7.88540292628263,3.82577618009617));
#3459=CARTESIAN_POINT('Ctrl Pts',(6.34725012702063,-6.13850152767791,5.03290765482114));
#3460=CARTESIAN_POINT('Ctrl Pts',(6.336848066085,-6.17106800371199,5.01445476634004));
#3461=CARTESIAN_POINT('Ctrl Pts',(6.30640253193953,-6.26501094662019,4.96084577117371));
#3462=CARTESIAN_POINT('Ctrl Pts',(6.25404319143354,-6.41908793322081,4.87098594985096));
#3463=CARTESIAN_POINT('Ctrl Pts',(6.18827223833204,-6.59867701171342,4.76288987547418));
#3464=CARTESIAN_POINT('Ctrl Pts',(6.11872872987503,-6.77282648620451,4.65439256732535));
#3465=CARTESIAN_POINT('Ctrl Pts',(6.04534744059069,-6.9392939160413,4.54671624866367));
#3466=CARTESIAN_POINT('Ctrl Pts',(5.9679304608546,-7.09617739538066,4.44098861692938));
#3467=CARTESIAN_POINT('Ctrl Pts',(5.8861824803388,-7.24175554445919,4.33833309481025));
#3468=CARTESIAN_POINT('Ctrl Pts',(5.7988044645965,-7.37584234884801,4.23885514925219));
#3469=CARTESIAN_POINT('Ctrl Pts',(5.70375543384349,-7.4983688057702,4.14245113086699));
#3470=CARTESIAN_POINT('Ctrl Pts',(5.60011105881595,-7.60653402338268,4.0510042252475));
#3471=CARTESIAN_POINT('Ctrl Pts',(5.52267971869788,-7.66905662221288,3.99313812185372));
#3472=CARTESIAN_POINT('Ctrl Pts',(5.48095388847722,-7.69787274334127,3.96490941383182));
#3473=CARTESIAN_POINT('Ctrl Pts',(5.47218384015308,-7.70387509455431,3.95900903076794));
#3474=CARTESIAN_POINT('Ctrl Pts',(5.46329293276306,-7.70974734530168,3.95315703732003));
#3475=CARTESIAN_POINT('Ctrl Pts',(5.44518461570804,-7.72138232480056,3.9414377033919));
#3476=CARTESIAN_POINT('Ctrl Pts',(5.43354540821435,-7.72851181730373,3.93411961287687));
#3477=CARTESIAN_POINT('Ctrl Pts',(5.42170406605758,-7.73540340632087,3.92690011730423));
#3478=CARTESIAN_POINT('Ctrl Pts',(6.20342916028445,-6.07837819635821,5.01453602240782));
#3479=CARTESIAN_POINT('Ctrl Pts',(6.19352552835842,-6.11091835660489,4.99649485641211));
#3480=CARTESIAN_POINT('Ctrl Pts',(6.16464666054498,-6.20473496845686,4.9441416205583));
#3481=CARTESIAN_POINT('Ctrl Pts',(6.11541280345621,-6.35840738437958,4.85663299689656));
#3482=CARTESIAN_POINT('Ctrl Pts',(6.05407427486254,-6.5372698235113,4.75170072146093));
#3483=CARTESIAN_POINT('Ctrl Pts',(5.98961617667106,-6.71045435329199,4.64671221473598));
#3484=CARTESIAN_POINT('Ctrl Pts',(5.92195351125387,-6.87569162873038,4.54289104031316));
#3485=CARTESIAN_POINT('Ctrl Pts',(5.85092986619023,-7.03103206012034,4.44139565150824));
#3486=CARTESIAN_POINT('Ctrl Pts',(5.77633911072381,-7.17470292317506,4.34339363077457));
#3487=CARTESIAN_POINT('Ctrl Pts',(5.69709272373475,-7.30644998462429,4.24908941574279));
#3488=CARTESIAN_POINT('Ctrl Pts',(5.61146622614244,-7.42612179164378,4.15851216862223));
#3489=CARTESIAN_POINT('Ctrl Pts',(5.51876459482565,-7.53088403665303,4.07357837313123));
#3490=CARTESIAN_POINT('Ctrl Pts',(5.44997813948505,-7.59071830589103,4.02060892149148));
#3491=CARTESIAN_POINT('Ctrl Pts',(5.41300383921746,-7.61807380757486,3.99498563019036));
#3492=CARTESIAN_POINT('Ctrl Pts',(5.40523410536662,-7.62376884011297,3.98963289323832));
#3493=CARTESIAN_POINT('Ctrl Pts',(5.39736052336406,-7.62932935035339,3.98433401341284));
#3494=CARTESIAN_POINT('Ctrl Pts',(5.38133056640708,-7.64032878106368,3.9737388765219));
#3495=CARTESIAN_POINT('Ctrl Pts',(5.37103199966687,-7.64705050359056,3.96713907093521));
#3496=CARTESIAN_POINT('Ctrl Pts',(5.36055962809477,-7.65352820076896,3.96064569826079));
#3497=CARTESIAN_POINT('',(7.08339911210494,-6.20642508056923,4.70440417487312));
#3498=CARTESIAN_POINT('',(6.20342916028445,-6.07837819635821,5.01453602240782));
#3499=CARTESIAN_POINT('Ctrl Pts',(7.08339911210494,-6.20642508056923,4.70440417487312));
#3500=CARTESIAN_POINT('Ctrl Pts',(6.9721180910306,-6.22942780950063,4.81268257129103));
#3501=CARTESIAN_POINT('Ctrl Pts',(6.67937630953832,-6.23427007054988,4.99943991721777));
#3502=CARTESIAN_POINT('Ctrl Pts',(6.34725012702063,-6.13850152767791,5.03290765482114));
#3503=CARTESIAN_POINT('Ctrl Pts',(6.20342916028445,-6.07837819635821,5.01453602240782));
#3504=CARTESIAN_POINT('',(5.36055962809477,-7.65352820076897,3.96064569826079));
#3505=CARTESIAN_POINT('Ctrl Pts',(6.20342916028445,-6.07837819635821,5.01453602240782));
#3506=CARTESIAN_POINT('Ctrl Pts',(6.19352552835842,-6.11091835660489,4.99649485641211));
#3507=CARTESIAN_POINT('Ctrl Pts',(6.16464666054498,-6.20473496845686,4.9441416205583));
#3508=CARTESIAN_POINT('Ctrl Pts',(6.11541280345621,-6.35840738437958,4.85663299689656));
#3509=CARTESIAN_POINT('Ctrl Pts',(6.05407427486254,-6.5372698235113,4.75170072146093));
#3510=CARTESIAN_POINT('Ctrl Pts',(5.98961617667106,-6.71045435329199,4.64671221473598));
#3511=CARTESIAN_POINT('Ctrl Pts',(5.92195351125387,-6.87569162873038,4.54289104031316));
#3512=CARTESIAN_POINT('Ctrl Pts',(5.85092986619023,-7.03103206012034,4.44139565150824));
#3513=CARTESIAN_POINT('Ctrl Pts',(5.77633911072381,-7.17470292317506,4.34339363077457));
#3514=CARTESIAN_POINT('Ctrl Pts',(5.69709272373475,-7.30644998462429,4.24908941574279));
#3515=CARTESIAN_POINT('Ctrl Pts',(5.61146622614244,-7.42612179164378,4.15851216862223));
#3516=CARTESIAN_POINT('Ctrl Pts',(5.51876459482565,-7.53088403665303,4.07357837313123));
#3517=CARTESIAN_POINT('Ctrl Pts',(5.44997813948505,-7.59071830589103,4.02060892149148));
#3518=CARTESIAN_POINT('Ctrl Pts',(5.41300383921746,-7.61807380757486,3.99498563019036));
#3519=CARTESIAN_POINT('Ctrl Pts',(5.40523410536662,-7.62376884011297,3.98963289323832));
#3520=CARTESIAN_POINT('Ctrl Pts',(5.39736052336406,-7.62932935035339,3.98433401341284));
#3521=CARTESIAN_POINT('Ctrl Pts',(5.38133056640708,-7.64032878106368,3.9737388765219));
#3522=CARTESIAN_POINT('Ctrl Pts',(5.37103199966687,-7.64705050359056,3.96713907093521));
#3523=CARTESIAN_POINT('Ctrl Pts',(5.36055962809477,-7.65352820076896,3.96064569826079));
#3524=CARTESIAN_POINT('Ctrl Pts',(5.36055962809477,-7.65352820076896,3.96064569826079));
#3525=CARTESIAN_POINT('Ctrl Pts',(5.42170406605758,-7.73540340632087,3.92690011730423));
#3526=CARTESIAN_POINT('Ctrl Pts',(5.55568936579508,-7.88540292628263,3.82577618009617));
#3527=CARTESIAN_POINT('Ctrl Pts',(5.6900628363735,-7.97734979799479,3.67031714884302));
#3528=CARTESIAN_POINT('Ctrl Pts',(5.75156284310089,-8.00604813850851,3.58680002343512));
#3529=CARTESIAN_POINT('Ctrl Pts',(5.75156284310089,-8.00604813850851,3.58680002343512));
#3530=CARTESIAN_POINT('Ctrl Pts',(5.77003703614346,-7.99677999936024,3.59659392930351));
#3531=CARTESIAN_POINT('Ctrl Pts',(5.78818761080141,-7.98723767870058,3.60636157647378));
#3532=CARTESIAN_POINT('Ctrl Pts',(5.81639605293286,-7.97174772277897,3.62176471840151));
#3533=CARTESIAN_POINT('Ctrl Pts',(5.83023837700174,-7.96395335378271,3.6293869350962));
#3534=CARTESIAN_POINT('Ctrl Pts',(5.84387765492455,-7.95602042388394,3.63698146565145));
#3535=CARTESIAN_POINT('Ctrl Pts',(5.9087579936622,-7.91797566355608,3.67321081873959));
#3536=CARTESIAN_POINT('Ctrl Pts',(6.02847638068043,-7.83690782816551,3.74369504949604));
#3537=CARTESIAN_POINT('Ctrl Pts',(6.1859011777912,-7.70208718576695,3.84638440589089));
#3538=CARTESIAN_POINT('Ctrl Pts',(6.32732233672198,-7.554804977526,3.94830418077847));
#3539=CARTESIAN_POINT('Ctrl Pts',(6.45472504849662,-7.39848378900947,4.04897744381325));
#3540=CARTESIAN_POINT('Ctrl Pts',(6.57167484157929,-7.23305484667545,4.14956811880105));
#3541=CARTESIAN_POINT('Ctrl Pts',(6.68049988901029,-7.05851699786145,4.25073880906029));
#3542=CARTESIAN_POINT('Ctrl Pts',(6.78194887895631,-6.87653628463082,4.35206198250531));
#3543=CARTESIAN_POINT('Ctrl Pts',(6.8764583400184,-6.68898683417528,4.45309396232766));
#3544=CARTESIAN_POINT('Ctrl Pts',(6.9640681837019,-6.49824375001346,4.55332800216912));
#3545=CARTESIAN_POINT('Ctrl Pts',(7.03200751911301,-6.33695236594001,4.6368563586469));
#3546=CARTESIAN_POINT('Ctrl Pts',(7.07042626077258,-6.23989615453127,4.68705948187612));
#3547=CARTESIAN_POINT('Ctrl Pts',(7.08339911210494,-6.20642508056923,4.70440417487312));
#3548=CARTESIAN_POINT('Ctrl Pts',(5.75156284310087,-8.0060481385085,3.58680002343514));
#3549=CARTESIAN_POINT('Ctrl Pts',(5.73665583899115,-8.01306838141454,3.57979088776575));
#3550=CARTESIAN_POINT('Ctrl Pts',(5.71827793361726,-8.02200174484344,3.56988174264189));
#3551=CARTESIAN_POINT('Ctrl Pts',(5.68427587310446,-8.03823986096907,3.55131673203638));
#3552=CARTESIAN_POINT('Ctrl Pts',(5.63692834294793,-8.06031448287672,3.52480121528301));
#3553=CARTESIAN_POINT('Ctrl Pts',(5.57427337608997,-8.08808629424229,3.490297807198));
#3554=CARTESIAN_POINT('Ctrl Pts',(5.48061671914308,-8.12728417951218,3.43986199035911));
#3555=CARTESIAN_POINT('Ctrl Pts',(5.29191371426387,-8.19999294092098,3.34250846243571));
#3556=CARTESIAN_POINT('Ctrl Pts',(4.98409523284358,-8.29880116709585,3.19960554647816));
#3557=CARTESIAN_POINT('Ctrl Pts',(4.55324786990354,-8.4069740625241,3.02943270454992));
#3558=CARTESIAN_POINT('Ctrl Pts',(4.04793492618759,-8.50451511977691,2.86379331957052));
#3559=CARTESIAN_POINT('Ctrl Pts',(3.48067821042178,-8.58733253153026,2.71405954897557));
#3560=CARTESIAN_POINT('Ctrl Pts',(2.87620601094912,-8.65336381618642,2.58927092079579));
#3561=CARTESIAN_POINT('Ctrl Pts',(2.28118130958222,-8.70178388430103,2.4957614520853));
#3562=CARTESIAN_POINT('Ctrl Pts',(1.89043970580764,-8.72541132589453,2.45015281595542));
#3563=CARTESIAN_POINT('Ctrl Pts',(1.68785491912509,-8.73593923387166,2.43000116884055));
#3564=CARTESIAN_POINT('Ctrl Pts',(1.47506456689829,-8.74682337268585,2.40918577404074));
#3565=CARTESIAN_POINT('Ctrl Pts',(1.07771533615593,-8.76330987716934,2.37811720973539));
#3566=CARTESIAN_POINT('Ctrl Pts',(0.527162089691595,-8.77725423823888,2.35307483570709));
#3567=CARTESIAN_POINT('Ctrl Pts',(0.171100254068119,-8.7805959759273,2.34758389091197));
#3568=CARTESIAN_POINT('Ctrl Pts',(-1.0064960531686E-8,-8.78059597588636,
2.34758389095329));
#3569=CARTESIAN_POINT('Ctrl Pts',(5.6285628296461,-7.94865145748105,3.75383427425093));
#3570=CARTESIAN_POINT('Ctrl Pts',(5.61583568868749,-7.95460982474395,3.74746957182444));
#3571=CARTESIAN_POINT('Ctrl Pts',(5.59968660880127,-7.96262976624452,3.73831806738065));
#3572=CARTESIAN_POINT('Ctrl Pts',(5.56869708001608,-7.97784350651668,3.72090162545655));
#3573=CARTESIAN_POINT('Ctrl Pts',(5.52473138979086,-7.99905594938588,3.69584107066021));
#3574=CARTESIAN_POINT('Ctrl Pts',(5.4656780175658,-8.02621237671961,3.6630410222478));
#3575=CARTESIAN_POINT('Ctrl Pts',(5.37678569948759,-8.06490202454959,3.61496300994981));
#3576=CARTESIAN_POINT('Ctrl Pts',(5.19644785608999,-8.13734031936908,3.52186530834516));
#3577=CARTESIAN_POINT('Ctrl Pts',(4.90007994346185,-8.23698439150733,3.38450246050767));
#3578=CARTESIAN_POINT('Ctrl Pts',(4.48261774663277,-8.3473231136588,3.21979940643807));
#3579=CARTESIAN_POINT('Ctrl Pts',(3.99040998149757,-8.44789709213335,3.05833631346165));
#3580=CARTESIAN_POINT('Ctrl Pts',(3.43533380972393,-8.53415834899762,2.91131841614556));
#3581=CARTESIAN_POINT('Ctrl Pts',(2.84155947134165,-8.60357715795048,2.78793743202133));
#3582=CARTESIAN_POINT('Ctrl Pts',(2.25532147627164,-8.65486326044671,2.69488960814474));
#3583=CARTESIAN_POINT('Ctrl Pts',(1.86954355921703,-8.68001578590584,2.64926041971303));
#3584=CARTESIAN_POINT('Ctrl Pts',(1.66939264038103,-8.69123567702045,2.62906178361707));
#3585=CARTESIAN_POINT('Ctrl Pts',(1.45914376999888,-8.70283688553524,2.60819256867416));
#3586=CARTESIAN_POINT('Ctrl Pts',(1.06623668983032,-8.72043844388235,2.57694979137146));
#3587=CARTESIAN_POINT('Ctrl Pts',(0.5214399335079,-8.73531867071068,2.55166975914101));
#3588=CARTESIAN_POINT('Ctrl Pts',(0.169156768337749,-8.73886571982312,2.54610728013212));
#3589=CARTESIAN_POINT('Ctrl Pts',(-1.00156010789316E-8,-8.73886555160659,
2.54610692455594));
#3590=CARTESIAN_POINT('Ctrl Pts',(5.48284850402037,-7.81727861187277,3.89315453634766));
#3591=CARTESIAN_POINT('Ctrl Pts',(5.47455405193677,-7.82158764869959,3.88835952424185));
#3592=CARTESIAN_POINT('Ctrl Pts',(5.46058354643396,-7.82902464439159,3.88013771424069));
#3593=CARTESIAN_POINT('Ctrl Pts',(5.43424328152043,-7.84285840081253,3.86473918552158));
#3594=CARTESIAN_POINT('Ctrl Pts',(5.39414146444618,-7.86327054383449,3.84170823652207));
#3595=CARTESIAN_POINT('Ctrl Pts',(5.33997933677437,-7.88944347269217,3.81155302648027));
#3596=CARTESIAN_POINT('Ctrl Pts',(5.25679790191867,-7.92736658759743,3.76686578866211));
#3597=CARTESIAN_POINT('Ctrl Pts',(5.08677424445633,-7.9988424099002,3.68000830443891));
#3598=CARTESIAN_POINT('Ctrl Pts',(4.80375546103055,-8.09868679849406,3.55067745759418));
#3599=CARTESIAN_POINT('Ctrl Pts',(4.40199187122181,-8.21075711840484,3.39432524953712));
#3600=CARTESIAN_POINT('Ctrl Pts',(3.92471527155021,-8.31455061178031,3.23961462950545));
#3601=CARTESIAN_POINT('Ctrl Pts',(3.38354573470583,-8.4048539524039,3.09761053439101));
#3602=CARTESIAN_POINT('Ctrl Pts',(2.80191031990995,-8.4785843416729,2.9775080912676));
#3603=CARTESIAN_POINT('Ctrl Pts',(2.22566692388834,-8.53372164811203,2.88633086633719));
#3604=CARTESIAN_POINT('Ctrl Pts',(1.84560691738838,-8.56101927676033,2.8413707832381));
#3605=CARTESIAN_POINT('Ctrl Pts',(1.64824437379813,-8.57322485412873,2.82143223633411));
#3606=CARTESIAN_POINT('Ctrl Pts',(1.44087556335341,-8.58584793870335,2.80082920918831));
#3607=CARTESIAN_POINT('Ctrl Pts',(1.05374730280928,-8.60508113850107,2.76988706663301));
#3608=CARTESIAN_POINT('Ctrl Pts',(0.514908249294125,-8.62137212900954,2.74476336812052));
#3609=CARTESIAN_POINT('Ctrl Pts',(0.169237326647031,-8.62524671082511,2.73921555453681));
#3610=CARTESIAN_POINT('Ctrl Pts',(-9.95074102894707E-9,-8.62524622754737,
2.73921517869366));
#3611=CARTESIAN_POINT('Ctrl Pts',(5.36055962809477,-7.65352820076897,3.96064569826079));
#3612=CARTESIAN_POINT('Ctrl Pts',(5.35502320154028,-7.65695276362214,3.95721284824631));
#3613=CARTESIAN_POINT('Ctrl Pts',(5.3437906093712,-7.66356520884709,3.95045123546778));
#3614=CARTESIAN_POINT('Ctrl Pts',(5.32104640212325,-7.67637904406665,3.93711710680128));
#3615=CARTESIAN_POINT('Ctrl Pts',(5.28483806250909,-7.69577736312842,3.91652306973985));
#3616=CARTESIAN_POINT('Ctrl Pts',(5.23467578400416,-7.72101811743728,3.88906608606793));
#3617=CARTESIAN_POINT('Ctrl Pts',(5.15664616993588,-7.75788565049146,3.84800452612072));
#3618=CARTESIAN_POINT('Ctrl Pts',(4.99540175125674,-7.82792392517439,3.76753870957443));
#3619=CARTESIAN_POINT('Ctrl Pts',(4.72392971393893,-7.9269089852513,3.6466038604105));
#3620=CARTESIAN_POINT('Ctrl Pts',(4.33520749123921,-8.03948917717596,3.4992210504367));
#3621=CARTESIAN_POINT('Ctrl Pts',(3.87034718963132,-8.14516750151422,3.35239834223847));
#3622=CARTESIAN_POINT('Ctrl Pts',(3.34050312691847,-8.238366778054,3.21688629465762));
#3623=CARTESIAN_POINT('Ctrl Pts',(2.7687249576306,-8.31546799088965,3.10176760598117));
#3624=CARTESIAN_POINT('Ctrl Pts',(2.20058694340463,-8.37380671661711,3.01408487739107));
#3625=CARTESIAN_POINT('Ctrl Pts',(1.82514939637033,-8.40295354873764,2.97074609678793));
#3626=CARTESIAN_POINT('Ctrl Pts',(1.63007268366524,-8.4160215987738,2.95151421134278));
#3627=CARTESIAN_POINT('Ctrl Pts',(1.42509268146475,-8.42954136435347,2.9316390040839));
#3628=CARTESIAN_POINT('Ctrl Pts',(1.04218701465485,-8.45022550978427,2.90175881993211));
#3629=CARTESIAN_POINT('Ctrl Pts',(0.508991535483566,-8.46780166613407,2.87747572539496));
#3630=CARTESIAN_POINT('Ctrl Pts',(0.167188343237557,-8.47197831762951,2.87211277439954));
#3631=CARTESIAN_POINT('Ctrl Pts',(-9.88878489510681E-9,-8.47197831758039,
2.87211277444213));
#3632=CARTESIAN_POINT('',(-1.43325210912314E-15,-8.47197831758039,2.87211277444213));
#3633=CARTESIAN_POINT('Ctrl Pts',(-9.88878489510681E-9,-8.47197831758039,
2.87211277444213));
#3634=CARTESIAN_POINT('Ctrl Pts',(-9.95074102894707E-9,-8.62524622754737,
2.73921517869366));
#3635=CARTESIAN_POINT('Ctrl Pts',(-1.00156010789316E-8,-8.73886555160659,
2.54610692455594));
#3636=CARTESIAN_POINT('Ctrl Pts',(-1.0064960531686E-8,-8.78059597588636,
2.34758389095329));
#3637=CARTESIAN_POINT('Ctrl Pts',(5.36055962809477,-7.65352820076897,3.96064569826079));
#3638=CARTESIAN_POINT('Ctrl Pts',(5.35502320154028,-7.65695276362214,3.95721284824631));
#3639=CARTESIAN_POINT('Ctrl Pts',(5.3437906093712,-7.66356520884709,3.95045123546778));
#3640=CARTESIAN_POINT('Ctrl Pts',(5.32104640212325,-7.67637904406665,3.93711710680128));
#3641=CARTESIAN_POINT('Ctrl Pts',(5.28483806250909,-7.69577736312842,3.91652306973985));
#3642=CARTESIAN_POINT('Ctrl Pts',(5.23467578400416,-7.72101811743728,3.88906608606793));
#3643=CARTESIAN_POINT('Ctrl Pts',(5.15664616993588,-7.75788565049146,3.84800452612072));
#3644=CARTESIAN_POINT('Ctrl Pts',(4.99540175125674,-7.82792392517439,3.76753870957443));
#3645=CARTESIAN_POINT('Ctrl Pts',(4.72392971393893,-7.9269089852513,3.6466038604105));
#3646=CARTESIAN_POINT('Ctrl Pts',(4.33520749123921,-8.03948917717596,3.4992210504367));
#3647=CARTESIAN_POINT('Ctrl Pts',(3.87034718963132,-8.14516750151422,3.35239834223847));
#3648=CARTESIAN_POINT('Ctrl Pts',(3.34050312691847,-8.238366778054,3.21688629465762));
#3649=CARTESIAN_POINT('Ctrl Pts',(2.7687249576306,-8.31546799088965,3.10176760598117));
#3650=CARTESIAN_POINT('Ctrl Pts',(2.20058694340463,-8.37380671661711,3.01408487739107));
#3651=CARTESIAN_POINT('Ctrl Pts',(1.82514939637033,-8.40295354873764,2.97074609678793));
#3652=CARTESIAN_POINT('Ctrl Pts',(1.63007268366524,-8.4160215987738,2.95151421134278));
#3653=CARTESIAN_POINT('Ctrl Pts',(1.42509268146475,-8.42954136435347,2.9316390040839));
#3654=CARTESIAN_POINT('Ctrl Pts',(1.04218701465485,-8.45022550978427,2.90175881993211));
#3655=CARTESIAN_POINT('Ctrl Pts',(0.508991538721738,-8.46780166602733,2.87747572554244));
#3656=CARTESIAN_POINT('Ctrl Pts',(0.167188349686563,-8.47197831755071,2.87211277450072));
#3657=CARTESIAN_POINT('Ctrl Pts',(8.53673223580402E-16,-8.47197831758039,
2.87211277444213));
#3658=CARTESIAN_POINT('Ctrl Pts',(5.51910600554706E-11,-8.78059597588636,
2.34758389095328));
#3659=CARTESIAN_POINT('Ctrl Pts',(-0.141426048472238,-8.78059597589787,
2.34758389093842));
#3660=CARTESIAN_POINT('Ctrl Pts',(-0.434023644420825,-8.77831478803938,
2.35132177733174));
#3661=CARTESIAN_POINT('Ctrl Pts',(-0.885025011054283,-8.76872379064245,
2.36830020954367));
#3662=CARTESIAN_POINT('Ctrl Pts',(-1.31226545463262,-8.75396418136775,2.39565897459932));
#3663=CARTESIAN_POINT('Ctrl Pts',(-1.58832723481741,-8.74111278508281,2.42009914480262));
#3664=CARTESIAN_POINT('Ctrl Pts',(-1.75350694962938,-8.73252858527406,2.43653004599291));
#3665=CARTESIAN_POINT('Ctrl Pts',(-1.97119616310817,-8.72073004720699,2.4591620465095));
#3666=CARTESIAN_POINT('Ctrl Pts',(-2.36058649874491,-8.69559184963254,2.50775763919826));
#3667=CARTESIAN_POINT('Ctrl Pts',(-2.87257617942039,-8.65285671317563,2.59012357080384));
#3668=CARTESIAN_POINT('Ctrl Pts',(-3.38458627428575,-8.59816650101571,2.69361910892435));
#3669=CARTESIAN_POINT('Ctrl Pts',(-3.89212676758771,-8.52884470467616,2.82031617697655));
#3670=CARTESIAN_POINT('Ctrl Pts',(-4.39230110717019,-8.44099513697275,2.97298096839444));
#3671=CARTESIAN_POINT('Ctrl Pts',(-4.88198221470815,-8.32849506726728,3.15493724490578));
#3672=CARTESIAN_POINT('Ctrl Pts',(-5.26191733565093,-8.21243368849217,3.32629693606989));
#3673=CARTESIAN_POINT('Ctrl Pts',(-5.51300716008787,-8.1147027947392,3.45677242383272));
#3674=CARTESIAN_POINT('Ctrl Pts',(-5.62260883735913,-8.06688259413958,3.51688370375398));
#3675=CARTESIAN_POINT('Ctrl Pts',(-5.67950624299744,-8.04049396480425,3.54869922220044));
#3676=CARTESIAN_POINT('Ctrl Pts',(-5.71588685639329,-8.02315191619542,3.56861444236759));
#3677=CARTESIAN_POINT('Ctrl Pts',(-5.73541045084905,-8.01365485250696,3.57920533494042));
#3678=CARTESIAN_POINT('Ctrl Pts',(-5.75156282544126,-8.00604811976489,3.58680003231975));
#3679=CARTESIAN_POINT('Ctrl Pts',(3.97440474143566E-11,-8.73886555160659,
2.54610692455593));
#3680=CARTESIAN_POINT('Ctrl Pts',(-0.139818242068578,-8.73886566238625,
2.54610706537301));
#3681=CARTESIAN_POINT('Ctrl Pts',(-0.429276932694393,-8.73644521457597,
2.5498939641883));
#3682=CARTESIAN_POINT('Ctrl Pts',(-0.875571360978755,-8.72621804891654,
2.56704445259895));
#3683=CARTESIAN_POINT('Ctrl Pts',(-1.29819312492862,-8.71045862434291,2.5945996151936));
#3684=CARTESIAN_POINT('Ctrl Pts',(-1.57106035323682,-8.69674931430447,2.61913654972296));
#3685=CARTESIAN_POINT('Ctrl Pts',(-1.73425583000805,-8.68760056230126,2.63560593814782));
#3686=CARTESIAN_POINT('Ctrl Pts',(-1.94929165066647,-8.67503191402163,2.65827815398045));
#3687=CARTESIAN_POINT('Ctrl Pts',(-2.33358276574059,-8.64829574598583,2.7068391926139));
#3688=CARTESIAN_POINT('Ctrl Pts',(-2.83789778404624,-8.60306535633624,2.78874819418175));
#3689=CARTESIAN_POINT('Ctrl Pts',(-3.34098002319094,-8.54553938391372,2.89112061178289));
#3690=CARTESIAN_POINT('Ctrl Pts',(-3.83810018591963,-8.4731850420794,3.01571635826819));
#3691=CARTESIAN_POINT('Ctrl Pts',(-4.32612236623824,-8.38228063560911,3.16490210047256));
#3692=CARTESIAN_POINT('Ctrl Pts',(-4.80146124319042,-8.26709766848031,3.34143729791822));
#3693=CARTESIAN_POINT('Ctrl Pts',(-5.16785562051386,-8.14970733141866,3.50639265758755));
#3694=CARTESIAN_POINT('Ctrl Pts',(-5.4077194216431,-8.05236013716285,3.63112328404331));
#3695=CARTESIAN_POINT('Ctrl Pts',(-5.51132757621022,-8.00542168585888,3.68833400754071));
#3696=CARTESIAN_POINT('Ctrl Pts',(-5.56429532256792,-7.97998592083095,3.71843261403542));
#3697=CARTESIAN_POINT('Ctrl Pts',(-5.59753504170093,-7.96368864324874,3.73713599549735));
#3698=CARTESIAN_POINT('Ctrl Pts',(-5.61473772132904,-7.95512680281836,3.74692903952708));
#3699=CARTESIAN_POINT('Ctrl Pts',(-5.62856281096983,-7.94865143913617,3.75383428143506));
#3700=CARTESIAN_POINT('Ctrl Pts',(1.94346773406015E-11,-8.62524622754737,
2.73921517869366));
#3701=CARTESIAN_POINT('Ctrl Pts',(-0.137886056027416,-8.62524642733771,
2.73921539403808));
#3702=CARTESIAN_POINT('Ctrl Pts',(-0.423647204844018,-8.622603415895,2.74299236173309));
#3703=CARTESIAN_POINT('Ctrl Pts',(-0.864473858301806,-8.61140832170616,
2.76004809001586));
#3704=CARTESIAN_POINT('Ctrl Pts',(-1.28180548641825,-8.59416943711662,2.78737675591848));
#3705=CARTESIAN_POINT('Ctrl Pts',(-1.55103314439392,-8.57922137025921,2.81163635704438));
#3706=CARTESIAN_POINT('Ctrl Pts',(-1.71197104038374,-8.56926969119496,2.82789307648807));
#3707=CARTESIAN_POINT('Ctrl Pts',(-1.92398743998752,-8.55560653059563,2.85025983874558));
#3708=CARTESIAN_POINT('Ctrl Pts',(-2.30251018181029,-8.52664718151539,2.89805406885813));
#3709=CARTESIAN_POINT('Ctrl Pts',(-2.79814548554393,-8.47807143746418,2.97826861842533));
#3710=CARTESIAN_POINT('Ctrl Pts',(-3.29111454860949,-8.41693233150521,3.07795939395998));
#3711=CARTESIAN_POINT('Ctrl Pts',(-3.77642993140558,-8.3409216337759,3.19853873945397));
#3712=CARTESIAN_POINT('Ctrl Pts',(-4.25055057433021,-8.24666553707064,3.34186372887663));
#3713=CARTESIAN_POINT('Ctrl Pts',(-4.70951974283838,-8.12893911834596,3.51008784467245));
#3714=CARTESIAN_POINT('Ctrl Pts',(-5.05999879980665,-8.01095103501744,3.66563131545989));
#3715=CARTESIAN_POINT('Ctrl Pts',(-5.28640925582248,-7.91480448095792,3.78209564577901));
#3716=CARTESIAN_POINT('Ctrl Pts',(-5.38222701352785,-7.86924628601736,3.83492371537938));
#3717=CARTESIAN_POINT('Ctrl Pts',(-5.43048618284174,-7.84481100193683,3.86255613432224));
#3718=CARTESIAN_POINT('Ctrl Pts',(-5.45888142808779,-7.82993204275947,3.87913415791936));
#3719=CARTESIAN_POINT('Ctrl Pts',(-5.47390612677283,-7.82193250476692,3.88797958573123));
#3720=CARTESIAN_POINT('Ctrl Pts',(-5.48284848399106,-7.81727859496028,3.89315454148054));
#3721=CARTESIAN_POINT('Ctrl Pts',(2.5882074261574E-14,-8.4719783175804,
2.87211277444213));
#3722=CARTESIAN_POINT('Ctrl Pts',(-0.136190672181517,-8.47197831759317,
2.87211277443105));
#3723=CARTESIAN_POINT('Ctrl Pts',(-0.418722296640966,-8.46912954416497,
2.87576371329247));
#3724=CARTESIAN_POINT('Ctrl Pts',(-0.854885943341379,-8.45705089973522,
2.8922495554939));
#3725=CARTESIAN_POINT('Ctrl Pts',(-1.26777413258826,-8.43848288582122,2.91865123870807));
#3726=CARTESIAN_POINT('Ctrl Pts',(-1.53398407365935,-8.42244193558368,2.94206524678334));
#3727=CARTESIAN_POINT('Ctrl Pts',(-1.69305854628442,-8.41178674938993,2.95774610565132));
#3728=CARTESIAN_POINT('Ctrl Pts',(-1.90258839624406,-8.39717082061043,2.97931618237309));
#3729=CARTESIAN_POINT('Ctrl Pts',(-2.27637504172442,-8.36630627580253,3.0253645185883));
#3730=CARTESIAN_POINT('Ctrl Pts',(-2.76493102517501,-8.31496931446848,3.10248086947503));
#3731=CARTESIAN_POINT('Ctrl Pts',(-3.24967378775351,-8.25098274118194,3.19805675475718));
#3732=CARTESIAN_POINT('Ctrl Pts',(-3.72532332174522,-8.17230300794381,3.31324175081035));
#3733=CARTESIAN_POINT('Ctrl Pts',(-4.18801885777661,-8.07588783663424,3.44953899793301));
#3734=CARTESIAN_POINT('Ctrl Pts',(-4.63315514893712,-7.95707899483735,3.60849276921783));
#3735=CARTESIAN_POINT('Ctrl Pts',(-4.97011007659503,-7.83975462539995,3.75425635469773));
#3736=CARTESIAN_POINT('Ctrl Pts',(-5.18473254874978,-7.74557329638668,3.86211500036175));
#3737=CARTESIAN_POINT('Ctrl Pts',(-5.27396301292348,-7.70149330315138,3.91040927051382));
#3738=CARTESIAN_POINT('Ctrl Pts',(-5.31772148197172,-7.6782129890018,3.9351924797109));
#3739=CARTESIAN_POINT('Ctrl Pts',(-5.34237947916338,-7.66438720511584,3.94960714847685));
#3740=CARTESIAN_POINT('Ctrl Pts',(-5.35456065240802,-7.65723884544389,3.95692606265772));
#3741=CARTESIAN_POINT('Ctrl Pts',(-5.36055960647021,-7.65352818556762,3.96064570196074));
#3742=CARTESIAN_POINT('',(-5.36055960645854,-7.65352818557484,3.96064570195351));
#3743=CARTESIAN_POINT('Ctrl Pts',(-5.36055960647021,-7.65352818556762,3.96064570196074));
#3744=CARTESIAN_POINT('Ctrl Pts',(-5.48284848399106,-7.81727859496028,3.89315454148054));
#3745=CARTESIAN_POINT('Ctrl Pts',(-5.62856281096983,-7.94865143913617,3.75383428143506));
#3746=CARTESIAN_POINT('Ctrl Pts',(-5.75156282544126,-8.00604811976489,3.58680003231975));
#3747=CARTESIAN_POINT('Ctrl Pts',(2.5882074261574E-14,-8.4719783175804,
2.87211277444213));
#3748=CARTESIAN_POINT('Ctrl Pts',(-0.136190672181517,-8.47197831759317,
2.87211277443105));
#3749=CARTESIAN_POINT('Ctrl Pts',(-0.418722296640966,-8.46912954416497,
2.87576371329247));
#3750=CARTESIAN_POINT('Ctrl Pts',(-0.854885943341379,-8.45705089973522,
2.8922495554939));
#3751=CARTESIAN_POINT('Ctrl Pts',(-1.26777413258826,-8.43848288582122,2.91865123870807));
#3752=CARTESIAN_POINT('Ctrl Pts',(-1.53398407365935,-8.42244193558368,2.94206524678334));
#3753=CARTESIAN_POINT('Ctrl Pts',(-1.69305854628442,-8.41178674938993,2.95774610565132));
#3754=CARTESIAN_POINT('Ctrl Pts',(-1.90258839624406,-8.39717082061043,2.97931618237309));
#3755=CARTESIAN_POINT('Ctrl Pts',(-2.27637504172442,-8.36630627580253,3.0253645185883));
#3756=CARTESIAN_POINT('Ctrl Pts',(-2.76493102517501,-8.31496931446848,3.10248086947503));
#3757=CARTESIAN_POINT('Ctrl Pts',(-3.24967378775351,-8.25098274118194,3.19805675475718));
#3758=CARTESIAN_POINT('Ctrl Pts',(-3.72532332174522,-8.17230300794381,3.31324175081035));
#3759=CARTESIAN_POINT('Ctrl Pts',(-4.18801885777661,-8.07588783663424,3.44953899793301));
#3760=CARTESIAN_POINT('Ctrl Pts',(-4.63315514893712,-7.95707899483735,3.60849276921783));
#3761=CARTESIAN_POINT('Ctrl Pts',(-4.97011007659503,-7.83975462539995,3.75425635469773));
#3762=CARTESIAN_POINT('Ctrl Pts',(-5.18473254874978,-7.74557329638668,3.86211500036175));
#3763=CARTESIAN_POINT('Ctrl Pts',(-5.27396301292348,-7.70149330315138,3.91040927051382));
#3764=CARTESIAN_POINT('Ctrl Pts',(-5.31772148197172,-7.6782129890018,3.9351924797109));
#3765=CARTESIAN_POINT('Ctrl Pts',(-5.34237947916338,-7.66438720511584,3.94960714847685));
#3766=CARTESIAN_POINT('Ctrl Pts',(-5.35456065240802,-7.65723884544389,3.95692606265772));
#3767=CARTESIAN_POINT('Ctrl Pts',(-5.36055960647021,-7.65352818556762,3.96064570196074));
#3768=CARTESIAN_POINT('Ctrl Pts',(-5.75156282543629,-8.00604811976208,3.58680003232747));
#3769=CARTESIAN_POINT('Ctrl Pts',(-5.77002633320277,-7.996785340913,3.59658827360434));
#3770=CARTESIAN_POINT('Ctrl Pts',(-5.78817721409722,-7.98724334922604,3.60635592031272));
#3771=CARTESIAN_POINT('Ctrl Pts',(-5.8173183364065,-7.97124123637384,3.6222683489916));
#3772=CARTESIAN_POINT('Ctrl Pts',(-5.83114700188917,-7.96343723717331,3.62988875058977));
#3773=CARTESIAN_POINT('Ctrl Pts',(-5.84477656222879,-7.95549327063921,3.63748344067663));
#3774=CARTESIAN_POINT('Ctrl Pts',(-5.91390251465241,-7.91495805593075,3.67608386263819));
#3775=CARTESIAN_POINT('Ctrl Pts',(-6.04181715676499,-7.8273030814866,3.75174212963676));
#3776=CARTESIAN_POINT('Ctrl Pts',(-6.20787040894628,-7.68150059386779,3.86136206176728));
#3777=CARTESIAN_POINT('Ctrl Pts',(-6.3544910049456,-7.52387494904957,3.96887076013923));
#3778=CARTESIAN_POINT('Ctrl Pts',(-6.48412522781155,-7.35914899847523,4.07342979423855));
#3779=CARTESIAN_POINT('Ctrl Pts',(-6.60007551775799,-7.18944231221968,4.17526437773967));
#3780=CARTESIAN_POINT('Ctrl Pts',(-6.70486054246211,-7.01632908961006,4.27451992783722));
#3781=CARTESIAN_POINT('Ctrl Pts',(-6.80080655340077,-6.84024497293638,4.37179771363864));
#3782=CARTESIAN_POINT('Ctrl Pts',(-6.88967497737128,-6.66101543512434,4.46788944297047));
#3783=CARTESIAN_POINT('Ctrl Pts',(-6.97250402401811,-6.4787226892177,4.56346501607745));
#3784=CARTESIAN_POINT('Ctrl Pts',(-7.03607544332792,-6.32680687358373,4.64209828713102));
#3785=CARTESIAN_POINT('Ctrl Pts',(-7.07187598726744,-6.23615562065128,4.68899782131643));
#3786=CARTESIAN_POINT('Ctrl Pts',(-7.0833990789983,-6.20642505160383,4.70440418673016));
#3787=CARTESIAN_POINT('Ctrl Pts',(-5.69006281819958,-7.97734977944837,3.6703171568822));
#3788=CARTESIAN_POINT('Ctrl Pts',(-5.70742065989908,-7.96857939104241,3.67976328249305));
#3789=CARTESIAN_POINT('Ctrl Pts',(-5.72449005138215,-7.9595483689911,3.68921946855218));
#3790=CARTESIAN_POINT('Ctrl Pts',(-5.75190882773579,-7.94440409913277,3.70467257273897));
#3791=CARTESIAN_POINT('Ctrl Pts',(-5.76492339315623,-7.93701905484654,3.71208732401563));
#3792=CARTESIAN_POINT('Ctrl Pts',(-5.77775669501385,-7.92950091176599,3.71949513878963));
#3793=CARTESIAN_POINT('Ctrl Pts',(-5.84284379272421,-7.89114025652184,3.75715965810272));
#3794=CARTESIAN_POINT('Ctrl Pts',(-5.96357859999948,-7.80813572247181,3.83185947235545));
#3795=CARTESIAN_POINT('Ctrl Pts',(-6.1212587397548,-7.66930620767361,3.94203660495583));
#3796=CARTESIAN_POINT('Ctrl Pts',(-6.26139956896563,-7.51821132792188,4.05147110966454));
#3797=CARTESIAN_POINT('Ctrl Pts',(-6.38607565913273,-7.35932893888219,4.15882298019558));
#3798=CARTESIAN_POINT('Ctrl Pts',(-6.49822995615233,-7.19476348499093,4.263982757151));
#3799=CARTESIAN_POINT('Ctrl Pts',(-6.60010599521813,-7.02614193064961,4.36686005262775));
#3800=CARTESIAN_POINT('Ctrl Pts',(-6.69381740501171,-6.85397896342023,4.46789746569374));
#3801=CARTESIAN_POINT('Ctrl Pts',(-6.78097587711629,-6.67815166004437,4.56776581931611));
#3802=CARTESIAN_POINT('Ctrl Pts',(-6.86251328180745,-6.49873646064134,4.6670051394344));
#3803=CARTESIAN_POINT('Ctrl Pts',(-6.92529311100011,-6.34870185992255,4.74842676531861));
#3804=CARTESIAN_POINT('Ctrl Pts',(-6.96071197620503,-6.25890888711374,4.79681226026016));
#3805=CARTESIAN_POINT('Ctrl Pts',(-6.97211805824352,-6.22942777895314,4.81268258151444));
#3806=CARTESIAN_POINT('Ctrl Pts',(-5.5556893464508,-7.88540290814006,3.82577618579409));
#3807=CARTESIAN_POINT('Ctrl Pts',(-5.57042812936155,-7.8776283824623,3.83432650503429));
#3808=CARTESIAN_POINT('Ctrl Pts',(-5.58492524531038,-7.86961695966455,3.84294846422572));
#3809=CARTESIAN_POINT('Ctrl Pts',(-5.60821952531094,-7.85616794090264,3.85713314114586));
#3810=CARTESIAN_POINT('Ctrl Pts',(-5.61927961154905,-7.84960492840785,3.86396954264268));
#3811=CARTESIAN_POINT('Ctrl Pts',(-5.63018911307233,-7.84291705486773,3.8708345458635));
#3812=CARTESIAN_POINT('Ctrl Pts',(-5.68552765016312,-7.80878426882614,3.90577554678456));
#3813=CARTESIAN_POINT('Ctrl Pts',(-5.78840698055546,-7.73457010165421,3.97682123654593));
#3814=CARTESIAN_POINT('Ctrl Pts',(-5.92379543195186,-7.60861192109802,4.0855715471564));
#3815=CARTESIAN_POINT('Ctrl Pts',(-6.04517119535997,-7.4695045756258,4.19646252189354));
#3816=CARTESIAN_POINT('Ctrl Pts',(-6.15407202035762,-7.32135660027109,4.30726072152204));
#3817=CARTESIAN_POINT('Ctrl Pts',(-6.25280261364506,-7.16627912299893,4.41721705201305));
#3818=CARTESIAN_POINT('Ctrl Pts',(-6.34312444068516,-7.00600058529878,4.52577491715265));
#3819=CARTESIAN_POINT('Ctrl Pts',(-6.42675915890333,-6.84118183375726,4.63303871240445));
#3820=CARTESIAN_POINT('Ctrl Pts',(-6.50506594664919,-6.67178870500812,4.73941263169264));
#3821=CARTESIAN_POINT('Ctrl Pts',(-6.57886794205736,-6.49786758222367,4.84515075992092));
#3822=CARTESIAN_POINT('Ctrl Pts',(-6.63620567598054,-6.35144417863517,4.93162325385294));
#3823=CARTESIAN_POINT('Ctrl Pts',(-6.66883402942365,-6.26328087698914,4.98272107172945));
#3824=CARTESIAN_POINT('Ctrl Pts',(-6.6793762790964,-6.23427003571902,4.99943992187512));
#3825=CARTESIAN_POINT('Ctrl Pts',(-5.42170404522029,-7.73540339026887,3.92690012171496));
#3826=CARTESIAN_POINT('Ctrl Pts',(-5.43353801589434,-7.72851594632049,3.93411514187082));
#3827=CARTESIAN_POINT('Ctrl Pts',(-5.44517841886351,-7.72138643520837,3.94143368085066));
#3828=CARTESIAN_POINT('Ctrl Pts',(-5.46388464817575,-7.70936700942867,3.95354002981554));
#3829=CARTESIAN_POINT('Ctrl Pts',(-5.47276801845408,-7.70348571451177,3.95939577875981));
#3830=CARTESIAN_POINT('Ctrl Pts',(-5.48153180513643,-7.69747352042511,3.96530043538545));
#3831=CARTESIAN_POINT('Ctrl Pts',(-5.52599268586858,-7.66676951530731,3.99537952919239));
#3832=CARTESIAN_POINT('Ctrl Pts',(-5.60876671030512,-7.59907015300397,4.0577584326097));
#3833=CARTESIAN_POINT('Ctrl Pts',(-5.71835085852428,-7.48158783671158,4.15618371525534));
#3834=CARTESIAN_POINT('Ctrl Pts',(-5.81726305104198,-7.34968585325576,4.25879755710498));
#3835=CARTESIAN_POINT('Ctrl Pts',(-5.90658117579889,-7.20748484761989,4.36299552697658));
#3836=CARTESIAN_POINT('Ctrl Pts',(-5.98801201536197,-7.05725810755414,4.4676417857242));
#3837=CARTESIAN_POINT('Ctrl Pts',(-6.06287410705384,-6.90091096552639,4.571873332987));
#3838=CARTESIAN_POINT('Ctrl Pts',(-6.13252756283849,-6.73928120591706,4.67553534656502));
#3839=CARTESIAN_POINT('Ctrl Pts',(-6.19812567764018,-6.57245780412866,4.77884003041437));
#3840=CARTESIAN_POINT('Ctrl Pts',(-6.26048515830322,-6.40052830565969,4.88191134675405));
#3841=CARTESIAN_POINT('Ctrl Pts',(-6.30960331269478,-6.25522270108932,4.96645625308454));
#3842=CARTESIAN_POINT('Ctrl Pts',(-6.33801046637412,-6.16742856140244,5.01651691220816));
#3843=CARTESIAN_POINT('Ctrl Pts',(-6.34725010176129,-6.13850149395282,5.03290766188643));
#3844=CARTESIAN_POINT('Ctrl Pts',(-5.36055960645854,-7.65352818557484,3.96064570195351));
#3845=CARTESIAN_POINT('Ctrl Pts',(-5.37102592087904,-7.64705423485481,3.96713531898864));
#3846=CARTESIAN_POINT('Ctrl Pts',(-5.3813246425991,-7.64033280802608,3.97373498422423));
#3847=CARTESIAN_POINT('Ctrl Pts',(-5.39788461006222,-7.6289696959728,3.98468043566348));
#3848=CARTESIAN_POINT('Ctrl Pts',(-5.40575108987728,-7.62340006635695,3.98998302320138));
#3849=CARTESIAN_POINT('Ctrl Pts',(-5.41351609539957,-7.61769476905443,3.99534065318046));
#3850=CARTESIAN_POINT('Ctrl Pts',(-5.45290988168637,-7.58854842415575,4.02264110436239));
#3851=CARTESIAN_POINT('Ctrl Pts',(-5.52646574410613,-7.52371848582212,4.07978391436941));
#3852=CARTESIAN_POINT('Ctrl Pts',(-5.62456022217135,-7.4098046475876,4.17133405108578));
#3853=CARTESIAN_POINT('Ctrl Pts',(-5.71378139656384,-7.28081764668699,4.26791911684259));
#3854=CARTESIAN_POINT('Ctrl Pts',(-5.79490725421841,-7.14093733154857,4.36687519655509));
#3855=CARTESIAN_POINT('Ctrl Pts',(-5.86931800659432,-6.99253729343314,4.46693472593389));
#3856=CARTESIAN_POINT('Ctrl Pts',(-5.93808747491124,-6.8376200246382,4.5671152020185));
#3857=CARTESIAN_POINT('Ctrl Pts',(-6.00238362904682,-6.6771127920111,4.66714934782312));
#3858=CARTESIAN_POINT('Ctrl Pts',(-6.06324354750635,-6.51116859432886,4.7671686846533));
#3859=CARTESIAN_POINT('Ctrl Pts',(-6.12145247109074,-6.33990502029744,4.86726154262811));
#3860=CARTESIAN_POINT('Ctrl Pts',(-6.16767594415327,-6.19496307185149,4.94961692711428));
#3861=CARTESIAN_POINT('Ctrl Pts',(-6.19463226856347,-6.10728185109213,4.99851102498778));
#3862=CARTESIAN_POINT('Ctrl Pts',(-6.20342913661028,-6.07837816274796,5.01453603022924));
#3863=CARTESIAN_POINT('',(-6.20342913661028,-6.07837816274795,5.01453603022925));
#3864=CARTESIAN_POINT('Ctrl Pts',(-6.20342913661028,-6.07837816274796,5.01453603022924));
#3865=CARTESIAN_POINT('Ctrl Pts',(-6.34725010176129,-6.13850149395282,5.03290766188643));
#3866=CARTESIAN_POINT('Ctrl Pts',(-6.6793762790964,-6.23427003571902,4.99943992187512));
#3867=CARTESIAN_POINT('Ctrl Pts',(-6.97211805824352,-6.22942777895314,4.81268258151444));
#3868=CARTESIAN_POINT('Ctrl Pts',(-7.0833990789983,-6.20642505160383,4.70440418673016));
#3869=CARTESIAN_POINT('Ctrl Pts',(-5.36055960645854,-7.65352818557484,3.96064570195351));
#3870=CARTESIAN_POINT('Ctrl Pts',(-5.37102592087904,-7.64705423485481,3.96713531898864));
#3871=CARTESIAN_POINT('Ctrl Pts',(-5.3813246425991,-7.64033280802608,3.97373498422423));
#3872=CARTESIAN_POINT('Ctrl Pts',(-5.39788461006222,-7.6289696959728,3.98468043566348));
#3873=CARTESIAN_POINT('Ctrl Pts',(-5.40575108987728,-7.62340006635695,3.98998302320138));
#3874=CARTESIAN_POINT('Ctrl Pts',(-5.41351609539957,-7.61769476905443,3.99534065318046));
#3875=CARTESIAN_POINT('Ctrl Pts',(-5.45290988168637,-7.58854842415575,4.02264110436239));
#3876=CARTESIAN_POINT('Ctrl Pts',(-5.52646574410613,-7.52371848582212,4.07978391436941));
#3877=CARTESIAN_POINT('Ctrl Pts',(-5.62456022217135,-7.4098046475876,4.17133405108578));
#3878=CARTESIAN_POINT('Ctrl Pts',(-5.71378139656384,-7.28081764668699,4.26791911684259));
#3879=CARTESIAN_POINT('Ctrl Pts',(-5.79490725421841,-7.14093733154857,4.36687519655509));
#3880=CARTESIAN_POINT('Ctrl Pts',(-5.86931800659432,-6.99253729343314,4.46693472593389));
#3881=CARTESIAN_POINT('Ctrl Pts',(-5.93808747491124,-6.8376200246382,4.5671152020185));
#3882=CARTESIAN_POINT('Ctrl Pts',(-6.00238362904682,-6.6771127920111,4.66714934782312));
#3883=CARTESIAN_POINT('Ctrl Pts',(-6.06324354750635,-6.51116859432886,4.7671686846533));
#3884=CARTESIAN_POINT('Ctrl Pts',(-6.12145247109074,-6.33990502029744,4.86726154262811));
#3885=CARTESIAN_POINT('Ctrl Pts',(-6.16767594415327,-6.19496307185149,4.94961692711428));
#3886=CARTESIAN_POINT('Ctrl Pts',(-6.19463226856347,-6.10728185109213,4.99851102498778));
#3887=CARTESIAN_POINT('Ctrl Pts',(-6.20342913661028,-6.07837816274796,5.01453603022924));
#3888=CARTESIAN_POINT('Ctrl Pts',(-7.08339907895608,-6.20642505163638,4.70440418674806));
#3889=CARTESIAN_POINT('Ctrl Pts',(-7.12335916742488,-6.13875481075932,4.72055845198807));
#3890=CARTESIAN_POINT('Ctrl Pts',(-7.16392710356689,-6.03527470837342,4.76158366919323));
#3891=CARTESIAN_POINT('Ctrl Pts',(-7.22152123272426,-5.86699341537973,4.82864244738757));
#3892=CARTESIAN_POINT('Ctrl Pts',(-7.29342902235242,-5.6202680186859,4.92750839438005));
#3893=CARTESIAN_POINT('Ctrl Pts',(-7.37620971503713,-5.28512816999193,5.05853633067298));
#3894=CARTESIAN_POINT('Ctrl Pts',(-7.44131362563525,-4.94728906781548,5.18710738778869));
#3895=CARTESIAN_POINT('Ctrl Pts',(-7.47663907275234,-4.72641425937567,5.26911774180062));
#3896=CARTESIAN_POINT('Ctrl Pts',(-7.50009256111939,-4.56959318140969,5.3269697862481));
#3897=CARTESIAN_POINT('Ctrl Pts',(-7.53393054423364,-4.32412359371133,5.4166231302541));
#3898=CARTESIAN_POINT('Ctrl Pts',(-7.5693318197011,-3.99725984122711,5.53276806900026));
#3899=CARTESIAN_POINT('Ctrl Pts',(-7.59672301795574,-3.6800207036595,5.64208138769706));
#3900=CARTESIAN_POINT('Ctrl Pts',(-7.61858497546014,-3.38163322669835,5.74273481567578));
#3901=CARTESIAN_POINT('Ctrl Pts',(-7.632839976442,-3.14028071502079,5.82117405597291));
#3902=CARTESIAN_POINT('Ctrl Pts',(-7.64629477579152,-2.89264912520282,5.89758578998223));
#3903=CARTESIAN_POINT('Ctrl Pts',(-7.65189441079574,-2.78392591118036,5.92992094779857));
#3904=CARTESIAN_POINT('Ctrl Pts',(-7.66043387592059,-2.61499297398458,5.97849103593178));
#3905=CARTESIAN_POINT('Ctrl Pts',(-7.67304280305791,-2.35857486257669,6.04981272072805));
#3906=CARTESIAN_POINT('Ctrl Pts',(-7.6931941966314,-1.92934771360241,6.15660048658079));
#3907=CARTESIAN_POINT('Ctrl Pts',(-7.71192540987062,-1.48307085334886,6.25371536133413));
#3908=CARTESIAN_POINT('Ctrl Pts',(-7.72164175337604,-1.20853664457199,6.30858489961049));
#3909=CARTESIAN_POINT('Ctrl Pts',(-7.72555285464637,-1.08990987715438,6.33152399641251));
#3910=CARTESIAN_POINT('Ctrl Pts',(-7.72780613816771,-1.02064299097568,6.34484906622309));
#3911=CARTESIAN_POINT('Ctrl Pts',(-7.73493307424106,-0.78956994304096,6.38829780284142));
#3912=CARTESIAN_POINT('Ctrl Pts',(-7.74059064024884,-0.574733542781496,
6.42552569638762));
#3913=CARTESIAN_POINT('Ctrl Pts',(-7.74432000904262,-0.404339187960078,
6.45330281962495));
#3914=CARTESIAN_POINT('Ctrl Pts',(-7.7444652271215,-0.396638021367147,6.4545930621735));
#3915=CARTESIAN_POINT('Ctrl Pts',(-7.74461981689351,-0.389311700574066,
6.4557801231989));
#3916=CARTESIAN_POINT('Ctrl Pts',(-6.8645110318755,-6.25761274167558,4.92785483741234));
#3917=CARTESIAN_POINT('Ctrl Pts',(-6.903282372246,-6.20284221639079,4.95214008592392));
#3918=CARTESIAN_POINT('Ctrl Pts',(-6.94401963979383,-6.10610912396818,5.00055688697545));
#3919=CARTESIAN_POINT('Ctrl Pts',(-7.00250054065558,-5.94643788567292,5.07859075474964));
#3920=CARTESIAN_POINT('Ctrl Pts',(-7.07676188971758,-5.70869410446193,5.19172281151605));
#3921=CARTESIAN_POINT('Ctrl Pts',(-7.16370402251433,-5.38317963070871,5.34013057516523));
#3922=CARTESIAN_POINT('Ctrl Pts',(-7.23356665624665,-5.05153258489159,5.48315550836411));
#3923=CARTESIAN_POINT('Ctrl Pts',(-7.27184528946103,-4.83350021750833,5.57326122190492));
#3924=CARTESIAN_POINT('Ctrl Pts',(-7.29736412222721,-4.67837520429582,5.63654609261443));
#3925=CARTESIAN_POINT('Ctrl Pts',(-7.3343269193786,-4.43508275457955,5.7341526810185));
#3926=CARTESIAN_POINT('Ctrl Pts',(-7.37340113331811,-4.1094805711434,5.85896051615545));
#3927=CARTESIAN_POINT('Ctrl Pts',(-7.40383717948721,-3.79240328689493,5.97530381780992));
#3928=CARTESIAN_POINT('Ctrl Pts',(-7.42828446790962,-3.49361278185164,6.08179372698495));
#3929=CARTESIAN_POINT('Ctrl Pts',(-7.44432519543426,-3.24973234285934,6.16510268825654));
#3930=CARTESIAN_POINT('Ctrl Pts',(-7.45910409888647,-2.99790432889345,6.2475491585842));
#3931=CARTESIAN_POINT('Ctrl Pts',(-7.46512978676886,-2.88712971729168,6.28276487933453));
#3932=CARTESIAN_POINT('Ctrl Pts',(-7.47412002059773,-2.71487841507851,6.33617756058487));
#3933=CARTESIAN_POINT('Ctrl Pts',(-7.48711312303616,-2.45332860093027,6.41529667597249));
#3934=CARTESIAN_POINT('Ctrl Pts',(-7.50641388753754,-2.01662083796595,6.53730114232838));
#3935=CARTESIAN_POINT('Ctrl Pts',(-7.52302424296421,-1.56610350490172,6.65145520337096));
#3936=CARTESIAN_POINT('Ctrl Pts',(-7.53128385723673,-1.28998890033178,6.71684361948394));
#3937=CARTESIAN_POINT('Ctrl Pts',(-7.53455882388156,-1.17059986929135,6.74439308212197));
#3938=CARTESIAN_POINT('Ctrl Pts',(-7.5364406704014,-1.10088618769228,6.76041291058668));
#3939=CARTESIAN_POINT('Ctrl Pts',(-7.54232600545306,-0.8681883806703,6.8129401859688));
#3940=CARTESIAN_POINT('Ctrl Pts',(-7.546795743749,-0.651020242098627,6.85910210936145));
#3941=CARTESIAN_POINT('Ctrl Pts',(-7.54959097024737,-0.480507286142176,
6.89374664692847));
#3942=CARTESIAN_POINT('Ctrl Pts',(-7.54969071313313,-0.472850643387244,
6.89531475225356));
#3943=CARTESIAN_POINT('Ctrl Pts',(-7.54980600988106,-0.465542887040459,
6.89679327144381));
#3944=CARTESIAN_POINT('Ctrl Pts',(-6.49125550550512,-6.20329928547437,5.05940299481923));
#3945=CARTESIAN_POINT('Ctrl Pts',(-6.51164253137366,-6.16419033835767,5.08538813680827));
#3946=CARTESIAN_POINT('Ctrl Pts',(-6.54006244398512,-6.07475090523942,5.13719536813254));
#3947=CARTESIAN_POINT('Ctrl Pts',(-6.58133142416537,-5.92429363060936,5.22090396722254));
#3948=CARTESIAN_POINT('Ctrl Pts',(-6.63495929440473,-5.69648895618143,5.34228924956453));
#3949=CARTESIAN_POINT('Ctrl Pts',(-6.69747896894507,-5.38327302817358,5.50116602142413));
#3950=CARTESIAN_POINT('Ctrl Pts',(-6.74792084364063,-5.06211841550411,5.65321996584871));
#3951=CARTESIAN_POINT('Ctrl Pts',(-6.77551856996721,-4.85026889216976,5.74836552901664));
#3952=CARTESIAN_POINT('Ctrl Pts',(-6.79397373880057,-4.69927271712502,5.81505300779481));
#3953=CARTESIAN_POINT('Ctrl Pts',(-6.8206947360777,-4.46213139878623,5.91762683496758));
#3954=CARTESIAN_POINT('Ctrl Pts',(-6.84904807371797,-4.14330966709533,6.04782994881748));
#3955=CARTESIAN_POINT('Ctrl Pts',(-6.87111195710319,-3.83164835347882,6.16852995962863));
#3956=CARTESIAN_POINT('Ctrl Pts',(-6.88882909105164,-3.53725949028709,6.27864030845563));
#3957=CARTESIAN_POINT('Ctrl Pts',(-6.90012539802717,-3.29630394355509,6.36460224925088));
#3958=CARTESIAN_POINT('Ctrl Pts',(-6.90914926300115,-3.04724545239788,6.45023220926785));
#3959=CARTESIAN_POINT('Ctrl Pts',(-6.9123565860344,-2.93763192312437,6.48699523710817));
#3960=CARTESIAN_POINT('Ctrl Pts',(-6.91643732637158,-2.76716048778906,6.54308228493971));
#3961=CARTESIAN_POINT('Ctrl Pts',(-6.92128570888059,-2.50826064392865,6.62661595720537));
#3962=CARTESIAN_POINT('Ctrl Pts',(-6.92298655970434,-2.0759601909607,6.7580837084676));
#3963=CARTESIAN_POINT('Ctrl Pts',(-6.91828346897205,-1.63008632418456,6.88390980180425));
#3964=CARTESIAN_POINT('Ctrl Pts',(-6.91318092180996,-1.35690960270572,6.95681049317329));
#3965=CARTESIAN_POINT('Ctrl Pts',(-6.91061309295201,-1.23883309547785,6.98767093996886));
#3966=CARTESIAN_POINT('Ctrl Pts',(-6.90908249273704,-1.16988900763872,7.00562812397899));
#3967=CARTESIAN_POINT('Ctrl Pts',(-6.90350400227867,-0.939821345929048,
7.06470035500054));
#3968=CARTESIAN_POINT('Ctrl Pts',(-6.89682490327842,-0.725373504130567,
7.11731532730798));
#3969=CARTESIAN_POINT('Ctrl Pts',(-6.89081540787094,-0.557301538172151,
7.15717755679137));
#3970=CARTESIAN_POINT('Ctrl Pts',(-6.89055081394566,-0.549932502626233,
7.1589234451656));
#3971=CARTESIAN_POINT('Ctrl Pts',(-6.89028860131171,-0.542742139363428,
7.16062406348021));
#3972=CARTESIAN_POINT('Ctrl Pts',(-6.20342913661798,-6.07837816272268,5.01453603024326));
#3973=CARTESIAN_POINT('Ctrl Pts',(-6.21178831883133,-6.04892841822742,5.03067128638803));
#3974=CARTESIAN_POINT('Ctrl Pts',(-6.23295572491971,-5.96306866616263,5.07649248950991));
#3975=CARTESIAN_POINT('Ctrl Pts',(-6.26437990785482,-5.81680887058986,5.15206010818132));
#3976=CARTESIAN_POINT('Ctrl Pts',(-6.30677338589635,-5.59314859058753,5.26378985832971));
#3977=CARTESIAN_POINT('Ctrl Pts',(-6.35639347459756,-5.2855873405409,5.41082369587168));
#3978=CARTESIAN_POINT('Ctrl Pts',(-6.39703721502458,-4.97012973661418,5.55282027554183));
#3979=CARTESIAN_POINT('Ctrl Pts',(-6.4193417632725,-4.76215174110052,5.64213362800875));
#3980=CARTESIAN_POINT('Ctrl Pts',(-6.43433792399259,-4.61384912878989,5.70490083189523));
#3981=CARTESIAN_POINT('Ctrl Pts',(-6.45608248023015,-4.38095915269427,5.80165651855339));
#3982=CARTESIAN_POINT('Ctrl Pts',(-6.4793669774021,-4.0676134968868,5.92537812070662));
#3983=CARTESIAN_POINT('Ctrl Pts',(-6.49753125538728,-3.76100963105917,6.04077541963104));
#3984=CARTESIAN_POINT('Ctrl Pts',(-6.51215429237408,-3.47116915676512,6.14647538773874));
#3985=CARTESIAN_POINT('Ctrl Pts',(-6.52112356305788,-3.2354261069205,6.22872378245611));
#3986=CARTESIAN_POINT('Ctrl Pts',(-6.52702245854879,-2.99307116744519,6.31008933017655));
#3987=CARTESIAN_POINT('Ctrl Pts',(-6.52863845639238,-2.88654988835476,6.34492572079063));
#3988=CARTESIAN_POINT('Ctrl Pts',(-6.52987226377057,-2.72098332203632,6.39793936695212));
#3989=CARTESIAN_POINT('Ctrl Pts',(-6.52990551079135,-2.46956332831072,6.4767477288189));
#3990=CARTESIAN_POINT('Ctrl Pts',(-6.52074767087778,-2.0486066394424,6.6002967808545));
#3991=CARTESIAN_POINT('Ctrl Pts',(-6.50219736882225,-1.61106809955408,6.71872815150876));
#3992=CARTESIAN_POINT('Ctrl Pts',(-6.488153481242,-1.34208483618876,6.78746505804628));
#3993=CARTESIAN_POINT('Ctrl Pts',(-6.48167240214976,-1.22593772294427,6.81651586430295));
#3994=CARTESIAN_POINT('Ctrl Pts',(-6.47785366331511,-1.1581250235996,6.83341798778734));
#3995=CARTESIAN_POINT('Ctrl Pts',(-6.46458367871443,-0.932021653079839,
6.88894897896251));
#3996=CARTESIAN_POINT('Ctrl Pts',(-6.45048301039268,-0.72231847830683,6.93804965609596));
#3997=CARTESIAN_POINT('Ctrl Pts',(-6.43836097240317,-0.556576386946974,
6.97552918722783));
#3998=CARTESIAN_POINT('Ctrl Pts',(-6.43785039887897,-0.549437635578207,
6.97714531966206));
#3999=CARTESIAN_POINT('Ctrl Pts',(-6.43732482867819,-0.542336009477005,
6.97874535153798));
#4000=CARTESIAN_POINT('',(-6.44618867612165,-0.665662764275606,6.95067844730483));
#4001=CARTESIAN_POINT('Ctrl Pts',(-6.20342913661798,-6.07837816272268,5.01453603024326));
#4002=CARTESIAN_POINT('Ctrl Pts',(-6.21178831883133,-6.04892841822742,5.03067128638803));
#4003=CARTESIAN_POINT('Ctrl Pts',(-6.23295572491971,-5.96306866616263,5.07649248950991));
#4004=CARTESIAN_POINT('Ctrl Pts',(-6.26437990785482,-5.81680887058986,5.15206010818132));
#4005=CARTESIAN_POINT('Ctrl Pts',(-6.30677338589635,-5.59314859058753,5.26378985832971));
#4006=CARTESIAN_POINT('Ctrl Pts',(-6.35639347459756,-5.2855873405409,5.41082369587168));
#4007=CARTESIAN_POINT('Ctrl Pts',(-6.39703721502458,-4.97012973661418,5.55282027554183));
#4008=CARTESIAN_POINT('Ctrl Pts',(-6.4193417632725,-4.76215174110052,5.64213362800875));
#4009=CARTESIAN_POINT('Ctrl Pts',(-6.43433792399259,-4.61384912878989,5.70490083189523));
#4010=CARTESIAN_POINT('Ctrl Pts',(-6.45608248023015,-4.38095915269427,5.80165651855339));
#4011=CARTESIAN_POINT('Ctrl Pts',(-6.4793669774021,-4.0676134968868,5.92537812070662));
#4012=CARTESIAN_POINT('Ctrl Pts',(-6.49753125538728,-3.76100963105917,6.04077541963104));
#4013=CARTESIAN_POINT('Ctrl Pts',(-6.51215429237408,-3.47116915676512,6.14647538773874));
#4014=CARTESIAN_POINT('Ctrl Pts',(-6.52112356305788,-3.2354261069205,6.22872378245611));
#4015=CARTESIAN_POINT('Ctrl Pts',(-6.52702245854879,-2.99307116744519,6.31008933017655));
#4016=CARTESIAN_POINT('Ctrl Pts',(-6.52863845639238,-2.88654988835476,6.34492572079063));
#4017=CARTESIAN_POINT('Ctrl Pts',(-6.52987226377057,-2.72098332203632,6.39793936695212));
#4018=CARTESIAN_POINT('Ctrl Pts',(-6.52990551079135,-2.46956332831072,6.4767477288189));
#4019=CARTESIAN_POINT('Ctrl Pts',(-6.52074767087778,-2.0486066394424,6.6002967808545));
#4020=CARTESIAN_POINT('Ctrl Pts',(-6.50219736882225,-1.61106809955408,6.71872815150876));
#4021=CARTESIAN_POINT('Ctrl Pts',(-6.488153481242,-1.34208483618876,6.78746505804628));
#4022=CARTESIAN_POINT('Ctrl Pts',(-6.48167240214976,-1.22593772294427,6.81651586430295));
#4023=CARTESIAN_POINT('Ctrl Pts',(-6.47785366331511,-1.1581250235996,6.83341798778734));
#4024=CARTESIAN_POINT('Ctrl Pts',(-6.4665741881441,-0.965937358684951,6.88061928115957));
#4025=CARTESIAN_POINT('Ctrl Pts',(-6.45500306963692,-0.790238734265825,
6.92208362574029));
#4026=CARTESIAN_POINT('Ctrl Pts',(-6.44620971157108,-0.665662865514564,
6.95068535542441));
#4027=CARTESIAN_POINT('Ctrl Pts',(-6.44618867612159,-0.665662764273862,
6.95067844730525));
#4028=CARTESIAN_POINT('Ctrl Pts',(-6.44651711510834,-0.665680283744722,
6.95078094430448));
#4029=CARTESIAN_POINT('Ctrl Pts',(-6.4468326449731,-0.665630289179194,6.95089611485796));
#4030=CARTESIAN_POINT('Ctrl Pts',(-6.44722453404353,-0.6654908224963,6.95105849449833));
#4031=CARTESIAN_POINT('Ctrl Pts',(-6.44731198973132,-0.665454237700356,
6.95109609664815));
#4032=CARTESIAN_POINT('Ctrl Pts',(-6.44739736656727,-0.665413521248736,
6.95113405493379));
#4033=CARTESIAN_POINT('Ctrl Pts',(7.74211365790763,-0.516207458347768,6.43417234354261));
#4034=CARTESIAN_POINT('Ctrl Pts',(7.7419401745263,-0.524407556987468,6.43275792944392));
#4035=CARTESIAN_POINT('Ctrl Pts',(7.74158930416545,-0.540804557859699,6.42992197648217));
#4036=CARTESIAN_POINT('Ctrl Pts',(7.74105179298261,-0.565390620432409,6.42564589434925));
#4037=CARTESIAN_POINT('Ctrl Pts',(7.74050352369017,-0.589967394540359,6.4213469833244));
#4038=CARTESIAN_POINT('Ctrl Pts',(7.73994488948062,-0.614535030287475,6.41702466301011));
#4039=CARTESIAN_POINT('Ctrl Pts',(7.73937623190715,-0.6390936779466,6.41267844342159));
#4040=CARTESIAN_POINT('Ctrl Pts',(7.73879784380752,-0.663643488495055,6.40830791914078));
#4041=CARTESIAN_POINT('Ctrl Pts',(7.73820997213978,-0.68818461429616,6.40391276359928));
#4042=CARTESIAN_POINT('Ctrl Pts',(7.73761282086668,-0.712717209851284,6.39949272325638));
#4043=CARTESIAN_POINT('Ctrl Pts',(7.73700655382654,-0.737241432550879,6.3950476118032));
#4044=CARTESIAN_POINT('Ctrl Pts',(7.73639129761744,-0.761757443351985,6.39057730436158));
#4045=CARTESIAN_POINT('Ctrl Pts',(7.73576714448429,-0.786265407305629,6.38608173171789));
#4046=CARTESIAN_POINT('Ctrl Pts',(7.73513415520993,-0.81076549387594,6.38156087460275));
#4047=CARTESIAN_POINT('Ctrl Pts',(7.73449236201915,-0.835257876963753,6.37701475803227));
#4048=CARTESIAN_POINT('Ctrl Pts',(7.73384177147327,-0.859742734631898,6.37244344573869));
#4049=CARTESIAN_POINT('Ctrl Pts',(7.73318236740974,-0.88422024836742,6.36784703467421));
#4050=CARTESIAN_POINT('Ctrl Pts',(7.73250414520771,-0.909055635943859,6.36315671066094));
#4051=CARTESIAN_POINT('Ctrl Pts',(7.73180658131253,-0.934248713057216,6.35837130828097));
#4052=CARTESIAN_POINT('Ctrl Pts',(7.73108911963454,-0.959799314363823,6.35348967784954));
#4053=CARTESIAN_POINT('Ctrl Pts',(7.73036177505005,-0.985342722064306,6.34858133882578));
#4054=CARTESIAN_POINT('Ctrl Pts',(7.72962444891606,-1.01087914239649,6.3436465001627));
#4055=CARTESIAN_POINT('Ctrl Pts',(7.72887703696986,-1.03640877616202,6.33868537185568));
#4056=CARTESIAN_POINT('Ctrl Pts',(7.72811943333359,-1.06193181627,6.33369815788935));
#4057=CARTESIAN_POINT('Ctrl Pts',(7.72735153369936,-1.08744844638165,6.3286850510861));
#4058=CARTESIAN_POINT('Ctrl Pts',(7.72643514920339,-1.11748509745665,6.32275219426647));
#4059=CARTESIAN_POINT('Ctrl Pts',(7.72536268901768,-1.15203758121615,6.31588144616375));
#4060=CARTESIAN_POINT('Ctrl Pts',(7.72412490484875,-1.19110119654076,6.30805128879913));
#4061=CARTESIAN_POINT('Ctrl Pts',(7.72286205293002,-1.23015147766108,6.30016172129138));
#4062=CARTESIAN_POINT('Ctrl Pts',(7.72200335684282,-1.25617634688052,6.29486244979491));
#4063=CARTESIAN_POINT('Ctrl Pts',(7.7211360737108,-1.28220207002008,6.2895423324183));
#4064=CARTESIAN_POINT('Ctrl Pts',(7.7202601968523,-1.30822864378811,6.28420135387925));
#4065=CARTESIAN_POINT('Ctrl Pts',(7.71892110700048,-1.34725604952496,6.27613019420743));
#4066=CARTESIAN_POINT('Ctrl Pts',(7.71755679756175,-1.38627120023612,6.26799897785343));
#4067=CARTESIAN_POINT('Ctrl Pts',(7.71624631056407,-1.42305845027481,6.2602725934306));
#4068=CARTESIAN_POINT('Ctrl Pts',(7.71499452317676,-1.45762021872785,6.25296198454366));
#4069=CARTESIAN_POINT('Ctrl Pts',(7.71380590659895,-1.48995868025474,6.24607741125531));
#4070=CARTESIAN_POINT('Ctrl Pts',(7.71260036060385,-1.52228912633203,6.23914983118128));
#4071=CARTESIAN_POINT('Ctrl Pts',(7.71137803550643,-1.55461164570588,6.2321787155104));
#4072=CARTESIAN_POINT('Ctrl Pts',(7.71013909803873,-1.58692632455563,6.22516348815055));
#4073=CARTESIAN_POINT('Ctrl Pts',(7.70888373005425,-1.61923324633383,6.21810352838153));
#4074=CARTESIAN_POINT('Ctrl Pts',(7.70761212684836,-1.65153249129057,6.21099817461678));
#4075=CARTESIAN_POINT('Ctrl Pts',(7.70632449563834,-1.68382413602482,6.20384672768524));
#4076=CARTESIAN_POINT('Ctrl Pts',(7.70502105395717,-1.7161082529365,6.19664845434686));
#4077=CARTESIAN_POINT('Ctrl Pts',(7.70370202807333,-1.74838490964046,6.18940259071839));
#4078=CARTESIAN_POINT('Ctrl Pts',(7.7023676513869,-1.78065416828633,6.18210834576448));
#4079=CARTESIAN_POINT('Ctrl Pts',(7.70101816282634,-1.812916084779,6.1747649047939));
#4080=CARTESIAN_POINT('Ctrl Pts',(7.69965380523671,-1.84517070781618,6.16737143301275));
#4081=CARTESIAN_POINT('Ctrl Pts',(7.69827482376734,-1.87741807776997,6.15992707911719));
#4082=CARTESIAN_POINT('Ctrl Pts',(7.69688146425472,-1.90965822519115,6.15243097899521));
#4083=CARTESIAN_POINT('Ctrl Pts',(7.69547918460274,-1.94177178668265,6.14491021797986));
#4084=CARTESIAN_POINT('Ctrl Pts',(7.69406840668018,-1.9737588605149,6.13736460909109));
#4085=CARTESIAN_POINT('Ctrl Pts',(7.69264953950511,-2.00561953050271,6.12979398940537));
#4086=CARTESIAN_POINT('Ctrl Pts',(7.69121754371717,-2.037473132226,6.12216935340821));
#4087=CARTESIAN_POINT('Ctrl Pts',(7.68977263692247,-2.0693196340394,6.11448985503055));
#4088=CARTESIAN_POINT('Ctrl Pts',(7.68831502793504,-2.10115899407017,6.10675465490199));
#4089=CARTESIAN_POINT('Ctrl Pts',(7.68684491515955,-2.13299116098737,6.09896292319298));
#4090=CARTESIAN_POINT('Ctrl Pts',(7.68536248496496,-2.16481607486663,6.09111384242247));
#4091=CARTESIAN_POINT('Ctrl Pts',(7.68386791004866,-2.19663366804148,6.08320661025187));
#4092=CARTESIAN_POINT('Ctrl Pts',(7.68236134778876,-2.22844386600334,6.0752404422552));
#4093=CARTESIAN_POINT('Ctrl Pts',(7.68084293859113,-2.26024658833092,6.0672145746591));
#4094=CARTESIAN_POINT('Ctrl Pts',(7.67931280421573,-2.29204174966969,6.05912826706839));
#4095=CARTESIAN_POINT('Ctrl Pts',(7.67777104611652,-2.32382926075282,6.05098080513088));
#4096=CARTESIAN_POINT('Ctrl Pts',(7.67621774371855,-2.35560902948927,6.04277150323936));
#4097=CARTESIAN_POINT('Ctrl Pts',(7.67465295280072,-2.3873809620798,6.03449970704728));
#4098=CARTESIAN_POINT('Ctrl Pts',(7.67307670361138,-2.41914496425846,6.02616479628571));
#4099=CARTESIAN_POINT('Ctrl Pts',(7.67157496413609,-2.44918154788084,6.01822092081391));
#4100=CARTESIAN_POINT('Ctrl Pts',(7.6701497829706,-2.4774920881459,6.01067914562168));
#4101=CARTESIAN_POINT('Ctrl Pts',(7.66880305140839,-2.50407789234953,6.00354993532857));
#4102=CARTESIAN_POINT('Ctrl Pts',(7.66744818657189,-2.53065790087491,5.99637508362972));
#4103=CARTESIAN_POINT('Ctrl Pts',(7.66653947856797,-2.54837401097644,5.99156125247439));
#4104=CARTESIAN_POINT('Ctrl Pts',(7.66566388552689,-2.56539094917953,5.98692211842348));
#4105=CARTESIAN_POINT('Ctrl Pts',(7.66482182516063,-2.58170901212291,5.98246000612994));
#4106=CARTESIAN_POINT('Ctrl Pts',(7.66355163297577,-2.60618107771977,5.97572752377499));
#4107=CARTESIAN_POINT('Ctrl Pts',(7.66227424915728,-2.63064808694131,5.96895558312254));
#4108=CARTESIAN_POINT('Ctrl Pts',(7.66098956979186,-2.65511001644433,5.96214405843663));
#4109=CARTESIAN_POINT('Ctrl Pts',(7.65969747656264,-2.67956684755931,5.95529284322787));
#4110=CARTESIAN_POINT('Ctrl Pts',(7.65839783624815,-2.7040185667315,5.94840185087057));
#4111=CARTESIAN_POINT('Ctrl Pts',(7.6570905002269,-2.72846516592695,5.94147101521465));
#4112=CARTESIAN_POINT('Ctrl Pts',(7.65577530397343,-2.7529066430132,5.93450029121041));
#4113=CARTESIAN_POINT('Ctrl Pts',(7.65445206656591,-2.77734300210383,5.92748965552087));
#4114=CARTESIAN_POINT('Ctrl Pts',(7.65312059016643,-2.80177425388514,5.92043910717155));
#4115=CARTESIAN_POINT('Ctrl Pts',(7.65178065955819,-2.82620041588711,5.91334866812965));
#4116=CARTESIAN_POINT('Ctrl Pts',(7.65043204155415,-2.85062151278215,5.90621838405098));
#4117=CARTESIAN_POINT('Ctrl Pts',(7.64907448468844,-2.87503757652833,5.89904832466526));
#4118=CARTESIAN_POINT('Ctrl Pts',(7.64770771827808,-2.89944864676592,5.89183858497418));
#4119=CARTESIAN_POINT('Ctrl Pts',(7.64633145288079,-2.92385477056305,5.88458928465356));
#4120=CARTESIAN_POINT('Ctrl Pts',(7.64468435872569,-2.95285112457312,5.87592799657524));
#4121=CARTESIAN_POINT('Ctrl Pts',(7.64275834759084,-2.98643407452624,5.86582485102992));
#4122=CARTESIAN_POINT('Ctrl Pts',(7.64054267523719,-3.02459943639277,5.85424434046839));
#4123=CARTESIAN_POINT('Ctrl Pts',(7.63829930818653,-3.06275359309773,5.84256948681539));
#4124=CARTESIAN_POINT('Ctrl Pts',(7.63602661206467,-3.10089693495652,5.8308014330709));
#4125=CARTESIAN_POINT('Ctrl Pts',(7.63372281137777,-3.13902990741009,5.8189415045976));
#4126=CARTESIAN_POINT('Ctrl Pts',(7.63138598628571,-3.17715301255787,5.80699121209657));
#4127=CARTESIAN_POINT('Ctrl Pts',(7.62901406564036,-3.21526681321114,5.79495225867891));
#4128=CARTESIAN_POINT('Ctrl Pts',(7.62692333136342,-3.24833436706163,5.78442958256651));
#4129=CARTESIAN_POINT('Ctrl Pts',(7.62512768512834,-3.27635964580954,5.77546002075627));
#4130=CARTESIAN_POINT('Ctrl Pts',(7.62363973960154,-3.2993454632313,5.76807214967332));
#4131=CARTESIAN_POINT('Ctrl Pts',(7.62213620770924,-3.32232871567684,5.76065447191547));
#4132=CARTESIAN_POINT('Ctrl Pts',(7.62061649640324,-3.34530958654786,5.75320752932447));
#4133=CARTESIAN_POINT('Ctrl Pts',(7.61907999627381,-3.36828826664204,5.74573188096868));
#4134=CARTESIAN_POINT('Ctrl Pts',(7.61752608182327,-3.3912649540347,5.73822810185842));
#4135=CARTESIAN_POINT('Ctrl Pts',(7.61595411379839,-3.41423985308268,5.7306967793678));
#4136=CARTESIAN_POINT('Ctrl Pts',(7.61418907815197,-3.4397313985534,5.72231000999537));
#4137=CARTESIAN_POINT('Ctrl Pts',(7.61222218395412,-3.4677392332354,5.71305734220313));
#4138=CARTESIAN_POINT('Ctrl Pts',(7.61004267583437,-3.49826322719621,5.70292772495063));
#4139=CARTESIAN_POINT('Ctrl Pts',(7.60782578543743,-3.52878585540768,5.69275445290157));
#4140=CARTESIAN_POINT('Ctrl Pts',(7.60556989541096,-3.55930764839019,5.68253894845035));
#4141=CARTESIAN_POINT('Ctrl Pts',(7.60327337977825,-3.58982913783346,5.67228261416518));
#4142=CARTESIAN_POINT('Ctrl Pts',(7.60093461103261,-3.62035085237793,5.66198682177621));
#4143=CARTESIAN_POINT('Ctrl Pts',(7.59855196693524,-3.65087331353871,5.65165290144751));
#4144=CARTESIAN_POINT('Ctrl Pts',(7.59612383751403,-3.68139703155612,5.64128213104144));
#4145=CARTESIAN_POINT('Ctrl Pts',(7.59364863201107,-3.71192250131315,5.63087572555536));
#4146=CARTESIAN_POINT('Ctrl Pts',(7.59112478595625,-3.74245019824094,5.62043482655447));
#4147=CARTESIAN_POINT('Ctrl Pts',(7.58855076815009,-3.77298057435502,5.60996049190714));
#4148=CARTESIAN_POINT('Ctrl Pts',(7.58592508795918,-3.80351405418782,5.59945368520513));
#4149=CARTESIAN_POINT('Ctrl Pts',(7.58324630207098,-3.83405103115853,5.58891526623419));
#4150=CARTESIAN_POINT('Ctrl Pts',(7.58051302258034,-3.86459186322593,5.57834597951084));
#4151=CARTESIAN_POINT('Ctrl Pts',(7.57772392228096,-3.89513687039953,5.56774644750385));
#4152=CARTESIAN_POINT('Ctrl Pts',(7.57474099715181,-3.92715412662469,5.55660645231537));
#4153=CARTESIAN_POINT('Ctrl Pts',(7.57177066362231,-3.95835673006525,5.5457194906721));
#4154=CARTESIAN_POINT('Ctrl Pts',(7.56881733222598,-3.98874442777157,5.5350886344577));
#4155=CARTESIAN_POINT('Ctrl Pts',(7.56603528847916,-4.01684802858028,5.52523368722909));
#4156=CARTESIAN_POINT('Ctrl Pts',(7.56320130441488,-4.04495597962492,5.5153541699939));
#4157=CARTESIAN_POINT('Ctrl Pts',(7.5603145440507,-4.07306838910654,5.50545014882421));
#4158=CARTESIAN_POINT('Ctrl Pts',(7.55737415689219,-4.10118536187926,5.49552169418623));
#4159=CARTESIAN_POINT('Ctrl Pts',(7.55437928126188,-4.12930699545836,5.4855688764813));
#4160=CARTESIAN_POINT('Ctrl Pts',(7.5513290429786,-4.15743337875836,5.47559176889553));
#4161=CARTESIAN_POINT('Ctrl Pts',(7.54822255619079,-4.18556458953978,5.4655904469443));
#4162=CARTESIAN_POINT('Ctrl Pts',(7.54505892322195,-4.21370069255321,5.4555649895335));
#4163=CARTESIAN_POINT('Ctrl Pts',(7.54183723496271,-4.24184173723119,5.44551547929457));
#4164=CARTESIAN_POINT('Ctrl Pts',(7.5385565710307,-4.26998775567848,5.43544200324251));
#4165=CARTESIAN_POINT('Ctrl Pts',(7.53521600003607,-4.29813876063743,5.42534465327512));
#4166=CARTESIAN_POINT('Ctrl Pts',(7.53181457985416,-4.32629474354814,5.41522352669309));
#4167=CARTESIAN_POINT('Ctrl Pts',(7.52835135789177,-4.3544556726604,5.40507872666525));
#4168=CARTESIAN_POINT('Ctrl Pts',(7.5248253714262,-4.38262149141287,5.39491036262677));
#4169=CARTESIAN_POINT('Ctrl Pts',(7.52112672113635,-4.41164692683238,5.38440929006947));
#4170=CARTESIAN_POINT('Ctrl Pts',(7.51724737273689,-4.44153238014823,5.37357309024085));
#4171=CARTESIAN_POINT('Ctrl Pts',(7.51317871757098,-4.47227820146927,5.36239929345501));
#4172=CARTESIAN_POINT('Ctrl Pts',(7.50903043260201,-4.50302922047659,5.35119807460176));
#4173=CARTESIAN_POINT('Ctrl Pts',(7.50480119911702,-4.53378520718633,5.33996960916656));
#4174=CARTESIAN_POINT('Ctrl Pts',(7.50048968092187,-4.56454592306028,5.32871406960826));
#4175=CARTESIAN_POINT('Ctrl Pts',(7.49609452271736,-4.59531113123572,5.31743162105544));
#4176=CARTESIAN_POINT('Ctrl Pts',(7.49161434823985,-4.62608060611361,5.30612241719371));
#4177=CARTESIAN_POINT('Ctrl Pts',(7.48856995500796,-4.64659629679829,5.29856520333276));
#4178=CARTESIAN_POINT('Ctrl Pts',(7.48558671888767,-4.66650960937172,5.29122177326683));
#4179=CARTESIAN_POINT('Ctrl Pts',(7.48266800868069,-4.68582038823728,5.28409310090019));
#4180=CARTESIAN_POINT('Ctrl Pts',(7.47821099813713,-4.71478985452661,5.27337660400124));
#4181=CARTESIAN_POINT('Ctrl Pts',(7.47367380750605,-4.74376253092308,5.26263668706052));
#4182=CARTESIAN_POINT('Ctrl Pts',(7.46905517791116,-4.7727383635204,5.25187339754244));
#4183=CARTESIAN_POINT('Ctrl Pts',(7.46435382508326,-4.80171733413553,5.2410867608586));
#4184=CARTESIAN_POINT('Ctrl Pts',(7.45956843807898,-4.83069946085123,5.23027677958543));
#4185=CARTESIAN_POINT('Ctrl Pts',(7.45469767795644,-4.85968479776948,5.21944343302666));
#4186=CARTESIAN_POINT('Ctrl Pts',(7.44977461262195,-4.88847207186289,5.2086620906916));
#4187=CARTESIAN_POINT('Ctrl Pts',(7.4447999737474,-4.91706132129218,5.19793325302638));
#4188=CARTESIAN_POINT('Ctrl Pts',(7.43977453099173,-4.94545260083965,5.18725740025815));
#4189=CARTESIAN_POINT('Ctrl Pts',(7.43466187445134,-4.97384743989006,5.17655886199461));
#4190=CARTESIAN_POINT('Ctrl Pts',(7.42946060930759,-5.00224598092774,5.16583753240412));
#4191=CARTESIAN_POINT('Ctrl Pts',(7.42416931435911,-5.03064835533134,5.15509329874645));
#4192=CARTESIAN_POINT('Ctrl Pts',(7.41878654167767,-5.05905467704926,5.1443260436933));
#4193=CARTESIAN_POINT('Ctrl Pts',(7.41331081583958,-5.08746503813325,5.13353564706738));
#4194=CARTESIAN_POINT('Ctrl Pts',(7.40774063261334,-5.11587950616501,5.12272198697506));
#4195=CARTESIAN_POINT('Ctrl Pts',(7.40207445709084,-5.1442981232778,5.11188494046763));
#4196=CARTESIAN_POINT('Ctrl Pts',(7.39631072122185,-5.17272090663573,5.10102438379674));
#4197=CARTESIAN_POINT('Ctrl Pts',(7.39044782063262,-5.20114785024395,5.09014019234078));
#4198=CARTESIAN_POINT('Ctrl Pts',(7.38448411076562,-5.22957892801238,5.07923224025562));
#4199=CARTESIAN_POINT('Ctrl Pts',(7.3784179019096,-5.25801409823411,5.06830039984315));
#4200=CARTESIAN_POINT('Ctrl Pts',(7.37224745359552,-5.28645330947833,5.05734454065195));
#4201=CARTESIAN_POINT('Ctrl Pts',(7.36597096663475,-5.31489650876221,5.04636452811497));
#4202=CARTESIAN_POINT('Ctrl Pts',(7.3601342849216,-5.3409032054351,5.03630426798431));
#4203=CARTESIAN_POINT('Ctrl Pts',(7.35476602048405,-5.36447228735506,5.02717041063719));
#4204=CARTESIAN_POINT('Ctrl Pts',(7.34989226248632,-5.38560280161434,5.018968879692));
#4205=CARTESIAN_POINT('Ctrl Pts',(7.34495622710442,-5.4067355241667,5.01075372639089));
#4206=CARTESIAN_POINT('Ctrl Pts',(7.33995700928543,-5.42787053395479,5.00252486190165));
#4207=CARTESIAN_POINT('Ctrl Pts',(7.3348936566824,-5.44900796529287,4.99428218011803));
#4208=CARTESIAN_POINT('Ctrl Pts',(7.32976516134975,-5.47014802163515,4.98602555371802));
#4209=CARTESIAN_POINT('Ctrl Pts',(7.32457045147907,-5.49129098919544,4.97775483049245));
#4210=CARTESIAN_POINT('Ctrl Pts',(7.31930838181922,-5.51243725073825,4.96946982991863));
#4211=CARTESIAN_POINT('Ctrl Pts',(7.31397772323128,-5.53358729939469,4.96117034008108));
#4212=CARTESIAN_POINT('Ctrl Pts',(7.30857715087891,-5.55474175274813,4.95285611495727));
#4213=CARTESIAN_POINT('Ctrl Pts',(7.30310523103415,-5.57590136733621,4.94452687207793));
#4214=CARTESIAN_POINT('Ctrl Pts',(7.29756040580019,-5.59706705425098,4.93618229051694));
#4215=CARTESIAN_POINT('Ctrl Pts',(7.29194097592447,-5.61823989605269,4.92782200910623));
#4216=CARTESIAN_POINT('Ctrl Pts',(7.2862450796058,-5.63942116703168,4.91944562471651));
#4217=CARTESIAN_POINT('Ctrl Pts',(7.28047066959171,-5.66061235584445,4.91105269031814));
#4218=CARTESIAN_POINT('Ctrl Pts',(7.27440017209222,-5.68259487276159,4.90233345910467));
#4219=CARTESIAN_POINT('Ctrl Pts',(7.26802001729886,-5.70537254548777,4.89328505291882));
#4220=CARTESIAN_POINT('Ctrl Pts',(7.26131477665782,-5.72895048575102,4.88390421574337));
#4221=CARTESIAN_POINT('Ctrl Pts',(7.25449860129391,-5.75255222562379,4.87450001009693));
#4222=CARTESIAN_POINT('Ctrl Pts',(7.24756648109174,-5.77618210480368,4.86507151053635));
#4223=CARTESIAN_POINT('Ctrl Pts',(7.24051264460226,-5.7998451905353,4.85561774394156));
#4224=CARTESIAN_POINT('Ctrl Pts',(7.23333038084152,-5.82354744349561,4.84613769397417));
#4225=CARTESIAN_POINT('Ctrl Pts',(7.22601179869153,-5.84729594673265,4.83663030747295));
#4226=CARTESIAN_POINT('Ctrl Pts',(7.21845831489537,-5.87138363890933,4.826980559725));
#4227=CARTESIAN_POINT('Ctrl Pts',(7.21065191601475,-5.89582377109038,4.81718606292702));
#4228=CARTESIAN_POINT('Ctrl Pts',(7.2025702093788,-5.92063397490225,4.8072441319607));
#4229=CARTESIAN_POINT('Ctrl Pts',(7.19428405634252,-5.9455491348188,4.79726722779213));
#4230=CARTESIAN_POINT('Ctrl Pts',(7.1857669888416,-5.9705967360443,4.78725282305429));
#4231=CARTESIAN_POINT('Ctrl Pts',(7.17698231781074,-5.99581667882352,4.7771972430634));
#4232=CARTESIAN_POINT('Ctrl Pts',(7.16787959951375,-6.02126554372784,4.76709527434878));
#4233=CARTESIAN_POINT('Ctrl Pts',(7.15838144038569,-6.04703269997547,4.75693918763369));
#4234=CARTESIAN_POINT('Ctrl Pts',(7.15088958244537,-6.06666081981522,4.74928731171041));
#4235=CARTESIAN_POINT('Ctrl Pts',(7.14568932081075,-6.07991732074663,4.7441788766631));
#4236=CARTESIAN_POINT('Ctrl Pts',(7.14219611483916,-6.08872228643101,4.74080339759839));
#4237=CARTESIAN_POINT('Ctrl Pts',(7.13769403275261,-6.09986690116618,4.73656940010814));
#4238=CARTESIAN_POINT('Ctrl Pts',(7.13202501269911,-6.113521575719,4.73146132793627));
#4239=CARTESIAN_POINT('Ctrl Pts',(7.12498281886989,-6.12992361299906,4.725461625386));
#4240=CARTESIAN_POINT('Ctrl Pts',(7.11835155427971,-6.14465364509326,4.72026607343119));
#4241=CARTESIAN_POINT('Ctrl Pts',(7.11294541703305,-6.15592928558503,4.71653049461291));
#4242=CARTESIAN_POINT('Ctrl Pts',(7.11091595903501,-6.1600558848857,4.71520304480463));
#4243=CARTESIAN_POINT('Ctrl Pts',(7.10952910938071,-6.16284801431915,4.71431557427691));
#4244=CARTESIAN_POINT('Ctrl Pts',(7.10699841351091,-6.16786062336149,4.71275493993663));
#4245=CARTESIAN_POINT('Ctrl Pts',(7.10442322059914,-6.17279079272584,4.71128955090916));
#4246=CARTESIAN_POINT('Ctrl Pts',(7.10219609603803,-6.17688892388878,4.71014520986824));
#4247=CARTESIAN_POINT('Ctrl Pts',(7.10127910590419,-6.1785607339904,4.70968566825262));
#4248=CARTESIAN_POINT('Ctrl Pts',(7.1000810873304,-6.18071503426393,4.70910767199624));
#4249=CARTESIAN_POINT('Ctrl Pts',(7.09853846696206,-6.18343149296326,4.7084068892782));
#4250=CARTESIAN_POINT('Ctrl Pts',(7.09685537166493,-6.18632422018869,4.70769655376462));
#4251=CARTESIAN_POINT('Ctrl Pts',(7.09498341390805,-6.18945457126028,4.70697343938844));
#4252=CARTESIAN_POINT('Ctrl Pts',(7.09280631615973,-6.19297024886722,4.70622978607891));
#4253=CARTESIAN_POINT('Ctrl Pts',(7.09057119459111,-6.19643279579007,4.70558183911146));
#4254=CARTESIAN_POINT('Ctrl Pts',(7.08856342955523,-6.19938828569719,4.70512353552249));
#4255=CARTESIAN_POINT('Ctrl Pts',(7.08732784115053,-6.20114542742087,4.70489134521352));
#4256=CARTESIAN_POINT('Ctrl Pts',(7.08659364370682,-6.20217220022218,4.70476746237476));
#4257=CARTESIAN_POINT('Ctrl Pts',(7.08584199932064,-6.20320588509736,4.70465487275405));
#4258=CARTESIAN_POINT('Ctrl Pts',(7.0850897629621,-6.2042175082538,4.70456093040423));
#4259=CARTESIAN_POINT('Ctrl Pts',(7.08457953811212,-6.20489420651314,4.70450498388477));
#4260=CARTESIAN_POINT('Ctrl Pts',(7.08419868161547,-6.20539281098105,4.70446859379723));
#4261=CARTESIAN_POINT('Ctrl Pts',(7.08395921040489,-6.20570461692435,4.70444711598996));
#4262=CARTESIAN_POINT('Ctrl Pts',(7.08372534019459,-6.20600646101996,4.70442834767248));
#4263=CARTESIAN_POINT('Ctrl Pts',(7.08362446439047,-6.20613691338756,4.70442003862116));
#4264=CARTESIAN_POINT('Ctrl Pts',(7.08339911204185,-6.20642508062537,4.70440417489256));
#4265=CARTESIAN_POINT('Ctrl Pts',(7.711266073968,-0.527043184747296,6.49246137796619));
#4266=CARTESIAN_POINT('Ctrl Pts',(7.71110115205102,-0.535246901675357,6.49100549810204));
#4267=CARTESIAN_POINT('Ctrl Pts',(7.71076743120353,-0.551651959182246,6.48808650987555));
#4268=CARTESIAN_POINT('Ctrl Pts',(7.71025569713733,-0.576252265407728,6.48368566693153));
#4269=CARTESIAN_POINT('Ctrl Pts',(7.70973323417235,-0.600845156244424,6.47926188153808));
#4270=CARTESIAN_POINT('Ctrl Pts',(7.70920041515917,-0.625430513227808,6.47481465838978));
#4271=CARTESIAN_POINT('Ctrl Pts',(7.70865756426903,-0.650008234616213,6.47034358396441));
#4272=CARTESIAN_POINT('Ctrl Pts',(7.70810495973354,-0.67457823604978,6.46584832092839));
#4273=CARTESIAN_POINT('Ctrl Pts',(7.70754283643692,-0.699140451021856,6.46132860284503));
#4274=CARTESIAN_POINT('Ctrl Pts',(7.70697138859997,-0.723694831569048,6.45678422867646));
#4275=CARTESIAN_POINT('Ctrl Pts',(7.70639077243873,-0.748241348858274,6.45221505735671));
#4276=CARTESIAN_POINT('Ctrl Pts',(7.70580110885205,-0.772779993735816,6.44762100232883));
#4277=CARTESIAN_POINT('Ctrl Pts',(7.7052024861117,-0.797310777087483,6.44300202612909));
#4278=CARTESIAN_POINT('Ctrl Pts',(7.70459496256354,-0.821833730003242,6.43835813500652));
#4279=CARTESIAN_POINT('Ctrl Pts',(7.70397856934304,-0.846348903618307,6.43368937360996));
#4280=CARTESIAN_POINT('Ctrl Pts',(7.70335331308586,-0.870856368684627,6.42899581975672));
#4281=CARTESIAN_POINT('Ctrl Pts',(7.70271917868306,-0.895356214621269,6.42427757928635));
#4282=CARTESIAN_POINT('Ctrl Pts',(7.70206653938897,-0.920213910155126,6.41946403087249));
#4283=CARTESIAN_POINT('Ctrl Pts',(7.70139487092951,-0.945429186969288,6.41455403060352));
#4284=CARTESIAN_POINT('Ctrl Pts',(7.70070361728282,-0.971001804139449,6.40954644572972));
#4285=CARTESIAN_POINT('Ctrl Pts',(7.70000242184103,-0.996566686754584,6.40451259043687));
#4286=CARTESIAN_POINT('Ctrl Pts',(7.69929118964027,-1.0221240227293,6.39945265948311));
#4287=CARTESIAN_POINT('Ctrl Pts',(7.69856981994926,-1.04767401206355,6.39436684484529));
#4288=CARTESIAN_POINT('Ctrl Pts',(7.69783821001649,-1.07321686368068,6.38925532930519));
#4289=CARTESIAN_POINT('Ctrl Pts',(7.69709625808023,-1.0987527950684,6.38411828131503));
#4290=CARTESIAN_POINT('Ctrl Pts',(7.69621037289108,-1.12881162958707,6.37803988592538));
#4291=CARTESIAN_POINT('Ctrl Pts',(7.69517293302937,-1.16338896807269,6.37100219038917));
#4292=CARTESIAN_POINT('Ctrl Pts',(7.69397465024222,-1.20248004170742,6.36298383745517));
#4293=CARTESIAN_POINT('Ctrl Pts',(7.69275118722632,-1.24155738106752,6.35490660329623));
#4294=CARTESIAN_POINT('Ctrl Pts',(7.69191866749535,-1.26760018199208,6.34948252438087));
#4295=CARTESIAN_POINT('Ctrl Pts',(7.69107751892982,-1.29364386203444,6.34403770680113));
#4296=CARTESIAN_POINT('Ctrl Pts',(7.69022773480501,-1.31968841803376,6.33857213533966));
#4297=CARTESIAN_POINT('Ctrl Pts',(7.6889276227423,-1.35874307655156,6.33031443193568));
#4298=CARTESIAN_POINT('Ctrl Pts',(7.68760210525994,-1.39778596148708,6.32199697947475));
#4299=CARTESIAN_POINT('Ctrl Pts',(7.68632800444487,-1.43460000362381,6.31409520350522));
#4300=CARTESIAN_POINT('Ctrl Pts',(7.68511021206367,-1.46918763963289,6.30661998066826));
#4301=CARTESIAN_POINT('Ctrl Pts',(7.68395322227865,-1.50155099062816,6.29958152051073));
#4302=CARTESIAN_POINT('Ctrl Pts',(7.68277909231414,-1.53390709517002,6.29250022950914));
#4303=CARTESIAN_POINT('Ctrl Pts',(7.68158794961215,-1.56625612506707,6.2853755828071));
#4304=CARTESIAN_POINT('Ctrl Pts',(7.68037993673078,-1.59859824370366,6.27820701223506));
#4305=CARTESIAN_POINT('Ctrl Pts',(7.6791552101039,-1.63093360583609,6.27099390884032));
#4306=CARTESIAN_POINT('Ctrl Pts',(7.67791393846582,-1.66326235721614,6.2637356263964));
#4307=CARTESIAN_POINT('Ctrl Pts',(7.67665630140959,-1.69558463417122,6.25643148450101));
#4308=CARTESIAN_POINT('Ctrl Pts',(7.67538248787257,-1.72790056312457,6.24908077187222));
#4309=CARTESIAN_POINT('Ctrl Pts',(7.67409269464055,-1.76021026005676,6.24168274957544));
#4310=CARTESIAN_POINT('Ctrl Pts',(7.67278712483201,-1.79251382988087,6.23423665430759));
#4311=CARTESIAN_POINT('Ctrl Pts',(7.67146598638071,-1.82481136571207,6.22674170169338));
#4312=CARTESIAN_POINT('Ctrl Pts',(7.67012949051081,-1.85710294795002,6.21919708963937));
#4313=CARTESIAN_POINT('Ctrl Pts',(7.66877785021069,-1.8893886432069,6.21160200173021));
#4314=CARTESIAN_POINT('Ctrl Pts',(7.66741127870278,-1.92166850283112,6.20395561074216));
#4315=CARTESIAN_POINT('Ctrl Pts',(7.66603510386464,-1.95382302656437,6.19628559555472));
#4316=CARTESIAN_POINT('Ctrl Pts',(7.66464972230751,-1.98585230444669,6.18859180276221));
#4317=CARTESIAN_POINT('Ctrl Pts',(7.66325551864945,-2.01775640706749,6.18087410300368));
#4318=CARTESIAN_POINT('Ctrl Pts',(7.66184751580919,-2.04965482769426,6.17310297921714));
#4319=CARTESIAN_POINT('Ctrl Pts',(7.66042589886908,-2.08154753015568,6.16527762765652));
#4320=CARTESIAN_POINT('Ctrl Pts',(7.65899084415855,-2.11343446338581,6.15739725202963));
#4321=CARTESIAN_POINT('Ctrl Pts',(7.65754251771563,-2.14531556222271,6.14946106616783));
#4322=CARTESIAN_POINT('Ctrl Pts',(7.65608107373943,-2.17719074831831,6.14146829665825));
#4323=CARTESIAN_POINT('Ctrl Pts',(7.65460665303303,-2.20905993102262,6.13341818546743));
#4324=CARTESIAN_POINT('Ctrl Pts',(7.65311938143517,-2.24092300831726,6.12530999254165));
#4325=CARTESIAN_POINT('Ctrl Pts',(7.65161936824637,-2.2727798677739,6.11714299838096));
#4326=CARTESIAN_POINT('Ctrl Pts',(7.65010670463579,-2.30463038755582,6.10891650659957));
#4327=CARTESIAN_POINT('Ctrl Pts',(7.6485814620603,-2.33647443746341,6.10062984643039));
#4328=CARTESIAN_POINT('Ctrl Pts',(7.64704369062496,-2.36831188002738,6.09228237526488));
#4329=CARTESIAN_POINT('Ctrl Pts',(7.645493417543,-2.40014257165274,6.08387348101717));
#4330=CARTESIAN_POINT('Ctrl Pts',(7.64393064534264,-2.43196636382918,6.07540258477654));
#4331=CARTESIAN_POINT('Ctrl Pts',(7.64244064331115,-2.46206041987217,6.0673311770962));
#4332=CARTESIAN_POINT('Ctrl Pts',(7.64102563186148,-2.49042588752567,6.0596701466588));
#4333=CARTESIAN_POINT('Ctrl Pts',(7.6396876709085,-2.51706388219528,6.05242978065873));
#4334=CARTESIAN_POINT('Ctrl Pts',(7.63834078107201,-2.54369663775631,6.0451446532758));
#4335=CARTESIAN_POINT('Ctrl Pts',(7.63743685041331,-2.56144825432605,6.04025790551515));
#4336=CARTESIAN_POINT('Ctrl Pts',(7.63656558355895,-2.57849945092081,6.03554901959965));
#4337=CARTESIAN_POINT('Ctrl Pts',(7.63572743968285,-2.5948505006487,6.03102027381297));
#4338=CARTESIAN_POINT('Ctrl Pts',(7.63446241546506,-2.61937240478041,6.0241886377619));
#4339=CARTESIAN_POINT('Ctrl Pts',(7.63318948394479,-2.64388957157517,6.01731835420988));
#4340=CARTESIAN_POINT('Ctrl Pts',(7.63190853285217,-2.6684019367474,6.01040931096029));
#4341=CARTESIAN_POINT('Ctrl Pts',(7.63061943608791,-2.6929094390331,6.00346141430883));
#4342=CARTESIAN_POINT('Ctrl Pts',(7.6293220532476,-2.71741202062053,5.99647458962692));
#4343=CARTESIAN_POINT('Ctrl Pts',(7.62801622915417,-2.74190962753681,5.98944878193752));
#4344=CARTESIAN_POINT('Ctrl Pts',(7.62670179338233,-2.76640221001064,5.98238395650404));
#4345=CARTESIAN_POINT('Ctrl Pts',(7.625378559793,-2.7908897228015,5.97528009940962));
#4346=CARTESIAN_POINT('Ctrl Pts',(7.6240463260463,-2.81537212550102,5.96813721816756));
#4347=CARTESIAN_POINT('Ctrl Pts',(7.62270487316156,-2.83984938279801,5.960955342274));
#4348=CARTESIAN_POINT('Ctrl Pts',(7.62135396496938,-2.86432146473267,5.95373452390382));
#4349=CARTESIAN_POINT('Ctrl Pts',(7.61999334780969,-2.88878834686791,5.94647483829158));
#4350=CARTESIAN_POINT('Ctrl Pts',(7.61862274967148,-2.91325001057611,5.93917638483685));
#4351=CARTESIAN_POINT('Ctrl Pts',(7.61724188059631,-2.93770644293415,5.93183928657985));
#4352=CARTESIAN_POINT('Ctrl Pts',(7.61558839908504,-2.96676216707045,5.92307475766517));
#4353=CARTESIAN_POINT('Ctrl Pts',(7.61365362854765,-3.0004131709333,5.91285363309256));
#4354=CARTESIAN_POINT('Ctrl Pts',(7.6114261221059,-3.03865463727828,5.90114125352163));
#4355=CARTESIAN_POINT('Ctrl Pts',(7.60916906073818,-3.07688337422808,5.88933676991289));
#4356=CARTESIAN_POINT('Ctrl Pts',(7.60688083272739,-3.11509949514878,5.87744130758971));
#4357=CARTESIAN_POINT('Ctrl Pts',(7.60455969219153,-3.15330315648738,5.86545616587208));
#4358=CARTESIAN_POINT('Ctrl Pts',(7.60220375612741,-3.19149455949472,5.85338282075935));
#4359=CARTESIAN_POINT('Ctrl Pts',(7.59981099799686,-3.2296739536145,5.84122293158228));
#4360=CARTESIAN_POINT('Ctrl Pts',(7.59770072834907,-3.26279580031154,5.83059709845979));
#4361=CARTESIAN_POINT('Ctrl Pts',(7.59588757187928,-3.29086511426798,5.82154127455825));
#4362=CARTESIAN_POINT('Ctrl Pts',(7.59438469105183,-3.31388575285139,5.81408335587336));
#4363=CARTESIAN_POINT('Ctrl Pts',(7.59286566728449,-3.33690246028332,5.80659632110083));
#4364=CARTESIAN_POINT('Ctrl Pts',(7.59132992380672,-3.35991535915094,5.79908068750701));
#4365=CARTESIAN_POINT('Ctrl Pts',(7.58977686794157,-3.38292458577201,5.79153698606998));
#4366=CARTESIAN_POINT('Ctrl Pts',(7.58820589144858,-3.40593028963614,5.78396576026433));
#4367=CARTESIAN_POINT('Ctrl Pts',(7.58661637267905,-3.42893263247632,5.77636756276074));
#4368=CARTESIAN_POINT('Ctrl Pts',(7.58483134005887,-3.45445284455346,5.76790718013364));
#4369=CARTESIAN_POINT('Ctrl Pts',(7.58284183073839,-3.48248984948913,5.75857432723331));
#4370=CARTESIAN_POINT('Ctrl Pts',(7.58063691754168,-3.51304268485433,5.74835808367293));
#4371=CARTESIAN_POINT('Ctrl Pts',(7.5783939078882,-3.54359116688751,5.73809884198899));
#4372=CARTESIAN_POINT('Ctrl Pts',(7.57611122642346,-3.57413580858729,5.72779790623232));
#4373=CARTESIAN_POINT('Ctrl Pts',(7.57378728817694,-3.60467714319973,5.71745655398983));
#4374=CARTESIAN_POINT('Ctrl Pts',(7.57142050520083,-3.63521571987517,5.7070760261567));
#4375=CARTESIAN_POINT('Ctrl Pts',(7.5690092929075,-3.66575209974671,5.69665751686802));
#4376=CARTESIAN_POINT('Ctrl Pts',(7.56655207658888,-3.69628685178921,5.68620216350397));
#4377=CARTESIAN_POINT('Ctrl Pts',(7.56404729788341,-3.72682054879649,5.67571103683509));
#4378=CARTESIAN_POINT('Ctrl Pts',(7.56149342134085,-3.7573537633305,5.66518513119895));
#4379=CARTESIAN_POINT('Ctrl Pts',(7.55888894091859,-3.78788706373739,5.65462535496149));
#4380=CARTESIAN_POINT('Ctrl Pts',(7.55623238672115,-3.81842101016612,5.644032520702));
#4381=CARTESIAN_POINT('Ctrl Pts',(7.55352233130458,-3.8489561507551,5.63340733639809));
#4382=CARTESIAN_POINT('Ctrl Pts',(7.55075739709133,-3.87949301755951,5.62275039477836));
#4383=CARTESIAN_POINT('Ctrl Pts',(7.54793626138887,-3.91003212340224,5.61206216717511));
#4384=CARTESIAN_POINT('Ctrl Pts',(7.54491936023893,-3.94204138844898,5.60082796747405));
#4385=CARTESIAN_POINT('Ctrl Pts',(7.5419154916732,-3.97323457026365,5.58984774875162));
#4386=CARTESIAN_POINT('Ctrl Pts',(7.53892908359307,-4.00361185728676,5.579124544389));
#4387=CARTESIAN_POINT('Ctrl Pts',(7.53611610472232,-4.03170479091188,5.56918291037194));
#4388=CARTESIAN_POINT('Ctrl Pts',(7.53325083686009,-4.05980101014356,5.55921539025648));
#4389=CARTESIAN_POINT('Ctrl Pts',(7.53033244452305,-4.08790059978228,5.54922202694103));
#4390=CARTESIAN_POINT('Ctrl Pts',(7.52736007840402,-4.1160036403137,5.5392028674256));
#4391=CARTESIAN_POINT('Ctrl Pts',(7.52433287832828,-4.14411020482811,5.52915795855216));
#4392=CARTESIAN_POINT('Ctrl Pts',(7.5212499721663,-4.17222035726733,5.51908734976613));
#4393=CARTESIAN_POINT('Ctrl Pts',(7.51811047658438,-4.20033415016054,5.50899109274875));
#4394=CARTESIAN_POINT('Ctrl Pts',(7.51491349697079,-4.22845162258404,5.49886924243832));
#4395=CARTESIAN_POINT('Ctrl Pts',(7.51165812782866,-4.25657279798445,5.4887218574326));
#4396=CARTESIAN_POINT('Ctrl Pts',(7.50834345297736,-4.28469768210876,5.47854900064367));
#4397=CARTESIAN_POINT('Ctrl Pts',(7.50496854583899,-4.31282626100003,5.46835073982629));
#4398=CARTESIAN_POINT('Ctrl Pts',(7.50153246974343,-4.34095849905807,5.45812714812101));
#4399=CARTESIAN_POINT('Ctrl Pts',(7.49803427822469,-4.36909433716279,5.44787830454478));
#4400=CARTESIAN_POINT('Ctrl Pts',(7.49447301538568,-4.39723369106265,5.43760429441378));
#4401=CARTESIAN_POINT('Ctrl Pts',(7.49073770996239,-4.4262304141943,5.42699269407752));
#4402=CARTESIAN_POINT('Ctrl Pts',(7.48682030428041,-4.45608472364292,5.4160408809578));
#4403=CARTESIAN_POINT('Ctrl Pts',(7.48271216865227,-4.48679677059537,5.40474616770478));
#4404=CARTESIAN_POINT('Ctrl Pts',(7.47852408182691,-4.51751223809689,5.39342200584395));
#4405=CARTESIAN_POINT('Ctrl Pts',(7.47425473932326,-4.54823085818062,5.38206854021361));
#4406=CARTESIAN_POINT('Ctrl Pts',(7.4699028204027,-4.57895235388387,5.37068591275703));
#4407=CARTESIAN_POINT('Ctrl Pts',(7.4654669864756,-4.60967644950865,5.3592742582265));
#4408=CARTESIAN_POINT('Ctrl Pts',(7.4609458792751,-4.64040288017913,5.34783370004664));
#4409=CARTESIAN_POINT('Ctrl Pts',(7.45787403910906,-4.66088856047226,5.34018746431169));
#4410=CARTESIAN_POINT('Ctrl Pts',(7.45486409342043,-4.68077209485761,5.33275691714484));
#4411=CARTESIAN_POINT('Ctrl Pts',(7.45191942030966,-4.70005340544235,5.3255431190583));
#4412=CARTESIAN_POINT('Ctrl Pts',(7.44742329441469,-4.72897685682246,5.31469695946184));
#4413=CARTESIAN_POINT('Ctrl Pts',(7.44284683668646,-4.75790167137635,5.30382538036949));
#4414=CARTESIAN_POINT('Ctrl Pts',(7.43818880865389,-4.78682776032793,5.2929284039625));
#4415=CARTESIAN_POINT('Ctrl Pts',(7.4334479476477,-4.81575507016132,5.2820060304182));
#4416=CARTESIAN_POINT('Ctrl Pts',(7.42862296555371,-4.84468358316461,5.27105823714771));
#4417=CARTESIAN_POINT('Ctrl Pts',(7.42371254752996,-4.8736133171069,5.26008497834462));
#4418=CARTESIAN_POINT('Ctrl Pts',(7.41875006262439,-4.90234336242562,5.24916258513404));
#4419=CARTESIAN_POINT('Ctrl Pts',(7.41373626953533,-4.9308737697116,5.23829158501011));
#4420=CARTESIAN_POINT('Ctrl Pts',(7.40867196461428,-4.9592046074645,5.22747248644662));
#4421=CARTESIAN_POINT('Ctrl Pts',(7.40352048993828,-4.98753695430274,5.21662859461573));
#4422=CARTESIAN_POINT('Ctrl Pts',(7.39828047988345,-5.01587091583237,5.20575978093675));
#4423=CARTESIAN_POINT('Ctrl Pts',(7.39295054390122,-5.0442065859174,5.19486591026268));
#4424=CARTESIAN_POINT('Ctrl Pts',(7.38752926622613,-5.0725440403059,5.1839468432491));
#4425=CARTESIAN_POINT('Ctrl Pts',(7.38201520515475,-5.10088333209863,5.17300243813047));
#4426=CARTESIAN_POINT('Ctrl Pts',(7.37640689178049,-5.12922448909266,5.16203255187833));
#4427=CARTESIAN_POINT('Ctrl Pts',(7.37070282817115,-5.15756751269722,5.1510370408761));
#4428=CARTESIAN_POINT('Ctrl Pts',(7.36490148494855,-5.18591237828395,5.14001576117468));
#4429=CARTESIAN_POINT('Ctrl Pts',(7.35900129815531,-5.2142590368331,5.12896856840444));
#4430=CARTESIAN_POINT('Ctrl Pts',(7.35300066543928,-5.24260741780654,5.11789531739565));
#4431=CARTESIAN_POINT('Ctrl Pts',(7.34689794113988,-5.2709574333749,5.10679586149578));
#4432=CARTESIAN_POINT('Ctrl Pts',(7.3406914307258,-5.29930898404026,5.09567005159805));
#4433=CARTESIAN_POINT('Ctrl Pts',(7.33437938291311,-5.32766196641162,5.08451773467132));
#4434=CARTESIAN_POINT('Ctrl Pts',(7.32851069492934,-5.35358380019609,5.0742977833449));
#4435=CARTESIAN_POINT('Ctrl Pts',(7.32311386304986,-5.3770740583685,5.06501749447202));
#4436=CARTESIAN_POINT('Ctrl Pts',(7.3182148507294,-5.39813241676517,5.05668336977583));
#4437=CARTESIAN_POINT('Ctrl Pts',(7.31325393850178,-5.41919146272486,5.04833428850255));
#4438=CARTESIAN_POINT('Ctrl Pts',(7.30823024474249,-5.44025124761048,5.03997015340226));
#4439=CARTESIAN_POINT('Ctrl Pts',(7.30314284122169,-5.46131187627445,5.03159084940012));
#4440=CARTESIAN_POINT('Ctrl Pts',(7.29799074485589,-5.48237352047203,5.02319623948341));
#4441=CARTESIAN_POINT('Ctrl Pts',(7.29277290946698,-5.50343643215334,5.01478616084707));
#4442=CARTESIAN_POINT('Ctrl Pts',(7.28748821625768,-5.52450095683395,5.00636042126088));
#4443=CARTESIAN_POINT('Ctrl Pts',(7.28213546342107,-5.5455675469518,4.99791879576429));
#4444=CARTESIAN_POINT('Ctrl Pts',(7.27671335440734,-5.56663677539907,4.98946102369661));
#4445=CARTESIAN_POINT('Ctrl Pts',(7.27122048481551,-5.5877093494039,4.98098680607294));
#4446=CARTESIAN_POINT('Ctrl Pts',(7.26565532722834,-5.60878612537016,4.97249580323593));
#4447=CARTESIAN_POINT('Ctrl Pts',(7.26001621414886,-5.62986812495185,4.96398763269871));
#4448=CARTESIAN_POINT('Ctrl Pts',(7.25430131697751,-5.65095655420586,4.95546186694294));
#4449=CARTESIAN_POINT('Ctrl Pts',(7.2485086232754,-5.67205282510162,4.9469180309782));
#4450=CARTESIAN_POINT('Ctrl Pts',(7.24241995134294,-5.69393469112664,4.93804073962677));
#4451=CARTESIAN_POINT('Ctrl Pts',(7.23602187537851,-5.71660558124747,4.9288268663832));
#4452=CARTESIAN_POINT('Ctrl Pts',(7.22929913358737,-5.74007013777707,4.91927287464994));
#4453=CARTESIAN_POINT('Ctrl Pts',(7.22246655226743,-5.76355536868918,4.90969342379798));
#4454=CARTESIAN_POINT('Ctrl Pts',(7.21551918809664,-5.78706540012084,4.9000875041165));
#4455=CARTESIAN_POINT('Ctrl Pts',(7.20845134316652,-5.81060504588103,4.89045404142045));
#4456=CARTESIAN_POINT('Ctrl Pts',(7.20125638834067,-5.83417996327879,4.88079189715988));
#4457=CARTESIAN_POINT('Ctrl Pts',(7.19392652484866,-5.85779686805308,4.87109986870621));
#4458=CARTESIAN_POINT('Ctrl Pts',(7.18636315842519,-5.8817466205108,4.86126050767663));
#4459=CARTESIAN_POINT('Ctrl Pts',(7.17854846802431,-5.90604168990553,4.85127106836122));
#4460=CARTESIAN_POINT('Ctrl Pts',(7.17046029396325,-5.93069869541155,4.84112840614323));
#4461=CARTESIAN_POINT('Ctrl Pts',(7.16216979499395,-5.95545318141234,4.8309468102705));
#4462=CARTESIAN_POINT('Ctrl Pts',(7.15365075514955,-5.98033126195994,4.82072314709766));
#4463=CARTESIAN_POINT('Ctrl Pts',(7.1448668202432,-6.00537092589158,4.81045287765787));
#4464=CARTESIAN_POINT('Ctrl Pts',(7.1357680008575,-6.03062606302781,4.80012955063076));
#4465=CARTESIAN_POINT('Ctrl Pts',(7.12627757736137,-6.05618194428724,4.78974352466122));
#4466=CARTESIAN_POINT('Ctrl Pts',(7.11879515022064,-6.07563401355301,4.78191084961622));
#4467=CARTESIAN_POINT('Ctrl Pts',(7.11360322345747,-6.08876266586879,4.77667707483697));
#4468=CARTESIAN_POINT('Ctrl Pts',(7.11011611242032,-6.09748011488488,4.77321740625912));
#4469=CARTESIAN_POINT('Ctrl Pts',(7.10562291459165,-6.10850843225107,4.76887486108619));
#4470=CARTESIAN_POINT('Ctrl Pts',(7.09996700824536,-6.12200983063859,4.76362995969231));
#4471=CARTESIAN_POINT('Ctrl Pts',(7.09294406036183,-6.13821039534868,4.75745978601946));
#4472=CARTESIAN_POINT('Ctrl Pts',(7.08633491106389,-6.1527349150916,4.75210242068436));
#4473=CARTESIAN_POINT('Ctrl Pts',(7.08095098765854,-6.16382613306647,4.74823365911142));
#4474=CARTESIAN_POINT('Ctrl Pts',(7.078930576588,-6.16788048776491,4.74685578698801));
#4475=CARTESIAN_POINT('Ctrl Pts',(7.07755003936932,-6.17062278656832,4.74593390516923));
#4476=CARTESIAN_POINT('Ctrl Pts',(7.07503143142295,-6.17554203139922,4.74431011016136));
#4477=CARTESIAN_POINT('Ctrl Pts',(7.07246965871405,-6.18037251946485,4.74277987364022));
#4478=CARTESIAN_POINT('Ctrl Pts',(7.07025522938575,-6.18438004515942,4.74157900980749));
#4479=CARTESIAN_POINT('Ctrl Pts',(7.06934358731923,-6.18601403465641,4.74109610703095));
#4480=CARTESIAN_POINT('Ctrl Pts',(7.0681527616142,-6.18811808896995,4.74048749408029));
#4481=CARTESIAN_POINT('Ctrl Pts',(7.06661981600345,-6.19076816804806,4.73974707350018));
#4482=CARTESIAN_POINT('Ctrl Pts',(7.06494780391811,-6.19358633597807,4.73899320703055));
#4483=CARTESIAN_POINT('Ctrl Pts',(7.06308883161843,-6.19663111380182,4.73822132212597));
#4484=CARTESIAN_POINT('Ctrl Pts',(7.06092780114021,-6.20004347324772,4.73742046447653));
#4485=CARTESIAN_POINT('Ctrl Pts',(7.05871036600901,-6.20339528105,4.73671314412935));
#4486=CARTESIAN_POINT('Ctrl Pts',(7.05671977060311,-6.20624647019646,4.73620091526832));
#4487=CARTESIAN_POINT('Ctrl Pts',(7.05549531961723,-6.20793724649204,4.73593519655938));
#4488=CARTESIAN_POINT('Ctrl Pts',(7.05476787465498,-6.20892413254932,4.73579137269533));
#4489=CARTESIAN_POINT('Ctrl Pts',(7.05402338031817,-6.20991595868258,4.73565808138853));
#4490=CARTESIAN_POINT('Ctrl Pts',(7.05327835970151,-6.21088578410358,4.73554372825453));
#4491=CARTESIAN_POINT('Ctrl Pts',(7.05277331606134,-6.21153269547877,4.73547336665578));
#4492=CARTESIAN_POINT('Ctrl Pts',(7.05239615571441,-6.2120101633238,4.73542681224109));
#4493=CARTESIAN_POINT('Ctrl Pts',(7.05215929116217,-6.21230711780915,4.73539822382652));
#4494=CARTESIAN_POINT('Ctrl Pts',(7.0519275440994,-6.21259689810327,4.73537369819778));
#4495=CARTESIAN_POINT('Ctrl Pts',(7.05182817876237,-6.21271878433572,4.73536131034093));
#4496=CARTESIAN_POINT('Ctrl Pts',(7.05160453459308,-6.21299728888718,4.73534085958113));
#4497=CARTESIAN_POINT('Ctrl Pts',(7.6364857143055,-0.549124233606982,6.60731234767632));
#4498=CARTESIAN_POINT('Ctrl Pts',(7.6363469605853,-0.557331596686476,6.60577250990778));
#4499=CARTESIAN_POINT('Ctrl Pts',(7.63606563175989,-0.57374549294134,6.60268541434397));
#4500=CARTESIAN_POINT('Ctrl Pts',(7.63563258280635,-0.598363136135357,6.59803204215838));
#4501=CARTESIAN_POINT('Ctrl Pts',(7.63518884202664,-0.622976913929923,6.59335554570642));
#4502=CARTESIAN_POINT('Ctrl Pts',(7.63473472989697,-0.647586209620454,6.58865559827255));
#4503=CARTESIAN_POINT('Ctrl Pts',(7.63427052587431,-0.672190454046297,6.58393193736903));
#4504=CARTESIAN_POINT('Ctrl Pts',(7.63379647035323,-0.696789125947561,6.57918436008849));
#4505=CARTESIAN_POINT('Ctrl Pts',(7.63331276688592,-0.721381752326171,6.57441271842129));
#4506=CARTESIAN_POINT('Ctrl Pts',(7.63281958430209,-0.745967908882741,6.5696169145265));
#4507=CARTESIAN_POINT('Ctrl Pts',(7.63231705891898,-0.770547220381657,6.56479689598299));
#4508=CARTESIAN_POINT('Ctrl Pts',(7.63180529673384,-0.795119360927633,6.55995265104495));
#4509=CARTESIAN_POINT('Ctrl Pts',(7.63128437565536,-0.819684054045862,6.55508420392101));
#4510=CARTESIAN_POINT('Ctrl Pts',(7.63075434773686,-0.844241072554066,6.55019161009593));
#4511=CARTESIAN_POINT('Ctrl Pts',(7.63021524143744,-0.868790238082103,6.54527495172197));
#4512=CARTESIAN_POINT('Ctrl Pts',(7.62966706387801,-0.893331420363404,6.54033433307764));
#4513=CARTESIAN_POINT('Ctrl Pts',(7.62910980314576,-0.917864535891942,6.53536987615115));
#4514=CARTESIAN_POINT('Ctrl Pts',(7.62853498173803,-0.942755395878976,6.530307305939));
#4515=CARTESIAN_POINT('Ctrl Pts',(7.62794207248303,-0.968003576720257,6.52514552125871));
#4516=CARTESIAN_POINT('Ctrl Pts',(7.62733051888847,-0.993608697560448,6.51988342282404));
#4517=CARTESIAN_POINT('Ctrl Pts',(7.62670883446082,-1.0192051377006,6.51459595050746));
#4518=CARTESIAN_POINT('Ctrl Pts',(7.62607693574242,-1.04479304791387,6.50928326948243));
#4519=CARTESIAN_POINT('Ctrl Pts',(7.62543473343099,-1.07037262314284,6.50394553485209));
#4520=CARTESIAN_POINT('Ctrl Pts',(7.62478213567312,-1.09594409870434,6.49858288615371));
#4521=CARTESIAN_POINT('Ctrl Pts',(7.62411905036747,-1.12150775089581,6.49319544282258));
#4522=CARTESIAN_POINT('Ctrl Pts',(7.62332586303258,-1.15159826542638,6.48682303099045));
#4523=CARTESIAN_POINT('Ctrl Pts',(7.62239486383066,-1.18621087350205,6.47944808721053));
#4524=CARTESIAN_POINT('Ctrl Pts',(7.62131666121261,-1.22534069799304,6.47104959070481));
#4525=CARTESIAN_POINT('Ctrl Pts',(7.62021297559989,-1.26445610395893,6.46259331196479));
#4526=CARTESIAN_POINT('Ctrl Pts',(7.61946009582297,-1.29052411437996,6.45691717225309));
#4527=CARTESIAN_POINT('Ctrl Pts',(7.61869848826367,-1.31659306069428,6.45122052236916));
#4528=CARTESIAN_POINT('Ctrl Pts',(7.61792814608257,-1.3426629398129,6.44550334727651));
#4529=CARTESIAN_POINT('Ctrl Pts',(7.61674681643301,-1.38175612528786,6.43686897491054));
#4530=CARTESIAN_POINT('Ctrl Pts',(7.61553965388094,-1.4208384440817,6.42817551550981));
#4531=CARTESIAN_POINT('Ctrl Pts',(7.6143767274994,-1.45769085906916,6.41991966824742));
#4532=CARTESIAN_POINT('Ctrl Pts',(7.6132629671551,-1.49231583148889,6.41211216810478));
#4533=CARTESIAN_POINT('Ctrl Pts',(7.61220292091772,-1.52471537916807,6.40476311581209));
#4534=CARTESIAN_POINT('Ctrl Pts',(7.611125267982,-1.55710909445421,6.39737162121217));
#4535=CARTESIAN_POINT('Ctrl Pts',(7.6100300862975,-1.58949729896035,6.38993716836876));
#4536=CARTESIAN_POINT('Ctrl Pts',(7.60891746552513,-1.62188029517843,6.38245920604774));
#4537=CARTESIAN_POINT('Ctrl Pts',(7.60778750603807,-1.65425836627128,6.37493714987791));
#4538=CARTESIAN_POINT('Ctrl Pts',(7.60664031754334,-1.68663177581521,6.36737038542895));
#4539=CARTESIAN_POINT('Ctrl Pts',(7.60547601787854,-1.71900076745575,6.35975827088982));
#4540=CARTESIAN_POINT('Ctrl Pts',(7.6042947317057,-1.75136556452541,6.35210013995006));
#4541=CARTESIAN_POINT('Ctrl Pts',(7.60309658924343,-1.78372636959352,6.34439530460789));
#4542=CARTESIAN_POINT('Ctrl Pts',(7.6018817249671,-1.81608336392934,6.33664305804392));
#4543=CARTESIAN_POINT('Ctrl Pts',(7.60065027631466,-1.84843670685434,6.32884267750687));
#4544=CARTESIAN_POINT('Ctrl Pts',(7.59940238238105,-1.8807865349002,6.32099342726436));
#4545=CARTESIAN_POINT('Ctrl Pts',(7.59813818261387,-1.91313296080836,6.31309456159823));
#4546=CARTESIAN_POINT('Ctrl Pts',(7.59685781550461,-1.94547607208668,6.30514532793263));
#4547=CARTESIAN_POINT('Ctrl Pts',(7.59556621881104,-1.9776961510591,6.29717460124408));
#4548=CARTESIAN_POINT('Ctrl Pts',(7.59426373063798,-2.00979327101946,6.28918229537127));
#4549=CARTESIAN_POINT('Ctrl Pts',(7.59295067900626,-2.04176747669962,6.28116834808329));
#4550=CARTESIAN_POINT('Ctrl Pts',(7.59162232137816,-2.07373851292414,6.2731022117928));
#4551=CARTESIAN_POINT('Ctrl Pts',(7.59027876796751,-2.10570633322473,6.26498316788134));
#4552=CARTESIAN_POINT('Ctrl Pts',(7.58892012033654,-2.13767086763518,6.25681050659307));
#4553=CARTESIAN_POINT('Ctrl Pts',(7.58754647006532,-2.1696320235431,6.24858352934418));
#4554=CARTESIAN_POINT('Ctrl Pts',(7.58615789741163,-2.20158968666895,6.24030155099291));
#4555=CARTESIAN_POINT('Ctrl Pts',(7.58475446996307,-2.23354372200533,6.23196390210687));
#4556=CARTESIAN_POINT('Ctrl Pts',(7.58333624127725,-2.26549397480255,6.22356993121094));
#4557=CARTESIAN_POINT('Ctrl Pts',(7.58190324951942,-2.29744027157071,6.2151190070122));
#4558=CARTESIAN_POINT('Ctrl Pts',(7.58045551607872,-2.32938242111675,6.206610520617));
#4559=CARTESIAN_POINT('Ctrl Pts',(7.57899304420268,-2.36132021561941,6.19804388769491));
#4560=CARTESIAN_POINT('Ctrl Pts',(7.57751581756799,-2.3932534317346,6.18941855068383));
#4561=CARTESIAN_POINT('Ctrl Pts',(7.57602379895903,-2.42518183176411,6.18073398082539));
#4562=CARTESIAN_POINT('Ctrl Pts',(7.57451692869423,-2.45710516482399,6.17198968048238));
#4563=CARTESIAN_POINT('Ctrl Pts',(7.57307752012865,-2.48729500090285,6.16366189505595));
#4564=CARTESIAN_POINT('Ctrl Pts',(7.57170818284527,-2.51575207907032,6.15576115089563));
#4565=CARTESIAN_POINT('Ctrl Pts',(7.57041135844529,-2.54247717168309,6.14829737186539));
#4566=CARTESIAN_POINT('Ctrl Pts',(7.56910381034516,-2.56919799668483,6.14079061853434));
#4567=CARTESIAN_POINT('Ctrl Pts',(7.56822489169017,-2.58700891882174,6.13575733810242));
#4568=CARTESIAN_POINT('Ctrl Pts',(7.56737705971849,-2.60411734365282,6.13090828404934));
#4569=CARTESIAN_POINT('Ctrl Pts',(7.56656086694085,-2.62052350387143,6.12624564076784));
#4570=CARTESIAN_POINT('Ctrl Pts',(7.56532717865449,-2.64512868374646,6.11921476998363));
#4571=CARTESIAN_POINT('Ctrl Pts',(7.56408397380337,-2.66972966235039,6.11214689002172));
#4572=CARTESIAN_POINT('Ctrl Pts',(7.56283112301572,-2.69432629838431,6.10504191391603));
#4573=CARTESIAN_POINT('Ctrl Pts',(7.56156848457411,-2.71891845048081,6.09789977154882));
#4574=CARTESIAN_POINT('Ctrl Pts',(7.56029590401843,-2.74350597759621,6.09072041015108));
#4575=CARTESIAN_POINT('Ctrl Pts',(7.55901321374198,-2.768088739366,6.08350379480575));
#4576=CARTESIAN_POINT('Ctrl Pts',(7.5577202325839,-2.7926665964324,6.0762499089622));
#4577=CARTESIAN_POINT('Ctrl Pts',(7.5564167654392,-2.8172394107372,6.0689587549384));
#4578=CARTESIAN_POINT('Ctrl Pts',(7.55510260282987,-2.84180704578879,6.06163035446376));
#4579=CARTESIAN_POINT('Ctrl Pts',(7.55377752055943,-2.86636936688773,6.0542647491478));
#4580=CARTESIAN_POINT('Ctrl Pts',(7.5524412791991,-2.89092624134565,6.04686200111991));
#4581=CARTESIAN_POINT('Ctrl Pts',(7.55109362392237,-2.91547753862265,6.03942219331324));
#4582=CARTESIAN_POINT('Ctrl Pts',(7.54973428362581,-2.94002313055253,6.03194543052573));
#4583=CARTESIAN_POINT('Ctrl Pts',(7.54836297153161,-2.964562891283,6.02443183880915));
#4584=CARTESIAN_POINT('Ctrl Pts',(7.54671883202286,-2.9937167844136,6.01545973845371));
#4585=CARTESIAN_POINT('Ctrl Pts',(7.54479190410458,-3.02748003826158,6.00500135178423));
#4586=CARTESIAN_POINT('Ctrl Pts',(7.54256922102486,-3.06584658540063,5.99302367800428));
#4587=CARTESIAN_POINT('Ctrl Pts',(7.54031294838734,-3.10419737950184,5.98095828722707));
#4588=CARTESIAN_POINT('Ctrl Pts',(7.53802154797692,-3.14253201287164,5.96880625101346));
#4589=CARTESIAN_POINT('Ctrl Pts',(7.53569336449788,-3.18085009834815,5.95656879714836));
#4590=CARTESIAN_POINT('Ctrl Pts',(7.53332662337061,-3.21915127118791,5.94424731167576));
#4591=CARTESIAN_POINT('Ctrl Pts',(7.53091942532993,-3.25743519142992,5.931843344824));
#4592=CARTESIAN_POINT('Ctrl Pts',(7.52879359766073,-3.29064266454152,5.92100911522678));
#4593=CARTESIAN_POINT('Ctrl Pts',(7.5269652953628,-3.31878073133731,5.91177887384963));
#4594=CARTESIAN_POINT('Ctrl Pts',(7.52544882242925,-3.34185526420956,5.90417922282872));
#4595=CARTESIAN_POINT('Ctrl Pts',(7.52391508037557,-3.36492323858144,5.89655174787121));
#4596=CARTESIAN_POINT('Ctrl Pts',(7.52236353624916,-3.38798466212292,5.88889691273587));
#4597=CARTESIAN_POINT('Ctrl Pts',(7.5207936427784,-3.41103956756508,5.88121518804101));
#4598=CARTESIAN_POINT('Ctrl Pts',(7.51920483832026,-3.43408801175459,5.87350705051189));
#4599=CARTESIAN_POINT('Ctrl Pts',(7.51759654892236,-3.4571300747323,5.86577297998707));
#4600=CARTESIAN_POINT('Ctrl Pts',(7.51578969590781,-3.48269093156981,5.8571628958075));
#4601=CARTESIAN_POINT('Ctrl Pts',(7.51377501075824,-3.51076812349573,5.84766679673835));
#4602=CARTESIAN_POINT('Ctrl Pts',(7.51154128178674,-3.54135908538249,5.8372739666691));
#4603=CARTESIAN_POINT('Ctrl Pts',(7.50926819579977,-3.57193994606418,5.82683924899277));
#4604=CARTESIAN_POINT('Ctrl Pts',(7.50695429234492,-3.60251117859931,5.81636370896979));
#4605=CARTESIAN_POINT('Ctrl Pts',(7.50459809927071,-3.63307331140233,5.80584837358505));
#4606=CARTESIAN_POINT('Ctrl Pts',(7.50219813829355,-3.66362692381191,5.79529422283783));
#4607=CARTESIAN_POINT('Ctrl Pts',(7.49975293023914,-3.69417264238897,5.78470218106));
#4608=CARTESIAN_POINT('Ctrl Pts',(7.49726100046461,-3.72471113685045,5.77407310837148));
#4609=CARTESIAN_POINT('Ctrl Pts',(7.49472088418502,-3.75524311615716,5.76340779227529));
#4610=CARTESIAN_POINT('Ctrl Pts',(7.49213113192213,-3.78576932452598,5.75270693928431));
#4611=CARTESIAN_POINT('Ctrl Pts',(7.48949031480587,-3.8162905374843,5.74197116686847));
#4612=CARTESIAN_POINT('Ctrl Pts',(7.4867970302033,-3.84680755791239,5.73120099508811));
#4613=CARTESIAN_POINT('Ctrl Pts',(7.48404990676015,-3.87732121213076,5.72039683929721));
#4614=CARTESIAN_POINT('Ctrl Pts',(7.48124761070913,-3.90783234593858,5.70955900094022));
#4615=CARTESIAN_POINT('Ctrl Pts',(7.47838884967113,-3.93834182084215,5.69868766289254));
#4616=CARTESIAN_POINT('Ctrl Pts',(7.47533225530571,-3.97031634925325,5.68725893718782));
#4617=CARTESIAN_POINT('Ctrl Pts',(7.47228943854576,-4.00147229448011,5.67608613353095));
#4618=CARTESIAN_POINT('Ctrl Pts',(7.46926482831425,-4.03181068415563,5.66517223916582));
#4619=CARTESIAN_POINT('Ctrl Pts',(7.46641630258109,-4.0598654323078,5.65505162108238));
#4620=CARTESIAN_POINT('Ctrl Pts',(7.46351527609513,-4.08792120190883,5.64490241654315));
#4621=CARTESIAN_POINT('Ctrl Pts',(7.46056092343733,-4.11597803177962,5.63472462195809));
#4622=CARTESIAN_POINT('Ctrl Pts',(7.4575524063945,-4.14403595520559,5.62451823753149));
#4623=CARTESIAN_POINT('Ctrl Pts',(7.45448887687722,-4.17209499770084,5.61428326307056));
#4624=CARTESIAN_POINT('Ctrl Pts',(7.45136947578214,-4.2001551749818,5.60401970083863));
#4625=CARTESIAN_POINT('Ctrl Pts',(7.44819333391493,-4.22821649074079,5.59372755515056));
#4626=CARTESIAN_POINT('Ctrl Pts',(7.4449595718373,-4.2562789347251,5.58340683352191));
#4627=CARTESIAN_POINT('Ctrl Pts',(7.44166730040555,-4.28434248044212,5.57305754704556));
#4628=CARTESIAN_POINT('Ctrl Pts',(7.43831562096065,-4.3124070831879,5.56267971113855));
#4629=CARTESIAN_POINT('Ctrl Pts',(7.43490362568715,-4.34047267804264,5.5522733461059));
#4630=CARTESIAN_POINT('Ctrl Pts',(7.43143039795684,-4.36853917795076,5.54183847774171));
#4631=CARTESIAN_POINT('Ctrl Pts',(7.42789501268112,-4.39660647186809,5.53137513787382));
#4632=CARTESIAN_POINT('Ctrl Pts',(7.42429653671761,-4.42467442317876,5.52088336484589));
#4633=CARTESIAN_POINT('Ctrl Pts',(7.42052289395016,-4.45359457755201,5.51004397996998));
#4634=CARTESIAN_POINT('Ctrl Pts',(7.41656605568082,-4.48336677587511,5.49885394822309));
#4635=CARTESIAN_POINT('Ctrl Pts',(7.4124174310818,-4.51399076442743,5.4873101425781));
#4636=CARTESIAN_POINT('Ctrl Pts',(7.40818896464167,-4.54461450517424,5.47573277040943));
#4637=CARTESIAN_POINT('Ctrl Pts',(7.40387939184843,-4.5752376594522,5.4641219180167));
#4638=CARTESIAN_POINT('Ctrl Pts',(7.39948743428072,-4.60585987911409,5.45247766937089));
#4639=CARTESIAN_POINT('Ctrl Pts',(7.39501179810621,-4.63648081668315,5.44080010177171));
#4640=CARTESIAN_POINT('Ctrl Pts',(7.39045117231124,-4.66710013493777,5.42908928171179));
#4641=CARTESIAN_POINT('Ctrl Pts',(7.38735320873116,-4.68751172206544,5.42125993455422));
#4642=CARTESIAN_POINT('Ctrl Pts',(7.38431803312599,-4.7073220165681,5.41365022034996));
#4643=CARTESIAN_POINT('Ctrl Pts',(7.38134901020537,-4.72653109894941,5.40626137486274));
#4644=CARTESIAN_POINT('Ctrl Pts',(7.37681675096409,-4.75534252001331,5.3951486615682));
#4645=CARTESIAN_POINT('Ctrl Pts',(7.37220459902257,-4.78415155340079,5.38400649937646));
#4646=CARTESIAN_POINT('Ctrl Pts',(7.36751136595038,-4.81295804682843,5.37283486401427));
#4647=CARTESIAN_POINT('Ctrl Pts',(7.36273584144164,-4.84176188259244,5.36163370957262));
#4648=CARTESIAN_POINT('Ctrl Pts',(7.3578767921715,-4.87056297798702,5.35040296774893));
#4649=CARTESIAN_POINT('Ctrl Pts',(7.35293296054351,-4.89936128503825,5.33914254745562));
#4650=CARTESIAN_POINT('Ctrl Pts',(7.34793800258773,-4.92795676870549,5.32793075923132));
#4651=CARTESIAN_POINT('Ctrl Pts',(7.34289272072802,-4.95634951209284,5.31676819020605));
#4652=CARTESIAN_POINT('Ctrl Pts',(7.33779795394234,-4.98453961847108,5.30565541081702));
#4653=CARTESIAN_POINT('Ctrl Pts',(7.33261688631378,-5.01272713131024,5.29451363206177));
#4654=CARTESIAN_POINT('Ctrl Pts',(7.32734821874725,-5.04091208974373,5.2833426858866));
#4655=CARTESIAN_POINT('Ctrl Pts',(7.32199063002302,-5.06909452005319,5.2721423986731));
#4656=CARTESIAN_POINT('Ctrl Pts',(7.31654277659965,-5.09727442918235,5.26091259371384));
#4657=CARTESIAN_POINT('Ctrl Pts',(7.31100329198623,-5.1254518000638,5.24965309307557));
#4658=CARTESIAN_POINT('Ctrl Pts',(7.30537078557575,-5.15362658877646,5.23836371882089));
#4659=CARTESIAN_POINT('Ctrl Pts',(7.29964384092439,-5.18179872323011,5.22704429372167));
#4660=CARTESIAN_POINT('Ctrl Pts',(7.2938210134426,-5.20996810322472,5.21569464152917));
#4661=CARTESIAN_POINT('Ctrl Pts',(7.28790082737894,-5.23813460174554,5.2043145868697));
#4662=CARTESIAN_POINT('Ctrl Pts',(7.28188177213997,-5.2662980673996,5.19290395482124));
#4663=CARTESIAN_POINT('Ctrl Pts',(7.27576229752156,-5.29445832812129,5.18146257014238));
#4664=CARTESIAN_POINT('Ctrl Pts',(7.26954080831497,-5.32261519616284,5.16999025617794));
#4665=CARTESIAN_POINT('Ctrl Pts',(7.26321565663522,-5.35076847506535,5.15848683319181));
#4666=CARTESIAN_POINT('Ctrl Pts',(7.25733680143619,-5.37650305734072,5.14794166570881));
#4667=CARTESIAN_POINT('Ctrl Pts',(7.25193226857539,-5.3998198637297,5.13836331935287));
#4668=CARTESIAN_POINT('Ctrl Pts',(7.24702755589412,-5.4207198042891,5.12975942565075));
#4669=CARTESIAN_POINT('Ctrl Pts',(7.24206219569958,-5.441617455062,5.12113798690164));
#4670=CARTESIAN_POINT('Ctrl Pts',(7.23703535731571,-5.46251281472057,5.11249889415852));
#4671=CARTESIAN_POINT('Ctrl Pts',(7.23194616526222,-5.48340593136194,5.10384201974432));
#4672=CARTESIAN_POINT('Ctrl Pts',(7.22679369113964,-5.50429691527964,5.09516721279878));
#4673=CARTESIAN_POINT('Ctrl Pts',(7.22157694557693,-5.52518595148324,5.08647429508012));
#4674=CARTESIAN_POINT('Ctrl Pts',(7.21629486890046,-5.54607331222348,5.07776305693396));
#4675=CARTESIAN_POINT('Ctrl Pts',(7.21094632099802,-5.56695936934024,5.06903325355989));
#4676=CARTESIAN_POINT('Ctrl Pts',(7.20553006986422,-5.58784460665342,5.06028460155869));
#4677=CARTESIAN_POINT('Ctrl Pts',(7.20004477884779,-5.60872963249029,5.05151677576717));
#4678=CARTESIAN_POINT('Ctrl Pts',(7.19448899187402,-5.62961519297879,5.04272940628114));
#4679=CARTESIAN_POINT('Ctrl Pts',(7.18886111689336,-5.6505021862478,5.03392207558417));
#4680=CARTESIAN_POINT('Ctrl Pts',(7.18315940540132,-5.6713916793932,5.02509431546314));
#4681=CARTESIAN_POINT('Ctrl Pts',(7.17738193044032,-5.69228492737275,5.01624560358701));
#4682=CARTESIAN_POINT('Ctrl Pts',(7.17131123977608,-5.71395188276704,5.00704918044708));
#4683=CARTESIAN_POINT('Ctrl Pts',(7.16493430164139,-5.73639517817546,4.99750145635101));
#4684=CARTESIAN_POINT('Ctrl Pts',(7.15823631064226,-5.75961851390802,4.98759837298163));
#4685=CARTESIAN_POINT('Ctrl Pts',(7.15143153239702,-5.78285631664185,4.97766589961078));
#4686=CARTESIAN_POINT('Ctrl Pts',(7.14451520589624,-5.8061122679378,4.9677028760741));
#4687=CARTESIAN_POINT('Ctrl Pts',(7.13748183882633,-5.82939065304917,4.95770804645401));
#4688=CARTESIAN_POINT('Ctrl Pts',(7.13032503685305,-5.85269649503607,4.94768005092183));
#4689=CARTESIAN_POINT('Ctrl Pts',(7.12303727271546,-5.87603574097656,4.93761741473265));
#4690=CARTESIAN_POINT('Ctrl Pts',(7.1155208251952,-5.89969487695508,4.92739786199841));
#4691=CARTESIAN_POINT('Ctrl Pts',(7.10775845053172,-5.92368474800834,4.91701798589652));
#4692=CARTESIAN_POINT('Ctrl Pts',(7.09972870489501,-5.94801986490562,4.90647379094403));
#4693=CARTESIAN_POINT('Ctrl Pts',(7.09150279446835,-5.97243716173916,4.89588329218765));
#4694=CARTESIAN_POINT('Ctrl Pts',(7.08305533851861,-5.99695989428464,4.88524222957452));
#4695=CARTESIAN_POINT('Ctrl Pts',(7.07435115475759,-6.02162200143432,4.8745444364152));
#4696=CARTESIAN_POINT('Ctrl Pts',(7.06534176783754,-6.04647187326787,4.86378117035141));
#4697=CARTESIAN_POINT('Ctrl Pts',(7.05595299481635,-6.07158592053965,4.85293912775448));
#4698=CARTESIAN_POINT('Ctrl Pts',(7.0485582224299,-6.09067053684483,4.84474896361504));
#4699=CARTESIAN_POINT('Ctrl Pts',(7.04343174298529,-6.10353181196755,4.83926774810764));
#4700=CARTESIAN_POINT('Ctrl Pts',(7.03998977992623,-6.11206630278372,4.83564203464008));
#4701=CARTESIAN_POINT('Ctrl Pts',(7.0355571885107,-6.12285175627047,4.83108576258658));
#4702=CARTESIAN_POINT('Ctrl Pts',(7.02998251167459,-6.13603292107721,4.82557198229348));
#4703=CARTESIAN_POINT('Ctrl Pts',(7.02306825253139,-6.15181215896387,4.81906759524974));
#4704=CARTESIAN_POINT('Ctrl Pts',(7.01657004560146,-6.16591052236919,4.81339499570725));
#4705=CARTESIAN_POINT('Ctrl Pts',(7.01128990342089,-6.17661474396667,4.80926694398802));
#4706=CARTESIAN_POINT('Ctrl Pts',(7.00930968203471,-6.1805188895457,4.80779141511214));
#4707=CARTESIAN_POINT('Ctrl Pts',(7.00795759480853,-6.18315630615987,4.80680262610934));
#4708=CARTESIAN_POINT('Ctrl Pts',(7.00549179400688,-6.18788036953167,4.8050564764684));
#4709=CARTESIAN_POINT('Ctrl Pts',(7.00298649986702,-6.19250303526895,4.80340103564682));
#4710=CARTESIAN_POINT('Ctrl Pts',(7.00082463377737,-6.19632015097087,4.80209096390624));
#4711=CARTESIAN_POINT('Ctrl Pts',(6.99993479445519,-6.19787499848347,4.80156303102224));
#4712=CARTESIAN_POINT('Ctrl Pts',(6.99877308181265,-6.19987377594862,4.80089541983216));
#4713=CARTESIAN_POINT('Ctrl Pts',(6.99727876454547,-6.20238475089546,4.80007870662107));
#4714=CARTESIAN_POINT('Ctrl Pts',(6.99565030662905,-6.2050467379273,4.79924118647573));
#4715=CARTESIAN_POINT('Ctrl Pts',(6.99384154726888,-6.20791231759966,4.79837573532634));
#4716=CARTESIAN_POINT('Ctrl Pts',(6.99174174929046,-6.21110791687282,4.79746524220761));
#4717=CARTESIAN_POINT('Ctrl Pts',(6.9895903621302,-6.214227529225,4.79664440024754));
#4718=CARTESIAN_POINT('Ctrl Pts',(6.98766312628729,-6.21685894883752,4.79602906636604));
#4719=CARTESIAN_POINT('Ctrl Pts',(6.98647890607757,-6.21841051790808,4.79569948722224));
#4720=CARTESIAN_POINT('Ctrl Pts',(6.98577606019608,-6.21931308844122,4.79551755756006));
#4721=CARTESIAN_POINT('Ctrl Pts',(6.98505630709395,-6.22021858017563,4.7953452392364));
#4722=CARTESIAN_POINT('Ctrl Pts',(6.98433840124436,-6.22109788264542,4.79519143484961));
#4723=CARTESIAN_POINT('Ctrl Pts',(6.98384974477424,-6.22168585195328,4.7950945300494));
#4724=CARTESIAN_POINT('Ctrl Pts',(6.98348766400623,-6.22211510611054,4.79502777383624));
#4725=CARTESIAN_POINT('Ctrl Pts',(6.98325728621636,-6.22238586928602,4.79498685672095));
#4726=CARTESIAN_POINT('Ctrl Pts',(6.98303706973499,-6.22264271217492,4.7949496195402));
#4727=CARTESIAN_POINT('Ctrl Pts',(6.98293585013748,-6.22275994385361,4.79493261751142));
#4728=CARTESIAN_POINT('Ctrl Pts',(6.98272754604661,-6.22300070171478,4.79489936969165));
#4729=CARTESIAN_POINT('Ctrl Pts',(7.48459781135012,-0.581567353412338,6.76220505894746));
#4730=CARTESIAN_POINT('Ctrl Pts',(7.4845283531997,-0.589767298020668,6.76054609148308));
#4731=CARTESIAN_POINT('Ctrl Pts',(7.48438569880522,-0.606168195280481,6.7572205499624));
#4732=CARTESIAN_POINT('Ctrl Pts',(7.48416076171942,-0.630771228991089,6.7522092184307));
#4733=CARTESIAN_POINT('Ctrl Pts',(7.48392510074693,-0.655374693470275,6.74717471694541));
#4734=CARTESIAN_POINT('Ctrl Pts',(7.48367892115553,-0.679977413264893,6.7421169385433));
#4735=CARTESIAN_POINT('Ctrl Pts',(7.48342240308862,-0.704578293695674,6.73703581699778));
#4736=CARTESIAN_POINT('Ctrl Pts',(7.48315570268136,-0.729176321432994,6.73193132293274));
#4737=CARTESIAN_POINT('Ctrl Pts',(7.48287895327518,-0.753770564496049,6.72680346025687));
#4738=CARTESIAN_POINT('Ctrl Pts',(7.48259226662051,-0.778360172582838,6.72165226236996));
#4739=CARTESIAN_POINT('Ctrl Pts',(7.48229573412466,-0.802944377149308,6.71647778845049));
#4740=CARTESIAN_POINT('Ctrl Pts',(7.48198942810854,-0.827522491460398,6.71128011969847));
#4741=CARTESIAN_POINT('Ctrl Pts',(7.48167340308998,-0.852093910376082,6.70605935563452));
#4742=CARTESIAN_POINT('Ctrl Pts',(7.4813476970789,-0.876658109951434,6.70081561042688));
#4743=CARTESIAN_POINT('Ctrl Pts',(7.4810123328953,-0.901214646634278,6.69554900930575));
#4744=CARTESIAN_POINT('Ctrl Pts',(7.48066731949162,-0.925763156288104,6.69025968503058));
#4745=CARTESIAN_POINT('Ctrl Pts',(7.48031265331213,-0.950303352472942,6.68494777451216));
#4746=CARTESIAN_POINT('Ctrl Pts',(7.47994288471168,-0.975200973604109,6.67953384071243));
#4747=CARTESIAN_POINT('Ctrl Pts',(7.47955747672234,-1.00045542443377,6.67401683917891));
#4748=CARTESIAN_POINT('Ctrl Pts',(7.47915586946946,-1.02606616779365,6.66839571493689));
#4749=CARTESIAN_POINT('Ctrl Pts',(7.47874359964145,-1.05166740226394,6.66275051899019));
#4750=CARTESIAN_POINT('Ctrl Pts',(7.47832061475121,-1.07725922399578,6.65708137230514));
#4751=CARTESIAN_POINT('Ctrl Pts',(7.47788685749982,-1.10284180921155,6.65138837672637));
#4752=CARTESIAN_POINT('Ctrl Pts',(7.47744226774105,-1.12841540912972,6.64567161122196));
#4753=CARTESIAN_POINT('Ctrl Pts',(7.47698678395583,-1.15398035252676,6.63993112762359));
#4754=CARTESIAN_POINT('Ctrl Pts',(7.47643758644509,-1.18407150655405,6.63314421946196));
#4755=CARTESIAN_POINT('Ctrl Pts',(7.47578673700471,-1.2186837824002,6.6252939084275));
#4756=CARTESIAN_POINT('Ctrl Pts',(7.4750246064069,-1.2578122622167,6.61635970579958));
#4757=CARTESIAN_POINT('Ctrl Pts',(7.47423626506357,-1.29692581736531,6.60736941286288));
#4758=CARTESIAN_POINT('Ctrl Pts',(7.47369313769542,-1.32299255105119,6.60133826712716));
#4759=CARTESIAN_POINT('Ctrl Pts',(7.47314108062588,-1.34906033807679,6.59528699312022));
#4760=CARTESIAN_POINT('Ctrl Pts',(7.472580086831,-1.37512917564821,6.58921557606005));
#4761=CARTESIAN_POINT('Ctrl Pts',(7.47171201437432,-1.41422154881402,6.58005107558058));
#4762=CARTESIAN_POINT('Ctrl Pts',(7.47081728481717,-1.4533041797378,6.57082863474433));
#4763=CARTESIAN_POINT('Ctrl Pts',(7.46994818900973,-1.49015828253804,6.56207488418472));
#4764=CARTESIAN_POINT('Ctrl Pts',(7.46910974653757,-1.52478630754095,6.55380032835588));
#4765=CARTESIAN_POINT('Ctrl Pts',(7.46830661365066,-1.5571901328552,6.5460148802839));
#4766=CARTESIAN_POINT('Ctrl Pts',(7.46748504052857,-1.58958971176504,6.53818772287353));
#4767=CARTESIAN_POINT('Ctrl Pts',(7.46664502172991,-1.62198551975584,6.5303183605362));
#4768=CARTESIAN_POINT('Ctrl Pts',(7.46578655612174,-1.65437800210278,6.52240627321865));
#4769=CARTESIAN_POINT('Ctrl Pts',(7.46490964621213,-1.68676757354181,6.51445091817895));
#4770=CARTESIAN_POINT('Ctrl Pts',(7.46401429731762,-1.71915461814477,6.50645173236029));
#4771=CARTESIAN_POINT('Ctrl Pts',(7.46310051680014,-1.75153948898629,6.49840813452976));
#4772=CARTESIAN_POINT('Ctrl Pts',(7.46216831325594,-1.78392250784254,6.4903195275364));
#4773=CARTESIAN_POINT('Ctrl Pts',(7.46121769571687,-1.81630396478654,6.4821853005423));
#4774=CARTESIAN_POINT('Ctrl Pts',(7.46024867283483,-1.84868411771089,6.47400483130002));
#4775=CARTESIAN_POINT('Ctrl Pts',(7.4592612520665,-1.88106319172837,6.46577748845679));
#4776=CARTESIAN_POINT('Ctrl Pts',(7.45825543885149,-1.91344137837127,6.45750263392402));
#4777=CARTESIAN_POINT('Ctrl Pts',(7.45723123579219,-1.94581883463188,6.44917962529695));
#4778=CARTESIAN_POINT('Ctrl Pts',(7.45618864183157,-1.97819568150121,6.44080781842572));
#4779=CARTESIAN_POINT('Ctrl Pts',(7.45513158107402,-2.01045208904131,6.43241776011814));
#4780=CARTESIAN_POINT('Ctrl Pts',(7.45406028055341,-2.04258810715847,6.42400945792258));
#4781=CARTESIAN_POINT('Ctrl Pts',(7.45297496060024,-2.07460374745159,6.41558294265246));
#4782=CARTESIAN_POINT('Ctrl Pts',(7.45187160065433,-2.10661889247148,6.40710623320512));
#4783=CARTESIAN_POINT('Ctrl Pts',(7.45075017000268,-2.13863347875502,6.39857873171643));
#4784=CARTESIAN_POINT('Ctrl Pts',(7.44961062949656,-2.17064740985135,6.38999985065976));
#4785=CARTESIAN_POINT('Ctrl Pts',(7.44845293069085,-2.2026605571875,6.38136901462786));
#4786=CARTESIAN_POINT('Ctrl Pts',(7.44727701497712,-2.23467276109151,6.37268566206786));
#4787=CARTESIAN_POINT('Ctrl Pts',(7.44608281270995,-2.26668383175227,6.36394924702376));
#4788=CARTESIAN_POINT('Ctrl Pts',(7.44487024232462,-2.29869355022632,6.35515924085993));
#4789=CARTESIAN_POINT('Ctrl Pts',(7.44363920945219,-2.33070166945245,6.34631513396968));
#4790=CARTESIAN_POINT('Ctrl Pts',(7.44238960601946,-2.36270791528727,6.33741643747639));
#4791=CARTESIAN_POINT('Ctrl Pts',(7.44112130936104,-2.39471198758344,6.32846268489402));
#4792=CARTESIAN_POINT('Ctrl Pts',(7.43983418128638,-2.42671356125957,6.31945343382026));
#4793=CARTESIAN_POINT('Ctrl Pts',(7.43852806722396,-2.45871228747952,6.31038826749232));
#4794=CARTESIAN_POINT('Ctrl Pts',(7.43720279518164,-2.49070779471075,6.30126679657739));
#4795=CARTESIAN_POINT('Ctrl Pts',(7.43593097814987,-2.5209675220665,6.29258560105226));
#4796=CARTESIAN_POINT('Ctrl Pts',(7.43471594069563,-2.5494917835977,6.28435465082923));
#4797=CARTESIAN_POINT('Ctrl Pts',(7.43356082493386,-2.57628099977686,6.27658331745024));
#4798=CARTESIAN_POINT('Ctrl Pts',(7.43239171085197,-2.60306687583071,6.26877166474419));
#4799=CARTESIAN_POINT('Ctrl Pts',(7.4316028659988,-2.62092171903141,6.26353692145192));
#4800=CARTESIAN_POINT('Ctrl Pts',(7.43084048406189,-2.63807256964194,6.25849521517399));
#4801=CARTESIAN_POINT('Ctrl Pts',(7.43010528738712,-2.6545196236175,6.25364859172474));
#4802=CARTESIAN_POINT('Ctrl Pts',(7.4289902023998,-2.67918667965741,6.24634412157216));
#4803=CARTESIAN_POINT('Ctrl Pts',(7.42786268094724,-2.7038499831939,6.23900504509296));
#4804=CARTESIAN_POINT('Ctrl Pts',(7.42672256778456,-2.72850930257802,6.23163130470776));
#4805=CARTESIAN_POINT('Ctrl Pts',(7.42556969864289,-2.75316440243678,6.2242228569765));
#4806=CARTESIAN_POINT('Ctrl Pts',(7.42440389996905,-2.77781504403197,6.21677967298674));
#4807=CARTESIAN_POINT('Ctrl Pts',(7.42322498866351,-2.8024609855663,6.2093017387408));
#4808=CARTESIAN_POINT('Ctrl Pts',(7.42203277181636,-2.82710198246446,6.20178905555449));
#4809=CARTESIAN_POINT('Ctrl Pts',(7.42082704645399,-2.85173778762472,6.19424164045157));
#4810=CARTESIAN_POINT('Ctrl Pts',(7.41960759926457,-2.8763681516263,6.18665952658377));
#4811=CARTESIAN_POINT('Ctrl Pts',(7.4183742063725,-2.90099282293273,6.17904276361038));
#4812=CARTESIAN_POINT('Ctrl Pts',(7.41712663301423,-2.92561154801467,6.17139141818615));
#4813=CARTESIAN_POINT('Ctrl Pts',(7.41586463342665,-2.95022407153318,6.16370557421793));
#4814=CARTESIAN_POINT('Ctrl Pts',(7.41458795029132,-2.97483013633923,6.15598533365942));
#4815=CARTESIAN_POINT('Ctrl Pts',(7.41329631512832,-2.99942948370977,6.1482308161016));
#4816=CARTESIAN_POINT('Ctrl Pts',(7.41174334358245,-3.02865296807558,6.13897543961143));
#4817=CARTESIAN_POINT('Ctrl Pts',(7.40991686043432,-3.06249478546862,6.12819334695255));
#4818=CARTESIAN_POINT('Ctrl Pts',(7.40780132324141,-3.10094722915674,6.11585379939683));
#4819=CARTESIAN_POINT('Ctrl Pts',(7.40564532448776,-3.13937991695047,6.10343254596483));
#4820=CARTESIAN_POINT('Ctrl Pts',(7.40344752655244,-3.17779182649326,6.09093052958656));
#4821=CARTESIAN_POINT('Ctrl Pts',(7.40120651028741,-3.21618192904572,6.07834882152347));
#4822=CARTESIAN_POINT('Ctrl Pts',(7.3989207737127,-3.25454919178864,6.06568862273731));
#4823=CARTESIAN_POINT('Ctrl Pts',(7.39658872861284,-3.29289257886161,6.05295126864494));
#4824=CARTESIAN_POINT('Ctrl Pts',(7.39452334419215,-3.3261452829823,6.04183213541478));
#4825=CARTESIAN_POINT('Ctrl Pts',(7.39274326404123,-3.35431691457997,6.032363226119));
#4826=CARTESIAN_POINT('Ctrl Pts',(7.39126458045076,-3.37741586770086,6.02456948038719));
#4827=CARTESIAN_POINT('Ctrl Pts',(7.38976695844584,-3.40050500081487,6.01674951208825));
#4828=CARTESIAN_POINT('Ctrl Pts',(7.38824996667879,-3.42358418294771,6.008903697735));
#4829=CARTESIAN_POINT('Ctrl Pts',(7.38671316255773,-3.44665332078419,6.00103241260727));
#4830=CARTESIAN_POINT('Ctrl Pts',(7.38515609223079,-3.4697123569062,5.99313603022732));
#4831=CARTESIAN_POINT('Ctrl Pts',(7.38357829185921,-3.4927612690449,5.98521492014403));
#4832=CARTESIAN_POINT('Ctrl Pts',(7.38180401274572,-3.5183254731702,5.97639850128019));
#4833=CARTESIAN_POINT('Ctrl Pts',(7.37982367192208,-3.54640079033995,5.96667705431451));
#4834=CARTESIAN_POINT('Ctrl Pts',(7.3776258433658,-3.57698265214749,5.95604001541643));
#4835=CARTESIAN_POINT('Ctrl Pts',(7.37538739570325,-3.60754724507962,5.94536216659274));
#4836=CARTESIAN_POINT('Ctrl Pts',(7.37310713666271,-3.63809496939953,5.93464423807491));
#4837=CARTESIAN_POINT('Ctrl Pts',(7.37078385885357,-3.66862631981309,5.92388690980725));
#4838=CARTESIAN_POINT('Ctrl Pts',(7.36841634319267,-3.69914188093094,5.91309080493692));
#4839=CARTESIAN_POINT('Ctrl Pts',(7.36600336204687,-3.72964232399145,5.90225648306395));
#4840=CARTESIAN_POINT('Ctrl Pts',(7.36354368251922,-3.7601284029283,5.89138443377117));
#4841=CARTESIAN_POINT('Ctrl Pts',(7.36103606966786,-3.79060095067876,5.88047507021138));
#4842=CARTESIAN_POINT('Ctrl Pts',(7.35847928979123,-3.82106087537268,5.86952872278607));
#4843=CARTESIAN_POINT('Ctrl Pts',(7.35587211365346,-3.85150915643354,5.85854563308104));
#4844=CARTESIAN_POINT('Ctrl Pts',(7.35321331985531,-3.88194684085292,5.84752594758328));
#4845=CARTESIAN_POINT('Ctrl Pts',(7.35050169795893,-3.91237503898996,5.83646971229199));
#4846=CARTESIAN_POINT('Ctrl Pts',(7.34773605219334,-3.94279492118528,5.82537686575368));
#4847=CARTESIAN_POINT('Ctrl Pts',(7.34491520399839,-3.9732077127389,5.8142472359785));
#4848=CARTESIAN_POINT('Ctrl Pts',(7.34189975708377,-4.00507564439079,5.80254400670726));
#4849=CARTESIAN_POINT('Ctrl Pts',(7.33889857494544,-4.036122702809,5.79109939215839));
#4850=CARTESIAN_POINT('Ctrl Pts',(7.33591597530193,-4.06635093546488,5.77991639519732));
#4851=CARTESIAN_POINT('Ctrl Pts',(7.33310754316792,-4.09430036182297,5.76954322345451));
#4852=CARTESIAN_POINT('Ctrl Pts',(7.33024789750049,-4.12224728858325,5.75913768546558));
#4853=CARTESIAN_POINT('Ctrl Pts',(7.3273362529607,-4.15019169545365,5.74869971425028));
#4854=CARTESIAN_POINT('Ctrl Pts',(7.32437181370314,-4.1781335549944,5.73822924601071));
#4855=CARTESIAN_POINT('Ctrl Pts',(7.32135377494679,-4.20607283220062,5.72772621667422));
#4856=CARTESIAN_POINT('Ctrl Pts',(7.31828132256887,-4.23400948154604,5.71719056445467));
#4857=CARTESIAN_POINT('Ctrl Pts',(7.31515363370774,-4.26194344534196,5.70662222972912));
#4858=CARTESIAN_POINT('Ctrl Pts',(7.31196987683416,-4.28987465147453,5.6960211560993));
#4859=CARTESIAN_POINT('Ctrl Pts',(7.30872921222388,-4.31780301140397,5.68538729096318));
#4860=CARTESIAN_POINT('Ctrl Pts',(7.30543079223414,-4.34572841809823,5.67472058628003));
#4861=CARTESIAN_POINT('Ctrl Pts',(7.30207376167535,-4.37365074411178,5.66402099923478));
#4862=CARTESIAN_POINT('Ctrl Pts',(7.29865725819826,-4.40156983969529,5.65328849292214));
#4863=CARTESIAN_POINT('Ctrl Pts',(7.29518041268107,-4.42948553099229,5.64252303698523));
#4864=CARTESIAN_POINT('Ctrl Pts',(7.29164234966182,-4.4573976184975,5.63172460818396));
#4865=CARTESIAN_POINT('Ctrl Pts',(7.28793294428994,-4.4861527242163,5.62056452218658));
#4866=CARTESIAN_POINT('Ctrl Pts',(7.2840444463356,-4.5157501480679,5.60903917603319));
#4867=CARTESIAN_POINT('Ctrl Pts',(7.27996857246836,-4.54618905844506,5.59714483873369));
#4868=CARTESIAN_POINT('Ctrl Pts',(7.27581539678405,-4.5766223355719,5.58521123478937));
#4869=CARTESIAN_POINT('Ctrl Pts',(7.27158374218217,-4.60704955919635,5.57323837632752));
#4870=CARTESIAN_POINT('Ctrl Pts',(7.26727242051377,-4.63747029951896,5.56122627443057));
#4871=CARTESIAN_POINT('Ctrl Pts',(7.26288023116007,-4.66788412738015,5.54917493483177));
#4872=CARTESIAN_POINT('Ctrl Pts',(7.25840595937423,-4.69829062374076,5.53708435375186));
#4873=CARTESIAN_POINT('Ctrl Pts',(7.25536756954689,-4.71855646681328,5.52899779392338));
#4874=CARTESIAN_POINT('Ctrl Pts',(7.25239122079528,-4.73822340430812,5.52113645322612));
#4875=CARTESIAN_POINT('Ctrl Pts',(7.24948015878197,-4.75729174352428,5.5135018090218));
#4876=CARTESIAN_POINT('Ctrl Pts',(7.24503768134499,-4.78588678443095,5.50201494001323));
#4877=CARTESIAN_POINT('Ctrl Pts',(7.24051824270578,-4.81447410253395,5.49049310871595));
#4878=CARTESIAN_POINT('Ctrl Pts',(7.23592074834878,-4.84305347536807,5.47893623615001));
#4879=CARTESIAN_POINT('Ctrl Pts',(7.23124408485568,-4.87162471446006,5.46734422277208));
#4880=CARTESIAN_POINT('Ctrl Pts',(7.22648711885109,-4.90018766570281,5.45571694779822));
#4881=CARTESIAN_POINT('Ctrl Pts',(7.22164869587848,-4.92874220887351,5.44405426882583));
#4882=CARTESIAN_POINT('Ctrl Pts',(7.21676182234832,-4.95708996863388,5.43243728068884));
#4883=CARTESIAN_POINT('Ctrl Pts',(7.21182732492719,-4.98523109328523,5.42086666262143));
#4884=CARTESIAN_POINT('Ctrl Pts',(7.20684606413722,-5.01316575352223,5.40934308031425));
#4885=CARTESIAN_POINT('Ctrl Pts',(7.20178211407929,-5.04109214858136,5.39778482788715));
#4886=CARTESIAN_POINT('Ctrl Pts',(7.19663428868208,-5.06901024455963,5.3861916966577));
#4887=CARTESIAN_POINT('Ctrl Pts',(7.1914013832177,-5.09691999333162,5.37456347451057));
#4888=CARTESIAN_POINT('Ctrl Pts',(7.18608217422339,-5.12482132586102,5.3628999485597));
#4889=CARTESIAN_POINT('Ctrl Pts',(7.1806754190083,-5.15271414726195,5.35120090716838));
#4890=CARTESIAN_POINT('Ctrl Pts',(7.17517985464853,-5.18059833362033,5.33946614130021));
#4891=CARTESIAN_POINT('Ctrl Pts',(7.16959419645827,-5.20847373025729,5.32769544533229));
#4892=CARTESIAN_POINT('Ctrl Pts',(7.16391713590482,-5.23634015127773,5.31588861739409));
#4893=CARTESIAN_POINT('Ctrl Pts',(7.15814733786549,-5.26419738023263,5.3040454592999));
#4894=CARTESIAN_POINT('Ctrl Pts',(7.15228343725591,-5.29204517181713,5.29216577612409));
#4895=CARTESIAN_POINT('Ctrl Pts',(7.14632403466057,-5.31988325463665,5.28024937538891));
#4896=CARTESIAN_POINT('Ctrl Pts',(7.14026769135396,-5.34771133516883,5.26829606586975));
#4897=CARTESIAN_POINT('Ctrl Pts',(7.13411292225553,-5.37552910329368,5.2563056557773));
#4898=CARTESIAN_POINT('Ctrl Pts',(7.12839477522837,-5.40095069903713,5.24530979271444));
#4899=CARTESIAN_POINT('Ctrl Pts',(7.12313990040627,-5.42397885046176,5.23531870609805));
#4900=CARTESIAN_POINT('Ctrl Pts',(7.11837250316286,-5.44461611823864,5.22634149735649));
#4901=CARTESIAN_POINT('Ctrl Pts',(7.11354769263686,-5.4652471215491,5.21734342401476));
#4902=CARTESIAN_POINT('Ctrl Pts',(7.10866472035845,-5.4858717884782,5.20832437420099));
#4903=CARTESIAN_POINT('Ctrl Pts',(7.10372279680063,-5.50649008993748,5.19928421671632));
#4904=CARTESIAN_POINT('Ctrl Pts',(7.09872108383904,-5.52710205123574,5.19022279621392));
#4905=CARTESIAN_POINT('Ctrl Pts',(7.0936586872204,-5.54770776344572,5.18113992858213));
#4906=CARTESIAN_POINT('Ctrl Pts',(7.08853464790269,-5.56830739449673,5.17203539646432));
#4907=CARTESIAN_POINT('Ctrl Pts',(7.08334793265368,-5.58890119994159,5.16290894503396));
#4908=CARTESIAN_POINT('Ctrl Pts',(7.07809742347373,-5.60948953346683,5.15376027800002));
#4909=CARTESIAN_POINT('Ctrl Pts',(7.07278190583901,-5.63007285729709,5.1445890538422));
#4910=CARTESIAN_POINT('Ctrl Pts',(7.06740005512873,-5.65065175292151,5.13539488213142));
#4911=CARTESIAN_POINT('Ctrl Pts',(7.06195042143036,-5.67122693241891,5.12617731988689));
#4912=CARTESIAN_POINT('Ctrl Pts',(7.05643141080718,-5.69179925170681,5.11693586750085));
#4913=CARTESIAN_POINT('Ctrl Pts',(7.05084126514003,-5.71236972555972,5.10766996427268));
#4914=CARTESIAN_POINT('Ctrl Pts',(7.04496978361981,-5.73369594633328,5.09803733233796));
#4915=CARTESIAN_POINT('Ctrl Pts',(7.03880480604508,-5.75577941017601,5.08803384682949));
#4916=CARTESIAN_POINT('Ctrl Pts',(7.03233253880806,-5.77862245706745,5.07765485379332));
#4917=CARTESIAN_POINT('Ctrl Pts',(7.02576034524079,-5.80147124859486,5.06724181639725));
#4918=CARTESIAN_POINT('Ctrl Pts',(7.01908387431454,-5.82432876766894,5.05679343052265));
#4919=CARTESIAN_POINT('Ctrl Pts',(7.01229810845801,-5.84719846562349,5.04630826267224));
#4920=CARTESIAN_POINT('Ctrl Pts',(7.0053972090165,-5.87008436224183,5.03578473285237));
#4921=CARTESIAN_POINT('Ctrl Pts',(6.99837430769724,-5.89299118496685,5.02522109094582));
#4922=CARTESIAN_POINT('Ctrl Pts',(6.99113575646108,-5.91619858780266,5.0144886578275));
#4923=CARTESIAN_POINT('Ctrl Pts',(6.98366573304054,-5.93971487882048,5.00358331613828));
#4924=CARTESIAN_POINT('Ctrl Pts',(6.97594459661385,-5.96355125726132,4.99250015242503));
#4925=CARTESIAN_POINT('Ctrl Pts',(6.9680418869818,-5.98744672092718,4.98136242202428));
#4926=CARTESIAN_POINT('Ctrl Pts',(6.95993451560746,-6.01141993266253,4.97016463247288));
#4927=CARTESIAN_POINT('Ctrl Pts',(6.95159048946778,-6.03549841079372,4.95889882862302));
#4928=CARTESIAN_POINT('Ctrl Pts',(6.9429657654048,-6.05972156383143,4.94755367888146));
#4929=CARTESIAN_POINT('Ctrl Pts',(6.93399299250716,-6.08415200000405,4.93611182697739));
#4930=CARTESIAN_POINT('Ctrl Pts',(6.92694083178739,-6.10266653649954,4.92745445649438));
#4931=CARTESIAN_POINT('Ctrl Pts',(6.9220607881311,-6.11511307192558,4.92165180389888));
#4932=CARTESIAN_POINT('Ctrl Pts',(6.91878681215496,-6.12336349871328,4.91781087559698));
#4933=CARTESIAN_POINT('Ctrl Pts',(6.91457593115189,-6.1337711397188,4.91297856295138));
#4934=CARTESIAN_POINT('Ctrl Pts',(6.9092906028779,-6.14645346979286,4.90711954262414));
#4935=CARTESIAN_POINT('Ctrl Pts',(6.90275222529277,-6.16157547989163,4.90018920242595));
#4936=CARTESIAN_POINT('Ctrl Pts',(6.89663072943182,-6.17500244602289,4.89411793800195));
#4937=CARTESIAN_POINT('Ctrl Pts',(6.89168346916374,-6.18510080246309,4.8896674197211));
#4938=CARTESIAN_POINT('Ctrl Pts',(6.88983252286097,-6.18876768243773,4.88807073413433));
#4939=CARTESIAN_POINT('Ctrl Pts',(6.8885696663093,-6.19124103151861,4.88699942748644));
#4940=CARTESIAN_POINT('Ctrl Pts',(6.88627016098588,-6.19565782711193,4.88510254815507));
#4941=CARTESIAN_POINT('Ctrl Pts',(6.88394106176389,-6.19995213854116,4.88329376544104));
#4942=CARTESIAN_POINT('Ctrl Pts',(6.88193855224849,-6.20346997834071,4.88185134789221));
#4943=CARTESIAN_POINT('Ctrl Pts',(6.88111506539334,-6.20489995679565,4.88126885730448));
#4944=CARTESIAN_POINT('Ctrl Pts',(6.88004134799115,-6.20673273640531,4.88052998486679));
#4945=CARTESIAN_POINT('Ctrl Pts',(6.87866294516291,-6.20902427723334,4.87962148851516));
#4946=CARTESIAN_POINT('Ctrl Pts',(6.87716427616624,-6.21143965549161,4.87868376358046));
#4947=CARTESIAN_POINT('Ctrl Pts',(6.87550401133944,-6.21402203444874,4.87770677207127));
#4948=CARTESIAN_POINT('Ctrl Pts',(6.87358299034032,-6.21687536244805,4.87666648234701));
#4949=CARTESIAN_POINT('Ctrl Pts',(6.87162257263391,-6.21962790134043,4.87571215774622));
#4950=CARTESIAN_POINT('Ctrl Pts',(6.86987488714435,-6.22191306623845,4.87497686841538));
#4951=CARTESIAN_POINT('Ctrl Pts',(6.86880462559823,-6.22324441088677,4.87457324804692));
#4952=CARTESIAN_POINT('Ctrl Pts',(6.86817035875533,-6.22401442583176,4.87434741275206));
#4953=CARTESIAN_POINT('Ctrl Pts',(6.86752211892838,-6.22478137602578,4.87412971783166));
#4954=CARTESIAN_POINT('Ctrl Pts',(6.86687642487058,-6.22552113856437,4.87393126299084));
#4955=CARTESIAN_POINT('Ctrl Pts',(6.86643813151571,-6.22601117810793,4.87380303881555));
#4956=CARTESIAN_POINT('Ctrl Pts',(6.86611302419038,-6.22636919096097,4.87371410471741));
#4957=CARTESIAN_POINT('Ctrl Pts',(6.86590712805089,-6.22659199585339,4.87365786418393));
#4958=CARTESIAN_POINT('Ctrl Pts',(6.86570906451916,-6.22680669328464,4.87360797699431));
#4959=CARTESIAN_POINT('Ctrl Pts',(6.86561993120152,-6.22689911892234,4.87358243181651));
#4960=CARTESIAN_POINT('Ctrl Pts',(6.86543157937548,-6.22710301162568,4.87353887214983));
#4961=CARTESIAN_POINT('Ctrl Pts',(7.29775025394565,-0.611068584330204,6.8869822905021));
#4962=CARTESIAN_POINT('Ctrl Pts',(7.29777866840513,-0.619247408047311,6.88522239850778));
#4963=CARTESIAN_POINT('Ctrl Pts',(7.29783182555672,-0.635607239600022,6.88169497071071));
#4964=CARTESIAN_POINT('Ctrl Pts',(7.29790061618972,-0.660151860675004,6.87638089422317));
#4965=CARTESIAN_POINT('Ctrl Pts',(7.29795852661903,-0.684699772890748,6.87104390848773));
#4966=CARTESIAN_POINT('Ctrl Pts',(7.29800561657076,-0.709249492154105,6.86568406346271));
#4967=CARTESIAN_POINT('Ctrl Pts',(7.29804194062122,-0.733799632002298,6.86030143144071));
#4968=CARTESIAN_POINT('Ctrl Pts',(7.29806754828389,-0.758348904187798,6.85489610395085));
#4969=CARTESIAN_POINT('Ctrl Pts',(7.29808248408325,-0.78289611863038,6.84946818906468));
#4970=CARTESIAN_POINT('Ctrl Pts',(7.29808678765498,-0.807440183709337,6.84401780844286));
#4971=CARTESIAN_POINT('Ctrl Pts',(7.29808049385147,-0.831980106280273,6.83854509449231));
#4972=CARTESIAN_POINT('Ctrl Pts',(7.29806363286266,-0.856514991661361,6.83305018747296));
#4973=CARTESIAN_POINT('Ctrl Pts',(7.29803623034694,-0.881044043341146,6.82753323267312));
#4974=CARTESIAN_POINT('Ctrl Pts',(7.29799830757408,-0.905566562499937,6.82199437761228));
#4975=CARTESIAN_POINT('Ctrl Pts',(7.29794988158097,-0.930081947115677,6.81643376933965));
#4976=CARTESIAN_POINT('Ctrl Pts',(7.29789096533711,-0.95458969091146,6.81085155178028));
#4977=CARTESIAN_POINT('Ctrl Pts',(7.29782156792994,-0.979089381521717,6.8052478632533));
#4978=CARTESIAN_POINT('Ctrl Pts',(7.29774050324844,-1.00394604563317,6.79953892319368));
#4979=CARTESIAN_POINT('Ctrl Pts',(7.29764721937733,-1.02915899723029,6.79372372947154));
#4980=CARTESIAN_POINT('Ctrl Pts',(7.29754115041591,-1.05472761432078,6.78780125998277));
#4981=CARTESIAN_POINT('Ctrl Pts',(7.29742364241933,-1.08028662802819,6.78185585161278));
#4982=CARTESIAN_POINT('Ctrl Pts',(7.29729468694629,-1.10583608491696,6.77588758555057));
#4983=CARTESIAN_POINT('Ctrl Pts',(7.29715427262885,-1.13137613091117,6.76989651848204));
#4984=CARTESIAN_POINT('Ctrl Pts',(7.29700238549251,-1.15690700584702,6.76388268016095));
#4985=CARTESIAN_POINT('Ctrl Pts',(7.29683900940542,-1.1824290468601,6.75784606968313));
#4986=CARTESIAN_POINT('Ctrl Pts',(7.29663309708355,-1.21246950874719,6.7507115434415));
#4987=CARTESIAN_POINT('Ctrl Pts',(7.29637638292722,-1.24702327768599,6.74246266372765));
#4988=CARTESIAN_POINT('Ctrl Pts',(7.29605891133687,-1.28608554827556,6.73307947149364));
#4989=CARTESIAN_POINT('Ctrl Pts',(7.29571421491414,-1.32513304274692,6.72364181028913));
#4990=CARTESIAN_POINT('Ctrl Pts',(7.29546620427341,-1.3511559563176,6.71731341703772));
#4991=CARTESIAN_POINT('Ctrl Pts',(7.29520900231356,-1.37718008258087,6.71096530456639));
#4992=CARTESIAN_POINT('Ctrl Pts',(7.29494260178214,-1.40320541891842,6.70459745839792));
#4993=CARTESIAN_POINT('Ctrl Pts',(7.29451544316299,-1.44223320986295,6.69498964657213));
#4994=CARTESIAN_POINT('Ctrl Pts',(7.29406060480798,-1.48125208552898,6.68532518234013));
#4995=CARTESIAN_POINT('Ctrl Pts',(7.29360537554617,-1.51804697575631,6.67615571551484));
#4996=CARTESIAN_POINT('Ctrl Pts',(7.29315490159127,-1.55262026029346,6.6674915124702));
#4997=CARTESIAN_POINT('Ctrl Pts',(7.29271397840289,-1.5849736971463,6.65934227710946));
#4998=CARTESIAN_POINT('Ctrl Pts',(7.29225364271358,-1.61732380140362,6.65115224000196));
#4999=CARTESIAN_POINT('Ctrl Pts',(7.29177379875715,-1.64967111404755,6.64292093655718));
#5000=CARTESIAN_POINT('Ctrl Pts',(7.29127434557791,-1.68201614102234,6.63464788622741));
#5001=CARTESIAN_POINT('Ctrl Pts',(7.29075517680511,-1.71435935281318,6.62633259390839));
#5002=CARTESIAN_POINT('Ctrl Pts',(7.29021618050417,-1.74670118429039,6.61797455173881));
#5003=CARTESIAN_POINT('Ctrl Pts',(7.28965723898288,-1.77904203432472,6.6095732407616));
#5004=CARTESIAN_POINT('Ctrl Pts',(7.28907822860836,-1.81138226544872,6.60112813265925));
#5005=CARTESIAN_POINT('Ctrl Pts',(7.28847901961089,-1.84372220340999,6.59263869148653));
#5006=CARTESIAN_POINT('Ctrl Pts',(7.28785947588685,-1.87606213665359,6.58410437544078));
#5007=CARTESIAN_POINT('Ctrl Pts',(7.28721945479778,-1.90840231567977,6.57552463866683));
#5008=CARTESIAN_POINT('Ctrl Pts',(7.28655880696851,-1.9407429521985,6.56689893312765));
#5009=CARTESIAN_POINT('Ctrl Pts',(7.28587737608874,-1.97308421811992,6.55822671052998));
#5010=CARTESIAN_POINT('Ctrl Pts',(7.28517499871468,-2.0054262440087,6.54950742441396));
#5011=CARTESIAN_POINT('Ctrl Pts',(7.28445418372122,-2.03764932800888,6.54077300253615));
#5012=CARTESIAN_POINT('Ctrl Pts',(7.28371502801287,-2.0697535010204,6.53202353077907));
#5013=CARTESIAN_POINT('Ctrl Pts',(7.28295762562298,-2.10173875087826,6.52325911691472));
#5014=CARTESIAN_POINT('Ctrl Pts',(7.28217903101667,-2.13372483023935,6.51444661014261));
#5015=CARTESIAN_POINT('Ctrl Pts',(7.28137904885319,-2.16571165953384,6.5055855169296));
#5016=CARTESIAN_POINT('Ctrl Pts',(7.28055747567507,-2.19769912114739,6.49667535460098));
#5017=CARTESIAN_POINT('Ctrl Pts',(7.2797140996582,-2.22968706023622,6.4877156526629));
#5018=CARTESIAN_POINT('Ctrl Pts',(7.2788487003607,-2.26167528571184,6.47870595407461));
#5019=CARTESIAN_POINT('Ctrl Pts',(7.27796104846598,-2.2936635711535,6.46964581653381));
#5020=CARTESIAN_POINT('Ctrl Pts',(7.27705090552118,-2.32565165576686,6.4605348137438));
#5021=CARTESIAN_POINT('Ctrl Pts',(7.27611802367292,-2.35763924534678,6.45137253667067));
#5022=CARTESIAN_POINT('Ctrl Pts',(7.27516214539463,-2.389626013255,6.44215859479325));
#5023=CARTESIAN_POINT('Ctrl Pts',(7.27418300321894,-2.42161160144157,6.4328926173214));
#5024=CARTESIAN_POINT('Ctrl Pts',(7.27318031944532,-2.45359562144135,6.42357425443917));
#5025=CARTESIAN_POINT('Ctrl Pts',(7.2721538058884,-2.48557765550053,6.41420317843773));
#5026=CARTESIAN_POINT('Ctrl Pts',(7.27110316352349,-2.51755725752305,6.40477908503801));
#5027=CARTESIAN_POINT('Ctrl Pts',(7.27008629150257,-2.54780260931657,6.3958148377406));
#5028=CARTESIAN_POINT('Ctrl Pts',(7.26910734262976,-2.57631382665515,6.38731985990768));
#5029=CARTESIAN_POINT('Ctrl Pts',(7.26817026938004,-2.60309117219056,6.37930298788023));
#5030=CARTESIAN_POINT('Ctrl Pts',(7.26721542989518,-2.62986550248003,6.37124829296921));
#5031=CARTESIAN_POINT('Ctrl Pts',(7.2665668880496,-2.64771282532414,6.36585320984705));
#5032=CARTESIAN_POINT('Ctrl Pts',(7.26593804856211,-2.66485651645078,6.36065829601797));
#5033=CARTESIAN_POINT('Ctrl Pts',(7.26532982871565,-2.68129676162908,6.35566546812384));
#5034=CARTESIAN_POINT('Ctrl Pts',(7.26440189331401,-2.70595372529222,6.34814389260804));
#5035=CARTESIAN_POINT('Ctrl Pts',(7.26345817663103,-2.7306070037931,6.34058993301897));
#5036=CARTESIAN_POINT('Ctrl Pts',(7.26249849835186,-2.75525630973811,6.33300355016727));
#5037=CARTESIAN_POINT('Ctrl Pts',(7.26152267340706,-2.77990134970392,6.32538471633332));
#5038=CARTESIAN_POINT('Ctrl Pts',(7.26053051188313,-2.80454182456169,6.31773341555144));
#5039=CARTESIAN_POINT('Ctrl Pts',(7.25952181893408,-2.82917742974677,6.31004964389227));
#5040=CARTESIAN_POINT('Ctrl Pts',(7.25849639469208,-2.85380785550286,6.30233340975686));
#5041=CARTESIAN_POINT('Ctrl Pts',(7.2574540341817,-2.87843278709921,6.29458473417172));
#5042=CARTESIAN_POINT('Ctrl Pts',(7.25639452722807,-2.90305190499812,6.28680365110107));
#5043=CARTESIAN_POINT('Ctrl Pts',(7.25531765838122,-2.92766488503053,6.27899020773915));
#5044=CARTESIAN_POINT('Ctrl Pts',(7.25422320680683,-2.95227139846678,6.27114446487249));
#5045=CARTESIAN_POINT('Ctrl Pts',(7.25311094625537,-2.97687111219979,6.2632664970924));
#5046=CARTESIAN_POINT('Ctrl Pts',(7.25198064485953,-3.001463688638,6.25535639338212));
#5047=CARTESIAN_POINT('Ctrl Pts',(7.25083206531871,-3.02604878605956,6.24741425683971));
#5048=CARTESIAN_POINT('Ctrl Pts',(7.24944518144228,-3.0552543299136,6.2379385721923));
#5049=CARTESIAN_POINT('Ctrl Pts',(7.24780537689045,-3.08907371184192,6.22690514237694));
#5050=CARTESIAN_POINT('Ctrl Pts',(7.24589430618195,-3.12749800737856,6.21428515179044));
#5051=CARTESIAN_POINT('Ctrl Pts',(7.2439352659271,-3.16589953380324,6.20158859373674));
#5052=CARTESIAN_POINT('Ctrl Pts',(7.24192720061653,-3.20427688239382,6.1888162488449));
#5053=CARTESIAN_POINT('Ctrl Pts',(7.23986901699339,-3.24262862062454,6.17596899966099));
#5054=CARTESIAN_POINT('Ctrl Pts',(7.23775958366224,-3.28095329464949,6.16304783150482));
#5055=CARTESIAN_POINT('Ctrl Pts',(7.23559772979679,-3.31924942961445,6.15005383618083));
#5056=CARTESIAN_POINT('Ctrl Pts',(7.23367513614353,-3.35245668573888,6.13871551015027));
#5057=CARTESIAN_POINT('Ctrl Pts',(7.23201306734135,-3.38058649327962,6.1290630143282));
#5058=CARTESIAN_POINT('Ctrl Pts',(7.23062944023786,-3.40364899754709,6.12111997003213));
#5059=CARTESIAN_POINT('Ctrl Pts',(7.22922525591998,-3.42669944344992,6.11315191763739));
#5060=CARTESIAN_POINT('Ctrl Pts',(7.22780021584683,-3.44973760845911,6.1051591482016));
#5061=CARTESIAN_POINT('Ctrl Pts',(7.22635401438406,-3.47276331405951,6.09714194612833));
#5062=CARTESIAN_POINT('Ctrl Pts',(7.2248863386632,-3.49577642368942,6.08910058886683));
#5063=CARTESIAN_POINT('Ctrl Pts',(7.22339686895138,-3.51877684211931,6.08103534530511));
#5064=CARTESIAN_POINT('Ctrl Pts',(7.22171958517174,-3.54428431451689,6.07205981084554));
#5065=CARTESIAN_POINT('Ctrl Pts',(7.21984473042864,-3.5722934705739,6.06216442110337));
#5066=CARTESIAN_POINT('Ctrl Pts',(7.21776086696154,-3.60279834134747,6.05133864562558));
#5067=CARTESIAN_POINT('Ctrl Pts',(7.21563573374029,-3.63328095851782,6.0404726316979));
#5068=CARTESIAN_POINT('Ctrl Pts',(7.21346849154048,-3.66374163990184,6.02956682965351));
#5069=CARTESIAN_POINT('Ctrl Pts',(7.21125828250549,-3.69418081902449,6.01862163429453));
#5070=CARTESIAN_POINT('Ctrl Pts',(7.20900423099535,-3.72459904075199,6.00763738021356));
#5071=CARTESIAN_POINT('Ctrl Pts',(7.20670544422904,-3.75499695840154,5.99661433673509));
#5072=CARTESIAN_POINT('Ctrl Pts',(7.20436101304889,-3.78537533007493,5.98555270318994));
#5073=CARTESIAN_POINT('Ctrl Pts',(7.20197001266236,-3.81573501525444,5.97445260419959));
#5074=CARTESIAN_POINT('Ctrl Pts',(7.19953150342095,-3.84607697125071,5.96331408507278));
#5075=CARTESIAN_POINT('Ctrl Pts',(7.19704453162659,-3.87640224950765,5.95213710740747));
#5076=CARTESIAN_POINT('Ctrl Pts',(7.19450813034377,-3.90671199212782,5.94092154453869));
#5077=CARTESIAN_POINT('Ctrl Pts',(7.19192132027948,-3.9370074277209,5.92966717772288));
#5078=CARTESIAN_POINT('Ctrl Pts',(7.18928311062037,-3.96728986839141,5.91837369103852));
#5079=CARTESIAN_POINT('Ctrl Pts',(7.18659250002181,-3.99756070429293,5.90704066953141));
#5080=CARTESIAN_POINT('Ctrl Pts',(7.1837166364296,-4.02927532696807,5.89512115251791));
#5081=CARTESIAN_POINT('Ctrl Pts',(7.18085481526728,-4.06016849767477,5.88346228946709));
#5082=CARTESIAN_POINT('Ctrl Pts',(7.17801114096332,-4.09024294497268,5.87206716553659));
#5083=CARTESIAN_POINT('Ctrl Pts',(7.17533388744437,-4.11804687558645,5.86149489985003));
#5084=CARTESIAN_POINT('Ctrl Pts',(7.17260819742282,-4.14584496942208,5.85088727437995));
#5085=CARTESIAN_POINT('Ctrl Pts',(7.16983334680974,-4.17363716132436,5.84024417054338));
#5086=CARTESIAN_POINT('Ctrl Pts',(7.16700860316672,-4.2014233784515,5.82956547242349));
#5087=CARTESIAN_POINT('Ctrl Pts',(7.16413322589057,-4.2292035407169,5.81885106402854));
#5088=CARTESIAN_POINT('Ctrl Pts',(7.16120646648365,-4.25697755746352,5.80810083158769));
#5089=CARTESIAN_POINT('Ctrl Pts',(7.15822756882499,-4.28474532607859,5.79731466365671));
#5090=CARTESIAN_POINT('Ctrl Pts',(7.15519576942506,-4.3125067296175,5.78649245214219));
#5091=CARTESIAN_POINT('Ctrl Pts',(7.15211029779573,-4.34026163495151,5.77563409300639));
#5092=CARTESIAN_POINT('Ctrl Pts',(7.1489703767758,-4.3680098906909,5.76473948707189));
#5093=CARTESIAN_POINT('Ctrl Pts',(7.14577522288139,-4.39575132531745,5.75380854077088));
#5094=CARTESIAN_POINT('Ctrl Pts',(7.14252404669541,-4.4234857453357,5.74284116690349));
#5095=CARTESIAN_POINT('Ctrl Pts',(7.1392160532485,-4.45121293351478,5.73183728536117));
#5096=CARTESIAN_POINT('Ctrl Pts',(7.13585044244128,-4.47893264738743,5.72079682377324));
#5097=CARTESIAN_POINT('Ctrl Pts',(7.13232251046087,-4.50748551033117,5.70938359422222));
#5098=CARTESIAN_POINT('Ctrl Pts',(7.12862499394527,-4.53687034926319,5.69759354260492));
#5099=CARTESIAN_POINT('Ctrl Pts',(7.12475013684344,-4.56708583132579,5.68542245843719));
#5100=CARTESIAN_POINT('Ctrl Pts',(7.12080265408204,-4.59729086512933,5.67320757956558));
#5101=CARTESIAN_POINT('Ctrl Pts',(7.11678147478323,-4.62748497787375,5.66094886013853));
#5102=CARTESIAN_POINT('Ctrl Pts',(7.11268551896684,-4.65766768776667,5.64864625460508));
#5103=CARTESIAN_POINT('Ctrl Pts',(7.10851369620262,-4.68783851417178,5.63629971344322));
#5104=CARTESIAN_POINT('Ctrl Pts',(7.10426490407058,-4.71799698697892,5.62390917901008));
#5105=CARTESIAN_POINT('Ctrl Pts',(7.10138031910292,-4.7380940991136,5.61561944745625));
#5106=CARTESIAN_POINT('Ctrl Pts',(7.09855497890738,-4.75759561269452,5.6075593421747));
#5107=CARTESIAN_POINT('Ctrl Pts',(7.09579192243009,-4.77650203241428,5.5997305330415));
#5108=CARTESIAN_POINT('Ctrl Pts',(7.09157627761556,-4.80484962038314,5.58794809629767));
#5109=CARTESIAN_POINT('Ctrl Pts',(7.08728859787467,-4.8331848693462,5.5761263354519));
#5110=CARTESIAN_POINT('Ctrl Pts',(7.08292789280673,-4.86150751416844,5.5642651312696));
#5111=CARTESIAN_POINT('Ctrl Pts',(7.07849315536976,-4.88981732341825,5.55236434522238));
#5112=CARTESIAN_POINT('Ctrl Pts',(7.0739833609089,-4.91811409964356,5.54042381888828));
#5113=CARTESIAN_POINT('Ctrl Pts',(7.06939746615959,-4.94639767870403,5.52844337363814));
#5114=CARTESIAN_POINT('Ctrl Pts',(7.06476679914152,-4.97447155644717,5.51650630848525));
#5115=CARTESIAN_POINT('Ctrl Pts',(7.06009216791074,-5.00233595364242,5.50461338033823));
#5116=CARTESIAN_POINT('Ctrl Pts',(7.0553744110007,-5.0299911142574,5.49276533526024));
#5117=CARTESIAN_POINT('Ctrl Pts',(7.0505795473401,-5.05763324367549,5.48087816951333));
#5118=CARTESIAN_POINT('Ctrl Pts',(7.04570650771474,-5.0852622623071,5.468951649062));
#5119=CARTESIAN_POINT('Ctrl Pts',(7.04075420685337,-5.11287807503712,5.45698553877726));
#5120=CARTESIAN_POINT('Ctrl Pts',(7.03572154344785,-5.14048056429051,5.44497960529521));
#5121=CARTESIAN_POINT('Ctrl Pts',(7.03060739979338,-5.1680695847787,5.43293361921549));
#5122=CARTESIAN_POINT('Ctrl Pts',(7.02541064096301,-5.19564495992824,5.42084735661453));
#5123=CARTESIAN_POINT('Ctrl Pts',(7.0201301135092,-5.22320647966032,5.40872060000517));
#5124=CARTESIAN_POINT('Ctrl Pts',(7.01476464366483,-5.25075389935822,5.39655313880483));
#5125=CARTESIAN_POINT('Ctrl Pts',(7.00931303495923,-5.27828693982193,5.38434476938318));
#5126=CARTESIAN_POINT('Ctrl Pts',(7.00377406527187,-5.30580528814188,5.37209529473046));
#5127=CARTESIAN_POINT('Ctrl Pts',(6.99814648301011,-5.33330859943869,5.35980452372721));
#5128=CARTESIAN_POINT('Ctrl Pts',(6.99242900273519,-5.36079649969314,5.34747226998669));
#5129=CARTESIAN_POINT('Ctrl Pts',(6.98662029898442,-5.38826858973116,5.33509835008175));
#5130=CARTESIAN_POINT('Ctrl Pts',(6.98122526564325,-5.41336904598481,5.32374771492475));
#5131=CARTESIAN_POINT('Ctrl Pts',(6.97626862954946,-5.43610207282324,5.31343187174853));
#5132=CARTESIAN_POINT('Ctrl Pts',(6.97177282267082,-5.4564715787686,5.30416104161552));
#5133=CARTESIAN_POINT('Ctrl Pts',(6.9672239175794,-5.47683156481245,5.29486685938308));
#5134=CARTESIAN_POINT('Ctrl Pts',(6.96262124881233,-5.49718189671527,5.285549221895));
#5135=CARTESIAN_POINT('Ctrl Pts',(6.9579641145635,-5.51752247602808,5.27620800703652));
#5136=CARTESIAN_POINT('Ctrl Pts',(6.95325176995508,-5.53785325044189,5.26684306873292));
#5137=CARTESIAN_POINT('Ctrl Pts',(6.94848342030298,-5.55817422394981,5.25745423209673));
#5138=CARTESIAN_POINT('Ctrl Pts',(6.94365821342668,-5.57848546647425,5.24804128871918));
#5139=CARTESIAN_POINT('Ctrl Pts',(6.93877523132315,-5.59878712300034,5.23860399219389));
#5140=CARTESIAN_POINT('Ctrl Pts',(6.93383348084877,-5.6190794221624,5.22914205386181));
#5141=CARTESIAN_POINT('Ctrl Pts',(6.92883188339474,-5.63936268445988,5.21965513875952));
#5142=CARTESIAN_POINT('Ctrl Pts',(6.92376926302642,-5.65963733036605,5.21014286161868));
#5143=CARTESIAN_POINT('Ctrl Pts',(6.91864433322624,-5.6799038886821,5.20060478286484));
#5144=CARTESIAN_POINT('Ctrl Pts',(6.91345568062728,-5.70016300601517,5.19104040410427));
#5145=CARTESIAN_POINT('Ctrl Pts',(6.90820174748603,-5.72041545777097,5.18144916316227));
#5146=CARTESIAN_POINT('Ctrl Pts',(6.90268514387227,-5.74140667919274,5.17147672508664));
#5147=CARTESIAN_POINT('Ctrl Pts',(6.89689480094061,-5.76313713169454,5.16111863409374));
#5148=CARTESIAN_POINT('Ctrl Pts',(6.89081819506289,-5.78560789865707,5.15036987999527));
#5149=CARTESIAN_POINT('Ctrl Pts',(6.88465030859752,-5.80807663602512,5.13958404387283));
#5150=CARTESIAN_POINT('Ctrl Pts',(6.87838731463494,-5.83054561798022,5.12875978223959));
#5151=CARTESIAN_POINT('Ctrl Pts',(6.87202481043143,-5.8530174481931,5.11789560818564));
#5152=CARTESIAN_POINT('Ctrl Pts',(6.8655576857503,-5.87549512484925,5.10698987015609));
#5153=CARTESIAN_POINT('Ctrl Pts',(6.85897994580596,-5.89798213201585,5.09604072254302));
#5154=CARTESIAN_POINT('Ctrl Pts',(6.85220447093967,-5.92075142164991,5.08491471170416));
#5155=CARTESIAN_POINT('Ctrl Pts',(6.84521732960436,-5.94380875998994,5.07360739614552));
#5156=CARTESIAN_POINT('Ctrl Pts',(6.83800130335546,-5.96716201372869,5.06211344429103));
#5157=CARTESIAN_POINT('Ctrl Pts',(6.83062269939555,-5.99055199995925,5.05056041839231));
#5158=CARTESIAN_POINT('Ctrl Pts',(6.82306160639885,-6.01399269919947,5.03894227150147));
#5159=CARTESIAN_POINT('Ctrl Pts',(6.8152904851749,-6.0375050727928,5.02725020454385));
#5160=CARTESIAN_POINT('Ctrl Pts',(6.80727149774047,-6.06111941357105,5.01547164084992));
#5161=CARTESIAN_POINT('Ctrl Pts',(6.79894692439904,-6.08488421132007,5.00358719283382));
#5162=CARTESIAN_POINT('Ctrl Pts',(6.79242265975186,-6.10284206237003,4.99458925136884));
#5163=CARTESIAN_POINT('Ctrl Pts',(6.78791936627566,-6.11488234063555,4.9885546740674));
#5164=CARTESIAN_POINT('Ctrl Pts',(6.78490141633028,-6.1228542188226,4.98455915531296));
#5165=CARTESIAN_POINT('Ctrl Pts',(6.78102683164672,-6.13289078794691,4.97953002576917));
#5166=CARTESIAN_POINT('Ctrl Pts',(6.77617752093567,-6.14508185030888,4.97342763932799));
#5167=CARTESIAN_POINT('Ctrl Pts',(6.7702014122184,-6.15955447164154,4.96620140774983));
#5168=CARTESIAN_POINT('Ctrl Pts',(6.76463802562695,-6.17231630749617,4.95985942355046));
#5169=CARTESIAN_POINT('Ctrl Pts',(6.76017914471753,-6.18181053408371,4.95519603762486));
#5170=CARTESIAN_POINT('Ctrl Pts',(6.75851704473728,-6.18524078903774,4.95352048187545));
#5171=CARTESIAN_POINT('Ctrl Pts',(6.75738445276288,-6.18755010274535,4.95239559966413));
#5172=CARTESIAN_POINT('Ctrl Pts',(6.75532707977722,-6.19165973550796,4.9504017462268));
#5173=CARTESIAN_POINT('Ctrl Pts',(6.75325338445234,-6.1956253677328,4.94849596722886));
#5174=CARTESIAN_POINT('Ctrl Pts',(6.75148090125,-6.198842715132,4.94697131633631));
#5175=CARTESIAN_POINT('Ctrl Pts',(6.75075306788059,-6.20014735276063,4.94635510717658));
#5176=CARTESIAN_POINT('Ctrl Pts',(6.74980602520742,-6.20181338175366,4.94557247447683));
#5177=CARTESIAN_POINT('Ctrl Pts',(6.74859412515227,-6.20388431265167,4.94460818273853));
#5178=CARTESIAN_POINT('Ctrl Pts',(6.74728143013127,-6.20605156629738,4.94361025849859));
#5179=CARTESIAN_POINT('Ctrl Pts',(6.7458333854936,-6.20834876736172,4.94256713836776));
#5180=CARTESIAN_POINT('Ctrl Pts',(6.74416708648477,-6.21085698807562,4.94145114048271));
#5181=CARTESIAN_POINT('Ctrl Pts',(6.74247780617842,-6.21323905738979,4.94042048295194));
#5182=CARTESIAN_POINT('Ctrl Pts',(6.74098409695926,-6.2151741096389,4.93961814423038));
#5183=CARTESIAN_POINT('Ctrl Pts',(6.74007457424548,-6.216282791548,4.93917384278383));
#5184=CARTESIAN_POINT('Ctrl Pts',(6.73953696835527,-6.21691858123067,4.93892402405429));
#5185=CARTESIAN_POINT('Ctrl Pts',(6.73898925720537,-6.21754574763468,4.93868188352167));
#5186=CARTESIAN_POINT('Ctrl Pts',(6.73844522334119,-6.21814358012068,4.93845932151854));
#5187=CARTESIAN_POINT('Ctrl Pts',(6.73807737969828,-6.21853538957408,4.93831467599699));
#5188=CARTESIAN_POINT('Ctrl Pts',(6.73780440025066,-6.21882030194284,4.93821374634544));
#5189=CARTESIAN_POINT('Ctrl Pts',(6.73763248337184,-6.21899580415806,4.93814975773768));
#5190=CARTESIAN_POINT('Ctrl Pts',(6.73746599319318,-6.21916590060743,4.93809270663126));
#5191=CARTESIAN_POINT('Ctrl Pts',(6.7373928717999,-6.21923656992473,4.93806356868832));
#5192=CARTESIAN_POINT('Ctrl Pts',(6.73723367591147,-6.2193987177832,4.93801343829673));
#5193=CARTESIAN_POINT('Ctrl Pts',(7.08608268890673,-0.635463089681136,6.97131001156536));
#5194=CARTESIAN_POINT('Ctrl Pts',(7.08623094894471,-0.643608011142008,6.96947737920507));
#5195=CARTESIAN_POINT('Ctrl Pts',(7.08652381982096,-0.659900434564871,6.96580461340514));
#5196=CARTESIAN_POINT('Ctrl Pts',(7.08695204071562,-0.684345114546517,6.96027305236564));
#5197=CARTESIAN_POINT('Ctrl Pts',(7.08736905777812,-0.708794236254918,6.95471918672444));
#5198=CARTESIAN_POINT('Ctrl Pts',(7.08777477096702,-0.733246293160092,6.94914313699799));
#5199=CARTESIAN_POINT('Ctrl Pts',(7.0881690974834,-0.757699874407538,6.9435450350833));
#5200=CARTESIAN_POINT('Ctrl Pts',(7.08855197066091,-0.782153665598768,6.93792502175964));
#5201=CARTESIAN_POINT('Ctrl Pts',(7.08892333882668,-0.806606448836572,6.9322832446479));
#5202=CARTESIAN_POINT('Ctrl Pts',(7.08928316416606,-0.831057103170832,6.92661985589126));
#5203=CARTESIAN_POINT('Ctrl Pts',(7.08963142157421,-0.855504604744101,6.92093500996541));
#5204=CARTESIAN_POINT('Ctrl Pts',(7.08996809750933,-0.879948026926055,6.91522886143409));
#5205=CARTESIAN_POINT('Ctrl Pts',(7.09029318884194,-0.904386540164135,6.9095015627806));
#5206=CARTESIAN_POINT('Ctrl Pts',(7.09060670170855,-0.928819411656245,6.90375326226557));
#5207=CARTESIAN_POINT('Ctrl Pts',(7.09090865036623,-0.953246004606316,6.89798410188429));
#5208=CARTESIAN_POINT('Ctrl Pts',(7.0911990560591,-0.977665777327837,6.89219421536805));
#5209=CARTESIAN_POINT('Ctrl Pts',(7.09147794588364,-1.00207828156427,6.88638372636412));
#5210=CARTESIAN_POINT('Ctrl Pts',(7.09174934068168,-1.02684721835953,6.88046576356156));
#5211=CARTESIAN_POINT('Ctrl Pts',(7.09201267053235,-1.05197190298295,6.87443934697115));
#5212=CARTESIAN_POINT('Ctrl Pts',(7.09226736204273,-1.07745171031053,6.86830347148909));
#5213=CARTESIAN_POINT('Ctrl Pts',(7.09250964602544,-1.1029226087431,6.86214550374495));
#5214=CARTESIAN_POINT('Ctrl Pts',(7.09273956805087,-1.12838460392662,6.85596549369827));
#5215=CARTESIAN_POINT('Ctrl Pts',(7.0929571728837,-1.15383780148099,6.84976346616052));
#5216=CARTESIAN_POINT('Ctrl Pts',(7.09316250298582,-1.17928240170628,6.84353941928945));
#5217=CARTESIAN_POINT('Ctrl Pts',(7.09335559775082,-1.20471870320545,6.83729332140591));
#5218=CARTESIAN_POINT('Ctrl Pts',(7.09356858680803,-1.2346587992256,6.82991295413253));
#5219=CARTESIAN_POINT('Ctrl Pts',(7.09379279200222,-1.26909787021383,6.82138232917007));
#5220=CARTESIAN_POINT('Ctrl Pts',(7.09401784795763,-1.30803138456421,6.81168197913394));
#5221=CARTESIAN_POINT('Ctrl Pts',(7.09421440897508,-1.34695097248706,6.80192858671898));
#5222=CARTESIAN_POINT('Ctrl Pts',(7.09432643251583,-1.37288911206961,6.79539063162889));
#5223=CARTESIAN_POINT('Ctrl Pts',(7.09442894200393,-1.39882866430736,6.78883337280273));
#5224=CARTESIAN_POINT('Ctrl Pts',(7.09452192991199,-1.42476962676692,6.78225679607823));
#5225=CARTESIAN_POINT('Ctrl Pts',(7.09463266705296,-1.46367141811224,6.77233725619898));
#5226=CARTESIAN_POINT('Ctrl Pts',(7.09471449746622,-1.50256477371451,6.76236244603921));
#5227=CARTESIAN_POINT('Ctrl Pts',(7.09476422397956,-1.5392416561951,6.75290159599437));
#5228=CARTESIAN_POINT('Ctrl Pts',(7.09478715673273,-1.57370431285216,6.74396474125726));
#5229=CARTESIAN_POINT('Ctrl Pts',(7.09478826340623,-1.60595440670895,6.73556136380713));
#5230=CARTESIAN_POINT('Ctrl Pts',(7.09476883949125,-1.63820132824999,6.72711825688851));
#5231=CARTESIAN_POINT('Ctrl Pts',(7.09472869359143,-1.67044558682071,6.71863499960791));
#5232=CARTESIAN_POINT('Ctrl Pts',(7.09466761829318,-1.70268765890789,6.71011116024436));
#5233=CARTESIAN_POINT('Ctrl Pts',(7.09458539047572,-1.73492798758514,6.70154629735944));
#5234=CARTESIAN_POINT('Ctrl Pts',(7.0944817719361,-1.76716698219982,6.6929399611786));
#5235=CARTESIAN_POINT('Ctrl Pts',(7.09435650986255,-1.7994050178422,6.68429169489809));
#5236=CARTESIAN_POINT('Ctrl Pts',(7.09420933737113,-1.83164243486081,6.67560103603777));
#5237=CARTESIAN_POINT('Ctrl Pts',(7.09403997400844,-1.86387953827161,6.66686751780744));
#5238=CARTESIAN_POINT('Ctrl Pts',(7.09384812626676,-1.89611659709909,6.65809067050527));
#5239=CARTESIAN_POINT('Ctrl Pts',(7.09363348809315,-1.92835384359348,6.6492700229562));
#5240=CARTESIAN_POINT('Ctrl Pts',(7.09339574140209,-1.96059147224885,6.64040510401559));
#5241=CARTESIAN_POINT('Ctrl Pts',(7.09313455659402,-1.99282963865147,6.63149544413247));
#5242=CARTESIAN_POINT('Ctrl Pts',(7.09284959307524,-2.02506845777743,6.62254057708368));
#5243=CARTESIAN_POINT('Ctrl Pts',(7.0925416445982,-2.05718859549106,6.61357337734997));
#5244=CARTESIAN_POINT('Ctrl Pts',(7.09221066665142,-2.08919006995002,6.60459398685984));
#5245=CARTESIAN_POINT('Ctrl Pts',(7.09185661608205,-2.12107285704546,6.59560256723954));
#5246=CARTESIAN_POINT('Ctrl Pts',(7.09147789125923,-2.15295631272371,6.58656518964814));
#5247=CARTESIAN_POINT('Ctrl Pts',(7.09107411748337,-2.18484034398864,6.57748144013399));
#5248=CARTESIAN_POINT('Ctrl Pts',(7.0906449124491,-2.21672481975419,6.56835091497));
#5249=CARTESIAN_POINT('Ctrl Pts',(7.09018988669869,-2.24860957153751,6.55917322163901));
#5250=CARTESIAN_POINT('Ctrl Pts',(7.08970864407935,-2.2804943943243,6.54994797976899));
#5251=CARTESIAN_POINT('Ctrl Pts',(7.08920078219537,-2.31237904736217,6.54067482208367));
#5252=CARTESIAN_POINT('Ctrl Pts',(7.08866589285908,-2.34426325500189,6.53135339533555));
#5253=CARTESIAN_POINT('Ctrl Pts',(7.088103562539,-2.37614670754423,6.52198336123162));
#5254=CARTESIAN_POINT('Ctrl Pts',(7.08751337280483,-2.40802906210194,6.51256439735113));
#5255=CARTESIAN_POINT('Ctrl Pts',(7.0868949007708,-2.43990994350932,6.5030961980377));
#5256=CARTESIAN_POINT('Ctrl Pts',(7.08624771953276,-2.4717889452034,6.49357847530861));
#5257=CARTESIAN_POINT('Ctrl Pts',(7.08557139860833,-2.50366563024581,6.48401095967521));
#5258=CARTESIAN_POINT('Ctrl Pts',(7.08486550435855,-2.5355395321484,6.47439340111204));
#5259=CARTESIAN_POINT('Ctrl Pts',(7.08416944519384,-2.56568455424217,6.46524902436088));
#5260=CARTESIAN_POINT('Ctrl Pts',(7.08348828472742,-2.59410086071626,6.45658674336997));
#5261=CARTESIAN_POINT('Ctrl Pts',(7.08282686480147,-2.62078876612852,6.44841490420063));
#5262=CARTESIAN_POINT('Ctrl Pts',(7.0821435664792,-2.64747334896216,6.44020744118413));
#5263=CARTESIAN_POINT('Ctrl Pts',(7.08167327528086,-2.66526062459974,6.43471199121548));
#5264=CARTESIAN_POINT('Ctrl Pts',(7.08121432177242,-2.68234652296653,6.42942137617915));
#5265=CARTESIAN_POINT('Ctrl Pts',(7.08076783552262,-2.69873124700861,6.42433740022504));
#5266=CARTESIAN_POINT('Ctrl Pts',(7.08007889222908,-2.72330462640924,6.41668100939694));
#5267=CARTESIAN_POINT('Ctrl Pts',(7.07937053129116,-2.74787400353694,6.40899414948005));
#5268=CARTESIAN_POINT('Ctrl Pts',(7.07864254902366,-2.7724390757402,6.40127678721652));
#5269=CARTESIAN_POINT('Ctrl Pts',(7.07789474188439,-2.79699953360306,6.39352889845875));
#5270=CARTESIAN_POINT('Ctrl Pts',(7.07712690657781,-2.82155506124629,6.38575046837062));
#5271=CARTESIAN_POINT('Ctrl Pts',(7.07633884015697,-2.84610533657217,6.37794149162762));
#5272=CARTESIAN_POINT('Ctrl Pts',(7.0755303401263,-2.87065003148505,6.37010197262827));
#5273=CARTESIAN_POINT('Ctrl Pts',(7.07470120454179,-2.89518881208654,6.36223192570981));
#5274=CARTESIAN_POINT('Ctrl Pts',(7.07385123211478,-2.91972133881858,6.35433137537584));
#5275=CARTESIAN_POINT('Ctrl Pts',(7.07298022230748,-2.94424726662222,6.34640035651725));
#5276=CARTESIAN_POINT('Ctrl Pts',(7.07208797544366,-2.96876624497844,6.33843891467756));
#5277=CARTESIAN_POINT('Ctrl Pts',(7.07117429278782,-2.99327791808966,6.33044710622488));
#5278=CARTESIAN_POINT('Ctrl Pts',(7.07023897668668,-3.01778192471785,6.32242499878084));
#5279=CARTESIAN_POINT('Ctrl Pts',(7.06928183058277,-3.04227789859096,6.31437267103975));
#5280=CARTESIAN_POINT('Ctrl Pts',(7.06811826653023,-3.07137684713707,6.30476816524181));
#5281=CARTESIAN_POINT('Ctrl Pts',(7.06673108179475,-3.10507167188515,6.29358859635469));
#5282=CARTESIAN_POINT('Ctrl Pts',(7.06509898557723,-3.1433527815165,6.28080663621942));
#5283=CARTESIAN_POINT('Ctrl Pts',(7.06341101009378,-3.18160941920707,6.26795211235522));
#5284=CARTESIAN_POINT('Ctrl Pts',(7.06166643880032,-3.21984005725927,6.25502562725077));
#5285=CARTESIAN_POINT('Ctrl Pts',(7.05986456629539,-3.25804313775932,6.24202786287205));
#5286=CARTESIAN_POINT('Ctrl Pts',(7.05800469885121,-3.29621707507664,6.22895958116569));
#5287=CARTESIAN_POINT('Ctrl Pts',(7.05608615525693,-3.3343602559734,6.21582162687026));
#5288=CARTESIAN_POINT('Ctrl Pts',(7.05436974740188,-3.36743272883756,6.2043608760519));
#5289=CARTESIAN_POINT('Ctrl Pts',(7.05287943686166,-3.39544680357543,6.19460613175544));
#5290=CARTESIAN_POINT('Ctrl Pts',(7.05163497886523,-3.41841342461162,6.18658008738465));
#5291=CARTESIAN_POINT('Ctrl Pts',(7.05036839018598,-3.44136700206318,6.17852983495928));
#5292=CARTESIAN_POINT('Ctrl Pts',(7.04907952613033,-3.46430727738799,6.17045559035875));
#5293=CARTESIAN_POINT('Ctrl Pts',(7.04776823990572,-3.48723403555077,6.16235756060181));
#5294=CARTESIAN_POINT('Ctrl Pts',(7.04643438220335,-3.51014710297462,6.15423594367373));
#5295=CARTESIAN_POINT('Ctrl Pts',(7.04507780062536,-3.53304634705172,6.14609092736887));
#5296=CARTESIAN_POINT('Ctrl Pts',(7.04354712897491,-3.55844025684683,6.13702732464416));
#5297=CARTESIAN_POINT('Ctrl Pts',(7.04183253709426,-3.58632291740746,6.12703562242051));
#5298=CARTESIAN_POINT('Ctrl Pts',(7.03992271973277,-3.61668769879321,6.11610524472464));
#5299=CARTESIAN_POINT('Ctrl Pts',(7.03797142045211,-3.64702791660969,6.10513479937989));
#5300=CARTESIAN_POINT('Ctrl Pts',(7.03597821267758,-3.67734380060041,6.09412453885718));
#5301=CARTESIAN_POINT('Ctrl Pts',(7.03394264806019,-3.70763569723658,6.08307466196485));
#5302=CARTESIAN_POINT('Ctrl Pts',(7.03186425447008,-3.73790406573193,6.0719853105047));
#5303=CARTESIAN_POINT('Ctrl Pts',(7.02974253387936,-3.76814947554956,6.06085656549393));
#5304=CARTESIAN_POINT('Ctrl Pts',(7.02757696035847,-3.79837260311088,6.04968844372813));
#5305=CARTESIAN_POINT('Ctrl Pts',(7.02536697809973,-3.82857422876495,6.03848089432361));
#5306=CARTESIAN_POINT('Ctrl Pts',(7.02311199947141,-3.8587552336055,6.02723379537428));
#5307=CARTESIAN_POINT('Ctrl Pts',(7.02081140317753,-3.88891659611893,6.01594695077126));
#5308=CARTESIAN_POINT('Ctrl Pts',(7.01846453232602,-3.91905938908142,6.00462008690907));
#5309=CARTESIAN_POINT('Ctrl Pts',(7.01607069283699,-3.94918477569348,5.99325284999526));
#5310=CARTESIAN_POINT('Ctrl Pts',(7.01362915126904,-3.9792940069867,5.98184480231794));
#5311=CARTESIAN_POINT('Ctrl Pts',(7.01113913402211,-4.00938841651248,5.97039542118388));
#5312=CARTESIAN_POINT('Ctrl Pts',(7.00847781846004,-4.04091471058746,5.95835197271528));
#5313=CARTESIAN_POINT('Ctrl Pts',(7.00582973777907,-4.07162074516982,5.94657019826341));
#5314=CARTESIAN_POINT('Ctrl Pts',(7.00319871548621,-4.10150952486564,5.93505330968851));
#5315=CARTESIAN_POINT('Ctrl Pts',(7.00072190276412,-4.12913889897272,5.92436669833331));
#5316=CARTESIAN_POINT('Ctrl Pts',(6.99820053295975,-4.15675953690539,5.91364294042249));
#5317=CARTESIAN_POINT('Ctrl Pts',(6.99563395797671,-4.18437134533564,5.90288188185779));
#5318=CARTESIAN_POINT('Ctrl Pts',(6.99302152332218,-4.21197422347147,5.89208337068689));
#5319=CARTESIAN_POINT('Ctrl Pts',(6.99036256694077,-4.23956806379875,5.88124725501442));
#5320=CARTESIAN_POINT('Ctrl Pts',(6.98765642007523,-4.26715274864394,5.87037338505391));
#5321=CARTESIAN_POINT('Ctrl Pts',(6.98490240722975,-4.29472814891097,5.85946161341345));
#5322=CARTESIAN_POINT('Ctrl Pts',(6.98209984654159,-4.32229412167611,5.8485117960897));
#5323=CARTESIAN_POINT('Ctrl Pts',(6.97924805004879,-4.34985050842199,5.83752379326546));
#5324=CARTESIAN_POINT('Ctrl Pts',(6.97634632401879,-4.3773971329763,5.82649747014418));
#5325=CARTESIAN_POINT('Ctrl Pts',(6.97339396925471,-4.4049337996857,5.81543269775913));
#5326=CARTESIAN_POINT('Ctrl Pts',(6.97039028145417,-4.43246029160248,5.80432935378543));
#5327=CARTESIAN_POINT('Ctrl Pts',(6.96733455155258,-4.45997636876494,5.79318732332462));
#5328=CARTESIAN_POINT('Ctrl Pts',(6.96422606610563,-4.48748176672754,5.78200649960872));
#5329=CARTESIAN_POINT('Ctrl Pts',(6.96096816106872,-4.51581048658279,5.77044633344791));
#5330=CARTESIAN_POINT('Ctrl Pts',(6.9575542100012,-4.54496098108899,5.75850248882464));
#5331=CARTESIAN_POINT('Ctrl Pts',(6.95397714181597,-4.57493152479063,5.74617045472583));
#5332=CARTESIAN_POINT('Ctrl Pts',(6.95033367541942,-4.60488770610538,5.73379182701222));
#5333=CARTESIAN_POINT('Ctrl Pts',(6.94662285713953,-4.63482902896806,5.72136651909743));
#5334=CARTESIAN_POINT('Ctrl Pts',(6.94284372533002,-4.66475498923493,5.70889444567214));
#5335=CARTESIAN_POINT('Ctrl Pts',(6.93899530910575,-4.69466508473687,5.69637551848325));
#5336=CARTESIAN_POINT('Ctrl Pts',(6.93507662691624,-4.72455882452304,5.68380964222542));
#5337=CARTESIAN_POINT('Ctrl Pts',(6.93241666571418,-4.744476766381,5.67540102122817));
#5338=CARTESIAN_POINT('Ctrl Pts',(6.92981158852891,-4.76380307365042,5.66722454505329));
#5339=CARTESIAN_POINT('Ctrl Pts',(6.92726416450415,-4.78253840623019,5.65928200490489));
#5340=CARTESIAN_POINT('Ctrl Pts',(6.92337821393561,-4.81062577027854,5.64732627838125));
#5341=CARTESIAN_POINT('Ctrl Pts',(6.91942658084188,-4.83869718562352,5.63532850597068));
#5342=CARTESIAN_POINT('Ctrl Pts',(6.91540838318764,-4.86675237059589,5.6232885409753));
#5343=CARTESIAN_POINT('Ctrl Pts',(6.91132272392353,-4.89479107704353,5.61120621853627));
#5344=CARTESIAN_POINT('Ctrl Pts',(6.90716869010178,-4.92281309047026,5.59908135512175));
#5345=CARTESIAN_POINT('Ctrl Pts',(6.90294535198824,-4.95081822919141,5.58691374829515));
#5346=CARTESIAN_POINT('Ctrl Pts',(6.89868158662162,-4.97861193064901,5.57478799452391));
#5347=CARTESIAN_POINT('Ctrl Pts',(6.89437814963724,-5.00619448634363,5.56270489916603));
#5348=CARTESIAN_POINT('Ctrl Pts',(6.89003582339354,-5.03356621039123,5.55066525895871));
#5349=CARTESIAN_POINT('Ctrl Pts',(6.88562335552821,-5.06092130301793,5.53858371436222));
#5350=CARTESIAN_POINT('Ctrl Pts',(6.88113979265406,-5.08825966359235,5.52646001705134));
#5351=CARTESIAN_POINT('Ctrl Pts',(6.87658416719365,-5.11558117454671,5.51429391976241));
#5352=CARTESIAN_POINT('Ctrl Pts',(6.87195549748567,-5.14288569415725,5.50208517934792));
#5353=CARTESIAN_POINT('Ctrl Pts',(6.86725278756073,-5.17017305093469,5.48983355916829));
#5354=CARTESIAN_POINT('Ctrl Pts',(6.86247502651196,-5.19744303961515,5.4775388307994));
#5355=CARTESIAN_POINT('Ctrl Pts',(6.85762118745926,-5.22469541840954,5.46520077518834));
#5356=CARTESIAN_POINT('Ctrl Pts',(6.85269022608655,-5.25192990734013,5.45281918332075));
#5357=CARTESIAN_POINT('Ctrl Pts',(6.84768107868507,-5.27914618743872,5.44039385647508));
#5358=CARTESIAN_POINT('Ctrl Pts',(6.84259265972414,-5.30634390074223,5.42792460610038));
#5359=CARTESIAN_POINT('Ctrl Pts',(6.83742385869008,-5.3335226509575,5.41541125331453));
#5360=CARTESIAN_POINT('Ctrl Pts',(6.8321735364639,-5.3606820051033,5.4028536279608));
#5361=CARTESIAN_POINT('Ctrl Pts',(6.82684052019239,-5.38782149590228,5.39025156711262));
#5362=CARTESIAN_POINT('Ctrl Pts',(6.82188830955939,-5.41261410881417,5.37868985399127));
#5363=CARTESIAN_POINT('Ctrl Pts',(6.81733933625019,-5.43506513113987,5.36818078080252));
#5364=CARTESIAN_POINT('Ctrl Pts',(6.81321393452496,-5.45517946320975,5.35873524787049));
#5365=CARTESIAN_POINT('Ctrl Pts',(6.80904047008331,-5.4752818540647,5.34926489515143));
#5366=CARTESIAN_POINT('Ctrl Pts',(6.80481835909321,-5.49537211449715,5.33976963640933));
#5367=CARTESIAN_POINT('Ctrl Pts',(6.80054698680191,-5.51545008383389,5.33024936791202));
#5368=CARTESIAN_POINT('Ctrl Pts',(6.79622570179027,-5.53551563908582,5.32070396347287));
#5369=CARTESIAN_POINT('Ctrl Pts',(6.79185381024101,-5.55556870390733,5.31113326960689));
#5370=CARTESIAN_POINT('Ctrl Pts',(6.78743056943581,-5.57560925677969,5.30153710086677));
#5371=CARTESIAN_POINT('Ctrl Pts',(6.78295518075664,-5.59563733852477,5.29191523542305));
#5372=CARTESIAN_POINT('Ctrl Pts',(6.77842678190436,-5.61565305899558,5.28226741089537));
#5373=CARTESIAN_POINT('Ctrl Pts',(6.77384443832936,-5.63565660312442,5.27259332041024));
#5374=CARTESIAN_POINT('Ctrl Pts',(6.76920713344843,-5.65564823645563,5.26289260874042));
#5375=CARTESIAN_POINT('Ctrl Pts',(6.76451375776042,-5.67562831055124,5.25316486847539));
#5376=CARTESIAN_POINT('Ctrl Pts',(6.75976309555442,-5.69559726876915,5.24340963572162));
#5377=CARTESIAN_POINT('Ctrl Pts',(6.7549538106171,-5.71555565324992,5.23362638536788));
#5378=CARTESIAN_POINT('Ctrl Pts',(6.7499053678235,-5.73623766303094,5.22345372079013));
#5379=CARTESIAN_POINT('Ctrl Pts',(6.74460793561522,-5.75764285402738,5.21288708686211));
#5380=CARTESIAN_POINT('Ctrl Pts',(6.73905043306478,-5.7797711907536,5.20192138874208));
#5381=CARTESIAN_POINT('Ctrl Pts',(6.73341147592038,-5.8018908830231,5.19091742198362));
#5382=CARTESIAN_POINT('Ctrl Pts',(6.7276878422619,-5.82400350720446,5.17987392255144));
#5383=CARTESIAN_POINT('Ctrl Pts',(6.72187584398605,-5.84611083153187,5.16878949282267));
#5384=CARTESIAN_POINT('Ctrl Pts',(6.71597122298927,-5.86821484653002,5.15766258232758));
#5385=CARTESIAN_POINT('Ctrl Pts',(6.70996901219964,-5.89031780933194,5.14649146080431));
#5386=CARTESIAN_POINT('Ctrl Pts',(6.70379039378381,-5.91268643171811,5.13514014717714));
#5387=CARTESIAN_POINT('Ctrl Pts',(6.69742366124497,-5.93532401602188,5.12360433182693));
#5388=CARTESIAN_POINT('Ctrl Pts',(6.69085446203248,-5.95823518604669,5.11187885923844));
#5389=CARTESIAN_POINT('Ctrl Pts',(6.68414474326293,-5.98116216976528,5.10009418815367));
#5390=CARTESIAN_POINT('Ctrl Pts',(6.67727841138466,-6.0041143377817,5.08824453663094));
#5391=CARTESIAN_POINT('Ctrl Pts',(6.67023330520717,-6.02710619375543,5.07632142383851));
#5392=CARTESIAN_POINT('Ctrl Pts',(6.66297906411437,-6.05015908977191,5.06431264596447));
#5393=CARTESIAN_POINT('Ctrl Pts',(6.65546966917806,-6.07330761311264,5.05219932870847));
#5394=CARTESIAN_POINT('Ctrl Pts',(6.6496064680739,-6.09074761800488,5.04303151693307));
#5395=CARTESIAN_POINT('Ctrl Pts',(6.64557367289022,-6.10240834912588,5.03688508920669));
#5396=CARTESIAN_POINT('Ctrl Pts',(6.64287508405114,-6.11011957968524,5.03281609684015));
#5397=CARTESIAN_POINT('Ctrl Pts',(6.63941921681598,-6.11980807494398,5.02769570394383));
#5398=CARTESIAN_POINT('Ctrl Pts',(6.63511148518293,-6.13153657647557,5.02148498427296));
#5399=CARTESIAN_POINT('Ctrl Pts',(6.62983192938668,-6.14539504174931,5.01413426035055));
#5400=CARTESIAN_POINT('Ctrl Pts',(6.62495703157722,-6.1575249588083,5.00768798088011));
#5401=CARTESIAN_POINT('Ctrl Pts',(6.62109900474333,-6.16644099653611,5.00295389132648));
#5402=CARTESIAN_POINT('Ctrl Pts',(6.61966869961705,-6.16964450026516,5.00125381532252));
#5403=CARTESIAN_POINT('Ctrl Pts',(6.61869611788663,-6.17179631967578,5.00011278896349));
#5404=CARTESIAN_POINT('Ctrl Pts',(6.61693571361056,-6.17561086735274,4.99809104673357));
#5405=CARTESIAN_POINT('Ctrl Pts',(6.61517467281486,-6.17926009142352,4.99616026303674));
#5406=CARTESIAN_POINT('Ctrl Pts',(6.6136835230726,-6.18218725350029,4.99461745140825));
#5407=CARTESIAN_POINT('Ctrl Pts',(6.61307257962383,-6.18337083595623,4.99399406822932));
#5408=CARTESIAN_POINT('Ctrl Pts',(6.61228027001289,-6.18487567879728,4.99320268575779));
#5409=CARTESIAN_POINT('Ctrl Pts',(6.61127158930628,-6.18673313409755,4.99222832470101));
#5410=CARTESIAN_POINT('Ctrl Pts',(6.61018566002163,-6.18866002556735,4.99122090393316));
#5411=CARTESIAN_POINT('Ctrl Pts',(6.60899612110362,-6.19068065543843,4.99016906032626));
#5412=CARTESIAN_POINT('Ctrl Pts',(6.60763979100129,-6.19285367649792,4.98904562024057));
#5413=CARTESIAN_POINT('Ctrl Pts',(6.60627999568726,-6.19487542248521,4.98801050746706));
#5414=CARTESIAN_POINT('Ctrl Pts',(6.60509460911303,-6.19646928394236,4.98720766121081));
#5415=CARTESIAN_POINT('Ctrl Pts',(6.6043799282757,-6.19736087471069,4.98676441319445));
#5416=CARTESIAN_POINT('Ctrl Pts',(6.60395953922432,-6.19786565173661,4.9865156492332));
#5417=CARTESIAN_POINT('Ctrl Pts',(6.60353334238133,-6.19835663725918,4.9862748827883));
#5418=CARTESIAN_POINT('Ctrl Pts',(6.60311279971421,-6.19881550514065,4.98605444303809));
#5419=CARTESIAN_POINT('Ctrl Pts',(6.60282963603622,-6.19911190521542,4.98591118388827));
#5420=CARTESIAN_POINT('Ctrl Pts',(6.60262031504319,-6.19932485773951,4.9858117688033));
#5421=CARTESIAN_POINT('Ctrl Pts',(6.6024887098106,-6.19945486953472,4.98574840201919));
#5422=CARTESIAN_POINT('Ctrl Pts',(6.6023615940824,-6.19958028827018,4.98569264625676));
#5423=CARTESIAN_POINT('Ctrl Pts',(6.60230573901574,-6.19963162580147,4.98566322928952));
#5424=CARTESIAN_POINT('Ctrl Pts',(6.60218453444653,-6.19975045662567,4.98561491773432));
#5425=CARTESIAN_POINT('Ctrl Pts',(6.8634372822332,-0.653140279048906,7.00957692413925));
#5426=CARTESIAN_POINT('Ctrl Pts',(6.8637168741985,-0.661241026634413,7.00770564079078));
#5427=CARTESIAN_POINT('Ctrl Pts',(6.86427235922619,-0.677444693352559,7.0039558955547));
#5428=CARTESIAN_POINT('Ctrl Pts',(6.86509415141215,-0.701755317123847,6.99830981409366));
#5429=CARTESIAN_POINT('Ctrl Pts',(6.86590421408408,-0.726069746816146,6.99264235426885));
#5430=CARTESIAN_POINT('Ctrl Pts',(6.86670229506211,-0.750386740333571,6.9869536114164));
#5431=CARTESIAN_POINT('Ctrl Pts',(6.86748818189688,-0.774705130842124,6.98124368977077));
#5432=CARTESIAN_POINT('Ctrl Pts',(6.86826169947876,-0.799023827683073,6.97551270044366));
#5433=CARTESIAN_POINT('Ctrl Pts',(6.86902270766206,-0.823341816768755,6.96976075972893));
#5434=CARTESIAN_POINT('Ctrl Pts',(6.86977109884641,-0.847658161298673,6.96398798719527));
#5435=CARTESIAN_POINT('Ctrl Pts',(6.87050679554449,-0.871972002249506,6.95819450387189));
#5436=CARTESIAN_POINT('Ctrl Pts',(6.87122974793224,-0.896282558840013,6.95238043039613));
#5437=CARTESIAN_POINT('Ctrl Pts',(6.87193993138697,-0.920589128745289,6.94654588522464));
#5438=CARTESIAN_POINT('Ctrl Pts',(6.87263734402061,-0.944891088128947,6.94069098287441));
#5439=CARTESIAN_POINT('Ctrl Pts',(6.87332200420401,-0.969187891285985,6.9348158322559));
#5440=CARTESIAN_POINT('Ctrl Pts',(6.87399394810298,-0.993479070108376,6.92892053505341));
#5441=CARTESIAN_POINT('Ctrl Pts',(6.8746532271943,-1.01776423283065,6.92300518427187));
#5442=CARTESIAN_POINT('Ctrl Pts',(6.87530955259785,-1.04240523987979,6.91698132323795));
#5443=CARTESIAN_POINT('Ctrl Pts',(6.87596233669027,-1.06740149958277,6.91084797132294));
#5444=CARTESIAN_POINT('Ctrl Pts',(6.87661099913477,-1.09275246545102,6.90460412255561));
#5445=CARTESIAN_POINT('Ctrl Pts',(6.87724618536227,-1.11809595501255,6.89833866861715));
#5446=CARTESIAN_POINT('Ctrl Pts',(6.87786799997413,-1.14343194460945,6.8920516394512));
#5447=CARTESIAN_POINT('Ctrl Pts',(6.87847654827454,-1.16876049238542,6.88574304431463));
#5448=CARTESIAN_POINT('Ctrl Pts',(6.87907193292582,-1.19408173393133,6.87941287061965));
#5449=CARTESIAN_POINT('Ctrl Pts',(6.87965425187329,-1.21939588514882,6.87306108140919));
#5450=CARTESIAN_POINT('Ctrl Pts',(6.88032461081753,-1.24919346521113,6.86555678333121));
#5451=CARTESIAN_POINT('Ctrl Pts',(6.88107386302255,-1.2834702465992,6.85688431181739));
#5452=CARTESIAN_POINT('Ctrl Pts',(6.88189116737749,-1.32222211330584,6.84702461970143));
#5453=CARTESIAN_POINT('Ctrl Pts',(6.8826785224911,-1.36096154307629,6.83711301434378));
#5454=CARTESIAN_POINT('Ctrl Pts',(6.88318348188663,-1.38678031529932,6.83047037463571));
#5455=CARTESIAN_POINT('Ctrl Pts',(6.88367854912353,-1.41260072664682,6.82380882752286));
#5456=CARTESIAN_POINT('Ctrl Pts',(6.88416371635304,-1.43842277478172,6.81712835917036));
#5457=CARTESIAN_POINT('Ctrl Pts',(6.88486134765291,-1.47714660794403,6.80705430385508));
#5458=CARTESIAN_POINT('Ctrl Pts',(6.88552865376566,-1.51586210405395,6.79692637745136));
#5459=CARTESIAN_POINT('Ctrl Pts',(6.8861291853225,-1.55237104729311,6.787322507665));
#5460=CARTESIAN_POINT('Ctrl Pts',(6.88666844904661,-1.58667550001948,6.77825252063921));
#5461=CARTESIAN_POINT('Ctrl Pts',(6.88715161651731,-1.61877706204492,6.76972567651381));
#5462=CARTESIAN_POINT('Ctrl Pts',(6.88761298936073,-1.65087484799244,6.7611602895037));
#5463=CARTESIAN_POINT('Ctrl Pts',(6.88805227646429,-1.68296924072024,6.75255599419207));
#5464=CARTESIAN_POINT('Ctrl Pts',(6.88846915963419,-1.71506059920215,6.74391241560704));
#5465=CARTESIAN_POINT('Ctrl Pts',(6.8888632944859,-1.74714925785409,6.73522917012268));
#5466=CARTESIAN_POINT('Ctrl Pts',(6.88923431188005,-1.77923552591966,6.72650586662654));
#5467=CARTESIAN_POINT('Ctrl Pts',(6.88958181910553,-1.8113196867268,6.71774210761334));
#5468=CARTESIAN_POINT('Ctrl Pts',(6.88990540117351,-1.84340199694876,6.70893749033089));
#5469=CARTESIAN_POINT('Ctrl Pts',(6.89020462205881,-1.87548268578356,6.70009160793794));
#5470=CARTESIAN_POINT('Ctrl Pts',(6.8904790259644,-1.90756195406042,6.69120405069749));
#5471=CARTESIAN_POINT('Ctrl Pts',(6.8907281385776,-1.93963997323006,6.68227440721023));
#5472=CARTESIAN_POINT('Ctrl Pts',(6.89095146833284,-1.97171688416566,6.6733022657134));
#5473=CARTESIAN_POINT('Ctrl Pts',(6.89114850768151,-2.00379279578596,6.66428721544365));
#5474=CARTESIAN_POINT('Ctrl Pts',(6.89131873436282,-2.03586778313875,6.65522884817106));
#5475=CARTESIAN_POINT('Ctrl Pts',(6.89146108351296,-2.06782309142798,6.64616047150587));
#5476=CARTESIAN_POINT('Ctrl Pts',(6.89157536778208,-2.09965873292318,6.63708225729297));
#5477=CARTESIAN_POINT('Ctrl Pts',(6.8916614057527,-2.13137468391522,6.62799439412814));
#5478=CARTESIAN_POINT('Ctrl Pts',(6.89171907454052,-2.16308966622133,6.61886263572475));
#5479=CARTESIAN_POINT('Ctrl Pts',(6.89174781682897,-2.19480357667308,6.60968661781357));
#5480=CARTESIAN_POINT('Ctrl Pts',(6.89174706850699,-2.22651627896229,6.60046598455298));
#5481=CARTESIAN_POINT('Ctrl Pts',(6.89171625985001,-2.25822760415449,6.59120038932998));
#5482=CARTESIAN_POINT('Ctrl Pts',(6.89165481670792,-2.28993735136118,6.58188949551623));
#5483=CARTESIAN_POINT('Ctrl Pts',(6.8915621616878,-2.32164528835397,6.57253297723755));
#5484=CARTESIAN_POINT('Ctrl Pts',(6.89143771533717,-2.35335115222824,6.56313052012708));
#5485=CARTESIAN_POINT('Ctrl Pts',(6.89128089732325,-2.38505465007958,6.55368182207083));
#5486=CARTESIAN_POINT('Ctrl Pts',(6.89109112761287,-2.4167554597032,6.54418659394457));
#5487=CARTESIAN_POINT('Ctrl Pts',(6.89086782764299,-2.44845323034359,6.53464456032694));
#5488=CARTESIAN_POINT('Ctrl Pts',(6.89061042150201,-2.48014758343228,6.52505546022344));
#5489=CARTESIAN_POINT('Ctrl Pts',(6.89031833707511,-2.51183811345587,6.51541904771488));
#5490=CARTESIAN_POINT('Ctrl Pts',(6.88999100725584,-2.54352438867062,6.50573509272139));
#5491=CARTESIAN_POINT('Ctrl Pts',(6.88964753263096,-2.57349058678388,6.49653029488061));
#5492=CARTESIAN_POINT('Ctrl Pts',(6.8892939302079,-2.60173716468769,6.48781312329501));
#5493=CARTESIAN_POINT('Ctrl Pts',(6.88893597021952,-2.62826469601887,6.47959150526305));
#5494=CARTESIAN_POINT('Ctrl Pts',(6.88855186602275,-2.65478798057306,6.47133604501765));
#5495=CARTESIAN_POINT('Ctrl Pts',(6.8882781597092,-2.67246712687665,6.46580978504138));
#5496=CARTESIAN_POINT('Ctrl Pts',(6.88800665699525,-2.68944887446811,6.4604901427966));
#5497=CARTESIAN_POINT('Ctrl Pts',(6.88773870723424,-2.70573346997956,6.45537883274751));
#5498=CARTESIAN_POINT('Ctrl Pts',(6.88731383557547,-2.73015594593774,6.44768294921482));
#5499=CARTESIAN_POINT('Ctrl Pts',(6.88686578726909,-2.75457373417301,6.43995810025549));
#5500=CARTESIAN_POINT('Ctrl Pts',(6.88639433762249,-2.77898655812906,6.43220424603508));
#5501=CARTESIAN_POINT('Ctrl Pts',(6.8858992671734,-2.80339413537936,6.42442135397913));
#5502=CARTESIAN_POINT('Ctrl Pts',(6.88538036198802,-2.82779617791246,6.41660939891937));
#5503=CARTESIAN_POINT('Ctrl Pts',(6.88483741395337,-2.8521923923678,6.40876836324134));
#5504=CARTESIAN_POINT('Ctrl Pts',(6.88427022107196,-2.87658248024686,6.40089823704213));
#5505=CARTESIAN_POINT('Ctrl Pts',(6.88367858774863,-2.90096613809872,6.3929990182928));
#5506=CARTESIAN_POINT('Ctrl Pts',(6.8830623250878,-2.92534305765974,6.38507071301264));
#5507=CARTESIAN_POINT('Ctrl Pts',(6.8824212511629,-2.94971292599906,6.37711333543788));
#5508=CARTESIAN_POINT('Ctrl Pts',(6.88175519134072,-2.97407542556833,6.36912690823013));
#5509=CARTESIAN_POINT('Ctrl Pts',(6.88106397847898,-2.99843023435337,6.36111146260736));
#5510=CARTESIAN_POINT('Ctrl Pts',(6.88034745339636,-3.0227770257569,6.35306703868762));
#5511=CARTESIAN_POINT('Ctrl Pts',(6.87960546473536,-3.04711546891502,6.34499368534));
#5512=CARTESIAN_POINT('Ctrl Pts',(6.8786933204962,-3.07602688960287,6.33536568994197));
#5513=CARTESIAN_POINT('Ctrl Pts',(6.8775911810312,-3.10950404093782,6.32416106986646));
#5514=CARTESIAN_POINT('Ctrl Pts',(6.87627476269487,-3.14753725354376,6.31135348376969));
#5515=CARTESIAN_POINT('Ctrl Pts',(6.8748944181544,-3.18554569817421,6.29847602439285));
#5516=CARTESIAN_POINT('Ctrl Pts',(6.8734497913525,-3.22352800307008,6.28552911664401));
#5517=CARTESIAN_POINT('Ctrl Pts',(6.87194058731767,-3.26148277128291,6.27251324818845));
#5518=CARTESIAN_POINT('Ctrl Pts',(6.87036657361542,-3.29940858293917,6.2594289697521));
#5519=CARTESIAN_POINT('Ctrl Pts',(6.86872758329844,-3.337303995733,6.24627689720573));
#5520=CARTESIAN_POINT('Ctrl Pts',(6.86724879621718,-3.37016191831698,6.23480531099231));
#5521=CARTESIAN_POINT('Ctrl Pts',(6.86595689449441,-3.39799454897855,6.22504218789891));
#5522=CARTESIAN_POINT('Ctrl Pts',(6.86487347542946,-3.42081263243687,6.21700970759012));
#5523=CARTESIAN_POINT('Ctrl Pts',(6.86376636784802,-3.44361799810494,6.20895339709734));
#5524=CARTESIAN_POINT('Ctrl Pts',(6.86263558801999,-3.4664104091885,6.20087341364885));
#5525=CARTESIAN_POINT('Ctrl Pts',(6.86148115558485,-3.48918966493351,6.19276990676092));
#5526=CARTESIAN_POINT('Ctrl Pts',(6.86030309279442,-3.51195559903573,6.18464301809304));
#5527=CARTESIAN_POINT('Ctrl Pts',(6.85910142300776,-3.53470807924793,6.1764928805122));
#5528=CARTESIAN_POINT('Ctrl Pts',(6.85774186295852,-3.55993954012274,6.16742370303079));
#5529=CARTESIAN_POINT('Ctrl Pts',(6.85621454560802,-3.58764420058512,6.15742594012754));
#5530=CARTESIAN_POINT('Ctrl Pts',(6.85450835151116,-3.61781554751069,6.14648892206917));
#5531=CARTESIAN_POINT('Ctrl Pts',(6.85276062406683,-3.64796282992619,6.13551169342797));
#5532=CARTESIAN_POINT('Ctrl Pts',(6.85097137410438,-3.67808618832728,6.12449440634188));
#5533=CARTESIAN_POINT('Ctrl Pts',(6.84914058850975,-3.70818586046598,6.11343716799519));
#5534=CARTESIAN_POINT('Ctrl Pts',(6.84726822528527,-3.73826217798302,6.1023400379986));
#5535=CARTESIAN_POINT('Ctrl Pts',(6.84535420860698,-3.76831556426013,6.09120302540939));
#5536=CARTESIAN_POINT('Ctrl Pts',(6.84339842398152,-3.79834653161031,6.08002608603539));
#5537=CARTESIAN_POINT('Ctrl Pts',(6.841400713479,-3.82835567867705,6.06880911972498));
#5538=CARTESIAN_POINT('Ctrl Pts',(6.83936087099658,-3.85834368770217,6.05755196775105));
#5539=CARTESIAN_POINT('Ctrl Pts',(6.83727863769465,-3.88831132166092,6.04625441033199));
#5540=CARTESIAN_POINT('Ctrl Pts',(6.83515369727038,-3.91825942158355,6.03491616405841));
#5541=CARTESIAN_POINT('Ctrl Pts',(6.83298567180576,-3.94818890328269,6.02353687981701));
#5542=CARTESIAN_POINT('Ctrl Pts',(6.83077411656893,-3.97810075506365,6.01211613986517));
#5543=CARTESIAN_POINT('Ctrl Pts',(6.82851851731234,-4.00799603331402,6.00065345707556));
#5544=CARTESIAN_POINT('Ctrl Pts',(6.82610776377204,-4.03931148677249,5.98859548427202));
#5545=CARTESIAN_POINT('Ctrl Pts',(6.82370913996438,-4.06980950852666,5.97679902262911));
#5546=CARTESIAN_POINT('Ctrl Pts',(6.82132617081123,-4.0994929570783,5.9652674361521));
#5547=CARTESIAN_POINT('Ctrl Pts',(6.81908305510541,-4.12693015389512,5.95456689177753));
#5548=CARTESIAN_POINT('Ctrl Pts',(6.81679978990304,-4.15435629404559,5.94382884155118));
#5549=CARTESIAN_POINT('Ctrl Pts',(6.81447581028191,-4.18177127211505,5.93305311468339));
#5550=CARTESIAN_POINT('Ctrl Pts',(6.8121105467157,-4.20917497627839,5.92223954196236));
#5551=CARTESIAN_POINT('Ctrl Pts',(6.80970342263485,-4.23656728847966,5.91138795422593));
#5552=CARTESIAN_POINT('Ctrl Pts',(6.80725385580431,-4.26394808133832,5.90049818419593));
#5553=CARTESIAN_POINT('Ctrl Pts',(6.8047612580024,-4.29131721674523,5.88957006687395));
#5554=CARTESIAN_POINT('Ctrl Pts',(6.80222503547302,-4.31867454358424,5.87860344052796));
#5555=CARTESIAN_POINT('Ctrl Pts',(6.79964458908854,-4.34601989594295,5.8675981475121));
#5556=CARTESIAN_POINT('Ctrl Pts',(6.79701931465911,-4.37335309111398,5.85655403512621));
#5557=CARTESIAN_POINT('Ctrl Pts',(6.79434860318289,-4.40067392778069,5.84547095645078));
#5558=CARTESIAN_POINT('Ctrl Pts',(6.79163184115636,-4.42798218423722,5.83434877118376));
#5559=CARTESIAN_POINT('Ctrl Pts',(6.78886841086348,-4.45527761669338,5.82318734645497));
#5560=CARTESIAN_POINT('Ctrl Pts',(6.78605769070342,-4.4825599578255,5.8119865575606));
#5561=CARTESIAN_POINT('Ctrl Pts',(6.78311231296354,-4.51065636513225,5.80040521375554));
#5562=CARTESIAN_POINT('Ctrl Pts',(6.7800263595918,-4.53956502727664,5.78843889517447));
#5563=CARTESIAN_POINT('Ctrl Pts',(6.77679351943972,-4.569283945735,5.77608299934076));
#5564=CARTESIAN_POINT('Ctrl Pts',(6.77350124942674,-4.59898562863396,5.76367974246177));
#5565=CARTESIAN_POINT('Ctrl Pts',(6.77014871778752,-4.6286695824812,5.75122901567982));
#5566=CARTESIAN_POINT('Ctrl Pts',(6.76673508545776,-4.6583353067775,5.73873071180481));
#5567=CARTESIAN_POINT('Ctrl Pts',(6.76325950489202,-4.68798230392395,5.7261847211451));
#5568=CARTESIAN_POINT('Ctrl Pts',(6.75972111874845,-4.71761008832884,5.71359092747539));
#5569=CARTESIAN_POINT('Ctrl Pts',(6.75731974529136,-4.73734882590863,5.70516311202036));
#5570=CARTESIAN_POINT('Ctrl Pts',(6.75496814239311,-4.75650028134301,5.69696771693643));
#5571=CARTESIAN_POINT('Ctrl Pts',(6.75266877934279,-4.77506522301748,5.68900657134552));
#5572=CARTESIAN_POINT('Ctrl Pts',(6.74916183980089,-4.80289448712342,5.67702214004728));
#5573=CARTESIAN_POINT('Ctrl Pts',(6.74559624562879,-4.83070529458122,5.66499485046656));
#5574=CARTESIAN_POINT('Ctrl Pts',(6.74197122429505,-4.85849736930617,5.65292454084203));
#5575=CARTESIAN_POINT('Ctrl Pts',(6.73828598951872,-4.88627046853117,5.64081103205856));
#5576=CARTESIAN_POINT('Ctrl Pts',(6.73453974047207,-4.91402438277494,5.6286541272177));
#5577=CARTESIAN_POINT('Ctrl Pts',(6.73073166099579,-4.94175893483715,5.61645361152083));
#5578=CARTESIAN_POINT('Ctrl Pts',(6.72688780603723,-4.96928146272314,5.60429430486228));
#5579=CARTESIAN_POINT('Ctrl Pts',(6.72300886175362,-4.99659232071808,5.59217702404571));
#5580=CARTESIAN_POINT('Ctrl Pts',(6.71909553710392,-5.02369188396841,5.58010257893835));
#5581=CARTESIAN_POINT('Ctrl Pts',(6.71511968248184,-5.05077243931571,5.56798536243743));
#5582=CARTESIAN_POINT('Ctrl Pts',(6.71108045854183,-5.07783388526414,5.55582512101798));
#5583=CARTESIAN_POINT('Ctrl Pts',(6.7069770132106,-5.10487610180401,5.54362160394391));
#5584=CARTESIAN_POINT('Ctrl Pts',(6.70280848187518,-5.13189894287963,5.53137456650844));
#5585=CARTESIAN_POINT('Ctrl Pts',(6.69857398729758,-5.15890223039714,5.51908377262757));
#5586=CARTESIAN_POINT('Ctrl Pts',(6.69427263919177,-5.18588574975108,5.50674899676852));
#5587=CARTESIAN_POINT('Ctrl Pts',(6.68990353346955,-5.21284924651873,5.49437002534895));
#5588=CARTESIAN_POINT('Ctrl Pts',(6.68546575114184,-5.23979242414235,5.48194665767186));
#5589=CARTESIAN_POINT('Ctrl Pts',(6.68095835682661,-5.26671494235144,5.46947870648057));
#5590=CARTESIAN_POINT('Ctrl Pts',(6.6763803968862,-5.29361641626253,5.45696599816454));
#5591=CARTESIAN_POINT('Ctrl Pts',(6.67173089698862,-5.32049641595979,5.44440837264218));
#5592=CARTESIAN_POINT('Ctrl Pts',(6.66700885931493,-5.34735446694141,5.4318056828147));
#5593=CARTESIAN_POINT('Ctrl Pts',(6.66221325857587,-5.37419005092553,5.4191577936001));
#5594=CARTESIAN_POINT('Ctrl Pts',(6.65776084854017,-5.39870239189324,5.40755351553552));
#5595=CARTESIAN_POINT('Ctrl Pts',(6.65367159638378,-5.4208974640767,5.39700537240518));
#5596=CARTESIAN_POINT('Ctrl Pts',(6.64996359183499,-5.44078080291332,5.38752445248189));
#5597=CARTESIAN_POINT('Ctrl Pts',(6.64621288314474,-5.46065061020986,5.37801837022867));
#5598=CARTESIAN_POINT('Ctrl Pts',(6.64241896681206,-5.48050664838986,5.36848706231784));
#5599=CARTESIAN_POINT('Ctrl Pts',(6.63858131419897,-5.50034870117314,5.35893045048583));
#5600=CARTESIAN_POINT('Ctrl Pts',(6.63469936685564,-5.52017658157903,5.34934843687224));
#5601=CARTESIAN_POINT('Ctrl Pts',(6.63077253189569,-5.53999013972969,5.33974089944491));
#5602=CARTESIAN_POINT('Ctrl Pts',(6.6268001767923,-5.5597892696546,5.33010768768194));
#5603=CARTESIAN_POINT('Ctrl Pts',(6.62278162383533,-5.5795739152518,5.32044861853786));
#5604=CARTESIAN_POINT('Ctrl Pts',(6.6187161440299,-5.59934407516805,5.3107634727389));
#5605=CARTESIAN_POINT('Ctrl Pts',(6.61460295044718,-5.61909980676861,5.30105199137197));
#5606=CARTESIAN_POINT('Ctrl Pts',(6.61044119070897,-5.63884122921193,5.29131387266664));
#5607=CARTESIAN_POINT('Ctrl Pts',(6.60622993869707,-5.65856852602339,5.28154876889302));
#5608=CARTESIAN_POINT('Ctrl Pts',(6.60196818450448,-5.67828194735021,5.27175628299317));
#5609=CARTESIAN_POINT('Ctrl Pts',(6.59765482367975,-5.69798181309214,5.26193596481847));
#5610=CARTESIAN_POINT('Ctrl Pts',(6.59312808780997,-5.71839244008897,5.25172514915507));
#5611=CARTESIAN_POINT('Ctrl Pts',(6.58837944957349,-5.73951261895384,5.24111942461234));
#5612=CARTESIAN_POINT('Ctrl Pts',(6.58339935089907,-5.76134134908938,5.23011389621969));
#5613=CARTESIAN_POINT('Ctrl Pts',(6.57834815968463,-5.78315604051056,5.21907087160116));
#5614=CARTESIAN_POINT('Ctrl Pts',(6.57322329977808,-5.80495760101765,5.2079892884355));
#5615=CARTESIAN_POINT('Ctrl Pts',(6.56802184831172,-5.82674699811402,5.19686798614408));
#5616=CARTESIAN_POINT('Ctrl Pts',(6.56274046228275,-5.84852525627154,5.18570569502382));
#5617=CARTESIAN_POINT('Ctrl Pts',(6.55737528113447,-5.87029345636266,5.1745010207003));
#5618=CARTESIAN_POINT('Ctrl Pts',(6.55185663342253,-5.8923127384471,5.1631180139414));
#5619=CARTESIAN_POINT('Ctrl Pts',(6.5461752064635,-5.91458408363468,5.15155297781963));
#5620=CARTESIAN_POINT('Ctrl Pts',(6.54031973881959,-5.93710905006307,5.13980156136247));
#5621=CARTESIAN_POINT('Ctrl Pts',(6.53434730625132,-5.95963080233855,5.12799544662137));
#5622=CARTESIAN_POINT('Ctrl Pts',(6.52824596445936,-5.98215430734029,5.11612999376145));
#5623=CARTESIAN_POINT('Ctrl Pts',(6.52199940587963,-6.00468789991027,5.10419827953092));
#5624=CARTESIAN_POINT('Ctrl Pts',(6.51558541104579,-6.02724442375913,5.09219022888414));
#5625=CARTESIAN_POINT('Ctrl Pts',(6.50897072053657,-6.04984519243686,5.08009018343985));
#5626=CARTESIAN_POINT('Ctrl Pts',(6.50383229775973,-6.06682204954876,5.07094528072958));
#5627=CARTESIAN_POINT('Ctrl Pts',(6.50031501084594,-6.07814148078042,5.06482215308897));
#5628=CARTESIAN_POINT('Ctrl Pts',(6.49796624379701,-6.08561786022617,5.06077089398419));
#5629=CARTESIAN_POINT('Ctrl Pts',(6.49496885142408,-6.09499176644329,5.05567774309672));
#5630=CARTESIAN_POINT('Ctrl Pts',(6.49125382834573,-6.10630026753078,5.04950987597956));
#5631=CARTESIAN_POINT('Ctrl Pts',(6.48673620398297,-6.11959809439606,5.04222591890634));
#5632=CARTESIAN_POINT('Ctrl Pts',(6.48261389075382,-6.13114787988277,5.03586078841103));
#5633=CARTESIAN_POINT('Ctrl Pts',(6.47941237873113,-6.1395286510309,5.03121305625479));
#5634=CARTESIAN_POINT('Ctrl Pts',(6.47823526067278,-6.14252187849822,5.02954858203322));
#5635=CARTESIAN_POINT('Ctrl Pts',(6.47743747257756,-6.14452735974302,5.02843262111453));
#5636=CARTESIAN_POINT('Ctrl Pts',(6.47600140755609,-6.14806749508684,5.02645914198698));
#5637=CARTESIAN_POINT('Ctrl Pts',(6.47458175006336,-6.15142175142916,5.02458261814932));
#5638=CARTESIAN_POINT('Ctrl Pts',(6.4733977467827,-6.15407745127166,5.02309183271216));
#5639=CARTESIAN_POINT('Ctrl Pts',(6.47291440375743,-6.15514776265124,5.02249038319694));
#5640=CARTESIAN_POINT('Ctrl Pts',(6.47229099551977,-6.15650163954079,5.02172859621392));
#5641=CARTESIAN_POINT('Ctrl Pts',(6.47150411787778,-6.15815890798473,5.02079419028767));
#5642=CARTESIAN_POINT('Ctrl Pts',(6.47066565831548,-6.15986011167375,5.01983268430795));
#5643=CARTESIAN_POINT('Ctrl Pts',(6.46975818680534,-6.16162070882845,5.01883478054909));
#5644=CARTESIAN_POINT('Ctrl Pts',(6.46874002823518,-6.16347803125522,5.01777825008295));
#5645=CARTESIAN_POINT('Ctrl Pts',(6.4677396215816,-6.16515987122023,5.01681685253732));
#5646=CARTESIAN_POINT('Ctrl Pts',(6.46689048247776,-6.16643117445256,5.01608558557643));
#5647=CARTESIAN_POINT('Ctrl Pts',(6.46638824059635,-6.1671173885462,5.01568863104659));
#5648=CARTESIAN_POINT('Ctrl Pts',(6.46609565953093,-6.16749808488406,5.01546796209504));
#5649=CARTESIAN_POINT('Ctrl Pts',(6.46580189652968,-6.16786029500785,5.01525672167366));
#5650=CARTESIAN_POINT('Ctrl Pts',(6.46551602820133,-6.16818715417935,5.01506640886495));
#5651=CARTESIAN_POINT('Ctrl Pts',(6.46532507993254,-6.16839355339479,5.01494426482328));
#5652=CARTESIAN_POINT('Ctrl Pts',(6.46518522903241,-6.16853781350621,5.01486045822723));
#5653=CARTESIAN_POINT('Ctrl Pts',(6.46509744308559,-6.16862529034614,5.01480741727513));
#5654=CARTESIAN_POINT('Ctrl Pts',(6.46501341455318,-6.16870741505291,5.0147610895882));
#5655=CARTESIAN_POINT('Ctrl Pts',(6.46497606895272,-6.16874202745256,5.01473673583772));
#5656=CARTESIAN_POINT('Ctrl Pts',(6.46489667000178,-6.16881765691626,5.01469699608925));
#5657=CARTESIAN_POINT('Ctrl Pts',(6.64443731886674,-0.663438519240366,7.0024249301202));
#5658=CARTESIAN_POINT('Ctrl Pts',(6.64484809564128,-0.671488375380591,7.00054913074699));
#5659=CARTESIAN_POINT('Ctrl Pts',(6.64566580950224,-0.687589121263567,6.99679082215145));
#5660=CARTESIAN_POINT('Ctrl Pts',(6.6468803548493,-0.711742538007024,6.9911331784972));
#5661=CARTESIAN_POINT('Ctrl Pts',(6.64808243486215,-0.735897487151139,6.98545532126306));
#5662=CARTESIAN_POINT('Ctrl Pts',(6.64927167337651,-0.760053241687565,6.97975723330571));
#5663=CARTESIAN_POINT('Ctrl Pts',(6.65044775413543,-0.784209113600607,6.97403891201476));
#5664=CARTESIAN_POINT('Ctrl Pts',(6.65161041732937,-0.808364454870809,6.96830036747718));
#5665=CARTESIAN_POINT('Ctrl Pts',(6.65275945590309,-0.832518658416965,6.96254162089282));
#5666=CARTESIAN_POINT('Ctrl Pts',(6.65389471194762,-0.856671159174372,6.95676270280713));
#5667=CARTESIAN_POINT('Ctrl Pts',(6.65501607300747,-0.880821435096344,6.95096365141051));
#5668=CARTESIAN_POINT('Ctrl Pts',(6.65612346840474,-0.904969008091173,6.94514451080435));
#5669=CARTESIAN_POINT('Ctrl Pts',(6.657216865528,-0.92911344477407,6.93930532931622));
#5670=CARTESIAN_POINT('Ctrl Pts',(6.65829626612465,-0.95325435701839,6.93344615784692));
#5671=CARTESIAN_POINT('Ctrl Pts',(6.65936170257277,-0.977391402179155,6.92756704829222));
#5672=CARTESIAN_POINT('Ctrl Pts',(6.66041323416856,-1.00152428306893,6.92166805202744));
#5673=CARTESIAN_POINT('Ctrl Pts',(6.66145094337841,-1.02565274736888,6.91574921851463));
#5674=CARTESIAN_POINT('Ctrl Pts',(6.66249020740638,-1.05013645179291,6.90972200516573));
#5675=CARTESIAN_POINT('Ctrl Pts',(6.66353042459407,-1.07497497732748,6.90358540950953));
#5676=CARTESIAN_POINT('Ctrl Pts',(6.66457101021608,-1.10016792723011,6.8973384081198));
#5677=CARTESIAN_POINT('Ctrl Pts',(6.66559705461824,-1.12535542188749,6.89106992272522));
#5678=CARTESIAN_POINT('Ctrl Pts',(6.66660872098825,-1.15053742128302,6.88477997493938));
#5679=CARTESIAN_POINT('Ctrl Pts',(6.66760617338881,-1.17571393263209,6.87846857456837));
#5680=CARTESIAN_POINT('Ctrl Pts',(6.66858957156664,-1.20088500757375,6.87213571835225));
#5681=CARTESIAN_POINT('Ctrl Pts',(6.66955906774871,-1.22605074343568,6.86578138801215));
#5682=CARTESIAN_POINT('Ctrl Pts',(6.67068437303018,-1.25567546192354,6.85827429654964));
#5683=CARTESIAN_POINT('Ctrl Pts',(6.67195585259172,-1.289755761507,6.8495989649989));
#5684=CARTESIAN_POINT('Ctrl Pts',(6.67336214982154,-1.32828803965643,6.83973667255252));
#5685=CARTESIAN_POINT('Ctrl Pts',(6.67473695530015,-1.36680985103981,6.82982324562099));
#5686=CARTESIAN_POINT('Ctrl Pts',(6.67563254961694,-1.3924844453115,6.82318000514931));
#5687=CARTESIAN_POINT('Ctrl Pts',(6.67651783155951,-1.41816090756866,6.81651820995321));
#5688=CARTESIAN_POINT('Ctrl Pts',(6.67739279292753,-1.44383923547791,6.80983784651384));
#5689=CARTESIAN_POINT('Ctrl Pts',(6.67867360029767,-1.48234771225023,6.79976514219071));
#5690=CARTESIAN_POINT('Ctrl Pts',(6.67992251041148,-1.52084756254407,6.7896398912737));
#5691=CARTESIAN_POINT('Ctrl Pts',(6.68107003966113,-1.55715238448529,6.78003991410832));
#5692=CARTESIAN_POINT('Ctrl Pts',(6.68212191488179,-1.59126402222436,6.77097486211608));
#5693=CARTESIAN_POINT('Ctrl Pts',(6.68308353761539,-1.62318405020894,6.7624537881554));
#5694=CARTESIAN_POINT('Ctrl Pts',(6.68402197372581,-1.65509900133672,6.75389538824559));
#5695=CARTESIAN_POINT('Ctrl Pts',(6.68493682972896,-1.68700905043128,6.74529936008124));
#5696=CARTESIAN_POINT('Ctrl Pts',(6.68582767488806,-1.71891436313652,6.73666538940225));
#5697=CARTESIAN_POINT('Ctrl Pts',(6.6866940426201,-1.75081509515283,6.72799315081578));
#5698=CARTESIAN_POINT('Ctrl Pts',(6.6875354327609,-1.78271139120665,6.71928230892741));
#5699=CARTESIAN_POINT('Ctrl Pts',(6.68835131341901,-1.81460338405174,6.71053251938236));
#5700=CARTESIAN_POINT('Ctrl Pts',(6.68914112302182,-1.84649119339333,6.70174342997169));
#5701=CARTESIAN_POINT('Ctrl Pts',(6.68990427226757,-1.8783749247768,6.69291468174675));
#5702=CARTESIAN_POINT('Ctrl Pts',(6.69064014612184,-1.91025466839061,6.68404591017216));
#5703=CARTESIAN_POINT('Ctrl Pts',(6.69134810579422,-1.94213049776778,6.67513674631896));
#5704=CARTESIAN_POINT('Ctrl Pts',(6.69202749072665,-1.97400246831172,6.66618681812082));
#5705=CARTESIAN_POINT('Ctrl Pts',(6.69267762058488,-2.00587061563526,6.6571957516997));
#5706=CARTESIAN_POINT('Ctrl Pts',(6.69329779725033,-2.0377349533933,6.64816317285575));
#5707=CARTESIAN_POINT('Ctrl Pts',(6.69388512344184,-2.06947746807613,6.63912231803143));
#5708=CARTESIAN_POINT('Ctrl Pts',(6.69443927717205,-2.10109817207057,6.630073363175));
#5709=CARTESIAN_POINT('Ctrl Pts',(6.69495994722034,-2.13259705284487,6.62101649752385));
#5710=CARTESIAN_POINT('Ctrl Pts',(6.69544847704889,-2.16409201290669,6.611917605893));
#5711=CARTESIAN_POINT('Ctrl Pts',(6.69590413486653,-2.19558294140459,6.60277634319458));
#5712=CARTESIAN_POINT('Ctrl Pts',(6.69632618327451,-2.22706970366613,6.59359237001288));
#5713=CARTESIAN_POINT('Ctrl Pts',(6.69671388112924,-2.25855214149203,6.58436535337323));
#5714=CARTESIAN_POINT('Ctrl Pts',(6.69706648541299,-2.29003007358295,6.57509496747493));
#5715=CARTESIAN_POINT('Ctrl Pts',(6.69738325309631,-2.32150329593277,6.56578089443232));
#5716=CARTESIAN_POINT('Ctrl Pts',(6.69766344300203,-2.35297158227333,6.55642282500039));
#5717=CARTESIAN_POINT('Ctrl Pts',(6.6979063176599,-2.38443468454376,6.5470204592911));
#5718=CARTESIAN_POINT('Ctrl Pts',(6.69811114516767,-2.41589233339649,6.53757350747773));
#5719=CARTESIAN_POINT('Ctrl Pts',(6.69827720102723,-2.44734423875625,6.52808169047736));
#5720=CARTESIAN_POINT('Ctrl Pts',(6.69840377001674,-2.47879009039833,6.51854474063333));
#5721=CARTESIAN_POINT('Ctrl Pts',(6.69849014797216,-2.51022955863191,6.50896240233652));
#5722=CARTESIAN_POINT('Ctrl Pts',(6.69853564373756,-2.54166229491843,6.49933443272525));
#5723=CARTESIAN_POINT('Ctrl Pts',(6.69853936757392,-2.57138642415193,6.49018438167521));
#5724=CARTESIAN_POINT('Ctrl Pts',(6.69850828912188,-2.59940291450499,6.48152036013258));
#5725=CARTESIAN_POINT('Ctrl Pts',(6.6984491031038,-2.62571278435627,6.47334996808594));
#5726=CARTESIAN_POINT('Ctrl Pts',(6.69835955431366,-2.65201692724657,6.46514702245441));
#5727=CARTESIAN_POINT('Ctrl Pts',(6.69827937497824,-2.66954903757129,6.4596566205084));
#5728=CARTESIAN_POINT('Ctrl Pts',(6.69819240348542,-2.68638910689361,6.45437182670691));
#5729=CARTESIAN_POINT('Ctrl Pts',(6.69810020616128,-2.70253744948639,6.44929429228179));
#5730=CARTESIAN_POINT('Ctrl Pts',(6.69793528090218,-2.72675446591445,6.44165012192794));
#5731=CARTESIAN_POINT('Ctrl Pts',(6.697743473796,-2.75096577498202,6.43397801947049));
#5732=CARTESIAN_POINT('Ctrl Pts',(6.69752454184754,-2.77517116301294,6.4262779274075));
#5733=CARTESIAN_POINT('Ctrl Pts',(6.69727825212796,-2.79937041283877,6.4185497942216));
#5734=CARTESIAN_POINT('Ctrl Pts',(6.69700438224032,-2.82356330407922,6.41079357450582));
#5735=CARTESIAN_POINT('Ctrl Pts',(6.69670272078863,-2.84774961338321,6.40300922908675));
#5736=CARTESIAN_POINT('Ctrl Pts',(6.69637306784833,-2.87192911464475,6.39519672515804));
#5737=CARTESIAN_POINT('Ctrl Pts',(6.69601523541763,-2.89610157919206,6.38735603641973));
#5738=CARTESIAN_POINT('Ctrl Pts',(6.69562904790373,-2.92026677594106,6.37948714322375));
#5739=CARTESIAN_POINT('Ctrl Pts',(6.69521434252818,-2.94442447153727,6.37159003272454));
#5740=CARTESIAN_POINT('Ctrl Pts',(6.69477096988835,-2.96857443044022,6.36366469904666));
#5741=CARTESIAN_POINT('Ctrl Pts',(6.69429879419135,-2.9927164150382,6.35571114341849));
#5742=CARTESIAN_POINT('Ctrl Pts',(6.6937976941495,-3.01685018563655,6.34772937443217));
#5743=CARTESIAN_POINT('Ctrl Pts',(6.69326756250343,-3.0409755006041,6.33971940798006));
#5744=CARTESIAN_POINT('Ctrl Pts',(6.69260299236602,-3.06963363947765,6.33016756478361));
#5745=CARTESIAN_POINT('Ctrl Pts',(6.69178155286782,-3.10281750940635,6.31905233249166));
#5746=CARTESIAN_POINT('Ctrl Pts',(6.69077601563818,-3.14051788659991,6.30634783531733));
#5747=CARTESIAN_POINT('Ctrl Pts',(6.6896986358017,-3.17819444965131,6.29357478181836));
#5748=CARTESIAN_POINT('Ctrl Pts',(6.68854940248353,-3.21584623037505,6.2807334304608));
#5749=CARTESIAN_POINT('Ctrl Pts',(6.68732841289687,-3.25347225091886,6.26782409196724));
#5750=CARTESIAN_POINT('Ctrl Pts',(6.68603587459761,-3.29107152560867,6.2548471296345));
#5751=CARTESIAN_POINT('Ctrl Pts',(6.68467211057255,-3.32864306233201,6.24180296082967));
#5752=CARTESIAN_POINT('Ctrl Pts',(6.6834272101472,-3.36122263822317,6.23042534176824));
#5753=CARTESIAN_POINT('Ctrl Pts',(6.68233054806916,-3.38882145396824,6.22074196332874));
#5754=CARTESIAN_POINT('Ctrl Pts',(6.68140555886734,-3.4114491598566,6.21277490466238));
#5755=CARTESIAN_POINT('Ctrl Pts',(6.68045530658002,-3.43406565049105,6.20478398111274));
#5756=CARTESIAN_POINT('Ctrl Pts',(6.67947996135445,-3.45667076352593,6.19676931004582));
#5757=CARTESIAN_POINT('Ctrl Pts',(6.67847970206,-3.47926435911833,6.1887310054457));
#5758=CARTESIAN_POINT('Ctrl Pts',(6.67745471551595,-3.50184631911393,6.18066917754089));
#5759=CARTESIAN_POINT('Ctrl Pts',(6.67640519392332,-3.52441654674232,6.17258393197554));
#5760=CARTESIAN_POINT('Ctrl Pts',(6.67521362171882,-3.54944771242959,6.16358654715288));
#5761=CARTESIAN_POINT('Ctrl Pts',(6.67387006418679,-3.57693478238406,6.1536673705383));
#5762=CARTESIAN_POINT('Ctrl Pts',(6.67236354598588,-3.60687206536687,6.14281560118996));
#5763=CARTESIAN_POINT('Ctrl Pts',(6.6708153132842,-3.63678832404463,6.13192320124173));
#5764=CARTESIAN_POINT('Ctrl Pts',(6.66922580254904,-3.66668361259253,6.12099031988662));
#5765=CARTESIAN_POINT('Ctrl Pts',(6.66759542560353,-3.69655804472213,6.11001707604732));
#5766=CARTESIAN_POINT('Ctrl Pts',(6.66592456187166,-3.72641179108991,6.09900355588362));
#5767=CARTESIAN_POINT('Ctrl Pts',(6.6642135507479,-3.75624507741267,6.08794981011345));
#5768=CARTESIAN_POINT('Ctrl Pts',(6.66246268401076,-3.78605818218717,6.07685585151946));
#5769=CARTESIAN_POINT('Ctrl Pts',(6.66067219838131,-3.81585143452384,6.06572165246455));
#5770=CARTESIAN_POINT('Ctrl Pts',(6.6588422680598,-3.84562521189674,6.05454714248682));
#5771=CARTESIAN_POINT('Ctrl Pts',(6.65697299756276,-3.87537993783611,6.04333220598278));
#5772=CARTESIAN_POINT('Ctrl Pts',(6.65506441420834,-3.90511607969226,6.03207667986324));
#5773=CARTESIAN_POINT('Ctrl Pts',(6.65311646159477,-3.93483414614677,6.02078035151704));
#5774=CARTESIAN_POINT('Ctrl Pts',(6.65112899127172,-3.96453468512527,6.00944295625096));
#5775=CARTESIAN_POINT('Ctrl Pts',(6.6491017584705,-3.99421828084419,5.99806417620169));
#5776=CARTESIAN_POINT('Ctrl Pts',(6.64693508039538,-4.02531096451349,5.98609491768775));
#5777=CARTESIAN_POINT('Ctrl Pts',(6.64477945878997,-4.05559037861208,5.97438593508294));
#5778=CARTESIAN_POINT('Ctrl Pts',(6.64263815327594,-4.08505885151407,5.96294076004318));
#5779=CARTESIAN_POINT('Ctrl Pts',(6.64062273968571,-4.11229551823748,5.95232113891473));
#5780=CARTESIAN_POINT('Ctrl Pts',(6.63857149705568,-4.13951938715272,5.94166503319881));
#5781=CARTESIAN_POINT('Ctrl Pts',(6.63648394290911,-4.16673035394148,5.93097227509435));
#5782=CARTESIAN_POINT('Ctrl Pts',(6.63435959213302,-4.19392830953225,5.92024269768513));
#5783=CARTESIAN_POINT('Ctrl Pts',(6.63219795293515,-4.22111313907106,5.90947613409936));
#5784=CARTESIAN_POINT('Ctrl Pts',(6.62999852899402,-4.24828471945698,5.89867241899));
#5785=CARTESIAN_POINT('Ctrl Pts',(6.6277608186673,-4.27544291770021,5.88783138909583));
#5786=CARTESIAN_POINT('Ctrl Pts',(6.62548431566418,-4.30258758873695,5.87695288414189));
#5787=CARTESIAN_POINT('Ctrl Pts',(6.62316850900419,-4.32971857367848,5.86603674769018));
#5788=CARTESIAN_POINT('Ctrl Pts',(6.62081288336322,-4.35683569782884,5.85508282797619));
#5789=CARTESIAN_POINT('Ctrl Pts',(6.61841691924465,-4.38393876887518,5.84409097875194));
#5790=CARTESIAN_POINT('Ctrl Pts',(6.6159800932498,-4.41102757514165,5.83306106011388));
#5791=CARTESIAN_POINT('Ctrl Pts',(6.61350187830934,-4.4381018839041,5.82199293931938));
#5792=CARTESIAN_POINT('Ctrl Pts',(6.6109817439576,-4.46516143995158,5.81088649152161));
#5793=CARTESIAN_POINT('Ctrl Pts',(6.60834139733364,-4.49302660375216,5.79940341971048));
#5794=CARTESIAN_POINT('Ctrl Pts',(6.60557561752091,-4.5216954001241,5.78753941625097));
#5795=CARTESIAN_POINT('Ctrl Pts',(6.60267884142541,-4.55116566559174,5.77528999465294));
#5796=CARTESIAN_POINT('Ctrl Pts',(6.59972948686114,-4.58061679155444,5.76299444260646));
#5797=CARTESIAN_POINT('Ctrl Pts',(6.59672684298243,-4.61004830701806,5.75065264952268));
#5798=CARTESIAN_POINT('Ctrl Pts',(6.59367019231729,-4.63945973504981,5.73826450632999));
#5799=CARTESIAN_POINT('Ctrl Pts',(6.59055880963551,-4.66885060259231,5.72582990137841));
#5800=CARTESIAN_POINT('Ctrl Pts',(6.58739196075498,-4.69822044938059,5.71334871649791));
#5801=CARTESIAN_POINT('Ctrl Pts',(6.5852432544619,-4.7177860405149,5.70499678772923));
#5802=CARTESIAN_POINT('Ctrl Pts',(6.58313933960788,-4.73676887600621,5.69687544108579));
#5803=CARTESIAN_POINT('Ctrl Pts',(6.58108239034105,-4.75516979027674,5.68898646089715));
#5804=CARTESIAN_POINT('Ctrl Pts',(6.57794588098996,-4.7827514780448,5.67711136157111));
#5805=CARTESIAN_POINT('Ctrl Pts',(6.57475763386079,-4.81031319630851,5.66519448678774));
#5806=CARTESIAN_POINT('Ctrl Pts',(6.57151698488792,-4.83785469128678,5.65323567414058));
#5807=CARTESIAN_POINT('Ctrl Pts',(6.56822325749265,-4.86537574226541,5.64123474436216));
#5808=CARTESIAN_POINT('Ctrl Pts',(6.56487576184503,-4.89287616144161,5.62919150098154));
#5809=CARTESIAN_POINT('Ctrl Pts',(6.56147379422352,-4.92035579266239,5.6171057303245));
#5810=CARTESIAN_POINT('Ctrl Pts',(6.55804065062328,-4.94762377476251,5.60506144961046));
#5811=CARTESIAN_POINT('Ctrl Pts',(6.55457694934234,-4.97468051483111,5.59305945217702));
#5812=CARTESIAN_POINT('Ctrl Pts',(6.5510833275642,-5.00152643825065,5.58110052544166));
#5813=CARTESIAN_POINT('Ctrl Pts',(6.54753467205461,-5.02835205765811,5.56909987900643));
#5814=CARTESIAN_POINT('Ctrl Pts',(6.54393025625185,-5.05515728595662,5.55705726513002));
#5815=CARTESIAN_POINT('Ctrl Pts',(6.54026934230378,-5.08194201585895,5.54497244013937));
#5816=CARTESIAN_POINT('Ctrl Pts',(6.53655118134059,-5.10870611203352,5.53284516784006));
#5817=CARTESIAN_POINT('Ctrl Pts',(6.53277501353109,-5.13544940471976,5.52067522231112));
#5818=CARTESIAN_POINT('Ctrl Pts',(6.52894006786851,-5.1621716847856,5.50846239007143));
#5819=CARTESIAN_POINT('Ctrl Pts',(6.52504556170132,-5.18887269986334,5.49620647175892));
#5820=CARTESIAN_POINT('Ctrl Pts',(6.52109069999911,-5.21555215138311,5.48390728338791));
#5821=CARTESIAN_POINT('Ctrl Pts',(6.51707467433124,-5.2422096922228,5.47156465728559));
#5822=CARTESIAN_POINT('Ctrl Pts',(6.51299666156709,-5.26884492493641,5.45917844272529));
#5823=CARTESIAN_POINT('Ctrl Pts',(6.50885582217236,-5.29545740026112,5.446748506335));
#5824=CARTESIAN_POINT('Ctrl Pts',(6.50465129823397,-5.32204661642382,5.43427473210376));
#5825=CARTESIAN_POINT('Ctrl Pts',(6.50038221064499,-5.34861201838331,5.42175702117906));
#5826=CARTESIAN_POINT('Ctrl Pts',(6.49641951257921,-5.37287608074707,5.41027294635624));
#5827=CARTESIAN_POINT('Ctrl Pts',(6.4927807426895,-5.39484512164427,5.39983470392433));
#5828=CARTESIAN_POINT('Ctrl Pts',(6.48948177854647,-5.41452500266165,5.39045307341391));
#5829=CARTESIAN_POINT('Ctrl Pts',(6.48614539361941,-5.43419048286844,5.38104707585825));
#5830=CARTESIAN_POINT('Ctrl Pts',(6.48277116418538,-5.45384128264969,5.37161667679119));
#5831=CARTESIAN_POINT('Ctrl Pts',(6.47935864713537,-5.47347713672642,5.36216183033656));
#5832=CARTESIAN_POINT('Ctrl Pts',(6.47590737640943,-5.49309780102169,5.35268247510275));
#5833=CARTESIAN_POINT('Ctrl Pts',(6.47241685944957,-5.51270305942429,5.34317853010683));
#5834=CARTESIAN_POINT('Ctrl Pts',(6.46888657331028,-5.53229272927941,5.33364989109227));
#5835=CARTESIAN_POINT('Ctrl Pts',(6.46531596055734,-5.55186666591812,5.32409642718398));
#5836=CARTESIAN_POINT('Ctrl Pts',(6.46170442485724,-5.57142476583118,5.31451797800363));
#5837=CARTESIAN_POINT('Ctrl Pts',(6.45805132623315,-5.59096696871737,5.30491435118048));
#5838=CARTESIAN_POINT('Ctrl Pts',(6.45435597584015,-5.61049325823209,5.29528532024836));
#5839=CARTESIAN_POINT('Ctrl Pts',(6.45061763023418,-5.63000366196208,5.28563062278468));
#5840=CARTESIAN_POINT('Ctrl Pts',(6.44683548462478,-5.64949825031393,5.27594995864944));
#5841=CARTESIAN_POINT('Ctrl Pts',(6.44300866557542,-5.66897713615439,5.26624298788041));
#5842=CARTESIAN_POINT('Ctrl Pts',(6.43899382261246,-5.68915618300352,5.25615140001876));
#5843=CARTESIAN_POINT('Ctrl Pts',(6.43478372071019,-5.71003355147799,5.2456711658001));
#5844=CARTESIAN_POINT('Ctrl Pts',(6.43037031195213,-5.73160742788551,5.23479786758781));
#5845=CARTESIAN_POINT('Ctrl Pts',(6.42589606685838,-5.75316301320541,5.22388978227968));
#5846=CARTESIAN_POINT('Ctrl Pts',(6.42135905418755,-5.77470058961083,5.21294616282787));
#5847=CARTESIAN_POINT('Ctrl Pts',(6.41675711569532,-5.79622037493119,5.20196622297257));
#5848=CARTESIAN_POINT('Ctrl Pts',(6.41208782298424,-5.81772248915404,5.19094914076509));
#5849=CARTESIAN_POINT('Ctrl Pts',(6.40734842203594,-5.83920691156296,5.17989406277446));
#5850=CARTESIAN_POINT('Ctrl Pts',(6.40247825239062,-5.86092992938001,5.16866754779278));
#5851=CARTESIAN_POINT('Ctrl Pts',(6.39747039209322,-5.88289038393885,5.15726696392942));
#5852=CARTESIAN_POINT('Ctrl Pts',(6.39231666905341,-5.90508699783487,5.14568935507728));
#5853=CARTESIAN_POINT('Ctrl Pts',(6.38706942730703,-5.92726344407765,5.13406597519472));
#5854=CARTESIAN_POINT('Ctrl Pts',(6.38172088568156,-5.94942056511291,5.12239414616647));
#5855=CARTESIAN_POINT('Ctrl Pts',(6.37626058501997,-5.97156095371652,5.11066966188107));
#5856=CARTESIAN_POINT('Ctrl Pts',(6.3706745178966,-5.99368945054488,5.09888622154394));
#5857=CARTESIAN_POINT('Ctrl Pts',(6.3649421076426,-6.01581511587339,5.08703391677788));
#5858=CARTESIAN_POINT('Ctrl Pts',(6.36051936293088,-6.03238714757302,5.07809831027816));
#5859=CARTESIAN_POINT('Ctrl Pts',(6.35751135348908,-6.04340679937516,5.07212897530836));
#5860=CARTESIAN_POINT('Ctrl Pts',(6.35550832966865,-6.05067641174954,5.06818346387174));
#5861=CARTESIAN_POINT('Ctrl Pts',(6.35296443170948,-6.05977228178857,5.06323180849759));
#5862=CARTESIAN_POINT('Ctrl Pts',(6.34983614765724,-6.07070781179584,5.05725235176963));
#5863=CARTESIAN_POINT('Ctrl Pts',(6.34607347383997,-6.08350513048462,5.05021898180295));
#5864=CARTESIAN_POINT('Ctrl Pts',(6.34269935567374,-6.09453183141781,5.04411281402844));
#5865=CARTESIAN_POINT('Ctrl Pts',(6.34015006582635,-6.10242829000819,5.03970158279967));
#5866=CARTESIAN_POINT('Ctrl Pts',(6.33922519044076,-6.10523013282958,5.03813012012832));
#5867=CARTESIAN_POINT('Ctrl Pts',(6.33860110048118,-6.10710286811238,5.03707855763342));
#5868=CARTESIAN_POINT('Ctrl Pts',(6.33748798678624,-6.1103931123101,5.03522597724762));
#5869=CARTESIAN_POINT('Ctrl Pts',(6.33640876062608,-6.11347774785019,5.03347921746216));
#5870=CARTESIAN_POINT('Ctrl Pts',(6.33553074833255,-6.11588526454512,5.0321072147438));
#5871=CARTESIAN_POINT('Ctrl Pts',(6.33517468205916,-6.11685180260737,5.03155537544535));
#5872=CARTESIAN_POINT('Ctrl Pts',(6.33471974463663,-6.11806730946869,5.03085962659363));
#5873=CARTESIAN_POINT('Ctrl Pts',(6.33415419010936,-6.11954087086279,5.03001268510315));
#5874=CARTESIAN_POINT('Ctrl Pts',(6.3335628066519,-6.12103465443208,5.02914967929269));
#5875=CARTESIAN_POINT('Ctrl Pts',(6.33293711602904,-6.12255590534661,5.02826513451193));
#5876=CARTESIAN_POINT('Ctrl Pts',(6.33225683175383,-6.12412235192065,5.02734594691466));
#5877=CARTESIAN_POINT('Ctrl Pts',(6.33161578152511,-6.12549041596187,5.02653223675643));
#5878=CARTESIAN_POINT('Ctrl Pts',(6.33110268558438,-6.12646389253038,5.02594068098864));
#5879=CARTESIAN_POINT('Ctrl Pts',(6.33081308917094,-6.12695998837816,5.02563274837268));
#5880=CARTESIAN_POINT('Ctrl Pts',(6.33064821445623,-6.1272260565337,5.02546570312777));
#5881=CARTESIAN_POINT('Ctrl Pts',(6.33048763545109,-6.12746828807119,5.02531056436732));
#5882=CARTESIAN_POINT('Ctrl Pts',(6.33033555524079,-6.12767402961956,5.02517679187203));
#5883=CARTESIAN_POINT('Ctrl Pts',(6.33023835659977,-6.12779537401455,5.02509438202098));
#5884=CARTESIAN_POINT('Ctrl Pts',(6.33016660486685,-6.12787763766236,5.02503946345552));
#5885=CARTESIAN_POINT('Ctrl Pts',(6.33012464660863,-6.12792342909305,5.02500591312445));
#5886=CARTESIAN_POINT('Ctrl Pts',(6.33008083514231,-6.12796878649839,5.02497665850506));
#5887=CARTESIAN_POINT('Ctrl Pts',(6.33006719650806,-6.12798192472997,5.02496244397971));
#5888=CARTESIAN_POINT('Ctrl Pts',(6.3300229182224,-6.12802526710464,5.02493758991535));
#5889=CARTESIAN_POINT('Ctrl Pts',(6.50918920027063,-0.665557070691376,6.9712107548534));
#5890=CARTESIAN_POINT('Ctrl Pts',(6.50968075909824,-0.673571014966838,6.96935153909357));
#5891=CARTESIAN_POINT('Ctrl Pts',(6.51065988145762,-0.689598790822953,6.96562677117528));
#5892=CARTESIAN_POINT('Ctrl Pts',(6.51211599195921,-0.71363984963121,6.96002042394214));
#5893=CARTESIAN_POINT('Ctrl Pts',(6.51355902280917,-0.737680040753515,6.9543947213135));
#5894=CARTESIAN_POINT('Ctrl Pts',(6.51498854247646,-0.761719107746914,6.94874952722275));
#5895=CARTESIAN_POINT('Ctrl Pts',(6.51640419054039,-0.785756800915364,6.94308472815348));
#5896=CARTESIAN_POINT('Ctrl Pts',(6.51780567314391,-0.809792878712721,6.93740023134315));
#5897=CARTESIAN_POINT('Ctrl Pts',(6.51919275868779,-0.833827108942132,6.93169596307603));
#5898=CARTESIAN_POINT('Ctrl Pts',(6.52056527338882,-0.857859270208758,6.92597186686973));
#5899=CARTESIAN_POINT('Ctrl Pts',(6.52192309688537,-0.881889153277268,6.92022790168098));
#5900=CARTESIAN_POINT('Ctrl Pts',(6.5232661578042,-0.905916562411352,6.91446404009502));
#5901=CARTESIAN_POINT('Ctrl Pts',(6.52459442933141,-0.929941316534907,6.90868026654814));
#5902=CARTESIAN_POINT('Ctrl Pts',(6.52590792477254,-0.953963250214909,6.90287657558244));
#5903=CARTESIAN_POINT('Ctrl Pts',(6.52720669310373,-0.977982214327001,6.897052970169));
#5904=CARTESIAN_POINT('Ctrl Pts',(6.52849081453378,-1.00199807647355,6.89120946009045));
#5905=CARTESIAN_POINT('Ctrl Pts',(6.52976039602997,-1.02601072087216,6.88534606044092));
#5906=CARTESIAN_POINT('Ctrl Pts',(6.53103429079834,-1.05037820468378,6.87937502712765));
#5907=CARTESIAN_POINT('Ctrl Pts',(6.53231189172773,-1.07510026378927,6.87329533213901));
#5908=CARTESIAN_POINT('Ctrl Pts',(6.53359261371422,-1.10017663710939,6.86710593174251));
#5909=CARTESIAN_POINT('Ctrl Pts',(6.53485814448977,-1.12524916078698,6.86089491676512));
#5910=CARTESIAN_POINT('Ctrl Pts',(6.53610868301604,-1.15031779230519,6.85466231009231));
#5911=CARTESIAN_POINT('Ctrl Pts',(6.53734442794915,-1.17538250513003,6.84840813081651));
#5912=CARTESIAN_POINT('Ctrl Pts',(6.5385655716138,-1.20044328683666,6.84213239263329));
#5913=CARTESIAN_POINT('Ctrl Pts',(6.53977229571265,-1.22550013947599,6.83583510223663));
#5914=CARTESIAN_POINT('Ctrl Pts',(6.54117634046112,-1.25499817073299,6.82839511689991));
#5915=CARTESIAN_POINT('Ctrl Pts',(6.54276775470284,-1.28893462894413,6.81979699462962));
#5916=CARTESIAN_POINT('Ctrl Pts',(6.54453483057158,-1.32730628322605,6.81002216339604));
#5917=CARTESIAN_POINT('Ctrl Pts',(6.54626939031556,-1.36566896800891,6.80019648164557));
#5918=CARTESIAN_POINT('Ctrl Pts',(6.54740414328618,-1.39123812398363,6.79361201737533));
#5919=CARTESIAN_POINT('Ctrl Pts',(6.54852828760077,-1.41680928481612,6.78700919180827));
#5920=CARTESIAN_POINT('Ctrl Pts',(6.54964181479342,-1.44238244826334,6.78038799158107));
#5921=CARTESIAN_POINT('Ctrl Pts',(6.55127940939102,-1.48073318215913,6.77040469710818));
#5922=CARTESIAN_POINT('Ctrl Pts',(6.552883994804,-1.51907485294197,6.76036963201562));
#5923=CARTESIAN_POINT('Ctrl Pts',(6.55436588043334,-1.55522968006857,6.75085554648261));
#5924=CARTESIAN_POINT('Ctrl Pts',(6.55573094807067,-1.58919935521859,6.74187200325711));
#5925=CARTESIAN_POINT('Ctrl Pts',(6.55698476406711,-1.62098546338476,6.73342793532103));
#5926=CARTESIAN_POINT('Ctrl Pts',(6.55821440578949,-1.65276524584912,6.72494730979075));
#5927=CARTESIAN_POINT('Ctrl Pts',(6.55941941124834,-1.68453869782722,6.71642986752818));
#5928=CARTESIAN_POINT('Ctrl Pts',(6.5605992754565,-1.71630581797926,6.70787533390546));
#5929=CARTESIAN_POINT('Ctrl Pts',(6.56175345227275,-1.74806660751534,6.69928341962088));
#5930=CARTESIAN_POINT('Ctrl Pts',(6.56288135709366,-1.77982106890005,6.69065382192992));
#5931=CARTESIAN_POINT('Ctrl Pts',(6.56398236916293,-1.81156920463537,6.68198622573276));
#5932=CARTESIAN_POINT('Ctrl Pts',(6.56505583404517,-1.84331101594963,6.67328030475884));
#5933=CARTESIAN_POINT('Ctrl Pts',(6.56610106602354,-1.87504650145965,6.6645357227438));
#5934=CARTESIAN_POINT('Ctrl Pts',(6.56711735052773,-1.9067756557522,6.65575213465354));
#5935=CARTESIAN_POINT('Ctrl Pts',(6.56810394654784,-1.93849846786912,6.64692918794358));
#5936=CARTESIAN_POINT('Ctrl Pts',(6.56906008905325,-1.97021491962989,6.63806652388154));
#5937=CARTESIAN_POINT('Ctrl Pts',(6.56998499141438,-2.00192498376375,6.62916377893978));
#5938=CARTESIAN_POINT('Ctrl Pts',(6.57087784782034,-2.03362862156338,6.62022058634667));
#5939=CARTESIAN_POINT('Ctrl Pts',(6.57173465054201,-2.06520838249803,6.61126985209796));
#5940=CARTESIAN_POINT('Ctrl Pts',(6.57255499823078,-2.09666428187515,6.60231174006527));
#5941=CARTESIAN_POINT('Ctrl Pts',(6.573338503617,-2.12799631988023,6.5933464249818));
#5942=CARTESIAN_POINT('Ctrl Pts',(6.57408739792847,-2.15932177094998,6.58434012752601));
#5943=CARTESIAN_POINT('Ctrl Pts',(6.57480084452158,-2.19064051977275,6.57529249717248));
#5944=CARTESIAN_POINT('Ctrl Pts',(6.57547800219023,-2.22195243565834,6.56620318681603));
#5945=CARTESIAN_POINT('Ctrl Pts',(6.57611802741859,-2.25325737266962,6.5570718536044));
#5946=CARTESIAN_POINT('Ctrl Pts',(6.57672007663803,-2.2845551698706,6.54789815974083));
#5947=CARTESIAN_POINT('Ctrl Pts',(6.57728330847443,-2.3158456515574,6.53868177329016));
#5948=CARTESIAN_POINT('Ctrl Pts',(6.57780688599312,-2.3471286275448,6.52942236896957));
#5949=CARTESIAN_POINT('Ctrl Pts',(6.57828997893413,-2.37840389348647,6.5201196289267));
#5950=CARTESIAN_POINT('Ctrl Pts',(6.5787317659485,-2.40967123124292,6.51077324350524));
#5951=CARTESIAN_POINT('Ctrl Pts',(6.57913143681119,-2.44093040930705,6.50138291198367));
#5952=CARTESIAN_POINT('Ctrl Pts',(6.57948819466434,-2.47218118327112,6.49194834331474));
#5953=CARTESIAN_POINT('Ctrl Pts',(6.57980125816628,-2.50342329638345,6.48246925679701));
#5954=CARTESIAN_POINT('Ctrl Pts',(6.58006986382713,-2.53465648010923,6.47294538282252));
#5955=CARTESIAN_POINT('Ctrl Pts',(6.58028117190985,-2.56418986507678,6.46389456261788));
#5956=CARTESIAN_POINT('Ctrl Pts',(6.58044275996815,-2.59202487780128,6.45532473522714));
#5957=CARTESIAN_POINT('Ctrl Pts',(6.58056191033376,-2.61816293346636,6.44724335059684));
#5958=CARTESIAN_POINT('Ctrl Pts',(6.58064803639454,-2.64429396858421,6.43912992587867));
#5959=CARTESIAN_POINT('Ctrl Pts',(6.58068318144755,-2.66170985498811,6.43369953363481));
#5960=CARTESIAN_POINT('Ctrl Pts',(6.58070612701946,-2.67843790358496,6.42847253909342));
#5961=CARTESIAN_POINT('Ctrl Pts',(6.58071857604709,-2.69447848710367,6.42345056963842));
#5962=CARTESIAN_POINT('Ctrl Pts',(6.58070830294596,-2.71853293711376,6.41589013159664));
#5963=CARTESIAN_POINT('Ctrl Pts',(6.58066881755114,-2.74258081053654,6.40830212919838));
#5964=CARTESIAN_POINT('Ctrl Pts',(6.58059986652958,-2.7666219546491,6.40068648732548));
#5965=CARTESIAN_POINT('Ctrl Pts',(6.58050120941853,-2.79065621561711,6.39304313635441));
#5966=CARTESIAN_POINT('Ctrl Pts',(6.58037261920147,-2.81468343878342,6.38537201227783));
#5967=CARTESIAN_POINT('Ctrl Pts',(6.580213882868,-2.83870346891887,6.37767305683118));
#5968=CARTESIAN_POINT('Ctrl Pts',(6.58002480197951,-2.86271615044993,6.36994621762721));
#5969=CARTESIAN_POINT('Ctrl Pts',(6.57980519322245,-2.88672132765882,6.36219144829225));
#5970=CARTESIAN_POINT('Ctrl Pts',(6.57955488897648,-2.91071884485373,6.35440870861789));
#5971=CARTESIAN_POINT('Ctrl Pts',(6.57927373783905,-2.9347085465184,6.34659796469805));
#5972=CARTESIAN_POINT('Ctrl Pts',(6.5789616052424,-2.95869027742622,6.33875918911707));
#5973=CARTESIAN_POINT('Ctrl Pts',(6.57861837384337,-2.98266388274088,6.33089236104417));
#5974=CARTESIAN_POINT('Ctrl Pts',(6.57824394443055,-3.00662920808518,6.32299746655169));
#5975=CARTESIAN_POINT('Ctrl Pts',(6.57783823562764,-3.03058609956907,6.31507449845678));
#5976=CARTESIAN_POINT('Ctrl Pts',(6.57731888336532,-3.05904423164918,6.30562615596939));
#5977=CARTESIAN_POINT('Ctrl Pts',(6.57666181778177,-3.09199676086044,6.29463096111189));
#5978=CARTESIAN_POINT('Ctrl Pts',(6.57583793798806,-3.12943502100737,6.28206301416249));
#5979=CARTESIAN_POINT('Ctrl Pts',(6.57493718822349,-3.16685072103664,6.26942650546838));
#5980=CARTESIAN_POINT('Ctrl Pts',(6.57395975795638,-3.20424329253151,6.25672159262861));
#5981=CARTESIAN_POINT('Ctrl Pts',(6.57290597186106,-3.2416121734559,6.24394848233914));
#5982=CARTESIAN_POINT('Ctrl Pts',(6.5717762928115,-3.27895680970271,6.23110743074219));
#5983=CARTESIAN_POINT('Ctrl Pts',(6.57057132809572,-3.31627665730303,6.21819874475285));
#5984=CARTESIAN_POINT('Ctrl Pts',(6.5694609824275,-3.34864077935648,6.20693822772069));
#5985=CARTESIAN_POINT('Ctrl Pts',(6.56847637134165,-3.37605926076499,6.19735372335412));
#5986=CARTESIAN_POINT('Ctrl Pts',(6.56764213903381,-3.39854056293995,6.18946750511612));
#5987=CARTESIAN_POINT('Ctrl Pts',(6.56678157330952,-3.42101225950554,6.18155713894061));
#5988=CARTESIAN_POINT('Ctrl Pts',(6.56589493421421,-3.44347426603703,6.1736227274008));
#5989=CARTESIAN_POINT('Ctrl Pts',(6.5649824942398,-3.46592650855477,6.16566437412238));
#5990=CARTESIAN_POINT('Ctrl Pts',(6.56404453701385,-3.48836892327719,6.15768218340023));
#5991=CARTESIAN_POINT('Ctrl Pts',(6.56308135447756,-3.51080145635506,6.14967625922672));
#5992=CARTESIAN_POINT('Ctrl Pts',(6.56198493292538,-3.53568192224605,6.14076654334779));
#5993=CARTESIAN_POINT('Ctrl Pts',(6.56074523890511,-3.56300610624583,6.13094326150278));
#5994=CARTESIAN_POINT('Ctrl Pts',(6.55935131734152,-3.59276923526384,6.12019549550694));
#5995=CARTESIAN_POINT('Ctrl Pts',(6.55791532998651,-3.62251469709405,6.10940662738686));
#5996=CARTESIAN_POINT('Ctrl Pts',(6.5564379689241,-3.65224249240078,6.09857686053142));
#5997=CARTESIAN_POINT('Ctrl Pts',(6.55491990222715,-3.6819526467295,6.08770638100037));
#5998=CARTESIAN_POINT('Ctrl Pts',(6.5533617645464,-3.71164520840877,6.07679535479321));
#5999=CARTESIAN_POINT('Ctrl Pts',(6.55176414785437,-3.74132024681412,6.06584392506864));
#6000=CARTESIAN_POINT('Ctrl Pts',(6.5501275922274,-3.77097785039644,6.05485220947309));
#6001=CARTESIAN_POINT('Ctrl Pts',(6.54845257674888,-3.80061812478156,6.04382029750918));
#6002=CARTESIAN_POINT('Ctrl Pts',(6.54673951043027,-3.83024119081809,6.03274824794292));
#6003=CARTESIAN_POINT('Ctrl Pts',(6.54498872336788,-3.85984718261542,6.02163608632484));
#6004=CARTESIAN_POINT('Ctrl Pts',(6.54320045765545,-3.88943624560785,6.01048380242378));
#6005=CARTESIAN_POINT('Ctrl Pts',(6.54137485915487,-3.91900853456671,5.99929134802424));
#6006=CARTESIAN_POINT('Ctrl Pts',(6.53951196763326,-3.94856421166861,5.98805863411339));
#6007=CARTESIAN_POINT('Ctrl Pts',(6.53761171091051,-3.97810344457152,5.97678552956114));
#6008=CARTESIAN_POINT('Ctrl Pts',(6.53558078457712,-4.00904488262816,5.964928273027));
#6009=CARTESIAN_POINT('Ctrl Pts',(6.53356038354625,-4.03917645786528,5.95332995699021));
#6010=CARTESIAN_POINT('Ctrl Pts',(6.53155363834853,-4.06849994062154,5.94199423443928));
#6011=CARTESIAN_POINT('Ctrl Pts',(6.52966508325682,-4.09560168553044,5.93147723429888));
#6012=CARTESIAN_POINT('Ctrl Pts',(6.52774318045895,-4.12268979013917,5.92092517419465));
#6013=CARTESIAN_POINT('Ctrl Pts',(6.52578749758838,-4.14976415688097,5.91033790039605));
#6014=CARTESIAN_POINT('Ctrl Pts',(6.52379760044466,-4.17682468469946,5.89971525988117));
#6015=CARTESIAN_POINT('Ctrl Pts',(6.52177304880118,-4.20387126707118,5.88905709954205));
#6016=CARTESIAN_POINT('Ctrl Pts',(6.51971339845637,-4.23090379002965,5.87836326769016));
#6017=CARTESIAN_POINT('Ctrl Pts',(6.51761820056153,-4.25792213025133,5.86763361453534));
#6018=CARTESIAN_POINT('Ctrl Pts',(6.51548700213443,-4.28492615311784,5.85686799314214));
#6019=CARTESIAN_POINT('Ctrl Pts',(6.51331934611239,-4.31191571079298,5.84606626020315));
#6020=CARTESIAN_POINT('Ctrl Pts',(6.51111477160779,-4.33889064035136,5.83522827689425));
#6021=CARTESIAN_POINT('Ctrl Pts',(6.50887281408353,-4.36585076195509,5.82435390968827));
#6022=CARTESIAN_POINT('Ctrl Pts',(6.50659300558828,-4.39279587711456,5.81344303117153));
#6023=CARTESIAN_POINT('Ctrl Pts',(6.50427487496665,-4.41972576701266,5.80249552084132));
#6024=CARTESIAN_POINT('Ctrl Pts',(6.5019179481021,-4.44664019106954,5.79151126582945));
#6025=CARTESIAN_POINT('Ctrl Pts',(6.49944903775879,-4.47435510004885,5.7801557370138));
#6026=CARTESIAN_POINT('Ctrl Pts',(6.49686333288469,-4.50286846055623,5.76842481311322));
#6027=CARTESIAN_POINT('Ctrl Pts',(6.49415571122639,-4.53217805381463,5.75631420364848));
#6028=CARTESIAN_POINT('Ctrl Pts',(6.49139951425611,-4.56146774069683,5.7441594032312));
#6029=CARTESIAN_POINT('Ctrl Pts',(6.4885941069489,-4.59073707376096,5.73196031497371));
#6030=CARTESIAN_POINT('Ctrl Pts',(6.48573884825469,-4.61998560042645,5.71971684324006));
#6031=CARTESIAN_POINT('Ctrl Pts',(6.48283309006232,-4.64921287259125,5.70742888959242));
#6032=CARTESIAN_POINT('Ctrl Pts',(6.47987617604833,-4.67841845549607,5.69509634892735));
#6033=CARTESIAN_POINT('Ctrl Pts',(6.47787035236658,-4.69787410898157,5.68684485356475));
#6034=CARTESIAN_POINT('Ctrl Pts',(6.47590656179375,-4.71675004211574,5.67882163842814));
#6035=CARTESIAN_POINT('Ctrl Pts',(6.47398680477768,-4.73504711178067,5.67102841080468));
#6036=CARTESIAN_POINT('Ctrl Pts',(6.47106009899613,-4.76247250577006,5.659298739021));
#6037=CARTESIAN_POINT('Ctrl Pts',(6.46808573911192,-4.78987742556876,5.64752910152335));
#6038=CARTESIAN_POINT('Ctrl Pts',(6.46506313044189,-4.8172616395206,5.63571934713018));
#6039=CARTESIAN_POINT('Ctrl Pts',(6.46199166672517,-4.84462494891318,5.6238693080395));
#6040=CARTESIAN_POINT('Ctrl Pts',(6.45887072948104,-4.87196718764342,5.61197879954126));
#6041=CARTESIAN_POINT('Ctrl Pts',(6.45569968737107,-4.89928822096083,5.60004762010433));
#6042=CARTESIAN_POINT('Ctrl Pts',(6.45250027503617,-4.92639831293763,5.58815871271045));
#6043=CARTESIAN_POINT('Ctrl Pts',(6.44927307637558,-4.95329790000619,5.57631283831155));
#6044=CARTESIAN_POINT('Ctrl Pts',(6.44601869173436,-4.97998743484128,5.56451075207865));
#6045=CARTESIAN_POINT('Ctrl Pts',(6.44271374621435,-5.00665634058265,5.5526687767293));
#6046=CARTESIAN_POINT('Ctrl Pts',(6.43935758675586,-5.0333045467058,5.54078667849303));
#6047=CARTESIAN_POINT('Ctrl Pts',(6.43594955014027,-5.05993196140689,5.52886422833593));
#6048=CARTESIAN_POINT('Ctrl Pts',(6.43248896332631,-5.0865384635348,5.51690120547052));
#6049=CARTESIAN_POINT('Ctrl Pts',(6.42897514360234,-5.11312389595342,5.50489740028018));
#6050=CARTESIAN_POINT('Ctrl Pts',(6.42540739850981,-5.13968806029378,5.49285261664852));
#6051=CARTESIAN_POINT('Ctrl Pts',(6.42178502555518,-5.16623071273343,5.48076667383752));
#6052=CARTESIAN_POINT('Ctrl Pts',(6.41810731171008,-5.19275156060934,5.46863940798568));
#6053=CARTESIAN_POINT('Ctrl Pts',(6.41437353267933,-5.21925025958446,5.45647067333059));
#6054=CARTESIAN_POINT('Ctrl Pts',(6.41058295196357,-5.24572641130689,5.44426034318149));
#6055=CARTESIAN_POINT('Ctrl Pts',(6.40673481959564,-5.27217956126289,5.43200831073294));
#6056=CARTESIAN_POINT('Ctrl Pts',(6.40282837069794,-5.29860919732695,5.41971448953526));
#6057=CARTESIAN_POINT('Ctrl Pts',(6.39886282335722,-5.32501474807149,5.40737881389057));
#6058=CARTESIAN_POINT('Ctrl Pts',(6.39518271484805,-5.34913240347213,5.3960630955011));
#6059=CARTESIAN_POINT('Ctrl Pts',(6.39180411322191,-5.3709685405326,5.38577897174807));
#6060=CARTESIAN_POINT('Ctrl Pts',(6.38874155211346,-5.39052908423819,5.37653671191537));
#6061=CARTESIAN_POINT('Ctrl Pts',(6.38564479662296,-5.41007501073378,5.36727131873449));
#6062=CARTESIAN_POINT('Ctrl Pts',(6.38251347560582,-5.42960601665353,5.35798278194554));
#6063=CARTESIAN_POINT('Ctrl Pts',(6.37934720219088,-5.44912180853995,5.34867108276856));
#6064=CARTESIAN_POINT('Ctrl Pts',(6.3761455708226,-5.46862210911603,5.33933619024848));
#6065=CARTESIAN_POINT('Ctrl Pts',(6.37290815441998,-5.48810666334491,5.32997805767222));
#6066=CARTESIAN_POINT('Ctrl Pts',(6.36963450126275,-5.50757524315915,5.3205966194425));
#6067=CARTESIAN_POINT('Ctrl Pts',(6.3663241317988,-5.5270276510828,5.31119178837061));
#6068=CARTESIAN_POINT('Ctrl Pts',(6.36297653525302,-5.5464637223889,5.30176345351764));
#6069=CARTESIAN_POINT('Ctrl Pts',(6.35959116608587,-5.56588332593654,5.29231147854439));
#6070=CARTESIAN_POINT('Ctrl Pts',(6.35616744014029,-5.5852863635468,5.28283570058769));
#6071=CARTESIAN_POINT('Ctrl Pts',(6.35270473055995,-5.60467276830309,5.27333592953421));
#6072=CARTESIAN_POINT('Ctrl Pts',(6.34920236297554,-5.6240425015081,5.2638119476511));
#6073=CARTESIAN_POINT('Ctrl Pts',(6.34565961050225,-5.64339554999259,5.25426350902626));
#6074=CARTESIAN_POINT('Ctrl Pts',(6.34194389791017,-5.66344296251087,5.24433831263832));
#6075=CARTESIAN_POINT('Ctrl Pts',(6.33804879414368,-5.68418255878102,5.23403272911313));
#6076=CARTESIAN_POINT('Ctrl Pts',(6.33396719141263,-5.70561207421351,5.22334282649182));
#6077=CARTESIAN_POINT('Ctrl Pts',(6.32983111524737,-5.72702110737377,5.21262113092138));
#6078=CARTESIAN_POINT('Ctrl Pts',(6.32563903853396,-5.7484095575794,5.20186716891423));
#6079=CARTESIAN_POINT('Ctrl Pts',(6.32138928113137,-5.76977718386576,5.19108047987849));
#6080=CARTESIAN_POINT('Ctrl Pts',(6.31707998583919,-5.7911235522509,5.1802606326086));
#6081=CARTESIAN_POINT('Ctrl Pts',(6.31270908831761,-5.81244796762853,5.16940724701763));
#6082=CARTESIAN_POINT('Ctrl Pts',(6.3082212862089,-5.83400391471524,5.15838993158599));
#6083=CARTESIAN_POINT('Ctrl Pts',(6.30361114339399,-5.85578894287799,5.14720701722021));
#6084=CARTESIAN_POINT('Ctrl Pts',(6.29887240558624,-5.87780005819193,5.13585680535206));
#6085=CARTESIAN_POINT('Ctrl Pts',(6.29405471743237,-5.89978107151457,5.12446933602121));
#6086=CARTESIAN_POINT('Ctrl Pts',(6.28915285944328,-5.92173032317771,5.11304368009083));
#6087=CARTESIAN_POINT('Ctrl Pts',(6.28416001662297,-5.94364687402844,5.10157808200008));
#6088=CARTESIAN_POINT('Ctrl Pts',(6.27906714454132,-5.96553080490928,5.0900696182015));
#6089=CARTESIAN_POINT('Ctrl Pts',(6.27386169314293,-5.98738350826612,5.07851365160464));
#6090=CARTESIAN_POINT('Ctrl Pts',(6.26986717940679,-6.00372198905136,5.06982167443689));
#6091=CARTESIAN_POINT('Ctrl Pts',(6.26716497784569,-6.01456740519396,5.06402782264131));
#6092=CARTESIAN_POINT('Ctrl Pts',(6.26536969810772,-6.02171667084623,5.06020198526336));
#6093=CARTESIAN_POINT('Ctrl Pts',(6.26309847029009,-6.03065044977982,5.0554084022262));
#6094=CARTESIAN_POINT('Ctrl Pts',(6.26032377665202,-6.04136754039592,5.04963570955228));
#6095=CARTESIAN_POINT('Ctrl Pts',(6.25701740089672,-6.05387008188433,5.04287183028046));
#6096=CARTESIAN_POINT('Ctrl Pts',(6.25409414023467,-6.0645899201307,5.03703635863371));
#6097=CARTESIAN_POINT('Ctrl Pts',(6.25194260063371,-6.07219687640234,5.03286633498029));
#6098=CARTESIAN_POINT('Ctrl Pts',(6.25117073481943,-6.07488519088937,5.03138847392826));
#6099=CARTESIAN_POINT('Ctrl Pts',(6.25065300322332,-6.07667811458053,5.03040176839845));
#6100=CARTESIAN_POINT('Ctrl Pts',(6.24973681718743,-6.07981900059264,5.02866994956632));
#6101=CARTESIAN_POINT('Ctrl Pts',(6.24886506995605,-6.08274258520629,5.02705125935192));
#6102=CARTESIAN_POINT('Ctrl Pts',(6.24817499034572,-6.08500032349928,5.02579547376237));
#6103=CARTESIAN_POINT('Ctrl Pts',(6.24789687280775,-6.08590447277742,5.02529197816646));
#6104=CARTESIAN_POINT('Ctrl Pts',(6.24754526913173,-6.08703662838965,5.02466038217204));
#6105=CARTESIAN_POINT('Ctrl Pts',(6.24711559562589,-6.08839940131196,5.02389797757106));
#6106=CARTESIAN_POINT('Ctrl Pts',(6.24667599517514,-6.08976801338437,5.02312963184634));
#6107=CARTESIAN_POINT('Ctrl Pts',(6.24622353820822,-6.0911447082014,5.02235338292966));
#6108=CARTESIAN_POINT('Ctrl Pts',(6.24575152279638,-6.09253492791616,5.02156460178432));
#6109=CARTESIAN_POINT('Ctrl Pts',(6.24533218141026,-6.09371273264612,5.02089007781005));
#6110=CARTESIAN_POINT('Ctrl Pts',(6.24502753609486,-6.09450449192918,5.02042938165922));
#6111=CARTESIAN_POINT('Ctrl Pts',(6.24486950803233,-6.09488497821997,5.02020429785731));
#6112=CARTESIAN_POINT('Ctrl Pts',(6.24478417059834,-6.09508079748581,5.02008718660597));
#6113=CARTESIAN_POINT('Ctrl Pts',(6.2447049717719,-6.09525116997491,5.01998372512923));
#6114=CARTESIAN_POINT('Ctrl Pts',(6.24463792603224,-6.09538090395347,5.0199028090236));
#6115=CARTESIAN_POINT('Ctrl Pts',(6.24459619060017,-6.09545323842093,5.01985631596867));
#6116=CARTESIAN_POINT('Ctrl Pts',(6.2445695691971,-6.0954946575848,5.01982883224161));
#6117=CARTESIAN_POINT('Ctrl Pts',(6.24455231631121,-6.09551897250962,5.01981218409673));
#6118=CARTESIAN_POINT('Ctrl Pts',(6.24453916731851,-6.09553587890783,5.01980024385699));
#6119=CARTESIAN_POINT('Ctrl Pts',(6.24453026260228,-6.09554646629433,5.01979255444986));
#6120=CARTESIAN_POINT('Ctrl Pts',(6.24452086507138,-6.09555629099505,5.01978506025377));
#6121=CARTESIAN_POINT('Ctrl Pts',(6.44564123510735,-0.66559843094759,6.95051649602428));
#6122=CARTESIAN_POINT('Ctrl Pts',(6.44617047830786,-0.673594466014502,6.94866918632455));
#6123=CARTESIAN_POINT('Ctrl Pts',(6.44722487832802,-0.689585784487874,6.94496842255961));
#6124=CARTESIAN_POINT('Ctrl Pts',(6.44879360139675,-0.713570529802322,6.93939858220995));
#6125=CARTESIAN_POINT('Ctrl Pts',(6.4503489154457,-0.737553052979392,6.93380981627529));
#6126=CARTESIAN_POINT('Ctrl Pts',(6.45189036875387,-0.761533352834388,6.92820192275031));
#6127=CARTESIAN_POINT('Ctrl Pts',(6.45341758542345,-0.785511417802485,6.92257472689004));
#6128=CARTESIAN_POINT('Ctrl Pts',(6.45493026052939,-0.809487227268857,6.91692807940777));
#6129=CARTESIAN_POINT('Ctrl Pts',(6.45642815541329,-0.833460753041697,6.91126185466867));
#6130=CARTESIAN_POINT('Ctrl Pts',(6.45791109290801,-0.857431960922157,6.90557594882384));
#6131=CARTESIAN_POINT('Ctrl Pts',(6.45937895258826,-0.881400812284854,6.89987027793594));
#6132=CARTESIAN_POINT('Ctrl Pts',(6.46083166600463,-0.905367265601639,6.89414477610103));
#6133=CARTESIAN_POINT('Ctrl Pts',(6.46226921191838,-0.929331277828733,6.88839939359258));
#6134=CARTESIAN_POINT('Ctrl Pts',(6.46369161153309,-0.953292805598956,6.88263409504272));
#6135=CARTESIAN_POINT('Ctrl Pts',(6.46509892371727,-0.97725180613198,6.87684885768197));
#6136=CARTESIAN_POINT('Ctrl Pts',(6.46649124023955,-1.0012082378563,6.87104366964857));
#6137=CARTESIAN_POINT('Ctrl Pts',(6.46786868096753,-1.02516206058428,6.86521852839228));
#6138=CARTESIAN_POINT('Ctrl Pts',(6.46925171719474,-1.04947052449271,6.85928624567978));
#6139=CARTESIAN_POINT('Ctrl Pts',(6.47063974015219,-1.07413344911,6.85324577898837));
#6140=CARTESIAN_POINT('Ctrl Pts',(6.47203216519228,-1.09915064675243,6.84709607307642));
#6141=CARTESIAN_POINT('Ctrl Pts',(6.47340909757916,-1.12416482762613,6.84092464817388));
#6142=CARTESIAN_POINT('Ctrl Pts',(6.47477075285035,-1.14917594983494,6.83473152907009));
#6143=CARTESIAN_POINT('Ctrl Pts',(6.4761173453983,-1.17418397040194,6.82851674104319));
#6144=CARTESIAN_POINT('Ctrl Pts',(6.47744908195445,-1.19918884418907,6.8222803080038));
#6145=CARTESIAN_POINT('Ctrl Pts',(6.47876615696946,-1.22419052331162,6.81602225109919));
#6146=CARTESIAN_POINT('Ctrl Pts',(6.48029985938911,-1.25362438000609,6.80862839726165));
#6147=CARTESIAN_POINT('Ctrl Pts',(6.48204008625672,-1.2874879977167,6.80008330500126));
#6148=CARTESIAN_POINT('Ctrl Pts',(6.48397495625466,-1.32577833045574,6.79036846000062));
#6149=CARTESIAN_POINT('Ctrl Pts',(6.48587681130132,-1.36406045492773,6.78060285397188));
#6150=CARTESIAN_POINT('Ctrl Pts',(6.48712276066642,-1.38957622382184,6.77405854846244));
#6151=CARTESIAN_POINT('Ctrl Pts',(6.48835795243746,-1.41509405884014,6.76749596616321));
#6152=CARTESIAN_POINT('Ctrl Pts',(6.48958237801978,-1.44061395767113,6.76091509380267));
#6153=CARTESIAN_POINT('Ctrl Pts',(6.49138578803878,-1.47888475950832,6.75099258404443));
#6154=CARTESIAN_POINT('Ctrl Pts',(6.49315562847153,-1.51714622786725,6.74101865445));
#6155=CARTESIAN_POINT('Ctrl Pts',(6.49479281829817,-1.55322494565238,6.73156261225307));
#6156=CARTESIAN_POINT('Ctrl Pts',(6.49630331698379,-1.58712252993774,6.72263398316584));
#6157=CARTESIAN_POINT('Ctrl Pts',(6.49769277433215,-1.61884057772614,6.71424164630647));
#6158=CARTESIAN_POINT('Ctrl Pts',(6.49905755791955,-1.65055160653654,6.70581311151207));
#6159=CARTESIAN_POINT('Ctrl Pts',(6.5003971718928,-1.68225551540322,6.69734814049813));
#6160=CARTESIAN_POINT('Ctrl Pts',(6.50171107490633,-1.71395221348175,6.6888464774032));
#6161=CARTESIAN_POINT('Ctrl Pts',(6.50299868210836,-1.74564161915373,6.68030784961663));
#6162=CARTESIAN_POINT('Ctrl Pts',(6.50425936807163,-1.77732365855697,6.67173196907923));
#6163=CARTESIAN_POINT('Ctrl Pts',(6.50549246928967,-1.80899826428264,6.66311853341198));
#6164=CARTESIAN_POINT('Ctrl Pts',(6.50669728686401,-1.84066537393118,6.654467227158));
#6165=CARTESIAN_POINT('Ctrl Pts',(6.50787308909964,-1.87232492866785,6.64577772300889));
#6166=CARTESIAN_POINT('Ctrl Pts',(6.50901911413741,-1.90397687168857,6.63704968308192));
#6167=CARTESIAN_POINT('Ctrl Pts',(6.51013457256689,-1.93562114659744,6.62828276023052));
#6168=CARTESIAN_POINT('Ctrl Pts',(6.51121865004491,-1.9672576956276,6.61947659941652));
#6169=CARTESIAN_POINT('Ctrl Pts',(6.5122705099137,-1.99888645766764,6.61063083915412));
#6170=CARTESIAN_POINT('Ctrl Pts',(6.5132892958141,-2.03050736583056,6.60174511310703));
#6171=CARTESIAN_POINT('Ctrl Pts',(6.51427048672614,-2.06200325873256,6.59285211153165));
#6172=CARTESIAN_POINT('Ctrl Pts',(6.51521364488987,-2.0933741535162,6.58395198948381));
#6173=CARTESIAN_POINT('Ctrl Pts',(6.51611834827393,-2.12462005748739,6.57504491169373));
#6174=CARTESIAN_POINT('Ctrl Pts',(6.51698723728747,-2.15585792088521,6.56609731010952));
#6175=CARTESIAN_POINT('Ctrl Pts',(6.51781942661431,-2.18708762607698,6.55710882786947));
#6176=CARTESIAN_POINT('Ctrl Pts',(6.51861402695009,-2.21830904462752,6.54807911036511));
#6177=CARTESIAN_POINT('Ctrl Pts',(6.51937014742903,-2.24952203735341,6.53900780611941));
#6178=CARTESIAN_POINT('Ctrl Pts',(6.52008689805299,-2.28072645447841,6.52989456763919));
#6179=CARTESIAN_POINT('Ctrl Pts',(6.52076339210902,-2.31192213578489,6.52073905226746));
#6180=CARTESIAN_POINT('Ctrl Pts',(6.52139874858352,-2.34310891082056,6.51154092302067));
#6181=CARTESIAN_POINT('Ctrl Pts',(6.52199209456382,-2.37428659914435,6.5022998494116));
#6182=CARTESIAN_POINT('Ctrl Pts',(6.52254256764193,-2.4054550106269,6.49301550825822));
#6183=CARTESIAN_POINT('Ctrl Pts',(6.52304931828855,-2.43661394580782,6.48368758446507));
#6184=CARTESIAN_POINT('Ctrl Pts',(6.52351151226517,-2.46776319631225,6.47431577180181));
#6185=CARTESIAN_POINT('Ctrl Pts',(6.52392833292356,-2.49890254533888,6.46489977361607));
#6186=CARTESIAN_POINT('Ctrl Pts',(6.52429898372307,-2.53003176820371,6.45543930361289));
#6187=CARTESIAN_POINT('Ctrl Pts',(6.52460516347793,-2.55946573425869,6.44644873654929));
#6188=CARTESIAN_POINT('Ctrl Pts',(6.52485474167469,-2.58720611990243,6.43793594277682));
#6189=CARTESIAN_POINT('Ctrl Pts',(6.52505528227197,-2.61325455657774,6.42990831433163));
#6190=CARTESIAN_POINT('Ctrl Pts',(6.52522152767354,-2.6392952692516,6.42184882014806));
#6191=CARTESIAN_POINT('Ctrl Pts',(6.52530923025129,-2.65665049572785,6.41645449013304));
#6192=CARTESIAN_POINT('Ctrl Pts',(6.52538225047227,-2.67332007027597,6.41126218680387));
#6193=CARTESIAN_POINT('Ctrl Pts',(6.52544235647661,-2.68930439738199,6.4062735299197));
#6194=CARTESIAN_POINT('Ctrl Pts',(6.52550246355758,-2.71327395928904,6.39876317942377));
#6195=CARTESIAN_POINT('Ctrl Pts',(6.52553224710466,-2.73723647338528,6.39122537363061));
#6196=CARTESIAN_POINT('Ctrl Pts',(6.52553144905245,-2.76119182052452,6.38366002761001));
#6197=CARTESIAN_POINT('Ctrl Pts',(6.52549982548176,-2.78513988178182,6.37606706174699));
#6198=CARTESIAN_POINT('Ctrl Pts',(6.52543714723369,-2.80908053874262,6.36844640186802));
#6199=CARTESIAN_POINT('Ctrl Pts',(6.52534320051272,-2.83301367376206,6.36079797937081));
#6200=CARTESIAN_POINT('Ctrl Pts',(6.52521778749509,-2.85693917019985,6.35312173136209));
#6201=CARTESIAN_POINT('Ctrl Pts',(6.52506072692089,-2.88085691262612,6.34541760079695));
#6202=CARTESIAN_POINT('Ctrl Pts',(6.52487185471077,-2.90476678700498,6.33768553663269));
#6203=CARTESIAN_POINT('Ctrl Pts',(6.52465102451972,-2.92866868084299,6.32992549396932));
#6204=CARTESIAN_POINT('Ctrl Pts',(6.52439810842043,-2.9525624833318,6.3221374342378));
#6205=CARTESIAN_POINT('Ctrl Pts',(6.52411299728944,-2.97644808542215,6.31432132530023));
#6206=CARTESIAN_POINT('Ctrl Pts',(6.52379560184328,-3.0003253799712,6.30647714176284));
#6207=CARTESIAN_POINT('Ctrl Pts',(6.52344585222111,-3.02419426165193,6.29860486483256));
#6208=CARTESIAN_POINT('Ctrl Pts',(6.52299173589787,-3.05254789488255,6.28921672190984));
#6209=CARTESIAN_POINT('Ctrl Pts',(6.52240839681259,-3.08537958119831,6.27829118984699));
#6210=CARTESIAN_POINT('Ctrl Pts',(6.52166583265275,-3.12268097176258,6.26580228236461));
#6211=CARTESIAN_POINT('Ctrl Pts',(6.52084398061422,-3.159960519331,6.25324461306922));
#6212=CARTESIAN_POINT('Ctrl Pts',(6.51994312009175,-3.19721787738847,6.24061829145047));
#6213=CARTESIAN_POINT('Ctrl Pts',(6.51896367797917,-3.23445271487467,6.22792347522619));
#6214=CARTESIAN_POINT('Ctrl Pts',(6.51790623191046,-3.2716647175128,6.21516037078181));
#6215=CARTESIAN_POINT('Ctrl Pts',(6.51677151711914,-3.3088535905434,6.20232923440284));
#6216=CARTESIAN_POINT('Ctrl Pts',(6.51572053591541,-3.34110571657411,6.19113562531973));
#6217=CARTESIAN_POINT('Ctrl Pts',(6.51478525127844,-3.36843055232886,6.18160754048971));
#6218=CARTESIAN_POINT('Ctrl Pts',(6.51399090365628,-3.39083589189508,6.17376740911433));
#6219=CARTESIAN_POINT('Ctrl Pts',(6.51316968453622,-3.4132325285443,6.16590292934461));
#6220=CARTESIAN_POINT('Ctrl Pts',(6.51232189480224,-3.43562042178701,6.15801419858939));
#6221=CARTESIAN_POINT('Ctrl Pts',(6.51144784936367,-3.45799953496098,6.15010131789142));
#6222=CARTESIAN_POINT('Ctrl Pts',(6.5105478759052,-3.48036983541061,6.14216439142287));
#6223=CARTESIAN_POINT('Ctrl Pts',(6.50962231175539,-3.50273129422301,6.13420352546817));
#6224=CARTESIAN_POINT('Ctrl Pts',(6.50856727848672,-3.52753406955018,6.12534358358698));
#6225=CARTESIAN_POINT('Ctrl Pts',(6.50737267651043,-3.55477440915682,6.11557471698865));
#6226=CARTESIAN_POINT('Ctrl Pts',(6.50602753654431,-3.58444806036792,6.10488593849276));
#6227=CARTESIAN_POINT('Ctrl Pts',(6.50464008265661,-3.61410594229239,6.09415576838051));
#6228=CARTESIAN_POINT('Ctrl Pts',(6.50321112451737,-3.6437480301703,6.08338444752769));
#6229=CARTESIAN_POINT('Ctrl Pts',(6.50174144836259,-3.6733743051698,6.07257220651561));
#6230=CARTESIAN_POINT('Ctrl Pts',(6.50023180680831,-3.70298475258792,6.06171926269846));
#6231=CARTESIAN_POINT('Ctrl Pts',(6.49868290885789,-3.7325793601275,6.05082581732849));
#6232=CARTESIAN_POINT('Ctrl Pts',(6.49709540991289,-3.76215811608894,6.03989205272947));
#6233=CARTESIAN_POINT('Ctrl Pts',(6.4954699019228,-3.79172100757652,6.0289181295315));
#6234=CARTESIAN_POINT('Ctrl Pts',(6.49380690352255,-3.82126801867333,6.01790418393252));
#6235=CARTESIAN_POINT('Ctrl Pts',(6.49210685044596,-3.85079912865857,6.00685032505893));
#6236=CARTESIAN_POINT('Ctrl Pts',(6.49037008562109,-3.88031431015917,5.99575663226291));
#6237=CARTESIAN_POINT('Ctrl Pts',(6.48859685026482,-3.9098135274831,5.98462315271556));
#6238=CARTESIAN_POINT('Ctrl Pts',(6.48678727308917,-3.93929673460756,5.97344989850503));
#6239=CARTESIAN_POINT('Ctrl Pts',(6.48494136401634,-3.9687638739902,5.96223684499273));
#6240=CARTESIAN_POINT('Ctrl Pts',(6.4829685569678,-3.9996298945953,5.95044326186915));
#6241=CARTESIAN_POINT('Ctrl Pts',(6.48100607173564,-4.02968784648785,5.93890788676365));
#6242=CARTESIAN_POINT('Ctrl Pts',(6.47905698924705,-4.05893918605948,5.92763443643427));
#6243=CARTESIAN_POINT('Ctrl Pts',(6.47722282152509,-4.08597384838001,5.91717584085661));
#6244=CARTESIAN_POINT('Ctrl Pts',(6.47535639601798,-4.1129945029829,5.90668301633225));
#6245=CARTESIAN_POINT('Ctrl Pts',(6.47345730308016,-4.1400010563117,5.89615581869346));
#6246=CARTESIAN_POINT('Ctrl Pts',(6.47152513187526,-4.16699341213957,5.88559410431161));
#6247=CARTESIAN_POINT('Ctrl Pts',(6.46955946569578,-4.19397146881777,5.87499772951939));
#6248=CARTESIAN_POINT('Ctrl Pts',(6.46755988426922,-4.22093511771161,5.86436655199222));
#6249=CARTESIAN_POINT('Ctrl Pts',(6.46552596293353,-4.24788424109681,5.85370043127207));
#6250=CARTESIAN_POINT('Ctrl Pts',(6.46345727323498,-4.27481871030733,5.84299922969656));
#6251=CARTESIAN_POINT('Ctrl Pts',(6.46135338291634,-4.30173838379568,5.83226281316454));
#6252=CARTESIAN_POINT('Ctrl Pts',(6.45921385619453,-4.32864310527986,5.82149105198047));
#6253=CARTESIAN_POINT('Ctrl Pts',(6.4570382539157,-4.35553270191099,5.81068382166193));
#6254=CARTESIAN_POINT('Ctrl Pts',(6.45482613378539,-4.38240698254854,5.79984100374322));
#6255=CARTESIAN_POINT('Ctrl Pts',(6.45257705056741,-4.40926573608284,5.78896248656438));
#6256=CARTESIAN_POINT('Ctrl Pts',(6.45029055631623,-4.43610873000215,5.77804816598547));
#6257=CARTESIAN_POINT('Ctrl Pts',(6.44789567025371,-4.46374974736674,5.76676567240285));
#6258=CARTESIAN_POINT('Ctrl Pts',(6.44538776469247,-4.49218673343041,5.7551109974377));
#6259=CARTESIAN_POINT('Ctrl Pts',(6.44276191496276,-4.52141745002478,5.74307996982652));
#6260=CARTESIAN_POINT('Ctrl Pts',(6.44008927210703,-4.5506279552789,5.73100591350472));
#6261=CARTESIAN_POINT('Ctrl Pts',(6.43736923668304,-4.57981781452877,5.71888874207135));
#6262=CARTESIAN_POINT('Ctrl Pts',(6.43460120360815,-4.60898658832947,5.70672837026163));
#6263=CARTESIAN_POINT('Ctrl Pts',(6.43178456113626,-4.63813384204467,5.69452470991495));
#6264=CARTESIAN_POINT('Ctrl Pts',(6.42891868974503,-4.66725915464593,5.68227766615113));
#6265=CARTESIAN_POINT('Ctrl Pts',(6.42697487059193,-4.68666113599187,5.67408397792495));
#6266=CARTESIAN_POINT('Ctrl Pts',(6.42507190786283,-4.70548490377946,5.66611726506547));
#6267=CARTESIAN_POINT('Ctrl Pts',(6.42321172423549,-4.72373132284842,5.6583791879533));
#6268=CARTESIAN_POINT('Ctrl Pts',(6.42037617931991,-4.7510805529205,5.64673333387522));
#6269=CARTESIAN_POINT('Ctrl Pts',(6.41749481370237,-4.77840913271993,5.63504861473197));
#6270=CARTESIAN_POINT('Ctrl Pts',(6.41456706580242,-4.80571684252303,5.62332488815874));
#6271=CARTESIAN_POINT('Ctrl Pts',(6.4115923629838,-4.83300349548281,5.61156199531323));
#6272=CARTESIAN_POINT('Ctrl Pts',(6.40857012093008,-4.86026893726013,5.59975976061118));
#6273=CARTESIAN_POINT('Ctrl Pts',(6.40549974305799,-4.88751304467992,5.5879179918629));
#6274=CARTESIAN_POINT('Ctrl Pts',(6.40240228619943,-4.9145466283446,5.5761190125905));
#6275=CARTESIAN_POINT('Ctrl Pts',(6.39927832094744,-4.94137013831995,5.56436356565771));
#6276=CARTESIAN_POINT('Ctrl Pts',(6.39612843319272,-4.96798403988875,5.55265238807573));
#6277=CARTESIAN_POINT('Ctrl Pts',(6.39293001023212,-4.99457722998516,5.54090244935576));
#6278=CARTESIAN_POINT('Ctrl Pts',(6.38968243462634,-5.02114964733712,5.52911352584666));
#6279=CARTESIAN_POINT('Ctrl Pts',(6.38638507940284,-5.04770120887735,5.51728539896812));
#6280=CARTESIAN_POINT('Ctrl Pts',(6.38303730842584,-5.07423180157376,5.50541785876775));
#6281=CARTESIAN_POINT('Ctrl Pts',(6.37963847659738,-5.10074127566828,5.49351070690843));
#6282=CARTESIAN_POINT('Ctrl Pts',(6.37618792984803,-5.12722943928261,5.48156375907828));
#6283=CARTESIAN_POINT('Ctrl Pts',(6.37268500493719,-5.1536960540237,5.46957684696999));
#6284=CARTESIAN_POINT('Ctrl Pts',(6.36912902906331,-5.18014083139665,5.45754981990012));
#6285=CARTESIAN_POINT('Ctrl Pts',(6.36551931927277,-5.2065634297328,5.44548254618149));
#6286=CARTESIAN_POINT('Ctrl Pts',(6.36185518168719,-5.23296345158366,5.43337491426695));
#6287=CARTESIAN_POINT('Ctrl Pts',(6.35813591045705,-5.2593404412442,5.42122683378138));
#6288=CARTESIAN_POINT('Ctrl Pts',(6.35436078655294,-5.28569388296089,5.40903823622431));
#6289=CARTESIAN_POINT('Ctrl Pts',(6.35052907598433,-5.31202319876348,5.3968090756957));
#6290=CARTESIAN_POINT('Ctrl Pts',(6.34697366483695,-5.33607111319484,5.38559193535734));
#6291=CARTESIAN_POINT('Ctrl Pts',(6.34370994690862,-5.35784400720334,5.37539810501049));
#6292=CARTESIAN_POINT('Ctrl Pts',(6.340751838002,-5.37734781412772,5.36623753727238));
#6293=CARTESIAN_POINT('Ctrl Pts',(6.33776102447742,-5.39683695191848,5.35705459766188));
#6294=CARTESIAN_POINT('Ctrl Pts',(6.33473716099468,-5.41631110632968,5.3478492895771));
#6295=CARTESIAN_POINT('Ctrl Pts',(6.33167988819493,-5.43576997093741,5.33862160940748));
#6296=CARTESIAN_POINT('Ctrl Pts',(6.3285888300673,-5.45521325306627,5.32937154315471));
#6297=CARTESIAN_POINT('Ctrl Pts',(6.32546359140645,-5.47464067955245,5.3200990630982));
#6298=CARTESIAN_POINT('Ctrl Pts',(6.32230375507665,-5.49405200108374,5.31080412498405));
#6299=CARTESIAN_POINT('Ctrl Pts',(6.3191088792277,-5.5134469954064,5.30148666565564));
#6300=CARTESIAN_POINT('Ctrl Pts',(6.31587849439034,-5.53282546898126,5.29214660129632));
#6301=CARTESIAN_POINT('Ctrl Pts',(6.31261210047846,-5.55218725726241,5.28278382622596));
#6302=CARTESIAN_POINT('Ctrl Pts',(6.3093091635992,-5.57153222338796,5.27339821232091));
#6303=CARTESIAN_POINT('Ctrl Pts',(6.30596911270119,-5.59086025572833,5.26398960888372));
#6304=CARTESIAN_POINT('Ctrl Pts',(6.30259133572361,-5.6101712638462,5.25455784305893));
#6305=CARTESIAN_POINT('Ctrl Pts',(6.29917517557326,-5.62946517480374,5.24510272006638));
#6306=CARTESIAN_POINT('Ctrl Pts',(6.29559286740846,-5.64945077564356,5.23527547152405));
#6307=CARTESIAN_POINT('Ctrl Pts',(6.29183835722746,-5.67012573128757,5.22507269781522));
#6308=CARTESIAN_POINT('Ctrl Pts',(6.28790497840843,-5.69148757028218,5.21449074384088));
#6309=CARTESIAN_POINT('Ctrl Pts',(6.28392010363331,-5.71282795220794,5.20387873980895));
#6310=CARTESIAN_POINT('Ctrl Pts',(6.27988239641432,-5.73414659404302,5.19323636052106));
#6311=CARTESIAN_POINT('Ctrl Pts',(6.27579040191757,-5.75544303607795,5.18256332192023));
#6312=CARTESIAN_POINT('Ctrl Pts',(6.27164253165471,-5.77671658021919,5.17185940453668));
#6313=CARTESIAN_POINT('Ctrl Pts',(6.26743704560993,-5.79796620945872,5.16112448487665));
#6314=CARTESIAN_POINT('Ctrl Pts',(6.26312106617701,-5.81944409075807,5.15022993511467));
#6315=CARTESIAN_POINT('Ctrl Pts',(6.25868985471051,-5.84114715919697,5.13917461346809));
#6316=CARTESIAN_POINT('Ctrl Pts',(6.25413805696424,-5.86307160328584,5.12795750910724));
#6317=CARTESIAN_POINT('Ctrl Pts',(6.24951413865465,-5.88496127880729,5.11670789335521));
#6318=CARTESIAN_POINT('Ctrl Pts',(6.24481408972552,-5.90681331986707,5.10542579235554));
#6319=CARTESIAN_POINT('Ctrl Pts',(6.24003278667239,-5.92862511406172,5.09411077981205));
#6320=CARTESIAN_POINT('Ctrl Pts',(6.23516357252563,-5.9503943972752,5.08276179985998));
#6321=CARTESIAN_POINT('Ctrl Pts',(6.23019754592908,-5.97211900936247,5.07137705098557));
#6322=CARTESIAN_POINT('Ctrl Pts',(6.22639831348951,-5.98834743466578,5.06282531218643));
#6323=CARTESIAN_POINT('Ctrl Pts',(6.22383560622919,-5.99911087304236,5.05713201329164));
#6324=CARTESIAN_POINT('Ctrl Pts',(6.22213518876006,-6.00620345076074,5.05337466279044));
#6325=CARTESIAN_POINT('Ctrl Pts',(6.21998873137612,-6.01506068955721,5.0486713805485));
#6326=CARTESIAN_POINT('Ctrl Pts',(6.21737607304201,-6.02567455124034,5.04301639054121));
#6327=CARTESIAN_POINT('Ctrl Pts',(6.21427910397977,-6.03803772299244,5.03640526522352));
#6328=CARTESIAN_POINT('Ctrl Pts',(6.21156487764364,-6.04861052784701,5.03072310037829));
#6329=CARTESIAN_POINT('Ctrl Pts',(6.20959653057644,-6.05608053379622,5.02668813510072));
#6330=CARTESIAN_POINT('Ctrl Pts',(6.20889580936593,-6.05871446775766,5.02526281107971));
#6331=CARTESIAN_POINT('Ctrl Pts',(6.20842701868734,-6.0604697288274,5.02431226551178));
#6332=CARTESIAN_POINT('Ctrl Pts',(6.20760207310652,-6.06353949952826,5.02264791826606));
#6333=CARTESIAN_POINT('Ctrl Pts',(6.20682684647419,-6.06638607448317,5.02110071456086));
#6334=CARTESIAN_POINT('Ctrl Pts',(6.20622370222782,-6.06857280907218,5.01990938573102));
#6335=CARTESIAN_POINT('Ctrl Pts',(6.20598179854212,-6.06944722392058,5.01943274540777));
#6336=CARTESIAN_POINT('Ctrl Pts',(6.20567817112991,-6.07053970305713,5.01883673688338));
#6337=CARTESIAN_POINT('Ctrl Pts',(6.20531162317766,-6.07184972684148,5.01812117090494));
#6338=CARTESIAN_POINT('Ctrl Pts',(6.20494262258583,-6.07315868551535,5.01740521944617));
#6339=CARTESIAN_POINT('Ctrl Pts',(6.20457083731966,-6.07446643254587,5.01668884398759));
#6340=CARTESIAN_POINT('Ctrl Pts',(6.20419574052499,-6.07577273638849,5.01597198283307));
#6341=CARTESIAN_POINT('Ctrl Pts',(6.20387974522728,-6.0768598331178,5.01537411665435));
#6342=CARTESIAN_POINT('Ctrl Pts',(6.20367193178805,-6.0775653915815,5.01498517930615));
#6343=CARTESIAN_POINT('Ctrl Pts',(6.2035753333057,-6.07789073553087,5.01480558105506));
#6344=CARTESIAN_POINT('Ctrl Pts',(6.20352686902374,-6.07805333560863,5.01471576080786));
#6345=CARTESIAN_POINT('Ctrl Pts',(6.20348631690973,-6.07818876374053,5.01464088967277));
#6346=CARTESIAN_POINT('Ctrl Pts',(6.20345780718846,-6.07828350982976,5.01458846449365));
#6347=CARTESIAN_POINT('Ctrl Pts',(6.20344350802188,-6.07833086362114,5.01456224643081));
#6348=CARTESIAN_POINT('Ctrl Pts',(6.20343634270732,-6.07835453368547,5.01454913546954));
#6349=CARTESIAN_POINT('Ctrl Pts',(6.20343275451188,-6.07836636631388,5.01454257931273));
#6350=CARTESIAN_POINT('Ctrl Pts',(6.20343070183216,-6.07837312682562,5.01453883265975));
#6351=CARTESIAN_POINT('Ctrl Pts',(6.20342967454293,-6.07837650666968,5.01453695921794));
#6352=CARTESIAN_POINT('Ctrl Pts',(6.20342916029323,-6.07837819632936,5.01453602242382));
#6353=CARTESIAN_POINT('',(6.44486076707125,-0.665591795909631,6.95026417699105));
#6354=CARTESIAN_POINT('',(7.74262602534962,-0.517480335961098,6.43289302587551));
#6355=CARTESIAN_POINT('Ctrl Pts',(6.44486076707124,-0.665591795909623,6.95026417699105));
#6356=CARTESIAN_POINT('Ctrl Pts',(6.63582282490033,-0.667168513266966,7.01197883268662));
#6357=CARTESIAN_POINT('Ctrl Pts',(6.86783175417936,-0.658386827905303,7.02361006053135));
#6358=CARTESIAN_POINT('Ctrl Pts',(7.08438087868161,-0.637987024138623,6.96254730885305));
#6359=CARTESIAN_POINT('Ctrl Pts',(7.2287469576909,-0.624387155336919,6.92183880885991));
#6360=CARTESIAN_POINT('Ctrl Pts',(7.36624171978893,-0.605623842398821,6.84882153024673));
#6361=CARTESIAN_POINT('Ctrl Pts',(7.47927154594408,-0.584569082846602,6.75571398406696));
#6362=CARTESIAN_POINT('Ctrl Pts',(7.59230134436217,-0.563514328461138,6.66260646073541));
#6363=CARTESIAN_POINT('Ctrl Pts',(7.68086600359924,-0.540168235182318,6.54940860279649));
#6364=CARTESIAN_POINT('Ctrl Pts',(7.74262602613818,-0.517480336047015,6.43289302627676));
#6365=CARTESIAN_POINT('Ctrl Pts',(6.44564123510735,-0.66559843094759,6.95051649602428));
#6366=CARTESIAN_POINT('Ctrl Pts',(6.44617047830786,-0.673594466014502,6.94866918632455));
#6367=CARTESIAN_POINT('Ctrl Pts',(6.44722487832802,-0.689585784487874,6.94496842255961));
#6368=CARTESIAN_POINT('Ctrl Pts',(6.44879360139675,-0.713570529802322,6.93939858220995));
#6369=CARTESIAN_POINT('Ctrl Pts',(6.4503489154457,-0.737553052979392,6.93380981627529));
#6370=CARTESIAN_POINT('Ctrl Pts',(6.45189036875387,-0.761533352834388,6.92820192275031));
#6371=CARTESIAN_POINT('Ctrl Pts',(6.45341758542345,-0.785511417802485,6.92257472689004));
#6372=CARTESIAN_POINT('Ctrl Pts',(6.45493026052939,-0.809487227268857,6.91692807940777));
#6373=CARTESIAN_POINT('Ctrl Pts',(6.45642815541329,-0.833460753041697,6.91126185466867));
#6374=CARTESIAN_POINT('Ctrl Pts',(6.45791109290801,-0.857431960922157,6.90557594882384));
#6375=CARTESIAN_POINT('Ctrl Pts',(6.45937895258826,-0.881400812284854,6.89987027793594));
#6376=CARTESIAN_POINT('Ctrl Pts',(6.46083166600463,-0.905367265601639,6.89414477610103));
#6377=CARTESIAN_POINT('Ctrl Pts',(6.46226921191838,-0.929331277828733,6.88839939359258));
#6378=CARTESIAN_POINT('Ctrl Pts',(6.46369161153309,-0.953292805598956,6.88263409504272));
#6379=CARTESIAN_POINT('Ctrl Pts',(6.46509892371727,-0.97725180613198,6.87684885768197));
#6380=CARTESIAN_POINT('Ctrl Pts',(6.46649124023955,-1.0012082378563,6.87104366964857));
#6381=CARTESIAN_POINT('Ctrl Pts',(6.46786868096753,-1.02516206058428,6.86521852839228));
#6382=CARTESIAN_POINT('Ctrl Pts',(6.46925171719474,-1.04947052449271,6.85928624567978));
#6383=CARTESIAN_POINT('Ctrl Pts',(6.47063974015219,-1.07413344911,6.85324577898837));
#6384=CARTESIAN_POINT('Ctrl Pts',(6.47203216519228,-1.09915064675243,6.84709607307642));
#6385=CARTESIAN_POINT('Ctrl Pts',(6.47340909757916,-1.12416482762613,6.84092464817388));
#6386=CARTESIAN_POINT('Ctrl Pts',(6.47477075285035,-1.14917594983494,6.83473152907009));
#6387=CARTESIAN_POINT('Ctrl Pts',(6.4761173453983,-1.17418397040194,6.82851674104319));
#6388=CARTESIAN_POINT('Ctrl Pts',(6.47744908195445,-1.19918884418907,6.8222803080038));
#6389=CARTESIAN_POINT('Ctrl Pts',(6.47876615696946,-1.22419052331162,6.81602225109919));
#6390=CARTESIAN_POINT('Ctrl Pts',(6.48029985938911,-1.25362438000609,6.80862839726165));
#6391=CARTESIAN_POINT('Ctrl Pts',(6.48204008625672,-1.2874879977167,6.80008330500126));
#6392=CARTESIAN_POINT('Ctrl Pts',(6.48397495625466,-1.32577833045574,6.79036846000062));
#6393=CARTESIAN_POINT('Ctrl Pts',(6.48587681130132,-1.36406045492773,6.78060285397188));
#6394=CARTESIAN_POINT('Ctrl Pts',(6.48712276066642,-1.38957622382184,6.77405854846244));
#6395=CARTESIAN_POINT('Ctrl Pts',(6.48835795243746,-1.41509405884014,6.76749596616321));
#6396=CARTESIAN_POINT('Ctrl Pts',(6.48958237801978,-1.44061395767113,6.76091509380267));
#6397=CARTESIAN_POINT('Ctrl Pts',(6.49138578803878,-1.47888475950832,6.75099258404443));
#6398=CARTESIAN_POINT('Ctrl Pts',(6.49315562847153,-1.51714622786725,6.74101865445));
#6399=CARTESIAN_POINT('Ctrl Pts',(6.49479281829817,-1.55322494565238,6.73156261225307));
#6400=CARTESIAN_POINT('Ctrl Pts',(6.49630331698379,-1.58712252993774,6.72263398316584));
#6401=CARTESIAN_POINT('Ctrl Pts',(6.49769277433215,-1.61884057772614,6.71424164630647));
#6402=CARTESIAN_POINT('Ctrl Pts',(6.49905755791955,-1.65055160653654,6.70581311151207));
#6403=CARTESIAN_POINT('Ctrl Pts',(6.5003971718928,-1.68225551540322,6.69734814049813));
#6404=CARTESIAN_POINT('Ctrl Pts',(6.50171107490633,-1.71395221348175,6.6888464774032));
#6405=CARTESIAN_POINT('Ctrl Pts',(6.50299868210836,-1.74564161915373,6.68030784961663));
#6406=CARTESIAN_POINT('Ctrl Pts',(6.50425936807163,-1.77732365855697,6.67173196907923));
#6407=CARTESIAN_POINT('Ctrl Pts',(6.50549246928967,-1.80899826428264,6.66311853341198));
#6408=CARTESIAN_POINT('Ctrl Pts',(6.50669728686401,-1.84066537393118,6.654467227158));
#6409=CARTESIAN_POINT('Ctrl Pts',(6.50787308909964,-1.87232492866785,6.64577772300889));
#6410=CARTESIAN_POINT('Ctrl Pts',(6.50901911413741,-1.90397687168857,6.63704968308192));
#6411=CARTESIAN_POINT('Ctrl Pts',(6.51013457256689,-1.93562114659744,6.62828276023052));
#6412=CARTESIAN_POINT('Ctrl Pts',(6.51121865004491,-1.9672576956276,6.61947659941652));
#6413=CARTESIAN_POINT('Ctrl Pts',(6.5122705099137,-1.99888645766764,6.61063083915412));
#6414=CARTESIAN_POINT('Ctrl Pts',(6.5132892958141,-2.03050736583056,6.60174511310703));
#6415=CARTESIAN_POINT('Ctrl Pts',(6.51427048672614,-2.06200325873256,6.59285211153165));
#6416=CARTESIAN_POINT('Ctrl Pts',(6.51521364488987,-2.0933741535162,6.58395198948381));
#6417=CARTESIAN_POINT('Ctrl Pts',(6.51611834827393,-2.12462005748739,6.57504491169373));
#6418=CARTESIAN_POINT('Ctrl Pts',(6.51698723728747,-2.15585792088521,6.56609731010952));
#6419=CARTESIAN_POINT('Ctrl Pts',(6.51781942661431,-2.18708762607698,6.55710882786947));
#6420=CARTESIAN_POINT('Ctrl Pts',(6.51861402695009,-2.21830904462752,6.54807911036511));
#6421=CARTESIAN_POINT('Ctrl Pts',(6.51937014742903,-2.24952203735341,6.53900780611941));
#6422=CARTESIAN_POINT('Ctrl Pts',(6.52008689805299,-2.28072645447841,6.52989456763919));
#6423=CARTESIAN_POINT('Ctrl Pts',(6.52076339210902,-2.31192213578489,6.52073905226746));
#6424=CARTESIAN_POINT('Ctrl Pts',(6.52139874858352,-2.34310891082056,6.51154092302067));
#6425=CARTESIAN_POINT('Ctrl Pts',(6.52199209456382,-2.37428659914435,6.5022998494116));
#6426=CARTESIAN_POINT('Ctrl Pts',(6.52254256764193,-2.4054550106269,6.49301550825822));
#6427=CARTESIAN_POINT('Ctrl Pts',(6.52304931828855,-2.43661394580782,6.48368758446507));
#6428=CARTESIAN_POINT('Ctrl Pts',(6.52351151226517,-2.46776319631225,6.47431577180181));
#6429=CARTESIAN_POINT('Ctrl Pts',(6.52392833292356,-2.49890254533888,6.46489977361607));
#6430=CARTESIAN_POINT('Ctrl Pts',(6.52429898372307,-2.53003176820371,6.45543930361289));
#6431=CARTESIAN_POINT('Ctrl Pts',(6.52460516347793,-2.55946573425869,6.44644873654929));
#6432=CARTESIAN_POINT('Ctrl Pts',(6.52485474167469,-2.58720611990243,6.43793594277682));
#6433=CARTESIAN_POINT('Ctrl Pts',(6.52505528227197,-2.61325455657774,6.42990831433163));
#6434=CARTESIAN_POINT('Ctrl Pts',(6.52522152767354,-2.6392952692516,6.42184882014806));
#6435=CARTESIAN_POINT('Ctrl Pts',(6.52530923025129,-2.65665049572785,6.41645449013304));
#6436=CARTESIAN_POINT('Ctrl Pts',(6.52538225047227,-2.67332007027597,6.41126218680387));
#6437=CARTESIAN_POINT('Ctrl Pts',(6.52544235647661,-2.68930439738199,6.4062735299197));
#6438=CARTESIAN_POINT('Ctrl Pts',(6.52550246355758,-2.71327395928904,6.39876317942377));
#6439=CARTESIAN_POINT('Ctrl Pts',(6.52553224710466,-2.73723647338528,6.39122537363061));
#6440=CARTESIAN_POINT('Ctrl Pts',(6.52553144905245,-2.76119182052452,6.38366002761001));
#6441=CARTESIAN_POINT('Ctrl Pts',(6.52549982548176,-2.78513988178182,6.37606706174699));
#6442=CARTESIAN_POINT('Ctrl Pts',(6.52543714723369,-2.80908053874262,6.36844640186802));
#6443=CARTESIAN_POINT('Ctrl Pts',(6.52534320051272,-2.83301367376206,6.36079797937081));
#6444=CARTESIAN_POINT('Ctrl Pts',(6.52521778749509,-2.85693917019985,6.35312173136209));
#6445=CARTESIAN_POINT('Ctrl Pts',(6.52506072692089,-2.88085691262612,6.34541760079695));
#6446=CARTESIAN_POINT('Ctrl Pts',(6.52487185471077,-2.90476678700498,6.33768553663269));
#6447=CARTESIAN_POINT('Ctrl Pts',(6.52465102451972,-2.92866868084299,6.32992549396932));
#6448=CARTESIAN_POINT('Ctrl Pts',(6.52439810842043,-2.9525624833318,6.3221374342378));
#6449=CARTESIAN_POINT('Ctrl Pts',(6.52411299728944,-2.97644808542215,6.31432132530023));
#6450=CARTESIAN_POINT('Ctrl Pts',(6.52379560184328,-3.0003253799712,6.30647714176284));
#6451=CARTESIAN_POINT('Ctrl Pts',(6.52344585222111,-3.02419426165193,6.29860486483256));
#6452=CARTESIAN_POINT('Ctrl Pts',(6.52299173589787,-3.05254789488255,6.28921672190984));
#6453=CARTESIAN_POINT('Ctrl Pts',(6.52240839681259,-3.08537958119831,6.27829118984699));
#6454=CARTESIAN_POINT('Ctrl Pts',(6.52166583265275,-3.12268097176258,6.26580228236461));
#6455=CARTESIAN_POINT('Ctrl Pts',(6.52084398061422,-3.159960519331,6.25324461306922));
#6456=CARTESIAN_POINT('Ctrl Pts',(6.51994312009175,-3.19721787738847,6.24061829145047));
#6457=CARTESIAN_POINT('Ctrl Pts',(6.51896367797917,-3.23445271487467,6.22792347522619));
#6458=CARTESIAN_POINT('Ctrl Pts',(6.51790623191046,-3.2716647175128,6.21516037078181));
#6459=CARTESIAN_POINT('Ctrl Pts',(6.51677151711914,-3.3088535905434,6.20232923440284));
#6460=CARTESIAN_POINT('Ctrl Pts',(6.51572053591541,-3.34110571657411,6.19113562531973));
#6461=CARTESIAN_POINT('Ctrl Pts',(6.51478525127844,-3.36843055232886,6.18160754048971));
#6462=CARTESIAN_POINT('Ctrl Pts',(6.51399090365628,-3.39083589189508,6.17376740911433));
#6463=CARTESIAN_POINT('Ctrl Pts',(6.51316968453622,-3.4132325285443,6.16590292934461));
#6464=CARTESIAN_POINT('Ctrl Pts',(6.51232189480224,-3.43562042178701,6.15801419858939));
#6465=CARTESIAN_POINT('Ctrl Pts',(6.51144784936367,-3.45799953496098,6.15010131789142));
#6466=CARTESIAN_POINT('Ctrl Pts',(6.5105478759052,-3.48036983541061,6.14216439142287));
#6467=CARTESIAN_POINT('Ctrl Pts',(6.50962231175539,-3.50273129422301,6.13420352546817));
#6468=CARTESIAN_POINT('Ctrl Pts',(6.50856727848672,-3.52753406955018,6.12534358358698));
#6469=CARTESIAN_POINT('Ctrl Pts',(6.50737267651043,-3.55477440915682,6.11557471698865));
#6470=CARTESIAN_POINT('Ctrl Pts',(6.50602753654431,-3.58444806036792,6.10488593849276));
#6471=CARTESIAN_POINT('Ctrl Pts',(6.50464008265661,-3.61410594229239,6.09415576838051));
#6472=CARTESIAN_POINT('Ctrl Pts',(6.50321112451737,-3.6437480301703,6.08338444752769));
#6473=CARTESIAN_POINT('Ctrl Pts',(6.50174144836259,-3.6733743051698,6.07257220651561));
#6474=CARTESIAN_POINT('Ctrl Pts',(6.50023180680831,-3.70298475258792,6.06171926269846));
#6475=CARTESIAN_POINT('Ctrl Pts',(6.49868290885789,-3.7325793601275,6.05082581732849));
#6476=CARTESIAN_POINT('Ctrl Pts',(6.49709540991289,-3.76215811608894,6.03989205272947));
#6477=CARTESIAN_POINT('Ctrl Pts',(6.4954699019228,-3.79172100757652,6.0289181295315));
#6478=CARTESIAN_POINT('Ctrl Pts',(6.49380690352255,-3.82126801867333,6.01790418393252));
#6479=CARTESIAN_POINT('Ctrl Pts',(6.49210685044596,-3.85079912865857,6.00685032505893));
#6480=CARTESIAN_POINT('Ctrl Pts',(6.49037008562109,-3.88031431015917,5.99575663226291));
#6481=CARTESIAN_POINT('Ctrl Pts',(6.48859685026482,-3.9098135274831,5.98462315271556));
#6482=CARTESIAN_POINT('Ctrl Pts',(6.48678727308917,-3.93929673460756,5.97344989850503));
#6483=CARTESIAN_POINT('Ctrl Pts',(6.48494136401634,-3.9687638739902,5.96223684499273));
#6484=CARTESIAN_POINT('Ctrl Pts',(6.4829685569678,-3.9996298945953,5.95044326186915));
#6485=CARTESIAN_POINT('Ctrl Pts',(6.48100607173564,-4.02968784648785,5.93890788676365));
#6486=CARTESIAN_POINT('Ctrl Pts',(6.47905698924705,-4.05893918605948,5.92763443643427));
#6487=CARTESIAN_POINT('Ctrl Pts',(6.47722282152509,-4.08597384838001,5.91717584085661));
#6488=CARTESIAN_POINT('Ctrl Pts',(6.47535639601798,-4.1129945029829,5.90668301633225));
#6489=CARTESIAN_POINT('Ctrl Pts',(6.47345730308016,-4.1400010563117,5.89615581869346));
#6490=CARTESIAN_POINT('Ctrl Pts',(6.47152513187526,-4.16699341213957,5.88559410431161));
#6491=CARTESIAN_POINT('Ctrl Pts',(6.46955946569578,-4.19397146881777,5.87499772951939));
#6492=CARTESIAN_POINT('Ctrl Pts',(6.46755988426922,-4.22093511771161,5.86436655199222));
#6493=CARTESIAN_POINT('Ctrl Pts',(6.46552596293353,-4.24788424109681,5.85370043127207));
#6494=CARTESIAN_POINT('Ctrl Pts',(6.46345727323498,-4.27481871030733,5.84299922969656));
#6495=CARTESIAN_POINT('Ctrl Pts',(6.46135338291634,-4.30173838379568,5.83226281316454));
#6496=CARTESIAN_POINT('Ctrl Pts',(6.45921385619453,-4.32864310527986,5.82149105198047));
#6497=CARTESIAN_POINT('Ctrl Pts',(6.4570382539157,-4.35553270191099,5.81068382166193));
#6498=CARTESIAN_POINT('Ctrl Pts',(6.45482613378539,-4.38240698254854,5.79984100374322));
#6499=CARTESIAN_POINT('Ctrl Pts',(6.45257705056741,-4.40926573608284,5.78896248656438));
#6500=CARTESIAN_POINT('Ctrl Pts',(6.45029055631623,-4.43610873000215,5.77804816598547));
#6501=CARTESIAN_POINT('Ctrl Pts',(6.44789567025371,-4.46374974736674,5.76676567240285));
#6502=CARTESIAN_POINT('Ctrl Pts',(6.44538776469247,-4.49218673343041,5.7551109974377));
#6503=CARTESIAN_POINT('Ctrl Pts',(6.44276191496276,-4.52141745002478,5.74307996982652));
#6504=CARTESIAN_POINT('Ctrl Pts',(6.44008927210703,-4.5506279552789,5.73100591350472));
#6505=CARTESIAN_POINT('Ctrl Pts',(6.43736923668304,-4.57981781452877,5.71888874207135));
#6506=CARTESIAN_POINT('Ctrl Pts',(6.43460120360815,-4.60898658832947,5.70672837026163));
#6507=CARTESIAN_POINT('Ctrl Pts',(6.43178456113626,-4.63813384204467,5.69452470991495));
#6508=CARTESIAN_POINT('Ctrl Pts',(6.42891868974503,-4.66725915464593,5.68227766615113));
#6509=CARTESIAN_POINT('Ctrl Pts',(6.42697487059193,-4.68666113599187,5.67408397792495));
#6510=CARTESIAN_POINT('Ctrl Pts',(6.42507190786283,-4.70548490377946,5.66611726506547));
#6511=CARTESIAN_POINT('Ctrl Pts',(6.42321172423549,-4.72373132284842,5.6583791879533));
#6512=CARTESIAN_POINT('Ctrl Pts',(6.42037617931991,-4.7510805529205,5.64673333387522));
#6513=CARTESIAN_POINT('Ctrl Pts',(6.41749481370237,-4.77840913271993,5.63504861473197));
#6514=CARTESIAN_POINT('Ctrl Pts',(6.41456706580242,-4.80571684252303,5.62332488815874));
#6515=CARTESIAN_POINT('Ctrl Pts',(6.4115923629838,-4.83300349548281,5.61156199531323));
#6516=CARTESIAN_POINT('Ctrl Pts',(6.40857012093008,-4.86026893726013,5.59975976061118));
#6517=CARTESIAN_POINT('Ctrl Pts',(6.40549974305799,-4.88751304467992,5.5879179918629));
#6518=CARTESIAN_POINT('Ctrl Pts',(6.40240228619943,-4.9145466283446,5.5761190125905));
#6519=CARTESIAN_POINT('Ctrl Pts',(6.39927832094744,-4.94137013831995,5.56436356565771));
#6520=CARTESIAN_POINT('Ctrl Pts',(6.39612843319272,-4.96798403988875,5.55265238807573));
#6521=CARTESIAN_POINT('Ctrl Pts',(6.39293001023212,-4.99457722998516,5.54090244935576));
#6522=CARTESIAN_POINT('Ctrl Pts',(6.38968243462634,-5.02114964733712,5.52911352584666));
#6523=CARTESIAN_POINT('Ctrl Pts',(6.38638507940284,-5.04770120887735,5.51728539896812));
#6524=CARTESIAN_POINT('Ctrl Pts',(6.38303730842584,-5.07423180157376,5.50541785876775));
#6525=CARTESIAN_POINT('Ctrl Pts',(6.37963847659738,-5.10074127566828,5.49351070690843));
#6526=CARTESIAN_POINT('Ctrl Pts',(6.37618792984803,-5.12722943928261,5.48156375907828));
#6527=CARTESIAN_POINT('Ctrl Pts',(6.37268500493719,-5.1536960540237,5.46957684696999));
#6528=CARTESIAN_POINT('Ctrl Pts',(6.36912902906331,-5.18014083139665,5.45754981990012));
#6529=CARTESIAN_POINT('Ctrl Pts',(6.36551931927277,-5.2065634297328,5.44548254618149));
#6530=CARTESIAN_POINT('Ctrl Pts',(6.36185518168719,-5.23296345158366,5.43337491426695));
#6531=CARTESIAN_POINT('Ctrl Pts',(6.35813591045705,-5.2593404412442,5.42122683378138));
#6532=CARTESIAN_POINT('Ctrl Pts',(6.35436078655294,-5.28569388296089,5.40903823622431));
#6533=CARTESIAN_POINT('Ctrl Pts',(6.35052907598433,-5.31202319876348,5.3968090756957));
#6534=CARTESIAN_POINT('Ctrl Pts',(6.34697366483695,-5.33607111319484,5.38559193535734));
#6535=CARTESIAN_POINT('Ctrl Pts',(6.34370994690862,-5.35784400720334,5.37539810501049));
#6536=CARTESIAN_POINT('Ctrl Pts',(6.340751838002,-5.37734781412772,5.36623753727238));
#6537=CARTESIAN_POINT('Ctrl Pts',(6.33776102447742,-5.39683695191848,5.35705459766188));
#6538=CARTESIAN_POINT('Ctrl Pts',(6.33473716099468,-5.41631110632968,5.3478492895771));
#6539=CARTESIAN_POINT('Ctrl Pts',(6.33167988819493,-5.43576997093741,5.33862160940748));
#6540=CARTESIAN_POINT('Ctrl Pts',(6.3285888300673,-5.45521325306627,5.32937154315471));
#6541=CARTESIAN_POINT('Ctrl Pts',(6.32546359140645,-5.47464067955245,5.3200990630982));
#6542=CARTESIAN_POINT('Ctrl Pts',(6.32230375507665,-5.49405200108374,5.31080412498405));
#6543=CARTESIAN_POINT('Ctrl Pts',(6.3191088792277,-5.5134469954064,5.30148666565564));
#6544=CARTESIAN_POINT('Ctrl Pts',(6.31587849439034,-5.53282546898126,5.29214660129632));
#6545=CARTESIAN_POINT('Ctrl Pts',(6.31261210047846,-5.55218725726241,5.28278382622596));
#6546=CARTESIAN_POINT('Ctrl Pts',(6.3093091635992,-5.57153222338796,5.27339821232091));
#6547=CARTESIAN_POINT('Ctrl Pts',(6.30596911270119,-5.59086025572833,5.26398960888372));
#6548=CARTESIAN_POINT('Ctrl Pts',(6.30259133572361,-5.6101712638462,5.25455784305893));
#6549=CARTESIAN_POINT('Ctrl Pts',(6.29917517557326,-5.62946517480374,5.24510272006638));
#6550=CARTESIAN_POINT('Ctrl Pts',(6.29559286740846,-5.64945077564356,5.23527547152405));
#6551=CARTESIAN_POINT('Ctrl Pts',(6.29183835722746,-5.67012573128757,5.22507269781522));
#6552=CARTESIAN_POINT('Ctrl Pts',(6.28790497840843,-5.69148757028218,5.21449074384088));
#6553=CARTESIAN_POINT('Ctrl Pts',(6.28392010363331,-5.71282795220794,5.20387873980895));
#6554=CARTESIAN_POINT('Ctrl Pts',(6.27988239641432,-5.73414659404302,5.19323636052106));
#6555=CARTESIAN_POINT('Ctrl Pts',(6.27579040191757,-5.75544303607795,5.18256332192023));
#6556=CARTESIAN_POINT('Ctrl Pts',(6.27164253165471,-5.77671658021919,5.17185940453668));
#6557=CARTESIAN_POINT('Ctrl Pts',(6.26743704560993,-5.79796620945872,5.16112448487665));
#6558=CARTESIAN_POINT('Ctrl Pts',(6.26312106617701,-5.81944409075807,5.15022993511467));
#6559=CARTESIAN_POINT('Ctrl Pts',(6.25868985471051,-5.84114715919697,5.13917461346809));
#6560=CARTESIAN_POINT('Ctrl Pts',(6.25413805696424,-5.86307160328584,5.12795750910724));
#6561=CARTESIAN_POINT('Ctrl Pts',(6.24951413865465,-5.88496127880729,5.11670789335521));
#6562=CARTESIAN_POINT('Ctrl Pts',(6.24481408972552,-5.90681331986707,5.10542579235554));
#6563=CARTESIAN_POINT('Ctrl Pts',(6.24003278667239,-5.92862511406172,5.09411077981205));
#6564=CARTESIAN_POINT('Ctrl Pts',(6.23516357252563,-5.9503943972752,5.08276179985998));
#6565=CARTESIAN_POINT('Ctrl Pts',(6.23019754592908,-5.97211900936247,5.07137705098557));
#6566=CARTESIAN_POINT('Ctrl Pts',(6.22639831348951,-5.98834743466578,5.06282531218643));
#6567=CARTESIAN_POINT('Ctrl Pts',(6.22383560622919,-5.99911087304236,5.05713201329164));
#6568=CARTESIAN_POINT('Ctrl Pts',(6.22213518876006,-6.00620345076074,5.05337466279044));
#6569=CARTESIAN_POINT('Ctrl Pts',(6.21998873137612,-6.01506068955721,5.0486713805485));
#6570=CARTESIAN_POINT('Ctrl Pts',(6.21737607304201,-6.02567455124034,5.04301639054121));
#6571=CARTESIAN_POINT('Ctrl Pts',(6.21427910397977,-6.03803772299244,5.03640526522352));
#6572=CARTESIAN_POINT('Ctrl Pts',(6.21156487764364,-6.04861052784701,5.03072310037829));
#6573=CARTESIAN_POINT('Ctrl Pts',(6.20959653057644,-6.05608053379622,5.02668813510072));
#6574=CARTESIAN_POINT('Ctrl Pts',(6.20889580936593,-6.05871446775766,5.02526281107971));
#6575=CARTESIAN_POINT('Ctrl Pts',(6.20842701868734,-6.0604697288274,5.02431226551178));
#6576=CARTESIAN_POINT('Ctrl Pts',(6.20760207310652,-6.06353949952826,5.02264791826606));
#6577=CARTESIAN_POINT('Ctrl Pts',(6.20682684647419,-6.06638607448317,5.02110071456086));
#6578=CARTESIAN_POINT('Ctrl Pts',(6.20622370222782,-6.06857280907218,5.01990938573102));
#6579=CARTESIAN_POINT('Ctrl Pts',(6.20598179854212,-6.06944722392058,5.01943274540777));
#6580=CARTESIAN_POINT('Ctrl Pts',(6.20567817112991,-6.07053970305713,5.01883673688338));
#6581=CARTESIAN_POINT('Ctrl Pts',(6.20531162317766,-6.07184972684148,5.01812117090494));
#6582=CARTESIAN_POINT('Ctrl Pts',(6.20494262258583,-6.07315868551535,5.01740521944617));
#6583=CARTESIAN_POINT('Ctrl Pts',(6.20457083731966,-6.07446643254587,5.01668884398759));
#6584=CARTESIAN_POINT('Ctrl Pts',(6.20419574052499,-6.07577273638849,5.01597198283307));
#6585=CARTESIAN_POINT('Ctrl Pts',(6.20387974522728,-6.0768598331178,5.01537411665435));
#6586=CARTESIAN_POINT('Ctrl Pts',(6.20367193178805,-6.0775653915815,5.01498517930615));
#6587=CARTESIAN_POINT('Ctrl Pts',(6.2035753333057,-6.07789073553087,5.01480558105506));
#6588=CARTESIAN_POINT('Ctrl Pts',(6.20352686902374,-6.07805333560863,5.01471576080786));
#6589=CARTESIAN_POINT('Ctrl Pts',(6.20348631690973,-6.07818876374053,5.01464088967277));
#6590=CARTESIAN_POINT('Ctrl Pts',(6.20345780718846,-6.07828350982976,5.01458846449365));
#6591=CARTESIAN_POINT('Ctrl Pts',(6.20344350802188,-6.07833086362114,5.01456224643081));
#6592=CARTESIAN_POINT('Ctrl Pts',(6.20343634270732,-6.07835453368547,5.01454913546954));
#6593=CARTESIAN_POINT('Ctrl Pts',(6.20343275451188,-6.07836636631388,5.01454257931273));
#6594=CARTESIAN_POINT('Ctrl Pts',(6.20343070183216,-6.07837312682562,5.01453883265975));
#6595=CARTESIAN_POINT('Ctrl Pts',(6.20342967454293,-6.07837650666968,5.01453695921794));
#6596=CARTESIAN_POINT('Ctrl Pts',(6.20342916029323,-6.07837819632936,5.01453602242382));
#6597=CARTESIAN_POINT('Ctrl Pts',(7.08339911204185,-6.20642508062537,4.70440417489256));
#6598=CARTESIAN_POINT('Ctrl Pts',(7.08362446439047,-6.20613691338756,4.70442003862116));
#6599=CARTESIAN_POINT('Ctrl Pts',(7.08372534019459,-6.20600646101996,4.70442834767248));
#6600=CARTESIAN_POINT('Ctrl Pts',(7.08395921040489,-6.20570461692435,4.70444711598996));
#6601=CARTESIAN_POINT('Ctrl Pts',(7.08419868161547,-6.20539281098105,4.70446859379723));
#6602=CARTESIAN_POINT('Ctrl Pts',(7.08457953811212,-6.20489420651314,4.70450498388477));
#6603=CARTESIAN_POINT('Ctrl Pts',(7.0850897629621,-6.2042175082538,4.70456093040423));
#6604=CARTESIAN_POINT('Ctrl Pts',(7.08584199932064,-6.20320588509736,4.70465487275405));
#6605=CARTESIAN_POINT('Ctrl Pts',(7.08659364370682,-6.20217220022218,4.70476746237476));
#6606=CARTESIAN_POINT('Ctrl Pts',(7.08732784115053,-6.20114542742087,4.70489134521352));
#6607=CARTESIAN_POINT('Ctrl Pts',(7.08856342955523,-6.19938828569719,4.70512353552249));
#6608=CARTESIAN_POINT('Ctrl Pts',(7.09057119459111,-6.19643279579007,4.70558183911146));
#6609=CARTESIAN_POINT('Ctrl Pts',(7.09280631615973,-6.19297024886722,4.70622978607891));
#6610=CARTESIAN_POINT('Ctrl Pts',(7.09498341390805,-6.18945457126028,4.70697343938844));
#6611=CARTESIAN_POINT('Ctrl Pts',(7.09685537166493,-6.18632422018869,4.70769655376462));
#6612=CARTESIAN_POINT('Ctrl Pts',(7.09853846696206,-6.18343149296326,4.7084068892782));
#6613=CARTESIAN_POINT('Ctrl Pts',(7.1000810873304,-6.18071503426393,4.70910767199624));
#6614=CARTESIAN_POINT('Ctrl Pts',(7.10127910590419,-6.1785607339904,4.70968566825262));
#6615=CARTESIAN_POINT('Ctrl Pts',(7.10219609603803,-6.17688892388878,4.71014520986824));
#6616=CARTESIAN_POINT('Ctrl Pts',(7.10442322059914,-6.17279079272584,4.71128955090916));
#6617=CARTESIAN_POINT('Ctrl Pts',(7.10699841351091,-6.16786062336149,4.71275493993663));
#6618=CARTESIAN_POINT('Ctrl Pts',(7.10952910938071,-6.16284801431915,4.71431557427691));
#6619=CARTESIAN_POINT('Ctrl Pts',(7.11091595903501,-6.1600558848857,4.71520304480463));
#6620=CARTESIAN_POINT('Ctrl Pts',(7.11294541703305,-6.15592928558503,4.71653049461291));
#6621=CARTESIAN_POINT('Ctrl Pts',(7.11835155427971,-6.14465364509326,4.72026607343119));
#6622=CARTESIAN_POINT('Ctrl Pts',(7.12498281886989,-6.12992361299906,4.725461625386));
#6623=CARTESIAN_POINT('Ctrl Pts',(7.13202501269911,-6.113521575719,4.73146132793627));
#6624=CARTESIAN_POINT('Ctrl Pts',(7.13769403275261,-6.09986690116618,4.73656940010814));
#6625=CARTESIAN_POINT('Ctrl Pts',(7.14219611483916,-6.08872228643101,4.74080339759839));
#6626=CARTESIAN_POINT('Ctrl Pts',(7.14568932081075,-6.07991732074663,4.7441788766631));
#6627=CARTESIAN_POINT('Ctrl Pts',(7.15088958244537,-6.06666081981522,4.74928731171041));
#6628=CARTESIAN_POINT('Ctrl Pts',(7.15838144038569,-6.04703269997547,4.75693918763369));
#6629=CARTESIAN_POINT('Ctrl Pts',(7.16787959951375,-6.02126554372784,4.76709527434878));
#6630=CARTESIAN_POINT('Ctrl Pts',(7.17698231781074,-5.99581667882352,4.7771972430634));
#6631=CARTESIAN_POINT('Ctrl Pts',(7.1857669888416,-5.9705967360443,4.78725282305429));
#6632=CARTESIAN_POINT('Ctrl Pts',(7.19428405634252,-5.9455491348188,4.79726722779213));
#6633=CARTESIAN_POINT('Ctrl Pts',(7.2025702093788,-5.92063397490225,4.8072441319607));
#6634=CARTESIAN_POINT('Ctrl Pts',(7.21065191601475,-5.89582377109038,4.81718606292702));
#6635=CARTESIAN_POINT('Ctrl Pts',(7.21845831489537,-5.87138363890933,4.826980559725));
#6636=CARTESIAN_POINT('Ctrl Pts',(7.22601179869153,-5.84729594673265,4.83663030747295));
#6637=CARTESIAN_POINT('Ctrl Pts',(7.23333038084152,-5.82354744349561,4.84613769397417));
#6638=CARTESIAN_POINT('Ctrl Pts',(7.24051264460226,-5.7998451905353,4.85561774394156));
#6639=CARTESIAN_POINT('Ctrl Pts',(7.24756648109174,-5.77618210480368,4.86507151053635));
#6640=CARTESIAN_POINT('Ctrl Pts',(7.25449860129391,-5.75255222562379,4.87450001009693));
#6641=CARTESIAN_POINT('Ctrl Pts',(7.26131477665782,-5.72895048575102,4.88390421574337));
#6642=CARTESIAN_POINT('Ctrl Pts',(7.26802001729886,-5.70537254548777,4.89328505291882));
#6643=CARTESIAN_POINT('Ctrl Pts',(7.27440017209222,-5.68259487276159,4.90233345910467));
#6644=CARTESIAN_POINT('Ctrl Pts',(7.28047066959171,-5.66061235584445,4.91105269031814));
#6645=CARTESIAN_POINT('Ctrl Pts',(7.2862450796058,-5.63942116703168,4.91944562471651));
#6646=CARTESIAN_POINT('Ctrl Pts',(7.29194097592447,-5.61823989605269,4.92782200910623));
#6647=CARTESIAN_POINT('Ctrl Pts',(7.29756040580019,-5.59706705425098,4.93618229051694));
#6648=CARTESIAN_POINT('Ctrl Pts',(7.30310523103415,-5.57590136733621,4.94452687207793));
#6649=CARTESIAN_POINT('Ctrl Pts',(7.30857715087891,-5.55474175274813,4.95285611495727));
#6650=CARTESIAN_POINT('Ctrl Pts',(7.31397772323128,-5.53358729939469,4.96117034008108));
#6651=CARTESIAN_POINT('Ctrl Pts',(7.31930838181922,-5.51243725073825,4.96946982991863));
#6652=CARTESIAN_POINT('Ctrl Pts',(7.32457045147907,-5.49129098919544,4.97775483049245));
#6653=CARTESIAN_POINT('Ctrl Pts',(7.32976516134975,-5.47014802163515,4.98602555371802));
#6654=CARTESIAN_POINT('Ctrl Pts',(7.3348936566824,-5.44900796529287,4.99428218011803));
#6655=CARTESIAN_POINT('Ctrl Pts',(7.33995700928543,-5.42787053395479,5.00252486190165));
#6656=CARTESIAN_POINT('Ctrl Pts',(7.34495622710442,-5.4067355241667,5.01075372639089));
#6657=CARTESIAN_POINT('Ctrl Pts',(7.34989226248632,-5.38560280161434,5.018968879692));
#6658=CARTESIAN_POINT('Ctrl Pts',(7.35476602048405,-5.36447228735506,5.02717041063719));
#6659=CARTESIAN_POINT('Ctrl Pts',(7.3601342849216,-5.3409032054351,5.03630426798431));
#6660=CARTESIAN_POINT('Ctrl Pts',(7.36597096663475,-5.31489650876221,5.04636452811497));
#6661=CARTESIAN_POINT('Ctrl Pts',(7.37224745359552,-5.28645330947833,5.05734454065195));
#6662=CARTESIAN_POINT('Ctrl Pts',(7.3784179019096,-5.25801409823411,5.06830039984315));
#6663=CARTESIAN_POINT('Ctrl Pts',(7.38448411076562,-5.22957892801238,5.07923224025562));
#6664=CARTESIAN_POINT('Ctrl Pts',(7.39044782063262,-5.20114785024395,5.09014019234078));
#6665=CARTESIAN_POINT('Ctrl Pts',(7.39631072122185,-5.17272090663573,5.10102438379674));
#6666=CARTESIAN_POINT('Ctrl Pts',(7.40207445709084,-5.1442981232778,5.11188494046763));
#6667=CARTESIAN_POINT('Ctrl Pts',(7.40774063261334,-5.11587950616501,5.12272198697506));
#6668=CARTESIAN_POINT('Ctrl Pts',(7.41331081583958,-5.08746503813325,5.13353564706738));
#6669=CARTESIAN_POINT('Ctrl Pts',(7.41878654167767,-5.05905467704926,5.1443260436933));
#6670=CARTESIAN_POINT('Ctrl Pts',(7.42416931435911,-5.03064835533134,5.15509329874645));
#6671=CARTESIAN_POINT('Ctrl Pts',(7.42946060930759,-5.00224598092774,5.16583753240412));
#6672=CARTESIAN_POINT('Ctrl Pts',(7.43466187445134,-4.97384743989006,5.17655886199461));
#6673=CARTESIAN_POINT('Ctrl Pts',(7.43977453099173,-4.94545260083965,5.18725740025815));
#6674=CARTESIAN_POINT('Ctrl Pts',(7.4447999737474,-4.91706132129218,5.19793325302638));
#6675=CARTESIAN_POINT('Ctrl Pts',(7.44977461262195,-4.88847207186289,5.2086620906916));
#6676=CARTESIAN_POINT('Ctrl Pts',(7.45469767795644,-4.85968479776948,5.21944343302666));
#6677=CARTESIAN_POINT('Ctrl Pts',(7.45956843807898,-4.83069946085123,5.23027677958543));
#6678=CARTESIAN_POINT('Ctrl Pts',(7.46435382508326,-4.80171733413553,5.2410867608586));
#6679=CARTESIAN_POINT('Ctrl Pts',(7.46905517791116,-4.7727383635204,5.25187339754244));
#6680=CARTESIAN_POINT('Ctrl Pts',(7.47367380750605,-4.74376253092308,5.26263668706052));
#6681=CARTESIAN_POINT('Ctrl Pts',(7.47821099813713,-4.71478985452661,5.27337660400124));
#6682=CARTESIAN_POINT('Ctrl Pts',(7.48266800868069,-4.68582038823728,5.28409310090019));
#6683=CARTESIAN_POINT('Ctrl Pts',(7.48558671888767,-4.66650960937172,5.29122177326683));
#6684=CARTESIAN_POINT('Ctrl Pts',(7.48856995500796,-4.64659629679829,5.29856520333276));
#6685=CARTESIAN_POINT('Ctrl Pts',(7.49161434823985,-4.62608060611361,5.30612241719371));
#6686=CARTESIAN_POINT('Ctrl Pts',(7.49609452271736,-4.59531113123572,5.31743162105544));
#6687=CARTESIAN_POINT('Ctrl Pts',(7.50048968092187,-4.56454592306028,5.32871406960826));
#6688=CARTESIAN_POINT('Ctrl Pts',(7.50480119911702,-4.53378520718633,5.33996960916656));
#6689=CARTESIAN_POINT('Ctrl Pts',(7.50903043260201,-4.50302922047659,5.35119807460176));
#6690=CARTESIAN_POINT('Ctrl Pts',(7.51317871757098,-4.47227820146927,5.36239929345501));
#6691=CARTESIAN_POINT('Ctrl Pts',(7.51724737273689,-4.44153238014823,5.37357309024085));
#6692=CARTESIAN_POINT('Ctrl Pts',(7.52112672113635,-4.41164692683238,5.38440929006947));
#6693=CARTESIAN_POINT('Ctrl Pts',(7.5248253714262,-4.38262149141287,5.39491036262677));
#6694=CARTESIAN_POINT('Ctrl Pts',(7.52835135789177,-4.3544556726604,5.40507872666525));
#6695=CARTESIAN_POINT('Ctrl Pts',(7.53181457985416,-4.32629474354814,5.41522352669309));
#6696=CARTESIAN_POINT('Ctrl Pts',(7.53521600003607,-4.29813876063743,5.42534465327512));
#6697=CARTESIAN_POINT('Ctrl Pts',(7.5385565710307,-4.26998775567848,5.43544200324251));
#6698=CARTESIAN_POINT('Ctrl Pts',(7.54183723496271,-4.24184173723119,5.44551547929457));
#6699=CARTESIAN_POINT('Ctrl Pts',(7.54505892322195,-4.21370069255321,5.4555649895335));
#6700=CARTESIAN_POINT('Ctrl Pts',(7.54822255619079,-4.18556458953978,5.4655904469443));
#6701=CARTESIAN_POINT('Ctrl Pts',(7.5513290429786,-4.15743337875836,5.47559176889553));
#6702=CARTESIAN_POINT('Ctrl Pts',(7.55437928126188,-4.12930699545836,5.4855688764813));
#6703=CARTESIAN_POINT('Ctrl Pts',(7.55737415689219,-4.10118536187926,5.49552169418623));
#6704=CARTESIAN_POINT('Ctrl Pts',(7.5603145440507,-4.07306838910654,5.50545014882421));
#6705=CARTESIAN_POINT('Ctrl Pts',(7.56320130441488,-4.04495597962492,5.5153541699939));
#6706=CARTESIAN_POINT('Ctrl Pts',(7.56603528847916,-4.01684802858028,5.52523368722909));
#6707=CARTESIAN_POINT('Ctrl Pts',(7.56881733222598,-3.98874442777157,5.5350886344577));
#6708=CARTESIAN_POINT('Ctrl Pts',(7.57177066362231,-3.95835673006525,5.5457194906721));
#6709=CARTESIAN_POINT('Ctrl Pts',(7.57474099715181,-3.92715412662469,5.55660645231537));
#6710=CARTESIAN_POINT('Ctrl Pts',(7.57772392228096,-3.89513687039953,5.56774644750385));
#6711=CARTESIAN_POINT('Ctrl Pts',(7.58051302258034,-3.86459186322593,5.57834597951084));
#6712=CARTESIAN_POINT('Ctrl Pts',(7.58324630207098,-3.83405103115853,5.58891526623419));
#6713=CARTESIAN_POINT('Ctrl Pts',(7.58592508795918,-3.80351405418782,5.59945368520513));
#6714=CARTESIAN_POINT('Ctrl Pts',(7.58855076815009,-3.77298057435502,5.60996049190714));
#6715=CARTESIAN_POINT('Ctrl Pts',(7.59112478595625,-3.74245019824094,5.62043482655447));
#6716=CARTESIAN_POINT('Ctrl Pts',(7.59364863201107,-3.71192250131315,5.63087572555536));
#6717=CARTESIAN_POINT('Ctrl Pts',(7.59612383751403,-3.68139703155612,5.64128213104144));
#6718=CARTESIAN_POINT('Ctrl Pts',(7.59855196693524,-3.65087331353871,5.65165290144751));
#6719=CARTESIAN_POINT('Ctrl Pts',(7.60093461103261,-3.62035085237793,5.66198682177621));
#6720=CARTESIAN_POINT('Ctrl Pts',(7.60327337977825,-3.58982913783346,5.67228261416518));
#6721=CARTESIAN_POINT('Ctrl Pts',(7.60556989541096,-3.55930764839019,5.68253894845035));
#6722=CARTESIAN_POINT('Ctrl Pts',(7.60782578543743,-3.52878585540768,5.69275445290157));
#6723=CARTESIAN_POINT('Ctrl Pts',(7.61004267583437,-3.49826322719621,5.70292772495063));
#6724=CARTESIAN_POINT('Ctrl Pts',(7.61222218395412,-3.4677392332354,5.71305734220313));
#6725=CARTESIAN_POINT('Ctrl Pts',(7.61418907815197,-3.4397313985534,5.72231000999537));
#6726=CARTESIAN_POINT('Ctrl Pts',(7.61595411379839,-3.41423985308268,5.7306967793678));
#6727=CARTESIAN_POINT('Ctrl Pts',(7.61752608182327,-3.3912649540347,5.73822810185842));
#6728=CARTESIAN_POINT('Ctrl Pts',(7.61907999627381,-3.36828826664204,5.74573188096868));
#6729=CARTESIAN_POINT('Ctrl Pts',(7.62061649640324,-3.34530958654786,5.75320752932447));
#6730=CARTESIAN_POINT('Ctrl Pts',(7.62213620770924,-3.32232871567684,5.76065447191547));
#6731=CARTESIAN_POINT('Ctrl Pts',(7.62363973960154,-3.2993454632313,5.76807214967332));
#6732=CARTESIAN_POINT('Ctrl Pts',(7.62512768512834,-3.27635964580954,5.77546002075627));
#6733=CARTESIAN_POINT('Ctrl Pts',(7.62692333136342,-3.24833436706163,5.78442958256651));
#6734=CARTESIAN_POINT('Ctrl Pts',(7.62901406564036,-3.21526681321114,5.79495225867891));
#6735=CARTESIAN_POINT('Ctrl Pts',(7.63138598628571,-3.17715301255787,5.80699121209657));
#6736=CARTESIAN_POINT('Ctrl Pts',(7.63372281137777,-3.13902990741009,5.8189415045976));
#6737=CARTESIAN_POINT('Ctrl Pts',(7.63602661206467,-3.10089693495652,5.8308014330709));
#6738=CARTESIAN_POINT('Ctrl Pts',(7.63829930818653,-3.06275359309773,5.84256948681539));
#6739=CARTESIAN_POINT('Ctrl Pts',(7.64054267523719,-3.02459943639277,5.85424434046839));
#6740=CARTESIAN_POINT('Ctrl Pts',(7.64275834759084,-2.98643407452624,5.86582485102992));
#6741=CARTESIAN_POINT('Ctrl Pts',(7.64468435872569,-2.95285112457312,5.87592799657524));
#6742=CARTESIAN_POINT('Ctrl Pts',(7.64633145288079,-2.92385477056305,5.88458928465356));
#6743=CARTESIAN_POINT('Ctrl Pts',(7.64770771827808,-2.89944864676592,5.89183858497418));
#6744=CARTESIAN_POINT('Ctrl Pts',(7.64907448468844,-2.87503757652833,5.89904832466526));
#6745=CARTESIAN_POINT('Ctrl Pts',(7.65043204155415,-2.85062151278215,5.90621838405098));
#6746=CARTESIAN_POINT('Ctrl Pts',(7.65178065955819,-2.82620041588711,5.91334866812965));
#6747=CARTESIAN_POINT('Ctrl Pts',(7.65312059016643,-2.80177425388514,5.92043910717155));
#6748=CARTESIAN_POINT('Ctrl Pts',(7.65445206656591,-2.77734300210383,5.92748965552087));
#6749=CARTESIAN_POINT('Ctrl Pts',(7.65577530397343,-2.7529066430132,5.93450029121041));
#6750=CARTESIAN_POINT('Ctrl Pts',(7.6570905002269,-2.72846516592695,5.94147101521465));
#6751=CARTESIAN_POINT('Ctrl Pts',(7.65839783624815,-2.7040185667315,5.94840185087057));
#6752=CARTESIAN_POINT('Ctrl Pts',(7.65969747656264,-2.67956684755931,5.95529284322787));
#6753=CARTESIAN_POINT('Ctrl Pts',(7.66098956979186,-2.65511001644433,5.96214405843663));
#6754=CARTESIAN_POINT('Ctrl Pts',(7.66227424915728,-2.63064808694131,5.96895558312254));
#6755=CARTESIAN_POINT('Ctrl Pts',(7.66355163297577,-2.60618107771977,5.97572752377499));
#6756=CARTESIAN_POINT('Ctrl Pts',(7.66482182516063,-2.58170901212291,5.98246000612994));
#6757=CARTESIAN_POINT('Ctrl Pts',(7.66566388552689,-2.56539094917953,5.98692211842348));
#6758=CARTESIAN_POINT('Ctrl Pts',(7.66653947856797,-2.54837401097644,5.99156125247439));
#6759=CARTESIAN_POINT('Ctrl Pts',(7.66744818657189,-2.53065790087491,5.99637508362972));
#6760=CARTESIAN_POINT('Ctrl Pts',(7.66880305140839,-2.50407789234953,6.00354993532857));
#6761=CARTESIAN_POINT('Ctrl Pts',(7.6701497829706,-2.4774920881459,6.01067914562168));
#6762=CARTESIAN_POINT('Ctrl Pts',(7.67157496413609,-2.44918154788084,6.01822092081391));
#6763=CARTESIAN_POINT('Ctrl Pts',(7.67307670361138,-2.41914496425846,6.02616479628571));
#6764=CARTESIAN_POINT('Ctrl Pts',(7.67465295280072,-2.3873809620798,6.03449970704728));
#6765=CARTESIAN_POINT('Ctrl Pts',(7.67621774371855,-2.35560902948927,6.04277150323936));
#6766=CARTESIAN_POINT('Ctrl Pts',(7.67777104611652,-2.32382926075282,6.05098080513088));
#6767=CARTESIAN_POINT('Ctrl Pts',(7.67931280421573,-2.29204174966969,6.05912826706839));
#6768=CARTESIAN_POINT('Ctrl Pts',(7.68084293859113,-2.26024658833092,6.0672145746591));
#6769=CARTESIAN_POINT('Ctrl Pts',(7.68236134778876,-2.22844386600334,6.0752404422552));
#6770=CARTESIAN_POINT('Ctrl Pts',(7.68386791004866,-2.19663366804148,6.08320661025187));
#6771=CARTESIAN_POINT('Ctrl Pts',(7.68536248496496,-2.16481607486663,6.09111384242247));
#6772=CARTESIAN_POINT('Ctrl Pts',(7.68684491515955,-2.13299116098737,6.09896292319298));
#6773=CARTESIAN_POINT('Ctrl Pts',(7.68831502793504,-2.10115899407017,6.10675465490199));
#6774=CARTESIAN_POINT('Ctrl Pts',(7.68977263692247,-2.0693196340394,6.11448985503055));
#6775=CARTESIAN_POINT('Ctrl Pts',(7.69121754371717,-2.037473132226,6.12216935340821));
#6776=CARTESIAN_POINT('Ctrl Pts',(7.69264953950511,-2.00561953050271,6.12979398940537));
#6777=CARTESIAN_POINT('Ctrl Pts',(7.69406840668018,-1.9737588605149,6.13736460909109));
#6778=CARTESIAN_POINT('Ctrl Pts',(7.69547918460274,-1.94177178668265,6.14491021797986));
#6779=CARTESIAN_POINT('Ctrl Pts',(7.69688146425472,-1.90965822519115,6.15243097899521));
#6780=CARTESIAN_POINT('Ctrl Pts',(7.69827482376734,-1.87741807776997,6.15992707911719));
#6781=CARTESIAN_POINT('Ctrl Pts',(7.69965380523671,-1.84517070781618,6.16737143301275));
#6782=CARTESIAN_POINT('Ctrl Pts',(7.70101816282634,-1.812916084779,6.1747649047939));
#6783=CARTESIAN_POINT('Ctrl Pts',(7.7023676513869,-1.78065416828633,6.18210834576448));
#6784=CARTESIAN_POINT('Ctrl Pts',(7.70370202807333,-1.74838490964046,6.18940259071839));
#6785=CARTESIAN_POINT('Ctrl Pts',(7.70502105395717,-1.7161082529365,6.19664845434686));
#6786=CARTESIAN_POINT('Ctrl Pts',(7.70632449563834,-1.68382413602482,6.20384672768524));
#6787=CARTESIAN_POINT('Ctrl Pts',(7.70761212684836,-1.65153249129057,6.21099817461678));
#6788=CARTESIAN_POINT('Ctrl Pts',(7.70888373005425,-1.61923324633383,6.21810352838153));
#6789=CARTESIAN_POINT('Ctrl Pts',(7.71013909803873,-1.58692632455563,6.22516348815055));
#6790=CARTESIAN_POINT('Ctrl Pts',(7.71137803550643,-1.55461164570588,6.2321787155104));
#6791=CARTESIAN_POINT('Ctrl Pts',(7.71260036060385,-1.52228912633203,6.23914983118128));
#6792=CARTESIAN_POINT('Ctrl Pts',(7.71380590659895,-1.48995868025474,6.24607741125531));
#6793=CARTESIAN_POINT('Ctrl Pts',(7.71499452317676,-1.45762021872785,6.25296198454366));
#6794=CARTESIAN_POINT('Ctrl Pts',(7.71624631056407,-1.42305845027481,6.2602725934306));
#6795=CARTESIAN_POINT('Ctrl Pts',(7.71755679756175,-1.38627120023612,6.26799897785343));
#6796=CARTESIAN_POINT('Ctrl Pts',(7.71892110700048,-1.34725604952496,6.27613019420743));
#6797=CARTESIAN_POINT('Ctrl Pts',(7.7202601968523,-1.30822864378811,6.28420135387925));
#6798=CARTESIAN_POINT('Ctrl Pts',(7.7211360737108,-1.28220207002008,6.2895423324183));
#6799=CARTESIAN_POINT('Ctrl Pts',(7.72200335684282,-1.25617634688052,6.29486244979491));
#6800=CARTESIAN_POINT('Ctrl Pts',(7.72286205293002,-1.23015147766108,6.30016172129138));
#6801=CARTESIAN_POINT('Ctrl Pts',(7.72412490484875,-1.19110119654076,6.30805128879913));
#6802=CARTESIAN_POINT('Ctrl Pts',(7.72536268901768,-1.15203758121615,6.31588144616375));
#6803=CARTESIAN_POINT('Ctrl Pts',(7.72643514920339,-1.11748509745665,6.32275219426647));
#6804=CARTESIAN_POINT('Ctrl Pts',(7.72735153369936,-1.08744844638165,6.3286850510861));
#6805=CARTESIAN_POINT('Ctrl Pts',(7.72811943333359,-1.06193181627,6.33369815788935));
#6806=CARTESIAN_POINT('Ctrl Pts',(7.72887703696986,-1.03640877616202,6.33868537185568));
#6807=CARTESIAN_POINT('Ctrl Pts',(7.72962444891606,-1.01087914239649,6.3436465001627));
#6808=CARTESIAN_POINT('Ctrl Pts',(7.73036177505005,-0.985342722064306,6.34858133882578));
#6809=CARTESIAN_POINT('Ctrl Pts',(7.73108911963454,-0.959799314363823,6.35348967784954));
#6810=CARTESIAN_POINT('Ctrl Pts',(7.73180658131253,-0.934248713057216,6.35837130828097));
#6811=CARTESIAN_POINT('Ctrl Pts',(7.73250414520771,-0.909055635943859,6.36315671066094));
#6812=CARTESIAN_POINT('Ctrl Pts',(7.73318236740974,-0.88422024836742,6.36784703467421));
#6813=CARTESIAN_POINT('Ctrl Pts',(7.73384177147327,-0.859742734631898,6.37244344573869));
#6814=CARTESIAN_POINT('Ctrl Pts',(7.73449236201915,-0.835257876963753,6.37701475803227));
#6815=CARTESIAN_POINT('Ctrl Pts',(7.73513415520993,-0.81076549387594,6.38156087460275));
#6816=CARTESIAN_POINT('Ctrl Pts',(7.73576714448429,-0.786265407305629,6.38608173171789));
#6817=CARTESIAN_POINT('Ctrl Pts',(7.73639129761744,-0.761757443351985,6.39057730436158));
#6818=CARTESIAN_POINT('Ctrl Pts',(7.73700655382654,-0.737241432550879,6.3950476118032));
#6819=CARTESIAN_POINT('Ctrl Pts',(7.73761282086668,-0.712717209851284,6.39949272325638));
#6820=CARTESIAN_POINT('Ctrl Pts',(7.73820997213978,-0.68818461429616,6.40391276359928));
#6821=CARTESIAN_POINT('Ctrl Pts',(7.73879784380752,-0.663643488495055,6.40830791914078));
#6822=CARTESIAN_POINT('Ctrl Pts',(7.73937623190715,-0.6390936779466,6.41267844342159));
#6823=CARTESIAN_POINT('Ctrl Pts',(7.73994488948062,-0.614535030287475,6.41702466301011));
#6824=CARTESIAN_POINT('Ctrl Pts',(7.74050352369017,-0.589967394540359,6.4213469833244));
#6825=CARTESIAN_POINT('Ctrl Pts',(7.74105179298261,-0.565390620432409,6.42564589434925));
#6826=CARTESIAN_POINT('Ctrl Pts',(7.74157882144645,-0.541284043298462,6.42983858292895));
#6827=CARTESIAN_POINT('Ctrl Pts',(7.74191963976753,-0.525366890634713,6.43259199375716));
#6828=CARTESIAN_POINT('Ctrl Pts',(7.74208318791395,-0.517646731006946,6.43392404763388));
#6829=CARTESIAN_POINT('Ctrl Pts',(7.74464142927755,-0.387215706425612,6.45616402642469));
#6830=CARTESIAN_POINT('Ctrl Pts',(7.74462892448497,-0.388212383790365,6.45598598523048));
#6831=CARTESIAN_POINT('Ctrl Pts',(7.7446163512242,-0.389209338137618,6.45580785821653));
#6832=CARTESIAN_POINT('Ctrl Pts',(7.74451324906247,-0.397329092212423,6.45435714532104));
#6833=CARTESIAN_POINT('Ctrl Pts',(7.74441935259506,-0.404472238102369,6.45307878233613));
#6834=CARTESIAN_POINT('Ctrl Pts',(7.74382216676322,-0.447851506835088,6.44531687492638));
#6835=CARTESIAN_POINT('Ctrl Pts',(7.74324161049701,-0.483140761414084,6.43904000612969));
#6836=CARTESIAN_POINT('Ctrl Pts',(7.74260078750754,-0.518890154334709,6.43264067019893));
#6837=CARTESIAN_POINT('Ctrl Pts',(7.68267117798959,-0.410209205572409,6.57376875933651));
#6838=CARTESIAN_POINT('Ctrl Pts',(7.68266032724751,-0.41120169734003,6.57358280586419));
#6839=CARTESIAN_POINT('Ctrl Pts',(7.68264941083549,-0.412194473692496,6.57339676869753));
#6840=CARTESIAN_POINT('Ctrl Pts',(7.68255978835366,-0.420280393682,6.57188150199005));
#6841=CARTESIAN_POINT('Ctrl Pts',(7.68247787385607,-0.427394127699059,6.57054659786017));
#6842=CARTESIAN_POINT('Ctrl Pts',(7.68195319574621,-0.470602596466904,6.56243803098232));
#6843=CARTESIAN_POINT('Ctrl Pts',(7.68142852955244,-0.505787137503888,6.55586140328368));
#6844=CARTESIAN_POINT('Ctrl Pts',(7.68084545305922,-0.541439969215017,6.5491686877134));
#6845=CARTESIAN_POINT('Ctrl Pts',(7.50459727573955,-0.457911103953069,6.80238611740029));
#6846=CARTESIAN_POINT('Ctrl Pts',(7.5045936649402,-0.45889168560629,6.80218400926852));
#6847=CARTESIAN_POINT('Ctrl Pts',(7.50458999324706,-0.45987254940381,6.80198182200753));
#6848=CARTESIAN_POINT('Ctrl Pts',(7.50455937574297,-0.46786210391542,6.80033496307017));
#6849=CARTESIAN_POINT('Ctrl Pts',(7.50452949241368,-0.474890694271519,6.79888504223806));
#6850=CARTESIAN_POINT('Ctrl Pts',(7.50432126326222,-0.517607218261115,6.7900724633035));
#6851=CARTESIAN_POINT('Ctrl Pts',(7.50405355808103,-0.552503593728718,6.78289235451993));
#6852=CARTESIAN_POINT('Ctrl Pts',(7.50372992761774,-0.587853913051117,6.77559574583509));
#6853=CARTESIAN_POINT('Ctrl Pts',(7.01968048893561,-0.526577109651262,7.06054800315218));
#6854=CARTESIAN_POINT('Ctrl Pts',(7.01970455752981,-0.527526468350382,7.06032805429028));
#6855=CARTESIAN_POINT('Ctrl Pts',(7.01972856550319,-0.52847602572366,7.06010805751959));
#6856=CARTESIAN_POINT('Ctrl Pts',(7.01992360738215,-0.536212391763274,7.05831554757835));
#6857=CARTESIAN_POINT('Ctrl Pts',(7.02009176864316,-0.543012606844068,7.05673977337301));
#6858=CARTESIAN_POINT('Ctrl Pts',(7.02109248412888,-0.584415401120978,7.04714333150602));
#6859=CARTESIAN_POINT('Ctrl Pts',(7.02183956621332,-0.618573807626538,7.03922505901281));
#6860=CARTESIAN_POINT('Ctrl Pts',(7.02252089323335,-0.653045096422506,7.03124248803092));
#6861=CARTESIAN_POINT('Ctrl Pts',(6.62972030215748,-0.543602227060192,7.04086058823629));
#6862=CARTESIAN_POINT('Ctrl Pts',(6.6297690432738,-0.544527410783201,7.04064394709577));
#6863=CARTESIAN_POINT('Ctrl Pts',(6.62981772137868,-0.545452673032466,7.04042728514871));
#6864=CARTESIAN_POINT('Ctrl Pts',(6.63021351263387,-0.55299295926315,7.03866193269561));
#6865=CARTESIAN_POINT('Ctrl Pts',(6.63055735671798,-0.559613220070032,7.03711205181244));
#6866=CARTESIAN_POINT('Ctrl Pts',(6.63262727530803,-0.599989440674815,7.02766313870131));
#6867=CARTESIAN_POINT('Ctrl Pts',(6.63425752317738,-0.633617500222138,7.01981969973506));
#6868=CARTESIAN_POINT('Ctrl Pts',(6.63583398250916,-0.667356554789213,7.01193551472964));
#6869=CARTESIAN_POINT('Ctrl Pts',(6.43720817274508,-0.543161480262802,6.97850170886917));
#6870=CARTESIAN_POINT('Ctrl Pts',(6.43726821454496,-0.544075204592095,6.97829071497323));
#6871=CARTESIAN_POINT('Ctrl Pts',(6.4373281825566,-0.54498894073907,6.97807972123007));
#6872=CARTESIAN_POINT('Ctrl Pts',(6.43781631615157,-0.552435967649755,6.97636012679561));
#6873=CARTESIAN_POINT('Ctrl Pts',(6.43824076547834,-0.558969850710301,6.97485152738455));
#6874=CARTESIAN_POINT('Ctrl Pts',(6.44080732471066,-0.598851351710469,6.96564391186419));
#6875=CARTESIAN_POINT('Ctrl Pts',(6.44287734445633,-0.632213814520162,6.95795230845206));
#6876=CARTESIAN_POINT('Ctrl Pts',(6.44486076707124,-0.665591795909623,6.95026417699105));
#6877=CARTESIAN_POINT('',(7.74432163267204,-0.411593272378363,6.4518039904191));
#6878=CARTESIAN_POINT('Ctrl Pts',(7.74262603205334,-0.51748033388683,6.43289301511455));
#6879=CARTESIAN_POINT('Ctrl Pts',(7.74325678270954,-0.482217103299312,6.43920429812249));
#6880=CARTESIAN_POINT('Ctrl Pts',(7.74382858756428,-0.44738341196157,6.44540064094407));
#6881=CARTESIAN_POINT('Ctrl Pts',(7.74432131861774,-0.41159337499016,6.45180458830948));
#6882=CARTESIAN_POINT('Ctrl Pts',(7.74432131861774,-0.41159337499016,6.45180458830948));
#6883=CARTESIAN_POINT('Ctrl Pts',(7.74432138078994,-0.411588859047088,6.45180539635172));
#6884=CARTESIAN_POINT('Ctrl Pts',(7.74432144296088,-0.411584343088789,6.45180620439727));
#6885=CARTESIAN_POINT('Ctrl Pts',(7.74441935259506,-0.404472238102369,6.45307878233613));
#6886=CARTESIAN_POINT('Ctrl Pts',(7.74451324906247,-0.397329092212423,6.45435714532104));
#6887=CARTESIAN_POINT('Ctrl Pts',(7.7446163512242,-0.389209338137618,6.45580785821653));
#6888=CARTESIAN_POINT('Ctrl Pts',(7.74462892448497,-0.388212383790365,6.45598598523048));
#6889=CARTESIAN_POINT('Ctrl Pts',(7.74464142927755,-0.387215706425612,6.45616402642469));
#6890=CARTESIAN_POINT('Ctrl Pts',(6.43720817274508,-0.543161480262802,6.97850170886917));
#6891=CARTESIAN_POINT('Ctrl Pts',(6.43726821454496,-0.544075204592095,6.97829071497323));
#6892=CARTESIAN_POINT('Ctrl Pts',(6.4373281825566,-0.54498894073907,6.97807972123007));
#6893=CARTESIAN_POINT('Ctrl Pts',(6.43781631615157,-0.552435967649755,6.97636012679561));
#6894=CARTESIAN_POINT('Ctrl Pts',(6.43824076547834,-0.558969850710301,6.97485152738455));
#6895=CARTESIAN_POINT('Ctrl Pts',(6.44080732471066,-0.598851351710469,6.96564391186419));
#6896=CARTESIAN_POINT('Ctrl Pts',(6.44287734445633,-0.632213814520162,6.95795230845206));
#6897=CARTESIAN_POINT('Ctrl Pts',(6.44486076707124,-0.665591795909623,6.95026417699105));
#6898=CARTESIAN_POINT('Ctrl Pts',(-6.44740157443634,-0.693245022000158,
6.94419488243531));
#6899=CARTESIAN_POINT('Ctrl Pts',(-6.07631293400424,-0.654833374942942,
6.83297650416918));
#6900=CARTESIAN_POINT('Ctrl Pts',(-5.10189689111877,-0.570557297382589,
6.58917699225346));
#6901=CARTESIAN_POINT('Ctrl Pts',(-3.70839767408782,-0.493873418848695,
6.40971613743596));
#6902=CARTESIAN_POINT('Ctrl Pts',(-2.63380668055927,-0.452946972816883,
6.35055952681521));
#6903=CARTESIAN_POINT('Ctrl Pts',(-6.44743866577252,-0.643480490256106,
6.95660257374748));
#6904=CARTESIAN_POINT('Ctrl Pts',(-6.07631042802211,-0.608466467018925,
6.84453707271989));
#6905=CARTESIAN_POINT('Ctrl Pts',(-5.102083870082,-0.531766648177166,6.59884858734884));
#6906=CARTESIAN_POINT('Ctrl Pts',(-3.70889495750207,-0.46524678601739,6.41685355862791));
#6907=CARTESIAN_POINT('Ctrl Pts',(-2.63426603076454,-0.432476856036541,
6.35566330015002));
#6908=CARTESIAN_POINT('Ctrl Pts',(-6.4472366319747,-0.593688664445667,6.96901707023472));
#6909=CARTESIAN_POINT('Ctrl Pts',(-6.07605147863574,-0.562029401551848,
6.8561151335107));
#6910=CARTESIAN_POINT('Ctrl Pts',(-5.10196977718335,-0.492709928249172,
6.6085865213261));
#6911=CARTESIAN_POINT('Ctrl Pts',(-3.70910300559566,-0.436219635452504,
6.42409084010649));
#6912=CARTESIAN_POINT('Ctrl Pts',(-2.63450055820949,-0.411663880658209,
6.36085255773433));
#6913=CARTESIAN_POINT('Ctrl Pts',(-6.44679253576623,-0.543892260469062,
6.98143270818698));
#6914=CARTESIAN_POINT('Ctrl Pts',(-6.07553132942364,-0.515537239666353,
6.86770693138148));
#6915=CARTESIAN_POINT('Ctrl Pts',(-5.10154484015859,-0.453376411862171,
6.61839346841167));
#6916=CARTESIAN_POINT('Ctrl Pts',(-3.70900998901617,-0.406762511591481,
6.43143532596826));
#6917=CARTESIAN_POINT('Ctrl Pts',(-2.6345005582095,-0.390481068860982,6.36613402589433));
#6918=CARTESIAN_POINT('',(-2.6345005582096,-0.390481068860982,6.36613402589434));
#6919=CARTESIAN_POINT('Ctrl Pts',(-6.4461886761216,-0.665662764273417,6.95067844730537));
#6920=CARTESIAN_POINT('Ctrl Pts',(-5.77194150689911,-0.629697321342155,
6.74026398869006));
#6921=CARTESIAN_POINT('Ctrl Pts',(-4.72912259467741,-0.446565294151597,
6.490772286045));
#6922=CARTESIAN_POINT('Ctrl Pts',(-2.66463274097652,-0.39126705488854,6.36789543494792));
#6923=CARTESIAN_POINT('Ctrl Pts',(-2.64956686514397,-0.390870589863685,
6.36700945344059));
#6924=CARTESIAN_POINT('Ctrl Pts',(-2.6345005582095,-0.390481068860982,6.36613402589433));
#6925=CARTESIAN_POINT('Ctrl Pts',(-6.4371471033742,-0.543156831737785,6.97848306465366));
#6926=CARTESIAN_POINT('Ctrl Pts',(-6.43705553367849,-0.543149861640078,
6.97845510911868));
#6927=CARTESIAN_POINT('Ctrl Pts',(-6.25641541165622,-0.52940045512754,6.92330925163075));
#6928=CARTESIAN_POINT('Ctrl Pts',(-5.87608523657683,-0.502619620895581,
6.81589719230903));
#6929=CARTESIAN_POINT('Ctrl Pts',(-5.26950344186001,-0.466366106794951,
6.67049228918055));
#6930=CARTESIAN_POINT('Ctrl Pts',(-4.55242744350635,-0.43421688632747,6.54154880870154));
#6931=CARTESIAN_POINT('Ctrl Pts',(-3.65834141630967,-0.408653053099701,
6.43901787380351));
#6932=CARTESIAN_POINT('Ctrl Pts',(-2.97633009125178,-0.395660621321161,
6.38690807614587));
#6933=CARTESIAN_POINT('Ctrl Pts',(-2.6345005582097,-0.390481068860984,6.36613402589435));
#6934=CARTESIAN_POINT('Ctrl Pts',(-6.52996378855444,-0.550337816667464,
7.00728442209362));
#6935=CARTESIAN_POINT('Ctrl Pts',(-6.52996378855444,-2.35199627149423,6.55808051774613));
#6936=CARTESIAN_POINT('Ctrl Pts',(-6.52996378855445,-4.9824133514325,5.67337607593379));
#6937=CARTESIAN_POINT('Ctrl Pts',(-6.52996378855445,-7.60811545116272,4.40679000221264));
#6938=CARTESIAN_POINT('Ctrl Pts',(-6.52996378855444,-8.57400705617298,3.75259309104721));
#6939=CARTESIAN_POINT('Ctrl Pts',(-6.52996378855444,-8.95156767645964,3.4252127627128));
#6940=CARTESIAN_POINT('Ctrl Pts',(-5.8395483907745,-0.496048295470178,6.78954104558476));
#6941=CARTESIAN_POINT('Ctrl Pts',(-5.8395483907745,-2.28805455341639,6.34274370420855));
#6942=CARTESIAN_POINT('Ctrl Pts',(-5.8395483907745,-4.90041093038985,5.46378396106321));
#6943=CARTESIAN_POINT('Ctrl Pts',(-5.8395483907745,-7.50089841115593,4.20905524897173));
#6944=CARTESIAN_POINT('Ctrl Pts',(-5.8395483907745,-8.44324734587306,3.56895142894876));
#6945=CARTESIAN_POINT('Ctrl Pts',(-5.8395483907745,-8.80455386345404,3.25566492606819));
#6946=CARTESIAN_POINT('Ctrl Pts',(-4.39883270841392,-0.409677398949639,
6.44312630060779));
#6947=CARTESIAN_POINT('Ctrl Pts',(-4.39883270841392,-2.18608155424032,6.00021900032683));
#6948=CARTESIAN_POINT('Ctrl Pts',(-4.39883270841392,-4.77041631079135,5.13003507199473));
#6949=CARTESIAN_POINT('Ctrl Pts',(-4.39883270841392,-7.33029276316592,3.89438762344761));
#6950=CARTESIAN_POINT('Ctrl Pts',(-4.39883270841392,-8.23563209737643,3.27643078979965));
#6951=CARTESIAN_POINT('Ctrl Pts',(-4.39883270841392,-8.57066499226556,2.98592597219352));
#6952=CARTESIAN_POINT('Ctrl Pts',(-1.61398264622816,-0.373234209001762,
6.29696064920762));
#6953=CARTESIAN_POINT('Ctrl Pts',(-1.61398264622816,-2.14303923499003,5.85569869665614));
#6954=CARTESIAN_POINT('Ctrl Pts',(-1.61398264622816,-4.71559687722863,4.98919397657481));
#6955=CARTESIAN_POINT('Ctrl Pts',(-1.61398264622816,-7.25830570790621,3.76161175600082));
#6956=CARTESIAN_POINT('Ctrl Pts',(-1.61398264622816,-8.14805822194778,3.15298175696951));
#6957=CARTESIAN_POINT('Ctrl Pts',(-1.61398264622816,-8.47197831767037,2.87211277436411));
#6958=CARTESIAN_POINT('Ctrl Pts',(7.57782398556515E-18,-0.373234209001761,
6.29696064920761));
#6959=CARTESIAN_POINT('Ctrl Pts',(3.98070838491485E-17,-2.14310858577719,
5.85568140556288));
#6960=CARTESIAN_POINT('Ctrl Pts',(7.18343993400542E-17,-4.71546568386549,
4.98927914064328));
#6961=CARTESIAN_POINT('Ctrl Pts',(8.8913353150798E-17,-7.25831436041655,
3.7616357702539));
#6962=CARTESIAN_POINT('Ctrl Pts',(9.33473649353321E-17,-8.14794143663649,
3.15308302074411));
#6963=CARTESIAN_POINT('Ctrl Pts',(9.47397993551077E-17,-8.47197831767037,
2.87211277436411));
#6964=CARTESIAN_POINT('',(0.,-0.373234209001762,6.29696064920761));
#6965=CARTESIAN_POINT('Ctrl Pts',(7.57782398556515E-18,-0.373234209001761,
6.29696064920761));
#6966=CARTESIAN_POINT('Ctrl Pts',(3.98070838491485E-17,-2.14310858577719,
5.85568140556288));
#6967=CARTESIAN_POINT('Ctrl Pts',(7.18343993400542E-17,-4.71546568386549,
4.98927914064328));
#6968=CARTESIAN_POINT('Ctrl Pts',(8.8913353150798E-17,-7.25831436041655,
3.7616357702539));
#6969=CARTESIAN_POINT('Ctrl Pts',(9.33473649353321E-17,-8.14794143663649,
3.15308302074411));
#6970=CARTESIAN_POINT('Ctrl Pts',(9.47397993551077E-17,-8.47197831767037,
2.87211277436411));
#6971=CARTESIAN_POINT('Ctrl Pts',(-2.6345005582097,-0.390481068860984,6.36613402589435));
#6972=CARTESIAN_POINT('Ctrl Pts',(-2.58531789044321,-0.389735831298972,
6.36314504128968));
#6973=CARTESIAN_POINT('Ctrl Pts',(-2.14073002508958,-0.383228981040957,
6.33704749033745));
#6974=CARTESIAN_POINT('Ctrl Pts',(-1.6563059694697,-0.378201841181273,6.31688473363802));
#6975=CARTESIAN_POINT('Ctrl Pts',(-1.12748098972063,-0.374823968199029,
6.30333682508493));
#6976=CARTESIAN_POINT('Ctrl Pts',(-0.550517103171684,-0.373234209001762,
6.29696064920762));
#6977=CARTESIAN_POINT('Ctrl Pts',(7.57782398556513E-18,-0.373234209001762,
6.29696064920761));
#6978=CARTESIAN_POINT('Ctrl Pts',(7.57782398556515E-18,-0.373234209001761,
6.29696064920761));
#6979=CARTESIAN_POINT('Ctrl Pts',(3.98070838482961E-17,-2.14310858573038,
5.85568140557455));
#6980=CARTESIAN_POINT('Ctrl Pts',(7.18344039815587E-17,-4.71546559540206,
4.98927921366473));
#6981=CARTESIAN_POINT('Ctrl Pts',(8.89133543624192E-17,-7.25831432640644,
3.76163579225276));
#6982=CARTESIAN_POINT('Ctrl Pts',(9.33473649348261E-17,-8.14794143653248,
3.15308302081905));
#6983=CARTESIAN_POINT('Ctrl Pts',(9.4739799354721E-17,-8.47197831758039,
2.87211277444213));
#6984=CARTESIAN_POINT('Ctrl Pts',(1.61308205080379,-0.373234209001762,6.29696064920762));
#6985=CARTESIAN_POINT('Ctrl Pts',(1.61308205080379,-2.14303936156582,5.85569866509725));
#6986=CARTESIAN_POINT('Ctrl Pts',(1.61308205080379,-4.71559654479418,4.98919420932292));
#6987=CARTESIAN_POINT('Ctrl Pts',(1.61308205080379,-7.25830568572593,3.76161182601419));
#6988=CARTESIAN_POINT('Ctrl Pts',(1.61308205080379,-8.1480580086139,3.15298194193467));
#6989=CARTESIAN_POINT('Ctrl Pts',(1.61308205080379,-8.47197831758039,2.87211277444214));
#6990=CARTESIAN_POINT('Ctrl Pts',(4.39697130418549,-0.409635032226224,6.44295637696129));
#6991=CARTESIAN_POINT('Ctrl Pts',(4.39697130418549,-2.18603161772019,6.00005096404264));
#6992=CARTESIAN_POINT('Ctrl Pts',(4.39697130418548,-4.77035230539808,5.12987153235166));
#6993=CARTESIAN_POINT('Ctrl Pts',(4.39697130418549,-7.33020905674908,3.8942333173639));
#6994=CARTESIAN_POINT('Ctrl Pts',(4.39697130418549,-8.2355301172124,3.27628742419821));
#6995=CARTESIAN_POINT('Ctrl Pts',(4.39697130418549,-8.57055026481047,2.98579365970002));
#6996=CARTESIAN_POINT('Ctrl Pts',(5.83757735695328,-0.495931945076017,6.78907438964225));
#6997=CARTESIAN_POINT('Ctrl Pts',(5.83757735695328,-2.28791711068108,6.34228230717733));
#6998=CARTESIAN_POINT('Ctrl Pts',(5.83757735695328,-4.90023589523317,5.46333432640719));
#6999=CARTESIAN_POINT('Ctrl Pts',(5.83757735695328,-7.50066856134808,4.20863132815534));
#7000=CARTESIAN_POINT('Ctrl Pts',(5.83757735695328,-8.44296779262417,3.56855726490086));
#7001=CARTESIAN_POINT('Ctrl Pts',(5.83757735695328,-8.80423879122358,3.25530156031239));
#7002=CARTESIAN_POINT('Ctrl Pts',(6.52794074379184,-0.550178794871326,7.00664662050566));
#7003=CARTESIAN_POINT('Ctrl Pts',(6.52794074379184,-2.35180871064299,6.55744983174378));
#7004=CARTESIAN_POINT('Ctrl Pts',(6.52794074379183,-4.98217360200864,5.67276187244762));
#7005=CARTESIAN_POINT('Ctrl Pts',(6.52794074379184,-7.60780134641846,4.40621070657435));
#7006=CARTESIAN_POINT('Ctrl Pts',(6.52794074379184,-8.57362449061573,3.75205478945635));
#7007=CARTESIAN_POINT('Ctrl Pts',(6.52794074379184,-8.95113705180544,3.42471613286628));
#7008=CARTESIAN_POINT('',(2.63450048738321,-0.390481067787791,6.36613402159));
#7009=CARTESIAN_POINT('Ctrl Pts',(2.63450048738311,-0.390481067787788,6.36613402158999));
#7010=CARTESIAN_POINT('Ctrl Pts',(2.64956686012253,-0.390870590480383,6.3670094529241));
#7011=CARTESIAN_POINT('Ctrl Pts',(2.66463260504364,-0.39126705164203,6.36789542679771));
#7012=CARTESIAN_POINT('Ctrl Pts',(4.72857425254919,-0.446550619618408,6.49073964061603));
#7013=CARTESIAN_POINT('Ctrl Pts',(5.7713758705004,-0.629608579276244,6.74014407585764));
#7014=CARTESIAN_POINT('Ctrl Pts',(6.44564356740365,-0.665633668485811,6.95050835513832));
#7015=CARTESIAN_POINT('Ctrl Pts',(2.63450048738331,-0.390481067787792,6.36613402159001));
#7016=CARTESIAN_POINT('Ctrl Pts',(2.58531783321663,-0.389735830461423,6.36314503793045));
#7017=CARTESIAN_POINT('Ctrl Pts',(2.14072997832392,-0.383228980555644,6.33704748839097));
#7018=CARTESIAN_POINT('Ctrl Pts',(1.65630593543499,-0.378201840963877,6.31688473276609));
#7019=CARTESIAN_POINT('Ctrl Pts',(1.12748097115419,-0.374823968147872,6.30333682487975));
#7020=CARTESIAN_POINT('Ctrl Pts',(0.550517103171684,-0.373234209001762,
6.29696064920762));
#7021=CARTESIAN_POINT('Ctrl Pts',(7.57782398556513E-18,-0.373234209001762,
6.29696064920761));
#7022=CARTESIAN_POINT('Ctrl Pts',(-5.53766777415722,6.0440776415207,7.9158021647786));
#7023=CARTESIAN_POINT('Ctrl Pts',(-5.61834512654877,6.20052416295284,7.6893144448416));
#7024=CARTESIAN_POINT('Ctrl Pts',(-5.89373709264432,6.71396918927887,6.86909288225316));
#7025=CARTESIAN_POINT('Ctrl Pts',(-6.33853540256203,7.44951176683348,5.23840227685691));
#7026=CARTESIAN_POINT('Ctrl Pts',(-6.77000184202878,8.23730108138801,2.86393182726235));
#7027=CARTESIAN_POINT('Ctrl Pts',(-6.93098758409969,8.71386942868819,1.1143946321964));
#7028=CARTESIAN_POINT('Ctrl Pts',(-6.99005913013,8.9579231430001,0.164353206353544));
#7029=CARTESIAN_POINT('Ctrl Pts',(-5.38068613661573,6.12423354005453,7.93773117580001));
#7030=CARTESIAN_POINT('Ctrl Pts',(-5.45745829384633,6.28081944784084,7.71199374842213));
#7031=CARTESIAN_POINT('Ctrl Pts',(-5.71989009026647,6.79386709037866,6.89466993789406));
#7032=CARTESIAN_POINT('Ctrl Pts',(-6.14559241977841,7.5228247979072,5.2695243802798));
#7033=CARTESIAN_POINT('Ctrl Pts',(-6.56109098158681,8.28812159319835,2.89516144360612));
#7034=CARTESIAN_POINT('Ctrl Pts',(-6.719729047293,8.73638334828465,1.13148040746217));
#7035=CARTESIAN_POINT('Ctrl Pts',(-6.78032761623554,8.96127568946,0.166931279558006));
#7036=CARTESIAN_POINT('Ctrl Pts',(-4.69030343404714,6.45440277749454,8.02870441656136));
#7037=CARTESIAN_POINT('Ctrl Pts',(-4.74719170266995,6.61062712803523,7.80624519562827));
#7038=CARTESIAN_POINT('Ctrl Pts',(-4.93750460059225,7.11724522852875,7.00147514311764));
#7039=CARTESIAN_POINT('Ctrl Pts',(-5.22370718518973,7.80764363228722,5.39689326706454));
#7040=CARTESIAN_POINT('Ctrl Pts',(-5.47227509258613,8.46795863638838,3.01728987009268));
#7041=CARTESIAN_POINT('Ctrl Pts',(-5.55906571480511,8.81076324262599,1.1957991559888));
#7042=CARTESIAN_POINT('Ctrl Pts',(-5.60059555053,8.97229665876539,0.176628734163796));
#7043=CARTESIAN_POINT('Ctrl Pts',(-2.53362506622532,6.84449306282679,8.1420883244247));
#7044=CARTESIAN_POINT('Ctrl Pts',(-2.55553902247173,7.00369302721083,7.92668867276105));
#7045=CARTESIAN_POINT('Ctrl Pts',(-2.62548570791884,7.5160681695847,7.15000929933898));
#7046=CARTESIAN_POINT('Ctrl Pts',(-2.71211653814796,8.18943378649038,5.59699914431758));
#7047=CARTESIAN_POINT('Ctrl Pts',(-2.75898111547589,8.74545120039484,3.22862365292971));
#7048=CARTESIAN_POINT('Ctrl Pts',(-2.76115925327649,8.93895415028405,1.31223383983634));
#7049=CARTESIAN_POINT('Ctrl Pts',(-2.76667062170239,8.99144666511271,0.194108917582323));
#7050=CARTESIAN_POINT('Ctrl Pts',(-0.860810804920916,6.91753623660143,8.16720332631406));
#7051=CARTESIAN_POINT('Ctrl Pts',(-0.867152399077979,7.07966375499325,7.9552530959833));
#7052=CARTESIAN_POINT('Ctrl Pts',(-0.888115687829155,7.60214299606507,7.19256202452468));
#7053=CARTESIAN_POINT('Ctrl Pts',(-0.918321832217875,8.29212086303988,5.66744897427352));
#7054=CARTESIAN_POINT('Ctrl Pts',(-0.941099409714516,8.84241179708585,3.31329819428758));
#7055=CARTESIAN_POINT('Ctrl Pts',(-0.940291489992254,8.99089906471621,1.36089786437671));
#7056=CARTESIAN_POINT('Ctrl Pts',(-0.934405701310925,8.99927749502446,0.20144301055083));
#7057=CARTESIAN_POINT('Ctrl Pts',(0.429885469757076,6.91688533733491,8.16704103872003));
#7058=CARTESIAN_POINT('Ctrl Pts',(0.433065957215485,7.07902683933481,7.95509456679835));
#7059=CARTESIAN_POINT('Ctrl Pts',(0.443592800970442,7.60155737671906,7.19241576004337));
#7060=CARTESIAN_POINT('Ctrl Pts',(0.458834539269118,8.29171389143192,5.66734469440922));
#7061=CARTESIAN_POINT('Ctrl Pts',(0.470445273689597,8.84228007124062,3.31327025074482));
#7062=CARTESIAN_POINT('Ctrl Pts',(0.470139675352707,8.99089216592082,1.360881386065));
#7063=CARTESIAN_POINT('Ctrl Pts',(0.467202365964523,8.99927688684032,0.201442858894463));
#7064=CARTESIAN_POINT('Ctrl Pts',(1.41997794048223,6.89537593235536,8.15937704377721));
#7065=CARTESIAN_POINT('Ctrl Pts',(1.43148120280963,7.05649646348253,7.94627065736349));
#7066=CARTESIAN_POINT('Ctrl Pts',(1.468636468227,7.57539001231284,7.17885982071653));
#7067=CARTESIAN_POINT('Ctrl Pts',(1.51723415557108,8.2592733568224,5.64429553525844));
#7068=CARTESIAN_POINT('Ctrl Pts',(1.54737379582803,8.81052581791419,3.28520708941726));
#7069=CARTESIAN_POINT('Ctrl Pts',(1.54726565621283,8.97361328000665,1.34460705356655));
#7070=CARTESIAN_POINT('Ctrl Pts',(1.54516213705893,8.99666926233356,0.198998822466819));
#7071=CARTESIAN_POINT('Ctrl Pts',(2.96506601591505,6.76640933772416,8.1193951691534));
#7072=CARTESIAN_POINT('Ctrl Pts',(2.99397287242498,6.92501881256919,7.90258525920052));
#7073=CARTESIAN_POINT('Ctrl Pts',(3.08798364829991,7.43623852139952,7.1202857799322));
#7074=CARTESIAN_POINT('Ctrl Pts',(3.21450075346121,8.11303751104416,5.55696325939269));
#7075=CARTESIAN_POINT('Ctrl Pts',(3.30166105964729,8.68993768054462,3.18636217180952));
#7076=CARTESIAN_POINT('Ctrl Pts',(3.32074177830821,8.91331649395837,1.28891986935096));
#7077=CARTESIAN_POINT('Ctrl Pts',(3.33345570827165,8.98761660271082,0.190612865569973));
#7078=CARTESIAN_POINT('Ctrl Pts',(4.69000242330728,6.45512401864745,8.02888424080575));
#7079=CARTESIAN_POINT('Ctrl Pts',(4.7468963017405,6.61133896332487,7.80642326707066));
#7080=CARTESIAN_POINT('Ctrl Pts',(4.93723536672393,7.1178828392926,7.00163356382238));
#7081=CARTESIAN_POINT('Ctrl Pts',(5.22351823209474,7.80809990210914,5.39700090112319));
#7082=CARTESIAN_POINT('Ctrl Pts',(5.47221463631687,8.46810135302714,3.01733612873924));
#7083=CARTESIAN_POINT('Ctrl Pts',(5.55906220373428,8.8107731950146,1.19576947482791));
#7084=CARTESIAN_POINT('Ctrl Pts',(5.60059527040469,8.97229733317974,0.176628902168946));
#7085=CARTESIAN_POINT('Ctrl Pts',(5.3806861684541,6.12423357399953,7.93773118257431));
#7086=CARTESIAN_POINT('Ctrl Pts',(5.45745832460512,6.28081948078877,7.71199375459734));
#7087=CARTESIAN_POINT('Ctrl Pts',(5.71989011720551,6.79386711975307,6.8946699421561));
#7088=CARTESIAN_POINT('Ctrl Pts',(6.1455924396317,7.52282482031658,5.2695243821651));
#7089=CARTESIAN_POINT('Ctrl Pts',(6.56109099188273,8.2881216054893,2.8951614438655));
#7090=CARTESIAN_POINT('Ctrl Pts',(6.71972905095074,8.73638335307701,1.13148040745321));
#7091=CARTESIAN_POINT('Ctrl Pts',(6.78032761634405,8.96127569016691,0.166931279555416));
#7092=CARTESIAN_POINT('Ctrl Pts',(5.53766780695428,6.04407767719432,7.91580217188059));
#7093=CARTESIAN_POINT('Ctrl Pts',(5.61834515825245,6.20052419757941,7.68931445131047));
#7094=CARTESIAN_POINT('Ctrl Pts',(5.89373712047826,6.71396922015293,6.86909288670082));
#7095=CARTESIAN_POINT('Ctrl Pts',(6.33853542321022,7.44951179039162,5.23840227879553));
#7096=CARTESIAN_POINT('Ctrl Pts',(6.7700018529765,8.23730109430967,2.86393182750134));
#7097=CARTESIAN_POINT('Ctrl Pts',(6.93098758831458,8.71386943372488,1.11439463217451));
#7098=CARTESIAN_POINT('Ctrl Pts',(6.9900591307511,8.95792314374303,0.164353206348989));
#7099=CARTESIAN_POINT('Ctrl Pts',(5.53766780695429,6.04407767719432,7.91580217188059));
#7100=CARTESIAN_POINT('Ctrl Pts',(5.61834515828237,6.20052419763742,7.68931445122648));
#7101=CARTESIAN_POINT('Ctrl Pts',(5.8937371205494,6.71396922027859,6.86909288647665));
#7102=CARTESIAN_POINT('Ctrl Pts',(6.33853542329619,7.44951179053211,5.23840227842048));
#7103=CARTESIAN_POINT('Ctrl Pts',(6.76495853216979,8.22809279001685,2.89168651559396));
#7104=CARTESIAN_POINT('Ctrl Pts',(6.92570264289858,8.69831754934811,1.1713888221117));
#7105=CARTESIAN_POINT('Ctrl Pts',(6.98464090013956,8.93581693419187,0.250250099319821));
#7106=CARTESIAN_POINT('Ctrl Pts',(5.50265617141432,5.97581231024403,8.01325193550513));
#7107=CARTESIAN_POINT('Ctrl Pts',(5.58921886266964,6.14551908672224,7.77438027611878));
#7108=CARTESIAN_POINT('Ctrl Pts',(5.67981202781788,6.31567757712233,7.50804934091783));
#7109=CARTESIAN_POINT('Ctrl Pts',(5.94873783308877,6.80350815009618,6.66284120476583));
#7110=CARTESIAN_POINT('Ctrl Pts',(6.12829983672344,7.10185483511763,6.00915431228902));
#7111=CARTESIAN_POINT('Ctrl Pts',(6.44866504959611,7.65127156929446,4.62506980250041));
#7112=CARTESIAN_POINT('Ctrl Pts',(6.59771870709131,7.92273938056584,3.812050176749));
#7113=CARTESIAN_POINT('Ctrl Pts',(6.83819086888359,8.44173007047245,2.11073400101558));
#7114=CARTESIAN_POINT('Ctrl Pts',(6.92673147633317,8.7013306345957,1.16036189554367));
#7115=CARTESIAN_POINT('Ctrl Pts',(6.98570137570736,8.94010051291028,0.233630315750861));
#7116=CARTESIAN_POINT('Ctrl Pts',(5.94631395605754,5.74701263941925,7.95151027965366));
#7117=CARTESIAN_POINT('Ctrl Pts',(6.04494280646295,5.91607372360016,7.71042675414593));
#7118=CARTESIAN_POINT('Ctrl Pts',(6.1477844847146,6.08641562455486,7.44141800256623));
#7119=CARTESIAN_POINT('Ctrl Pts',(6.45211096047074,6.57781081264492,6.58776762109613));
#7120=CARTESIAN_POINT('Ctrl Pts',(6.65377754136622,6.88349656886548,5.92772226761564));
#7121=CARTESIAN_POINT('Ctrl Pts',(7.01150874188377,7.45863041813188,4.53620906247199));
#7122=CARTESIAN_POINT('Ctrl Pts',(7.17638996181025,7.7518773780395,3.72294535750325));
#7123=CARTESIAN_POINT('Ctrl Pts',(7.43777517427604,8.33158545428781,2.03919331742311));
#7124=CARTESIAN_POINT('Ctrl Pts',(7.53014653691116,8.63488585476347,1.11049047002408));
#7125=CARTESIAN_POINT('Ctrl Pts',(7.58523829787338,8.92654875772971,0.223276116736594));
#7126=CARTESIAN_POINT('Ctrl Pts',(6.57682364596218,5.29009977924996,7.79907688487442));
#7127=CARTESIAN_POINT('Ctrl Pts',(6.69169561517581,5.46885018991707,7.54888669106567));
#7128=CARTESIAN_POINT('Ctrl Pts',(6.8114001369579,5.64825435587236,7.27011626869143));
#7129=CARTESIAN_POINT('Ctrl Pts',(7.16614256056627,6.16411985779632,6.38799088355374));
#7130=CARTESIAN_POINT('Ctrl Pts',(7.40220431051342,6.48247468890886,5.70964802297805));
#7131=CARTESIAN_POINT('Ctrl Pts',(7.82756239084679,7.07052188504041,4.29728182468292));
#7132=CARTESIAN_POINT('Ctrl Pts',(8.02923979769803,7.36170866658641,3.48349304665695));
#7133=CARTESIAN_POINT('Ctrl Pts',(8.36861675910425,7.91462271965419,1.84733355379406));
#7134=CARTESIAN_POINT('Ctrl Pts',(8.50557952788459,8.188082959696,0.976949695014429));
#7135=CARTESIAN_POINT('Ctrl Pts',(8.60918189941712,8.4358913446577,0.195555554104765));
#7136=CARTESIAN_POINT('Ctrl Pts',(6.94900179625909,4.54189454168449,7.65469589268424));
#7137=CARTESIAN_POINT('Ctrl Pts',(7.06208603229763,4.70646200420203,7.41483643949542));
#7138=CARTESIAN_POINT('Ctrl Pts',(7.17980574384257,4.8710426255383,7.14806881620803));
#7139=CARTESIAN_POINT('Ctrl Pts',(7.52842150165075,5.34318636910327,6.30436998783347));
#7140=CARTESIAN_POINT('Ctrl Pts',(7.76006248860871,5.63296156832007,5.65592586720545));
#7141=CARTESIAN_POINT('Ctrl Pts',(8.17768622310853,6.16705739519542,4.29695451736079));
#7142=CARTESIAN_POINT('Ctrl Pts',(8.37616515065918,6.43031528375001,3.50752282036723));
#7143=CARTESIAN_POINT('Ctrl Pts',(8.71543226766777,6.92838123793334,1.8944551026051));
#7144=CARTESIAN_POINT('Ctrl Pts',(8.85682857401141,7.17317126847308,1.01857731980115));
#7145=CARTESIAN_POINT('Ctrl Pts',(8.97155300453718,7.39360475064769,0.204403401976819));
#7146=CARTESIAN_POINT('Ctrl Pts',(7.06484734795099,4.14572048842892,7.60681795696064));
#7147=CARTESIAN_POINT('Ctrl Pts',(7.17347411502037,4.29483890263026,7.37888327667132));
#7148=CARTESIAN_POINT('Ctrl Pts',(7.28678966406393,4.44465571386798,7.12545990195626));
#7149=CARTESIAN_POINT('Ctrl Pts',(7.62273645874111,4.87698919453963,6.32296379254308));
#7150=CARTESIAN_POINT('Ctrl Pts',(7.84652533557705,5.14667355860144,5.70447894528948));
#7151=CARTESIAN_POINT('Ctrl Pts',(8.24834103927766,5.65591163025348,4.39398258282127));
#7152=CARTESIAN_POINT('Ctrl Pts',(8.43796909433179,5.9159847931448,3.62290807405915));
#7153=CARTESIAN_POINT('Ctrl Pts',(8.75512454565547,6.42635568645382,2.00762107499164));
#7154=CARTESIAN_POINT('Ctrl Pts',(8.8817546584568,6.69013016970692,1.10388698191511));
#7155=CARTESIAN_POINT('Ctrl Pts',(8.97666434230605,6.9377663396101,0.222265253103099));
#7156=CARTESIAN_POINT('Ctrl Pts',(7.11999955360683,4.2209784007142,7.48982940890747));
#7157=CARTESIAN_POINT('Ctrl Pts',(7.20925472495935,4.342049029182,7.29844614887766));
#7158=CARTESIAN_POINT('Ctrl Pts',(7.53889295362289,4.77609331815674,6.55354203706276));
#7159=CARTESIAN_POINT('Ctrl Pts',(8.08588392418072,5.43433313375299,5.04926072652459));
#7160=CARTESIAN_POINT('Ctrl Pts',(8.64303072510845,6.19423675758604,2.80198382969974));
#7161=CARTESIAN_POINT('Ctrl Pts',(8.87886761995777,6.68259737508292,1.13070485517568));
#7162=CARTESIAN_POINT('Ctrl Pts',(8.97666434230605,6.9377663396101,0.222265253103099));
#7163=CARTESIAN_POINT('Ctrl Pts',(7.11999955360683,4.2209784007142,7.48982940890747));
#7164=CARTESIAN_POINT('Ctrl Pts',(7.19337491708833,4.32050878350482,7.33249604596427));
#7165=CARTESIAN_POINT('Ctrl Pts',(7.2807969501653,4.43625076784891,7.13677771029772));
#7166=CARTESIAN_POINT('Ctrl Pts',(7.38519416225602,4.57138342235169,6.89078421584229));
#7167=CARTESIAN_POINT('Ctrl Pts',(7.53473659525309,4.76322991553253,6.53096228921653));
#7168=CARTESIAN_POINT('Ctrl Pts',(7.73510145201539,5.01195337389514,6.00680343936283));
#7169=CARTESIAN_POINT('Ctrl Pts',(7.91974465960931,5.24034123031312,5.458693650409));
#7170=CARTESIAN_POINT('Ctrl Pts',(8.0136108880169,5.35838444707915,5.15988952143298));
#7171=CARTESIAN_POINT('Ctrl Pts',(8.16646770414643,5.55236054904282,4.65932464086772));
#7172=CARTESIAN_POINT('Ctrl Pts',(8.34981251283392,5.79607322800726,3.97495826161812));
#7173=CARTESIAN_POINT('Ctrl Pts',(8.50574796127482,6.02701090952374,3.26926111855345));
#7174=CARTESIAN_POINT('Ctrl Pts',(8.58991578713171,6.15989093478524,2.8516652660339));
#7175=CARTESIAN_POINT('Ctrl Pts',(8.70358331424449,6.34735215546565,2.25311636678687));
#7176=CARTESIAN_POINT('Ctrl Pts',(8.82306078047527,6.57513810940354,1.49206462812509));
#7177=CARTESIAN_POINT('Ctrl Pts',(8.92556934923446,6.80727000341671,0.685392590383105));
#7178=CARTESIAN_POINT('Ctrl Pts',(8.96821243349444,6.91511169686284,0.303235528709472));
#7179=CARTESIAN_POINT('Ctrl Pts',(8.98603301934728,6.96242367598977,0.134369210302243));
#7180=CARTESIAN_POINT('Ctrl Pts',(7.16710749062574,4.05348654641144,7.47251567214032));
#7181=CARTESIAN_POINT('Ctrl Pts',(7.23925525907801,4.14880914392205,7.31860021889251));
#7182=CARTESIAN_POINT('Ctrl Pts',(7.3252638209161,4.25982875056191,7.12713739978348));
#7183=CARTESIAN_POINT('Ctrl Pts',(7.4280178242728,4.38972266809312,6.88640837573149));
#7184=CARTESIAN_POINT('Ctrl Pts',(7.5752298980723,4.57430413253689,6.53422656585148));
#7185=CARTESIAN_POINT('Ctrl Pts',(7.77257841047833,4.814608283893,6.02076811369242));
#7186=CARTESIAN_POINT('Ctrl Pts',(7.95437952318048,5.03697307072129,5.4824133761238));
#7187=CARTESIAN_POINT('Ctrl Pts',(8.0467404148395,5.15243774047892,5.18838591085048));
#7188=CARTESIAN_POINT('Ctrl Pts',(8.19709632250563,5.34253980378824,4.69544552255828));
#7189=CARTESIAN_POINT('Ctrl Pts',(8.3771143074058,5.5835541047962,4.01914051032458));
#7190=CARTESIAN_POINT('Ctrl Pts',(8.52933847406902,5.81501016683376,3.31655793834345));
#7191=CARTESIAN_POINT('Ctrl Pts',(8.61117601246683,5.94899569016744,2.89918212540201));
#7192=CARTESIAN_POINT('Ctrl Pts',(8.7213745997121,6.13872648748938,2.29948026649671));
#7193=CARTESIAN_POINT('Ctrl Pts',(8.83584530269038,6.37192066287866,1.53085923676416));
#7194=CARTESIAN_POINT('Ctrl Pts',(8.93190240270189,6.61247715262059,0.706733473626541));
#7195=CARTESIAN_POINT('Ctrl Pts',(8.97110786926151,6.7250166143504,0.313368698716291));
#7196=CARTESIAN_POINT('Ctrl Pts',(8.9873259396664,6.77453459509512,0.138932371724738));
#7197=CARTESIAN_POINT('Ctrl Pts',(7.47671582953941,2.94177074190191,7.36522265257036));
#7198=CARTESIAN_POINT('Ctrl Pts',(7.54009472246806,3.00762946982758,7.23453152964624));
#7199=CARTESIAN_POINT('Ctrl Pts',(7.61536469309678,3.08435602355028,7.0714637598816));
#7200=CARTESIAN_POINT('Ctrl Pts',(7.70502609807279,3.17432602206605,6.86527414471496));
#7201=CARTESIAN_POINT('Ctrl Pts',(7.83334214389593,3.30231993592669,6.56289211568192));
#7202=CARTESIAN_POINT('Ctrl Pts',(8.0047048657889,3.4698917635596,6.11774420515498));
#7203=CARTESIAN_POINT('Ctrl Pts',(8.16214673225645,3.62779927330291,5.64101299494849));
#7204=CARTESIAN_POINT('Ctrl Pts',(8.24206362683591,3.71092735346973,5.37706512692315));
#7205=CARTESIAN_POINT('Ctrl Pts',(8.37212545098338,3.84860247760401,4.93208889525786));
#7206=CARTESIAN_POINT('Ctrl Pts',(8.52754568158954,4.0283199342041,4.30644126009936));
#7207=CARTESIAN_POINT('Ctrl Pts',(8.65647533440208,4.21338557069339,3.62357422700325));
#7208=CARTESIAN_POINT('Ctrl Pts',(8.72460309122439,4.32467784657107,3.2073968447671));
#7209=CARTESIAN_POINT('Ctrl Pts',(8.81512612148284,4.48610692919948,2.59989110258525));
#7210=CARTESIAN_POINT('Ctrl Pts',(8.90331607566869,4.70081452748601,1.78164562784637));
#7211=CARTESIAN_POINT('Ctrl Pts',(8.96547822405441,4.94840930357167,0.84380879391111));
#7212=CARTESIAN_POINT('Ctrl Pts',(8.98647902325903,5.07238963402826,0.378152206749621));
#7213=CARTESIAN_POINT('Ctrl Pts',(8.99419175680995,5.12861794415111,0.168074328855195));
#7214=CARTESIAN_POINT('Ctrl Pts',(7.5787868472568,0.535376329635427,6.98797203470339));
#7215=CARTESIAN_POINT('Ctrl Pts',(7.6349499996248,0.567144953522388,6.88874462754941));
#7216=CARTESIAN_POINT('Ctrl Pts',(7.70218034721842,0.605973360617167,6.76450192156137));
#7217=CARTESIAN_POINT('Ctrl Pts',(7.78320178942687,0.654157741544121,6.60612578507021));
#7218=CARTESIAN_POINT('Ctrl Pts',(7.8997426078568,0.724329939180021,6.37304290834382));
#7219=CARTESIAN_POINT('Ctrl Pts',(8.05876366702625,0.825093738116903,6.02506297029431));
#7220=CARTESIAN_POINT('Ctrl Pts',(8.20975588056207,0.931571465505639,5.63988098724608));
#7221=CARTESIAN_POINT('Ctrl Pts',(8.28777942663684,0.990592893919783,5.42202139884054));
#7222=CARTESIAN_POINT('Ctrl Pts',(8.41569245568616,1.09022109163824,5.05158637110897));
#7223=CARTESIAN_POINT('Ctrl Pts',(8.57383019555086,1.2313575610122,4.51137230290834));
#7224=CARTESIAN_POINT('Ctrl Pts',(8.70713796094015,1.39226232040274,3.87848333399838));
#7225=CARTESIAN_POINT('Ctrl Pts',(8.77714722848205,1.49292536762521,3.479284945849));
#7226=CARTESIAN_POINT('Ctrl Pts',(8.86953068878576,1.64224165127815,2.88460785723226));
#7227=CARTESIAN_POINT('Ctrl Pts',(8.95435034292583,1.85373351754468,2.03431587870346));
#7228=CARTESIAN_POINT('Ctrl Pts',(8.99601688689015,2.11354881162035,0.986885006738792));
#7229=CARTESIAN_POINT('Ctrl Pts',(9.00142423699463,2.2476142828884,0.446537524143009));
#7230=CARTESIAN_POINT('Ctrl Pts',(9.00096598535074,2.30908947615624,0.198911660625548));
#7231=CARTESIAN_POINT('Ctrl Pts',(7.56681802425203,-1.33441922947834,6.5847790091126));
#7232=CARTESIAN_POINT('Ctrl Pts',(7.62207522227926,-1.31757319373076,6.49326970109555));
#7233=CARTESIAN_POINT('Ctrl Pts',(7.68828509114148,-1.29574850870931,6.37876223773365));
#7234=CARTESIAN_POINT('Ctrl Pts',(7.76818077011137,-1.2668917432605,6.23282921453556));
#7235=CARTESIAN_POINT('Ctrl Pts',(7.88316611004472,-1.22383429567093,6.01806891149569));
#7236=CARTESIAN_POINT('Ctrl Pts',(8.04042922287243,-1.15634907682468,5.69743312906195));
#7237=CARTESIAN_POINT('Ctrl Pts',(8.19033997598335,-1.07728430906373,5.34161083155857));
#7238=CARTESIAN_POINT('Ctrl Pts',(8.26798674552507,-1.03145716963492,5.13993615397489));
#7239=CARTESIAN_POINT('Ctrl Pts',(8.39540725402018,-0.95285051652672,4.79672496924727));
#7240=CARTESIAN_POINT('Ctrl Pts',(8.5536981684846,-0.834245890442728,4.29433876944233));
#7241=CARTESIAN_POINT('Ctrl Pts',(8.68845913228408,-0.690037957913254,3.70073785198402));
#7242=CARTESIAN_POINT('Ctrl Pts',(8.75968251755933,-0.597897879595727,3.32477453893413));
#7243=CARTESIAN_POINT('Ctrl Pts',(8.85411849302888,-0.459680567025848,2.76337202747315));
#7244=CARTESIAN_POINT('Ctrl Pts',(8.94277372631864,-0.258593314028547,1.9550844857607));
#7245=CARTESIAN_POINT('Ctrl Pts',(8.99013181899514,-0.00754930442392382,
0.951021673824291));
#7246=CARTESIAN_POINT('Ctrl Pts',(8.99871284063244,0.122682972888273,0.430784706138314));
#7247=CARTESIAN_POINT('Ctrl Pts',(8.99975318592562,0.182479296622767,0.19194342495918));
#7248=CARTESIAN_POINT('Ctrl Pts',(7.51624982058143,-3.02988559825821,6.17097519573149));
#7249=CARTESIAN_POINT('Ctrl Pts',(7.57366496836378,-3.02693718841335,6.07803961385709));
#7250=CARTESIAN_POINT('Ctrl Pts',(7.64191178035322,-3.02089165053239,5.96238857681944));
#7251=CARTESIAN_POINT('Ctrl Pts',(7.72355839837774,-3.00999753788507,5.81593819939388));
#7252=CARTESIAN_POINT('Ctrl Pts',(7.84064802740742,-2.99216739518947,5.60094926932768));
#7253=CARTESIAN_POINT('Ctrl Pts',(7.99853997908597,-2.95587543861573,5.2828582123545));
#7254=CARTESIAN_POINT('Ctrl Pts',(8.14671030925505,-2.90376703805751,4.9344497666529));
#7255=CARTESIAN_POINT('Ctrl Pts',(8.22297553905867,-2.87151985078863,4.73832326851069));
#7256=CARTESIAN_POINT('Ctrl Pts',(8.34785970117872,-2.81503703494143,4.40542931708578));
#7257=CARTESIAN_POINT('Ctrl Pts',(8.50162353955375,-2.72337388401169,3.92341203932492));
#7258=CARTESIAN_POINT('Ctrl Pts',(8.63412140251655,-2.60785003677869,3.36468205832308));
#7259=CARTESIAN_POINT('Ctrl Pts',(8.70527445318328,-2.53380201277028,3.01389761665085));
#7260=CARTESIAN_POINT('Ctrl Pts',(8.80085221011182,-2.42267121063214,2.49272136198332));
#7261=CARTESIAN_POINT('Ctrl Pts',(8.89693653254658,-2.26201855235181,1.75295009028577));
#7262=CARTESIAN_POINT('Ctrl Pts',(8.96429031488727,-2.0674210573256,0.848574971114112));
#7263=CARTESIAN_POINT('Ctrl Pts',(8.98632843436793,-1.96855033781419,0.383665174766355));
#7264=CARTESIAN_POINT('Ctrl Pts',(8.99416490862887,-1.92362313522055,0.17087536587906));
#7265=CARTESIAN_POINT('Ctrl Pts',(7.11674031738768,-5.18393001355119,5.60741881175072));
#7266=CARTESIAN_POINT('Ctrl Pts',(7.18376245674728,-5.20968944028407,5.50342345056061));
#7267=CARTESIAN_POINT('Ctrl Pts',(7.26332688943018,-5.23856376193626,5.37497302308265));
#7268=CARTESIAN_POINT('Ctrl Pts',(7.35838256195187,-5.27063093484166,5.21396462089084));
#7269=CARTESIAN_POINT('Ctrl Pts',(7.49461637682625,-5.31512124175275,4.97857304152696));
#7270=CARTESIAN_POINT('Ctrl Pts',(7.67779665813092,-5.36677022463476,4.63575446836198));
#7271=CARTESIAN_POINT('Ctrl Pts',(7.84934608281688,-5.40340306880038,4.27134217643353));
#7272=CARTESIAN_POINT('Ctrl Pts',(7.93769465571256,-5.41885362262904,4.06987446505784));
#7273=CARTESIAN_POINT('Ctrl Pts',(8.08246204123278,-5.4419069263232,3.73037024212192));
#7274=CARTESIAN_POINT('Ctrl Pts',(8.26156779805606,-5.45704884282962,3.25382331998006));
#7275=CARTESIAN_POINT('Ctrl Pts',(8.42249615300725,-5.45307649408068,2.73508183944876));
#7276=CARTESIAN_POINT('Ctrl Pts',(8.51193742964326,-5.44613776914244,2.41936430223359));
#7277=CARTESIAN_POINT('Ctrl Pts',(8.63519725956592,-5.43231284484508,1.95885808905885));
#7278=CARTESIAN_POINT('Ctrl Pts',(8.7737895648923,-5.40095292969908,1.34020136286665));
#7279=CARTESIAN_POINT('Ctrl Pts',(8.90168222180573,-5.35521687634187,0.633881409789864));
#7280=CARTESIAN_POINT('Ctrl Pts',(8.95744658285111,-5.3307107732015,0.283928228705836));
#7281=CARTESIAN_POINT('Ctrl Pts',(8.98124208170516,-5.31944470077659,0.126180376615251));
#7282=CARTESIAN_POINT('Ctrl Pts',(6.74818466886963,-5.84045404739863,5.41613820270896));
#7283=CARTESIAN_POINT('Ctrl Pts',(6.82258704516444,-5.88169180878638,5.30369446420763));
#7284=CARTESIAN_POINT('Ctrl Pts',(6.91145479669434,-5.93021817722299,5.1650745370051));
#7285=CARTESIAN_POINT('Ctrl Pts',(7.01834324099735,-5.98751391844959,4.9919233619259));
#7286=CARTESIAN_POINT('Ctrl Pts',(7.17195653999081,-6.06920192453281,4.73915367592097));
#7287=CARTESIAN_POINT('Ctrl Pts',(7.38075006854335,-6.17652550569041,4.37325881866866));
#7288=CARTESIAN_POINT('Ctrl Pts',(7.57896867614165,-6.27251355347269,3.98994160104583));
#7289=CARTESIAN_POINT('Ctrl Pts',(7.68175478684212,-6.32047600549387,3.78005479110554));
#7290=CARTESIAN_POINT('Ctrl Pts',(7.85064676038589,-6.39808083093482,3.42776173269735));
#7291=CARTESIAN_POINT('Ctrl Pts',(8.06236809594215,-6.48821717241303,2.94194626790317));
#7292=CARTESIAN_POINT('Ctrl Pts',(8.25691281637978,-6.56129106424043,2.43337263507585));
#7293=CARTESIAN_POINT('Ctrl Pts',(8.36638088020619,-6.59979201850593,2.13019499494119));
#7294=CARTESIAN_POINT('Ctrl Pts',(8.51850031916366,-6.65095614381479,1.69361411497373));
#7295=CARTESIAN_POINT('Ctrl Pts',(8.69467902537755,-6.70153668308649,1.13052224032366));
#7296=CARTESIAN_POINT('Ctrl Pts',(8.86458102664486,-6.7410762924296,0.52303607177599));
#7297=CARTESIAN_POINT('Ctrl Pts',(8.94090015875756,-6.75633271796697,0.232112111824825));
#7298=CARTESIAN_POINT('Ctrl Pts',(8.97389630472722,-6.76246995476504,0.102927551487302));
#7299=CARTESIAN_POINT('Ctrl Pts',(6.65737568515055,-5.99372619328415,5.36426159084992));
#7300=CARTESIAN_POINT('Ctrl Pts',(6.73350027617239,-6.03777033821859,5.24863998513546));
#7301=CARTESIAN_POINT('Ctrl Pts',(6.82440373672557,-6.08961212916896,5.10621313338173));
#7302=CARTESIAN_POINT('Ctrl Pts',(6.93374127775296,-6.15087031085949,4.92857404530982));
#7303=CARTESIAN_POINT('Ctrl Pts',(7.09087931026583,-6.23824218872238,4.66942280063943));
#7304=CARTESIAN_POINT('Ctrl Pts',(7.30452588812082,-6.35326463756102,4.29533114687279));
#7305=CARTESIAN_POINT('Ctrl Pts',(7.50773784688238,-6.45680943786155,3.90576512404367));
#7306=CARTESIAN_POINT('Ctrl Pts',(7.61328189831204,-6.50881716448831,3.69324366236066));
#7307=CARTESIAN_POINT('Ctrl Pts',(7.7868278912161,-6.59316187652526,3.33706128948941));
#7308=CARTESIAN_POINT('Ctrl Pts',(8.00515564949564,-6.69233799375015,2.84914791513428));
#7309=CARTESIAN_POINT('Ctrl Pts',(8.20744946603404,-6.77505512552422,2.34470739577285));
#7310=CARTESIAN_POINT('Ctrl Pts',(8.32183404847058,-6.81943074746204,2.04586595038088));
#7311=CARTESIAN_POINT('Ctrl Pts',(8.48130613350277,-6.87917840396251,1.6171982727386));
#7312=CARTESIAN_POINT('Ctrl Pts',(8.66814865524727,-6.94143478329952,1.07111237060884));
#7313=CARTESIAN_POINT('Ctrl Pts',(8.85154992614076,-6.99483672225487,0.491960174540131));
#7314=CARTESIAN_POINT('Ctrl Pts',(8.934966778949,-7.01715762190797,0.217625685316885));
#7315=CARTESIAN_POINT('Ctrl Pts',(8.97124935546485,-7.02652567340785,0.0964305582789372));
#7316=CARTESIAN_POINT('Ctrl Pts',(6.64580645731265,-6.01301593749776,5.35766794543328));
#7317=CARTESIAN_POINT('Ctrl Pts',(6.7221433091076,-6.05741344264364,5.24162807458844));
#7318=CARTESIAN_POINT('Ctrl Pts',(6.81329605584289,-6.10967202526315,5.09869710111702));
#7319=CARTESIAN_POINT('Ctrl Pts',(6.92293240025252,-6.17142815226766,4.9204616673135));
#7320=CARTESIAN_POINT('Ctrl Pts',(7.0805000450301,-6.25951436506521,4.66046159609256));
#7321=CARTESIAN_POINT('Ctrl Pts',(7.29473752152457,-6.37550601849825,4.28527773382201));
#7322=CARTESIAN_POINT('Ctrl Pts',(7.49856748255771,-6.48001197813103,3.89488688195964));
#7323=CARTESIAN_POINT('Ctrl Pts',(7.6044571375836,-6.53253803843863,3.68202147566672));
#7324=CARTESIAN_POINT('Ctrl Pts',(7.77858907835871,-6.61774879845935,3.32533461534028));
#7325=CARTESIAN_POINT('Ctrl Pts',(7.99776477958475,-6.71810076788968,2.83717127995551));
#7326=CARTESIAN_POINT('Ctrl Pts',(8.20106773594164,-6.80208264346763,2.33330099486192));
#7327=CARTESIAN_POINT('Ctrl Pts',(8.31609370808814,-6.84722901179626,2.03503920888656));
#7328=CARTESIAN_POINT('Ctrl Pts',(8.47652532529243,-6.90810247225059,1.60741899403747));
#7329=CARTESIAN_POINT('Ctrl Pts',(8.66475553206677,-6.97188393803784,1.06354260150836));
#7330=CARTESIAN_POINT('Ctrl Pts',(8.84989033561991,-7.02707088012023,0.4880100080134));
#7331=CARTESIAN_POINT('Ctrl Pts',(8.93421225504036,-7.05029380790824,0.215784916655696));
#7332=CARTESIAN_POINT('Ctrl Pts',(8.97091286780624,-7.0600730147222,0.0956050512119218));
#7333=CARTESIAN_POINT('Ctrl Pts',(6.63402117837956,-6.03213315326704,5.35106316551186));
#7334=CARTESIAN_POINT('Ctrl Pts',(6.71056549223873,-6.07688002070154,5.23458892385636));
#7335=CARTESIAN_POINT('Ctrl Pts',(6.80196085066051,-6.12954979000208,5.09113115071142));
#7336=CARTESIAN_POINT('Ctrl Pts',(6.91188772442631,-6.19179677665007,4.91227040006543));
#7337=CARTESIAN_POINT('Ctrl Pts',(7.06987316639268,-6.28058712649675,4.65137937988237));
#7338=CARTESIAN_POINT('Ctrl Pts',(7.28468752976329,-6.39753543653834,4.27504721169633));
#7339=CARTESIAN_POINT('Ctrl Pts',(7.48913441236808,-6.50300072780152,3.88379775502069));
#7340=CARTESIAN_POINT('Ctrl Pts',(7.59537399402432,-6.55604831377827,3.67057853866189));
#7341=CARTESIAN_POINT('Ctrl Pts',(7.77010225743762,-6.64213313019523,3.3133763455472));
#7342=CARTESIAN_POINT('Ctrl Pts',(7.9901584441904,-6.74368745181862,2.82498256369434));
#7343=CARTESIAN_POINT('Ctrl Pts',(8.1945198051165,-6.82897442379033,2.32173386062438));
#7344=CARTESIAN_POINT('Ctrl Pts',(8.31021785792749,-6.87491664135224,2.02408436780098));
#7345=CARTESIAN_POINT('Ctrl Pts',(8.47165367497957,-6.93695241444307,1.59755934900405));
#7346=CARTESIAN_POINT('Ctrl Pts',(8.6613249886693,-7.00230256242915,1.05594784609119));
#7347=CARTESIAN_POINT('Ctrl Pts',(8.84822379857892,-7.05929936972834,0.484057442238841));
#7348=CARTESIAN_POINT('Ctrl Pts',(8.93345650954961,-7.08342899709494,0.213943788646393));
#7349=CARTESIAN_POINT('Ctrl Pts',(8.97057603276397,-7.09362007256848,0.0947794488570173));
#7350=CARTESIAN_POINT('Ctrl Pts',(7.08339911210494,-6.20642508056923,4.70440417487312));
#7351=CARTESIAN_POINT('Ctrl Pts',(7.25303728073334,-6.29863735280031,4.41546319524539));
#7352=CARTESIAN_POINT('Ctrl Pts',(7.6878254069516,-6.5249533049,3.61673704870525));
#7353=CARTESIAN_POINT('Ctrl Pts',(8.32778348552255,-6.8058550584504,2.13814956221746));
#7354=CARTESIAN_POINT('Ctrl Pts',(8.72619266549468,-6.92970350767319,0.92189992872736));
#7355=CARTESIAN_POINT('Ctrl Pts',(8.92414329156291,-6.98091732577115,0.257686233828916));
#7356=CARTESIAN_POINT('Ctrl Pts',(7.08339911210494,-6.20642508056923,4.70440417487312));
#7357=CARTESIAN_POINT('Ctrl Pts',(7.25303728073334,-6.29863735280031,4.41546319524539));
#7358=CARTESIAN_POINT('Ctrl Pts',(7.41953959813766,-6.38530515308713,4.10959064180865));
#7359=CARTESIAN_POINT('Ctrl Pts',(7.82848584384706,-6.58669447936463,3.29174894588771));
#7360=CARTESIAN_POINT('Ctrl Pts',(8.06292291315042,-6.68939167389751,2.74890075324408));
#7361=CARTESIAN_POINT('Ctrl Pts',(8.51467113058373,-6.86403415700005,1.56811051704552));
#7362=CARTESIAN_POINT('Ctrl Pts',(8.73092436163068,-6.93102684064774,0.906598565203593));
#7363=CARTESIAN_POINT('Ctrl Pts',(8.92680884533353,-6.98160627891516,0.248738153752248));
#7364=CARTESIAN_POINT('Ctrl Pts',(6.90200362329733,-6.5841702470609,4.54973944589793));
#7365=CARTESIAN_POINT('Ctrl Pts',(7.08018601347333,-6.69019010667413,4.24579274195903));
#7366=CARTESIAN_POINT('Ctrl Pts',(7.25529027354019,-6.79044808768646,3.92657646193399));
#7367=CARTESIAN_POINT('Ctrl Pts',(7.6877145684003,-7.02697843237387,3.08480762881673));
#7368=CARTESIAN_POINT('Ctrl Pts',(7.93828423600504,-7.15182894432952,2.53829752359961));
#7369=CARTESIAN_POINT('Ctrl Pts',(8.43272596255707,-7.3783188707908,1.39355170746025));
#7370=CARTESIAN_POINT('Ctrl Pts',(8.67781031191607,-7.47675404933292,0.780481582264817));
#7371=CARTESIAN_POINT('Ctrl Pts',(8.91190274866664,-7.56531742875423,0.212680490413372));
#7372=CARTESIAN_POINT('Ctrl Pts',(6.42284505368531,-7.1765820375128,4.45042757322876));
#7373=CARTESIAN_POINT('Ctrl Pts',(6.60155627501325,-7.31325271034736,4.14848821014056));
#7374=CARTESIAN_POINT('Ctrl Pts',(6.77755978561167,-7.44494115843314,3.83123181344678));
#7375=CARTESIAN_POINT('Ctrl Pts',(7.21240097558858,-7.76292194028473,2.99588891398635));
#7376=CARTESIAN_POINT('Ctrl Pts',(7.46445552612296,-7.93909801238299,2.45485069838059));
#7377=CARTESIAN_POINT('Ctrl Pts',(7.9559805172645,-8.27406451491337,1.33179228789464));
#7378=CARTESIAN_POINT('Ctrl Pts',(8.19540346767322,-8.43124299023132,0.737224436170035));
#7379=CARTESIAN_POINT('Ctrl Pts',(8.41557824541029,-8.57915519953619,0.200373218092615));
#7380=CARTESIAN_POINT('Ctrl Pts',(5.6681066762292,-7.5096093556698,4.47824902392835));
#7381=CARTESIAN_POINT('Ctrl Pts',(5.8244056611748,-7.6514463551396,4.19751854931229));
#7382=CARTESIAN_POINT('Ctrl Pts',(5.97821453229317,-7.78842073701537,3.90033080703191));
#7383=CARTESIAN_POINT('Ctrl Pts',(6.35727166746616,-8.11902854582499,3.10749022390773));
#7384=CARTESIAN_POINT('Ctrl Pts',(6.57584994687197,-8.30193523765055,2.58301268619346));
#7385=CARTESIAN_POINT('Ctrl Pts',(6.99740658826766,-8.64523241719746,1.45496745102523));
#7386=CARTESIAN_POINT('Ctrl Pts',(7.19936676972947,-8.80300074189848,0.831316037930551));
#7387=CARTESIAN_POINT('Ctrl Pts',(7.38100210939553,-8.9463851167641,0.227509491280895));
#7388=CARTESIAN_POINT('Ctrl Pts',(5.30461316197772,-7.59483187091358,4.48943708137645));
#7389=CARTESIAN_POINT('Ctrl Pts',(5.4504265241576,-7.73221079315735,4.21717266060389));
#7390=CARTESIAN_POINT('Ctrl Pts',(5.59451098661828,-7.86508586248687,3.92832858731478));
#7391=CARTESIAN_POINT('Ctrl Pts',(5.95095390994156,-8.18508804207188,3.15372335569887));
#7392=CARTESIAN_POINT('Ctrl Pts',(6.15798483520219,-8.36127511130828,2.63709146456394));
#7393=CARTESIAN_POINT('Ctrl Pts',(6.56047031943613,-8.68573284842127,1.50840007194109));
#7394=CARTESIAN_POINT('Ctrl Pts',(6.75558827246327,-8.83020317179101,0.873002173971432));
#7395=CARTESIAN_POINT('Ctrl Pts',(6.93347677298998,-8.95406928506963,0.23957124715632));
#7396=CARTESIAN_POINT('Ctrl Pts',(6.44503762792823,-0.543758270720654,6.98089530465883));
#7397=CARTESIAN_POINT('Ctrl Pts',(6.07387399862152,-0.515428078556729,6.86726911008435));
#7398=CARTESIAN_POINT('Ctrl Pts',(5.10019600305225,-0.453322182418957,6.61817596599483));
#7399=CARTESIAN_POINT('Ctrl Pts',(3.70828451093448,-0.406751518180682,6.43139123380585));
#7400=CARTESIAN_POINT('Ctrl Pts',(2.63450048738311,-0.390481067787788,6.36613402158999));
#7401=CARTESIAN_POINT('Ctrl Pts',(6.4454819338055,-0.593522385031095,6.96848771742455));
#7402=CARTESIAN_POINT('Ctrl Pts',(6.07439391308094,-0.561892029283716,6.85568434604539));
#7403=CARTESIAN_POINT('Ctrl Pts',(5.10062039687158,-0.492633376974397,6.60837458436693));
#7404=CARTESIAN_POINT('Ctrl Pts',(3.7083774335795,-0.436193188996137,6.42405060082106));
#7405=CARTESIAN_POINT('Ctrl Pts',(2.6345004873831,-0.411656782560944,6.36085432291682));
#7406=CARTESIAN_POINT('Ctrl Pts',(6.44568424899644,-0.643281685291128,6.95608133046783));
#7407=CARTESIAN_POINT('Ctrl Pts',(6.07465271964294,-0.60830057467011,6.84411339610933));
#7408=CARTESIAN_POINT('Ctrl Pts',(5.10073413622676,-0.531667721635294,6.59864222917034));
#7409=CARTESIAN_POINT('Ctrl Pts',(3.70816953809482,-0.46520521503085,6.41681709031139));
#7410=CARTESIAN_POINT('Ctrl Pts',(2.63426611703066,-0.432462908597133,6.35566677306532));
#7411=CARTESIAN_POINT('Ctrl Pts',(6.44564751655238,-0.693013514635651,6.94368179277962));
#7412=CARTESIAN_POINT('Ctrl Pts',(6.07465517845862,-0.654638710518823,6.8325600012427));
#7413=CARTESIAN_POINT('Ctrl Pts',(5.10054698750071,-0.570435958155554,6.58897622218499));
#7414=CARTESIAN_POINT('Ctrl Pts',(3.70767264062885,-0.493817020898328,6.40968336589672));
#7415=CARTESIAN_POINT('Ctrl Pts',(2.63380707134475,-0.452926396875599,6.35056465240164));
#7416=CARTESIAN_POINT('Ctrl Pts',(6.43720817274508,-0.543161480262803,6.97850170886917));
#7417=CARTESIAN_POINT('Ctrl Pts',(6.4371043905752,-0.54315358040809,6.97847002428251));
#7418=CARTESIAN_POINT('Ctrl Pts',(6.25645399630261,-0.529403172069168,6.92332014868843));
#7419=CARTESIAN_POINT('Ctrl Pts',(5.8761137859424,-0.502621327208622,6.81590403595683));
#7420=CARTESIAN_POINT('Ctrl Pts',(5.26952030919375,-0.466366862906965,6.67049532178019));
#7421=CARTESIAN_POINT('Ctrl Pts',(4.55242742543317,-0.434216885517185,6.54154880545165));
#7422=CARTESIAN_POINT('Ctrl Pts',(3.65834138250194,-0.408653052133068,6.43901786992655));
#7423=CARTESIAN_POINT('Ctrl Pts',(2.97633003852071,-0.395660620316626,6.3869080721169));
#7424=CARTESIAN_POINT('Ctrl Pts',(2.63450048738331,-0.390481067787792,6.36613402159001));
#7425=CARTESIAN_POINT('Origin',(0.000640257057528227,0.454257964377691,
3.85));
#7426=CARTESIAN_POINT('',(0.00215747914021291,5.,3.85));
#7427=CARTESIAN_POINT('Ctrl Pts',(0.00215747914021291,5.,3.85));
#7428=CARTESIAN_POINT('Ctrl Pts',(-0.813141280119041,5.,3.85));
#7429=CARTESIAN_POINT('Ctrl Pts',(-1.62861137403482,5.00006872845957,3.84999999999999));
#7430=CARTESIAN_POINT('Ctrl Pts',(-3.12413311016927,5.00014134145624,3.85));
#7431=CARTESIAN_POINT('Ctrl Pts',(-3.8041347169383,5.00030037001229,3.84999999999995));
#7432=CARTESIAN_POINT('Ctrl Pts',(-4.48936220785697,5.00042185708648,3.85));
#7433=CARTESIAN_POINT('Ctrl Pts',(-4.49463564647181,5.00041878070308,3.85));
#7434=CARTESIAN_POINT('Ctrl Pts',(-4.63079893473741,5.0005140343639,3.85000000000001));
#7435=CARTESIAN_POINT('Ctrl Pts',(-4.89108447624671,4.89100696369418,3.85));
#7436=CARTESIAN_POINT('Ctrl Pts',(-5.00061158047956,4.63071267487411,3.85));
#7437=CARTESIAN_POINT('Ctrl Pts',(-5.000232895907,4.14007599392367,3.85));
#7438=CARTESIAN_POINT('Ctrl Pts',(-5.00031079833796,3.78028371312365,3.85));
#7439=CARTESIAN_POINT('Ctrl Pts',(-5.00017186791622,2.99921439339339,3.85));
#7440=CARTESIAN_POINT('Ctrl Pts',(-5.00006491440348,2.15665312173775,3.85));
#7441=CARTESIAN_POINT('Ctrl Pts',(-5.00006203937719,1.31408217956955,3.85));
#7442=CARTESIAN_POINT('Ctrl Pts',(-5.00003901042429,0.595204093694599,3.85));
#7443=CARTESIAN_POINT('Ctrl Pts',(-5.0000403884005,0.297590955572423,3.85));
#7444=CARTESIAN_POINT('Ctrl Pts',(-5.00003921260492,-0.67663053556515,3.85));
#7445=CARTESIAN_POINT('Ctrl Pts',(-5.00006477721322,-1.35327714343624,3.85));
#7446=CARTESIAN_POINT('Ctrl Pts',(-5.00011972217797,-2.75620608882903,3.85));
#7447=CARTESIAN_POINT('Ctrl Pts',(-5.00026674938811,-3.48244716847073,3.85000000000001));
#7448=CARTESIAN_POINT('Ctrl Pts',(-5.00041500570445,-4.30572853189076,3.85000000000001));
#7449=CARTESIAN_POINT('Ctrl Pts',(-5.00037115205267,-4.40281926864803,3.85000000000001));
#7450=CARTESIAN_POINT('Ctrl Pts',(-5.00053722264715,-4.6307862829268,3.85000000000001));
#7451=CARTESIAN_POINT('Ctrl Pts',(-4.89102467696352,-4.89107334258782,3.85000000000001));
#7452=CARTESIAN_POINT('Ctrl Pts',(-4.630732829869,-5.00059727789268,3.85000000000001));
#7453=CARTESIAN_POINT('Ctrl Pts',(-4.21688603879027,-5.00028309704764,3.85000000000001));
#7454=CARTESIAN_POINT('Ctrl Pts',(-3.93389068633112,-5.00035920635842,3.85000000000001));
#7455=CARTESIAN_POINT('Ctrl Pts',(-2.81984206332155,-5.0001777030216,3.85));
#7456=CARTESIAN_POINT('Ctrl Pts',(-1.98876775634372,-5.00006900037493,3.85));
#7457=CARTESIAN_POINT('Ctrl Pts',(-0.771083667570411,-5.00004194862663,
3.85));
#7458=CARTESIAN_POINT('Ctrl Pts',(-0.384448129566486,-5.00003858174608,
3.85));
#7459=CARTESIAN_POINT('Ctrl Pts',(0.516811921626319,-5.00003948955464,3.85));
#7460=CARTESIAN_POINT('Ctrl Pts',(1.03148187510468,-5.00005081426241,3.85));
#7461=CARTESIAN_POINT('Ctrl Pts',(2.29066622185863,-5.00009048091894,3.85));
#7462=CARTESIAN_POINT('Ctrl Pts',(3.03514223958157,-5.00020312050621,3.84999999999999));
#7463=CARTESIAN_POINT('Ctrl Pts',(4.01967515261257,-5.00036995823655,3.84999999999999));
#7464=CARTESIAN_POINT('Ctrl Pts',(4.25978561523127,-5.00029945743953,3.84999999999999));
#7465=CARTESIAN_POINT('Ctrl Pts',(4.63075065282482,-5.00058037069854,3.84999999999999));
#7466=CARTESIAN_POINT('Ctrl Pts',(4.89104073750118,-4.89105941782116,3.84999999999999));
#7467=CARTESIAN_POINT('Ctrl Pts',(5.00055724948032,-4.63077120861468,3.84999999999999));
#7468=CARTESIAN_POINT('Ctrl Pts',(5.00033695914016,-4.33504778508431,3.84999999999999));
#7469=CARTESIAN_POINT('Ctrl Pts',(5.00039773151479,-4.17019085993453,3.84999999999999));
#7470=CARTESIAN_POINT('Ctrl Pts',(5.00023728446851,-3.26448503813789,3.84999999999999));
#7471=CARTESIAN_POINT('Ctrl Pts',(5.00010417079532,-2.52358541445025,3.84999999999999));
#7472=CARTESIAN_POINT('Ctrl Pts',(5.00005657137404,-1.18842468447589,3.84999999999998));
#7473=CARTESIAN_POINT('Ctrl Pts',(5.00003823047733,-0.594205099103375,3.84999999999997));
#7474=CARTESIAN_POINT('Ctrl Pts',(5.00003660132645,0.369733488460951,3.84999999999995));
#7475=CARTESIAN_POINT('Ctrl Pts',(5.0000384995328,0.739501606252666,3.84999999999994));
#7476=CARTESIAN_POINT('Ctrl Pts',(5.00006120143253,1.86208270388542,3.84999999999989));
#7477=CARTESIAN_POINT('Ctrl Pts',(5.00012755562299,2.61493073936941,3.84999999999969));
#7478=CARTESIAN_POINT('Ctrl Pts',(5.00027942494088,3.74514446915092,3.84999999999947));
#7479=CARTESIAN_POINT('Ctrl Pts',(5.00020466703683,4.12251369893094,3.84999999999933));
#7480=CARTESIAN_POINT('Ctrl Pts',(5.00055845627737,4.62785210413707,3.84999999999912));
#7481=CARTESIAN_POINT('Ctrl Pts',(4.89606443492122,4.88256756390689,3.84999999999914));
#7482=CARTESIAN_POINT('Ctrl Pts',(4.64510800593136,4.99575711456833,3.84999999999899));
#7483=CARTESIAN_POINT('Ctrl Pts',(4.51142155770492,5.00028023019838,3.84999999999894));
#7484=CARTESIAN_POINT('Ctrl Pts',(4.50567763576768,5.00038228054619,3.84999999999894));
#7485=CARTESIAN_POINT('Ctrl Pts',(3.81903243347026,5.00027137094735,3.84999999999916));
#7486=CARTESIAN_POINT('Ctrl Pts',(3.13814405147555,5.00012790395615,3.84999999999965));
#7487=CARTESIAN_POINT('Ctrl Pts',(1.63887401472542,5.00006206072855,3.84999999999982));
#7488=CARTESIAN_POINT('Ctrl Pts',(0.820521380240614,5.,3.85));
#7489=CARTESIAN_POINT('Ctrl Pts',(0.00215747914020348,5.,3.85));
#7490=CARTESIAN_POINT('Ctrl Pts',(-7.62583293664622E-15,8.14999999999999,
9.71445146547012E-16));
#7491=CARTESIAN_POINT('Ctrl Pts',(0.000192217272395976,8.14970610334327,
0.340818208362433));
#7492=CARTESIAN_POINT('Ctrl Pts',(0.000553313683937526,8.10030511159183,
0.981379569231812));
#7493=CARTESIAN_POINT('Ctrl Pts',(0.0010251799764561,7.85742324230768,1.81941193438153));
#7494=CARTESIAN_POINT('Ctrl Pts',(0.0013584055314131,7.48201928094569,2.41217880391938));
#7495=CARTESIAN_POINT('Ctrl Pts',(0.00158593451620677,7.07686011290741,
2.81766182961631));
#7496=CARTESIAN_POINT('Ctrl Pts',(0.00173606646614824,6.72977794880598,
3.08566812245035));
#7497=CARTESIAN_POINT('Ctrl Pts',(0.00190776640067172,6.23021467173757,
3.39289216007443));
#7498=CARTESIAN_POINT('Ctrl Pts',(0.00203523201966422,5.72373741654778,
3.62226391360742));
#7499=CARTESIAN_POINT('Ctrl Pts',(0.00211539502592638,5.32433882867834,
3.76838318769456));
#7500=CARTESIAN_POINT('Ctrl Pts',(0.00215108023987483,5.10424295564912,
3.83496351299891));
#7501=CARTESIAN_POINT('Ctrl Pts',(0.00215816291166107,5.02299568894212,
3.84994528986304));
#7502=CARTESIAN_POINT('Ctrl Pts',(0.00215747914021291,5.,3.85));
#7503=CARTESIAN_POINT('Ctrl Pts',(-1.71999888688156,8.15,9.02061187865395E-16));
#7504=CARTESIAN_POINT('Ctrl Pts',(-1.68920024033944,8.14970610334328,0.340840805551294));
#7505=CARTESIAN_POINT('Ctrl Pts',(-1.61802138207467,8.10030499287539,0.981438293585182));
#7506=CARTESIAN_POINT('Ctrl Pts',(-1.49027627112141,7.85742316255504,1.81950100467944));
#7507=CARTESIAN_POINT('Ctrl Pts',(-1.37281408211037,7.48201915094802,2.41227608920039));
#7508=CARTESIAN_POINT('Ctrl Pts',(-1.2761263395489,7.07686007913679,2.81775712132009));
#7509=CARTESIAN_POINT('Ctrl Pts',(-1.20322296236864,6.72977795694568,3.08575805579402));
#7510=CARTESIAN_POINT('Ctrl Pts',(-1.10679745889154,6.23021477683862,3.39297035750796));
#7511=CARTESIAN_POINT('Ctrl Pts',(-1.01348261769975,5.72373741552544,3.62232432719514));
#7512=CARTESIAN_POINT('Ctrl Pts',(-0.92716578381708,5.32433887068357,3.76842144791952));
#7513=CARTESIAN_POINT('Ctrl Pts',(-0.866898331285608,5.10424299044612,3.83498339304799));
#7514=CARTESIAN_POINT('Ctrl Pts',(-0.830347728792042,5.02299568894212,3.84995201942878));
#7515=CARTESIAN_POINT('Ctrl Pts',(-0.813141280119041,5.,3.85));
#7516=CARTESIAN_POINT('Ctrl Pts',(-3.42052344379545,8.11787539163293,7.64670919986553E-16));
#7517=CARTESIAN_POINT('Ctrl Pts',(-3.37445971184575,8.10999978631043,0.340869071280047));
#7518=CARTESIAN_POINT('Ctrl Pts',(-3.25522888508028,8.04856017369581,0.981513419469056));
#7519=CARTESIAN_POINT('Ctrl Pts',(-3.0136248904863,7.79817977406578,1.81961877054797));
#7520=CARTESIAN_POINT('Ctrl Pts',(-2.77457249376967,7.42721899220969,2.41240746601418));
#7521=CARTESIAN_POINT('Ctrl Pts',(-2.57060333198492,7.03199515904045,2.81788689483022));
#7522=CARTESIAN_POINT('Ctrl Pts',(-2.41432781590278,6.694964201052,3.0858806827523));
#7523=CARTESIAN_POINT('Ctrl Pts',(-2.20618786794322,6.21093320568012,3.39307624767257));
#7524=CARTESIAN_POINT('Ctrl Pts',(-2.00638811416276,5.72014186000596,3.62240442621378));
#7525=CARTESIAN_POINT('Ctrl Pts',(-1.83203882015501,5.32935152347129,3.76847097240208));
#7526=CARTESIAN_POINT('Ctrl Pts',(-1.71811569422768,5.11053942838585,3.83500854378272));
#7527=CARTESIAN_POINT('Ctrl Pts',(-1.65583800409514,5.02590357153443,3.84996043909619));
#7528=CARTESIAN_POINT('Ctrl Pts',(-1.62861137403482,5.00006872845957,3.84999999999999));
#7529=CARTESIAN_POINT('Ctrl Pts',(-5.71327209920394,7.83659305200077,6.26274373226589E-16));
#7530=CARTESIAN_POINT('Ctrl Pts',(-5.65676667438795,7.81134424451516,0.340923517013347));
#7531=CARTESIAN_POINT('Ctrl Pts',(-5.5071236517043,7.7284997721185,0.981659505567482));
#7532=CARTESIAN_POINT('Ctrl Pts',(-5.18830618831873,7.48533447825677,1.81985085200962));
#7533=CARTESIAN_POINT('Ctrl Pts',(-4.85367341431707,7.15497753561256,2.41266851627623));
#7534=CARTESIAN_POINT('Ctrl Pts',(-4.55471043785947,6.81090479582726,2.81814559149516));
#7535=CARTESIAN_POINT('Ctrl Pts',(-4.31960285184748,6.51943220139921,3.08612524766052));
#7536=CARTESIAN_POINT('Ctrl Pts',(-3.99995231287242,6.1014030109527,3.39328687774516));
#7537=CARTESIAN_POINT('Ctrl Pts',(-3.68754140377315,5.67509453882078,3.62256245233303));
#7538=CARTESIAN_POINT('Ctrl Pts',(-3.41951652653112,5.32540144023389,3.76856774301499));
#7539=CARTESIAN_POINT('Ctrl Pts',(-3.24936829909611,5.1207098367732,3.8350572243173));
#7540=CARTESIAN_POINT('Ctrl Pts',(-3.1611846310812,5.03182662261673,3.84997665911675));
#7541=CARTESIAN_POINT('Ctrl Pts',(-3.12413311016927,5.00014134145624,3.85));
#7542=CARTESIAN_POINT('Ctrl Pts',(-6.42336411510045,7.61278528937178,5.70474240774826E-16));
#7543=CARTESIAN_POINT('Ctrl Pts',(-6.36876569634792,7.5783214721358,0.340949263217945));
#7544=CARTESIAN_POINT('Ctrl Pts',(-6.22795750112378,7.48649524732599,0.981729083869975));
#7545=CARTESIAN_POINT('Ctrl Pts',(-5.92679236775886,7.25630068695865,1.81996248962581));
#7546=CARTESIAN_POINT('Ctrl Pts',(-5.60023493505192,6.95868763151751,2.41279484571909));
#7547=CARTESIAN_POINT('Ctrl Pts',(-5.29941444644278,6.65202311076822,2.81827107317548));
#7548=CARTESIAN_POINT('Ctrl Pts',(-5.05861059685235,6.3928029396797,3.08624391462805));
#7549=CARTESIAN_POINT('Ctrl Pts',(-4.7262998970915,6.02060502565835,3.39338888537663));
#7550=CARTESIAN_POINT('Ctrl Pts',(-4.39633039937713,5.63857773753235,3.62263852895016));
#7551=CARTESIAN_POINT('Ctrl Pts',(-4.11303639511829,5.31815493659829,3.76861400044341));
#7552=CARTESIAN_POINT('Ctrl Pts',(-3.93411324864786,5.12483396346675,3.83508032908783));
#7553=CARTESIAN_POINT('Ctrl Pts',(-3.84241167440313,5.0348899518024,3.84998432992384));
#7554=CARTESIAN_POINT('Ctrl Pts',(-3.8041347169383,5.00030037001229,3.84999999999995));
#7555=CARTESIAN_POINT('Ctrl Pts',(-6.86327906175608,7.2961730385277,5.58533046283791E-16));
#7556=CARTESIAN_POINT('Ctrl Pts',(-6.81393757378477,7.25442141318593,0.340973726509109));
#7557=CARTESIAN_POINT('Ctrl Pts',(-6.69726836115533,7.15917611150143,0.981795446499098));
#7558=CARTESIAN_POINT('Ctrl Pts',(-6.45490808536983,6.95429386754621,1.82006952032825));
#7559=CARTESIAN_POINT('Ctrl Pts',(-6.17948941862089,6.70212450294192,2.41291633818557));
#7560=CARTESIAN_POINT('Ctrl Pts',(-5.91276179655951,6.44386363603491,2.81839189431379));
#7561=CARTESIAN_POINT('Ctrl Pts',(-5.69307845667053,6.22535773278111,3.08635819401028));
#7562=CARTESIAN_POINT('Ctrl Pts',(-5.38250786136704,5.91026348671164,3.39348702632244));
#7563=CARTESIAN_POINT('Ctrl Pts',(-5.06568889032082,5.58323425288831,3.6227114976086));
#7564=CARTESIAN_POINT('Ctrl Pts',(-4.79088794833398,5.30112968378894,3.76865820468862));
#7565=CARTESIAN_POINT('Ctrl Pts',(-4.61671674551422,5.1248536711197,3.83510232592675));
#7566=CARTESIAN_POINT('Ctrl Pts',(-4.5270819124872,5.03673059946685,3.84999161905228));
#7567=CARTESIAN_POINT('Ctrl Pts',(-4.48936220785697,5.00042185708648,3.85));
#7568=CARTESIAN_POINT('Ctrl Pts',(-6.8666537226873,7.29373055034308,5.58606056906153E-16));
#7569=CARTESIAN_POINT('Ctrl Pts',(-6.81735288656221,7.2519229635588,0.340973914669115));
#7570=CARTESIAN_POINT('Ctrl Pts',(-6.70086879240703,7.15665543429955,0.9817959569448));
#7571=CARTESIAN_POINT('Ctrl Pts',(-6.45896310961072,6.95196693306745,1.82007034361803));
#7572=CARTESIAN_POINT('Ctrl Pts',(-6.18393906586392,6.70014909158384,2.41291727274013));
#7573=CARTESIAN_POINT('Ctrl Pts',(-5.91747624305323,6.44225771351684,2.81839282371331));
#7574=CARTESIAN_POINT('Ctrl Pts',(-5.69795692169988,6.22406387476096,3.08635907308951));
#7575=CARTESIAN_POINT('Ctrl Pts',(-5.38755602148656,5.90940607340598,3.39348778125291));
#7576=CARTESIAN_POINT('Ctrl Pts',(-5.07083825919077,5.5828037489286,3.62271205889205));
#7577=CARTESIAN_POINT('Ctrl Pts',(-4.79610412203921,5.30099288157424,3.7686585447026));
#7578=CARTESIAN_POINT('Ctrl Pts',(-4.62196999325104,5.12484846297845,3.83510249511872));
#7579=CARTESIAN_POINT('Ctrl Pts',(-4.53235095601486,5.03674068020019,3.84999167511682));
#7580=CARTESIAN_POINT('Ctrl Pts',(-4.49463564647181,5.00041878070308,3.85));
#7581=CARTESIAN_POINT('Ctrl Pts',(-6.95353017665235,7.23049406298283,5.58144387969013E-16));
#7582=CARTESIAN_POINT('Ctrl Pts',(-6.90528423830212,7.18724444047905,0.340978771422865));
#7583=CARTESIAN_POINT('Ctrl Pts',(-6.79364277500594,7.09119827851538,0.981809132890189));
#7584=CARTESIAN_POINT('Ctrl Pts',(-6.56349911545602,6.89163367878588,1.82009159578622));
#7585=CARTESIAN_POINT('Ctrl Pts',(-6.2987226259296,6.648851917055,2.41294139767191));
#7586=CARTESIAN_POINT('Ctrl Pts',(-6.03909180911332,6.4007261222182,2.8184168158021));
#7587=CARTESIAN_POINT('Ctrl Pts',(-5.82381495960596,6.19070281954548,3.08638176621124));
#7588=CARTESIAN_POINT('Ctrl Pts',(-5.51778856301604,5.88754021423622,3.39350726936577));
#7589=CARTESIAN_POINT('Ctrl Pts',(-5.20375229555664,5.57180391552652,3.6227265477541));
#7590=CARTESIAN_POINT('Ctrl Pts',(-4.93074902149819,5.29768799788667,3.76866732149422));
#7591=CARTESIAN_POINT('Ctrl Pts',(-4.75758885877193,5.12494519325129,3.83510686234333));
#7592=CARTESIAN_POINT('Ctrl Pts',(-4.66839800077208,5.03717382650284,3.84999312224614));
#7593=CARTESIAN_POINT('Ctrl Pts',(-4.63079893473741,5.0005140343639,3.85000000000001));
#7594=CARTESIAN_POINT('Ctrl Pts',(-7.1076163962151,7.10121951053774,5.57623006777023E-16));
#7595=CARTESIAN_POINT('Ctrl Pts',(-7.06164192188652,7.05534638986759,0.340987998336182));
#7596=CARTESIAN_POINT('Ctrl Pts',(-6.95997930501362,6.95407040520029,0.981834184202584));
#7597=CARTESIAN_POINT('Ctrl Pts',(-6.75417966995547,6.74900471764249,1.82013204507589));
#7598=CARTESIAN_POINT('Ctrl Pts',(-6.51075016531179,6.50641122507474,2.41298734363237));
#7599=CARTESIAN_POINT('Ctrl Pts',(-6.26571136907181,6.26208753179506,2.81846251980118));
#7600=CARTESIAN_POINT('Ctrl Pts',(-6.05965330926811,6.05662890571823,3.0864249972486));
#7601=CARTESIAN_POINT('Ctrl Pts',(-5.76343929985883,5.76124034976679,3.39354438749313));
#7602=CARTESIAN_POINT('Ctrl Pts',(-5.45569464073949,5.45441937052512,3.62275412685239));
#7603=CARTESIAN_POINT('Ctrl Pts',(-5.18706175133382,5.18645246086472,3.7686840152808));
#7604=CARTESIAN_POINT('Ctrl Pts',(-5.01640126593638,5.01616275005196,3.83511516260982));
#7605=CARTESIAN_POINT('Ctrl Pts',(-4.92832908844148,4.92822672309663,3.84999587156108));
#7606=CARTESIAN_POINT('Ctrl Pts',(-4.89108447624671,4.89100696369418,3.85));
#7607=CARTESIAN_POINT('Ctrl Pts',(-7.23938841516478,6.94850959075791,5.57560698412638E-16));
#7608=CARTESIAN_POINT('Ctrl Pts',(-7.19607667557038,6.9004048895899,0.340996934113979));
#7609=CARTESIAN_POINT('Ctrl Pts',(-7.0997286869077,6.78905427051909,0.981858478911568));
#7610=CARTESIAN_POINT('Ctrl Pts',(-6.89903400087957,6.55948557356527,1.82017134675763));
#7611=CARTESIAN_POINT('Ctrl Pts',(-6.65503881671666,6.29525483079018,2.41303203613587));
#7612=CARTESIAN_POINT('Ctrl Pts',(-6.40570570193547,6.03618569622521,2.81850699605132));
#7613=CARTESIAN_POINT('Ctrl Pts',(-6.19474404057106,5.82136569675827,3.08646706960715));
#7614=CARTESIAN_POINT('Ctrl Pts',(-5.89026920285533,5.51601157777186,3.39358049820753));
#7615=CARTESIAN_POINT('Ctrl Pts',(-5.57340175527878,5.20261926452844,3.62278092772688));
#7616=CARTESIAN_POINT('Ctrl Pts',(-5.29835188908923,4.93018812761325,3.76870021626846));
#7617=CARTESIAN_POINT('Ctrl Pts',(-5.12515360011357,4.75734588515083,3.83512320684469));
#7618=CARTESIAN_POINT('Ctrl Pts',(-5.0372815629259,4.66827193976405,3.84999853421238));
#7619=CARTESIAN_POINT('Ctrl Pts',(-5.00061158047956,4.63071267487411,3.85));
#7620=CARTESIAN_POINT('Ctrl Pts',(-7.46879888885721,6.63278754158376,5.56302337101747E-16));
#7621=CARTESIAN_POINT('Ctrl Pts',(-7.43075520524659,6.58095563796374,0.341013344028165));
#7622=CARTESIAN_POINT('Ctrl Pts',(-7.33687540594579,6.45243641454315,0.981903122100566));
#7623=CARTESIAN_POINT('Ctrl Pts',(-7.1176334624461,6.18089092021238,1.82024362682226));
#7624=CARTESIAN_POINT('Ctrl Pts',(-6.84062315368729,5.88018024565301,2.41311427139398));
#7625=CARTESIAN_POINT('Ctrl Pts',(-6.55611955981247,5.59676069806991,2.81858884898105));
#7626=CARTESIAN_POINT('Ctrl Pts',(-6.31562916418937,5.36686559644447,3.08654450063758));
#7627=CARTESIAN_POINT('Ctrl Pts',(-5.96974753760265,5.0459845695399,3.39364694705269));
#7628=CARTESIAN_POINT('Ctrl Pts',(-5.61315019366051,4.72325727882946,3.62283022095519));
#7629=CARTESIAN_POINT('Ctrl Pts',(-5.3103535643016,4.44477057774478,3.7687299960472));
#7630=CARTESIAN_POINT('Ctrl Pts',(-5.12482794067206,4.26855373769183,3.83513798433613));
#7631=CARTESIAN_POINT('Ctrl Pts',(-5.03565863222727,4.17802641774053,3.8500034240614));
#7632=CARTESIAN_POINT('Ctrl Pts',(-5.000232895907,4.14007599392367,3.85));
#7633=CARTESIAN_POINT('Ctrl Pts',(-7.60159398201435,6.34184370622764,5.55750617844557E-16));
#7634=CARTESIAN_POINT('Ctrl Pts',(-7.56797174863498,6.28819691932805,0.3410246938587));
#7635=CARTESIAN_POINT('Ctrl Pts',(-7.47779613134911,6.150563081633,0.98193405630729));
#7636=CARTESIAN_POINT('Ctrl Pts',(-7.24995437021478,5.85708884517578,1.82029383565071));
#7637=CARTESIAN_POINT('Ctrl Pts',(-6.95390740198219,5.53868199812201,2.41317147950711));
#7638=CARTESIAN_POINT('Ctrl Pts',(-6.64816924972905,5.24499048882078,2.81864582311363));
#7639=CARTESIAN_POINT('Ctrl Pts',(-6.38946545047142,5.00968737135036,3.08659840131914));
#7640=CARTESIAN_POINT('Ctrl Pts',(-6.01777208272969,4.68469997601893,3.39369318191449));
#7641=CARTESIAN_POINT('Ctrl Pts',(-5.63607915984897,4.36161306664158,3.62286446934604));
#7642=CARTESIAN_POINT('Ctrl Pts',(-5.31630969174861,4.08388781462142,3.76875065031732));
#7643=CARTESIAN_POINT('Ctrl Pts',(-5.12372653903463,3.90825469804863,3.83514821504921));
#7644=CARTESIAN_POINT('Ctrl Pts',(-5.03448722497994,3.81802679849713,3.85000680626655));
#7645=CARTESIAN_POINT('Ctrl Pts',(-5.00031079833796,3.78028371312365,3.85));
#7646=CARTESIAN_POINT('Ctrl Pts',(-7.85313754311965,5.4906524735347,5.52132143678283E-16));
#7647=CARTESIAN_POINT('Ctrl Pts',(-7.82925077814134,5.43611966470986,0.341047059855013));
#7648=CARTESIAN_POINT('Ctrl Pts',(-7.7482686641723,5.29172685133959,0.981995091105139));
#7649=CARTESIAN_POINT('Ctrl Pts',(-7.50529537391079,4.98434660330693,1.82039306555156));
#7650=CARTESIAN_POINT('Ctrl Pts',(-7.17271978945992,4.66211914351831,2.4132846537196));
#7651=CARTESIAN_POINT('Ctrl Pts',(-6.82546462664139,4.37453650552251,2.81875857689093));
#7652=CARTESIAN_POINT('Ctrl Pts',(-6.53104113069511,4.14851022073982,3.0867050786351));
#7653=CARTESIAN_POINT('Ctrl Pts',(-6.10860304456187,3.84134649128488,3.39378465996173));
#7654=CARTESIAN_POINT('Ctrl Pts',(-5.67788682740608,3.5412477287128,3.62293216618184));
#7655=CARTESIAN_POINT('Ctrl Pts',(-5.32540440017563,3.28363928461879,3.76879142844727));
#7656=CARTESIAN_POINT('Ctrl Pts',(-5.11983691524842,3.11995352850566,3.83516838935829));
#7657=CARTESIAN_POINT('Ctrl Pts',(-5.0313753200231,3.03497069960521,3.85001347163101));
#7658=CARTESIAN_POINT('Ctrl Pts',(-5.00017186791622,2.99921439339339,3.85));
#7659=CARTESIAN_POINT('Ctrl Pts',(-8.04130298561312,4.29655615499931,5.93248644470169E-16));
#7660=CARTESIAN_POINT('Ctrl Pts',(-8.02809107899651,4.2449248119669,0.341068315258862));
#7661=CARTESIAN_POINT('Ctrl Pts',(-7.95975864885221,4.10955316501887,0.982053200659113));
#7662=CARTESIAN_POINT('Ctrl Pts',(-7.71054246152838,3.8295469514523,1.82048776929316));
#7663=CARTESIAN_POINT('Ctrl Pts',(-7.35075787320928,3.54661555612559,2.41339282017645));
#7664=CARTESIAN_POINT('Ctrl Pts',(-6.97001432452406,3.30136361668438,2.81886640034736));
#7665=CARTESIAN_POINT('Ctrl Pts',(-6.64595532561209,3.11176375691378,3.08680709965139));
#7666=CARTESIAN_POINT('Ctrl Pts',(-6.18075461211951,2.85746735259791,3.39387210704503));
#7667=CARTESIAN_POINT('Ctrl Pts',(-5.7082795093969,2.61193939940634,3.6229967893853));
#7668=CARTESIAN_POINT('Ctrl Pts',(-5.32896270270612,2.39925940646843,3.76883028856867));
#7669=CARTESIAN_POINT('Ctrl Pts',(-5.11387136887907,2.26188566802485,3.83518758089375));
#7670=CARTESIAN_POINT('Ctrl Pts',(-5.02773188006217,2.18832535026538,3.85001980655976));
#7671=CARTESIAN_POINT('Ctrl Pts',(-5.00006491440348,2.15665312173775,3.85));
#7672=CARTESIAN_POINT('Ctrl Pts',(-8.11251052685879,2.70840004732417,6.0538459290839E-16));
#7673=CARTESIAN_POINT('Ctrl Pts',(-8.10713723100395,2.67052262400755,0.341081487165413));
#7674=CARTESIAN_POINT('Ctrl Pts',(-8.05017559873529,2.57524410363509,0.98208930624234));
#7675=CARTESIAN_POINT('Ctrl Pts',(-7.80433665946901,2.38703151565473,1.82054681949254));
#7676=CARTESIAN_POINT('Ctrl Pts',(-7.43448134030113,2.20288728472265,2.41346040412434));
#7677=CARTESIAN_POINT('Ctrl Pts',(-7.03828723374384,2.04628417770891,2.81893382353332));
#7678=CARTESIAN_POINT('Ctrl Pts',(-6.69971482216177,1.92638526090549,3.08687090271519));
#7679=CARTESIAN_POINT('Ctrl Pts',(-6.21285720978428,1.76657206848067,3.3939267627585));
#7680=CARTESIAN_POINT('Ctrl Pts',(-5.71891925335649,1.61257064517808,3.62303709999307));
#7681=CARTESIAN_POINT('Ctrl Pts',(-5.3267266872908,1.47663417333914,3.7688544698846));
#7682=CARTESIAN_POINT('Ctrl Pts',(-5.10822299123616,1.38666108017211,3.835199493167));
#7683=CARTESIAN_POINT('Ctrl Pts',(-5.02492574018922,1.33641632866687,3.85002373361285));
#7684=CARTESIAN_POINT('Ctrl Pts',(-5.00006203937719,1.31408217956955,3.85));
#7685=CARTESIAN_POINT('Ctrl Pts',(-8.1444379143163,1.25246235350124,6.50721341486296E-16));
#7686=CARTESIAN_POINT('Ctrl Pts',(-8.14318523926072,1.23228911701704,0.34108827869253));
#7687=CARTESIAN_POINT('Ctrl Pts',(-8.09237583695311,1.18378878449613,0.982107933855401));
#7688=CARTESIAN_POINT('Ctrl Pts',(-7.84905772501477,1.09272876756446,1.82057730948597));
#7689=CARTESIAN_POINT('Ctrl Pts',(-7.47476387573886,1.00658976598006,2.41349531739989));
#7690=CARTESIAN_POINT('Ctrl Pts',(-7.07123022503595,0.934684186117379,2.81896866082364));
#7691=CARTESIAN_POINT('Ctrl Pts',(-6.72562379524932,0.880124348980331,3.08690387126044));
#7692=CARTESIAN_POINT('Ctrl Pts',(-6.22816982808243,0.807766531620649,3.39395500212085));
#7693=CARTESIAN_POINT('Ctrl Pts',(-5.72362620845025,0.737972294783891,3.62305791978214));
#7694=CARTESIAN_POINT('Ctrl Pts',(-5.32518423201289,0.674860260482797,3.76886695333604));
#7695=CARTESIAN_POINT('Ctrl Pts',(-5.10514857416812,0.631872720208225,3.83520563985785));
#7696=CARTESIAN_POINT('Ctrl Pts',(-5.02341758187301,0.606743635763793,3.85002575947945));
#7697=CARTESIAN_POINT('Ctrl Pts',(-5.00003901042429,0.595204093694599,3.85));
#7698=CARTESIAN_POINT('Ctrl Pts',(-8.15296140587408,0.626246848656658,6.702869589266E-16));
#7699=CARTESIAN_POINT('Ctrl Pts',(-8.15266366082874,0.615149025869021,0.341089789583022));
#7700=CARTESIAN_POINT('Ctrl Pts',(-8.10322891984374,0.589447760063991,0.982112083364272));
#7701=CARTESIAN_POINT('Ctrl Pts',(-7.86028976672677,0.543215740003354,1.82058411346003));
#7702=CARTESIAN_POINT('Ctrl Pts',(-7.48475718264721,0.500649653462703,2.41350311664819));
#7703=CARTESIAN_POINT('Ctrl Pts',(-7.07934811390448,0.465591070971515,2.81897644650984));
#7704=CARTESIAN_POINT('Ctrl Pts',(-6.73198928671464,0.439148123650147,3.08691124015508));
#7705=CARTESIAN_POINT('Ctrl Pts',(-6.23192947408807,0.404164907973419,3.39396131275945));
#7706=CARTESIAN_POINT('Ctrl Pts',(-5.72482057455086,0.370300158530615,3.62306256861194));
#7707=CARTESIAN_POINT('Ctrl Pts',(-5.3248557272113,0.338972532930944,3.76886973794379));
#7708=CARTESIAN_POINT('Ctrl Pts',(-5.10443584867256,0.317099153473975,3.83520700953921));
#7709=CARTESIAN_POINT('Ctrl Pts',(-5.02306932910401,0.303834629640717,3.85002621067638));
#7710=CARTESIAN_POINT('Ctrl Pts',(-5.0000403884005,0.297590955572423,3.85));
#7711=CARTESIAN_POINT('Ctrl Pts',(-8.15823082829852,-1.42385755660607,7.37880282988902E-16));
#7712=CARTESIAN_POINT('Ctrl Pts',(-8.157682157274,-1.39862508682235,0.341089801577947));
#7713=CARTESIAN_POINT('Ctrl Pts',(-8.10774176949356,-1.3401919951752,0.982112116557004));
#7714=CARTESIAN_POINT('Ctrl Pts',(-7.86405089709611,-1.23507918687509,1.82058416925681));
#7715=CARTESIAN_POINT('Ctrl Pts',(-7.48788921862967,-1.1383029641405,2.41350318294068));
#7716=CARTESIAN_POINT('Ctrl Pts',(-7.08198117106747,-1.05859366386412,2.81897651578603));
#7717=CARTESIAN_POINT('Ctrl Pts',(-6.73424715448105,-0.998473305367271,
3.08691130886056));
#7718=CARTESIAN_POINT('Ctrl Pts',(-6.23368839294202,-0.918935248379147,
3.39396137682324));
#7719=CARTESIAN_POINT('Ctrl Pts',(-5.72607415343568,-0.841942624210035,
3.62306262200877));
#7720=CARTESIAN_POINT('Ctrl Pts',(-5.3256087150408,-0.770715837461608,3.76886977424017));
#7721=CARTESIAN_POINT('Ctrl Pts',(-5.10481217210128,-0.720984500389397,
3.83520702969142));
#7722=CARTESIAN_POINT('Ctrl Pts',(-5.02319361629057,-0.690826404699526,
3.85002621778522));
#7723=CARTESIAN_POINT('Ctrl Pts',(-5.00003921260492,-0.67663053556515,3.85));
#7724=CARTESIAN_POINT('Ctrl Pts',(-8.12615180184783,-2.84811605560574,7.23216883056398E-16));
#7725=CARTESIAN_POINT('Ctrl Pts',(-8.12025569303538,-2.80810735747317,0.34108202465101));
#7726=CARTESIAN_POINT('Ctrl Pts',(-8.06228384413686,-2.7062181477833,0.982090758033208));
#7727=CARTESIAN_POINT('Ctrl Pts',(-7.81490057060425,-2.50314853294361,1.82054914982324));
#7728=CARTESIAN_POINT('Ctrl Pts',(-7.44357386240024,-2.30427704505791,2.41346304662602));
#7729=CARTESIAN_POINT('Ctrl Pts',(-7.04603991363718,-2.13551624535082,2.81893645740092));
#7730=CARTESIAN_POINT('Ctrl Pts',(-6.70638150678079,-2.00655016576931,3.08687340319414));
#7731=CARTESIAN_POINT('Ctrl Pts',(-6.21799023603299,-1.8350205153135,3.3939289285406));
#7732=CARTESIAN_POINT('Ctrl Pts',(-5.72244409733344,-1.6702844144158,3.62303873464743));
#7733=CARTESIAN_POINT('Ctrl Pts',(-5.32873529528566,-1.52541555259221,3.76885547717124));
#7734=CARTESIAN_POINT('Ctrl Pts',(-5.10917129375297,-1.42985226351193,3.83520000330601));
#7735=CARTESIAN_POINT('Ctrl Pts',(-5.02523230602149,-1.3767682690694,3.85002390439565));
#7736=CARTESIAN_POINT('Ctrl Pts',(-5.00006477721322,-1.35327714343624,3.85));
#7737=CARTESIAN_POINT('Ctrl Pts',(-7.9314157246936,-5.23166196430794,8.33852778715793E-16));
#7738=CARTESIAN_POINT('Ctrl Pts',(-7.91042959993795,-5.17594861411509,0.341054780918668));
#7739=CARTESIAN_POINT('Ctrl Pts',(-7.83243838818923,-5.02788448342889,0.9820161825723));
#7740=CARTESIAN_POINT('Ctrl Pts',(-7.58563785297573,-4.71460304515579,1.82042740840598));
#7741=CARTESIAN_POINT('Ctrl Pts',(-7.24237592004518,-4.39060575079579,2.41332386988405));
#7742=CARTESIAN_POINT('Ctrl Pts',(-6.88249285431834,-4.10488037767228,2.81879768159295));
#7743=CARTESIAN_POINT('Ctrl Pts',(-6.57699607641492,-3.8818719279191,3.08674209984722));
#7744=CARTESIAN_POINT('Ctrl Pts',(-6.13860547423942,-3.58055581440619,3.3938164348767));
#7745=CARTESIAN_POINT('Ctrl Pts',(-5.69215274666138,-3.28788422741707,3.62295570420866));
#7746=CARTESIAN_POINT('Ctrl Pts',(-5.32897928691712,-3.03629795957895,3.76880562237139));
#7747=CARTESIAN_POINT('Ctrl Pts',(-5.11898794611407,-2.87578045660393,3.83517542008493));
#7748=CARTESIAN_POINT('Ctrl Pts',(-5.03052017293123,-2.79176029644536,3.85001579648095));
#7749=CARTESIAN_POINT('Ctrl Pts',(-5.00011972217797,-2.75620608882903,3.85));
#7750=CARTESIAN_POINT('Ctrl Pts',(-7.73010936131051,-6.13066092445367,9.04604891742966E-16));
#7751=CARTESIAN_POINT('Ctrl Pts',(-7.69908696515489,-6.07511474174298,0.341034498268245));
#7752=CARTESIAN_POINT('Ctrl Pts',(-7.61009796485621,-5.92830148780064,0.981960743096904));
#7753=CARTESIAN_POINT('Ctrl Pts',(-7.37252958136724,-5.61232824328206,1.8203370814195));
#7754=CARTESIAN_POINT('Ctrl Pts',(-7.05875918908655,-5.27474364237598,2.41322072360618));
#7755=CARTESIAN_POINT('Ctrl Pts',(-6.73380411095667,-4.96871386379474,2.81869487588168));
#7756=CARTESIAN_POINT('Ctrl Pts',(-6.45880320109576,-4.72606281255212,3.08664483466064));
#7757=CARTESIAN_POINT('Ctrl Pts',(-6.06405460207352,-4.39395937544344,3.39373307187688));
#7758=CARTESIAN_POINT('Ctrl Pts',(-5.65993746486864,-4.06725806353054,3.62289410293937));
#7759=CARTESIAN_POINT('Ctrl Pts',(-5.32422342527417,-3.78753303795857,3.76876858166718));
#7760=CARTESIAN_POINT('Ctrl Pts',(-5.12430913961636,-3.61086645307317,3.8351571284335));
#7761=CARTESIAN_POINT('Ctrl Pts',(-5.03396469549002,-3.52024022888282,3.85000975899137));
#7762=CARTESIAN_POINT('Ctrl Pts',(-5.00026674938811,-3.48244716847073,3.85000000000001));
#7763=CARTESIAN_POINT('Ctrl Pts',(-7.38048813398017,-6.74010077632347,9.02631619843073E-16));
#7764=CARTESIAN_POINT('Ctrl Pts',(-7.34011219117171,-6.68958807083627,0.341007895421889));
#7765=CARTESIAN_POINT('Ctrl Pts',(-7.24519068180164,-6.56690767386518,0.981888303624217));
#7766=CARTESIAN_POINT('Ctrl Pts',(-7.03389500080327,-6.309420268876,1.82021965451884));
#7767=CARTESIAN_POINT('Ctrl Pts',(-6.77040899334838,-6.02084321789125,2.41308703167715));
#7768=CARTESIAN_POINT('Ctrl Pts',(-6.49990158425817,-5.74547785026212,2.81856177633537));
#7769=CARTESIAN_POINT('Ctrl Pts',(-6.27096957229046,-5.52054705223561,3.08651892801591));
#7770=CARTESIAN_POINT('Ctrl Pts',(-5.94106345141519,-5.2047518736155,3.39362505923979));
#7771=CARTESIAN_POINT('Ctrl Pts',(-5.59945579496515,-4.88505860118854,3.62281404793683));
#7772=CARTESIAN_POINT('Ctrl Pts',(-5.30683946530572,-4.60857019479689,3.76872026917499));
#7773=CARTESIAN_POINT('Ctrl Pts',(-5.12558814856437,-4.43350484252807,3.83513318091589));
#7774=CARTESIAN_POINT('Ctrl Pts',(-5.0365342417233,-4.34351369228847,3.85000183943073));
#7775=CARTESIAN_POINT('Ctrl Pts',(-5.00041500570445,-4.30572853189076,3.85000000000001));
#7776=CARTESIAN_POINT('Ctrl Pts',(-7.33797743506589,-6.80723275917766,9.04336308491559E-16));
#7777=CARTESIAN_POINT('Ctrl Pts',(-7.29653040209217,-6.75738998620308,0.341004701421873));
#7778=CARTESIAN_POINT('Ctrl Pts',(-7.20103090054157,-6.63784041888133,0.981879610122618));
#7779=CARTESIAN_POINT('Ctrl Pts',(-6.9929641791629,-6.38796570656394,1.82020557023071));
#7780=CARTESIAN_POINT('Ctrl Pts',(-6.73557720437634,-6.10589412633989,2.41307100205034));
#7781=CARTESIAN_POINT('Ctrl Pts',(-6.47158762789531,-5.8347482896027,2.81854581981673));
#7782=CARTESIAN_POINT('Ctrl Pts',(-6.24817869318482,-5.61235464735588,3.08650383408436));
#7783=CARTESIAN_POINT('Ctrl Pts',(-5.92602808345706,-5.29905713038961,3.39361210906913));
#7784=CARTESIAN_POINT('Ctrl Pts',(-5.59197964338797,-4.980701001201,3.62280444645119));
#7785=CARTESIAN_POINT('Ctrl Pts',(-5.30455866171343,-4.70500412535714,3.76871447234759));
#7786=CARTESIAN_POINT('Ctrl Pts',(-5.12559632865757,-4.53036994570246,3.83513030631938));
#7787=CARTESIAN_POINT('Ctrl Pts',(-5.03675515250657,-4.4405633584815,3.85000088857948));
#7788=CARTESIAN_POINT('Ctrl Pts',(-5.00037115205267,-4.40281926864803,3.85000000000001));
#7789=CARTESIAN_POINT('Ctrl Pts',(-7.2331518972451,-6.95510576346878,9.10474990552887E-16));
#7790=CARTESIAN_POINT('Ctrl Pts',(-7.18928708212425,-6.90699293247715,0.340997084198206));
#7791=CARTESIAN_POINT('Ctrl Pts',(-7.09250746937354,-6.79539305136293,0.98185888728206));
#7792=CARTESIAN_POINT('Ctrl Pts',(-6.89282191290614,-6.56483988008317,1.82017201886495));
#7793=CARTESIAN_POINT('Ctrl Pts',(-6.65040639383698,-6.29953225331534,2.41303283105909));
#7794=CARTESIAN_POINT('Ctrl Pts',(-6.40255158626538,-6.03951567728468,2.81850782841623));
#7795=CARTESIAN_POINT('Ctrl Pts',(-6.19268349734893,-5.82399366240121,3.08646789716927));
#7796=CARTESIAN_POINT('Ctrl Pts',(-5.88957984169561,-5.51773221195255,3.39358127249168));
#7797=CARTESIAN_POINT('Ctrl Pts',(-5.57367868383574,-5.20359398282152,3.62278157497495));
#7798=CARTESIAN_POINT('Ctrl Pts',(-5.29904074091194,-4.93060254579042,3.76870065748954));
#7799=CARTESIAN_POINT('Ctrl Pts',(-5.12574529422795,-4.75748763885112,3.83512345241506));
#7800=CARTESIAN_POINT('Ctrl Pts',(-5.0374843881142,-4.66834954632393,3.84999862091499));
#7801=CARTESIAN_POINT('Ctrl Pts',(-5.00053722264715,-4.6307862829268,3.85000000000001));
#7802=CARTESIAN_POINT('Ctrl Pts',(-7.10504064170746,-7.10978060688183,9.21871879145708E-16));
#7803=CARTESIAN_POINT('Ctrl Pts',(-7.0585503226647,-7.06389698113965,0.340988156399691));
#7804=CARTESIAN_POINT('Ctrl Pts',(-6.95643966996609,-6.9622132906575,0.981834614070685));
#7805=CARTESIAN_POINT('Ctrl Pts',(-6.75107259648147,-6.75589528240844,1.8201327521775));
#7806=CARTESIAN_POINT('Ctrl Pts',(-6.50861139187466,-6.51186507233105,2.412988179989));
#7807=CARTESIAN_POINT('Ctrl Pts',(-6.26441980012605,-6.26637572948231,2.81846339582238));
#7808=CARTESIAN_POINT('Ctrl Pts',(-6.0590049870628,-6.0600321509533,3.08642586849003));
#7809=CARTESIAN_POINT('Ctrl Pts',(-5.76355648915874,-5.7635295416403,3.393545203056));
#7810=CARTESIAN_POINT('Ctrl Pts',(-5.45640392071669,-5.4556605325705,3.62275480901811));
#7811=CARTESIAN_POINT('Ctrl Pts',(-5.18785060643691,-5.18699314570973,3.76868448055994));
#7812=CARTESIAN_POINT('Ctrl Pts',(-5.01697041825348,-5.0163426351746,3.83511542169005));
#7813=CARTESIAN_POINT('Ctrl Pts',(-4.92852783899355,-4.92829831629547,3.84999596305424));
#7814=CARTESIAN_POINT('Ctrl Pts',(-4.89102467696352,-4.89107334258782,3.85000000000001));
#7815=CARTESIAN_POINT('Ctrl Pts',(-6.95315459812505,-7.23982308561012,9.36105842089656E-16));
#7816=CARTESIAN_POINT('Ctrl Pts',(-6.90443446212418,-7.19655975408307,0.340978937143716));
#7817=CARTESIAN_POINT('Ctrl Pts',(-6.79223831365724,-7.10019137138732,0.981809583368137));
#7818=CARTESIAN_POINT('Ctrl Pts',(-6.56221466790594,-6.89922430669302,1.82009233640083));
#7819=CARTESIAN_POINT('Ctrl Pts',(-6.29796672901849,-6.65493410641059,2.41294227371634));
#7820=CARTESIAN_POINT('Ctrl Pts',(-6.03887810963031,-6.40544165102095,2.81841773367128));
#7821=CARTESIAN_POINT('Ctrl Pts',(-5.82399950448457,-6.19441305541522,3.08638267935306));
#7822=CARTESIAN_POINT('Ctrl Pts',(-5.51845217421082,-5.88993841910355,3.39350812457074));
#7823=CARTESIAN_POINT('Ctrl Pts',(-5.20466598843036,-5.57317265903157,3.62272726349671));
#7824=CARTESIAN_POINT('Ctrl Pts',(-4.93158852020216,-5.29824843661301,3.76866780993431));
#7825=CARTESIAN_POINT('Ctrl Pts',(-4.7581393656311,-5.12511874094416,3.83510713444207));
#7826=CARTESIAN_POINT('Ctrl Pts',(-4.66856959905059,-5.03726391123579,3.84999321835776));
#7827=CARTESIAN_POINT('Ctrl Pts',(-4.630732829869,-5.00059727789268,3.85000000000001));
#7828=CARTESIAN_POINT('Ctrl Pts',(-6.68767722498007,-7.4303914636877,9.60569420733736E-16));
#7829=CARTESIAN_POINT('Ctrl Pts',(-6.6358188913553,-7.39150531227759,0.340964187022169));
#7830=CARTESIAN_POINT('Ctrl Pts',(-6.50909556585234,-7.29727805483995,0.981769567320216));
#7831=CARTESIAN_POINT('Ctrl Pts',(-6.24350796684781,-7.08107164705451,1.82002779282648));
#7832=CARTESIAN_POINT('Ctrl Pts',(-5.9483072868434,-6.80947267609453,2.4128690080001));
#7833=CARTESIAN_POINT('Ctrl Pts',(-5.66854490885598,-6.5307652142997,2.8183448750781));
#7834=CARTESIAN_POINT('Ctrl Pts',(-5.4408546701402,-6.29518017088993,3.08631376902698));
#7835=CARTESIAN_POINT('Ctrl Pts',(-5.12210303248189,-5.95622472668417,3.39344895230521));
#7836=CARTESIAN_POINT('Ctrl Pts',(-4.80035353917512,-5.60637266487312,3.62268327695023));
#7837=CARTESIAN_POINT('Ctrl Pts',(-4.52213212118151,-5.30829775535038,3.76864116896237));
#7838=CARTESIAN_POINT('Ctrl Pts',(-4.34582864967861,-5.12487475743222,3.83509388053532));
#7839=CARTESIAN_POINT('Ctrl Pts',(-4.25504202235715,-5.03592567284455,3.849988826998));
#7840=CARTESIAN_POINT('Ctrl Pts',(-4.21688603879027,-5.00028309704764,3.85000000000001));
#7841=CARTESIAN_POINT('Ctrl Pts',(-6.46868535111799,-7.53848380709178,9.59821122218114E-16));
#7842=CARTESIAN_POINT('Ctrl Pts',(-6.41525342786813,-7.50293729477902,0.340953843290682));
#7843=CARTESIAN_POINT('Ctrl Pts',(-6.2807836863326,-7.41132276711664,0.981741551084188));
#7844=CARTESIAN_POINT('Ctrl Pts',(-5.99645530075714,-7.18785817563416,1.81998270403966));
#7845=CARTESIAN_POINT('Ctrl Pts',(-5.68580454152818,-6.90083055289078,2.41281789360097));
#7846=CARTESIAN_POINT('Ctrl Pts',(-5.39668884549096,-6.60504862912959,2.81829407034867));
#7847=CARTESIAN_POINT('Ctrl Pts',(-5.16380096566917,-6.35485290540866,3.0862657208488));
#7848=CARTESIAN_POINT('Ctrl Pts',(-4.84061162167415,-5.99521749176992,3.39340767680693));
#7849=CARTESIAN_POINT('Ctrl Pts',(-4.51751394170618,-5.62524687612904,3.6226525537948));
#7850=CARTESIAN_POINT('Ctrl Pts',(-4.23905130825412,-5.3134741430075,3.76862253156953));
#7851=CARTESIAN_POINT('Ctrl Pts',(-4.06271973919827,-5.12425205266164,3.83508459345336));
#7852=CARTESIAN_POINT('Ctrl Pts',(-3.97195716916664,-5.03509266181467,3.84998574742148));
#7853=CARTESIAN_POINT('Ctrl Pts',(-3.93389068633112,-5.00035920635842,3.85000000000001));
#7854=CARTESIAN_POINT('Ctrl Pts',(-5.37653521568125,-7.93255756818242,1.03330751972971E-15));
#7855=CARTESIAN_POINT('Ctrl Pts',(-5.32009492543668,-7.91058585756667,0.340912803315863));
#7856=CARTESIAN_POINT('Ctrl Pts',(-5.16868912899951,-7.83061534501075,0.981630629074767));
#7857=CARTESIAN_POINT('Ctrl Pts',(-4.84571975453568,-7.58131616294261,1.81980470515044));
#7858=CARTESIAN_POINT('Ctrl Pts',(-4.51038440298654,-7.23720766020923,2.41261645755282));
#7859=CARTESIAN_POINT('Ctrl Pts',(-4.21420238543178,-6.87766353206364,2.8180939880153));
#7860=CARTESIAN_POINT('Ctrl Pts',(-3.98289724422925,-6.57292692547892,3.08607651231592));
#7861=CARTESIAN_POINT('Ctrl Pts',(-3.67033007599007,-6.13607122740775,3.39324504881701));
#7862=CARTESIAN_POINT('Ctrl Pts',(-3.36692743074906,-5.69156514025795,3.62253129271547));
#7863=CARTESIAN_POINT('Ctrl Pts',(-3.1069642063243,-5.32954338313796,3.76854881844338));
#7864=CARTESIAN_POINT('Ctrl Pts',(-2.94176953873095,-5.11977781856559,3.83504778443866));
#7865=CARTESIAN_POINT('Ctrl Pts',(-2.855936946435,-5.03091980225082,3.84997352856355));
#7866=CARTESIAN_POINT('Ctrl Pts',(-2.81984206332155,-5.0001777030216,3.85));
#7867=CARTESIAN_POINT('Ctrl Pts',(-4.02717244778757,-8.06578989721947,1.16305973866323E-15));
#7868=CARTESIAN_POINT('Ctrl Pts',(-3.97546832980404,-8.05488168341159,0.340881487326276));
#7869=CARTESIAN_POINT('Ctrl Pts',(-3.84228425208917,-7.98985026729031,0.981546501202849));
#7870=CARTESIAN_POINT('Ctrl Pts',(-3.57204682663151,-7.74126359017438,1.81967082918282));
#7871=CARTESIAN_POINT('Ctrl Pts',(-3.30255600836061,-7.37794333442866,2.41246571957983));
#7872=CARTESIAN_POINT('Ctrl Pts',(-3.07074110056395,-6.99209393809491,2.81794455484971));
#7873=CARTESIAN_POINT('Ctrl Pts',(-2.89222489861077,-6.66332972431609,3.08593523927336));
#7874=CARTESIAN_POINT('Ctrl Pts',(-2.65339964615629,-6.19120230043202,3.39312342611402));
#7875=CARTESIAN_POINT('Ctrl Pts',(-2.4230347699338,-5.7119594137115,3.62244014702396));
#7876=CARTESIAN_POINT('Ctrl Pts',(-2.22210361830677,-5.32854668761515,3.76849307715571));
#7877=CARTESIAN_POINT('Ctrl Pts',(-2.09112315466129,-5.11229241953301,3.83501978078313));
#7878=CARTESIAN_POINT('Ctrl Pts',(-2.01984454294929,-5.02693009996875,3.8499642042366));
#7879=CARTESIAN_POINT('Ctrl Pts',(-1.98876775634372,-5.00006900037493,3.85));
#7880=CARTESIAN_POINT('Ctrl Pts',(-1.62954426980457,-8.14090984631961,1.27585582781518E-15));
#7881=CARTESIAN_POINT('Ctrl Pts',(-1.60381400078881,-8.1387474714999,0.340841152185591));
#7882=CARTESIAN_POINT('Ctrl Pts',(-1.54134341592458,-8.0865351377329,0.981439596096903));
#7883=CARTESIAN_POINT('Ctrl Pts',(-1.42277491619895,-7.84226781113475,1.81950391702485));
#7884=CARTESIAN_POINT('Ctrl Pts',(-1.30986001624811,-7.46835026743661,2.41227998575557));
#7885=CARTESIAN_POINT('Ctrl Pts',(-1.21529046616306,-7.06585543747072,2.8177612726293));
#7886=CARTESIAN_POINT('Ctrl Pts',(-1.14343407582503,-6.72135725561666,3.08576207895741));
#7887=CARTESIAN_POINT('Ctrl Pts',(-1.04809357025739,-6.22568524752008,3.39297378465012));
#7888=CARTESIAN_POINT('Ctrl Pts',(-0.956254236839563,-5.72304908216935,
3.62232667607723));
#7889=CARTESIAN_POINT('Ctrl Pts',(-0.873763764895355,-5.32570690094821,
3.76842271984544));
#7890=CARTESIAN_POINT('Ctrl Pts',(-0.817995571574252,-5.10587541095342,
3.8349839515015));
#7891=CARTESIAN_POINT('Ctrl Pts',(-0.785766393422082,-5.02375806739166,
3.84995219349788));
#7892=CARTESIAN_POINT('Ctrl Pts',(-0.771083667570411,-5.00004194862663,
3.85));
#7893=CARTESIAN_POINT('Ctrl Pts',(-0.814876051373503,-8.15408616811477,
1.3175360858364E-15));
#7894=CARTESIAN_POINT('Ctrl Pts',(-0.800205381966315,-8.15359798525098,
0.340829164612296));
#7895=CARTESIAN_POINT('Ctrl Pts',(-0.766332348848235,-8.10381376443904,
0.98140806801764));
#7896=CARTESIAN_POINT('Ctrl Pts',(-0.705613075672973,-7.86035331233172,
1.8194552387321));
#7897=CARTESIAN_POINT('Ctrl Pts',(-0.649825016750718,-7.48447137258915,
2.41222620052631));
#7898=CARTESIAN_POINT('Ctrl Pts',(-0.603926715078855,-7.07892551173807,
2.81770834559894));
#7899=CARTESIAN_POINT('Ctrl Pts',(-0.56932989192186,-6.73155416339639,3.08571209487512));
#7900=CARTESIAN_POINT('Ctrl Pts',(-0.523585316231227,-6.23160355392536,
3.39293048935755));
#7901=CARTESIAN_POINT('Ctrl Pts',(-0.47933838442812,-5.72474461998257,3.62229361229993));
#7902=CARTESIAN_POINT('Ctrl Pts',(-0.438435293679868,-5.32495821147433,
3.76840205134716));
#7903=CARTESIAN_POINT('Ctrl Pts',(-0.409890444580207,-5.10457200421932,
3.83497334332886));
#7904=CARTESIAN_POINT('Ctrl Pts',(-0.3925894807565,-5.02313157956087,3.84994862375371));
#7905=CARTESIAN_POINT('Ctrl Pts',(-0.384448129566486,-5.00003858174608,
3.85));
#7906=CARTESIAN_POINT('Ctrl Pts',(1.08469730632193,-8.15585930156332,1.43254427044333E-15));
#7907=CARTESIAN_POINT('Ctrl Pts',(1.06561912804573,-8.15528668375575,0.340804185136702));
#7908=CARTESIAN_POINT('Ctrl Pts',(1.02137608128405,-8.1053331096334,0.981343152706234));
#7909=CARTESIAN_POINT('Ctrl Pts',(0.941656642581551,-7.86161965856013,1.81935677828436));
#7910=CARTESIAN_POINT('Ctrl Pts',(0.868176991307334,-7.48552656341343,2.41211865903884));
#7911=CARTESIAN_POINT('Ctrl Pts',(0.807614173489138,-7.07981238430528,2.81760300785965));
#7912=CARTESIAN_POINT('Ctrl Pts',(0.761913873992988,-6.73231466460128,3.08561268039586));
#7913=CARTESIAN_POINT('Ctrl Pts',(0.701425534079961,-6.23219573479702,3.39284404803539));
#7914=CARTESIAN_POINT('Ctrl Pts',(0.642828159146073,-5.72516757424524,3.62222682966828));
#7915=CARTESIAN_POINT('Ctrl Pts',(0.588571460765271,-5.32521256128112,3.76835975757507));
#7916=CARTESIAN_POINT('Ctrl Pts',(0.550660770370086,-5.10469970773772,3.83495136744487));
#7917=CARTESIAN_POINT('Ctrl Pts',(0.527649630777312,-5.02317470484132,3.84994118473002));
#7918=CARTESIAN_POINT('Ctrl Pts',(0.516811921626319,-5.00003948955464,3.85));
#7919=CARTESIAN_POINT('Ctrl Pts',(2.16980949845678,-8.13486979183405,1.52997659185515E-15));
#7920=CARTESIAN_POINT('Ctrl Pts',(2.13750566998012,-8.13123874390485,0.34078767391157));
#7921=CARTESIAN_POINT('Ctrl Pts',(2.05731058918097,-8.07678038181653,0.981299580405186));
#7922=CARTESIAN_POINT('Ctrl Pts',(1.90150470466297,-7.83129577927063,1.8192891742776));
#7923=CARTESIAN_POINT('Ctrl Pts',(1.75110073441365,-7.45838076307324,2.41204373053801));
#7924=CARTESIAN_POINT('Ctrl Pts',(1.62431463743369,-7.05782829505639,2.81752918501279));
#7925=CARTESIAN_POINT('Ctrl Pts',(1.52769705894424,-6.7152387624796,3.0855429508386));
#7926=CARTESIAN_POINT('Ctrl Pts',(1.39932191160257,-6.22246068177697,3.39278371160868));
#7927=CARTESIAN_POINT('Ctrl Pts',(1.27576751999165,-5.72268217348324,3.62218089426788));
#7928=CARTESIAN_POINT('Ctrl Pts',(1.16576886273947,-5.32684041260355,3.76833114356598));
#7929=CARTESIAN_POINT('Ctrl Pts',(1.09216534824782,-5.10715611371078,3.83493673039238));
#7930=CARTESIAN_POINT('Ctrl Pts',(1.05032077962012,-5.02433588344005,3.8499362672067));
#7931=CARTESIAN_POINT('Ctrl Pts',(1.03148187510468,-5.00005081426241,3.85));
#7932=CARTESIAN_POINT('Ctrl Pts',(4.51857348757842,-8.01963146151203,1.6688535599578E-15));
#7933=CARTESIAN_POINT('Ctrl Pts',(4.46521542278558,-8.00465364221506,0.340744384364408));
#7934=CARTESIAN_POINT('Ctrl Pts',(4.32537485301081,-7.93417225587307,0.981184346232114));
#7935=CARTESIAN_POINT('Ctrl Pts',(4.035617428481,-7.68538157855783,1.81910814662098));
#7936=CARTESIAN_POINT('Ctrl Pts',(3.74188663738148,-7.32895954362469,2.41184151729885));
#7937=CARTESIAN_POINT('Ctrl Pts',(3.48653576388008,-6.95246402333563,2.81732934427574));
#7938=CARTESIAN_POINT('Ctrl Pts',(3.28879095684083,-6.63219918499988,3.08535410885802));
#7939=CARTESIAN_POINT('Ctrl Pts',(3.02318466466746,-6.17249550104864,3.39262072297752));
#7940=CARTESIAN_POINT('Ctrl Pts',(2.76635734667591,-5.70538771089369,3.62205777160755));
#7941=CARTESIAN_POINT('Ctrl Pts',(2.5439380882067,-5.32932825109537,3.76825513543047));
#7942=CARTESIAN_POINT('Ctrl Pts',(2.40039941410134,-5.11517159688333,3.83489818762244));
#7943=CARTESIAN_POINT('Ctrl Pts',(2.32366811328249,-5.02841236235574,3.84992337362025));
#7944=CARTESIAN_POINT('Ctrl Pts',(2.29066622185863,-5.00009048091894,3.85));
#7945=CARTESIAN_POINT('Ctrl Pts',(5.62404465606337,-7.86871958003777,1.67699835991647E-15));
#7946=CARTESIAN_POINT('Ctrl Pts',(5.56790587439855,-7.84372779863926,0.340716313859006));
#7947=CARTESIAN_POINT('Ctrl Pts',(5.41789060757153,-7.76069661549732,0.9811088299096));
#7948=CARTESIAN_POINT('Ctrl Pts',(5.09677180316669,-7.51500789892965,1.81898774335869));
#7949=CARTESIAN_POINT('Ctrl Pts',(4.76027623172616,-7.1805446642548,2.41170579458665));
#7950=CARTESIAN_POINT('Ctrl Pts',(4.46059249070499,-6.83203733918234,2.81719473989276));
#7951=CARTESIAN_POINT('Ctrl Pts',(4.22540872173963,-6.53680095751449,3.08522684946375));
#7952=CARTESIAN_POINT('Ctrl Pts',(3.90628890585378,-6.11340506738421,3.39251120651505));
#7953=CARTESIAN_POINT('Ctrl Pts',(3.59516441345169,-5.68180500565805,3.62197578896347));
#7954=CARTESIAN_POINT('Ctrl Pts',(3.32858054602362,-5.32812178713195,3.76820506108001));
#7955=CARTESIAN_POINT('Ctrl Pts',(3.15945731211029,-5.12140262569802,3.83487306182785));
#7956=CARTESIAN_POINT('Ctrl Pts',(3.07188876941677,-5.03195839714937,3.84991501239489));
#7957=CARTESIAN_POINT('Ctrl Pts',(3.03514223958157,-5.00020312050621,3.84999999999999));
#7958=CARTESIAN_POINT('Ctrl Pts',(6.53280955970225,-7.50400371378714,1.76157952073632E-15));
#7959=CARTESIAN_POINT('Ctrl Pts',(6.48006986189251,-7.46712535670479,0.340680177290669));
#7960=CARTESIAN_POINT('Ctrl Pts',(6.34825865729409,-7.37444104923798,0.981011104923278));
#7961=CARTESIAN_POINT('Ctrl Pts',(6.06977039213754,-7.15356841898192,1.81883080781555));
#7962=CARTESIAN_POINT('Ctrl Pts',(5.76385034997839,-6.87188835805491,2.41152812360167));
#7963=CARTESIAN_POINT('Ctrl Pts',(5.47767672457078,-6.58187900748092,2.81701823915686));
#7964=CARTESIAN_POINT('Ctrl Pts',(5.24650284830484,-6.33653876325937,3.08505994058971));
#7965=CARTESIAN_POINT('Ctrl Pts',(4.92493392671791,-5.98367514778049,3.39236776589135));
#7966=CARTESIAN_POINT('Ctrl Pts',(4.60262980875322,-5.62010894425863,3.62186887250358));
#7967=CARTESIAN_POINT('Ctrl Pts',(4.32458327813981,-5.31251928828835,3.76814009187734));
#7968=CARTESIAN_POINT('Ctrl Pts',(4.14845289759309,-5.12489440773233,3.83484063003902));
#7969=CARTESIAN_POINT('Ctrl Pts',(4.05775070271889,-5.03554552298335,3.84990424794997));
#7970=CARTESIAN_POINT('Ctrl Pts',(4.01967515261257,-5.00036995823655,3.84999999999999));
#7971=CARTESIAN_POINT('Ctrl Pts',(6.71505643906336,-7.40990445452974,1.77924353327347E-15));
#7972=CARTESIAN_POINT('Ctrl Pts',(6.66370238125039,-7.37023395782738,0.340671441979299));
#7973=CARTESIAN_POINT('Ctrl Pts',(6.53865675030338,-7.27547897973099,0.980987440674941));
#7974=CARTESIAN_POINT('Ctrl Pts',(6.27656580965149,-7.06108556637489,1.81879271538255));
#7975=CARTESIAN_POINT('Ctrl Pts',(5.98426594953468,-6.79283931273161,2.41148493684001));
#7976=CARTESIAN_POINT('Ctrl Pts',(5.70646866012052,-6.51760058867982,2.81697531350663));
#7977=CARTESIAN_POINT('Ctrl Pts',(5.48003906993937,-6.28487660460152,3.08501934459914));
#7978=CARTESIAN_POINT('Ctrl Pts',(5.16267810925899,-5.94984564750331,3.39233289355324));
#7979=CARTESIAN_POINT('Ctrl Pts',(4.84192671622764,-5.60363420428062,3.62184291632678));
#7980=CARTESIAN_POINT('Ctrl Pts',(4.56442689495429,-5.30788928052262,3.76812434594867));
#7981=CARTESIAN_POINT('Ctrl Pts',(4.38852671111052,-5.12532284363476,3.83483278332843));
#7982=CARTESIAN_POINT('Ctrl Pts',(4.29790026181145,-5.03622102243389,3.84990164580499));
#7983=CARTESIAN_POINT('Ctrl Pts',(4.25978561523127,-5.00029945743953,3.84999999999999));
#7984=CARTESIAN_POINT('Ctrl Pts',(6.95444818348883,-7.24052974320132,1.79362924366321E-15));
#7985=CARTESIAN_POINT('Ctrl Pts',(6.90587150390953,-7.19693443885891,0.340658231467392));
#7986=CARTESIAN_POINT('Ctrl Pts',(6.79374441769683,-7.10017914189292,0.980951603288287));
#7987=CARTESIAN_POINT('Ctrl Pts',(6.56326535965987,-6.89923249067737,1.81873491899744));
#7988=CARTESIAN_POINT('Ctrl Pts',(6.29845763384866,-6.65521281476232,2.41141933729166));
#7989=CARTESIAN_POINT('Ctrl Pts',(6.03898676662692,-6.40597091107224,2.81691008253288));
#7990=CARTESIAN_POINT('Ctrl Pts',(5.82390125462532,-6.19511172873817,3.08495765008008));
#7991=CARTESIAN_POINT('Ctrl Pts',(5.51820963406718,-5.89080852909699,3.39227991612812));
#7992=CARTESIAN_POINT('Ctrl Pts',(5.20448596469453,-5.57406845839495,3.62180352813713));
#7993=CARTESIAN_POINT('Ctrl Pts',(4.93151429247421,-5.29896213957035,3.76810048374972));
#7994=CARTESIAN_POINT('Ctrl Pts',(4.75813165370787,-5.12556186477721,3.83482090820594));
#7995=CARTESIAN_POINT('Ctrl Pts',(4.6685832738344,-5.03742025146322,3.84989771047126));
#7996=CARTESIAN_POINT('Ctrl Pts',(4.63075065282482,-5.00058037069854,3.84999999999999));
#7997=CARTESIAN_POINT('Ctrl Pts',(7.1071362330895,-7.11178677885996,1.8011158640848E-15));
#7998=CARTESIAN_POINT('Ctrl Pts',(7.06076421427222,-7.06557178630583,0.340649019888165));
#7999=CARTESIAN_POINT('Ctrl Pts',(6.95863029451264,-6.96346043668213,0.980926594654532));
#8000=CARTESIAN_POINT('Ctrl Pts',(6.75265836238241,-6.75696207323058,1.81869454386652));
#8001=CARTESIAN_POINT('Ctrl Pts',(6.50948043581385,-6.51298744169336,2.4113734821856));
#8002=CARTESIAN_POINT('Ctrl Pts',(6.26481271483624,-6.26755188254367,2.81686447409023));
#8003=CARTESIAN_POINT('Ctrl Pts',(6.05912326536432,-6.06123414785403,3.08491451279902));
#8004=CARTESIAN_POINT('Ctrl Pts',(5.76346263543501,-5.76471566784009,3.39224288123921));
#8005=CARTESIAN_POINT('Ctrl Pts',(5.4562937225984,-5.45673080865128,3.62177601026787));
#8006=CARTESIAN_POINT('Ctrl Pts',(5.18781468963054,-5.18776929572154,3.76808382540115));
#8007=CARTESIAN_POINT('Ctrl Pts',(5.01697875307589,-5.01679672704173,3.83481262446044));
#8008=CARTESIAN_POINT('Ctrl Pts',(4.92854260802184,-4.9284571392995,3.84989496636462));
#8009=CARTESIAN_POINT('Ctrl Pts',(4.89104073750118,-4.89105941782116,3.84999999999999));
#8010=CARTESIAN_POINT('Ctrl Pts',(7.23516614033255,-6.95787984337114,1.8039356083755E-15));
#8011=CARTESIAN_POINT('Ctrl Pts',(7.1913944789733,-6.9094390935372,0.340640099298333));
#8012=CARTESIAN_POINT('Ctrl Pts',(7.09459143912875,-6.7973724404349,0.98090234216713));
#8013=CARTESIAN_POINT('Ctrl Pts',(6.89426612412383,-6.56652304773037,1.81865531547359));
#8014=CARTESIAN_POINT('Ctrl Pts',(6.65114992375585,-6.30113142333061,2.41132887945922));
#8015=CARTESIAN_POINT('Ctrl Pts',(6.40280708055282,-6.04106280824378,2.81682009229105));
#8016=CARTESIAN_POINT('Ctrl Pts',(6.1926721655277,-5.82548557453178,3.08487253314658));
#8017=CARTESIAN_POINT('Ctrl Pts',(5.88936466368368,-5.51910965525301,3.39220685288418));
#8018=CARTESIAN_POINT('Ctrl Pts',(5.57352392116036,-5.20475557626241,3.62174927002232));
#8019=CARTESIAN_POINT('Ctrl Pts',(5.29898340854569,-4.93141192284693,3.76806765952707));
#8020=CARTESIAN_POINT('Ctrl Pts',(5.12575008757984,-4.75794604717383,3.83480459660488));
#8021=CARTESIAN_POINT('Ctrl Pts',(5.03750599288865,-4.66850523853292,3.84989230887801));
#8022=CARTESIAN_POINT('Ctrl Pts',(5.00055724948032,-4.63077120861468,3.84999999999999));
#8023=CARTESIAN_POINT('Ctrl Pts',(7.37028916391123,-6.76600578342929,1.80567981240488E-15));
#8024=CARTESIAN_POINT('Ctrl Pts',(7.32962555158947,-6.71532635233219,0.340630225806107));
#8025=CARTESIAN_POINT('Ctrl Pts',(7.23442083313631,-6.59296117735609,0.980875482305997));
#8026=CARTESIAN_POINT('Ctrl Pts',(7.02332779806519,-6.33704640862392,1.81861183318022));
#8027=CARTESIAN_POINT('Ctrl Pts',(6.76089642513024,-6.04991084141332,2.41127941544875));
#8028=CARTESIAN_POINT('Ctrl Pts',(6.49179376344433,-5.775399823356,2.81677086394748));
#8029=CARTESIAN_POINT('Ctrl Pts',(6.26421628475663,-5.55090761195114,3.08482596800735));
#8030=CARTESIAN_POINT('Ctrl Pts',(5.93638982120891,-5.23540213850007,3.39216689531957));
#8031=CARTESIAN_POINT('Ctrl Pts',(5.59710149440288,-4.91558985539103,3.62171962811437));
#8032=CARTESIAN_POINT('Ctrl Pts',(5.30610212197255,-4.6387424112268,3.76804975012258));
#8033=CARTESIAN_POINT('Ctrl Pts',(5.12556331258509,-4.46331350033401,3.83479570833447));
#8034=CARTESIAN_POINT('Ctrl Pts',(5.03655845195619,-4.37301334091859,3.84988936747821));
#8035=CARTESIAN_POINT('Ctrl Pts',(5.00033695914016,-4.33504778508431,3.84999999999999));
#8036=CARTESIAN_POINT('Ctrl Pts',(7.43893060135704,-6.64641441211611,1.8046627359974E-15));
#8037=CARTESIAN_POINT('Ctrl Pts',(7.40011907346653,-6.59468068999458,0.340624865504342));
#8038=CARTESIAN_POINT('Ctrl Pts',(7.30608811697981,-6.46732226650011,0.980860888162325));
#8039=CARTESIAN_POINT('Ctrl Pts',(7.08997605705706,-6.19931231277893,1.81858818122197));
#8040=CARTESIAN_POINT('Ctrl Pts',(6.81771434725377,-5.90198565214002,2.41125249217243));
#8041=CARTESIAN_POINT('Ctrl Pts',(6.53797487296314,-5.62102789370333,2.81674406226649));
#8042=CARTESIAN_POINT('Ctrl Pts',(6.30135744332713,-5.39276317851198,3.08480061537005));
#8043=CARTESIAN_POINT('Ctrl Pts',(5.96080231855098,-5.07370774831301,3.39214514465095));
#8044=CARTESIAN_POINT('Ctrl Pts',(5.60913097709376,-4.75224169865256,3.62170350315079));
#8045=CARTESIAN_POINT('Ctrl Pts',(5.30964367794159,-4.47454216713242,3.76804001518543));
#8046=CARTESIAN_POINT('Ctrl Pts',(5.12541748972723,-4.29866849009314,3.83479088084818));
#8047=CARTESIAN_POINT('Ctrl Pts',(5.03614198024191,-4.20818129875818,3.84988777056945));
#8048=CARTESIAN_POINT('Ctrl Pts',(5.00039773151479,-4.17019085993453,3.84999999999999));
#8049=CARTESIAN_POINT('Ctrl Pts',(7.80083495503118,-5.90148668367072,1.81073993078836E-15));
#8050=CARTESIAN_POINT('Ctrl Pts',(7.7725988357675,-5.84528236813205,0.340596394216485));
#8051=CARTESIAN_POINT('Ctrl Pts',(7.68616124205487,-5.69573899234038,0.980783317737677));
#8052=CARTESIAN_POINT('Ctrl Pts',(7.44389828978765,-5.37461075374468,1.81846235028953));
#8053=CARTESIAN_POINT('Ctrl Pts',(7.11938745806483,-5.03492445523475,2.41110917896592));
#8054=CARTESIAN_POINT('Ctrl Pts',(6.78252618459307,-4.72980876297123,2.81660136650967));
#8055=CARTESIAN_POINT('Ctrl Pts',(6.49742276879525,-4.48916968559775,3.08466563046802));
#8056=CARTESIAN_POINT('Ctrl Pts',(6.08851714405963,-4.16129128852079,3.39202935741646));
#8057=CARTESIAN_POINT('Ctrl Pts',(5.67097729099025,-3.84026638694557,3.62161771017688));
#8058=CARTESIAN_POINT('Ctrl Pts',(5.32645556569898,-3.5654035554942,3.76798825440567));
#8059=CARTESIAN_POINT('Ctrl Pts',(5.12312122787423,-3.39149046517573,3.83476523030423));
#8060=CARTESIAN_POINT('Ctrl Pts',(5.03307736235163,-3.30192687213039,3.84987928841059));
#8061=CARTESIAN_POINT('Ctrl Pts',(5.00023728446851,-3.26448503813789,3.84999999999999));
#8062=CARTESIAN_POINT('Ctrl Pts',(7.97923132493597,-4.89241401040412,1.75871996109712E-15));
#8063=CARTESIAN_POINT('Ctrl Pts',(7.96111568451294,-4.83741187821302,0.340576703185634));
#8064=CARTESIAN_POINT('Ctrl Pts',(7.88654011022628,-4.69216134932273,0.980729465783356));
#8065=CARTESIAN_POINT('Ctrl Pts',(7.63794102178596,-4.38796703009748,1.81837455107704));
#8066=CARTESIAN_POINT('Ctrl Pts',(7.28731993829085,-4.07657549491787,2.41100888333545));
#8067=CARTESIAN_POINT('Ctrl Pts',(6.91858229308623,-3.80400569982992,2.81650138990386));
#8068=CARTESIAN_POINT('Ctrl Pts',(6.60536724297713,-3.59213620600951,3.08457104094175));
#8069=CARTESIAN_POINT('Ctrl Pts',(6.15600813207748,-3.30676816379548,3.39194829532201));
#8070=CARTESIAN_POINT('Ctrl Pts',(5.6991117409174,-3.03029202620299,3.62155782316705));
#8071=CARTESIAN_POINT('Ctrl Pts',(5.32941675978257,-2.79184659140163,3.7679522523915));
#8072=CARTESIAN_POINT('Ctrl Pts',(5.11725089410483,-2.63890710606761,3.83474745472717));
#8073=CARTESIAN_POINT('Ctrl Pts',(5.02953149058015,-2.55805919870822,3.84987342143798));
#8074=CARTESIAN_POINT('Ctrl Pts',(5.00010417079532,-2.52358541445025,3.84999999999999));
#8075=CARTESIAN_POINT('Ctrl Pts',(8.13069862396836,-2.50469494297788,1.73678688799981E-15));
#8076=CARTESIAN_POINT('Ctrl Pts',(8.12580010848131,-2.4683087675415,0.340553427049298));
#8077=CARTESIAN_POINT('Ctrl Pts',(8.06936073239093,-2.37693490395796,0.980665723059804));
#8078=CARTESIAN_POINT('Ctrl Pts',(7.82253794199628,-2.19733170045444,1.8182704390371));
#8079=CARTESIAN_POINT('Ctrl Pts',(7.45012538190898,-2.02279862515779,2.41088982728387));
#8080=CARTESIAN_POINT('Ctrl Pts',(7.05098099496187,-1.87522048518989,2.81638266402359));
#8081=CARTESIAN_POINT('Ctrl Pts',(6.70987952498962,-1.76261542634468,3.08445870468012));
#8082=CARTESIAN_POINT('Ctrl Pts',(6.21947329708153,-1.61293882248284,3.39185205347515));
#8083=CARTESIAN_POINT('Ctrl Pts',(5.72217695519337,-1.46905677935526,3.62148679260456));
#8084=CARTESIAN_POINT('Ctrl Pts',(5.32771223828101,-1.34175658192902,3.76790960349344));
#8085=CARTESIAN_POINT('Ctrl Pts',(5.10821854375438,-1.25718132999715,3.83472642390578));
#8086=CARTESIAN_POINT('Ctrl Pts',(5.0248219199337,-1.20964639474721,3.84986648452094));
#8087=CARTESIAN_POINT('Ctrl Pts',(5.00005657137404,-1.18842468447589,3.84999999999998));
#8088=CARTESIAN_POINT('Ctrl Pts',(8.15792050530099,-1.25199659456823,1.71014820778003E-15));
#8089=CARTESIAN_POINT('Ctrl Pts',(8.1571126617971,-1.22976677856265,0.340547424744228));
#8090=CARTESIAN_POINT('Ctrl Pts',(8.1067216104174,-1.17830535156315,0.980649238660662));
#8091=CARTESIAN_POINT('Ctrl Pts',(7.86235187232959,-1.08577096121937,1.81824341313043));
#8092=CARTESIAN_POINT('Ctrl Pts',(7.48579883254084,-1.00059069758845,2.41085885390708));
#8093=CARTESIAN_POINT('Ctrl Pts',(7.07985758487029,-0.930436773466091,2.81635175025049));
#8094=CARTESIAN_POINT('Ctrl Pts',(6.73228021416326,-0.87752382797711,3.08442945044249));
#8095=CARTESIAN_POINT('Ctrl Pts',(6.23218032411877,-0.807520375406107,3.39182700619045));
#8096=CARTESIAN_POINT('Ctrl Pts',(5.72531487612737,-0.739752129208902,3.6214683450747));
#8097=CARTESIAN_POINT('Ctrl Pts',(5.32544855631793,-0.677050864411939,3.767898555365));
#8098=CARTESIAN_POINT('Ctrl Pts',(5.10490265893818,-0.633265711474953,3.83472099033502));
#8099=CARTESIAN_POINT('Ctrl Pts',(5.02325975885798,-0.606707905310386,3.84986469471609));
#8100=CARTESIAN_POINT('Ctrl Pts',(5.00003823047733,-0.594205099103375,3.84999999999997));
#8101=CARTESIAN_POINT('Ctrl Pts',(8.15437949850531,0.779043122291523,1.65289763409302E-15));
#8102=CARTESIAN_POINT('Ctrl Pts',(8.15374027410909,0.765210741218789,0.340547412870046));
#8103=CARTESIAN_POINT('Ctrl Pts',(8.10368678432187,0.73318846077727,0.980649205802052));
#8104=CARTESIAN_POINT('Ctrl Pts',(7.85982253424409,0.675609251554922,1.81824335789531));
#8105=CARTESIAN_POINT('Ctrl Pts',(7.48369093494551,0.622605622378887,2.4108587882819));
#8106=CARTESIAN_POINT('Ctrl Pts',(7.07808637770007,0.578952837137722,2.81635168167163));
#8107=CARTESIAN_POINT('Ctrl Pts',(6.73076162413278,0.546027981875188,3.08442938242861));
#8108=CARTESIAN_POINT('Ctrl Pts',(6.23099843157556,0.502468850375067,3.39182694277153));
#8109=CARTESIAN_POINT('Ctrl Pts',(5.72447037604391,0.46029961487937,3.62146829221535));
#8110=CARTESIAN_POINT('Ctrl Pts',(5.32494101596206,0.421284110455579,3.76789851943398));
#8111=CARTESIAN_POINT('Ctrl Pts',(5.10464800346254,0.394038915013589,3.83472097038565));
#8112=CARTESIAN_POINT('Ctrl Pts',(5.0231738201459,0.377513283044926,3.84986468767879));
#8113=CARTESIAN_POINT('Ctrl Pts',(5.00003660132645,0.369733488460951,3.84999999999995));
#8114=CARTESIAN_POINT('Ctrl Pts',(8.14163591677047,1.55792359063131,1.61100555302927E-15));
#8115=CARTESIAN_POINT('Ctrl Pts',(8.13948395417507,1.53339227987152,0.340549729259348));
#8116=CARTESIAN_POINT('Ctrl Pts',(8.08725996454626,1.47384891038779,0.980655567413837));
#8117=CARTESIAN_POINT('Ctrl Pts',(7.84276295111647,1.36087502489886,1.81825378706057));
#8118=CARTESIAN_POINT('Ctrl Pts',(7.46853013017208,1.25332356776807,2.410870739191));
#8119=CARTESIAN_POINT('Ctrl Pts',(7.06579948421527,1.16326046157242,2.81636360733873));
#8120=CARTESIAN_POINT('Ctrl Pts',(6.72116415629266,1.0948292778855,3.08444066561277));
#8121=CARTESIAN_POINT('Ctrl Pts',(6.22539283596818,1.00402219867032,3.39183659958455));
#8122=CARTESIAN_POINT('Ctrl Pts',(5.72279746045412,0.916504996071643,3.62147540008989));
#8123=CARTESIAN_POINT('Ctrl Pts',(5.32556166362979,0.837778939063062,3.76790277320995));
#8124=CARTESIAN_POINT('Ctrl Pts',(5.10581238348068,0.784471938714355,3.83472306078278));
#8125=CARTESIAN_POINT('Ctrl Pts',(5.02373784041181,0.753592427162216,3.84986537591401));
#8126=CARTESIAN_POINT('Ctrl Pts',(5.0000384995328,0.739501606252666,3.84999999999994));
#8127=CARTESIAN_POINT('Ctrl Pts',(8.07625415545074,3.78231306964014,1.59016498098977E-15));
#8128=CARTESIAN_POINT('Ctrl Pts',(8.06634676041788,3.73319733007674,0.340562609332096));
#8129=CARTESIAN_POINT('Ctrl Pts',(8.00271037929244,3.60696173677993,0.98069088174698));
#8130=CARTESIAN_POINT('Ctrl Pts',(7.75422848082666,3.35159669548753,1.81831155476816));
#8131=CARTESIAN_POINT('Ctrl Pts',(7.38921647226464,3.09763112054735,2.41093685338777));
#8132=CARTESIAN_POINT('Ctrl Pts',(7.00108963464214,2.87959077327528,2.81642955306168));
#8133=CARTESIAN_POINT('Ctrl Pts',(6.67028335968953,2.7118557460659,3.08450305746569));
#8134=CARTESIAN_POINT('Ctrl Pts',(6.19522348092427,2.48761771440374,3.39189002470111));
#8135=CARTESIAN_POINT('Ctrl Pts',(5.71320929441334,2.27139941093689,3.6215147797586));
#8136=CARTESIAN_POINT('Ctrl Pts',(5.3281945370407,2.08247695569274,3.76792638156022));
#8137=CARTESIAN_POINT('Ctrl Pts',(5.11154186121216,1.95903315332615,3.83473468362318));
#8138=CARTESIAN_POINT('Ctrl Pts',(5.02655891805023,1.89158100762736,3.84986920627171));
#8139=CARTESIAN_POINT('Ctrl Pts',(5.00006120143253,1.86208270388542,3.84999999999989));
#8140=CARTESIAN_POINT('Ctrl Pts',(7.97089057786492,5.05484964867653,1.58429565028558E-15));
#8141=CARTESIAN_POINT('Ctrl Pts',(7.95146428230456,5.00002533938432,0.340579230150041));
#8142=CARTESIAN_POINT('Ctrl Pts',(7.87466580433427,4.85322473214474,0.980736408533909));
#8143=CARTESIAN_POINT('Ctrl Pts',(7.62440996543461,4.54169362705555,1.81838593389026));
#8144=CARTESIAN_POINT('Ctrl Pts',(7.27453002379374,4.22039975996715,2.41102191732763));
#8145=CARTESIAN_POINT('Ctrl Pts',(6.90776759711675,3.9381346423946,2.81651437864144));
#8146=CARTESIAN_POINT('Ctrl Pts',(6.59663979403834,3.71836879368293,3.08458331089021));
#8147=CARTESIAN_POINT('Ctrl Pts',(6.15059809458391,3.42211252286144,3.39195876424593));
#8148=CARTESIAN_POINT('Ctrl Pts',(5.6972301082044,3.13516482739122,3.62156548982338));
#8149=CARTESIAN_POINT('Ctrl Pts',(5.32969318193705,2.88883113637339,3.76795681337615));
#8150=CARTESIAN_POINT('Ctrl Pts',(5.11813705998316,2.73177107648673,3.83474968160745));
#8151=CARTESIAN_POINT('Ctrl Pts',(5.02999247127663,2.64964026420247,3.8498741516755));
#8152=CARTESIAN_POINT('Ctrl Pts',(5.00012755562299,2.61493073936941,3.84999999999969));
#8153=CARTESIAN_POINT('Ctrl Pts',(7.61475113414908,6.31420955926318,1.48078465538735E-15));
#8154=CARTESIAN_POINT('Ctrl Pts',(7.58133341943146,6.26024726496215,0.340611171034423));
#8155=CARTESIAN_POINT('Ctrl Pts',(7.49116121754357,6.12155664420731,0.98082358228446));
#8156=CARTESIAN_POINT('Ctrl Pts',(7.2620220831693,5.82589370947459,1.81852766753895));
#8157=CARTESIAN_POINT('Ctrl Pts',(6.96390976200965,5.50580653672524,2.41118355462613));
#8158=CARTESIAN_POINT('Ctrl Pts',(6.65612270237761,5.21114519301643,2.81667539202507));
#8159=CARTESIAN_POINT('Ctrl Pts',(6.39577993720904,4.97532970210273,3.08473562431712));
#8160=CARTESIAN_POINT('Ctrl Pts',(6.02190150189291,4.64993532399522,3.39208934357132));
#8161=CARTESIAN_POINT('Ctrl Pts',(5.63825370801731,4.32676308605245,3.62166209416415));
#8162=CARTESIAN_POINT('Ctrl Pts',(5.31711535190491,4.04898214221247,3.76801498862219));
#8163=CARTESIAN_POINT('Ctrl Pts',(5.12386756322155,3.87326644056544,3.83477845562529));
#8164=CARTESIAN_POINT('Ctrl Pts',(5.03446370643153,3.78294147283888,3.84988365712145));
#8165=CARTESIAN_POINT('Ctrl Pts',(5.00027942494088,3.74514446915092,3.84999999999947));
#8166=CARTESIAN_POINT('Ctrl Pts',(7.4764951924335,6.62240001644796,1.46186606932608E-15));
#8167=CARTESIAN_POINT('Ctrl Pts',(7.43845583434217,6.57030421731105,0.340623005681819));
#8168=CARTESIAN_POINT('Ctrl Pts',(7.34437721969067,6.441002424713,0.98085584022687));
#8169=CARTESIAN_POINT('Ctrl Pts',(7.12417925851368,6.16789560879683,1.81858002491517));
#8170=CARTESIAN_POINT('Ctrl Pts',(6.84590458299579,5.86589823431736,2.41124320430145));
#8171=CARTESIAN_POINT('Ctrl Pts',(6.56027503564968,5.58162072860581,2.81673478884421));
#8172=CARTESIAN_POINT('Ctrl Pts',(6.31893196354619,5.35118390637102,3.08479180896715));
#8173=CARTESIAN_POINT('Ctrl Pts',(5.97197938949128,5.0297198914674,3.39213752669273));
#8174=CARTESIAN_POINT('Ctrl Pts',(5.61447002439813,4.70657805235633,3.62169777696234));
#8175=CARTESIAN_POINT('Ctrl Pts',(5.31099960097533,4.42773386847739,3.76803650344003));
#8176=CARTESIAN_POINT('Ctrl Pts',(5.12507362822471,4.25125315320776,3.83478911059147));
#8177=CARTESIAN_POINT('Ctrl Pts',(5.03570803427358,4.16054893401103,3.84988717927073));
#8178=CARTESIAN_POINT('Ctrl Pts',(5.00020466703683,4.12251369893094,3.84999999999933));
#8179=CARTESIAN_POINT('Ctrl Pts',(7.23932980773128,6.9477842139594,1.43340840263686E-15));
#8180=CARTESIAN_POINT('Ctrl Pts',(7.19592988118096,6.89954420135278,0.340639860473491));
#8181=CARTESIAN_POINT('Ctrl Pts',(7.09945019958179,6.78794569300203,0.980901692377978));
#8182=CARTESIAN_POINT('Ctrl Pts',(6.89854452506088,6.55804724152438,1.81865425252969));
#8183=CARTESIAN_POINT('Ctrl Pts',(6.65442932390208,6.2935796644222,2.4113276399298));
#8184=CARTESIAN_POINT('Ctrl Pts',(6.40510934627739,6.03433262156393,2.81681881744351));
#8185=CARTESIAN_POINT('Ctrl Pts',(6.19423184478561,5.81938546903427,3.08487128704757));
#8186=CARTESIAN_POINT('Ctrl Pts',(5.88996865973851,5.5138631927613,3.39220571946796));
#8187=CARTESIAN_POINT('Ctrl Pts',(5.57341518969177,5.20030414947715,3.62174835637482));
#8188=CARTESIAN_POINT('Ctrl Pts',(5.29853824936115,4.92767694869875,3.76806705736057));
#8189=CARTESIAN_POINT('Ctrl Pts',(5.1253318450431,4.75467188067366,3.83480427116405));
#8190=CARTESIAN_POINT('Ctrl Pts',(5.03732940275024,4.66547648212844,3.84989219574427));
#8191=CARTESIAN_POINT('Ctrl Pts',(5.00055845627737,4.62785210413707,3.84999999999912));
#8192=CARTESIAN_POINT('Ctrl Pts',(7.11023267604896,7.0976219089909,1.42158949712375E-15));
#8193=CARTESIAN_POINT('Ctrl Pts',(7.06425935298948,7.05156849226701,0.340648572598517));
#8194=CARTESIAN_POINT('Ctrl Pts',(6.96274344256891,6.94981222058075,0.98092537860273));
#8195=CARTESIAN_POINT('Ctrl Pts',(6.75730472229042,6.74383136996327,1.81869256543254));
#8196=CARTESIAN_POINT('Ctrl Pts',(6.51422774419645,6.50046522712138,2.41137120057621));
#8197=CARTESIAN_POINT('Ctrl Pts',(6.26950465344173,6.25558975076858,2.81686216011647));
#8198=CARTESIAN_POINT('Ctrl Pts',(6.06371269825676,6.04975947924303,3.08491228150396));
#8199=CARTESIAN_POINT('Ctrl Pts',(5.76788860095912,5.75393471228648,3.39224089847222));
#8200=CARTESIAN_POINT('Ctrl Pts',(5.46055906417097,5.44675507091134,3.62177446178052));
#8201=CARTESIAN_POINT('Ctrl Pts',(5.19217109298332,5.1784648814485,3.76808283636332));
#8202=CARTESIAN_POINT('Ctrl Pts',(5.0215560266722,5.00794288121225,3.83481210527543));
#8203=CARTESIAN_POINT('Ctrl Pts',(4.93339181629748,4.91985832204016,3.8498947887672));
#8204=CARTESIAN_POINT('Ctrl Pts',(4.89606443492122,4.88256756390689,3.84999999999914));
#8205=CARTESIAN_POINT('Ctrl Pts',(6.9602139274176,7.22478267048708,1.39265796128004E-15));
#8206=CARTESIAN_POINT('Ctrl Pts',(6.91204108094017,7.18129359496014,0.340657564754104));
#8207=CARTESIAN_POINT('Ctrl Pts',(6.80091784147638,7.08487676863102,0.980949792829678));
#8208=CARTESIAN_POINT('Ctrl Pts',(6.57214292985848,6.88507790306745,1.81873198316839));
#8209=CARTESIAN_POINT('Ctrl Pts',(6.3086944113063,6.64243464860627,2.4114159684249));
#8210=CARTESIAN_POINT('Ctrl Pts',(6.05011946427032,6.39460542597257,2.81690668546183));
#8211=CARTESIAN_POINT('Ctrl Pts',(5.83561755790327,6.18488464770653,3.08495439218569));
#8212=CARTESIAN_POINT('Ctrl Pts',(5.5305780182933,5.88218706038437,3.39227704797131));
#8213=CARTESIAN_POINT('Ctrl Pts',(5.21740967219207,5.5669313130222,3.62180131674948));
#8214=CARTESIAN_POINT('Ctrl Pts',(4.94496623008088,5.2930744936141,3.76809908991143));
#8215=CARTESIAN_POINT('Ctrl Pts',(4.77201304620758,5.12037246382059,3.83482018588609));
#8216=CARTESIAN_POINT('Ctrl Pts',(4.68278130317219,5.03250201295394,3.84989746522083));
#8217=CARTESIAN_POINT('Ctrl Pts',(4.64510800593136,4.99575711456833,3.84999999999899));
#8218=CARTESIAN_POINT('Ctrl Pts',(6.87557933313023,7.28721346995668,1.3921199297907E-15));
#8219=CARTESIAN_POINT('Ctrl Pts',(6.82637826324894,7.24513966061612,0.340662318581409));
#8220=CARTESIAN_POINT('Ctrl Pts',(6.71048784265799,7.14965470078165,0.98096268993203));
#8221=CARTESIAN_POINT('Ctrl Pts',(6.47008169435912,6.94547067643906,1.81875278460597));
#8222=CARTESIAN_POINT('Ctrl Pts',(6.19647218559842,6.69467373788454,2.41143957874659));
#8223=CARTESIAN_POINT('Ctrl Pts',(5.93109644788202,6.43787629816544,2.81693016241816));
#8224=CARTESIAN_POINT('Ctrl Pts',(5.71235666574427,6.22059475950311,3.08497659525359));
#8225=CARTESIAN_POINT('Ctrl Pts',(5.40292344235283,5.90720227407467,3.39229611170422));
#8226=CARTESIAN_POINT('Ctrl Pts',(5.08703211478217,5.58177706424706,3.62181548762203));
#8227=CARTESIAN_POINT('Ctrl Pts',(4.81281850388051,5.30072512608902,3.76810767295304));
#8228=CARTESIAN_POINT('Ctrl Pts',(4.6388726992556,5.12485676528026,3.83482445624127));
#8229=CARTESIAN_POINT('Ctrl Pts',(4.54921040240704,5.03669461875578,3.84989888018689));
#8230=CARTESIAN_POINT('Ctrl Pts',(4.51142155770492,5.00028023019838,3.84999999999894));
#8231=CARTESIAN_POINT('Ctrl Pts',(6.87192618971259,7.28988753617486,1.39213125054107E-15));
#8232=CARTESIAN_POINT('Ctrl Pts',(6.82268120436569,7.24787463897106,0.340662522802021));
#8233=CARTESIAN_POINT('Ctrl Pts',(6.70658860200621,7.15241772126919,0.980963243962529));
#8234=CARTESIAN_POINT('Ctrl Pts',(6.46568480233961,6.94803541557915,1.81875367814807));
#8235=CARTESIAN_POINT('Ctrl Pts',(6.19164203849469,6.69687017927763,2.41144059291894));
#8236=CARTESIAN_POINT('Ctrl Pts',(5.92597495249824,6.43968225433778,2.8169311708514));
#8237=CARTESIAN_POINT('Ctrl Pts',(5.70705410224884,6.22206983351431,3.08497754896667));
#8238=CARTESIAN_POINT('Ctrl Pts',(5.39743279572836,5.90821332906923,3.39229693057707));
#8239=CARTESIAN_POINT('Ctrl Pts',(5.08142767297473,5.58233349767787,3.62181609634115));
#8240=CARTESIAN_POINT('Ctrl Pts',(4.80713881597069,5.30096858417955,3.76810804165532));
#8241=CARTESIAN_POINT('Ctrl Pts',(4.63315127727639,5.12496031929714,3.83482463968932));
#8242=CARTESIAN_POINT('Ctrl Pts',(4.54347131613892,5.03678239084403,3.84989894097274));
#8243=CARTESIAN_POINT('Ctrl Pts',(4.50567763576768,5.00038228054619,3.84999999999894));
#8244=CARTESIAN_POINT('Ctrl Pts',(6.43288982024837,7.60879819591146,1.39076143698341E-15));
#8245=CARTESIAN_POINT('Ctrl Pts',(6.37842278884433,7.57408454828503,0.340686950235405));
#8246=CARTESIAN_POINT('Ctrl Pts',(6.23814290668137,7.48199239279321,0.981029510947147));
#8247=CARTESIAN_POINT('Ctrl Pts',(5.93814106113207,7.25202633189227,1.81886054883257));
#8248=CARTESIAN_POINT('Ctrl Pts',(5.61260676568657,6.95507060468494,2.41156188807405));
#8249=CARTESIAN_POINT('Ctrl Pts',(5.31253298994673,6.64915414944777,2.81705177835414));
#8250=CARTESIAN_POINT('Ctrl Pts',(5.07224547264434,6.39057065513421,3.08509161183597));
#8251=CARTESIAN_POINT('Ctrl Pts',(4.74055141547272,6.01926519550056,3.39239486758235));
#8252=CARTESIAN_POINT('Ctrl Pts',(4.41107467137368,5.63806871773948,3.62188890100251));
#8253=CARTESIAN_POINT('Ctrl Pts',(4.12804609163165,5.31815246379136,3.76815214102625));
#8254=CARTESIAN_POINT('Ctrl Pts',(3.94917594901246,5.12498302632408,3.83484658209509));
#8255=CARTESIAN_POINT('Ctrl Pts',(3.85738910841786,5.03495417054939,3.84990621175401));
#8256=CARTESIAN_POINT('Ctrl Pts',(3.81903243347026,5.00027137094735,3.84999999999916));
#8257=CARTESIAN_POINT('Ctrl Pts',(5.72680351575844,7.83377674476808,1.31218093081907E-15));
#8258=CARTESIAN_POINT('Ctrl Pts',(5.67045868447957,7.80831917220541,0.340712669766363));
#8259=CARTESIAN_POINT('Ctrl Pts',(5.52117906290454,7.72523692703614,0.981099019094798));
#8260=CARTESIAN_POINT('Ctrl Pts',(5.20283463019169,7.48219829029328,1.81897206929477));
#8261=CARTESIAN_POINT('Ctrl Pts',(4.8684334822903,7.1523143512903,2.41168807071841));
#8262=CARTESIAN_POINT('Ctrl Pts',(4.5695350248627,6.80879635887678,2.81717709809503));
#8263=CARTESIAN_POINT('Ctrl Pts',(4.33442360494731,6.51780126920031,3.08521011222989));
#8264=CARTESIAN_POINT('Ctrl Pts',(4.01470964258796,6.10044498832465,3.39249671533008));
#8265=CARTESIAN_POINT('Ctrl Pts',(3.70216974305703,5.67476549898566,3.6219648471139));
#8266=CARTESIAN_POINT('Ctrl Pts',(3.43395103393218,5.3254457707678,3.76819831422635));
#8267=CARTESIAN_POINT('Ctrl Pts',(3.26361932049694,5.12085484388631,3.83486964287538));
#8268=CARTESIAN_POINT('Ctrl Pts',(3.17528237227792,5.03189270615556,3.84991386770994));
#8269=CARTESIAN_POINT('Ctrl Pts',(3.13814405147555,5.00012790395615,3.84999999999965));
#8270=CARTESIAN_POINT('Ctrl Pts',(3.43328688362684,8.11768137259443,1.18030679282596E-15));
#8271=CARTESIAN_POINT('Ctrl Pts',(3.38743463462742,8.10972434715856,0.340767172526024));
#8272=CARTESIAN_POINT('Ctrl Pts',(3.26847693520782,8.04816104531009,0.98124526235057));
#8273=CARTESIAN_POINT('Ctrl Pts',(3.02688032938905,7.79771306514693,1.81920439444297));
#8274=CARTESIAN_POINT('Ctrl Pts',(2.78755110762451,7.42679694082518,2.41194937194342));
#8275=CARTESIAN_POINT('Ctrl Pts',(2.58323111343383,7.03166398092294,2.81743601631436));
#8276=CARTESIAN_POINT('Ctrl Pts',(2.42664240340863,6.69472176440227,3.0854548637397));
#8277=CARTESIAN_POINT('Ctrl Pts',(2.21803874608239,6.21082426846929,3.39270747756537));
#8278=CARTESIAN_POINT('Ctrl Pts',(2.01774071960851,5.72015987746049,3.62212295315139));
#8279=CARTESIAN_POINT('Ctrl Pts',(1.8429174834124,5.32942807581784,3.76829512557044));
#8280=CARTESIAN_POINT('Ctrl Pts',(1.72866407032017,5.1106102405275,3.83491834072712));
#8281=CARTESIAN_POINT('Ctrl Pts',(1.66619076812013,5.025930002663,3.84993009310869));
#8282=CARTESIAN_POINT('Ctrl Pts',(1.63887401472542,5.00006206072855,3.84999999999982));
#8283=CARTESIAN_POINT('Ctrl Pts',(1.72646527787634,8.14999999999999,1.11020097179225E-15));
#8284=CARTESIAN_POINT('Ctrl Pts',(1.6959360000263,8.14970610334327,0.340795526218717));
#8285=CARTESIAN_POINT('Ctrl Pts',(1.62521227264405,8.10030484377995,0.981320624102349));
#8286=CARTESIAN_POINT('Ctrl Pts',(1.49793267565702,7.85742306239407,1.81932252922097));
#8287=CARTESIAN_POINT('Ctrl Pts',(1.38069624048295,7.48201898768456,2.41208115289123));
#8288=CARTESIAN_POINT('Ctrl Pts',(1.2841015755219,7.07686003672442,2.81756617966032));
#8289=CARTESIAN_POINT('Ctrl Pts',(1.21122523366904,6.72977796716828,3.08557785099939));
#8290=CARTESIAN_POINT('Ctrl Pts',(1.11478193077064,6.23021490883449,3.39281366865515));
#8291=CARTESIAN_POINT('Ctrl Pts',(1.02137094660996,5.72373741424147,3.62220327289288));
#8292=CARTESIAN_POINT('Ctrl Pts',(0.934890526515927,5.32433892343772,3.76834478362906));
#8293=CARTESIAN_POINT('Ctrl Pts',(0.874467951344259,5.1042430341475,3.83494355821015));
#8294=CARTESIAN_POINT('Ctrl Pts',(0.837793887222962,5.02299568894212,3.84993853499728));
#8295=CARTESIAN_POINT('Ctrl Pts',(0.820521380240614,5.,3.85));
#8296=CARTESIAN_POINT('Ctrl Pts',(1.52406396342412E-14,8.14999999999999,
9.71445146547014E-16));
#8297=CARTESIAN_POINT('Ctrl Pts',(0.000192217272418842,8.14970610334327,
0.340818208362433));
#8298=CARTESIAN_POINT('Ctrl Pts',(0.000553313683959074,8.10030511159183,
0.981379569231812));
#8299=CARTESIAN_POINT('Ctrl Pts',(0.00102517997647284,7.85742324230768,
1.81941193438153));
#8300=CARTESIAN_POINT('Ctrl Pts',(0.00135840553142443,7.48201928094569,
2.41217880391938));
#8301=CARTESIAN_POINT('Ctrl Pts',(0.00158593451621348,7.07686011290741,
2.81766182961631));
#8302=CARTESIAN_POINT('Ctrl Pts',(0.0017360664661515,6.72977794880598,3.08566812245035));
#8303=CARTESIAN_POINT('Ctrl Pts',(0.00190776640067055,6.23021467173757,
3.39289216007443));
#8304=CARTESIAN_POINT('Ctrl Pts',(0.00203523201965919,5.72373741654778,
3.62226391360742));
#8305=CARTESIAN_POINT('Ctrl Pts',(0.00211539502591862,5.32433882867834,
3.76838318769456));
#8306=CARTESIAN_POINT('Ctrl Pts',(0.00215108023986572,5.10424295564912,
3.83496351299891));
#8307=CARTESIAN_POINT('Ctrl Pts',(0.00215816291165164,5.02299568894212,
3.84994528986304));
#8308=CARTESIAN_POINT('Ctrl Pts',(0.00215747914020348,5.,3.85));
#8309=CARTESIAN_POINT('Ctrl Pts',(1.55431223447522E-14,8.14999999999999,
9.71445146547014E-16));
#8310=CARTESIAN_POINT('Ctrl Pts',(0.000192217272419193,8.14970610334327,
0.340818208362433));
#8311=CARTESIAN_POINT('Ctrl Pts',(0.000372765478189319,8.12500560746755,
0.661098888797123));
#8312=CARTESIAN_POINT('Ctrl Pts',(0.000541683963160011,8.07217504798233,
0.960911289872753));
#8313=CARTESIAN_POINT('Ctrl Pts',(0.000710602448130704,8.01934448849712,
1.26072369094838));
#8314=CARTESIAN_POINT('Ctrl Pts',(0.000867891212301686,7.9383838654024,
1.54006781266496));
#8315=CARTESIAN_POINT('Ctrl Pts',(0.00101318070537759,7.82282276158264,
1.79829324743081));
#8316=CARTESIAN_POINT('Ctrl Pts',(0.0011584701984535,7.70726165776288,2.05651868219667));
#8317=CARTESIAN_POINT('Ctrl Pts',(0.00129176042043405,7.55710007321809,
2.29362543001181));
#8318=CARTESIAN_POINT('Ctrl Pts',(0.00141203348935748,7.37199315569039,
2.5078220211825));
#8319=CARTESIAN_POINT('Ctrl Pts',(0.00147217002381905,7.27943969692655,
2.61492031676784));
#8320=CARTESIAN_POINT('Ctrl Pts',(0.00152905227001593,7.17814990491698,
2.71629107319208));
#8321=CARTESIAN_POINT('Ctrl Pts',(0.00158251538477094,7.06965798156195,
2.81164416687653));
#8322=CARTESIAN_POINT('Ctrl Pts',(0.00163597849952651,6.96116605820693,
2.90699726056099));
#8323=CARTESIAN_POINT('Ctrl Pts',(0.00168602248283869,6.84547200350645,
2.99633269150567));
#8324=CARTESIAN_POINT('Ctrl Pts',(0.00173250696630989,6.72517956652267,
3.07940341168102));
#8325=CARTESIAN_POINT('Ctrl Pts',(0.00177899144978108,6.60488712953888,
3.16247413185637));
#8326=CARTESIAN_POINT('Ctrl Pts',(0.00182191643341101,6.47999631027178,
3.23928014126239));
#8327=CARTESIAN_POINT('Ctrl Pts',(0.00186115522407992,6.35452932616123,
3.30959846032749));
#8328=CARTESIAN_POINT('Ctrl Pts',(0.00193963280541776,6.10359535794013,
3.45023509845768));
#8329=CARTESIAN_POINT('Ctrl Pts',(0.00200336561491182,5.85035673034523,
3.56492097522417));
#8330=CARTESIAN_POINT('Ctrl Pts',(0.00205133088682974,5.63281099185712,
3.65185602550872));
#8331=CARTESIAN_POINT('Ctrl Pts',(0.00207531352278925,5.52403812261306,
3.69532355065099));
#8332=CARTESIAN_POINT('Ctrl Pts',(0.00209535427435403,5.4241884756457,3.73185336917278));
#8333=CARTESIAN_POINT('Ctrl Pts',(0.00211132218579435,5.33758100665715,
3.76121499931773));
#8334=CARTESIAN_POINT('Ctrl Pts',(0.00212729009723397,5.2509735376686,3.79057662946268));
#8335=CARTESIAN_POINT('Ctrl Pts',(0.00213918516854997,5.17760824665886,
3.8127700712308));
#8336=CARTESIAN_POINT('Ctrl Pts',(0.0021469033721544,5.12061378447724,3.82761223633089));
#8337=CARTESIAN_POINT('Ctrl Pts',(0.00215462157575869,5.06361932229562,
3.84245440143098));
#8338=CARTESIAN_POINT('Ctrl Pts',(0.00215816291165141,5.02299568894212,
3.84994528986304));
#8339=CARTESIAN_POINT('Ctrl Pts',(0.0021574791402032,5.,3.85));
#8340=CARTESIAN_POINT('Ctrl Pts',(-6.44395962810526,-0.543676004600244,
6.98056535327161));
#8341=CARTESIAN_POINT('Ctrl Pts',(-5.92790733901747,-0.504301577098008,
6.82264315017675));
#8342=CARTESIAN_POINT('Ctrl Pts',(-4.53917425636935,-0.419285268641524,
6.48166136117989));
#8343=CARTESIAN_POINT('Ctrl Pts',(-2.1014338359487,-0.373234209001761,6.29696064920761));
#8344=CARTESIAN_POINT('Ctrl Pts',(0.,-0.373234209001762,6.29696064920761));
#8345=CARTESIAN_POINT('Ctrl Pts',(-6.44030968408144,-0.135147332835133,
7.082422991107));
#8346=CARTESIAN_POINT('Ctrl Pts',(-5.92375501365529,-0.132904013073277,
6.91524296307588));
#8347=CARTESIAN_POINT('Ctrl Pts',(-4.5372805283145,-0.127328707712927,6.5544543074332));
#8348=CARTESIAN_POINT('Ctrl Pts',(-2.10505643812779,-0.231406288702306,
6.33232232132328));
#8349=CARTESIAN_POINT('Ctrl Pts',(0.,-0.373234209001762,6.29696064920761));
#8350=CARTESIAN_POINT('Ctrl Pts',(-6.42290067761603,1.47464426874011,7.48378911612151));
#8351=CARTESIAN_POINT('Ctrl Pts',(-5.90570570572232,1.31885407332558,7.27720690736918));
#8352=CARTESIAN_POINT('Ctrl Pts',(-4.50134386166495,0.8101828405421,6.78820218940207));
#8353=CARTESIAN_POINT('Ctrl Pts',(-2.0671495186077,0.0760068647652673,6.40896902892507));
#8354=CARTESIAN_POINT('Ctrl Pts',(0.,-0.373234209001762,6.29696064920761));
#8355=CARTESIAN_POINT('Ctrl Pts',(-6.1065295655933,2.85412243442046,7.82773165213639));
#8356=CARTESIAN_POINT('Ctrl Pts',(-5.60605533113875,2.59758825691818,7.59603114753166));
#8357=CARTESIAN_POINT('Ctrl Pts',(-4.22088025258452,1.76344352833637,7.02587677287876));
#8358=CARTESIAN_POINT('Ctrl Pts',(-1.90253880044487,0.473188312477413,6.50799748604951));
#8359=CARTESIAN_POINT('Ctrl Pts',(0.,-0.373234209001762,6.29696064920762));
#8360=CARTESIAN_POINT('Ctrl Pts',(-5.66041286977799,4.02086323949307,8.11863280690081));
#8361=CARTESIAN_POINT('Ctrl Pts',(-5.18381092968933,3.69836021495523,7.87048442141485));
#8362=CARTESIAN_POINT('Ctrl Pts',(-3.8240564502914,2.676903461203,7.25362791361769));
#8363=CARTESIAN_POINT('Ctrl Pts',(-1.66571697186046,0.921186508309174,6.61969598149359));
#8364=CARTESIAN_POINT('Ctrl Pts',(0.,-0.373234209001762,6.29696064920762));
#8365=CARTESIAN_POINT('Ctrl Pts',(-4.74830548515508,5.1281554871202,8.39471177156545));
#8366=CARTESIAN_POINT('Ctrl Pts',(-4.3271409325699,4.76078066083686,8.13537558936631));
#8367=CARTESIAN_POINT('Ctrl Pts',(-3.06564774183577,3.6340469216686,7.49227058105001));
#8368=CARTESIAN_POINT('Ctrl Pts',(-1.24232884311558,1.43230755254598,6.74713277066428));
#8369=CARTESIAN_POINT('Ctrl Pts',(0.,-0.373234209001762,6.29696064920762));
#8370=CARTESIAN_POINT('Ctrl Pts',(-1.90249689828334,5.65407780280344,8.52583893218543));
#8371=CARTESIAN_POINT('Ctrl Pts',(-1.72489354035913,5.27657049270042,8.2639764380317));
#8372=CARTESIAN_POINT('Ctrl Pts',(-1.16594075416919,4.16631627869338,7.62498023681164));
#8373=CARTESIAN_POINT('Ctrl Pts',(-0.429428807545395,1.75993201761894,6.82881872422348));
#8374=CARTESIAN_POINT('Ctrl Pts',(0.,-0.373234209001762,6.29696064920761));
#8375=CARTESIAN_POINT('Ctrl Pts',(1.90446510811225,5.64177651768177,8.52277187733364));
#8376=CARTESIAN_POINT('Ctrl Pts',(1.72872307152128,5.24986001596267,8.25731676821169));
#8377=CARTESIAN_POINT('Ctrl Pts',(1.17569710765593,4.08833640100667,7.60553766964606));
#8378=CARTESIAN_POINT('Ctrl Pts',(0.437748619358696,1.69098546285118,6.81162841742032));
#8379=CARTESIAN_POINT('Ctrl Pts',(0.,-0.373234209001762,6.29696064920762));
#8380=CARTESIAN_POINT('Ctrl Pts',(4.74694171556777,5.10983485829118,8.39014392576867));
#8381=CARTESIAN_POINT('Ctrl Pts',(4.32643848624904,4.72518419290397,8.12650039310833));
#8382=CARTESIAN_POINT('Ctrl Pts',(3.06813233856608,3.53822688179009,7.46837996187474));
#8383=CARTESIAN_POINT('Ctrl Pts',(1.24525453303996,1.34962250672994,6.72651707332596));
#8384=CARTESIAN_POINT('Ctrl Pts',(0.,-0.373234209001762,6.29696064920761));
#8385=CARTESIAN_POINT('Ctrl Pts',(5.66006943899451,4.02871141327529,8.1205895763959));
#8386=CARTESIAN_POINT('Ctrl Pts',(5.18340822777296,3.71292777445768,7.87411652193189));
#8387=CARTESIAN_POINT('Ctrl Pts',(3.822988078693,2.71602073147705,7.26338094449178));
#8388=CARTESIAN_POINT('Ctrl Pts',(1.6647140529997,0.95336052681749,6.62771786527171));
#8389=CARTESIAN_POINT('Ctrl Pts',(0.,-0.373234209001762,6.29696064920762));
#8390=CARTESIAN_POINT('Ctrl Pts',(6.10635259552849,2.86686323693105,7.83090829098097));
#8391=CARTESIAN_POINT('Ctrl Pts',(5.60543610514671,2.62315187042497,7.60240487223277));
#8392=CARTESIAN_POINT('Ctrl Pts',(4.21900126349179,1.83490184431983,7.04369333208945));
#8393=CARTESIAN_POINT('Ctrl Pts',(1.90074117025227,0.534781294725105,6.52335434130248));
#8394=CARTESIAN_POINT('Ctrl Pts',(0.,-0.373234209001762,6.29696064920761));
#8395=CARTESIAN_POINT('Ctrl Pts',(6.42240866754235,1.48212481530449,7.48565422585658));
#8396=CARTESIAN_POINT('Ctrl Pts',(5.90506036830491,1.33319760494105,7.28078315146059));
#8397=CARTESIAN_POINT('Ctrl Pts',(4.49994441513595,0.848186950283944,6.79767767818384));
#8398=CARTESIAN_POINT('Ctrl Pts',(2.06615811032235,0.109015314186861,6.41719895969631));
#8399=CARTESIAN_POINT('Ctrl Pts',(0.,-0.373234209001762,6.29696064920761));
#8400=CARTESIAN_POINT('Ctrl Pts',(6.44030968400673,-0.135147329049693,7.08242299205081));
#8401=CARTESIAN_POINT('Ctrl Pts',(5.9237724269989,-0.134110069939573,6.91494225932609));
#8402=CARTESIAN_POINT('Ctrl Pts',(4.53729798311048,-0.128337951432469,6.55420267471222));
#8403=CARTESIAN_POINT('Ctrl Pts',(2.10525084659745,-0.237355487486298,6.33083901947195));
#8404=CARTESIAN_POINT('Ctrl Pts',(0.,-0.373234209001762,6.29696064920761));
#8405=CARTESIAN_POINT('Ctrl Pts',(6.44395962810523,-0.54367600460024,6.98056535327161));
#8406=CARTESIAN_POINT('Ctrl Pts',(5.92790733901743,-0.504301577098005,6.82264315017675));
#8407=CARTESIAN_POINT('Ctrl Pts',(4.53917425636932,-0.419285268641523,6.48166136117989));
#8408=CARTESIAN_POINT('Ctrl Pts',(2.1014338359487,-0.373234209001762,6.29696064920761));
#8409=CARTESIAN_POINT('Ctrl Pts',(0.,-0.373234209001762,6.29696064920761));
#8410=CARTESIAN_POINT('',(-0.0124256289308708,0.00276739121655906,3.84999954805756));
#8411=UNCERTAINTY_MEASURE_WITH_UNIT(LENGTH_MEASURE(0.01),#8417,
'DISTANCE_ACCURACY_VALUE',
'Maximum model space distance between geometric entities at asserted c
onnectivities');
#8412=UNCERTAINTY_MEASURE_WITH_UNIT(LENGTH_MEASURE(0.01),#8417,
'DISTANCE_ACCURACY_VALUE',
'Maximum model space distance between geometric entities at asserted c
onnectivities');
#8413=UNCERTAINTY_MEASURE_WITH_UNIT(LENGTH_MEASURE(0.01),#8417,
'DISTANCE_ACCURACY_VALUE',
'Maximum model space distance between geometric entities at asserted c
onnectivities');
#8414=(
GEOMETRIC_REPRESENTATION_CONTEXT(3)
GLOBAL_UNCERTAINTY_ASSIGNED_CONTEXT((#8411))
GLOBAL_UNIT_ASSIGNED_CONTEXT((#8417,#8419,#8420))
REPRESENTATION_CONTEXT('','3D')
);
#8415=(
GEOMETRIC_REPRESENTATION_CONTEXT(3)
GLOBAL_UNCERTAINTY_ASSIGNED_CONTEXT((#8412))
GLOBAL_UNIT_ASSIGNED_CONTEXT((#8417,#8419,#8420))
REPRESENTATION_CONTEXT('','3D')
);
#8416=(
GEOMETRIC_REPRESENTATION_CONTEXT(3)
GLOBAL_UNCERTAINTY_ASSIGNED_CONTEXT((#8413))
GLOBAL_UNIT_ASSIGNED_CONTEXT((#8417,#8419,#8420))
REPRESENTATION_CONTEXT('','3D')
);
#8417=(
LENGTH_UNIT()
NAMED_UNIT(*)
SI_UNIT(.MILLI.,.METRE.)
);
#8418=(
LENGTH_UNIT()
NAMED_UNIT(*)
SI_UNIT($,.METRE.)
);
#8419=(
NAMED_UNIT(*)
PLANE_ANGLE_UNIT()
SI_UNIT($,.RADIAN.)
);
#8420=(
NAMED_UNIT(*)
SI_UNIT($,.STERADIAN.)
SOLID_ANGLE_UNIT()
);
#8421=SHAPE_DEFINITION_REPRESENTATION(#8423,#8426);
#8422=SHAPE_DEFINITION_REPRESENTATION(#8424,#8427);
#8423=PRODUCT_DEFINITION_SHAPE('',$,#8429);
#8424=PRODUCT_DEFINITION_SHAPE('',$,#8430);
#8425=PRODUCT_DEFINITION_SHAPE($,$,#14);
#8426=SHAPE_REPRESENTATION('',(#1216,#1297),#8414);
#8427=SHAPE_REPRESENTATION('',(#1217),#8415);
#8428=PRODUCT_DEFINITION_CONTEXT('part definition',#8436,'design');
#8429=PRODUCT_DEFINITION('2026-09-19-15-41-21-271','CLP_Tilt14',#8431,#8428);
#8430=PRODUCT_DEFINITION('2026-09-19-15-40-45-701','MX Plug Mushroom',#8432,
#8428);
#8431=PRODUCT_DEFINITION_FORMATION('',$,#8438);
#8432=PRODUCT_DEFINITION_FORMATION('',$,#8439);
#8433=PRODUCT_RELATED_PRODUCT_CATEGORY('CLP_Tilt14','CLP_Tilt14',(#8438));
#8434=PRODUCT_RELATED_PRODUCT_CATEGORY('MX Plug Mushroom',
'MX Plug Mushroom',(#8439));
#8435=APPLICATION_PROTOCOL_DEFINITION('international standard',
'automotive_design',2009,#8436);
#8436=APPLICATION_CONTEXT(
'Core Data for Automotive Mechanical Design Process');
#8437=PRODUCT_CONTEXT('part definition',#8436,'mechanical');
#8438=PRODUCT('2026-09-19-15-41-21-271','CLP_Tilt14',$,(#8437));
#8439=PRODUCT('2026-09-19-15-40-45-701','MX Plug Mushroom',$,(#8437));
#8440=PRESENTATION_STYLE_ASSIGNMENT((#8441));
#8441=SURFACE_STYLE_USAGE(.BOTH.,#8442);
#8442=SURFACE_SIDE_STYLE('',(#8443));
#8443=SURFACE_STYLE_FILL_AREA(#8444);
#8444=FILL_AREA_STYLE('Steel - Satin',(#8445));
#8445=FILL_AREA_STYLE_COLOUR('Steel - Satin',#8446);
#8446=COLOUR_RGB('Steel - Satin',0.627450980392157,0.627450980392157,0.627450980392157);
ENDSEC;
END-ISO-10303-21;
