ISO-10303-21;
HEADER;
/* Generated by software containing ST-Developer
 * from STEP Tools, Inc. (www.steptools.com) 
 */

FILE_DESCRIPTION(
/* description */ (''),
/* implementation_level */ '2;1');

FILE_NAME(
/* name */ 'CLP_Saddle_LowSide.step',
/* time_stamp */ '2026-09-19T23:51:45+08:00',
/* author */ (''),
/* organization */ (''),
/* preprocessor_version */ 'ST-DEVELOPER v20.2',
/* originating_system */ 'Autodesk Translation Framework v15.15.0.0',
/* authorisation */ '');

FILE_SCHEMA (('AUTOMOTIVE_DESIGN { 1 0 10303 214 3 1 1 }'));
ENDSEC;

DATA;
#10=MECHANICAL_DESIGN_GEOMETRIC_PRESENTATION_REPRESENTATION('',(#125,#126),
#5981);
#11=ITEM_DEFINED_TRANSFORMATION($,$,#1260,#1354);
#12=(
REPRESENTATION_RELATIONSHIP($,$,#5992,#5991)
REPRESENTATION_RELATIONSHIP_WITH_TRANSFORMATION(#11)
SHAPE_REPRESENTATION_RELATIONSHIP()
);
#13=CONTEXT_DEPENDENT_SHAPE_REPRESENTATION(#12,#5990);
#14=NEXT_ASSEMBLY_USAGE_OCCURRENCE('MX Plug Mushroom:1',
'MX Plug Mushroom:1','MX Plug Mushroom:1',#5994,#5995,
'MX Plug Mushroom:1');
#15=B_SPLINE_CURVE_WITH_KNOTS('',3,(#2008,#2009,#2010,#2011,#2012,#2013,
#2014,#2015,#2016,#2017),.UNSPECIFIED.,.F.,.F.,(4,1,1,2,1,1,4),(-1.39007427606153,
-1.25106686816662,-1.11205946027172,-0.695037236587002,-0.278014894634801,
-0.1390074473174,0.),.UNSPECIFIED.);
#16=B_SPLINE_CURVE_WITH_KNOTS('',3,(#2020,#2021,#2022,#2023,#2024,#2025,
#2026,#2027,#2028,#2029),.UNSPECIFIED.,.F.,.F.,(4,1,1,2,1,1,4),(0.,0.1390074473174,
0.278014894634801,0.695037236587002,1.11205946027172,1.25106686816662,1.39007427606153),
 .UNSPECIFIED.);
#17=B_SPLINE_CURVE_WITH_KNOTS('',3,(#2063,#2064,#2065,#2066,#2067,#2068),
 .UNSPECIFIED.,.F.,.F.,(4,1,1,4),(-0.281859177187481,-0.201327983705573,
-0.120796790223665,-8.02528704661391E-13),.UNSPECIFIED.);
#18=B_SPLINE_CURVE_WITH_KNOTS('',3,(#2069,#2070,#2071,#2072,#2073,#2074),
 .UNSPECIFIED.,.F.,.F.,(4,1,1,4),(8.02528704661391E-13,0.120796790223665,
0.201327983705573,0.281859177187481),.UNSPECIFIED.);
#19=B_SPLINE_CURVE_WITH_KNOTS('',3,(#2168,#2169,#2170,#2171,#2172,#2173,
#2174,#2175,#2176,#2177),.UNSPECIFIED.,.F.,.F.,(4,1,1,2,1,1,4),(0.,0.138984892883471,
0.277969785766943,0.694924464417357,0.97289339384496,1.25086232327256,1.38984678798637),
 .UNSPECIFIED.);
#20=B_SPLINE_CURVE_WITH_KNOTS('',3,(#2178,#2179,#2180,#2181,#2182,#2183,
#2184,#2185,#2186,#2187),.UNSPECIFIED.,.F.,.F.,(4,1,1,2,1,1,4),(-1.38984678798637,
-1.25086232327256,-0.97289339384496,-0.694924464417357,-0.277969785766943,
-0.138984892883471,0.),.UNSPECIFIED.);
#21=B_SPLINE_CURVE_WITH_KNOTS('',3,(#2221,#2222,#2223,#2224,#2225,#2226),
 .UNSPECIFIED.,.F.,.F.,(4,1,1,4),(-0.281859128521344,-0.161062359155054,
-0.0805311795775269,0.),.UNSPECIFIED.);
#22=B_SPLINE_CURVE_WITH_KNOTS('',3,(#2227,#2228,#2229,#2230,#2231,#2232),
 .UNSPECIFIED.,.F.,.F.,(4,1,1,4),(0.,0.0805311795775269,0.161062359155054,
0.281859128521344),.UNSPECIFIED.);
#23=B_SPLINE_CURVE_WITH_KNOTS('',3,(#2326,#2327,#2328,#2329,#2330,#2331,
#2332,#2333,#2334,#2335),.UNSPECIFIED.,.F.,.F.,(4,1,1,2,1,1,4),(-1.39007421850906,
-1.25106681636523,-0.973052012077564,-0.6950372077899,-0.27801488311597,
-0.139007441557993,-1.61177798054939E-14),.UNSPECIFIED.);
#24=B_SPLINE_CURVE_WITH_KNOTS('',3,(#2336,#2337,#2338,#2339,#2340,#2341,
#2342,#2343,#2344,#2345),.UNSPECIFIED.,.F.,.F.,(4,1,1,2,1,1,4),(1.61177798054939E-14,
0.139007441557993,0.27801488311597,0.6950372077899,0.973052012077564,1.25106681636523,
1.39007421850906),.UNSPECIFIED.);
#25=B_SPLINE_CURVE_WITH_KNOTS('',3,(#2379,#2380,#2381,#2382,#2383,#2384),
 .UNSPECIFIED.,.F.,.F.,(4,1,1,4),(-0.281859169006462,-0.20132797786192,
-0.120796786717379,-5.66513319902847E-13),.UNSPECIFIED.);
#26=B_SPLINE_CURVE_WITH_KNOTS('',3,(#2385,#2386,#2387,#2388,#2389,#2390),
 .UNSPECIFIED.,.F.,.F.,(4,1,1,4),(5.66513319902847E-13,0.120796786717379,
0.20132797786192,0.281859169006462),.UNSPECIFIED.);
#27=B_SPLINE_CURVE_WITH_KNOTS('',3,(#2484,#2485,#2486,#2487,#2488,#2489,
#2490,#2491,#2492,#2493),.UNSPECIFIED.,.F.,.F.,(4,1,1,2,1,1,4),(0.,0.138984886156508,
0.277969772313017,0.694924430782542,1.11187784510795,1.25086231654976,1.38984678799156),
 .UNSPECIFIED.);
#28=B_SPLINE_CURVE_WITH_KNOTS('',3,(#2494,#2495,#2496,#2497,#2498,#2499,
#2500,#2501,#2502,#2503),.UNSPECIFIED.,.F.,.F.,(4,1,1,2,1,1,4),(-1.38984678799156,
-1.25086231654976,-1.11187784510795,-0.694924430782542,-0.277969772313017,
-0.138984886156508,0.),.UNSPECIFIED.);
#29=B_SPLINE_CURVE_WITH_KNOTS('',3,(#2534,#2535,#2536,#2537,#2538,#2539),
 .UNSPECIFIED.,.F.,.F.,(4,1,1,4),(-0.281859136609377,-0.201327954720984,
-0.12079677283259,0.),.UNSPECIFIED.);
#30=B_SPLINE_CURVE_WITH_KNOTS('',3,(#2540,#2541,#2542,#2543,#2544,#2545),
 .UNSPECIFIED.,.F.,.F.,(4,1,1,4),(0.,0.12079677283259,0.201327954720984,
0.281859136609377),.UNSPECIFIED.);
#31=B_SPLINE_CURVE_WITH_KNOTS('',3,(#2597,#2598,#2599,#2600,#2601,#2602),
 .UNSPECIFIED.,.F.,.F.,(4,1,1,4),(0.286295882056854,0.368720252889397,0.53018862271083,
0.649184589874561),.UNSPECIFIED.);
#32=B_SPLINE_CURVE_WITH_KNOTS('',3,(#2604,#2605,#2606,#2607),
 .UNSPECIFIED.,.F.,.F.,(4,4),(-0.0273130225083784,0.),.UNSPECIFIED.);
#33=B_SPLINE_CURVE_WITH_KNOTS('',3,(#2609,#2610,#2611,#2612,#2613,#2614,
#2615,#2616,#2617,#2618,#2619,#2620,#2621),.UNSPECIFIED.,.F.,.F.,(4,2,2,
1,1,1,1,1,4),(-0.157453256577088,-0.14498072040459,-0.144416731380753,-0.129975094304047,
-0.11553345722734,-0.0866501830739275,-0.0577669089205146,-0.0288836347671017,
-3.60613688790564E-7),.UNSPECIFIED.);
#34=B_SPLINE_CURVE_WITH_KNOTS('',3,(#2622,#2623,#2624,#2625,#2626,#2627,
#2628),.UNSPECIFIED.,.F.,.F.,(4,1,1,1,4),(0.188593573115706,0.194562532133373,
0.369118695592115,0.530549381544179,0.649007219191791),.UNSPECIFIED.);
#35=B_SPLINE_CURVE_WITH_KNOTS('',3,(#2720,#2721,#2722,#2723,#2724,#2725),
 .UNSPECIFIED.,.F.,.F.,(4,1,1,4),(0.344073931533395,0.368720776273732,0.530189251343265,
0.649184581793149),.UNSPECIFIED.);
#36=B_SPLINE_CURVE_WITH_KNOTS('',3,(#2727,#2728,#2729,#2730,#2731,#2732,
#2733,#2734,#2735,#2736,#2737,#2738,#2739),.UNSPECIFIED.,.F.,.F.,(4,2,2,
1,1,1,1,1,4),(-0.60672255267496,-0.236730032710495,-0.107709197046248,-0.0430836788184992,
-0.0215418394092497,-0.0107709197046249,-0.00538545985231257,-0.00269272992615638,
-1.95323971546515E-16),.UNSPECIFIED.);
#37=B_SPLINE_CURVE_WITH_KNOTS('',3,(#2740,#2741,#2742,#2743,#2744,#2745,
#2746,#2747,#2748,#2749,#2750,#2751,#2752,#2753,#2754,#2755,#2756,#2757,
#2758,#2759,#2760,#2761,#2762,#2763),.UNSPECIFIED.,.F.,.F.,(4,1,1,2,1,1,
1,1,1,1,1,1,2,2,1,1,1,1,4),(-0.599619900876205,-0.598408910812333,-0.597197920748461,
-0.594775940620718,-0.591232710724805,-0.587689480828893,-0.580603021037069,
-0.573516561245244,-0.56643010145342,-0.559343641661595,-0.538084262286122,
-0.481392583951526,-0.368009227282335,-0.262966083712839,-0.13148304185642,
-0.0657415209282099,-0.0328707604641049,-0.0164353802320525,0.),
 .UNSPECIFIED.);
#38=B_SPLINE_CURVE_WITH_KNOTS('',3,(#2805,#2806,#2807,#2808,#2809,#2810),
 .UNSPECIFIED.,.F.,.F.,(4,1,1,4),(0.271227378826854,0.369119333725461,0.530550149084759,
0.649007145296639),.UNSPECIFIED.);
#39=B_SPLINE_CURVE_WITH_KNOTS('',3,(#2812,#2813,#2814,#2815,#2816),
 .UNSPECIFIED.,.F.,.F.,(4,1,4),(-0.0956506981084841,-0.0546575417762767,
0.),.UNSPECIFIED.);
#40=B_SPLINE_CURVE_WITH_KNOTS('',3,(#2817,#2818,#2819,#2820,#2821,#2822),
 .UNSPECIFIED.,.F.,.F.,(4,1,1,4),(-0.0788820420344448,-0.0338065894433335,
-0.0169032947216668,0.),.UNSPECIFIED.);
#41=B_SPLINE_CURVE_WITH_KNOTS('',3,(#2880,#2881,#2882,#2883,#2884,#2885),
 .UNSPECIFIED.,.F.,.F.,(4,1,1,4),(0.27038561151352,0.369119333725465,0.530550149084765,
0.649007145296645),.UNSPECIFIED.);
#42=B_SPLINE_CURVE_WITH_KNOTS('',3,(#2887,#2888,#2889,#2890,#2891,#2892,
#2893,#2894,#2895,#2896,#2897,#2898,#2899,#2900,#2901),.UNSPECIFIED.,.F.,
 .F.,(4,1,2,1,1,1,1,1,1,1,1,4),(-0.581910819515322,-0.451468480911817,-0.25570948715725,
-0.15342569229436,-0.0511418974314699,-0.0383564230736086,-0.0255709487157474,
-0.0127854743578862,-0.00639273717895553,-0.00319636858949022,-0.00159818429475756,
-2.49046760694471E-14),.UNSPECIFIED.);
#43=B_SPLINE_CURVE_WITH_KNOTS('',3,(#2902,#2903,#2904,#2905,#2906,#2907,
#2908,#2909,#2910,#2911,#2912,#2913,#2914,#2915,#2916,#2917,#2918,#2919,
#2920,#2921,#2922,#2923,#2924,#2925,#2926,#2927,#2928,#2929,#2930,#2931,
#2932,#2933,#2934,#2935,#2936,#2937,#2938,#2939,#2940,#2941,#2942),
 .UNSPECIFIED.,.F.,.F.,(4,1,1,1,1,1,1,1,1,1,1,1,1,1,1,2,1,1,1,1,1,1,1,1,
1,1,1,1,1,1,1,1,1,1,1,2,4),(-0.582459677006492,-0.580845295400315,-0.579230913794139,
-0.576002150581786,-0.569544624157081,-0.55662957130767,-0.54371451845826,
-0.530799465608849,-0.504969359910028,-0.479139254211206,-0.453309148512385,
-0.427479042813564,-0.401648937114742,-0.375818831415921,-0.349988725717099,
-0.324158620018278,-0.307957054767772,-0.291755489517266,-0.275553924266761,
-0.259352359016255,-0.243150793765749,-0.226949228515243,-0.210747663264737,
-0.194546098014232,-0.178344532763726,-0.16214296751322,-0.145941402262714,
-0.129739837012209,-0.113538271761703,-0.0973367065111969,-0.0811351412606911,
-0.0649335760101853,-0.0487320107596795,-0.0325304455091737,-0.016328880258668,
-0.00012731500816216,-6.36579645542062E-5),.UNSPECIFIED.);
#44=B_SPLINE_CURVE_WITH_KNOTS('',3,(#2945,#2946,#2947,#2948,#2949,#2950,
#2951,#2952,#2953,#2954,#2955,#2956,#2957,#2958,#2959,#2960,#2961,#2962,
#2963,#2964,#2965,#2966,#2967,#2968,#2969,#2970,#2971,#2972,#2973,#2974,
#2975,#2976,#2977,#2978,#2979,#2980,#2981,#2982,#2983,#2984,#2985,#2986,
#2987,#2988,#2989,#2990,#2991,#2992,#2993,#2994,#2995,#2996,#2997,#2998,
#2999,#3000,#3001,#3002,#3003,#3004,#3005,#3006,#3007),.UNSPECIFIED.,.T.,
 .F.,(4,2,2,2,1,2,2,2,2,2,2,2,1,2,2,2,2,2,1,2,2,1,2,2,2,2,2,2,2,1,2,2,2,
4),(-1.,-0.954456873144779,-0.897671024905354,-0.885026917362941,-0.87499362314702,
-0.864960328931099,-0.846563734404723,-0.789497966869167,-0.750043177289829,
-0.720401609419421,-0.656694294367932,-0.635002953460344,-0.624968273176803,
-0.614933592893262,-0.607489238134644,-0.551819732816639,-0.499955642812787,
-0.477144471147684,-0.444856858222541,-0.412569245297399,-0.384992130763294,
-0.374959671647226,-0.364927212531157,-0.364525170630897,-0.312411077134689,
-0.249912462625302,-0.187186960800434,-0.135015705444741,-0.134565337524296,
-0.124759007887258,-0.114952678250221,-0.086027066851662,-0.0283391305596547,
0.),.UNSPECIFIED.);
#45=B_SPLINE_CURVE_WITH_KNOTS('',3,(#3214,#3215,#3216,#3217,#3218,#3219,
#3220),.UNSPECIFIED.,.F.,.F.,(4,3,4),(0.,0.500000001013084,1.00000000202617),
 .UNSPECIFIED.);
#46=B_SPLINE_CURVE_WITH_KNOTS('',3,(#3222,#3223,#3224,#3225,#3226,#3227,
#3228,#3229,#3230,#3231,#3232,#3233,#3234,#3235,#3236,#3237,#3238,#3239,
#3240,#3241,#3242,#3243,#3244,#3245,#3246,#3247,#3248,#3249,#3250,#3251,
#3252,#3253,#3254,#3255,#3256,#3257,#3258,#3259,#3260,#3261,#3262),
 .UNSPECIFIED.,.F.,.F.,(4,2,1,1,1,1,1,1,1,1,1,1,1,1,1,1,1,1,1,1,1,2,1,1,
1,1,1,1,1,1,1,1,1,1,1,1,4),(0.,0.00012731500816216,0.016328880258668,0.0325304455091737,
0.0487320107596795,0.0649335760101853,0.0811351412606911,0.0973367065111969,
0.113538271761703,0.129739837012209,0.145941402262714,0.16214296751322,
0.178344532763726,0.194546098014232,0.210747663264737,0.226949228515243,
0.243150793765749,0.259352359016255,0.275553924266761,0.291755489517266,
0.307957054767772,0.324158620018278,0.349988725717099,0.375818831415921,
0.401648937114742,0.427479042813564,0.453309148512385,0.479139254211206,
0.504969359910028,0.530799465608849,0.54371451845826,0.55662957130767,0.569544624157081,
0.576002150581786,0.579230913794139,0.580845295400315,0.582459677006492),
 .UNSPECIFIED.);
#47=B_SPLINE_CURVE_WITH_KNOTS('',3,(#3284,#3285,#3286,#3287),
 .UNSPECIFIED.,.F.,.F.,(4,4),(-0.0266438966875177,0.),.UNSPECIFIED.);
#48=B_SPLINE_CURVE_WITH_KNOTS('',3,(#3290,#3291,#3292,#3293),
 .UNSPECIFIED.,.F.,.F.,(4,4),(0.,0.0266438966875177),.UNSPECIFIED.);
#49=B_SPLINE_CURVE_WITH_KNOTS('',3,(#3361,#3362,#3363,#3364,#3365,#3366,
#3367,#3368,#3369,#3370,#3371,#3372,#3373,#3374,#3375,#3376),
 .UNSPECIFIED.,.F.,.F.,(4,2,2,1,1,1,1,2,1,1,4),(-0.599313426130992,-0.345244621801212,
-0.236326446068694,-0.121420755944895,-0.0639679108829953,-0.0352414883520455,
-0.0208782770865706,-0.00651506582109575,-0.00325753291054787,-0.00162876645527394,
0.),.UNSPECIFIED.);
#50=B_SPLINE_CURVE_WITH_KNOTS('',3,(#3377,#3378,#3379,#3380,#3381,#3382,
#3383,#3384,#3385,#3386,#3387,#3388,#3389,#3390,#3391,#3392),
 .UNSPECIFIED.,.F.,.F.,(4,1,1,2,1,1,1,1,2,2,4),(0.,0.00162876645527394,
0.00325753291054787,0.00651506582109575,0.0208782770865706,0.0352414883520455,
0.0639679108829953,0.121420755944895,0.236326446068694,0.345244621801212,
0.599313426130992),.UNSPECIFIED.);
#51=B_SPLINE_CURVE_WITH_KNOTS('',3,(#3452,#3453,#3454,#3455,#3456,#3457,
#3458,#3459,#3460,#3461,#3462,#3463,#3464,#3465),.UNSPECIFIED.,.F.,.F.,
(4,1,1,1,1,1,2,2,1,4),(-0.606702632455522,-0.603866266695983,-0.601029900936443,
-0.595357169417364,-0.584011706379206,-0.56132078030289,-0.493248002073943,
-0.359122317804931,-0.287297854243945,0.),.UNSPECIFIED.);
#52=B_SPLINE_CURVE_WITH_KNOTS('',3,(#3466,#3467,#3468,#3469,#3470,#3471,
#3472,#3473,#3474,#3475,#3476,#3477,#3478,#3479),.UNSPECIFIED.,.F.,.F.,
(4,1,2,2,1,1,1,1,1,4),(5.18034296222522E-10,0.287297854243945,0.359122317804931,
0.493248002073943,0.56132078030289,0.584011706379206,0.595357169417364,
0.601029900936443,0.603866266695983,0.606702632455522),.UNSPECIFIED.);
#53=B_SPLINE_CURVE_WITH_KNOTS('',3,(#3503,#3504,#3505,#3506,#3507),
 .UNSPECIFIED.,.F.,.F.,(4,1,4),(-0.0783422532559814,-0.0335752513954206,
0.),.UNSPECIFIED.);
#54=B_SPLINE_CURVE_WITH_KNOTS('',3,(#3508,#3509,#3510,#3511,#3512),
 .UNSPECIFIED.,.F.,.F.,(4,1,4),(0.,0.0335752513954206,0.0783422532559814),
 .UNSPECIFIED.);
#55=B_SPLINE_CURVE_WITH_KNOTS('',3,(#3540,#3541,#3542,#3543,#3544),
 .UNSPECIFIED.,.F.,.F.,(4,1,4),(-0.0962048406252,-0.0412306459822286,0.),
 .UNSPECIFIED.);
#56=B_SPLINE_CURVE_WITH_KNOTS('',3,(#3545,#3546,#3547,#3548,#3549),
 .UNSPECIFIED.,.F.,.F.,(4,1,4),(0.,0.0412306459822286,0.0962048406252),
 .UNSPECIFIED.);
#57=B_SPLINE_CURVE_WITH_KNOTS('',3,(#3625,#3626,#3627,#3628,#3629,#3630,
#3631,#3632,#3633,#3634,#3635,#3636,#3637,#3638,#3639),.UNSPECIFIED.,.F.,
 .F.,(4,1,1,1,1,1,1,1,1,2,1,4),(2.49046760694471E-14,0.00159818429475756,
0.00319636858949022,0.00639273717895553,0.0127854743578862,0.0255709487157474,
0.0383564230736086,0.0511418974314699,0.15342569229436,0.25570948715725,
0.451468480911817,0.581974476748195),.UNSPECIFIED.);
#58=B_SPLINE_CURVE_WITH_KNOTS('',3,(#3667,#3668,#3669,#3670,#3671),
 .UNSPECIFIED.,.F.,.F.,(4,1,4),(0.,0.0546575417762767,0.0956506981084841),
 .UNSPECIFIED.);
#59=B_SPLINE_CURVE_WITH_KNOTS('',3,(#3698,#3699,#3700,#3701,#3702,#3703),
 .UNSPECIFIED.,.F.,.F.,(4,1,1,4),(6.1542420100788E-6,0.0169032947216668,
0.0338065894433335,0.0788820420344448),.UNSPECIFIED.);
#60=B_SPLINE_CURVE_WITH_KNOTS('',3,(#3758,#3759,#3760,#3761,#3762,#3763,
#3764,#3765,#3766,#3767,#3768,#3769,#3770),.UNSPECIFIED.,.F.,.F.,(4,1,1,
1,1,1,2,2,4),(1.95323971546515E-16,0.00269272992615638,0.00538545985231257,
0.0107709197046249,0.0215418394092497,0.0430836788184992,0.107709197046248,
0.236730032710495,0.60672255267496),.UNSPECIFIED.);
#61=B_SPLINE_CURVE_WITH_KNOTS('',3,(#3869,#3870,#3871,#3872,#3873,#3874,
#3875,#3876,#3877,#3878,#3879,#3880,#3881,#3882,#3883,#3884,#3885,#3886,
#3887,#3888,#3889,#3890,#3891,#3892),.UNSPECIFIED.,.F.,.F.,(4,1,1,1,1,2,
2,1,1,1,1,1,1,1,1,2,1,1,4),(5.18034011334223E-10,0.0164353802320525,0.0328707604641049,
0.0657415209282099,0.13148304185642,0.262966083712839,0.368009227282335,
0.481392583951526,0.538084262286122,0.559343641661595,0.56643010145342,
0.573516561245244,0.580603021037069,0.587689480828893,0.591232710724805,
0.594775940620718,0.597197920748461,0.598408910812333,0.599619900876205),
 .UNSPECIFIED.);
#62=B_SPLINE_CURVE_WITH_KNOTS('',3,(#3911,#3912,#3913,#3914),
 .UNSPECIFIED.,.F.,.F.,(4,4),(0.,0.0273130225083784),.UNSPECIFIED.);
#63=B_SPLINE_CURVE_WITH_KNOTS('',3,(#3982,#3983,#3984,#3985,#3986,#3987,
#3988,#3989,#3990,#3991,#3992,#3993,#3994),.UNSPECIFIED.,.F.,.F.,(4,1,1,
1,1,1,2,2,4),(1.78202982950499E-5,0.0288836347671017,0.0577669089205146,
0.0866501830739275,0.11553345722734,0.129975094304047,0.144416731380753,
0.14498072040459,0.157453256577088),.UNSPECIFIED.);
#64=B_SPLINE_CURVE_WITH_KNOTS('',3,(#4172,#4173,#4174,#4175,#4176,#4177,
#4178),.UNSPECIFIED.,.F.,.F.,(4,3,4),(0.,0.500000000918419,1.00000000183684),
 .UNSPECIFIED.);
#65=B_SPLINE_CURVE_WITH_KNOTS('',3,(#4179,#4180,#4181,#4182,#4183,#4184,
#4185,#4186,#4187,#4188,#4189,#4190,#4191,#4192,#4193,#4194,#4195,#4196,
#4197,#4198,#4199,#4200,#4201,#4202,#4203,#4204,#4205,#4206,#4207,#4208,
#4209,#4210,#4211,#4212,#4213),.UNSPECIFIED.,.F.,.F.,(4,2,1,1,1,1,1,1,1,
1,1,1,1,1,1,1,1,1,1,1,1,1,1,1,1,1,1,1,1,1,1,4),(-0.550362081505834,-0.550301470939858,
-0.536543934166376,-0.522786397392893,-0.509028860619411,-0.495271323845928,
-0.481513787072446,-0.467756250298963,-0.453998713525481,-0.440241176751998,
-0.426483639978515,-0.412726103205033,-0.39896856643155,-0.385211029658068,
-0.371453492884585,-0.357695956111103,-0.34393841933762,-0.330180882564138,
-0.302665809017172,-0.275150735470207,-0.247635661923242,-0.220120588376277,
-0.192605514829312,-0.165090441282347,-0.137575367735382,-0.110060294188417,
-0.0825452206414516,-0.0550301470944865,-0.0275150735475214,-0.0137575367740389,
-0.0068787683872976,-5.56324596965035E-13),.UNSPECIFIED.);
#66=B_SPLINE_CURVE_WITH_KNOTS('',3,(#4214,#4215,#4216,#4217,#4218,#4219,
#4220,#4221,#4222,#4223,#4224,#4225,#4226,#4227,#4228,#4229,#4230,#4231,
#4232,#4233,#4234,#4235,#4236,#4237,#4238,#4239,#4240,#4241,#4242,#4243,
#4244,#4245,#4246,#4247,#4248),.UNSPECIFIED.,.F.,.F.,(4,1,1,1,1,1,1,1,1,
1,1,1,1,1,1,1,1,1,1,1,1,1,1,1,1,1,1,1,1,1,2,4),(5.56324596965035E-13,0.0068787683872976,
0.0137575367740389,0.0275150735475214,0.0550301470944865,0.0825452206414516,
0.110060294188417,0.137575367735382,0.165090441282347,0.192605514829312,
0.220120588376277,0.247635661923242,0.275150735470207,0.302665809017172,
0.330180882564138,0.34393841933762,0.357695956111103,0.371453492884585,
0.385211029658068,0.39896856643155,0.412726103205033,0.426483639978515,
0.440241176751998,0.453998713525481,0.467756250298963,0.481513787072446,
0.495271323845928,0.509028860619411,0.522786397392893,0.536543934166376,
0.550301470939858,0.550422692362876),.UNSPECIFIED.);
#67=B_SPLINE_CURVE_WITH_KNOTS('',3,(#4320,#4321,#4322,#4323,#4324,#4325,
#4326,#4327,#4328,#4329,#4330,#4331,#4332,#4333),.UNSPECIFIED.,.F.,.F.,
(4,1,1,1,1,1,1,1,1,1,1,4),(-3.27103449367684E-12,0.0196407338907898,0.0392818744684948,
0.117846436779315,0.235693280245545,0.392822404867185,0.471386967178005,
0.510669248333415,0.53031038891112,0.540130959199972,0.545041244344399,
0.549951529488825),.UNSPECIFIED.);
#68=B_SPLINE_CURVE_WITH_KNOTS('',3,(#4336,#4337,#4338,#4339,#4340,#4341,
#4342,#4343,#4344,#4345,#4346,#4347,#4348,#4349),.UNSPECIFIED.,.F.,.F.,
(4,1,1,1,1,1,1,1,1,1,1,4),(-0.549951529488825,-0.545041244344399,-0.540130959199972,
-0.53031038891112,-0.510669248333415,-0.471386967178005,-0.392822404867185,
-0.235693280245545,-0.117846436779315,-0.0392818744684948,-0.0196407338907898,
-6.06105784593458E-5),.UNSPECIFIED.);
#69=B_SPLINE_CURVE_WITH_KNOTS('',3,(#4410,#4411,#4412,#4413,#4414,#4415,
#4416,#4417,#4418,#4419,#4420,#4421),.UNSPECIFIED.,.F.,.F.,(4,1,1,1,1,2,
2,4),(-0.158092271245179,-0.129427086046038,-0.100761900846897,-0.0720967156477563,
-0.0434315304486155,-0.0147663452494747,-0.0142017246166342,0.),
 .UNSPECIFIED.);
#70=B_SPLINE_CURVE_WITH_KNOTS('',3,(#4422,#4423,#4424,#4425,#4426,#4427,
#4428,#4429,#4430,#4431,#4432,#4433),.UNSPECIFIED.,.F.,.F.,(4,2,2,1,1,1,
1,4),(0.,0.0142017246166342,0.0147663452494747,0.0434315304486155,0.0720967156477563,
0.100761900846897,0.129427086046038,0.158092271245179),.UNSPECIFIED.);
#71=B_SPLINE_CURVE_WITH_KNOTS('',3,(#4471,#4472,#4473,#4474,#4475),
 .UNSPECIFIED.,.F.,.F.,(4,1,4),(0.,0.571428571428571,1.),.UNSPECIFIED.);
#72=B_SPLINE_CURVE_WITH_KNOTS('',3,(#4520,#4521,#4522,#4523,#4524),
 .UNSPECIFIED.,.F.,.F.,(4,1,4),(0.,0.571428571428571,1.),.UNSPECIFIED.);
#73=B_SPLINE_CURVE_WITH_KNOTS('',3,(#4541,#4542,#4543,#4544),
 .UNSPECIFIED.,.F.,.F.,(4,4),(0.,0.269696396861324),.UNSPECIFIED.);
#74=B_SPLINE_CURVE_WITH_KNOTS('',3,(#4640,#4641,#4642,#4643,#4644,#4645,
#4646),.UNSPECIFIED.,.F.,.F.,(4,1,1,1,4),(0.18781367806991,0.194562532133373,
0.369118695592116,0.530549381544179,0.649007219191803),.UNSPECIFIED.);
#75=B_SPLINE_CURVE_WITH_KNOTS('',3,(#4697,#4698,#4699,#4700,#4701,#4702),
 .UNSPECIFIED.,.F.,.F.,(4,1,1,4),(0.28539062052076,0.368720252889398,0.530188622710831,
0.649184589874546),.UNSPECIFIED.);
#76=B_SPLINE_CURVE_WITH_KNOTS('',3,(#4719,#4720,#4721,#4722),
 .UNSPECIFIED.,.F.,.F.,(4,4),(0.,0.270437811897395),.UNSPECIFIED.);
#77=B_SPLINE_CURVE_WITH_KNOTS('',3,(#4848,#4849,#4850,#4851,#4852,#4853),
 .UNSPECIFIED.,.F.,.F.,(4,1,1,4),(0.343104468314573,0.368720776273734,0.530189251343268,
0.649184581793177),.UNSPECIFIED.);
#78=B_SPLINE_CURVE_WITH_KNOTS('',3,(#4856,#4857,#4858,#4859,#4860,#4861,
#4862,#4863,#4864,#4865,#4866,#4867,#4868,#4869,#4870,#4871,#4872,#4873,
#4874,#4875,#4876,#4877,#4878,#4879,#4880,#4881,#4882,#4883,#4884,#4885,
#4886,#4887,#4888,#4889,#4890,#4891,#4892,#4893,#4894,#4895,#4896,#4897,
#4898,#4899,#4900,#4901,#4902,#4903,#4904,#4905,#4906,#4907,#4908,#4909,
#4910,#4911,#4912,#4913,#4914,#4915,#4916,#4917,#4918),.UNSPECIFIED.,.T.,
 .F.,(4,2,2,2,1,2,2,2,2,2,2,2,1,2,2,1,2,2,2,2,2,1,2,2,2,2,2,2,2,1,2,2,2,
4),(0.,0.0283391305596547,0.086027066851662,0.114952678250221,0.124759007887258,
0.134565337524296,0.135015705444741,0.187186960800434,0.249912462625302,
0.312411077134689,0.364525170630897,0.364927212531157,0.374959671647226,
0.384992130763294,0.412569245297399,0.444856858222541,0.477144471147684,
0.499955642812787,0.551819732816639,0.607489238134644,0.614933592893262,
0.624968273176803,0.635002953460344,0.656694294367932,0.720401609419421,
0.750043177289829,0.789497966869167,0.846563734404723,0.864960328931099,
0.87499362314702,0.885026917362941,0.897671024905354,0.954456873144779,
1.),.UNSPECIFIED.);
#79=B_SPLINE_CURVE_WITH_KNOTS('',3,(#5864,#5865,#5866,#5867,#5868,#5869,
#5870,#5871,#5872,#5873,#5874,#5875,#5876,#5877,#5878,#5879,#5880,#5881,
#5882,#5883,#5884,#5885,#5886,#5887,#5888,#5889,#5890,#5891,#5892,#5893,
#5894),.UNSPECIFIED.,.F.,.F.,(4,3,3,3,3,3,3,3,3,3,4),(-1.,-0.857142857142857,
-0.714285714285714,-0.571428571428571,-0.5,-0.428571428571429,-0.357142857142857,
-0.214285714285714,-0.142857142857143,-0.0714285714285714,0.),
 .UNSPECIFIED.);
#80=B_SPLINE_SURFACE_WITH_KNOTS('',3,3,((#1914,#1915,#1916,#1917,#1918,
#1919,#1920,#1921,#1922,#1923),(#1924,#1925,#1926,#1927,#1928,#1929,#1930,
#1931,#1932,#1933),(#1934,#1935,#1936,#1937,#1938,#1939,#1940,#1941,#1942,
#1943),(#1944,#1945,#1946,#1947,#1948,#1949,#1950,#1951,#1952,#1953),(#1954,
#1955,#1956,#1957,#1958,#1959,#1960,#1961,#1962,#1963),(#1964,#1965,#1966,
#1967,#1968,#1969,#1970,#1971,#1972,#1973),(#1974,#1975,#1976,#1977,#1978,
#1979,#1980,#1981,#1982,#1983),(#1984,#1985,#1986,#1987,#1988,#1989,#1990,
#1991,#1992,#1993),(#1994,#1995,#1996,#1997,#1998,#1999,#2000,#2001,#2002,
#2003)),.UNSPECIFIED.,.F.,.F.,.F.,(4,1,1,1,1,1,4),(4,1,1,2,1,1,4),(0.,0.0714285714285714,
0.142857142857143,0.214285714285714,0.285714285714286,0.5,1.),(0.,0.1390074473174,
0.278014894634801,0.695037236587002,1.11205946027172,1.25106686816662,1.39007427606153),
 .UNSPECIFIED.);
#81=B_SPLINE_SURFACE_WITH_KNOTS('',3,3,((#2030,#2031,#2032,#2033,#2034,
#2035),(#2036,#2037,#2038,#2039,#2040,#2041),(#2042,#2043,#2044,#2045,#2046,
#2047),(#2048,#2049,#2050,#2051,#2052,#2053),(#2054,#2055,#2056,#2057,#2058,
#2059)),.UNSPECIFIED.,.F.,.F.,.F.,(4,1,4),(4,1,1,4),(0.,0.5,1.),(8.02528704661391E-13,
0.120796790223665,0.201327983705573,0.281859177187481),.UNSPECIFIED.);
#82=B_SPLINE_SURFACE_WITH_KNOTS('',3,3,((#2075,#2076,#2077,#2078,#2079,
#2080,#2081,#2082,#2083,#2084),(#2085,#2086,#2087,#2088,#2089,#2090,#2091,
#2092,#2093,#2094),(#2095,#2096,#2097,#2098,#2099,#2100,#2101,#2102,#2103,
#2104),(#2105,#2106,#2107,#2108,#2109,#2110,#2111,#2112,#2113,#2114),(#2115,
#2116,#2117,#2118,#2119,#2120,#2121,#2122,#2123,#2124),(#2125,#2126,#2127,
#2128,#2129,#2130,#2131,#2132,#2133,#2134),(#2135,#2136,#2137,#2138,#2139,
#2140,#2141,#2142,#2143,#2144),(#2145,#2146,#2147,#2148,#2149,#2150,#2151,
#2152,#2153,#2154),(#2155,#2156,#2157,#2158,#2159,#2160,#2161,#2162,#2163,
#2164)),.UNSPECIFIED.,.F.,.F.,.F.,(4,1,1,1,1,1,4),(4,1,1,2,1,1,4),(0.,0.0714285714285714,
0.142857142857143,0.214285714285714,0.285714285714286,0.5,1.),(-1.38984678798637,
-1.25086232327256,-0.97289339384496,-0.694924464417357,-0.277969785766943,
-0.138984892883471,0.),.UNSPECIFIED.);
#83=B_SPLINE_SURFACE_WITH_KNOTS('',3,3,((#2188,#2189,#2190,#2191,#2192,
#2193),(#2194,#2195,#2196,#2197,#2198,#2199),(#2200,#2201,#2202,#2203,#2204,
#2205),(#2206,#2207,#2208,#2209,#2210,#2211),(#2212,#2213,#2214,#2215,#2216,
#2217)),.UNSPECIFIED.,.F.,.F.,.F.,(4,1,4),(4,1,1,4),(0.,0.5,1.),(0.,0.0805311795775269,
0.161062359155054,0.281859128521344),.UNSPECIFIED.);
#84=B_SPLINE_SURFACE_WITH_KNOTS('',3,3,((#2233,#2234,#2235,#2236,#2237,
#2238,#2239,#2240,#2241,#2242),(#2243,#2244,#2245,#2246,#2247,#2248,#2249,
#2250,#2251,#2252),(#2253,#2254,#2255,#2256,#2257,#2258,#2259,#2260,#2261,
#2262),(#2263,#2264,#2265,#2266,#2267,#2268,#2269,#2270,#2271,#2272),(#2273,
#2274,#2275,#2276,#2277,#2278,#2279,#2280,#2281,#2282),(#2283,#2284,#2285,
#2286,#2287,#2288,#2289,#2290,#2291,#2292),(#2293,#2294,#2295,#2296,#2297,
#2298,#2299,#2300,#2301,#2302),(#2303,#2304,#2305,#2306,#2307,#2308,#2309,
#2310,#2311,#2312),(#2313,#2314,#2315,#2316,#2317,#2318,#2319,#2320,#2321,
#2322)),.UNSPECIFIED.,.F.,.F.,.F.,(4,1,1,1,1,1,4),(4,1,1,2,1,1,4),(0.,0.0714285714285714,
0.142857142857143,0.214285714285714,0.285714285714286,0.5,1.),(1.61177798054939E-14,
0.139007441557993,0.27801488311597,0.6950372077899,0.973052012077564,1.25106681636523,
1.39007421850906),.UNSPECIFIED.);
#85=B_SPLINE_SURFACE_WITH_KNOTS('',3,3,((#2346,#2347,#2348,#2349,#2350,
#2351),(#2352,#2353,#2354,#2355,#2356,#2357),(#2358,#2359,#2360,#2361,#2362,
#2363),(#2364,#2365,#2366,#2367,#2368,#2369),(#2370,#2371,#2372,#2373,#2374,
#2375)),.UNSPECIFIED.,.F.,.F.,.F.,(4,1,4),(4,1,1,4),(0.,0.5,1.),(5.66513319902847E-13,
0.120796786717379,0.20132797786192,0.281859169006462),.UNSPECIFIED.);
#86=B_SPLINE_SURFACE_WITH_KNOTS('',3,3,((#2391,#2392,#2393,#2394,#2395,
#2396,#2397,#2398,#2399,#2400),(#2401,#2402,#2403,#2404,#2405,#2406,#2407,
#2408,#2409,#2410),(#2411,#2412,#2413,#2414,#2415,#2416,#2417,#2418,#2419,
#2420),(#2421,#2422,#2423,#2424,#2425,#2426,#2427,#2428,#2429,#2430),(#2431,
#2432,#2433,#2434,#2435,#2436,#2437,#2438,#2439,#2440),(#2441,#2442,#2443,
#2444,#2445,#2446,#2447,#2448,#2449,#2450),(#2451,#2452,#2453,#2454,#2455,
#2456,#2457,#2458,#2459,#2460),(#2461,#2462,#2463,#2464,#2465,#2466,#2467,
#2468,#2469,#2470),(#2471,#2472,#2473,#2474,#2475,#2476,#2477,#2478,#2479,
#2480)),.UNSPECIFIED.,.F.,.F.,.F.,(4,1,1,1,1,1,4),(4,1,1,2,1,1,4),(0.,0.0714285714285714,
0.142857142857143,0.214285714285714,0.285714285714286,0.5,1.),(-1.38984678799156,
-1.25086231654976,-1.11187784510795,-0.694924430782542,-0.277969772313017,
-0.138984886156508,0.),.UNSPECIFIED.);
#87=B_SPLINE_SURFACE_WITH_KNOTS('',3,3,((#2504,#2505,#2506,#2507,#2508,
#2509),(#2510,#2511,#2512,#2513,#2514,#2515),(#2516,#2517,#2518,#2519,#2520,
#2521),(#2522,#2523,#2524,#2525,#2526,#2527),(#2528,#2529,#2530,#2531,#2532,
#2533)),.UNSPECIFIED.,.F.,.F.,.F.,(4,1,4),(4,1,1,4),(0.,0.5,1.),(0.,0.12079677283259,
0.201327954720984,0.281859136609377),.UNSPECIFIED.);
#88=B_SPLINE_SURFACE_WITH_KNOTS('',3,3,((#2546,#2547,#2548,#2549,#2550,
#2551,#2552,#2553,#2554,#2555),(#2556,#2557,#2558,#2559,#2560,#2561,#2562,
#2563,#2564,#2565),(#2566,#2567,#2568,#2569,#2570,#2571,#2572,#2573,#2574,
#2575),(#2576,#2577,#2578,#2579,#2580,#2581,#2582,#2583,#2584,#2585),(#2586,
#2587,#2588,#2589,#2590,#2591,#2592,#2593,#2594,#2595)),.UNSPECIFIED.,.F.,
 .F.,.F.,(4,1,4),(4,1,1,1,1,1,1,4),(0.,0.571428571428571,1.),(0.279517201069696,
0.287979347120103,0.288363879619525,0.54643131041964,0.547076037374326,
0.785722133805235,0.786334739347157,0.962070250737769),.UNSPECIFIED.);
#89=B_SPLINE_SURFACE_WITH_KNOTS('',3,3,((#2629,#2630,#2631,#2632,#2633,
#2634,#2635,#2636,#2637,#2638),(#2639,#2640,#2641,#2642,#2643,#2644,#2645,
#2646,#2647,#2648),(#2649,#2650,#2651,#2652,#2653,#2654,#2655,#2656,#2657,
#2658),(#2659,#2660,#2661,#2662,#2663,#2664,#2665,#2666,#2667,#2668),(#2669,
#2670,#2671,#2672,#2673,#2674,#2675,#2676,#2677,#2678),(#2679,#2680,#2681,
#2682,#2683,#2684,#2685,#2686,#2687,#2688),(#2689,#2690,#2691,#2692,#2693,
#2694,#2695,#2696,#2697,#2698),(#2699,#2700,#2701,#2702,#2703,#2704,#2705,
#2706,#2707,#2708),(#2709,#2710,#2711,#2712,#2713,#2714,#2715,#2716,#2717,
#2718)),.UNSPECIFIED.,.F.,.F.,.F.,(4,1,2,1,1,4),(4,1,1,1,1,1,1,4),(0.,0.199999986369801,
0.499999965924503,0.699999979554702,0.799999986369801,1.),(0.424281098676182,
0.428571428571428,0.54643131041964,0.571428571428571,0.714285714285714,
0.785723097704906,0.857142857142857,0.962131599990378),.UNSPECIFIED.);
#90=B_SPLINE_SURFACE_WITH_KNOTS('',3,3,((#2764,#2765,#2766,#2767,#2768,
#2769,#2770,#2771),(#2772,#2773,#2774,#2775,#2776,#2777,#2778,#2779),(#2780,
#2781,#2782,#2783,#2784,#2785,#2786,#2787),(#2788,#2789,#2790,#2791,#2792,
#2793,#2794,#2795),(#2796,#2797,#2798,#2799,#2800,#2801,#2802,#2803)),
 .UNSPECIFIED.,.F.,.F.,.F.,(4,1,4),(4,1,1,1,1,4),(0.,0.571428571428571,
1.),(0.401989958259144,0.546432108512105,0.547077017809716,0.785723097704906,
0.78633592673222,0.962070278294945),.UNSPECIFIED.);
#91=B_SPLINE_SURFACE_WITH_KNOTS('',3,3,((#2823,#2824,#2825,#2826,#2827,
#2828,#2829),(#2830,#2831,#2832,#2833,#2834,#2835,#2836),(#2837,#2838,#2839,
#2840,#2841,#2842,#2843),(#2844,#2845,#2846,#2847,#2848,#2849,#2850),(#2851,
#2852,#2853,#2854,#2855,#2856,#2857),(#2858,#2859,#2860,#2861,#2862,#2863,
#2864),(#2865,#2866,#2867,#2868,#2869,#2870,#2871),(#2872,#2873,#2874,#2875,
#2876,#2877,#2878)),.UNSPECIFIED.,.F.,.F.,.F.,(4,1,2,1,4),(4,1,1,1,4),(0.,
0.2,0.500000000000001,0.8,1.),(0.239066855369972,0.288364195612126,0.547077017809716,
0.78633592673222,0.961902726694239),.UNSPECIFIED.);
#92=B_SPLINE_SURFACE_WITH_KNOTS('',3,3,((#3008,#3009,#3010,#3011,#3012,
#3013,#3014,#3015,#3016,#3017,#3018,#3019,#3020,#3021,#3022,#3023,#3024,
#3025,#3026,#3027,#3028,#3029,#3030,#3031,#3032,#3033,#3034,#3035,#3036,
#3037,#3038,#3039,#3040,#3041,#3042,#3043,#3044,#3045,#3046,#3047,#3048),
(#3049,#3050,#3051,#3052,#3053,#3054,#3055,#3056,#3057,#3058,#3059,#3060,
#3061,#3062,#3063,#3064,#3065,#3066,#3067,#3068,#3069,#3070,#3071,#3072,
#3073,#3074,#3075,#3076,#3077,#3078,#3079,#3080,#3081,#3082,#3083,#3084,
#3085,#3086,#3087,#3088,#3089),(#3090,#3091,#3092,#3093,#3094,#3095,#3096,
#3097,#3098,#3099,#3100,#3101,#3102,#3103,#3104,#3105,#3106,#3107,#3108,
#3109,#3110,#3111,#3112,#3113,#3114,#3115,#3116,#3117,#3118,#3119,#3120,
#3121,#3122,#3123,#3124,#3125,#3126,#3127,#3128,#3129,#3130),(#3131,#3132,
#3133,#3134,#3135,#3136,#3137,#3138,#3139,#3140,#3141,#3142,#3143,#3144,
#3145,#3146,#3147,#3148,#3149,#3150,#3151,#3152,#3153,#3154,#3155,#3156,
#3157,#3158,#3159,#3160,#3161,#3162,#3163,#3164,#3165,#3166,#3167,#3168,
#3169,#3170,#3171),(#3172,#3173,#3174,#3175,#3176,#3177,#3178,#3179,#3180,
#3181,#3182,#3183,#3184,#3185,#3186,#3187,#3188,#3189,#3190,#3191,#3192,
#3193,#3194,#3195,#3196,#3197,#3198,#3199,#3200,#3201,#3202,#3203,#3204,
#3205,#3206,#3207,#3208,#3209,#3210,#3211,#3212)),.UNSPECIFIED.,.F.,.F.,
 .F.,(4,1,4),(4,2,1,1,1,1,1,1,1,1,1,1,1,1,1,1,1,1,1,1,1,2,1,1,1,1,1,1,1,
1,1,1,1,1,1,1,4),(0.,0.5,1.),(0.,0.00012731500816216,0.016328880258668,
0.0325304455091737,0.0487320107596795,0.0649335760101853,0.0811351412606911,
0.0973367065111969,0.113538271761703,0.129739837012209,0.145941402262714,
0.16214296751322,0.178344532763726,0.194546098014232,0.210747663264737,
0.226949228515243,0.243150793765749,0.259352359016255,0.275553924266761,
0.291755489517266,0.307957054767772,0.324158620018278,0.349988725717099,
0.375818831415921,0.401648937114742,0.427479042813564,0.453309148512385,
0.479139254211206,0.504969359910028,0.530799465608849,0.54371451845826,
0.55662957130767,0.569544624157081,0.576002150581786,0.579230913794139,
0.580845295400315,0.582459677006492),.UNSPECIFIED.);
#93=B_SPLINE_SURFACE_WITH_KNOTS('',3,3,((#3264,#3265,#3266,#3267),(#3268,
#3269,#3270,#3271),(#3272,#3273,#3274,#3275),(#3276,#3277,#3278,#3279)),
 .UNSPECIFIED.,.F.,.F.,.F.,(4,4),(4,4),(0.,1.),(0.,0.0266438966875177),
 .UNSPECIFIED.);
#94=B_SPLINE_SURFACE_WITH_KNOTS('',3,3,((#3294,#3295,#3296,#3297,#3298,
#3299,#3300,#3301,#3302,#3303,#3304,#3305,#3306,#3307,#3308,#3309),(#3310,
#3311,#3312,#3313,#3314,#3315,#3316,#3317,#3318,#3319,#3320,#3321,#3322,
#3323,#3324,#3325),(#3326,#3327,#3328,#3329,#3330,#3331,#3332,#3333,#3334,
#3335,#3336,#3337,#3338,#3339,#3340,#3341),(#3342,#3343,#3344,#3345,#3346,
#3347,#3348,#3349,#3350,#3351,#3352,#3353,#3354,#3355,#3356,#3357)),
 .UNSPECIFIED.,.F.,.F.,.F.,(4,4),(4,1,1,2,1,1,1,1,2,2,4),(0.,1.),(0.,0.00162876645527394,
0.00325753291054787,0.00651506582109575,0.0208782770865706,0.0352414883520455,
0.0639679108829953,0.121420755944895,0.236326446068694,0.345244621801212,
0.599313426130992),.UNSPECIFIED.);
#95=B_SPLINE_SURFACE_WITH_KNOTS('',3,3,((#3393,#3394,#3395,#3396,#3397,
#3398,#3399,#3400,#3401,#3402,#3403,#3404,#3405,#3406),(#3407,#3408,#3409,
#3410,#3411,#3412,#3413,#3414,#3415,#3416,#3417,#3418,#3419,#3420),(#3421,
#3422,#3423,#3424,#3425,#3426,#3427,#3428,#3429,#3430,#3431,#3432,#3433,
#3434),(#3435,#3436,#3437,#3438,#3439,#3440,#3441,#3442,#3443,#3444,#3445,
#3446,#3447,#3448)),.UNSPECIFIED.,.F.,.F.,.F.,(4,4),(4,1,2,2,1,1,1,1,1,
4),(0.,1.),(0.,0.287297854243945,0.359122317804931,0.493248002073943,0.56132078030289,
0.584011706379206,0.595357169417364,0.601029900936443,0.603866266695983,
0.606702632455522),.UNSPECIFIED.);
#96=B_SPLINE_SURFACE_WITH_KNOTS('',3,3,((#3480,#3481,#3482,#3483,#3484),
(#3485,#3486,#3487,#3488,#3489),(#3490,#3491,#3492,#3493,#3494),(#3495,
#3496,#3497,#3498,#3499)),.UNSPECIFIED.,.F.,.F.,.F.,(4,4),(4,1,4),(0.,1.),
(0.,0.0335752513954206,0.0783422532559814),.UNSPECIFIED.);
#97=B_SPLINE_SURFACE_WITH_KNOTS('',3,3,((#3513,#3514,#3515,#3516,#3517),
(#3518,#3519,#3520,#3521,#3522),(#3523,#3524,#3525,#3526,#3527),(#3528,
#3529,#3530,#3531,#3532),(#3533,#3534,#3535,#3536,#3537)),.UNSPECIFIED.,
 .F.,.F.,.F.,(4,1,4),(4,1,4),(0.,0.5,1.),(0.,0.0412306459822286,0.0962048406252),
 .UNSPECIFIED.);
#98=B_SPLINE_SURFACE_WITH_KNOTS('',3,3,((#3550,#3551,#3552,#3553,#3554,
#3555,#3556,#3557,#3558,#3559,#3560,#3561,#3562,#3563,#3564),(#3565,#3566,
#3567,#3568,#3569,#3570,#3571,#3572,#3573,#3574,#3575,#3576,#3577,#3578,
#3579),(#3580,#3581,#3582,#3583,#3584,#3585,#3586,#3587,#3588,#3589,#3590,
#3591,#3592,#3593,#3594),(#3595,#3596,#3597,#3598,#3599,#3600,#3601,#3602,
#3603,#3604,#3605,#3606,#3607,#3608,#3609),(#3610,#3611,#3612,#3613,#3614,
#3615,#3616,#3617,#3618,#3619,#3620,#3621,#3622,#3623,#3624)),
 .UNSPECIFIED.,.F.,.F.,.F.,(4,1,4),(4,1,1,1,1,1,1,1,1,2,1,4),(0.,0.5,1.),
(2.49046760694471E-14,0.00159818429475756,0.00319636858949022,0.00639273717895553,
0.0127854743578862,0.0255709487157474,0.0383564230736086,0.0511418974314699,
0.15342569229436,0.25570948715725,0.451468480911817,0.581974476748195),
 .UNSPECIFIED.);
#99=B_SPLINE_SURFACE_WITH_KNOTS('',3,3,((#3640,#3641,#3642,#3643,#3644),
(#3645,#3646,#3647,#3648,#3649),(#3650,#3651,#3652,#3653,#3654),(#3655,
#3656,#3657,#3658,#3659),(#3660,#3661,#3662,#3663,#3664)),.UNSPECIFIED.,
 .F.,.F.,.F.,(4,1,4),(4,1,4),(0.,0.5,1.),(0.,0.0546575417762767,0.0956506981084841),
 .UNSPECIFIED.);
#100=B_SPLINE_SURFACE_WITH_KNOTS('',3,3,((#3672,#3673,#3674,#3675,#3676,
#3677),(#3678,#3679,#3680,#3681,#3682,#3683),(#3684,#3685,#3686,#3687,#3688,
#3689),(#3690,#3691,#3692,#3693,#3694,#3695)),.UNSPECIFIED.,.F.,.F.,.F.,
(4,4),(4,1,1,4),(0.,1.),(0.,0.0169032947216668,0.0338065894433335,0.0788820420344448),
 .UNSPECIFIED.);
#101=B_SPLINE_SURFACE_WITH_KNOTS('',3,3,((#3704,#3705,#3706,#3707,#3708,
#3709,#3710,#3711,#3712,#3713,#3714,#3715,#3716),(#3717,#3718,#3719,#3720,
#3721,#3722,#3723,#3724,#3725,#3726,#3727,#3728,#3729),(#3730,#3731,#3732,
#3733,#3734,#3735,#3736,#3737,#3738,#3739,#3740,#3741,#3742),(#3743,#3744,
#3745,#3746,#3747,#3748,#3749,#3750,#3751,#3752,#3753,#3754,#3755)),
 .UNSPECIFIED.,.F.,.F.,.F.,(4,4),(4,1,1,1,1,1,2,2,4),(0.,1.),(1.95323971546515E-16,
0.00269272992615638,0.00538545985231257,0.0107709197046249,0.0215418394092497,
0.0430836788184992,0.107709197046248,0.236730032710495,0.60672255267496),
 .UNSPECIFIED.);
#102=B_SPLINE_SURFACE_WITH_KNOTS('',3,3,((#3771,#3772,#3773,#3774,#3775,
#3776,#3777,#3778,#3779,#3780,#3781,#3782,#3783,#3784,#3785,#3786,#3787,
#3788,#3789,#3790,#3791,#3792,#3793,#3794),(#3795,#3796,#3797,#3798,#3799,
#3800,#3801,#3802,#3803,#3804,#3805,#3806,#3807,#3808,#3809,#3810,#3811,
#3812,#3813,#3814,#3815,#3816,#3817,#3818),(#3819,#3820,#3821,#3822,#3823,
#3824,#3825,#3826,#3827,#3828,#3829,#3830,#3831,#3832,#3833,#3834,#3835,
#3836,#3837,#3838,#3839,#3840,#3841,#3842),(#3843,#3844,#3845,#3846,#3847,
#3848,#3849,#3850,#3851,#3852,#3853,#3854,#3855,#3856,#3857,#3858,#3859,
#3860,#3861,#3862,#3863,#3864,#3865,#3866)),.UNSPECIFIED.,.F.,.F.,.F.,(4,
4),(4,1,1,1,1,2,2,1,1,1,1,1,1,1,1,2,1,1,4),(0.,1.),(0.,0.0164353802320525,
0.0328707604641049,0.0657415209282099,0.13148304185642,0.262966083712839,
0.368009227282335,0.481392583951526,0.538084262286122,0.559343641661595,
0.56643010145342,0.573516561245244,0.580603021037069,0.587689480828893,
0.591232710724805,0.594775940620718,0.597197920748461,0.598408910812333,
0.599619900876205),.UNSPECIFIED.);
#103=B_SPLINE_SURFACE_WITH_KNOTS('',3,3,((#3893,#3894,#3895,#3896),(#3897,
#3898,#3899,#3900),(#3901,#3902,#3903,#3904),(#3905,#3906,#3907,#3908)),
 .UNSPECIFIED.,.F.,.F.,.F.,(4,4),(4,4),(0.,1.),(0.,0.0273130225083784),
 .UNSPECIFIED.);
#104=B_SPLINE_SURFACE_WITH_KNOTS('',3,3,((#3915,#3916,#3917,#3918,#3919,
#3920,#3921,#3922,#3923,#3924,#3925,#3926,#3927),(#3928,#3929,#3930,#3931,
#3932,#3933,#3934,#3935,#3936,#3937,#3938,#3939,#3940),(#3941,#3942,#3943,
#3944,#3945,#3946,#3947,#3948,#3949,#3950,#3951,#3952,#3953),(#3954,#3955,
#3956,#3957,#3958,#3959,#3960,#3961,#3962,#3963,#3964,#3965,#3966),(#3967,
#3968,#3969,#3970,#3971,#3972,#3973,#3974,#3975,#3976,#3977,#3978,#3979)),
 .UNSPECIFIED.,.F.,.F.,.F.,(4,1,4),(4,1,1,1,1,1,2,2,4),(0.,0.5,1.),(3.60613688790564E-7,
0.0288836347671017,0.0577669089205146,0.0866501830739275,0.11553345722734,
0.129975094304047,0.144416731380753,0.14498072040459,0.157453256577088),
 .UNSPECIFIED.);
#105=B_SPLINE_SURFACE_WITH_KNOTS('',3,3,((#3995,#3996,#3997,#3998,#3999,
#4000,#4001,#4002,#4003,#4004,#4005,#4006,#4007,#4008,#4009,#4010,#4011,
#4012,#4013,#4014,#4015,#4016,#4017,#4018,#4019,#4020,#4021,#4022,#4023,
#4024,#4025,#4026,#4027,#4028,#4029),(#4030,#4031,#4032,#4033,#4034,#4035,
#4036,#4037,#4038,#4039,#4040,#4041,#4042,#4043,#4044,#4045,#4046,#4047,
#4048,#4049,#4050,#4051,#4052,#4053,#4054,#4055,#4056,#4057,#4058,#4059,
#4060,#4061,#4062,#4063,#4064),(#4065,#4066,#4067,#4068,#4069,#4070,#4071,
#4072,#4073,#4074,#4075,#4076,#4077,#4078,#4079,#4080,#4081,#4082,#4083,
#4084,#4085,#4086,#4087,#4088,#4089,#4090,#4091,#4092,#4093,#4094,#4095,
#4096,#4097,#4098,#4099),(#4100,#4101,#4102,#4103,#4104,#4105,#4106,#4107,
#4108,#4109,#4110,#4111,#4112,#4113,#4114,#4115,#4116,#4117,#4118,#4119,
#4120,#4121,#4122,#4123,#4124,#4125,#4126,#4127,#4128,#4129,#4130,#4131,
#4132,#4133,#4134),(#4135,#4136,#4137,#4138,#4139,#4140,#4141,#4142,#4143,
#4144,#4145,#4146,#4147,#4148,#4149,#4150,#4151,#4152,#4153,#4154,#4155,
#4156,#4157,#4158,#4159,#4160,#4161,#4162,#4163,#4164,#4165,#4166,#4167,
#4168,#4169)),.UNSPECIFIED.,.F.,.F.,.F.,(4,1,4),(4,1,1,1,1,1,1,1,1,1,1,
1,1,1,1,1,1,1,1,1,1,1,1,1,1,1,1,1,1,1,2,4),(0.,0.5,1.),(5.56324596965035E-13,
0.0068787683872976,0.0137575367740389,0.0275150735475214,0.0550301470944865,
0.0825452206414516,0.110060294188417,0.137575367735382,0.165090441282347,
0.192605514829312,0.220120588376277,0.247635661923242,0.275150735470207,
0.302665809017172,0.330180882564138,0.34393841933762,0.357695956111103,
0.371453492884585,0.385211029658068,0.39896856643155,0.412726103205033,
0.426483639978515,0.440241176751998,0.453998713525481,0.467756250298963,
0.481513787072446,0.495271323845928,0.509028860619411,0.522786397392893,
0.536543934166376,0.550301470939858,0.550422692362876),.UNSPECIFIED.);
#106=B_SPLINE_SURFACE_WITH_KNOTS('',3,3,((#4249,#4250,#4251,#4252,#4253,
#4254,#4255,#4256,#4257,#4258,#4259,#4260,#4261,#4262),(#4263,#4264,#4265,
#4266,#4267,#4268,#4269,#4270,#4271,#4272,#4273,#4274,#4275,#4276),(#4277,
#4278,#4279,#4280,#4281,#4282,#4283,#4284,#4285,#4286,#4287,#4288,#4289,
#4290),(#4291,#4292,#4293,#4294,#4295,#4296,#4297,#4298,#4299,#4300,#4301,
#4302,#4303,#4304),(#4305,#4306,#4307,#4308,#4309,#4310,#4311,#4312,#4313,
#4314,#4315,#4316,#4317,#4318)),.UNSPECIFIED.,.F.,.F.,.F.,(4,1,4),(4,1,
1,1,1,1,1,1,1,1,1,4),(0.,0.5,1.),(-4.06686915205888E-7,0.0196407338907898,
0.0392818744684948,0.117846436779315,0.235693280245545,0.392822404867185,
0.471386967178005,0.510669248333415,0.53031038891112,0.540130959199972,
0.545041244344399,0.549951529488825),.UNSPECIFIED.);
#107=B_SPLINE_SURFACE_WITH_KNOTS('',3,3,((#4350,#4351,#4352,#4353,#4354,
#4355,#4356,#4357,#4358,#4359,#4360,#4361),(#4362,#4363,#4364,#4365,#4366,
#4367,#4368,#4369,#4370,#4371,#4372,#4373),(#4374,#4375,#4376,#4377,#4378,
#4379,#4380,#4381,#4382,#4383,#4384,#4385),(#4386,#4387,#4388,#4389,#4390,
#4391,#4392,#4393,#4394,#4395,#4396,#4397),(#4398,#4399,#4400,#4401,#4402,
#4403,#4404,#4405,#4406,#4407,#4408,#4409)),.UNSPECIFIED.,.F.,.F.,.F.,(4,
1,4),(4,2,2,1,1,1,1,4),(0.,0.5,1.),(0.,0.0142017246166342,0.0147663452494747,
0.0434315304486155,0.0720967156477563,0.100761900846897,0.129427086046038,
0.158092271245179),.UNSPECIFIED.);
#108=B_SPLINE_SURFACE_WITH_KNOTS('',3,3,((#4434,#4435,#4436,#4437,#4438),
(#4439,#4440,#4441,#4442,#4443),(#4444,#4445,#4446,#4447,#4448),(#4449,
#4450,#4451,#4452,#4453),(#4454,#4455,#4456,#4457,#4458)),.UNSPECIFIED.,
 .F.,.F.,.F.,(4,1,4),(4,1,4),(-1.,-0.657014432146013,-0.19970034167403),
(0.,0.571428571428571,1.),.UNSPECIFIED.);
#109=B_SPLINE_SURFACE_WITH_KNOTS('',3,3,((#4485,#4486,#4487,#4488,#4489),
(#4490,#4491,#4492,#4493,#4494),(#4495,#4496,#4497,#4498,#4499),(#4500,
#4501,#4502,#4503,#4504),(#4505,#4506,#4507,#4508,#4509)),.UNSPECIFIED.,
 .F.,.F.,.F.,(4,1,4),(4,1,4),(0.199710840511274,0.542691908863585,1.),(0.,
0.571428571428571,1.),.UNSPECIFIED.);
#110=B_SPLINE_SURFACE_WITH_KNOTS('',3,3,((#4525,#4526,#4527,#4528),(#4529,
#4530,#4531,#4532),(#4533,#4534,#4535,#4536),(#4537,#4538,#4539,#4540)),
 .UNSPECIFIED.,.F.,.F.,.F.,(4,4),(4,4),(0.300806401913015,1.),(0.,0.269696398316416),
 .UNSPECIFIED.);
#111=B_SPLINE_SURFACE_WITH_KNOTS('',3,3,((#4545,#4546,#4547,#4548),(#4549,
#4550,#4551,#4552),(#4553,#4554,#4555,#4556),(#4557,#4558,#4559,#4560)),
 .UNSPECIFIED.,.F.,.F.,.F.,(4,4),(4,4),(-1.,-0.331929924226521),(0.,0.269696396861324),
 .UNSPECIFIED.);
#112=B_SPLINE_SURFACE_WITH_KNOTS('',3,3,((#4570,#4571,#4572,#4573,#4574,
#4575,#4576),(#4577,#4578,#4579,#4580,#4581,#4582,#4583),(#4584,#4585,#4586,
#4587,#4588,#4589,#4590),(#4591,#4592,#4593,#4594,#4595,#4596,#4597),(#4598,
#4599,#4600,#4601,#4602,#4603,#4604),(#4605,#4606,#4607,#4608,#4609,#4610,
#4611),(#4612,#4613,#4614,#4615,#4616,#4617,#4618),(#4619,#4620,#4621,#4622,
#4623,#4624,#4625),(#4626,#4627,#4628,#4629,#4630,#4631,#4632),(#4633,#4634,
#4635,#4636,#4637,#4638,#4639)),.UNSPECIFIED.,.F.,.F.,.F.,(4,1,1,2,1,1,
4),(4,1,1,1,4),(0.,0.0999999999999997,0.299999999999999,0.499999999999999,
0.699999999999999,0.9,1.),(0.124113377462548,0.288363879619525,0.547076037374326,
0.786334739347157,0.961902775293526),.UNSPECIFIED.);
#113=B_SPLINE_SURFACE_WITH_KNOTS('',3,3,((#4647,#4648,#4649,#4650,#4651,
#4652,#4653,#4654,#4655,#4656),(#4657,#4658,#4659,#4660,#4661,#4662,#4663,
#4664,#4665,#4666),(#4667,#4668,#4669,#4670,#4671,#4672,#4673,#4674,#4675,
#4676),(#4677,#4678,#4679,#4680,#4681,#4682,#4683,#4684,#4685,#4686),(#4687,
#4688,#4689,#4690,#4691,#4692,#4693,#4694,#4695,#4696)),.UNSPECIFIED.,.F.,
 .F.,.F.,(4,1,4),(4,1,1,1,1,1,1,4),(0.,0.571428571428571,1.),(0.278361307596088,
0.287979347120103,0.288363879619525,0.54643131041964,0.547076037374326,
0.785722133805235,0.786334739347158,0.962070250737772),.UNSPECIFIED.);
#114=B_SPLINE_SURFACE_WITH_KNOTS('',3,3,((#4703,#4704,#4705,#4706),(#4707,
#4708,#4709,#4710),(#4711,#4712,#4713,#4714),(#4715,#4716,#4717,#4718)),
 .UNSPECIFIED.,.F.,.F.,.F.,(4,4),(4,4),(0.330559950121623,1.),(0.,0.270437811897395),
 .UNSPECIFIED.);
#115=B_SPLINE_SURFACE_WITH_KNOTS('',3,3,((#4732,#4733,#4734,#4735,#4736),
(#4737,#4738,#4739,#4740,#4741),(#4742,#4743,#4744,#4745,#4746),(#4747,
#4748,#4749,#4750,#4751),(#4752,#4753,#4754,#4755,#4756)),.UNSPECIFIED.,
 .F.,.F.,.F.,(4,1,4),(4,1,4),(0.175022217802533,0.52858412445859,1.),(0.,
0.571428571428571,1.),.UNSPECIFIED.);
#116=B_SPLINE_SURFACE_WITH_KNOTS('',3,3,((#4767,#4768,#4769,#4770),(#4771,
#4772,#4773,#4774),(#4775,#4776,#4777,#4778),(#4779,#4780,#4781,#4782)),
 .UNSPECIFIED.,.F.,.F.,.F.,(4,4),(4,4),(-1.,-0.299853101855566),(0.,0.270437842525715),
 .UNSPECIFIED.);
#117=B_SPLINE_SURFACE_WITH_KNOTS('',3,3,((#4783,#4784,#4785,#4786,#4787),
(#4788,#4789,#4790,#4791,#4792),(#4793,#4794,#4795,#4796,#4797),(#4798,
#4799,#4800,#4801,#4802),(#4803,#4804,#4805,#4806,#4807)),.UNSPECIFIED.,
 .F.,.F.,.F.,(4,1,4),(4,1,4),(-1.,-0.646444148555255,-0.175036346628928),
(0.,0.571428571428571,1.),.UNSPECIFIED.);
#118=B_SPLINE_SURFACE_WITH_KNOTS('',3,3,((#4808,#4809,#4810,#4811,#4812,
#4813,#4814,#4815),(#4816,#4817,#4818,#4819,#4820,#4821,#4822,#4823),(#4824,
#4825,#4826,#4827,#4828,#4829,#4830,#4831),(#4832,#4833,#4834,#4835,#4836,
#4837,#4838,#4839),(#4840,#4841,#4842,#4843,#4844,#4845,#4846,#4847)),
 .UNSPECIFIED.,.F.,.F.,.F.,(4,1,4),(4,1,1,1,1,4),(0.,0.571428571428571,
1.),(0.40074236294404,0.546432108512105,0.547077017809716,0.785723097704906,
0.78633592673222,0.96207027829494),.UNSPECIFIED.);
#119=B_SPLINE_SURFACE_WITH_KNOTS('',3,3,((#4919,#4920,#4921,#4922,#4923,
#4924,#4925,#4926,#4927,#4928,#4929,#4930,#4931,#4932,#4933),(#4934,#4935,
#4936,#4937,#4938,#4939,#4940,#4941,#4942,#4943,#4944,#4945,#4946,#4947,
#4948),(#4949,#4950,#4951,#4952,#4953,#4954,#4955,#4956,#4957,#4958,#4959,
#4960,#4961,#4962,#4963),(#4964,#4965,#4966,#4967,#4968,#4969,#4970,#4971,
#4972,#4973,#4974,#4975,#4976,#4977,#4978),(#4979,#4980,#4981,#4982,#4983,
#4984,#4985,#4986,#4987,#4988,#4989,#4990,#4991,#4992,#4993),(#4994,#4995,
#4996,#4997,#4998,#4999,#5000,#5001,#5002,#5003,#5004,#5005,#5006,#5007,
#5008),(#5009,#5010,#5011,#5012,#5013,#5014,#5015,#5016,#5017,#5018,#5019,
#5020,#5021,#5022,#5023),(#5024,#5025,#5026,#5027,#5028,#5029,#5030,#5031,
#5032,#5033,#5034,#5035,#5036,#5037,#5038),(#5039,#5040,#5041,#5042,#5043,
#5044,#5045,#5046,#5047,#5048,#5049,#5050,#5051,#5052,#5053),(#5054,#5055,
#5056,#5057,#5058,#5059,#5060,#5061,#5062,#5063,#5064,#5065,#5066,#5067,
#5068),(#5069,#5070,#5071,#5072,#5073,#5074,#5075,#5076,#5077,#5078,#5079,
#5080,#5081,#5082,#5083),(#5084,#5085,#5086,#5087,#5088,#5089,#5090,#5091,
#5092,#5093,#5094,#5095,#5096,#5097,#5098),(#5099,#5100,#5101,#5102,#5103,
#5104,#5105,#5106,#5107,#5108,#5109,#5110,#5111,#5112,#5113),(#5114,#5115,
#5116,#5117,#5118,#5119,#5120,#5121,#5122,#5123,#5124,#5125,#5126,#5127,
#5128),(#5129,#5130,#5131,#5132,#5133,#5134,#5135,#5136,#5137,#5138,#5139,
#5140,#5141,#5142,#5143),(#5144,#5145,#5146,#5147,#5148,#5149,#5150,#5151,
#5152,#5153,#5154,#5155,#5156,#5157,#5158),(#5159,#5160,#5161,#5162,#5163,
#5164,#5165,#5166,#5167,#5168,#5169,#5170,#5171,#5172,#5173),(#5174,#5175,
#5176,#5177,#5178,#5179,#5180,#5181,#5182,#5183,#5184,#5185,#5186,#5187,
#5188),(#5189,#5190,#5191,#5192,#5193,#5194,#5195,#5196,#5197,#5198,#5199,
#5200,#5201,#5202,#5203),(#5204,#5205,#5206,#5207,#5208,#5209,#5210,#5211,
#5212,#5213,#5214,#5215,#5216,#5217,#5218),(#5219,#5220,#5221,#5222,#5223,
#5224,#5225,#5226,#5227,#5228,#5229,#5230,#5231,#5232,#5233),(#5234,#5235,
#5236,#5237,#5238,#5239,#5240,#5241,#5242,#5243,#5244,#5245,#5246,#5247,
#5248),(#5249,#5250,#5251,#5252,#5253,#5254,#5255,#5256,#5257,#5258,#5259,
#5260,#5261,#5262,#5263),(#5264,#5265,#5266,#5267,#5268,#5269,#5270,#5271,
#5272,#5273,#5274,#5275,#5276,#5277,#5278),(#5279,#5280,#5281,#5282,#5283,
#5284,#5285,#5286,#5287,#5288,#5289,#5290,#5291,#5292,#5293),(#5294,#5295,
#5296,#5297,#5298,#5299,#5300,#5301,#5302,#5303,#5304,#5305,#5306,#5307,
#5308),(#5309,#5310,#5311,#5312,#5313,#5314,#5315,#5316,#5317,#5318,#5319,
#5320,#5321,#5322,#5323),(#5324,#5325,#5326,#5327,#5328,#5329,#5330,#5331,
#5332,#5333,#5334,#5335,#5336,#5337,#5338),(#5339,#5340,#5341,#5342,#5343,
#5344,#5345,#5346,#5347,#5348,#5349,#5350,#5351,#5352,#5353),(#5354,#5355,
#5356,#5357,#5358,#5359,#5360,#5361,#5362,#5363,#5364,#5365,#5366,#5367,
#5368),(#5369,#5370,#5371,#5372,#5373,#5374,#5375,#5376,#5377,#5378,#5379,
#5380,#5381,#5382,#5383),(#5384,#5385,#5386,#5387,#5388,#5389,#5390,#5391,
#5392,#5393,#5394,#5395,#5396,#5397,#5398),(#5399,#5400,#5401,#5402,#5403,
#5404,#5405,#5406,#5407,#5408,#5409,#5410,#5411,#5412,#5413),(#5414,#5415,
#5416,#5417,#5418,#5419,#5420,#5421,#5422,#5423,#5424,#5425,#5426,#5427,
#5428),(#5429,#5430,#5431,#5432,#5433,#5434,#5435,#5436,#5437,#5438,#5439,
#5440,#5441,#5442,#5443),(#5444,#5445,#5446,#5447,#5448,#5449,#5450,#5451,
#5452,#5453,#5454,#5455,#5456,#5457,#5458),(#5459,#5460,#5461,#5462,#5463,
#5464,#5465,#5466,#5467,#5468,#5469,#5470,#5471,#5472,#5473),(#5474,#5475,
#5476,#5477,#5478,#5479,#5480,#5481,#5482,#5483,#5484,#5485,#5486,#5487,
#5488),(#5489,#5490,#5491,#5492,#5493,#5494,#5495,#5496,#5497,#5498,#5499,
#5500,#5501,#5502,#5503),(#5504,#5505,#5506,#5507,#5508,#5509,#5510,#5511,
#5512,#5513,#5514,#5515,#5516,#5517,#5518),(#5519,#5520,#5521,#5522,#5523,
#5524,#5525,#5526,#5527,#5528,#5529,#5530,#5531,#5532,#5533),(#5534,#5535,
#5536,#5537,#5538,#5539,#5540,#5541,#5542,#5543,#5544,#5545,#5546,#5547,
#5548),(#5549,#5550,#5551,#5552,#5553,#5554,#5555,#5556,#5557,#5558,#5559,
#5560,#5561,#5562,#5563),(#5564,#5565,#5566,#5567,#5568,#5569,#5570,#5571,
#5572,#5573,#5574,#5575,#5576,#5577,#5578),(#5579,#5580,#5581,#5582,#5583,
#5584,#5585,#5586,#5587,#5588,#5589,#5590,#5591,#5592,#5593),(#5594,#5595,
#5596,#5597,#5598,#5599,#5600,#5601,#5602,#5603,#5604,#5605,#5606,#5607,
#5608),(#5609,#5610,#5611,#5612,#5613,#5614,#5615,#5616,#5617,#5618,#5619,
#5620,#5621,#5622,#5623),(#5624,#5625,#5626,#5627,#5628,#5629,#5630,#5631,
#5632,#5633,#5634,#5635,#5636,#5637,#5638),(#5639,#5640,#5641,#5642,#5643,
#5644,#5645,#5646,#5647,#5648,#5649,#5650,#5651,#5652,#5653),(#5654,#5655,
#5656,#5657,#5658,#5659,#5660,#5661,#5662,#5663,#5664,#5665,#5666,#5667,
#5668),(#5669,#5670,#5671,#5672,#5673,#5674,#5675,#5676,#5677,#5678,#5679,
#5680,#5681,#5682,#5683),(#5684,#5685,#5686,#5687,#5688,#5689,#5690,#5691,
#5692,#5693,#5694,#5695,#5696,#5697,#5698),(#5699,#5700,#5701,#5702,#5703,
#5704,#5705,#5706,#5707,#5708,#5709,#5710,#5711,#5712,#5713),(#5714,#5715,
#5716,#5717,#5718,#5719,#5720,#5721,#5722,#5723,#5724,#5725,#5726,#5727,
#5728),(#5729,#5730,#5731,#5732,#5733,#5734,#5735,#5736,#5737,#5738,#5739,
#5740,#5741,#5742,#5743),(#5744,#5745,#5746,#5747,#5748,#5749,#5750,#5751,
#5752,#5753,#5754,#5755,#5756,#5757,#5758),(#5759,#5760,#5761,#5762,#5763,
#5764,#5765,#5766,#5767,#5768,#5769,#5770,#5771,#5772,#5773),(#5774,#5775,
#5776,#5777,#5778,#5779,#5780,#5781,#5782,#5783,#5784,#5785,#5786,#5787,
#5788),(#5789,#5790,#5791,#5792,#5793,#5794,#5795,#5796,#5797,#5798,#5799,
#5800,#5801,#5802,#5803),(#5804,#5805,#5806,#5807,#5808,#5809,#5810,#5811,
#5812,#5813,#5814,#5815,#5816,#5817,#5818),(#5819,#5820,#5821,#5822,#5823,
#5824,#5825,#5826,#5827,#5828,#5829,#5830,#5831,#5832,#5833),(#5834,#5835,
#5836,#5837,#5838,#5839,#5840,#5841,#5842,#5843,#5844,#5845,#5846,#5847,
#5848),(#5849,#5850,#5851,#5852,#5853,#5854,#5855,#5856,#5857,#5858,#5859,
#5860,#5861,#5862,#5863)),.UNSPECIFIED.,.T.,.F.,.F.,(4,2,2,2,1,2,2,2,2,
2,2,2,1,2,2,1,2,2,2,2,2,1,2,2,2,2,2,2,2,1,2,2,2,4),(4,1,1,1,1,1,1,1,1,1,
1,1,4),(0.,0.0283391305596547,0.086027066851662,0.114952678250221,0.124759007887258,
0.134565337524296,0.135015705444741,0.187186960800434,0.249912462625302,
0.312411077134689,0.364525170630897,0.364927212531157,0.374959671647226,
0.384992130763294,0.412569245297399,0.444856858222541,0.477144471147684,
0.499955642812787,0.551819732816639,0.607489238134644,0.614933592893262,
0.624968273176803,0.635002953460344,0.656694294367932,0.720401609419421,
0.750043177289829,0.789497966869167,0.846563734404723,0.864960328931099,
0.87499362314702,0.885026917362941,0.897671024905354,0.954456873144779,
1.),(0.,0.142857142857143,0.285714285714286,0.428571428571429,0.5,0.535714285714286,
0.571428571428571,0.642857142857143,0.714285714285714,0.785714285714286,
0.857142857142857,0.928571428571429,1.),.UNSPECIFIED.);
#120=B_SPLINE_SURFACE_WITH_KNOTS('',3,3,((#5895,#5896,#5897,#5898,#5899,
#5900,#5901,#5902,#5903,#5904),(#5905,#5906,#5907,#5908,#5909,#5910,#5911,
#5912,#5913,#5914),(#5915,#5916,#5917,#5918,#5919,#5920,#5921,#5922,#5923,
#5924),(#5925,#5926,#5927,#5928,#5929,#5930,#5931,#5932,#5933,#5934),(#5935,
#5936,#5937,#5938,#5939,#5940,#5941,#5942,#5943,#5944),(#5945,#5946,#5947,
#5948,#5949,#5950,#5951,#5952,#5953,#5954),(#5955,#5956,#5957,#5958,#5959,
#5960,#5961,#5962,#5963,#5964),(#5965,#5966,#5967,#5968,#5969,#5970,#5971,
#5972,#5973,#5974)),.UNSPECIFIED.,.F.,.F.,.F.,(4,1,2,1,4),(4,1,1,1,1,1,
1,4),(0.,0.2000000136302,0.500000034075499,0.800000013630199,1.),(0.42293953079765,
0.428571428571428,0.54643131041964,0.571428571428571,0.714285714285714,
0.785723097704906,0.857142857142857,0.962131627003241),.UNSPECIFIED.);
#121=SHAPE_REPRESENTATION_RELATIONSHIP('SRR','None',#5992,#123);
#122=SHAPE_REPRESENTATION_RELATIONSHIP('SRR','None',#5991,#124);
#123=ADVANCED_BREP_SHAPE_REPRESENTATION('',(#127),#5980);
#124=ADVANCED_BREP_SHAPE_REPRESENTATION('',(#128),#5979);
#125=STYLED_ITEM('',(#6005),#127);
#126=STYLED_ITEM('',(#6005),#128);
#127=MANIFOLD_SOLID_BREP('Body1',#1245);
#128=MANIFOLD_SOLID_BREP('Body3',#1246);
#129=TOROIDAL_SURFACE('',#1310,2.55,0.2);
#130=TOROIDAL_SURFACE('',#1315,3.,0.25);
#131=FACE_BOUND('',#390,.T.);
#132=FACE_BOUND('',#395,.T.);
#133=FACE_BOUND('',#418,.T.);
#134=PLANE('',#1298);
#135=PLANE('',#1299);
#136=PLANE('',#1302);
#137=PLANE('',#1303);
#138=PLANE('',#1304);
#139=PLANE('',#1307);
#140=PLANE('',#1308);
#141=PLANE('',#1318);
#142=PLANE('',#1319);
#143=PLANE('',#1323);
#144=PLANE('',#1324);
#145=PLANE('',#1325);
#146=PLANE('',#1327);
#147=PLANE('',#1328);
#148=PLANE('',#1329);
#149=PLANE('',#1338);
#150=PLANE('',#1353);
#151=ELLIPSE('',#1264,0.282842712474619,0.2);
#152=ELLIPSE('',#1266,0.282842712474619,0.2);
#153=ELLIPSE('',#1269,0.282842712474619,0.2);
#154=ELLIPSE('',#1271,0.282842712474619,0.2);
#155=ELLIPSE('',#1274,0.282842712474619,0.2);
#156=ELLIPSE('',#1280,0.282842712474619,0.2);
#157=ELLIPSE('',#1283,0.282842712474619,0.2);
#158=ELLIPSE('',#1293,0.282842712474619,0.2);
#159=LINE('',#1708,#212);
#160=LINE('',#1712,#213);
#161=LINE('',#1716,#214);
#162=LINE('',#1719,#215);
#163=LINE('',#1723,#216);
#164=LINE('',#1727,#217);
#165=LINE('',#1731,#218);
#166=LINE('',#1734,#219);
#167=LINE('',#1738,#220);
#168=LINE('',#1742,#221);
#169=LINE('',#1759,#222);
#170=LINE('',#1760,#223);
#171=LINE('',#1763,#224);
#172=LINE('',#1765,#225);
#173=LINE('',#1770,#226);
#174=LINE('',#1774,#227);
#175=LINE('',#1791,#228);
#176=LINE('',#1792,#229);
#177=LINE('',#1808,#230);
#178=LINE('',#1809,#231);
#179=LINE('',#1812,#232);
#180=LINE('',#1814,#233);
#181=LINE('',#1831,#234);
#182=LINE('',#1832,#235);
#183=LINE('',#1835,#236);
#184=LINE('',#1837,#237);
#185=LINE('',#1838,#238);
#186=LINE('',#1841,#239);
#187=LINE('',#1842,#240);
#188=LINE('',#1845,#241);
#189=LINE('',#1849,#242);
#190=LINE('',#1850,#243);
#191=LINE('',#1853,#244);
#192=LINE('',#1854,#245);
#193=LINE('',#1857,#246);
#194=LINE('',#1858,#247);
#195=LINE('',#1861,#248);
#196=LINE('',#1865,#249);
#197=LINE('',#1866,#250);
#198=LINE('',#1876,#251);
#199=LINE('',#1887,#252);
#200=LINE('',#1889,#253);
#201=LINE('',#1891,#254);
#202=LINE('',#1895,#255);
#203=LINE('',#1897,#256);
#204=LINE('',#1898,#257);
#205=LINE('',#1900,#258);
#206=LINE('',#1901,#259);
#207=LINE('',#1904,#260);
#208=LINE('',#1906,#261);
#209=LINE('',#1908,#262);
#210=LINE('',#1910,#263);
#211=LINE('',#1912,#264);
#212=VECTOR('',#1363,10.);
#213=VECTOR('',#1366,10.);
#214=VECTOR('',#1371,10.);
#215=VECTOR('',#1374,10.);
#216=VECTOR('',#1377,10.);
#217=VECTOR('',#1380,10.);
#218=VECTOR('',#1385,10.);
#219=VECTOR('',#1388,10.);
#220=VECTOR('',#1391,10.);
#221=VECTOR('',#1394,10.);
#222=VECTOR('',#1405,10.);
#223=VECTOR('',#1406,10.);
#224=VECTOR('',#1409,10.);
#225=VECTOR('',#1410,10.);
#226=VECTOR('',#1415,10.);
#227=VECTOR('',#1418,10.);
#228=VECTOR('',#1429,10.);
#229=VECTOR('',#1430,10.);
#230=VECTOR('',#1439,10.);
#231=VECTOR('',#1440,10.);
#232=VECTOR('',#1443,10.);
#233=VECTOR('',#1444,10.);
#234=VECTOR('',#1455,10.);
#235=VECTOR('',#1456,10.);
#236=VECTOR('',#1459,10.);
#237=VECTOR('',#1460,10.);
#238=VECTOR('',#1461,10.);
#239=VECTOR('',#1464,10.);
#240=VECTOR('',#1465,10.);
#241=VECTOR('',#1468,10.);
#242=VECTOR('',#1473,10.);
#243=VECTOR('',#1474,10.);
#244=VECTOR('',#1477,10.);
#245=VECTOR('',#1478,10.);
#246=VECTOR('',#1481,10.);
#247=VECTOR('',#1482,10.);
#248=VECTOR('',#1485,10.);
#249=VECTOR('',#1490,10.);
#250=VECTOR('',#1491,10.);
#251=VECTOR('',#1504,2.75);
#252=VECTOR('',#1519,10.);
#253=VECTOR('',#1520,10.);
#254=VECTOR('',#1521,10.);
#255=VECTOR('',#1524,10.);
#256=VECTOR('',#1525,10.);
#257=VECTOR('',#1526,10.);
#258=VECTOR('',#1529,10.);
#259=VECTOR('',#1530,10.);
#260=VECTOR('',#1535,10.);
#261=VECTOR('',#1538,10.);
#262=VECTOR('',#1541,10.);
#263=VECTOR('',#1544,10.);
#264=VECTOR('',#1547,10.);
#265=CYLINDRICAL_SURFACE('',#1262,0.2);
#266=CYLINDRICAL_SURFACE('',#1265,0.2);
#267=CYLINDRICAL_SURFACE('',#1267,0.2);
#268=CYLINDRICAL_SURFACE('',#1270,0.2);
#269=CYLINDRICAL_SURFACE('',#1272,0.2);
#270=CYLINDRICAL_SURFACE('',#1278,0.2);
#271=CYLINDRICAL_SURFACE('',#1279,0.2);
#272=CYLINDRICAL_SURFACE('',#1281,0.2);
#273=CYLINDRICAL_SURFACE('',#1287,0.2);
#274=CYLINDRICAL_SURFACE('',#1291,0.2);
#275=CYLINDRICAL_SURFACE('',#1292,0.2);
#276=CYLINDRICAL_SURFACE('',#1297,0.2);
#277=CYLINDRICAL_SURFACE('',#1300,0.3);
#278=CYLINDRICAL_SURFACE('',#1305,0.3);
#279=CYLINDRICAL_SURFACE('',#1313,2.75);
#280=CYLINDRICAL_SURFACE('',#1322,0.3);
#281=CYLINDRICAL_SURFACE('',#1326,0.3);
#282=FACE_OUTER_BOUND('',#364,.T.);
#283=FACE_OUTER_BOUND('',#365,.T.);
#284=FACE_OUTER_BOUND('',#366,.T.);
#285=FACE_OUTER_BOUND('',#367,.T.);
#286=FACE_OUTER_BOUND('',#368,.T.);
#287=FACE_OUTER_BOUND('',#369,.T.);
#288=FACE_OUTER_BOUND('',#370,.T.);
#289=FACE_OUTER_BOUND('',#371,.T.);
#290=FACE_OUTER_BOUND('',#372,.T.);
#291=FACE_OUTER_BOUND('',#373,.T.);
#292=FACE_OUTER_BOUND('',#374,.T.);
#293=FACE_OUTER_BOUND('',#375,.T.);
#294=FACE_OUTER_BOUND('',#376,.T.);
#295=FACE_OUTER_BOUND('',#377,.T.);
#296=FACE_OUTER_BOUND('',#378,.T.);
#297=FACE_OUTER_BOUND('',#379,.T.);
#298=FACE_OUTER_BOUND('',#380,.T.);
#299=FACE_OUTER_BOUND('',#381,.T.);
#300=FACE_OUTER_BOUND('',#382,.T.);
#301=FACE_OUTER_BOUND('',#383,.T.);
#302=FACE_OUTER_BOUND('',#384,.T.);
#303=FACE_OUTER_BOUND('',#385,.T.);
#304=FACE_OUTER_BOUND('',#386,.T.);
#305=FACE_OUTER_BOUND('',#387,.T.);
#306=FACE_OUTER_BOUND('',#388,.T.);
#307=FACE_OUTER_BOUND('',#389,.T.);
#308=FACE_OUTER_BOUND('',#391,.T.);
#309=FACE_OUTER_BOUND('',#392,.T.);
#310=FACE_OUTER_BOUND('',#393,.T.);
#311=FACE_OUTER_BOUND('',#394,.T.);
#312=FACE_OUTER_BOUND('',#396,.T.);
#313=FACE_OUTER_BOUND('',#397,.T.);
#314=FACE_OUTER_BOUND('',#398,.T.);
#315=FACE_OUTER_BOUND('',#399,.T.);
#316=FACE_OUTER_BOUND('',#400,.T.);
#317=FACE_OUTER_BOUND('',#401,.T.);
#318=FACE_OUTER_BOUND('',#402,.T.);
#319=FACE_OUTER_BOUND('',#403,.T.);
#320=FACE_OUTER_BOUND('',#404,.T.);
#321=FACE_OUTER_BOUND('',#405,.T.);
#322=FACE_OUTER_BOUND('',#406,.T.);
#323=FACE_OUTER_BOUND('',#407,.T.);
#324=FACE_OUTER_BOUND('',#408,.T.);
#325=FACE_OUTER_BOUND('',#409,.T.);
#326=FACE_OUTER_BOUND('',#410,.T.);
#327=FACE_OUTER_BOUND('',#411,.T.);
#328=FACE_OUTER_BOUND('',#412,.T.);
#329=FACE_OUTER_BOUND('',#413,.T.);
#330=FACE_OUTER_BOUND('',#414,.T.);
#331=FACE_OUTER_BOUND('',#415,.T.);
#332=FACE_OUTER_BOUND('',#416,.T.);
#333=FACE_OUTER_BOUND('',#417,.T.);
#334=FACE_OUTER_BOUND('',#419,.T.);
#335=FACE_OUTER_BOUND('',#420,.T.);
#336=FACE_OUTER_BOUND('',#421,.T.);
#337=FACE_OUTER_BOUND('',#422,.T.);
#338=FACE_OUTER_BOUND('',#423,.T.);
#339=FACE_OUTER_BOUND('',#424,.T.);
#340=FACE_OUTER_BOUND('',#425,.T.);
#341=FACE_OUTER_BOUND('',#426,.T.);
#342=FACE_OUTER_BOUND('',#427,.T.);
#343=FACE_OUTER_BOUND('',#428,.T.);
#344=FACE_OUTER_BOUND('',#429,.T.);
#345=FACE_OUTER_BOUND('',#430,.T.);
#346=FACE_OUTER_BOUND('',#431,.T.);
#347=FACE_OUTER_BOUND('',#432,.T.);
#348=FACE_OUTER_BOUND('',#433,.T.);
#349=FACE_OUTER_BOUND('',#434,.T.);
#350=FACE_OUTER_BOUND('',#435,.T.);
#351=FACE_OUTER_BOUND('',#436,.T.);
#352=FACE_OUTER_BOUND('',#437,.T.);
#353=FACE_OUTER_BOUND('',#438,.T.);
#354=FACE_OUTER_BOUND('',#439,.T.);
#355=FACE_OUTER_BOUND('',#440,.T.);
#356=FACE_OUTER_BOUND('',#441,.T.);
#357=FACE_OUTER_BOUND('',#442,.T.);
#358=FACE_OUTER_BOUND('',#443,.T.);
#359=FACE_OUTER_BOUND('',#444,.T.);
#360=FACE_OUTER_BOUND('',#445,.T.);
#361=FACE_OUTER_BOUND('',#446,.T.);
#362=FACE_OUTER_BOUND('',#447,.T.);
#363=FACE_OUTER_BOUND('',#448,.T.);
#364=EDGE_LOOP('',(#794,#795,#796));
#365=EDGE_LOOP('',(#797,#798,#799,#800));
#366=EDGE_LOOP('',(#801,#802,#803,#804));
#367=EDGE_LOOP('',(#805,#806,#807,#808));
#368=EDGE_LOOP('',(#809,#810,#811,#812));
#369=EDGE_LOOP('',(#813,#814,#815,#816));
#370=EDGE_LOOP('',(#817,#818,#819,#820));
#371=EDGE_LOOP('',(#821,#822,#823,#824));
#372=EDGE_LOOP('',(#825,#826,#827,#828));
#373=EDGE_LOOP('',(#829,#830,#831,#832));
#374=EDGE_LOOP('',(#833,#834,#835,#836));
#375=EDGE_LOOP('',(#837,#838,#839,#840));
#376=EDGE_LOOP('',(#841,#842,#843,#844));
#377=EDGE_LOOP('',(#845,#846,#847,#848));
#378=EDGE_LOOP('',(#849,#850,#851,#852));
#379=EDGE_LOOP('',(#853,#854,#855,#856));
#380=EDGE_LOOP('',(#857,#858,#859,#860));
#381=EDGE_LOOP('',(#861,#862,#863,#864));
#382=EDGE_LOOP('',(#865,#866,#867,#868));
#383=EDGE_LOOP('',(#869,#870,#871,#872));
#384=EDGE_LOOP('',(#873,#874,#875,#876));
#385=EDGE_LOOP('',(#877,#878,#879,#880));
#386=EDGE_LOOP('',(#881,#882,#883,#884));
#387=EDGE_LOOP('',(#885,#886,#887,#888));
#388=EDGE_LOOP('',(#889,#890,#891,#892));
#389=EDGE_LOOP('',(#893));
#390=EDGE_LOOP('',(#894,#895,#896,#897,#898,#899,#900,#901,#902,#903,#904,
#905,#906,#907,#908,#909));
#391=EDGE_LOOP('',(#910,#911,#912,#913));
#392=EDGE_LOOP('',(#914,#915,#916,#917));
#393=EDGE_LOOP('',(#918,#919,#920,#921));
#394=EDGE_LOOP('',(#922));
#395=EDGE_LOOP('',(#923));
#396=EDGE_LOOP('',(#924,#925,#926,#927,#928,#929,#930,#931,#932,#933,#934,
#935,#936,#937,#938,#939));
#397=EDGE_LOOP('',(#940,#941,#942,#943));
#398=EDGE_LOOP('',(#944,#945,#946,#947));
#399=EDGE_LOOP('',(#948,#949,#950,#951));
#400=EDGE_LOOP('',(#952,#953,#954,#955));
#401=EDGE_LOOP('',(#956,#957,#958,#959));
#402=EDGE_LOOP('',(#960,#961,#962,#963));
#403=EDGE_LOOP('',(#964,#965,#966,#967));
#404=EDGE_LOOP('',(#968,#969,#970,#971));
#405=EDGE_LOOP('',(#972,#973,#974,#975));
#406=EDGE_LOOP('',(#976,#977,#978,#979));
#407=EDGE_LOOP('',(#980,#981,#982,#983));
#408=EDGE_LOOP('',(#984,#985,#986,#987));
#409=EDGE_LOOP('',(#988,#989,#990,#991));
#410=EDGE_LOOP('',(#992,#993,#994,#995));
#411=EDGE_LOOP('',(#996,#997,#998,#999));
#412=EDGE_LOOP('',(#1000,#1001,#1002,#1003));
#413=EDGE_LOOP('',(#1004,#1005,#1006,#1007,#1008));
#414=EDGE_LOOP('',(#1009,#1010,#1011,#1012,#1013));
#415=EDGE_LOOP('',(#1014,#1015,#1016,#1017,#1018));
#416=EDGE_LOOP('',(#1019,#1020,#1021,#1022,#1023));
#417=EDGE_LOOP('',(#1024,#1025,#1026,#1027,#1028,#1029,#1030,#1031));
#418=EDGE_LOOP('',(#1032));
#419=EDGE_LOOP('',(#1033,#1034,#1035,#1036));
#420=EDGE_LOOP('',(#1037,#1038,#1039,#1040));
#421=EDGE_LOOP('',(#1041,#1042,#1043,#1044));
#422=EDGE_LOOP('',(#1045,#1046,#1047,#1048));
#423=EDGE_LOOP('',(#1049,#1050,#1051,#1052));
#424=EDGE_LOOP('',(#1053,#1054,#1055,#1056));
#425=EDGE_LOOP('',(#1057,#1058,#1059,#1060));
#426=EDGE_LOOP('',(#1061,#1062,#1063,#1064));
#427=EDGE_LOOP('',(#1065,#1066,#1067,#1068));
#428=EDGE_LOOP('',(#1069,#1070,#1071,#1072));
#429=EDGE_LOOP('',(#1073,#1074,#1075,#1076));
#430=EDGE_LOOP('',(#1077,#1078,#1079,#1080));
#431=EDGE_LOOP('',(#1081,#1082,#1083,#1084));
#432=EDGE_LOOP('',(#1085,#1086,#1087,#1088));
#433=EDGE_LOOP('',(#1089,#1090,#1091,#1092));
#434=EDGE_LOOP('',(#1093,#1094,#1095,#1096));
#435=EDGE_LOOP('',(#1097,#1098,#1099,#1100,#1101));
#436=EDGE_LOOP('',(#1102,#1103,#1104,#1105,#1106));
#437=EDGE_LOOP('',(#1107,#1108,#1109,#1110));
#438=EDGE_LOOP('',(#1111,#1112,#1113,#1114));
#439=EDGE_LOOP('',(#1115,#1116,#1117,#1118,#1119));
#440=EDGE_LOOP('',(#1120,#1121,#1122,#1123,#1124));
#441=EDGE_LOOP('',(#1125,#1126,#1127,#1128));
#442=EDGE_LOOP('',(#1129,#1130,#1131,#1132,#1133));
#443=EDGE_LOOP('',(#1134,#1135,#1136,#1137));
#444=EDGE_LOOP('',(#1138,#1139,#1140,#1141,#1142));
#445=EDGE_LOOP('',(#1143,#1144,#1145,#1146,#1147));
#446=EDGE_LOOP('',(#1148));
#447=EDGE_LOOP('',(#1149,#1150,#1151,#1152));
#448=EDGE_LOOP('',(#1153,#1154,#1155,#1156,#1157));
#449=CIRCLE('',#1261,4.);
#450=CIRCLE('',#1263,0.2);
#451=CIRCLE('',#1268,0.2);
#452=CIRCLE('',#1273,0.2);
#453=CIRCLE('',#1275,0.2);
#454=CIRCLE('',#1276,0.1);
#455=CIRCLE('',#1277,0.3);
#456=CIRCLE('',#1282,0.2);
#457=CIRCLE('',#1284,0.2);
#458=CIRCLE('',#1285,0.0999999999999997);
#459=CIRCLE('',#1286,0.3);
#460=CIRCLE('',#1288,0.2);
#461=CIRCLE('',#1289,0.0999999999999998);
#462=CIRCLE('',#1290,0.3);
#463=CIRCLE('',#1294,0.2);
#464=CIRCLE('',#1295,0.0999999999999998);
#465=CIRCLE('',#1296,0.3);
#466=CIRCLE('',#1301,0.3);
#467=CIRCLE('',#1306,0.3);
#468=CIRCLE('',#1309,2.55);
#469=CIRCLE('',#1311,0.2);
#470=CIRCLE('',#1312,2.75);
#471=CIRCLE('',#1314,2.75);
#472=CIRCLE('',#1316,3.);
#473=CIRCLE('',#1317,0.25);
#474=CIRCLE('',#1320,0.3);
#475=CIRCLE('',#1321,0.3);
#476=CIRCLE('',#1330,0.199999999999999);
#477=CIRCLE('',#1331,0.2);
#478=CIRCLE('',#1332,0.2);
#479=CIRCLE('',#1333,0.2);
#480=CIRCLE('',#1334,0.199999999999999);
#481=CIRCLE('',#1335,0.2);
#482=CIRCLE('',#1336,0.199999999999999);
#483=CIRCLE('',#1337,0.199999999999999);
#484=CIRCLE('',#1339,1.24);
#485=CIRCLE('',#1340,1.24);
#486=CIRCLE('',#1341,1.24);
#487=CIRCLE('',#1342,1.24);
#488=CIRCLE('',#1343,1.24);
#489=CIRCLE('',#1344,1.24);
#490=CIRCLE('',#1345,1.24);
#491=CIRCLE('',#1346,1.24);
#492=CIRCLE('',#1347,1.24);
#493=CIRCLE('',#1348,1.24);
#494=CIRCLE('',#1349,1.24);
#495=CIRCLE('',#1350,1.24);
#496=CIRCLE('',#1351,1.24);
#497=CIRCLE('',#1352,1.24);
#498=(
BOUNDED_CURVE()
B_SPLINE_CURVE(5,(#1694,#1695,#1696,#1697,#1698,#1699,#1700,#1701,#1702,
#1703),.UNSPECIFIED.,.F.,.F.)
B_SPLINE_CURVE_WITH_KNOTS((6,1,1,1,1,6),(0.,0.2,0.4,0.6,0.8,1.),
 .UNSPECIFIED.)
CURVE()
GEOMETRIC_REPRESENTATION_ITEM()
RATIONAL_B_SPLINE_CURVE((1.,1.,1.,1.,1.,1.,1.,1.,1.,1.))
REPRESENTATION_ITEM('')
);
#499=(
BOUNDED_CURVE()
B_SPLINE_CURVE(5,(#4460,#4461,#4462,#4463,#4464,#4465,#4466,#4467,#4468,
#4469),.UNSPECIFIED.,.F.,.F.)
B_SPLINE_CURVE_WITH_KNOTS((6,1,1,1,1,6),(0.199710891035279,0.2,0.4,0.6,
0.8,1.),.UNSPECIFIED.)
CURVE()
GEOMETRIC_REPRESENTATION_ITEM()
RATIONAL_B_SPLINE_CURVE((1.,1.,1.,1.,1.,1.,1.,1.,1.,1.))
REPRESENTATION_ITEM('')
);
#500=(
BOUNDED_CURVE()
B_SPLINE_CURVE(5,(#4476,#4477,#4478,#4479,#4480,#4481,#4482,#4483,#4484),
 .UNSPECIFIED.,.F.,.F.)
B_SPLINE_CURVE_WITH_KNOTS((6,1,1,1,6),(-1.,-0.8,-0.6,-0.4,-0.299873008979708),
 .UNSPECIFIED.)
CURVE()
GEOMETRIC_REPRESENTATION_ITEM()
RATIONAL_B_SPLINE_CURVE((1.,1.,1.,1.,1.,1.,1.,1.,1.))
REPRESENTATION_ITEM('')
);
#501=(
BOUNDED_CURVE()
B_SPLINE_CURVE(5,(#4511,#4512,#4513,#4514,#4515,#4516,#4517,#4518,#4519),
 .UNSPECIFIED.,.F.,.F.)
B_SPLINE_CURVE_WITH_KNOTS((6,1,1,1,6),(0.300806401913016,0.4,0.6,0.8,1.),
 .UNSPECIFIED.)
CURVE()
GEOMETRIC_REPRESENTATION_ITEM()
RATIONAL_B_SPLINE_CURVE((1.,1.,1.,1.,1.,1.,1.,1.,1.))
REPRESENTATION_ITEM('')
);
#502=(
BOUNDED_CURVE()
B_SPLINE_CURVE(5,(#4561,#4562,#4563,#4564,#4565,#4566,#4567,#4568,#4569),
 .UNSPECIFIED.,.F.,.F.)
B_SPLINE_CURVE_WITH_KNOTS((6,1,1,1,6),(-1.,-0.8,-0.6,-0.4,-0.331929924226521),
 .UNSPECIFIED.)
CURVE()
GEOMETRIC_REPRESENTATION_ITEM()
RATIONAL_B_SPLINE_CURVE((1.,1.,1.,1.,1.,1.,1.,1.,1.))
REPRESENTATION_ITEM('')
);
#503=(
BOUNDED_CURVE()
B_SPLINE_CURVE(5,(#4723,#4724,#4725,#4726,#4727,#4728,#4729,#4730,#4731),
 .UNSPECIFIED.,.F.,.F.)
B_SPLINE_CURVE_WITH_KNOTS((6,1,1,1,6),(0.330559950121623,0.4,0.6,0.8,1.),
 .UNSPECIFIED.)
CURVE()
GEOMETRIC_REPRESENTATION_ITEM()
RATIONAL_B_SPLINE_CURVE((1.,1.,1.,1.,1.,1.,1.,1.,1.))
REPRESENTATION_ITEM('')
);
#504=(
BOUNDED_CURVE()
B_SPLINE_CURVE(5,(#4757,#4758,#4759,#4760,#4761,#4762,#4763,#4764,#4765,
#4766),.UNSPECIFIED.,.F.,.F.)
B_SPLINE_CURVE_WITH_KNOTS((6,1,1,1,1,6),(0.175036388068815,0.2,0.4,0.6,
0.8,1.),.UNSPECIFIED.)
CURVE()
GEOMETRIC_REPRESENTATION_ITEM()
RATIONAL_B_SPLINE_CURVE((1.,1.,1.,1.,1.,1.,1.,1.,1.,1.))
REPRESENTATION_ITEM('')
);
#505=VERTEX_POINT('',#1692);
#506=VERTEX_POINT('',#1693);
#507=VERTEX_POINT('',#1706);
#508=VERTEX_POINT('',#1707);
#509=VERTEX_POINT('',#1709);
#510=VERTEX_POINT('',#1711);
#511=VERTEX_POINT('',#1715);
#512=VERTEX_POINT('',#1717);
#513=VERTEX_POINT('',#1721);
#514=VERTEX_POINT('',#1722);
#515=VERTEX_POINT('',#1724);
#516=VERTEX_POINT('',#1726);
#517=VERTEX_POINT('',#1730);
#518=VERTEX_POINT('',#1732);
#519=VERTEX_POINT('',#1736);
#520=VERTEX_POINT('',#1737);
#521=VERTEX_POINT('',#1739);
#522=VERTEX_POINT('',#1741);
#523=VERTEX_POINT('',#1753);
#524=VERTEX_POINT('',#1754);
#525=VERTEX_POINT('',#1762);
#526=VERTEX_POINT('',#1764);
#527=VERTEX_POINT('',#1768);
#528=VERTEX_POINT('',#1769);
#529=VERTEX_POINT('',#1771);
#530=VERTEX_POINT('',#1773);
#531=VERTEX_POINT('',#1785);
#532=VERTEX_POINT('',#1786);
#533=VERTEX_POINT('',#1802);
#534=VERTEX_POINT('',#1803);
#535=VERTEX_POINT('',#1811);
#536=VERTEX_POINT('',#1813);
#537=VERTEX_POINT('',#1825);
#538=VERTEX_POINT('',#1826);
#539=VERTEX_POINT('',#1834);
#540=VERTEX_POINT('',#1836);
#541=VERTEX_POINT('',#1840);
#542=VERTEX_POINT('',#1844);
#543=VERTEX_POINT('',#1848);
#544=VERTEX_POINT('',#1852);
#545=VERTEX_POINT('',#1856);
#546=VERTEX_POINT('',#1860);
#547=VERTEX_POINT('',#1864);
#548=VERTEX_POINT('',#1868);
#549=VERTEX_POINT('',#1871);
#550=VERTEX_POINT('',#1875);
#551=VERTEX_POINT('',#1879);
#552=VERTEX_POINT('',#1884);
#553=VERTEX_POINT('',#1885);
#554=VERTEX_POINT('',#1888);
#555=VERTEX_POINT('',#1890);
#556=VERTEX_POINT('',#1892);
#557=VERTEX_POINT('',#1894);
#558=VERTEX_POINT('',#1896);
#559=VERTEX_POINT('',#2004);
#560=VERTEX_POINT('',#2005);
#561=VERTEX_POINT('',#2007);
#562=VERTEX_POINT('',#2018);
#563=VERTEX_POINT('',#2060);
#564=VERTEX_POINT('',#2061);
#565=VERTEX_POINT('',#2165);
#566=VERTEX_POINT('',#2166);
#567=VERTEX_POINT('',#2218);
#568=VERTEX_POINT('',#2219);
#569=VERTEX_POINT('',#2323);
#570=VERTEX_POINT('',#2324);
#571=VERTEX_POINT('',#2376);
#572=VERTEX_POINT('',#2377);
#573=VERTEX_POINT('',#2481);
#574=VERTEX_POINT('',#2482);
#575=VERTEX_POINT('',#2596);
#576=VERTEX_POINT('',#2603);
#577=VERTEX_POINT('',#2608);
#578=VERTEX_POINT('',#2719);
#579=VERTEX_POINT('',#2726);
#580=VERTEX_POINT('',#2804);
#581=VERTEX_POINT('',#2811);
#582=VERTEX_POINT('',#2879);
#583=VERTEX_POINT('',#2886);
#584=VERTEX_POINT('',#2944);
#585=VERTEX_POINT('',#3213);
#586=VERTEX_POINT('',#3221);
#587=VERTEX_POINT('',#3280);
#588=VERTEX_POINT('',#3281);
#589=VERTEX_POINT('',#3283);
#590=VERTEX_POINT('',#3288);
#591=VERTEX_POINT('',#3358);
#592=VERTEX_POINT('',#3359);
#593=VERTEX_POINT('',#3449);
#594=VERTEX_POINT('',#3450);
#595=VERTEX_POINT('',#3500);
#596=VERTEX_POINT('',#3501);
#597=VERTEX_POINT('',#3538);
#598=VERTEX_POINT('',#3665);
#599=VERTEX_POINT('',#3696);
#600=VERTEX_POINT('',#3756);
#601=VERTEX_POINT('',#3867);
#602=VERTEX_POINT('',#3909);
#603=VERTEX_POINT('',#3980);
#604=VERTEX_POINT('',#4170);
#605=VERTEX_POINT('',#4171);
#606=VERTEX_POINT('',#4319);
#607=VERTEX_POINT('',#4334);
#608=VERTEX_POINT('',#4459);
#609=VERTEX_POINT('',#4470);
#610=VERTEX_POINT('',#4510);
#611=VERTEX_POINT('',#4855);
#612=EDGE_CURVE('',#505,#506,#498,.T.);
#613=EDGE_CURVE('',#505,#505,#449,.T.);
#614=EDGE_CURVE('',#507,#508,#159,.T.);
#615=EDGE_CURVE('',#508,#509,#450,.T.);
#616=EDGE_CURVE('',#509,#510,#160,.T.);
#617=EDGE_CURVE('',#510,#507,#151,.T.);
#618=EDGE_CURVE('',#510,#511,#161,.T.);
#619=EDGE_CURVE('',#511,#512,#152,.T.);
#620=EDGE_CURVE('',#512,#507,#162,.T.);
#621=EDGE_CURVE('',#513,#514,#163,.T.);
#622=EDGE_CURVE('',#514,#515,#451,.T.);
#623=EDGE_CURVE('',#515,#516,#164,.T.);
#624=EDGE_CURVE('',#516,#513,#153,.T.);
#625=EDGE_CURVE('',#516,#517,#165,.T.);
#626=EDGE_CURVE('',#517,#518,#154,.T.);
#627=EDGE_CURVE('',#518,#513,#166,.T.);
#628=EDGE_CURVE('',#519,#520,#167,.T.);
#629=EDGE_CURVE('',#520,#521,#452,.T.);
#630=EDGE_CURVE('',#521,#522,#168,.T.);
#631=EDGE_CURVE('',#522,#519,#155,.T.);
#632=EDGE_CURVE('',#523,#524,#453,.T.);
#633=EDGE_CURVE('',#524,#521,#454,.T.);
#634=EDGE_CURVE('',#520,#523,#455,.T.);
#635=EDGE_CURVE('',#517,#524,#169,.T.);
#636=EDGE_CURVE('',#523,#518,#170,.T.);
#637=EDGE_CURVE('',#525,#519,#171,.T.);
#638=EDGE_CURVE('',#522,#526,#172,.T.);
#639=EDGE_CURVE('',#526,#525,#156,.T.);
#640=EDGE_CURVE('',#527,#528,#173,.T.);
#641=EDGE_CURVE('',#528,#529,#456,.T.);
#642=EDGE_CURVE('',#529,#530,#174,.T.);
#643=EDGE_CURVE('',#530,#527,#157,.T.);
#644=EDGE_CURVE('',#531,#532,#457,.T.);
#645=EDGE_CURVE('',#532,#529,#458,.T.);
#646=EDGE_CURVE('',#528,#531,#459,.T.);
#647=EDGE_CURVE('',#526,#532,#175,.T.);
#648=EDGE_CURVE('',#531,#525,#176,.T.);
#649=EDGE_CURVE('',#533,#534,#460,.T.);
#650=EDGE_CURVE('',#534,#515,#461,.T.);
#651=EDGE_CURVE('',#514,#533,#462,.T.);
#652=EDGE_CURVE('',#511,#534,#177,.T.);
#653=EDGE_CURVE('',#533,#512,#178,.T.);
#654=EDGE_CURVE('',#535,#527,#179,.T.);
#655=EDGE_CURVE('',#530,#536,#180,.T.);
#656=EDGE_CURVE('',#536,#535,#158,.T.);
#657=EDGE_CURVE('',#537,#538,#463,.T.);
#658=EDGE_CURVE('',#538,#509,#464,.T.);
#659=EDGE_CURVE('',#508,#537,#465,.T.);
#660=EDGE_CURVE('',#536,#538,#181,.T.);
#661=EDGE_CURVE('',#537,#535,#182,.T.);
#662=EDGE_CURVE('',#539,#518,#183,.T.);
#663=EDGE_CURVE('',#539,#540,#184,.T.);
#664=EDGE_CURVE('',#540,#513,#185,.T.);
#665=EDGE_CURVE('',#541,#523,#186,.T.);
#666=EDGE_CURVE('',#541,#539,#187,.T.);
#667=EDGE_CURVE('',#542,#520,#188,.T.);
#668=EDGE_CURVE('',#542,#541,#466,.T.);
#669=EDGE_CURVE('',#543,#519,#189,.T.);
#670=EDGE_CURVE('',#543,#542,#190,.T.);
#671=EDGE_CURVE('',#544,#525,#191,.T.);
#672=EDGE_CURVE('',#544,#543,#192,.T.);
#673=EDGE_CURVE('',#545,#531,#193,.T.);
#674=EDGE_CURVE('',#545,#544,#194,.T.);
#675=EDGE_CURVE('',#546,#528,#195,.T.);
#676=EDGE_CURVE('',#546,#545,#467,.T.);
#677=EDGE_CURVE('',#547,#527,#196,.T.);
#678=EDGE_CURVE('',#547,#546,#197,.T.);
#679=EDGE_CURVE('',#548,#548,#468,.T.);
#680=EDGE_CURVE('',#548,#549,#469,.T.);
#681=EDGE_CURVE('',#549,#549,#470,.T.);
#682=EDGE_CURVE('',#549,#550,#198,.T.);
#683=EDGE_CURVE('',#550,#550,#471,.T.);
#684=EDGE_CURVE('',#551,#551,#472,.T.);
#685=EDGE_CURVE('',#551,#550,#473,.T.);
#686=EDGE_CURVE('',#552,#553,#474,.T.);
#687=EDGE_CURVE('',#540,#552,#199,.T.);
#688=EDGE_CURVE('',#554,#547,#200,.T.);
#689=EDGE_CURVE('',#555,#554,#201,.T.);
#690=EDGE_CURVE('',#556,#555,#475,.T.);
#691=EDGE_CURVE('',#557,#556,#202,.T.);
#692=EDGE_CURVE('',#558,#557,#203,.T.);
#693=EDGE_CURVE('',#553,#558,#204,.T.);
#694=EDGE_CURVE('',#552,#514,#205,.T.);
#695=EDGE_CURVE('',#553,#533,#206,.T.);
#696=EDGE_CURVE('',#554,#535,#207,.T.);
#697=EDGE_CURVE('',#555,#537,#208,.T.);
#698=EDGE_CURVE('',#556,#508,#209,.T.);
#699=EDGE_CURVE('',#557,#507,#210,.T.);
#700=EDGE_CURVE('',#558,#512,#211,.T.);
#701=EDGE_CURVE('',#559,#560,#476,.T.);
#702=EDGE_CURVE('',#560,#561,#15,.T.);
#703=EDGE_CURVE('',#561,#562,#477,.T.);
#704=EDGE_CURVE('',#562,#559,#16,.T.);
#705=EDGE_CURVE('',#563,#564,#478,.T.);
#706=EDGE_CURVE('',#564,#560,#17,.T.);
#707=EDGE_CURVE('',#559,#563,#18,.T.);
#708=EDGE_CURVE('',#565,#566,#479,.T.);
#709=EDGE_CURVE('',#566,#564,#19,.T.);
#710=EDGE_CURVE('',#563,#565,#20,.T.);
#711=EDGE_CURVE('',#567,#568,#480,.T.);
#712=EDGE_CURVE('',#568,#566,#21,.T.);
#713=EDGE_CURVE('',#565,#567,#22,.T.);
#714=EDGE_CURVE('',#569,#570,#481,.T.);
#715=EDGE_CURVE('',#570,#568,#23,.T.);
#716=EDGE_CURVE('',#567,#569,#24,.T.);
#717=EDGE_CURVE('',#571,#572,#482,.T.);
#718=EDGE_CURVE('',#572,#570,#25,.T.);
#719=EDGE_CURVE('',#569,#571,#26,.T.);
#720=EDGE_CURVE('',#573,#574,#483,.T.);
#721=EDGE_CURVE('',#574,#572,#27,.T.);
#722=EDGE_CURVE('',#571,#573,#28,.T.);
#723=EDGE_CURVE('',#561,#574,#29,.T.);
#724=EDGE_CURVE('',#573,#562,#30,.T.);
#725=EDGE_CURVE('',#575,#565,#31,.T.);
#726=EDGE_CURVE('',#576,#575,#32,.T.);
#727=EDGE_CURVE('',#577,#576,#33,.T.);
#728=EDGE_CURVE('',#577,#567,#34,.T.);
#729=EDGE_CURVE('',#578,#563,#35,.T.);
#730=EDGE_CURVE('',#579,#578,#36,.T.);
#731=EDGE_CURVE('',#575,#579,#37,.T.);
#732=EDGE_CURVE('',#580,#559,#38,.T.);
#733=EDGE_CURVE('',#581,#580,#39,.T.);
#734=EDGE_CURVE('',#578,#581,#40,.T.);
#735=EDGE_CURVE('',#582,#562,#41,.T.);
#736=EDGE_CURVE('',#583,#582,#42,.T.);
#737=EDGE_CURVE('',#580,#583,#43,.T.);
#738=EDGE_CURVE('',#584,#584,#44,.T.);
#739=EDGE_CURVE('',#583,#585,#45,.T.);
#740=EDGE_CURVE('',#585,#586,#46,.T.);
#741=EDGE_CURVE('',#586,#580,#484,.T.);
#742=EDGE_CURVE('',#587,#588,#485,.T.);
#743=EDGE_CURVE('',#588,#589,#47,.T.);
#744=EDGE_CURVE('',#589,#590,#486,.T.);
#745=EDGE_CURVE('',#590,#587,#48,.T.);
#746=EDGE_CURVE('',#591,#592,#487,.T.);
#747=EDGE_CURVE('',#592,#588,#49,.T.);
#748=EDGE_CURVE('',#587,#591,#50,.T.);
#749=EDGE_CURVE('',#593,#594,#488,.T.);
#750=EDGE_CURVE('',#594,#592,#51,.T.);
#751=EDGE_CURVE('',#591,#593,#52,.T.);
#752=EDGE_CURVE('',#595,#596,#489,.T.);
#753=EDGE_CURVE('',#596,#594,#53,.T.);
#754=EDGE_CURVE('',#593,#595,#54,.T.);
#755=EDGE_CURVE('',#597,#582,#490,.T.);
#756=EDGE_CURVE('',#582,#596,#55,.T.);
#757=EDGE_CURVE('',#595,#597,#56,.T.);
#758=EDGE_CURVE('',#597,#585,#57,.T.);
#759=EDGE_CURVE('',#598,#581,#491,.T.);
#760=EDGE_CURVE('',#586,#598,#58,.T.);
#761=EDGE_CURVE('',#599,#578,#492,.T.);
#762=EDGE_CURVE('',#598,#599,#59,.T.);
#763=EDGE_CURVE('',#600,#579,#493,.T.);
#764=EDGE_CURVE('',#599,#600,#60,.T.);
#765=EDGE_CURVE('',#601,#575,#494,.T.);
#766=EDGE_CURVE('',#600,#601,#61,.T.);
#767=EDGE_CURVE('',#602,#576,#495,.T.);
#768=EDGE_CURVE('',#601,#602,#62,.T.);
#769=EDGE_CURVE('',#603,#577,#496,.T.);
#770=EDGE_CURVE('',#602,#603,#63,.T.);
#771=EDGE_CURVE('',#604,#605,#64,.T.);
#772=EDGE_CURVE('',#605,#577,#65,.T.);
#773=EDGE_CURVE('',#603,#604,#66,.T.);
#774=EDGE_CURVE('',#604,#606,#67,.T.);
#775=EDGE_CURVE('',#606,#607,#497,.T.);
#776=EDGE_CURVE('',#607,#605,#68,.T.);
#777=EDGE_CURVE('',#589,#607,#69,.T.);
#778=EDGE_CURVE('',#606,#590,#70,.T.);
#779=EDGE_CURVE('',#585,#608,#499,.T.);
#780=EDGE_CURVE('',#608,#609,#71,.T.);
#781=EDGE_CURVE('',#609,#598,#500,.T.);
#782=EDGE_CURVE('',#595,#610,#501,.T.);
#783=EDGE_CURVE('',#608,#610,#72,.T.);
#784=EDGE_CURVE('',#610,#591,#73,.T.);
#785=EDGE_CURVE('',#610,#590,#502,.T.);
#786=EDGE_CURVE('',#607,#569,#74,.T.);
#787=EDGE_CURVE('',#588,#571,#75,.T.);
#788=EDGE_CURVE('',#609,#600,#76,.T.);
#789=EDGE_CURVE('',#602,#609,#503,.T.);
#790=EDGE_CURVE('',#604,#608,#504,.T.);
#791=EDGE_CURVE('',#594,#573,#77,.T.);
#792=EDGE_CURVE('',#611,#611,#78,.T.);
#793=EDGE_CURVE('',#584,#611,#79,.T.);
#794=ORIENTED_EDGE('',*,*,#612,.F.);
#795=ORIENTED_EDGE('',*,*,#613,.F.);
#796=ORIENTED_EDGE('',*,*,#612,.T.);
#797=ORIENTED_EDGE('',*,*,#614,.T.);
#798=ORIENTED_EDGE('',*,*,#615,.T.);
#799=ORIENTED_EDGE('',*,*,#616,.T.);
#800=ORIENTED_EDGE('',*,*,#617,.T.);
#801=ORIENTED_EDGE('',*,*,#618,.T.);
#802=ORIENTED_EDGE('',*,*,#619,.T.);
#803=ORIENTED_EDGE('',*,*,#620,.T.);
#804=ORIENTED_EDGE('',*,*,#617,.F.);
#805=ORIENTED_EDGE('',*,*,#621,.T.);
#806=ORIENTED_EDGE('',*,*,#622,.T.);
#807=ORIENTED_EDGE('',*,*,#623,.T.);
#808=ORIENTED_EDGE('',*,*,#624,.T.);
#809=ORIENTED_EDGE('',*,*,#625,.T.);
#810=ORIENTED_EDGE('',*,*,#626,.T.);
#811=ORIENTED_EDGE('',*,*,#627,.T.);
#812=ORIENTED_EDGE('',*,*,#624,.F.);
#813=ORIENTED_EDGE('',*,*,#628,.T.);
#814=ORIENTED_EDGE('',*,*,#629,.T.);
#815=ORIENTED_EDGE('',*,*,#630,.T.);
#816=ORIENTED_EDGE('',*,*,#631,.T.);
#817=ORIENTED_EDGE('',*,*,#632,.T.);
#818=ORIENTED_EDGE('',*,*,#633,.T.);
#819=ORIENTED_EDGE('',*,*,#629,.F.);
#820=ORIENTED_EDGE('',*,*,#634,.T.);
#821=ORIENTED_EDGE('',*,*,#635,.T.);
#822=ORIENTED_EDGE('',*,*,#632,.F.);
#823=ORIENTED_EDGE('',*,*,#636,.T.);
#824=ORIENTED_EDGE('',*,*,#626,.F.);
#825=ORIENTED_EDGE('',*,*,#637,.T.);
#826=ORIENTED_EDGE('',*,*,#631,.F.);
#827=ORIENTED_EDGE('',*,*,#638,.T.);
#828=ORIENTED_EDGE('',*,*,#639,.T.);
#829=ORIENTED_EDGE('',*,*,#640,.T.);
#830=ORIENTED_EDGE('',*,*,#641,.T.);
#831=ORIENTED_EDGE('',*,*,#642,.T.);
#832=ORIENTED_EDGE('',*,*,#643,.T.);
#833=ORIENTED_EDGE('',*,*,#644,.T.);
#834=ORIENTED_EDGE('',*,*,#645,.T.);
#835=ORIENTED_EDGE('',*,*,#641,.F.);
#836=ORIENTED_EDGE('',*,*,#646,.T.);
#837=ORIENTED_EDGE('',*,*,#647,.T.);
#838=ORIENTED_EDGE('',*,*,#644,.F.);
#839=ORIENTED_EDGE('',*,*,#648,.T.);
#840=ORIENTED_EDGE('',*,*,#639,.F.);
#841=ORIENTED_EDGE('',*,*,#649,.T.);
#842=ORIENTED_EDGE('',*,*,#650,.T.);
#843=ORIENTED_EDGE('',*,*,#622,.F.);
#844=ORIENTED_EDGE('',*,*,#651,.T.);
#845=ORIENTED_EDGE('',*,*,#652,.T.);
#846=ORIENTED_EDGE('',*,*,#649,.F.);
#847=ORIENTED_EDGE('',*,*,#653,.T.);
#848=ORIENTED_EDGE('',*,*,#619,.F.);
#849=ORIENTED_EDGE('',*,*,#654,.T.);
#850=ORIENTED_EDGE('',*,*,#643,.F.);
#851=ORIENTED_EDGE('',*,*,#655,.T.);
#852=ORIENTED_EDGE('',*,*,#656,.T.);
#853=ORIENTED_EDGE('',*,*,#657,.T.);
#854=ORIENTED_EDGE('',*,*,#658,.T.);
#855=ORIENTED_EDGE('',*,*,#615,.F.);
#856=ORIENTED_EDGE('',*,*,#659,.T.);
#857=ORIENTED_EDGE('',*,*,#660,.T.);
#858=ORIENTED_EDGE('',*,*,#657,.F.);
#859=ORIENTED_EDGE('',*,*,#661,.T.);
#860=ORIENTED_EDGE('',*,*,#656,.F.);
#861=ORIENTED_EDGE('',*,*,#627,.F.);
#862=ORIENTED_EDGE('',*,*,#662,.F.);
#863=ORIENTED_EDGE('',*,*,#663,.T.);
#864=ORIENTED_EDGE('',*,*,#664,.T.);
#865=ORIENTED_EDGE('',*,*,#636,.F.);
#866=ORIENTED_EDGE('',*,*,#665,.F.);
#867=ORIENTED_EDGE('',*,*,#666,.T.);
#868=ORIENTED_EDGE('',*,*,#662,.T.);
#869=ORIENTED_EDGE('',*,*,#634,.F.);
#870=ORIENTED_EDGE('',*,*,#667,.F.);
#871=ORIENTED_EDGE('',*,*,#668,.T.);
#872=ORIENTED_EDGE('',*,*,#665,.T.);
#873=ORIENTED_EDGE('',*,*,#628,.F.);
#874=ORIENTED_EDGE('',*,*,#669,.F.);
#875=ORIENTED_EDGE('',*,*,#670,.T.);
#876=ORIENTED_EDGE('',*,*,#667,.T.);
#877=ORIENTED_EDGE('',*,*,#637,.F.);
#878=ORIENTED_EDGE('',*,*,#671,.F.);
#879=ORIENTED_EDGE('',*,*,#672,.T.);
#880=ORIENTED_EDGE('',*,*,#669,.T.);
#881=ORIENTED_EDGE('',*,*,#648,.F.);
#882=ORIENTED_EDGE('',*,*,#673,.F.);
#883=ORIENTED_EDGE('',*,*,#674,.T.);
#884=ORIENTED_EDGE('',*,*,#671,.T.);
#885=ORIENTED_EDGE('',*,*,#646,.F.);
#886=ORIENTED_EDGE('',*,*,#675,.F.);
#887=ORIENTED_EDGE('',*,*,#676,.T.);
#888=ORIENTED_EDGE('',*,*,#673,.T.);
#889=ORIENTED_EDGE('',*,*,#640,.F.);
#890=ORIENTED_EDGE('',*,*,#677,.F.);
#891=ORIENTED_EDGE('',*,*,#678,.T.);
#892=ORIENTED_EDGE('',*,*,#675,.T.);
#893=ORIENTED_EDGE('',*,*,#679,.F.);
#894=ORIENTED_EDGE('',*,*,#642,.F.);
#895=ORIENTED_EDGE('',*,*,#645,.F.);
#896=ORIENTED_EDGE('',*,*,#647,.F.);
#897=ORIENTED_EDGE('',*,*,#638,.F.);
#898=ORIENTED_EDGE('',*,*,#630,.F.);
#899=ORIENTED_EDGE('',*,*,#633,.F.);
#900=ORIENTED_EDGE('',*,*,#635,.F.);
#901=ORIENTED_EDGE('',*,*,#625,.F.);
#902=ORIENTED_EDGE('',*,*,#623,.F.);
#903=ORIENTED_EDGE('',*,*,#650,.F.);
#904=ORIENTED_EDGE('',*,*,#652,.F.);
#905=ORIENTED_EDGE('',*,*,#618,.F.);
#906=ORIENTED_EDGE('',*,*,#616,.F.);
#907=ORIENTED_EDGE('',*,*,#658,.F.);
#908=ORIENTED_EDGE('',*,*,#660,.F.);
#909=ORIENTED_EDGE('',*,*,#655,.F.);
#910=ORIENTED_EDGE('',*,*,#679,.T.);
#911=ORIENTED_EDGE('',*,*,#680,.T.);
#912=ORIENTED_EDGE('',*,*,#681,.T.);
#913=ORIENTED_EDGE('',*,*,#680,.F.);
#914=ORIENTED_EDGE('',*,*,#681,.F.);
#915=ORIENTED_EDGE('',*,*,#682,.T.);
#916=ORIENTED_EDGE('',*,*,#683,.F.);
#917=ORIENTED_EDGE('',*,*,#682,.F.);
#918=ORIENTED_EDGE('',*,*,#684,.T.);
#919=ORIENTED_EDGE('',*,*,#685,.T.);
#920=ORIENTED_EDGE('',*,*,#683,.T.);
#921=ORIENTED_EDGE('',*,*,#685,.F.);
#922=ORIENTED_EDGE('',*,*,#613,.T.);
#923=ORIENTED_EDGE('',*,*,#684,.F.);
#924=ORIENTED_EDGE('',*,*,#686,.F.);
#925=ORIENTED_EDGE('',*,*,#687,.F.);
#926=ORIENTED_EDGE('',*,*,#663,.F.);
#927=ORIENTED_EDGE('',*,*,#666,.F.);
#928=ORIENTED_EDGE('',*,*,#668,.F.);
#929=ORIENTED_EDGE('',*,*,#670,.F.);
#930=ORIENTED_EDGE('',*,*,#672,.F.);
#931=ORIENTED_EDGE('',*,*,#674,.F.);
#932=ORIENTED_EDGE('',*,*,#676,.F.);
#933=ORIENTED_EDGE('',*,*,#678,.F.);
#934=ORIENTED_EDGE('',*,*,#688,.F.);
#935=ORIENTED_EDGE('',*,*,#689,.F.);
#936=ORIENTED_EDGE('',*,*,#690,.F.);
#937=ORIENTED_EDGE('',*,*,#691,.F.);
#938=ORIENTED_EDGE('',*,*,#692,.F.);
#939=ORIENTED_EDGE('',*,*,#693,.F.);
#940=ORIENTED_EDGE('',*,*,#651,.F.);
#941=ORIENTED_EDGE('',*,*,#694,.F.);
#942=ORIENTED_EDGE('',*,*,#686,.T.);
#943=ORIENTED_EDGE('',*,*,#695,.T.);
#944=ORIENTED_EDGE('',*,*,#621,.F.);
#945=ORIENTED_EDGE('',*,*,#664,.F.);
#946=ORIENTED_EDGE('',*,*,#687,.T.);
#947=ORIENTED_EDGE('',*,*,#694,.T.);
#948=ORIENTED_EDGE('',*,*,#654,.F.);
#949=ORIENTED_EDGE('',*,*,#696,.F.);
#950=ORIENTED_EDGE('',*,*,#688,.T.);
#951=ORIENTED_EDGE('',*,*,#677,.T.);
#952=ORIENTED_EDGE('',*,*,#661,.F.);
#953=ORIENTED_EDGE('',*,*,#697,.F.);
#954=ORIENTED_EDGE('',*,*,#689,.T.);
#955=ORIENTED_EDGE('',*,*,#696,.T.);
#956=ORIENTED_EDGE('',*,*,#659,.F.);
#957=ORIENTED_EDGE('',*,*,#698,.F.);
#958=ORIENTED_EDGE('',*,*,#690,.T.);
#959=ORIENTED_EDGE('',*,*,#697,.T.);
#960=ORIENTED_EDGE('',*,*,#614,.F.);
#961=ORIENTED_EDGE('',*,*,#699,.F.);
#962=ORIENTED_EDGE('',*,*,#691,.T.);
#963=ORIENTED_EDGE('',*,*,#698,.T.);
#964=ORIENTED_EDGE('',*,*,#620,.F.);
#965=ORIENTED_EDGE('',*,*,#700,.F.);
#966=ORIENTED_EDGE('',*,*,#692,.T.);
#967=ORIENTED_EDGE('',*,*,#699,.T.);
#968=ORIENTED_EDGE('',*,*,#653,.F.);
#969=ORIENTED_EDGE('',*,*,#695,.F.);
#970=ORIENTED_EDGE('',*,*,#693,.T.);
#971=ORIENTED_EDGE('',*,*,#700,.T.);
#972=ORIENTED_EDGE('',*,*,#701,.T.);
#973=ORIENTED_EDGE('',*,*,#702,.T.);
#974=ORIENTED_EDGE('',*,*,#703,.T.);
#975=ORIENTED_EDGE('',*,*,#704,.T.);
#976=ORIENTED_EDGE('',*,*,#705,.T.);
#977=ORIENTED_EDGE('',*,*,#706,.T.);
#978=ORIENTED_EDGE('',*,*,#701,.F.);
#979=ORIENTED_EDGE('',*,*,#707,.T.);
#980=ORIENTED_EDGE('',*,*,#708,.T.);
#981=ORIENTED_EDGE('',*,*,#709,.T.);
#982=ORIENTED_EDGE('',*,*,#705,.F.);
#983=ORIENTED_EDGE('',*,*,#710,.T.);
#984=ORIENTED_EDGE('',*,*,#711,.T.);
#985=ORIENTED_EDGE('',*,*,#712,.T.);
#986=ORIENTED_EDGE('',*,*,#708,.F.);
#987=ORIENTED_EDGE('',*,*,#713,.T.);
#988=ORIENTED_EDGE('',*,*,#714,.T.);
#989=ORIENTED_EDGE('',*,*,#715,.T.);
#990=ORIENTED_EDGE('',*,*,#711,.F.);
#991=ORIENTED_EDGE('',*,*,#716,.T.);
#992=ORIENTED_EDGE('',*,*,#717,.T.);
#993=ORIENTED_EDGE('',*,*,#718,.T.);
#994=ORIENTED_EDGE('',*,*,#714,.F.);
#995=ORIENTED_EDGE('',*,*,#719,.T.);
#996=ORIENTED_EDGE('',*,*,#720,.T.);
#997=ORIENTED_EDGE('',*,*,#721,.T.);
#998=ORIENTED_EDGE('',*,*,#717,.F.);
#999=ORIENTED_EDGE('',*,*,#722,.T.);
#1000=ORIENTED_EDGE('',*,*,#703,.F.);
#1001=ORIENTED_EDGE('',*,*,#723,.T.);
#1002=ORIENTED_EDGE('',*,*,#720,.F.);
#1003=ORIENTED_EDGE('',*,*,#724,.T.);
#1004=ORIENTED_EDGE('',*,*,#713,.F.);
#1005=ORIENTED_EDGE('',*,*,#725,.F.);
#1006=ORIENTED_EDGE('',*,*,#726,.F.);
#1007=ORIENTED_EDGE('',*,*,#727,.F.);
#1008=ORIENTED_EDGE('',*,*,#728,.T.);
#1009=ORIENTED_EDGE('',*,*,#710,.F.);
#1010=ORIENTED_EDGE('',*,*,#729,.F.);
#1011=ORIENTED_EDGE('',*,*,#730,.F.);
#1012=ORIENTED_EDGE('',*,*,#731,.F.);
#1013=ORIENTED_EDGE('',*,*,#725,.T.);
#1014=ORIENTED_EDGE('',*,*,#707,.F.);
#1015=ORIENTED_EDGE('',*,*,#732,.F.);
#1016=ORIENTED_EDGE('',*,*,#733,.F.);
#1017=ORIENTED_EDGE('',*,*,#734,.F.);
#1018=ORIENTED_EDGE('',*,*,#729,.T.);
#1019=ORIENTED_EDGE('',*,*,#704,.F.);
#1020=ORIENTED_EDGE('',*,*,#735,.F.);
#1021=ORIENTED_EDGE('',*,*,#736,.F.);
#1022=ORIENTED_EDGE('',*,*,#737,.F.);
#1023=ORIENTED_EDGE('',*,*,#732,.T.);
#1024=ORIENTED_EDGE('',*,*,#702,.F.);
#1025=ORIENTED_EDGE('',*,*,#706,.F.);
#1026=ORIENTED_EDGE('',*,*,#709,.F.);
#1027=ORIENTED_EDGE('',*,*,#712,.F.);
#1028=ORIENTED_EDGE('',*,*,#715,.F.);
#1029=ORIENTED_EDGE('',*,*,#718,.F.);
#1030=ORIENTED_EDGE('',*,*,#721,.F.);
#1031=ORIENTED_EDGE('',*,*,#723,.F.);
#1032=ORIENTED_EDGE('',*,*,#738,.T.);
#1033=ORIENTED_EDGE('',*,*,#739,.T.);
#1034=ORIENTED_EDGE('',*,*,#740,.T.);
#1035=ORIENTED_EDGE('',*,*,#741,.T.);
#1036=ORIENTED_EDGE('',*,*,#737,.T.);
#1037=ORIENTED_EDGE('',*,*,#742,.T.);
#1038=ORIENTED_EDGE('',*,*,#743,.T.);
#1039=ORIENTED_EDGE('',*,*,#744,.T.);
#1040=ORIENTED_EDGE('',*,*,#745,.T.);
#1041=ORIENTED_EDGE('',*,*,#746,.T.);
#1042=ORIENTED_EDGE('',*,*,#747,.T.);
#1043=ORIENTED_EDGE('',*,*,#742,.F.);
#1044=ORIENTED_EDGE('',*,*,#748,.T.);
#1045=ORIENTED_EDGE('',*,*,#749,.T.);
#1046=ORIENTED_EDGE('',*,*,#750,.T.);
#1047=ORIENTED_EDGE('',*,*,#746,.F.);
#1048=ORIENTED_EDGE('',*,*,#751,.T.);
#1049=ORIENTED_EDGE('',*,*,#752,.T.);
#1050=ORIENTED_EDGE('',*,*,#753,.T.);
#1051=ORIENTED_EDGE('',*,*,#749,.F.);
#1052=ORIENTED_EDGE('',*,*,#754,.T.);
#1053=ORIENTED_EDGE('',*,*,#755,.T.);
#1054=ORIENTED_EDGE('',*,*,#756,.T.);
#1055=ORIENTED_EDGE('',*,*,#752,.F.);
#1056=ORIENTED_EDGE('',*,*,#757,.T.);
#1057=ORIENTED_EDGE('',*,*,#739,.F.);
#1058=ORIENTED_EDGE('',*,*,#736,.T.);
#1059=ORIENTED_EDGE('',*,*,#755,.F.);
#1060=ORIENTED_EDGE('',*,*,#758,.T.);
#1061=ORIENTED_EDGE('',*,*,#759,.T.);
#1062=ORIENTED_EDGE('',*,*,#733,.T.);
#1063=ORIENTED_EDGE('',*,*,#741,.F.);
#1064=ORIENTED_EDGE('',*,*,#760,.T.);
#1065=ORIENTED_EDGE('',*,*,#761,.T.);
#1066=ORIENTED_EDGE('',*,*,#734,.T.);
#1067=ORIENTED_EDGE('',*,*,#759,.F.);
#1068=ORIENTED_EDGE('',*,*,#762,.T.);
#1069=ORIENTED_EDGE('',*,*,#763,.T.);
#1070=ORIENTED_EDGE('',*,*,#730,.T.);
#1071=ORIENTED_EDGE('',*,*,#761,.F.);
#1072=ORIENTED_EDGE('',*,*,#764,.T.);
#1073=ORIENTED_EDGE('',*,*,#765,.T.);
#1074=ORIENTED_EDGE('',*,*,#731,.T.);
#1075=ORIENTED_EDGE('',*,*,#763,.F.);
#1076=ORIENTED_EDGE('',*,*,#766,.T.);
#1077=ORIENTED_EDGE('',*,*,#767,.T.);
#1078=ORIENTED_EDGE('',*,*,#726,.T.);
#1079=ORIENTED_EDGE('',*,*,#765,.F.);
#1080=ORIENTED_EDGE('',*,*,#768,.T.);
#1081=ORIENTED_EDGE('',*,*,#769,.T.);
#1082=ORIENTED_EDGE('',*,*,#727,.T.);
#1083=ORIENTED_EDGE('',*,*,#767,.F.);
#1084=ORIENTED_EDGE('',*,*,#770,.T.);
#1085=ORIENTED_EDGE('',*,*,#771,.T.);
#1086=ORIENTED_EDGE('',*,*,#772,.T.);
#1087=ORIENTED_EDGE('',*,*,#769,.F.);
#1088=ORIENTED_EDGE('',*,*,#773,.T.);
#1089=ORIENTED_EDGE('',*,*,#771,.F.);
#1090=ORIENTED_EDGE('',*,*,#774,.T.);
#1091=ORIENTED_EDGE('',*,*,#775,.T.);
#1092=ORIENTED_EDGE('',*,*,#776,.T.);
#1093=ORIENTED_EDGE('',*,*,#744,.F.);
#1094=ORIENTED_EDGE('',*,*,#777,.T.);
#1095=ORIENTED_EDGE('',*,*,#775,.F.);
#1096=ORIENTED_EDGE('',*,*,#778,.T.);
#1097=ORIENTED_EDGE('',*,*,#760,.F.);
#1098=ORIENTED_EDGE('',*,*,#740,.F.);
#1099=ORIENTED_EDGE('',*,*,#779,.T.);
#1100=ORIENTED_EDGE('',*,*,#780,.T.);
#1101=ORIENTED_EDGE('',*,*,#781,.T.);
#1102=ORIENTED_EDGE('',*,*,#758,.F.);
#1103=ORIENTED_EDGE('',*,*,#757,.F.);
#1104=ORIENTED_EDGE('',*,*,#782,.T.);
#1105=ORIENTED_EDGE('',*,*,#783,.F.);
#1106=ORIENTED_EDGE('',*,*,#779,.F.);
#1107=ORIENTED_EDGE('',*,*,#754,.F.);
#1108=ORIENTED_EDGE('',*,*,#751,.F.);
#1109=ORIENTED_EDGE('',*,*,#784,.F.);
#1110=ORIENTED_EDGE('',*,*,#782,.F.);
#1111=ORIENTED_EDGE('',*,*,#748,.F.);
#1112=ORIENTED_EDGE('',*,*,#745,.F.);
#1113=ORIENTED_EDGE('',*,*,#785,.F.);
#1114=ORIENTED_EDGE('',*,*,#784,.T.);
#1115=ORIENTED_EDGE('',*,*,#716,.F.);
#1116=ORIENTED_EDGE('',*,*,#728,.F.);
#1117=ORIENTED_EDGE('',*,*,#772,.F.);
#1118=ORIENTED_EDGE('',*,*,#776,.F.);
#1119=ORIENTED_EDGE('',*,*,#786,.T.);
#1120=ORIENTED_EDGE('',*,*,#719,.F.);
#1121=ORIENTED_EDGE('',*,*,#786,.F.);
#1122=ORIENTED_EDGE('',*,*,#777,.F.);
#1123=ORIENTED_EDGE('',*,*,#743,.F.);
#1124=ORIENTED_EDGE('',*,*,#787,.T.);
#1125=ORIENTED_EDGE('',*,*,#766,.F.);
#1126=ORIENTED_EDGE('',*,*,#788,.F.);
#1127=ORIENTED_EDGE('',*,*,#789,.F.);
#1128=ORIENTED_EDGE('',*,*,#768,.F.);
#1129=ORIENTED_EDGE('',*,*,#770,.F.);
#1130=ORIENTED_EDGE('',*,*,#789,.T.);
#1131=ORIENTED_EDGE('',*,*,#780,.F.);
#1132=ORIENTED_EDGE('',*,*,#790,.F.);
#1133=ORIENTED_EDGE('',*,*,#773,.F.);
#1134=ORIENTED_EDGE('',*,*,#762,.F.);
#1135=ORIENTED_EDGE('',*,*,#781,.F.);
#1136=ORIENTED_EDGE('',*,*,#788,.T.);
#1137=ORIENTED_EDGE('',*,*,#764,.F.);
#1138=ORIENTED_EDGE('',*,*,#774,.F.);
#1139=ORIENTED_EDGE('',*,*,#790,.T.);
#1140=ORIENTED_EDGE('',*,*,#783,.T.);
#1141=ORIENTED_EDGE('',*,*,#785,.T.);
#1142=ORIENTED_EDGE('',*,*,#778,.F.);
#1143=ORIENTED_EDGE('',*,*,#724,.F.);
#1144=ORIENTED_EDGE('',*,*,#791,.F.);
#1145=ORIENTED_EDGE('',*,*,#753,.F.);
#1146=ORIENTED_EDGE('',*,*,#756,.F.);
#1147=ORIENTED_EDGE('',*,*,#735,.T.);
#1148=ORIENTED_EDGE('',*,*,#792,.T.);
#1149=ORIENTED_EDGE('',*,*,#738,.F.);
#1150=ORIENTED_EDGE('',*,*,#793,.T.);
#1151=ORIENTED_EDGE('',*,*,#792,.F.);
#1152=ORIENTED_EDGE('',*,*,#793,.F.);
#1153=ORIENTED_EDGE('',*,*,#722,.F.);
#1154=ORIENTED_EDGE('',*,*,#787,.F.);
#1155=ORIENTED_EDGE('',*,*,#747,.F.);
#1156=ORIENTED_EDGE('',*,*,#750,.F.);
#1157=ORIENTED_EDGE('',*,*,#791,.T.);
#1158=(
BOUNDED_SURFACE()
B_SPLINE_SURFACE(5,2,((#1602,#1603,#1604,#1605,#1606,#1607,#1608,#1609,
#1610),(#1611,#1612,#1613,#1614,#1615,#1616,#1617,#1618,#1619),(#1620,#1621,
#1622,#1623,#1624,#1625,#1626,#1627,#1628),(#1629,#1630,#1631,#1632,#1633,
#1634,#1635,#1636,#1637),(#1638,#1639,#1640,#1641,#1642,#1643,#1644,#1645,
#1646),(#1647,#1648,#1649,#1650,#1651,#1652,#1653,#1654,#1655),(#1656,#1657,
#1658,#1659,#1660,#1661,#1662,#1663,#1664),(#1665,#1666,#1667,#1668,#1669,
#1670,#1671,#1672,#1673),(#1674,#1675,#1676,#1677,#1678,#1679,#1680,#1681,
#1682),(#1683,#1684,#1685,#1686,#1687,#1688,#1689,#1690,#1691)),
 .UNSPECIFIED.,.F.,.T.,.F.)
B_SPLINE_SURFACE_WITH_KNOTS((6,1,1,1,1,6),(3,2,2,2,3),(0.,0.2,0.4,0.6,0.8,
1.),(0.,1.5707963267949,3.14159265358979,4.71238898038469,6.28318530717959),
 .UNSPECIFIED.)
GEOMETRIC_REPRESENTATION_ITEM()
RATIONAL_B_SPLINE_SURFACE(((1.,0.707106781186548,1.,0.707106781186548,1.,
0.707106781186548,1.,0.707106781186548,1.),(1.,0.707106781186548,1.,0.707106781186548,
1.,0.707106781186548,1.,0.707106781186548,1.),(1.,0.707106781186548,1.,
0.707106781186548,1.,0.707106781186548,1.,0.707106781186548,1.),(1.,0.707106781186548,
1.,0.707106781186548,1.,0.707106781186548,1.,0.707106781186548,1.),(1.,
0.707106781186548,1.,0.707106781186548,1.,0.707106781186548,1.,0.707106781186548,
1.),(1.,0.707106781186548,1.,0.707106781186548,1.,0.707106781186548,1.,
0.707106781186548,1.),(1.,0.707106781186548,1.,0.707106781186548,1.,0.707106781186548,
1.,0.707106781186548,1.),(1.,0.707106781186548,1.,0.707106781186548,1.,
0.707106781186548,1.,0.707106781186548,1.),(1.,0.707106781186548,1.,0.707106781186548,
1.,0.707106781186548,1.,0.707106781186548,1.),(1.,0.707106781186548,1.,
0.707106781186548,1.,0.707106781186548,1.,0.707106781186548,1.)))
REPRESENTATION_ITEM('')
SURFACE()
);
#1159=(
BOUNDED_SURFACE()
B_SPLINE_SURFACE(2,2,((#1744,#1745,#1746),(#1747,#1748,#1749),(#1750,#1751,
#1752)),.UNSPECIFIED.,.F.,.F.,.F.)
B_SPLINE_SURFACE_WITH_KNOTS((3,3),(3,3),(0.,1.5707963267949),(1.5707963267949,
3.14159265358979),.UNSPECIFIED.)
GEOMETRIC_REPRESENTATION_ITEM()
RATIONAL_B_SPLINE_SURFACE(((1.,0.707106781186548,1.),(0.707106781186547,
0.5,0.707106781186547),(1.,0.707106781186548,1.)))
REPRESENTATION_ITEM('')
SURFACE()
);
#1160=(
BOUNDED_SURFACE()
B_SPLINE_SURFACE(2,2,((#1776,#1777,#1778),(#1779,#1780,#1781),(#1782,#1783,
#1784)),.UNSPECIFIED.,.F.,.F.,.F.)
B_SPLINE_SURFACE_WITH_KNOTS((3,3),(3,3),(0.,1.5707963267949),(-3.14159265358979,
-1.5707963267949),.UNSPECIFIED.)
GEOMETRIC_REPRESENTATION_ITEM()
RATIONAL_B_SPLINE_SURFACE(((1.,0.707106781186548,1.),(0.707106781186547,
0.5,0.707106781186547),(1.,0.707106781186548,1.)))
REPRESENTATION_ITEM('')
SURFACE()
);
#1161=(
BOUNDED_SURFACE()
B_SPLINE_SURFACE(2,2,((#1793,#1794,#1795),(#1796,#1797,#1798),(#1799,#1800,
#1801)),.UNSPECIFIED.,.F.,.F.,.F.)
B_SPLINE_SURFACE_WITH_KNOTS((3,3),(3,3),(0.,1.5707963267949),(-2.7755575615629E-15,
1.5707963267949),.UNSPECIFIED.)
GEOMETRIC_REPRESENTATION_ITEM()
RATIONAL_B_SPLINE_SURFACE(((1.,0.707106781186546,1.),(0.707106781186547,
0.499999999999999,0.707106781186547),(1.,0.707106781186546,1.)))
REPRESENTATION_ITEM('')
SURFACE()
);
#1162=(
BOUNDED_SURFACE()
B_SPLINE_SURFACE(2,2,((#1816,#1817,#1818),(#1819,#1820,#1821),(#1822,#1823,
#1824)),.UNSPECIFIED.,.F.,.F.,.F.)
B_SPLINE_SURFACE_WITH_KNOTS((3,3),(3,3),(0.,1.5707963267949),(-1.5707963267949,
1.6062850670372E-15),.UNSPECIFIED.)
GEOMETRIC_REPRESENTATION_ITEM()
RATIONAL_B_SPLINE_SURFACE(((1.,0.707106781186546,1.),(0.707106781186545,
0.499999999999998,0.707106781186545),(1.,0.707106781186546,1.)))
REPRESENTATION_ITEM('')
SURFACE()
);
#1163=ADVANCED_FACE('',(#282),#1158,.F.);
#1164=ADVANCED_FACE('',(#283),#265,.T.);
#1165=ADVANCED_FACE('',(#284),#266,.T.);
#1166=ADVANCED_FACE('',(#285),#267,.T.);
#1167=ADVANCED_FACE('',(#286),#268,.T.);
#1168=ADVANCED_FACE('',(#287),#269,.T.);
#1169=ADVANCED_FACE('',(#288),#1159,.F.);
#1170=ADVANCED_FACE('',(#289),#270,.T.);
#1171=ADVANCED_FACE('',(#290),#271,.T.);
#1172=ADVANCED_FACE('',(#291),#272,.T.);
#1173=ADVANCED_FACE('',(#292),#1160,.F.);
#1174=ADVANCED_FACE('',(#293),#273,.T.);
#1175=ADVANCED_FACE('',(#294),#1161,.F.);
#1176=ADVANCED_FACE('',(#295),#274,.T.);
#1177=ADVANCED_FACE('',(#296),#275,.T.);
#1178=ADVANCED_FACE('',(#297),#1162,.F.);
#1179=ADVANCED_FACE('',(#298),#276,.T.);
#1180=ADVANCED_FACE('',(#299),#134,.T.);
#1181=ADVANCED_FACE('',(#300),#135,.T.);
#1182=ADVANCED_FACE('',(#301),#277,.T.);
#1183=ADVANCED_FACE('',(#302),#136,.T.);
#1184=ADVANCED_FACE('',(#303),#137,.T.);
#1185=ADVANCED_FACE('',(#304),#138,.T.);
#1186=ADVANCED_FACE('',(#305),#278,.T.);
#1187=ADVANCED_FACE('',(#306),#139,.T.);
#1188=ADVANCED_FACE('',(#307,#131),#140,.T.);
#1189=ADVANCED_FACE('',(#308),#129,.T.);
#1190=ADVANCED_FACE('',(#309),#279,.T.);
#1191=ADVANCED_FACE('',(#310),#130,.F.);
#1192=ADVANCED_FACE('',(#311,#132),#141,.F.);
#1193=ADVANCED_FACE('',(#312),#142,.F.);
#1194=ADVANCED_FACE('',(#313),#280,.T.);
#1195=ADVANCED_FACE('',(#314),#143,.T.);
#1196=ADVANCED_FACE('',(#315),#144,.T.);
#1197=ADVANCED_FACE('',(#316),#145,.T.);
#1198=ADVANCED_FACE('',(#317),#281,.T.);
#1199=ADVANCED_FACE('',(#318),#146,.T.);
#1200=ADVANCED_FACE('',(#319),#147,.T.);
#1201=ADVANCED_FACE('',(#320),#148,.T.);
#1202=ADVANCED_FACE('',(#321),#80,.F.);
#1203=ADVANCED_FACE('',(#322),#81,.F.);
#1204=ADVANCED_FACE('',(#323),#82,.F.);
#1205=ADVANCED_FACE('',(#324),#83,.F.);
#1206=ADVANCED_FACE('',(#325),#84,.F.);
#1207=ADVANCED_FACE('',(#326),#85,.F.);
#1208=ADVANCED_FACE('',(#327),#86,.F.);
#1209=ADVANCED_FACE('',(#328),#87,.F.);
#1210=ADVANCED_FACE('',(#329),#88,.T.);
#1211=ADVANCED_FACE('',(#330),#89,.T.);
#1212=ADVANCED_FACE('',(#331),#90,.T.);
#1213=ADVANCED_FACE('',(#332),#91,.T.);
#1214=ADVANCED_FACE('',(#333,#133),#149,.F.);
#1215=ADVANCED_FACE('',(#334),#92,.F.);
#1216=ADVANCED_FACE('',(#335),#93,.F.);
#1217=ADVANCED_FACE('',(#336),#94,.F.);
#1218=ADVANCED_FACE('',(#337),#95,.F.);
#1219=ADVANCED_FACE('',(#338),#96,.F.);
#1220=ADVANCED_FACE('',(#339),#97,.F.);
#1221=ADVANCED_FACE('',(#340),#98,.F.);
#1222=ADVANCED_FACE('',(#341),#99,.F.);
#1223=ADVANCED_FACE('',(#342),#100,.F.);
#1224=ADVANCED_FACE('',(#343),#101,.F.);
#1225=ADVANCED_FACE('',(#344),#102,.F.);
#1226=ADVANCED_FACE('',(#345),#103,.F.);
#1227=ADVANCED_FACE('',(#346),#104,.F.);
#1228=ADVANCED_FACE('',(#347),#105,.F.);
#1229=ADVANCED_FACE('',(#348),#106,.F.);
#1230=ADVANCED_FACE('',(#349),#107,.F.);
#1231=ADVANCED_FACE('',(#350),#108,.F.);
#1232=ADVANCED_FACE('',(#351),#109,.F.);
#1233=ADVANCED_FACE('',(#352),#110,.F.);
#1234=ADVANCED_FACE('',(#353),#111,.F.);
#1235=ADVANCED_FACE('',(#354),#112,.T.);
#1236=ADVANCED_FACE('',(#355),#113,.T.);
#1237=ADVANCED_FACE('',(#356),#114,.F.);
#1238=ADVANCED_FACE('',(#357),#115,.F.);
#1239=ADVANCED_FACE('',(#358),#116,.F.);
#1240=ADVANCED_FACE('',(#359),#117,.F.);
#1241=ADVANCED_FACE('',(#360),#118,.T.);
#1242=ADVANCED_FACE('',(#361),#150,.F.);
#1243=ADVANCED_FACE('',(#362),#119,.T.);
#1244=ADVANCED_FACE('',(#363),#120,.T.);
#1245=CLOSED_SHELL('',(#1163,#1164,#1165,#1166,#1167,#1168,#1169,#1170,
#1171,#1172,#1173,#1174,#1175,#1176,#1177,#1178,#1179,#1180,#1181,#1182,
#1183,#1184,#1185,#1186,#1187,#1188,#1189,#1190,#1191,#1192,#1193,#1194,
#1195,#1196,#1197,#1198,#1199,#1200,#1201));
#1246=CLOSED_SHELL('',(#1202,#1203,#1204,#1205,#1206,#1207,#1208,#1209,
#1210,#1211,#1212,#1213,#1214,#1215,#1216,#1217,#1218,#1219,#1220,#1221,
#1222,#1223,#1224,#1225,#1226,#1227,#1228,#1229,#1230,#1231,#1232,#1233,
#1234,#1235,#1236,#1237,#1238,#1239,#1240,#1241,#1242,#1243,#1244));
#1247=DERIVED_UNIT_ELEMENT(#1249,1.);
#1248=DERIVED_UNIT_ELEMENT(#5983,-3.);
#1249=(
MASS_UNIT()
NAMED_UNIT(*)
SI_UNIT(.KILO.,.GRAM.)
);
#1250=DERIVED_UNIT((#1247,#1248));
#1251=MEASURE_REPRESENTATION_ITEM('density measure',
POSITIVE_RATIO_MEASURE(7850.),#1250);
#1252=PROPERTY_DEFINITION_REPRESENTATION(#1257,#1254);
#1253=PROPERTY_DEFINITION_REPRESENTATION(#1258,#1255);
#1254=REPRESENTATION('material name',(#1256),#5980);
#1255=REPRESENTATION('density',(#1251),#5980);
#1256=DESCRIPTIVE_REPRESENTATION_ITEM('Steel','Steel');
#1257=PROPERTY_DEFINITION('material property','material name',#5995);
#1258=PROPERTY_DEFINITION('material property','density of part',#5995);
#1259=AXIS2_PLACEMENT_3D('',#1600,#1355,#1356);
#1260=AXIS2_PLACEMENT_3D('',#1601,#1357,#1358);
#1261=AXIS2_PLACEMENT_3D('',#1704,#1359,#1360);
#1262=AXIS2_PLACEMENT_3D('',#1705,#1361,#1362);
#1263=AXIS2_PLACEMENT_3D('',#1710,#1364,#1365);
#1264=AXIS2_PLACEMENT_3D('',#1713,#1367,#1368);
#1265=AXIS2_PLACEMENT_3D('',#1714,#1369,#1370);
#1266=AXIS2_PLACEMENT_3D('',#1718,#1372,#1373);
#1267=AXIS2_PLACEMENT_3D('',#1720,#1375,#1376);
#1268=AXIS2_PLACEMENT_3D('',#1725,#1378,#1379);
#1269=AXIS2_PLACEMENT_3D('',#1728,#1381,#1382);
#1270=AXIS2_PLACEMENT_3D('',#1729,#1383,#1384);
#1271=AXIS2_PLACEMENT_3D('',#1733,#1386,#1387);
#1272=AXIS2_PLACEMENT_3D('',#1735,#1389,#1390);
#1273=AXIS2_PLACEMENT_3D('',#1740,#1392,#1393);
#1274=AXIS2_PLACEMENT_3D('',#1743,#1395,#1396);
#1275=AXIS2_PLACEMENT_3D('',#1755,#1397,#1398);
#1276=AXIS2_PLACEMENT_3D('',#1756,#1399,#1400);
#1277=AXIS2_PLACEMENT_3D('',#1757,#1401,#1402);
#1278=AXIS2_PLACEMENT_3D('',#1758,#1403,#1404);
#1279=AXIS2_PLACEMENT_3D('',#1761,#1407,#1408);
#1280=AXIS2_PLACEMENT_3D('',#1766,#1411,#1412);
#1281=AXIS2_PLACEMENT_3D('',#1767,#1413,#1414);
#1282=AXIS2_PLACEMENT_3D('',#1772,#1416,#1417);
#1283=AXIS2_PLACEMENT_3D('',#1775,#1419,#1420);
#1284=AXIS2_PLACEMENT_3D('',#1787,#1421,#1422);
#1285=AXIS2_PLACEMENT_3D('',#1788,#1423,#1424);
#1286=AXIS2_PLACEMENT_3D('',#1789,#1425,#1426);
#1287=AXIS2_PLACEMENT_3D('',#1790,#1427,#1428);
#1288=AXIS2_PLACEMENT_3D('',#1804,#1431,#1432);
#1289=AXIS2_PLACEMENT_3D('',#1805,#1433,#1434);
#1290=AXIS2_PLACEMENT_3D('',#1806,#1435,#1436);
#1291=AXIS2_PLACEMENT_3D('',#1807,#1437,#1438);
#1292=AXIS2_PLACEMENT_3D('',#1810,#1441,#1442);
#1293=AXIS2_PLACEMENT_3D('',#1815,#1445,#1446);
#1294=AXIS2_PLACEMENT_3D('',#1827,#1447,#1448);
#1295=AXIS2_PLACEMENT_3D('',#1828,#1449,#1450);
#1296=AXIS2_PLACEMENT_3D('',#1829,#1451,#1452);
#1297=AXIS2_PLACEMENT_3D('',#1830,#1453,#1454);
#1298=AXIS2_PLACEMENT_3D('',#1833,#1457,#1458);
#1299=AXIS2_PLACEMENT_3D('',#1839,#1462,#1463);
#1300=AXIS2_PLACEMENT_3D('',#1843,#1466,#1467);
#1301=AXIS2_PLACEMENT_3D('',#1846,#1469,#1470);
#1302=AXIS2_PLACEMENT_3D('',#1847,#1471,#1472);
#1303=AXIS2_PLACEMENT_3D('',#1851,#1475,#1476);
#1304=AXIS2_PLACEMENT_3D('',#1855,#1479,#1480);
#1305=AXIS2_PLACEMENT_3D('',#1859,#1483,#1484);
#1306=AXIS2_PLACEMENT_3D('',#1862,#1486,#1487);
#1307=AXIS2_PLACEMENT_3D('',#1863,#1488,#1489);
#1308=AXIS2_PLACEMENT_3D('',#1867,#1492,#1493);
#1309=AXIS2_PLACEMENT_3D('',#1869,#1494,#1495);
#1310=AXIS2_PLACEMENT_3D('',#1870,#1496,#1497);
#1311=AXIS2_PLACEMENT_3D('',#1872,#1498,#1499);
#1312=AXIS2_PLACEMENT_3D('',#1873,#1500,#1501);
#1313=AXIS2_PLACEMENT_3D('',#1874,#1502,#1503);
#1314=AXIS2_PLACEMENT_3D('',#1877,#1505,#1506);
#1315=AXIS2_PLACEMENT_3D('',#1878,#1507,#1508);
#1316=AXIS2_PLACEMENT_3D('',#1880,#1509,#1510);
#1317=AXIS2_PLACEMENT_3D('',#1881,#1511,#1512);
#1318=AXIS2_PLACEMENT_3D('',#1882,#1513,#1514);
#1319=AXIS2_PLACEMENT_3D('',#1883,#1515,#1516);
#1320=AXIS2_PLACEMENT_3D('',#1886,#1517,#1518);
#1321=AXIS2_PLACEMENT_3D('',#1893,#1522,#1523);
#1322=AXIS2_PLACEMENT_3D('',#1899,#1527,#1528);
#1323=AXIS2_PLACEMENT_3D('',#1902,#1531,#1532);
#1324=AXIS2_PLACEMENT_3D('',#1903,#1533,#1534);
#1325=AXIS2_PLACEMENT_3D('',#1905,#1536,#1537);
#1326=AXIS2_PLACEMENT_3D('',#1907,#1539,#1540);
#1327=AXIS2_PLACEMENT_3D('',#1909,#1542,#1543);
#1328=AXIS2_PLACEMENT_3D('',#1911,#1545,#1546);
#1329=AXIS2_PLACEMENT_3D('',#1913,#1548,#1549);
#1330=AXIS2_PLACEMENT_3D('',#2006,#1550,#1551);
#1331=AXIS2_PLACEMENT_3D('',#2019,#1552,#1553);
#1332=AXIS2_PLACEMENT_3D('',#2062,#1554,#1555);
#1333=AXIS2_PLACEMENT_3D('',#2167,#1556,#1557);
#1334=AXIS2_PLACEMENT_3D('',#2220,#1558,#1559);
#1335=AXIS2_PLACEMENT_3D('',#2325,#1560,#1561);
#1336=AXIS2_PLACEMENT_3D('',#2378,#1562,#1563);
#1337=AXIS2_PLACEMENT_3D('',#2483,#1564,#1565);
#1338=AXIS2_PLACEMENT_3D('',#2943,#1566,#1567);
#1339=AXIS2_PLACEMENT_3D('',#3263,#1568,#1569);
#1340=AXIS2_PLACEMENT_3D('',#3282,#1570,#1571);
#1341=AXIS2_PLACEMENT_3D('',#3289,#1572,#1573);
#1342=AXIS2_PLACEMENT_3D('',#3360,#1574,#1575);
#1343=AXIS2_PLACEMENT_3D('',#3451,#1576,#1577);
#1344=AXIS2_PLACEMENT_3D('',#3502,#1578,#1579);
#1345=AXIS2_PLACEMENT_3D('',#3539,#1580,#1581);
#1346=AXIS2_PLACEMENT_3D('',#3666,#1582,#1583);
#1347=AXIS2_PLACEMENT_3D('',#3697,#1584,#1585);
#1348=AXIS2_PLACEMENT_3D('',#3757,#1586,#1587);
#1349=AXIS2_PLACEMENT_3D('',#3868,#1588,#1589);
#1350=AXIS2_PLACEMENT_3D('',#3910,#1590,#1591);
#1351=AXIS2_PLACEMENT_3D('',#3981,#1592,#1593);
#1352=AXIS2_PLACEMENT_3D('',#4335,#1594,#1595);
#1353=AXIS2_PLACEMENT_3D('',#4854,#1596,#1597);
#1354=AXIS2_PLACEMENT_3D('',#5975,#1598,#1599);
#1355=DIRECTION('axis',(0.,0.,1.));
#1356=DIRECTION('refdir',(1.,0.,0.));
#1357=DIRECTION('axis',(0.,0.,1.));
#1358=DIRECTION('refdir',(1.,0.,0.));
#1359=DIRECTION('center_axis',(-2.01548820800744E-15,7.51815042897294E-31,
1.));
#1360=DIRECTION('ref_axis',(5.78327502436127E-16,1.,0.));
#1361=DIRECTION('center_axis',(1.,5.95613210635814E-17,0.));
#1362=DIRECTION('ref_axis',(0.,-0.707106781186548,0.707106781186548));
#1363=DIRECTION('',(1.,5.95613210635814E-17,0.));
#1364=DIRECTION('center_axis',(-1.,0.,0.));
#1365=DIRECTION('ref_axis',(0.,-1.,0.));
#1366=DIRECTION('',(-1.,-5.95613210635814E-17,0.));
#1367=DIRECTION('center_axis',(0.707106781186547,0.707106781186548,0.));
#1368=DIRECTION('ref_axis',(-0.707106781186548,0.707106781186547,0.));
#1369=DIRECTION('center_axis',(0.,1.,0.));
#1370=DIRECTION('ref_axis',(0.707106781186548,0.,0.707106781186548));
#1371=DIRECTION('',(0.,-1.,0.));
#1372=DIRECTION('center_axis',(-0.707106781186548,0.707106781186548,0.));
#1373=DIRECTION('ref_axis',(-0.707106781186547,-0.707106781186547,0.));
#1374=DIRECTION('',(0.,1.,0.));
#1375=DIRECTION('center_axis',(-5.95613210635814E-17,1.,0.));
#1376=DIRECTION('ref_axis',(0.707106781186548,0.,0.707106781186548));
#1377=DIRECTION('',(-5.95613210635814E-17,1.,0.));
#1378=DIRECTION('center_axis',(0.,-1.,0.));
#1379=DIRECTION('ref_axis',(1.,0.,0.));
#1380=DIRECTION('',(5.95613210635814E-17,-1.,0.));
#1381=DIRECTION('center_axis',(-0.707106781186548,0.707106781186547,0.));
#1382=DIRECTION('ref_axis',(-0.707106781186547,-0.707106781186548,0.));
#1383=DIRECTION('center_axis',(-1.,0.,0.));
#1384=DIRECTION('ref_axis',(0.,0.707106781186548,0.707106781186548));
#1385=DIRECTION('',(1.,0.,0.));
#1386=DIRECTION('center_axis',(-0.707106781186548,-0.707106781186547,0.));
#1387=DIRECTION('ref_axis',(0.707106781186547,-0.707106781186548,0.));
#1388=DIRECTION('',(-1.,0.,0.));
#1389=DIRECTION('center_axis',(-1.,0.,0.));
#1390=DIRECTION('ref_axis',(0.,0.707106781186547,0.707106781186548));
#1391=DIRECTION('',(-1.,0.,0.));
#1392=DIRECTION('center_axis',(1.,0.,0.));
#1393=DIRECTION('ref_axis',(0.,1.,0.));
#1394=DIRECTION('',(1.,0.,0.));
#1395=DIRECTION('center_axis',(-0.707106781186547,-0.707106781186548,0.));
#1396=DIRECTION('ref_axis',(0.707106781186548,-0.707106781186547,0.));
#1397=DIRECTION('center_axis',(-6.93889390390723E-16,1.,0.));
#1398=DIRECTION('ref_axis',(-1.,-6.93889390390723E-16,0.));
#1399=DIRECTION('center_axis',(0.,0.,-1.));
#1400=DIRECTION('ref_axis',(-0.707106781186548,0.707106781186547,0.));
#1401=DIRECTION('center_axis',(0.,0.,1.));
#1402=DIRECTION('ref_axis',(-0.707106781186548,0.707106781186547,0.));
#1403=DIRECTION('center_axis',(-1.19122642127163E-16,-1.,0.));
#1404=DIRECTION('ref_axis',(-0.707106781186547,0.,0.707106781186548));
#1405=DIRECTION('',(1.19122642127163E-16,1.,0.));
#1406=DIRECTION('',(-1.19122642127163E-16,-1.,0.));
#1407=DIRECTION('center_axis',(0.,-1.,0.));
#1408=DIRECTION('ref_axis',(-0.707106781186548,0.,0.707106781186548));
#1409=DIRECTION('',(0.,-1.,0.));
#1410=DIRECTION('',(0.,1.,0.));
#1411=DIRECTION('center_axis',(0.707106781186547,-0.707106781186548,0.));
#1412=DIRECTION('ref_axis',(0.707106781186548,0.707106781186547,0.));
#1413=DIRECTION('center_axis',(5.95613210635814E-17,-1.,0.));
#1414=DIRECTION('ref_axis',(-0.707106781186547,0.,0.707106781186548));
#1415=DIRECTION('',(5.95613210635814E-17,-1.,0.));
#1416=DIRECTION('center_axis',(0.,1.,0.));
#1417=DIRECTION('ref_axis',(-1.,0.,0.));
#1418=DIRECTION('',(-5.95613210635814E-17,1.,0.));
#1419=DIRECTION('center_axis',(0.707106781186548,-0.707106781186547,0.));
#1420=DIRECTION('ref_axis',(0.707106781186547,0.707106781186548,0.));
#1421=DIRECTION('center_axis',(-1.,0.,0.));
#1422=DIRECTION('ref_axis',(0.,-1.,0.));
#1423=DIRECTION('center_axis',(0.,0.,-1.));
#1424=DIRECTION('ref_axis',(-0.707106781186548,-0.707106781186547,0.));
#1425=DIRECTION('center_axis',(0.,0.,1.));
#1426=DIRECTION('ref_axis',(-0.707106781186548,-0.707106781186547,0.));
#1427=DIRECTION('center_axis',(1.,0.,0.));
#1428=DIRECTION('ref_axis',(0.,-0.707106781186547,0.707106781186548));
#1429=DIRECTION('',(-1.,0.,0.));
#1430=DIRECTION('',(1.,0.,0.));
#1431=DIRECTION('center_axis',(1.,-6.93889390390723E-16,0.));
#1432=DIRECTION('ref_axis',(6.93889390390723E-16,1.,0.));
#1433=DIRECTION('center_axis',(0.,0.,-1.));
#1434=DIRECTION('ref_axis',(0.707106781186548,0.707106781186547,0.));
#1435=DIRECTION('center_axis',(0.,0.,1.));
#1436=DIRECTION('ref_axis',(0.707106781186548,0.707106781186547,0.));
#1437=DIRECTION('center_axis',(-1.,-1.19122642127163E-16,0.));
#1438=DIRECTION('ref_axis',(0.,0.707106781186548,0.707106781186548));
#1439=DIRECTION('',(1.,1.19122642127163E-16,0.));
#1440=DIRECTION('',(-1.,-1.19122642127163E-16,0.));
#1441=DIRECTION('center_axis',(1.,0.,0.));
#1442=DIRECTION('ref_axis',(0.,-0.707106781186548,0.707106781186548));
#1443=DIRECTION('',(1.,0.,0.));
#1444=DIRECTION('',(-1.,0.,0.));
#1445=DIRECTION('center_axis',(0.707106781186548,0.707106781186547,0.));
#1446=DIRECTION('ref_axis',(-0.707106781186547,0.707106781186548,0.));
#1447=DIRECTION('center_axis',(1.38777878078145E-15,-1.,0.));
#1448=DIRECTION('ref_axis',(1.,1.38777878078145E-15,0.));
#1449=DIRECTION('center_axis',(0.,0.,-1.));
#1450=DIRECTION('ref_axis',(0.707106781186548,-0.707106781186547,0.));
#1451=DIRECTION('center_axis',(0.,0.,1.));
#1452=DIRECTION('ref_axis',(0.707106781186548,-0.707106781186547,0.));
#1453=DIRECTION('center_axis',(5.95613210635814E-17,1.,0.));
#1454=DIRECTION('ref_axis',(0.707106781186548,0.,0.707106781186548));
#1455=DIRECTION('',(-5.95613210635814E-17,-1.,0.));
#1456=DIRECTION('',(5.95613210635814E-17,1.,0.));
#1457=DIRECTION('center_axis',(0.,1.,0.));
#1458=DIRECTION('ref_axis',(-1.,0.,0.));
#1459=DIRECTION('',(0.,0.,1.));
#1460=DIRECTION('',(-1.,0.,0.));
#1461=DIRECTION('',(0.,0.,1.));
#1462=DIRECTION('center_axis',(-1.,1.19122642127163E-16,0.));
#1463=DIRECTION('ref_axis',(-1.19122642127163E-16,-1.,0.));
#1464=DIRECTION('',(0.,0.,1.));
#1465=DIRECTION('',(-1.19122642127163E-16,-1.,0.));
#1466=DIRECTION('center_axis',(0.,0.,1.));
#1467=DIRECTION('ref_axis',(-9.25185853854297E-16,1.,0.));
#1468=DIRECTION('',(0.,0.,1.));
#1469=DIRECTION('center_axis',(0.,0.,1.));
#1470=DIRECTION('ref_axis',(-9.25185853854297E-16,1.,0.));
#1471=DIRECTION('center_axis',(0.,1.,0.));
#1472=DIRECTION('ref_axis',(-1.,0.,0.));
#1473=DIRECTION('',(0.,0.,1.));
#1474=DIRECTION('',(-1.,0.,0.));
#1475=DIRECTION('center_axis',(-1.,0.,0.));
#1476=DIRECTION('ref_axis',(0.,-1.,0.));
#1477=DIRECTION('',(0.,0.,1.));
#1478=DIRECTION('',(0.,-1.,0.));
#1479=DIRECTION('center_axis',(0.,-1.,0.));
#1480=DIRECTION('ref_axis',(1.,0.,0.));
#1481=DIRECTION('',(0.,0.,1.));
#1482=DIRECTION('',(1.,0.,0.));
#1483=DIRECTION('center_axis',(0.,0.,1.));
#1484=DIRECTION('ref_axis',(-1.,4.62592926927149E-16,0.));
#1485=DIRECTION('',(0.,0.,1.));
#1486=DIRECTION('center_axis',(0.,0.,1.));
#1487=DIRECTION('ref_axis',(-1.,4.62592926927149E-16,0.));
#1488=DIRECTION('center_axis',(-1.,-5.95613210635814E-17,0.));
#1489=DIRECTION('ref_axis',(5.95613210635814E-17,-1.,0.));
#1490=DIRECTION('',(0.,0.,1.));
#1491=DIRECTION('',(5.95613210635814E-17,-1.,0.));
#1492=DIRECTION('center_axis',(0.,0.,1.));
#1493=DIRECTION('ref_axis',(1.,0.,0.));
#1494=DIRECTION('center_axis',(0.,0.,-1.));
#1495=DIRECTION('ref_axis',(1.,0.,0.));
#1496=DIRECTION('center_axis',(0.,0.,1.));
#1497=DIRECTION('ref_axis',(1.,0.,0.));
#1498=DIRECTION('center_axis',(1.22464679914735E-16,-1.,0.));
#1499=DIRECTION('ref_axis',(-1.,-1.22464679914735E-16,0.));
#1500=DIRECTION('center_axis',(0.,0.,1.));
#1501=DIRECTION('ref_axis',(1.,0.,0.));
#1502=DIRECTION('center_axis',(0.,0.,1.));
#1503=DIRECTION('ref_axis',(1.,0.,0.));
#1504=DIRECTION('',(0.,0.,-1.));
#1505=DIRECTION('center_axis',(0.,0.,-1.));
#1506=DIRECTION('ref_axis',(1.,0.,0.));
#1507=DIRECTION('center_axis',(0.,0.,1.));
#1508=DIRECTION('ref_axis',(1.,0.,0.));
#1509=DIRECTION('center_axis',(0.,0.,1.));
#1510=DIRECTION('ref_axis',(1.,0.,0.));
#1511=DIRECTION('center_axis',(1.22464679914735E-16,-1.,0.));
#1512=DIRECTION('ref_axis',(-1.,-1.22464679914735E-16,0.));
#1513=DIRECTION('center_axis',(0.,0.,-1.));
#1514=DIRECTION('ref_axis',(1.,0.,0.));
#1515=DIRECTION('center_axis',(0.,0.,-1.));
#1516=DIRECTION('ref_axis',(1.,0.,0.));
#1517=DIRECTION('center_axis',(0.,0.,1.));
#1518=DIRECTION('ref_axis',(1.,-9.25185853854298E-16,0.));
#1519=DIRECTION('',(-5.95613210635814E-17,1.,0.));
#1520=DIRECTION('',(1.,0.,0.));
#1521=DIRECTION('',(5.95613210635814E-17,1.,0.));
#1522=DIRECTION('center_axis',(0.,0.,1.));
#1523=DIRECTION('ref_axis',(-4.62592926927149E-16,-1.,0.));
#1524=DIRECTION('',(1.,5.95613210635814E-17,0.));
#1525=DIRECTION('',(0.,1.,0.));
#1526=DIRECTION('',(-1.,-1.19122642127163E-16,0.));
#1527=DIRECTION('center_axis',(0.,0.,1.));
#1528=DIRECTION('ref_axis',(1.,-9.25185853854298E-16,0.));
#1529=DIRECTION('',(0.,0.,1.));
#1530=DIRECTION('',(0.,0.,1.));
#1531=DIRECTION('center_axis',(1.,5.95613210635814E-17,0.));
#1532=DIRECTION('ref_axis',(-5.95613210635814E-17,1.,0.));
#1533=DIRECTION('center_axis',(0.,-1.,0.));
#1534=DIRECTION('ref_axis',(1.,0.,0.));
#1535=DIRECTION('',(0.,0.,1.));
#1536=DIRECTION('center_axis',(1.,-5.95613210635814E-17,0.));
#1537=DIRECTION('ref_axis',(5.95613210635814E-17,1.,0.));
#1538=DIRECTION('',(0.,0.,1.));
#1539=DIRECTION('center_axis',(0.,0.,1.));
#1540=DIRECTION('ref_axis',(-4.62592926927149E-16,-1.,0.));
#1541=DIRECTION('',(0.,0.,1.));
#1542=DIRECTION('center_axis',(5.95613210635814E-17,-1.,0.));
#1543=DIRECTION('ref_axis',(1.,5.95613210635814E-17,0.));
#1544=DIRECTION('',(0.,0.,1.));
#1545=DIRECTION('center_axis',(1.,0.,0.));
#1546=DIRECTION('ref_axis',(0.,1.,0.));
#1547=DIRECTION('',(0.,0.,1.));
#1548=DIRECTION('center_axis',(-1.19122642127163E-16,1.,0.));
#1549=DIRECTION('ref_axis',(-1.,-1.19122642127163E-16,0.));
#1550=DIRECTION('center_axis',(-0.0187999390494086,-0.999823265528333,0.));
#1551=DIRECTION('ref_axis',(-0.972663351069825,0.0182892440555916,0.231498399643483));
#1552=DIRECTION('center_axis',(-0.0187999390494084,0.999823265528333,0.));
#1553=DIRECTION('ref_axis',(0.,0.,-1.));
#1554=DIRECTION('center_axis',(-0.999822524548342,-0.0188393048115102,0.));
#1555=DIRECTION('ref_axis',(-0.0183501762933913,0.973863938777414,0.226389707758419));
#1556=DIRECTION('center_axis',(-0.999822522774767,0.0188393989367923,0.));
#1557=DIRECTION('ref_axis',(0.0183502637456701,0.973863712602186,0.226390673609034));
#1558=DIRECTION('center_axis',(-0.0188001072409613,0.999823262365769,0.));
#1559=DIRECTION('ref_axis',(0.972663663881358,0.0182894136180502,0.231497071934829));
#1560=DIRECTION('center_axis',(0.0188001072393681,0.999823262365799,0.));
#1561=DIRECTION('ref_axis',(0.972663663881439,-0.0182894136165013,0.231497071934613));
#1562=DIRECTION('center_axis',(0.999822522774729,0.0188393989388454,0.));
#1563=DIRECTION('ref_axis',(0.0183502637476686,-0.973863712602081,0.226390673609322));
#1564=DIRECTION('center_axis',(0.999822524548404,-0.0188393048082199,0.));
#1565=DIRECTION('ref_axis',(-0.0183501762901884,-0.973863938777579,0.22638970775797));
#1566=DIRECTION('center_axis',(0.,0.,1.));
#1567=DIRECTION('ref_axis',(1.,0.,0.));
#1568=DIRECTION('center_axis',(-0.124375281117391,-0.947797600545677,0.293616242477877));
#1569=DIRECTION('ref_axis',(0.0924350172445149,0.283559412724992,0.954489301690733));
#1570=DIRECTION('center_axis',(0.803862136153173,0.451384707704433,0.387372574803433));
#1571=DIRECTION('ref_axis',(-0.223539325343135,-0.374254428153441,0.899979884793364));
#1572=DIRECTION('center_axis',(-0.728685020451463,-0.547462526971145,-0.411464363623413));
#1573=DIRECTION('ref_axis',(0.315449412056197,-0.80158877106637,0.507884938281995));
#1574=DIRECTION('center_axis',(0.999999999999993,1.04176001229186E-7,4.82606165893206E-8));
#1575=DIRECTION('ref_axis',(-2.08884701815676E-9,-0.403767945234768,0.914861435628857));
#1576=DIRECTION('center_axis',(0.914117180732256,-0.339226251710211,-0.222070551944089));
#1577=DIRECTION('ref_axis',(0.0741223771459765,-0.398664319641285,0.914096621507366));
#1578=DIRECTION('center_axis',(0.494939432202028,-0.789015616455592,-0.363990817797284));
#1579=DIRECTION('ref_axis',(0.0871484504973304,-0.371710074803939,0.924249299629253));
#1580=DIRECTION('center_axis',(0.125059708084015,-0.948015407440342,-0.292620670270682));
#1581=DIRECTION('ref_axis',(0.0923762923250662,-0.282528964766986,0.954800505175803));
#1582=DIRECTION('center_axis',(-0.489645572368652,-0.791778663891134,0.365148957093603));
#1583=DIRECTION('ref_axis',(0.0872760158571302,0.372176498621322,0.924049539218585));
#1584=DIRECTION('center_axis',(-0.914333564168695,-0.338479818844399,0.222318567982149));
#1585=DIRECTION('ref_axis',(0.0741907310650885,0.399684818369133,0.913645325818099));
#1586=DIRECTION('center_axis',(-0.999999999999994,1.03467261231178E-7,-4.35254771180259E-8));
#1587=DIRECTION('ref_axis',(2.08884734704132E-9,0.404842568768466,0.914386403285258));
#1588=DIRECTION('center_axis',(-0.803982619719328,0.45067538174461,-0.387947995842995));
#1589=DIRECTION('ref_axis',(-0.22374187580037,0.375192002640136,0.899539067616419));
#1590=DIRECTION('center_axis',(-0.726333132390637,0.549663471289309,-0.412686623386065));
#1591=DIRECTION('ref_axis',(-0.23715804643282,0.36312524643075,0.90105278225905));
#1592=DIRECTION('center_axis',(-0.128166076830654,0.950840531852625,-0.281914419170172));
#1593=DIRECTION('ref_axis',(-0.273856269517895,0.2392755875927,0.93153096396626));
#1594=DIRECTION('center_axis',(0.12873678432183,0.951019328807063,0.28104995391894));
#1595=DIRECTION('ref_axis',(-0.273672317838352,-0.238331869717472,0.931826905774864));
#1596=DIRECTION('center_axis',(-3.57100133215008E-21,-1.67885151835759E-17,
1.));
#1597=DIRECTION('ref_axis',(1.,0.,3.57100133215008E-21));
#1598=DIRECTION('',(1.24032728532342E-16,2.168404344971E-19,-1.));
#1599=DIRECTION('',(-1.,7.30396510417383E-18,-1.24032728532342E-16));
#1600=CARTESIAN_POINT('',(0.,0.,0.));
#1601=CARTESIAN_POINT('',(0.,0.,0.));
#1602=CARTESIAN_POINT('Ctrl Pts',(-5.55111512312578E-16,4.,0.));
#1603=CARTESIAN_POINT('Ctrl Pts',(4.,4.,8.06195283202975E-15));
#1604=CARTESIAN_POINT('Ctrl Pts',(4.,-2.31331000974451E-15,8.06195283202975E-15));
#1605=CARTESIAN_POINT('Ctrl Pts',(3.99999999999999,-4.,8.06195283202975E-15));
#1606=CARTESIAN_POINT('Ctrl Pts',(-5.1817315318016E-15,-4.,0.));
#1607=CARTESIAN_POINT('Ctrl Pts',(-4.,-4.,-8.06195283202975E-15));
#1608=CARTESIAN_POINT('Ctrl Pts',(-4.,2.31331000974451E-15,-8.06195283202975E-15));
#1609=CARTESIAN_POINT('Ctrl Pts',(-4.,4.,-8.06195283202975E-15));
#1610=CARTESIAN_POINT('Ctrl Pts',(-5.55111512312578E-16,4.,0.));
#1611=CARTESIAN_POINT('Ctrl Pts',(-5.55111512312578E-16,3.91123814823274,
-0.133142837170378));
#1612=CARTESIAN_POINT('Ctrl Pts',(3.91123814823274,3.91123814823274,-0.13314283717037));
#1613=CARTESIAN_POINT('Ctrl Pts',(3.91123814823274,-2.04496219144696E-15,
-0.13314283717037));
#1614=CARTESIAN_POINT('Ctrl Pts',(3.91123814823273,-3.91123814823274,-0.13314283717037));
#1615=CARTESIAN_POINT('Ctrl Pts',(-4.64503589520649E-15,-3.91123814823274,
-0.133142837170378));
#1616=CARTESIAN_POINT('Ctrl Pts',(-3.91123814823274,-3.91123814823274,-0.133142837170386));
#1617=CARTESIAN_POINT('Ctrl Pts',(-3.91123814823274,2.04496219144696E-15,
-0.133142837170386));
#1618=CARTESIAN_POINT('Ctrl Pts',(-3.91123814823274,3.91123814823274,-0.133142837170386));
#1619=CARTESIAN_POINT('Ctrl Pts',(-5.55111512312578E-16,3.91123814823274,
-0.133142837170378));
#1620=CARTESIAN_POINT('Ctrl Pts',(-5.43775974896351E-16,3.71262053001822,
-0.368562576103136));
#1621=CARTESIAN_POINT('Ctrl Pts',(3.71262053001822,3.71262053001822,-0.368562576103128));
#1622=CARTESIAN_POINT('Ctrl Pts',(3.71262053001822,-1.58181202111202E-15,
-0.368562576103128));
#1623=CARTESIAN_POINT('Ctrl Pts',(3.71262053001821,-3.71262053001822,-0.368562576103128));
#1624=CARTESIAN_POINT('Ctrl Pts',(-3.70740001712039E-15,-3.71262053001822,
-0.368562576103136));
#1625=CARTESIAN_POINT('Ctrl Pts',(-3.71262053001822,-3.71262053001822,-0.368562576103143));
#1626=CARTESIAN_POINT('Ctrl Pts',(-3.71262053001822,1.58181202111202E-15,
-0.368562576103143));
#1627=CARTESIAN_POINT('Ctrl Pts',(-3.71262053001822,3.71262053001822,-0.368562576103143));
#1628=CARTESIAN_POINT('Ctrl Pts',(-5.43775974896351E-16,3.71262053001822,
-0.368562576103136));
#1629=CARTESIAN_POINT('Ctrl Pts',(-4.92801268646947E-16,3.35146957396829,
-0.629180070529405));
#1630=CARTESIAN_POINT('Ctrl Pts',(3.35146957396829,3.35146957396829,-0.629180070529399));
#1631=CARTESIAN_POINT('Ctrl Pts',(3.35146957396829,-1.10751524054483E-15,
-0.629180070529399));
#1632=CARTESIAN_POINT('Ctrl Pts',(3.35146957396829,-3.35146957396829,-0.629180070529399));
#1633=CARTESIAN_POINT('Ctrl Pts',(-2.70783174973662E-15,-3.35146957396829,
-0.629180070529405));
#1634=CARTESIAN_POINT('Ctrl Pts',(-3.35146957396829,-3.35146957396829,-0.629180070529412));
#1635=CARTESIAN_POINT('Ctrl Pts',(-3.35146957396829,1.10751524054484E-15,
-0.629180070529412));
#1636=CARTESIAN_POINT('Ctrl Pts',(-3.35146957396829,3.35146957396829,-0.629180070529412));
#1637=CARTESIAN_POINT('Ctrl Pts',(-4.92801268646947E-16,3.35146957396829,
-0.629180070529405));
#1638=CARTESIAN_POINT('Ctrl Pts',(-3.7026359256983E-16,2.7611784925861,
-0.819240289650013));
#1639=CARTESIAN_POINT('Ctrl Pts',(2.7611784925861,2.7611784925861,-0.819240289650007));
#1640=CARTESIAN_POINT('Ctrl Pts',(2.7611784925861,-8.46988786173058E-16,
-0.819240289650007));
#1641=CARTESIAN_POINT('Ctrl Pts',(2.7611784925861,-2.7611784925861,-0.819240289650007));
#1642=CARTESIAN_POINT('Ctrl Pts',(-2.06424116491595E-15,-2.7611784925861,
-0.819240289650013));
#1643=CARTESIAN_POINT('Ctrl Pts',(-2.7611784925861,-2.7611784925861,-0.819240289650018));
#1644=CARTESIAN_POINT('Ctrl Pts',(-2.7611784925861,8.46988786173059E-16,
-0.819240289650018));
#1645=CARTESIAN_POINT('Ctrl Pts',(-2.7611784925861,2.7611784925861,-0.819240289650018));
#1646=CARTESIAN_POINT('Ctrl Pts',(-3.7026359256983E-16,2.7611784925861,
-0.819240289650013));
#1647=CARTESIAN_POINT('Ctrl Pts',(-1.84847919742781E-16,1.90442181265768,
-0.896814427272403));
#1648=CARTESIAN_POINT('Ctrl Pts',(1.90442181265768,1.90442181265768,-0.896814427272399));
#1649=CARTESIAN_POINT('Ctrl Pts',(1.90442181265768,-8.76054699375833E-16,
-0.896814427272399));
#1650=CARTESIAN_POINT('Ctrl Pts',(1.90442181265768,-1.90442181265768,-0.896814427272399));
#1651=CARTESIAN_POINT('Ctrl Pts',(-1.93695731849445E-15,-1.90442181265768,
-0.896814427272403));
#1652=CARTESIAN_POINT('Ctrl Pts',(-1.90442181265769,-1.90442181265768,-0.896814427272407));
#1653=CARTESIAN_POINT('Ctrl Pts',(-1.90442181265769,8.76054699375833E-16,
-0.896814427272407));
#1654=CARTESIAN_POINT('Ctrl Pts',(-1.90442181265768,1.90442181265768,-0.896814427272407));
#1655=CARTESIAN_POINT('Ctrl Pts',(-1.84847919742781E-16,1.90442181265768,
-0.896814427272403));
#1656=CARTESIAN_POINT('Ctrl Pts',(-6.23102436656502E-17,1.16326137833951,
-0.901902300125374));
#1657=CARTESIAN_POINT('Ctrl Pts',(1.16326137833951,1.16326137833951,-0.901902300125371));
#1658=CARTESIAN_POINT('Ctrl Pts',(1.16326137833951,-9.8833782771396E-16,
-0.901902300125371));
#1659=CARTESIAN_POINT('Ctrl Pts',(1.16326137833951,-1.16326137833951,-0.901902300125371));
#1660=CARTESIAN_POINT('Ctrl Pts',(-2.03898589909357E-15,-1.16326137833951,
-0.901902300125374));
#1661=CARTESIAN_POINT('Ctrl Pts',(-1.16326137833951,-1.16326137833951,-0.901902300125376));
#1662=CARTESIAN_POINT('Ctrl Pts',(-1.16326137833951,9.88337827713961E-16,
-0.901902300125376));
#1663=CARTESIAN_POINT('Ctrl Pts',(-1.16326137833951,1.16326137833951,-0.901902300125376));
#1664=CARTESIAN_POINT('Ctrl Pts',(-6.23102436656502E-17,1.16326137833951,
-0.901902300125374));
#1665=CARTESIAN_POINT('Ctrl Pts',(-1.13355374162301E-17,0.588274656531236,
-0.900347905174989));
#1666=CARTESIAN_POINT('Ctrl Pts',(0.588274656531236,0.588274656531235,-0.900347905174988));
#1667=CARTESIAN_POINT('Ctrl Pts',(0.588274656531235,-1.04244539865647E-15,
-0.900347905174988));
#1668=CARTESIAN_POINT('Ctrl Pts',(0.588274656531234,-0.588274656531237,
-0.900347905174988));
#1669=CARTESIAN_POINT('Ctrl Pts',(-2.09622633472916E-15,-0.588274656531236,
-0.900347905174989));
#1670=CARTESIAN_POINT('Ctrl Pts',(-0.588274656531238,-0.588274656531235,
-0.90034790517499));
#1671=CARTESIAN_POINT('Ctrl Pts',(-0.588274656531237,1.04244539865647E-15,
-0.90034790517499));
#1672=CARTESIAN_POINT('Ctrl Pts',(-0.588274656531236,0.588274656531237,
-0.90034790517499));
#1673=CARTESIAN_POINT('Ctrl Pts',(-1.13355374162301E-17,0.588274656531236,
-0.900347905174989));
#1674=CARTESIAN_POINT('Ctrl Pts',(0.,0.197357401844166,-0.899999979883432));
#1675=CARTESIAN_POINT('Ctrl Pts',(0.197357401844166,0.197357401844165,-0.899999979883432));
#1676=CARTESIAN_POINT('Ctrl Pts',(0.197357401844165,-1.0544821753951E-15,
-0.899999979883432));
#1677=CARTESIAN_POINT('Ctrl Pts',(0.197357401844164,-0.197357401844167,
-0.899999979883432));
#1678=CARTESIAN_POINT('Ctrl Pts',(-2.10896435079019E-15,-0.197357401844166,
-0.899999979883432));
#1679=CARTESIAN_POINT('Ctrl Pts',(-0.197357401844168,-0.197357401844165,
-0.899999979883433));
#1680=CARTESIAN_POINT('Ctrl Pts',(-0.197357401844167,1.0544821753951E-15,
-0.899999979883433));
#1681=CARTESIAN_POINT('Ctrl Pts',(-0.197357401844166,0.197357401844167,
-0.899999979883433));
#1682=CARTESIAN_POINT('Ctrl Pts',(0.,0.197357401844166,-0.899999979883432));
#1683=CARTESIAN_POINT('Ctrl Pts',(0.,0.,-0.899999979883432));
#1684=CARTESIAN_POINT('Ctrl Pts',(-6.16297582203915E-31,-1.0544821753951E-15,
-0.899999979883432));
#1685=CARTESIAN_POINT('Ctrl Pts',(-1.0544821753951E-15,-1.0544821753951E-15,
-0.899999979883432));
#1686=CARTESIAN_POINT('Ctrl Pts',(-2.10896435079019E-15,-1.0544821753951E-15,
-0.899999979883432));
#1687=CARTESIAN_POINT('Ctrl Pts',(-2.10896435079019E-15,7.86683403831823E-31,
-0.899999979883432));
#1688=CARTESIAN_POINT('Ctrl Pts',(-2.10896435079019E-15,1.0544821753951E-15,
-0.899999979883432));
#1689=CARTESIAN_POINT('Ctrl Pts',(-1.0544821753951E-15,1.0544821753951E-15,
-0.899999979883432));
#1690=CARTESIAN_POINT('Ctrl Pts',(1.23259516440783E-31,1.0544821753951E-15,
-0.899999979883432));
#1691=CARTESIAN_POINT('Ctrl Pts',(0.,0.,-0.899999979883432));
#1692=CARTESIAN_POINT('',(-5.55111512312578E-16,4.,0.));
#1693=CARTESIAN_POINT('',(0.,0.,-0.899999979883432));
#1694=CARTESIAN_POINT('Ctrl Pts',(-5.55111512312578E-16,4.,0.));
#1695=CARTESIAN_POINT('Ctrl Pts',(-5.55111512312578E-16,3.91123814823274,
-0.133142837170378));
#1696=CARTESIAN_POINT('Ctrl Pts',(-5.43775974896351E-16,3.71262053001822,
-0.368562576103136));
#1697=CARTESIAN_POINT('Ctrl Pts',(-4.92801268646947E-16,3.35146957396829,
-0.629180070529405));
#1698=CARTESIAN_POINT('Ctrl Pts',(-3.7026359256983E-16,2.7611784925861,
-0.819240289650013));
#1699=CARTESIAN_POINT('Ctrl Pts',(-1.84847919742781E-16,1.90442181265768,
-0.896814427272403));
#1700=CARTESIAN_POINT('Ctrl Pts',(-6.23102436656502E-17,1.16326137833951,
-0.901902300125374));
#1701=CARTESIAN_POINT('Ctrl Pts',(-1.13355374162301E-17,0.588274656531236,
-0.900347905174989));
#1702=CARTESIAN_POINT('Ctrl Pts',(0.,0.197357401844166,-0.899999979883432));
#1703=CARTESIAN_POINT('Ctrl Pts',(0.,0.,-0.899999979883432));
#1704=CARTESIAN_POINT('Origin',(-2.86842152205709E-15,1.06997522539954E-30,
0.));
#1705=CARTESIAN_POINT('Origin',(-1.025,0.785,3.1));
#1706=CARTESIAN_POINT('',(-2.05,0.585,3.1));
#1707=CARTESIAN_POINT('',(-0.885,0.585,3.1));
#1708=CARTESIAN_POINT('',(-1.025,0.585,3.1));
#1709=CARTESIAN_POINT('',(-0.885,0.785,3.3));
#1710=CARTESIAN_POINT('Origin',(-0.885,0.785,3.1));
#1711=CARTESIAN_POINT('',(-2.25,0.785,3.3));
#1712=CARTESIAN_POINT('',(-1.025,0.785,3.3));
#1713=CARTESIAN_POINT('Origin',(-2.25,0.785,3.1));
#1714=CARTESIAN_POINT('Origin',(-2.25,-0.2925,3.1));
#1715=CARTESIAN_POINT('',(-2.25,-0.785,3.3));
#1716=CARTESIAN_POINT('',(-2.25,-0.2925,3.3));
#1717=CARTESIAN_POINT('',(-2.05,-0.585,3.1));
#1718=CARTESIAN_POINT('Origin',(-2.25,-0.785,3.1));
#1719=CARTESIAN_POINT('',(-2.05,-0.2925,3.1));
#1720=CARTESIAN_POINT('Origin',(-0.785,-1.025,3.1));
#1721=CARTESIAN_POINT('',(-0.585,-2.05,3.1));
#1722=CARTESIAN_POINT('',(-0.585,-0.885,3.1));
#1723=CARTESIAN_POINT('',(-0.585,-1.025,3.1));
#1724=CARTESIAN_POINT('',(-0.785,-0.885,3.3));
#1725=CARTESIAN_POINT('Origin',(-0.785,-0.885,3.1));
#1726=CARTESIAN_POINT('',(-0.785,-2.25,3.3));
#1727=CARTESIAN_POINT('',(-0.785,-1.025,3.3));
#1728=CARTESIAN_POINT('Origin',(-0.785,-2.25,3.1));
#1729=CARTESIAN_POINT('Origin',(0.2925,-2.25,3.1));
#1730=CARTESIAN_POINT('',(0.785,-2.25,3.3));
#1731=CARTESIAN_POINT('',(0.2925,-2.25,3.3));
#1732=CARTESIAN_POINT('',(0.585,-2.05,3.1));
#1733=CARTESIAN_POINT('Origin',(0.785,-2.25,3.1));
#1734=CARTESIAN_POINT('',(0.2925,-2.05,3.1));
#1735=CARTESIAN_POINT('Origin',(1.025,-0.785,3.1));
#1736=CARTESIAN_POINT('',(2.05,-0.585,3.1));
#1737=CARTESIAN_POINT('',(0.885,-0.585,3.1));
#1738=CARTESIAN_POINT('',(1.025,-0.585,3.1));
#1739=CARTESIAN_POINT('',(0.885,-0.785,3.3));
#1740=CARTESIAN_POINT('Origin',(0.885,-0.785,3.1));
#1741=CARTESIAN_POINT('',(2.25,-0.785,3.3));
#1742=CARTESIAN_POINT('',(1.025,-0.785,3.3));
#1743=CARTESIAN_POINT('Origin',(2.25,-0.785,3.1));
#1744=CARTESIAN_POINT('Ctrl Pts',(0.885,-0.585,3.1));
#1745=CARTESIAN_POINT('Ctrl Pts',(0.585,-0.585,3.1));
#1746=CARTESIAN_POINT('Ctrl Pts',(0.585,-0.885,3.1));
#1747=CARTESIAN_POINT('Ctrl Pts',(0.885,-0.585,3.3));
#1748=CARTESIAN_POINT('Ctrl Pts',(0.585,-0.585,3.3));
#1749=CARTESIAN_POINT('Ctrl Pts',(0.585,-0.885,3.3));
#1750=CARTESIAN_POINT('Ctrl Pts',(0.885,-0.785,3.3));
#1751=CARTESIAN_POINT('Ctrl Pts',(0.785,-0.785,3.3));
#1752=CARTESIAN_POINT('Ctrl Pts',(0.785,-0.885,3.3));
#1753=CARTESIAN_POINT('',(0.585,-0.885,3.1));
#1754=CARTESIAN_POINT('',(0.785,-0.885,3.3));
#1755=CARTESIAN_POINT('Origin',(0.785,-0.885,3.1));
#1756=CARTESIAN_POINT('Origin',(0.885,-0.885,3.3));
#1757=CARTESIAN_POINT('Origin',(0.885,-0.885,3.1));
#1758=CARTESIAN_POINT('Origin',(0.785,-0.4425,3.1));
#1759=CARTESIAN_POINT('',(0.785,-0.4425,3.3));
#1760=CARTESIAN_POINT('',(0.585,-0.4425,3.1));
#1761=CARTESIAN_POINT('Origin',(2.25,0.2925,3.1));
#1762=CARTESIAN_POINT('',(2.05,0.585,3.1));
#1763=CARTESIAN_POINT('',(2.05,0.2925,3.1));
#1764=CARTESIAN_POINT('',(2.25,0.785,3.3));
#1765=CARTESIAN_POINT('',(2.25,0.2925,3.3));
#1766=CARTESIAN_POINT('Origin',(2.25,0.785,3.1));
#1767=CARTESIAN_POINT('Origin',(0.785,1.025,3.1));
#1768=CARTESIAN_POINT('',(0.585,2.05,3.1));
#1769=CARTESIAN_POINT('',(0.585,0.885,3.1));
#1770=CARTESIAN_POINT('',(0.585,1.025,3.1));
#1771=CARTESIAN_POINT('',(0.785,0.885,3.3));
#1772=CARTESIAN_POINT('Origin',(0.785,0.885,3.1));
#1773=CARTESIAN_POINT('',(0.785,2.25,3.3));
#1774=CARTESIAN_POINT('',(0.785,1.025,3.3));
#1775=CARTESIAN_POINT('Origin',(0.785,2.25,3.1));
#1776=CARTESIAN_POINT('Ctrl Pts',(0.585,0.885,3.1));
#1777=CARTESIAN_POINT('Ctrl Pts',(0.585,0.585,3.1));
#1778=CARTESIAN_POINT('Ctrl Pts',(0.885,0.585,3.1));
#1779=CARTESIAN_POINT('Ctrl Pts',(0.585,0.885,3.3));
#1780=CARTESIAN_POINT('Ctrl Pts',(0.585,0.585,3.3));
#1781=CARTESIAN_POINT('Ctrl Pts',(0.885,0.585,3.3));
#1782=CARTESIAN_POINT('Ctrl Pts',(0.785,0.885,3.3));
#1783=CARTESIAN_POINT('Ctrl Pts',(0.785,0.785,3.3));
#1784=CARTESIAN_POINT('Ctrl Pts',(0.885,0.785,3.3));
#1785=CARTESIAN_POINT('',(0.885,0.585,3.1));
#1786=CARTESIAN_POINT('',(0.885,0.785,3.3));
#1787=CARTESIAN_POINT('Origin',(0.885,0.785,3.1));
#1788=CARTESIAN_POINT('Origin',(0.885,0.885,3.3));
#1789=CARTESIAN_POINT('Origin',(0.885,0.885,3.1));
#1790=CARTESIAN_POINT('Origin',(0.4425,0.785,3.1));
#1791=CARTESIAN_POINT('',(0.4425,0.785,3.3));
#1792=CARTESIAN_POINT('',(0.4425,0.585,3.1));
#1793=CARTESIAN_POINT('Ctrl Pts',(-0.585,-0.885,3.1));
#1794=CARTESIAN_POINT('Ctrl Pts',(-0.584999999999999,-0.584999999999999,
3.1));
#1795=CARTESIAN_POINT('Ctrl Pts',(-0.885,-0.585,3.1));
#1796=CARTESIAN_POINT('Ctrl Pts',(-0.585,-0.885,3.3));
#1797=CARTESIAN_POINT('Ctrl Pts',(-0.584999999999999,-0.584999999999999,
3.3));
#1798=CARTESIAN_POINT('Ctrl Pts',(-0.885,-0.585,3.3));
#1799=CARTESIAN_POINT('Ctrl Pts',(-0.785,-0.885,3.3));
#1800=CARTESIAN_POINT('Ctrl Pts',(-0.785,-0.785,3.3));
#1801=CARTESIAN_POINT('Ctrl Pts',(-0.885,-0.785,3.3));
#1802=CARTESIAN_POINT('',(-0.885,-0.585,3.1));
#1803=CARTESIAN_POINT('',(-0.885,-0.785,3.3));
#1804=CARTESIAN_POINT('Origin',(-0.885,-0.785,3.1));
#1805=CARTESIAN_POINT('Origin',(-0.885,-0.885,3.3));
#1806=CARTESIAN_POINT('Origin',(-0.885,-0.885,3.1));
#1807=CARTESIAN_POINT('Origin',(-0.4425,-0.785,3.1));
#1808=CARTESIAN_POINT('',(-0.4425,-0.785,3.3));
#1809=CARTESIAN_POINT('',(-0.4425,-0.585,3.1));
#1810=CARTESIAN_POINT('Origin',(-0.2925,2.25,3.1));
#1811=CARTESIAN_POINT('',(-0.585,2.05,3.1));
#1812=CARTESIAN_POINT('',(-0.2925,2.05,3.1));
#1813=CARTESIAN_POINT('',(-0.785,2.25,3.3));
#1814=CARTESIAN_POINT('',(-0.2925,2.25,3.3));
#1815=CARTESIAN_POINT('Origin',(-0.785,2.25,3.1));
#1816=CARTESIAN_POINT('Ctrl Pts',(-0.885,0.585,3.1));
#1817=CARTESIAN_POINT('Ctrl Pts',(-0.585,0.585,3.1));
#1818=CARTESIAN_POINT('Ctrl Pts',(-0.585,0.885,3.1));
#1819=CARTESIAN_POINT('Ctrl Pts',(-0.885,0.585,3.3));
#1820=CARTESIAN_POINT('Ctrl Pts',(-0.585,0.585,3.3));
#1821=CARTESIAN_POINT('Ctrl Pts',(-0.585,0.885,3.3));
#1822=CARTESIAN_POINT('Ctrl Pts',(-0.885,0.785,3.3));
#1823=CARTESIAN_POINT('Ctrl Pts',(-0.785,0.785,3.3));
#1824=CARTESIAN_POINT('Ctrl Pts',(-0.785,0.885,3.3));
#1825=CARTESIAN_POINT('',(-0.585,0.885,3.1));
#1826=CARTESIAN_POINT('',(-0.785,0.885,3.3));
#1827=CARTESIAN_POINT('Origin',(-0.785,0.885,3.1));
#1828=CARTESIAN_POINT('Origin',(-0.885,0.885,3.3));
#1829=CARTESIAN_POINT('Origin',(-0.885,0.885,3.1));
#1830=CARTESIAN_POINT('Origin',(-0.785,0.4425,3.1));
#1831=CARTESIAN_POINT('',(-0.785,0.4425,3.3));
#1832=CARTESIAN_POINT('',(-0.585,0.4425,3.1));
#1833=CARTESIAN_POINT('Origin',(0.585,-2.05,0.));
#1834=CARTESIAN_POINT('',(0.585,-2.05,0.));
#1835=CARTESIAN_POINT('',(0.585,-2.05,0.));
#1836=CARTESIAN_POINT('',(-0.585,-2.05,0.));
#1837=CARTESIAN_POINT('',(0.585,-2.05,0.));
#1838=CARTESIAN_POINT('',(-0.585,-2.05,0.));
#1839=CARTESIAN_POINT('Origin',(0.585,-0.885,0.));
#1840=CARTESIAN_POINT('',(0.585,-0.885,0.));
#1841=CARTESIAN_POINT('',(0.585,-0.885,0.));
#1842=CARTESIAN_POINT('',(0.585,-0.885,0.));
#1843=CARTESIAN_POINT('Origin',(0.885,-0.885,0.));
#1844=CARTESIAN_POINT('',(0.885,-0.585,0.));
#1845=CARTESIAN_POINT('',(0.885,-0.585,0.));
#1846=CARTESIAN_POINT('Origin',(0.885,-0.885,0.));
#1847=CARTESIAN_POINT('Origin',(2.05,-0.585,0.));
#1848=CARTESIAN_POINT('',(2.05,-0.585,0.));
#1849=CARTESIAN_POINT('',(2.05,-0.585,0.));
#1850=CARTESIAN_POINT('',(2.05,-0.585,0.));
#1851=CARTESIAN_POINT('Origin',(2.05,0.585,0.));
#1852=CARTESIAN_POINT('',(2.05,0.585,0.));
#1853=CARTESIAN_POINT('',(2.05,0.585,0.));
#1854=CARTESIAN_POINT('',(2.05,0.585,0.));
#1855=CARTESIAN_POINT('Origin',(0.885,0.585,0.));
#1856=CARTESIAN_POINT('',(0.885,0.585,0.));
#1857=CARTESIAN_POINT('',(0.885,0.585,0.));
#1858=CARTESIAN_POINT('',(0.885,0.585,0.));
#1859=CARTESIAN_POINT('Origin',(0.885,0.885,0.));
#1860=CARTESIAN_POINT('',(0.585,0.885,0.));
#1861=CARTESIAN_POINT('',(0.585,0.885,0.));
#1862=CARTESIAN_POINT('Origin',(0.885,0.885,0.));
#1863=CARTESIAN_POINT('Origin',(0.585,2.05,0.));
#1864=CARTESIAN_POINT('',(0.585,2.05,0.));
#1865=CARTESIAN_POINT('',(0.585,2.05,0.));
#1866=CARTESIAN_POINT('',(0.585,2.05,0.));
#1867=CARTESIAN_POINT('Origin',(0.,0.,3.3));
#1868=CARTESIAN_POINT('',(-2.55,3.12284933782575E-16,3.3));
#1869=CARTESIAN_POINT('Origin',(0.,0.,3.3));
#1870=CARTESIAN_POINT('Origin',(0.,0.,3.1));
#1871=CARTESIAN_POINT('',(-2.75,-3.36777869765522E-16,3.1));
#1872=CARTESIAN_POINT('Origin',(-2.55,-3.12284933782575E-16,3.1));
#1873=CARTESIAN_POINT('Origin',(0.,0.,3.1));
#1874=CARTESIAN_POINT('Origin',(0.,0.,0.));
#1875=CARTESIAN_POINT('',(-2.75,3.36777869765522E-16,0.25));
#1876=CARTESIAN_POINT('',(-2.75,-3.36777869765522E-16,0.));
#1877=CARTESIAN_POINT('Origin',(0.,0.,0.25));
#1878=CARTESIAN_POINT('Origin',(0.,0.,0.25));
#1879=CARTESIAN_POINT('',(-3.,-3.67394039744206E-16,0.));
#1880=CARTESIAN_POINT('Origin',(0.,0.,0.));
#1881=CARTESIAN_POINT('Origin',(-3.,-3.67394039744206E-16,0.25));
#1882=CARTESIAN_POINT('Origin',(0.,0.,0.));
#1883=CARTESIAN_POINT('Origin',(0.,0.,0.));
#1884=CARTESIAN_POINT('',(-0.585,-0.885,0.));
#1885=CARTESIAN_POINT('',(-0.885,-0.585,0.));
#1886=CARTESIAN_POINT('Origin',(-0.885,-0.885,0.));
#1887=CARTESIAN_POINT('',(-0.585,-0.885,0.));
#1888=CARTESIAN_POINT('',(-0.585,2.05,0.));
#1889=CARTESIAN_POINT('',(-0.585,2.05,0.));
#1890=CARTESIAN_POINT('',(-0.585,0.885,0.));
#1891=CARTESIAN_POINT('',(-0.585,0.885,0.));
#1892=CARTESIAN_POINT('',(-0.885,0.585,0.));
#1893=CARTESIAN_POINT('Origin',(-0.885,0.885,0.));
#1894=CARTESIAN_POINT('',(-2.05,0.585,0.));
#1895=CARTESIAN_POINT('',(-2.05,0.585,0.));
#1896=CARTESIAN_POINT('',(-2.05,-0.585,0.));
#1897=CARTESIAN_POINT('',(-2.05,-0.585,0.));
#1898=CARTESIAN_POINT('',(-2.05,-0.585,0.));
#1899=CARTESIAN_POINT('Origin',(-0.885,-0.885,0.));
#1900=CARTESIAN_POINT('',(-0.585,-0.885,0.));
#1901=CARTESIAN_POINT('',(-0.885,-0.585,0.));
#1902=CARTESIAN_POINT('Origin',(-0.585,-2.05,0.));
#1903=CARTESIAN_POINT('Origin',(-0.585,2.05,0.));
#1904=CARTESIAN_POINT('',(-0.585,2.05,0.));
#1905=CARTESIAN_POINT('Origin',(-0.585,0.885,0.));
#1906=CARTESIAN_POINT('',(-0.585,0.885,0.));
#1907=CARTESIAN_POINT('Origin',(-0.885,0.885,0.));
#1908=CARTESIAN_POINT('',(-0.885,0.585,0.));
#1909=CARTESIAN_POINT('Origin',(-2.05,0.585,0.));
#1910=CARTESIAN_POINT('',(-2.05,0.585,0.));
#1911=CARTESIAN_POINT('Origin',(-2.05,-0.585,0.));
#1912=CARTESIAN_POINT('',(-2.05,-0.585,0.));
#1913=CARTESIAN_POINT('Origin',(-0.885,-0.585,0.));
#1914=CARTESIAN_POINT('Ctrl Pts',(-8.94275637943083,-6.95380826761908,0.246299679928704));
#1915=CARTESIAN_POINT('Ctrl Pts',(-8.95366138988204,-6.48120190776528,0.237818882850616));
#1916=CARTESIAN_POINT('Ctrl Pts',(-8.96092683824668,-5.56283976552561,0.233533564933866));
#1917=CARTESIAN_POINT('Ctrl Pts',(-8.98638763885834,-3.23920937651537,0.213445783768493));
#1918=CARTESIAN_POINT('Ctrl Pts',(-8.99867143706469,-1.39259431411403,0.201963262882047));
#1919=CARTESIAN_POINT('Ctrl Pts',(-8.9986714365681,1.39259413183405,0.201963263048228));
#1920=CARTESIAN_POINT('Ctrl Pts',(-8.98638764271412,3.23920908792511,0.21344578120408));
#1921=CARTESIAN_POINT('Ctrl Pts',(-8.96092683312559,5.56284023440849,0.233533568636398));
#1922=CARTESIAN_POINT('Ctrl Pts',(-8.95366138678939,6.48120204179635,0.237818885255766));
#1923=CARTESIAN_POINT('Ctrl Pts',(-8.94275637943084,6.95380826761904,0.246299679928701));
#1924=CARTESIAN_POINT('Ctrl Pts',(-8.94474516571908,-6.95384566328919,0.237940643852405));
#1925=CARTESIAN_POINT('Ctrl Pts',(-8.95538551261413,-6.48121462686234,0.229533376028428));
#1926=CARTESIAN_POINT('Ctrl Pts',(-8.96229497832649,-5.56285455703511,0.225373231604475));
#1927=CARTESIAN_POINT('Ctrl Pts',(-8.98699334091603,-3.23921126457118,0.205587213965695));
#1928=CARTESIAN_POINT('Ctrl Pts',(-8.99873516823399,-1.39259556562868,0.194442755483776));
#1929=CARTESIAN_POINT('Ctrl Pts',(-8.99873516758462,1.39259538334801,0.194442755746024));
#1930=CARTESIAN_POINT('Ctrl Pts',(-8.98699334489431,3.23921097598191,0.205587211323287));
#1931=CARTESIAN_POINT('Ctrl Pts',(-8.96229497327681,5.5628550259186,0.225373235287767));
#1932=CARTESIAN_POINT('Ctrl Pts',(-8.95538550967368,6.48121476089705,0.229533378380571));
#1933=CARTESIAN_POINT('Ctrl Pts',(-8.94474516571909,6.95384566328915,0.237940643852402));
#1934=CARTESIAN_POINT('Ctrl Pts',(-8.94764311338773,-6.95390015415914,0.220966455216328));
#1935=CARTESIAN_POINT('Ctrl Pts',(-8.957486770525,-6.48133802232303,0.212972459888821));
#1936=CARTESIAN_POINT('Ctrl Pts',(-8.96405189624836,-5.5628643028223,0.208851331804157));
#1937=CARTESIAN_POINT('Ctrl Pts',(-8.98703647891511,-3.23929182150211,0.189999846238622));
#1938=CARTESIAN_POINT('Ctrl Pts',(-8.99803186472223,-1.392573679636,0.179373327488162));
#1939=CARTESIAN_POINT('Ctrl Pts',(-8.99803186408407,1.39257349736672,0.179373327595163));
#1940=CARTESIAN_POINT('Ctrl Pts',(-8.98703648267271,3.23929153289755,0.189999843912815));
#1941=CARTESIAN_POINT('Ctrl Pts',(-8.96405189151583,5.56286477171549,0.208851335253722));
#1942=CARTESIAN_POINT('Ctrl Pts',(-8.95748676781009,6.48133815632808,0.212972462191836));
#1943=CARTESIAN_POINT('Ctrl Pts',(-8.94764311338774,6.9539001541591,0.220966455216325));
#1944=CARTESIAN_POINT('Ctrl Pts',(-8.94867602531123,-6.9539195762729,0.195176828244764));
#1945=CARTESIAN_POINT('Ctrl Pts',(-8.95772944262511,-6.48150016181515,0.18770237642861));
#1946=CARTESIAN_POINT('Ctrl Pts',(-8.96356399465532,-5.56284639423846,0.183984534985304));
#1947=CARTESIAN_POINT('Ctrl Pts',(-8.98457199878566,-3.23939665790562,0.166582934572209));
#1948=CARTESIAN_POINT('Ctrl Pts',(-8.99441931715891,-1.39252441581855,0.15706526356411));
#1949=CARTESIAN_POINT('Ctrl Pts',(-8.99441931628228,1.39252423357285,0.157065263805938));
#1950=CARTESIAN_POINT('Ctrl Pts',(-8.98457200264488,3.23939636927414,0.166582932256842));
#1951=CARTESIAN_POINT('Ctrl Pts',(-8.96356399017584,5.56284686314657,0.183984538222327));
#1952=CARTESIAN_POINT('Ctrl Pts',(-8.95772944026074,6.48150029577048,0.187702378536066));
#1953=CARTESIAN_POINT('Ctrl Pts',(-8.94867602531124,6.95391957627287,0.195176828244762));
#1954=CARTESIAN_POINT('Ctrl Pts',(-8.94640049653726,-6.95387678890865,0.169416707854437));
#1955=CARTESIAN_POINT('Ctrl Pts',(-8.9546802459316,-6.48150976504555,0.162561400506763));
#1956=CARTESIAN_POINT('Ctrl Pts',(-8.96002817913724,-5.56280719142337,0.159324443339609));
#1957=CARTESIAN_POINT('Ctrl Pts',(-8.97929728483936,-3.23938563898491,0.143595020419423));
#1958=CARTESIAN_POINT('Ctrl Pts',(-8.98833372267139,-1.39247584281574,0.135273893714035));
#1959=CARTESIAN_POINT('Ctrl Pts',(-8.98833372173241,1.39247566058519,0.135273894078906));
#1960=CARTESIAN_POINT('Ctrl Pts',(-8.97929728859115,3.23938535034103,0.14359501814314));
#1961=CARTESIAN_POINT('Ctrl Pts',(-8.96002817494267,5.56280766033817,0.159324446323278));
#1962=CARTESIAN_POINT('Ctrl Pts',(-8.95468024383273,6.48150989898801,0.162561402384765));
#1963=CARTESIAN_POINT('Ctrl Pts',(-8.94640049653727,6.95387678890861,0.169416707854435));
#1964=CARTESIAN_POINT('Ctrl Pts',(-8.93706774112413,-6.95370130266125,0.127506604485852));
#1965=CARTESIAN_POINT('Ctrl Pts',(-8.94445240444631,-6.48208392021904,0.121832059248323));
#1966=CARTESIAN_POINT('Ctrl Pts',(-8.94902861533244,-5.56263713310637,0.119422809489008));
#1967=CARTESIAN_POINT('Ctrl Pts',(-8.96617957315499,-3.23980429702521,0.106734018021081));
#1968=CARTESIAN_POINT('Ctrl Pts',(-8.97412658260458,-1.39227600862841,0.100432139573427));
#1969=CARTESIAN_POINT('Ctrl Pts',(-8.9741265814164,1.3922758264974,0.100432140119431));
#1970=CARTESIAN_POINT('Ctrl Pts',(-8.9661795770113,3.2398040082667,0.106734015872211));
#1971=CARTESIAN_POINT('Ctrl Pts',(-8.94902861140944,5.56263760207624,0.119422811993947));
#1972=CARTESIAN_POINT('Ctrl Pts',(-8.94445240273734,6.48208405393472,0.121832060710881));
#1973=CARTESIAN_POINT('Ctrl Pts',(-8.93706774112414,6.95370130266121,0.12750660448585));
#1974=CARTESIAN_POINT('Ctrl Pts',(-8.89335905124542,-6.95287943670355,0.0412142748361232));
#1975=CARTESIAN_POINT('Ctrl Pts',(-8.89918019827424,-6.48180006820236,0.0384807712978636));
#1976=CARTESIAN_POINT('Ctrl Pts',(-8.90370765372507,-5.56215733784955,0.038217064869349));
#1977=CARTESIAN_POINT('Ctrl Pts',(-8.91828299738497,-3.23954565094646,0.0329362665958722));
#1978=CARTESIAN_POINT('Ctrl Pts',(-8.92614892913006,-1.39191928424867,0.0312694364819987));
#1979=CARTESIAN_POINT('Ctrl Pts',(-8.92614892850807,1.39191910222495,0.0312694374165921));
#1980=CARTESIAN_POINT('Ctrl Pts',(-8.91828300022026,3.23954536210837,0.0329362647691296));
#1981=CARTESIAN_POINT('Ctrl Pts',(-8.90370765049538,5.5621578068476,0.0382170662049265));
#1982=CARTESIAN_POINT('Ctrl Pts',(-8.89918019679855,6.48180020183486,0.0384807717064281));
#1983=CARTESIAN_POINT('Ctrl Pts',(-8.89335905124543,6.95287943670351,0.0412142748361224));
#1984=CARTESIAN_POINT('Ctrl Pts',(-8.80836021140941,-6.95128118122851,3.09641759617041E-16));
#1985=CARTESIAN_POINT('Ctrl Pts',(-8.81615031484031,-6.48734253749729,3.1309321452445E-16));
#1986=CARTESIAN_POINT('Ctrl Pts',(-8.82163353785441,-5.56076772587458,4.62819424271761E-16));
#1987=CARTESIAN_POINT('Ctrl Pts',(-8.84089240390218,-3.24385292124195,2.44163297521212E-15));
#1988=CARTESIAN_POINT('Ctrl Pts',(-8.8513346461395,-1.39044790522667,1.63035906826827E-15));
#1989=CARTESIAN_POINT('Ctrl Pts',(-8.85133464508198,1.39044772403669,3.81778135710432E-14));
#1990=CARTESIAN_POINT('Ctrl Pts',(-8.84089240781041,3.24385263138523,-4.04869724599289E-15));
#1991=CARTESIAN_POINT('Ctrl Pts',(-8.8216335335975,5.56076819534467,-5.87947315008195E-15));
#1992=CARTESIAN_POINT('Ctrl Pts',(-8.81615031293009,6.4873426689686,1.89220188238362E-16));
#1993=CARTESIAN_POINT('Ctrl Pts',(-8.80836021140942,6.95128118122848,2.08166817117217E-16));
#1994=CARTESIAN_POINT('Ctrl Pts',(-8.74822370921687,-6.95015041880794,3.12250225675825E-16));
#1995=CARTESIAN_POINT('Ctrl Pts',(-8.75693481434019,-6.48687415244247,3.09862663990899E-16));
#1996=CARTESIAN_POINT('Ctrl Pts',(-8.76373273881025,-5.56016084279003,4.60876764209805E-16));
#1997=CARTESIAN_POINT('Ctrl Pts',(-8.78586487433986,-3.24349825162134,2.44514038710966E-15));
#1998=CARTESIAN_POINT('Ctrl Pts',(-8.7986903788184,-1.39007005606048,1.62502682650747E-15));
#1999=CARTESIAN_POINT('Ctrl Pts',(-8.79869037843564,1.39006987498452,3.81767139317112E-14));
#2000=CARTESIAN_POINT('Ctrl Pts',(-8.78586487770591,3.24349796168488,-4.05197672684728E-15));
#2001=CARTESIAN_POINT('Ctrl Pts',(-8.76373273430776,5.56016131227946,-5.87543206283268E-15));
#2002=CARTESIAN_POINT('Ctrl Pts',(-8.75693481186973,6.48687428382753,1.89277563035435E-16));
#2003=CARTESIAN_POINT('Ctrl Pts',(-8.74822370921688,6.95015041880791,2.08166817117217E-16));
#2004=CARTESIAN_POINT('',(-8.94275637943084,6.95380826761902,0.246299679928697));
#2005=CARTESIAN_POINT('',(-8.74822370921688,6.95015041880791,0.));
#2006=CARTESIAN_POINT('Origin',(-8.74822370921688,6.95015041880791,0.2));
#2007=CARTESIAN_POINT('',(-8.74822370921687,-6.95015041880794,0.));
#2008=CARTESIAN_POINT('Ctrl Pts',(-8.74822370921688,6.95015041880791,2.08166817117217E-16));
#2009=CARTESIAN_POINT('Ctrl Pts',(-8.75693481186973,6.48687428382753,1.89277563035435E-16));
#2010=CARTESIAN_POINT('Ctrl Pts',(-8.76373273430776,5.56016131227946,-5.87543206283268E-15));
#2011=CARTESIAN_POINT('Ctrl Pts',(-8.78586487770591,3.24349796168488,-4.05197672684728E-15));
#2012=CARTESIAN_POINT('Ctrl Pts',(-8.79869037843564,1.39006987498452,3.81767139317112E-14));
#2013=CARTESIAN_POINT('Ctrl Pts',(-8.7986903788184,-1.39007005606048,1.62502682650747E-15));
#2014=CARTESIAN_POINT('Ctrl Pts',(-8.78586487433986,-3.24349825162134,2.44514038710966E-15));
#2015=CARTESIAN_POINT('Ctrl Pts',(-8.76373273881025,-5.56016084279003,4.60876764209805E-16));
#2016=CARTESIAN_POINT('Ctrl Pts',(-8.75693481434019,-6.48687415244247,3.09862663990899E-16));
#2017=CARTESIAN_POINT('Ctrl Pts',(-8.74822370921687,-6.95015041880794,3.12250225675825E-16));
#2018=CARTESIAN_POINT('',(-8.94275637943084,-6.95380826761906,0.2462996799287));
#2019=CARTESIAN_POINT('Origin',(-8.74822370921687,-6.95015041880794,0.2));
#2020=CARTESIAN_POINT('Ctrl Pts',(-8.94275637943083,-6.95380826761908,0.246299679928704));
#2021=CARTESIAN_POINT('Ctrl Pts',(-8.95366138988204,-6.48120190776528,0.237818882850616));
#2022=CARTESIAN_POINT('Ctrl Pts',(-8.96092683824668,-5.56283976552561,0.233533564933866));
#2023=CARTESIAN_POINT('Ctrl Pts',(-8.98638763885834,-3.23920937651537,0.213445783768493));
#2024=CARTESIAN_POINT('Ctrl Pts',(-8.99867143706469,-1.39259431411403,0.201963262882047));
#2025=CARTESIAN_POINT('Ctrl Pts',(-8.9986714365681,1.39259413183405,0.201963263048228));
#2026=CARTESIAN_POINT('Ctrl Pts',(-8.98638764271412,3.23920908792511,0.21344578120408));
#2027=CARTESIAN_POINT('Ctrl Pts',(-8.96092683312559,5.56284023440849,0.233533568636398));
#2028=CARTESIAN_POINT('Ctrl Pts',(-8.95366138678939,6.48120204179635,0.237818885255766));
#2029=CARTESIAN_POINT('Ctrl Pts',(-8.94275637943084,6.95380826761904,0.246299679928701));
#2030=CARTESIAN_POINT('Ctrl Pts',(-8.94275637943084,6.95380826761904,0.246299679928701));
#2031=CARTESIAN_POINT('Ctrl Pts',(-8.93121466104709,7.39674129360991,0.259799973115938));
#2032=CARTESIAN_POINT('Ctrl Pts',(-8.67317111067609,8.13386675859587,0.265386866609964));
#2033=CARTESIAN_POINT('Ctrl Pts',(-7.83701541670019,8.7982272708485,0.263389191389825));
#2034=CARTESIAN_POINT('Ctrl Pts',(-7.24809721522749,8.93651565187509,0.254489502180268));
#2035=CARTESIAN_POINT('Ctrl Pts',(-6.95272785950076,8.94422256242766,0.245277941551507));
#2036=CARTESIAN_POINT('Ctrl Pts',(-8.95667788344857,6.95407003730978,0.18778642739461));
#2037=CARTESIAN_POINT('Ctrl Pts',(-8.94979695556857,7.40014250435176,0.200041675022998));
#2038=CARTESIAN_POINT('Ctrl Pts',(-8.69196706666598,8.14620117939983,0.205484432963543));
#2039=CARTESIAN_POINT('Ctrl Pts',(-7.84563690760703,8.81727826816018,0.203532219361651));
#2040=CARTESIAN_POINT('Ctrl Pts',(-7.25040133930667,8.9532548408879,0.195206933350764));
#2041=CARTESIAN_POINT('Ctrl Pts',(-6.95298364239826,8.95779724073678,0.186862815360395));
#2042=CARTESIAN_POINT('Ctrl Pts',(-8.92780236877274,6.95352708343518,0.0581148481571128));
#2043=CARTESIAN_POINT('Ctrl Pts',(-8.92621825003708,7.39344668451806,0.0629271692484442));
#2044=CARTESIAN_POINT('Ctrl Pts',(-8.6733675449465,8.13398044351566,0.0652554881824998));
#2045=CARTESIAN_POINT('Ctrl Pts',(-7.83542788749903,8.79675012646361,0.0644173361531076));
#2046=CARTESIAN_POINT('Ctrl Pts',(-7.24568721310742,8.9275507088005,0.0610217732229733));
#2047=CARTESIAN_POINT('Ctrl Pts',(-6.95243192009887,8.92851673448173,0.057754212274102));
#2048=CARTESIAN_POINT('Ctrl Pts',(-8.80836021140942,6.95128118122847,6.67804729802883E-17));
#2049=CARTESIAN_POINT('Ctrl Pts',(-8.80290910418281,7.36644403567525,-0.000115106803795329));
#2050=CARTESIAN_POINT('Ctrl Pts',(-8.56402179346237,8.05907201734144,-0.000163820828246442));
#2051=CARTESIAN_POINT('Ctrl Pts',(-7.78023668466393,8.68013904160998,-0.00014219664315093));
#2052=CARTESIAN_POINT('Ctrl Pts',(-7.22695347413053,8.80580105599325,-7.7752056953248E-5));
#2053=CARTESIAN_POINT('Ctrl Pts',(-6.950187658722,8.8094113270041,1.11022302462516E-15));
#2054=CARTESIAN_POINT('Ctrl Pts',(-8.74822370921688,6.9501504188079,6.93889390390723E-17));
#2055=CARTESIAN_POINT('Ctrl Pts',(-8.74065380157165,7.35273522302776,4.68132247522666E-18));
#2056=CARTESIAN_POINT('Ctrl Pts',(-8.50843601913319,8.02127752377516,1.07567997835931E-14));
#2057=CARTESIAN_POINT('Ctrl Pts',(-7.75232972847362,8.62107195678332,-1.87670150396763E-15));
#2058=CARTESIAN_POINT('Ctrl Pts',(-7.21744749481633,8.74439260233734,1.1176736567255E-15));
#2059=CARTESIAN_POINT('Ctrl Pts',(-6.94905782424307,8.74944977467212,1.11022302462516E-15));
#2060=CARTESIAN_POINT('',(-6.95272785950174,8.9442225624276,0.245277941551685));
#2061=CARTESIAN_POINT('',(-6.94905782424307,8.74944977467212,0.));
#2062=CARTESIAN_POINT('Origin',(-6.94905782424307,8.74944977467212,0.200000000000001));
#2063=CARTESIAN_POINT('Ctrl Pts',(-6.94905782424307,8.74944977467212,1.11022302462516E-15));
#2064=CARTESIAN_POINT('Ctrl Pts',(-7.21744749481633,8.74439260233734,1.1176736567255E-15));
#2065=CARTESIAN_POINT('Ctrl Pts',(-7.75232972847362,8.62107195678332,-1.87670150396763E-15));
#2066=CARTESIAN_POINT('Ctrl Pts',(-8.50843601913319,8.02127752377516,1.07567997835931E-14));
#2067=CARTESIAN_POINT('Ctrl Pts',(-8.74065380157165,7.35273522302776,4.68132247522666E-18));
#2068=CARTESIAN_POINT('Ctrl Pts',(-8.74822370921688,6.9501504188079,6.93889390390723E-17));
#2069=CARTESIAN_POINT('Ctrl Pts',(-8.94275637943084,6.95380826761904,0.246299679928701));
#2070=CARTESIAN_POINT('Ctrl Pts',(-8.93121466104709,7.39674129360991,0.259799973115938));
#2071=CARTESIAN_POINT('Ctrl Pts',(-8.67317111067609,8.13386675859587,0.265386866609964));
#2072=CARTESIAN_POINT('Ctrl Pts',(-7.83701541670019,8.7982272708485,0.263389191389825));
#2073=CARTESIAN_POINT('Ctrl Pts',(-7.24809721522749,8.93651565187509,0.254489502180268));
#2074=CARTESIAN_POINT('Ctrl Pts',(-6.95272785950076,8.94422256242766,0.245277941551507));
#2075=CARTESIAN_POINT('Ctrl Pts',(-6.95272785950133,8.94422256242764,0.245277941551545));
#2076=CARTESIAN_POINT('Ctrl Pts',(-6.48019434485695,8.95512573458548,0.236677140279294));
#2077=CARTESIAN_POINT('Ctrl Pts',(-5.09990874829975,8.96696354560449,0.229223366434388));
#2078=CARTESIAN_POINT('Ctrl Pts',(-2.77658728139903,8.99039854611724,0.209427838223518));
#2079=CARTESIAN_POINT('Ctrl Pts',(-0.927851852071683,8.99889293617854,0.201344603332761));
#2080=CARTESIAN_POINT('Ctrl Pts',(1.39219849151213,8.99829874854396,0.201928574213502));
#2081=CARTESIAN_POINT('Ctrl Pts',(3.23868655337266,8.98722331001241,0.212405912824789));
#2082=CARTESIAN_POINT('Ctrl Pts',(5.56193282684021,8.96229435107792,0.232416710376066));
#2083=CARTESIAN_POINT('Ctrl Pts',(6.48019318028559,8.95512548530115,0.236677290437842));
#2084=CARTESIAN_POINT('Ctrl Pts',(6.95272820187277,8.94422222125256,0.245278134721777));
#2085=CARTESIAN_POINT('Ctrl Pts',(-6.95276439991526,8.94616180218609,0.236932923524243));
#2086=CARTESIAN_POINT('Ctrl Pts',(-6.48020744431328,8.95679755047313,0.228409668581798));
#2087=CARTESIAN_POINT('Ctrl Pts',(-5.09992151378396,8.96810781544572,0.221139626139449));
#2088=CARTESIAN_POINT('Ctrl Pts',(-2.77658715768787,8.99082675370893,0.201675357523428));
#2089=CARTESIAN_POINT('Ctrl Pts',(-0.92785309886896,8.99893891893335,0.193836383527759));
#2090=CARTESIAN_POINT('Ctrl Pts',(1.39219997647976,8.99836523181783,0.19440586824515));
#2091=CARTESIAN_POINT('Ctrl Pts',(3.23868778310135,8.98778499732264,0.204572807610945));
#2092=CARTESIAN_POINT('Ctrl Pts',(5.56194692711953,8.96361312268353,0.224273953905933));
#2093=CARTESIAN_POINT('Ctrl Pts',(6.48020541773774,8.95679647803576,0.228409407657781));
#2094=CARTESIAN_POINT('Ctrl Pts',(6.95276474264531,8.94616147034979,0.236933114018472));
#2095=CARTESIAN_POINT('Ctrl Pts',(-6.95281723126586,8.94896561978315,0.219993892703906));
#2096=CARTESIAN_POINT('Ctrl Pts',(-6.48033605362247,8.95879780385435,0.2118924704067));
#2097=CARTESIAN_POINT('Ctrl Pts',(-5.0999083719928,8.96949118092231,0.204763871579619));
#2098=CARTESIAN_POINT('Ctrl Pts',(-2.77664861599053,8.99059253643066,0.186275876007029));
#2099=CARTESIAN_POINT('Ctrl Pts',(-0.927845064108553,8.99818881876899,0.178801775631762));
#2100=CARTESIAN_POINT('Ctrl Pts',(1.39218059870152,8.99766278117352,0.179343575638705));
#2101=CARTESIAN_POINT('Ctrl Pts',(3.23876901728501,8.98775064966144,0.189033352326763));
#2102=CARTESIAN_POINT('Ctrl Pts',(5.56195550142163,8.96527443748844,0.207797976891336));
#2103=CARTESIAN_POINT('Ctrl Pts',(6.48033113854923,8.95879718588506,0.211891785539309));
#2104=CARTESIAN_POINT('Ctrl Pts',(6.95281757459423,8.94896530568625,0.21999407650647));
#2105=CARTESIAN_POINT('Ctrl Pts',(-6.95283436687186,8.94987502514777,0.194274832582289));
#2106=CARTESIAN_POINT('Ctrl Pts',(-6.48050066083547,8.95891071441255,0.186705532339418));
#2107=CARTESIAN_POINT('Ctrl Pts',(-5.09985827011529,8.96847432054706,0.180225024373811));
#2108=CARTESIAN_POINT('Ctrl Pts',(-2.77672398546774,8.98773606760346,0.163226883903186));
#2109=CARTESIAN_POINT('Ctrl Pts',(-0.927822247581049,8.99452907754149,0.156543461337016));
#2110=CARTESIAN_POINT('Ctrl Pts',(1.39213593979537,8.99405538936885,0.157034528567329));
#2111=CARTESIAN_POINT('Ctrl Pts',(3.2388735339526,8.98518436570594,0.165707824314124));
#2112=CARTESIAN_POINT('Ctrl Pts',(5.56193663747699,8.9646645752801,0.183012945216395));
#2113=CARTESIAN_POINT('Ctrl Pts',(6.48049326551091,8.95890880792784,0.186704296984296));
#2114=CARTESIAN_POINT('Ctrl Pts',(6.95283471072434,8.94987473432035,0.194275002995818));
#2115=CARTESIAN_POINT('Ctrl Pts',(-6.95278952977589,8.94749547139305,0.168600272732865));
#2116=CARTESIAN_POINT('Ctrl Pts',(-6.48051134109274,8.95575268850848,0.161662485387307));
#2117=CARTESIAN_POINT('Ctrl Pts',(-5.09980953890962,8.96451560762004,0.155952911239935));
#2118=CARTESIAN_POINT('Ctrl Pts',(-2.77670850578149,8.98216891534128,0.140639114885571));
#2119=CARTESIAN_POINT('Ctrl Pts',(-0.927792303042243,8.98840117685353,0.134805611384491));
#2120=CARTESIAN_POINT('Ctrl Pts',(1.39208976349286,8.98797132307269,0.135243385431143));
#2121=CARTESIAN_POINT('Ctrl Pts',(3.2388657714366,8.97983021357327,0.142819561879432));
#2122=CARTESIAN_POINT('Ctrl Pts',(5.56189659059928,8.96102618934253,0.158448813869608));
#2123=CARTESIAN_POINT('Ctrl Pts',(6.48050456925881,8.95575006815973,0.161661290146652));
#2124=CARTESIAN_POINT('Ctrl Pts',(6.95278987377347,8.94749520015965,0.168600426941271));
#2125=CARTESIAN_POINT('Ctrl Pts',(-6.95261109308356,8.93802564084319,0.12684826169459));
#2126=CARTESIAN_POINT('Ctrl Pts',(-6.48108839874895,8.94538348803859,0.121111548790585));
#2127=CARTESIAN_POINT('Ctrl Pts',(-5.09952473849121,8.95294494430247,0.116749643263699));
#2128=CARTESIAN_POINT('Ctrl Pts',(-2.77701823579153,8.9686713810935,0.104461782687538));
#2129=CARTESIAN_POINT('Ctrl Pts',(-0.927697174533818,8.974147017194,0.10005873548609));
#2130=CARTESIAN_POINT('Ctrl Pts',(1.39190707908199,8.97377136354998,0.100401607412069));
#2131=CARTESIAN_POINT('Ctrl Pts',(3.23928414991109,8.96661056796057,0.106131595857775));
#2132=CARTESIAN_POINT('Ctrl Pts',(5.56172791546876,8.94989549945067,0.118720858772235));
#2133=CARTESIAN_POINT('Ctrl Pts',(6.48107774838566,8.94537947469086,0.121110280281733));
#2134=CARTESIAN_POINT('Ctrl Pts',(6.95261143667568,8.93802539542334,0.126848385990746));
#2135=CARTESIAN_POINT('Ctrl Pts',(-6.951784797493,8.89417322952422,0.0409618327185266));
#2136=CARTESIAN_POINT('Ctrl Pts',(-6.48079440700738,8.89996882128037,0.0382066512807579));
#2137=CARTESIAN_POINT('Ctrl Pts',(-5.09903417626593,8.90716554942476,0.0373047143996614));
#2138=CARTESIAN_POINT('Ctrl Pts',(-2.77677649620776,8.92064210327222,0.0322430498200699));
#2139=CARTESIAN_POINT('Ctrl Pts',(-0.927462652915616,8.92611207171486,0.0311109634312474));
#2140=CARTESIAN_POINT('Ctrl Pts',(1.39156279681001,8.92578435379789,0.0312412903190187));
#2141=CARTESIAN_POINT('Ctrl Pts',(3.23905329517267,8.91865463245175,0.0327352030580675));
#2142=CARTESIAN_POINT('Ctrl Pts',(5.56125092014743,8.90444089710897,0.0379469118043304));
#2143=CARTESIAN_POINT('Ctrl Pts',(6.48080330746902,8.8999648410939,0.038207793451259));
#2144=CARTESIAN_POINT('Ctrl Pts',(6.95178513746467,8.89417301114501,0.0409618803329126));
#2145=CARTESIAN_POINT('Ctrl Pts',(-6.95018765872246,8.80941132700409,1.83360512572661E-15));
#2146=CARTESIAN_POINT('Ctrl Pts',(-6.48635217364967,8.81720024442198,1.84702782556857E-15));
#2147=CARTESIAN_POINT('Ctrl Pts',(-5.09661806436129,8.82608407894875,7.38526756766359E-16));
#2148=CARTESIAN_POINT('Ctrl Pts',(-2.78005862685687,8.84415880775589,8.71946089810196E-16));
#2149=CARTESIAN_POINT('Ctrl Pts',(-0.926832752596201,8.85143619724535,4.92799665590429E-16));
#2150=CARTESIAN_POINT('Ctrl Pts',(1.39023443993136,8.85099938363672,-9.90487617816357E-17));
#2151=CARTESIAN_POINT('Ctrl Pts',(3.24332756321761,8.84149032290957,-1.89448291915968E-16));
#2152=CARTESIAN_POINT('Ctrl Pts',(5.55989049555859,8.82262974242701,2.21676740360146E-17));
#2153=CARTESIAN_POINT('Ctrl Pts',(6.48632242836967,8.81719952276041,2.45869361920674E-16));
#2154=CARTESIAN_POINT('Ctrl Pts',(6.95018798987059,8.80941106400507,2.53264809988189E-16));
#2155=CARTESIAN_POINT('Ctrl Pts',(-6.94905782424348,8.74944977467211,1.83880688453542E-15));
#2156=CARTESIAN_POINT('Ctrl Pts',(-6.4858584962996,8.75817767698616,1.84768498365928E-15));
#2157=CARTESIAN_POINT('Ctrl Pts',(-5.09602960641464,8.76899973381273,7.34999426705187E-16));
#2158=CARTESIAN_POINT('Ctrl Pts',(-2.77974090558016,8.7898942598824,8.75185139838316E-16));
#2159=CARTESIAN_POINT('Ctrl Pts',(-0.926578006483623,8.79887506299124,4.89716301168237E-16));
#2160=CARTESIAN_POINT('Ctrl Pts',(1.38986785663722,8.79834073497315,-9.06503200016312E-17));
#2161=CARTESIAN_POINT('Ctrl Pts',(3.24300032774992,8.78665068903155,-1.93385693538438E-16));
#2162=CARTESIAN_POINT('Ctrl Pts',(5.55929159562809,8.76491014120678,1.93946752732252E-17));
#2163=CARTESIAN_POINT('Ctrl Pts',(6.48585739502269,8.75817745154244,2.55644415470666E-16));
#2164=CARTESIAN_POINT('Ctrl Pts',(6.94905814912381,8.74944947873211,2.42861286636753E-16));
#2165=CARTESIAN_POINT('',(6.95272820187294,8.94422222125255,0.245278134721807));
#2166=CARTESIAN_POINT('',(6.94905814912381,8.74944947873211,0.));
#2167=CARTESIAN_POINT('Origin',(6.94905814912381,8.74944947873211,0.2));
#2168=CARTESIAN_POINT('Ctrl Pts',(6.94905814912381,8.74944947873211,2.42861286636753E-16));
#2169=CARTESIAN_POINT('Ctrl Pts',(6.48585739502269,8.75817745154244,2.55644415470666E-16));
#2170=CARTESIAN_POINT('Ctrl Pts',(5.55929159562809,8.76491014120678,1.93946752732252E-17));
#2171=CARTESIAN_POINT('Ctrl Pts',(3.24300032774992,8.78665068903155,-1.93385693538438E-16));
#2172=CARTESIAN_POINT('Ctrl Pts',(1.38986785663722,8.79834073497315,-9.06503200016312E-17));
#2173=CARTESIAN_POINT('Ctrl Pts',(-0.926578006483623,8.79887506299124,4.89716301168237E-16));
#2174=CARTESIAN_POINT('Ctrl Pts',(-2.77974090558016,8.7898942598824,8.75185139838316E-16));
#2175=CARTESIAN_POINT('Ctrl Pts',(-5.09602960641464,8.76899973381273,7.34999426705187E-16));
#2176=CARTESIAN_POINT('Ctrl Pts',(-6.4858584962996,8.75817767698616,1.84768498365928E-15));
#2177=CARTESIAN_POINT('Ctrl Pts',(-6.94905782424348,8.74944977467211,1.83880688453542E-15));
#2178=CARTESIAN_POINT('Ctrl Pts',(-6.95272785950133,8.94422256242764,0.245277941551545));
#2179=CARTESIAN_POINT('Ctrl Pts',(-6.48019434485695,8.95512573458548,0.236677140279294));
#2180=CARTESIAN_POINT('Ctrl Pts',(-5.09990874829975,8.96696354560449,0.229223366434388));
#2181=CARTESIAN_POINT('Ctrl Pts',(-2.77658728139903,8.99039854611724,0.209427838223518));
#2182=CARTESIAN_POINT('Ctrl Pts',(-0.927851852071683,8.99889293617854,0.201344603332761));
#2183=CARTESIAN_POINT('Ctrl Pts',(1.39219849151213,8.99829874854396,0.201928574213502));
#2184=CARTESIAN_POINT('Ctrl Pts',(3.23868655337266,8.98722331001241,0.212405912824789));
#2185=CARTESIAN_POINT('Ctrl Pts',(5.56193282684021,8.96229435107792,0.232416710376066));
#2186=CARTESIAN_POINT('Ctrl Pts',(6.48019318028559,8.95512548530115,0.236677290437842));
#2187=CARTESIAN_POINT('Ctrl Pts',(6.95272820187277,8.94422222125256,0.245278134721777));
#2188=CARTESIAN_POINT('Ctrl Pts',(6.95272820187312,8.94422222125255,0.245278134721782));
#2189=CARTESIAN_POINT('Ctrl Pts',(7.2480974959526,8.9365152817543,0.254489663760625));
#2190=CARTESIAN_POINT('Ctrl Pts',(7.83703591843465,8.79822651878299,0.26338965921566));
#2191=CARTESIAN_POINT('Ctrl Pts',(8.67317566966364,8.13384886139335,0.265386617339754));
#2192=CARTESIAN_POINT('Ctrl Pts',(8.93121503984256,7.39674099959401,0.259799826192027));
#2193=CARTESIAN_POINT('Ctrl Pts',(8.94275684075184,6.95380801511594,0.246299414386901));
#2194=CARTESIAN_POINT('Ctrl Pts',(6.95298398728085,8.95779696493315,0.186862989798649));
#2195=CARTESIAN_POINT('Ctrl Pts',(7.25040163139815,8.9532545280734,0.195207082546593));
#2196=CARTESIAN_POINT('Ctrl Pts',(7.84565770076083,8.81727766531086,0.203532658416039));
#2197=CARTESIAN_POINT('Ctrl Pts',(8.6919716598896,8.14618300359789,0.205484200855721));
#2198=CARTESIAN_POINT('Ctrl Pts',(8.94979727860106,7.4001421944225,0.200041535557474));
#2199=CARTESIAN_POINT('Ctrl Pts',(8.95667825435218,6.95406978544921,0.187786187106653));
#2200=CARTESIAN_POINT('Ctrl Pts',(6.95243226366004,8.92851653489863,0.0577542802887055));
#2201=CARTESIAN_POINT('Ctrl Pts',(7.24568751559348,8.92755046740674,0.0610218330402624));
#2202=CARTESIAN_POINT('Ctrl Pts',(7.83544854267117,8.79674970789113,0.0644175159589515));
#2203=CARTESIAN_POINT('Ctrl Pts',(8.67337206659883,8.13396236916585,0.0652553940440495));
#2204=CARTESIAN_POINT('Ctrl Pts',(8.92621850009995,7.39344634543344,0.0629271114486949));
#2205=CARTESIAN_POINT('Ctrl Pts',(8.92780263395201,6.9535268247275,0.0581147541999527));
#2206=CARTESIAN_POINT('Ctrl Pts',(6.95018798987093,8.80941106400506,-7.63278329429795E-16));
#2207=CARTESIAN_POINT('Ctrl Pts',(7.22695376060393,8.80580076270935,-7.77519384368692E-5));
#2208=CARTESIAN_POINT('Ctrl Pts',(7.78025601143114,8.68013850530737,-0.000142200783765883));
#2209=CARTESIAN_POINT('Ctrl Pts',(8.56402603070572,8.05905513871302,-0.00016381781617343));
#2210=CARTESIAN_POINT('Ctrl Pts',(8.80290940859762,7.36644368411358,-0.000115107513281413));
#2211=CARTESIAN_POINT('Ctrl Pts',(8.80836056449315,6.95128090407411,2.36183239141431E-15));
#2212=CARTESIAN_POINT('Ctrl Pts',(6.94905814912414,8.7494494787321,-7.63278329429795E-16));
#2213=CARTESIAN_POINT('Ctrl Pts',(7.21744777288158,8.74439228200262,-7.74919940076565E-16));
#2214=CARTESIAN_POINT('Ctrl Pts',(7.75234837523413,8.62107135545661,9.11806626125281E-15));
#2215=CARTESIAN_POINT('Ctrl Pts',(8.50844011202579,8.02126125848601,-2.71049449071755E-14));
#2216=CARTESIAN_POINT('Ctrl Pts',(8.7406541339148,7.35273486582995,2.57530207670119E-14));
#2217=CARTESIAN_POINT('Ctrl Pts',(8.74822410797555,6.95015013239269,2.35922392732846E-15));
#2218=CARTESIAN_POINT('',(8.94275684075182,6.9538080151163,0.246299414386965));
#2219=CARTESIAN_POINT('',(8.74822410797555,6.95015013239269,0.));
#2220=CARTESIAN_POINT('Origin',(8.74822410797555,6.95015013239269,0.2));
#2221=CARTESIAN_POINT('Ctrl Pts',(8.74822410797555,6.95015013239269,2.35922392732846E-15));
#2222=CARTESIAN_POINT('Ctrl Pts',(8.7406541339148,7.35273486582995,2.57530207670119E-14));
#2223=CARTESIAN_POINT('Ctrl Pts',(8.50844011202579,8.02126125848601,-2.71049449071755E-14));
#2224=CARTESIAN_POINT('Ctrl Pts',(7.75234837523413,8.62107135545661,9.11806626125281E-15));
#2225=CARTESIAN_POINT('Ctrl Pts',(7.21744777288158,8.74439228200262,-7.74919940076565E-16));
#2226=CARTESIAN_POINT('Ctrl Pts',(6.94905814912414,8.7494494787321,-7.63278329429795E-16));
#2227=CARTESIAN_POINT('Ctrl Pts',(6.95272820187312,8.94422222125255,0.245278134721782));
#2228=CARTESIAN_POINT('Ctrl Pts',(7.2480974959526,8.9365152817543,0.254489663760625));
#2229=CARTESIAN_POINT('Ctrl Pts',(7.83703591843465,8.79822651878299,0.26338965921566));
#2230=CARTESIAN_POINT('Ctrl Pts',(8.67317566966364,8.13384886139335,0.265386617339754));
#2231=CARTESIAN_POINT('Ctrl Pts',(8.93121503984256,7.39674099959401,0.259799826192027));
#2232=CARTESIAN_POINT('Ctrl Pts',(8.94275684075184,6.95380801511594,0.246299414386901));
#2233=CARTESIAN_POINT('Ctrl Pts',(8.94275684075183,6.95380801511615,0.246299414386915));
#2234=CARTESIAN_POINT('Ctrl Pts',(8.95366194276572,6.48120159739384,0.237818519955405));
#2235=CARTESIAN_POINT('Ctrl Pts',(8.9609114485838,5.5628294828174,0.233548692694439));
#2236=CARTESIAN_POINT('Ctrl Pts',(8.98644306734131,3.23924723015266,0.213391538283443));
#2237=CARTESIAN_POINT('Ctrl Pts',(8.99851608323449,1.39249784772558,0.202113952490962));
#2238=CARTESIAN_POINT('Ctrl Pts',(8.99913438055611,-0.928054835669508,0.201506758299853));
#2239=CARTESIAN_POINT('Ctrl Pts',(8.98989099869444,-2.77706829058245,0.210222828999182));
#2240=CARTESIAN_POINT('Ctrl Pts',(8.9656139785136,-5.10073832952336,0.230382886852335));
#2241=CARTESIAN_POINT('Ctrl Pts',(8.95366193967372,-6.48120173139705,0.237818522360039));
#2242=CARTESIAN_POINT('Ctrl Pts',(8.94275684075182,-6.95380801511676,0.246299414386925));
#2243=CARTESIAN_POINT('Ctrl Pts',(8.94474561412331,6.95384541087804,0.237940381918308));
#2244=CARTESIAN_POINT('Ctrl Pts',(8.95538494478696,6.48121428705712,0.229533815752114));
#2245=CARTESIAN_POINT('Ctrl Pts',(8.96228158094571,5.56284432797856,0.225386914575318));
#2246=CARTESIAN_POINT('Ctrl Pts',(8.98704313099197,3.23924896560423,0.205537039030943));
#2247=CARTESIAN_POINT('Ctrl Pts',(8.99858942211417,1.39249937296627,0.194586486541855));
#2248=CARTESIAN_POINT('Ctrl Pts',(8.99918586859973,-0.928056115004397,0.193995240182445));
#2249=CARTESIAN_POINT('Ctrl Pts',(8.99034924652763,-2.77706848396472,0.202452159508775));
#2250=CARTESIAN_POINT('Ctrl Pts',(8.96680981745535,-5.10075193390495,0.222278355417728));
#2251=CARTESIAN_POINT('Ctrl Pts',(8.95538565419836,-6.48121530323429,0.229534393642243));
#2252=CARTESIAN_POINT('Ctrl Pts',(8.9447456141233,-6.95384541087866,0.237940381918318));
#2253=CARTESIAN_POINT('Ctrl Pts',(8.94764353724878,6.95389990177416,0.220966202357892));
#2254=CARTESIAN_POINT('Ctrl Pts',(8.95748600500259,6.48133754218008,0.212971790608672));
#2255=CARTESIAN_POINT('Ctrl Pts',(8.96403998376891,5.56285445404015,0.20886579885503));
#2256=CARTESIAN_POINT('Ctrl Pts',(8.98708131327294,3.23932831431847,0.189948453283285));
#2257=CARTESIAN_POINT('Ctrl Pts',(8.9978994640537,1.39247993426105,0.179514480539485));
#2258=CARTESIAN_POINT('Ctrl Pts',(8.99844689236335,-0.928047869914449,0.178951627546882));
#2259=CARTESIAN_POINT('Ctrl Pts',(8.99017139823707,-2.77712826786595,0.187011718559332));
#2260=CARTESIAN_POINT('Ctrl Pts',(8.96829026560168,-5.10074100311318,0.205854527149076));
#2261=CARTESIAN_POINT('Ctrl Pts',(8.9574862139231,-6.48134148016135,0.212972641500627));
#2262=CARTESIAN_POINT('Ctrl Pts',(8.94764353724877,-6.95389990177478,0.220966202357901));
#2263=CARTESIAN_POINT('Ctrl Pts',(8.94867641696211,6.95391932345608,0.1951765936604));
#2264=CARTESIAN_POINT('Ctrl Pts',(8.95772680882421,6.48149958217535,0.187702895981228));
#2265=CARTESIAN_POINT('Ctrl Pts',(8.96355586996873,5.56283694449453,0.183996131563663));
#2266=CARTESIAN_POINT('Ctrl Pts',(8.98460581538003,3.23943180908116,0.166540234102449));
#2267=CARTESIAN_POINT('Ctrl Pts',(8.99430776293308,1.3924336572813,0.157188678315778));
#2268=CARTESIAN_POINT('Ctrl Pts',(8.99480032540044,-0.928023896351307,0.156679959913771));
#2269=CARTESIAN_POINT('Ctrl Pts',(8.98738524388157,-2.77720219478811,0.163894386449003));
#2270=CARTESIAN_POINT('Ctrl Pts',(8.96739875375143,-5.1006924452379,0.181226650910394));
#2271=CARTESIAN_POINT('Ctrl Pts',(8.95772813089516,-6.48150604803438,0.187704526466178));
#2272=CARTESIAN_POINT('Ctrl Pts',(8.9486764169621,-6.9539193234567,0.195176593660409));
#2273=CARTESIAN_POINT('Ctrl Pts',(8.94640086105282,6.95387653519866,0.169416495466676));
#2274=CARTESIAN_POINT('Ctrl Pts',(8.95467701039625,6.48150922407603,0.162562961333637));
#2275=CARTESIAN_POINT('Ctrl Pts',(8.9600219531842,5.56279769914263,0.159333318259404));
#2276=CARTESIAN_POINT('Ctrl Pts',(8.97932515245579,3.23942086874734,0.143560719359585));
#2277=CARTESIAN_POINT('Ctrl Pts',(8.98823591479406,1.39238499959412,0.135379624104293));
#2278=CARTESIAN_POINT('Ctrl Pts',(8.98868338380183,-0.927992153358649,0.134927377140845));
#2279=CARTESIAN_POINT('Ctrl Pts',(8.98187444549755,-2.7771832688458,0.141231997927262));
#2280=CARTESIAN_POINT('Ctrl Pts',(8.96354352104202,-5.10064478069792,0.156852032699758));
#2281=CARTESIAN_POINT('Ctrl Pts',(8.9546790263815,-6.48151506607426,0.162564699538376));
#2282=CARTESIAN_POINT('Ctrl Pts',(8.94640086105281,-6.95387653519928,0.169416495466684));
#2283=CARTESIAN_POINT('Ctrl Pts',(8.93706806987741,6.95370104670831,0.127506433152773));
#2284=CARTESIAN_POINT('Ctrl Pts',(8.94444716700237,6.48208321544169,0.12183524482728));
#2285=CARTESIAN_POINT('Ctrl Pts',(8.94902640952362,5.56262885739804,0.119427134334776));
#2286=CARTESIAN_POINT('Ctrl Pts',(8.96619583659361,3.23983521439724,0.106713874903776));
#2287=CARTESIAN_POINT('Ctrl Pts',(8.97405078299114,1.39219542287846,0.100507147924987));
#2288=CARTESIAN_POINT('Ctrl Pts',(8.97444185443238,-0.927892295095763,0.10015500236005));
#2289=CARTESIAN_POINT('Ctrl Pts',(8.96844544846222,-2.77748789013458,0.104925659892674));
#2290=CARTESIAN_POINT('Ctrl Pts',(8.95210598832781,-5.10035922398679,0.117464934814483));
#2291=CARTESIAN_POINT('Ctrl Pts',(8.94445040285133,-6.48209300741012,0.121837295738824));
#2292=CARTESIAN_POINT('Ctrl Pts',(8.93706806987741,-6.95370104670892,0.127506433152779));
#2293=CARTESIAN_POINT('Ctrl Pts',(8.89335934247937,6.95287917268985,0.041214209074423));
#2294=CARTESIAN_POINT('Ctrl Pts',(8.89917878486753,6.48180028807396,0.038487233463018));
#2295=CARTESIAN_POINT('Ctrl Pts',(8.90370159549974,5.56214740092858,0.0382117480089292));
#2296=CARTESIAN_POINT('Ctrl Pts',(8.91830808339612,3.23958117900742,0.0329464758440847));
#2297=CARTESIAN_POINT('Ctrl Pts',(8.92607104055916,1.39183052958526,0.031277511154123));
#2298=CARTESIAN_POINT('Ctrl Pts',(8.92641765755602,-0.927643376083492,0.0311480830061835));
#2299=CARTESIAN_POINT('Ctrl Pts',(8.92046274811641,-2.77722146755621,0.0324092425245006));
#2300=CARTESIAN_POINT('Ctrl Pts',(8.90644917178322,-5.09986338143179,0.0375701868154642));
#2301=CARTESIAN_POINT('Ctrl Pts',(8.89918260659233,-6.48179027291058,0.0384870941900421));
#2302=CARTESIAN_POINT('Ctrl Pts',(8.89335934247936,-6.95287917269046,0.0412142090744245));
#2303=CARTESIAN_POINT('Ctrl Pts',(8.80836056449315,6.95128090407428,1.07292009101977E-15));
#2304=CARTESIAN_POINT('Ctrl Pts',(8.81614544100259,6.48734091757823,1.10705914209112E-15));
#2305=CARTESIAN_POINT('Ctrl Pts',(8.82162950003949,5.56077002229201,8.95396669228522E-16));
#2306=CARTESIAN_POINT('Ctrl Pts',(8.84091560065002,3.2438455905655,1.1544305602976E-15));
#2307=CARTESIAN_POINT('Ctrl Pts',(8.85124402677282,1.39046063045755,3.45312385083537E-15));
#2308=CARTESIAN_POINT('Ctrl Pts',(8.85170186978702,-0.926985919173727,1.49806885143892E-14));
#2309=CARTESIAN_POINT('Ctrl Pts',(8.84379548367292,-2.78048775631346,2.89389557028695E-14));
#2310=CARTESIAN_POINT('Ctrl Pts',(8.82510153487271,-5.09742092408748,-2.28069492509859E-14));
#2311=CARTESIAN_POINT('Ctrl Pts',(8.81614522465518,-6.48737007329162,-1.99569735231212E-17));
#2312=CARTESIAN_POINT('Ctrl Pts',(8.80836056449314,-6.95128090407489,-3.99113976912367E-17));
#2313=CARTESIAN_POINT('Ctrl Pts',(8.74822410797554,6.95015013239284,1.07552855510562E-15));
#2314=CARTESIAN_POINT('Ctrl Pts',(8.75693529067009,6.48687388668744,1.10207772595154E-15));
#2315=CARTESIAN_POINT('Ctrl Pts',(8.76371913645722,5.56016065895787,9.04450541803078E-16));
#2316=CARTESIAN_POINT('Ctrl Pts',(8.78591508319121,3.24349792422549,1.14311722309687E-15));
#2317=CARTESIAN_POINT('Ctrl Pts',(8.79855365584573,1.39007040304973,3.45132659507814E-15));
#2318=CARTESIAN_POINT('Ctrl Pts',(8.79911675500181,-0.926715166506063,1.49798760288538E-14));
#2319=CARTESIAN_POINT('Ctrl Pts',(8.78940068727779,-2.78014731877265,2.89388981641426E-14));
#2320=CARTESIAN_POINT('Ctrl Pts',(8.76782189681891,-5.0968189087038,-2.28078026862288E-14));
#2321=CARTESIAN_POINT('Ctrl Pts',(8.75693528820014,-6.48687401804531,-2.54031345795973E-17));
#2322=CARTESIAN_POINT('Ctrl Pts',(8.74822410797553,-6.95015013239345,-3.46944695195361E-17));
#2323=CARTESIAN_POINT('',(8.94275684075182,-6.95380801511675,0.246299414386923));
#2324=CARTESIAN_POINT('',(8.74822410797553,-6.95015013239345,0.));
#2325=CARTESIAN_POINT('Origin',(8.74822410797553,-6.95015013239345,0.2));
#2326=CARTESIAN_POINT('Ctrl Pts',(8.74822410797553,-6.95015013239345,-3.46944695195361E-17));
#2327=CARTESIAN_POINT('Ctrl Pts',(8.75693528820014,-6.48687401804531,-2.54031345795973E-17));
#2328=CARTESIAN_POINT('Ctrl Pts',(8.76782189681891,-5.0968189087038,-2.28078026862288E-14));
#2329=CARTESIAN_POINT('Ctrl Pts',(8.78940068727779,-2.78014731877265,2.89388981641426E-14));
#2330=CARTESIAN_POINT('Ctrl Pts',(8.79911675500181,-0.926715166506063,1.49798760288538E-14));
#2331=CARTESIAN_POINT('Ctrl Pts',(8.79855365584573,1.39007040304973,3.45132659507814E-15));
#2332=CARTESIAN_POINT('Ctrl Pts',(8.78591508319121,3.24349792422549,1.14311722309687E-15));
#2333=CARTESIAN_POINT('Ctrl Pts',(8.76371913645722,5.56016065895787,9.04450541803078E-16));
#2334=CARTESIAN_POINT('Ctrl Pts',(8.75693529067009,6.48687388668744,1.10207772595154E-15));
#2335=CARTESIAN_POINT('Ctrl Pts',(8.74822410797554,6.95015013239284,1.07552855510562E-15));
#2336=CARTESIAN_POINT('Ctrl Pts',(8.94275684075183,6.95380801511615,0.246299414386915));
#2337=CARTESIAN_POINT('Ctrl Pts',(8.95366194276572,6.48120159739384,0.237818519955405));
#2338=CARTESIAN_POINT('Ctrl Pts',(8.9609114485838,5.5628294828174,0.233548692694439));
#2339=CARTESIAN_POINT('Ctrl Pts',(8.98644306734131,3.23924723015266,0.213391538283443));
#2340=CARTESIAN_POINT('Ctrl Pts',(8.99851608323449,1.39249784772558,0.202113952490962));
#2341=CARTESIAN_POINT('Ctrl Pts',(8.99913438055611,-0.928054835669508,0.201506758299853));
#2342=CARTESIAN_POINT('Ctrl Pts',(8.98989099869444,-2.77706829058245,0.210222828999182));
#2343=CARTESIAN_POINT('Ctrl Pts',(8.9656139785136,-5.10073832952336,0.230382886852335));
#2344=CARTESIAN_POINT('Ctrl Pts',(8.95366193967372,-6.48120173139705,0.237818522360039));
#2345=CARTESIAN_POINT('Ctrl Pts',(8.94275684075182,-6.95380801511676,0.246299414386925));
#2346=CARTESIAN_POINT('Ctrl Pts',(8.94275684075182,-6.95380801511675,0.246299414386925));
#2347=CARTESIAN_POINT('Ctrl Pts',(8.93121503818461,-7.39674106321495,0.259799828131134));
#2348=CARTESIAN_POINT('Ctrl Pts',(8.67317131557948,-8.13386638116727,0.265386875869426));
#2349=CARTESIAN_POINT('Ctrl Pts',(7.8370157136718,-8.79822686594832,0.263389304238465));
#2350=CARTESIAN_POINT('Ctrl Pts',(7.24809753837625,-8.9365152806476,0.254489665083687));
#2351=CARTESIAN_POINT('Ctrl Pts',(6.95272820187169,-8.94422222125263,0.24527813472174));
#2352=CARTESIAN_POINT('Ctrl Pts',(8.95667825435217,-6.95406978545003,0.187786187106674));
#2353=CARTESIAN_POINT('Ctrl Pts',(8.94979727761256,-7.40014225849424,0.200041537317742));
#2354=CARTESIAN_POINT('Ctrl Pts',(8.69196728181526,-8.14620079406515,0.205484441761196));
#2355=CARTESIAN_POINT('Ctrl Pts',(7.84563722921173,-8.81727790142399,0.203532325645693));
#2356=CARTESIAN_POINT('Ctrl Pts',(7.250401674116,-8.95325452742123,0.195207083745064));
#2357=CARTESIAN_POINT('Ctrl Pts',(6.95298398727942,-8.95779696493322,0.186862989798611));
#2358=CARTESIAN_POINT('Ctrl Pts',(8.92780263395203,-6.95352682472831,0.0581147541999402));
#2359=CARTESIAN_POINT('Ctrl Pts',(8.92621849987228,-7.39344640862117,0.0629271121398699));
#2360=CARTESIAN_POINT('Ctrl Pts',(8.67336777370883,-8.13398005267142,0.065255491809622));
#2361=CARTESIAN_POINT('Ctrl Pts',(7.83542823223249,-8.79674981054828,0.0644173798866595));
#2362=CARTESIAN_POINT('Ctrl Pts',(7.24568755771348,-8.92755046726825,0.0610218335095663));
#2363=CARTESIAN_POINT('Ctrl Pts',(6.95243226365862,-8.9285165348987,0.0577542802886726));
#2364=CARTESIAN_POINT('Ctrl Pts',(8.80836056449314,-6.95128090407488,1.41386342163995E-16));
#2365=CARTESIAN_POINT('Ctrl Pts',(8.80290940781449,-7.36644374374535,-0.000115107529840212));
#2366=CARTESIAN_POINT('Ctrl Pts',(8.56402201979885,-8.05907163320034,-0.000163820325224535));
#2367=CARTESIAN_POINT('Ctrl Pts',(7.78023699970596,-8.68013869464572,-0.000142197411470614));
#2368=CARTESIAN_POINT('Ctrl Pts',(7.22695380035557,-8.80580076219104,-7.77519496031809E-5));
#2369=CARTESIAN_POINT('Ctrl Pts',(6.9501879898696,-8.80941106400513,7.95371918111473E-16));
#2370=CARTESIAN_POINT('Ctrl Pts',(8.74822410797553,-6.95015013239343,1.38777878078145E-16));
#2371=CARTESIAN_POINT('Ctrl Pts',(8.74065413282734,-7.35273492365513,1.89515552784883E-16));
#2372=CARTESIAN_POINT('Ctrl Pts',(8.50843624343309,-8.02127714431125,1.01774280893224E-14));
#2373=CARTESIAN_POINT('Ctrl Pts',(7.75233002704863,-8.62107159335788,-1.38626129971233E-15));
#2374=CARTESIAN_POINT('Ctrl Pts',(7.21744781143017,-8.74439228127649,8.54495505280944E-16));
#2375=CARTESIAN_POINT('Ctrl Pts',(6.94905814912285,-8.74944947873217,7.97972798949331E-16));
#2376=CARTESIAN_POINT('',(6.95272820187238,-8.94422222125259,0.245278134721865));
#2377=CARTESIAN_POINT('',(6.94905814912285,-8.74944947873217,0.));
#2378=CARTESIAN_POINT('Origin',(6.94905814912285,-8.74944947873217,0.200000000000001));
#2379=CARTESIAN_POINT('Ctrl Pts',(6.94905814912285,-8.74944947873217,7.97972798949331E-16));
#2380=CARTESIAN_POINT('Ctrl Pts',(7.21744781143017,-8.74439228127649,8.54495505280944E-16));
#2381=CARTESIAN_POINT('Ctrl Pts',(7.75233002704863,-8.62107159335788,-1.38626129971233E-15));
#2382=CARTESIAN_POINT('Ctrl Pts',(8.50843624343309,-8.02127714431125,1.01774280893224E-14));
#2383=CARTESIAN_POINT('Ctrl Pts',(8.74065413282734,-7.35273492365513,1.89515552784883E-16));
#2384=CARTESIAN_POINT('Ctrl Pts',(8.74822410797553,-6.95015013239343,1.38777878078145E-16));
#2385=CARTESIAN_POINT('Ctrl Pts',(8.94275684075182,-6.95380801511675,0.246299414386925));
#2386=CARTESIAN_POINT('Ctrl Pts',(8.93121503818461,-7.39674106321495,0.259799828131134));
#2387=CARTESIAN_POINT('Ctrl Pts',(8.67317131557948,-8.13386638116727,0.265386875869426));
#2388=CARTESIAN_POINT('Ctrl Pts',(7.8370157136718,-8.79822686594832,0.263389304238465));
#2389=CARTESIAN_POINT('Ctrl Pts',(7.24809753837625,-8.9365152806476,0.254489665083687));
#2390=CARTESIAN_POINT('Ctrl Pts',(6.95272820187169,-8.94422222125263,0.24527813472174));
#2391=CARTESIAN_POINT('Ctrl Pts',(6.95272820187209,-8.94422222125262,0.245278134721764));
#2392=CARTESIAN_POINT('Ctrl Pts',(6.48019461314547,-8.95512545223936,0.236677316518091));
#2393=CARTESIAN_POINT('Ctrl Pts',(5.56194834328996,-8.96230968235467,0.232401724136777));
#2394=CARTESIAN_POINT('Ctrl Pts',(3.23866230986136,-8.9871703874106,0.212457847984707));
#2395=CARTESIAN_POINT('Ctrl Pts',(1.39229554100806,-8.99844888229497,0.201782150471297));
#2396=CARTESIAN_POINT('Ctrl Pts',(-1.39229606907321,-8.99844896387801,0.201782078038529));
#2397=CARTESIAN_POINT('Ctrl Pts',(-3.23864787946447,-8.98717061578485,0.212457646747784));
#2398=CARTESIAN_POINT('Ctrl Pts',(-5.56194275261095,-8.96231001001699,0.232401510300322));
#2399=CARTESIAN_POINT('Ctrl Pts',(-6.48019291199402,-8.95512576764728,0.236677114199001));
#2400=CARTESIAN_POINT('Ctrl Pts',(-6.95272785950244,-8.94422256242765,0.245277941551564));
#2401=CARTESIAN_POINT('Ctrl Pts',(6.95276474264462,-8.94616147034985,0.23693311401846));
#2402=CARTESIAN_POINT('Ctrl Pts',(6.48020687939143,-8.95679748353545,0.228408708149254));
#2403=CARTESIAN_POINT('Ctrl Pts',(5.56196239088789,-8.9636265680655,0.22426028667732));
#2404=CARTESIAN_POINT('Ctrl Pts',(3.23866368887321,-8.98773735956241,0.20462104703724));
#2405=CARTESIAN_POINT('Ctrl Pts',(1.39229675788396,-8.99850633893379,0.194265773408484));
#2406=CARTESIAN_POINT('Ctrl Pts',(-1.39229728594668,-8.99850641899803,0.194265702098965));
#2407=CARTESIAN_POINT('Ctrl Pts',(-3.23864925839664,-8.98773757887003,0.204620850745485));
#2408=CARTESIAN_POINT('Ctrl Pts',(-5.56195680004702,-8.9636268867522,0.224260076113244));
#2409=CARTESIAN_POINT('Ctrl Pts',(-6.48020517811818,-8.95679778990021,0.228408508849206));
#2410=CARTESIAN_POINT('Ctrl Pts',(-6.95276439991637,-8.9461618021861,0.236932923524261));
#2411=CARTESIAN_POINT('Ctrl Pts',(6.95281757459354,-8.94896530568631,0.219994076506458));
#2412=CARTESIAN_POINT('Ctrl Pts',(6.48033273768521,-8.95879833698108,0.21189213082613));
#2413=CARTESIAN_POINT('Ctrl Pts',(5.56197058408655,-8.9652864299617,0.207783633722797));
#2414=CARTESIAN_POINT('Ctrl Pts',(3.23874613969179,-8.9877077502493,0.189082625291634));
#2415=CARTESIAN_POINT('Ctrl Pts',(1.39227489331101,-8.99779091529841,0.179206320869825));
#2416=CARTESIAN_POINT('Ctrl Pts',(-1.39227542126854,-8.99779099033675,0.179206254370257));
#2417=CARTESIAN_POINT('Ctrl Pts',(-3.23873170933477,-8.98770795479685,0.189082437954533));
#2418=CARTESIAN_POINT('Ctrl Pts',(-5.56196499291702,-8.96528673020919,0.207783432282943));
#2419=CARTESIAN_POINT('Ctrl Pts',(-6.4803310366809,-8.95879862566537,0.211891939589238));
#2420=CARTESIAN_POINT('Ctrl Pts',(-6.95281723126698,-8.94896561978317,0.219993892703924));
#2421=CARTESIAN_POINT('Ctrl Pts',(6.95283471072366,-8.94987473432041,0.194275002995807));
#2422=CARTESIAN_POINT('Ctrl Pts',(6.48049496223674,-8.95891167793927,0.186703581379668));
#2423=CARTESIAN_POINT('Ctrl Pts',(5.56195132104576,-8.96467295121303,0.183001281741912));
#2424=CARTESIAN_POINT('Ctrl Pts',(3.23885200045355,-8.98515186316098,0.165749072852745));
#2425=CARTESIAN_POINT('Ctrl Pts',(1.39222722973412,-8.99416369822902,0.156913868608813));
#2426=CARTESIAN_POINT('Ctrl Pts',(-1.39222775763989,-8.9941637688983,0.156913807537427));
#2427=CARTESIAN_POINT('Ctrl Pts',(-3.23883756989564,-8.98515204721236,0.165748903269544));
#2428=CARTESIAN_POINT('Ctrl Pts',(-5.56194572962258,-8.96467322883868,0.183001095793517));
#2429=CARTESIAN_POINT('Ctrl Pts',(-6.48049326103196,-8.95891194411772,0.186703404645863));
#2430=CARTESIAN_POINT('Ctrl Pts',(-6.95283436687298,-8.9498750251478,0.194274832582305));
#2431=CARTESIAN_POINT('Ctrl Pts',(6.95278987377278,-8.94749520015971,0.168600426941261));
#2432=CARTESIAN_POINT('Ctrl Pts',(6.48050622874593,-8.95575348015568,0.161659639277535));
#2433=CARTESIAN_POINT('Ctrl Pts',(5.56191130878612,-8.96103270094462,0.158439727571761));
#2434=CARTESIAN_POINT('Ctrl Pts',(3.23884418569803,-8.97980343423876,0.142852973486166));
#2435=CARTESIAN_POINT('Ctrl Pts',(1.39218107720628,-8.98806625998776,0.135139442825871));
#2436=CARTESIAN_POINT('Ctrl Pts',(-1.39218160526044,-8.98806632631212,0.135139387698691));
#2437=CARTESIAN_POINT('Ctrl Pts',(-3.23882975563279,-8.97980360261925,0.142852823454484));
#2438=CARTESIAN_POINT('Ctrl Pts',(-5.56190571727723,-8.96103295918816,0.158439559714249));
#2439=CARTESIAN_POINT('Ctrl Pts',(-6.48050452796405,-8.95575372727741,0.161659479725555));
#2440=CARTESIAN_POINT('Ctrl Pts',(-6.95278952977701,-8.94749547139308,0.168600272732879));
#2441=CARTESIAN_POINT('Ctrl Pts',(6.95261143667499,-8.93802539542339,0.126848385990738));
#2442=CARTESIAN_POINT('Ctrl Pts',(6.48107956898238,-8.94538472979289,0.121107180478796));
#2443=CARTESIAN_POINT('Ctrl Pts',(5.56174141604584,-8.94989816160011,0.11871609476052));
#2444=CARTESIAN_POINT('Ctrl Pts',(3.23926688467141,-8.96659477883656,0.106151763208233));
#2445=CARTESIAN_POINT('Ctrl Pts',(1.39198809375588,-8.97384528794266,0.100326814166426));
#2446=CARTESIAN_POINT('Ctrl Pts',(-1.39198862161518,-8.9738453502263,0.10032676949645));
#2447=CARTESIAN_POINT('Ctrl Pts',(-3.23925245365672,-8.96659492677157,0.106151646981666));
#2448=CARTESIAN_POINT('Ctrl Pts',(-5.56173582471576,-8.94989839547972,0.118715959782247));
#2449=CARTESIAN_POINT('Ctrl Pts',(-6.48107786736788,-8.94538495253574,0.121107052214199));
#2450=CARTESIAN_POINT('Ctrl Pts',(-6.95261109308467,-8.93802564084322,0.126848261694601));
#2451=CARTESIAN_POINT('Ctrl Pts',(6.95178513746399,-8.89417301114507,0.0409618803329095));
#2452=CARTESIAN_POINT('Ctrl Pts',(6.48080422835584,-8.89996652057491,0.0382017312679745));
#2453=CARTESIAN_POINT('Ctrl Pts',(5.56126601476634,-8.90444689474998,0.0379514553092808));
#2454=CARTESIAN_POINT('Ctrl Pts',(3.23903162618902,-8.91863127661168,0.0327266265506886));
#2455=CARTESIAN_POINT('Ctrl Pts',(1.39165157685507,-8.92585829524098,0.0312306582185738));
#2456=CARTESIAN_POINT('Ctrl Pts',(-1.39165210615491,-8.92585835020099,0.0312306372947788));
#2457=CARTESIAN_POINT('Ctrl Pts',(-3.23901719897741,-8.91863141430494,0.0327265895662527));
#2458=CARTESIAN_POINT('Ctrl Pts',(-5.56126042508454,-8.90444710180183,0.0379514016172972));
#2459=CARTESIAN_POINT('Ctrl Pts',(-6.480802529919,-8.89996671761596,0.038201681499853));
#2460=CARTESIAN_POINT('Ctrl Pts',(-6.95178479749411,-8.89417322952425,0.0409618327185294));
#2461=CARTESIAN_POINT('Ctrl Pts',(6.95018798986992,-8.80941106400513,7.19898198769311E-17));
#2462=CARTESIAN_POINT('Ctrl Pts',(6.4863251522237,-8.81720440823,4.10254340065676E-17));
#2463=CARTESIAN_POINT('Ctrl Pts',(5.5598934234622,-8.822634222086,1.74932820232566E-16));
#2464=CARTESIAN_POINT('Ctrl Pts',(3.2433485797369,-8.84146799234525,3.41876020547409E-17));
#2465=CARTESIAN_POINT('Ctrl Pts',(1.39022192822799,-8.85108733931973,3.32680589019334E-16));
#2466=CARTESIAN_POINT('Ctrl Pts',(-1.39022245392376,-8.85108741315893,2.14965193223794E-16));
#2467=CARTESIAN_POINT('Ctrl Pts',(-3.24333413831074,-8.84146817535728,-2.92377843375067E-16));
#2468=CARTESIAN_POINT('Ctrl Pts',(-5.55988783789756,-8.82263447941967,-2.96250454127776E-16));
#2469=CARTESIAN_POINT('Ctrl Pts',(-6.48632344200082,-8.81720465368673,-4.53568193891939E-16));
#2470=CARTESIAN_POINT('Ctrl Pts',(-6.95018765872356,-8.80941132700412,-4.45826344945161E-16));
#2471=CARTESIAN_POINT('Ctrl Pts',(6.94905814912314,-8.74944947873217,6.93889390390723E-17));
#2472=CARTESIAN_POINT('Ctrl Pts',(6.48585879957826,-8.75817742507677,4.68674181803539E-17));
#2473=CARTESIAN_POINT('Ctrl Pts',(5.55929693378377,-8.76492354479937,1.7426449564268E-16));
#2474=CARTESIAN_POINT('Ctrl Pts',(3.24301454155441,-8.78660335206823,4.02928942255645E-17));
#2475=CARTESIAN_POINT('Ctrl Pts',(1.38986739278879,-8.79847145868025,3.2623522524131E-16));
#2476=CARTESIAN_POINT('Ctrl Pts',(-1.38986792021376,-8.79847153976739,2.21029994577111E-16));
#2477=CARTESIAN_POINT('Ctrl Pts',(-3.24300010345336,-8.78660357282518,-3.00634974773761E-16));
#2478=CARTESIAN_POINT('Ctrl Pts',(-5.55929135121411,-8.76492383532157,-2.94945953014566E-16));
#2479=CARTESIAN_POINT('Ctrl Pts',(-6.48585709174099,-8.75817770345186,-4.43431039569415E-16));
#2480=CARTESIAN_POINT('Ctrl Pts',(-6.94905782424457,-8.74944977467213,-4.5102810375397E-16));
#2481=CARTESIAN_POINT('',(-6.95272785950261,-8.94422256242764,0.245277941551594));
#2482=CARTESIAN_POINT('',(-6.94905782424457,-8.74944977467213,0.));
#2483=CARTESIAN_POINT('Origin',(-6.94905782424457,-8.74944977467213,0.2));
#2484=CARTESIAN_POINT('Ctrl Pts',(-6.94905782424457,-8.74944977467213,-4.5102810375397E-16));
#2485=CARTESIAN_POINT('Ctrl Pts',(-6.48585709174099,-8.75817770345186,-4.43431039569415E-16));
#2486=CARTESIAN_POINT('Ctrl Pts',(-5.55929135121411,-8.76492383532157,-2.94945953014566E-16));
#2487=CARTESIAN_POINT('Ctrl Pts',(-3.24300010345336,-8.78660357282518,-3.00634974773761E-16));
#2488=CARTESIAN_POINT('Ctrl Pts',(-1.38986792021376,-8.79847153976739,2.21029994577111E-16));
#2489=CARTESIAN_POINT('Ctrl Pts',(1.38986739278879,-8.79847145868025,3.2623522524131E-16));
#2490=CARTESIAN_POINT('Ctrl Pts',(3.24301454155441,-8.78660335206823,4.02928942255645E-17));
#2491=CARTESIAN_POINT('Ctrl Pts',(5.55929693378377,-8.76492354479937,1.7426449564268E-16));
#2492=CARTESIAN_POINT('Ctrl Pts',(6.48585879957826,-8.75817742507677,4.68674181803539E-17));
#2493=CARTESIAN_POINT('Ctrl Pts',(6.94905814912314,-8.74944947873217,6.93889390390723E-17));
#2494=CARTESIAN_POINT('Ctrl Pts',(6.95272820187209,-8.94422222125262,0.245278134721764));
#2495=CARTESIAN_POINT('Ctrl Pts',(6.48019461314547,-8.95512545223936,0.236677316518091));
#2496=CARTESIAN_POINT('Ctrl Pts',(5.56194834328996,-8.96230968235467,0.232401724136777));
#2497=CARTESIAN_POINT('Ctrl Pts',(3.23866230986136,-8.9871703874106,0.212457847984707));
#2498=CARTESIAN_POINT('Ctrl Pts',(1.39229554100806,-8.99844888229497,0.201782150471297));
#2499=CARTESIAN_POINT('Ctrl Pts',(-1.39229606907321,-8.99844896387801,0.201782078038529));
#2500=CARTESIAN_POINT('Ctrl Pts',(-3.23864787946447,-8.98717061578485,0.212457646747784));
#2501=CARTESIAN_POINT('Ctrl Pts',(-5.56194275261095,-8.96231001001699,0.232401510300322));
#2502=CARTESIAN_POINT('Ctrl Pts',(-6.48019291199402,-8.95512576764728,0.236677114199001));
#2503=CARTESIAN_POINT('Ctrl Pts',(-6.95272785950244,-8.94422256242765,0.245277941551564));
#2504=CARTESIAN_POINT('Ctrl Pts',(-6.95272785950279,-8.94422256242765,0.245277941551571));
#2505=CARTESIAN_POINT('Ctrl Pts',(-7.39578182930948,-8.93266219826264,0.259095280505492));
#2506=CARTESIAN_POINT('Ctrl Pts',(-8.13277372829234,-8.67430929083221,0.265172893263364));
#2507=CARTESIAN_POINT('Ctrl Pts',(-8.79701739503365,-7.83807994469094,0.263788597694293));
#2508=CARTESIAN_POINT('Ctrl Pts',(-8.93506190161604,-7.24909690910239,0.255299874091179));
#2509=CARTESIAN_POINT('Ctrl Pts',(-8.94275637943083,-6.95380826761907,0.246299679928703));
#2510=CARTESIAN_POINT('Ctrl Pts',(-6.9529836424003,-8.9577972407368,0.186862815360453));
#2511=CARTESIAN_POINT('Ctrl Pts',(-7.39911012353719,-8.95098364194394,0.199378990544111));
#2512=CARTESIAN_POINT('Ctrl Pts',(-8.14501052438113,-8.69306708002742,0.205280052322495));
#2513=CARTESIAN_POINT('Ctrl Pts',(-8.81619762719388,-7.84679990159139,0.203909712739001));
#2514=CARTESIAN_POINT('Ctrl Pts',(-8.95209059885562,-7.25145163919266,0.195956591304019));
#2515=CARTESIAN_POINT('Ctrl Pts',(-8.95667788344856,-6.95407003730981,0.187786427394612));
#2516=CARTESIAN_POINT('Ctrl Pts',(-6.95243192010088,-8.92851673448174,0.0577542122741432));
#2517=CARTESIAN_POINT('Ctrl Pts',(-7.39231479628683,-8.92706769616808,0.0626555529918277));
#2518=CARTESIAN_POINT('Ctrl Pts',(-8.13269333706426,-8.67441556548598,0.0651698656523022));
#2519=CARTESIAN_POINT('Ctrl Pts',(-8.79583870218931,-7.8367015212571,0.0645733390162177));
#2520=CARTESIAN_POINT('Ctrl Pts',(-8.92674628976763,-7.24680677526933,0.0613230617561734));
#2521=CARTESIAN_POINT('Ctrl Pts',(-8.9278023687727,-6.95352708343521,0.0581148481571328));
#2522=CARTESIAN_POINT('Ctrl Pts',(-6.9501876587239,-8.80941132700411,6.56594041466782E-16));
#2523=CARTESIAN_POINT('Ctrl Pts',(-7.36533632207063,-8.80399592126707,-0.000116628068640534));
#2524=CARTESIAN_POINT('Ctrl Pts',(-8.05786928130792,-8.56510587982071,-0.000157874125666411));
#2525=CARTESIAN_POINT('Ctrl Pts',(-8.67910009075851,-7.78143056156875,-0.000143566368546946));
#2526=CARTESIAN_POINT('Ctrl Pts',(-8.80472614044817,-7.22805637768127,-7.67378581338763E-5));
#2527=CARTESIAN_POINT('Ctrl Pts',(-8.80836021140941,-6.9512811812285,3.31293898842658E-16));
#2528=CARTESIAN_POINT('Ctrl Pts',(-6.94905782424491,-8.74944977467213,6.59194920871187E-16));
#2529=CARTESIAN_POINT('Ctrl Pts',(-7.35164227214752,-8.74186401726165,6.24186795492661E-16));
#2530=CARTESIAN_POINT('Ctrl Pts',(-8.02012641281338,-8.50953843684605,1.94031131957688E-14));
#2531=CARTESIAN_POINT('Ctrl Pts',(-8.61996740239447,-7.75347717728629,-7.8697668549128E-15));
#2532=CARTESIAN_POINT('Ctrl Pts',(-8.74317710484658,-7.2185402496499,1.56461960132022E-14));
#2533=CARTESIAN_POINT('Ctrl Pts',(-8.74822370921687,-6.95015041880794,3.46944695195361E-16));
#2534=CARTESIAN_POINT('Ctrl Pts',(-8.74822370921687,-6.95015041880794,3.46944695195361E-16));
#2535=CARTESIAN_POINT('Ctrl Pts',(-8.74317710484658,-7.2185402496499,1.56461960132022E-14));
#2536=CARTESIAN_POINT('Ctrl Pts',(-8.61996740239447,-7.75347717728629,-7.8697668549128E-15));
#2537=CARTESIAN_POINT('Ctrl Pts',(-8.02012641281338,-8.50953843684605,1.94031131957688E-14));
#2538=CARTESIAN_POINT('Ctrl Pts',(-7.35164227214752,-8.74186401726165,6.24186795492661E-16));
#2539=CARTESIAN_POINT('Ctrl Pts',(-6.94905782424491,-8.74944977467213,6.59194920871187E-16));
#2540=CARTESIAN_POINT('Ctrl Pts',(-6.95272785950279,-8.94422256242765,0.245277941551571));
#2541=CARTESIAN_POINT('Ctrl Pts',(-7.39578182930948,-8.93266219826264,0.259095280505492));
#2542=CARTESIAN_POINT('Ctrl Pts',(-8.13277372829234,-8.67430929083221,0.265172893263364));
#2543=CARTESIAN_POINT('Ctrl Pts',(-8.79701739503365,-7.83807994469094,0.263788597694293));
#2544=CARTESIAN_POINT('Ctrl Pts',(-8.93506190161604,-7.24909690910239,0.255299874091179));
#2545=CARTESIAN_POINT('Ctrl Pts',(-8.94275637943083,-6.95380826761907,0.246299679928703));
#2546=CARTESIAN_POINT('Ctrl Pts',(5.77572341888438,7.52016668370515,4.44214739776766));
#2547=CARTESIAN_POINT('Ctrl Pts',(5.78293940007226,7.52898950400121,4.42685152519857));
#2548=CARTESIAN_POINT('Ctrl Pts',(5.79044077505388,7.53816315858772,4.41081368024617));
#2549=CARTESIAN_POINT('Ctrl Pts',(6.01541082443886,7.81334376952706,3.92546469818006));
#2550=CARTESIAN_POINT('Ctrl Pts',(6.19539067120204,8.03514358364662,3.41269550319422));
#2551=CARTESIAN_POINT('Ctrl Pts',(6.49063356077011,8.39569930495965,2.39415917234702));
#2552=CARTESIAN_POINT('Ctrl Pts',(6.61066536594136,8.54056553362504,1.88761779486889));
#2553=CARTESIAN_POINT('Ctrl Pts',(6.80254573551997,8.76810981390068,1.00265369209333));
#2554=CARTESIAN_POINT('Ctrl Pts',(6.87915637397336,8.85759916756332,0.623867542768464));
#2555=CARTESIAN_POINT('Ctrl Pts',(6.95272820187312,8.94422222125255,0.245278134721782));
#2556=CARTESIAN_POINT('Ctrl Pts',(6.28455692598427,7.29869017470357,4.49638289146432));
#2557=CARTESIAN_POINT('Ctrl Pts',(6.29256381244552,7.30777755370409,4.4814182871877));
#2558=CARTESIAN_POINT('Ctrl Pts',(6.30088485917859,7.31724111786691,4.46571997166826));
#2559=CARTESIAN_POINT('Ctrl Pts',(6.55036101410025,7.6015824540963,3.99040085992433));
#2560=CARTESIAN_POINT('Ctrl Pts',(6.74777082682258,7.84400202380597,3.48129603077816));
#2561=CARTESIAN_POINT('Ctrl Pts',(7.06751896526534,8.25571989686763,2.45834360459606));
#2562=CARTESIAN_POINT('Ctrl Pts',(7.19538028155071,8.43041896093809,1.94456390674292));
#2563=CARTESIAN_POINT('Ctrl Pts',(7.3962317049438,8.71066823802038,1.0383982299846));
#2564=CARTESIAN_POINT('Ctrl Pts',(7.47522417181036,8.82289204597907,0.647884004261629));
#2565=CARTESIAN_POINT('Ctrl Pts',(7.55028271996913,8.93071592146504,0.254942897897316));
#2566=CARTESIAN_POINT('Ctrl Pts',(6.93896905750452,6.8758341466136,4.54162719728762));
#2567=CARTESIAN_POINT('Ctrl Pts',(6.94804385703349,6.88491286774606,4.52694918233206));
#2568=CARTESIAN_POINT('Ctrl Pts',(6.95749304543304,6.89436344877284,4.51154506804553));
#2569=CARTESIAN_POINT('Ctrl Pts',(7.24136492148577,7.17819258365085,4.04493156643621));
#2570=CARTESIAN_POINT('Ctrl Pts',(7.48229354997987,7.41667908209929,3.53942162244647));
#2571=CARTESIAN_POINT('Ctrl Pts',(7.89320790652594,7.81494650374176,2.51365132916091));
#2572=CARTESIAN_POINT('Ctrl Pts',(8.06842830695328,7.98051559611631,1.99418950565254));
#2573=CARTESIAN_POINT('Ctrl Pts',(8.34928064339276,8.23966789938471,1.07008267403088));
#2574=CARTESIAN_POINT('Ctrl Pts',(8.46166663908659,8.34126829025953,0.669408180274506));
#2575=CARTESIAN_POINT('Ctrl Pts',(8.56724736066752,8.43686803486305,0.263633287880599));
#2576=CARTESIAN_POINT('Ctrl Pts',(7.35056916084707,6.15823322410456,4.48602944958587));
#2577=CARTESIAN_POINT('Ctrl Pts',(7.35950088363444,6.16611889440405,4.47100530898711));
#2578=CARTESIAN_POINT('Ctrl Pts',(7.36879726696254,6.17431642645454,4.45524621928091));
#2579=CARTESIAN_POINT('Ctrl Pts',(7.64795753085094,6.42016468657069,3.97813990180146));
#2580=CARTESIAN_POINT('Ctrl Pts',(7.88142451010101,6.61681189655518,3.46859427495293));
#2581=CARTESIAN_POINT('Ctrl Pts',(8.27762066075499,6.93371292411553,2.44707611426099));
#2582=CARTESIAN_POINT('Ctrl Pts',(8.44556708494834,7.05956673894517,1.93502887378994));
#2583=CARTESIAN_POINT('Ctrl Pts',(8.71771578070197,7.25434803754157,1.03288618895544));
#2584=CARTESIAN_POINT('Ctrl Pts',(8.82762630478974,7.3299573168616,0.644410862634286));
#2585=CARTESIAN_POINT('Ctrl Pts',(8.9326302280528,7.40231967689575,0.253573350432968));
#2586=CARTESIAN_POINT('Ctrl Pts',(7.51838764470105,5.77687199724709,4.44176181568722));
#2587=CARTESIAN_POINT('Ctrl Pts',(7.52713016017991,5.78416180033444,4.42645662817382));
#2588=CARTESIAN_POINT('Ctrl Pts',(7.53621850333733,5.79174165180776,4.41040905768896));
#2589=CARTESIAN_POINT('Ctrl Pts',(7.80878412181499,6.01911851108661,3.92476757414724));
#2590=CARTESIAN_POINT('Ctrl Pts',(8.02684235519305,6.20250454391554,3.41171896659491));
#2591=CARTESIAN_POINT('Ctrl Pts',(8.38444695226195,6.50072550191735,2.39311191537238));
#2592=CARTESIAN_POINT('Ctrl Pts',(8.52976660422751,6.62058947030019,1.8867681414542));
#2593=CARTESIAN_POINT('Ctrl Pts',(8.7617543503999,6.80866661283353,1.00224605229497));
#2594=CARTESIAN_POINT('Ctrl Pts',(8.85428403240348,6.88257125710169,0.62368747009004));
#2595=CARTESIAN_POINT('Ctrl Pts',(8.94301051850976,6.95401227038237,0.245217374946325));
#2596=CARTESIAN_POINT('',(6.11180598662678,7.93209972501289,3.62148938864176));
#2597=CARTESIAN_POINT('Ctrl Pts',(6.11180598662678,7.93209972501289,3.62148938864176));
#2598=CARTESIAN_POINT('Ctrl Pts',(6.19729248890175,8.03701502494239,3.38181097776925));
#2599=CARTESIAN_POINT('Ctrl Pts',(6.42918253446792,8.32153092369462,2.65342619444382));
#2600=CARTESIAN_POINT('Ctrl Pts',(6.69831166697724,8.64635661515375,1.51794786407291));
#2601=CARTESIAN_POINT('Ctrl Pts',(6.87889990611923,8.85729720376369,0.625187287239309));
#2602=CARTESIAN_POINT('Ctrl Pts',(6.95272820187311,8.94422222125254,0.245278134721837));
#2603=CARTESIAN_POINT('',(6.40098105147358,7.73530149647298,3.78775953284604));
#2604=CARTESIAN_POINT('Ctrl Pts',(6.40098105147358,7.73530149647298,3.78775953284604));
#2605=CARTESIAN_POINT('Ctrl Pts',(6.30180206701576,7.81070531467684,3.73085878120137));
#2606=CARTESIAN_POINT('Ctrl Pts',(6.20577528723491,7.87479752038461,3.67533830102268));
#2607=CARTESIAN_POINT('Ctrl Pts',(6.11180598662678,7.93209972501288,3.62148938864175));
#2608=CARTESIAN_POINT('',(7.51838764470401,5.77687199724036,4.44176181568643));
#2609=CARTESIAN_POINT('Ctrl Pts',(7.51838764470698,5.77687199723363,4.44176181568566));
#2610=CARTESIAN_POINT('Ctrl Pts',(7.51054139204113,5.82173285125115,4.43089291782692));
#2611=CARTESIAN_POINT('Ctrl Pts',(7.50220192242405,5.86712667346964,4.41992344188489));
#2612=CARTESIAN_POINT('Ctrl Pts',(7.49276901474093,5.91529354083956,4.40832575600508));
#2613=CARTESIAN_POINT('Ctrl Pts',(7.49235991564231,5.91737814888286,4.40782368297105));
#2614=CARTESIAN_POINT('Ctrl Pts',(7.48141342669376,5.97291122812277,4.39446136587827));
#2615=CARTESIAN_POINT('Ctrl Pts',(7.45889508076406,6.08115385721113,4.3685209789591));
#2616=CARTESIAN_POINT('Ctrl Pts',(7.40093263927429,6.30969853397798,4.3151440892726));
#2617=CARTESIAN_POINT('Ctrl Pts',(7.30546425655391,6.61304281874716,4.24479586255633));
#2618=CARTESIAN_POINT('Ctrl Pts',(7.07467529372751,7.05874427247965,4.14106611261426));
#2619=CARTESIAN_POINT('Ctrl Pts',(6.72132060754726,7.47604853141933,3.97206129527455));
#2620=CARTESIAN_POINT('Ctrl Pts',(6.5054381507069,7.65592839828182,3.84766520209746));
#2621=CARTESIAN_POINT('Ctrl Pts',(6.40055322534699,7.73562667546617,3.78751412836458));
#2622=CARTESIAN_POINT('Ctrl Pts',(7.51838764470105,5.7768719972471,4.44176181568722));
#2623=CARTESIAN_POINT('Ctrl Pts',(7.52752743308306,5.7844930598264,4.42576113769497));
#2624=CARTESIAN_POINT('Ctrl Pts',(7.80232446797498,6.01368135601373,3.94035416920299));
#2625=CARTESIAN_POINT('Ctrl Pts',(8.22863989647086,6.3722195520468,2.9365796115929));
#2626=CARTESIAN_POINT('Ctrl Pts',(8.63643558196204,6.70857025910989,1.51489041208264));
#2627=CARTESIAN_POINT('Ctrl Pts',(8.85410827854673,6.88243087917362,0.624406491693604));
#2628=CARTESIAN_POINT('Ctrl Pts',(8.9427568407518,6.95380801511667,0.24629941438703));
#2629=CARTESIAN_POINT('Ctrl Pts',(-6.11180484562818,7.93209972860805,3.62148894449099));
#2630=CARTESIAN_POINT('Ctrl Pts',(-6.11480741715873,7.93578471235602,3.61307062553555));
#2631=CARTESIAN_POINT('Ctrl Pts',(-6.20004376701083,8.04039232431664,3.37316455897298));
#2632=CARTESIAN_POINT('Ctrl Pts',(-6.29420265796304,8.15590272835046,3.07646145499085));
#2633=CARTESIAN_POINT('Ctrl Pts',(-6.46109195747582,8.35950313503185,2.48949826646231));
#2634=CARTESIAN_POINT('Ctrl Pts',(-6.58615400651376,8.51081991422657,1.98796575748046));
#2635=CARTESIAN_POINT('Ctrl Pts',(-6.72152594875347,8.67225813953323,1.38049751334561));
#2636=CARTESIAN_POINT('Ctrl Pts',(-6.83333769953837,8.80407948559551,0.850429936679789));
#2637=CARTESIAN_POINT('Ctrl Pts',(-6.90885208606039,8.89256379218083,0.471060753528479));
#2638=CARTESIAN_POINT('Ctrl Pts',(-6.95280487618968,8.94431324062283,0.244881622676843));
#2639=CARTESIAN_POINT('Ctrl Pts',(-5.92151061521913,8.00129671962262,3.5985456026501));
#2640=CARTESIAN_POINT('Ctrl Pts',(-5.92441140593809,8.0048677297079,3.59010773990754));
#2641=CARTESIAN_POINT('Ctrl Pts',(-6.00676491419825,8.10620649246038,3.34966170961416));
#2642=CARTESIAN_POINT('Ctrl Pts',(-6.09796162795387,8.21696832713646,3.05287279266861));
#2643=CARTESIAN_POINT('Ctrl Pts',(-6.2600933033638,8.4100627652441,2.46701422124807));
#2644=CARTESIAN_POINT('Ctrl Pts',(-6.38211435331,8.55143123733487,1.96765554794888));
#2645=CARTESIAN_POINT('Ctrl Pts',(-6.51499274427134,8.70024904091504,1.36466631258373));
#2646=CARTESIAN_POINT('Ctrl Pts',(-6.62521213829755,8.82098551752507,0.839567486746962));
#2647=CARTESIAN_POINT('Ctrl Pts',(-6.70001826282292,8.90171603748644,0.464682040546373));
#2648=CARTESIAN_POINT('Ctrl Pts',(-6.74366028961814,8.94903265308812,0.241504218213283));
#2649=CARTESIAN_POINT('Ctrl Pts',(-4.43105392304058,8.44365012227543,3.45538062217263));
#2650=CARTESIAN_POINT('Ctrl Pts',(-4.43235016830243,8.44627188078343,3.44684361854402));
#2651=CARTESIAN_POINT('Ctrl Pts',(-4.46907858136301,8.52045687548729,3.20367413221585));
#2652=CARTESIAN_POINT('Ctrl Pts',(-4.50732791770758,8.59422504521632,2.90698779177677));
#2653=CARTESIAN_POINT('Ctrl Pts',(-4.57279957280509,8.71129986745147,2.32824748153792));
#2654=CARTESIAN_POINT('Ctrl Pts',(-4.62013898221379,8.78583679960867,1.84175454173269));
#2655=CARTESIAN_POINT('Ctrl Pts',(-4.67536048565246,8.85674412553523,1.26555683747628));
#2656=CARTESIAN_POINT('Ctrl Pts',(-4.72543737588199,8.91234948187421,0.770536356184656));
#2657=CARTESIAN_POINT('Ctrl Pts',(-4.76479299299803,8.95034211188693,0.423671230820723));
#2658=CARTESIAN_POINT('Ctrl Pts',(-4.79046823538235,8.97396685491232,0.2197098765274));
#2659=CARTESIAN_POINT('Ctrl Pts',(-1.32855443324498,8.71535530943584,3.29225567096488));
#2660=CARTESIAN_POINT('Ctrl Pts',(-1.32886552339832,8.71761739406775,3.2836139295579));
#2661=CARTESIAN_POINT('Ctrl Pts',(-1.3376801632696,8.78145509006264,3.03757417762362));
#2662=CARTESIAN_POINT('Ctrl Pts',(-1.34685438390786,8.8391476838818,2.74123478204523));
#2663=CARTESIAN_POINT('Ctrl Pts',(-1.3620613919192,8.92015667545251,2.17068647555956));
#2664=CARTESIAN_POINT('Ctrl Pts',(-1.37237316838161,8.96011710256514,1.69860100638668));
#2665=CARTESIAN_POINT('Ctrl Pts',(-1.38221394038382,8.98412681047909,1.15251282907161));
#2666=CARTESIAN_POINT('Ctrl Pts',(-1.38967520197854,8.99524110473885,0.691430174837388));
#2667=CARTESIAN_POINT('Ctrl Pts',(-1.39435189853182,8.99812414914727,0.376507121901125));
#2668=CARTESIAN_POINT('Ctrl Pts',(-1.3970726229158,8.99913335388704,0.194617524815629));
#2669=CARTESIAN_POINT('Ctrl Pts',(0.875809757705273,8.71014423289702,3.29225567188103));
#2670=CARTESIAN_POINT('Ctrl Pts',(0.876050994416008,8.71242414249095,3.2836139304983));
#2671=CARTESIAN_POINT('Ctrl Pts',(0.882892255332086,8.77677000842212,3.03757417966895));
#2672=CARTESIAN_POINT('Ctrl Pts',(0.890212145444749,8.83509660674306,2.74123478509033));
#2673=CARTESIAN_POINT('Ctrl Pts',(0.902626239195417,8.91730441290166,2.17068648065822));
#2674=CARTESIAN_POINT('Ctrl Pts',(0.911314378800406,8.95822008701017,1.6986010126451));
#2675=CARTESIAN_POINT('Ctrl Pts',(0.919616662059868,8.98314722940687,1.15251283546473));
#2676=CARTESIAN_POINT('Ctrl Pts',(0.925775054258782,8.99488531069718,0.691430180221663));
#2677=CARTESIAN_POINT('Ctrl Pts',(0.929376819035677,8.99802332338331,0.376507125537399));
#2678=CARTESIAN_POINT('Ctrl Pts',(0.931314164857344,8.99909763727397,0.19461752675073));
#2679=CARTESIAN_POINT('Ctrl Pts',(2.58470480182229,8.61372408047077,3.35750575712102));
#2680=CARTESIAN_POINT('Ctrl Pts',(2.58535812888109,8.61610591348149,3.34890591082095));
#2681=CARTESIAN_POINT('Ctrl Pts',(2.60386079854456,8.6833948598982,3.10401426510557));
#2682=CARTESIAN_POINT('Ctrl Pts',(2.62282173427276,8.74665973431112,2.80753608657956));
#2683=CARTESIAN_POINT('Ctrl Pts',(2.65464912650288,8.84047280101992,2.23371096179073));
#2684=CARTESIAN_POINT('Ctrl Pts',(2.67699465739034,8.89297119362496,1.75586248029846));
#2685=CARTESIAN_POINT('Ctrl Pts',(2.70232041882804,8.93449858282208,1.19773046767105));
#2686=CARTESIAN_POINT('Ctrl Pts',(2.72501441587574,8.96256536383921,0.72307266606577));
#2687=CARTESIAN_POINT('Ctrl Pts',(2.74282147949823,8.97914742412064,0.395372774648117));
#2688=CARTESIAN_POINT('Ctrl Pts',(2.75453478022032,8.98911489800456,0.204654470011979));
#2689=CARTESIAN_POINT('Ctrl Pts',(5.01323986002896,8.26134460056196,3.51264694829342));
#2690=CARTESIAN_POINT('Ctrl Pts',(5.01522580951477,8.26436440771345,3.50414960094566));
#2691=CARTESIAN_POINT('Ctrl Pts',(5.07156943942141,8.34993399122448,3.26206949447081));
#2692=CARTESIAN_POINT('Ctrl Pts',(5.13270092548806,8.43915221104792,2.96534210503955));
#2693=CARTESIAN_POINT('Ctrl Pts',(5.24005700115525,8.58786876138921,2.38375443245487));
#2694=CARTESIAN_POINT('Ctrl Pts',(5.31983507124176,8.69012145787693,1.89211512013508));
#2695=CARTESIAN_POINT('Ctrl Pts',(5.40858354501266,8.79313727112757,1.30520072504765));
#2696=CARTESIAN_POINT('Ctrl Pts',(5.48439272923843,8.87543720957211,0.798148855614697));
#2697=CARTESIAN_POINT('Ctrl Pts',(5.53861302904941,8.93078758518896,0.440075575414468));
#2698=CARTESIAN_POINT('Ctrl Pts',(5.57164954891792,8.96395623630942,0.228427623155473));
#2699=CARTESIAN_POINT('Ctrl Pts',(5.92151165426356,8.00129678188324,3.59854604367431));
#2700=CARTESIAN_POINT('Ctrl Pts',(5.92441244914024,8.00486778979664,3.59010818083486));
#2701=CARTESIAN_POINT('Ctrl Pts',(6.00676607522907,8.10620648989553,3.34966214711158));
#2702=CARTESIAN_POINT('Ctrl Pts',(6.09796290962894,8.21696821848838,3.05287320595673));
#2703=CARTESIAN_POINT('Ctrl Pts',(6.26009471587278,8.41006238188198,2.46701455804507));
#2704=CARTESIAN_POINT('Ctrl Pts',(6.38211577529283,8.55143059492041,1.96765578039291));
#2705=CARTESIAN_POINT('Ctrl Pts',(6.51499399622388,8.70024826860454,1.36466644158914));
#2706=CARTESIAN_POINT('Ctrl Pts',(6.62521311664416,8.82098479540615,0.839567549236307));
#2707=CARTESIAN_POINT('Ctrl Pts',(6.70001887992115,8.90171553605443,0.464682068078828));
#2708=CARTESIAN_POINT('Ctrl Pts',(6.74366061217857,8.94903237478928,0.241504231403699));
#2709=CARTESIAN_POINT('Ctrl Pts',(6.11180598662678,7.93209972501288,3.62148938864176));
#2710=CARTESIAN_POINT('Ctrl Pts',(6.11480856264458,7.93578470632672,3.61307106961689));
#2711=CARTESIAN_POINT('Ctrl Pts',(6.20004503967048,8.04039224819495,3.37316500040602));
#2712=CARTESIAN_POINT('Ctrl Pts',(6.29420406120964,8.15590253817855,3.07646187313815));
#2713=CARTESIAN_POINT('Ctrl Pts',(6.46109350443817,8.3595026599363,2.48949860953079));
#2714=CARTESIAN_POINT('Ctrl Pts',(6.58615556669981,8.51081917733058,1.98796599693297));
#2715=CARTESIAN_POINT('Ctrl Pts',(6.72152732640599,8.67225728376408,1.38049764894156));
#2716=CARTESIAN_POINT('Ctrl Pts',(6.83333878111171,8.80407869943028,0.850430004467809));
#2717=CARTESIAN_POINT('Ctrl Pts',(6.90885277858177,8.89256325056455,0.471060784466153));
#2718=CARTESIAN_POINT('Ctrl Pts',(6.95280525261673,8.94431294062126,0.244881637718826));
#2719=CARTESIAN_POINT('',(-6.28152985813924,8.14022834579291,3.10876814555619));
#2720=CARTESIAN_POINT('Ctrl Pts',(-6.28152985813924,8.14022834579291,3.10876814555619));
#2721=CARTESIAN_POINT('Ctrl Pts',(-6.30429798943632,8.16810368262717,3.03475048138016));
#2722=CARTESIAN_POINT('Ctrl Pts',(-6.47203188146372,8.37325038068762,2.47263470120176));
#2723=CARTESIAN_POINT('Ctrl Pts',(-6.69831087550625,8.64635857120642,1.51794388857024));
#2724=CARTESIAN_POINT('Ctrl Pts',(-6.87889942585307,8.85729841292921,0.625185050535693));
#2725=CARTESIAN_POINT('Ctrl Pts',(-6.95272785950273,8.94422256242754,0.245277941551862));
#2726=CARTESIAN_POINT('',(1.18135698226961E-7,8.89720997177333,2.29180215363838));
#2727=CARTESIAN_POINT('Ctrl Pts',(1.18135698443053E-7,8.89720997177333,
2.29180215363838));
#2728=CARTESIAN_POINT('Ctrl Pts',(-1.29257179847345,8.89721010324405,2.29180211576401));
#2729=CARTESIAN_POINT('Ctrl Pts',(-2.53971156876225,8.81958770028702,2.36674348024891));
#2730=CARTESIAN_POINT('Ctrl Pts',(-4.24461440018498,8.62092668342088,2.60270733022668));
#2731=CARTESIAN_POINT('Ctrl Pts',(-4.68325091233248,8.55422605012419,2.68076529540305));
#2732=CARTESIAN_POINT('Ctrl Pts',(-5.34392127229107,8.41928163200098,2.83117915556515));
#2733=CARTESIAN_POINT('Ctrl Pts',(-5.63939561299042,8.35002567513873,2.90649057822711));
#2734=CARTESIAN_POINT('Ctrl Pts',(-5.97343656080714,8.25037331196421,3.00747215925405));
#2735=CARTESIAN_POINT('Ctrl Pts',(-6.11103950715851,8.20413580477898,3.05189386047641));
#2736=CARTESIAN_POINT('Ctrl Pts',(-6.18008255509398,8.17949129603516,3.07511523844169));
#2737=CARTESIAN_POINT('Ctrl Pts',(-6.2310090586847,8.16019030978213,3.09209732708302));
#2738=CARTESIAN_POINT('Ctrl Pts',(-6.2498243476302,8.15297801115774,3.09884027076198));
#2739=CARTESIAN_POINT('Ctrl Pts',(-6.28152985813923,8.14022834579291,3.10876814555618));
#2740=CARTESIAN_POINT('Ctrl Pts',(6.11180598662678,7.93209972501288,3.62148938864175));
#2741=CARTESIAN_POINT('Ctrl Pts',(6.10216606878712,7.93714560650493,3.61749550704301));
#2742=CARTESIAN_POINT('Ctrl Pts',(6.08931114885612,7.94415700531683,3.61134946763217));
#2743=CARTESIAN_POINT('Ctrl Pts',(6.06712000997274,7.95636502594674,3.60012647376755));
#2744=CARTESIAN_POINT('Ctrl Pts',(6.05294403071766,7.96421349968043,3.59247353819265));
#2745=CARTESIAN_POINT('Ctrl Pts',(6.03004761515513,7.97679467473615,3.58007328680602));
#2746=CARTESIAN_POINT('Ctrl Pts',(6.00428265316791,7.99084292766398,3.56584989838379));
#2747=CARTESIAN_POINT('Ctrl Pts',(5.95493207275388,8.01715779442867,3.53837636631614));
#2748=CARTESIAN_POINT('Ctrl Pts',(5.89536187488636,8.04778076615838,3.50525444805449));
#2749=CARTESIAN_POINT('Ctrl Pts',(5.82493698851469,8.0822460571181,3.4667481809092));
#2750=CARTESIAN_POINT('Ctrl Pts',(5.7550251452395,8.11483710059352,3.42930606538697));
#2751=CARTESIAN_POINT('Ctrl Pts',(5.63879940143857,8.16649647441622,3.36849854371586));
#2752=CARTESIAN_POINT('Ctrl Pts',(5.36015989835741,8.27902864831664,3.22976181929689));
#2753=CARTESIAN_POINT('Ctrl Pts',(4.72651874492014,8.47720571397439,2.95815428687316));
#2754=CARTESIAN_POINT('Ctrl Pts',(4.15414403843419,8.58525320903744,2.78533273814391));
#2755=CARTESIAN_POINT('Ctrl Pts',(3.41640822583453,8.69696830490568,2.60523824537508));
#2756=CARTESIAN_POINT('Ctrl Pts',(3.06035510816347,8.73784977367275,2.53734557627091));
#2757=CARTESIAN_POINT('Ctrl Pts',(2.25699090591516,8.81280270987193,2.41532132295183));
#2758=CARTESIAN_POINT('Ctrl Pts',(1.58556724261554,8.85763241801784,2.34532923093844));
#2759=CARTESIAN_POINT('Ctrl Pts',(0.796939566798512,8.88650807487882,2.30533231427599));
#2760=CARTESIAN_POINT('Ctrl Pts',(0.399965068195438,8.89438160717282,2.29523688577839));
#2761=CARTESIAN_POINT('Ctrl Pts',(0.171928698871598,8.89678370169919,2.29229978281904));
#2762=CARTESIAN_POINT('Ctrl Pts',(0.057417254376142,8.89720996589575,2.29180215562508));
#2763=CARTESIAN_POINT('Ctrl Pts',(1.18135699835896E-7,8.89720997177333,
2.29180215363838));
#2764=CARTESIAN_POINT('Ctrl Pts',(-7.86799395294305,6.0691164144191,3.75127689199332));
#2765=CARTESIAN_POINT('Ctrl Pts',(-7.99424621256511,6.17483944865935,3.47062400881051));
#2766=CARTESIAN_POINT('Ctrl Pts',(-8.10854022880756,6.27063720765683,3.17900459771126));
#2767=CARTESIAN_POINT('Ctrl Pts',(-8.38444694445672,6.50072750595557,2.39310565328529));
#2768=CARTESIAN_POINT('Ctrl Pts',(-8.52976674960671,6.62059183271507,1.88676112262191));
#2769=CARTESIAN_POINT('Ctrl Pts',(-8.76175424194864,6.80866839460193,1.0022411754009));
#2770=CARTESIAN_POINT('Ctrl Pts',(-8.85428372872954,6.88257249102293,0.623684671467032));
#2771=CARTESIAN_POINT('Ctrl Pts',(-8.94301017410636,6.95401261457334,0.245217148664619));
#2772=CARTESIAN_POINT('Ctrl Pts',(-7.66278046673306,6.60803754486295,3.8222620370032));
#2773=CARTESIAN_POINT('Ctrl Pts',(-7.79906683831977,6.72419604923624,3.54460364774466));
#2774=CARTESIAN_POINT('Ctrl Pts',(-7.92640518297797,6.8287375063831,3.25395392010714));
#2775=CARTESIAN_POINT('Ctrl Pts',(-8.24201196685324,7.07804443246672,2.46506064177593));
#2776=CARTESIAN_POINT('Ctrl Pts',(-8.41750087125836,7.205895214476,1.95111149130653));
#2777=CARTESIAN_POINT('Ctrl Pts',(-8.70303624963368,7.40291052195294,1.0430966587402));
#2778=CARTESIAN_POINT('Ctrl Pts',(-8.81874010966497,7.47908739350936,0.651317311965508));
#2779=CARTESIAN_POINT('Ctrl Pts',(-8.92916974088955,7.55175588462386,0.256359087916337));
#2780=CARTESIAN_POINT('Ctrl Pts',(-7.23859150639144,7.31832358916104,3.8695013954538));
#2781=CARTESIAN_POINT('Ctrl Pts',(-7.37292909520936,7.45751523210193,3.59362748904335));
#2782=CARTESIAN_POINT('Ctrl Pts',(-7.49723323740572,7.58741488305189,3.30337558760284));
#2783=CARTESIAN_POINT('Ctrl Pts',(-7.80208407698392,7.90674489618549,2.51185480004967));
#2784=CARTESIAN_POINT('Ctrl Pts',(-7.96803872160199,8.08141620686986,1.99245549805462));
#2785=CARTESIAN_POINT('Ctrl Pts',(-8.23193272624224,8.35723141513861,1.06886017141881));
#2786=CARTESIAN_POINT('Ctrl Pts',(-8.33682117904839,8.4661977758109,0.668528447950708));
#2787=CARTESIAN_POINT('Ctrl Pts',(-8.43517512839355,8.56896596613501,0.263273094339335));
#2788=CARTESIAN_POINT('Ctrl Pts',(-6.46856647741614,7.72184147178349,3.80045364224374));
#2789=CARTESIAN_POINT('Ctrl Pts',(-6.58051906115221,7.85730781885891,3.52177511502361));
#2790=CARTESIAN_POINT('Ctrl Pts',(-6.68132525699368,7.98292787754387,3.23069121120412));
#2791=CARTESIAN_POINT('Ctrl Pts',(-6.92329733607727,8.29071746437747,2.44229137761925));
#2792=CARTESIAN_POINT('Ctrl Pts',(-7.04920133607243,8.45795874572841,1.93032043687319));
#2793=CARTESIAN_POINT('Ctrl Pts',(-7.24780980586487,8.72503093857614,1.02945721495483));
#2794=CARTESIAN_POINT('Ctrl Pts',(-7.3262067137089,8.83157036635142,0.641877088253172));
#2795=CARTESIAN_POINT('Ctrl Pts',(-7.40089369417586,8.93409289026168,0.25252650588409));
#2796=CARTESIAN_POINT('Ctrl Pts',(-6.06428468805961,7.87377914181289,3.75204254625877));
#2797=CARTESIAN_POINT('Ctrl Pts',(-6.16849511754831,8.00167007933658,3.47152008395364));
#2798=CARTESIAN_POINT('Ctrl Pts',(-6.26284142075309,8.11751742731586,3.17999748632452));
#2799=CARTESIAN_POINT('Ctrl Pts',(-6.49063343898409,8.39570159290338,2.39415310753693));
#2800=CARTESIAN_POINT('Ctrl Pts',(-6.61066532122286,8.54056818673601,1.88761094898014));
#2801=CARTESIAN_POINT('Ctrl Pts',(-6.8025454860515,8.7681117621381,1.00264892875889));
#2802=CARTESIAN_POINT('Ctrl Pts',(-6.87915598911106,8.8576004854762,0.623864824698641));
#2803=CARTESIAN_POINT('Ctrl Pts',(-6.95272785950279,8.94422256242761,0.245277941551539));
#2804=CARTESIAN_POINT('',(-7.86799395294307,6.06911641441906,3.75127689199331));
#2805=CARTESIAN_POINT('Ctrl Pts',(-7.86799395294305,6.06911641441911,3.75127689199333));
#2806=CARTESIAN_POINT('Ctrl Pts',(-7.99480990713717,6.17531148377954,3.46937094207446));
#2807=CARTESIAN_POINT('Ctrl Pts',(-8.29743480264452,6.42896360402182,2.69673543615866));
#2808=CARTESIAN_POINT('Ctrl Pts',(-8.63643503548186,6.70857222003272,1.51488556802191));
#2809=CARTESIAN_POINT('Ctrl Pts',(-8.85410789438692,6.88243204955332,0.624404019901919));
#2810=CARTESIAN_POINT('Ctrl Pts',(-8.94275637943084,6.953808267619,0.246299679928693));
#2811=CARTESIAN_POINT('',(-7.34484310451893,7.37150369885873,3.4809093191375));
#2812=CARTESIAN_POINT('Ctrl Pts',(-7.34484310451892,7.37150369885874,3.4809093191375));
#2813=CARTESIAN_POINT('Ctrl Pts',(-7.52276392780962,7.14755602094686,3.53825401327066));
#2814=CARTESIAN_POINT('Ctrl Pts',(-7.76177201920207,6.63306359398295,3.62768347341529));
#2815=CARTESIAN_POINT('Ctrl Pts',(-7.83196650790373,6.26821109976167,3.70711617869279));
#2816=CARTESIAN_POINT('Ctrl Pts',(-7.86799395294306,6.06911641441911,3.7512768919933));
#2817=CARTESIAN_POINT('Ctrl Pts',(-6.28152985813924,8.1402283457929,3.10876814555619));
#2818=CARTESIAN_POINT('Ctrl Pts',(-6.46046384762161,8.06517731106161,3.17158324388937));
#2819=CARTESIAN_POINT('Ctrl Pts',(-6.72285609619313,7.93896960788889,3.26687767348629));
#2820=CARTESIAN_POINT('Ctrl Pts',(-7.10666316812371,7.63843670933681,3.40342288199877));
#2821=CARTESIAN_POINT('Ctrl Pts',(-7.27192984527393,7.46335156486439,3.4573902436852));
#2822=CARTESIAN_POINT('Ctrl Pts',(-7.34524452300543,7.37099823739532,3.48103874972251));
#2823=CARTESIAN_POINT('Ctrl Pts',(-7.38969867967588,-5.66968282914697,4.65813488988247));
#2824=CARTESIAN_POINT('Ctrl Pts',(-7.4433009935764,-5.71428228791793,4.57151348048229));
#2825=CARTESIAN_POINT('Ctrl Pts',(-7.76829939104491,-5.98506651970068,4.02046484922146));
#2826=CARTESIAN_POINT('Ctrl Pts',(-8.2286398721389,-6.37222129695548,2.93657385416196));
#2827=CARTESIAN_POINT('Ctrl Pts',(-8.63643503548182,-6.70857222003276,1.51488556802192));
#2828=CARTESIAN_POINT('Ctrl Pts',(-8.8541078943869,-6.88243204955335,0.624404019901923));
#2829=CARTESIAN_POINT('Ctrl Pts',(-8.94275637943083,-6.95380826761904,0.246299679928694));
#2830=CARTESIAN_POINT('Ctrl Pts',(-7.46895931550184,-5.49586501448361,4.6395201073684));
#2831=CARTESIAN_POINT('Ctrl Pts',(-7.5223111046801,-5.5387111770423,4.55200241717322));
#2832=CARTESIAN_POINT('Ctrl Pts',(-7.84470385315295,-5.79905798361727,3.99585514934042));
#2833=CARTESIAN_POINT('Ctrl Pts',(-8.28983374516279,-6.17315264783153,2.90852261558835));
#2834=CARTESIAN_POINT('Ctrl Pts',(-8.66797015884228,-6.50166591591926,1.4943213403951));
#2835=CARTESIAN_POINT('Ctrl Pts',(-8.86656357388854,-6.67365334575709,0.614723802417201));
#2836=CARTESIAN_POINT('Ctrl Pts',(-8.94762225963078,-6.74459935382025,0.24238349536979));
#2837=CARTESIAN_POINT('Ctrl Pts',(-8.00502886228305,-4.21972003375151,4.52053212320168));
#2838=CARTESIAN_POINT('Ctrl Pts',(-8.05394728160471,-4.24264393508721,4.42740953883366));
#2839=CARTESIAN_POINT('Ctrl Pts',(-8.34094972240145,-4.37877580263686,3.83972615503998));
#2840=CARTESIAN_POINT('Ctrl Pts',(-8.65473460462137,-4.54265107374331,2.73441779749729));
#2841=CARTESIAN_POINT('Ctrl Pts',(-8.84082982904355,-4.66654140667109,1.3637829018199));
#2842=CARTESIAN_POINT('Ctrl Pts',(-8.93290636946698,-4.7494824921265,0.552195764831413));
#2843=CARTESIAN_POINT('Ctrl Pts',(-8.97338876690049,-4.79110385420104,0.217028042671217));
#2844=CARTESIAN_POINT('Ctrl Pts',(-8.29765090222308,-1.27945987421679,4.38393340760825));
#2845=CARTESIAN_POINT('Ctrl Pts',(-8.34747025565325,-1.28474471522189,4.28439737481214));
#2846=CARTESIAN_POINT('Ctrl Pts',(-8.63392354299328,-1.31617565672468,3.66097850125238));
#2847=CARTESIAN_POINT('Ctrl Pts',(-8.89571766657037,-1.35546992726931,2.53633507124361));
#2848=CARTESIAN_POINT('Ctrl Pts',(-8.98442345301855,-1.38223491128534,1.21426045617189));
#2849=CARTESIAN_POINT('Ctrl Pts',(-8.99779069661238,-1.3930194924549,0.48015414325258));
#2850=CARTESIAN_POINT('Ctrl Pts',(-8.99943847271076,-1.39727004581835,0.187806278880892));
#2851=CARTESIAN_POINT('Ctrl Pts',(-8.29765090222308,1.27945987421679,4.38393340760825));
#2852=CARTESIAN_POINT('Ctrl Pts',(-8.34747025565324,1.28474471522189,4.28439737481214));
#2853=CARTESIAN_POINT('Ctrl Pts',(-8.63392354299328,1.31617565672468,3.66097850125238));
#2854=CARTESIAN_POINT('Ctrl Pts',(-8.89571766657037,1.35546992726931,2.53633507124361));
#2855=CARTESIAN_POINT('Ctrl Pts',(-8.98442345301855,1.38223491128533,1.21426045617188));
#2856=CARTESIAN_POINT('Ctrl Pts',(-8.99779069661238,1.3930194924549,0.480154143252579));
#2857=CARTESIAN_POINT('Ctrl Pts',(-8.99943847271076,1.39727004581834,0.187806278880892));
#2858=CARTESIAN_POINT('Ctrl Pts',(-8.00502886228321,4.21972003375151,4.52053212320167));
#2859=CARTESIAN_POINT('Ctrl Pts',(-8.05394728160488,4.24264393508721,4.42740953883366));
#2860=CARTESIAN_POINT('Ctrl Pts',(-8.3409497224016,4.37877580263685,3.83972615503997));
#2861=CARTESIAN_POINT('Ctrl Pts',(-8.65473460462146,4.5426510737433,2.73441779749728));
#2862=CARTESIAN_POINT('Ctrl Pts',(-8.84082982904359,4.66654140667107,1.36378290181989));
#2863=CARTESIAN_POINT('Ctrl Pts',(-8.932906369467,4.74948249212648,0.552195764831411));
#2864=CARTESIAN_POINT('Ctrl Pts',(-8.9733887669005,4.79110385420101,0.217028042671216));
#2865=CARTESIAN_POINT('Ctrl Pts',(-7.46895931550196,5.49586501448361,4.63952010736839));
#2866=CARTESIAN_POINT('Ctrl Pts',(-7.52231110468022,5.53871117704229,4.55200241717321));
#2867=CARTESIAN_POINT('Ctrl Pts',(-7.84470385315305,5.79905798361726,3.99585514934041));
#2868=CARTESIAN_POINT('Ctrl Pts',(-8.28983374516286,6.17315264783151,2.90852261558834));
#2869=CARTESIAN_POINT('Ctrl Pts',(-8.66797015884231,6.50166591591923,1.49432134039509));
#2870=CARTESIAN_POINT('Ctrl Pts',(-8.86656357388856,6.67365334575706,0.614723802417197));
#2871=CARTESIAN_POINT('Ctrl Pts',(-8.9476222596308,6.74459935382021,0.242383495369789));
#2872=CARTESIAN_POINT('Ctrl Pts',(-7.389698679676,5.66968282914696,4.65813488988246));
#2873=CARTESIAN_POINT('Ctrl Pts',(-7.44330099357652,5.71428228791793,4.57151348048228));
#2874=CARTESIAN_POINT('Ctrl Pts',(-7.76829939104502,5.98506651970067,4.02046484922145));
#2875=CARTESIAN_POINT('Ctrl Pts',(-8.22863987213897,6.37222129695547,2.93657385416195));
#2876=CARTESIAN_POINT('Ctrl Pts',(-8.63643503548186,6.70857222003272,1.51488556802191));
#2877=CARTESIAN_POINT('Ctrl Pts',(-8.85410789438692,6.88243204955332,0.624404019901919));
#2878=CARTESIAN_POINT('Ctrl Pts',(-8.94275637943085,6.953808267619,0.246299679928693));
#2879=CARTESIAN_POINT('',(-7.86471971181473,-6.06637460072765,3.75854700432764));
#2880=CARTESIAN_POINT('Ctrl Pts',(-7.86471971181462,-6.06637460072792,3.7585470043277));
#2881=CARTESIAN_POINT('Ctrl Pts',(-7.99284451649961,-6.17366411295788,3.47438651809918));
#2882=CARTESIAN_POINT('Ctrl Pts',(-8.29667944372758,-6.42834058125996,2.6993688291473));
#2883=CARTESIAN_POINT('Ctrl Pts',(-8.63643503548183,-6.70857222003275,1.51488556802191));
#2884=CARTESIAN_POINT('Ctrl Pts',(-8.8541078943869,-6.88243204955335,0.624404019901923));
#2885=CARTESIAN_POINT('Ctrl Pts',(-8.94275637943084,-6.95380826761904,0.246299679928697));
#2886=CARTESIAN_POINT('',(-8.28934020379203,-0.000666931863751655,4.38393341514873));
#2887=CARTESIAN_POINT('Ctrl Pts',(-8.28934020430025,-0.000666933006815326,
4.38393341553127));
#2888=CARTESIAN_POINT('Ctrl Pts',(-8.28933313549475,-0.456212024206274,
4.38392454211364));
#2889=CARTESIAN_POINT('Ctrl Pts',(-8.27120327159197,-1.58379586321439,4.36116990961911));
#2890=CARTESIAN_POINT('Ctrl Pts',(-8.21674058155148,-2.71631120017964,4.2803411673372));
#2891=CARTESIAN_POINT('Ctrl Pts',(-8.13916681350653,-3.75212169502926,4.16421475396425));
#2892=CARTESIAN_POINT('Ctrl Pts',(-8.07485644821502,-4.46396540909711,4.0698816143112));
#2893=CARTESIAN_POINT('Ctrl Pts',(-7.98864419426809,-5.2068130165026,3.93330822043531));
#2894=CARTESIAN_POINT('Ctrl Pts',(-7.93375234622638,-5.64127631609413,3.83939356810214));
#2895=CARTESIAN_POINT('Ctrl Pts',(-7.91634698756615,-5.77280118618419,3.81059119947946));
#2896=CARTESIAN_POINT('Ctrl Pts',(-7.90077796828944,-5.88385946438633,3.78618910377011));
#2897=CARTESIAN_POINT('Ctrl Pts',(-7.88744252804347,-5.96595849180271,3.76988751980907));
#2898=CARTESIAN_POINT('Ctrl Pts',(-7.87913640019723,-6.01008363751725,3.76250227479487));
#2899=CARTESIAN_POINT('Ctrl Pts',(-7.8726217680152,-6.03878955022562,3.75925461608649));
#2900=CARTESIAN_POINT('Ctrl Pts',(-7.86853550856485,-6.05477892539781,3.75809242953625));
#2901=CARTESIAN_POINT('Ctrl Pts',(-7.864719711815,-6.06637460072717,3.75854700432742));
#2902=CARTESIAN_POINT('Ctrl Pts',(-7.86799395294309,6.06911641441901,3.7512768919933));
#2903=CARTESIAN_POINT('Ctrl Pts',(-7.87186388566631,6.05735102945185,3.75080664000657));
#2904=CARTESIAN_POINT('Ctrl Pts',(-7.87596153033465,6.04123430912204,3.7519995769011));
#2905=CARTESIAN_POINT('Ctrl Pts',(-7.8825063922523,6.01226332708985,3.75530578440132));
#2906=CARTESIAN_POINT('Ctrl Pts',(-7.89082639465728,5.96776465675779,3.76281901925156));
#2907=CARTESIAN_POINT('Ctrl Pts',(-7.90418290018884,5.88493834218566,3.77937886678832));
#2908=CARTESIAN_POINT('Ctrl Pts',(-7.91978601720126,5.77283449610821,3.80414472766445));
#2909=CARTESIAN_POINT('Ctrl Pts',(-7.93717836562234,5.64017757371682,3.83338243346067));
#2910=CARTESIAN_POINT('Ctrl Pts',(-7.95929214173878,5.4645065255445,3.87143891986676));
#2911=CARTESIAN_POINT('Ctrl Pts',(-7.98596420505954,5.24506107024969,3.91680290399482));
#2912=CARTESIAN_POINT('Ctrl Pts',(-8.01685570088479,4.98067947472762,3.96761207351616));
#2913=CARTESIAN_POINT('Ctrl Pts',(-8.04650787527663,4.71503187532116,4.01490066358924));
#2914=CARTESIAN_POINT('Ctrl Pts',(-8.07471873064045,4.44817140112562,4.05880200175923));
#2915=CARTESIAN_POINT('Ctrl Pts',(-8.10124535291972,4.18037408974841,4.09947454397544));
#2916=CARTESIAN_POINT('Ctrl Pts',(-8.12595890421124,3.91183745320018,4.13702808061858));
#2917=CARTESIAN_POINT('Ctrl Pts',(-8.14875181386589,3.64283851616255,4.17157840589884));
#2918=CARTESIAN_POINT('Ctrl Pts',(-8.16265707853903,3.46332477076466,4.19266422679614));
#2919=CARTESIAN_POINT('Ctrl Pts',(-8.17345111372329,3.3172455167631,4.2090496187438));
#2920=CARTESIAN_POINT('Ctrl Pts',(-8.18152591756479,3.20461857022395,4.2212995290488));
#2921=CARTESIAN_POINT('Ctrl Pts',(-8.19290712984063,3.03567722047711,4.23855814369473));
#2922=CARTESIAN_POINT('Ctrl Pts',(-8.20356970324549,2.86676329566297,4.25472859830616));
#2923=CARTESIAN_POINT('Ctrl Pts',(-8.21353002521027,2.69789753410385,4.26983695240919));
#2924=CARTESIAN_POINT('Ctrl Pts',(-8.22280625382911,2.52909571337524,4.28390819927768));
#2925=CARTESIAN_POINT('Ctrl Pts',(-8.23141828070818,2.36036698795418,4.29696589746568));
#2926=CARTESIAN_POINT('Ctrl Pts',(-8.23938508479425,2.19171792067359,4.30903334211588));
#2927=CARTESIAN_POINT('Ctrl Pts',(-8.24672635356372,2.02314774291411,4.32013217308914));
#2928=CARTESIAN_POINT('Ctrl Pts',(-8.25345978057192,1.85465284338727,4.3302836122714));
#2929=CARTESIAN_POINT('Ctrl Pts',(-8.25960133942748,1.68622486129382,4.33950790831427));
#2930=CARTESIAN_POINT('Ctrl Pts',(-8.26516465478547,1.51785103672604,4.34782433182054));
#2931=CARTESIAN_POINT('Ctrl Pts',(-8.27015993665922,1.34951489520684,4.35525119227275));
#2932=CARTESIAN_POINT('Ctrl Pts',(-8.2745941586545,1.1811948177261,4.36180524439346));
#2933=CARTESIAN_POINT('Ctrl Pts',(-8.2784702156949,1.01286388701594,4.3675013694103));
#2934=CARTESIAN_POINT('Ctrl Pts',(-8.28178620953205,0.844489362230957,4.37235223076306));
#2935=CARTESIAN_POINT('Ctrl Pts',(-8.28453504004901,0.676030350985338,4.37636718524763));
#2936=CARTESIAN_POINT('Ctrl Pts',(-8.28670320495209,0.507435331753204,4.37955161598256));
#2937=CARTESIAN_POINT('Ctrl Pts',(-8.28826966884029,0.338640577331972,4.38190542918284));
#2938=CARTESIAN_POINT('Ctrl Pts',(-8.28920388602219,0.169557987584121,4.38342108073974));
#2939=CARTESIAN_POINT('Ctrl Pts',(-8.28937666929404,0.0565813024120956,
4.3838608444263));
#2940=CARTESIAN_POINT('Ctrl Pts',(-8.28934049261977,-0.000222311906683215,
4.38393285839104));
#2941=CARTESIAN_POINT('Ctrl Pts',(-8.28934034914958,-0.000444622489704461,
4.38393313792226));
#2942=CARTESIAN_POINT('Ctrl Pts',(-8.28934020378739,-0.000666931755252252,
4.38393341515784));
#2943=CARTESIAN_POINT('Origin',(5.62050406216485E-15,-2.06085148946045E-14,
0.));
#2944=CARTESIAN_POINT('',(-2.10932208158376E-7,8.15573771837999,0.));
#2945=CARTESIAN_POINT('Ctrl Pts',(-2.10932226407667E-7,8.15573771837999,
0.));
#2946=CARTESIAN_POINT('Ctrl Pts',(-1.25194395802237,8.15792037995275,0.));
#2947=CARTESIAN_POINT('Ctrl Pts',(-2.50465866531529,8.1307008014754,0.));
#2948=CARTESIAN_POINT('Ctrl Pts',(-4.89239568167266,7.97923288671915,0.));
#2949=CARTESIAN_POINT('Ctrl Pts',(-5.90148769936008,7.80083524163835,0.));
#2950=CARTESIAN_POINT('Ctrl Pts',(-6.64650540345102,7.43888639652426,0.));
#2951=CARTESIAN_POINT('Ctrl Pts',(-6.76616593770837,7.37019727074676,0.));
#2952=CARTESIAN_POINT('Ctrl Pts',(-6.9580794235157,7.23500913868815,0.));
#2953=CARTESIAN_POINT('Ctrl Pts',(-7.11195988846513,7.10696403849917,0.));
#2954=CARTESIAN_POINT('Ctrl Pts',(-7.24068142663041,6.95425708565533,0.));
#2955=CARTESIAN_POINT('Ctrl Pts',(-7.40998748021679,6.71489659832214,0.));
#2956=CARTESIAN_POINT('Ctrl Pts',(-7.50404366470601,6.53271015781555,0.));
#2957=CARTESIAN_POINT('Ctrl Pts',(-7.86873928331829,5.62399555177735,0.));
#2958=CARTESIAN_POINT('Ctrl Pts',(-8.01963733092856,4.51845385482624,0.));
#2959=CARTESIAN_POINT('Ctrl Pts',(-8.13487295803675,2.1697441300737,0.));
#2960=CARTESIAN_POINT('Ctrl Pts',(-8.15585876820935,1.08462722161285,0.));
#2961=CARTESIAN_POINT('Ctrl Pts',(-8.15408654158404,-0.814852797897569,
0.));
#2962=CARTESIAN_POINT('Ctrl Pts',(-8.14091018424535,-1.62953365824222,0.));
#2963=CARTESIAN_POINT('Ctrl Pts',(-8.0657898971927,-4.02717244521827,0.));
#2964=CARTESIAN_POINT('Ctrl Pts',(-7.93255756815751,-5.37653524150279,0.));
#2965=CARTESIAN_POINT('Ctrl Pts',(-7.53849444134218,-6.46865588364578,0.));
#2966=CARTESIAN_POINT('Ctrl Pts',(-7.43041442957171,-6.68763070140066,0.));
#2967=CARTESIAN_POINT('Ctrl Pts',(-7.23986575050932,-6.95310188688208,0.));
#2968=CARTESIAN_POINT('Ctrl Pts',(-7.10982586863654,-7.10499669362077,0.));
#2969=CARTESIAN_POINT('Ctrl Pts',(-6.95515396504023,-7.2331141277546,0.));
#2970=CARTESIAN_POINT('Ctrl Pts',(-6.80726807120911,-7.3379550764263,0.));
#2971=CARTESIAN_POINT('Ctrl Pts',(-6.74011967796349,-7.38047729325928,0.));
#2972=CARTESIAN_POINT('Ctrl Pts',(-6.13066092441932,-7.73010936329134,0.));
#2973=CARTESIAN_POINT('Ctrl Pts',(-5.23166196424603,-7.93141572556329,0.));
#2974=CARTESIAN_POINT('Ctrl Pts',(-2.84811675043358,-8.12615174569373,0.));
#2975=CARTESIAN_POINT('Ctrl Pts',(-1.42385927865901,-8.15823079012954,0.));
#2976=CARTESIAN_POINT('Ctrl Pts',(0.62624517420726,-8.15296142995587,0.));
#2977=CARTESIAN_POINT('Ctrl Pts',(1.25246156808012,-8.14443793229619,0.));
#2978=CARTESIAN_POINT('Ctrl Pts',(2.70840018551885,-8.11251052519875,0.));
#2979=CARTESIAN_POINT('Ctrl Pts',(4.29655636275087,-8.04130296845354,0.));
#2980=CARTESIAN_POINT('Ctrl Pts',(5.49065253255665,-7.85313752888206,0.));
#2981=CARTESIAN_POINT('Ctrl Pts',(6.34186904696093,-7.6015864984351,0.));
#2982=CARTESIAN_POINT('Ctrl Pts',(6.63282513380586,-7.46878173385743,0.));
#2983=CARTESIAN_POINT('Ctrl Pts',(6.94855296510912,-7.23935320836037,0.));
#2984=CARTESIAN_POINT('Ctrl Pts',(7.10126014044982,-7.10757534796651,0.));
#2985=CARTESIAN_POINT('Ctrl Pts',(7.23053276853744,-6.95348190898312,0.));
#2986=CARTESIAN_POINT('Ctrl Pts',(7.2937558449805,-6.86661877735611,0.));
#2987=CARTESIAN_POINT('Ctrl Pts',(7.29618565054124,-6.863261541118,0.));
#2988=CARTESIAN_POINT('Ctrl Pts',(7.61278527349215,-6.42336419370904,0.));
#2989=CARTESIAN_POINT('Ctrl Pts',(7.83659304874213,-5.71327175561437,0.));
#2990=CARTESIAN_POINT('Ctrl Pts',(8.11787516897852,-3.42052463894623,0.));
#2991=CARTESIAN_POINT('Ctrl Pts',(8.15000030293175,-1.71999413488939,0.));
#2992=CARTESIAN_POINT('Ctrl Pts',(8.14999824250012,1.72623200690172,0.));
#2993=CARTESIAN_POINT('Ctrl Pts',(8.11769735287296,3.43314345605096,0.));
#2994=CARTESIAN_POINT('Ctrl Pts',(7.83381063733219,5.72653518251818,0.));
#2995=CARTESIAN_POINT('Ctrl Pts',(7.60890259782547,6.432591567508,0.));
#2996=CARTESIAN_POINT('Ctrl Pts',(7.29001185215612,6.87175639277345,0.));
#2997=CARTESIAN_POINT('Ctrl Pts',(7.28727579881135,6.87549489235937,0.));
#2998=CARTESIAN_POINT('Ctrl Pts',(7.22480993564492,6.96017700742961,0.));
#2999=CARTESIAN_POINT('Ctrl Pts',(7.09770980474845,7.11013396689734,0.));
#3000=CARTESIAN_POINT('Ctrl Pts',(6.94795455763634,7.23918802443129,0.));
#3001=CARTESIAN_POINT('Ctrl Pts',(6.62258776757863,7.47641046205901,0.));
#3002=CARTESIAN_POINT('Ctrl Pts',(6.31433819761706,7.6147147711966,0.));
#3003=CARTESIAN_POINT('Ctrl Pts',(5.05483899085733,7.9708939303703,0.));
#3004=CARTESIAN_POINT('Ctrl Pts',(3.78227053746433,8.07625555464676,0.));
#3005=CARTESIAN_POINT('Ctrl Pts',(1.55790415768434,8.14163646982924,0.));
#3006=CARTESIAN_POINT('Ctrl Pts',(0.77901958309548,8.15437956105639,0.));
#3007=CARTESIAN_POINT('Ctrl Pts',(-2.10932208158376E-7,8.15573771837999,
0.));
#3008=CARTESIAN_POINT('Ctrl Pts',(-7.05612318552758,-4.72603726986431E-15,
5.06096856978495));
#3009=CARTESIAN_POINT('Ctrl Pts',(-7.05612340991975,0.000434083772034743,
5.06096814457607));
#3010=CARTESIAN_POINT('Ctrl Pts',(-7.05612362592244,0.000868169543002754,
5.06096771339463));
#3011=CARTESIAN_POINT('Ctrl Pts',(-7.05615024697147,0.0565423152126997,
5.06091164472567));
#3012=CARTESIAN_POINT('Ctrl Pts',(-7.05593145394252,0.167083686914226,5.06060691369843));
#3013=CARTESIAN_POINT('Ctrl Pts',(-7.05486266698469,0.33310001780891,5.05954922259342));
#3014=CARTESIAN_POINT('Ctrl Pts',(-7.05310923106671,0.499309700726368,5.05786750157181));
#3015=CARTESIAN_POINT('Ctrl Pts',(-7.05071393525266,0.665724446187315,5.05553522805707));
#3016=CARTESIAN_POINT('Ctrl Pts',(-7.04770956162251,0.832351988680229,5.05252302356133));
#3017=CARTESIAN_POINT('Ctrl Pts',(-7.04412116601068,0.999201999803024,5.0487987460848));
#3018=CARTESIAN_POINT('Ctrl Pts',(-7.03996770222528,1.16628347034048,5.04432756660034));
#3019=CARTESIAN_POINT('Ctrl Pts',(-7.03526307729413,1.33360569259685,5.03907187454337));
#3020=CARTESIAN_POINT('Ctrl Pts',(-7.03001719518946,1.50117778044343,5.03299133422697));
#3021=CARTESIAN_POINT('Ctrl Pts',(-7.02423659513672,1.6690087610892,5.02604275501987));
#3022=CARTESIAN_POINT('Ctrl Pts',(-7.01792515579678,1.83710737431189,5.01818010017004));
#3023=CARTESIAN_POINT('Ctrl Pts',(-7.01108456675153,2.00548207864696,5.00935430443254));
#3024=CARTESIAN_POINT('Ctrl Pts',(-7.003714950714,2.17414092118731,4.99951329019544));
#3025=CARTESIAN_POINT('Ctrl Pts',(-6.99581536726849,2.3430915760013,4.98860179256913));
#3026=CARTESIAN_POINT('Ctrl Pts',(-6.98738437240685,2.51234121636697,4.97656131715408));
#3027=CARTESIAN_POINT('Ctrl Pts',(-6.978420637137,2.68189525006004,4.96333008615264));
#3028=CARTESIAN_POINT('Ctrl Pts',(-6.96892345544077,2.85175689926072,4.94884327783649));
#3029=CARTESIAN_POINT('Ctrl Pts',(-6.95889340010666,3.02192651886069,4.93303318736444));
#3030=CARTESIAN_POINT('Ctrl Pts',(-6.94833294600528,3.19240094610817,4.91582958185135));
#3031=CARTESIAN_POINT('Ctrl Pts',(-6.94094242107068,3.30624886109057,4.90338329219562));
#3032=CARTESIAN_POINT('Ctrl Pts',(-6.93113227405869,3.45404981279961,4.88657290089739));
#3033=CARTESIAN_POINT('Ctrl Pts',(-6.91863608232064,3.63595307132844,4.86460692816362));
#3034=CARTESIAN_POINT('Ctrl Pts',(-6.89863528784357,3.90945971917185,4.82744189206064));
#3035=CARTESIAN_POINT('Ctrl Pts',(-6.87747223139323,4.18351445722293,4.78575912033827));
#3036=CARTESIAN_POINT('Ctrl Pts',(-6.85528659912212,4.45797845620903,4.7392673585397));
#3037=CARTESIAN_POINT('Ctrl Pts',(-6.8322614430205,4.73266445620288,4.68769776357615));
#3038=CARTESIAN_POINT('Ctrl Pts',(-6.80862597028873,5.00734080808326,4.63081851714151));
#3039=CARTESIAN_POINT('Ctrl Pts',(-6.78462947381439,5.28175643504797,4.56843550256713));
#3040=CARTESIAN_POINT('Ctrl Pts',(-6.7645346197265,5.51002871587968,4.5117235225314));
#3041=CARTESIAN_POINT('Ctrl Pts',(-6.74843891773376,5.69231570721068,4.46342592422208));
#3042=CARTESIAN_POINT('Ctrl Pts',(-6.73630244157917,5.82886172239296,4.42570375129686));
#3043=CARTESIAN_POINT('Ctrl Pts',(-6.72603079366838,5.94249760480097,4.3929845791291));
#3044=CARTESIAN_POINT('Ctrl Pts',(-6.71852729436814,6.02192806405419,4.36937842909184));
#3045=CARTESIAN_POINT('Ctrl Pts',(-6.71458581093847,6.0615987296771,4.35739140884154));
#3046=CARTESIAN_POINT('Ctrl Pts',(-6.71222669218546,6.08424833737141,4.35048571531283));
#3047=CARTESIAN_POINT('Ctrl Pts',(-6.71099301474301,6.0955635005624,4.3470133252835));
#3048=CARTESIAN_POINT('Ctrl Pts',(-6.71034297812205,6.10121530529458,4.34527133763208));
#3049=CARTESIAN_POINT('Ctrl Pts',(-7.30416915396315,-0.000110710608435811,
5.08613637682004));
#3050=CARTESIAN_POINT('Ctrl Pts',(-7.30416940274513,0.000326983191185637,
5.08613595287329));
#3051=CARTESIAN_POINT('Ctrl Pts',(-7.30416964353533,0.000764680429948053,
5.08613552286088));
#3052=CARTESIAN_POINT('Ctrl Pts',(-7.30419950604208,0.0569020431204208,
5.08607958986458));
#3053=CARTESIAN_POINT('Ctrl Pts',(-7.30400052479171,0.168318579502973,5.08577213190959));
#3054=CARTESIAN_POINT('Ctrl Pts',(-7.30299458548355,0.335550189769898,5.08470146430884));
#3055=CARTESIAN_POINT('Ctrl Pts',(-7.30133117041061,0.502902724742188,5.08299772659372));
#3056=CARTESIAN_POINT('Ctrl Pts',(-7.29904786788461,0.670406341186066,5.08063402171846));
#3057=CARTESIAN_POINT('Ctrl Pts',(-7.29617267600444,0.838082965946612,5.07758041770535));
#3058=CARTESIAN_POINT('Ctrl Pts',(-7.29272608226095,1.0059533938789,5.07380405327007));
#3059=CARTESIAN_POINT('Ctrl Pts',(-7.28872251459805,1.17403555318819,5.06926922495896));
#3060=CARTESIAN_POINT('Ctrl Pts',(-7.28417127480212,1.34234597427821,5.06393729659077));
#3061=CARTESIAN_POINT('Ctrl Pts',(-7.27907748106027,1.51089965455518,5.05776675965478));
#3062=CARTESIAN_POINT('Ctrl Pts',(-7.27344263097421,1.67971035098999,5.05071310800769));
#3063=CARTESIAN_POINT('Ctrl Pts',(-7.26726524740022,1.84879049647419,5.04272885373964));
#3064=CARTESIAN_POINT('Ctrl Pts',(-7.26054131171303,2.01815125829223,5.03376335575529));
#3065=CARTESIAN_POINT('Ctrl Pts',(-7.25326486737983,2.18780241031043,5.02376285355098));
#3066=CARTESIAN_POINT('Ctrl Pts',(-7.24542852557033,2.35775232967395,5.01267031521847));
#3067=CARTESIAN_POINT('Ctrl Pts',(-7.23702405626694,2.52800780768875,5.00042543219505));
#3068=CARTESIAN_POINT('Ctrl Pts',(-7.22804306233379,2.6985727900946,4.98696461457655));
#3069=CARTESIAN_POINT('Ctrl Pts',(-7.21847757821967,2.86944787617945,4.97222129960588));
#3070=CARTESIAN_POINT('Ctrl Pts',(-7.20832083622279,3.04062960650426,4.95612617690016));
#3071=CARTESIAN_POINT('Ctrl Pts',(-7.19756807497129,3.21210970565089,4.938607663999));
#3072=CARTESIAN_POINT('Ctrl Pts',(-7.19000094314026,3.3266195701927,4.92593082299992));
#3073=CARTESIAN_POINT('Ctrl Pts',(-7.1799275771844,3.47527027153504,4.90880780575499));
#3074=CARTESIAN_POINT('Ctrl Pts',(-7.16703646598833,3.65819966655834,4.88643051535994));
#3075=CARTESIAN_POINT('Ctrl Pts',(-7.14619835395997,3.93314883301398,4.84856828841632));
#3076=CARTESIAN_POINT('Ctrl Pts',(-7.12392758273425,4.20850027541865,4.80611404794633));
#3077=CARTESIAN_POINT('Ctrl Pts',(-7.10034730601373,4.48406137405529,4.75878906424883));
#3078=CARTESIAN_POINT('Ctrl Pts',(-7.07563368779127,4.75959513141039,4.70634311918934));
#3079=CARTESIAN_POINT('Ctrl Pts',(-7.05001901370897,5.03483158346934,4.64856805250604));
#3080=CARTESIAN_POINT('Ctrl Pts',(-7.02375483826446,5.30951326261375,4.58529086460839));
#3081=CARTESIAN_POINT('Ctrl Pts',(-7.00151363021071,5.53780599304059,4.52784036926973));
#3082=CARTESIAN_POINT('Ctrl Pts',(-6.98347074156409,5.7201161882608,4.47892245258157));
#3083=CARTESIAN_POINT('Ctrl Pts',(-6.969668531512,5.85680751967326,4.44067601880699));
#3084=CARTESIAN_POINT('Ctrl Pts',(-6.95769699177542,5.97085763800664,4.40740129700178));
#3085=CARTESIAN_POINT('Ctrl Pts',(-6.9484360172176,6.05123697429372,4.38314948320107));
#3086=CARTESIAN_POINT('Ctrl Pts',(-6.94313289408921,6.0919623629724,4.37061536241998));
#3087=CARTESIAN_POINT('Ctrl Pts',(-6.93959077220937,6.11570121820903,4.36321017259896));
#3088=CARTESIAN_POINT('Ctrl Pts',(-6.93743962458485,6.12795156459297,4.35933854484183));
#3089=CARTESIAN_POINT('Ctrl Pts',(-6.93595058234289,6.13452372463664,4.35722445951517));
#3090=CARTESIAN_POINT('Ctrl Pts',(-7.81531818519753,-0.00049104314608221,
4.98217244675432));
#3091=CARTESIAN_POINT('Ctrl Pts',(-7.8153184863048,-4.73506010289916E-5,
4.98217199758015));
#3092=CARTESIAN_POINT('Ctrl Pts',(-7.81531878025127,0.000396347054946628,
4.98217154153633));
#3093=CARTESIAN_POINT('Ctrl Pts',(-7.81535557323001,0.0573036188454024,
4.98211217466202));
#3094=CARTESIAN_POINT('Ctrl Pts',(-7.81519793592354,0.170151267764727,4.98177239191635));
#3095=CARTESIAN_POINT('Ctrl Pts',(-7.81432173507979,0.339309453529359,4.98058843871186));
#3096=CARTESIAN_POINT('Ctrl Pts',(-7.81284335157804,0.508416007218352,4.97871542002682));
#3097=CARTESIAN_POINT('Ctrl Pts',(-7.810789421426,0.677536390718826,4.97613346412355));
#3098=CARTESIAN_POINT('Ctrl Pts',(-7.80817789433607,0.846718885136361,4.97281846227526));
#3099=CARTESIAN_POINT('Ctrl Pts',(-7.80501968081548,1.01600459382428,4.96874263374801));
#3100=CARTESIAN_POINT('Ctrl Pts',(-7.80131960605651,1.18542747438562,4.96387489599517));
#3101=CARTESIAN_POINT('Ctrl Pts',(-7.79707737710282,1.35501636947958,4.95818101171204));
#3102=CARTESIAN_POINT('Ctrl Pts',(-7.79228796302709,1.52479617319545,4.95162380830529));
#3103=CARTESIAN_POINT('Ctrl Pts',(-7.78694217104662,1.69478820948551,4.94416319815748));
#3104=CARTESIAN_POINT('Ctrl Pts',(-7.78102737169755,1.86501024496319,4.93575631046244));
#3105=CARTESIAN_POINT('Ctrl Pts',(-7.77452737473494,2.0354771934788,4.9263574056955));
#3106=CARTESIAN_POINT('Ctrl Pts',(-7.76742337010696,2.20620065280219,4.91591799383156));
#3107=CARTESIAN_POINT('Ctrl Pts',(-7.75969450896534,2.37718865481691,4.90438676397183));
#3108=CARTESIAN_POINT('Ctrl Pts',(-7.75131782267085,2.54844650067828,4.89170957974847));
#3109=CARTESIAN_POINT('Ctrl Pts',(-7.74227056125495,2.71997347975578,4.87782960147559));
#3110=CARTESIAN_POINT('Ctrl Pts',(-7.73252911120021,2.89176498142106,4.86268749700293));
#3111=CARTESIAN_POINT('Ctrl Pts',(-7.7220713783851,3.06380985538952,4.84622174415135));
#3112=CARTESIAN_POINT('Ctrl Pts',(-7.71087715625787,3.23609077162907,4.82836901329728));
#3113=CARTESIAN_POINT('Ctrl Pts',(-7.70291258549004,3.35108520127925,4.81549944908021));
#3114=CARTESIAN_POINT('Ctrl Pts',(-7.6922508047199,3.50032722873116,4.79814981340557));
#3115=CARTESIAN_POINT('Ctrl Pts',(-7.6784847114776,3.68390811686791,4.77554488164187));
#3116=CARTESIAN_POINT('Ctrl Pts',(-7.65581571243155,3.95954154438432,4.73754279185511));
#3117=CARTESIAN_POINT('Ctrl Pts',(-7.63113456786214,4.23521989579002,4.69520151883937));
#3118=CARTESIAN_POINT('Ctrl Pts',(-7.60454546412262,4.51065385518359,4.64829422067198));
#3119=CARTESIAN_POINT('Ctrl Pts',(-7.57619342497676,4.78556667073576,4.59661727794631));
#3120=CARTESIAN_POINT('Ctrl Pts',(-7.54634039618084,5.05962402357258,4.54000250814816));
#3121=CARTESIAN_POINT('Ctrl Pts',(-7.51522978051517,5.33261635919904,4.47830329347111));
#3122=CARTESIAN_POINT('Ctrl Pts',(-7.48840536410359,5.5592047259845,4.42252632469607));
#3123=CARTESIAN_POINT('Ctrl Pts',(-7.46622892422738,5.7402376809257,4.37516057141109));
#3124=CARTESIAN_POINT('Ctrl Pts',(-7.4488630794679,5.87634614939459,4.33818010986268));
#3125=CARTESIAN_POINT('Ctrl Pts',(-7.43336011626048,5.99047835997134,4.306046683399));
#3126=CARTESIAN_POINT('Ctrl Pts',(-7.4203014701089,6.07259599229854,4.28262706223336));
#3127=CARTESIAN_POINT('Ctrl Pts',(-7.41226334044034,6.11525932306165,4.27052785841358));
#3128=CARTESIAN_POINT('Ctrl Pts',(-7.40609551165127,6.14148953566558,4.26336631579023));
#3129=CARTESIAN_POINT('Ctrl Pts',(-7.40224575083914,6.15546097807385,4.25963330365173));
#3130=CARTESIAN_POINT('Ctrl Pts',(-7.39875844975796,6.16438601866698,4.25757585786629));
#3131=CARTESIAN_POINT('Ctrl Pts',(-8.17742129931858,-0.00105523291436595,
4.60672206125292));
#3132=CARTESIAN_POINT('Ctrl Pts',(-8.17742161002349,-0.000610080958205862,
4.60672154699779));
#3133=CARTESIAN_POINT('Ctrl Pts',(-8.17742191348063,-0.000164923223379571,
4.60672102428623));
#3134=CARTESIAN_POINT('Ctrl Pts',(-8.17745992733501,0.056929739351887,4.60665291510857));
#3135=CARTESIAN_POINT('Ctrl Pts',(-8.1773026185709,0.170070610140678,4.60624482428367));
#3136=CARTESIAN_POINT('Ctrl Pts',(-8.17642155866837,0.339473651138855,4.60483362555414));
#3137=CARTESIAN_POINT('Ctrl Pts',(-8.1749331747971,0.508656995346397,4.60263050725571));
#3138=CARTESIAN_POINT('Ctrl Pts',(-8.17286394560106,0.677705047443601,4.59963403231377));
#3139=CARTESIAN_POINT('Ctrl Pts',(-8.17023138686666,0.846679318898601,4.59583628189279));
#3140=CARTESIAN_POINT('Ctrl Pts',(-8.167045809767,1.01563020594874,4.5912244165047));
#3141=CARTESIAN_POINT('Ctrl Pts',(-8.16331126920855,1.18459824916001,4.58578183340714));
#3142=CARTESIAN_POINT('Ctrl Pts',(-8.15902664331755,1.35361642754909,4.57948860147711));
#3143=CARTESIAN_POINT('Ctrl Pts',(-8.15418594225263,1.5227123371889,4.57232235751622));
#3144=CARTESIAN_POINT('Ctrl Pts',(-8.14877894890046,1.69190861200005,4.56425850694408));
#3145=CARTESIAN_POINT('Ctrl Pts',(-8.14279200237221,1.86122299018945,4.55527042617748));
#3146=CARTESIAN_POINT('Ctrl Pts',(-8.13620777811006,2.03066968111036,4.54532997082434));
#3147=CARTESIAN_POINT('Ctrl Pts',(-8.12900632762169,2.20025862276137,4.53440739958999));
#3148=CARTESIAN_POINT('Ctrl Pts',(-8.121165697548,2.36999511517427,4.52247134528202));
#3149=CARTESIAN_POINT('Ctrl Pts',(-8.11266166937446,2.53988166808444,4.50948937492749));
#3150=CARTESIAN_POINT('Ctrl Pts',(-8.10347050129393,2.70991325795823,4.49542680991752));
#3151=CARTESIAN_POINT('Ctrl Pts',(-8.0935673727075,2.88008194323875,4.48024821186398));
#3152=CARTESIAN_POINT('Ctrl Pts',(-8.0829291155606,3.05037273333509,4.46391634393034));
#3153=CARTESIAN_POINT('Ctrl Pts',(-8.07153439265712,3.2207650872574,4.44639276274307));
#3154=CARTESIAN_POINT('Ctrl Pts',(-8.06342218637016,3.33440852746967,4.43388896780145));
#3155=CARTESIAN_POINT('Ctrl Pts',(-8.05255936145078,3.48183761988718,4.41711906683964));
#3156=CARTESIAN_POINT('Ctrl Pts',(-8.0385267942201,3.6630714399397,4.39544603474073));
#3157=CARTESIAN_POINT('Ctrl Pts',(-8.01539443825004,3.93482194284662,4.35961407792613));
#3158=CARTESIAN_POINT('Ctrl Pts',(-7.9901775340368,4.20626535231285,4.32032647785964));
#3159=CARTESIAN_POINT('Ctrl Pts',(-7.962976079856,4.47710308638097,4.27742675542022));
#3160=CARTESIAN_POINT('Ctrl Pts',(-7.93392074701334,4.74710740233694,4.23077883313888));
#3161=CARTESIAN_POINT('Ctrl Pts',(-7.90326640830903,5.0159654424974,4.18021491213542));
#3162=CARTESIAN_POINT('Ctrl Pts',(-7.87123280193208,5.28357549583899,4.12559964306924));
#3163=CARTESIAN_POINT('Ctrl Pts',(-7.84350494226272,5.50566919688982,4.07660755759991));
#3164=CARTESIAN_POINT('Ctrl Pts',(-7.82047117791111,5.683336653708,4.03530278921659));
#3165=CARTESIAN_POINT('Ctrl Pts',(-7.80232616469052,5.817335470147,4.00336813149444));
#3166=CARTESIAN_POINT('Ctrl Pts',(-7.78600254768498,5.93028365825086,3.97599978679952));
#3167=CARTESIAN_POINT('Ctrl Pts',(-7.77197702080609,6.01314980662204,3.95704010511957));
#3168=CARTESIAN_POINT('Ctrl Pts',(-7.76318868579683,6.05718889272617,3.94785568705684));
#3169=CARTESIAN_POINT('Ctrl Pts',(-7.75626978345735,6.08549422720487,3.94320737886823));
#3170=CARTESIAN_POINT('Ctrl Pts',(-7.75190219689916,6.10095375076982,3.94103473827434));
#3171=CARTESIAN_POINT('Ctrl Pts',(-7.74780520580481,6.11201293897487,3.94065923606594));
#3172=CARTESIAN_POINT('Ctrl Pts',(-8.28933976201226,-0.00133386510497792,
4.38393424000293));
#3173=CARTESIAN_POINT('Ctrl Pts',(-8.28934006031911,-0.000889248913740924,
4.38393369468359));
#3174=CARTESIAN_POINT('Ctrl Pts',(-8.28934035103342,-0.000444626880402585,
4.38393314023548));
#3175=CARTESIAN_POINT('Ctrl Pts',(-8.28937666929404,0.0565813024120956,
4.3838608444263));
#3176=CARTESIAN_POINT('Ctrl Pts',(-8.28920388602219,0.169557987584121,4.38342108073974));
#3177=CARTESIAN_POINT('Ctrl Pts',(-8.28826966884029,0.338640577331972,4.38190542918284));
#3178=CARTESIAN_POINT('Ctrl Pts',(-8.28670320495209,0.507435331753204,4.37955161598256));
#3179=CARTESIAN_POINT('Ctrl Pts',(-8.28453504004901,0.676030350985338,4.37636718524763));
#3180=CARTESIAN_POINT('Ctrl Pts',(-8.28178620953205,0.844489362230957,4.37235223076306));
#3181=CARTESIAN_POINT('Ctrl Pts',(-8.2784702156949,1.01286388701594,4.3675013694103));
#3182=CARTESIAN_POINT('Ctrl Pts',(-8.2745941586545,1.1811948177261,4.36180524439346));
#3183=CARTESIAN_POINT('Ctrl Pts',(-8.27015993665922,1.34951489520684,4.35525119227275));
#3184=CARTESIAN_POINT('Ctrl Pts',(-8.26516465478547,1.51785103672604,4.34782433182054));
#3185=CARTESIAN_POINT('Ctrl Pts',(-8.25960133942748,1.68622486129382,4.33950790831427));
#3186=CARTESIAN_POINT('Ctrl Pts',(-8.25345978057192,1.85465284338727,4.3302836122714));
#3187=CARTESIAN_POINT('Ctrl Pts',(-8.24672635356372,2.02314774291411,4.32013217308914));
#3188=CARTESIAN_POINT('Ctrl Pts',(-8.23938508479425,2.19171792067359,4.30903334211588));
#3189=CARTESIAN_POINT('Ctrl Pts',(-8.23141828070818,2.36036698795418,4.29696589746568));
#3190=CARTESIAN_POINT('Ctrl Pts',(-8.22280625382911,2.52909571337524,4.28390819927768));
#3191=CARTESIAN_POINT('Ctrl Pts',(-8.21353002521027,2.69789753410385,4.26983695240919));
#3192=CARTESIAN_POINT('Ctrl Pts',(-8.20356970324549,2.86676329566297,4.25472859830616));
#3193=CARTESIAN_POINT('Ctrl Pts',(-8.19290712984063,3.03567722047711,4.23855814369473));
#3194=CARTESIAN_POINT('Ctrl Pts',(-8.18152591756479,3.20461857022395,4.2212995290488));
#3195=CARTESIAN_POINT('Ctrl Pts',(-8.17345111372329,3.3172455167631,4.2090496187438));
#3196=CARTESIAN_POINT('Ctrl Pts',(-8.16265707853903,3.46332477076466,4.19266422679614));
#3197=CARTESIAN_POINT('Ctrl Pts',(-8.14875181386589,3.64283851616255,4.17157840589884));
#3198=CARTESIAN_POINT('Ctrl Pts',(-8.12595890421124,3.91183745320018,4.13702808061858));
#3199=CARTESIAN_POINT('Ctrl Pts',(-8.10124535291972,4.18037408974841,4.09947454397544));
#3200=CARTESIAN_POINT('Ctrl Pts',(-8.07471873064045,4.44817140112562,4.05880200175923));
#3201=CARTESIAN_POINT('Ctrl Pts',(-8.04650787527663,4.71503187532116,4.01490066358924));
#3202=CARTESIAN_POINT('Ctrl Pts',(-8.01685570088479,4.98067947472762,3.96761207351616));
#3203=CARTESIAN_POINT('Ctrl Pts',(-7.98596420505954,5.24506107024969,3.91680290399482));
#3204=CARTESIAN_POINT('Ctrl Pts',(-7.95929214173878,5.4645065255445,3.87143891986676));
#3205=CARTESIAN_POINT('Ctrl Pts',(-7.93717836562234,5.64017757371682,3.83338243346067));
#3206=CARTESIAN_POINT('Ctrl Pts',(-7.91978601720126,5.77283449610821,3.80414472766445));
#3207=CARTESIAN_POINT('Ctrl Pts',(-7.90418290018884,5.88493834218566,3.77937886678832));
#3208=CARTESIAN_POINT('Ctrl Pts',(-7.89082639465728,5.96776465675779,3.76281901925156));
#3209=CARTESIAN_POINT('Ctrl Pts',(-7.8825063922523,6.01226332708985,3.75530578440132));
#3210=CARTESIAN_POINT('Ctrl Pts',(-7.87596153033465,6.04123430912204,3.7519995769011));
#3211=CARTESIAN_POINT('Ctrl Pts',(-7.87186388566631,6.05735102945185,3.75080664000657));
#3212=CARTESIAN_POINT('Ctrl Pts',(-7.86799395294309,6.06911641441901,3.7512768919933));
#3213=CARTESIAN_POINT('',(-7.05612318552758,-4.72600918735326E-15,5.06096856978495));
#3214=CARTESIAN_POINT('Ctrl Pts',(-8.2893402037874,-0.000666931755252252,
4.38393341515784));
#3215=CARTESIAN_POINT('Ctrl Pts',(-8.17742168728398,-0.000498652166150986,
4.60672142215777));
#3216=CARTESIAN_POINT('Ctrl Pts',(-7.99637004202515,-0.000329177111502615,
4.79444677561169));
#3217=CARTESIAN_POINT('Ctrl Pts',(-7.77805692235562,-0.000205085878643262,
4.91430048721563));
#3218=CARTESIAN_POINT('Ctrl Pts',(-7.5597438026861,-8.09946457839096E-5,
5.03415419881957));
#3219=CARTESIAN_POINT('Ctrl Pts',(-7.3041692100616,-2.18888042850124E-6,
5.08613627051705));
#3220=CARTESIAN_POINT('Ctrl Pts',(-7.05612318552758,-4.72603726986431E-15,
5.06096856978495));
#3221=CARTESIAN_POINT('',(-6.71034297812205,6.10121530529458,4.34527133763208));
#3222=CARTESIAN_POINT('Ctrl Pts',(-7.05612318552758,-4.72603726986431E-15,
5.06096856978495));
#3223=CARTESIAN_POINT('Ctrl Pts',(-7.05612340991975,0.000434083772034743,
5.06096814457607));
#3224=CARTESIAN_POINT('Ctrl Pts',(-7.05612362592244,0.000868169543002754,
5.06096771339463));
#3225=CARTESIAN_POINT('Ctrl Pts',(-7.05615024697147,0.0565423152126997,
5.06091164472567));
#3226=CARTESIAN_POINT('Ctrl Pts',(-7.05593145394252,0.167083686914226,5.06060691369843));
#3227=CARTESIAN_POINT('Ctrl Pts',(-7.05486266698469,0.33310001780891,5.05954922259342));
#3228=CARTESIAN_POINT('Ctrl Pts',(-7.05310923106671,0.499309700726368,5.05786750157181));
#3229=CARTESIAN_POINT('Ctrl Pts',(-7.05071393525266,0.665724446187315,5.05553522805707));
#3230=CARTESIAN_POINT('Ctrl Pts',(-7.04770956162251,0.832351988680229,5.05252302356133));
#3231=CARTESIAN_POINT('Ctrl Pts',(-7.04412116601068,0.999201999803024,5.0487987460848));
#3232=CARTESIAN_POINT('Ctrl Pts',(-7.03996770222528,1.16628347034048,5.04432756660034));
#3233=CARTESIAN_POINT('Ctrl Pts',(-7.03526307729413,1.33360569259685,5.03907187454337));
#3234=CARTESIAN_POINT('Ctrl Pts',(-7.03001719518946,1.50117778044343,5.03299133422697));
#3235=CARTESIAN_POINT('Ctrl Pts',(-7.02423659513672,1.6690087610892,5.02604275501987));
#3236=CARTESIAN_POINT('Ctrl Pts',(-7.01792515579678,1.83710737431189,5.01818010017004));
#3237=CARTESIAN_POINT('Ctrl Pts',(-7.01108456675153,2.00548207864696,5.00935430443254));
#3238=CARTESIAN_POINT('Ctrl Pts',(-7.003714950714,2.17414092118731,4.99951329019544));
#3239=CARTESIAN_POINT('Ctrl Pts',(-6.99581536726849,2.3430915760013,4.98860179256913));
#3240=CARTESIAN_POINT('Ctrl Pts',(-6.98738437240685,2.51234121636697,4.97656131715408));
#3241=CARTESIAN_POINT('Ctrl Pts',(-6.978420637137,2.68189525006004,4.96333008615264));
#3242=CARTESIAN_POINT('Ctrl Pts',(-6.96892345544077,2.85175689926072,4.94884327783649));
#3243=CARTESIAN_POINT('Ctrl Pts',(-6.95889340010666,3.02192651886069,4.93303318736444));
#3244=CARTESIAN_POINT('Ctrl Pts',(-6.94833294600528,3.19240094610817,4.91582958185135));
#3245=CARTESIAN_POINT('Ctrl Pts',(-6.94094242107068,3.30624886109057,4.90338329219562));
#3246=CARTESIAN_POINT('Ctrl Pts',(-6.93113227405869,3.45404981279961,4.88657290089739));
#3247=CARTESIAN_POINT('Ctrl Pts',(-6.91863608232064,3.63595307132844,4.86460692816362));
#3248=CARTESIAN_POINT('Ctrl Pts',(-6.89863528784357,3.90945971917185,4.82744189206064));
#3249=CARTESIAN_POINT('Ctrl Pts',(-6.87747223139323,4.18351445722293,4.78575912033827));
#3250=CARTESIAN_POINT('Ctrl Pts',(-6.85528659912212,4.45797845620903,4.7392673585397));
#3251=CARTESIAN_POINT('Ctrl Pts',(-6.8322614430205,4.73266445620288,4.68769776357615));
#3252=CARTESIAN_POINT('Ctrl Pts',(-6.80862597028873,5.00734080808326,4.63081851714151));
#3253=CARTESIAN_POINT('Ctrl Pts',(-6.78462947381439,5.28175643504797,4.56843550256713));
#3254=CARTESIAN_POINT('Ctrl Pts',(-6.7645346197265,5.51002871587968,4.5117235225314));
#3255=CARTESIAN_POINT('Ctrl Pts',(-6.74843891773376,5.69231570721068,4.46342592422208));
#3256=CARTESIAN_POINT('Ctrl Pts',(-6.73630244157917,5.82886172239296,4.42570375129686));
#3257=CARTESIAN_POINT('Ctrl Pts',(-6.72603079366838,5.94249760480097,4.3929845791291));
#3258=CARTESIAN_POINT('Ctrl Pts',(-6.71852729436814,6.02192806405419,4.36937842909184));
#3259=CARTESIAN_POINT('Ctrl Pts',(-6.71458581093847,6.0615987296771,4.35739140884154));
#3260=CARTESIAN_POINT('Ctrl Pts',(-6.71222669218546,6.08424833737141,4.35048571531283));
#3261=CARTESIAN_POINT('Ctrl Pts',(-6.71099301474301,6.0955635005624,4.3470133252835));
#3262=CARTESIAN_POINT('Ctrl Pts',(-6.71034297812205,6.10121530529458,4.34527133763208));
#3263=CARTESIAN_POINT('Origin',(-6.82496239950525,5.74960163351559,3.16170460353557));
#3264=CARTESIAN_POINT('Ctrl Pts',(5.70605118397406,-7.19274120604668,4.27924685669955));
#3265=CARTESIAN_POINT('Ctrl Pts',(5.64651352435582,-7.24688726786632,4.24184130815578));
#3266=CARTESIAN_POINT('Ctrl Pts',(5.58315602082711,-7.29545981180551,4.20566050957162));
#3267=CARTESIAN_POINT('Ctrl Pts',(5.51736486991321,-7.33975365624502,4.17089964720251));
#3268=CARTESIAN_POINT('Ctrl Pts',(5.9269241819087,-7.45195439270161,4.23297957206965));
#3269=CARTESIAN_POINT('Ctrl Pts',(5.85422871109611,-7.51276514767093,4.18704890817781));
#3270=CARTESIAN_POINT('Ctrl Pts',(5.78029143718749,-7.56679933597485,4.14379218755457));
#3271=CARTESIAN_POINT('Ctrl Pts',(5.7054838643979,-7.6162099332988,4.1026614634336));
#3272=CARTESIAN_POINT('Ctrl Pts',(6.18172211773554,-7.65458740091752,4.05135154553725));
#3273=CARTESIAN_POINT('Ctrl Pts',(6.09489571592674,-7.72215753548361,3.99898645806944));
#3274=CARTESIAN_POINT('Ctrl Pts',(6.00969956854403,-7.78125615966192,3.94917430427167));
#3275=CARTESIAN_POINT('Ctrl Pts',(5.92535765659048,-7.8350669774755,3.90140949457433));
#3276=CARTESIAN_POINT('Ctrl Pts',(6.39063692613924,-7.73717131638683,3.79125248995484));
#3277=CARTESIAN_POINT('Ctrl Pts',(6.29412286522753,-7.81023611619542,3.73588046137657));
#3278=CARTESIAN_POINT('Ctrl Pts',(6.20057639111048,-7.87267192453252,3.68183887580128));
#3279=CARTESIAN_POINT('Ctrl Pts',(6.10898673073337,-7.92863971873676,3.62938415723473));
#3280=CARTESIAN_POINT('',(5.51736486991321,-7.33975365624502,4.17089964720251));
#3281=CARTESIAN_POINT('',(6.10898673073337,-7.92863971873676,3.62938415723473));
#3282=CARTESIAN_POINT('Origin',(5.7945536333387,-6.87567816533476,3.05492459005874));
#3283=CARTESIAN_POINT('',(6.39063692613924,-7.73717131638683,3.79125248995484));
#3284=CARTESIAN_POINT('Ctrl Pts',(6.10898673073337,-7.92863971873676,3.62938415723473));
#3285=CARTESIAN_POINT('Ctrl Pts',(6.20057639111048,-7.87267192453252,3.68183887580128));
#3286=CARTESIAN_POINT('Ctrl Pts',(6.29412286522753,-7.81023611619542,3.73588046137657));
#3287=CARTESIAN_POINT('Ctrl Pts',(6.39063692613924,-7.73717131638683,3.79125248995484));
#3288=CARTESIAN_POINT('',(5.70605118397406,-7.19274120604668,4.27924685669955));
#3289=CARTESIAN_POINT('Origin',(5.99947965518956,-6.74320124026453,3.16147516648517));
#3290=CARTESIAN_POINT('Ctrl Pts',(5.70605118397406,-7.19274120604668,4.27924685669955));
#3291=CARTESIAN_POINT('Ctrl Pts',(5.64651352435582,-7.24688726786632,4.24184130815578));
#3292=CARTESIAN_POINT('Ctrl Pts',(5.58315602082711,-7.29545981180551,4.20566050957162));
#3293=CARTESIAN_POINT('Ctrl Pts',(5.51736486991321,-7.33975365624502,4.17089964720251));
#3294=CARTESIAN_POINT('Ctrl Pts',(5.51736486991321,-7.33975365624504,4.17089964720251));
#3295=CARTESIAN_POINT('Ctrl Pts',(5.51334299500058,-7.34246138060099,4.16877468300349));
#3296=CARTESIAN_POINT('Ctrl Pts',(5.5052248115748,-7.34774848790346,4.1645613930476));
#3297=CARTESIAN_POINT('Ctrl Pts',(5.48884354572525,-7.35806607595897,4.1562137010033));
#3298=CARTESIAN_POINT('Ctrl Pts',(5.4764367122385,-7.36558346858568,4.15002477852282));
#3299=CARTESIAN_POINT('Ctrl Pts',(5.43148049845234,-7.39229705046906,4.12784442881756));
#3300=CARTESIAN_POINT('Ctrl Pts',(5.35677711646414,-7.43324179209944,4.09261486933197));
#3301=CARTESIAN_POINT('Ctrl Pts',(5.20372400563113,-7.50790803473492,4.0252788133899));
#3302=CARTESIAN_POINT('Ctrl Pts',(4.92786798764317,-7.6224363912459,3.91528293063081));
#3303=CARTESIAN_POINT('Ctrl Pts',(4.35182247381421,-7.80067901653895,3.72530242874786));
#3304=CARTESIAN_POINT('Ctrl Pts',(3.83114516006455,-7.89536190975728,3.60838288035458));
#3305=CARTESIAN_POINT('Ctrl Pts',(3.14252753762789,-7.99450047749535,3.48552041260639));
#3306=CARTESIAN_POINT('Ctrl Pts',(2.80150517547037,-8.03128833424007,3.43897229076528));
#3307=CARTESIAN_POINT('Ctrl Pts',(1.65250752904609,-8.12889608538844,3.3176909522023));
#3308=CARTESIAN_POINT('Ctrl Pts',(0.829275963154289,-8.16621089764894,3.28248696619973));
#3309=CARTESIAN_POINT('Ctrl Pts',(-4.19429658408765E-15,-8.16621098324573,
3.28248692652872));
#3310=CARTESIAN_POINT('Ctrl Pts',(5.70548386439791,-7.61620993329882,4.10266146343359));
#3311=CARTESIAN_POINT('Ctrl Pts',(5.69860708470079,-7.62011002253858,4.09920915130163));
#3312=CARTESIAN_POINT('Ctrl Pts',(5.68739271668213,-7.62678852714759,4.0934070530834));
#3313=CARTESIAN_POINT('Ctrl Pts',(5.6669524920066,-7.63908816490495,4.08275594130683));
#3314=CARTESIAN_POINT('Ctrl Pts',(5.65235299430018,-7.64777433668527,4.0751905036537));
#3315=CARTESIAN_POINT('Ctrl Pts',(5.60071285173045,-7.67824753115192,4.04856262507085));
#3316=CARTESIAN_POINT('Ctrl Pts',(5.51855933586569,-7.72403367970717,4.00758094934805));
#3317=CARTESIAN_POINT('Ctrl Pts',(5.35336575465791,-7.80716928082105,3.9303385665785));
#3318=CARTESIAN_POINT('Ctrl Pts',(5.05971038692607,-7.93471260203374,3.8055507668375));
#3319=CARTESIAN_POINT('Ctrl Pts',(4.45424570476348,-8.13466816722458,3.59278210688376));
#3320=CARTESIAN_POINT('Ctrl Pts',(3.91528158583461,-8.24295416150625,3.46428191254022));
#3321=CARTESIAN_POINT('Ctrl Pts',(3.20619924449244,-8.35693346141033,3.32985140432441));
#3322=CARTESIAN_POINT('Ctrl Pts',(2.85703474095188,-8.39959862864445,3.27932890947823));
#3323=CARTESIAN_POINT('Ctrl Pts',(1.68295076841471,-8.51306473760001,3.1481025633881));
#3324=CARTESIAN_POINT('Ctrl Pts',(0.848342283073182,-8.55606715701592,3.11051929341476));
#3325=CARTESIAN_POINT('Ctrl Pts',(4.89391694588047E-8,-8.55624069504315,
3.11034993487085));
#3326=CARTESIAN_POINT('Ctrl Pts',(5.92535765659049,-7.83506697747551,3.90140949457432));
#3327=CARTESIAN_POINT('Ctrl Pts',(5.91445658122753,-7.84074986554873,3.89660894273639));
#3328=CARTESIAN_POINT('Ctrl Pts',(5.90075055123458,-7.84849667962937,3.8895992781298));
#3329=CARTESIAN_POINT('Ctrl Pts',(5.87560750281141,-7.86289151901027,3.87655172560962));
#3330=CARTESIAN_POINT('Ctrl Pts',(5.85916861781168,-7.87240175072298,3.86764290498925));
#3331=CARTESIAN_POINT('Ctrl Pts',(5.79979479440755,-7.90640518205453,3.83582241537839));
#3332=CARTESIAN_POINT('Ctrl Pts',(5.71055826396653,-7.95552841995031,3.78788111427741));
#3333=CARTESIAN_POINT('Ctrl Pts',(5.53215546639558,-8.04483218198281,3.69715704063125));
#3334=CARTESIAN_POINT('Ctrl Pts',(5.21988332503884,-8.18069635659524,3.55089242049707));
#3335=CARTESIAN_POINT('Ctrl Pts',(4.58189945593458,-8.39369934685204,3.30039846228525));
#3336=CARTESIAN_POINT('Ctrl Pts',(4.02133257820709,-8.50898209524771,3.14824367596616));
#3337=CARTESIAN_POINT('Ctrl Pts',(3.28727020274802,-8.63051870448222,2.98842429945144));
#3338=CARTESIAN_POINT('Ctrl Pts',(2.92745653834828,-8.67610384475604,2.92809348949395));
#3339=CARTESIAN_POINT('Ctrl Pts',(1.72072558980312,-8.79734351965821,2.77061236383245));
#3340=CARTESIAN_POINT('Ctrl Pts',(0.872704181012347,-8.84347544251642,2.72396496919498));
#3341=CARTESIAN_POINT('Ctrl Pts',(9.74967164292501E-8,-8.843444618714,2.72415946673969));
#3342=CARTESIAN_POINT('Ctrl Pts',(6.10898673073338,-7.92863971873677,3.62938415723472));
#3343=CARTESIAN_POINT('Ctrl Pts',(6.09609476261415,-7.93540657441748,3.62403725803158));
#3344=CARTESIAN_POINT('Ctrl Pts',(6.08015471320017,-7.9441975460683,3.61616999879708));
#3345=CARTESIAN_POINT('Ctrl Pts',(6.05197541888952,-7.95977069697225,3.6016027119963));
#3346=CARTESIAN_POINT('Ctrl Pts',(6.03383174151481,-7.96980068704192,3.59163095577634));
#3347=CARTESIAN_POINT('Ctrl Pts',(5.96913533973234,-8.00515422343372,3.5560943651897));
#3348=CARTESIAN_POINT('Ctrl Pts',(5.87355036343255,-8.05496431271525,3.50241352465229));
#3349=CARTESIAN_POINT('Ctrl Pts',(5.68433587473975,-8.14423638953517,3.40068482001233));
#3350=CARTESIAN_POINT('Ctrl Pts',(5.35551567003773,-8.27812532361278,3.23621263680024));
#3351=CARTESIAN_POINT('Ctrl Pts',(4.68879791800009,-8.48375281283674,2.95376370109526));
#3352=CARTESIAN_POINT('Ctrl Pts',(4.10875491401949,-8.59103971409285,2.78167525863133));
#3353=CARTESIAN_POINT('Ctrl Pts',(3.35240851549706,-8.70330629793235,2.6009266753878));
#3354=CARTESIAN_POINT('Ctrl Pts',(2.98332981854078,-8.74472909675364,2.53258685174201));
#3355=CARTESIAN_POINT('Ctrl Pts',(1.74873708210249,-8.85440605990904,2.35417833633048));
#3356=CARTESIAN_POINT('Ctrl Pts',(0.88767313179474,-8.89605918067121,2.30109210496861));
#3357=CARTESIAN_POINT('Ctrl Pts',(1.23395394064097E-7,-8.89605927159334,
2.30109207460909));
#3358=CARTESIAN_POINT('',(-4.19429658407456E-15,-8.16621098324573,3.28248692652872));
#3359=CARTESIAN_POINT('',(1.23395392660951E-7,-8.89605927159334,2.30109207460909));
#3360=CARTESIAN_POINT('Origin',(2.5901661082178E-9,-7.66553873115462,2.14805874634894));
#3361=CARTESIAN_POINT('Ctrl Pts',(1.23395394064097E-7,-8.89605927159334,
2.30109207460909));
#3362=CARTESIAN_POINT('Ctrl Pts',(0.88767313179474,-8.89605918067121,2.30109210496861));
#3363=CARTESIAN_POINT('Ctrl Pts',(1.74873708210249,-8.85440605990904,2.35417833633048));
#3364=CARTESIAN_POINT('Ctrl Pts',(2.98332981854078,-8.74472909675364,2.53258685174201));
#3365=CARTESIAN_POINT('Ctrl Pts',(3.35240851549706,-8.70330629793235,2.6009266753878));
#3366=CARTESIAN_POINT('Ctrl Pts',(4.10875491401949,-8.59103971409285,2.78167525863133));
#3367=CARTESIAN_POINT('Ctrl Pts',(4.68879791800009,-8.48375281283674,2.95376370109526));
#3368=CARTESIAN_POINT('Ctrl Pts',(5.35551567003773,-8.27812532361278,3.23621263680024));
#3369=CARTESIAN_POINT('Ctrl Pts',(5.68433587473975,-8.14423638953517,3.40068482001233));
#3370=CARTESIAN_POINT('Ctrl Pts',(5.87355036343255,-8.05496431271525,3.50241352465229));
#3371=CARTESIAN_POINT('Ctrl Pts',(5.96913533973234,-8.00515422343372,3.5560943651897));
#3372=CARTESIAN_POINT('Ctrl Pts',(6.03383174151481,-7.96980068704192,3.59163095577634));
#3373=CARTESIAN_POINT('Ctrl Pts',(6.05197541888952,-7.95977069697225,3.6016027119963));
#3374=CARTESIAN_POINT('Ctrl Pts',(6.08015471320017,-7.9441975460683,3.61616999879708));
#3375=CARTESIAN_POINT('Ctrl Pts',(6.09609476261415,-7.93540657441748,3.62403725803158));
#3376=CARTESIAN_POINT('Ctrl Pts',(6.10898673073338,-7.92863971873677,3.62938415723472));
#3377=CARTESIAN_POINT('Ctrl Pts',(5.51736486991321,-7.33975365624504,4.17089964720251));
#3378=CARTESIAN_POINT('Ctrl Pts',(5.51334299500058,-7.34246138060099,4.16877468300349));
#3379=CARTESIAN_POINT('Ctrl Pts',(5.5052248115748,-7.34774848790346,4.1645613930476));
#3380=CARTESIAN_POINT('Ctrl Pts',(5.48884354572525,-7.35806607595897,4.1562137010033));
#3381=CARTESIAN_POINT('Ctrl Pts',(5.4764367122385,-7.36558346858568,4.15002477852282));
#3382=CARTESIAN_POINT('Ctrl Pts',(5.43148049845234,-7.39229705046906,4.12784442881756));
#3383=CARTESIAN_POINT('Ctrl Pts',(5.35677711646414,-7.43324179209944,4.09261486933197));
#3384=CARTESIAN_POINT('Ctrl Pts',(5.20372400563113,-7.50790803473492,4.0252788133899));
#3385=CARTESIAN_POINT('Ctrl Pts',(4.92786798764317,-7.6224363912459,3.91528293063081));
#3386=CARTESIAN_POINT('Ctrl Pts',(4.35182247381421,-7.80067901653895,3.72530242874786));
#3387=CARTESIAN_POINT('Ctrl Pts',(3.83114516006455,-7.89536190975728,3.60838288035458));
#3388=CARTESIAN_POINT('Ctrl Pts',(3.14252753762789,-7.99450047749535,3.48552041260639));
#3389=CARTESIAN_POINT('Ctrl Pts',(2.80150517547037,-8.03128833424007,3.43897229076528));
#3390=CARTESIAN_POINT('Ctrl Pts',(1.65250752904609,-8.12889608538844,3.3176909522023));
#3391=CARTESIAN_POINT('Ctrl Pts',(0.829275963154289,-8.16621089764894,3.28248696619973));
#3392=CARTESIAN_POINT('Ctrl Pts',(-4.19429658408765E-15,-8.16621098324573,
3.28248692652872));
#3393=CARTESIAN_POINT('Ctrl Pts',(5.18033555948619E-9,-8.16621098324572,
3.28248692652873));
#3394=CARTESIAN_POINT('Ctrl Pts',(-0.957659508966141,-8.1662110795104,3.28248688622952));
#3395=CARTESIAN_POINT('Ctrl Pts',(-2.13546204346222,-8.10930640320892,3.31726624607156));
#3396=CARTESIAN_POINT('Ctrl Pts',(-3.31100940299428,-8.004327517932,3.39880123555684));
#3397=CARTESIAN_POINT('Ctrl Pts',(-3.97964469181997,-7.93236242275979,3.45439719336488));
#3398=CARTESIAN_POINT('Ctrl Pts',(-4.41256638856788,-7.87571596201581,3.49927943580039));
#3399=CARTESIAN_POINT('Ctrl Pts',(-5.0562699109882,-7.75850438369656,3.58879773099888));
#3400=CARTESIAN_POINT('Ctrl Pts',(-5.34316847195643,-7.69882404115281,3.63388272174892));
#3401=CARTESIAN_POINT('Ctrl Pts',(-5.65985017936779,-7.61310930856598,3.69510031181682));
#3402=CARTESIAN_POINT('Ctrl Pts',(-5.7816374375732,-7.57581004264199,3.7209072423447));
#3403=CARTESIAN_POINT('Ctrl Pts',(-5.84202088870404,-7.55576600097136,3.73446701908009));
#3404=CARTESIAN_POINT('Ctrl Pts',(-5.87627874370646,-7.54367060745523,3.7424986774459));
#3405=CARTESIAN_POINT('Ctrl Pts',(-5.8933084078039,-7.53736420843181,3.74662675219065));
#3406=CARTESIAN_POINT('Ctrl Pts',(-5.9017263437589,-7.53398360481367,3.74878372708659));
#3407=CARTESIAN_POINT('Ctrl Pts',(5.30534337724516E-8,-8.55624069504314,
3.11034993487086));
#3408=CARTESIAN_POINT('Ctrl Pts',(-0.976146496280119,-8.55594249520808,
3.11050880302567));
#3409=CARTESIAN_POINT('Ctrl Pts',(-2.16493177352186,-8.49097501697455,3.1482096159693));
#3410=CARTESIAN_POINT('Ctrl Pts',(-3.35832084817305,-8.36715388205495,3.23864987965379));
#3411=CARTESIAN_POINT('Ctrl Pts',(-4.03747390185547,-8.28248213934204,3.30055213551214));
#3412=CARTESIAN_POINT('Ctrl Pts',(-4.47844560689909,-8.21580845462679,3.35061113264175));
#3413=CARTESIAN_POINT('Ctrl Pts',(-5.13788459587822,-8.07855625209412,3.4515596493974));
#3414=CARTESIAN_POINT('Ctrl Pts',(-5.43258420311201,-8.00887339927409,3.50253842513362));
#3415=CARTESIAN_POINT('Ctrl Pts',(-5.76200973699372,-7.90897698000129,3.57265711494202));
#3416=CARTESIAN_POINT('Ctrl Pts',(-5.89106170870068,-7.86505851746106,3.60272366644339));
#3417=CARTESIAN_POINT('Ctrl Pts',(-5.95680132143093,-7.8409640517406,3.61891636246346));
#3418=CARTESIAN_POINT('Ctrl Pts',(-5.99626706356288,-7.8256644395897,3.62903103272639));
#3419=CARTESIAN_POINT('Ctrl Pts',(-6.01690497411889,-7.81734230385231,3.63446916453062));
#3420=CARTESIAN_POINT('Ctrl Pts',(-6.03140094530746,-7.81116554118315,3.63841163295174));
#3421=CARTESIAN_POINT('Ctrl Pts',(9.95724551192438E-8,-8.843444618714,2.72415946673969));
#3422=CARTESIAN_POINT('Ctrl Pts',(-0.992383260659677,-8.8434252671914,2.72385572557314));
#3423=CARTESIAN_POINT('Ctrl Pts',(-2.19911692465889,-8.77384758279938,2.7743522253373));
#3424=CARTESIAN_POINT('Ctrl Pts',(-3.41031715022146,-8.64102033753931,2.89212356964092));
#3425=CARTESIAN_POINT('Ctrl Pts',(-4.10170111530749,-8.55006459799365,2.9722766152683));
#3426=CARTESIAN_POINT('Ctrl Pts',(-4.55113113860174,-8.47816521405148,3.03708238550337));
#3427=CARTESIAN_POINT('Ctrl Pts',(-5.22575621710983,-8.33034505537756,3.16562327549291));
#3428=CARTESIAN_POINT('Ctrl Pts',(-5.52993281460235,-8.25432771232721,3.2309282700338));
#3429=CARTESIAN_POINT('Ctrl Pts',(-5.86935004088191,-8.14668598671413,3.31876647544478));
#3430=CARTESIAN_POINT('Ctrl Pts',(-6.00770720706831,-8.09746341791286,3.3575775471337));
#3431=CARTESIAN_POINT('Ctrl Pts',(-6.0755773489229,-8.07173210595474,3.37749970177593));
#3432=CARTESIAN_POINT('Ctrl Pts',(-6.1248230770144,-8.05206356283847,3.39225882576146));
#3433=CARTESIAN_POINT('Ctrl Pts',(-6.14140916621223,-8.04516223307245,3.39746350164121));
#3434=CARTESIAN_POINT('Ctrl Pts',(-6.17021936894395,-8.03311647989719,3.4060317852277));
#3435=CARTESIAN_POINT('Ctrl Pts',(1.23395392204995E-7,-8.89605927159334,
2.30109207460909));
#3436=CARTESIAN_POINT('Ctrl Pts',(-1.0037695100161,-8.89605937374519,2.30109204560021));
#3437=CARTESIAN_POINT('Ctrl Pts',(-2.21955059693514,-8.83300812048711,2.36036146082815));
#3438=CARTESIAN_POINT('Ctrl Pts',(-3.44667249774967,-8.71371467893366,2.50106547188587));
#3439=CARTESIAN_POINT('Ctrl Pts',(-4.14785102943463,-8.63116355682881,2.596853906455));
#3440=CARTESIAN_POINT('Ctrl Pts',(-4.60480827688234,-8.56570805023346,2.67426992882));
#3441=CARTESIAN_POINT('Ctrl Pts',(-5.29414144218735,-8.42759622739877,2.82825360132134));
#3442=CARTESIAN_POINT('Ctrl Pts',(-5.60559922230915,-8.3559385490411,2.90636133594063));
#3443=CARTESIAN_POINT('Ctrl Pts',(-5.95638418991423,-8.25203614800833,3.01170311677252));
#3444=CARTESIAN_POINT('Ctrl Pts',(-6.10087156917008,-8.20365539723018,3.05816995279217));
#3445=CARTESIAN_POINT('Ctrl Pts',(-6.17305909610175,-8.17792733457311,3.08240922895868));
#3446=CARTESIAN_POINT('Ctrl Pts',(-6.22631168216769,-8.15773231189828,3.10015418552573));
#3447=CARTESIAN_POINT('Ctrl Pts',(-6.24562273143449,-8.15033013987299,3.10709844281533));
#3448=CARTESIAN_POINT('Ctrl Pts',(-6.27884058092532,-8.13693569682628,3.11750045278016));
#3449=CARTESIAN_POINT('',(-5.9017263437589,-7.53398360481367,3.74878372708659));
#3450=CARTESIAN_POINT('',(-6.27884058092532,-8.13693569682627,3.11750045278016));
#3451=CARTESIAN_POINT('Origin',(-5.99363809141991,-7.03963984845848,2.61530391641745));
#3452=CARTESIAN_POINT('Ctrl Pts',(-6.27884058092532,-8.13693569682628,3.11750045278016));
#3453=CARTESIAN_POINT('Ctrl Pts',(-6.24562273143449,-8.15033013987299,3.10709844281533));
#3454=CARTESIAN_POINT('Ctrl Pts',(-6.22631168216769,-8.15773231189828,3.10015418552573));
#3455=CARTESIAN_POINT('Ctrl Pts',(-6.17305909610175,-8.17792733457311,3.08240922895868));
#3456=CARTESIAN_POINT('Ctrl Pts',(-6.10087156917008,-8.20365539723018,3.05816995279217));
#3457=CARTESIAN_POINT('Ctrl Pts',(-5.95638418991423,-8.25203614800833,3.01170311677252));
#3458=CARTESIAN_POINT('Ctrl Pts',(-5.60559922230915,-8.3559385490411,2.90636133594063));
#3459=CARTESIAN_POINT('Ctrl Pts',(-5.29414144218735,-8.42759622739877,2.82825360132134));
#3460=CARTESIAN_POINT('Ctrl Pts',(-4.60480827688234,-8.56570805023346,2.67426992882));
#3461=CARTESIAN_POINT('Ctrl Pts',(-4.14785102943463,-8.63116355682881,2.596853906455));
#3462=CARTESIAN_POINT('Ctrl Pts',(-3.44667249774967,-8.71371467893366,2.50106547188587));
#3463=CARTESIAN_POINT('Ctrl Pts',(-2.21955059693514,-8.83300812048711,2.36036146082815));
#3464=CARTESIAN_POINT('Ctrl Pts',(-1.0037695100161,-8.89605937374519,2.30109204560021));
#3465=CARTESIAN_POINT('Ctrl Pts',(1.23395392204995E-7,-8.89605927159334,
2.30109207460909));
#3466=CARTESIAN_POINT('Ctrl Pts',(-7.40258862438122E-15,-8.16621098324572,
3.28248692652873));
#3467=CARTESIAN_POINT('Ctrl Pts',(-0.957659512364104,-8.16621107934623,
3.28248688632986));
#3468=CARTESIAN_POINT('Ctrl Pts',(-2.13546204515795,-8.10930640305749,3.31726624618918));
#3469=CARTESIAN_POINT('Ctrl Pts',(-3.31100940299428,-8.004327517932,3.39880123555684));
#3470=CARTESIAN_POINT('Ctrl Pts',(-3.97964469181997,-7.93236242275979,3.45439719336488));
#3471=CARTESIAN_POINT('Ctrl Pts',(-4.41256638856788,-7.87571596201581,3.49927943580039));
#3472=CARTESIAN_POINT('Ctrl Pts',(-5.0562699109882,-7.75850438369656,3.58879773099888));
#3473=CARTESIAN_POINT('Ctrl Pts',(-5.34316847195643,-7.69882404115281,3.63388272174892));
#3474=CARTESIAN_POINT('Ctrl Pts',(-5.65985017936779,-7.61310930856598,3.69510031181682));
#3475=CARTESIAN_POINT('Ctrl Pts',(-5.7816374375732,-7.57581004264199,3.7209072423447));
#3476=CARTESIAN_POINT('Ctrl Pts',(-5.84202088870404,-7.55576600097136,3.73446701908009));
#3477=CARTESIAN_POINT('Ctrl Pts',(-5.87627874370646,-7.54367060745523,3.7424986774459));
#3478=CARTESIAN_POINT('Ctrl Pts',(-5.8933084078039,-7.53736420843181,3.74662675219065));
#3479=CARTESIAN_POINT('Ctrl Pts',(-5.9017263437589,-7.53398360481367,3.74878372708659));
#3480=CARTESIAN_POINT('Ctrl Pts',(-5.9017263437589,-7.53398360481367,3.74878372708659));
#3481=CARTESIAN_POINT('Ctrl Pts',(-6.00137298311382,-7.49396598156971,3.77431674381443));
#3482=CARTESIAN_POINT('Ctrl Pts',(-6.22787864003444,-7.38584136602913,3.84040752890103));
#3483=CARTESIAN_POINT('Ctrl Pts',(-6.41367157258736,-7.20681968046183,3.93329749414807));
#3484=CARTESIAN_POINT('Ctrl Pts',(-6.48546758812009,-7.07728341482483,3.99216348032424));
#3485=CARTESIAN_POINT('Ctrl Pts',(-6.03140094530746,-7.81116554118315,3.63841163295174));
#3486=CARTESIAN_POINT('Ctrl Pts',(-6.14306107053561,-7.76299738297858,3.66927892428055));
#3487=CARTESIAN_POINT('Ctrl Pts',(-6.40214501731236,-7.63585082658519,3.74840934036014));
#3488=CARTESIAN_POINT('Ctrl Pts',(-6.67009078626423,-7.4140540380414,3.87109298853701));
#3489=CARTESIAN_POINT('Ctrl Pts',(-6.79229163877169,-7.25088745369631,3.9512750212248));
#3490=CARTESIAN_POINT('Ctrl Pts',(-6.17021936894395,-8.03311647989718,3.4060317852277));
#3491=CARTESIAN_POINT('Ctrl Pts',(-6.29388638228492,-7.97855145411174,3.44524129872869));
#3492=CARTESIAN_POINT('Ctrl Pts',(-6.58559500424218,-7.83589607781356,3.54300107634248));
#3493=CARTESIAN_POINT('Ctrl Pts',(-6.93685349358563,-7.56734735109749,3.68311811576673));
#3494=CARTESIAN_POINT('Ctrl Pts',(-7.11046731365742,-7.36311100882661,3.76189785299396));
#3495=CARTESIAN_POINT('Ctrl Pts',(-6.27884058092532,-8.13693569682627,3.11750045278016));
#3496=CARTESIAN_POINT('Ctrl Pts',(-6.41196855766135,-8.08095548925467,3.16421208313321));
#3497=CARTESIAN_POINT('Ctrl Pts',(-6.72929653380686,-7.93342303668651,3.2787141810926));
#3498=CARTESIAN_POINT('Ctrl Pts',(-7.13876542185373,-7.62041655479389,3.4238743396773));
#3499=CARTESIAN_POINT('Ctrl Pts',(-7.33438278285368,-7.37670379380682,3.48689180704339));
#3500=CARTESIAN_POINT('',(-6.48546758812009,-7.07728341482485,3.99216348032423));
#3501=CARTESIAN_POINT('',(-7.33438278285368,-7.37670379380681,3.48689180704339));
#3502=CARTESIAN_POINT('Origin',(-6.59353166673678,-6.61636292206797,2.84609434878396));
#3503=CARTESIAN_POINT('Ctrl Pts',(-7.33438278285368,-7.37670379380682,3.48689180704339));
#3504=CARTESIAN_POINT('Ctrl Pts',(-7.13876542185373,-7.62041655479389,3.4238743396773));
#3505=CARTESIAN_POINT('Ctrl Pts',(-6.72929653380686,-7.93342303668651,3.2787141810926));
#3506=CARTESIAN_POINT('Ctrl Pts',(-6.41196855766135,-8.08095548925467,3.16421208313321));
#3507=CARTESIAN_POINT('Ctrl Pts',(-6.27884058092532,-8.13693569682627,3.11750045278016));
#3508=CARTESIAN_POINT('Ctrl Pts',(-5.9017263437589,-7.53398360481367,3.74878372708659));
#3509=CARTESIAN_POINT('Ctrl Pts',(-6.00137298311382,-7.49396598156971,3.77431674381443));
#3510=CARTESIAN_POINT('Ctrl Pts',(-6.22787864003444,-7.38584136602913,3.84040752890103));
#3511=CARTESIAN_POINT('Ctrl Pts',(-6.41367157258736,-7.20681968046183,3.93329749414807));
#3512=CARTESIAN_POINT('Ctrl Pts',(-6.48546758812009,-7.07728341482483,3.99216348032424));
#3513=CARTESIAN_POINT('Ctrl Pts',(-6.48546758811975,-7.07728341480505,3.99216348033216));
#3514=CARTESIAN_POINT('Ctrl Pts',(-6.55159209895176,-6.95134223707626,4.04904883937113));
#3515=CARTESIAN_POINT('Ctrl Pts',(-6.64366208026859,-6.62459822949739,4.18082448400284));
#3516=CARTESIAN_POINT('Ctrl Pts',(-6.68562640247354,-6.2893878571447,4.29266918605409));
#3517=CARTESIAN_POINT('Ctrl Pts',(-6.70788401165701,-6.09688094580008,4.35178609422402));
#3518=CARTESIAN_POINT('Ctrl Pts',(-6.6388796134457,-7.1640854342442,3.97171925078277));
#3519=CARTESIAN_POINT('Ctrl Pts',(-6.72820726547222,-7.0236742100629,4.03838017741272));
#3520=CARTESIAN_POINT('Ctrl Pts',(-6.85606686200664,-6.6673967296107,4.18717469198729));
#3521=CARTESIAN_POINT('Ctrl Pts',(-6.90688019890031,-6.32508249172752,4.30286834235029));
#3522=CARTESIAN_POINT('Ctrl Pts',(-6.93325883369588,-6.13029073109775,4.36370487550707));
#3523=CARTESIAN_POINT('Ctrl Pts',(-6.95235723044252,-7.30888626968972,3.85934742344981));
#3524=CARTESIAN_POINT('Ctrl Pts',(-7.08904975448601,-7.13664173903637,3.93521478687643));
#3525=CARTESIAN_POINT('Ctrl Pts',(-7.29093386261259,-6.71506629652382,4.09173618350797));
#3526=CARTESIAN_POINT('Ctrl Pts',(-7.36053631137833,-6.3592256498791,4.20488565538101));
#3527=CARTESIAN_POINT('Ctrl Pts',(-7.39557083780385,-6.1605594779125,4.26418570652238));
#3528=CARTESIAN_POINT('Ctrl Pts',(-7.22242504825532,-7.36990740131484,3.62439483002106));
#3529=CARTESIAN_POINT('Ctrl Pts',(-7.3925714728457,-7.16261079936466,3.6904137454851));
#3530=CARTESIAN_POINT('Ctrl Pts',(-7.63291185846857,-6.67353183953571,3.80658054755671));
#3531=CARTESIAN_POINT('Ctrl Pts',(-7.70678767716126,-6.30916985819399,3.8980148562841));
#3532=CARTESIAN_POINT('Ctrl Pts',(-7.74446402956703,-6.1088988379995,3.94770921419389));
#3533=CARTESIAN_POINT('Ctrl Pts',(-7.33438278285276,-7.37670379380796,3.48689180704309));
#3534=CARTESIAN_POINT('Ctrl Pts',(-7.51454740912437,-7.15224304924121,3.54493122848241));
#3535=CARTESIAN_POINT('Ctrl Pts',(-7.75801273657973,-6.63276456849902,3.63484998199308));
#3536=CARTESIAN_POINT('Ctrl Pts',(-7.82835064958125,-6.26663857068325,3.71428991358833));
#3537=CARTESIAN_POINT('Ctrl Pts',(-7.86471971181485,-6.06637460072737,3.75854700432759));
#3538=CARTESIAN_POINT('',(-6.70788401165701,-6.09688094580008,4.35178609422402));
#3539=CARTESIAN_POINT('Origin',(-6.82243061414009,-5.74654502948901,3.16783346780602));
#3540=CARTESIAN_POINT('Ctrl Pts',(-7.86471971181485,-6.06637460072737,3.75854700432759));
#3541=CARTESIAN_POINT('Ctrl Pts',(-7.82835064958125,-6.26663857068325,3.71428991358833));
#3542=CARTESIAN_POINT('Ctrl Pts',(-7.75801273657973,-6.63276456849902,3.63484998199308));
#3543=CARTESIAN_POINT('Ctrl Pts',(-7.51454740912437,-7.15224304924121,3.54493122848241));
#3544=CARTESIAN_POINT('Ctrl Pts',(-7.33438278285276,-7.37670379380796,3.48689180704309));
#3545=CARTESIAN_POINT('Ctrl Pts',(-6.48546758811975,-7.07728341480505,3.99216348033216));
#3546=CARTESIAN_POINT('Ctrl Pts',(-6.55159209895176,-6.95134223707626,4.04904883937113));
#3547=CARTESIAN_POINT('Ctrl Pts',(-6.64366208026859,-6.62459822949739,4.18082448400284));
#3548=CARTESIAN_POINT('Ctrl Pts',(-6.68562640247354,-6.2893878571447,4.29266918605409));
#3549=CARTESIAN_POINT('Ctrl Pts',(-6.70788401165701,-6.09688094580008,4.35178609422402));
#3550=CARTESIAN_POINT('Ctrl Pts',(-6.70788401165698,-6.09688094580028,4.35178609422395));
#3551=CARTESIAN_POINT('Ctrl Pts',(-6.70853107455015,-6.0912844741405,4.35350471356533));
#3552=CARTESIAN_POINT('Ctrl Pts',(-6.70976026076489,-6.08008040342491,4.3569305577377));
#3553=CARTESIAN_POINT('Ctrl Pts',(-6.71211199091554,-6.05765316016625,4.36374390900616));
#3554=CARTESIAN_POINT('Ctrl Pts',(-6.71604276826443,-6.01837086917023,4.37557169435851));
#3555=CARTESIAN_POINT('Ctrl Pts',(-6.72352919037843,-5.93971987404466,4.39886554132427));
#3556=CARTESIAN_POINT('Ctrl Pts',(-6.73377143996175,-5.82720697274667,4.43115778555046));
#3557=CARTESIAN_POINT('Ctrl Pts',(-6.74588475533269,-5.69199733181196,4.46839648058009));
#3558=CARTESIAN_POINT('Ctrl Pts',(-6.78593007345375,-5.24079998966653,4.58764163380819));
#3559=CARTESIAN_POINT('Ctrl Pts',(-6.85439716004197,-4.46931938615744,4.75363365195007));
#3560=CARTESIAN_POINT('Ctrl Pts',(-6.91005100597597,-3.74549666655327,4.85637482366477));
#3561=CARTESIAN_POINT('Ctrl Pts',(-6.98048593110387,-2.69699003599012,4.97579013471109));
#3562=CARTESIAN_POINT('Ctrl Pts',(-7.03595325967644,-1.56226937901782,5.04549952430674));
#3563=CARTESIAN_POINT('Ctrl Pts',(-7.05612345862454,-0.444981688647062,
5.06096859656932));
#3564=CARTESIAN_POINT('Ctrl Pts',(-7.05612345816094,-4.52291965109406E-15,
5.06096859744738));
#3565=CARTESIAN_POINT('Ctrl Pts',(-6.93325883369591,-6.13029073109789,4.36370487550702));
#3566=CARTESIAN_POINT('Ctrl Pts',(-6.93473317776622,-6.12378616352825,4.3657895148444));
#3567=CARTESIAN_POINT('Ctrl Pts',(-6.93687082665444,-6.11165736996078,4.36960943809001));
#3568=CARTESIAN_POINT('Ctrl Pts',(-6.9404014359927,-6.08814002788061,4.37692027040743));
#3569=CARTESIAN_POINT('Ctrl Pts',(-6.94568199585159,-6.0478166219053,4.38928871482346));
#3570=CARTESIAN_POINT('Ctrl Pts',(-6.95493291028382,-5.96818778792787,4.41323455203531));
#3571=CARTESIAN_POINT('Ctrl Pts',(-6.96684729901671,-5.85529928879947,4.44606830063241));
#3572=CARTESIAN_POINT('Ctrl Pts',(-6.98065388210686,-5.71987153811289,4.48385118821631));
#3573=CARTESIAN_POINT('Ctrl Pts',(-7.02544553191814,-5.26881072047453,4.60457989376092));
#3574=CARTESIAN_POINT('Ctrl Pts',(-7.09985935643669,-4.49621960283146,4.77317639999454));
#3575=CARTESIAN_POINT('Ctrl Pts',(-7.15814659125566,-3.76845598697988,4.87797743772792));
#3576=CARTESIAN_POINT('Ctrl Pts',(-7.23049174155574,-2.71388240003632,4.99962057894138));
#3577=CARTESIAN_POINT('Ctrl Pts',(-7.28498673746744,-1.5723774296447,5.07046669353132));
#3578=CARTESIAN_POINT('Ctrl Pts',(-7.30418526034036,-0.448624566342121,
5.08612585261868));
#3579=CARTESIAN_POINT('Ctrl Pts',(-7.30416944782824,2.23153343381525E-10,
5.08613629412929));
#3580=CARTESIAN_POINT('Ctrl Pts',(-7.39557212035994,-6.16056040438156,4.26418815990639));
#3581=CARTESIAN_POINT('Ctrl Pts',(-7.39900716769736,-6.15175063253446,4.26621570959039));
#3582=CARTESIAN_POINT('Ctrl Pts',(-7.40283899158022,-6.1379004049184,4.26989923958797));
#3583=CARTESIAN_POINT('Ctrl Pts',(-7.40897213521932,-6.11191658801963,4.27696798138704));
#3584=CARTESIAN_POINT('Ctrl Pts',(-7.41698472779522,-6.06964005457414,4.28890854741962));
#3585=CARTESIAN_POINT('Ctrl Pts',(-7.43001276428893,-5.9882810744252,4.3120293650177));
#3586=CARTESIAN_POINT('Ctrl Pts',(-7.44546273669575,-5.87525346541633,4.34374083510248));
#3587=CARTESIAN_POINT('Ctrl Pts',(-7.46283048224193,-5.7403811946503,4.38026813087272));
#3588=CARTESIAN_POINT('Ctrl Pts',(-7.5178478978031,-5.29254196334443,4.49715774120733));
#3589=CARTESIAN_POINT('Ctrl Pts',(-7.60488273097662,-4.52466056061315,4.66199005836739));
#3590=CARTESIAN_POINT('Ctrl Pts',(-7.66895986802202,-3.79476367691517,4.76708190805632));
#3591=CARTESIAN_POINT('Ctrl Pts',(-7.74560525285151,-2.73620066697673,4.89028083218581));
#3592=CARTESIAN_POINT('Ctrl Pts',(-7.7981586241837,-1.5875706539505,4.96469139263569));
#3593=CARTESIAN_POINT('Ctrl Pts',(-7.81532703803959,-0.454829912045213,
4.98218038156873));
#3594=CARTESIAN_POINT('Ctrl Pts',(-7.81531852763827,9.91118579974303E-10,
4.98217207847655));
#3595=CARTESIAN_POINT('Ctrl Pts',(-7.7444640295672,-6.10889883799935,3.94770921419376));
#3596=CARTESIAN_POINT('Ctrl Pts',(-7.74850125203828,-6.097998927276,3.94808781557423));
#3597=CARTESIAN_POINT('Ctrl Pts',(-7.75285193392496,-6.08266058457098,3.95021914433632));
#3598=CARTESIAN_POINT('Ctrl Pts',(-7.75973523342285,-6.05462107388554,3.95480097163254));
#3599=CARTESIAN_POINT('Ctrl Pts',(-7.76850148158349,-6.01095334681565,3.96384127544419));
#3600=CARTESIAN_POINT('Ctrl Pts',(-7.78250089455354,-5.92883786166081,3.98253850090287));
#3601=CARTESIAN_POINT('Ctrl Pts',(-7.7987764984408,-5.8169348572546,4.00950759948416));
#3602=CARTESIAN_POINT('Ctrl Pts',(-7.81693493849689,-5.68412044905361,4.04101733735203));
#3603=CARTESIAN_POINT('Ctrl Pts',(-7.87407580160549,-5.24464678306238,4.14291206253215));
#3604=CARTESIAN_POINT('Ctrl Pts',(-7.96338285879661,-4.49244224373733,4.28939003007483));
#3605=CARTESIAN_POINT('Ctrl Pts',(-8.02883172138934,-3.77306430176835,4.38768321443351));
#3606=CARTESIAN_POINT('Ctrl Pts',(-8.10691527296581,-2.7275828117867,4.50659093142459));
#3607=CARTESIAN_POINT('Ctrl Pts',(-8.16014552804177,-1.58744980278465,4.5856225957801));
#3608=CARTESIAN_POINT('Ctrl Pts',(-8.17744330146881,-0.456368056135917,
4.60676599195967));
#3609=CARTESIAN_POINT('Ctrl Pts',(-8.1774217108451,2.13187721244666E-9,
4.60672138312707));
#3610=CARTESIAN_POINT('Ctrl Pts',(-7.864719711815,-6.06637460072717,3.75854700432742));
#3611=CARTESIAN_POINT('Ctrl Pts',(-7.86853550856485,-6.05477892539781,3.75809242953625));
#3612=CARTESIAN_POINT('Ctrl Pts',(-7.8726217680152,-6.03878955022562,3.75925461608649));
#3613=CARTESIAN_POINT('Ctrl Pts',(-7.87913640019723,-6.01008363751725,3.76250227479487));
#3614=CARTESIAN_POINT('Ctrl Pts',(-7.88744252804347,-5.96595849180271,3.76988751980907));
#3615=CARTESIAN_POINT('Ctrl Pts',(-7.90077796828944,-5.88385946438633,3.78618910377011));
#3616=CARTESIAN_POINT('Ctrl Pts',(-7.91634698756615,-5.77280118618419,3.81059119947946));
#3617=CARTESIAN_POINT('Ctrl Pts',(-7.93375234622638,-5.64127631609413,3.83939356810214));
#3618=CARTESIAN_POINT('Ctrl Pts',(-7.98864419426809,-5.2068130165026,3.93330822043531));
#3619=CARTESIAN_POINT('Ctrl Pts',(-8.07485644821502,-4.46396540909711,4.0698816143112));
#3620=CARTESIAN_POINT('Ctrl Pts',(-8.13916681350653,-3.75212169502926,4.16421475396425));
#3621=CARTESIAN_POINT('Ctrl Pts',(-8.21674058155148,-2.71631120017964,4.2803411673372));
#3622=CARTESIAN_POINT('Ctrl Pts',(-8.27121389982613,-1.5835748561694,4.361185683111));
#3623=CARTESIAN_POINT('Ctrl Pts',(-8.2893402100906,-0.455771935038803,4.38393342090157));
#3624=CARTESIAN_POINT('Ctrl Pts',(-8.28934020947436,2.6955169760237E-9,
4.38393342202757));
#3625=CARTESIAN_POINT('Ctrl Pts',(-6.70788401165698,-6.09688094580028,4.35178609422395));
#3626=CARTESIAN_POINT('Ctrl Pts',(-6.70853107455015,-6.0912844741405,4.35350471356533));
#3627=CARTESIAN_POINT('Ctrl Pts',(-6.70976026076489,-6.08008040342491,4.3569305577377));
#3628=CARTESIAN_POINT('Ctrl Pts',(-6.71211199091554,-6.05765316016625,4.36374390900616));
#3629=CARTESIAN_POINT('Ctrl Pts',(-6.71604276826443,-6.01837086917023,4.37557169435851));
#3630=CARTESIAN_POINT('Ctrl Pts',(-6.72352919037843,-5.93971987404466,4.39886554132427));
#3631=CARTESIAN_POINT('Ctrl Pts',(-6.73377143996175,-5.82720697274667,4.43115778555046));
#3632=CARTESIAN_POINT('Ctrl Pts',(-6.74588475533269,-5.69199733181196,4.46839648058009));
#3633=CARTESIAN_POINT('Ctrl Pts',(-6.78593007345375,-5.24079998966653,4.58764163380819));
#3634=CARTESIAN_POINT('Ctrl Pts',(-6.85439716004197,-4.46931938615744,4.75363365195007));
#3635=CARTESIAN_POINT('Ctrl Pts',(-6.91005100597597,-3.74549666655327,4.85637482366477));
#3636=CARTESIAN_POINT('Ctrl Pts',(-6.98048593110387,-2.69699003599012,4.97579013471109));
#3637=CARTESIAN_POINT('Ctrl Pts',(-7.03595325967644,-1.56226937901782,5.04549952430674));
#3638=CARTESIAN_POINT('Ctrl Pts',(-7.05612345862454,-0.444981688647062,
5.06096859656932));
#3639=CARTESIAN_POINT('Ctrl Pts',(-7.05612345816094,-4.52291965109406E-15,
5.06096859744738));
#3640=CARTESIAN_POINT('Ctrl Pts',(-6.71034297812205,6.10121530529462,4.34527133763206));
#3641=CARTESIAN_POINT('Ctrl Pts',(-6.68833492028088,6.29256644066352,4.28629348353164));
#3642=CARTESIAN_POINT('Ctrl Pts',(-6.64669560496842,6.62631660007357,4.17458762933409));
#3643=CARTESIAN_POINT('Ctrl Pts',(-6.55601682587173,6.9511288331784,4.04341805822904));
#3644=CARTESIAN_POINT('Ctrl Pts',(-6.49097771357906,7.07671761223937,3.98669215293056));
#3645=CARTESIAN_POINT('Ctrl Pts',(-6.93595058234289,6.13452372463669,4.35722445951515));
#3646=CARTESIAN_POINT('Ctrl Pts',(-6.90984119707404,6.32815026328194,4.29653461304771));
#3647=CARTESIAN_POINT('Ctrl Pts',(-6.85932386832905,6.66901201161197,4.18096614574977));
#3648=CARTESIAN_POINT('Ctrl Pts',(-6.73346719916415,7.02290934329778,4.03301508241468));
#3649=CARTESIAN_POINT('Ctrl Pts',(-6.64539784196713,7.16292618608508,3.96655510312811));
#3650=CARTESIAN_POINT('Ctrl Pts',(-7.39875716061464,6.16438508677408,4.25757339578052));
#3651=CARTESIAN_POINT('Ctrl Pts',(-7.36403297605538,6.36187591098262,4.19841952054892));
#3652=CARTESIAN_POINT('Ctrl Pts',(-7.29466938356071,6.71630126125546,4.08535872343424));
#3653=CARTESIAN_POINT('Ctrl Pts',(-7.09603559179743,7.13452630457286,3.92988463272157));
#3654=CARTESIAN_POINT('Ctrl Pts',(-6.96094231323027,7.30632251629362,3.85436308476366));
#3655=CARTESIAN_POINT('Ctrl Pts',(-7.74780520580478,6.11201293897496,3.94065923606594));
#3656=CARTESIAN_POINT('Ctrl Pts',(-7.7104653512484,6.31111158641006,3.89108119090305));
#3657=CARTESIAN_POINT('Ctrl Pts',(-7.63676622764845,6.67414504953469,3.7996810967731));
#3658=CARTESIAN_POINT('Ctrl Pts',(-7.40059306070503,7.15878827216808,3.68425302569797));
#3659=CARTESIAN_POINT('Ctrl Pts',(-7.23245718522496,7.36560090302358,3.61881347852519));
#3660=CARTESIAN_POINT('Ctrl Pts',(-7.86799395294306,6.06911641441911,3.7512768919933));
#3661=CARTESIAN_POINT('Ctrl Pts',(-7.83196650790373,6.26821109976167,3.70711617869279));
#3662=CARTESIAN_POINT('Ctrl Pts',(-7.76177201920207,6.63306359398295,3.62768347341529));
#3663=CARTESIAN_POINT('Ctrl Pts',(-7.52276392780962,7.14755602094686,3.53825401327066));
#3664=CARTESIAN_POINT('Ctrl Pts',(-7.34484310451892,7.37150369885874,3.4809093191375));
#3665=CARTESIAN_POINT('',(-6.49097771357906,7.0767176122394,3.98669215293054));
#3666=CARTESIAN_POINT('Origin',(-6.5991999732419,6.61521875394896,2.8408707242995));
#3667=CARTESIAN_POINT('Ctrl Pts',(-6.71034297812205,6.10121530529462,4.34527133763206));
#3668=CARTESIAN_POINT('Ctrl Pts',(-6.68833492028088,6.29256644066352,4.28629348353164));
#3669=CARTESIAN_POINT('Ctrl Pts',(-6.64669560496842,6.62631660007357,4.17458762933409));
#3670=CARTESIAN_POINT('Ctrl Pts',(-6.55601682587173,6.9511288331784,4.04341805822904));
#3671=CARTESIAN_POINT('Ctrl Pts',(-6.49097771357906,7.07671761223937,3.98669215293056));
#3672=CARTESIAN_POINT('Ctrl Pts',(-6.49112444626866,7.07672240902774,3.98670408004424));
#3673=CARTESIAN_POINT('Ctrl Pts',(-6.46433158561731,7.12583183715023,3.96438112664456));
#3674=CARTESIAN_POINT('Ctrl Pts',(-6.40160871857756,7.21756699435031,3.92086947464462));
#3675=CARTESIAN_POINT('Ctrl Pts',(-6.21701416666497,7.39365975404303,3.82984734307306));
#3676=CARTESIAN_POINT('Ctrl Pts',(-6.03871137298991,7.48425890145033,3.77495467944845));
#3677=CARTESIAN_POINT('Ctrl Pts',(-5.90490346300041,7.53787001712495,3.74063626856257));
#3678=CARTESIAN_POINT('Ctrl Pts',(-6.80006094172611,7.24898054236702,3.94646327642316));
#3679=CARTESIAN_POINT('Ctrl Pts',(-6.7542733734925,7.3108029016832,3.91607254005011));
#3680=CARTESIAN_POINT('Ctrl Pts',(-6.65142735223953,7.42732849281625,3.85649615374144));
#3681=CARTESIAN_POINT('Ctrl Pts',(-6.39244336756721,7.64362839425506,3.73737206888948));
#3682=CARTESIAN_POINT('Ctrl Pts',(-6.18438825941991,7.75037601766918,3.67144947012003));
#3683=CARTESIAN_POINT('Ctrl Pts',(-6.03438634058701,7.81493727160314,3.6299443588294));
#3684=CARTESIAN_POINT('Ctrl Pts',(-7.12041032011082,7.35935270344696,3.7568066009143));
#3685=CARTESIAN_POINT('Ctrl Pts',(-7.0552454689231,7.43674545491652,3.72705288283406));
#3686=CARTESIAN_POINT('Ctrl Pts',(-6.91149510419284,7.5828311856909,3.66545147869911));
#3687=CARTESIAN_POINT('Ctrl Pts',(-6.57722524598325,7.84321230424761,3.53140798021863));
#3688=CARTESIAN_POINT('Ctrl Pts',(-6.33920612082268,7.96350908371403,3.45008694544357));
#3689=CARTESIAN_POINT('Ctrl Pts',(-6.17301986500095,8.03666113148435,3.39735815141581));
#3690=CARTESIAN_POINT('Ctrl Pts',(-7.34524452300543,7.37099823739532,3.48103874972251));
#3691=CARTESIAN_POINT('Ctrl Pts',(-7.27192984527393,7.46335156486439,3.4573902436852));
#3692=CARTESIAN_POINT('Ctrl Pts',(-7.10666316812371,7.63843670933681,3.40342288199877));
#3693=CARTESIAN_POINT('Ctrl Pts',(-6.72285609619313,7.93896960788889,3.26687767348629));
#3694=CARTESIAN_POINT('Ctrl Pts',(-6.46046384762161,8.06517731106161,3.17158324388937));
#3695=CARTESIAN_POINT('Ctrl Pts',(-6.28152985813924,8.1402283457929,3.10876814555619));
#3696=CARTESIAN_POINT('',(-5.90490346300041,7.53787001712495,3.74063626856257));
#3697=CARTESIAN_POINT('Origin',(-5.99689996952112,7.04226084234723,2.60771606454813));
#3698=CARTESIAN_POINT('Ctrl Pts',(-6.49109517978757,7.07677604780878,3.98667969788875));
#3699=CARTESIAN_POINT('Ctrl Pts',(-6.46430874859706,7.12586523603816,3.96436528483863));
#3700=CARTESIAN_POINT('Ctrl Pts',(-6.40159431682633,7.21758073280625,3.92086237325359));
#3701=CARTESIAN_POINT('Ctrl Pts',(-6.21701416666497,7.39365975404303,3.82984734307306));
#3702=CARTESIAN_POINT('Ctrl Pts',(-6.03871137298991,7.48425890145033,3.77495467944845));
#3703=CARTESIAN_POINT('Ctrl Pts',(-5.90490346300041,7.53787001712495,3.74063626856257));
#3704=CARTESIAN_POINT('Ctrl Pts',(-5.90490346300041,7.53787001712495,3.74063626856257));
#3705=CARTESIAN_POINT('Ctrl Pts',(-5.89691000885025,7.54107265286688,3.73858614578624));
#3706=CARTESIAN_POINT('Ctrl Pts',(-5.88074363050061,7.54705955336822,3.73465728103595));
#3707=CARTESIAN_POINT('Ctrl Pts',(-5.8482303052897,7.55854894592287,3.72701018341037));
#3708=CARTESIAN_POINT('Ctrl Pts',(-5.79093031676818,7.57761041590128,3.7140892888324));
#3709=CARTESIAN_POINT('Ctrl Pts',(-5.67541898480127,7.61314629094444,3.68946496220893));
#3710=CARTESIAN_POINT('Ctrl Pts',(-5.3746438561623,7.69518174407335,3.63081469771167));
#3711=CARTESIAN_POINT('Ctrl Pts',(-5.10278975966278,7.75281077504468,3.58730138905138));
#3712=CARTESIAN_POINT('Ctrl Pts',(-4.48695719958804,7.86716100950987,3.49982025957231));
#3713=CARTESIAN_POINT('Ctrl Pts',(-4.07112256022529,7.92471387581371,3.45451191075854));
#3714=CARTESIAN_POINT('Ctrl Pts',(-2.45103804339601,8.09802937496605,3.31765771392534));
#3715=CARTESIAN_POINT('Ctrl Pts',(-1.22500859416364,8.16854455451722,3.27381717322276));
#3716=CARTESIAN_POINT('Ctrl Pts',(-4.19463019947038E-15,8.16854443066361,
3.27381722526023));
#3717=CARTESIAN_POINT('Ctrl Pts',(-6.03438634058701,7.81493727160315,3.6299443588294));
#3718=CARTESIAN_POINT('Ctrl Pts',(-6.0205086938606,7.82083631857655,3.62616711690738));
#3719=CARTESIAN_POINT('Ctrl Pts',(-6.00077914773941,7.82878662113986,3.6209590802601));
#3720=CARTESIAN_POINT('Ctrl Pts',(-5.96316225696251,7.84338098754112,3.61128734675007));
#3721=CARTESIAN_POINT('Ctrl Pts',(-5.90059108574661,7.86634799393754,3.59581958318516));
#3722=CARTESIAN_POINT('Ctrl Pts',(-5.77799589171448,7.90825125733399,3.56707992835282));
#3723=CARTESIAN_POINT('Ctrl Pts',(-5.46478989907061,8.00386971838411,3.49986074527462));
#3724=CARTESIAN_POINT('Ctrl Pts',(-5.1854856206744,8.07116323888493,3.45059908219128));
#3725=CARTESIAN_POINT('Ctrl Pts',(-4.55407137892141,8.20495934194575,3.35193456933712));
#3726=CARTESIAN_POINT('Ctrl Pts',(-4.13070700046426,8.27268595951832,3.30125323660054));
#3727=CARTESIAN_POINT('Ctrl Pts',(-2.48329311537525,8.47719881004809,3.14886198176906));
#3728=CARTESIAN_POINT('Ctrl Pts',(-1.24827375070668,8.5576759718075,3.10162101658678));
#3729=CARTESIAN_POINT('Ctrl Pts',(4.78377141584335E-8,8.55829895488647,
3.10125426696536));
#3730=CARTESIAN_POINT('Ctrl Pts',(-6.17301986500094,8.03666113148435,3.39735815141581));
#3731=CARTESIAN_POINT('Ctrl Pts',(-6.14558046370204,8.0481048128215,3.3891971354549));
#3732=CARTESIAN_POINT('Ctrl Pts',(-6.12944963260074,8.05481180804616,3.38413417964331));
#3733=CARTESIAN_POINT('Ctrl Pts',(-6.08244221829999,8.07357672791952,3.37002680152194));
#3734=CARTESIAN_POINT('Ctrl Pts',(-6.01762905657264,8.09818885935985,3.35093994440951));
#3735=CARTESIAN_POINT('Ctrl Pts',(-5.88598512189983,8.14517919437346,3.31384942573551));
#3736=CARTESIAN_POINT('Ctrl Pts',(-5.5629745717886,8.2483275287665,3.22959608989673));
#3737=CARTESIAN_POINT('Ctrl Pts',(-5.27448439235701,8.32167710507841,3.16665498566801));
#3738=CARTESIAN_POINT('Ctrl Pts',(-4.6282719548598,8.46593758105086,3.04096324722313));
#3739=CARTESIAN_POINT('Ctrl Pts',(-4.19688313907447,8.53885175621525,2.97572979427869));
#3740=CARTESIAN_POINT('Ctrl Pts',(-2.51692441578336,8.75858791442259,2.77832329361134));
#3741=CARTESIAN_POINT('Ctrl Pts',(-1.27816076527812,8.84503102166697,2.71416688396977));
#3742=CARTESIAN_POINT('Ctrl Pts',(9.43228099464061E-8,8.84502080712588,
2.71484216926465));
#3743=CARTESIAN_POINT('Ctrl Pts',(-6.28152985813923,8.14022834579291,3.10876814555618));
#3744=CARTESIAN_POINT('Ctrl Pts',(-6.2498243476302,8.15297801115774,3.09884027076198));
#3745=CARTESIAN_POINT('Ctrl Pts',(-6.2310090586847,8.16019030978213,3.09209732708302));
#3746=CARTESIAN_POINT('Ctrl Pts',(-6.18008255509398,8.17949129603516,3.07511523844169));
#3747=CARTESIAN_POINT('Ctrl Pts',(-6.11103950715851,8.20413580477898,3.05189386047641));
#3748=CARTESIAN_POINT('Ctrl Pts',(-5.97343656080714,8.25037331196421,3.00747215925405));
#3749=CARTESIAN_POINT('Ctrl Pts',(-5.63939561299042,8.35002567513873,2.90649057822711));
#3750=CARTESIAN_POINT('Ctrl Pts',(-5.34392127229107,8.41928163200098,2.83117915556515));
#3751=CARTESIAN_POINT('Ctrl Pts',(-4.68325091233248,8.55422605012419,2.68076529540305));
#3752=CARTESIAN_POINT('Ctrl Pts',(-4.24461440018498,8.62092668342088,2.60270733022668));
#3753=CARTESIAN_POINT('Ctrl Pts',(-2.53971156876225,8.81958770028702,2.36674348024891));
#3754=CARTESIAN_POINT('Ctrl Pts',(-1.29257179847345,8.89721010324405,2.29180211576401));
#3755=CARTESIAN_POINT('Ctrl Pts',(1.18135698443053E-7,8.89720997177333,
2.29180215363838));
#3756=CARTESIAN_POINT('',(-4.19463020012754E-15,8.16854443066361,3.27381722526023));
#3757=CARTESIAN_POINT('Origin',(-2.59017490496144E-9,7.66653964539071,2.13997808518651));
#3758=CARTESIAN_POINT('Ctrl Pts',(-5.90490346300041,7.53787001712495,3.74063626856257));
#3759=CARTESIAN_POINT('Ctrl Pts',(-5.89691000885025,7.54107265286688,3.73858614578624));
#3760=CARTESIAN_POINT('Ctrl Pts',(-5.88074363050061,7.54705955336822,3.73465728103595));
#3761=CARTESIAN_POINT('Ctrl Pts',(-5.8482303052897,7.55854894592287,3.72701018341037));
#3762=CARTESIAN_POINT('Ctrl Pts',(-5.79093031676818,7.57761041590128,3.7140892888324));
#3763=CARTESIAN_POINT('Ctrl Pts',(-5.67541898480127,7.61314629094444,3.68946496220893));
#3764=CARTESIAN_POINT('Ctrl Pts',(-5.3746438561623,7.69518174407335,3.63081469771167));
#3765=CARTESIAN_POINT('Ctrl Pts',(-5.10278975966278,7.75281077504468,3.58730138905138));
#3766=CARTESIAN_POINT('Ctrl Pts',(-4.48695719958804,7.86716100950987,3.49982025957231));
#3767=CARTESIAN_POINT('Ctrl Pts',(-4.07112256022529,7.92471387581371,3.45451191075854));
#3768=CARTESIAN_POINT('Ctrl Pts',(-2.45103804339601,8.09802937496605,3.31765771392534));
#3769=CARTESIAN_POINT('Ctrl Pts',(-1.22500859416364,8.16854455451722,3.27381717322276));
#3770=CARTESIAN_POINT('Ctrl Pts',(-4.19463019947038E-15,8.16854443066361,
3.27381722526023));
#3771=CARTESIAN_POINT('Ctrl Pts',(-5.18034430800082E-9,8.16854443066361,
3.27381722526023));
#3772=CARTESIAN_POINT('Ctrl Pts',(0.0547845955931636,8.16854442513266,3.27381722783419));
#3773=CARTESIAN_POINT('Ctrl Pts',(0.161259270823919,8.16816643258833,3.27414615874955));
#3774=CARTESIAN_POINT('Ctrl Pts',(0.375761701982783,8.16602918069443,3.27609279307626));
#3775=CARTESIAN_POINT('Ctrl Pts',(0.749522719143346,8.15900507340285,3.28280821205305));
#3776=CARTESIAN_POINT('Ctrl Pts',(1.49460802698435,8.13318900612163,3.30955831917644));
#3777=CARTESIAN_POINT('Ctrl Pts',(2.12584622210867,8.09312871820654,3.35688763300245));
#3778=CARTESIAN_POINT('Ctrl Pts',(2.87308146790686,8.02644546561336,3.4398788143489));
#3779=CARTESIAN_POINT('Ctrl Pts',(3.20138822011142,7.99013997222767,3.48614903670475));
#3780=CARTESIAN_POINT('Ctrl Pts',(3.8722954154022,7.89147933112399,3.60861153018643));
#3781=CARTESIAN_POINT('Ctrl Pts',(4.38510099706606,7.79625612528343,3.72600056144064));
#3782=CARTESIAN_POINT('Ctrl Pts',(4.93203440578919,7.62436389183148,3.90880782242185));
#3783=CARTESIAN_POINT('Ctrl Pts',(5.16556123507416,7.52821606539189,4.00158021108544));
#3784=CARTESIAN_POINT('Ctrl Pts',(5.26112786821053,7.48455959147213,4.04204854911566));
#3785=CARTESIAN_POINT('Ctrl Pts',(5.31789771632234,7.45721256188116,4.06688323954429));
#3786=CARTESIAN_POINT('Ctrl Pts',(5.37403745568829,7.42861522128593,4.09228070452647));
#3787=CARTESIAN_POINT('Ctrl Pts',(5.42022457451711,7.40363653554091,4.11392755345086));
#3788=CARTESIAN_POINT('Ctrl Pts',(5.4567392296588,7.3828426240155,4.13155585760819));
#3789=CARTESIAN_POINT('Ctrl Pts',(5.47483126426834,7.37213296545909,4.14048421896895));
#3790=CARTESIAN_POINT('Ctrl Pts',(5.48997205922324,7.36295389030578,4.14805570140966));
#3791=CARTESIAN_POINT('Ctrl Pts',(5.49915707652329,7.3572968966443,4.15268971199535));
#3792=CARTESIAN_POINT('Ctrl Pts',(5.5112990587954,7.34956737981004,4.15892739792305));
#3793=CARTESIAN_POINT('Ctrl Pts',(5.51732423432036,7.34562182901375,4.16207073808819));
#3794=CARTESIAN_POINT('Ctrl Pts',(5.52031487300835,7.34361134178655,4.16365315945285));
#3795=CARTESIAN_POINT('Ctrl Pts',(4.37237157000801E-8,8.55829895488647,
3.10125426696535));
#3796=CARTESIAN_POINT('Ctrl Pts',(0.0560744897295555,8.5582984993368,3.101255277927));
#3797=CARTESIAN_POINT('Ctrl Pts',(0.165008521143179,8.55786614693658,3.10160839533285));
#3798=CARTESIAN_POINT('Ctrl Pts',(0.384090379412017,8.55540937937023,3.10371342299991));
#3799=CARTESIAN_POINT('Ctrl Pts',(0.765191862303658,8.54731697185226,3.11094808113783));
#3800=CARTESIAN_POINT('Ctrl Pts',(1.52365486459403,8.51742775498797,3.13977646825033));
#3801=CARTESIAN_POINT('Ctrl Pts',(2.16649350930072,8.47073472955689,3.19076564316786));
#3802=CARTESIAN_POINT('Ctrl Pts',(2.93013383457997,8.39329900246374,3.28066318127504));
#3803=CARTESIAN_POINT('Ctrl Pts',(3.26656961243621,8.35121769486243,3.33090157642877));
#3804=CARTESIAN_POINT('Ctrl Pts',(3.95763621341401,8.23786548594385,3.46497394551011));
#3805=CARTESIAN_POINT('Ctrl Pts',(4.488784845871,8.12907357356502,3.59407779248784));
#3806=CARTESIAN_POINT('Ctrl Pts',(5.06393268425796,7.93638587343682,3.79892297145842));
#3807=CARTESIAN_POINT('Ctrl Pts',(5.31249419597805,7.829305910642,3.90415027106994));
#3808=CARTESIAN_POINT('Ctrl Pts',(5.4150322127283,7.78071084371427,3.95035634771382));
#3809=CARTESIAN_POINT('Ctrl Pts',(5.47625615498484,7.75026215549782,3.97883048987876));
#3810=CARTESIAN_POINT('Ctrl Pts',(5.5372767239943,7.71837177679985,4.00812023500252));
#3811=CARTESIAN_POINT('Ctrl Pts',(5.58809285902193,7.69041567607368,4.03330980594369));
#3812=CARTESIAN_POINT('Ctrl Pts',(5.62907935784665,7.66694642423082,4.05412394780017));
#3813=CARTESIAN_POINT('Ctrl Pts',(5.64988634836003,7.654720178599,4.06485357338067));
#3814=CARTESIAN_POINT('Ctrl Pts',(5.66777255681978,7.64409385683332,4.07413346807313));
#3815=CARTESIAN_POINT('Ctrl Pts',(5.67880237033774,7.63749164400965,4.07988051012881));
#3816=CARTESIAN_POINT('Ctrl Pts',(5.69448903805843,7.62809696427203,4.08804802636505));
#3817=CARTESIAN_POINT('Ctrl Pts',(5.70312682912164,7.62300331707033,4.09250001107751));
#3818=CARTESIAN_POINT('Ctrl Pts',(5.70835385216887,7.62006618174415,4.09511644621631));
#3819=CARTESIAN_POINT('Ctrl Pts',(9.22472187244266E-8,8.84502080712588,
2.71484216926464));
#3820=CARTESIAN_POINT('Ctrl Pts',(0.0564184748192777,8.84502144651042,2.71484163917977));
#3821=CARTESIAN_POINT('Ctrl Pts',(0.168978252664075,8.84455703134882,2.71527871301939));
#3822=CARTESIAN_POINT('Ctrl Pts',(0.39321827014904,8.84193832016443,2.71785137920045));
#3823=CARTESIAN_POINT('Ctrl Pts',(0.783706517455989,8.83329494529154,2.72670593026472));
#3824=CARTESIAN_POINT('Ctrl Pts',(1.55920629293851,8.80139920603833,2.76182485267916));
#3825=CARTESIAN_POINT('Ctrl Pts',(2.21768106850029,8.75148659920913,2.82346036220551));
#3826=CARTESIAN_POINT('Ctrl Pts',(3.00265979263807,8.66877862320315,2.93120552759546));
#3827=CARTESIAN_POINT('Ctrl Pts',(3.3495539455556,8.62380985605241,2.99118268228661));
#3828=CARTESIAN_POINT('Ctrl Pts',(4.065342403144,8.50296474635975,3.1504666813705));
#3829=CARTESIAN_POINT('Ctrl Pts',(4.61827188014106,8.38702686661809,3.30334637857084));
#3830=CARTESIAN_POINT('Ctrl Pts',(5.22440668980218,8.1819136062267,3.54431060630341));
#3831=CARTESIAN_POINT('Ctrl Pts',(5.48906921307799,8.06768776638592,3.66773608844983));
#3832=CARTESIAN_POINT('Ctrl Pts',(5.59898155384445,8.0157149457491,3.72191894765526));
#3833=CARTESIAN_POINT('Ctrl Pts',(5.6649194023869,7.9830862190732,3.75530676162619));
#3834=CARTESIAN_POINT('Ctrl Pts',(5.73107826274144,7.94880064315697,3.78967910676123));
#3835=CARTESIAN_POINT('Ctrl Pts',(5.78671149520089,7.91860111712925,3.81927494901917));
#3836=CARTESIAN_POINT('Ctrl Pts',(5.83239190006361,7.89297109052034,3.84384831371208));
#3837=CARTESIAN_POINT('Ctrl Pts',(5.85599815461402,7.87947443278245,3.85657532386186));
#3838=CARTESIAN_POINT('Ctrl Pts',(5.87676750664513,7.8675545810735,3.86767382551764));
#3839=CARTESIAN_POINT('Ctrl Pts',(5.88953153235998,7.86018278754062,3.87451789696931));
#3840=CARTESIAN_POINT('Ctrl Pts',(5.90911142430231,7.84907293325096,3.8845634699009));
#3841=CARTESIAN_POINT('Ctrl Pts',(5.92009742432523,7.84296946159768,3.89004424994476));
#3842=CARTESIAN_POINT('Ctrl Pts',(5.92818100879991,7.83877737624318,3.89362175352909));
#3843=CARTESIAN_POINT('Ctrl Pts',(1.18135699835896E-7,8.89720997177333,
2.29180215363838));
#3844=CARTESIAN_POINT('Ctrl Pts',(0.057417254376142,8.89720996589575,2.29180215562508));
#3845=CARTESIAN_POINT('Ctrl Pts',(0.171928698871598,8.89678370169919,2.29229978281904));
#3846=CARTESIAN_POINT('Ctrl Pts',(0.399965068195438,8.89438160717282,2.29523688577839));
#3847=CARTESIAN_POINT('Ctrl Pts',(0.796939566798512,8.88650807487882,2.30533231427599));
#3848=CARTESIAN_POINT('Ctrl Pts',(1.58556724261554,8.85763241801784,2.34532923093844));
#3849=CARTESIAN_POINT('Ctrl Pts',(2.25699090591516,8.81280270987193,2.41532132295183));
#3850=CARTESIAN_POINT('Ctrl Pts',(3.06035510816347,8.73784977367275,2.53734557627091));
#3851=CARTESIAN_POINT('Ctrl Pts',(3.41640822583453,8.69696830490568,2.60523824537508));
#3852=CARTESIAN_POINT('Ctrl Pts',(4.15414403843419,8.58525320903744,2.78533273814391));
#3853=CARTESIAN_POINT('Ctrl Pts',(4.72651874492014,8.47720571397439,2.95815428687316));
#3854=CARTESIAN_POINT('Ctrl Pts',(5.36015989835741,8.27902864831664,3.22976181929689));
#3855=CARTESIAN_POINT('Ctrl Pts',(5.63879940143857,8.16649647441622,3.36849854371586));
#3856=CARTESIAN_POINT('Ctrl Pts',(5.7550251452395,8.11483710059352,3.42930606538697));
#3857=CARTESIAN_POINT('Ctrl Pts',(5.82493698851469,8.0822460571181,3.4667481809092));
#3858=CARTESIAN_POINT('Ctrl Pts',(5.89536187488636,8.04778076615838,3.50525444805449));
#3859=CARTESIAN_POINT('Ctrl Pts',(5.95493207275388,8.01715779442867,3.53837636631614));
#3860=CARTESIAN_POINT('Ctrl Pts',(6.00428265316791,7.99084292766398,3.56584989838379));
#3861=CARTESIAN_POINT('Ctrl Pts',(6.03004761515513,7.97679467473615,3.58007328680602));
#3862=CARTESIAN_POINT('Ctrl Pts',(6.05294403071766,7.96421349968043,3.59247353819265));
#3863=CARTESIAN_POINT('Ctrl Pts',(6.06712000997274,7.95636502594674,3.60012647376755));
#3864=CARTESIAN_POINT('Ctrl Pts',(6.08931114885612,7.94415700531683,3.61134946763217));
#3865=CARTESIAN_POINT('Ctrl Pts',(6.10216606878712,7.93714560650493,3.61749550704301));
#3866=CARTESIAN_POINT('Ctrl Pts',(6.11180598662678,7.93209972501288,3.62148938864175));
#3867=CARTESIAN_POINT('',(5.52031487300835,7.34361134178655,4.16365315945285));
#3868=CARTESIAN_POINT('Origin',(5.79775479900081,6.87837325851278,3.0482247156085));
#3869=CARTESIAN_POINT('Ctrl Pts',(-4.19927012823729E-15,8.16854443066361,
3.27381722526023));
#3870=CARTESIAN_POINT('Ctrl Pts',(0.0547845989491859,8.16854442512074,3.27381722784456));
#3871=CARTESIAN_POINT('Ctrl Pts',(0.161259272514169,8.16816643257149,3.27414615876489));
#3872=CARTESIAN_POINT('Ctrl Pts',(0.375761701982783,8.16602918069443,3.27609279307626));
#3873=CARTESIAN_POINT('Ctrl Pts',(0.749522719143346,8.15900507340285,3.28280821205305));
#3874=CARTESIAN_POINT('Ctrl Pts',(1.49460802698435,8.13318900612163,3.30955831917644));
#3875=CARTESIAN_POINT('Ctrl Pts',(2.12584622210867,8.09312871820654,3.35688763300245));
#3876=CARTESIAN_POINT('Ctrl Pts',(2.87308146790686,8.02644546561336,3.4398788143489));
#3877=CARTESIAN_POINT('Ctrl Pts',(3.20138822011142,7.99013997222767,3.48614903670475));
#3878=CARTESIAN_POINT('Ctrl Pts',(3.8722954154022,7.89147933112399,3.60861153018643));
#3879=CARTESIAN_POINT('Ctrl Pts',(4.38510099706606,7.79625612528343,3.72600056144064));
#3880=CARTESIAN_POINT('Ctrl Pts',(4.93203440578919,7.62436389183148,3.90880782242185));
#3881=CARTESIAN_POINT('Ctrl Pts',(5.16556123507416,7.52821606539189,4.00158021108544));
#3882=CARTESIAN_POINT('Ctrl Pts',(5.26112786821053,7.48455959147213,4.04204854911566));
#3883=CARTESIAN_POINT('Ctrl Pts',(5.31789771632234,7.45721256188116,4.06688323954429));
#3884=CARTESIAN_POINT('Ctrl Pts',(5.37403745568829,7.42861522128593,4.09228070452647));
#3885=CARTESIAN_POINT('Ctrl Pts',(5.42022457451711,7.40363653554091,4.11392755345086));
#3886=CARTESIAN_POINT('Ctrl Pts',(5.4567392296588,7.3828426240155,4.13155585760819));
#3887=CARTESIAN_POINT('Ctrl Pts',(5.47483126426834,7.37213296545909,4.14048421896895));
#3888=CARTESIAN_POINT('Ctrl Pts',(5.48997205922324,7.36295389030578,4.14805570140966));
#3889=CARTESIAN_POINT('Ctrl Pts',(5.49915707652329,7.3572968966443,4.15268971199535));
#3890=CARTESIAN_POINT('Ctrl Pts',(5.5112990587954,7.34956737981004,4.15892739792305));
#3891=CARTESIAN_POINT('Ctrl Pts',(5.51732423432036,7.34562182901375,4.16207073808819));
#3892=CARTESIAN_POINT('Ctrl Pts',(5.52031487300835,7.34361134178655,4.16365315945285));
#3893=CARTESIAN_POINT('Ctrl Pts',(5.52031487300836,7.34361134178654,4.16365315945286));
#3894=CARTESIAN_POINT('Ctrl Pts',(5.58776660877108,7.29826622746433,4.19934355167018));
#3895=CARTESIAN_POINT('Ctrl Pts',(5.65266074950389,7.24841805559884,4.23653488832709));
#3896=CARTESIAN_POINT('Ctrl Pts',(5.71349251597009,7.1926724458349,4.27501141474347));
#3897=CARTESIAN_POINT('Ctrl Pts',(5.70835385216887,7.62006618174415,4.09511644621632));
#3898=CARTESIAN_POINT('Ctrl Pts',(5.78507443345189,7.56948370788357,4.13735202884688));
#3899=CARTESIAN_POINT('Ctrl Pts',(5.86088013618765,7.51404102267772,4.18182852549205));
#3900=CARTESIAN_POINT('Ctrl Pts',(5.93536535810725,7.45141458777024,4.22913521851121));
#3901=CARTESIAN_POINT('Ctrl Pts',(5.92818100879992,7.83877737624318,3.89362175352909));
#3902=CARTESIAN_POINT('Ctrl Pts',(6.01470325371898,7.78368922000906,3.94266449868163));
#3903=CARTESIAN_POINT('Ctrl Pts',(6.10212315214723,7.72304819367742,3.99386362967598));
#3904=CARTESIAN_POINT('Ctrl Pts',(6.19128091697145,7.65340663502422,4.0477571573162));
#3905=CARTESIAN_POINT('Ctrl Pts',(6.11180598662678,7.93209972501288,3.62148938864175));
#3906=CARTESIAN_POINT('Ctrl Pts',(6.20577528723491,7.87479752038461,3.67533830102268));
#3907=CARTESIAN_POINT('Ctrl Pts',(6.30180206701576,7.81070531467684,3.73085878120137));
#3908=CARTESIAN_POINT('Ctrl Pts',(6.40098105147358,7.73530149647298,3.78775953284604));
#3909=CARTESIAN_POINT('',(5.71349251597009,7.1926724458349,4.27501141474347));
#3910=CARTESIAN_POINT('Origin',(6.00756849354678,6.74239714026077,3.15770596474225));
#3911=CARTESIAN_POINT('Ctrl Pts',(5.52031487300836,7.34361134178654,4.16365315945286));
#3912=CARTESIAN_POINT('Ctrl Pts',(5.58776660877108,7.29826622746433,4.19934355167018));
#3913=CARTESIAN_POINT('Ctrl Pts',(5.65266074950389,7.24841805559884,4.23653488832709));
#3914=CARTESIAN_POINT('Ctrl Pts',(5.71349251597009,7.1926724458349,4.27501141474347));
#3915=CARTESIAN_POINT('Ctrl Pts',(5.71323003034412,7.19264599119382,4.27495299169527));
#3916=CARTESIAN_POINT('Ctrl Pts',(5.77758289781657,7.13053453185252,4.31690304718903));
#3917=CARTESIAN_POINT('Ctrl Pts',(5.8981014031511,6.99493160911164,4.40250032429266));
#3918=CARTESIAN_POINT('Ctrl Pts',(6.03304955044384,6.74507940792169,4.53108388736408));
#3919=CARTESIAN_POINT('Ctrl Pts',(6.11368006484812,6.46211844109904,4.64864632477627));
#3920=CARTESIAN_POINT('Ctrl Pts',(6.15741556675351,6.21748235934832,4.73613470185568));
#3921=CARTESIAN_POINT('Ctrl Pts',(6.18572016941991,6.01919517877948,4.80120198077836));
#3922=CARTESIAN_POINT('Ctrl Pts',(6.19828514468764,5.91952116458537,4.83217967259277));
#3923=CARTESIAN_POINT('Ctrl Pts',(6.20455372527395,5.86761078391657,4.84791862198859));
#3924=CARTESIAN_POINT('Ctrl Pts',(6.20478898156995,5.86565956613422,4.84850965026431));
#3925=CARTESIAN_POINT('Ctrl Pts',(6.21021679145885,5.82055312657205,4.86215867990699));
#3926=CARTESIAN_POINT('Ctrl Pts',(6.21521782221715,5.77732273954915,4.874955128179));
#3927=CARTESIAN_POINT('Ctrl Pts',(6.22009284547946,5.73403098056159,4.88750835207218));
#3928=CARTESIAN_POINT('Ctrl Pts',(5.82413557750123,7.32208299538487,4.25200812689479));
#3929=CARTESIAN_POINT('Ctrl Pts',(5.89602057704931,7.25657070275461,4.29895904324042));
#3930=CARTESIAN_POINT('Ctrl Pts',(6.03302578416829,7.11424018064422,4.39500263518386));
#3931=CARTESIAN_POINT('Ctrl Pts',(6.20938774688928,6.8392975188496,4.54882994379943));
#3932=CARTESIAN_POINT('Ctrl Pts',(6.32069629611498,6.53170029457481,4.68655806967862));
#3933=CARTESIAN_POINT('Ctrl Pts',(6.37605981563212,6.2764169575787,4.78240460859472));
#3934=CARTESIAN_POINT('Ctrl Pts',(6.4112869259117,6.07192048243633,4.85248497370267));
#3935=CARTESIAN_POINT('Ctrl Pts',(6.42593367687523,5.9703217689202,4.88510543320788));
#3936=CARTESIAN_POINT('Ctrl Pts',(6.43338141656517,5.91738017970352,4.90174001250214));
#3937=CARTESIAN_POINT('Ctrl Pts',(6.43365151783208,5.91539717499731,4.90235927538906));
#3938=CARTESIAN_POINT('Ctrl Pts',(6.43999809106888,5.86947501763572,4.91672502337114));
#3939=CARTESIAN_POINT('Ctrl Pts',(6.44576324337777,5.82558324789352,4.93012978465559));
#3940=CARTESIAN_POINT('Ctrl Pts',(6.45131790191957,5.78172083775039,4.94323533784372));
#3941=CARTESIAN_POINT('Ctrl Pts',(6.06310753598823,7.55454279235545,4.14070636337623));
#3942=CARTESIAN_POINT('Ctrl Pts',(6.14977227591612,7.48337477576912,4.19569056980504));
#3943=CARTESIAN_POINT('Ctrl Pts',(6.32263433010328,7.32567932818557,4.30962892538561));
#3944=CARTESIAN_POINT('Ctrl Pts',(6.5863813254011,6.99752608746585,4.49570938270502));
#3945=CARTESIAN_POINT('Ctrl Pts',(6.76701517241691,6.63479265128629,4.65150201765534));
#3946=CARTESIAN_POINT('Ctrl Pts',(6.84907175591452,6.3574692403121,4.75252786620175));
#3947=CARTESIAN_POINT('Ctrl Pts',(6.89959555705038,6.14121160093424,4.82523055589265));
#3948=CARTESIAN_POINT('Ctrl Pts',(6.91985034431691,6.03562643675488,4.8587439540045));
#3949=CARTESIAN_POINT('Ctrl Pts',(6.92973763698717,5.98109191672044,4.87573142018037));
#3950=CARTESIAN_POINT('Ctrl Pts',(6.93010652702922,5.97904250647464,4.87636678843949));
#3951=CARTESIAN_POINT('Ctrl Pts',(6.93862553748042,5.93168987243971,4.89106413523253));
#3952=CARTESIAN_POINT('Ctrl Pts',(6.94621773930398,5.88669347628716,4.90473594212713));
#3953=CARTESIAN_POINT('Ctrl Pts',(6.95340134490798,5.84193886068422,4.91807760311688));
#3954=CARTESIAN_POINT('Ctrl Pts',(6.29572899698924,7.6946386132858,3.91756144734034));
#3955=CARTESIAN_POINT('Ctrl Pts',(6.39535371474979,7.61815185651405,3.97701643644259));
#3956=CARTESIAN_POINT('Ctrl Pts',(6.59891108613542,7.4447998463638,4.09887322555441));
#3957=CARTESIAN_POINT('Ctrl Pts',(6.9301473282634,7.05747413731991,4.27878645650677));
#3958=CARTESIAN_POINT('Ctrl Pts',(7.1538137038718,6.63715997100187,4.40430391813955));
#3959=CARTESIAN_POINT('Ctrl Pts',(7.24941191728592,6.34093846613057,4.48681881396764));
#3960=CARTESIAN_POINT('Ctrl Pts',(7.30750218580562,6.11576728437067,4.54785926758575));
#3961=CARTESIAN_POINT('Ctrl Pts',(7.33038135042938,6.00775584687899,4.57662611296144));
#3962=CARTESIAN_POINT('Ctrl Pts',(7.34139420848837,5.95247855943755,4.59143469445314));
#3963=CARTESIAN_POINT('Ctrl Pts',(7.34180993829136,5.95039284598707,4.59198604134911));
#3964=CARTESIAN_POINT('Ctrl Pts',(7.35134309003184,5.9023297399153,4.60478040281926));
#3965=CARTESIAN_POINT('Ctrl Pts',(7.3597788550238,5.85691928596613,4.61678791963333));
#3966=CARTESIAN_POINT('Ctrl Pts',(7.3677139452161,5.81195999313514,4.62860697878321));
#3967=CARTESIAN_POINT('Ctrl Pts',(6.40055322534699,7.73562667546617,3.78751412836458));
#3968=CARTESIAN_POINT('Ctrl Pts',(6.5054381507069,7.65592839828182,3.84766520209746));
#3969=CARTESIAN_POINT('Ctrl Pts',(6.72132060754726,7.47604853141933,3.97206129527455));
#3970=CARTESIAN_POINT('Ctrl Pts',(7.07467529372751,7.05874427247965,4.14106611261426));
#3971=CARTESIAN_POINT('Ctrl Pts',(7.30546425655391,6.61304281874716,4.24479586255633));
#3972=CARTESIAN_POINT('Ctrl Pts',(7.40093263927429,6.30969853397798,4.3151440892726));
#3973=CARTESIAN_POINT('Ctrl Pts',(7.45889508076406,6.08115385721113,4.3685209789591));
#3974=CARTESIAN_POINT('Ctrl Pts',(7.48141342669376,5.97291122812277,4.39446136587827));
#3975=CARTESIAN_POINT('Ctrl Pts',(7.49235991564231,5.91737814888286,4.40782368297105));
#3976=CARTESIAN_POINT('Ctrl Pts',(7.49276901474093,5.91529354083956,4.40832575600508));
#3977=CARTESIAN_POINT('Ctrl Pts',(7.50220192242405,5.86712667346964,4.41992344188489));
#3978=CARTESIAN_POINT('Ctrl Pts',(7.51054139204113,5.82173285125115,4.43089291782692));
#3979=CARTESIAN_POINT('Ctrl Pts',(7.51838764470698,5.77687199723363,4.44176181568566));
#3980=CARTESIAN_POINT('',(6.22009284547946,5.73403098056159,4.88750835207218));
#3981=CARTESIAN_POINT('Origin',(6.55967461968165,5.43732925194664,3.73240995675402));
#3982=CARTESIAN_POINT('Ctrl Pts',(5.71334672807905,7.19253334746693,4.27502906794154));
#3983=CARTESIAN_POINT('Ctrl Pts',(5.77765574739952,7.13045255825238,4.31695478999989));
#3984=CARTESIAN_POINT('Ctrl Pts',(5.89812859480623,6.99488126462728,4.40252623350278));
#3985=CARTESIAN_POINT('Ctrl Pts',(6.03304955044384,6.74507940792169,4.53108388736408));
#3986=CARTESIAN_POINT('Ctrl Pts',(6.11368006484812,6.46211844109904,4.64864632477627));
#3987=CARTESIAN_POINT('Ctrl Pts',(6.15741556675351,6.21748235934832,4.73613470185568));
#3988=CARTESIAN_POINT('Ctrl Pts',(6.18572016941991,6.01919517877948,4.80120198077836));
#3989=CARTESIAN_POINT('Ctrl Pts',(6.19828514468764,5.91952116458537,4.83217967259277));
#3990=CARTESIAN_POINT('Ctrl Pts',(6.20455372527395,5.86761078391657,4.84791862198859));
#3991=CARTESIAN_POINT('Ctrl Pts',(6.20478898156995,5.86565956613422,4.84850965026431));
#3992=CARTESIAN_POINT('Ctrl Pts',(6.21021679145885,5.82055312657205,4.86215867990699));
#3993=CARTESIAN_POINT('Ctrl Pts',(6.21521782221715,5.77732273954915,4.874955128179));
#3994=CARTESIAN_POINT('Ctrl Pts',(6.22009284547946,5.73403098056159,4.88750835207218));
#3995=CARTESIAN_POINT('Ctrl Pts',(6.22009284547899,5.73403098056573,4.88750835207098));
#3996=CARTESIAN_POINT('Ctrl Pts',(6.22278148517799,5.71015500385886,4.89443162080107));
#3997=CARTESIAN_POINT('Ctrl Pts',(6.2278127041384,5.66230593812991,4.90806604240434));
#3998=CARTESIAN_POINT('Ctrl Pts',(6.2374832415721,5.56645352758895,4.93472073734258));
#3999=CARTESIAN_POINT('Ctrl Pts',(6.25379808999162,5.3984044470359,4.97986448780637));
#4000=CARTESIAN_POINT('Ctrl Pts',(6.27625940177346,5.1577217756433,5.04033093126641));
#4001=CARTESIAN_POINT('Ctrl Pts',(6.30206714008699,4.86821257157304,5.10668628257116));
#4002=CARTESIAN_POINT('Ctrl Pts',(6.32650152543494,4.5782853159045,5.16698078434009));
#4003=CARTESIAN_POINT('Ctrl Pts',(6.34933993543881,4.288216458363,5.22139732287114));
#4004=CARTESIAN_POINT('Ctrl Pts',(6.37041201869507,3.99824073490269,5.2701734899317));
#4005=CARTESIAN_POINT('Ctrl Pts',(6.38963395932558,3.70854900931183,5.31359797363941));
#4006=CARTESIAN_POINT('Ctrl Pts',(6.40699377732144,3.41929657458873,5.3519924191984));
#4007=CARTESIAN_POINT('Ctrl Pts',(6.42253730040603,3.13060997080122,5.38569845750739));
#4008=CARTESIAN_POINT('Ctrl Pts',(6.43634833392086,2.84257896900973,5.41506501250291));
#4009=CARTESIAN_POINT('Ctrl Pts',(6.4485300904913,2.55526176856675,5.44043537565794));
#4010=CARTESIAN_POINT('Ctrl Pts',(6.4574162475529,2.31645142761115,5.45852103325099));
#4011=CARTESIAN_POINT('Ctrl Pts',(6.46381853244641,2.12578027477149,5.47130884504587));
#4012=CARTESIAN_POINT('Ctrl Pts',(6.46827872946072,1.98296486059432,5.48009488557716));
#4013=CARTESIAN_POINT('Ctrl Pts',(6.47240852676339,1.84033661633864,5.48811060460164));
#4014=CARTESIAN_POINT('Ctrl Pts',(6.47621774977119,1.69789376536468,5.49538859015611));
#4015=CARTESIAN_POINT('Ctrl Pts',(6.47971494872911,1.55563379639761,5.50195988436656));
#4016=CARTESIAN_POINT('Ctrl Pts',(6.48290719838494,1.41355325097943,5.50785381105023));
#4017=CARTESIAN_POINT('Ctrl Pts',(6.48580001139629,1.27164775823722,5.51309804425198));
#4018=CARTESIAN_POINT('Ctrl Pts',(6.48839720750568,1.12991189456851,5.51771857161446));
#4019=CARTESIAN_POINT('Ctrl Pts',(6.49070079262999,0.988339262804188,5.52173969978722));
#4020=CARTESIAN_POINT('Ctrl Pts',(6.49271081536016,0.846922140288574,5.52518404174835));
#4021=CARTESIAN_POINT('Ctrl Pts',(6.4944251829886,0.705652038854824,5.5280724857222));
#4022=CARTESIAN_POINT('Ctrl Pts',(6.49583945539849,0.564518212142079,5.53042418750932));
#4023=CARTESIAN_POINT('Ctrl Pts',(6.49694650426585,0.423510734432204,5.5322564485179));
#4024=CARTESIAN_POINT('Ctrl Pts',(6.49773621046643,0.282613012864537,5.53358477445207));
#4025=CARTESIAN_POINT('Ctrl Pts',(6.49819464619732,0.141825493805856,5.53442234580617));
#4026=CARTESIAN_POINT('Ctrl Pts',(6.49826740893611,0.0480938499777294,5.53466106391997));
#4027=CARTESIAN_POINT('Ctrl Pts',(6.49824151105148,0.000825710044839904,
5.53470247815449));
#4028=CARTESIAN_POINT('Ctrl Pts',(6.49824128003764,0.000412854669187143,
5.53470283378235));
#4029=CARTESIAN_POINT('Ctrl Pts',(6.49824104419083,-8.71264865809351E-15,
5.53470318333147));
#4030=CARTESIAN_POINT('Ctrl Pts',(6.4513179019196,5.78172083775393,4.9432353378428));
#4031=CARTESIAN_POINT('Ctrl Pts',(6.45531557250925,5.7564505663269,4.95101391235928));
#4032=CARTESIAN_POINT('Ctrl Pts',(6.46158302184908,5.70749806607384,4.96550496014644));
#4033=CARTESIAN_POINT('Ctrl Pts',(6.47291779505498,5.61044470424396,4.99335791151255));
#4034=CARTESIAN_POINT('Ctrl Pts',(6.4913952069858,5.44118533213137,5.04012154595299));
#4035=CARTESIAN_POINT('Ctrl Pts',(6.51640419715035,5.1991200329156,5.10260218906996));
#4036=CARTESIAN_POINT('Ctrl Pts',(6.54485656001058,4.90765817428652,5.17122552798036));
#4037=CARTESIAN_POINT('Ctrl Pts',(6.57150809385816,4.61541527112017,5.23362022685324));
#4038=CARTESIAN_POINT('Ctrl Pts',(6.59611720891235,4.32271048893514,5.28993275021839));
#4039=CARTESIAN_POINT('Ctrl Pts',(6.61850459547191,4.0298914185139,5.34036314450753));
#4040=CARTESIAN_POINT('Ctrl Pts',(6.63861437527156,3.73725976927757,5.38518743774889));
#4041=CARTESIAN_POINT('Ctrl Pts',(6.65648274126941,3.44507377690859,5.42473118253306));
#4042=CARTESIAN_POINT('Ctrl Pts',(6.67221939252647,3.1535364284851,5.45935567300732));
#4043=CARTESIAN_POINT('Ctrl Pts',(6.68597576865958,2.86278997056046,5.4894375023365));
#4044=CARTESIAN_POINT('Ctrl Pts',(6.69792093890541,2.57292038463861,5.51535155324464));
#4045=CARTESIAN_POINT('Ctrl Pts',(6.70650762167443,2.33212614706869,5.53377329719426));
#4046=CARTESIAN_POINT('Ctrl Pts',(6.7126341969456,2.13995048411524,5.54677406569636));
#4047=CARTESIAN_POINT('Ctrl Pts',(6.71687483954828,1.99604598880035,5.55569499462854));
#4048=CARTESIAN_POINT('Ctrl Pts',(6.72077739612535,1.85236569885337,5.56382379166602));
#4049=CARTESIAN_POINT('Ctrl Pts',(6.72435608107458,1.70890492801096,5.57119571091928));
#4050=CARTESIAN_POINT('Ctrl Pts',(6.72762348398287,1.56565795287255,5.57784425385248));
#4051=CARTESIAN_POINT('Ctrl Pts',(6.73059025188588,1.42261771023392,5.58380092804982));
#4052=CARTESIAN_POINT('Ctrl Pts',(6.73326514758826,1.27977594202635,5.58909537164186));
#4053=CARTESIAN_POINT('Ctrl Pts',(6.73565493175391,1.13712302293935,5.59375531164963));
#4054=CARTESIAN_POINT('Ctrl Pts',(6.73776433227223,0.994648051434811,5.59780660065856));
#4055=CARTESIAN_POINT('Ctrl Pts',(6.73959595795001,0.852338438764966,5.60127321925259));
#4056=CARTESIAN_POINT('Ctrl Pts',(6.74115020017222,0.710180414235033,5.60417727098092));
#4057=CARTESIAN_POINT('Ctrl Pts',(6.74242511169511,0.568157386469154,5.60653899774085));
#4058=CARTESIAN_POINT('Ctrl Pts',(6.74341617486096,0.426252893526389,5.60837668518222));
#4059=CARTESIAN_POINT('Ctrl Pts',(6.74411612592789,0.284442749952071,5.60970675195489));
#4060=CARTESIAN_POINT('Ctrl Pts',(6.74451431794923,0.142718590025378,5.61054325433758));
#4061=CARTESIAN_POINT('Ctrl Pts',(6.74456921383559,0.0483394477289434,5.61077997873416));
#4062=CARTESIAN_POINT('Ctrl Pts',(6.74454072231624,0.000736478547043509,
5.6108202228247));
#4063=CARTESIAN_POINT('Ctrl Pts',(6.74454046925572,0.000320698578063821,
5.61082056822394));
#4064=CARTESIAN_POINT('Ctrl Pts',(6.74454021179307,-9.50800481861184E-5,
5.61082090752885));
#4065=CARTESIAN_POINT('Ctrl Pts',(6.95340259163744,5.84194014187515,4.91808135751047));
#4066=CARTESIAN_POINT('Ctrl Pts',(6.96117783872975,5.8128482868254,4.92626411294464));
#4067=CARTESIAN_POINT('Ctrl Pts',(6.96990653560942,5.76240927134916,4.94091321439616));
#4068=CARTESIAN_POINT('Ctrl Pts',(6.98553207654836,5.66309321583215,4.96904093493045));
#4069=CARTESIAN_POINT('Ctrl Pts',(7.00906384695368,5.49279012328619,5.01597770658928));
#4070=CARTESIAN_POINT('Ctrl Pts',(7.04045985307798,5.24960466048815,5.07876343255044));
#4071=CARTESIAN_POINT('Ctrl Pts',(7.07529534447903,4.95675507232945,5.14796042706755));
#4072=CARTESIAN_POINT('Ctrl Pts',(7.10748877451292,4.662287167856,5.21122649896381));
#4073=CARTESIAN_POINT('Ctrl Pts',(7.13651323915636,4.36683839541397,5.2686419994922));
#4074=CARTESIAN_POINT('Ctrl Pts',(7.16226111153949,4.0708080908796,5.32035933154087));
#4075=CARTESIAN_POINT('Ctrl Pts',(7.18468872127341,3.77473362058975,5.36658141190467));
#4076=CARTESIAN_POINT('Ctrl Pts',(7.20396467875253,3.47901346738294,5.407573787829));
#4077=CARTESIAN_POINT('Ctrl Pts',(7.220336263413,3.18398915448514,5.44364279531808));
#4078=CARTESIAN_POINT('Ctrl Pts',(7.23413270438319,2.88986638020716,5.47512562166694));
#4079=CARTESIAN_POINT('Ctrl Pts',(7.24565356022759,2.59681152176132,5.50236186317465));
#4080=CARTESIAN_POINT('Ctrl Pts',(7.253631092047,2.3535179165682,5.52180384292096));
#4081=CARTESIAN_POINT('Ctrl Pts',(7.2591793616725,2.15942932605829,5.53556495873816));
#4082=CARTESIAN_POINT('Ctrl Pts',(7.26295174341896,2.0141328146939,5.5450267337115));
#4083=CARTESIAN_POINT('Ctrl Pts',(7.26636354642612,1.86909958270923,5.55366588125707));
#4084=CARTESIAN_POINT('Ctrl Pts',(7.2694396937862,1.72432031283936,5.56151683899724));
#4085=CARTESIAN_POINT('Ctrl Pts',(7.27220238814557,1.57978406146794,5.56861239595682));
#4086=CARTESIAN_POINT('Ctrl Pts',(7.27467090603177,1.43547787110697,5.5749834465567));
#4087=CARTESIAN_POINT('Ctrl Pts',(7.27686177841311,1.29138702682783,5.58065903865231));
#4088=CARTESIAN_POINT('Ctrl Pts',(7.27878882210789,1.14749486222245,5.58566628823793));
#4089=CARTESIAN_POINT('Ctrl Pts',(7.28046326089675,1.00378281163652,5.59003035690343));
#4090=CARTESIAN_POINT('Ctrl Pts',(7.28189380061222,0.860229916357658,5.59377439617687));
#4091=CARTESIAN_POINT('Ctrl Pts',(7.28308673665667,0.716813144160493,5.59691947580639));
#4092=CARTESIAN_POINT('Ctrl Pts',(7.28404599473796,0.573505571802252,5.5994845164319));
#4093=CARTESIAN_POINT('Ctrl Pts',(7.28477326502442,0.430278840547492,5.60148610111307));
#4094=CARTESIAN_POINT('Ctrl Pts',(7.28526787914659,0.287095055238329,5.60293841856754));
#4095=CARTESIAN_POINT('Ctrl Pts',(7.28552716734658,0.143928956854722,5.6038526140952));
#4096=CARTESIAN_POINT('Ctrl Pts',(7.28553948374934,0.0485304648996472,5.60410880497866));
#4097=CARTESIAN_POINT('Ctrl Pts',(7.28550437530594,0.000393529330514281,
5.60414990042094));
#4098=CARTESIAN_POINT('Ctrl Pts',(7.28550406670871,-2.69150296500599E-5,
5.60415025278558));
#4099=CARTESIAN_POINT('Ctrl Pts',(7.28550375439033,-0.000447357047810348,
5.60415059826058));
#4100=CARTESIAN_POINT('Ctrl Pts',(7.36771394521772,5.811959993136,4.6286069787815));
#4101=CARTESIAN_POINT('Ctrl Pts',(7.37704795251661,5.77972171227104,4.63365509078061));
#4102=CARTESIAN_POINT('Ctrl Pts',(7.38685679639081,5.72855467586597,4.64594000374526));
#4103=CARTESIAN_POINT('Ctrl Pts',(7.4042927172246,5.6284460846598,4.66978492454877));
#4104=CARTESIAN_POINT('Ctrl Pts',(7.42999127016586,5.45942751357482,4.71114259318732));
#4105=CARTESIAN_POINT('Ctrl Pts',(7.46407379358034,5.21864848394474,4.76678576434762));
#4106=CARTESIAN_POINT('Ctrl Pts',(7.50160282557174,4.92913575893716,4.82889126977329));
#4107=CARTESIAN_POINT('Ctrl Pts',(7.5361571397502,4.63771160914382,4.88626986720747));
#4108=CARTESIAN_POINT('Ctrl Pts',(7.56713847118356,4.34519267646748,4.93924018425705));
#4109=CARTESIAN_POINT('Ctrl Pts',(7.5944822124209,4.05187446684825,4.98786182550336));
#4110=CARTESIAN_POINT('Ctrl Pts',(7.61815524989074,3.75834876910711,5.03226106927946));
#4111=CARTESIAN_POINT('Ctrl Pts',(7.63836922914677,3.46499728459862,5.07251455209057));
#4112=CARTESIAN_POINT('Ctrl Pts',(7.65541027297335,3.17217167582671,5.10873128287024));
#4113=CARTESIAN_POINT('Ctrl Pts',(7.66965819844152,2.88005634578715,5.14102305826467));
#4114=CARTESIAN_POINT('Ctrl Pts',(7.68144675764749,2.58884473754631,5.16955037102557));
#4115=CARTESIAN_POINT('Ctrl Pts',(7.68953266014364,2.34693373072261,5.19031293956949));
#4116=CARTESIAN_POINT('Ctrl Pts',(7.69511740662345,2.15385610673403,5.20520220590011));
#4117=CARTESIAN_POINT('Ctrl Pts',(7.69889530137909,2.00927203248587,5.21553196149448));
#4118=CARTESIAN_POINT('Ctrl Pts',(7.70229454904774,1.86490485378586,5.22504654731642));
#4119=CARTESIAN_POINT('Ctrl Pts',(7.70534348866425,1.72074441441367,5.23376765555825));
#4120=CARTESIAN_POINT('Ctrl Pts',(7.70806746325616,1.5767788064931,5.24171664314911));
#4121=CARTESIAN_POINT('Ctrl Pts',(7.71048860577396,1.43299387021525,5.24891413842911));
#4122=CARTESIAN_POINT('Ctrl Pts',(7.71262605473639,1.28937346729154,5.25537990578158));
#4123=CARTESIAN_POINT('Ctrl Pts',(7.71449600365151,1.14589921863113,5.26113255173241));
#4124=CARTESIAN_POINT('Ctrl Pts',(7.71611185738202,1.00255049727628,5.26618929226978));
#4125=CARTESIAN_POINT('Ctrl Pts',(7.7174843360403,0.859303852318953,5.27056566675598));
#4126=CARTESIAN_POINT('Ctrl Pts',(7.71862163021456,0.716133185959613,5.27427518867946));
#4127=CARTESIAN_POINT('Ctrl Pts',(7.71952947028272,0.573007829813769,5.27732902088283));
#4128=CARTESIAN_POINT('Ctrl Pts',(7.72021135218641,0.429894642811999,5.27973532151138));
#4129=CARTESIAN_POINT('Ctrl Pts',(7.72066839848682,0.286749873844205,5.28149896191299));
#4130=CARTESIAN_POINT('Ctrl Pts',(7.72089998822022,0.143540194378232,5.28261973648437));
#4131=CARTESIAN_POINT('Ctrl Pts',(7.72090175243997,0.0480513075435725,5.28293511022346));
#4132=CARTESIAN_POINT('Ctrl Pts',(7.72086386181245,-0.000149427170389534,
5.28298310966985));
#4133=CARTESIAN_POINT('Ctrl Pts',(7.72086352956325,-0.000570430060306222,
5.28298351978425));
#4134=CARTESIAN_POINT('Ctrl Pts',(7.72086319359159,-0.000991430226988276,
5.28298392155371));
#4135=CARTESIAN_POINT('Ctrl Pts',(7.5183876447085,5.77687199723396,4.44176181568342));
#4136=CARTESIAN_POINT('Ctrl Pts',(7.52749964390411,5.74383728162448,4.44525924179659));
#4137=CARTESIAN_POINT('Ctrl Pts',(7.53707807402542,5.69238511912833,4.45589945477344));
#4138=CARTESIAN_POINT('Ctrl Pts',(7.55418223052692,5.59248139945937,4.47731929275769));
#4139=CARTESIAN_POINT('Ctrl Pts',(7.57941404992338,5.42453419742624,4.51525595101405));
#4140=CARTESIAN_POINT('Ctrl Pts',(7.61289980008016,5.18572901160474,4.56670534672924));
#4141=CARTESIAN_POINT('Ctrl Pts',(7.64978813170609,4.89873705172899,4.62447149699248));
#4142=CARTESIAN_POINT('Ctrl Pts',(7.68381964950255,4.6099054456636,4.67825227740426));
#4143=CARTESIAN_POINT('Ctrl Pts',(7.71442935920647,4.31999487930342,4.72839360184463));
#4144=CARTESIAN_POINT('Ctrl Pts',(7.74157012829725,4.02926495898321,4.77495014076069));
#4145=CARTESIAN_POINT('Ctrl Pts',(7.76520497681089,3.7382664981434,4.81798909692746));
#4146=CARTESIAN_POINT('Ctrl Pts',(7.78552641030863,3.44734661404773,4.85749802327731));
#4147=CARTESIAN_POINT('Ctrl Pts',(7.80279144449826,3.15682570467847,4.89347721704386));
#4148=CARTESIAN_POINT('Ctrl Pts',(7.81734732658329,2.86686720742959,4.92592626020203));
#4149=CARTESIAN_POINT('Ctrl Pts',(7.82949619325044,2.57765212890207,4.95489859445865));
#4150=CARTESIAN_POINT('Ctrl Pts',(7.83790279511795,2.33726758817171,4.97619234680236));
#4151=CARTESIAN_POINT('Ctrl Pts',(7.84374498751404,2.14532926426829,4.99156227207303));
#4152=CARTESIAN_POINT('Ctrl Pts',(7.84771413258755,2.0015592764047,5.00227189353986));
#4153=CARTESIAN_POINT('Ctrl Pts',(7.85130063885504,1.8579662599176,5.01217758156248));
#4154=CARTESIAN_POINT('Ctrl Pts',(7.85453105584596,1.7145406985972,5.0212939885519));
#4155=CARTESIAN_POINT('Ctrl Pts',(7.85742911413351,1.57127131062933,5.02963598286729));
#4156=CARTESIAN_POINT('Ctrl Pts',(7.86001556329607,1.42814460916147,5.03721842790761));
#4157=CARTESIAN_POINT('Ctrl Pts',(7.86230830365767,1.28514509852547,5.04405581619633));
#4158=CARTESIAN_POINT('Ctrl Pts',(7.86432242132737,1.14225500771844,5.05016194773956));
#4159=CARTESIAN_POINT('Ctrl Pts',(7.8660702905826,0.999454237825517,5.05554954983591));
#4160=CARTESIAN_POINT('Ctrl Pts',(7.86756164143006,0.856719761499739,5.06022989263752));
#4161=CARTESIAN_POINT('Ctrl Pts',(7.86880366379154,0.714025754760814,5.0642122954451));
#4162=CARTESIAN_POINT('Ctrl Pts',(7.86980102553203,0.571341636641326,5.06750365430834));
#4163=CARTESIAN_POINT('Ctrl Pts',(7.87055603312984,0.428634094356103,5.07010759805546));
#4164=CARTESIAN_POINT('Ctrl Pts',(7.87106841517256,0.285858894140343,5.07202397833234));
#4165=CARTESIAN_POINT('Ctrl Pts',(7.8713358414173,0.142981724077341,5.07324675581367));
#4166=CARTESIAN_POINT('Ctrl Pts',(7.87134705217463,0.047688648098849,5.07359159457474));
#4167=CARTESIAN_POINT('Ctrl Pts',(7.87130982508145,-0.000420198475092666,
5.0736432919225));
#4168=CARTESIAN_POINT('Ctrl Pts',(7.87130949823671,-0.000840399038385547,
5.07364373326891));
#4169=CARTESIAN_POINT('Ctrl Pts',(7.8713091673955,-0.00126059703673404,
5.07364416552495));
#4170=CARTESIAN_POINT('',(6.49824104419083,-2.50998499076202E-15,5.53470318333147));
#4171=CARTESIAN_POINT('',(7.87130966115744,-0.000630297771310259,5.07364351008412));
#4172=CARTESIAN_POINT('Ctrl Pts',(6.49824104419083,-8.71264865809351E-15,
5.53470318333147));
#4173=CARTESIAN_POINT('Ctrl Pts',(6.74454027075491,8.13386694010103E-6,
5.61082082014136));
#4174=CARTESIAN_POINT('Ctrl Pts',(7.01502212034668,-6.24891473666245E-5,
5.60748558527096));
#4175=CARTESIAN_POINT('Ctrl Pts',(7.25910295622457,-0.000180743203795091,
5.52552623657231));
#4176=CARTESIAN_POINT('Ctrl Pts',(7.50318379210246,-0.000298997260223559,
5.44356688787366));
#4177=CARTESIAN_POINT('Ctrl Pts',(7.72086361320573,-0.000464977136135767,
5.28298342294735));
#4178=CARTESIAN_POINT('Ctrl Pts',(7.87130966094925,-0.000630297275497032,
5.07364351018352));
#4179=CARTESIAN_POINT('Ctrl Pts',(7.87130966094925,-0.000630297275495877,
5.07364351018352));
#4180=CARTESIAN_POINT('Ctrl Pts',(7.87130982465932,-0.000420198171732159,
5.07364328937282));
#4181=CARTESIAN_POINT('Ctrl Pts',(7.87130998765839,-0.000210099100143948,
5.07364306615154));
#4182=CARTESIAN_POINT('Ctrl Pts',(7.87134705217463,0.047688648098849,5.07359159457474));
#4183=CARTESIAN_POINT('Ctrl Pts',(7.8713358414173,0.142981724077341,5.07324675581367));
#4184=CARTESIAN_POINT('Ctrl Pts',(7.87106841517256,0.285858894140343,5.07202397833234));
#4185=CARTESIAN_POINT('Ctrl Pts',(7.87055603312984,0.428634094356103,5.07010759805546));
#4186=CARTESIAN_POINT('Ctrl Pts',(7.86980102553203,0.571341636641326,5.06750365430834));
#4187=CARTESIAN_POINT('Ctrl Pts',(7.86880366379154,0.714025754760814,5.0642122954451));
#4188=CARTESIAN_POINT('Ctrl Pts',(7.86756164143006,0.856719761499739,5.06022989263752));
#4189=CARTESIAN_POINT('Ctrl Pts',(7.8660702905826,0.999454237825517,5.05554954983591));
#4190=CARTESIAN_POINT('Ctrl Pts',(7.86432242132737,1.14225500771844,5.05016194773956));
#4191=CARTESIAN_POINT('Ctrl Pts',(7.86230830365767,1.28514509852547,5.04405581619633));
#4192=CARTESIAN_POINT('Ctrl Pts',(7.86001556329607,1.42814460916147,5.03721842790761));
#4193=CARTESIAN_POINT('Ctrl Pts',(7.85742911413351,1.57127131062933,5.02963598286729));
#4194=CARTESIAN_POINT('Ctrl Pts',(7.85453105584596,1.7145406985972,5.0212939885519));
#4195=CARTESIAN_POINT('Ctrl Pts',(7.85130063885504,1.8579662599176,5.01217758156248));
#4196=CARTESIAN_POINT('Ctrl Pts',(7.84771413258755,2.0015592764047,5.00227189353986));
#4197=CARTESIAN_POINT('Ctrl Pts',(7.84374498751404,2.14532926426829,4.99156227207303));
#4198=CARTESIAN_POINT('Ctrl Pts',(7.83790279511795,2.33726758817171,4.97619234680236));
#4199=CARTESIAN_POINT('Ctrl Pts',(7.82949619325044,2.57765212890207,4.95489859445865));
#4200=CARTESIAN_POINT('Ctrl Pts',(7.81734732658329,2.86686720742959,4.92592626020203));
#4201=CARTESIAN_POINT('Ctrl Pts',(7.80279144449826,3.15682570467847,4.89347721704386));
#4202=CARTESIAN_POINT('Ctrl Pts',(7.78552641030863,3.44734661404773,4.85749802327731));
#4203=CARTESIAN_POINT('Ctrl Pts',(7.76520497681089,3.7382664981434,4.81798909692746));
#4204=CARTESIAN_POINT('Ctrl Pts',(7.74157012829725,4.02926495898321,4.77495014076069));
#4205=CARTESIAN_POINT('Ctrl Pts',(7.71442935920647,4.31999487930342,4.72839360184463));
#4206=CARTESIAN_POINT('Ctrl Pts',(7.68381964950255,4.6099054456636,4.67825227740426));
#4207=CARTESIAN_POINT('Ctrl Pts',(7.64978813170609,4.89873705172899,4.62447149699248));
#4208=CARTESIAN_POINT('Ctrl Pts',(7.61289980008016,5.18572901160474,4.56670534672924));
#4209=CARTESIAN_POINT('Ctrl Pts',(7.57941404992338,5.42453419742624,4.51525595101405));
#4210=CARTESIAN_POINT('Ctrl Pts',(7.55418223052692,5.59248139945937,4.47731929275769));
#4211=CARTESIAN_POINT('Ctrl Pts',(7.53707807402542,5.69238511912833,4.45589945477344));
#4212=CARTESIAN_POINT('Ctrl Pts',(7.52749964390411,5.74383728162448,4.44525924179659));
#4213=CARTESIAN_POINT('Ctrl Pts',(7.5183876447085,5.77687199723396,4.44176181568342));
#4214=CARTESIAN_POINT('Ctrl Pts',(6.22009284547899,5.73403098056573,4.88750835207098));
#4215=CARTESIAN_POINT('Ctrl Pts',(6.22278148517799,5.71015500385886,4.89443162080107));
#4216=CARTESIAN_POINT('Ctrl Pts',(6.2278127041384,5.66230593812991,4.90806604240434));
#4217=CARTESIAN_POINT('Ctrl Pts',(6.2374832415721,5.56645352758895,4.93472073734258));
#4218=CARTESIAN_POINT('Ctrl Pts',(6.25379808999162,5.3984044470359,4.97986448780637));
#4219=CARTESIAN_POINT('Ctrl Pts',(6.27625940177346,5.1577217756433,5.04033093126641));
#4220=CARTESIAN_POINT('Ctrl Pts',(6.30206714008699,4.86821257157304,5.10668628257116));
#4221=CARTESIAN_POINT('Ctrl Pts',(6.32650152543494,4.5782853159045,5.16698078434009));
#4222=CARTESIAN_POINT('Ctrl Pts',(6.34933993543881,4.288216458363,5.22139732287114));
#4223=CARTESIAN_POINT('Ctrl Pts',(6.37041201869507,3.99824073490269,5.2701734899317));
#4224=CARTESIAN_POINT('Ctrl Pts',(6.38963395932558,3.70854900931183,5.31359797363941));
#4225=CARTESIAN_POINT('Ctrl Pts',(6.40699377732144,3.41929657458873,5.3519924191984));
#4226=CARTESIAN_POINT('Ctrl Pts',(6.42253730040603,3.13060997080122,5.38569845750739));
#4227=CARTESIAN_POINT('Ctrl Pts',(6.43634833392086,2.84257896900973,5.41506501250291));
#4228=CARTESIAN_POINT('Ctrl Pts',(6.4485300904913,2.55526176856675,5.44043537565794));
#4229=CARTESIAN_POINT('Ctrl Pts',(6.4574162475529,2.31645142761115,5.45852103325099));
#4230=CARTESIAN_POINT('Ctrl Pts',(6.46381853244641,2.12578027477149,5.47130884504587));
#4231=CARTESIAN_POINT('Ctrl Pts',(6.46827872946072,1.98296486059432,5.48009488557716));
#4232=CARTESIAN_POINT('Ctrl Pts',(6.47240852676339,1.84033661633864,5.48811060460164));
#4233=CARTESIAN_POINT('Ctrl Pts',(6.47621774977119,1.69789376536468,5.49538859015611));
#4234=CARTESIAN_POINT('Ctrl Pts',(6.47971494872911,1.55563379639761,5.50195988436656));
#4235=CARTESIAN_POINT('Ctrl Pts',(6.48290719838494,1.41355325097943,5.50785381105023));
#4236=CARTESIAN_POINT('Ctrl Pts',(6.48580001139629,1.27164775823722,5.51309804425198));
#4237=CARTESIAN_POINT('Ctrl Pts',(6.48839720750568,1.12991189456851,5.51771857161446));
#4238=CARTESIAN_POINT('Ctrl Pts',(6.49070079262999,0.988339262804188,5.52173969978722));
#4239=CARTESIAN_POINT('Ctrl Pts',(6.49271081536016,0.846922140288574,5.52518404174835));
#4240=CARTESIAN_POINT('Ctrl Pts',(6.4944251829886,0.705652038854824,5.5280724857222));
#4241=CARTESIAN_POINT('Ctrl Pts',(6.49583945539849,0.564518212142079,5.53042418750932));
#4242=CARTESIAN_POINT('Ctrl Pts',(6.49694650426585,0.423510734432204,5.5322564485179));
#4243=CARTESIAN_POINT('Ctrl Pts',(6.49773621046643,0.282613012864537,5.53358477445207));
#4244=CARTESIAN_POINT('Ctrl Pts',(6.49819464619732,0.141825493805856,5.53442234580617));
#4245=CARTESIAN_POINT('Ctrl Pts',(6.49826740893611,0.0480938499777294,5.53466106391997));
#4246=CARTESIAN_POINT('Ctrl Pts',(6.49824151105148,0.000825710044839904,
5.53470247815449));
#4247=CARTESIAN_POINT('Ctrl Pts',(6.49824128003764,0.000412854669187143,
5.53470283378235));
#4248=CARTESIAN_POINT('Ctrl Pts',(6.49824104419083,-8.71264865809351E-15,
5.53470318333147));
#4249=CARTESIAN_POINT('Ctrl Pts',(6.49824123866534,4.06683645646437E-6,
5.53470324343294));
#4250=CARTESIAN_POINT('Ctrl Pts',(6.49824124660863,-0.0654664022442816,
5.53470324575102));
#4251=CARTESIAN_POINT('Ctrl Pts',(6.49798689648011,-0.200174362606223,5.53438281447713));
#4252=CARTESIAN_POINT('Ctrl Pts',(6.49585294407596,-0.602031544534254,5.53145564646438));
#4253=CARTESIAN_POINT('Ctrl Pts',(6.48596240336771,-1.34220881268596,5.5166975754288));
#4254=CARTESIAN_POINT('Ctrl Pts',(6.45273071668857,-2.56254454093019,5.45568208486283));
#4255=CARTESIAN_POINT('Ctrl Pts',(6.38766098062766,-3.80070324764652,5.31965218336624));
#4256=CARTESIAN_POINT('Ctrl Pts',(6.30915405667536,-4.7680911537839,5.13573502231696));
#4257=CARTESIAN_POINT('Ctrl Pts',(6.26521382191825,-5.25006934857737,5.02199148608307));
#4258=CARTESIAN_POINT('Ctrl Pts',(6.24219935459132,-5.49032585306498,4.95950543747688));
#4259=CARTESIAN_POINT('Ctrl Pts',(6.23028260854546,-5.61019336818149,4.92678621959412));
#4260=CARTESIAN_POINT('Ctrl Pts',(6.22322769116434,-5.67858417695525,4.90763503024581));
#4261=CARTESIAN_POINT('Ctrl Pts',(6.21956735634129,-5.71273234662341,4.8978948872877));
#4262=CARTESIAN_POINT('Ctrl Pts',(6.21763950783935,-5.72977939337504,4.89296859328932));
#4263=CARTESIAN_POINT('Ctrl Pts',(6.74454044198715,4.10263012664422E-6,
5.61082088573386));
#4264=CARTESIAN_POINT('Ctrl Pts',(6.74454443416055,-0.0659279574542788,
5.61082560797517));
#4265=CARTESIAN_POINT('Ctrl Pts',(6.74430607620983,-0.201580309845988,5.61049273783699));
#4266=CARTESIAN_POINT('Ctrl Pts',(6.74239720613686,-0.606003788906374,5.60757494055945));
#4267=CARTESIAN_POINT('Ctrl Pts',(6.7333412221949,-1.35079754853847,5.59268880779573));
#4268=CARTESIAN_POINT('Ctrl Pts',(6.70236213319807,-2.5794932377803,5.5310405631532));
#4269=CARTESIAN_POINT('Ctrl Pts',(6.63758917448624,-3.83056354146646,5.3915836320942));
#4270=CARTESIAN_POINT('Ctrl Pts',(6.55277757766493,-4.80719500105745,5.20098394227568));
#4271=CARTESIAN_POINT('Ctrl Pts',(6.50416431547634,-5.29200681957226,5.08339979104918));
#4272=CARTESIAN_POINT('Ctrl Pts',(6.4783693985248,-5.53379779800623,5.01876882415795));
#4273=CARTESIAN_POINT('Ctrl Pts',(6.46468422259373,-5.65472953471794,4.98476219007621));
#4274=CARTESIAN_POINT('Ctrl Pts',(6.45623631626933,-5.72425370682812,4.96462170734106));
#4275=CARTESIAN_POINT('Ctrl Pts',(6.45152889982668,-5.75937334682028,4.9541717009193));
#4276=CARTESIAN_POINT('Ctrl Pts',(6.4486121485048,-5.77748655622219,4.94860197357337));
#4277=CARTESIAN_POINT('Ctrl Pts',(7.28550408204061,4.17445027798663E-6,
5.60415035652166));
#4278=CARTESIAN_POINT('Ctrl Pts',(7.28550562472434,-0.067225512678276,5.60415284942246));
#4279=CARTESIAN_POINT('Ctrl Pts',(7.28533009236483,-0.203980036423783,5.60378860990123));
#4280=CARTESIAN_POINT('Ctrl Pts',(7.28389250571852,-0.612521017895228,5.60056576781941));
#4281=CARTESIAN_POINT('Ctrl Pts',(7.27675668953526,-1.36344730728922,5.58435321965275));
#4282=CARTESIAN_POINT('Ctrl Pts',(7.2506790469665,-2.60290001841553,5.5185475872574));
#4283=CARTESIAN_POINT('Ctrl Pts',(7.18590615335605,-3.8701284940187,5.3722377791947));
#4284=CARTESIAN_POINT('Ctrl Pts',(7.08508739155886,-4.8566050679525,5.17782754949344));
#4285=CARTESIAN_POINT('Ctrl Pts',(7.02499605289651,-5.34351316885752,5.0594455954178));
#4286=CARTESIAN_POINT('Ctrl Pts',(6.99227221324751,-5.58661495281478,4.99454907106002));
#4287=CARTESIAN_POINT('Ctrl Pts',(6.97443798513042,-5.70891317686135,4.9603548424065));
#4288=CARTESIAN_POINT('Ctrl Pts',(6.96248618525799,-5.78055454051427,4.93996997344299));
#4289=CARTESIAN_POINT('Ctrl Pts',(6.95562501951276,-5.81721837811157,4.92935773228986));
#4290=CARTESIAN_POINT('Ctrl Pts',(6.95007985904269,-5.8379557772517,4.92351766952206));
#4291=CARTESIAN_POINT('Ctrl Pts',(7.7208636346851,4.21990549911637E-6,5.28298339722939));
#4292=CARTESIAN_POINT('Ctrl Pts',(7.72086608389566,-0.0682066032780376,
5.28298845983177));
#4293=CARTESIAN_POINT('Ctrl Pts',(7.72069826926283,-0.204544582636627,5.28252877253831));
#4294=CARTESIAN_POINT('Ctrl Pts',(7.719341179386,-0.613267456856654,5.27857063014815));
#4295=CARTESIAN_POINT('Ctrl Pts',(7.71248382031964,-1.36234122629938,5.25930457407688));
#4296=CARTESIAN_POINT('Ctrl Pts',(7.68678999697022,-2.59634791559966,5.1853101990981));
#4297=CARTESIAN_POINT('Ctrl Pts',(7.61992857511713,-3.85399395454495,5.03476798023826));
#4298=CARTESIAN_POINT('Ctrl Pts',(7.51218761219374,-4.83092833714054,4.85644917190779));
#4299=CARTESIAN_POINT('Ctrl Pts',(7.44726885221348,-5.31242043226076,4.75087580205657));
#4300=CARTESIAN_POINT('Ctrl Pts',(7.41160531615798,-5.553476315965,4.69366249452446));
#4301=CARTESIAN_POINT('Ctrl Pts',(7.39198608809506,-5.67542021221619,4.66386857095141));
#4302=CARTESIAN_POINT('Ctrl Pts',(7.37854750190032,-5.74810281336517,4.64687495830118));
#4303=CARTESIAN_POINT('Ctrl Pts',(7.3707448061855,-5.78571514126102,4.63824544740556));
#4304=CARTESIAN_POINT('Ctrl Pts',(7.36409825414797,-5.80861279717816,4.634582777637));
#4305=CARTESIAN_POINT('Ctrl Pts',(7.87130966365515,4.23176863484011E-6,
5.07364351714545));
#4306=CARTESIAN_POINT('Ctrl Pts',(7.87130967113769,-0.0680799875401695,
5.07364352201841));
#4307=CARTESIAN_POINT('Ctrl Pts',(7.87113141152224,-0.204119528594631,5.07315138602356));
#4308=CARTESIAN_POINT('Ctrl Pts',(7.8696294083236,-0.611838321537421,5.06881216044626));
#4309=CARTESIAN_POINT('Ctrl Pts',(7.86221913303878,-1.35834115788131,5.04809681459184));
#4310=CARTESIAN_POINT('Ctrl Pts',(7.83482702583203,-2.58605897547843,4.97027710543907));
#4311=CARTESIAN_POINT('Ctrl Pts',(7.76648760916945,-3.83360038279584,4.81887099344077));
#4312=CARTESIAN_POINT('Ctrl Pts',(7.66016974662817,-4.80164246012621,4.65054198515531));
#4313=CARTESIAN_POINT('Ctrl Pts',(7.59637818341972,-5.27903360243524,4.5526732130921));
#4314=CARTESIAN_POINT('Ctrl Pts',(7.56133185685728,-5.51826478447818,4.49995770416027));
#4315=CARTESIAN_POINT('Ctrl Pts',(7.54207475506737,-5.63966499346118,4.47286106261116));
#4316=CARTESIAN_POINT('Ctrl Pts',(7.52890081042151,-5.7123905589833,4.45781280657446));
#4317=CARTESIAN_POINT('Ctrl Pts',(7.5212855557376,-5.75036687930742,4.45053216765011));
#4318=CARTESIAN_POINT('Ctrl Pts',(7.51480231926839,-5.77388252282593,4.44803117639937));
#4319=CARTESIAN_POINT('',(6.21763950783935,-5.72977939337504,4.89296859328932));
#4320=CARTESIAN_POINT('Ctrl Pts',(6.49824123866567,-2.43809999345996E-12,
5.53470324343288));
#4321=CARTESIAN_POINT('Ctrl Pts',(6.49824124134208,-0.0654691914673622,
5.53470323911619));
#4322=CARTESIAN_POINT('Ctrl Pts',(6.49798688911594,-0.200175749395536,5.53438280437562));
#4323=CARTESIAN_POINT('Ctrl Pts',(6.49585294407596,-0.602031544534254,5.53145564646438));
#4324=CARTESIAN_POINT('Ctrl Pts',(6.48596240336771,-1.34220881268596,5.5166975754288));
#4325=CARTESIAN_POINT('Ctrl Pts',(6.45273071668857,-2.56254454093019,5.45568208486283));
#4326=CARTESIAN_POINT('Ctrl Pts',(6.38766098062766,-3.80070324764652,5.31965218336624));
#4327=CARTESIAN_POINT('Ctrl Pts',(6.30915405667536,-4.7680911537839,5.13573502231696));
#4328=CARTESIAN_POINT('Ctrl Pts',(6.26521382191825,-5.25006934857737,5.02199148608307));
#4329=CARTESIAN_POINT('Ctrl Pts',(6.24219935459132,-5.49032585306498,4.95950543747688));
#4330=CARTESIAN_POINT('Ctrl Pts',(6.23028260854546,-5.61019336818149,4.92678621959412));
#4331=CARTESIAN_POINT('Ctrl Pts',(6.22322769116434,-5.67858417695525,4.90763503024581));
#4332=CARTESIAN_POINT('Ctrl Pts',(6.21956735634129,-5.71273234662341,4.8978948872877));
#4333=CARTESIAN_POINT('Ctrl Pts',(6.21763950783935,-5.72977939337504,4.89296859328932));
#4334=CARTESIAN_POINT('',(7.51480231926693,-5.77388252282888,4.44803117639994));
#4335=CARTESIAN_POINT('Origin',(6.5569931819589,-5.43424787492538,3.73750323012849));
#4336=CARTESIAN_POINT('Ctrl Pts',(7.51480231926839,-5.77388252282593,4.44803117639937));
#4337=CARTESIAN_POINT('Ctrl Pts',(7.5212855557376,-5.75036687930742,4.45053216765011));
#4338=CARTESIAN_POINT('Ctrl Pts',(7.52890081042151,-5.7123905589833,4.45781280657446));
#4339=CARTESIAN_POINT('Ctrl Pts',(7.54207475506737,-5.63966499346118,4.47286106261116));
#4340=CARTESIAN_POINT('Ctrl Pts',(7.56133185685728,-5.51826478447818,4.49995770416027));
#4341=CARTESIAN_POINT('Ctrl Pts',(7.59637818341972,-5.27903360243524,4.5526732130921));
#4342=CARTESIAN_POINT('Ctrl Pts',(7.66016974662817,-4.80164246012621,4.65054198515531));
#4343=CARTESIAN_POINT('Ctrl Pts',(7.76648760916945,-3.83360038279584,4.81887099344077));
#4344=CARTESIAN_POINT('Ctrl Pts',(7.83482702583203,-2.58605897547843,4.97027710543907));
#4345=CARTESIAN_POINT('Ctrl Pts',(7.86221913303878,-1.35834115788131,5.04809681459184));
#4346=CARTESIAN_POINT('Ctrl Pts',(7.8696294083236,-0.611838321537421,5.06881216044626));
#4347=CARTESIAN_POINT('Ctrl Pts',(7.8711306338338,-0.204330632134238,5.07314913931359));
#4348=CARTESIAN_POINT('Ctrl Pts',(7.87130911657759,-0.0685026083360058,
5.07364199084385));
#4349=CARTESIAN_POINT('Ctrl Pts',(7.87130966114435,-0.000630298693133122,
5.07364351006655));
#4350=CARTESIAN_POINT('Ctrl Pts',(6.21763950783882,-5.72977939337972,4.89296859328797));
#4351=CARTESIAN_POINT('Ctrl Pts',(6.21206370669443,-5.77908354912072,4.87872056721862));
#4352=CARTESIAN_POINT('Ctrl Pts',(6.20632890677098,-5.82831145614938,4.86415720459647));
#4353=CARTESIAN_POINT('Ctrl Pts',(6.20009151635172,-5.87938881510201,4.84865848713811));
#4354=CARTESIAN_POINT('Ctrl Pts',(6.19985235361164,-5.88134152003447,4.84806528735893));
#4355=CARTESIAN_POINT('Ctrl Pts',(6.1874702668924,-5.98242633040267,4.81733395078039));
#4356=CARTESIAN_POINT('Ctrl Pts',(6.1612241063289,-6.17973046959781,4.75432921963108));
#4357=CARTESIAN_POINT('Ctrl Pts',(6.1080640545247,-6.47072967140644,4.64990122350765));
#4358=CARTESIAN_POINT('Ctrl Pts',(6.02615339584685,-6.75085354962521,4.53297064613307));
#4359=CARTESIAN_POINT('Ctrl Pts',(5.89014679121389,-6.99722387495552,4.40548385122095));
#4360=CARTESIAN_POINT('Ctrl Pts',(5.77010555481246,-7.13128567589287,4.32077778241086));
#4361=CARTESIAN_POINT('Ctrl Pts',(5.70605118396267,-7.19274120600899,4.27924685671172));
#4362=CARTESIAN_POINT('Ctrl Pts',(6.44861214850396,-5.77748655622721,4.94860197357182));
#4363=CARTESIAN_POINT('Ctrl Pts',(6.44226147326273,-5.82743852105912,4.93372558539332));
#4364=CARTESIAN_POINT('Ctrl Pts',(6.43563750654713,-5.8774350363239,4.91845888105477));
#4365=CARTESIAN_POINT('Ctrl Pts',(6.42832442874216,-5.92947042803062,4.90212607640507));
#4366=CARTESIAN_POINT('Ctrl Pts',(6.42803818898372,-5.93146390256169,4.90149765837926));
#4367=CARTESIAN_POINT('Ctrl Pts',(6.41368987053315,-6.03434346329782,4.86920205195817));
#4368=CARTESIAN_POINT('Ctrl Pts',(6.38142939515783,-6.23700122709742,4.80181216257369));
#4369=CARTESIAN_POINT('Ctrl Pts',(6.3138975355506,-6.54114165005734,4.68710349591223));
#4370=CARTESIAN_POINT('Ctrl Pts',(6.20077002361752,-6.84610026079563,4.54976646601289));
#4371=CARTESIAN_POINT('Ctrl Pts',(6.02405917808776,-7.11691739221204,4.39750432610231));
#4372=CARTESIAN_POINT('Ctrl Pts',(5.88795471929723,-7.25755338782322,4.30257244590941));
#4373=CARTESIAN_POINT('Ctrl Pts',(5.81648768292846,-7.3223477993463,4.25611321439816));
#4374=CARTESIAN_POINT('Ctrl Pts',(6.95011698451823,-5.83797233685904,4.9235566984778));
#4375=CARTESIAN_POINT('Ctrl Pts',(6.94190530490719,-5.88893916874421,4.90841113274838));
#4376=CARTESIAN_POINT('Ctrl Pts',(6.93315572238184,-5.94023517637022,4.89283463711926));
#4377=CARTESIAN_POINT('Ctrl Pts',(6.92328977951928,-5.9939798877702,4.87610898252581));
#4378=CARTESIAN_POINT('Ctrl Pts',(6.92291016117502,-5.99603497134197,4.87546723646817));
#4379=CARTESIAN_POINT('Ctrl Pts',(6.90331399904183,-6.10248196445746,4.84232863930915));
#4380=CARTESIAN_POINT('Ctrl Pts',(6.85740389115325,-6.31541178776872,4.77272941069306));
#4381=CARTESIAN_POINT('Ctrl Pts',(6.75636800711441,-6.64721221755608,4.65136563144011));
#4382=CARTESIAN_POINT('Ctrl Pts',(6.57356516990952,-7.00714377891564,4.49562482680644));
#4383=CARTESIAN_POINT('Ctrl Pts',(6.3115124832055,-7.32925261163508,4.31141654373583));
#4384=CARTESIAN_POINT('Ctrl Pts',(6.140372275908,-7.48492861281902,4.19890835332865));
#4385=CARTESIAN_POINT('Ctrl Pts',(6.05445871433845,-7.55523348663437,4.14453674969226));
#4386=CARTESIAN_POINT('Ctrl Pts',(7.36409825414609,-5.8086127971845,4.63458277763598));
#4387=CARTESIAN_POINT('Ctrl Pts',(7.35502636632726,-5.85981447260219,4.62117347774053));
#4388=CARTESIAN_POINT('Ctrl Pts',(7.34529372872566,-5.91162701435819,4.60752426959331));
#4389=CARTESIAN_POINT('Ctrl Pts',(7.3342311756842,-5.96626966671206,4.59301070439567));
#4390=CARTESIAN_POINT('Ctrl Pts',(7.33380815554056,-5.96835469145513,4.59245243528241));
#4391=CARTESIAN_POINT('Ctrl Pts',(7.31173957786104,-6.07678191334599,4.56376672194418));
#4392=CARTESIAN_POINT('Ctrl Pts',(7.25917793872323,-6.29709426918171,4.50503156036208));
#4393=CARTESIAN_POINT('Ctrl Pts',(7.14085345163253,-6.65309123013646,4.40625548093436));
#4394=CARTESIAN_POINT('Ctrl Pts',(6.91435518398504,-7.07050345257873,4.27994620039865));
#4395=CARTESIAN_POINT('Ctrl Pts',(6.58587697296215,-7.44957332305156,4.10046716212112));
#4396=CARTESIAN_POINT('Ctrl Pts',(6.38480138343649,-7.62039649981617,3.98012187835439));
#4397=CARTESIAN_POINT('Ctrl Pts',(6.28617952192059,-7.69587935866055,3.92130201774329));
#4398=CARTESIAN_POINT('Ctrl Pts',(7.51480231926656,-5.77388252283248,4.44803117639872));
#4399=CARTESIAN_POINT('Ctrl Pts',(7.50583035546644,-5.82497212845047,4.43570460802914));
#4400=CARTESIAN_POINT('Ctrl Pts',(7.4962045364264,-5.87678408351304,4.42325411968722));
#4401=CARTESIAN_POINT('Ctrl Pts',(7.48525511253921,-5.93157802982979,4.41012984373481));
#4402=CARTESIAN_POINT('Ctrl Pts',(7.48483338908667,-5.93367531203392,4.40962726723539));
#4403=CARTESIAN_POINT('Ctrl Pts',(7.46309037485707,-6.04222304272734,4.38363937883465));
#4404=CARTESIAN_POINT('Ctrl Pts',(7.41069943485015,-6.26498981452202,4.33176903227037));
#4405=CARTESIAN_POINT('Ctrl Pts',(7.29240504541802,-6.63005467285856,4.24787780040975));
#4406=CARTESIAN_POINT('Ctrl Pts',(7.05816454851925,-7.07329003767878,4.14310369393422));
#4407=CARTESIAN_POINT('Ctrl Pts',(6.70753757652497,-7.48147750408283,3.97368888437682));
#4408=CARTESIAN_POINT('Ctrl Pts',(6.49447284257054,-7.65856359462129,3.85082521207792));
#4409=CARTESIAN_POINT('Ctrl Pts',(6.39063692612077,-7.73717131640081,3.79125248994425));
#4410=CARTESIAN_POINT('Ctrl Pts',(6.39063692612077,-7.73717131640081,3.79125248994425));
#4411=CARTESIAN_POINT('Ctrl Pts',(6.49447284257054,-7.65856359462129,3.85082521207792));
#4412=CARTESIAN_POINT('Ctrl Pts',(6.70753757652497,-7.48147750408283,3.97368888437682));
#4413=CARTESIAN_POINT('Ctrl Pts',(7.05816454851925,-7.07329003767878,4.14310369393422));
#4414=CARTESIAN_POINT('Ctrl Pts',(7.29240504541802,-6.63005467285856,4.24787780040975));
#4415=CARTESIAN_POINT('Ctrl Pts',(7.41069943485015,-6.26498981452202,4.33176903227037));
#4416=CARTESIAN_POINT('Ctrl Pts',(7.46309037485707,-6.04222304272734,4.38363937883465));
#4417=CARTESIAN_POINT('Ctrl Pts',(7.48483338908667,-5.93367531203392,4.40962726723539));
#4418=CARTESIAN_POINT('Ctrl Pts',(7.48525511253921,-5.93157802982979,4.41012984373481));
#4419=CARTESIAN_POINT('Ctrl Pts',(7.4962045364264,-5.87678408351304,4.42325411968722));
#4420=CARTESIAN_POINT('Ctrl Pts',(7.50583035546644,-5.82497212845047,4.43570460802914));
#4421=CARTESIAN_POINT('Ctrl Pts',(7.51480231926656,-5.77388252283248,4.44803117639872));
#4422=CARTESIAN_POINT('Ctrl Pts',(6.21763950783882,-5.72977939337972,4.89296859328797));
#4423=CARTESIAN_POINT('Ctrl Pts',(6.21206370669443,-5.77908354912072,4.87872056721862));
#4424=CARTESIAN_POINT('Ctrl Pts',(6.20632890677098,-5.82831145614938,4.86415720459647));
#4425=CARTESIAN_POINT('Ctrl Pts',(6.20009151635172,-5.87938881510201,4.84865848713811));
#4426=CARTESIAN_POINT('Ctrl Pts',(6.19985235361164,-5.88134152003447,4.84806528735893));
#4427=CARTESIAN_POINT('Ctrl Pts',(6.1874702668924,-5.98242633040267,4.81733395078039));
#4428=CARTESIAN_POINT('Ctrl Pts',(6.1612241063289,-6.17973046959781,4.75432921963108));
#4429=CARTESIAN_POINT('Ctrl Pts',(6.1080640545247,-6.47072967140644,4.64990122350765));
#4430=CARTESIAN_POINT('Ctrl Pts',(6.02615339584685,-6.75085354962521,4.53297064613307));
#4431=CARTESIAN_POINT('Ctrl Pts',(5.89014679121389,-6.99722387495552,4.40548385122095));
#4432=CARTESIAN_POINT('Ctrl Pts',(5.77010555481246,-7.13128567589287,4.32077778241086));
#4433=CARTESIAN_POINT('Ctrl Pts',(5.70605118396267,-7.19274120600899,4.27924685671172));
#4434=CARTESIAN_POINT('Ctrl Pts',(-8.66259710925257E-23,-3.58220397789211E-15,
4.79000022751279));
#4435=CARTESIAN_POINT('Ctrl Pts',(-6.5508625850735E-16,2.4094577020799,
4.78750136815118));
#4436=CARTESIAN_POINT('Ctrl Pts',(-1.77373066690493E-15,4.94717775690996,
4.48867510597943));
#4437=CARTESIAN_POINT('Ctrl Pts',(-2.87647429176102E-15,6.44405296276354,
4.00692540246538));
#4438=CARTESIAN_POINT('Ctrl Pts',(-3.34768908009137E-15,6.9955230327805,
3.78480353400082));
#4439=CARTESIAN_POINT('Ctrl Pts',(-1.64087494455647,-3.62671876362067E-15,
4.79000023094033));
#4440=CARTESIAN_POINT('Ctrl Pts',(-1.64087494455647,2.40943281469274,4.78750137157872));
#4441=CARTESIAN_POINT('Ctrl Pts',(-1.64087494455647,4.94718924548244,4.48866803841275));
#4442=CARTESIAN_POINT('Ctrl Pts',(-1.64087494455647,6.44408824189724,4.0069112177699));
#4443=CARTESIAN_POINT('Ctrl Pts',(-1.64087494455647,6.99552303405941,3.78480353718082));
#4444=CARTESIAN_POINT('Ctrl Pts',(-4.56887889123305,-3.89975163780017E-15,
4.84509517822876));
#4445=CARTESIAN_POINT('Ctrl Pts',(-4.56887889123305,2.41187506022936,4.84259631886715));
#4446=CARTESIAN_POINT('Ctrl Pts',(-4.56887889123305,4.95778665867944,4.54317520780204));
#4447=CARTESIAN_POINT('Ctrl Pts',(-4.56887889123305,6.46118392195487,4.05941944582879));
#4448=CARTESIAN_POINT('Ctrl Pts',(-4.56887889123305,7.0160805955456,3.83591948266222));
#4449=CARTESIAN_POINT('Ctrl Pts',(-6.23330809468491,-4.4091564534392E-15,
4.9774813931054));
#4450=CARTESIAN_POINT('Ctrl Pts',(-6.23330809468491,2.41772739179786,4.97498253374379));
#4451=CARTESIAN_POINT('Ctrl Pts',(-6.23330809468491,4.98325832790687,4.6741444988185));
#4452=CARTESIAN_POINT('Ctrl Pts',(-6.23330809468491,6.50228547527861,4.18558093535969));
#4453=CARTESIAN_POINT('Ctrl Pts',(-6.23330809468491,7.06547782498664,3.95874465765869));
#4454=CARTESIAN_POINT('Ctrl Pts',(-7.05618013203643,-4.72495306769183E-15,
5.06097434783745));
#4455=CARTESIAN_POINT('Ctrl Pts',(-7.05618013203643,2.42136414289411,5.05847548847583));
#4456=CARTESIAN_POINT('Ctrl Pts',(-7.05618013203643,4.99934773582107,4.75672843856328));
#4457=CARTESIAN_POINT('Ctrl Pts',(-7.05618013203643,6.52828408466726,4.26511721098888));
#4458=CARTESIAN_POINT('Ctrl Pts',(-7.05618013203643,7.09663152664246,4.03620768343891));
#4459=CARTESIAN_POINT('',(-6.61744490042422E-23,-3.5820765319931E-15,4.79000022751279));
#4460=CARTESIAN_POINT('Ctrl Pts',(-7.05612318552758,-4.72598110484221E-15,
5.06096856978495));
#4461=CARTESIAN_POINT('Ctrl Pts',(-7.05581105628544,-4.72586131452821E-15,
5.06093689995809));
#4462=CARTESIAN_POINT('Ctrl Pts',(-6.83956054637059,-4.6428754149155E-15,
5.0389974748443));
#4463=CARTESIAN_POINT('Ctrl Pts',(-6.38881996162882,-4.48050900282583E-15,
4.99628507809201));
#4464=CARTESIAN_POINT('Ctrl Pts',(-5.6521628964753,-4.24842436108742E-15,
4.93594539783454));
#4465=CARTESIAN_POINT('Ctrl Pts',(-4.51463041992221,-3.96822062135626E-15,
4.86501032636355));
#4466=CARTESIAN_POINT('Ctrl Pts',(-3.03994399856203,-3.75154169928357E-15,
4.81474929729865));
#4467=CARTESIAN_POINT('Ctrl Pts',(-1.64867325100328,-3.64262799933597E-15,
4.7945022697502));
#4468=CARTESIAN_POINT('Ctrl Pts',(-0.574091191587981,-3.59765087327166E-15,
4.79000022871198));
#4469=CARTESIAN_POINT('Ctrl Pts',(-6.61744490042422E-23,-3.5820765319931E-15,
4.79000022751279));
#4470=CARTESIAN_POINT('',(-3.34768904289769E-15,6.9955230327805,3.78480353400082));
#4471=CARTESIAN_POINT('Ctrl Pts',(-8.66259710925257E-23,-3.58220397789211E-15,
4.79000022751279));
#4472=CARTESIAN_POINT('Ctrl Pts',(-6.5508625850735E-16,2.4094577020799,
4.78750136815118));
#4473=CARTESIAN_POINT('Ctrl Pts',(-1.77373062112471E-15,4.94717457852908,
4.48867456725442));
#4474=CARTESIAN_POINT('Ctrl Pts',(-2.87647429176102E-15,6.44405296276354,
4.00692540246538));
#4475=CARTESIAN_POINT('Ctrl Pts',(-3.34768908009137E-15,6.9955230327805,
3.78480353400082));
#4476=CARTESIAN_POINT('Ctrl Pts',(-3.34768903142438E-15,6.9955230327805,
3.78480353400082));
#4477=CARTESIAN_POINT('Ctrl Pts',(-0.574091191587984,6.99552303322795,3.78480353511341));
#4478=CARTESIAN_POINT('Ctrl Pts',(-1.64867325100328,6.99720287847713,3.78898043509409));
#4479=CARTESIAN_POINT('Ctrl Pts',(-3.03994399856203,7.00475764591453,3.80776520588094));
#4480=CARTESIAN_POINT('Ctrl Pts',(-4.33052870716877,7.0211702705083,3.84857485271117));
#4481=CARTESIAN_POINT('Ctrl Pts',(-5.36257151919648,7.04348382220572,3.9040570310244));
#4482=CARTESIAN_POINT('Ctrl Pts',(-6.01037794632253,7.06146415168645,3.94876474317658));
#4483=CARTESIAN_POINT('Ctrl Pts',(-6.37281247714472,7.07285478853669,3.97708732280873));
#4484=CARTESIAN_POINT('Ctrl Pts',(-6.49097771357906,7.07671761223942,3.98669215293053));
#4485=CARTESIAN_POINT('Ctrl Pts',(-7.05612345826244,-4.72598120950776E-15,
5.06096859745768));
#4486=CARTESIAN_POINT('Ctrl Pts',(-7.05612345826244,-2.42136531003722,5.06096859242377));
#4487=CARTESIAN_POINT('Ctrl Pts',(-7.05612345826244,-4.99962850422329,4.76129696630564));
#4488=CARTESIAN_POINT('Ctrl Pts',(-7.05612345826244,-6.52891219212766,4.27074289588619));
#4489=CARTESIAN_POINT('Ctrl Pts',(-7.05612345826244,-7.09737517701493,4.04212122562501));
#4490=CARTESIAN_POINT('Ctrl Pts',(-6.43897197238341,-4.48912812091073E-15,
4.99835004262989));
#4491=CARTESIAN_POINT('Ctrl Pts',(-6.43897197238341,-2.41863056916375,4.99835003759598));
#4492=CARTESIAN_POINT('Ctrl Pts',(-6.43897197238341,-4.98756502255622,4.69935809605002));
#4493=CARTESIAN_POINT('Ctrl Pts',(-6.43897197238342,-6.50942384254651,4.21108767472147));
#4494=CARTESIAN_POINT('Ctrl Pts',(-6.43897197238342,-7.0740103340592,3.98402503364675));
#4495=CARTESIAN_POINT('Ctrl Pts',(-4.82126128591301,-3.96985641635098E-15,
4.86310918755394));
#4496=CARTESIAN_POINT('Ctrl Pts',(-4.82126128591301,-2.41267886002549,4.86310918252003));
#4497=CARTESIAN_POINT('Ctrl Pts',(-4.82126128591301,-4.96153178512017,4.56557229489539));
#4498=CARTESIAN_POINT('Ctrl Pts',(-4.82126128591302,-6.46739800580356,4.08222105596358));
#4499=CARTESIAN_POINT('Ctrl Pts',(-4.82126128591302,-7.02354795355973,3.85855138288294));
#4500=CARTESIAN_POINT('Ctrl Pts',(-2.18780455802774,-3.64142880100079E-15,
4.79000023208278));
#4501=CARTESIAN_POINT('Ctrl Pts',(-2.18780455802774,-2.40943248417876,4.79000022704887));
#4502=CARTESIAN_POINT('Ctrl Pts',(-2.18780455802775,-4.94747204326487,4.49324167095302));
#4503=CARTESIAN_POINT('Ctrl Pts',(-2.18780455802775,-6.44472061834939,4.01254138502103));
#4504=CARTESIAN_POINT('Ctrl Pts',(-2.18780455802775,-6.99626883049567,3.79072241550955));
#4505=CARTESIAN_POINT('Ctrl Pts',(-5.98671750859721E-23,-3.58207653199409E-15,
4.79000022751279));
#4506=CARTESIAN_POINT('Ctrl Pts',(-6.5543223528785E-16,-2.40945912189125,
4.79000022247888));
#4507=CARTESIAN_POINT('Ctrl Pts',(-1.77521725041712E-15,-4.9474597321365,
4.49324924613892));
#4508=CARTESIAN_POINT('Ctrl Pts',(-2.87885194394414E-15,-6.4446828577044,
4.01255656648722));
#4509=CARTESIAN_POINT('Ctrl Pts',(-3.35052001885513E-15,-6.99626882879047,
3.79072241126961));
#4510=CARTESIAN_POINT('',(-3.35052001891331E-15,-6.99626882879047,3.79072241126961));
#4511=CARTESIAN_POINT('Ctrl Pts',(-6.48546758812009,-7.07728341482487,3.99216348032422));
#4512=CARTESIAN_POINT('Ctrl Pts',(-6.36830227344749,-7.07345892020036,3.98265395465154));
#4513=CARTESIAN_POINT('Ctrl Pts',(-6.00674998521148,-7.06210929832276,3.95443335788865));
#4514=CARTESIAN_POINT('Ctrl Pts',(-5.35981926898515,-7.04417013289304,3.90982799928599));
#4515=CARTESIAN_POINT('Ctrl Pts',(-4.32880812981309,-7.02189418559094,3.85443932351305));
#4516=CARTESIAN_POINT('Ctrl Pts',(-3.03994399856203,-7.0055034419245,3.81368408314972));
#4517=CARTESIAN_POINT('Ctrl Pts',(-1.64867325100328,-6.99794867448711,3.79489931236287));
#4518=CARTESIAN_POINT('Ctrl Pts',(-0.574091191587984,-6.99626882923793,
3.79072241238219));
#4519=CARTESIAN_POINT('Ctrl Pts',(-3.35052001192002E-15,-6.99626882879047,
3.79072241126961));
#4520=CARTESIAN_POINT('Ctrl Pts',(-5.98671750859721E-23,-3.58207653199409E-15,
4.79000022751279));
#4521=CARTESIAN_POINT('Ctrl Pts',(-6.5543223528785E-16,-2.40945912189125,
4.79000022247888));
#4522=CARTESIAN_POINT('Ctrl Pts',(-1.77521725041712E-15,-4.9474597321365,
4.49324924613892));
#4523=CARTESIAN_POINT('Ctrl Pts',(-2.87885194394414E-15,-6.4446828577044,
4.01255656648722));
#4524=CARTESIAN_POINT('Ctrl Pts',(-3.35052001885513E-15,-6.99626882879047,
3.79072241126961));
#4525=CARTESIAN_POINT('Ctrl Pts',(-6.48546758812009,-7.07728341482488,3.99216348032422));
#4526=CARTESIAN_POINT('Ctrl Pts',(-6.48546758812009,-7.43298955819962,3.84910731872899));
#4527=CARTESIAN_POINT('Ctrl Pts',(-6.48546758812009,-7.82116350007172,3.6720988169834));
#4528=CARTESIAN_POINT('Ctrl Pts',(-6.48546758812009,-8.253877804906,3.4811232671922));
#4529=CARTESIAN_POINT('Ctrl Pts',(-5.10901387341739,-7.0323533956679,3.88044593000824));
#4530=CARTESIAN_POINT('Ctrl Pts',(-5.10901387341739,-7.38499712401327,3.73862139554363));
#4531=CARTESIAN_POINT('Ctrl Pts',(-5.10901387341739,-7.77125869928063,3.56250409560718));
#4532=CARTESIAN_POINT('Ctrl Pts',(-5.10901387341739,-8.20525851481208,3.37096119431404));
#4533=CARTESIAN_POINT('Ctrl Pts',(-3.34500738230371,-6.9962688313976,3.7907224177522));
#4534=CARTESIAN_POINT('Ctrl Pts',(-3.34500738230371,-7.34639751223699,3.64990937281905));
#4535=CARTESIAN_POINT('Ctrl Pts',(-3.34500738230371,-7.73115543547758,3.47449577578284));
#4536=CARTESIAN_POINT('Ctrl Pts',(-3.34500738230371,-8.16621099310859,3.28248692981327));
#4537=CARTESIAN_POINT('Ctrl Pts',(-3.35052001885416E-15,-6.99626882879047,
3.79072241126961));
#4538=CARTESIAN_POINT('Ctrl Pts',(-3.63251320761763E-15,-7.34641428703413,
3.64990261888189));
#4539=CARTESIAN_POINT('Ctrl Pts',(-3.91323095243686E-15,-7.73116247531142,
3.47449266116207));
#4540=CARTESIAN_POINT('Ctrl Pts',(-4.19429655098666E-15,-8.16621099028738,
3.28248692342094));
#4541=CARTESIAN_POINT('Ctrl Pts',(-3.35052001885416E-15,-6.99626882879047,
3.79072241126961));
#4542=CARTESIAN_POINT('Ctrl Pts',(-3.63251320609619E-15,-7.34641428514499,
3.64990261964165));
#4543=CARTESIAN_POINT('Ctrl Pts',(-3.91323094940775E-15,-7.73116247115976,
3.47449266305484));
#4544=CARTESIAN_POINT('Ctrl Pts',(-4.19429654643736E-15,-8.16621098324573,
3.28248692652872));
#4545=CARTESIAN_POINT('Ctrl Pts',(-3.35052001885416E-15,-6.99626882879047,
3.79072241126961));
#4546=CARTESIAN_POINT('Ctrl Pts',(-3.63251320609619E-15,-7.34641428514499,
3.64990261964165));
#4547=CARTESIAN_POINT('Ctrl Pts',(-3.91323110431669E-15,-7.73116247119152,
3.47449266307923));
#4548=CARTESIAN_POINT('Ctrl Pts',(-4.19429658407456E-15,-8.16621098324573,
3.28248692652872));
#4549=CARTESIAN_POINT('Ctrl Pts',(2.91964859254673,-6.99626883106609,3.79072241692785));
#4550=CARTESIAN_POINT('Ctrl Pts',(2.91964859254673,-7.34636745537836,3.64992145998209));
#4551=CARTESIAN_POINT('Ctrl Pts',(2.91964859254673,-7.73114281495677,3.47450134489252));
#4552=CARTESIAN_POINT('Ctrl Pts',(2.91964859254673,-8.1662109857082,3.28248693210819));
#4553=CARTESIAN_POINT('Ctrl Pts',(4.49563094665737,-7.08274194364125,4.00573599774435));
#4554=CARTESIAN_POINT('Ctrl Pts',(4.49563094665737,-7.43885996018381,3.8625141910086));
#4555=CARTESIAN_POINT('Ctrl Pts',(4.49563094665737,-7.82724312558859,3.68540605692495));
#4556=CARTESIAN_POINT('Ctrl Pts',(4.49563094665737,-8.25978453466974,3.49450681341348));
#4557=CARTESIAN_POINT('Ctrl Pts',(5.70605118397406,-7.19274120604668,4.27924685669955));
#4558=CARTESIAN_POINT('Ctrl Pts',(5.70605118397406,-7.55637214784847,4.13300353834931));
#4559=CARTESIAN_POINT('Ctrl Pts',(5.70605118397406,-7.94942829404546,3.95371687562802));
#4560=CARTESIAN_POINT('Ctrl Pts',(5.70605118397406,-8.37881600075096,3.76420949745408));
#4561=CARTESIAN_POINT('Ctrl Pts',(-3.35052001192002E-15,-6.99626882879047,
3.79072241126961));
#4562=CARTESIAN_POINT('Ctrl Pts',(0.524432756099677,-6.99626882919922,3.79072241228595));
#4563=CARTESIAN_POINT('Ctrl Pts',(1.50498954324316,-7.00066491272477,3.80165318177312));
#4564=CARTESIAN_POINT('Ctrl Pts',(2.77108289774584,-7.02043542215863,3.85081213883326));
#4565=CARTESIAN_POINT('Ctrl Pts',(3.88603206085153,-7.06141995772801,3.95271932695734));
#4566=CARTESIAN_POINT('Ctrl Pts',(4.78249815771533,-7.11646520997341,4.08958819220076));
#4567=CARTESIAN_POINT('Ctrl Pts',(5.33568106622945,-7.15985238326,4.19746948861817));
#4568=CARTESIAN_POINT('Ctrl Pts',(5.6320529012252,-7.18601647006599,4.26252594172153));
#4569=CARTESIAN_POINT('Ctrl Pts',(5.70605118397406,-7.19274120604668,4.27924685669955));
#4570=CARTESIAN_POINT('Ctrl Pts',(6.99015068493291,5.33833022654443,5.23760593003381));
#4571=CARTESIAN_POINT('Ctrl Pts',(7.19153271166386,5.50479482210292,4.97461642639098));
#4572=CARTESIAN_POINT('Ctrl Pts',(7.67160474608819,5.90374394784485,4.24813831736477));
#4573=CARTESIAN_POINT('Ctrl Pts',(8.22863989647086,6.3722195520468,2.9365796115929));
#4574=CARTESIAN_POINT('Ctrl Pts',(8.63643558196205,6.70857025910989,1.5148904120826));
#4575=CARTESIAN_POINT('Ctrl Pts',(8.85410827854675,6.88243087917363,0.624406491693533));
#4576=CARTESIAN_POINT('Ctrl Pts',(8.94275684075182,6.95380801511669,0.246299414386921));
#4577=CARTESIAN_POINT('Ctrl Pts',(7.0292106318051,5.25825250524143,5.23208323363777));
#4578=CARTESIAN_POINT('Ctrl Pts',(7.23159548474119,5.42111965698067,4.96698405098833));
#4579=CARTESIAN_POINT('Ctrl Pts',(7.71140444767159,5.81211135451326,4.23619514479267));
#4580=CARTESIAN_POINT('Ctrl Pts',(8.25923683519642,6.27268529467982,2.922554469737));
#4581=CARTESIAN_POINT('Ctrl Pts',(8.65220315043449,6.60511716060538,1.50460878198542));
#4582=CARTESIAN_POINT('Ctrl Pts',(8.86033611788812,6.77804155427549,0.619566638971468));
#4583=CARTESIAN_POINT('Ctrl Pts',(8.94518976783396,6.84920356871977,0.244341438073873));
#4584=CARTESIAN_POINT('Ctrl Pts',(7.25813929997487,4.80161587383442,5.20246688921718));
#4585=CARTESIAN_POINT('Ctrl Pts',(7.46420013614979,4.93939945403302,4.92613486992614));
#4586=CARTESIAN_POINT('Ctrl Pts',(7.93400054705195,5.2656640183853,4.17256313146037));
#4587=CARTESIAN_POINT('Ctrl Pts',(8.41775819272478,5.63637319392107,2.84929672414273));
#4588=CARTESIAN_POINT('Ctrl Pts',(8.72857548760005,5.89996708699699,1.45002647052771));
#4589=CARTESIAN_POINT('Ctrl Pts',(8.88969325760354,6.04429089716693,0.593555359027791));
#4590=CARTESIAN_POINT('Ctrl Pts',(8.95660024126881,6.10626921799299,0.233798289488677));
#4591=CARTESIAN_POINT('Ctrl Pts',(7.76293795094571,2.92351479833143,5.11727516732308));
#4592=CARTESIAN_POINT('Ctrl Pts',(7.98373268576307,2.98441200893674,4.80873170278377));
#4593=CARTESIAN_POINT('Ctrl Pts',(8.43748085813965,3.11581071946377,3.99032384960527));
#4594=CARTESIAN_POINT('Ctrl Pts',(8.7785417597817,3.22994497596322,2.64203862276552));
#4595=CARTESIAN_POINT('Ctrl Pts',(8.91090520672168,3.29381282920586,1.29400261347422));
#4596=CARTESIAN_POINT('Ctrl Pts',(8.96362420977457,3.33886158220969,0.518595924594188));
#4597=CARTESIAN_POINT('Ctrl Pts',(8.98565742460315,3.36280221041796,0.203393502029685));
#4598=CARTESIAN_POINT('Ctrl Pts',(7.87102216342459,0.808336573569902,5.07364350580282));
#4599=CARTESIAN_POINT('Ctrl Pts',(8.10472189963572,0.82353601603291,4.74862035183224));
#4600=CARTESIAN_POINT('Ctrl Pts',(8.57130748922366,0.858066559740091,3.89710909123722));
#4601=CARTESIAN_POINT('Ctrl Pts',(8.89126138421677,0.895910561453097,2.53642706090177));
#4602=CARTESIAN_POINT('Ctrl Pts',(8.98333152925607,0.919440749710752,1.21424601933696));
#4603=CARTESIAN_POINT('Ctrl Pts',(8.99759548783359,0.928374124455872,0.48018534975244));
#4604=CARTESIAN_POINT('Ctrl Pts',(8.99939608435572,0.93143757977077,0.187809487539333));
#4605=CARTESIAN_POINT('Ctrl Pts',(7.87102216342459,-0.808336573569913,5.07364350580282));
#4606=CARTESIAN_POINT('Ctrl Pts',(8.10472189963571,-0.823536016032921,4.74862035183224));
#4607=CARTESIAN_POINT('Ctrl Pts',(8.57130748922366,-0.858066559740102,3.89710909123722));
#4608=CARTESIAN_POINT('Ctrl Pts',(8.89126138421677,-0.895910561453104,2.53642706090177));
#4609=CARTESIAN_POINT('Ctrl Pts',(8.98333152925607,-0.919440749710757,1.21424601933696));
#4610=CARTESIAN_POINT('Ctrl Pts',(8.99759548783358,-0.928374124455879,0.48018534975244));
#4611=CARTESIAN_POINT('Ctrl Pts',(8.99939608435572,-0.931437579770773,0.187809487539333));
#4612=CARTESIAN_POINT('Ctrl Pts',(7.76293795094571,-2.92351479833146,5.11727516732308));
#4613=CARTESIAN_POINT('Ctrl Pts',(7.98373268576307,-2.98441200893677,4.80873170278377));
#4614=CARTESIAN_POINT('Ctrl Pts',(8.43748085813965,-3.1158107194638,3.99032384960527));
#4615=CARTESIAN_POINT('Ctrl Pts',(8.77854175978169,-3.22994497596325,2.64203862276552));
#4616=CARTESIAN_POINT('Ctrl Pts',(8.91090520672168,-3.29381282920587,1.29400261347422));
#4617=CARTESIAN_POINT('Ctrl Pts',(8.96362420977456,-3.33886158220971,0.518595924594187));
#4618=CARTESIAN_POINT('Ctrl Pts',(8.98565742460315,-3.36280221041798,0.203393502029685));
#4619=CARTESIAN_POINT('Ctrl Pts',(7.25813929997486,-4.80161587383447,5.20246688921718));
#4620=CARTESIAN_POINT('Ctrl Pts',(7.46420013614978,-4.93939945403307,4.92613486992615));
#4621=CARTESIAN_POINT('Ctrl Pts',(7.93400054705194,-5.26566401838534,4.17256313146037));
#4622=CARTESIAN_POINT('Ctrl Pts',(8.41775819272478,-5.63637319392111,2.84929672414273));
#4623=CARTESIAN_POINT('Ctrl Pts',(8.72857548760004,-5.89996708699703,1.4500264705277));
#4624=CARTESIAN_POINT('Ctrl Pts',(8.88969325760354,-6.04429089716697,0.593555359027792));
#4625=CARTESIAN_POINT('Ctrl Pts',(8.95660024126882,-6.10626921799302,0.233798289488677));
#4626=CARTESIAN_POINT('Ctrl Pts',(7.02921063180508,-5.25825250524147,5.23208323363777));
#4627=CARTESIAN_POINT('Ctrl Pts',(7.23159548474118,-5.42111965698071,4.96698405098833));
#4628=CARTESIAN_POINT('Ctrl Pts',(7.71140444767158,-5.8121113545133,4.23619514479267));
#4629=CARTESIAN_POINT('Ctrl Pts',(8.25923683519641,-6.27268529467986,2.922554469737));
#4630=CARTESIAN_POINT('Ctrl Pts',(8.65220315043448,-6.60511716060541,1.50460878198542));
#4631=CARTESIAN_POINT('Ctrl Pts',(8.86033611788812,-6.77804155427553,0.619566638971469));
#4632=CARTESIAN_POINT('Ctrl Pts',(8.94518976783397,-6.8492035687198,0.244341438073874));
#4633=CARTESIAN_POINT('Ctrl Pts',(6.9901506849329,-5.33833022654447,5.23760593003381));
#4634=CARTESIAN_POINT('Ctrl Pts',(7.19153271166385,-5.50479482210296,4.97461642639098));
#4635=CARTESIAN_POINT('Ctrl Pts',(7.67160474608818,-5.90374394784489,4.24813831736478));
#4636=CARTESIAN_POINT('Ctrl Pts',(8.22863989647085,-6.37221955204684,2.9365796115929));
#4637=CARTESIAN_POINT('Ctrl Pts',(8.63643558196204,-6.70857025910993,1.5148904120826));
#4638=CARTESIAN_POINT('Ctrl Pts',(8.85410827854675,-6.88243087917367,0.624406491693533));
#4639=CARTESIAN_POINT('Ctrl Pts',(8.94275684075182,-6.95380801511672,0.246299414386921));
#4640=CARTESIAN_POINT('Ctrl Pts',(7.51480231926546,-5.77388252283183,4.44803117640051));
#4641=CARTESIAN_POINT('Ctrl Pts',(7.52515217770194,-5.78251206076952,4.42995436587288));
#4642=CARTESIAN_POINT('Ctrl Pts',(7.80135217482353,-6.0128636416895,3.94264346736749));
#4643=CARTESIAN_POINT('Ctrl Pts',(8.22863989647086,-6.37221955204684,2.9365796115929));
#4644=CARTESIAN_POINT('Ctrl Pts',(8.63643558196204,-6.70857025910993,1.5148904120826));
#4645=CARTESIAN_POINT('Ctrl Pts',(8.85410827854675,-6.88243087917367,0.624406491693531));
#4646=CARTESIAN_POINT('Ctrl Pts',(8.94275684075182,-6.95380801511673,0.24629941438692));
#4647=CARTESIAN_POINT('Ctrl Pts',(7.51480231926546,-5.77388252283183,4.44803117640051));
#4648=CARTESIAN_POINT('Ctrl Pts',(7.52475429434515,-5.7821803123168,4.43064929924777));
#4649=CARTESIAN_POINT('Ctrl Pts',(7.53503813553924,-5.79075697764303,4.41251216802175));
#4650=CARTESIAN_POINT('Ctrl Pts',(7.80878412181498,-6.01911851108665,3.92476757414724));
#4651=CARTESIAN_POINT('Ctrl Pts',(8.02684235519304,-6.20250454391558,3.41171896659491));
#4652=CARTESIAN_POINT('Ctrl Pts',(8.38444695226195,-6.50072550191739,2.39311191537238));
#4653=CARTESIAN_POINT('Ctrl Pts',(8.52976660422751,-6.62058947030022,1.8867681414542));
#4654=CARTESIAN_POINT('Ctrl Pts',(8.7617543503999,-6.80866661283357,1.00224605229497));
#4655=CARTESIAN_POINT('Ctrl Pts',(8.85428403240348,-6.88257125710173,0.623687470090025));
#4656=CARTESIAN_POINT('Ctrl Pts',(8.94301051850977,-6.95401227038242,0.245217374946304));
#4657=CARTESIAN_POINT('Ctrl Pts',(7.29094169229779,-6.28203821093453,4.50690074796908));
#4658=CARTESIAN_POINT('Ctrl Pts',(7.30117634618269,-6.29124109961867,4.4899468999015));
#4659=CARTESIAN_POINT('Ctrl Pts',(7.3117717421681,-6.30075002128106,4.47224576716081));
#4660=CARTESIAN_POINT('Ctrl Pts',(7.59434866719504,-6.55384674505766,3.99593067768565));
#4661=CARTESIAN_POINT('Ctrl Pts',(7.83295189507154,-6.75491434744288,3.48755271107282));
#4662=CARTESIAN_POINT('Ctrl Pts',(8.24201189691822,-7.0780420648411,2.46506418055669));
#4663=CARTESIAN_POINT('Ctrl Pts',(8.41750057852306,-7.20589249516739,1.95111578456903));
#4664=CARTESIAN_POINT('Ctrl Pts',(8.7030362574685,-7.40290851243899,1.04309956784188));
#4665=CARTESIAN_POINT('Ctrl Pts',(8.81874039558599,-7.47908600345356,0.65131866014939));
#4666=CARTESIAN_POINT('Ctrl Pts',(8.92917013123382,-7.55175547906692,0.256358675595159));
#4667=CARTESIAN_POINT('Ctrl Pts',(6.86937018486808,-6.93873685164331,4.54650088656461));
#4668=CARTESIAN_POINT('Ctrl Pts',(6.87959985504949,-6.949167291965,4.52982461867394));
#4669=CARTESIAN_POINT('Ctrl Pts',(6.89018473462959,-6.95996752232425,4.51240571268121));
#4670=CARTESIAN_POINT('Ctrl Pts',(7.17233612216576,-7.24806711541807,4.04347442013524));
#4671=CARTESIAN_POINT('Ctrl Pts',(7.40696501955533,-7.49285704786281,3.53775282345144));
#4672=CARTESIAN_POINT('Ctrl Pts',(7.80208434950565,-7.90674195604989,2.51185897906634));
#4673=CARTESIAN_POINT('Ctrl Pts',(7.96803886773307,-8.0814128462789,1.99246050190156));
#4674=CARTESIAN_POINT('Ctrl Pts',(8.23193316716518,-8.35722903464455,1.06886366387388));
#4675=CARTESIAN_POINT('Ctrl Pts',(8.33682182132353,-8.46619624999014,0.668530222801278));
#4676=CARTESIAN_POINT('Ctrl Pts',(8.43517572404911,-8.56896568273987,0.263272833480168));
#4677=CARTESIAN_POINT('Ctrl Pts',(6.15414589091278,-7.35036036745582,4.48898747604203));
#4678=CARTESIAN_POINT('Ctrl Pts',(6.16303596568346,-7.36062576225648,4.47190009133707));
#4679=CARTESIAN_POINT('Ctrl Pts',(6.17221999259383,-7.37125018235447,4.45406266606095));
#4680=CARTESIAN_POINT('Ctrl Pts',(6.41662346667447,-7.654522782954,3.9741668194878));
#4681=CARTESIAN_POINT('Ctrl Pts',(6.60967578792787,-7.89178741376618,3.46414589888264));
#4682=CARTESIAN_POINT('Ctrl Pts',(6.92329761413188,-8.29071474889065,2.44229749653338));
#4683=CARTESIAN_POINT('Ctrl Pts',(7.04920155265802,-8.45795560410988,1.93032737877484));
#4684=CARTESIAN_POINT('Ctrl Pts',(7.24781021258074,-8.72502863199048,1.02946209551146));
#4685=CARTESIAN_POINT('Ctrl Pts',(7.32620722235819,-8.83156882637519,0.641879888888635));
#4686=CARTESIAN_POINT('Ctrl Pts',(7.40089409044514,-8.93409249641197,0.252526707103411));
#4687=CARTESIAN_POINT('Ctrl Pts',(5.77276412599584,-7.51654852318799,4.4484129406956));
#4688=CARTESIAN_POINT('Ctrl Pts',(5.78097839717454,-7.52659136807343,4.43104165430072));
#4689=CARTESIAN_POINT('Ctrl Pts',(5.78946652377702,-7.53697146635003,4.41291552387729));
#4690=CARTESIAN_POINT('Ctrl Pts',(6.01541082443885,-7.81334376952709,3.92546469818006));
#4691=CARTESIAN_POINT('Ctrl Pts',(6.19539067120203,-8.03514358364665,3.41269550319422));
#4692=CARTESIAN_POINT('Ctrl Pts',(6.49063356077011,-8.39569930495968,2.39415917234703));
#4693=CARTESIAN_POINT('Ctrl Pts',(6.61066536594136,-8.54056553362507,1.88761779486889));
#4694=CARTESIAN_POINT('Ctrl Pts',(6.80254573551997,-8.76810981390072,1.00265369209332));
#4695=CARTESIAN_POINT('Ctrl Pts',(6.87915637397337,-8.85759916756337,0.62386754276845));
#4696=CARTESIAN_POINT('Ctrl Pts',(6.95272820187312,-8.9442222212526,0.245278134721762));
#4697=CARTESIAN_POINT('Ctrl Pts',(6.10898673073337,-7.92863971873676,3.62938415723472));
#4698=CARTESIAN_POINT('Ctrl Pts',(6.19557036432985,-8.03490202620782,3.38721761952326));
#4699=CARTESIAN_POINT('Ctrl Pts',(6.42851116540447,-8.32072061409261,2.65625875670164));
#4700=CARTESIAN_POINT('Ctrl Pts',(6.69831166697723,-8.64635661515377,1.51794786407296));
#4701=CARTESIAN_POINT('Ctrl Pts',(6.87889990611921,-8.8572972037637,0.62518728723941));
#4702=CARTESIAN_POINT('Ctrl Pts',(6.95272820187308,-8.94422222125255,0.24527813472199));
#4703=CARTESIAN_POINT('Ctrl Pts',(5.71349251597009,7.1926724458349,4.27501141474347));
#4704=CARTESIAN_POINT('Ctrl Pts',(5.71349251597009,7.55724524324477,4.12808818282192));
#4705=CARTESIAN_POINT('Ctrl Pts',(5.71349251597009,7.95130843148164,3.94784402856221));
#4706=CARTESIAN_POINT('Ctrl Pts',(5.71349251597009,8.38183493992059,3.75722059313305));
#4707=CARTESIAN_POINT('Ctrl Pts',(4.50224820333389,7.08234090741221,4.00067435844018));
#4708=CARTESIAN_POINT('Ctrl Pts',(4.50224820333389,7.43935797240143,3.85678985410838));
#4709=CARTESIAN_POINT('Ctrl Pts',(4.50224820333389,7.82873288445103,3.67873174507757));
#4710=CARTESIAN_POINT('Ctrl Pts',(4.50224820333389,8.26247029331731,3.48669157440651));
#4711=CARTESIAN_POINT('Ctrl Pts',(2.92563575334354,6.99552303506078,3.78480353967068));
#4712=CARTESIAN_POINT('Ctrl Pts',(2.92563575334354,7.34647977041308,3.64335634913527));
#4713=CARTESIAN_POINT('Ctrl Pts',(2.92563575334354,7.73223161344537,3.46699374173358));
#4714=CARTESIAN_POINT('Ctrl Pts',(2.92563575334354,8.16854443313058,3.27381723085138));
#4715=CARTESIAN_POINT('Ctrl Pts',(-3.34768909126177E-15,6.9955230327805,
3.78480353400082));
#4716=CARTESIAN_POINT('Ctrl Pts',(-3.63080090130396E-15,7.34652667397812,
3.64333747910147));
#4717=CARTESIAN_POINT('Ctrl Pts',(-3.91254877442617E-15,7.7322515441881,
3.46698494107659));
#4718=CARTESIAN_POINT('Ctrl Pts',(-4.19463020078426E-15,8.16854443066361,
3.27381722526023));
#4719=CARTESIAN_POINT('Ctrl Pts',(-3.34768909126177E-15,6.9955230327805,
3.78480353400082));
#4720=CARTESIAN_POINT('Ctrl Pts',(-3.63080090130396E-15,7.34652667397812,
3.64333747910147));
#4721=CARTESIAN_POINT('Ctrl Pts',(-3.91254877442617E-15,7.7322515441881,
3.46698494107659));
#4722=CARTESIAN_POINT('Ctrl Pts',(-4.19463020078426E-15,8.16854443066361,
3.27381722526023));
#4723=CARTESIAN_POINT('Ctrl Pts',(5.71349251597009,7.1926724458349,4.27501141474347));
#4724=CARTESIAN_POINT('Ctrl Pts',(5.63810814167132,7.1858057271204,4.25793746267563));
#4725=CARTESIAN_POINT('Ctrl Pts',(5.34053640348185,7.15948767522531,4.19249817860734));
#4726=CARTESIAN_POINT('Ctrl Pts',(4.78617390517857,7.11594522955824,4.08423080067244));
#4727=CARTESIAN_POINT('Ctrl Pts',(3.88831842501769,7.06075820642302,3.94700942508484));
#4728=CARTESIAN_POINT('Ctrl Pts',(2.77108289774584,7.01968962614866,3.84489326156448));
#4729=CARTESIAN_POINT('Ctrl Pts',(1.50498954324316,6.9999191167148,3.79573430450433));
#4730=CARTESIAN_POINT('Ctrl Pts',(0.524432756099677,6.99552303318925,3.78480353501717));
#4731=CARTESIAN_POINT('Ctrl Pts',(-3.34768903142438E-15,6.9955230327805,
3.78480353400082));
#4732=CARTESIAN_POINT('Ctrl Pts',(6.49830758972808,3.69387680165811E-15,
5.53472374912537));
#4733=CARTESIAN_POINT('Ctrl Pts',(6.49830758972808,2.44218040830148,5.53222488976376));
#4734=CARTESIAN_POINT('Ctrl Pts',(6.49830758972807,5.09055541219712,5.22537002929759));
#4735=CARTESIAN_POINT('Ctrl Pts',(6.49830758972808,6.67554701709747,4.71651904434073));
#4736=CARTESIAN_POINT('Ctrl Pts',(6.49830758972807,7.27340150148304,4.47574251848106));
#4737=CARTESIAN_POINT('Ctrl Pts',(5.94485246829629,2.16345339122672E-15,
5.36367763913593));
#4738=CARTESIAN_POINT('Ctrl Pts',(5.94485246829629,2.4347119565309,5.36117877977432));
#4739=CARTESIAN_POINT('Ctrl Pts',(5.94485246829629,5.05760239014254,5.05618111853777));
#4740=CARTESIAN_POINT('Ctrl Pts',(5.94485246829629,6.62231115778932,4.55356838610054));
#4741=CARTESIAN_POINT('Ctrl Pts',(5.94485246829629,7.20957911674289,4.31704949737237));
#4742=CARTESIAN_POINT('Ctrl Pts',(4.48578572110965,-1.18828731724556E-15,
4.99348943096873));
#4743=CARTESIAN_POINT('Ctrl Pts',(4.48578572110965,2.4184190449242,4.99099057160712));
#4744=CARTESIAN_POINT('Ctrl Pts',(4.48578572110965,4.98634288122212,4.68997586494051));
#4745=CARTESIAN_POINT('Ctrl Pts',(4.48578572110965,6.50727813189298,4.20082715940196));
#4746=CARTESIAN_POINT('Ctrl Pts',(4.48578572110964,7.07145089944892,3.97359658203574));
#4747=CARTESIAN_POINT('Ctrl Pts',(2.06021605732771,-3.27400931759907E-15,
4.79000023181627));
#4748=CARTESIAN_POINT('Ctrl Pts',(2.06021605732771,2.4093846414699,4.78750137245466));
#4749=CARTESIAN_POINT('Ctrl Pts',(2.06021605732771,4.94720815247887,4.48865393408486));
#4750=CARTESIAN_POINT('Ctrl Pts',(2.06021605732771,6.44415652773552,4.00688375584886));
#4751=CARTESIAN_POINT('Ctrl Pts',(2.06021605732771,6.99552303438626,3.7848035379935));
#4752=CARTESIAN_POINT('Ctrl Pts',(-8.66259710925257E-23,-3.58220397789211E-15,
4.79000022751279));
#4753=CARTESIAN_POINT('Ctrl Pts',(-6.5508625850735E-16,2.4094577020799,
4.78750136815118));
#4754=CARTESIAN_POINT('Ctrl Pts',(-1.77373062112471E-15,4.94717457852908,
4.48867456725442));
#4755=CARTESIAN_POINT('Ctrl Pts',(-2.87647429176102E-15,6.44405296276354,
4.00692540246538));
#4756=CARTESIAN_POINT('Ctrl Pts',(-3.34768908009137E-15,6.9955230327805,
3.78480353400082));
#4757=CARTESIAN_POINT('Ctrl Pts',(6.49824104419083,3.69267867656947E-15,
5.53470318333147));
#4758=CARTESIAN_POINT('Ctrl Pts',(6.47479437971258,3.62784526299709E-15,
5.52745709932547));
#4759=CARTESIAN_POINT('Ctrl Pts',(6.26233268323561,3.0451191353159E-15,
5.46235934998847));
#4760=CARTESIAN_POINT('Ctrl Pts',(5.84089995448682,1.97064526176385E-15,
5.34285187575577));
#4761=CARTESIAN_POINT('Ctrl Pts',(5.15993032187486,4.70671542149668E-16,
5.17765609954252));
#4762=CARTESIAN_POINT('Ctrl Pts',(4.10621129644243,-1.30647886821549E-15,
4.98629851153647));
#4763=CARTESIAN_POINT('Ctrl Pts',(2.77108289774585,-2.61939461652474E-15,
4.85476750006379));
#4764=CARTESIAN_POINT('Ctrl Pts',(1.50498954324316,-3.25722818753855E-15,
4.80178187840551));
#4765=CARTESIAN_POINT('Ctrl Pts',(0.52443275609968,-3.50362486934458E-15,
4.79000022860825));
#4766=CARTESIAN_POINT('Ctrl Pts',(-6.61744490042422E-23,-3.5820765319931E-15,
4.79000022751279));
#4767=CARTESIAN_POINT('Ctrl Pts',(-3.34768909126177E-15,6.9955230327805,
3.78480353400082));
#4768=CARTESIAN_POINT('Ctrl Pts',(-3.63080093336767E-15,7.34652671373088,
3.64333746307979));
#4769=CARTESIAN_POINT('Ctrl Pts',(-3.91254876878389E-15,7.73225163088144,
3.46698490061228));
#4770=CARTESIAN_POINT('Ctrl Pts',(-4.19463029935455E-15,8.16854457890011,
3.27381715962884));
#4771=CARTESIAN_POINT('Ctrl Pts',(-3.34956805868639,6.99552303539119,3.78480354049225));
#4772=CARTESIAN_POINT('Ctrl Pts',(-3.34956805868639,7.34650994136947,3.64334421604763));
#4773=CARTESIAN_POINT('Ctrl Pts',(-3.34956805868639,7.73224450497377,3.46698805240105));
#4774=CARTESIAN_POINT('Ctrl Pts',(-3.3495680586864,8.16854458172454,3.27381716603017));
#4775=CARTESIAN_POINT('Ctrl Pts',(-5.1139857619273,7.03170230650524,3.87476253932906));
#4776=CARTESIAN_POINT('Ctrl Pts',(-5.1139857619273,7.3852178733049,3.73228625041623));
#4777=CARTESIAN_POINT('Ctrl Pts',(-5.1139857619273,7.77246044532052,3.55522420605425));
#4778=CARTESIAN_POINT('Ctrl Pts',(-5.1139857619273,8.20768593634501,3.36252745567313));
#4779=CARTESIAN_POINT('Ctrl Pts',(-6.49109517982121,7.07672145227331,3.98670170109424));
#4780=CARTESIAN_POINT('Ctrl Pts',(-6.49109517982121,7.43331375834816,3.84298802419551));
#4781=CARTESIAN_POINT('Ctrl Pts',(-6.49109517982121,7.82247291473916,3.66503265151573));
#4782=CARTESIAN_POINT('Ctrl Pts',(-6.49109517982121,8.25639090731205,3.47291280445402));
#4783=CARTESIAN_POINT('Ctrl Pts',(-5.98671750859721E-23,-3.58207653199409E-15,
4.79000022751279));
#4784=CARTESIAN_POINT('Ctrl Pts',(-6.5543223528785E-16,-2.40945912189125,
4.79000022247888));
#4785=CARTESIAN_POINT('Ctrl Pts',(-1.77521721336938E-15,-4.94745654236605,
4.49324869505249));
#4786=CARTESIAN_POINT('Ctrl Pts',(-2.87885194394414E-15,-6.4446828577044,
4.01255656648722));
#4787=CARTESIAN_POINT('Ctrl Pts',(-3.35052001885513E-15,-6.99626882879047,
3.79072241126961));
#4788=CARTESIAN_POINT('Ctrl Pts',(1.54513558006947,-3.3509344954528E-15,
4.79000023074035));
#4789=CARTESIAN_POINT('Ctrl Pts',(1.54513558006947,-2.40938713669913,4.79000022570643));
#4790=CARTESIAN_POINT('Ctrl Pts',(1.54513558006947,-4.94748966046584,4.49322833392124));
#4791=CARTESIAN_POINT('Ctrl Pts',(1.54513558006947,-6.44478489787079,4.01251553194989));
#4792=CARTESIAN_POINT('Ctrl Pts',(1.54513558006947,-6.99626882999477,3.79072241426406));
#4793=CARTESIAN_POINT('Ctrl Pts',(4.25988704950497,-1.64484669848615E-15,
4.94360172367428));
#4794=CARTESIAN_POINT('Ctrl Pts',(4.25988704950497,-2.41619718522432,4.94360171864037));
#4795=CARTESIAN_POINT('Ctrl Pts',(4.25988704950497,-4.97703432435948,4.64519128360947));
#4796=CARTESIAN_POINT('Ctrl Pts',(4.25988704950497,-6.49244493850867,4.15890609306151));
#4797=CARTESIAN_POINT('Ctrl Pts',(4.25988704950497,-7.05358210990096,3.93323068271866));
#4798=CARTESIAN_POINT('Ctrl Pts',(5.76030447782789,1.65217738364197E-15,
5.30664726254961));
#4799=CARTESIAN_POINT('Ctrl Pts',(5.76030447782789,-2.43225508158761,5.3066472575157));
#4800=CARTESIAN_POINT('Ctrl Pts',(5.76030447782789,-5.04688224945227,5.00435327836586));
#4801=CARTESIAN_POINT('Ctrl Pts',(5.76030447782789,-6.60514595626341,4.5048865216545));
#4802=CARTESIAN_POINT('Ctrl Pts',(5.76030447782789,-7.18904518510169,4.27005677813653));
#4803=CARTESIAN_POINT('Ctrl Pts',(6.49824123879951,3.69267921473714E-15,
5.5347032434744));
#4804=CARTESIAN_POINT('Ctrl Pts',(6.49824123879951,-2.44218092710679,5.53470323844049));
#4805=CARTESIAN_POINT('Ctrl Pts',(6.49824123879951,-5.09083315607971,5.22992407976228));
#4806=CARTESIAN_POINT('Ctrl Pts',(6.49824123879951,-6.67617053794619,4.72213066999819));
#4807=CARTESIAN_POINT('Ctrl Pts',(6.49824123879951,-7.27413964622548,4.48164237103363));
#4808=CARTESIAN_POINT('Ctrl Pts',(-6.06158208379392,-7.87046241898801,3.75930927153522));
#4809=CARTESIAN_POINT('Ctrl Pts',(-6.16687195286186,-7.99967696112861,3.476533242107));
#4810=CARTESIAN_POINT('Ctrl Pts',(-6.2621008220777,-8.11661299341105,3.18255242793523));
#4811=CARTESIAN_POINT('Ctrl Pts',(-6.49063343898406,-8.39570159290341,2.39415310753694));
#4812=CARTESIAN_POINT('Ctrl Pts',(-6.61066532122284,-8.54056818673605,1.88761094898014));
#4813=CARTESIAN_POINT('Ctrl Pts',(-6.80254548605148,-8.76811176213813,1.0026489287589));
#4814=CARTESIAN_POINT('Ctrl Pts',(-6.87915598911105,-8.85760048547624,0.623864824698663));
#4815=CARTESIAN_POINT('Ctrl Pts',(-6.95272785950279,-8.94422256242765,0.245277941551571));
#4816=CARTESIAN_POINT('Ctrl Pts',(-6.60035659186228,-7.66761777691636,3.82379327283252));
#4817=CARTESIAN_POINT('Ctrl Pts',(-6.71608897404199,-7.8069699939657,3.54352975221847));
#4818=CARTESIAN_POINT('Ctrl Pts',(-6.82001780067496,-7.937031922635,3.25015513885315));
#4819=CARTESIAN_POINT('Ctrl Pts',(-7.06751863510829,-8.25572275486886,2.45833746764669));
#4820=CARTESIAN_POINT('Ctrl Pts',(-7.19538000768893,-8.43042226539257,1.94455693283755));
#4821=CARTESIAN_POINT('Ctrl Pts',(-7.39623124580264,-8.71067066405551,1.03839331035349));
#4822=CARTESIAN_POINT('Ctrl Pts',(-7.47522362190818,-8.82289365997652,0.647881176104706));
#4823=CARTESIAN_POINT('Ctrl Pts',(-7.55028230573354,-8.93071633287307,0.254942693994974));
#4824=CARTESIAN_POINT('Ctrl Pts',(-7.30684409815558,-7.24215488811801,3.87814378880634));
#4825=CARTESIAN_POINT('Ctrl Pts',(-7.44565693320272,-7.3795834281354,3.60023234340822));
#4826=CARTESIAN_POINT('Ctrl Pts',(-7.57513954366366,-7.50666989166032,3.3076462551665));
#4827=CARTESIAN_POINT('Ctrl Pts',(-7.89320769453665,-7.81494936435968,2.51364782082324));
#4828=CARTESIAN_POINT('Ctrl Pts',(-8.06842825022793,-7.98051885654856,1.99418519049598));
#4829=CARTESIAN_POINT('Ctrl Pts',(-8.34928026214208,-8.23967021195269,1.07007969637529));
#4830=CARTESIAN_POINT('Ctrl Pts',(-8.46166601412243,-8.34126978856861,0.669406784047897));
#4831=CARTESIAN_POINT('Ctrl Pts',(-8.56724673064084,-8.43686833626928,0.263633706343318));
#4832=CARTESIAN_POINT('Ctrl Pts',(-7.71061509021713,-6.47036235495306,3.81172732749739));
#4833=CARTESIAN_POINT('Ctrl Pts',(-7.8457271867586,-6.58509586756014,3.53111094284631));
#4834=CARTESIAN_POINT('Ctrl Pts',(-7.97094511017654,-6.68841750293999,3.23777900991926));
#4835=CARTESIAN_POINT('Ctrl Pts',(-8.27762071125405,-6.93371520083895,2.44707189465328));
#4836=CARTESIAN_POINT('Ctrl Pts',(-8.4455673408454,-7.0595693690358,1.93502389913539));
#4837=CARTESIAN_POINT('Ctrl Pts',(-8.71771574771239,-7.25434999011522,1.03288278790539));
#4838=CARTESIAN_POINT('Ctrl Pts',(-8.82762601443109,-7.32995866788779,0.644409151840914));
#4839=CARTESIAN_POINT('Ctrl Pts',(-8.93262984919373,-7.40232006711126,0.253573603103442));
#4840=CARTESIAN_POINT('Ctrl Pts',(-7.86471971181462,-6.06637460072792,3.7585470043277));
#4841=CARTESIAN_POINT('Ctrl Pts',(-7.99227985956396,-6.17319127893209,3.47563883758393));
#4842=CARTESIAN_POINT('Ctrl Pts',(-8.10764319936053,-6.26988913680056,3.18155971672608));
#4843=CARTESIAN_POINT('Ctrl Pts',(-8.38444694445665,-6.5007275059556,2.3931056532853));
#4844=CARTESIAN_POINT('Ctrl Pts',(-8.52976674960667,-6.62059183271509,1.88676112262192));
#4845=CARTESIAN_POINT('Ctrl Pts',(-8.76175424194861,-6.80866839460196,1.00224117540092));
#4846=CARTESIAN_POINT('Ctrl Pts',(-8.85428372872952,-6.88257249102296,0.623684671467056));
#4847=CARTESIAN_POINT('Ctrl Pts',(-8.94301017410634,-6.95401261457337,0.245217148664652));
#4848=CARTESIAN_POINT('Ctrl Pts',(-6.27884058092532,-8.13693569682627,3.11750045278016));
#4849=CARTESIAN_POINT('Ctrl Pts',(-6.30254975244966,-8.16596544358861,3.04060598508028));
#4850=CARTESIAN_POINT('Ctrl Pts',(-6.47131289914783,-8.37238260257094,2.47566815030426));
#4851=CARTESIAN_POINT('Ctrl Pts',(-6.69831087550625,-8.64635857120647,1.51794388857016));
#4852=CARTESIAN_POINT('Ctrl Pts',(-6.87889942585309,-8.85729841292928,0.625185050535534));
#4853=CARTESIAN_POINT('Ctrl Pts',(-6.95272785950278,-8.94422256242763,0.245277941551624));
#4854=CARTESIAN_POINT('Origin',(-0.00037132915882017,0.454425925986892,
3.85));
#4855=CARTESIAN_POINT('',(0.,5.,3.85));
#4856=CARTESIAN_POINT('Ctrl Pts',(0.,5.,3.85));
#4857=CARTESIAN_POINT('Ctrl Pts',(0.369727373264152,5.,3.85));
#4858=CARTESIAN_POINT('Ctrl Pts',(0.739481472156954,5.00001344252338,3.85000000000002));
#4859=CARTESIAN_POINT('Ctrl Pts',(1.86198556577569,5.00004497038336,3.85000000000006));
#4860=CARTESIAN_POINT('Ctrl Pts',(2.61476608945811,5.00012223703121,3.8500000000002));
#4861=CARTESIAN_POINT('Ctrl Pts',(3.74499079088195,5.00027622535843,3.85000000000035));
#4862=CARTESIAN_POINT('Ctrl Pts',(4.12243721719317,5.0002025692441,3.85000000000044));
#4863=CARTESIAN_POINT('Ctrl Pts',(4.62778657551565,5.00055635659225,3.85000000000058));
#4864=CARTESIAN_POINT('Ctrl Pts',(4.88237257572361,4.89617753743878,3.85000000000057));
#4865=CARTESIAN_POINT('Ctrl Pts',(4.99564301386023,4.64543691199102,3.85000000000068));
#4866=CARTESIAN_POINT('Ctrl Pts',(5.0002753605354,4.51168764619471,3.8500000000007));
#4867=CARTESIAN_POINT('Ctrl Pts',(5.00038211433051,4.50581061731856,3.8500000000007));
#4868=CARTESIAN_POINT('Ctrl Pts',(5.00027171407262,3.81917454291744,3.85000000000054));
#4869=CARTESIAN_POINT('Ctrl Pts',(5.00013292646715,3.1384117730507,3.85000000000023));
#4870=CARTESIAN_POINT('Ctrl Pts',(5.00007003233737,1.63912958006887,3.8500000000001));
#4871=CARTESIAN_POINT('Ctrl Pts',(5.00003839871344,0.820639461307696,3.84999999999997));
#4872=CARTESIAN_POINT('Ctrl Pts',(5.00003992713003,-0.813298211278429,3.84999999999987));
#4873=CARTESIAN_POINT('Ctrl Pts',(5.00007674338564,-1.6287959328663,3.84999999999958));
#4874=CARTESIAN_POINT('Ctrl Pts',(5.00014668680742,-3.12427661755785,3.84999999999922));
#4875=CARTESIAN_POINT('Ctrl Pts',(5.00030124527277,-3.8042282225291,3.84999999999812));
#4876=CARTESIAN_POINT('Ctrl Pts',(5.00042247093518,-4.4894171513573,3.84999999999771));
#4877=CARTESIAN_POINT('Ctrl Pts',(5.00041941127808,-4.49466319179146,3.84999999999771));
#4878=CARTESIAN_POINT('Ctrl Pts',(5.00051465523022,-4.63079908386996,3.84999999999783));
#4879=CARTESIAN_POINT('Ctrl Pts',(4.89100764185425,-4.8910846534516,3.84999999999818));
#4880=CARTESIAN_POINT('Ctrl Pts',(4.63071331243268,-5.00061167590916,3.84999999999814));
#4881=CARTESIAN_POINT('Ctrl Pts',(4.14005893960036,-5.00023273859354,3.84999999999859));
#4882=CARTESIAN_POINT('Ctrl Pts',(3.78024890249852,-5.00031051978123,3.84999999999887));
#4883=CARTESIAN_POINT('Ctrl Pts',(2.99916828413604,-5.000171553541,3.84999999999928));
#4884=CARTESIAN_POINT('Ctrl Pts',(2.15661989596848,-5.00006458611578,3.84999999999976));
#4885=CARTESIAN_POINT('Ctrl Pts',(1.31406214429745,-5.00006178428761,3.84999999999977));
#4886=CARTESIAN_POINT('Ctrl Pts',(0.595195142658085,-5.00003878254394,3.84999999999989));
#4887=CARTESIAN_POINT('Ctrl Pts',(0.297586475863291,-5.00004016202347,3.84999999999988));
#4888=CARTESIAN_POINT('Ctrl Pts',(-0.676618764167482,-5.00003897726308,
3.84999999999993));
#4889=CARTESIAN_POINT('Ctrl Pts',(-1.35325385651032,-5.00006451032092,3.84999999999997));
#4890=CARTESIAN_POINT('Ctrl Pts',(-2.75615918490796,-5.00011935293942,3.84999999999998));
#4891=CARTESIAN_POINT('Ctrl Pts',(-3.48238820807454,-5.00026646593881,3.84999999999999));
#4892=CARTESIAN_POINT('Ctrl Pts',(-4.30568097147464,-5.0004149199114,3.85));
#4893=CARTESIAN_POINT('Ctrl Pts',(-4.40279557153542,-5.00037105228692,3.85));
#4894=CARTESIAN_POINT('Ctrl Pts',(-4.63078642003324,-5.00053725481074,3.85));
#4895=CARTESIAN_POINT('Ctrl Pts',(-4.8910735061351,-4.89102484384964,3.85));
#4896=CARTESIAN_POINT('Ctrl Pts',(-5.00059734354349,-4.63073295799822,3.85));
#4897=CARTESIAN_POINT('Ctrl Pts',(-5.00028297109593,-4.2169211682126,3.85));
#4898=CARTESIAN_POINT('Ctrl Pts',(-5.00035898527427,-3.93396453385103,3.85));
#4899=CARTESIAN_POINT('Ctrl Pts',(-5.00017735079041,-2.81998159819885,3.85));
#4900=CARTESIAN_POINT('Ctrl Pts',(-5.00006871301196,-1.988937251588,3.85));
#4901=CARTESIAN_POINT('Ctrl Pts',(-5.00004173562072,-0.771172320265877,
3.85));
#4902=CARTESIAN_POINT('Ctrl Pts',(-5.00003837133723,-0.384489749098007,
3.85));
#4903=CARTESIAN_POINT('Ctrl Pts',(-5.00003928331993,0.516884504156231,3.85));
#4904=CARTESIAN_POINT('Ctrl Pts',(-5.00005060562312,1.03160950557887,3.85));
#4905=CARTESIAN_POINT('Ctrl Pts',(-5.00009021443661,2.29085659410427,3.85));
#4906=CARTESIAN_POINT('Ctrl Pts',(-5.00020287109307,3.03535906042326,3.85));
#4907=CARTESIAN_POINT('Ctrl Pts',(-5.00036983478786,4.01986298308399,3.85));
#4908=CARTESIAN_POINT('Ctrl Pts',(-5.00029939187762,4.25987674962088,3.85));
#4909=CARTESIAN_POINT('Ctrl Pts',(-5.00058038289743,4.63075011642593,3.85));
#4910=CARTESIAN_POINT('Ctrl Pts',(-4.89105951746468,4.89104022603479,3.85));
#4911=CARTESIAN_POINT('Ctrl Pts',(-4.63077127939845,5.00055653550593,3.85));
#4912=CARTESIAN_POINT('Ctrl Pts',(-4.33493663613945,5.00033584453263,3.85));
#4913=CARTESIAN_POINT('Ctrl Pts',(-4.16997197339937,5.00039656238242,3.85));
#4914=CARTESIAN_POINT('Ctrl Pts',(-3.26418738524552,5.00023486456271,3.85));
#4915=CARTESIAN_POINT('Ctrl Pts',(-2.52337298802643,5.00009452560385,3.85));
#4916=CARTESIAN_POINT('Ctrl Pts',(-1.18834807318795,5.00004130533954,3.85));
#4917=CARTESIAN_POINT('Ctrl Pts',(-0.594179861198323,5.,3.85));
#4918=CARTESIAN_POINT('Ctrl Pts',(0.,5.,3.85));
#4919=CARTESIAN_POINT('Ctrl Pts',(-2.10932208158376E-7,8.15573771837999,
0.));
#4920=CARTESIAN_POINT('Ctrl Pts',(-2.00888699696308E-7,8.15574347919404,
0.337509914872449));
#4921=CARTESIAN_POINT('Ctrl Pts',(-1.80800926427073E-7,8.10519541789565,
0.967713669552797));
#4922=CARTESIAN_POINT('Ctrl Pts',(-1.50667645783719E-7,7.8571543447716,
1.78480547032073));
#4923=CARTESIAN_POINT('Ctrl Pts',(-1.25555768211174E-7,7.47747299094955,
2.36546302345411));
#4924=CARTESIAN_POINT('Ctrl Pts',(-1.07977312095687E-7,7.12139329864088,
2.71886595503106));
#4925=CARTESIAN_POINT('Ctrl Pts',(-9.79324800296936E-8,6.89683888951916,
2.90493584286383));
#4926=CARTESIAN_POINT('Ctrl Pts',(-8.78876614698633E-8,6.66084451057603,
3.08010861804869));
#4927=CARTESIAN_POINT('Ctrl Pts',(-7.53316889181846E-8,6.34930202410559,
3.2780537202213));
#4928=CARTESIAN_POINT('Ctrl Pts',(-6.02646839301202E-8,5.97286477580426,
3.47935767295458));
#4929=CARTESIAN_POINT('Ctrl Pts',(-4.51979220529809E-8,5.62178628856529,
3.6411970352388));
#4930=CARTESIAN_POINT('Ctrl Pts',(-3.01314843237414E-8,5.3240115879878,
3.76033738649878));
#4931=CARTESIAN_POINT('Ctrl Pts',(-1.5065451779377E-8,5.10484193895053,
3.83350117572746));
#4932=CARTESIAN_POINT('Ctrl Pts',(-5.021754231034E-9,5.02335861887235,3.85));
#4933=CARTESIAN_POINT('Ctrl Pts',(0.,5.,3.85));
#4934=CARTESIAN_POINT('Ctrl Pts',(0.77901958309548,8.15437956105639,0.));
#4935=CARTESIAN_POINT('Ctrl Pts',(0.765201992469524,8.1544499960287,0.337509914872448));
#4936=CARTESIAN_POINT('Ctrl Pts',(0.733228399316626,8.10402914478105,0.967713669552797));
#4937=CARTESIAN_POINT('Ctrl Pts',(0.675749715693655,7.85618257314498,1.78480547032073));
#4938=CARTESIAN_POINT('Ctrl Pts',(0.622828129875672,7.47666179066933,2.36546302345411));
#4939=CARTESIAN_POINT('Ctrl Pts',(0.584675353647177,7.12069634205585,2.71886595503106));
#4940=CARTESIAN_POINT('Ctrl Pts',(0.562775530019055,6.89620752206546,2.90493584286383));
#4941=CARTESIAN_POINT('Ctrl Pts',(0.540882930667867,6.66027878249657,3.08010861804869));
#4942=CARTESIAN_POINT('Ctrl Pts',(0.513666760429237,6.34881732917806,3.2780537202213));
#4943=CARTESIAN_POINT('Ctrl Pts',(0.481684048052119,5.97247761677309,3.47935767295458));
#4944=CARTESIAN_POINT('Ctrl Pts',(0.450814441825686,5.6214963533407,3.6411970352388));
#4945=CARTESIAN_POINT('Ctrl Pts',(0.42149459273472,5.32381858587406,3.76033738649878));
#4946=CARTESIAN_POINT('Ctrl Pts',(0.39416122775198,5.10474580272918,3.83350117572746));
#4947=CARTESIAN_POINT('Ctrl Pts',(0.377554126721985,5.02332628179322,3.85));
#4948=CARTESIAN_POINT('Ctrl Pts',(0.369727373264152,5.,3.85));
#4949=CARTESIAN_POINT('Ctrl Pts',(1.55790415768434,8.14163646982924,0.));
#4950=CARTESIAN_POINT('Ctrl Pts',(1.53340378471552,8.14018775748398,0.337504179240304));
#4951=CARTESIAN_POINT('Ctrl Pts',(1.47393631733388,8.0876119260951,0.967698331036542));
#4952=CARTESIAN_POINT('Ctrl Pts',(1.36108922453177,7.83919577378439,1.78478009543602));
#4953=CARTESIAN_POINT('Ctrl Pts',(1.25365243559081,7.46162922041236,2.36543153762052));
#4954=CARTESIAN_POINT('Ctrl Pts',(1.17492506775195,7.10819590943202,2.71883165357375));
#4955=CARTESIAN_POINT('Ctrl Pts',(1.12949246810567,6.88541287477213,2.90490036860408));
#4956=CARTESIAN_POINT('Ctrl Pts',(1.08396455503578,6.65132477276744,3.08007231636125));
#4957=CARTESIAN_POINT('Ctrl Pts',(1.02723795881556,6.34234879033982,3.27801851361095));
#4958=CARTESIAN_POINT('Ctrl Pts',(0.960798746659453,5.96894642573761,3.47932321021028));
#4959=CARTESIAN_POINT('Ctrl Pts',(0.897331957527577,5.62047232064496,3.64116696812233));
#4960=CARTESIAN_POINT('Ctrl Pts',(0.838188899713233,5.32448459902871,3.7603144962441));
#4961=CARTESIAN_POINT('Ctrl Pts',(0.784720858458438,5.10593119632345,3.83348792764221));
#4962=CARTESIAN_POINT('Ctrl Pts',(0.75367169563719,5.02390419622458,3.84999534023111));
#4963=CARTESIAN_POINT('Ctrl Pts',(0.739481472156954,5.00001344252338,3.85000000000002));
#4964=CARTESIAN_POINT('Ctrl Pts',(3.78227053746433,8.07625555464676,0.));
#4965=CARTESIAN_POINT('Ctrl Pts',(3.73323852143346,8.06701622176142,0.337472319622718));
#4966=CARTESIAN_POINT('Ctrl Pts',(3.60711185846369,8.00308662064928,0.967612915476014));
#4967=CARTESIAN_POINT('Ctrl Pts',(3.35178640948239,7.75101717724286,1.78463840197132));
#4968=CARTESIAN_POINT('Ctrl Pts',(3.09792604544212,7.38294559614121,2.36525571319762));
#4969=CARTESIAN_POINT('Ctrl Pts',(2.90730870681227,7.04238263515309,2.71864024286045));
#4970=CARTESIAN_POINT('Ctrl Pts',(2.79630566681716,6.82835737052387,2.90470253754844));
#4971=CARTESIAN_POINT('Ctrl Pts',(2.68454821552054,6.60376531756546,3.07987002110289));
#4972=CARTESIAN_POINT('Ctrl Pts',(2.54451542434121,6.30767117415418,3.27782229082084));
#4973=CARTESIAN_POINT('Ctrl Pts',(2.38055934638807,5.94960324311143,3.4791315384456));
#4974=CARTESIAN_POINT('Ctrl Pts',(2.22530266954347,5.61430849039737,3.64099986576565));
#4975=CARTESIAN_POINT('Ctrl Pts',(2.0834371202768,5.3273157627803,3.76018732400674));
#4976=CARTESIAN_POINT('Ctrl Pts',(1.95965480087368,5.11172736537144,3.83341437387255));
#4977=CARTESIAN_POINT('Ctrl Pts',(1.89175281954248,5.02674501683626,3.84996945757934));
#4978=CARTESIAN_POINT('Ctrl Pts',(1.86198556577569,5.00004497038336,3.85000000000006));
#4979=CARTESIAN_POINT('Ctrl Pts',(5.05483899085733,7.9708939303703,0.));
#4980=CARTESIAN_POINT('Ctrl Pts',(5.00013679538206,7.95209080601633,0.337431232496036));
#4981=CARTESIAN_POINT('Ctrl Pts',(4.85339641929447,7.87507545733954,0.967502600620078));
#4982=CARTESIAN_POINT('Ctrl Pts',(4.54160984273705,7.62165232812836,1.78445511474965));
#4983=CARTESIAN_POINT('Ctrl Pts',(4.22026028660196,7.26906275157754,2.36502827047508));
#4984=CARTESIAN_POINT('Ctrl Pts',(3.97348247221842,6.94731442353649,2.71839273957653));
#4985=CARTESIAN_POINT('Ctrl Pts',(3.82849995789846,6.74581423835949,2.90444682467227));
#4986=CARTESIAN_POINT('Ctrl Pts',(3.6818256131858,6.53467135086594,3.07960864944978));
#4987=CARTESIAN_POINT('Ctrl Pts',(3.49688068313054,6.25664768227571,3.27756874269463));
#4988=CARTESIAN_POINT('Ctrl Pts',(3.27981143143784,5.91997008872269,3.47888417209639));
#4989=CARTESIAN_POINT('Ctrl Pts',(3.07503174593584,5.60314172131952,3.64078429907269));
#4990=CARTESIAN_POINT('Ctrl Pts',(2.89012114050627,5.3290532364513,3.76002330083991));
#4991=CARTESIAN_POINT('Ctrl Pts',(2.73265936555548,5.11839766685958,3.8333195429224));
#4992=CARTESIAN_POINT('Ctrl Pts',(2.64987355065953,5.03020191045793,3.84993607919018));
#4993=CARTESIAN_POINT('Ctrl Pts',(2.61476608945811,5.00012223703121,3.8500000000002));
#4994=CARTESIAN_POINT('Ctrl Pts',(6.31433819761706,7.6147147711966,0.));
#4995=CARTESIAN_POINT('Ctrl Pts',(6.26055448872926,7.58183250489495,0.337352292854411));
#4996=CARTESIAN_POINT('Ctrl Pts',(6.12180121415736,7.49155881651957,0.967289501820857));
#4997=CARTESIAN_POINT('Ctrl Pts',(5.82528761861814,7.25997734983787,1.78409897662435));
#4998=CARTESIAN_POINT('Ctrl Pts',(5.50480362461414,6.95976102860408,2.36458629619683));
#4999=CARTESIAN_POINT('Ctrl Pts',(5.24721508837632,6.689819989487,2.71791251115476));
#5000=CARTESIAN_POINT('Ctrl Pts',(5.09276444296792,6.52112229473684,2.90395132894751));
#5001=CARTESIAN_POINT('Ctrl Pts',(4.93459852324907,6.34437463268713,3.07910298952827));
#5002=CARTESIAN_POINT('Ctrl Pts',(4.73161146564899,6.11131612787294,3.27707805843364));
#5003=CARTESIAN_POINT('Ctrl Pts',(4.48962145129746,5.82724163901881,3.47840761389816));
#5004=CARTESIAN_POINT('Ctrl Pts',(4.25925016502395,5.55650686935136,3.64036965834739));
#5005=CARTESIAN_POINT('Ctrl Pts',(4.05082203086149,5.31685088423572,3.75970803782823));
#5006=CARTESIAN_POINT('Ctrl Pts',(3.87466288135699,5.12422970893583,3.83313753525782));
#5007=CARTESIAN_POINT('Ctrl Pts',(3.7833791161464,5.03468904115185,3.84987195490674));
#5008=CARTESIAN_POINT('Ctrl Pts',(3.74499079088195,5.00027622535843,3.85000000000035));
#5009=CARTESIAN_POINT('Ctrl Pts',(6.62258776757863,7.47641046205901,0.));
#5010=CARTESIAN_POINT('Ctrl Pts',(6.57069018285813,7.43887320142537,0.33732304132653));
#5011=CARTESIAN_POINT('Ctrl Pts',(6.44128117976479,7.34473357264667,0.967210385890513));
#5012=CARTESIAN_POINT('Ctrl Pts',(6.16711198911067,7.12235922437412,1.78396648510581));
#5013=CARTESIAN_POINT('Ctrl Pts',(5.86459954972657,6.842207412643,2.36442186657666));
#5014=CARTESIAN_POINT('Ctrl Pts',(5.6161164340648,6.59174146688493,2.71773394389477));
#5015=CARTESIAN_POINT('Ctrl Pts',(5.46569058568738,6.4353214020148,2.90376717046206));
#5016=CARTESIAN_POINT('Ctrl Pts',(5.31076764432039,6.27142638962694,3.07891515727368));
#5017=CARTESIAN_POINT('Ctrl Pts',(5.11030930819893,6.0551723987689,3.27689576823403));
#5018=CARTESIAN_POINT('Ctrl Pts',(4.8694855469491,5.79077128845715,3.47823085251651));
#5019=CARTESIAN_POINT('Ctrl Pts',(4.63900080669721,5.53737268094844,3.6402159483489));
#5020=CARTESIAN_POINT('Ctrl Pts',(4.42981502684624,5.31085615832422,3.75959119839944));
#5021=CARTESIAN_POINT('Ctrl Pts',(4.25288822014388,5.12546285753598,3.83307011597562));
#5022=CARTESIAN_POINT('Ctrl Pts',(4.16112799743428,5.03593839217746,3.84984819391589));
#5023=CARTESIAN_POINT('Ctrl Pts',(4.12243721719317,5.0002025692441,3.85000000000044));
#5024=CARTESIAN_POINT('Ctrl Pts',(6.94795455763634,7.23918802443129,0.));
#5025=CARTESIAN_POINT('Ctrl Pts',(6.89993803050197,7.19624445841679,0.337281394703136));
#5026=CARTESIAN_POINT('Ctrl Pts',(6.78816483830166,7.09975469105965,0.967097419923244));
#5027=CARTESIAN_POINT('Ctrl Pts',(6.55689831084393,6.89701863763163,1.78377672545654));
#5028=CARTESIAN_POINT('Ctrl Pts',(6.29174000337926,6.65131722163687,2.36418635297314));
#5029=CARTESIAN_POINT('Ctrl Pts',(6.0651712398971,6.43271365460035,2.71747838306463));
#5030=CARTESIAN_POINT('Ctrl Pts',(5.92567679426059,6.29609214872904,2.90350379172793));
#5031=CARTESIAN_POINT('Ctrl Pts',(5.78058487485056,6.15276731067301,3.07864674763816));
#5032=CARTESIAN_POINT('Ctrl Pts',(5.59016792956371,5.9631103438449,3.27663523340996));
#5033=CARTESIAN_POINT('Ctrl Pts',(5.35837815484866,5.72974107639988,3.47797882350233));
#5034=CARTESIAN_POINT('Ctrl Pts',(5.134453990475,5.50381691889764,3.63999697022254));
#5035=CARTESIAN_POINT('Ctrl Pts',(4.92997688943292,5.29855989483806,3.75942481270042));
#5036=CARTESIAN_POINT('Ctrl Pts',(4.75653140243329,5.12576203713052,3.83297418150558));
#5037=CARTESIAN_POINT('Ctrl Pts',(4.6661494329957,5.03756173357525,3.8498143657415));
#5038=CARTESIAN_POINT('Ctrl Pts',(4.62778657551565,5.00055635659225,3.85000000000058));
#5039=CARTESIAN_POINT('Ctrl Pts',(7.09770980474845,7.11013396689734,0.));
#5040=CARTESIAN_POINT('Ctrl Pts',(7.05189122259304,7.0645947538813,0.33725988069657));
#5041=CARTESIAN_POINT('Ctrl Pts',(6.94992014240171,6.96309820678768,0.96703901091585));
#5042=CARTESIAN_POINT('Ctrl Pts',(6.74240382625946,6.75601013604653,1.78367851674795));
#5043=CARTESIAN_POINT('Ctrl Pts',(6.49824793882236,6.51149803688212,2.36406446288861));
#5044=CARTESIAN_POINT('Ctrl Pts',(6.28426009163503,6.2969576926721,2.71734614998791));
#5045=CARTESIAN_POINT('Ctrl Pts',(6.15114027524152,6.16347746319796,2.90336754305833));
#5046=CARTESIAN_POINT('Ctrl Pts',(6.0118564819392,6.02376190349207,3.07850793230774));
#5047=CARTESIAN_POINT('Ctrl Pts',(5.82755150112127,5.83931753619784,3.27650048356052));
#5048=CARTESIAN_POINT('Ctrl Pts',(5.60148585980945,5.61263619782214,3.47784857001746));
#5049=CARTESIAN_POINT('Ctrl Pts',(5.38192656783972,5.39289340383462,3.63988382772295));
#5050=CARTESIAN_POINT('Ctrl Pts',(5.18073562722512,5.19239458917368,3.75933885450541));
#5051=CARTESIAN_POINT('Ctrl Pts',(5.00977621450306,5.02212624046041,3.83292463181668));
#5052=CARTESIAN_POINT('Ctrl Pts',(4.92044356454277,4.93373960355951,3.84979689084227));
#5053=CARTESIAN_POINT('Ctrl Pts',(4.88237257572361,4.89617753743878,3.85000000000057));
#5054=CARTESIAN_POINT('Ctrl Pts',(7.22480993564492,6.96017700742961,0.));
#5055=CARTESIAN_POINT('Ctrl Pts',(7.18156630915654,6.9124149559677,0.337237677570892));
#5056=CARTESIAN_POINT('Ctrl Pts',(7.08489934773967,6.80134406602556,0.966978609714634));
#5057=CARTESIAN_POINT('Ctrl Pts',(6.88341597757561,6.57112455246991,1.78357674251886));
#5058=CARTESIAN_POINT('Ctrl Pts',(6.63990623840897,6.30641915616618,2.36393814347567));
#5059=CARTESIAN_POINT('Ctrl Pts',(6.42334804539437,6.07983759570353,2.71720918652916));
#5060=CARTESIAN_POINT('Ctrl Pts',(6.28795781488985,5.94027856873079,2.90322648853186));
#5061=CARTESIAN_POINT('Ctrl Pts',(6.14593309418143,5.79504830864668,3.07836430332266));
#5062=CARTESIAN_POINT('Ctrl Pts',(5.95737003884011,5.60484837705877,3.27636104444609));
#5063=CARTESIAN_POINT('Ctrl Pts',(5.72571123413693,5.37284944365816,3.47771400773893));
#5064=CARTESIAN_POINT('Ctrl Pts',(5.5008617479307,5.14906420539225,3.6397670108877));
#5065=CARTESIAN_POINT('Ctrl Pts',(5.29552082857257,4.94546511915131,3.75925012935256));
#5066=CARTESIAN_POINT('Ctrl Pts',(5.12239378302547,4.77280333416792,3.83287351482009));
#5067=CARTESIAN_POINT('Ctrl Pts',(5.03320881850269,4.68334423201543,3.84977885670172));
#5068=CARTESIAN_POINT('Ctrl Pts',(4.99564301386023,4.64543691199102,3.85000000000068));
#5069=CARTESIAN_POINT('Ctrl Pts',(7.28727579881135,6.87549489235937,0.));
#5070=CARTESIAN_POINT('Ctrl Pts',(7.24545424980043,6.82669111454641,0.337225928261589));
#5071=CARTESIAN_POINT('Ctrl Pts',(7.14970607110718,6.71086225026608,0.966946611239939));
#5072=CARTESIAN_POINT('Ctrl Pts',(6.9437774042075,6.46909431007087,1.78352276254265));
#5073=CARTESIAN_POINT('Ctrl Pts',(6.69208967467571,6.19429778652072,2.36387114380644));
#5074=CARTESIAN_POINT('Ctrl Pts',(6.46771822198259,5.96178624335668,2.71713656322619));
#5075=CARTESIAN_POINT('Ctrl Pts',(6.32742757661157,5.81926237870079,2.90315171601));
#5076=CARTESIAN_POINT('Ctrl Pts',(6.18029333333928,5.6713614736605,3.07828819039991));
#5077=CARTESIAN_POINT('Ctrl Pts',(5.98512005267084,5.47839344710053,3.27628714697334));
#5078=CARTESIAN_POINT('Ctrl Pts',(5.74571929248245,5.24389953105884,3.4776427606549));
#5079=CARTESIAN_POINT('Ctrl Pts',(5.51399543604873,5.0182674240971,3.63970517968424));
#5080=CARTESIAN_POINT('Ctrl Pts',(5.30331123928078,4.81329353714853,3.75920317432534));
#5081=CARTESIAN_POINT('Ctrl Pts',(5.12702516182291,4.63960773100075,3.83284647089618));
#5082=CARTESIAN_POINT('Ctrl Pts',(5.03753121487352,4.54971001418992,3.84976931365698));
#5083=CARTESIAN_POINT('Ctrl Pts',(5.0002753605354,4.51168764619471,3.8500000000007));
#5084=CARTESIAN_POINT('Ctrl Pts',(7.29001185215612,6.87175639277345,0.));
#5085=CARTESIAN_POINT('Ctrl Pts',(7.24825289825292,6.8229071166063,0.337225412075545));
#5086=CARTESIAN_POINT('Ctrl Pts',(7.15253258117473,6.70687192266154,0.966945205369792));
#5087=CARTESIAN_POINT('Ctrl Pts',(6.94639727846083,6.46459889900599,1.78352039077704));
#5088=CARTESIAN_POINT('Ctrl Pts',(6.69433051361517,6.18936257892359,2.36386819998079));
#5089=CARTESIAN_POINT('Ctrl Pts',(6.46960905863486,5.95659161067324,2.71713337235347));
#5090=CARTESIAN_POINT('Ctrl Pts',(6.32910057403476,5.81393786822962,2.9031484307462));
#5091=CARTESIAN_POINT('Ctrl Pts',(6.18173959240032,5.66591995457269,3.07828484629157));
#5092=CARTESIAN_POINT('Ctrl Pts',(5.98626908649424,5.47283145614784,3.27628390019363));
#5093=CARTESIAN_POINT('Ctrl Pts',(5.74652207908675,5.23822895060281,3.47763963045443));
#5094=CARTESIAN_POINT('Ctrl Pts',(5.51448999250407,5.01251681461917,3.63970246320531));
#5095=CARTESIAN_POINT('Ctrl Pts',(5.30356521121769,4.80748366995169,3.75920111142759));
#5096=CARTESIAN_POINT('Ctrl Pts',(5.12713621583114,4.63375383599247,3.83284528277874));
#5097=CARTESIAN_POINT('Ctrl Pts',(5.03762426658663,4.54383790492708,3.84976889439973));
#5098=CARTESIAN_POINT('Ctrl Pts',(5.00038211433051,4.50581061731856,3.8500000000007));
#5099=CARTESIAN_POINT('Ctrl Pts',(7.60890259782547,6.432591567508,0.));
#5100=CARTESIAN_POINT('Ctrl Pts',(7.57447487715279,6.378454899295,0.337165068136657));
#5101=CARTESIAN_POINT('Ctrl Pts',(7.48201995772422,6.23829720760412,0.966780845897688));
#5102=CARTESIAN_POINT('Ctrl Pts',(7.24987068480323,5.9373985823591,1.78324309416109));
#5103=CARTESIAN_POINT('Ctrl Pts',(6.9517630036217,5.61107331532184,2.36352402029203));
#5104=CARTESIAN_POINT('Ctrl Pts',(6.68441933853725,5.34833754206331,2.71676031409343));
#5105=CARTESIAN_POINT('Ctrl Pts',(6.51740377065334,5.19072747112678,2.90276434151237));
#5106=CARTESIAN_POINT('Ctrl Pts',(6.34249415483033,5.02925876356479,3.07789388306691));
#5107=CARTESIAN_POINT('Ctrl Pts',(6.11123478886762,4.82229501069609,3.27590431461994));
#5108=CARTESIAN_POINT('Ctrl Pts',(5.82980101966397,4.57525021410934,3.47727368972826));
#5109=CARTESIAN_POINT('Ctrl Pts',(5.56075395755307,4.34038833380257,3.63938489392663));
#5110=CARTESIAN_POINT('Ctrl Pts',(5.32099595398797,4.12858211808368,3.75895995058519));
#5111=CARTESIAN_POINT('Ctrl Pts',(5.12742648389318,3.94981642173692,3.83270638909856));
#5112=CARTESIAN_POINT('Ctrl Pts',(5.03590222262369,3.85776109950998,3.84971988180777));
#5113=CARTESIAN_POINT('Ctrl Pts',(5.00027171407262,3.81917454291744,3.85000000000054));
#5114=CARTESIAN_POINT('Ctrl Pts',(7.83381063733219,5.72653518251818,0.));
#5115=CARTESIAN_POINT('Ctrl Pts',(7.80866501466102,5.67045255238672,0.337101561655582));
#5116=CARTESIAN_POINT('Ctrl Pts',(7.72511579780392,5.52134468346453,0.966606911107641));
#5117=CARTESIAN_POINT('Ctrl Pts',(7.47946959087814,5.20253319919322,1.7829479370633));
#5118=CARTESIAN_POINT('Ctrl Pts',(7.14818944471593,4.86770865526302,2.36315764039308));
#5119=CARTESIAN_POINT('Ctrl Pts',(6.84795904385442,4.60612528500984,2.71636378189818));
#5120=CARTESIAN_POINT('Ctrl Pts',(6.66010696629052,4.45127074397533,2.9023566215605));
#5121=CARTESIAN_POINT('Ctrl Pts',(6.46335218000608,4.29387414939642,3.0774795187871));
#5122=CARTESIAN_POINT('Ctrl Pts',(6.20342597637655,4.09431801190921,3.27550187804157));
#5123=CARTESIAN_POINT('Ctrl Pts',(5.88857004086016,3.85855356724996,3.476887487514));
#5124=CARTESIAN_POINT('Ctrl Pts',(5.59021471912672,3.63564528793812,3.63905028295095));
#5125=CARTESIAN_POINT('Ctrl Pts',(5.32849375853626,3.43474674712832,3.75870604290468));
#5126=CARTESIAN_POINT('Ctrl Pts',(5.12353952919084,3.26438813264083,3.83256037337238));
#5127=CARTESIAN_POINT('Ctrl Pts',(5.03293977836138,3.17576740306414,3.84966830449956));
#5128=CARTESIAN_POINT('Ctrl Pts',(5.00013292646715,3.1384117730507,3.85000000000023));
#5129=CARTESIAN_POINT('Ctrl Pts',(8.11769735287296,3.43314345605096,0.));
#5130=CARTESIAN_POINT('Ctrl Pts',(8.11010064050367,3.38740734111644,0.33696701051557));
#5131=CARTESIAN_POINT('Ctrl Pts',(8.0478900192416,3.26862515171425,0.966234561374316));
#5132=CARTESIAN_POINT('Ctrl Pts',(7.79408831892082,3.02715167346085,1.78230931725368));
#5133=CARTESIAN_POINT('Ctrl Pts',(7.42133155009293,2.78790951015791,2.36236479308093));
#5134=CARTESIAN_POINT('Ctrl Pts',(7.07594710683107,2.60922810280332,2.71550800707245));
#5135=CARTESIAN_POINT('Ctrl Pts',(6.8587741548167,2.50546229120866,2.90147882347515));
#5136=CARTESIAN_POINT('Ctrl Pts',(6.63091413703187,2.40116753743095,3.0765899958937));
#5137=CARTESIAN_POINT('Ctrl Pts',(6.32959163078331,2.27089256789599,3.27463744197616));
#5138=CARTESIAN_POINT('Ctrl Pts',(5.96615483717793,2.11870641198027,3.47606492209788));
#5139=CARTESIAN_POINT('Ctrl Pts',(5.62542347983228,1.97491130039372,3.63833975439988));
#5140=CARTESIAN_POINT('Ctrl Pts',(5.33280021710631,1.84375482605073,3.75816765844662));
#5141=CARTESIAN_POINT('Ctrl Pts',(5.11368698577392,1.72931821768956,3.83225163676112));
#5142=CARTESIAN_POINT('Ctrl Pts',(5.02713590148261,1.66660170487286,3.84955904350638));
#5143=CARTESIAN_POINT('Ctrl Pts',(5.00007003233737,1.63912958006887,3.8500000000001));
#5144=CARTESIAN_POINT('Ctrl Pts',(8.14999824250012,1.72623200690172,0.));
#5145=CARTESIAN_POINT('Ctrl Pts',(8.15008307744318,1.69574844479007,0.336897039904933));
#5146=CARTESIAN_POINT('Ctrl Pts',(8.09997304528573,1.62515663110736,0.966038312428991));
#5147=CARTESIAN_POINT('Ctrl Pts',(7.85346390857157,1.4981314397805,1.7819681617078));
#5148=CARTESIAN_POINT('Ctrl Pts',(7.47605775171535,1.38110646273962,2.36194116416947));
#5149=CARTESIAN_POINT('Ctrl Pts',(7.12190086320394,1.29670684094069,2.71505230631853));
#5150=CARTESIAN_POINT('Ctrl Pts',(6.89844209513781,1.24825195299741,2.90101281634143));
#5151=CARTESIAN_POINT('Ctrl Pts',(6.66362124313226,1.19980686053398,3.07611949656746));
#5152=CARTESIAN_POINT('Ctrl Pts',(6.35257647216405,1.13957020008131,3.27417986274902));
#5153=CARTESIAN_POINT('Ctrl Pts',(5.97751998496277,1.06876292783665,3.47563421676855));
#5154=CARTESIAN_POINT('Ctrl Pts',(5.62689279859187,1.00039678293468,3.63796917455292));
#5155=CARTESIAN_POINT('Ctrl Pts',(5.32783256712463,0.935436142759121,3.75788738878788));
#5156=CARTESIAN_POINT('Ctrl Pts',(5.10747655362113,0.87484544739899,3.83209151215915));
#5157=CARTESIAN_POINT('Ctrl Pts',(5.02428355143768,0.83800798309809,3.8495022353177));
#5158=CARTESIAN_POINT('Ctrl Pts',(5.00003839871344,0.820639461307696,3.84999999999997));
#5159=CARTESIAN_POINT('Ctrl Pts',(8.15000030293175,-1.71999413488939,0.));
#5160=CARTESIAN_POINT('Ctrl Pts',(8.15008513787488,-1.68923860060555,0.336785437895704));
#5161=CARTESIAN_POINT('Ctrl Pts',(8.09997540603902,-1.61818753353081,0.965715525923503));
#5162=CARTESIAN_POINT('Ctrl Pts',(7.85346611807815,-1.49069477304378,1.78139020000966));
#5163=CARTESIAN_POINT('Ctrl Pts',(7.47606003981854,-1.37343324318081,2.3612231769247));
#5164=CARTESIAN_POINT('Ctrl Pts',(7.12190292457235,-1.28893724249493,2.71428560198188));
#5165=CARTESIAN_POINT('Ctrl Pts',(6.89844398070436,-1.24044609199404,2.90023395604335));
#5166=CARTESIAN_POINT('Ctrl Pts',(6.66362294571782,-1.19197702290349,3.07533946737132));
#5167=CARTESIAN_POINT('Ctrl Pts',(6.35257810050345,-1.13173267163045,3.27341997094699));
#5168=CARTESIAN_POINT('Ctrl Pts',(5.97752148426335,-1.0609520230828,3.47493624033925));
#5169=CARTESIAN_POINT('Ctrl Pts',(5.62689422283614,-0.992648076811004,3.63737405686931));
#5170=CARTESIAN_POINT('Ctrl Pts',(5.32783396939962,-0.927785502560064,3.75743926609601));
#5171=CARTESIAN_POINT('Ctrl Pts',(5.10747795568338,-0.867329071318536,3.83183771357822));
#5172=CARTESIAN_POINT('Ctrl Pts',(5.02428507985423,-0.83060460135547,3.84941166747227));
#5173=CARTESIAN_POINT('Ctrl Pts',(5.00003992713003,-0.813298211278429,3.84999999999987));
#5174=CARTESIAN_POINT('Ctrl Pts',(8.11787516897852,-3.42052463894623,0.));
#5175=CARTESIAN_POINT('Ctrl Pts',(8.11036235546198,-3.37452785343752,0.336715853060284));
#5176=CARTESIAN_POINT('Ctrl Pts',(8.04827979314944,-3.25541576402862,0.96552058447702));
#5177=CARTESIAN_POINT('Ctrl Pts',(7.79454989513573,-3.0139672507025,1.78105115255834));
#5178=CARTESIAN_POINT('Ctrl Pts',(7.42175036372068,-2.77515674512615,2.36080286365204));
#5179=CARTESIAN_POINT('Ctrl Pts',(7.07628714931455,-2.59694110845546,2.71383340199091));
#5180=CARTESIAN_POINT('Ctrl Pts',(6.85905855311934,-2.49347040910484,2.8997719021198));
#5181=CARTESIAN_POINT('Ctrl Pts',(6.63113754001839,-2.38949022331346,3.07487361350925));
#5182=CARTESIAN_POINT('Ctrl Pts',(6.32973165970918,-2.25956541708447,3.27296153268047));
#5183=CARTESIAN_POINT('Ctrl Pts',(5.96619800972049,-2.10784195348644,3.47450976556483));
#5184=CARTESIAN_POINT('Ctrl Pts',(5.62538853146409,-1.9644086010667,3.63700621031191));
#5185=CARTESIAN_POINT('Ctrl Pts',(5.33272166350409,-1.83343578857902,3.75715964037666));
#5186=CARTESIAN_POINT('Ctrl Pts',(5.11361504752696,-1.7190940897453,3.83167882921403));
#5187=CARTESIAN_POINT('Ctrl Pts',(5.02710908773267,-1.65631621119313,3.84935522268745));
#5188=CARTESIAN_POINT('Ctrl Pts',(5.00007674338564,-1.6287959328663,3.84999999999958));
#5189=CARTESIAN_POINT('Ctrl Pts',(7.83659304874213,-5.71327175561437,0.));
#5190=CARTESIAN_POINT('Ctrl Pts',(7.81165964675843,-5.65685514341126,0.336581893017146));
#5191=CARTESIAN_POINT('Ctrl Pts',(7.72835446605184,-5.50717815184198,0.965150514446337));
#5192=CARTESIAN_POINT('Ctrl Pts',(7.4825882899113,-5.18801365483093,1.78041604484967));
#5193=CARTESIAN_POINT('Ctrl Pts',(7.15083958402088,-4.85354790955598,2.36001629746271));
#5194=CARTESIAN_POINT('Ctrl Pts',(6.85012708382757,-4.59253368536346,2.7129842016844));
#5195=CARTESIAN_POINT('Ctrl Pts',(6.66196844634837,-4.43805194070363,2.89890185330707));
#5196=CARTESIAN_POINT('Ctrl Pts',(6.46489250082453,-4.28106834192052,3.07399371314282));
#5197=CARTESIAN_POINT('Ctrl Pts',(6.20454758264534,-4.08181945691786,3.27209166344241));
#5198=CARTESIAN_POINT('Ctrl Pts',(5.88921157789327,-3.8465592808221,3.47369594583632));
#5199=CARTESIAN_POINT('Ctrl Pts',(5.59045029980745,-3.62380295569312,3.63630071149114));
#5200=CARTESIAN_POINT('Ctrl Pts',(5.32845016641516,-3.42246445688498,3.75662114432827));
#5201=CARTESIAN_POINT('Ctrl Pts',(5.12339608177046,-3.25145809037338,3.83137242826915));
#5202=CARTESIAN_POINT('Ctrl Pts',(5.03287455907452,-3.16205262034875,3.84924657968434));
#5203=CARTESIAN_POINT('Ctrl Pts',(5.00014668680742,-3.12427661755785,3.84999999999922));
#5204=CARTESIAN_POINT('Ctrl Pts',(7.61278527349215,-6.42336419370904,0.));
#5205=CARTESIAN_POINT('Ctrl Pts',(7.57860843161942,-6.36885624945519,0.336518573284232));
#5206=CARTESIAN_POINT('Ctrl Pts',(7.48642399459434,-6.22789434487477,0.964977475744481));
#5207=CARTESIAN_POINT('Ctrl Pts',(7.25405835851121,-5.92602941098975,1.78012220237282));
#5208=CARTESIAN_POINT('Ctrl Pts',(6.9553088767201,-5.59954783360171,2.35965266602618));
#5209=CARTESIAN_POINT('Ctrl Pts',(6.68732475515406,-5.33706866799198,2.71259051386702));
#5210=CARTESIAN_POINT('Ctrl Pts',(6.51990517559359,-5.1796581387928,2.89849763248604));
#5211=CARTESIAN_POINT('Ctrl Pts',(6.3445739574399,-5.0184400294023,3.07358391974425));
#5212=CARTESIAN_POINT('Ctrl Pts',(6.11276806814492,-4.81148693664842,3.27168507840747));
#5213=CARTESIAN_POINT('Ctrl Pts',(5.83070808132402,-4.56466426741431,3.4733138732662));
#5214=CARTESIAN_POINT('Ctrl Pts',(5.56112902980553,-4.32956346406111,3.63596819770574));
#5215=CARTESIAN_POINT('Ctrl Pts',(5.32099860834996,-4.11674057418784,3.75636654522257));
#5216=CARTESIAN_POINT('Ctrl Pts',(5.12728133368248,-3.93675236009755,3.8312274093132));
#5217=CARTESIAN_POINT('Ctrl Pts',(5.03584037662773,-3.84345422599381,3.84919523419009));
#5218=CARTESIAN_POINT('Ctrl Pts',(5.00030124527277,-3.8042282225291,3.84999999999812));
#5219=CARTESIAN_POINT('Ctrl Pts',(7.29618565054124,-6.863261541118,0.));
#5220=CARTESIAN_POINT('Ctrl Pts',(7.25468923436554,-6.81400751240409,0.33645842639925));
#5221=CARTESIAN_POINT('Ctrl Pts',(7.1591856374754,-6.69704719259178,0.964814060400324));
#5222=CARTESIAN_POINT('Ctrl Pts',(6.95256332390629,-6.4535998719699,1.77984629775209));
#5223=CARTESIAN_POINT('Ctrl Pts',(6.69950915220693,-6.17814903269219,2.35931138029883));
#5224=CARTESIAN_POINT('Ctrl Pts',(6.47386426843689,-5.94566450141264,2.71222044999636));
#5225=CARTESIAN_POINT('Ctrl Pts',(6.3327832654701,-5.80323258554057,2.89811722046814));
#5226=CARTESIAN_POINT('Ctrl Pts',(6.18482968297318,-5.65549660452229,3.07319775135392));
#5227=CARTESIAN_POINT('Ctrl Pts',(5.98859816197185,-5.46235169323352,3.2713011826286));
#5228=CARTESIAN_POINT('Ctrl Pts',(5.74798009306727,-5.22794328677362,3.47295226037699));
#5229=CARTESIAN_POINT('Ctrl Pts',(5.51519895126215,-5.00181415268506,3.63565283029474));
#5230=CARTESIAN_POINT('Ctrl Pts',(5.30372760647992,-4.79534403646841,3.75612467090277));
#5231=CARTESIAN_POINT('Ctrl Pts',(5.12703460379068,-4.61991360998994,3.83108956072199));
#5232=CARTESIAN_POINT('Ctrl Pts',(5.03757552067524,-4.52830981030385,3.84914646531387));
#5233=CARTESIAN_POINT('Ctrl Pts',(5.00042247093518,-4.4894171513573,3.84999999999771));
#5234=CARTESIAN_POINT('Ctrl Pts',(7.2937558449805,-6.86661877735611,0.));
#5235=CARTESIAN_POINT('Ctrl Pts',(7.25220351099439,-6.81740516715664,0.336457966155714));
#5236=CARTESIAN_POINT('Ctrl Pts',(7.15667863518681,-6.70062793807507,0.964812810006962));
#5237=CARTESIAN_POINT('Ctrl Pts',(6.95025275058069,-6.45762976648642,1.77984418673326));
#5238=CARTESIAN_POINT('Ctrl Pts',(6.69755063214772,-6.18257054651953,2.35930876904131));
#5239=CARTESIAN_POINT('Ctrl Pts',(6.47222806106413,-5.95031749967958,2.71221761851442));
#5240=CARTESIAN_POINT('Ctrl Pts',(6.33134709647588,-5.80800150434899,2.89811430978076));
#5241=CARTESIAN_POINT('Ctrl Pts',(6.18360141845639,-5.66037001202502,3.0731947965898));
#5242=CARTESIAN_POINT('Ctrl Pts',(5.98764200838554,-5.46733174730703,3.27129824520594));
#5243=CARTESIAN_POINT('Ctrl Pts',(5.7473403918989,-5.23301962775001,3.4729494934001));
#5244=CARTESIAN_POINT('Ctrl Pts',(5.51484073695118,-5.00696014347982,3.63565041713592));
#5245=CARTESIAN_POINT('Ctrl Pts',(5.30358911882066,-4.80053933348348,3.75612282008014));
#5246=CARTESIAN_POINT('Ctrl Pts',(5.12702690738264,-4.62514429107161,3.83108850589952));
#5247=CARTESIAN_POINT('Ctrl Pts',(5.03758474451645,-4.53355319280436,3.84914609213502));
#5248=CARTESIAN_POINT('Ctrl Pts',(5.00041941127808,-4.49466319179146,3.84999999999771));
#5249=CARTESIAN_POINT('Ctrl Pts',(7.23053276853744,-6.95348190898312,0.));
#5250=CARTESIAN_POINT('Ctrl Pts',(7.18753225446211,-6.9053223767295,0.33644602678732));
#5251=CARTESIAN_POINT('Ctrl Pts',(7.0912462612028,-6.79335980142191,0.964780374575118));
#5252=CARTESIAN_POINT('Ctrl Pts',(6.8900168502838,-6.56204562810308,1.77978942911637));
#5253=CARTESIAN_POINT('Ctrl Pts',(6.64638618929103,-6.29721179690942,2.35924103599817));
#5254=CARTESIAN_POINT('Ctrl Pts',(6.42957982178165,-6.07097035991818,2.71214417216975));
#5255=CARTESIAN_POINT('Ctrl Pts',(6.29400939583893,-5.93165831084473,2.89803880818043));
#5256=CARTESIAN_POINT('Ctrl Pts',(6.15178360503091,-5.78673282305845,3.07311815082786));
#5257=CARTESIAN_POINT('Ctrl Pts',(5.96293375124798,-5.59647671891567,3.27122204805239));
#5258=CARTESIAN_POINT('Ctrl Pts',(5.73093107994396,-5.36467301281025,3.47287771623176));
#5259=CARTESIAN_POINT('Ctrl Pts',(5.5057866138341,-5.14043556514693,3.63558781716644));
#5260=CARTESIAN_POINT('Ctrl Pts',(5.30025202890025,-4.93531275828197,3.7560748070702));
#5261=CARTESIAN_POINT('Ctrl Pts',(5.1270857333674,-4.76085295622815,3.83106114215685));
#5262=CARTESIAN_POINT('Ctrl Pts',(5.03799690587468,-4.6696173678489,3.84913641135387));
#5263=CARTESIAN_POINT('Ctrl Pts',(5.00051465523022,-4.63079908386996,3.84999999999783));
#5264=CARTESIAN_POINT('Ctrl Pts',(7.10126014044982,-7.10757534796651,0.));
#5265=CARTESIAN_POINT('Ctrl Pts',(7.05562350130927,-7.06168580148864,0.336423340854464));
#5266=CARTESIAN_POINT('Ctrl Pts',(6.95414623651269,-6.95964728353236,0.9647188181429));
#5267=CARTESIAN_POINT('Ctrl Pts',(6.74758558043894,-6.75252037312636,1.77968563397683));
#5268=CARTESIAN_POINT('Ctrl Pts',(6.50424508321496,-6.50898395999956,2.35911265703593));
#5269=CARTESIAN_POINT('Ctrl Pts',(6.29077081764538,-6.29555947947092,2.71200491970296));
#5270=CARTESIAN_POINT('Ctrl Pts',(6.15792317795039,-6.16275135362064,2.89789562390719));
#5271=CARTESIAN_POINT('Ctrl Pts',(6.01889688735451,-6.02375223424985,3.07297275658925));
#5272=CARTESIAN_POINT('Ctrl Pts',(5.83488395476619,-5.8396858496639,3.27107744604192));
#5273=CARTESIAN_POINT('Ctrl Pts',(5.60912899945756,-5.61366919196452,3.47274143487144));
#5274=CARTESIAN_POINT('Ctrl Pts',(5.38984821317249,-5.39380598228662,3.63546890891329));
#5275=CARTESIAN_POINT('Ctrl Pts',(5.18891221624241,-5.19193485779135,3.75598357525217));
#5276=CARTESIAN_POINT('Ctrl Pts',(5.01819283266272,-5.0199008883926,3.83100914097279));
#5277=CARTESIAN_POINT('Ctrl Pts',(4.92900882476337,-4.92963385688268,3.84911801724462));
#5278=CARTESIAN_POINT('Ctrl Pts',(4.89100764185425,-4.8910846534516,3.84999999999818));
#5279=CARTESIAN_POINT('Ctrl Pts',(6.94855296510912,-7.23935320836037,0.));
#5280=CARTESIAN_POINT('Ctrl Pts',(6.9006717152881,-7.19612440366678,0.336401372848529));
#5281=CARTESIAN_POINT('Ctrl Pts',(6.78915540465505,-7.09934710628931,0.964659338037253));
#5282=CARTESIAN_POINT('Ctrl Pts',(6.55825056684835,-6.89718033761141,1.7795855563689));
#5283=CARTESIAN_POINT('Ctrl Pts',(6.29336355843076,-6.65304241355125,2.3589888962509));
#5284=CARTESIAN_POINT('Ctrl Pts',(6.06697466908201,-6.4359377844708,2.7118705988385));
#5285=CARTESIAN_POINT('Ctrl Pts',(5.92758056259868,-6.30018821263623,2.89775744948265));
#5286=CARTESIAN_POINT('Ctrl Pts',(5.78258751339972,-6.15776848773789,3.07283237978363));
#5287=CARTESIAN_POINT('Ctrl Pts',(5.59229006092957,-5.96865701582573,3.27093773203071));
#5288=CARTESIAN_POINT('Ctrl Pts',(5.3606446195071,-5.73613071023564,3.47260964335391));
#5289=CARTESIAN_POINT('Ctrl Pts',(5.13686871853956,-5.5101722195043,3.63535382893701));
#5290=CARTESIAN_POINT('Ctrl Pts',(4.93254805104699,-5.30350891842555,3.75589522617629));
#5291=CARTESIAN_POINT('Ctrl Pts',(4.75927176765285,-5.12886706449977,3.83095877246808));
#5292=CARTESIAN_POINT('Ctrl Pts',(4.66901162255999,-5.03867033158686,3.84910020575025));
#5293=CARTESIAN_POINT('Ctrl Pts',(4.63071331243268,-5.00061167590916,3.84999999999814));
#5294=CARTESIAN_POINT('Ctrl Pts',(6.63282513380586,-7.46878173385743,0.));
#5295=CARTESIAN_POINT('Ctrl Pts',(6.58119184373675,-7.43081705485477,0.336361030565684));
#5296=CARTESIAN_POINT('Ctrl Pts',(6.45257264796562,-7.33640583337783,0.964550213161779));
#5297=CARTESIAN_POINT('Ctrl Pts',(6.17999016736577,-7.11541113545673,1.77940212710063));
#5298=CARTESIAN_POINT('Ctrl Pts',(5.87879698064387,-6.83817967104807,2.35876207536085));
#5299=CARTESIAN_POINT('Ctrl Pts',(5.63109253732152,-6.59042635091716,2.71162436018577));
#5300=CARTESIAN_POINT('Ctrl Pts',(5.48106131226947,-6.4356160733491,2.89750409630231));
#5301=CARTESIAN_POINT('Ctrl Pts',(5.32649929898129,-6.27338911487047,3.0725749310785));
#5302=CARTESIAN_POINT('Ctrl Pts',(5.12642620960578,-6.05858219376895,3.27068141504672));
#5303=CARTESIAN_POINT('Ctrl Pts',(4.88598074686986,-5.79609725642705,3.47236776493059));
#5304=CARTESIAN_POINT('Ctrl Pts',(4.65581359839856,-5.54350603632879,3.63514254826155));
#5305=CARTESIAN_POINT('Ctrl Pts',(4.4469097333447,-5.31604589986958,3.75573297737015));
#5306=CARTESIAN_POINT('Ctrl Pts',(4.2702540482707,-5.12894703879794,3.83086626458697));
#5307=CARTESIAN_POINT('Ctrl Pts',(4.17866803002366,-5.03720266726587,3.84906749694719));
#5308=CARTESIAN_POINT('Ctrl Pts',(4.14005893960036,-5.00023273859354,3.84999999999859));
#5309=CARTESIAN_POINT('Ctrl Pts',(6.34186904696093,-7.6015864984351,0.));
#5310=CARTESIAN_POINT('Ctrl Pts',(6.28840215090385,-7.56803971907874,0.336333131524504));
#5311=CARTESIAN_POINT('Ctrl Pts',(6.15071195668195,-7.47725507355541,0.964474963020535));
#5312=CARTESIAN_POINT('Ctrl Pts',(5.85640581929954,-7.24744409552444,1.77927600400177));
#5313=CARTESIAN_POINT('Ctrl Pts',(5.5376321018279,-6.95110523958849,2.3586061510117));
#5314=CARTESIAN_POINT('Ctrl Pts',(5.28092194856121,-6.68483933068386,2.71145495564573));
#5315=CARTESIAN_POINT('Ctrl Pts',(5.12686862448872,-6.51835615067048,2.89732969387104));
#5316=CARTESIAN_POINT('Ctrl Pts',(4.96903148331855,-6.3439105485969,3.07239759133452));
#5317=CARTESIAN_POINT('Ctrl Pts',(4.76632174249077,-6.11305936776718,3.27050468218064));
#5318=CARTESIAN_POINT('Ctrl Pts',(4.52451207272725,-5.83181220152039,3.47220079006908));
#5319=CARTESIAN_POINT('Ctrl Pts',(4.29422701507755,-5.56260156901974,3.63499654527685));
#5320=CARTESIAN_POINT('Ctrl Pts',(4.0858546517969,-5.32239160355371,3.75562076542918));
#5321=CARTESIAN_POINT('Ctrl Pts',(3.90978472087654,-5.12814505282975,3.83080226815134));
#5322=CARTESIAN_POINT('Ctrl Pts',(3.81858973931292,-5.03614101807572,3.8490448777595));
#5323=CARTESIAN_POINT('Ctrl Pts',(3.78024890249852,-5.00031051978123,3.84999999999887));
#5324=CARTESIAN_POINT('Ctrl Pts',(5.49065253255665,-7.85313752888206,0.));
#5325=CARTESIAN_POINT('Ctrl Pts',(5.43625930339437,-7.8293176340618,0.336278162301148));
#5326=CARTESIAN_POINT('Ctrl Pts',(5.29189162700563,-7.74756893069856,0.964326985713304));
#5327=CARTESIAN_POINT('Ctrl Pts',(4.98408414018262,-7.50219753661974,1.77902847422042));
#5328=CARTESIAN_POINT('Ctrl Pts',(4.66171738665223,-7.16919924418425,2.35830017883661));
#5329=CARTESIAN_POINT('Ctrl Pts',(4.41032109582857,-6.86677018115101,2.71112235485272));
#5330=CARTESIAN_POINT('Ctrl Pts',(4.26159083418708,-6.67739400989427,2.89698714234056));
#5331=CARTESIAN_POINT('Ctrl Pts',(4.11049278504338,-6.47895247521817,3.0720491127823));
#5332=CARTESIAN_POINT('Ctrl Pts',(3.91880199536002,-6.21662317985425,3.2701571655975));
#5333=CARTESIAN_POINT('Ctrl Pts',(3.69260234546601,-5.89859490044264,3.47187219757448));
#5334=CARTESIAN_POINT('Ctrl Pts',(3.47856603283665,-5.5969816698556,3.63470902312803));
#5335=CARTESIAN_POINT('Ctrl Pts',(3.28522981253706,-5.33224340393918,3.7553996653966));
#5336=CARTESIAN_POINT('Ctrl Pts',(3.1211307929468,-5.12483702361758,3.83067614751866));
#5337=CARTESIAN_POINT('Ctrl Pts',(3.035389412097,-5.03324881649315,3.84900031252242));
#5338=CARTESIAN_POINT('Ctrl Pts',(2.99916828413604,-5.000171553541,3.84999999999928));
#5339=CARTESIAN_POINT('Ctrl Pts',(4.29655636275087,-8.04130296845354,0.));
#5340=CARTESIAN_POINT('Ctrl Pts',(4.24502102574259,-8.02814765987103,0.336225933098243));
#5341=CARTESIAN_POINT('Ctrl Pts',(4.10974195063942,-7.95888770885656,0.964186784390236));
#5342=CARTESIAN_POINT('Ctrl Pts',(3.82967979634928,-7.706837666746,1.77879463180532));
#5343=CARTESIAN_POINT('Ctrl Pts',(3.54681027101255,-7.34649065810277,2.35801118945864));
#5344=CARTESIAN_POINT('Ctrl Pts',(3.33240760935966,-7.01490844634434,2.71080796857387));
#5345=CARTESIAN_POINT('Ctrl Pts',(3.20710143099224,-6.80669082427615,2.89666315740158));
#5346=CARTESIAN_POINT('Ctrl Pts',(3.08069843291765,-6.58830003212739,3.07171930192756));
#5347=CARTESIAN_POINT('Ctrl Pts',(2.92192155817808,-6.29945611930926,3.26982794349549));
#5348=CARTESIAN_POINT('Ctrl Pts',(2.73589893323926,-5.95029749724324,3.47156053601362));
#5349=CARTESIAN_POINT('Ctrl Pts',(2.56012512683999,-5.62140797059077,3.63443603634824));
#5350=CARTESIAN_POINT('Ctrl Pts',(2.4004454171986,-5.33653890820259,3.7551895726663));
#5351=CARTESIAN_POINT('Ctrl Pts',(2.26270567634855,-5.11944229615072,3.83055627313478));
#5352=CARTESIAN_POINT('Ctrl Pts',(2.18861290769597,-5.02981867114422,3.84895797029018));
#5353=CARTESIAN_POINT('Ctrl Pts',(2.15661989596848,-5.00006458611578,3.84999999999976));
#5354=CARTESIAN_POINT('Ctrl Pts',(2.70840018551885,-8.11251052519875,0.));
#5355=CARTESIAN_POINT('Ctrl Pts',(2.67057828569759,-8.10718580620384,0.336193581850087));
#5356=CARTESIAN_POINT('Ctrl Pts',(2.57539621862978,-8.04918883918321,0.964100303325894));
#5357=CARTESIAN_POINT('Ctrl Pts',(2.38728709237446,-7.80022934912498,1.77865100525958));
#5358=CARTESIAN_POINT('Ctrl Pts',(2.20326884362261,-7.42972004012639,2.3578337494535));
#5359=CARTESIAN_POINT('Ctrl Pts',(2.06636997342702,-7.08472226009478,2.71061471117751));
#5360=CARTESIAN_POINT('Ctrl Pts',(1.98692633893494,-6.86741452663202,2.89646382458467));
#5361=CARTESIAN_POINT('Ctrl Pts',(1.90708878274405,-6.63919070870146,3.07151618506514));
#5362=CARTESIAN_POINT('Ctrl Pts',(1.80727731529077,-6.33696774416509,3.26962489770542));
#5363=CARTESIAN_POINT('Ctrl Pts',(1.69043187503931,-5.9719296531068,3.4713679880394));
#5364=CARTESIAN_POINT('Ctrl Pts',(1.57946592578073,-5.62927541218456,3.63426712944121));
#5365=CARTESIAN_POINT('Ctrl Pts',(1.47737141392374,-5.33476387193016,3.75505942688799));
#5366=CARTESIAN_POINT('Ctrl Pts',(1.38714031670329,-5.11415262006886,3.83048198535692));
#5367=CARTESIAN_POINT('Ctrl Pts',(1.33658234066008,-5.02714873498105,3.84893174455387));
#5368=CARTESIAN_POINT('Ctrl Pts',(1.31406214429745,-5.00006178428761,3.84999999999977));
#5369=CARTESIAN_POINT('Ctrl Pts',(1.25246156808012,-8.14443793229619,0.));
#5370=CARTESIAN_POINT('Ctrl Pts',(1.23231206082985,-8.14322950944993,0.336176910542594));
#5371=CARTESIAN_POINT('Ctrl Pts',(1.18387437746854,-8.0913277375744,0.964055780345664));
#5372=CARTESIAN_POINT('Ctrl Pts',(1.09292628167798,-7.84473665676443,1.7785771350931));
#5373=CARTESIAN_POINT('Ctrl Pts',(1.00688594069378,-7.46973811751196,2.35774249520755));
#5374=CARTESIAN_POINT('Ctrl Pts',(0.944031664931566,-7.11836752408228,2.71051529569299));
#5375=CARTESIAN_POINT('Ctrl Pts',(0.907795890738155,-6.89667975678178,2.89636126296493));
#5376=CARTESIAN_POINT('Ctrl Pts',(0.871500698311658,-6.66368648981767,3.07141165273483));
#5377=CARTESIAN_POINT('Ctrl Pts',(0.826296521797577,-6.35491308562377,3.26952036733891));
#5378=CARTESIAN_POINT('Ctrl Pts',(0.773320898108064,-5.98207281833815,3.47126882264454));
#5379=CARTESIAN_POINT('Ctrl Pts',(0.722618401706916,-5.63266054272119,3.63418010968492));
#5380=CARTESIAN_POINT('Ctrl Pts',(0.675200803270471,-5.33346304141766,3.75499235844991));
#5381=CARTESIAN_POINT('Ctrl Pts',(0.632080028952817,-5.11126698178271,3.83044369892938));
#5382=CARTESIAN_POINT('Ctrl Pts',(0.606814309448271,-5.025711225946,3.84891823002605));
#5383=CARTESIAN_POINT('Ctrl Pts',(0.595195142658085,-5.00003878254394,3.84999999999989));
#5384=CARTESIAN_POINT('Ctrl Pts',(0.62624517420726,-8.15296142995587,0.));
#5385=CARTESIAN_POINT('Ctrl Pts',(0.615158727718656,-8.15270688246411,0.336173206196103));
#5386=CARTESIAN_POINT('Ctrl Pts',(0.589495345994677,-8.10216672552923,0.964045908022845));
#5387=CARTESIAN_POINT('Ctrl Pts',(0.543341815745451,-7.85592024898341,1.77856079083608));
#5388=CARTESIAN_POINT('Ctrl Pts',(0.50083948826425,-7.47967192954283,2.35772230795607));
#5389=CARTESIAN_POINT('Ctrl Pts',(0.470196562522861,-7.12667289564669,2.71049329008805));
#5390=CARTESIAN_POINT('Ctrl Pts',(0.452607268118938,-6.90388569265143,2.89633855086404));
#5391=CARTESIAN_POINT('Ctrl Pts',(0.435023788131772,-6.66970556358068,3.07138849271484));
#5392=CARTESIAN_POINT('Ctrl Pts',(0.413164855527186,-6.35932299116646,3.26949719096878));
#5393=CARTESIAN_POINT('Ctrl Pts',(0.387478591387791,-5.98457920640293,3.47124681667687));
#5394=CARTESIAN_POINT('Ctrl Pts',(0.362687951051913,-5.63352478858292,3.63416078448696));
#5395=CARTESIAN_POINT('Ctrl Pts',(0.339144257216652,-5.3331878369858,3.75497745520593));
#5396=CARTESIAN_POINT('Ctrl Pts',(0.317198881970168,-5.110595899364,3.83043518964072));
#5397=CARTESIAN_POINT('Ctrl Pts',(0.303868209949951,-5.02537889534976,3.84891522719442));
#5398=CARTESIAN_POINT('Ctrl Pts',(0.297586475863291,-5.00004016202347,3.84999999999988));
#5399=CARTESIAN_POINT('Ctrl Pts',(-1.42385927865901,-8.15823079012954,0.));
#5400=CARTESIAN_POINT('Ctrl Pts',(-1.39865232360243,-8.15772531962233,0.336173206196103));
#5401=CARTESIAN_POINT('Ctrl Pts',(-1.34030468258935,-8.10667944787407,0.964045908022854));
#5402=CARTESIAN_POINT('Ctrl Pts',(-1.23536947594943,-7.85968088562569,1.7785607908361));
#5403=CARTESIAN_POINT('Ctrl Pts',(-1.13873753977907,-7.48280307295949,2.3577223079561));
#5404=CARTESIAN_POINT('Ctrl Pts',(-1.06906744226547,-7.12936667995071,2.71049329008808));
#5405=CARTESIAN_POINT('Ctrl Pts',(-1.02907599202842,-6.90633010614834,2.89633855086408));
#5406=CARTESIAN_POINT('Ctrl Pts',(-0.989097710700874,-6.67190069690802,
3.07138849271487));
#5407=CARTESIAN_POINT('Ctrl Pts',(-0.939399367181862,-6.36120471160982,
3.26949719096882));
#5408=CARTESIAN_POINT('Ctrl Pts',(-0.880998864559547,-5.98608537074113,
3.47124681667691));
#5409=CARTESIAN_POINT('Ctrl Pts',(-0.824634683859445,-5.63465485430918,
3.634160784487));
#5410=CARTESIAN_POINT('Ctrl Pts',(-0.771105509059592,-5.33394130490726,
3.75497745520598));
#5411=CARTESIAN_POINT('Ctrl Pts',(-0.721209982943297,-5.11097267475181,
3.83043518964076));
#5412=CARTESIAN_POINT('Ctrl Pts',(-0.690901339699117,-5.02550317209709,
3.84891522719446));
#5413=CARTESIAN_POINT('Ctrl Pts',(-0.676618764167482,-5.00003897726308,
3.84999999999993));
#5414=CARTESIAN_POINT('Ctrl Pts',(-2.84811675043358,-8.12615174569373,0.));
#5415=CARTESIAN_POINT('Ctrl Pts',(-2.80816482353331,-8.120303980222,0.336192348574262));
#5416=CARTESIAN_POINT('Ctrl Pts',(-2.70638021057498,-8.06129432959683,0.964096923698009));
#5417=CARTESIAN_POINT('Ctrl Pts',(-2.50343523864996,-7.81078408398086,1.77864525052444));
#5418=CARTESIAN_POINT('Ctrl Pts',(-2.30470523024586,-7.43880200973436,2.35782662649243));
#5419=CARTESIAN_POINT('Ctrl Pts',(-2.15717370453871,-7.09263464563309,2.71060700504815));
#5420=CARTESIAN_POINT('Ctrl Pts',(-2.07167827431074,-6.8746200492682,2.89645591667387));
#5421=CARTESIAN_POINT('Ctrl Pts',(-1.98584259973817,-6.64566602913358,3.07150817316687));
#5422=CARTESIAN_POINT('Ctrl Pts',(-1.8787066563892,-6.34248721654217,3.26961695591079));
#5423=CARTESIAN_POINT('Ctrl Pts',(-1.75355787689606,-5.97627057663279,3.47136053351107));
#5424=CARTESIAN_POINT('Ctrl Pts',(-1.63498217244208,-5.63243946357113,3.63426064832226));
#5425=CARTESIAN_POINT('Ctrl Pts',(-1.52617771111578,-5.33678893980564,3.75505446839377));
#5426=CARTESIAN_POINT('Ctrl Pts',(-1.43034280399829,-5.1151131415195,3.83047916177507));
#5427=CARTESIAN_POINT('Ctrl Pts',(-1.3769361409656,-5.02745971752523,3.84893074446288));
#5428=CARTESIAN_POINT('Ctrl Pts',(-1.35325385651032,-5.00006451032092,3.84999999999997));
#5429=CARTESIAN_POINT('Ctrl Pts',(-5.23166196424603,-7.93141572556329,0.));
#5430=CARTESIAN_POINT('Ctrl Pts',(-5.17607473083903,-7.91049186008785,0.336259386302655));
#5431=CARTESIAN_POINT('Ctrl Pts',(-5.02806650388461,-7.83167629571931,0.964276520010518));
#5432=CARTESIAN_POINT('Ctrl Pts',(-4.71450404876168,-7.58232418816953,1.77894419240317));
#5433=CARTESIAN_POINT('Ctrl Pts',(-4.39045085370906,-7.23859142884805,2.35819601053544));
#5434=CARTESIAN_POINT('Ctrl Pts',(-4.14067023238789,-6.92516542659187,2.71100907196213));
#5435=CARTESIAN_POINT('Ctrl Pts',(-3.99365495681482,-6.7287337462611,2.89687043198768));
#5436=CARTESIAN_POINT('Ctrl Pts',(-3.84475363203413,-6.52283945068984,3.07193033935811));
#5437=CARTESIAN_POINT('Ctrl Pts',(-3.65667415798739,-6.25061171324003,3.27003865621473));
#5438=CARTESIAN_POINT('Ctrl Pts',(-3.43553212478295,-5.92088732060544,3.47176006875966));
#5439=CARTESIAN_POINT('Ctrl Pts',(-3.22661832412092,-5.60884716293229,3.63461085370889));
#5440=CARTESIAN_POINT('Ctrl Pts',(-3.0377755710925,-5.33608507926117,3.75532414088383));
#5441=CARTESIAN_POINT('Ctrl Pts',(-2.87684691623162,-5.12419405704933,3.83063306010588));
#5442=CARTESIAN_POINT('Ctrl Pts',(-2.79213500044328,-5.03247020324751,3.84898509055924));
#5443=CARTESIAN_POINT('Ctrl Pts',(-2.75615918490796,-5.00011935293942,3.84999999999998));
#5444=CARTESIAN_POINT('Ctrl Pts',(-6.13066092441932,-7.73010936329134,0.));
#5445=CARTESIAN_POINT('Ctrl Pts',(-6.07527929098692,-7.69915823586736,0.336309288285577));
#5446=CARTESIAN_POINT('Ctrl Pts',(-5.92844752269322,-7.60949679022305,0.964410517162451));
#5447=CARTESIAN_POINT('Ctrl Pts',(-5.61181823461703,-7.36979014717312,1.77916776001827));
#5448=CARTESIAN_POINT('Ctrl Pts',(-5.27396843405195,-7.05568123395436,2.35847230889661));
#5449=CARTESIAN_POINT('Ctrl Pts',(-5.00645442380899,-6.77267420337208,2.71130962533461));
#5450=CARTESIAN_POINT('Ctrl Pts',(-4.84715379897975,-6.59570317893499,2.89718014088363));
#5451=CARTESIAN_POINT('Ctrl Pts',(-4.68470178483522,-6.41030998691703,3.07224559373112));
#5452=CARTESIAN_POINT('Ctrl Pts',(-4.47749722907022,-6.16515434424387,3.27035331317358));
#5453=CARTESIAN_POINT('Ctrl Pts',(-4.23195912266207,-5.86709337310465,3.47205790255208));
#5454=CARTESIAN_POINT('Ctrl Pts',(-3.99924914058878,-5.58279257378957,3.63487169861268));
#5455=CARTESIAN_POINT('Ctrl Pts',(-3.78935034115201,-5.33062818590657,3.75552487086327));
#5456=CARTESIAN_POINT('Ctrl Pts',(-3.61224657002164,-5.12897278065145,3.83074758881176));
#5457=CARTESIAN_POINT('Ctrl Pts',(-3.5207298863922,-5.03571179311414,3.84902554628409));
#5458=CARTESIAN_POINT('Ctrl Pts',(-3.48238820807454,-5.00026646593881,3.84999999999999));
#5459=CARTESIAN_POINT('Ctrl Pts',(-6.74011967796349,-7.38047729325928,0.));
#5460=CARTESIAN_POINT('Ctrl Pts',(-6.68981331049359,-7.3401795962878,0.336374747506165));
#5461=CARTESIAN_POINT('Ctrl Pts',(-6.56700866856751,-7.2447582816651,0.96458733293583));
#5462=CARTESIAN_POINT('Ctrl Pts',(-6.30837916012247,-7.03180229589808,1.77946454888521));
#5463=CARTESIAN_POINT('Ctrl Pts',(-6.01925758538115,-6.76812034051022,2.35883926600045));
#5464=CARTESIAN_POINT('Ctrl Pts',(-5.77860200389034,-6.53256810530929,2.71170814936021));
#5465=CARTESIAN_POINT('Ctrl Pts',(-5.6320773579296,-6.38525554120684,2.89759029883189));
#5466=CARTESIAN_POINT('Ctrl Pts',(-5.48066271788049,-6.23076286823854,3.07266251846963));
#5467=CARTESIAN_POINT('Ctrl Pts',(-5.2837923305831,-6.02587111159944,3.27076860479232));
#5468=CARTESIAN_POINT('Ctrl Pts',(-5.04621864922025,-5.77479552596938,3.47245002876823));
#5469=CARTESIAN_POINT('Ctrl Pts',(-4.81813787998587,-5.53219395839493,3.63521439468065));
#5470=CARTESIAN_POINT('Ctrl Pts',(-4.61074715845589,-5.31235779586282,3.75578814369233));
#5471=CARTESIAN_POINT('Ctrl Pts',(-4.43524457823479,-5.1295749501431,3.83089771696603));
#5472=CARTESIAN_POINT('Ctrl Pts',(-4.34415190061255,-5.03802676348744,3.84907861846196));
#5473=CARTESIAN_POINT('Ctrl Pts',(-4.30568097147464,-5.0004149199114,3.85));
#5474=CARTESIAN_POINT('Ctrl Pts',(-6.80726807120911,-7.3379550764263,0.));
#5475=CARTESIAN_POINT('Ctrl Pts',(-6.7576367125695,-7.29658682667362,0.336382608627778));
#5476=CARTESIAN_POINT('Ctrl Pts',(-6.63795083535659,-7.20060867455608,0.964608581311506));
#5477=CARTESIAN_POINT('Ctrl Pts',(-6.3868773732956,-6.99094363034588,1.77950023884419));
#5478=CARTESIAN_POINT('Ctrl Pts',(-6.10422903410766,-6.73338388653525,2.3588833962057));
#5479=CARTESIAN_POINT('Ctrl Pts',(-5.86726895861826,-6.50352312311021,2.7117560670924));
#5480=CARTESIAN_POINT('Ctrl Pts',(-5.72255105699047,-6.3597586579531,2.89763960857966));
#5481=CARTESIAN_POINT('Ctrl Pts',(-5.57273461946596,-6.20896095511347,3.07271263393539));
#5482=CARTESIAN_POINT('Ctrl Pts',(-5.37744129494135,-6.00890571402544,3.27081851255365));
#5483=CARTESIAN_POINT('Ctrl Pts',(-5.14120812181748,-5.76347009363267,3.47249713959099));
#5484=CARTESIAN_POINT('Ctrl Pts',(-4.91403322581,-5.52588784068298,3.63525555694144));
#5485=CARTESIAN_POINT('Ctrl Pts',(-4.70724536591805,-5.30996419074075,3.75581976013486));
#5486=CARTESIAN_POINT('Ctrl Pts',(-4.53217456312596,-5.12949646787898,3.83091574470114));
#5487=CARTESIAN_POINT('Ctrl Pts',(-4.44124147794308,-5.03821727547224,3.84908499205665));
#5488=CARTESIAN_POINT('Ctrl Pts',(-4.40279557153542,-5.00037105228692,3.85));
#5489=CARTESIAN_POINT('Ctrl Pts',(-6.95515396504023,-7.2331141277546,0.));
#5490=CARTESIAN_POINT('Ctrl Pts',(-6.90726420423269,-7.18932962190362,0.336401353903163));
#5491=CARTESIAN_POINT('Ctrl Pts',(-6.79549843682907,-7.09211673910304,0.964659286757916));
#5492=CARTESIAN_POINT('Ctrl Pts',(-6.56361107272816,-6.89095434916116,1.7795854701169));
#5493=CARTESIAN_POINT('Ctrl Pts',(-6.29764951440741,-6.64839339408482,2.35898878959036));
#5494=CARTESIAN_POINT('Ctrl Pts',(-6.0704369472951,-6.43257410044447,2.71187048306709));
#5495=CARTESIAN_POINT('Ctrl Pts',(-5.93056865644609,-6.29756615195885,2.89775733038208));
#5496=CARTESIAN_POINT('Ctrl Pts',(-5.78510578297148,-6.15587587562427,3.07283225877584));
#5497=CARTESIAN_POINT('Ctrl Pts',(-5.59425298110836,-5.96760056555378,3.27093761158138));
#5498=CARTESIAN_POINT('Ctrl Pts',(-5.36199337616472,-5.73592827532976,3.47260952971999));
#5499=CARTESIAN_POINT('Ctrl Pts',(-5.13769109829821,-5.51058129158701,3.63535372970114));
#5500=CARTESIAN_POINT('Ctrl Pts',(-4.93295878821504,-5.30421001902856,3.75589514998459));
#5501=CARTESIAN_POINT('Ctrl Pts',(-4.75940979938083,-5.12946892001487,3.83095872903007));
#5502=CARTESIAN_POINT('Ctrl Pts',(-4.66908883277908,-5.03887448550329,3.84910019039141));
#5503=CARTESIAN_POINT('Ctrl Pts',(-4.63078642003324,-5.00053725481074,3.85));
#5504=CARTESIAN_POINT('Ctrl Pts',(-7.10982586863654,-7.10499669362077,0.));
#5505=CARTESIAN_POINT('Ctrl Pts',(-7.06417833960442,-7.05858853368313,0.336423322418367));
#5506=CARTESIAN_POINT('Ctrl Pts',(-6.96229172075856,-6.95609960401692,0.964718768172396));
#5507=CARTESIAN_POINT('Ctrl Pts',(-6.754473157358,-6.7494095736447,1.77968554980853));
#5508=CARTESIAN_POINT('Ctrl Pts',(-6.50969015821907,-6.50684867777982,2.35911255294115));
#5509=CARTESIAN_POINT('Ctrl Pts',(-6.29518606444292,-6.29417567615085,2.71200480675888));
#5510=CARTESIAN_POINT('Ctrl Pts',(-6.16175743599378,-6.1617909764125,2.89789550774849));
#5511=CARTESIAN_POINT('Ctrl Pts',(-6.02215770163095,-6.02320419878829,3.07297263860843));
#5512=CARTESIAN_POINT('Ctrl Pts',(-5.83742861170099,-5.83963330469904,3.27107732866118));
#5513=CARTESIAN_POINT('Ctrl Pts',(-5.6108939294102,-5.61408789592745,3.47274132419606));
#5514=CARTESIAN_POINT('Ctrl Pts',(-5.39093518885191,-5.39452488043131,3.63546881230958));
#5515=CARTESIAN_POINT('Ctrl Pts',(-5.189459155019,-5.19272433405914,3.75598350111098));
#5516=CARTESIAN_POINT('Ctrl Pts',(-5.01837831066426,-5.0204692728472,3.83100909870948));
#5517=CARTESIAN_POINT('Ctrl Pts',(-4.92908000410611,-4.92983405826027,3.84911800229837));
#5518=CARTESIAN_POINT('Ctrl Pts',(-4.8910735061351,-4.89102484384964,3.85));
#5519=CARTESIAN_POINT('Ctrl Pts',(-7.23986575050932,-6.95310188688208,0.));
#5520=CARTESIAN_POINT('Ctrl Pts',(-7.19685114017302,-6.9044652757897,0.336446009018385));
#5521=CARTESIAN_POINT('Ctrl Pts',(-7.10024358679849,-6.79194434334273,0.964780326341477));
#5522=CARTESIAN_POINT('Ctrl Pts',(-6.897618134994,-6.56074835423583,1.77978934775269));
#5523=CARTESIAN_POINT('Ctrl Pts',(-6.65248622270854,-6.29644376128495,2.35924093536079));
#5524=CARTESIAN_POINT('Ctrl Pts',(-6.43449839808163,-6.07067426581772,2.71214406302043));
#5525=CARTESIAN_POINT('Ctrl Pts',(-6.29824279036978,-5.93163531798388,2.8980386959586));
#5526=CARTESIAN_POINT('Ctrl Pts',(-6.15533697138301,-5.78697564796625,3.07311803688463));
#5527=CARTESIAN_POINT('Ctrl Pts',(-5.96569750248724,-5.59700931665675,3.27122193474576));
#5528=CARTESIAN_POINT('Ctrl Pts',(-5.73281599554533,-5.36546600049808,3.47287760946307));
#5529=CARTESIAN_POINT('Ctrl Pts',(-5.50692120902038,-5.14134875429525,3.63558772402256));
#5530=CARTESIAN_POINT('Ctrl Pts',(-5.30080275859217,-4.93616148196571,3.75607473561486));
#5531=CARTESIAN_POINT('Ctrl Pts',(-5.12724998064554,-4.76141074587002,3.83106110143059));
#5532=CARTESIAN_POINT('Ctrl Pts',(-5.03808653195418,-4.66979045942824,3.84913639694863));
#5533=CARTESIAN_POINT('Ctrl Pts',(-5.00059734354349,-4.63073295799822,3.85));
#5534=CARTESIAN_POINT('Ctrl Pts',(-7.43041442957171,-6.68763070140066,0.));
#5535=CARTESIAN_POINT('Ctrl Pts',(-7.39179618639919,-6.63585785649727,0.336482303703557));
#5536=CARTESIAN_POINT('Ctrl Pts',(-7.29727132517018,-6.50889411846284,0.964878927233831));
#5537=CARTESIAN_POINT('Ctrl Pts',(-7.07915577461452,-6.24237328915979,1.77995580594743));
#5538=CARTESIAN_POINT('Ctrl Pts',(-6.80657377861838,-5.9471864427165,2.35944683765736));
#5539=CARTESIAN_POINT('Ctrl Pts',(-6.56304954283724,-5.70323493849008,2.71236733330593));
#5540=CARTESIAN_POINT('Ctrl Pts',(-6.41089323432964,-5.55510915043951,2.89826821409261));
#5541=CARTESIAN_POINT('Ctrl Pts',(-6.25145585091772,-5.40226702960517,3.07335103323205));
#5542=CARTESIAN_POINT('Ctrl Pts',(-6.04037169184111,-5.20392454098605,3.27145356745717));
#5543=CARTESIAN_POINT('Ctrl Pts',(-5.7824883367143,-4.96484555893369,3.47309580591189));
#5544=CARTESIAN_POINT('Ctrl Pts',(-5.53439536822369,-4.73528725591409,3.63577802265443));
#5545=CARTESIAN_POINT('Ctrl Pts',(-5.31098861163864,-4.52625937540519,3.75622069116923));
#5546=CARTESIAN_POINT('Ctrl Pts',(-5.12715628602777,-4.34877222556827,3.83114428494074));
#5547=CARTESIAN_POINT('Ctrl Pts',(-5.03681173555065,-4.25616264457951,3.84916582571664));
#5548=CARTESIAN_POINT('Ctrl Pts',(-5.00028297109593,-4.2169211682126,3.85));
#5549=CARTESIAN_POINT('Ctrl Pts',(-7.53849444134218,-6.46865588364578,0.));
#5550=CARTESIAN_POINT('Ctrl Pts',(-7.50322816143553,-6.41531005395172,0.336507756083016));
#5551=CARTESIAN_POINT('Ctrl Pts',(-7.41127287476991,-6.28065451698861,0.96494824591069));
#5552=CARTESIAN_POINT('Ctrl Pts',(-7.18571637791758,-5.99554870364808,1.78007312110842));
#5553=CARTESIAN_POINT('Ctrl Pts',(-6.89759673012422,-5.68495448689064,2.35959197901578));
#5554=CARTESIAN_POINT('Ctrl Pts',(-6.6391280042886,-5.43275066781541,2.71252461298693));
#5555=CARTESIAN_POINT('Ctrl Pts',(-6.47756799013832,-5.28079484255331,2.89842981299516));
#5556=CARTESIAN_POINT('Ctrl Pts',(-6.30829723522412,-5.12471807281047,3.07351498730904));
#5557=CARTESIAN_POINT('Ctrl Pts',(-6.08431535230464,-4.92350897597585,3.27161642467506));
#5558=CARTESIAN_POINT('Ctrl Pts',(-5.81136369758115,-4.68248791883753,3.47324905904564));
#5559=CARTESIAN_POINT('Ctrl Pts',(-5.54992543686972,-4.45209023857132,3.63591156132102));
#5560=CARTESIAN_POINT('Ctrl Pts',(-5.31626502467448,-4.24288823428402,3.756323039501));
#5561=CARTESIAN_POINT('Ctrl Pts',(-5.12664446483449,-4.06545559143305,3.83120260158536));
#5562=CARTESIAN_POINT('Ctrl Pts',(-5.03602027144506,-3.973023614868,3.84918646391881));
#5563=CARTESIAN_POINT('Ctrl Pts',(-5.00035898527427,-3.93396453385103,3.85));
#5564=CARTESIAN_POINT('Ctrl Pts',(-7.93255756815751,-5.37653524150279,0.));
#5565=CARTESIAN_POINT('Ctrl Pts',(-7.91091232971478,-5.32017862858519,0.336608757065488));
#5566=CARTESIAN_POINT('Ctrl Pts',(-7.83043999126757,-5.16877848278461,0.965224212129851));
#5567=CARTESIAN_POINT('Ctrl Pts',(-7.57837273795592,-4.84559159095871,1.78054166942142));
#5568=CARTESIAN_POINT('Ctrl Pts',(-7.23277393904486,-4.51045328850179,2.36017180247228));
#5569=CARTESIAN_POINT('Ctrl Pts',(-6.91853120308594,-4.25180500418941,2.71315239044641));
#5570=CARTESIAN_POINT('Ctrl Pts',(-6.72182821097928,-4.09951120553763,2.8990744084883));
#5571=CARTESIAN_POINT('Ctrl Pts',(-6.51580662356434,-3.94523602126028,3.07416849440136));
#5572=CARTESIAN_POINT('Ctrl Pts',(-6.24374739075695,-3.75032930984889,3.27226485229955));
#5573=CARTESIAN_POINT('Ctrl Pts',(-5.91472125665197,-3.52119453654146,3.4738584362876));
#5574=CARTESIAN_POINT('Ctrl Pts',(-5.60387618631864,-3.30486044821508,3.63644192848517));
#5575=CARTESIAN_POINT('Ctrl Pts',(-5.33266862950335,-3.10958182604594,3.75672915084583));
#5576=CARTESIAN_POINT('Ctrl Pts',(-5.1225518748896,-2.94361395006332,3.83143392532314));
#5577=CARTESIAN_POINT('Ctrl Pts',(-5.03200012842808,-2.85671044832852,3.84926836466647));
#5578=CARTESIAN_POINT('Ctrl Pts',(-5.00017735079041,-2.81998159819885,3.85));
#5579=CARTESIAN_POINT('Ctrl Pts',(-8.0657898971927,-4.02717244521827,0.));
#5580=CARTESIAN_POINT('Ctrl Pts',(-8.0552357691664,-3.97554163602351,0.336685845857415));
#5581=CARTESIAN_POINT('Ctrl Pts',(-7.98959048300714,-3.8424611813695,0.965436785084523));
#5582=CARTESIAN_POINT('Ctrl Pts',(-7.73778006712172,-3.57231927509863,1.78090584043248));
#5583=CARTESIAN_POINT('Ctrl Pts',(-7.37269477179114,-3.30307968928223,2.36062276103178));
#5584=CARTESIAN_POINT('Ctrl Pts',(-7.03543073054481,-3.10056606066751,2.71363948528336));
#5585=CARTESIAN_POINT('Ctrl Pts',(-6.82349081622716,-2.98254775634168,2.8995736404793));
#5586=CARTESIAN_POINT('Ctrl Pts',(-6.60116094826543,-2.8636761973021,3.07467358413224));
#5587=CARTESIAN_POINT('Ctrl Pts',(-6.30715821880784,-2.71463844371658,3.2727644850963));
#5588=CARTESIAN_POINT('Ctrl Pts',(-5.95228533830619,-2.54006993804313,3.47432622252032));
#5589=CARTESIAN_POINT('Ctrl Pts',(-5.61901807776487,-2.37476861663004,3.63684771824206));
#5590=CARTESIAN_POINT('Ctrl Pts',(-5.33185495668432,-2.22382316502404,3.75703904770632));
#5591=CARTESIAN_POINT('Ctrl Pts',(-5.11529447866553,-2.09232256435827,3.83161028635788));
#5592=CARTESIAN_POINT('Ctrl Pts',(-5.02810062299546,-2.02039555912641,3.84933088294798));
#5593=CARTESIAN_POINT('Ctrl Pts',(-5.00006871301196,-1.988937251588,3.85));
#5594=CARTESIAN_POINT('Ctrl Pts',(-8.14091018424535,-1.62953365824222,0.));
#5595=CARTESIAN_POINT('Ctrl Pts',(-8.13912258951691,-1.60383948149731,0.336785190829555));
#5596=CARTESIAN_POINT('Ctrl Pts',(-8.08621077995169,-1.54145930470129,0.965716232159991));
#5597=CARTESIAN_POINT('Ctrl Pts',(-7.83837420816214,-1.42305195147157,1.78139371374367));
#5598=CARTESIAN_POINT('Ctrl Pts',(-7.46248404752148,-1.31029111574125,2.36122773910914));
#5599=CARTESIAN_POINT('Ctrl Pts',(-7.11065706712832,-1.22765172170515,2.7142897165149));
#5600=CARTESIAN_POINT('Ctrl Pts',(-6.88881325149604,-1.17996078996389,2.900237532208));
#5601=CARTESIAN_POINT('Ctrl Pts',(-6.65575401905544,-1.13217057528775,3.07534235038362));
#5602=CARTESIAN_POINT('Ctrl Pts',(-6.34712569740917,-1.07262789685519,3.27342174271634));
#5603=CARTESIAN_POINT('Ctrl Pts',(-5.97491242774436,-1.00290880939225,3.47493665583393));
#5604=CARTESIAN_POINT('Ctrl Pts',(-5.62667572180114,-0.936341488085223,
3.63737346220707));
#5605=CARTESIAN_POINT('Ctrl Pts',(-5.32914343662279,-0.874360711066451,
3.75743822517968));
#5606=CARTESIAN_POINT('Ctrl Pts',(-5.10904276778767,-0.818401283888729,
3.83183700809568));
#5607=CARTESIAN_POINT('Ctrl Pts',(-5.02499565010979,-0.785971559408034,
3.84941147260793));
#5608=CARTESIAN_POINT('Ctrl Pts',(-5.00004173562072,-0.771172320265877,
3.85));
#5609=CARTESIAN_POINT('Ctrl Pts',(-8.15408654158404,-0.814852797897569,
0.));
#5610=CARTESIAN_POINT('Ctrl Pts',(-8.15397677931266,-0.800203291576438,
0.336814725379794));
#5611=CARTESIAN_POINT('Ctrl Pts',(-8.1034772358997,-0.76639351847047,0.96580023411749));
#5612=CARTESIAN_POINT('Ctrl Pts',(-7.85638409679477,-0.70579878213241,1.78154187330086));
#5613=CARTESIAN_POINT('Ctrl Pts',(-7.4784910205645,-0.650108319246519,2.36141159683005));
#5614=CARTESIAN_POINT('Ctrl Pts',(-7.12399348519885,-0.609996721570763,
2.71448680661274));
#5615=CARTESIAN_POINT('Ctrl Pts',(-6.9003400968177,-0.586982057691802,2.90043835073799));
#5616=CARTESIAN_POINT('Ctrl Pts',(-6.66532463153073,-0.563981112225204,
3.07554416881745));
#5617=CARTESIAN_POINT('Ctrl Pts',(-6.35403648290864,-0.53539823845039,3.27361938777851));
#5618=CARTESIAN_POINT('Ctrl Pts',(-5.97868799192051,-0.50182690732997,3.47511940884778));
#5619=CARTESIAN_POINT('Ctrl Pts',(-5.62776878957184,-0.469441705242326,
3.63753023237028));
#5620=CARTESIAN_POINT('Ctrl Pts',(-5.32841654018284,-0.438701071120704,
3.75755686600581));
#5621=CARTESIAN_POINT('Ctrl Pts',(-5.10776854011777,-0.41006350882738,3.83190431741415));
#5622=CARTESIAN_POINT('Ctrl Pts',(-5.02438082266869,-0.392678884506834,
3.84943543500443));
#5623=CARTESIAN_POINT('Ctrl Pts',(-5.00003837133723,-0.384489749098007,
3.85));
#5624=CARTESIAN_POINT('Ctrl Pts',(-8.15585876820935,1.08462722161285,0.));
#5625=CARTESIAN_POINT('Ctrl Pts',(-8.15566461415195,1.06557372604558,0.336876294384743));
#5626=CARTESIAN_POINT('Ctrl Pts',(-8.10499579249665,1.02140387941045,0.965978310158316));
#5627=CARTESIAN_POINT('Ctrl Pts',(-7.85764973292829,0.941828702594416,1.78186072532598));
#5628=CARTESIAN_POINT('Ctrl Pts',(-7.47954555312533,0.86846934192301,2.36180769866126));
#5629=CARTESIAN_POINT('Ctrl Pts',(-7.12490071090991,0.815545788546091,2.71490978486751));
#5630=CARTESIAN_POINT('Ctrl Pts',(-6.90116322356243,0.785157992583769,2.90086803523806));
#5631=CARTESIAN_POINT('Ctrl Pts',(-6.66606367114257,0.754774080074619,3.07597449817948));
#5632=CARTESIAN_POINT('Ctrl Pts',(-6.35467015834558,0.716990770718306,3.27403860766924));
#5633=CARTESIAN_POINT('Ctrl Pts',(-5.97919529602677,0.672571962704989,3.47550447103904));
#5634=CARTESIAN_POINT('Ctrl Pts',(-5.62814963273341,0.629680182093635,3.63785854907224));
#5635=CARTESIAN_POINT('Ctrl Pts',(-5.32867083411575,0.588921259411632,3.75780408797268));
#5636=CARTESIAN_POINT('Ctrl Pts',(-5.10789624813971,0.550901086607802,3.83204433394421));
#5637=CARTESIAN_POINT('Ctrl Pts',(-5.0244239305444,0.527784147564745,3.84948539980485));
#5638=CARTESIAN_POINT('Ctrl Pts',(-5.00003928331993,0.516884504156231,3.85));
#5639=CARTESIAN_POINT('Ctrl Pts',(-8.13487295803675,2.1697441300737,0.));
#5640=CARTESIAN_POINT('Ctrl Pts',(-8.13161291366874,2.13750245190178,0.336917015199322));
#5641=CARTESIAN_POINT('Ctrl Pts',(-8.07646541470445,2.05742677197106,0.966093663664257));
#5642=CARTESIAN_POINT('Ctrl Pts',(-7.82745830371611,1.90176855727135,1.78206322188755));
#5643=CARTESIAN_POINT('Ctrl Pts',(-7.45259960140324,1.75148035096786,2.36205918383378));
#5644=CARTESIAN_POINT('Ctrl Pts',(-7.10247291919196,1.640626040199,2.71517965000417));
#5645=CARTESIAN_POINT('Ctrl Pts',(-6.88182015953721,1.57651633005698,2.90114339773224));
#5646=CARTESIAN_POINT('Ctrl Pts',(-6.65006580876522,1.51220640778049,3.0762517740282));
#5647=CARTESIAN_POINT('Ctrl Pts',(-6.34323549608855,1.43202339079256,3.27430841934468));
#5648=CARTESIAN_POINT('Ctrl Pts',(-5.97314042567945,1.33819235646511,3.47575641564998));
#5649=CARTESIAN_POINT('Ctrl Pts',(-5.62667794317972,1.2489113103786,3.63807468883727));
#5650=CARTESIAN_POINT('Ctrl Pts',(-5.33026101432139,1.16634171546068,3.75796732482938));
#5651=CARTESIAN_POINT('Ctrl Pts',(-5.11030179175325,1.09257925396257,3.8321373349332));
#5652=CARTESIAN_POINT('Ctrl Pts',(-5.02556479139209,1.05055713661637,3.84951845576874));
#5653=CARTESIAN_POINT('Ctrl Pts',(-5.00005060562312,1.03160950557887,3.85));
#5654=CARTESIAN_POINT('Ctrl Pts',(-8.01963733092856,4.51845385482624,0.));
#5655=CARTESIAN_POINT('Ctrl Pts',(-8.00500070262949,4.46526678268235,0.337023804888469));
#5656=CARTESIAN_POINT('Ctrl Pts',(-7.93393712785749,4.32560384499163,0.966392546438013));
#5657=CARTESIAN_POINT('Ctrl Pts',(-7.68207094326311,4.03575598795508,1.78258170215915));
#5658=CARTESIAN_POINT('Ctrl Pts',(-7.32397497595633,3.74192351139429,2.36270298542778));
#5659=CARTESIAN_POINT('Ctrl Pts',(-6.99489615792811,3.51853191647717,2.71587255796637));
#5660=CARTESIAN_POINT('Ctrl Pts',(-6.78835521619477,3.38780377664192,2.9018523131557));
#5661=CARTESIAN_POINT('Ctrl Pts',(-6.57179160143831,3.25581893961638,3.07696793440183));
#5662=CARTESIAN_POINT('Ctrl Pts',(-6.28551805462932,3.08996897493903,3.27500483047927));
#5663=CARTESIAN_POINT('Ctrl Pts',(-5.93970927341319,2.89537270173969,3.47641304742252));
#5664=CARTESIAN_POINT('Ctrl Pts',(-5.61425371964118,2.71152760829155,3.63864000805843));
#5665=CARTESIAN_POINT('Ctrl Pts',(-5.33257531287375,2.54476184281722,3.75839500339873));
#5666=CARTESIAN_POINT('Ctrl Pts',(-5.11809766658166,2.40106654103623,3.83238182197126));
#5667=CARTESIAN_POINT('Ctrl Pts',(-5.02955259001665,2.32405108697843,3.84960515948183));
#5668=CARTESIAN_POINT('Ctrl Pts',(-5.00009021443661,2.29085659410427,3.85));
#5669=CARTESIAN_POINT('Ctrl Pts',(-7.86873928331829,5.62399555177735,0.));
#5670=CARTESIAN_POINT('Ctrl Pts',(-7.84406173448224,5.56810298681649,0.337093075037264));
#5671=CARTESIAN_POINT('Ctrl Pts',(-7.76054986578224,5.41824369444699,0.966583523978272));
#5672=CARTESIAN_POINT('Ctrl Pts',(-7.51220567400559,5.09666608245038,1.78290799724039));
#5673=CARTESIAN_POINT('Ctrl Pts',(-7.17632060360071,4.75974874854459,2.36310805820277));
#5674=CARTESIAN_POINT('Ctrl Pts',(-6.87173289372809,4.49746243039673,2.71631020613523));
#5675=CARTESIAN_POINT('Ctrl Pts',(-6.68114226031786,4.34246001471014,2.90230161363912));
#5676=CARTESIAN_POINT('Ctrl Pts',(-6.48152278606973,4.18508419216779,3.07742371103282));
#5677=CARTESIAN_POINT('Ctrl Pts',(-6.21784673244654,3.98586716171527,3.27544765732938));
#5678=CARTESIAN_POINT('Ctrl Pts',(-5.89854976051272,3.75091649403857,3.476835716111));
#5679=CARTESIAN_POINT('Ctrl Pts',(-5.59616683362338,3.5290801556539,3.6390055081128));
#5680=CARTESIAN_POINT('Ctrl Pts',(-5.33119080933935,3.32936458321978,3.75867209611837));
#5681=CARTESIAN_POINT('Ctrl Pts',(-5.12411113276823,3.16018482216172,3.83254088418899));
#5682=CARTESIAN_POINT('Ctrl Pts',(-5.03301280307298,3.07232361249584,3.84966141261497));
#5683=CARTESIAN_POINT('Ctrl Pts',(-5.00020287109307,3.03535906042326,3.85));
#5684=CARTESIAN_POINT('Ctrl Pts',(-7.50404366470601,6.53271015781555,0.));
#5685=CARTESIAN_POINT('Ctrl Pts',(-7.46743922602389,6.4803151335179,0.337182253168393));
#5686=CARTESIAN_POINT('Ctrl Pts',(-7.37441878138021,6.34859758851497,0.966827533458084));
#5687=CARTESIAN_POINT('Ctrl Pts',(-7.1514926872067,6.06905852313535,1.78332165037618));
#5688=CARTESIAN_POINT('Ctrl Pts',(-6.86874260901519,5.76221493334314,2.36362152006229));
#5689=CARTESIAN_POINT('Ctrl Pts',(-6.61532066457601,5.51158844005441,2.71686606784064));
#5690=CARTESIAN_POINT('Ctrl Pts',(-6.45690126851004,5.36025923539235,2.90287328908234));
#5691=CARTESIAN_POINT('Ctrl Pts',(-6.29089081841357,5.20461018581212,3.07800486156862));
#5692=CARTESIAN_POINT('Ctrl Pts',(-6.07112849148922,5.00398724339627,3.2760120471935));
#5693=CARTESIAN_POINT('Ctrl Pts',(-5.80303460072841,4.76310888745294,3.47737776943797));
#5694=CARTESIAN_POINT('Ctrl Pts',(-5.54581332196379,4.53313997104849,3.6394752832935));
#5695=CARTESIAN_POINT('Ctrl Pts',(-5.31528235603415,4.32512432366819,3.7590286160921));
#5696=CARTESIAN_POINT('Ctrl Pts',(-5.12725684892512,4.14913652895487,3.83274596343247));
#5697=CARTESIAN_POINT('Ctrl Pts',(-5.03646140530148,4.05817105808341,3.8497338403374));
#5698=CARTESIAN_POINT('Ctrl Pts',(-5.00036983478786,4.01986298308399,3.85));
#5699=CARTESIAN_POINT('Ctrl Pts',(-7.40998748021679,6.71489659832214,0.));
#5700=CARTESIAN_POINT('Ctrl Pts',(-7.37058161782683,6.66391026539745,0.337203803037646));
#5701=CARTESIAN_POINT('Ctrl Pts',(-7.27552828001775,6.53893650218343,0.966886348588451));
#5702=CARTESIAN_POINT('Ctrl Pts',(-7.05923519248992,6.27563267611554,1.78342109144359));
#5703=CARTESIAN_POINT('Ctrl Pts',(-6.7900074735372,5.98227210953346,2.36374494995994));
#5704=CARTESIAN_POINT('Ctrl Pts',(-6.54951065260569,5.73892876089566,2.71699978097657));
#5705=CARTESIAN_POINT('Ctrl Pts',(-6.39921052696276,5.59100992391375,2.90301088920033));
#5706=CARTESIAN_POINT('Ctrl Pts',(-6.24168387982164,5.43826272486233,3.07814484318344));
#5707=CARTESIAN_POINT('Ctrl Pts',(-6.03304393200651,5.24030048010107,3.27614797139844));
#5708=CARTESIAN_POINT('Ctrl Pts',(-5.77793911397843,5.00131604762225,3.47750858784871));
#5709=CARTESIAN_POINT('Ctrl Pts',(-5.53223011470543,4.77233939728473,3.63958874231276));
#5710=CARTESIAN_POINT('Ctrl Pts',(-5.31056619953798,4.56481082562921,3.75911475223545));
#5711=CARTESIAN_POINT('Ctrl Pts',(-5.12758872966149,4.38910562162256,3.83279554524253));
#5712=CARTESIAN_POINT('Ctrl Pts',(-5.03710098401891,4.29822613666891,3.84975134309275));
#5713=CARTESIAN_POINT('Ctrl Pts',(-5.00029939187762,4.25987674962088,3.85));
#5714=CARTESIAN_POINT('Ctrl Pts',(-7.24068142663041,6.95425708565533,0.));
#5715=CARTESIAN_POINT('Ctrl Pts',(-7.19733487278461,6.90608296587525,0.337236399276266));
#5716=CARTESIAN_POINT('Ctrl Pts',(-7.10033379855951,6.79399108442882,0.966975131333934));
#5717=CARTESIAN_POINT('Ctrl Pts',(-6.89770591758233,6.56204103294887,1.78357087991971));
#5718=CARTESIAN_POINT('Ctrl Pts',(-6.65282168879775,6.29595412485394,2.36393086694602));
#5719=CARTESIAN_POINT('Ctrl Pts',(-6.43503729672623,6.06856976206402,2.71720129742166));
#5720=CARTESIAN_POINT('Ctrl Pts',(-6.29889150006838,5.92860153050703,2.90321836429282));
#5721=CARTESIAN_POINT('Ctrl Pts',(-6.15608630924579,5.78299282540757,3.07835603142842));
#5722=CARTESIAN_POINT('Ctrl Pts',(-5.96654263336208,5.59236520998934,3.27635301372996));
#5723=CARTESIAN_POINT('Ctrl Pts',(-5.73371333309676,5.35992151897282,3.4777062595858));
#5724=CARTESIAN_POINT('Ctrl Pts',(-5.50778359026759,5.13572191522607,3.63976028504217));
#5725=CARTESIAN_POINT('Ctrl Pts',(-5.30152134140446,4.93170696101878,3.7592450210993));
#5726=CARTESIAN_POINT('Ctrl Pts',(-5.12769501537487,4.75860384180349,3.83287057202436));
#5727=CARTESIAN_POINT('Ctrl Pts',(-5.03824286423508,4.66881935059915,3.84977781843007));
#5728=CARTESIAN_POINT('Ctrl Pts',(-5.00058038289743,4.63075011642593,3.85));
#5729=CARTESIAN_POINT('Ctrl Pts',(-7.11195988846513,7.10696403849917,0.));
#5730=CARTESIAN_POINT('Ctrl Pts',(-7.06598147792391,7.06101938997098,0.337259134549157));
#5731=CARTESIAN_POINT('Ctrl Pts',(-6.9636609695799,6.95889561139313,0.967036984560814));
#5732=CARTESIAN_POINT('Ctrl Pts',(-6.75563863137062,6.7512717113954,1.78367510854262));
#5733=CARTESIAN_POINT('Ctrl Pts',(-6.51088680162187,6.50666142879855,2.36406023283131));
#5734=CARTESIAN_POINT('Ctrl Pts',(-6.29641393832189,6.29217438310402,2.71734156136954));
#5735=CARTESIAN_POINT('Ctrl Pts',(-6.16299511307482,6.15874979523502,2.90336281544196));
#5736=CARTESIAN_POINT('Ctrl Pts',(-6.02339683876783,6.01910275440591,3.07850311605341));
#5737=CARTESIAN_POINT('Ctrl Pts',(-5.83864977625617,5.8347681456104,3.27649580827522));
#5738=CARTESIAN_POINT('Ctrl Pts',(-5.61204099663967,5.60819715112636,3.4778440518784));
#5739=CARTESIAN_POINT('Ctrl Pts',(-5.39194058796013,5.3885004139028,3.63987990346566));
#5740=CARTESIAN_POINT('Ctrl Pts',(-5.19023915019511,5.1879348462948,3.7593358732389));
#5741=CARTESIAN_POINT('Ctrl Pts',(-5.01883253674071,5.01744019505074,3.8329229134379));
#5742=CARTESIAN_POINT('Ctrl Pts',(-4.92923864706573,4.92877929936195,3.8497962847809));
#5743=CARTESIAN_POINT('Ctrl Pts',(-4.89105951746468,4.89104022603479,3.85));
#5744=CARTESIAN_POINT('Ctrl Pts',(-6.9580794235157,7.23500913868815,0.));
#5745=CARTESIAN_POINT('Ctrl Pts',(-6.90986261102823,7.19168894693573,0.337281152578054));
#5746=CARTESIAN_POINT('Ctrl Pts',(-6.79762346820845,7.09487032036589,0.967096763162536));
#5747=CARTESIAN_POINT('Ctrl Pts',(-6.56541297110437,6.8927145282067,1.78377562223477));
#5748=CARTESIAN_POINT('Ctrl Pts',(-6.2993382661694,6.6480164893667,2.36418498374766));
#5749=CARTESIAN_POINT('Ctrl Pts',(-6.07205918707959,6.4302672969205,2.71747689728837));
#5750=CARTESIAN_POINT('Ctrl Pts',(-5.93214666068759,6.29414826675735,2.90350226049957));
#5751=CARTESIAN_POINT('Ctrl Pts',(-5.786632299315,6.15132388738477,3.07864518716065));
#5752=CARTESIAN_POINT('Ctrl Pts',(-5.59569322653211,5.9622535978564,3.27663371871502));
#5753=CARTESIAN_POINT('Ctrl Pts',(-5.36328703868474,5.72950015751499,3.47797735825683));
#5754=CARTESIAN_POINT('Ctrl Pts',(-5.13878073266314,5.50403424250769,3.63999569712763));
#5755=CARTESIAN_POINT('Ctrl Pts',(-4.93377445805718,5.29901883770896,3.75942384536702));
#5756=CARTESIAN_POINT('Ctrl Pts',(-4.75986958739794,5.12619144625817,3.83297362376119));
#5757=CARTESIAN_POINT('Ctrl Pts',(-4.66924422151343,5.03774189071286,3.84981416907072));
#5758=CARTESIAN_POINT('Ctrl Pts',(-4.63077127939845,5.00055653550593,3.85));
#5759=CARTESIAN_POINT('Ctrl Pts',(-6.76616593770837,7.37019727074676,0.));
#5760=CARTESIAN_POINT('Ctrl Pts',(-6.71569508327186,7.33001302277656,0.337305532187291));
#5761=CARTESIAN_POINT('Ctrl Pts',(-6.59319281621103,7.23476528680802,0.967162892560623));
#5762=CARTESIAN_POINT('Ctrl Pts',(-6.33608342701266,7.02164450156497,1.78388670605654));
#5763=CARTESIAN_POINT('Ctrl Pts',(-6.04835533284798,6.75746444805601,2.36432285157816));
#5764=CARTESIAN_POINT('Ctrl Pts',(-5.80842122396555,6.52150778406745,2.71762650060935));
#5765=CARTESIAN_POINT('Ctrl Pts',(-5.66221130991515,6.37404157343756,2.90365644036074));
#5766=CARTESIAN_POINT('Ctrl Pts',(-5.51104337194635,6.21941335787909,3.07880231207237));
#5767=CARTESIAN_POINT('Ctrl Pts',(-5.31434124132599,6.01509621932576,3.2767862337734));
#5768=CARTESIAN_POINT('Ctrl Pts',(-5.07677798822798,5.76451615245244,3.47812489408042));
#5769=CARTESIAN_POINT('Ctrl Pts',(-4.84854587216592,5.52326148008176,3.64012388521874));
#5770=CARTESIAN_POINT('Ctrl Pts',(-4.64087674562048,5.30603143110199,3.75952124626047));
#5771=CARTESIAN_POINT('Ctrl Pts',(-4.46500365944791,5.12597030842358,3.83302978305347));
#5772=CARTESIAN_POINT('Ctrl Pts',(-4.37359261894041,5.03679244533572,3.84983397182083));
#5773=CARTESIAN_POINT('Ctrl Pts',(-4.33493663613945,5.00033584453263,3.85));
#5774=CARTESIAN_POINT('Ctrl Pts',(-6.64650540345102,7.43888639652426,0.));
#5775=CARTESIAN_POINT('Ctrl Pts',(-6.59497142142095,7.40057010713856,0.337318771860124));
#5776=CARTESIAN_POINT('Ctrl Pts',(-6.46749412348633,7.30647894819928,0.967198761370884));
#5777=CARTESIAN_POINT('Ctrl Pts',(-6.19837902944013,7.08821764119389,1.7839468805552));
#5778=CARTESIAN_POINT('Ctrl Pts',(-5.90050823929338,6.81410048355607,2.3643975336115));
#5779=CARTESIAN_POINT('Ctrl Pts',(-5.65492308507289,6.5687881685438,2.71770756664118));
#5780=CARTESIAN_POINT('Ctrl Pts',(-5.50600165049231,6.41547191778483,2.90374001086956));
#5781=CARTESIAN_POINT('Ctrl Pts',(-5.35247319249612,6.25474208344528,3.07888750870844));
#5782=CARTESIAN_POINT('Ctrl Pts',(-5.15352178548442,6.0424633036744,3.27686892486816));
#5783=CARTESIAN_POINT('Ctrl Pts',(-4.91416385844896,5.78257828233888,3.47820496622004));
#5784=CARTESIAN_POINT('Ctrl Pts',(-4.6848256601817,5.53308790926585,3.64019348139451));
#5785=CARTESIAN_POINT('Ctrl Pts',(-4.47650010799805,5.30952787406562,3.75957413621886));
#5786=CARTESIAN_POINT('Ctrl Pts',(-4.30018116789733,5.12581824796627,3.83306028824301));
#5787=CARTESIAN_POINT('Ctrl Pts',(-4.20862531885037,5.03637446741437,3.84984472614914));
#5788=CARTESIAN_POINT('Ctrl Pts',(-4.16997197339937,5.00039656238242,3.85));
#5789=CARTESIAN_POINT('Ctrl Pts',(-5.90148769936008,7.80083524163835,0.));
#5790=CARTESIAN_POINT('Ctrl Pts',(-5.84543832564088,7.77317360458492,0.337389055112745));
#5791=CARTESIAN_POINT('Ctrl Pts',(-5.69588977491356,7.68658429265695,0.967388977259483));
#5792=CARTESIAN_POINT('Ctrl Pts',(-5.37417810729751,7.4415583229414,1.78426564432293));
#5793=CARTESIAN_POINT('Ctrl Pts',(-5.03424475569739,7.11467622709357,2.36479314195407));
#5794=CARTESIAN_POINT('Ctrl Pts',(-4.76748832252455,6.81920780984831,2.71813711326071));
#5795=CARTESIAN_POINT('Ctrl Pts',(-4.60926797081151,6.63447570893002,2.90418293800318));
#5796=CARTESIAN_POINT('Ctrl Pts',(-4.44829703183244,6.44097388159969,3.07933918778203));
#5797=CARTESIAN_POINT('Ctrl Pts',(-4.2436768675803,6.18609120404555,3.27730729381762));
#5798=CARTESIAN_POINT('Ctrl Pts',(-4.00191698434525,5.87643729377346,3.47862981233703));
#5799=CARTESIAN_POINT('Ctrl Pts',(-3.7731668482031,5.58306419498029,3.6405628543062));
#5800=CARTESIAN_POINT('Ctrl Pts',(-3.5668860758935,5.32603599863066,3.75985488247814));
#5801=CARTESIAN_POINT('Ctrl Pts',(-3.39253502422834,5.12344541759543,3.83322225794048));
#5802=CARTESIAN_POINT('Ctrl Pts',(-3.302139117026,5.03330025589348,3.84990181666993));
#5803=CARTESIAN_POINT('Ctrl Pts',(-3.26418738524552,5.00023486456271,3.85));
#5804=CARTESIAN_POINT('Ctrl Pts',(-4.89239568167266,7.97923288671915,0.));
#5805=CARTESIAN_POINT('Ctrl Pts',(-4.83751045273466,7.9617457228947,0.337437660699557));
#5806=CARTESIAN_POINT('Ctrl Pts',(-4.69232958827826,7.88693636424524,0.967519783756031));
#5807=CARTESIAN_POINT('Ctrl Pts',(-4.38792781568582,7.63509748051082,1.7844835277021));
#5808=CARTESIAN_POINT('Ctrl Pts',(-4.07650378208725,7.28170711247936,2.36506352576652));
#5809=CARTESIAN_POINT('Ctrl Pts',(-3.83819951325205,6.95820868121382,2.71843115234285));
#5810=CARTESIAN_POINT('Ctrl Pts',(-3.69836373880754,6.75541896996346,2.9044865551377));
#5811=CARTESIAN_POINT('Ctrl Pts',(-3.55697885219449,6.54282462291706,3.07964931184918));
#5812=CARTESIAN_POINT('Ctrl Pts',(-3.37881842732067,6.26273285899492,3.2776081774274));
#5813=CARTESIAN_POINT('Ctrl Pts',(-3.16965830782958,5.9235017583783,3.47892278774309));
#5814=CARTESIAN_POINT('Ctrl Pts',(-2.97204700260489,5.60441528870824,3.64081799365792));
#5815=CARTESIAN_POINT('Ctrl Pts',(-2.7930423874695,5.32873771530275,3.76004895422715));
#5816=CARTESIAN_POINT('Ctrl Pts',(-2.63970256772618,5.11749943287421,3.83333439192382));
#5817=CARTESIAN_POINT('Ctrl Pts',(-2.55822690347516,5.02973479908689,3.84994130165184));
#5818=CARTESIAN_POINT('Ctrl Pts',(-2.52337298802643,5.00009452560385,3.85));
#5819=CARTESIAN_POINT('Ctrl Pts',(-2.50465866531529,8.1307008014754,0.));
#5820=CARTESIAN_POINT('Ctrl Pts',(-2.46832383275784,8.126495156605,0.337495106758089));
#5821=CARTESIAN_POINT('Ctrl Pts',(-2.37704999243879,8.06972294671606,0.967674068947908));
#5822=CARTESIAN_POINT('Ctrl Pts',(-2.19757713868073,7.8190806885099,1.78473995806621));
#5823=CARTESIAN_POINT('Ctrl Pts',(-2.02317806135365,7.44341813445871,2.36538173410174));
#5824=CARTESIAN_POINT('Ctrl Pts',(-1.89416262910121,7.09315152541888,2.71877739637044));
#5825=CARTESIAN_POINT('Ctrl Pts',(-1.81948130689154,6.8725884863581,2.9048442562906));
#5826=CARTESIAN_POINT('Ctrl Pts',(-1.74454054397672,6.64093514912783,3.08001489524288));
#5827=CARTESIAN_POINT('Ctrl Pts',(-1.65104682665096,6.33529626099708,3.27796282465865));
#5828=CARTESIAN_POINT('Ctrl Pts',(-1.54175854476264,5.96584343547508,3.47926869788687));
#5829=CARTESIAN_POINT('Ctrl Pts',(-1.43798525381548,5.62066074324774,3.64111940869511));
#5830=CARTESIAN_POINT('Ctrl Pts',(-1.34236831550192,5.32670214106453,3.76027828900076));
#5831=CARTESIAN_POINT('Ctrl Pts',(-1.25754923438961,5.10836484579394,3.83346697214589));
#5832=CARTESIAN_POINT('Ctrl Pts',(-1.2097346667304,5.02500191814129,3.84998796952295));
#5833=CARTESIAN_POINT('Ctrl Pts',(-1.18834807318795,5.00004130533954,3.85));
#5834=CARTESIAN_POINT('Ctrl Pts',(-1.25194395802237,8.15792037995275,0.));
#5835=CARTESIAN_POINT('Ctrl Pts',(-1.22973801830859,8.15782220450143,0.337509914872449));
#5836=CARTESIAN_POINT('Ctrl Pts',(-1.17835516282784,8.10706395823275,0.967713669552797));
#5837=CARTESIAN_POINT('Ctrl Pts',(-1.08598222667072,7.85871159434408,1.78480547032073));
#5838=CARTESIAN_POINT('Ctrl Pts',(-1.00093378375977,7.47876919506377,2.36546302345411));
#5839=CARTESIAN_POINT('Ctrl Pts',(-0.939618752844167,7.12250876487104,2.71886595503106));
#5840=CARTESIAN_POINT('Ctrl Pts',(-0.904423548245757,6.89785140898671,2.90493584286383));
#5841=CARTESIAN_POINT('Ctrl Pts',(-0.86923992587804,6.66175413761644,3.08010861804869));
#5842=CARTESIAN_POINT('Ctrl Pts',(-0.825501343372682,6.35008193678195,3.2780537202213));
#5843=CARTESIAN_POINT('Ctrl Pts',(-0.7741023760365,5.97348935147794,3.47935767295458));
#5844=CARTESIAN_POINT('Ctrl Pts',(-0.724492426740653,5.62225518972505,3.6411970352388));
#5845=CARTESIAN_POINT('Ctrl Pts',(-0.677373214846172,5.3243245002591,3.76033738649878));
#5846=CARTESIAN_POINT('Ctrl Pts',(-0.633446470303258,5.1049987896396,3.83350117572746));
#5847=CARTESIAN_POINT('Ctrl Pts',(-0.606758059243701,5.02341058700504,3.85));
#5848=CARTESIAN_POINT('Ctrl Pts',(-0.594179861198323,5.,3.85));
#5849=CARTESIAN_POINT('Ctrl Pts',(-2.10932226407667E-7,8.15573771837999,
0.));
#5850=CARTESIAN_POINT('Ctrl Pts',(-2.00888717945599E-7,8.15574347919404,
0.337509914872449));
#5851=CARTESIAN_POINT('Ctrl Pts',(-1.80800943931495E-7,8.10519541789565,
0.967713669552797));
#5852=CARTESIAN_POINT('Ctrl Pts',(-1.50667660574689E-7,7.8571543447716,
1.78480547032073));
#5853=CARTESIAN_POINT('Ctrl Pts',(-1.25555779942861E-7,7.47747299094955,
2.36546302345411));
#5854=CARTESIAN_POINT('Ctrl Pts',(-1.07977321546212E-7,7.12139329864088,
2.71886595503106));
#5855=CARTESIAN_POINT('Ctrl Pts',(-9.79324881766986E-8,6.89683888951916,
2.90493584286383));
#5856=CARTESIAN_POINT('Ctrl Pts',(-8.78876683266486E-8,6.66084451057603,
3.08010861804869));
#5857=CARTESIAN_POINT('Ctrl Pts',(-7.53316942120751E-8,6.34930202410559,
3.2780537202213));
#5858=CARTESIAN_POINT('Ctrl Pts',(-6.02646875081518E-8,5.97286477580426,
3.47935767295458));
#5859=CARTESIAN_POINT('Ctrl Pts',(-4.51979241545756E-8,5.62178628856529,
3.6411970352388));
#5860=CARTESIAN_POINT('Ctrl Pts',(-3.0131485268129E-8,5.3240115879878,3.76033738649878));
#5861=CARTESIAN_POINT('Ctrl Pts',(-1.50654519655943E-8,5.10484193895053,
3.83350117572746));
#5862=CARTESIAN_POINT('Ctrl Pts',(-5.021754231034E-9,5.02335861887235,3.85));
#5863=CARTESIAN_POINT('Ctrl Pts',(0.,5.,3.85));
#5864=CARTESIAN_POINT('Ctrl Pts',(-2.10932226130112E-7,8.15573771837999,
2.37864730101203E-20));
#5865=CARTESIAN_POINT('Ctrl Pts',(-2.00888717605263E-7,8.15574347919404,
0.337509914872449));
#5866=CARTESIAN_POINT('Ctrl Pts',(-1.90844830633141E-7,8.13046944854484,
0.652611792212623));
#5867=CARTESIAN_POINT('Ctrl Pts',(-1.80800673321713E-7,8.07649225436624,
0.946344697677366));
#5868=CARTESIAN_POINT('Ctrl Pts',(-1.70756515871506E-7,8.02251506018764,
1.24007760314211));
#5869=CARTESIAN_POINT('Ctrl Pts',(-1.60712088498327E-7,7.93983470247962,
1.51244153673142));
#5870=CARTESIAN_POINT('Ctrl Pts',(-1.50667498477475E-7,7.8225582528612,
1.76475501415275));
#5871=CARTESIAN_POINT('Ctrl Pts',(-1.40622908456622E-7,7.70528180324278,
2.01706849157409));
#5872=CARTESIAN_POINT('Ctrl Pts',(-1.30578156343208E-7,7.55340926171396,
2.24933151282744));
#5873=CARTESIAN_POINT('Ctrl Pts',(-1.20533349967644E-7,7.36713567461057,
2.46138220813168));
#5874=CARTESIAN_POINT('Ctrl Pts',(-1.15510946363528E-7,7.27399888105888,
2.5674075557838));
#5875=CARTESIAN_POINT('Ctrl Pts',(-1.10488529714292E-7,7.17226182611354,
2.66837982194864));
#5876=CARTESIAN_POINT('Ctrl Pts',(-1.05466113065056E-7,7.06349800475786,
2.76406053994785));
#5877=CARTESIAN_POINT('Ctrl Pts',(-1.0044369641582E-7,6.95473418340217,
2.85974125794705));
#5878=CARTESIAN_POINT('Ctrl Pts',(-9.54212797665832E-8,6.83894359563615,
2.95013042778061));
#5879=CARTESIAN_POINT('Ctrl Pts',(-9.0398876717579E-8,6.71873980445904,
3.03491403313191));
#5880=CARTESIAN_POINT('Ctrl Pts',(-8.53764735297968E-8,6.59853601328194,
3.11969763848321));
#5881=CARTESIAN_POINT('Ctrl Pts',(-8.03540839422467E-8,6.47391901869376,
3.19887567935226));
#5882=CARTESIAN_POINT('Ctrl Pts',(-7.53317214163829E-8,6.34887098001612,
3.27201535857566));
#5883=CARTESIAN_POINT('Ctrl Pts',(-6.52869960870994E-8,6.09877490266084,
3.41829471702246));
#5884=CARTESIAN_POINT('Ctrl Pts',(-5.52423787270051E-8,5.84695464894769,
3.5404206288867));
#5885=CARTESIAN_POINT('Ctrl Pts',(-4.51979781379563E-8,5.63067025300887,
3.63408053340143));
#5886=CARTESIAN_POINT('Ctrl Pts',(-4.01757777046541E-8,5.52252805503946,
3.6809104856588));
#5887=CARTESIAN_POINT('Ctrl Pts',(-3.51536315335021E-8,5.42326982151363,
3.72062393607879));
#5888=CARTESIAN_POINT('Ctrl Pts',(-3.0131552808399E-8,5.33711242991117,
3.75267462616023));
#5889=CARTESIAN_POINT('Ctrl Pts',(-2.51094742220737E-8,5.25095503830871,
3.78472531624167));
#5890=CARTESIAN_POINT('Ctrl Pts',(-2.00874629430192E-8,5.17789848862962,
3.80911324598457));
#5891=CARTESIAN_POINT('Ctrl Pts',(-1.50655329878013E-8,5.12099938377053,
3.82543191692415));
#5892=CARTESIAN_POINT('Ctrl Pts',(-1.00436032407503E-8,5.06410027891144,
3.84175058786373));
#5893=CARTESIAN_POINT('Ctrl Pts',(-5.02175426242424E-9,5.02335861887235,
3.85));
#5894=CARTESIAN_POINT('Ctrl Pts',(0.,5.,3.85));
#5895=CARTESIAN_POINT('Ctrl Pts',(6.10898673073337,-7.92863971873676,3.62938415723473));
#5896=CARTESIAN_POINT('Ctrl Pts',(6.11293541602068,-7.93348585873664,3.61834004410594));
#5897=CARTESIAN_POINT('Ctrl Pts',(6.1991865762776,-8.03933912175147,3.37587009195537));
#5898=CARTESIAN_POINT('Ctrl Pts',(6.29420406120994,-8.15590253817873,3.07646187313839));
#5899=CARTESIAN_POINT('Ctrl Pts',(6.46109350443843,-8.35950265993647,2.489498609531));
#5900=CARTESIAN_POINT('Ctrl Pts',(6.58615556669992,-8.51081917733068,1.98796599693306));
#5901=CARTESIAN_POINT('Ctrl Pts',(6.72152732640608,-8.67225728376417,1.38049764894163));
#5902=CARTESIAN_POINT('Ctrl Pts',(6.83333879329816,-8.80407871379764,0.850429946695476));
#5903=CARTESIAN_POINT('Ctrl Pts',(6.90885280170821,-8.8925632776633,0.47106066828299));
#5904=CARTESIAN_POINT('Ctrl Pts',(6.95280528654272,-8.9443129805658,0.244881463135924));
#5905=CARTESIAN_POINT('Ctrl Pts',(5.91878803222825,-7.99794344608834,3.60645931574936));
#5906=CARTESIAN_POINT('Ctrl Pts',(5.92260267797739,-8.00264066397697,3.59538907265489));
#5907=CARTESIAN_POINT('Ctrl Pts',(6.00593461858691,-8.10519665687267,3.35236802104034));
#5908=CARTESIAN_POINT('Ctrl Pts',(6.09796290962924,-8.21696821848857,3.05287320595697));
#5909=CARTESIAN_POINT('Ctrl Pts',(6.26009471587304,-8.41006238188215,2.46701455804528));
#5910=CARTESIAN_POINT('Ctrl Pts',(6.38211577529294,-8.55143059492051,1.96765578039301));
#5911=CARTESIAN_POINT('Ctrl Pts',(6.51499399622397,-8.70024826860462,1.3646664415892));
#5912=CARTESIAN_POINT('Ctrl Pts',(6.62521312865706,-8.82098480856536,0.839567492005521));
#5913=CARTESIAN_POINT('Ctrl Pts',(6.70001890283069,-8.90171556077855,0.464681953268825));
#5914=CARTESIAN_POINT('Ctrl Pts',(6.74366064586471,-8.94903241131219,0.241504059137446));
#5915=CARTESIAN_POINT('Ctrl Pts',(4.42808047890678,-8.44207859245583,3.4633881820725));
#5916=CARTESIAN_POINT('Ctrl Pts',(4.42979502765519,-8.44552943097078,3.4521849346824));
#5917=CARTESIAN_POINT('Ctrl Pts',(4.46715468952147,-8.52058522587216,3.20637933129888));
#5918=CARTESIAN_POINT('Ctrl Pts',(4.50596776512646,-8.59491662612884,2.90698803784194));
#5919=CARTESIAN_POINT('Ctrl Pts',(4.57184225096097,-8.71178655811062,2.32824768200114));
#5920=CARTESIAN_POINT('Ctrl Pts',(4.61950259090075,-8.78616021220365,1.84175467992945));
#5921=CARTESIAN_POINT('Ctrl Pts',(4.67503221702789,-8.85691081453698,1.2655569140433));
#5922=CARTESIAN_POINT('Ctrl Pts',(4.72531852129982,-8.91240971703862,0.770536339256618));
#5923=CARTESIAN_POINT('Ctrl Pts',(4.76475959348821,-8.95035898125244,0.423671140882276));
#5924=CARTESIAN_POINT('Ctrl Pts',(4.79045654555093,-8.97397277356616,0.219709726889859));
#5925=CARTESIAN_POINT('Ctrl Pts',(1.32887154420588,-8.71308578873692,3.30036237454514));
#5926=CARTESIAN_POINT('Ctrl Pts',(1.32927841117336,-8.716072204203,3.28901841312595));
#5927=CARTESIAN_POINT('Ctrl Pts',(1.33814332657573,-8.78080195582561,3.04027595536706));
#5928=CARTESIAN_POINT('Ctrl Pts',(1.34732663318103,-8.83903783215181,2.74123478573085));
#5929=CARTESIAN_POINT('Ctrl Pts',(1.36239393696195,-8.92007923348268,2.17068648164788));
#5930=CARTESIAN_POINT('Ctrl Pts',(1.37259439551771,-8.96006550133493,1.69860101389372));
#5931=CARTESIAN_POINT('Ctrl Pts',(1.38232825976575,-8.98410006595016,1.15251283674601));
#5932=CARTESIAN_POINT('Ctrl Pts',(1.38971683622209,-8.99523129605121,0.691430131045585));
#5933=CARTESIAN_POINT('Ctrl Pts',(1.39436382868297,-8.99812130747632,0.376507029843399));
#5934=CARTESIAN_POINT('Ctrl Pts',(1.39707697149831,-8.99913232642951,0.194617386741016));
#5935=CARTESIAN_POINT('Ctrl Pts',(-1.32887136449833,-8.71308597260742,3.30036237348274));
#5936=CARTESIAN_POINT('Ctrl Pts',(-1.32927823137444,-8.71607238909906,3.28901841202379));
#5937=CARTESIAN_POINT('Ctrl Pts',(-1.33814314588495,-8.7808021637689,3.04027595294835));
#5938=CARTESIAN_POINT('Ctrl Pts',(-1.34732645028233,-8.83903806406509,2.7412347820544));
#5939=CARTESIAN_POINT('Ctrl Pts',(-1.36239375235719,-8.92007949714978,2.17068647554904));
#5940=CARTESIAN_POINT('Ctrl Pts',(-1.37259420901695,-8.96006577412184,1.69860100638874));
#5941=CARTESIAN_POINT('Ctrl Pts',(-1.38232807156473,-8.98410030777013,1.15251282907057));
#5942=CARTESIAN_POINT('Ctrl Pts',(-1.38971664687813,-8.99523148210761,0.691430124582915));
#5943=CARTESIAN_POINT('Ctrl Pts',(-1.39436363826305,-8.9981214242464,0.376507025452963));
#5944=CARTESIAN_POINT('Ctrl Pts',(-1.39707678108365,-8.99913238957436,0.194617384418896));
#5945=CARTESIAN_POINT('Ctrl Pts',(-4.42807985463056,-8.44207864369903,3.46338791948975));
#5946=CARTESIAN_POINT('Ctrl Pts',(-4.42979440032658,-8.44552948417715,3.45218467216312));
#5947=CARTESIAN_POINT('Ctrl Pts',(-4.46715399581577,-8.52058532273816,3.20637907070131));
#5948=CARTESIAN_POINT('Ctrl Pts',(-4.50596700326187,-8.59491679302801,2.90698779178674));
#5949=CARTESIAN_POINT('Ctrl Pts',(-4.5718414149399,-8.71178689558215,2.32824748152906));
#5950=CARTESIAN_POINT('Ctrl Pts',(-4.61950174684171,-8.78616070400813,1.8417545417322));
#5951=CARTESIAN_POINT('Ctrl Pts',(-4.6750314582547,-8.856911368954,1.26555683747704));
#5952=CARTESIAN_POINT('Ctrl Pts',(-4.72531790268634,-8.91241021849584,0.770536302232361));
#5953=CARTESIAN_POINT('Ctrl Pts',(-4.76475916485147,-8.95035932437123,0.423671124598944));
#5954=CARTESIAN_POINT('Ctrl Pts',(-4.79045627372308,-8.9739729632888,0.219709719093944));
#5955=CARTESIAN_POINT('Ctrl Pts',(-5.91878699709005,-7.99794338179926,3.6064588746407));
#5956=CARTESIAN_POINT('Ctrl Pts',(-5.92260163736472,-8.00264060251387,3.59538863165542));
#5957=CARTESIAN_POINT('Ctrl Pts',(-6.00593345865596,-8.10519665847085,3.35236758332097));
#5958=CARTESIAN_POINT('Ctrl Pts',(-6.09796162795344,-8.21696832713578,3.05287279266955));
#5959=CARTESIAN_POINT('Ctrl Pts',(-6.26009330336359,-8.41006276524381,2.46701422124852));
#5960=CARTESIAN_POINT('Ctrl Pts',(-6.38211435330985,-8.55143123733466,1.9676555479492));
#5961=CARTESIAN_POINT('Ctrl Pts',(-6.51499274427126,-8.70024904091495,1.36466631258392));
#5962=CARTESIAN_POINT('Ctrl Pts',(-6.62521215031036,-8.82098553068414,0.839567429516286));
#5963=CARTESIAN_POINT('Ctrl Pts',(-6.70001828573256,-8.90171606221049,0.46468192573638));
#5964=CARTESIAN_POINT('Ctrl Pts',(-6.7436603233045,-8.94903268961086,0.24150404594704));
#5965=CARTESIAN_POINT('Ctrl Pts',(-6.10898559395049,-7.92863972005718,3.62938371302527));
#5966=CARTESIAN_POINT('Ctrl Pts',(-6.11293427332972,-7.93348586322808,3.61833959996961));
#5967=CARTESIAN_POINT('Ctrl Pts',(-6.19918530480847,-8.03933919683386,3.37586965030879));
#5968=CARTESIAN_POINT('Ctrl Pts',(-6.29420265796261,-8.15590272834978,3.07646145499179));
#5969=CARTESIAN_POINT('Ctrl Pts',(-6.46109195747561,-8.35950313503156,2.48949826646275));
#5970=CARTESIAN_POINT('Ctrl Pts',(-6.5861540065136,-8.51081991422636,1.98796575748079));
#5971=CARTESIAN_POINT('Ctrl Pts',(-6.72152594875338,-8.67225813953313,1.38049751334579));
#5972=CARTESIAN_POINT('Ctrl Pts',(-6.83333771172474,-8.80407949996273,0.850429878907567));
#5973=CARTESIAN_POINT('Ctrl Pts',(-6.90885210918694,-8.8925638192795,0.471060637345327));
#5974=CARTESIAN_POINT('Ctrl Pts',(-6.95280491011592,-8.94431328056718,0.244881448093954));
#5975=CARTESIAN_POINT('',(-0.0124256289308711,0.00374159803175483,3.85));
#5976=UNCERTAINTY_MEASURE_WITH_UNIT(LENGTH_MEASURE(0.01),#5982,
'DISTANCE_ACCURACY_VALUE',
'Maximum model space distance between geometric entities at asserted c
onnectivities');
#5977=UNCERTAINTY_MEASURE_WITH_UNIT(LENGTH_MEASURE(0.01),#5982,
'DISTANCE_ACCURACY_VALUE',
'Maximum model space distance between geometric entities at asserted c
onnectivities');
#5978=UNCERTAINTY_MEASURE_WITH_UNIT(LENGTH_MEASURE(0.01),#5982,
'DISTANCE_ACCURACY_VALUE',
'Maximum model space distance between geometric entities at asserted c
onnectivities');
#5979=(
GEOMETRIC_REPRESENTATION_CONTEXT(3)
GLOBAL_UNCERTAINTY_ASSIGNED_CONTEXT((#5976))
GLOBAL_UNIT_ASSIGNED_CONTEXT((#5982,#5984,#5985))
REPRESENTATION_CONTEXT('','3D')
);
#5980=(
GEOMETRIC_REPRESENTATION_CONTEXT(3)
GLOBAL_UNCERTAINTY_ASSIGNED_CONTEXT((#5977))
GLOBAL_UNIT_ASSIGNED_CONTEXT((#5982,#5984,#5985))
REPRESENTATION_CONTEXT('','3D')
);
#5981=(
GEOMETRIC_REPRESENTATION_CONTEXT(3)
GLOBAL_UNCERTAINTY_ASSIGNED_CONTEXT((#5978))
GLOBAL_UNIT_ASSIGNED_CONTEXT((#5982,#5984,#5985))
REPRESENTATION_CONTEXT('','3D')
);
#5982=(
LENGTH_UNIT()
NAMED_UNIT(*)
SI_UNIT(.MILLI.,.METRE.)
);
#5983=(
LENGTH_UNIT()
NAMED_UNIT(*)
SI_UNIT($,.METRE.)
);
#5984=(
NAMED_UNIT(*)
PLANE_ANGLE_UNIT()
SI_UNIT($,.RADIAN.)
);
#5985=(
NAMED_UNIT(*)
SI_UNIT($,.STERADIAN.)
SOLID_ANGLE_UNIT()
);
#5986=SHAPE_DEFINITION_REPRESENTATION(#5988,#5991);
#5987=SHAPE_DEFINITION_REPRESENTATION(#5989,#5992);
#5988=PRODUCT_DEFINITION_SHAPE('',$,#5994);
#5989=PRODUCT_DEFINITION_SHAPE('',$,#5995);
#5990=PRODUCT_DEFINITION_SHAPE($,$,#14);
#5991=SHAPE_REPRESENTATION('',(#1259,#1354),#5979);
#5992=SHAPE_REPRESENTATION('',(#1260),#5980);
#5993=PRODUCT_DEFINITION_CONTEXT('part definition',#6001,'design');
#5994=PRODUCT_DEFINITION('2026-09-19-15-40-29-435','CLP_Saddle_LowSide',
#5996,#5993);
#5995=PRODUCT_DEFINITION('2026-09-19-15-38-45-385','MX Plug Mushroom',#5997,
#5993);
#5996=PRODUCT_DEFINITION_FORMATION('',$,#6003);
#5997=PRODUCT_DEFINITION_FORMATION('',$,#6004);
#5998=PRODUCT_RELATED_PRODUCT_CATEGORY('CLP_Saddle_LowSide',
'CLP_Saddle_LowSide',(#6003));
#5999=PRODUCT_RELATED_PRODUCT_CATEGORY('MX Plug Mushroom',
'MX Plug Mushroom',(#6004));
#6000=APPLICATION_PROTOCOL_DEFINITION('international standard',
'automotive_design',2009,#6001);
#6001=APPLICATION_CONTEXT(
'Core Data for Automotive Mechanical Design Process');
#6002=PRODUCT_CONTEXT('part definition',#6001,'mechanical');
#6003=PRODUCT('2026-09-19-15-40-29-435','CLP_Saddle_LowSide',$,(#6002));
#6004=PRODUCT('2026-09-19-15-38-45-385','MX Plug Mushroom',$,(#6002));
#6005=PRESENTATION_STYLE_ASSIGNMENT((#6006));
#6006=SURFACE_STYLE_USAGE(.BOTH.,#6007);
#6007=SURFACE_SIDE_STYLE('',(#6008));
#6008=SURFACE_STYLE_FILL_AREA(#6009);
#6009=FILL_AREA_STYLE('Steel - Satin',(#6010));
#6010=FILL_AREA_STYLE_COLOUR('Steel - Satin',#6011);
#6011=COLOUR_RGB('Steel - Satin',0.627450980392157,0.627450980392157,0.627450980392157);
ENDSEC;
END-ISO-10303-21;
