ISO-10303-21;
HEADER;
/* Generated by software containing ST-Developer
 * from STEP Tools, Inc. (www.steptools.com) 
 */

FILE_DESCRIPTION(
/* description */ (''),
/* implementation_level */ '2;1');

FILE_NAME(
/* name */ 'CLP_Dished_Tilt7.step',
/* time_stamp */ '2026-10-03T20:47:59+08:00',
/* author */ (''),
/* organization */ (''),
/* preprocessor_version */ 'ST-DEVELOPER v20.2',
/* originating_system */ 'Autodesk Translation Framework v15.15.0.0',
/* authorisation */ '');

FILE_SCHEMA (('AUTOMOTIVE_DESIGN { 1 0 10303 214 3 1 1 }'));
ENDSEC;

DATA;
#10=MECHANICAL_DESIGN_GEOMETRIC_PRESENTATION_REPRESENTATION('',(#105,#106),
#5181);
#11=ITEM_DEFINED_TRANSFORMATION($,$,#1150,#1241);
#12=(
REPRESENTATION_RELATIONSHIP($,$,#5192,#5191)
REPRESENTATION_RELATIONSHIP_WITH_TRANSFORMATION(#11)
SHAPE_REPRESENTATION_RELATIONSHIP()
);
#13=CONTEXT_DEPENDENT_SHAPE_REPRESENTATION(#12,#5190);
#14=NEXT_ASSEMBLY_USAGE_OCCURRENCE('MX Plug Mushroom:1',
'MX Plug Mushroom:1','MX Plug Mushroom:1',#5194,#5195,
'MX Plug Mushroom:1');
#15=B_SPLINE_CURVE_WITH_KNOTS('',3,(#1844,#1845,#1846,#1847,#1848,#1849,
#1850,#1851,#1852),.UNSPECIFIED.,.F.,.F.,(4,2,1,1,1,4),(-0.486207017764957,
-0.279874462765969,-0.111949785106387,-0.0559748925531937,-0.0279874462765969,
0.),.UNSPECIFIED.);
#16=B_SPLINE_CURVE_WITH_KNOTS('',3,(#1855,#1856,#1857,#1858,#1859,#1860,
#1861,#1862,#1863),.UNSPECIFIED.,.F.,.F.,(4,1,1,1,2,4),(0.,0.0279874462765969,
0.0559748925531937,0.111949785106387,0.279874462765969,0.486207017764957),
 .UNSPECIFIED.);
#17=B_SPLINE_CURVE_WITH_KNOTS('',3,(#1917,#1918,#1919,#1920,#1921,#1922,
#1923,#1924,#1925,#1926),.UNSPECIFIED.,.F.,.F.,(4,1,1,1,1,2,4),(0.,0.0279797644058744,
0.0559595288117489,0.111919057623498,0.167878586435247,0.279797644058744,
0.486023594266833),.UNSPECIFIED.);
#18=B_SPLINE_CURVE_WITH_KNOTS('',3,(#1927,#1928,#1929,#1930,#1931,#1932,
#1933,#1934,#1935,#1936),.UNSPECIFIED.,.F.,.F.,(4,2,1,1,1,1,4),(-0.486023594266833,
-0.279797644058744,-0.167878586435247,-0.111919057623498,-0.0559595288117489,
-0.0279797644058744,0.),.UNSPECIFIED.);
#19=B_SPLINE_CURVE_WITH_KNOTS('',3,(#1965,#1966,#1967,#1968,#1969),
 .UNSPECIFIED.,.F.,.F.,(4,1,4),(-0.163605932961261,-0.0701168284119692,
-5.75459664262023E-17),.UNSPECIFIED.);
#20=B_SPLINE_CURVE_WITH_KNOTS('',3,(#1970,#1971,#1972,#1973,#1974),
 .UNSPECIFIED.,.F.,.F.,(4,1,4),(5.75459664262023E-17,0.0701168284119692,
0.163605932961261),.UNSPECIFIED.);
#21=B_SPLINE_CURVE_WITH_KNOTS('',3,(#2054,#2055,#2056,#2057),
 .UNSPECIFIED.,.F.,.F.,(4,4),(0.,0.00177609950915341),.UNSPECIFIED.);
#22=B_SPLINE_CURVE_WITH_KNOTS('',3,(#2058,#2059,#2060,#2061,#2062,#2063,
#2064,#2065,#2066,#2067,#2068,#2069,#2070),.UNSPECIFIED.,.F.,.F.,(4,1,1,
1,2,2,1,1,4),(0.00177609950915341,0.0909216890192594,0.180067278529365,
0.269212868039471,0.358358457549577,0.473190736281559,0.494788683020288,
0.505587656389653,0.516386629759017),.UNSPECIFIED.);
#23=B_SPLINE_CURVE_WITH_KNOTS('',3,(#2071,#2072,#2073,#2074,#2075,#2076,
#2077,#2078,#2079,#2080,#2081,#2082,#2083,#2084,#2085),.UNSPECIFIED.,.F.,
 .F.,(4,1,1,2,2,1,1,1,2,4),(-0.516386629759017,-0.505587656389653,-0.494788683020288,
-0.473190736281559,-0.358358457549577,-0.269212868039471,-0.180067278529365,
-0.0909216890192594,-0.00177609950915341,0.),.UNSPECIFIED.);
#24=B_SPLINE_CURVE_WITH_KNOTS('',3,(#2139,#2140,#2141,#2142,#2143,#2144,
#2145,#2146,#2147,#2148),.UNSPECIFIED.,.F.,.F.,(4,2,2,2,4),(0.,0.0390199440337372,
0.0433567968078725,0.2603590225775,0.479433864330687),.UNSPECIFIED.);
#25=B_SPLINE_CURVE_WITH_KNOTS('',3,(#2150,#2151,#2152,#2153,#2154,#2155),
 .UNSPECIFIED.,.F.,.F.,(4,2,4),(-0.479433864330687,-0.2603590225775,-0.0433567968078725),
 .UNSPECIFIED.);
#26=B_SPLINE_CURVE_WITH_KNOTS('',3,(#2156,#2157,#2158,#2159,#2160,#2161),
 .UNSPECIFIED.,.F.,.F.,(4,2,4),(-0.0433567968078725,-0.0390199440337372,
0.),.UNSPECIFIED.);
#27=B_SPLINE_CURVE_WITH_KNOTS('',3,(#2195,#2196,#2197,#2198,#2199,#2200),
 .UNSPECIFIED.,.F.,.F.,(4,1,1,4),(-0.16674764076107,-0.119105457688172,
-0.0714632746152735,-5.92636792544308E-12),.UNSPECIFIED.);
#28=B_SPLINE_CURVE_WITH_KNOTS('',3,(#2201,#2202,#2203,#2204,#2205,#2206),
 .UNSPECIFIED.,.F.,.F.,(4,1,1,4),(5.92636792544308E-12,0.0714632746152735,
0.119105457688172,0.16674764076107),.UNSPECIFIED.);
#29=B_SPLINE_CURVE_WITH_KNOTS('',3,(#2275,#2276,#2277,#2278,#2279,#2280,
#2281,#2282,#2283,#2284,#2285,#2286,#2287),.UNSPECIFIED.,.F.,.F.,(4,1,1,
1,1,2,1,1,1,4),(0.,0.0252032113866214,0.0504064227732428,0.100812845546486,
0.302438536639457,0.504064227732428,0.806443001783705,0.907235926467464,
0.957632388809344,1.00802885115122),.UNSPECIFIED.);
#30=B_SPLINE_CURVE_WITH_KNOTS('',3,(#2288,#2289,#2290,#2291,#2292,#2293,
#2294,#2295,#2296,#2297,#2298,#2299,#2300),.UNSPECIFIED.,.F.,.F.,(4,1,1,
1,2,1,1,1,1,4),(-1.00802885115122,-0.957632388809344,-0.907235926467464,
-0.806443001783705,-0.504064227732428,-0.302438536639457,-0.100812845546486,
-0.0504064227732428,-0.0252032113866214,0.),.UNSPECIFIED.);
#31=B_SPLINE_CURVE_WITH_KNOTS('',3,(#2329,#2330,#2331,#2332,#2333),
 .UNSPECIFIED.,.F.,.F.,(4,1,4),(-0.166728431227816,-0.0714550419547784,
-3.82255537721666E-16),.UNSPECIFIED.);
#32=B_SPLINE_CURVE_WITH_KNOTS('',3,(#2334,#2335,#2336,#2337,#2338),
 .UNSPECIFIED.,.F.,.F.,(4,1,4),(3.82255537721666E-16,0.0714550419547784,
0.166728431227816),.UNSPECIFIED.);
#33=B_SPLINE_CURVE_WITH_KNOTS('',3,(#2392,#2393,#2394,#2395,#2396,#2397,
#2398,#2399,#2400,#2401),.UNSPECIFIED.,.F.,.F.,(4,2,2,2,4),(0.,0.219420451336036,
0.436851299415801,0.440757046846894,0.479317023889205),.UNSPECIFIED.);
#34=B_SPLINE_CURVE_WITH_KNOTS('',3,(#2403,#2404,#2405,#2406,#2407,#2408),
 .UNSPECIFIED.,.F.,.F.,(4,2,4),(-0.479317023889205,-0.440757046846894,-0.436851299415801),
 .UNSPECIFIED.);
#35=B_SPLINE_CURVE_WITH_KNOTS('',3,(#2409,#2410,#2411,#2412,#2413,#2414),
 .UNSPECIFIED.,.F.,.F.,(4,2,4),(-0.436851299415801,-0.219420451336036,0.),
 .UNSPECIFIED.);
#36=B_SPLINE_CURVE_WITH_KNOTS('',3,(#2504,#2505,#2506,#2507,#2508,#2509,
#2510,#2511,#2512,#2513,#2514,#2515,#2516,#2517,#2518),.UNSPECIFIED.,.F.,
 .F.,(4,1,1,2,1,2,1,1,1,1,4),(0.,0.010798517020227,0.021597034040454,0.043194068080908,
0.100726386183834,0.15825870428676,0.247507897150092,0.336757090013423,
0.426006282876755,0.470630879308421,0.515255475740087),.UNSPECIFIED.);
#37=B_SPLINE_CURVE_WITH_KNOTS('',3,(#2519,#2520,#2521,#2522),
 .UNSPECIFIED.,.F.,.F.,(4,4),(0.515255475740087,0.517031506335584),
 .UNSPECIFIED.);
#38=B_SPLINE_CURVE_WITH_KNOTS('',3,(#2523,#2524,#2525,#2526,#2527,#2528,
#2529,#2530,#2531,#2532,#2533,#2534,#2535,#2536,#2537,#2538,#2539),
 .UNSPECIFIED.,.F.,.F.,(4,2,1,1,1,1,2,1,2,1,1,4),(-0.517031506335584,-0.515255475740087,
-0.470630879308421,-0.426006282876755,-0.336757090013423,-0.247507897150092,
-0.15825870428676,-0.100726386183834,-0.043194068080908,-0.021597034040454,
-0.010798517020227,0.),.UNSPECIFIED.);
#39=B_SPLINE_CURVE_WITH_KNOTS('',3,(#2565,#2566,#2567,#2568,#2569),
 .UNSPECIFIED.,.F.,.F.,(4,1,4),(-0.163604302467807,-0.0701161297626961,
-2.33862635894058E-10),.UNSPECIFIED.);
#40=B_SPLINE_CURVE_WITH_KNOTS('',3,(#2570,#2571,#2572,#2573,#2574),
 .UNSPECIFIED.,.F.,.F.,(4,1,4),(2.33862635894058E-10,0.0701161297626961,
0.163604302467807),.UNSPECIFIED.);
#41=B_SPLINE_CURVE_WITH_KNOTS('',3,(#2675,#2676,#2677,#2678,#2679,#2680,
#2681),.UNSPECIFIED.,.F.,.F.,(4,1,1,1,4),(0.102178465238825,0.16954699015661,
0.352158519913626,0.563016437172924,0.795594336426057),.UNSPECIFIED.);
#42=B_SPLINE_CURVE_WITH_KNOTS('',3,(#2683,#2684,#2685,#2686,#2687,#2688,
#2689,#2690,#2691,#2692),.UNSPECIFIED.,.F.,.F.,(4,1,1,2,1,1,4),(-1.3932032630999,
-1.25388310848197,-1.11456295386405,-0.696602490010272,-0.278640996004109,
-0.139320498002054,0.),.UNSPECIFIED.);
#43=B_SPLINE_CURVE_WITH_KNOTS('',3,(#2693,#2694,#2695,#2696,#2697,#2698,
#2699),.UNSPECIFIED.,.F.,.F.,(4,1,1,1,4),(0.102439843284547,0.169546313337103,
0.352158132466614,0.563016314840107,0.795594415216558),.UNSPECIFIED.);
#44=B_SPLINE_CURVE_WITH_KNOTS('',3,(#2751,#2752,#2753,#2754,#2755,#2756,
#2757),.UNSPECIFIED.,.F.,.F.,(4,1,1,1,4),(0.103876871294549,0.16100950599263,
0.33758010597384,0.544742167863024,0.779300723929464),.UNSPECIFIED.);
#45=B_SPLINE_CURVE_WITH_KNOTS('',3,(#2758,#2759,#2760,#2761,#2762,#2763),
 .UNSPECIFIED.,.F.,.F.,(4,1,1,4),(0.,0.120695278471227,0.201158797452045,
0.281622316432863),.UNSPECIFIED.);
#46=B_SPLINE_CURVE_WITH_KNOTS('',3,(#2930,#2931,#2932,#2933,#2934,#2935,
#2936),.UNSPECIFIED.,.F.,.F.,(4,1,1,1,4),(0.0825073914704504,0.126143254143383,
0.270248603646466,0.445986483519686,0.649872373841662),.UNSPECIFIED.);
#47=B_SPLINE_CURVE_WITH_KNOTS('',3,(#2938,#2939,#2940,#2941,#2942,#2943,
#2944,#2945,#2946,#2947),.UNSPECIFIED.,.F.,.F.,(4,1,1,1,1,1,1,4),(-0.752225819008022,
-0.451335491404813,-0.300890327603209,-0.150445163801604,-0.0752225819008022,
-0.0376112909504011,-0.0188056454752006,0.),.UNSPECIFIED.);
#48=B_SPLINE_CURVE_WITH_KNOTS('',3,(#2948,#2949,#2950,#2951,#2952,#2953,
#2954,#2955),.UNSPECIFIED.,.F.,.F.,(4,1,1,1,1,4),(-1.3898420282637,-1.35796121780091,
-1.32608040733813,-1.26231878641256,-1.13479554456143,-0.752225819008022),
 .UNSPECIFIED.);
#49=B_SPLINE_CURVE_WITH_KNOTS('',3,(#3007,#3008,#3009,#3010,#3011,#3012,
#3013),.UNSPECIFIED.,.F.,.F.,(4,1,1,1,4),(0.0801572794863171,0.125723784324881,
0.268330463113012,0.440871765298515,0.639738802247575),.UNSPECIFIED.);
#50=B_SPLINE_CURVE_WITH_KNOTS('',3,(#3014,#3015,#3016,#3017,#3018),
 .UNSPECIFIED.,.F.,.F.,(4,1,4),(0.,0.119985346587788,0.279965808704838),
 .UNSPECIFIED.);
#51=B_SPLINE_CURVE_WITH_KNOTS('',3,(#3182,#3183,#3184,#3185,#3186,#3187,
#3188,#3189,#3190,#3191),.UNSPECIFIED.,.F.,.F.,(4,1,1,2,1,1,4),(0.,0.138721610057503,
0.277443220115006,0.693608050287514,1.10977160643039,1.24849279181135,1.38721397719231),
 .UNSPECIFIED.);
#52=B_SPLINE_CURVE_WITH_KNOTS('',3,(#3193,#3194,#3195,#3196,#3197,#3198,
#3199,#3200,#3201,#3202),.UNSPECIFIED.,.F.,.F.,(4,1,1,2,1,1,4),(-1.38721397719231,
-1.24849279181135,-1.10977160643039,-0.693608050287514,-0.277443220115006,
-0.138721610057503,0.),.UNSPECIFIED.);
#53=B_SPLINE_CURVE_WITH_KNOTS('',3,(#3241,#3242,#3243,#3244,#3245),
 .UNSPECIFIED.,.F.,.F.,(4,1,4),(-0.279965540119469,-0.119985231479772,0.),
 .UNSPECIFIED.);
#54=B_SPLINE_CURVE_WITH_KNOTS('',3,(#3246,#3247,#3248,#3249,#3250),
 .UNSPECIFIED.,.F.,.F.,(4,1,4),(0.,0.119985231479772,0.279965540119469),
 .UNSPECIFIED.);
#55=B_SPLINE_CURVE_WITH_KNOTS('',3,(#3329,#3330,#3331,#3332,#3333,#3334,
#3335,#3336,#3337,#3338,#3339,#3340,#3341,#3342,#3343),.UNSPECIFIED.,.F.,
 .F.,(4,1,1,1,1,2,1,1,1,1,1,4),(0.,0.0318808751678649,0.0637617503357299,
0.12752350067146,0.382570502014379,0.637617503357299,1.08895183340556,1.23939661008832,
1.31461899842969,1.35223019260038,1.37103578968573,1.38984138677107),
 .UNSPECIFIED.);
#56=B_SPLINE_CURVE_WITH_KNOTS('',3,(#3345,#3346,#3347,#3348,#3349,#3350,
#3351,#3352,#3353),.UNSPECIFIED.,.F.,.F.,(4,1,1,1,1,1,4),(-1.38984138677107,
-1.37103578968573,-1.35223019260038,-1.31461899842969,-1.23939661008832,
-1.08895183340556,-0.637617503357299),.UNSPECIFIED.);
#57=B_SPLINE_CURVE_WITH_KNOTS('',3,(#3354,#3355,#3356,#3357,#3358,#3359,
#3360,#3361),.UNSPECIFIED.,.F.,.F.,(4,1,1,1,1,4),(-0.637617503357299,-0.382570502014379,
-0.12752350067146,-0.0637617503357299,-0.0318808751678649,0.),
 .UNSPECIFIED.);
#58=B_SPLINE_CURVE_WITH_KNOTS('',3,(#3394,#3395,#3396,#3397,#3398,#3399),
 .UNSPECIFIED.,.F.,.F.,(4,1,1,4),(-0.28162255873624,-0.201158970525885,
-0.120695382315531,0.),.UNSPECIFIED.);
#59=B_SPLINE_CURVE_WITH_KNOTS('',3,(#3400,#3401,#3402,#3403,#3404,#3405),
 .UNSPECIFIED.,.F.,.F.,(4,1,1,4),(0.,0.120695382315531,0.201158970525885,
0.28162255873624),.UNSPECIFIED.);
#60=B_SPLINE_CURVE_WITH_KNOTS('',3,(#3498,#3499,#3500,#3501,#3502,#3503,
#3504,#3505,#3506,#3507),.UNSPECIFIED.,.F.,.F.,(4,1,1,2,1,1,4),(0.,0.139320498002054,
0.278640996004109,0.696602490010272,1.11456295386405,1.25388310848197,1.3932032630999),
 .UNSPECIFIED.);
#61=B_SPLINE_CURVE_WITH_KNOTS('',3,(#3540,#3541,#3542,#3543,#3544,#3545),
 .UNSPECIFIED.,.F.,.F.,(4,1,1,4),(-0.281622316432863,-0.201158797452045,
-0.120695278471227,0.),.UNSPECIFIED.);
#62=B_SPLINE_CURVE_WITH_KNOTS('',3,(#3628,#3629,#3630,#3631,#3632,#3633,
#3634,#3635,#3636,#3637,#3638,#3639,#3640,#3641,#3642,#3643),
 .UNSPECIFIED.,.F.,.F.,(4,1,1,1,1,1,1,2,1,1,1,1,4),(0.,0.0188056454752006,
0.0376112909504011,0.0752225819008022,0.150445163801604,0.300890327603209,
0.451335491404813,0.752225819008022,1.13479554456143,1.26231878641256,1.32608040733813,
1.35796121780091,1.3898420282637),.UNSPECIFIED.);
#63=B_SPLINE_CURVE_WITH_KNOTS('',3,(#3679,#3680,#3681,#3682,#3683),
 .UNSPECIFIED.,.F.,.F.,(4,1,4),(-0.279965808704838,-0.119985346587788,0.),
 .UNSPECIFIED.);
#64=B_SPLINE_CURVE_WITH_KNOTS('',3,(#3734,#3735,#3736,#3737,#3738,#3739,
#3740),.UNSPECIFIED.,.F.,.F.,(4,1,1,1,4),(0.103783984501735,0.161008704424689,
0.337579648520323,0.544742029049404,0.77930083257463),.UNSPECIFIED.);
#65=B_SPLINE_CURVE_WITH_KNOTS('',3,(#3891,#3892,#3893,#3894,#3895,#3896,
#3897),.UNSPECIFIED.,.F.,.F.,(4,1,1,1,4),(0.0825067774726943,0.126142587350185,
0.27024822175643,0.445986367455731,0.649872466023807),.UNSPECIFIED.);
#66=B_SPLINE_CURVE_WITH_KNOTS('',3,(#3948,#3949,#3950,#3951,#3952,#3953,
#3954),.UNSPECIFIED.,.F.,.F.,(4,1,1,1,4),(0.0801570028435786,0.125723240110942,
0.268330149391767,0.440871664859246,0.639738864389101),.UNSPECIFIED.);
#67=B_SPLINE_CURVE_WITH_KNOTS('',3,(#4038,#4039,#4040,#4041,#4042,#4043,
#4044,#4045,#4046,#4047,#4048,#4049,#4050,#4051,#4052,#4053,#4054,#4055,
#4056,#4057,#4058,#4059,#4060,#4061,#4062,#4063,#4064,#4065,#4066,#4067,
#4068,#4069,#4070,#4071,#4072,#4073,#4074,#4075,#4076,#4077,#4078,#4079,
#4080,#4081,#4082,#4083,#4084,#4085,#4086,#4087,#4088,#4089,#4090,#4091,
#4092,#4093,#4094,#4095,#4096,#4097,#4098,#4099,#4100),.UNSPECIFIED.,.T.,
 .F.,(4,2,2,2,1,2,2,1,2,2,2,2,2,1,2,2,2,2,2,2,2,1,2,2,2,2,2,2,2,1,2,2,2,
4),(0.,0.062489461068865,0.114595919040933,0.114999995007403,0.125030828589748,
0.135061662172093,0.16263295746117,0.194915848075653,0.227198738690136,
0.250006548025385,0.301863099832779,0.357524480206534,0.364965791346384,
0.374998833506326,0.385031875666269,0.406722354979583,0.470420371971388,
0.5000571936581,0.539509995166106,0.596581647244321,0.614989711652932,0.625025433914426,
0.635061156175919,0.647699794528636,0.70449917523077,0.750050955381609,
0.778395038250536,0.836096268374809,0.865020088523012,0.874832922771195,
0.884645757019379,0.885085987637824,0.937275607797513,1.),.UNSPECIFIED.);
#68=B_SPLINE_CURVE_WITH_KNOTS('',3,(#4103,#4104,#4105,#4106,#4107,#4108,
#4109,#4110,#4111,#4112,#4113,#4114,#4115,#4116,#4117,#4118,#4119,#4120,
#4121,#4122,#4123,#4124,#4125,#4126,#4127,#4128,#4129,#4130,#4131,#4132,
#4133,#4134,#4135,#4136,#4137,#4138,#4139,#4140,#4141,#4142,#4143,#4144,
#4145,#4146,#4147,#4148,#4149,#4150,#4151,#4152,#4153,#4154,#4155,#4156,
#4157,#4158,#4159,#4160,#4161,#4162,#4163,#4164,#4165),.UNSPECIFIED.,.T.,
 .F.,(4,2,2,2,1,2,2,1,2,2,2,2,2,1,2,2,2,2,2,2,2,1,2,2,2,2,2,2,2,1,2,2,2,
4),(0.,0.062489461068865,0.114595919040933,0.114999995007403,0.125030828589748,
0.135061662172093,0.16263295746117,0.194915848075653,0.227198738690136,
0.250006548025385,0.301863099832779,0.357524480206534,0.364965791346384,
0.374998833506326,0.385031875666269,0.406722354979583,0.470420371971388,
0.5000571936581,0.539509995166106,0.596581647244321,0.614989711652932,0.625025433914426,
0.635061156175919,0.647699794528636,0.70449917523077,0.750050955381609,
0.778395038250536,0.836096268374809,0.865020088523012,0.874832922771195,
0.884645757019379,0.885085987637824,0.937275607797513,1.),.UNSPECIFIED.);
#69=B_SPLINE_CURVE_WITH_KNOTS('',3,(#4985,#4986,#4987,#4988,#4989,#4990,
#4991,#4992,#4993,#4994,#4995,#4996,#4997,#4998,#4999,#5000,#5001,#5002,
#5003,#5004,#5005,#5006,#5007,#5008,#5009,#5010,#5011,#5012,#5013,#5014,
#5015),.UNSPECIFIED.,.F.,.F.,(4,3,3,3,3,3,3,3,3,3,4),(-1.,-0.857142857142857,
-0.714285714285714,-0.571428571428571,-0.5,-0.428571428571429,-0.357142857142857,
-0.214285714285714,-0.142857142857143,-0.0714285714285714,0.),
 .UNSPECIFIED.);
#70=B_SPLINE_SURFACE_WITH_KNOTS('',3,3,((#1795,#1796,#1797,#1798,#1799,
#1800,#1801,#1802,#1803),(#1804,#1805,#1806,#1807,#1808,#1809,#1810,#1811,
#1812),(#1813,#1814,#1815,#1816,#1817,#1818,#1819,#1820,#1821),(#1822,#1823,
#1824,#1825,#1826,#1827,#1828,#1829,#1830),(#1831,#1832,#1833,#1834,#1835,
#1836,#1837,#1838,#1839)),.UNSPECIFIED.,.F.,.F.,.F.,(4,1,4),(4,1,1,1,2,
4),(0.,0.5,1.),(0.,0.0279874462765969,0.0559748925531937,0.111949785106387,
0.279874462765969,0.486207017764957),.UNSPECIFIED.);
#71=B_SPLINE_SURFACE_WITH_KNOTS('',3,3,((#1864,#1865,#1866,#1867,#1868,
#1869,#1870,#1871,#1872,#1873),(#1874,#1875,#1876,#1877,#1878,#1879,#1880,
#1881,#1882,#1883),(#1884,#1885,#1886,#1887,#1888,#1889,#1890,#1891,#1892,
#1893),(#1894,#1895,#1896,#1897,#1898,#1899,#1900,#1901,#1902,#1903),(#1904,
#1905,#1906,#1907,#1908,#1909,#1910,#1911,#1912,#1913)),.UNSPECIFIED.,.F.,
 .F.,.F.,(4,1,4),(4,2,1,1,1,1,4),(0.,0.5,1.),(-0.486023594266833,-0.279797644058744,
-0.167878586435247,-0.111919057623498,-0.0559595288117489,-0.0279797644058744,
0.),.UNSPECIFIED.);
#72=B_SPLINE_SURFACE_WITH_KNOTS('',3,3,((#1937,#1938,#1939,#1940,#1941),
(#1942,#1943,#1944,#1945,#1946),(#1947,#1948,#1949,#1950,#1951),(#1952,
#1953,#1954,#1955,#1956),(#1957,#1958,#1959,#1960,#1961)),.UNSPECIFIED.,
 .F.,.F.,.F.,(4,1,4),(4,1,4),(0.,0.5,1.),(5.75459664262023E-17,0.0701168284119692,
0.163605932961261),.UNSPECIFIED.);
#73=B_SPLINE_SURFACE_WITH_KNOTS('',3,3,((#1975,#1976,#1977,#1978,#1979,
#1980,#1981,#1982,#1983,#1984,#1985,#1986,#1987,#1988,#1989),(#1990,#1991,
#1992,#1993,#1994,#1995,#1996,#1997,#1998,#1999,#2000,#2001,#2002,#2003,
#2004),(#2005,#2006,#2007,#2008,#2009,#2010,#2011,#2012,#2013,#2014,#2015,
#2016,#2017,#2018,#2019),(#2020,#2021,#2022,#2023,#2024,#2025,#2026,#2027,
#2028,#2029,#2030,#2031,#2032,#2033,#2034),(#2035,#2036,#2037,#2038,#2039,
#2040,#2041,#2042,#2043,#2044,#2045,#2046,#2047,#2048,#2049)),
 .UNSPECIFIED.,.F.,.F.,.F.,(4,1,4),(4,1,1,2,2,1,1,1,2,4),(0.,0.571428571428571,
1.),(-0.516386629759017,-0.505587656389653,-0.494788683020288,-0.473190736281559,
-0.358358457549577,-0.269212868039471,-0.180067278529365,-0.0909216890192594,
-0.00177609950915341,0.),.UNSPECIFIED.);
#74=B_SPLINE_SURFACE_WITH_KNOTS('',3,3,((#2086,#2087,#2088,#2089,#2090,
#2091,#2092,#2093,#2094,#2095),(#2096,#2097,#2098,#2099,#2100,#2101,#2102,
#2103,#2104,#2105),(#2106,#2107,#2108,#2109,#2110,#2111,#2112,#2113,#2114,
#2115),(#2116,#2117,#2118,#2119,#2120,#2121,#2122,#2123,#2124,#2125),(#2126,
#2127,#2128,#2129,#2130,#2131,#2132,#2133,#2134,#2135)),.UNSPECIFIED.,.F.,
 .F.,.F.,(4,1,4),(4,2,2,2,4),(0.,0.571428571428571,1.),(-0.479433864330687,
-0.2603590225775,-0.0433567968078725,-0.0390199440337372,0.),
 .UNSPECIFIED.);
#75=B_SPLINE_SURFACE_WITH_KNOTS('',3,3,((#2162,#2163,#2164,#2165,#2166,
#2167),(#2168,#2169,#2170,#2171,#2172,#2173),(#2174,#2175,#2176,#2177,#2178,
#2179),(#2180,#2181,#2182,#2183,#2184,#2185),(#2186,#2187,#2188,#2189,#2190,
#2191)),.UNSPECIFIED.,.F.,.F.,.F.,(4,1,4),(4,1,1,4),(0.,0.5,1.),(5.92636792544308E-12,
0.0714632746152735,0.119105457688172,0.16674764076107),.UNSPECIFIED.);
#76=B_SPLINE_SURFACE_WITH_KNOTS('',3,3,((#2207,#2208,#2209,#2210,#2211,
#2212,#2213,#2214,#2215,#2216,#2217,#2218,#2219),(#2220,#2221,#2222,#2223,
#2224,#2225,#2226,#2227,#2228,#2229,#2230,#2231,#2232),(#2233,#2234,#2235,
#2236,#2237,#2238,#2239,#2240,#2241,#2242,#2243,#2244,#2245),(#2246,#2247,
#2248,#2249,#2250,#2251,#2252,#2253,#2254,#2255,#2256,#2257,#2258),(#2259,
#2260,#2261,#2262,#2263,#2264,#2265,#2266,#2267,#2268,#2269,#2270,#2271)),
 .UNSPECIFIED.,.F.,.F.,.F.,(4,1,4),(4,1,1,1,2,1,1,1,1,4),(0.,0.571428571428571,
1.),(-1.00802885115122,-0.957632388809344,-0.907235926467464,-0.806443001783705,
-0.504064227732428,-0.302438536639457,-0.100812845546486,-0.0504064227732428,
-0.0252032113866214,0.),.UNSPECIFIED.);
#77=B_SPLINE_SURFACE_WITH_KNOTS('',3,3,((#2301,#2302,#2303,#2304,#2305),
(#2306,#2307,#2308,#2309,#2310),(#2311,#2312,#2313,#2314,#2315),(#2316,
#2317,#2318,#2319,#2320),(#2321,#2322,#2323,#2324,#2325)),.UNSPECIFIED.,
 .F.,.F.,.F.,(4,1,4),(4,1,4),(0.,0.5,1.),(3.82255537721666E-16,0.0714550419547784,
0.166728431227816),.UNSPECIFIED.);
#78=B_SPLINE_SURFACE_WITH_KNOTS('',3,3,((#2339,#2340,#2341,#2342,#2343,
#2344,#2345,#2346,#2347,#2348),(#2349,#2350,#2351,#2352,#2353,#2354,#2355,
#2356,#2357,#2358),(#2359,#2360,#2361,#2362,#2363,#2364,#2365,#2366,#2367,
#2368),(#2369,#2370,#2371,#2372,#2373,#2374,#2375,#2376,#2377,#2378),(#2379,
#2380,#2381,#2382,#2383,#2384,#2385,#2386,#2387,#2388)),.UNSPECIFIED.,.F.,
 .F.,.F.,(4,1,4),(4,2,2,2,4),(0.,0.571428571428571,1.),(-0.479317023889205,
-0.440757046846894,-0.436851299415801,-0.219420451336036,0.),
 .UNSPECIFIED.);
#79=B_SPLINE_SURFACE_WITH_KNOTS('',3,3,((#2415,#2416,#2417,#2418,#2419,
#2420,#2421,#2422,#2423,#2424,#2425,#2426,#2427,#2428,#2429,#2430,#2431),
(#2432,#2433,#2434,#2435,#2436,#2437,#2438,#2439,#2440,#2441,#2442,#2443,
#2444,#2445,#2446,#2447,#2448),(#2449,#2450,#2451,#2452,#2453,#2454,#2455,
#2456,#2457,#2458,#2459,#2460,#2461,#2462,#2463,#2464,#2465),(#2466,#2467,
#2468,#2469,#2470,#2471,#2472,#2473,#2474,#2475,#2476,#2477,#2478,#2479,
#2480,#2481,#2482),(#2483,#2484,#2485,#2486,#2487,#2488,#2489,#2490,#2491,
#2492,#2493,#2494,#2495,#2496,#2497,#2498,#2499)),.UNSPECIFIED.,.F.,.F.,
 .F.,(4,1,4),(4,2,1,1,1,1,2,1,2,1,1,4),(0.,0.571428571428571,1.),(-0.517031506335584,
-0.515255475740087,-0.470630879308421,-0.426006282876755,-0.336757090013423,
-0.247507897150092,-0.15825870428676,-0.100726386183834,-0.043194068080908,
-0.021597034040454,-0.010798517020227,0.),.UNSPECIFIED.);
#80=B_SPLINE_SURFACE_WITH_KNOTS('',3,3,((#2540,#2541,#2542,#2543,#2544),
(#2545,#2546,#2547,#2548,#2549),(#2550,#2551,#2552,#2553,#2554),(#2555,
#2556,#2557,#2558,#2559),(#2560,#2561,#2562,#2563,#2564)),.UNSPECIFIED.,
 .F.,.F.,.F.,(4,1,4),(4,1,4),(0.,0.5,1.),(2.33862635894058E-10,0.0701161297626961,
0.163604302467807),.UNSPECIFIED.);
#81=B_SPLINE_SURFACE_WITH_KNOTS('',3,3,((#2575,#2576,#2577,#2578,#2579,
#2580,#2581,#2582,#2583),(#2584,#2585,#2586,#2587,#2588,#2589,#2590,#2591,
#2592),(#2593,#2594,#2595,#2596,#2597,#2598,#2599,#2600,#2601),(#2602,#2603,
#2604,#2605,#2606,#2607,#2608,#2609,#2610),(#2611,#2612,#2613,#2614,#2615,
#2616,#2617,#2618,#2619),(#2620,#2621,#2622,#2623,#2624,#2625,#2626,#2627,
#2628),(#2629,#2630,#2631,#2632,#2633,#2634,#2635,#2636,#2637),(#2638,#2639,
#2640,#2641,#2642,#2643,#2644,#2645,#2646),(#2647,#2648,#2649,#2650,#2651,
#2652,#2653,#2654,#2655),(#2656,#2657,#2658,#2659,#2660,#2661,#2662,#2663,
#2664),(#2665,#2666,#2667,#2668,#2669,#2670,#2671,#2672,#2673)),
 .UNSPECIFIED.,.F.,.F.,.F.,(4,1,1,1,2,1,1,4),(4,1,1,1,1,1,4),(0.,0.200000028276698,
0.300000042415047,0.400000056553395,0.500000070691744,0.700000042415047,
0.800000028276698,1.),(0.124416652006981,0.2064464620581,0.206447305935171,
0.428802013454399,0.428802526256175,0.685551481432851,0.979306512132181),
 .UNSPECIFIED.);
#82=B_SPLINE_SURFACE_WITH_KNOTS('',3,3,((#2700,#2701,#2702,#2703,#2704,
#2705,#2706,#2707,#2708,#2709),(#2710,#2711,#2712,#2713,#2714,#2715,#2716,
#2717,#2718,#2719),(#2720,#2721,#2722,#2723,#2724,#2725,#2726,#2727,#2728,
#2729),(#2730,#2731,#2732,#2733,#2734,#2735,#2736,#2737,#2738,#2739),(#2740,
#2741,#2742,#2743,#2744,#2745,#2746,#2747,#2748,#2749)),.UNSPECIFIED.,.F.,
 .F.,.F.,(4,1,4),(4,1,1,1,1,1,1,4),(0.,0.571428571428571,1.),(0.111051386441806,
0.200353417841728,0.206447305935171,0.420070402739624,0.428802526256175,
0.677854108681418,0.685551695988257,0.9697288529843),.UNSPECIFIED.);
#83=B_SPLINE_SURFACE_WITH_KNOTS('',3,3,((#2764,#2765,#2766,#2767,#2768,
#2769,#2770,#2771,#2772,#2773,#2774,#2775,#2776,#2777,#2778),(#2779,#2780,
#2781,#2782,#2783,#2784,#2785,#2786,#2787,#2788,#2789,#2790,#2791,#2792,
#2793),(#2794,#2795,#2796,#2797,#2798,#2799,#2800,#2801,#2802,#2803,#2804,
#2805,#2806,#2807,#2808),(#2809,#2810,#2811,#2812,#2813,#2814,#2815,#2816,
#2817,#2818,#2819,#2820,#2821,#2822,#2823),(#2824,#2825,#2826,#2827,#2828,
#2829,#2830,#2831,#2832,#2833,#2834,#2835,#2836,#2837,#2838),(#2839,#2840,
#2841,#2842,#2843,#2844,#2845,#2846,#2847,#2848,#2849,#2850,#2851,#2852,
#2853),(#2854,#2855,#2856,#2857,#2858,#2859,#2860,#2861,#2862,#2863,#2864,
#2865,#2866,#2867,#2868),(#2869,#2870,#2871,#2872,#2873,#2874,#2875,#2876,
#2877,#2878,#2879,#2880,#2881,#2882,#2883),(#2884,#2885,#2886,#2887,#2888,
#2889,#2890,#2891,#2892,#2893,#2894,#2895,#2896,#2897,#2898),(#2899,#2900,
#2901,#2902,#2903,#2904,#2905,#2906,#2907,#2908,#2909,#2910,#2911,#2912,
#2913),(#2914,#2915,#2916,#2917,#2918,#2919,#2920,#2921,#2922,#2923,#2924,
#2925,#2926,#2927,#2928)),.UNSPECIFIED.,.F.,.F.,.F.,(4,1,1,1,2,1,1,4),(4,
1,1,1,1,1,1,1,1,1,1,1,4),(0.,0.0708575820461819,0.0944767760615758,0.283430328184727,
0.472383880307879,0.683430328184727,0.788953552123152,1.),(0.121976549441885,
0.142857142857143,0.186486551102409,0.200353417841728,0.285714285714286,
0.399527746263672,0.420070402739624,0.428571428571428,0.571428571428571,
0.659333562580686,0.677854108681418,0.857142857142857,0.98224392060497),
 .UNSPECIFIED.);
#84=B_SPLINE_SURFACE_WITH_KNOTS('',3,3,((#2956,#2957,#2958,#2959,#2960,
#2961,#2962,#2963,#2964,#2965),(#2966,#2967,#2968,#2969,#2970,#2971,#2972,
#2973,#2974,#2975),(#2976,#2977,#2978,#2979,#2980,#2981,#2982,#2983,#2984,
#2985),(#2986,#2987,#2988,#2989,#2990,#2991,#2992,#2993,#2994,#2995),(#2996,
#2997,#2998,#2999,#3000,#3001,#3002,#3003,#3004,#3005)),.UNSPECIFIED.,.F.,
 .F.,.F.,(4,1,4),(4,1,1,1,1,1,1,4),(0.,0.571428571428571,1.),(0.103052491319668,
0.186486551102408,0.188943985640917,0.399527746263672,0.40326042873824,
0.659333562580686,0.662564119743595,0.961431440477899),.UNSPECIFIED.);
#85=B_SPLINE_SURFACE_WITH_KNOTS('',3,3,((#3019,#3020,#3021,#3022,#3023),
(#3024,#3025,#3026,#3027,#3028),(#3029,#3030,#3031,#3032,#3033),(#3034,
#3035,#3036,#3037,#3038),(#3039,#3040,#3041,#3042,#3043),(#3044,#3045,#3046,
#3047,#3048),(#3049,#3050,#3051,#3052,#3053),(#3054,#3055,#3056,#3057,#3058),
(#3059,#3060,#3061,#3062,#3063),(#3064,#3065,#3066,#3067,#3068)),
 .UNSPECIFIED.,.F.,.F.,.F.,(4,1,1,1,1,1,1,4),(4,1,4),(0.,0.142857142857143,
0.285714285714286,0.571428571428571,0.714285714285714,0.857142857142857,
0.892857142857143,1.),(0.130191911356358,0.502966806489347,1.),
 .UNSPECIFIED.);
#86=B_SPLINE_SURFACE_WITH_KNOTS('',3,3,((#3088,#3089,#3090,#3091,#3092,
#3093,#3094,#3095,#3096,#3097),(#3098,#3099,#3100,#3101,#3102,#3103,#3104,
#3105,#3106,#3107),(#3108,#3109,#3110,#3111,#3112,#3113,#3114,#3115,#3116,
#3117),(#3118,#3119,#3120,#3121,#3122,#3123,#3124,#3125,#3126,#3127),(#3128,
#3129,#3130,#3131,#3132,#3133,#3134,#3135,#3136,#3137),(#3138,#3139,#3140,
#3141,#3142,#3143,#3144,#3145,#3146,#3147),(#3148,#3149,#3150,#3151,#3152,
#3153,#3154,#3155,#3156,#3157),(#3158,#3159,#3160,#3161,#3162,#3163,#3164,
#3165,#3166,#3167),(#3168,#3169,#3170,#3171,#3172,#3173,#3174,#3175,#3176,
#3177)),.UNSPECIFIED.,.F.,.F.,.F.,(4,1,1,1,1,1,4),(4,1,1,2,1,1,4),(0.,0.0357142857142857,
0.0714285714285714,0.142857142857143,0.285714285714286,0.357142857142857,
1.),(-1.38721397719231,-1.24849279181135,-1.10977160643039,-0.693608050287514,
-0.277443220115006,-0.138721610057503,0.),.UNSPECIFIED.);
#87=B_SPLINE_SURFACE_WITH_KNOTS('',3,3,((#3203,#3204,#3205,#3206,#3207),
(#3208,#3209,#3210,#3211,#3212),(#3213,#3214,#3215,#3216,#3217),(#3218,
#3219,#3220,#3221,#3222),(#3223,#3224,#3225,#3226,#3227),(#3228,#3229,#3230,
#3231,#3232),(#3233,#3234,#3235,#3236,#3237)),.UNSPECIFIED.,.F.,.F.,.F.,
(4,1,1,1,4),(4,1,4),(0.,0.285714285714286,0.5,0.785714285714286,1.),(0.,
0.119985231479772,0.279965540119469),.UNSPECIFIED.);
#88=B_SPLINE_SURFACE_WITH_KNOTS('',3,3,((#3251,#3252,#3253,#3254,#3255,
#3256,#3257,#3258,#3259,#3260,#3261,#3262,#3263,#3264,#3265),(#3266,#3267,
#3268,#3269,#3270,#3271,#3272,#3273,#3274,#3275,#3276,#3277,#3278,#3279,
#3280),(#3281,#3282,#3283,#3284,#3285,#3286,#3287,#3288,#3289,#3290,#3291,
#3292,#3293,#3294,#3295),(#3296,#3297,#3298,#3299,#3300,#3301,#3302,#3303,
#3304,#3305,#3306,#3307,#3308,#3309,#3310),(#3311,#3312,#3313,#3314,#3315,
#3316,#3317,#3318,#3319,#3320,#3321,#3322,#3323,#3324,#3325)),
 .UNSPECIFIED.,.F.,.F.,.F.,(4,1,4),(4,1,1,1,1,1,2,1,1,1,1,4),(0.,0.5,1.),
(-1.38984138677107,-1.37103578968573,-1.35223019260038,-1.31461899842969,
-1.23939661008832,-1.08895183340556,-0.637617503357299,-0.382570502014379,
-0.12752350067146,-0.0637617503357299,-0.0318808751678649,0.),
 .UNSPECIFIED.);
#89=B_SPLINE_SURFACE_WITH_KNOTS('',3,3,((#3362,#3363,#3364,#3365,#3366,
#3367),(#3368,#3369,#3370,#3371,#3372,#3373),(#3374,#3375,#3376,#3377,#3378,
#3379),(#3380,#3381,#3382,#3383,#3384,#3385),(#3386,#3387,#3388,#3389,#3390,
#3391)),.UNSPECIFIED.,.F.,.F.,.F.,(4,1,4),(4,1,1,4),(0.,0.5,1.),(0.,0.120695382315531,
0.201158970525885,0.28162255873624),.UNSPECIFIED.);
#90=B_SPLINE_SURFACE_WITH_KNOTS('',3,3,((#3406,#3407,#3408,#3409,#3410,
#3411,#3412,#3413,#3414,#3415),(#3416,#3417,#3418,#3419,#3420,#3421,#3422,
#3423,#3424,#3425),(#3426,#3427,#3428,#3429,#3430,#3431,#3432,#3433,#3434,
#3435),(#3436,#3437,#3438,#3439,#3440,#3441,#3442,#3443,#3444,#3445),(#3446,
#3447,#3448,#3449,#3450,#3451,#3452,#3453,#3454,#3455),(#3456,#3457,#3458,
#3459,#3460,#3461,#3462,#3463,#3464,#3465),(#3466,#3467,#3468,#3469,#3470,
#3471,#3472,#3473,#3474,#3475),(#3476,#3477,#3478,#3479,#3480,#3481,#3482,
#3483,#3484,#3485),(#3486,#3487,#3488,#3489,#3490,#3491,#3492,#3493,#3494,
#3495)),.UNSPECIFIED.,.F.,.F.,.F.,(4,1,1,1,1,1,4),(4,1,1,2,1,1,4),(0.,0.0714285714285714,
0.142857142857143,0.214285714285714,0.285714285714286,0.5,1.),(-1.3932032630999,
-1.25388310848197,-1.11456295386405,-0.696602490010272,-0.278640996004109,
-0.139320498002054,0.),.UNSPECIFIED.);
#91=B_SPLINE_SURFACE_WITH_KNOTS('',3,3,((#3508,#3509,#3510,#3511,#3512,
#3513),(#3514,#3515,#3516,#3517,#3518,#3519),(#3520,#3521,#3522,#3523,#3524,
#3525),(#3526,#3527,#3528,#3529,#3530,#3531),(#3532,#3533,#3534,#3535,#3536,
#3537)),.UNSPECIFIED.,.F.,.F.,.F.,(4,1,4),(4,1,1,4),(0.,0.5,1.),(0.,0.120695278471227,
0.201158797452045,0.281622316432863),.UNSPECIFIED.);
#92=B_SPLINE_SURFACE_WITH_KNOTS('',3,3,((#3546,#3547,#3548,#3549,#3550,
#3551,#3552,#3553,#3554,#3555,#3556,#3557,#3558,#3559,#3560,#3561),(#3562,
#3563,#3564,#3565,#3566,#3567,#3568,#3569,#3570,#3571,#3572,#3573,#3574,
#3575,#3576,#3577),(#3578,#3579,#3580,#3581,#3582,#3583,#3584,#3585,#3586,
#3587,#3588,#3589,#3590,#3591,#3592,#3593),(#3594,#3595,#3596,#3597,#3598,
#3599,#3600,#3601,#3602,#3603,#3604,#3605,#3606,#3607,#3608,#3609),(#3610,
#3611,#3612,#3613,#3614,#3615,#3616,#3617,#3618,#3619,#3620,#3621,#3622,
#3623,#3624,#3625)),.UNSPECIFIED.,.F.,.F.,.F.,(4,1,4),(4,1,1,1,1,2,1,1,
1,1,1,1,4),(0.,0.5,1.),(-1.3898420282637,-1.35796121780091,-1.32608040733813,
-1.26231878641256,-1.13479554456143,-0.752225819008022,-0.451335491404813,
-0.300890327603209,-0.150445163801604,-0.0752225819008022,-0.0376112909504011,
-0.0188056454752006,0.),.UNSPECIFIED.);
#93=B_SPLINE_SURFACE_WITH_KNOTS('',3,3,((#3644,#3645,#3646,#3647,#3648),
(#3649,#3650,#3651,#3652,#3653),(#3654,#3655,#3656,#3657,#3658),(#3659,
#3660,#3661,#3662,#3663),(#3664,#3665,#3666,#3667,#3668),(#3669,#3670,#3671,
#3672,#3673),(#3674,#3675,#3676,#3677,#3678)),.UNSPECIFIED.,.F.,.F.,.F.,
(4,1,1,1,4),(4,1,4),(0.,0.285714285714286,0.5,0.785714285714286,1.),(0.,
0.119985346587788,0.279965808704838),.UNSPECIFIED.);
#94=B_SPLINE_SURFACE_WITH_KNOTS('',3,3,((#3684,#3685,#3686,#3687,#3688,
#3689,#3690,#3691,#3692,#3693),(#3694,#3695,#3696,#3697,#3698,#3699,#3700,
#3701,#3702,#3703),(#3704,#3705,#3706,#3707,#3708,#3709,#3710,#3711,#3712,
#3713),(#3714,#3715,#3716,#3717,#3718,#3719,#3720,#3721,#3722,#3723),(#3724,
#3725,#3726,#3727,#3728,#3729,#3730,#3731,#3732,#3733)),.UNSPECIFIED.,.F.,
 .F.,.F.,(4,1,4),(4,1,1,1,1,1,1,4),(0.,0.571428571428571,1.),(0.111077749978668,
0.200352394336658,0.2064464620581,0.42006977884857,0.428802013454399,0.677853847752106,
0.685551481432851,0.969728862006415),.UNSPECIFIED.);
#95=B_SPLINE_SURFACE_WITH_KNOTS('',3,3,((#3741,#3742,#3743,#3744,#3745,
#3746,#3747,#3748,#3749,#3750,#3751,#3752,#3753,#3754,#3755),(#3756,#3757,
#3758,#3759,#3760,#3761,#3762,#3763,#3764,#3765,#3766,#3767,#3768,#3769,
#3770),(#3771,#3772,#3773,#3774,#3775,#3776,#3777,#3778,#3779,#3780,#3781,
#3782,#3783,#3784,#3785),(#3786,#3787,#3788,#3789,#3790,#3791,#3792,#3793,
#3794,#3795,#3796,#3797,#3798,#3799,#3800),(#3801,#3802,#3803,#3804,#3805,
#3806,#3807,#3808,#3809,#3810,#3811,#3812,#3813,#3814,#3815),(#3816,#3817,
#3818,#3819,#3820,#3821,#3822,#3823,#3824,#3825,#3826,#3827,#3828,#3829,
#3830),(#3831,#3832,#3833,#3834,#3835,#3836,#3837,#3838,#3839,#3840,#3841,
#3842,#3843,#3844,#3845),(#3846,#3847,#3848,#3849,#3850,#3851,#3852,#3853,
#3854,#3855,#3856,#3857,#3858,#3859,#3860),(#3861,#3862,#3863,#3864,#3865,
#3866,#3867,#3868,#3869,#3870,#3871,#3872,#3873,#3874,#3875),(#3876,#3877,
#3878,#3879,#3880,#3881,#3882,#3883,#3884,#3885,#3886,#3887,#3888,#3889,
#3890)),.UNSPECIFIED.,.F.,.F.,.F.,(4,1,1,2,1,1,4),(4,1,1,1,1,1,1,1,1,1,
1,1,4),(0.,0.21104643482694,0.31656965224041,0.52761608706735,0.71656965224041,
0.81104643482694,1.),(0.121975626019366,0.142857142857143,0.186485541322148,
0.200352394336658,0.285714285714286,0.399527130244183,0.42006977884857,
0.428571428571428,0.571428571428571,0.659333306097422,0.677853847752106,
0.857142857142857,0.981987830980105),.UNSPECIFIED.);
#96=B_SPLINE_SURFACE_WITH_KNOTS('',3,3,((#3898,#3899,#3900,#3901,#3902,
#3903,#3904,#3905,#3906,#3907),(#3908,#3909,#3910,#3911,#3912,#3913,#3914,
#3915,#3916,#3917),(#3918,#3919,#3920,#3921,#3922,#3923,#3924,#3925,#3926,
#3927),(#3928,#3929,#3930,#3931,#3932,#3933,#3934,#3935,#3936,#3937),(#3938,
#3939,#3940,#3941,#3942,#3943,#3944,#3945,#3946,#3947)),.UNSPECIFIED.,.F.,
 .F.,.F.,(4,1,4),(4,1,1,1,1,1,1,4),(0.,0.571428571428571,1.),(0.103357878665616,
0.186485541322148,0.188943150330632,0.399527130244183,0.40325992004367,
0.659333306097422,0.662563907647547,0.961431445132617),.UNSPECIFIED.);
#97=B_SPLINE_SURFACE_WITH_KNOTS('',3,3,((#3955,#3956,#3957,#3958,#3959,
#3960,#3961,#3962,#3963),(#3964,#3965,#3966,#3967,#3968,#3969,#3970,#3971,
#3972),(#3973,#3974,#3975,#3976,#3977,#3978,#3979,#3980,#3981),(#3982,#3983,
#3984,#3985,#3986,#3987,#3988,#3989,#3990),(#3991,#3992,#3993,#3994,#3995,
#3996,#3997,#3998,#3999),(#4000,#4001,#4002,#4003,#4004,#4005,#4006,#4007,
#4008),(#4009,#4010,#4011,#4012,#4013,#4014,#4015,#4016,#4017),(#4018,#4019,
#4020,#4021,#4022,#4023,#4024,#4025,#4026),(#4027,#4028,#4029,#4030,#4031,
#4032,#4033,#4034,#4035)),.UNSPECIFIED.,.F.,.F.,.F.,(4,1,2,1,1,4),(4,1,
1,1,1,1,4),(0.,0.199999978680266,0.499999946700666,0.699999968020399,0.799999978680266,
1.),(0.120463938289871,0.188943150330632,0.188943985640917,0.40325992004367,
0.40326042873824,0.662563907647547,0.978257302362867),.UNSPECIFIED.);
#98=B_SPLINE_SURFACE_WITH_KNOTS('',3,3,((#4166,#4167,#4168,#4169,#4170,
#4171,#4172,#4173,#4174,#4175,#4176,#4177,#4178),(#4179,#4180,#4181,#4182,
#4183,#4184,#4185,#4186,#4187,#4188,#4189,#4190,#4191),(#4192,#4193,#4194,
#4195,#4196,#4197,#4198,#4199,#4200,#4201,#4202,#4203,#4204),(#4205,#4206,
#4207,#4208,#4209,#4210,#4211,#4212,#4213,#4214,#4215,#4216,#4217),(#4218,
#4219,#4220,#4221,#4222,#4223,#4224,#4225,#4226,#4227,#4228,#4229,#4230),
(#4231,#4232,#4233,#4234,#4235,#4236,#4237,#4238,#4239,#4240,#4241,#4242,
#4243),(#4244,#4245,#4246,#4247,#4248,#4249,#4250,#4251,#4252,#4253,#4254,
#4255,#4256),(#4257,#4258,#4259,#4260,#4261,#4262,#4263,#4264,#4265,#4266,
#4267,#4268,#4269),(#4270,#4271,#4272,#4273,#4274,#4275,#4276,#4277,#4278,
#4279,#4280,#4281,#4282),(#4283,#4284,#4285,#4286,#4287,#4288,#4289,#4290,
#4291,#4292,#4293,#4294,#4295),(#4296,#4297,#4298,#4299,#4300,#4301,#4302,
#4303,#4304,#4305,#4306,#4307,#4308),(#4309,#4310,#4311,#4312,#4313,#4314,
#4315,#4316,#4317,#4318,#4319,#4320,#4321),(#4322,#4323,#4324,#4325,#4326,
#4327,#4328,#4329,#4330,#4331,#4332,#4333,#4334),(#4335,#4336,#4337,#4338,
#4339,#4340,#4341,#4342,#4343,#4344,#4345,#4346,#4347),(#4348,#4349,#4350,
#4351,#4352,#4353,#4354,#4355,#4356,#4357,#4358,#4359,#4360),(#4361,#4362,
#4363,#4364,#4365,#4366,#4367,#4368,#4369,#4370,#4371,#4372,#4373),(#4374,
#4375,#4376,#4377,#4378,#4379,#4380,#4381,#4382,#4383,#4384,#4385,#4386),
(#4387,#4388,#4389,#4390,#4391,#4392,#4393,#4394,#4395,#4396,#4397,#4398,
#4399),(#4400,#4401,#4402,#4403,#4404,#4405,#4406,#4407,#4408,#4409,#4410,
#4411,#4412),(#4413,#4414,#4415,#4416,#4417,#4418,#4419,#4420,#4421,#4422,
#4423,#4424,#4425),(#4426,#4427,#4428,#4429,#4430,#4431,#4432,#4433,#4434,
#4435,#4436,#4437,#4438),(#4439,#4440,#4441,#4442,#4443,#4444,#4445,#4446,
#4447,#4448,#4449,#4450,#4451),(#4452,#4453,#4454,#4455,#4456,#4457,#4458,
#4459,#4460,#4461,#4462,#4463,#4464),(#4465,#4466,#4467,#4468,#4469,#4470,
#4471,#4472,#4473,#4474,#4475,#4476,#4477),(#4478,#4479,#4480,#4481,#4482,
#4483,#4484,#4485,#4486,#4487,#4488,#4489,#4490),(#4491,#4492,#4493,#4494,
#4495,#4496,#4497,#4498,#4499,#4500,#4501,#4502,#4503),(#4504,#4505,#4506,
#4507,#4508,#4509,#4510,#4511,#4512,#4513,#4514,#4515,#4516),(#4517,#4518,
#4519,#4520,#4521,#4522,#4523,#4524,#4525,#4526,#4527,#4528,#4529),(#4530,
#4531,#4532,#4533,#4534,#4535,#4536,#4537,#4538,#4539,#4540,#4541,#4542),
(#4543,#4544,#4545,#4546,#4547,#4548,#4549,#4550,#4551,#4552,#4553,#4554,
#4555),(#4556,#4557,#4558,#4559,#4560,#4561,#4562,#4563,#4564,#4565,#4566,
#4567,#4568),(#4569,#4570,#4571,#4572,#4573,#4574,#4575,#4576,#4577,#4578,
#4579,#4580,#4581),(#4582,#4583,#4584,#4585,#4586,#4587,#4588,#4589,#4590,
#4591,#4592,#4593,#4594),(#4595,#4596,#4597,#4598,#4599,#4600,#4601,#4602,
#4603,#4604,#4605,#4606,#4607),(#4608,#4609,#4610,#4611,#4612,#4613,#4614,
#4615,#4616,#4617,#4618,#4619,#4620),(#4621,#4622,#4623,#4624,#4625,#4626,
#4627,#4628,#4629,#4630,#4631,#4632,#4633),(#4634,#4635,#4636,#4637,#4638,
#4639,#4640,#4641,#4642,#4643,#4644,#4645,#4646),(#4647,#4648,#4649,#4650,
#4651,#4652,#4653,#4654,#4655,#4656,#4657,#4658,#4659),(#4660,#4661,#4662,
#4663,#4664,#4665,#4666,#4667,#4668,#4669,#4670,#4671,#4672),(#4673,#4674,
#4675,#4676,#4677,#4678,#4679,#4680,#4681,#4682,#4683,#4684,#4685),(#4686,
#4687,#4688,#4689,#4690,#4691,#4692,#4693,#4694,#4695,#4696,#4697,#4698),
(#4699,#4700,#4701,#4702,#4703,#4704,#4705,#4706,#4707,#4708,#4709,#4710,
#4711),(#4712,#4713,#4714,#4715,#4716,#4717,#4718,#4719,#4720,#4721,#4722,
#4723,#4724),(#4725,#4726,#4727,#4728,#4729,#4730,#4731,#4732,#4733,#4734,
#4735,#4736,#4737),(#4738,#4739,#4740,#4741,#4742,#4743,#4744,#4745,#4746,
#4747,#4748,#4749,#4750),(#4751,#4752,#4753,#4754,#4755,#4756,#4757,#4758,
#4759,#4760,#4761,#4762,#4763),(#4764,#4765,#4766,#4767,#4768,#4769,#4770,
#4771,#4772,#4773,#4774,#4775,#4776),(#4777,#4778,#4779,#4780,#4781,#4782,
#4783,#4784,#4785,#4786,#4787,#4788,#4789),(#4790,#4791,#4792,#4793,#4794,
#4795,#4796,#4797,#4798,#4799,#4800,#4801,#4802),(#4803,#4804,#4805,#4806,
#4807,#4808,#4809,#4810,#4811,#4812,#4813,#4814,#4815),(#4816,#4817,#4818,
#4819,#4820,#4821,#4822,#4823,#4824,#4825,#4826,#4827,#4828),(#4829,#4830,
#4831,#4832,#4833,#4834,#4835,#4836,#4837,#4838,#4839,#4840,#4841),(#4842,
#4843,#4844,#4845,#4846,#4847,#4848,#4849,#4850,#4851,#4852,#4853,#4854),
(#4855,#4856,#4857,#4858,#4859,#4860,#4861,#4862,#4863,#4864,#4865,#4866,
#4867),(#4868,#4869,#4870,#4871,#4872,#4873,#4874,#4875,#4876,#4877,#4878,
#4879,#4880),(#4881,#4882,#4883,#4884,#4885,#4886,#4887,#4888,#4889,#4890,
#4891,#4892,#4893),(#4894,#4895,#4896,#4897,#4898,#4899,#4900,#4901,#4902,
#4903,#4904,#4905,#4906),(#4907,#4908,#4909,#4910,#4911,#4912,#4913,#4914,
#4915,#4916,#4917,#4918,#4919),(#4920,#4921,#4922,#4923,#4924,#4925,#4926,
#4927,#4928,#4929,#4930,#4931,#4932),(#4933,#4934,#4935,#4936,#4937,#4938,
#4939,#4940,#4941,#4942,#4943,#4944,#4945),(#4946,#4947,#4948,#4949,#4950,
#4951,#4952,#4953,#4954,#4955,#4956,#4957,#4958),(#4959,#4960,#4961,#4962,
#4963,#4964,#4965,#4966,#4967,#4968,#4969,#4970,#4971),(#4972,#4973,#4974,
#4975,#4976,#4977,#4978,#4979,#4980,#4981,#4982,#4983,#4984)),
 .UNSPECIFIED.,.T.,.F.,.F.,(4,2,2,2,1,2,2,1,2,2,2,2,2,1,2,2,2,2,2,2,2,1,
2,2,2,2,2,2,2,1,2,2,2,4),(4,1,1,1,1,1,1,1,1,1,4),(0.,0.062489461068865,
0.114595919040933,0.114999995007403,0.125030828589748,0.135061662172093,
0.16263295746117,0.194915848075653,0.227198738690136,0.250006548025385,
0.301863099832779,0.357524480206534,0.364965791346384,0.374998833506326,
0.385031875666269,0.406722354979583,0.470420371971388,0.5000571936581,0.539509995166106,
0.596581647244321,0.614989711652932,0.625025433914426,0.635061156175919,
0.647699794528636,0.70449917523077,0.750050955381609,0.778395038250536,
0.836096268374809,0.865020088523012,0.874832922771195,0.884645757019379,
0.885085987637824,0.937275607797513,1.),(0.,0.142857142857143,0.285714285714286,
0.428571428571429,0.5,0.571428571428571,0.642857142857143,0.785714285714286,
0.857142857142857,0.928571428571429,1.),.UNSPECIFIED.);
#99=B_SPLINE_SURFACE_WITH_KNOTS('',3,3,((#5016,#5017,#5018,#5019,#5020),
(#5021,#5022,#5023,#5024,#5025),(#5026,#5027,#5028,#5029,#5030),(#5031,
#5032,#5033,#5034,#5035),(#5036,#5037,#5038,#5039,#5040),(#5041,#5042,#5043,
#5044,#5045),(#5046,#5047,#5048,#5049,#5050),(#5051,#5052,#5053,#5054,#5055),
(#5056,#5057,#5058,#5059,#5060),(#5061,#5062,#5063,#5064,#5065),(#5066,
#5067,#5068,#5069,#5070),(#5071,#5072,#5073,#5074,#5075),(#5076,#5077,#5078,
#5079,#5080),(#5081,#5082,#5083,#5084,#5085),(#5086,#5087,#5088,#5089,#5090),
(#5091,#5092,#5093,#5094,#5095),(#5096,#5097,#5098,#5099,#5100),(#5101,
#5102,#5103,#5104,#5105),(#5106,#5107,#5108,#5109,#5110),(#5111,#5112,#5113,
#5114,#5115)),.UNSPECIFIED.,.F.,.F.,.F.,(4,1,1,1,2,1,1,1,1,1,1,1,2,1,1,
4),(4,1,4),(0.,0.054135415655201,0.0721805542069346,0.108270831310402,0.180451385517337,
0.196428816345643,0.212406247173949,0.244361108830562,0.308270832143787,
0.436090278770237,0.563909725396687,0.691729172023138,0.819548618649588,
0.891729171189753,0.945864585594876,1.),(0.178674376983402,0.530671072561944,
1.),.UNSPECIFIED.);
#100=B_SPLINE_SURFACE_WITH_KNOTS('',3,3,((#5125,#5126,#5127,#5128,#5129),
(#5130,#5131,#5132,#5133,#5134),(#5135,#5136,#5137,#5138,#5139),(#5140,
#5141,#5142,#5143,#5144),(#5145,#5146,#5147,#5148,#5149),(#5150,#5151,#5152,
#5153,#5154),(#5155,#5156,#5157,#5158,#5159),(#5160,#5161,#5162,#5163,#5164),
(#5165,#5166,#5167,#5168,#5169),(#5170,#5171,#5172,#5173,#5174)),
 .UNSPECIFIED.,.F.,.F.,.F.,(4,1,1,1,1,1,1,4),(4,1,4),(0.,0.142857142857143,
0.285714285714286,0.571428571428571,0.714285714285714,0.857142857142857,
0.892857142857143,1.),(0.130000741998164,0.502857566856094,1.),
 .UNSPECIFIED.);
#101=SHAPE_REPRESENTATION_RELATIONSHIP('SRR','None',#5192,#103);
#102=SHAPE_REPRESENTATION_RELATIONSHIP('SRR','None',#5191,#104);
#103=ADVANCED_BREP_SHAPE_REPRESENTATION('',(#107),#5180);
#104=ADVANCED_BREP_SHAPE_REPRESENTATION('',(#108),#5179);
#105=STYLED_ITEM('',(#5205),#107);
#106=STYLED_ITEM('',(#5205),#108);
#107=MANIFOLD_SOLID_BREP('Body1',#1135);
#108=MANIFOLD_SOLID_BREP('Body3',#1136);
#109=TOROIDAL_SURFACE('',#1200,2.55,0.2);
#110=TOROIDAL_SURFACE('',#1205,3.,0.25);
#111=FACE_BOUND('',#360,.T.);
#112=FACE_BOUND('',#365,.T.);
#113=FACE_BOUND('',#404,.T.);
#114=PLANE('',#1188);
#115=PLANE('',#1189);
#116=PLANE('',#1192);
#117=PLANE('',#1193);
#118=PLANE('',#1194);
#119=PLANE('',#1197);
#120=PLANE('',#1198);
#121=PLANE('',#1208);
#122=PLANE('',#1209);
#123=PLANE('',#1213);
#124=PLANE('',#1214);
#125=PLANE('',#1215);
#126=PLANE('',#1217);
#127=PLANE('',#1218);
#128=PLANE('',#1219);
#129=PLANE('',#1239);
#130=PLANE('',#1240);
#131=ELLIPSE('',#1154,0.282842712474619,0.2);
#132=ELLIPSE('',#1156,0.282842712474619,0.2);
#133=ELLIPSE('',#1159,0.282842712474619,0.2);
#134=ELLIPSE('',#1161,0.282842712474619,0.2);
#135=ELLIPSE('',#1164,0.282842712474619,0.2);
#136=ELLIPSE('',#1170,0.282842712474619,0.2);
#137=ELLIPSE('',#1173,0.282842712474619,0.2);
#138=ELLIPSE('',#1183,0.282842712474619,0.2);
#139=LINE('',#1589,#192);
#140=LINE('',#1593,#193);
#141=LINE('',#1597,#194);
#142=LINE('',#1600,#195);
#143=LINE('',#1604,#196);
#144=LINE('',#1608,#197);
#145=LINE('',#1612,#198);
#146=LINE('',#1615,#199);
#147=LINE('',#1619,#200);
#148=LINE('',#1623,#201);
#149=LINE('',#1640,#202);
#150=LINE('',#1641,#203);
#151=LINE('',#1644,#204);
#152=LINE('',#1646,#205);
#153=LINE('',#1651,#206);
#154=LINE('',#1655,#207);
#155=LINE('',#1672,#208);
#156=LINE('',#1673,#209);
#157=LINE('',#1689,#210);
#158=LINE('',#1690,#211);
#159=LINE('',#1693,#212);
#160=LINE('',#1695,#213);
#161=LINE('',#1712,#214);
#162=LINE('',#1713,#215);
#163=LINE('',#1716,#216);
#164=LINE('',#1718,#217);
#165=LINE('',#1719,#218);
#166=LINE('',#1722,#219);
#167=LINE('',#1723,#220);
#168=LINE('',#1726,#221);
#169=LINE('',#1730,#222);
#170=LINE('',#1731,#223);
#171=LINE('',#1734,#224);
#172=LINE('',#1735,#225);
#173=LINE('',#1738,#226);
#174=LINE('',#1739,#227);
#175=LINE('',#1742,#228);
#176=LINE('',#1746,#229);
#177=LINE('',#1747,#230);
#178=LINE('',#1757,#231);
#179=LINE('',#1768,#232);
#180=LINE('',#1770,#233);
#181=LINE('',#1772,#234);
#182=LINE('',#1776,#235);
#183=LINE('',#1778,#236);
#184=LINE('',#1779,#237);
#185=LINE('',#1781,#238);
#186=LINE('',#1782,#239);
#187=LINE('',#1785,#240);
#188=LINE('',#1787,#241);
#189=LINE('',#1789,#242);
#190=LINE('',#1791,#243);
#191=LINE('',#1793,#244);
#192=VECTOR('',#1250,10.);
#193=VECTOR('',#1253,10.);
#194=VECTOR('',#1258,10.);
#195=VECTOR('',#1261,10.);
#196=VECTOR('',#1264,10.);
#197=VECTOR('',#1267,10.);
#198=VECTOR('',#1272,10.);
#199=VECTOR('',#1275,10.);
#200=VECTOR('',#1278,10.);
#201=VECTOR('',#1281,10.);
#202=VECTOR('',#1292,10.);
#203=VECTOR('',#1293,10.);
#204=VECTOR('',#1296,10.);
#205=VECTOR('',#1297,10.);
#206=VECTOR('',#1302,10.);
#207=VECTOR('',#1305,10.);
#208=VECTOR('',#1316,10.);
#209=VECTOR('',#1317,10.);
#210=VECTOR('',#1326,10.);
#211=VECTOR('',#1327,10.);
#212=VECTOR('',#1330,10.);
#213=VECTOR('',#1331,10.);
#214=VECTOR('',#1342,10.);
#215=VECTOR('',#1343,10.);
#216=VECTOR('',#1346,10.);
#217=VECTOR('',#1347,10.);
#218=VECTOR('',#1348,10.);
#219=VECTOR('',#1351,10.);
#220=VECTOR('',#1352,10.);
#221=VECTOR('',#1355,10.);
#222=VECTOR('',#1360,10.);
#223=VECTOR('',#1361,10.);
#224=VECTOR('',#1364,10.);
#225=VECTOR('',#1365,10.);
#226=VECTOR('',#1368,10.);
#227=VECTOR('',#1369,10.);
#228=VECTOR('',#1372,10.);
#229=VECTOR('',#1377,10.);
#230=VECTOR('',#1378,10.);
#231=VECTOR('',#1391,2.75);
#232=VECTOR('',#1406,10.);
#233=VECTOR('',#1407,10.);
#234=VECTOR('',#1408,10.);
#235=VECTOR('',#1411,10.);
#236=VECTOR('',#1412,10.);
#237=VECTOR('',#1413,10.);
#238=VECTOR('',#1416,10.);
#239=VECTOR('',#1417,10.);
#240=VECTOR('',#1422,10.);
#241=VECTOR('',#1425,10.);
#242=VECTOR('',#1428,10.);
#243=VECTOR('',#1431,10.);
#244=VECTOR('',#1434,10.);
#245=CYLINDRICAL_SURFACE('',#1152,0.2);
#246=CYLINDRICAL_SURFACE('',#1155,0.2);
#247=CYLINDRICAL_SURFACE('',#1157,0.2);
#248=CYLINDRICAL_SURFACE('',#1160,0.2);
#249=CYLINDRICAL_SURFACE('',#1162,0.2);
#250=CYLINDRICAL_SURFACE('',#1168,0.2);
#251=CYLINDRICAL_SURFACE('',#1169,0.2);
#252=CYLINDRICAL_SURFACE('',#1171,0.2);
#253=CYLINDRICAL_SURFACE('',#1177,0.2);
#254=CYLINDRICAL_SURFACE('',#1181,0.2);
#255=CYLINDRICAL_SURFACE('',#1182,0.2);
#256=CYLINDRICAL_SURFACE('',#1187,0.2);
#257=CYLINDRICAL_SURFACE('',#1190,0.3);
#258=CYLINDRICAL_SURFACE('',#1195,0.3);
#259=CYLINDRICAL_SURFACE('',#1203,2.75);
#260=CYLINDRICAL_SURFACE('',#1212,0.3);
#261=CYLINDRICAL_SURFACE('',#1216,0.3);
#262=FACE_OUTER_BOUND('',#334,.T.);
#263=FACE_OUTER_BOUND('',#335,.T.);
#264=FACE_OUTER_BOUND('',#336,.T.);
#265=FACE_OUTER_BOUND('',#337,.T.);
#266=FACE_OUTER_BOUND('',#338,.T.);
#267=FACE_OUTER_BOUND('',#339,.T.);
#268=FACE_OUTER_BOUND('',#340,.T.);
#269=FACE_OUTER_BOUND('',#341,.T.);
#270=FACE_OUTER_BOUND('',#342,.T.);
#271=FACE_OUTER_BOUND('',#343,.T.);
#272=FACE_OUTER_BOUND('',#344,.T.);
#273=FACE_OUTER_BOUND('',#345,.T.);
#274=FACE_OUTER_BOUND('',#346,.T.);
#275=FACE_OUTER_BOUND('',#347,.T.);
#276=FACE_OUTER_BOUND('',#348,.T.);
#277=FACE_OUTER_BOUND('',#349,.T.);
#278=FACE_OUTER_BOUND('',#350,.T.);
#279=FACE_OUTER_BOUND('',#351,.T.);
#280=FACE_OUTER_BOUND('',#352,.T.);
#281=FACE_OUTER_BOUND('',#353,.T.);
#282=FACE_OUTER_BOUND('',#354,.T.);
#283=FACE_OUTER_BOUND('',#355,.T.);
#284=FACE_OUTER_BOUND('',#356,.T.);
#285=FACE_OUTER_BOUND('',#357,.T.);
#286=FACE_OUTER_BOUND('',#358,.T.);
#287=FACE_OUTER_BOUND('',#359,.T.);
#288=FACE_OUTER_BOUND('',#361,.T.);
#289=FACE_OUTER_BOUND('',#362,.T.);
#290=FACE_OUTER_BOUND('',#363,.T.);
#291=FACE_OUTER_BOUND('',#364,.T.);
#292=FACE_OUTER_BOUND('',#366,.T.);
#293=FACE_OUTER_BOUND('',#367,.T.);
#294=FACE_OUTER_BOUND('',#368,.T.);
#295=FACE_OUTER_BOUND('',#369,.T.);
#296=FACE_OUTER_BOUND('',#370,.T.);
#297=FACE_OUTER_BOUND('',#371,.T.);
#298=FACE_OUTER_BOUND('',#372,.T.);
#299=FACE_OUTER_BOUND('',#373,.T.);
#300=FACE_OUTER_BOUND('',#374,.T.);
#301=FACE_OUTER_BOUND('',#375,.T.);
#302=FACE_OUTER_BOUND('',#376,.T.);
#303=FACE_OUTER_BOUND('',#377,.T.);
#304=FACE_OUTER_BOUND('',#378,.T.);
#305=FACE_OUTER_BOUND('',#379,.T.);
#306=FACE_OUTER_BOUND('',#380,.T.);
#307=FACE_OUTER_BOUND('',#381,.T.);
#308=FACE_OUTER_BOUND('',#382,.T.);
#309=FACE_OUTER_BOUND('',#383,.T.);
#310=FACE_OUTER_BOUND('',#384,.T.);
#311=FACE_OUTER_BOUND('',#385,.T.);
#312=FACE_OUTER_BOUND('',#386,.T.);
#313=FACE_OUTER_BOUND('',#387,.T.);
#314=FACE_OUTER_BOUND('',#388,.T.);
#315=FACE_OUTER_BOUND('',#389,.T.);
#316=FACE_OUTER_BOUND('',#390,.T.);
#317=FACE_OUTER_BOUND('',#391,.T.);
#318=FACE_OUTER_BOUND('',#392,.T.);
#319=FACE_OUTER_BOUND('',#393,.T.);
#320=FACE_OUTER_BOUND('',#394,.T.);
#321=FACE_OUTER_BOUND('',#395,.T.);
#322=FACE_OUTER_BOUND('',#396,.T.);
#323=FACE_OUTER_BOUND('',#397,.T.);
#324=FACE_OUTER_BOUND('',#398,.T.);
#325=FACE_OUTER_BOUND('',#399,.T.);
#326=FACE_OUTER_BOUND('',#400,.T.);
#327=FACE_OUTER_BOUND('',#401,.T.);
#328=FACE_OUTER_BOUND('',#402,.T.);
#329=FACE_OUTER_BOUND('',#403,.T.);
#330=FACE_OUTER_BOUND('',#405,.T.);
#331=FACE_OUTER_BOUND('',#406,.T.);
#332=FACE_OUTER_BOUND('',#407,.T.);
#333=FACE_OUTER_BOUND('',#408,.T.);
#334=EDGE_LOOP('',(#726,#727,#728));
#335=EDGE_LOOP('',(#729,#730,#731,#732));
#336=EDGE_LOOP('',(#733,#734,#735,#736));
#337=EDGE_LOOP('',(#737,#738,#739,#740));
#338=EDGE_LOOP('',(#741,#742,#743,#744));
#339=EDGE_LOOP('',(#745,#746,#747,#748));
#340=EDGE_LOOP('',(#749,#750,#751,#752));
#341=EDGE_LOOP('',(#753,#754,#755,#756));
#342=EDGE_LOOP('',(#757,#758,#759,#760));
#343=EDGE_LOOP('',(#761,#762,#763,#764));
#344=EDGE_LOOP('',(#765,#766,#767,#768));
#345=EDGE_LOOP('',(#769,#770,#771,#772));
#346=EDGE_LOOP('',(#773,#774,#775,#776));
#347=EDGE_LOOP('',(#777,#778,#779,#780));
#348=EDGE_LOOP('',(#781,#782,#783,#784));
#349=EDGE_LOOP('',(#785,#786,#787,#788));
#350=EDGE_LOOP('',(#789,#790,#791,#792));
#351=EDGE_LOOP('',(#793,#794,#795,#796));
#352=EDGE_LOOP('',(#797,#798,#799,#800));
#353=EDGE_LOOP('',(#801,#802,#803,#804));
#354=EDGE_LOOP('',(#805,#806,#807,#808));
#355=EDGE_LOOP('',(#809,#810,#811,#812));
#356=EDGE_LOOP('',(#813,#814,#815,#816));
#357=EDGE_LOOP('',(#817,#818,#819,#820));
#358=EDGE_LOOP('',(#821,#822,#823,#824));
#359=EDGE_LOOP('',(#825));
#360=EDGE_LOOP('',(#826,#827,#828,#829,#830,#831,#832,#833,#834,#835,#836,
#837,#838,#839,#840,#841));
#361=EDGE_LOOP('',(#842,#843,#844,#845));
#362=EDGE_LOOP('',(#846,#847,#848,#849));
#363=EDGE_LOOP('',(#850,#851,#852,#853));
#364=EDGE_LOOP('',(#854));
#365=EDGE_LOOP('',(#855));
#366=EDGE_LOOP('',(#856,#857,#858,#859,#860,#861,#862,#863,#864,#865,#866,
#867,#868,#869,#870,#871));
#367=EDGE_LOOP('',(#872,#873,#874,#875));
#368=EDGE_LOOP('',(#876,#877,#878,#879));
#369=EDGE_LOOP('',(#880,#881,#882,#883));
#370=EDGE_LOOP('',(#884,#885,#886,#887));
#371=EDGE_LOOP('',(#888,#889,#890,#891));
#372=EDGE_LOOP('',(#892,#893,#894,#895));
#373=EDGE_LOOP('',(#896,#897,#898,#899));
#374=EDGE_LOOP('',(#900,#901,#902,#903));
#375=EDGE_LOOP('',(#904,#905,#906,#907));
#376=EDGE_LOOP('',(#908,#909,#910,#911));
#377=EDGE_LOOP('',(#912,#913,#914,#915));
#378=EDGE_LOOP('',(#916,#917,#918,#919,#920));
#379=EDGE_LOOP('',(#921,#922,#923,#924,#925));
#380=EDGE_LOOP('',(#926,#927,#928,#929));
#381=EDGE_LOOP('',(#930,#931,#932,#933));
#382=EDGE_LOOP('',(#934,#935,#936,#937));
#383=EDGE_LOOP('',(#938,#939,#940,#941,#942));
#384=EDGE_LOOP('',(#943,#944,#945,#946,#947));
#385=EDGE_LOOP('',(#948,#949,#950,#951));
#386=EDGE_LOOP('',(#952,#953,#954,#955));
#387=EDGE_LOOP('',(#956,#957,#958,#959));
#388=EDGE_LOOP('',(#960,#961,#962,#963,#964,#965,#966));
#389=EDGE_LOOP('',(#967,#968,#969,#970));
#390=EDGE_LOOP('',(#971,#972,#973,#974,#975));
#391=EDGE_LOOP('',(#976,#977,#978,#979));
#392=EDGE_LOOP('',(#980,#981,#982,#983));
#393=EDGE_LOOP('',(#984,#985,#986,#987,#988));
#394=EDGE_LOOP('',(#989,#990,#991,#992));
#395=EDGE_LOOP('',(#993,#994,#995,#996));
#396=EDGE_LOOP('',(#997,#998,#999,#1000));
#397=EDGE_LOOP('',(#1001,#1002,#1003,#1004,#1005));
#398=EDGE_LOOP('',(#1006,#1007,#1008,#1009));
#399=EDGE_LOOP('',(#1010,#1011,#1012,#1013));
#400=EDGE_LOOP('',(#1014,#1015,#1016,#1017,#1018,#1019,#1020));
#401=EDGE_LOOP('',(#1021,#1022,#1023,#1024));
#402=EDGE_LOOP('',(#1025,#1026,#1027,#1028,#1029));
#403=EDGE_LOOP('',(#1030,#1031,#1032,#1033,#1034,#1035,#1036,#1037));
#404=EDGE_LOOP('',(#1038));
#405=EDGE_LOOP('',(#1039));
#406=EDGE_LOOP('',(#1040,#1041,#1042,#1043));
#407=EDGE_LOOP('',(#1044,#1045,#1046,#1047,#1048,#1049,#1050,#1051,#1052));
#408=EDGE_LOOP('',(#1053,#1054,#1055,#1056,#1057));
#409=CIRCLE('',#1151,4.);
#410=CIRCLE('',#1153,0.2);
#411=CIRCLE('',#1158,0.2);
#412=CIRCLE('',#1163,0.2);
#413=CIRCLE('',#1165,0.2);
#414=CIRCLE('',#1166,0.1);
#415=CIRCLE('',#1167,0.3);
#416=CIRCLE('',#1172,0.2);
#417=CIRCLE('',#1174,0.2);
#418=CIRCLE('',#1175,0.0999999999999997);
#419=CIRCLE('',#1176,0.3);
#420=CIRCLE('',#1178,0.2);
#421=CIRCLE('',#1179,0.0999999999999998);
#422=CIRCLE('',#1180,0.3);
#423=CIRCLE('',#1184,0.2);
#424=CIRCLE('',#1185,0.0999999999999998);
#425=CIRCLE('',#1186,0.3);
#426=CIRCLE('',#1191,0.3);
#427=CIRCLE('',#1196,0.3);
#428=CIRCLE('',#1199,2.55);
#429=CIRCLE('',#1201,0.2);
#430=CIRCLE('',#1202,2.75);
#431=CIRCLE('',#1204,2.75);
#432=CIRCLE('',#1206,3.);
#433=CIRCLE('',#1207,0.25);
#434=CIRCLE('',#1210,0.3);
#435=CIRCLE('',#1211,0.3);
#436=CIRCLE('',#1220,1.25);
#437=CIRCLE('',#1221,1.25);
#438=CIRCLE('',#1222,1.25);
#439=CIRCLE('',#1223,1.25);
#440=CIRCLE('',#1224,1.25);
#441=CIRCLE('',#1225,1.25);
#442=CIRCLE('',#1226,1.25);
#443=CIRCLE('',#1227,1.25);
#444=CIRCLE('',#1228,1.25);
#445=CIRCLE('',#1229,1.25);
#446=CIRCLE('',#1230,1.25);
#447=CIRCLE('',#1231,0.199999999999999);
#448=CIRCLE('',#1232,0.2);
#449=CIRCLE('',#1233,0.200000000000001);
#450=CIRCLE('',#1234,0.199999999999999);
#451=CIRCLE('',#1235,0.200000000000001);
#452=CIRCLE('',#1236,0.2);
#453=CIRCLE('',#1237,0.200000000000003);
#454=CIRCLE('',#1238,0.2);
#455=(
BOUNDED_CURVE()
B_SPLINE_CURVE(5,(#1575,#1576,#1577,#1578,#1579,#1580,#1581,#1582,#1583,
#1584),.UNSPECIFIED.,.F.,.F.)
B_SPLINE_CURVE_WITH_KNOTS((6,1,1,1,1,6),(0.,0.2,0.4,0.6,0.8,1.),
 .UNSPECIFIED.)
CURVE()
GEOMETRIC_REPRESENTATION_ITEM()
RATIONAL_B_SPLINE_CURVE((1.,1.,1.,1.,1.,1.,1.,1.,1.,1.))
REPRESENTATION_ITEM('')
);
#456=(
BOUNDED_CURVE()
B_SPLINE_CURVE(5,(#3070,#3071,#3072,#3073,#3074,#3075,#3076,#3077,#3078),
 .UNSPECIFIED.,.F.,.F.)
B_SPLINE_CURVE_WITH_KNOTS((6,1,1,1,6),(0.200248146740357,0.4,0.6,0.8,1.),
 .UNSPECIFIED.)
CURVE()
GEOMETRIC_REPRESENTATION_ITEM()
RATIONAL_B_SPLINE_CURVE((1.,1.,1.,1.,1.,1.,1.,1.,1.))
REPRESENTATION_ITEM('')
);
#457=(
BOUNDED_CURVE()
B_SPLINE_CURVE(5,(#3079,#3080,#3081,#3082,#3083,#3084,#3085,#3086,#3087),
 .UNSPECIFIED.,.F.,.F.)
B_SPLINE_CURVE_WITH_KNOTS((6,1,1,1,6),(0.222273195030303,0.4,0.6,0.8,1.),
 .UNSPECIFIED.)
CURVE()
GEOMETRIC_REPRESENTATION_ITEM()
RATIONAL_B_SPLINE_CURVE((1.,1.,1.,1.,1.,1.,1.,1.,1.))
REPRESENTATION_ITEM('')
);
#458=(
BOUNDED_CURVE()
B_SPLINE_CURVE(5,(#5116,#5117,#5118,#5119,#5120,#5121,#5122,#5123,#5124),
 .UNSPECIFIED.,.F.,.F.)
B_SPLINE_CURVE_WITH_KNOTS((6,1,1,1,6),(0.222274067538756,0.4,0.6,0.8,1.),
 .UNSPECIFIED.)
CURVE()
GEOMETRIC_REPRESENTATION_ITEM()
RATIONAL_B_SPLINE_CURVE((1.,1.,1.,1.,1.,1.,1.,1.,1.))
REPRESENTATION_ITEM('')
);
#459=VERTEX_POINT('',#1573);
#460=VERTEX_POINT('',#1574);
#461=VERTEX_POINT('',#1587);
#462=VERTEX_POINT('',#1588);
#463=VERTEX_POINT('',#1590);
#464=VERTEX_POINT('',#1592);
#465=VERTEX_POINT('',#1596);
#466=VERTEX_POINT('',#1598);
#467=VERTEX_POINT('',#1602);
#468=VERTEX_POINT('',#1603);
#469=VERTEX_POINT('',#1605);
#470=VERTEX_POINT('',#1607);
#471=VERTEX_POINT('',#1611);
#472=VERTEX_POINT('',#1613);
#473=VERTEX_POINT('',#1617);
#474=VERTEX_POINT('',#1618);
#475=VERTEX_POINT('',#1620);
#476=VERTEX_POINT('',#1622);
#477=VERTEX_POINT('',#1634);
#478=VERTEX_POINT('',#1635);
#479=VERTEX_POINT('',#1643);
#480=VERTEX_POINT('',#1645);
#481=VERTEX_POINT('',#1649);
#482=VERTEX_POINT('',#1650);
#483=VERTEX_POINT('',#1652);
#484=VERTEX_POINT('',#1654);
#485=VERTEX_POINT('',#1666);
#486=VERTEX_POINT('',#1667);
#487=VERTEX_POINT('',#1683);
#488=VERTEX_POINT('',#1684);
#489=VERTEX_POINT('',#1692);
#490=VERTEX_POINT('',#1694);
#491=VERTEX_POINT('',#1706);
#492=VERTEX_POINT('',#1707);
#493=VERTEX_POINT('',#1715);
#494=VERTEX_POINT('',#1717);
#495=VERTEX_POINT('',#1721);
#496=VERTEX_POINT('',#1725);
#497=VERTEX_POINT('',#1729);
#498=VERTEX_POINT('',#1733);
#499=VERTEX_POINT('',#1737);
#500=VERTEX_POINT('',#1741);
#501=VERTEX_POINT('',#1745);
#502=VERTEX_POINT('',#1749);
#503=VERTEX_POINT('',#1752);
#504=VERTEX_POINT('',#1756);
#505=VERTEX_POINT('',#1760);
#506=VERTEX_POINT('',#1765);
#507=VERTEX_POINT('',#1766);
#508=VERTEX_POINT('',#1769);
#509=VERTEX_POINT('',#1771);
#510=VERTEX_POINT('',#1773);
#511=VERTEX_POINT('',#1775);
#512=VERTEX_POINT('',#1777);
#513=VERTEX_POINT('',#1840);
#514=VERTEX_POINT('',#1841);
#515=VERTEX_POINT('',#1843);
#516=VERTEX_POINT('',#1853);
#517=VERTEX_POINT('',#1914);
#518=VERTEX_POINT('',#1915);
#519=VERTEX_POINT('',#1962);
#520=VERTEX_POINT('',#1963);
#521=VERTEX_POINT('',#2050);
#522=VERTEX_POINT('',#2051);
#523=VERTEX_POINT('',#2053);
#524=VERTEX_POINT('',#2136);
#525=VERTEX_POINT('',#2137);
#526=VERTEX_POINT('',#2149);
#527=VERTEX_POINT('',#2192);
#528=VERTEX_POINT('',#2193);
#529=VERTEX_POINT('',#2272);
#530=VERTEX_POINT('',#2273);
#531=VERTEX_POINT('',#2326);
#532=VERTEX_POINT('',#2327);
#533=VERTEX_POINT('',#2389);
#534=VERTEX_POINT('',#2390);
#535=VERTEX_POINT('',#2402);
#536=VERTEX_POINT('',#2500);
#537=VERTEX_POINT('',#2501);
#538=VERTEX_POINT('',#2503);
#539=VERTEX_POINT('',#2674);
#540=VERTEX_POINT('',#2682);
#541=VERTEX_POINT('',#2750);
#542=VERTEX_POINT('',#2929);
#543=VERTEX_POINT('',#2937);
#544=VERTEX_POINT('',#3006);
#545=VERTEX_POINT('',#3069);
#546=VERTEX_POINT('',#3178);
#547=VERTEX_POINT('',#3179);
#548=VERTEX_POINT('',#3181);
#549=VERTEX_POINT('',#3238);
#550=VERTEX_POINT('',#3239);
#551=VERTEX_POINT('',#3326);
#552=VERTEX_POINT('',#3327);
#553=VERTEX_POINT('',#3344);
#554=VERTEX_POINT('',#3392);
#555=VERTEX_POINT('',#3496);
#556=VERTEX_POINT('',#3538);
#557=VERTEX_POINT('',#3626);
#558=VERTEX_POINT('',#4037);
#559=VERTEX_POINT('',#4102);
#560=EDGE_CURVE('',#459,#460,#455,.T.);
#561=EDGE_CURVE('',#459,#459,#409,.T.);
#562=EDGE_CURVE('',#461,#462,#139,.T.);
#563=EDGE_CURVE('',#462,#463,#410,.T.);
#564=EDGE_CURVE('',#463,#464,#140,.T.);
#565=EDGE_CURVE('',#464,#461,#131,.T.);
#566=EDGE_CURVE('',#464,#465,#141,.T.);
#567=EDGE_CURVE('',#465,#466,#132,.T.);
#568=EDGE_CURVE('',#466,#461,#142,.T.);
#569=EDGE_CURVE('',#467,#468,#143,.T.);
#570=EDGE_CURVE('',#468,#469,#411,.T.);
#571=EDGE_CURVE('',#469,#470,#144,.T.);
#572=EDGE_CURVE('',#470,#467,#133,.T.);
#573=EDGE_CURVE('',#470,#471,#145,.T.);
#574=EDGE_CURVE('',#471,#472,#134,.T.);
#575=EDGE_CURVE('',#472,#467,#146,.T.);
#576=EDGE_CURVE('',#473,#474,#147,.T.);
#577=EDGE_CURVE('',#474,#475,#412,.T.);
#578=EDGE_CURVE('',#475,#476,#148,.T.);
#579=EDGE_CURVE('',#476,#473,#135,.T.);
#580=EDGE_CURVE('',#477,#478,#413,.T.);
#581=EDGE_CURVE('',#478,#475,#414,.T.);
#582=EDGE_CURVE('',#474,#477,#415,.T.);
#583=EDGE_CURVE('',#471,#478,#149,.T.);
#584=EDGE_CURVE('',#477,#472,#150,.T.);
#585=EDGE_CURVE('',#479,#473,#151,.T.);
#586=EDGE_CURVE('',#476,#480,#152,.T.);
#587=EDGE_CURVE('',#480,#479,#136,.T.);
#588=EDGE_CURVE('',#481,#482,#153,.T.);
#589=EDGE_CURVE('',#482,#483,#416,.T.);
#590=EDGE_CURVE('',#483,#484,#154,.T.);
#591=EDGE_CURVE('',#484,#481,#137,.T.);
#592=EDGE_CURVE('',#485,#486,#417,.T.);
#593=EDGE_CURVE('',#486,#483,#418,.T.);
#594=EDGE_CURVE('',#482,#485,#419,.T.);
#595=EDGE_CURVE('',#480,#486,#155,.T.);
#596=EDGE_CURVE('',#485,#479,#156,.T.);
#597=EDGE_CURVE('',#487,#488,#420,.T.);
#598=EDGE_CURVE('',#488,#469,#421,.T.);
#599=EDGE_CURVE('',#468,#487,#422,.T.);
#600=EDGE_CURVE('',#465,#488,#157,.T.);
#601=EDGE_CURVE('',#487,#466,#158,.T.);
#602=EDGE_CURVE('',#489,#481,#159,.T.);
#603=EDGE_CURVE('',#484,#490,#160,.T.);
#604=EDGE_CURVE('',#490,#489,#138,.T.);
#605=EDGE_CURVE('',#491,#492,#423,.T.);
#606=EDGE_CURVE('',#492,#463,#424,.T.);
#607=EDGE_CURVE('',#462,#491,#425,.T.);
#608=EDGE_CURVE('',#490,#492,#161,.T.);
#609=EDGE_CURVE('',#491,#489,#162,.T.);
#610=EDGE_CURVE('',#493,#472,#163,.T.);
#611=EDGE_CURVE('',#493,#494,#164,.T.);
#612=EDGE_CURVE('',#494,#467,#165,.T.);
#613=EDGE_CURVE('',#495,#477,#166,.T.);
#614=EDGE_CURVE('',#495,#493,#167,.T.);
#615=EDGE_CURVE('',#496,#474,#168,.T.);
#616=EDGE_CURVE('',#496,#495,#426,.T.);
#617=EDGE_CURVE('',#497,#473,#169,.T.);
#618=EDGE_CURVE('',#497,#496,#170,.T.);
#619=EDGE_CURVE('',#498,#479,#171,.T.);
#620=EDGE_CURVE('',#498,#497,#172,.T.);
#621=EDGE_CURVE('',#499,#485,#173,.T.);
#622=EDGE_CURVE('',#499,#498,#174,.T.);
#623=EDGE_CURVE('',#500,#482,#175,.T.);
#624=EDGE_CURVE('',#500,#499,#427,.T.);
#625=EDGE_CURVE('',#501,#481,#176,.T.);
#626=EDGE_CURVE('',#501,#500,#177,.T.);
#627=EDGE_CURVE('',#502,#502,#428,.T.);
#628=EDGE_CURVE('',#502,#503,#429,.T.);
#629=EDGE_CURVE('',#503,#503,#430,.T.);
#630=EDGE_CURVE('',#503,#504,#178,.T.);
#631=EDGE_CURVE('',#504,#504,#431,.T.);
#632=EDGE_CURVE('',#505,#505,#432,.T.);
#633=EDGE_CURVE('',#505,#504,#433,.T.);
#634=EDGE_CURVE('',#506,#507,#434,.T.);
#635=EDGE_CURVE('',#494,#506,#179,.T.);
#636=EDGE_CURVE('',#508,#501,#180,.T.);
#637=EDGE_CURVE('',#509,#508,#181,.T.);
#638=EDGE_CURVE('',#510,#509,#435,.T.);
#639=EDGE_CURVE('',#511,#510,#182,.T.);
#640=EDGE_CURVE('',#512,#511,#183,.T.);
#641=EDGE_CURVE('',#507,#512,#184,.T.);
#642=EDGE_CURVE('',#506,#468,#185,.T.);
#643=EDGE_CURVE('',#507,#487,#186,.T.);
#644=EDGE_CURVE('',#508,#489,#187,.T.);
#645=EDGE_CURVE('',#509,#491,#188,.T.);
#646=EDGE_CURVE('',#510,#462,#189,.T.);
#647=EDGE_CURVE('',#511,#461,#190,.T.);
#648=EDGE_CURVE('',#512,#466,#191,.T.);
#649=EDGE_CURVE('',#513,#514,#436,.T.);
#650=EDGE_CURVE('',#514,#515,#15,.T.);
#651=EDGE_CURVE('',#515,#516,#437,.T.);
#652=EDGE_CURVE('',#516,#513,#16,.T.);
#653=EDGE_CURVE('',#517,#518,#438,.T.);
#654=EDGE_CURVE('',#518,#514,#17,.T.);
#655=EDGE_CURVE('',#513,#517,#18,.T.);
#656=EDGE_CURVE('',#519,#520,#439,.T.);
#657=EDGE_CURVE('',#520,#518,#19,.T.);
#658=EDGE_CURVE('',#517,#519,#20,.T.);
#659=EDGE_CURVE('',#521,#522,#440,.T.);
#660=EDGE_CURVE('',#522,#523,#21,.T.);
#661=EDGE_CURVE('',#523,#520,#22,.T.);
#662=EDGE_CURVE('',#519,#521,#23,.T.);
#663=EDGE_CURVE('',#524,#525,#441,.T.);
#664=EDGE_CURVE('',#525,#522,#24,.T.);
#665=EDGE_CURVE('',#521,#526,#25,.T.);
#666=EDGE_CURVE('',#526,#524,#26,.T.);
#667=EDGE_CURVE('',#527,#528,#442,.T.);
#668=EDGE_CURVE('',#528,#525,#27,.T.);
#669=EDGE_CURVE('',#524,#527,#28,.T.);
#670=EDGE_CURVE('',#529,#530,#443,.T.);
#671=EDGE_CURVE('',#530,#528,#29,.T.);
#672=EDGE_CURVE('',#527,#529,#30,.T.);
#673=EDGE_CURVE('',#531,#532,#444,.T.);
#674=EDGE_CURVE('',#532,#530,#31,.T.);
#675=EDGE_CURVE('',#529,#531,#32,.T.);
#676=EDGE_CURVE('',#533,#534,#445,.T.);
#677=EDGE_CURVE('',#534,#532,#33,.T.);
#678=EDGE_CURVE('',#531,#535,#34,.T.);
#679=EDGE_CURVE('',#535,#533,#35,.T.);
#680=EDGE_CURVE('',#536,#537,#446,.T.);
#681=EDGE_CURVE('',#537,#538,#36,.T.);
#682=EDGE_CURVE('',#538,#534,#37,.T.);
#683=EDGE_CURVE('',#533,#536,#38,.T.);
#684=EDGE_CURVE('',#515,#537,#39,.T.);
#685=EDGE_CURVE('',#536,#516,#40,.T.);
#686=EDGE_CURVE('',#530,#539,#41,.T.);
#687=EDGE_CURVE('',#540,#539,#42,.T.);
#688=EDGE_CURVE('',#528,#540,#43,.T.);
#689=EDGE_CURVE('',#532,#541,#44,.T.);
#690=EDGE_CURVE('',#539,#541,#45,.T.);
#691=EDGE_CURVE('',#537,#542,#46,.T.);
#692=EDGE_CURVE('',#543,#542,#47,.T.);
#693=EDGE_CURVE('',#541,#543,#48,.T.);
#694=EDGE_CURVE('',#515,#544,#49,.T.);
#695=EDGE_CURVE('',#542,#544,#50,.T.);
#696=EDGE_CURVE('',#513,#545,#456,.T.);
#697=EDGE_CURVE('',#521,#545,#457,.T.);
#698=EDGE_CURVE('',#546,#547,#447,.T.);
#699=EDGE_CURVE('',#547,#548,#51,.T.);
#700=EDGE_CURVE('',#548,#544,#448,.T.);
#701=EDGE_CURVE('',#544,#546,#52,.T.);
#702=EDGE_CURVE('',#549,#550,#449,.T.);
#703=EDGE_CURVE('',#550,#547,#53,.T.);
#704=EDGE_CURVE('',#546,#549,#54,.T.);
#705=EDGE_CURVE('',#551,#552,#450,.T.);
#706=EDGE_CURVE('',#552,#550,#55,.T.);
#707=EDGE_CURVE('',#549,#553,#56,.T.);
#708=EDGE_CURVE('',#553,#551,#57,.T.);
#709=EDGE_CURVE('',#540,#554,#451,.T.);
#710=EDGE_CURVE('',#554,#552,#58,.T.);
#711=EDGE_CURVE('',#551,#540,#59,.T.);
#712=EDGE_CURVE('',#539,#555,#452,.T.);
#713=EDGE_CURVE('',#555,#554,#60,.T.);
#714=EDGE_CURVE('',#541,#556,#453,.T.);
#715=EDGE_CURVE('',#556,#555,#61,.T.);
#716=EDGE_CURVE('',#542,#557,#454,.T.);
#717=EDGE_CURVE('',#557,#556,#62,.T.);
#718=EDGE_CURVE('',#548,#557,#63,.T.);
#719=EDGE_CURVE('',#525,#551,#64,.T.);
#720=EDGE_CURVE('',#520,#549,#65,.T.);
#721=EDGE_CURVE('',#518,#546,#66,.T.);
#722=EDGE_CURVE('',#558,#558,#67,.T.);
#723=EDGE_CURVE('',#559,#559,#68,.T.);
#724=EDGE_CURVE('',#558,#559,#69,.T.);
#725=EDGE_CURVE('',#533,#545,#458,.T.);
#726=ORIENTED_EDGE('',*,*,#560,.F.);
#727=ORIENTED_EDGE('',*,*,#561,.F.);
#728=ORIENTED_EDGE('',*,*,#560,.T.);
#729=ORIENTED_EDGE('',*,*,#562,.T.);
#730=ORIENTED_EDGE('',*,*,#563,.T.);
#731=ORIENTED_EDGE('',*,*,#564,.T.);
#732=ORIENTED_EDGE('',*,*,#565,.T.);
#733=ORIENTED_EDGE('',*,*,#566,.T.);
#734=ORIENTED_EDGE('',*,*,#567,.T.);
#735=ORIENTED_EDGE('',*,*,#568,.T.);
#736=ORIENTED_EDGE('',*,*,#565,.F.);
#737=ORIENTED_EDGE('',*,*,#569,.T.);
#738=ORIENTED_EDGE('',*,*,#570,.T.);
#739=ORIENTED_EDGE('',*,*,#571,.T.);
#740=ORIENTED_EDGE('',*,*,#572,.T.);
#741=ORIENTED_EDGE('',*,*,#573,.T.);
#742=ORIENTED_EDGE('',*,*,#574,.T.);
#743=ORIENTED_EDGE('',*,*,#575,.T.);
#744=ORIENTED_EDGE('',*,*,#572,.F.);
#745=ORIENTED_EDGE('',*,*,#576,.T.);
#746=ORIENTED_EDGE('',*,*,#577,.T.);
#747=ORIENTED_EDGE('',*,*,#578,.T.);
#748=ORIENTED_EDGE('',*,*,#579,.T.);
#749=ORIENTED_EDGE('',*,*,#580,.T.);
#750=ORIENTED_EDGE('',*,*,#581,.T.);
#751=ORIENTED_EDGE('',*,*,#577,.F.);
#752=ORIENTED_EDGE('',*,*,#582,.T.);
#753=ORIENTED_EDGE('',*,*,#583,.T.);
#754=ORIENTED_EDGE('',*,*,#580,.F.);
#755=ORIENTED_EDGE('',*,*,#584,.T.);
#756=ORIENTED_EDGE('',*,*,#574,.F.);
#757=ORIENTED_EDGE('',*,*,#585,.T.);
#758=ORIENTED_EDGE('',*,*,#579,.F.);
#759=ORIENTED_EDGE('',*,*,#586,.T.);
#760=ORIENTED_EDGE('',*,*,#587,.T.);
#761=ORIENTED_EDGE('',*,*,#588,.T.);
#762=ORIENTED_EDGE('',*,*,#589,.T.);
#763=ORIENTED_EDGE('',*,*,#590,.T.);
#764=ORIENTED_EDGE('',*,*,#591,.T.);
#765=ORIENTED_EDGE('',*,*,#592,.T.);
#766=ORIENTED_EDGE('',*,*,#593,.T.);
#767=ORIENTED_EDGE('',*,*,#589,.F.);
#768=ORIENTED_EDGE('',*,*,#594,.T.);
#769=ORIENTED_EDGE('',*,*,#595,.T.);
#770=ORIENTED_EDGE('',*,*,#592,.F.);
#771=ORIENTED_EDGE('',*,*,#596,.T.);
#772=ORIENTED_EDGE('',*,*,#587,.F.);
#773=ORIENTED_EDGE('',*,*,#597,.T.);
#774=ORIENTED_EDGE('',*,*,#598,.T.);
#775=ORIENTED_EDGE('',*,*,#570,.F.);
#776=ORIENTED_EDGE('',*,*,#599,.T.);
#777=ORIENTED_EDGE('',*,*,#600,.T.);
#778=ORIENTED_EDGE('',*,*,#597,.F.);
#779=ORIENTED_EDGE('',*,*,#601,.T.);
#780=ORIENTED_EDGE('',*,*,#567,.F.);
#781=ORIENTED_EDGE('',*,*,#602,.T.);
#782=ORIENTED_EDGE('',*,*,#591,.F.);
#783=ORIENTED_EDGE('',*,*,#603,.T.);
#784=ORIENTED_EDGE('',*,*,#604,.T.);
#785=ORIENTED_EDGE('',*,*,#605,.T.);
#786=ORIENTED_EDGE('',*,*,#606,.T.);
#787=ORIENTED_EDGE('',*,*,#563,.F.);
#788=ORIENTED_EDGE('',*,*,#607,.T.);
#789=ORIENTED_EDGE('',*,*,#608,.T.);
#790=ORIENTED_EDGE('',*,*,#605,.F.);
#791=ORIENTED_EDGE('',*,*,#609,.T.);
#792=ORIENTED_EDGE('',*,*,#604,.F.);
#793=ORIENTED_EDGE('',*,*,#575,.F.);
#794=ORIENTED_EDGE('',*,*,#610,.F.);
#795=ORIENTED_EDGE('',*,*,#611,.T.);
#796=ORIENTED_EDGE('',*,*,#612,.T.);
#797=ORIENTED_EDGE('',*,*,#584,.F.);
#798=ORIENTED_EDGE('',*,*,#613,.F.);
#799=ORIENTED_EDGE('',*,*,#614,.T.);
#800=ORIENTED_EDGE('',*,*,#610,.T.);
#801=ORIENTED_EDGE('',*,*,#582,.F.);
#802=ORIENTED_EDGE('',*,*,#615,.F.);
#803=ORIENTED_EDGE('',*,*,#616,.T.);
#804=ORIENTED_EDGE('',*,*,#613,.T.);
#805=ORIENTED_EDGE('',*,*,#576,.F.);
#806=ORIENTED_EDGE('',*,*,#617,.F.);
#807=ORIENTED_EDGE('',*,*,#618,.T.);
#808=ORIENTED_EDGE('',*,*,#615,.T.);
#809=ORIENTED_EDGE('',*,*,#585,.F.);
#810=ORIENTED_EDGE('',*,*,#619,.F.);
#811=ORIENTED_EDGE('',*,*,#620,.T.);
#812=ORIENTED_EDGE('',*,*,#617,.T.);
#813=ORIENTED_EDGE('',*,*,#596,.F.);
#814=ORIENTED_EDGE('',*,*,#621,.F.);
#815=ORIENTED_EDGE('',*,*,#622,.T.);
#816=ORIENTED_EDGE('',*,*,#619,.T.);
#817=ORIENTED_EDGE('',*,*,#594,.F.);
#818=ORIENTED_EDGE('',*,*,#623,.F.);
#819=ORIENTED_EDGE('',*,*,#624,.T.);
#820=ORIENTED_EDGE('',*,*,#621,.T.);
#821=ORIENTED_EDGE('',*,*,#588,.F.);
#822=ORIENTED_EDGE('',*,*,#625,.F.);
#823=ORIENTED_EDGE('',*,*,#626,.T.);
#824=ORIENTED_EDGE('',*,*,#623,.T.);
#825=ORIENTED_EDGE('',*,*,#627,.F.);
#826=ORIENTED_EDGE('',*,*,#590,.F.);
#827=ORIENTED_EDGE('',*,*,#593,.F.);
#828=ORIENTED_EDGE('',*,*,#595,.F.);
#829=ORIENTED_EDGE('',*,*,#586,.F.);
#830=ORIENTED_EDGE('',*,*,#578,.F.);
#831=ORIENTED_EDGE('',*,*,#581,.F.);
#832=ORIENTED_EDGE('',*,*,#583,.F.);
#833=ORIENTED_EDGE('',*,*,#573,.F.);
#834=ORIENTED_EDGE('',*,*,#571,.F.);
#835=ORIENTED_EDGE('',*,*,#598,.F.);
#836=ORIENTED_EDGE('',*,*,#600,.F.);
#837=ORIENTED_EDGE('',*,*,#566,.F.);
#838=ORIENTED_EDGE('',*,*,#564,.F.);
#839=ORIENTED_EDGE('',*,*,#606,.F.);
#840=ORIENTED_EDGE('',*,*,#608,.F.);
#841=ORIENTED_EDGE('',*,*,#603,.F.);
#842=ORIENTED_EDGE('',*,*,#627,.T.);
#843=ORIENTED_EDGE('',*,*,#628,.T.);
#844=ORIENTED_EDGE('',*,*,#629,.T.);
#845=ORIENTED_EDGE('',*,*,#628,.F.);
#846=ORIENTED_EDGE('',*,*,#629,.F.);
#847=ORIENTED_EDGE('',*,*,#630,.T.);
#848=ORIENTED_EDGE('',*,*,#631,.F.);
#849=ORIENTED_EDGE('',*,*,#630,.F.);
#850=ORIENTED_EDGE('',*,*,#632,.T.);
#851=ORIENTED_EDGE('',*,*,#633,.T.);
#852=ORIENTED_EDGE('',*,*,#631,.T.);
#853=ORIENTED_EDGE('',*,*,#633,.F.);
#854=ORIENTED_EDGE('',*,*,#561,.T.);
#855=ORIENTED_EDGE('',*,*,#632,.F.);
#856=ORIENTED_EDGE('',*,*,#634,.F.);
#857=ORIENTED_EDGE('',*,*,#635,.F.);
#858=ORIENTED_EDGE('',*,*,#611,.F.);
#859=ORIENTED_EDGE('',*,*,#614,.F.);
#860=ORIENTED_EDGE('',*,*,#616,.F.);
#861=ORIENTED_EDGE('',*,*,#618,.F.);
#862=ORIENTED_EDGE('',*,*,#620,.F.);
#863=ORIENTED_EDGE('',*,*,#622,.F.);
#864=ORIENTED_EDGE('',*,*,#624,.F.);
#865=ORIENTED_EDGE('',*,*,#626,.F.);
#866=ORIENTED_EDGE('',*,*,#636,.F.);
#867=ORIENTED_EDGE('',*,*,#637,.F.);
#868=ORIENTED_EDGE('',*,*,#638,.F.);
#869=ORIENTED_EDGE('',*,*,#639,.F.);
#870=ORIENTED_EDGE('',*,*,#640,.F.);
#871=ORIENTED_EDGE('',*,*,#641,.F.);
#872=ORIENTED_EDGE('',*,*,#599,.F.);
#873=ORIENTED_EDGE('',*,*,#642,.F.);
#874=ORIENTED_EDGE('',*,*,#634,.T.);
#875=ORIENTED_EDGE('',*,*,#643,.T.);
#876=ORIENTED_EDGE('',*,*,#569,.F.);
#877=ORIENTED_EDGE('',*,*,#612,.F.);
#878=ORIENTED_EDGE('',*,*,#635,.T.);
#879=ORIENTED_EDGE('',*,*,#642,.T.);
#880=ORIENTED_EDGE('',*,*,#602,.F.);
#881=ORIENTED_EDGE('',*,*,#644,.F.);
#882=ORIENTED_EDGE('',*,*,#636,.T.);
#883=ORIENTED_EDGE('',*,*,#625,.T.);
#884=ORIENTED_EDGE('',*,*,#609,.F.);
#885=ORIENTED_EDGE('',*,*,#645,.F.);
#886=ORIENTED_EDGE('',*,*,#637,.T.);
#887=ORIENTED_EDGE('',*,*,#644,.T.);
#888=ORIENTED_EDGE('',*,*,#607,.F.);
#889=ORIENTED_EDGE('',*,*,#646,.F.);
#890=ORIENTED_EDGE('',*,*,#638,.T.);
#891=ORIENTED_EDGE('',*,*,#645,.T.);
#892=ORIENTED_EDGE('',*,*,#562,.F.);
#893=ORIENTED_EDGE('',*,*,#647,.F.);
#894=ORIENTED_EDGE('',*,*,#639,.T.);
#895=ORIENTED_EDGE('',*,*,#646,.T.);
#896=ORIENTED_EDGE('',*,*,#568,.F.);
#897=ORIENTED_EDGE('',*,*,#648,.F.);
#898=ORIENTED_EDGE('',*,*,#640,.T.);
#899=ORIENTED_EDGE('',*,*,#647,.T.);
#900=ORIENTED_EDGE('',*,*,#601,.F.);
#901=ORIENTED_EDGE('',*,*,#643,.F.);
#902=ORIENTED_EDGE('',*,*,#641,.T.);
#903=ORIENTED_EDGE('',*,*,#648,.T.);
#904=ORIENTED_EDGE('',*,*,#649,.T.);
#905=ORIENTED_EDGE('',*,*,#650,.T.);
#906=ORIENTED_EDGE('',*,*,#651,.T.);
#907=ORIENTED_EDGE('',*,*,#652,.T.);
#908=ORIENTED_EDGE('',*,*,#653,.T.);
#909=ORIENTED_EDGE('',*,*,#654,.T.);
#910=ORIENTED_EDGE('',*,*,#649,.F.);
#911=ORIENTED_EDGE('',*,*,#655,.T.);
#912=ORIENTED_EDGE('',*,*,#656,.T.);
#913=ORIENTED_EDGE('',*,*,#657,.T.);
#914=ORIENTED_EDGE('',*,*,#653,.F.);
#915=ORIENTED_EDGE('',*,*,#658,.T.);
#916=ORIENTED_EDGE('',*,*,#659,.T.);
#917=ORIENTED_EDGE('',*,*,#660,.T.);
#918=ORIENTED_EDGE('',*,*,#661,.T.);
#919=ORIENTED_EDGE('',*,*,#656,.F.);
#920=ORIENTED_EDGE('',*,*,#662,.T.);
#921=ORIENTED_EDGE('',*,*,#663,.T.);
#922=ORIENTED_EDGE('',*,*,#664,.T.);
#923=ORIENTED_EDGE('',*,*,#659,.F.);
#924=ORIENTED_EDGE('',*,*,#665,.T.);
#925=ORIENTED_EDGE('',*,*,#666,.T.);
#926=ORIENTED_EDGE('',*,*,#667,.T.);
#927=ORIENTED_EDGE('',*,*,#668,.T.);
#928=ORIENTED_EDGE('',*,*,#663,.F.);
#929=ORIENTED_EDGE('',*,*,#669,.T.);
#930=ORIENTED_EDGE('',*,*,#670,.T.);
#931=ORIENTED_EDGE('',*,*,#671,.T.);
#932=ORIENTED_EDGE('',*,*,#667,.F.);
#933=ORIENTED_EDGE('',*,*,#672,.T.);
#934=ORIENTED_EDGE('',*,*,#673,.T.);
#935=ORIENTED_EDGE('',*,*,#674,.T.);
#936=ORIENTED_EDGE('',*,*,#670,.F.);
#937=ORIENTED_EDGE('',*,*,#675,.T.);
#938=ORIENTED_EDGE('',*,*,#676,.T.);
#939=ORIENTED_EDGE('',*,*,#677,.T.);
#940=ORIENTED_EDGE('',*,*,#673,.F.);
#941=ORIENTED_EDGE('',*,*,#678,.T.);
#942=ORIENTED_EDGE('',*,*,#679,.T.);
#943=ORIENTED_EDGE('',*,*,#680,.T.);
#944=ORIENTED_EDGE('',*,*,#681,.T.);
#945=ORIENTED_EDGE('',*,*,#682,.T.);
#946=ORIENTED_EDGE('',*,*,#676,.F.);
#947=ORIENTED_EDGE('',*,*,#683,.T.);
#948=ORIENTED_EDGE('',*,*,#651,.F.);
#949=ORIENTED_EDGE('',*,*,#684,.T.);
#950=ORIENTED_EDGE('',*,*,#680,.F.);
#951=ORIENTED_EDGE('',*,*,#685,.T.);
#952=ORIENTED_EDGE('',*,*,#671,.F.);
#953=ORIENTED_EDGE('',*,*,#686,.T.);
#954=ORIENTED_EDGE('',*,*,#687,.F.);
#955=ORIENTED_EDGE('',*,*,#688,.F.);
#956=ORIENTED_EDGE('',*,*,#674,.F.);
#957=ORIENTED_EDGE('',*,*,#689,.T.);
#958=ORIENTED_EDGE('',*,*,#690,.F.);
#959=ORIENTED_EDGE('',*,*,#686,.F.);
#960=ORIENTED_EDGE('',*,*,#677,.F.);
#961=ORIENTED_EDGE('',*,*,#682,.F.);
#962=ORIENTED_EDGE('',*,*,#681,.F.);
#963=ORIENTED_EDGE('',*,*,#691,.T.);
#964=ORIENTED_EDGE('',*,*,#692,.F.);
#965=ORIENTED_EDGE('',*,*,#693,.F.);
#966=ORIENTED_EDGE('',*,*,#689,.F.);
#967=ORIENTED_EDGE('',*,*,#684,.F.);
#968=ORIENTED_EDGE('',*,*,#694,.T.);
#969=ORIENTED_EDGE('',*,*,#695,.F.);
#970=ORIENTED_EDGE('',*,*,#691,.F.);
#971=ORIENTED_EDGE('',*,*,#662,.F.);
#972=ORIENTED_EDGE('',*,*,#658,.F.);
#973=ORIENTED_EDGE('',*,*,#655,.F.);
#974=ORIENTED_EDGE('',*,*,#696,.T.);
#975=ORIENTED_EDGE('',*,*,#697,.F.);
#976=ORIENTED_EDGE('',*,*,#698,.T.);
#977=ORIENTED_EDGE('',*,*,#699,.T.);
#978=ORIENTED_EDGE('',*,*,#700,.T.);
#979=ORIENTED_EDGE('',*,*,#701,.T.);
#980=ORIENTED_EDGE('',*,*,#702,.T.);
#981=ORIENTED_EDGE('',*,*,#703,.T.);
#982=ORIENTED_EDGE('',*,*,#698,.F.);
#983=ORIENTED_EDGE('',*,*,#704,.T.);
#984=ORIENTED_EDGE('',*,*,#705,.T.);
#985=ORIENTED_EDGE('',*,*,#706,.T.);
#986=ORIENTED_EDGE('',*,*,#702,.F.);
#987=ORIENTED_EDGE('',*,*,#707,.T.);
#988=ORIENTED_EDGE('',*,*,#708,.T.);
#989=ORIENTED_EDGE('',*,*,#709,.T.);
#990=ORIENTED_EDGE('',*,*,#710,.T.);
#991=ORIENTED_EDGE('',*,*,#705,.F.);
#992=ORIENTED_EDGE('',*,*,#711,.T.);
#993=ORIENTED_EDGE('',*,*,#712,.T.);
#994=ORIENTED_EDGE('',*,*,#713,.T.);
#995=ORIENTED_EDGE('',*,*,#709,.F.);
#996=ORIENTED_EDGE('',*,*,#687,.T.);
#997=ORIENTED_EDGE('',*,*,#714,.T.);
#998=ORIENTED_EDGE('',*,*,#715,.T.);
#999=ORIENTED_EDGE('',*,*,#712,.F.);
#1000=ORIENTED_EDGE('',*,*,#690,.T.);
#1001=ORIENTED_EDGE('',*,*,#716,.T.);
#1002=ORIENTED_EDGE('',*,*,#717,.T.);
#1003=ORIENTED_EDGE('',*,*,#714,.F.);
#1004=ORIENTED_EDGE('',*,*,#693,.T.);
#1005=ORIENTED_EDGE('',*,*,#692,.T.);
#1006=ORIENTED_EDGE('',*,*,#700,.F.);
#1007=ORIENTED_EDGE('',*,*,#718,.T.);
#1008=ORIENTED_EDGE('',*,*,#716,.F.);
#1009=ORIENTED_EDGE('',*,*,#695,.T.);
#1010=ORIENTED_EDGE('',*,*,#668,.F.);
#1011=ORIENTED_EDGE('',*,*,#688,.T.);
#1012=ORIENTED_EDGE('',*,*,#711,.F.);
#1013=ORIENTED_EDGE('',*,*,#719,.F.);
#1014=ORIENTED_EDGE('',*,*,#664,.F.);
#1015=ORIENTED_EDGE('',*,*,#719,.T.);
#1016=ORIENTED_EDGE('',*,*,#708,.F.);
#1017=ORIENTED_EDGE('',*,*,#707,.F.);
#1018=ORIENTED_EDGE('',*,*,#720,.F.);
#1019=ORIENTED_EDGE('',*,*,#661,.F.);
#1020=ORIENTED_EDGE('',*,*,#660,.F.);
#1021=ORIENTED_EDGE('',*,*,#657,.F.);
#1022=ORIENTED_EDGE('',*,*,#720,.T.);
#1023=ORIENTED_EDGE('',*,*,#704,.F.);
#1024=ORIENTED_EDGE('',*,*,#721,.F.);
#1025=ORIENTED_EDGE('',*,*,#654,.F.);
#1026=ORIENTED_EDGE('',*,*,#721,.T.);
#1027=ORIENTED_EDGE('',*,*,#701,.F.);
#1028=ORIENTED_EDGE('',*,*,#694,.F.);
#1029=ORIENTED_EDGE('',*,*,#650,.F.);
#1030=ORIENTED_EDGE('',*,*,#699,.F.);
#1031=ORIENTED_EDGE('',*,*,#703,.F.);
#1032=ORIENTED_EDGE('',*,*,#706,.F.);
#1033=ORIENTED_EDGE('',*,*,#710,.F.);
#1034=ORIENTED_EDGE('',*,*,#713,.F.);
#1035=ORIENTED_EDGE('',*,*,#715,.F.);
#1036=ORIENTED_EDGE('',*,*,#717,.F.);
#1037=ORIENTED_EDGE('',*,*,#718,.F.);
#1038=ORIENTED_EDGE('',*,*,#722,.T.);
#1039=ORIENTED_EDGE('',*,*,#723,.F.);
#1040=ORIENTED_EDGE('',*,*,#722,.F.);
#1041=ORIENTED_EDGE('',*,*,#724,.T.);
#1042=ORIENTED_EDGE('',*,*,#723,.T.);
#1043=ORIENTED_EDGE('',*,*,#724,.F.);
#1044=ORIENTED_EDGE('',*,*,#666,.F.);
#1045=ORIENTED_EDGE('',*,*,#665,.F.);
#1046=ORIENTED_EDGE('',*,*,#697,.T.);
#1047=ORIENTED_EDGE('',*,*,#725,.F.);
#1048=ORIENTED_EDGE('',*,*,#679,.F.);
#1049=ORIENTED_EDGE('',*,*,#678,.F.);
#1050=ORIENTED_EDGE('',*,*,#675,.F.);
#1051=ORIENTED_EDGE('',*,*,#672,.F.);
#1052=ORIENTED_EDGE('',*,*,#669,.F.);
#1053=ORIENTED_EDGE('',*,*,#683,.F.);
#1054=ORIENTED_EDGE('',*,*,#725,.T.);
#1055=ORIENTED_EDGE('',*,*,#696,.F.);
#1056=ORIENTED_EDGE('',*,*,#652,.F.);
#1057=ORIENTED_EDGE('',*,*,#685,.F.);
#1058=(
BOUNDED_SURFACE()
B_SPLINE_SURFACE(5,2,((#1483,#1484,#1485,#1486,#1487,#1488,#1489,#1490,
#1491),(#1492,#1493,#1494,#1495,#1496,#1497,#1498,#1499,#1500),(#1501,#1502,
#1503,#1504,#1505,#1506,#1507,#1508,#1509),(#1510,#1511,#1512,#1513,#1514,
#1515,#1516,#1517,#1518),(#1519,#1520,#1521,#1522,#1523,#1524,#1525,#1526,
#1527),(#1528,#1529,#1530,#1531,#1532,#1533,#1534,#1535,#1536),(#1537,#1538,
#1539,#1540,#1541,#1542,#1543,#1544,#1545),(#1546,#1547,#1548,#1549,#1550,
#1551,#1552,#1553,#1554),(#1555,#1556,#1557,#1558,#1559,#1560,#1561,#1562,
#1563),(#1564,#1565,#1566,#1567,#1568,#1569,#1570,#1571,#1572)),
 .UNSPECIFIED.,.F.,.T.,.F.)
B_SPLINE_SURFACE_WITH_KNOTS((6,1,1,1,1,6),(3,2,2,2,3),(0.,0.2,0.4,0.6,0.8,
1.),(0.,1.5707963267949,3.14159265358979,4.71238898038469,6.28318530717959),
 .UNSPECIFIED.)
GEOMETRIC_REPRESENTATION_ITEM()
RATIONAL_B_SPLINE_SURFACE(((1.,0.707106781186548,1.,0.707106781186548,1.,
0.707106781186548,1.,0.707106781186548,1.),(1.,0.707106781186548,1.,0.707106781186548,
1.,0.707106781186548,1.,0.707106781186548,1.),(1.,0.707106781186548,1.,
0.707106781186548,1.,0.707106781186548,1.,0.707106781186548,1.),(1.,0.707106781186548,
1.,0.707106781186548,1.,0.707106781186548,1.,0.707106781186548,1.),(1.,
0.707106781186548,1.,0.707106781186548,1.,0.707106781186548,1.,0.707106781186548,
1.),(1.,0.707106781186548,1.,0.707106781186548,1.,0.707106781186548,1.,
0.707106781186548,1.),(1.,0.707106781186548,1.,0.707106781186548,1.,0.707106781186548,
1.,0.707106781186548,1.),(1.,0.707106781186548,1.,0.707106781186548,1.,
0.707106781186548,1.,0.707106781186548,1.),(1.,0.707106781186548,1.,0.707106781186548,
1.,0.707106781186548,1.,0.707106781186548,1.),(1.,0.707106781186548,1.,
0.707106781186548,1.,0.707106781186548,1.,0.707106781186548,1.)))
REPRESENTATION_ITEM('')
SURFACE()
);
#1059=(
BOUNDED_SURFACE()
B_SPLINE_SURFACE(2,2,((#1625,#1626,#1627),(#1628,#1629,#1630),(#1631,#1632,
#1633)),.UNSPECIFIED.,.F.,.F.,.F.)
B_SPLINE_SURFACE_WITH_KNOTS((3,3),(3,3),(0.,1.5707963267949),(1.5707963267949,
3.14159265358979),.UNSPECIFIED.)
GEOMETRIC_REPRESENTATION_ITEM()
RATIONAL_B_SPLINE_SURFACE(((1.,0.707106781186548,1.),(0.707106781186547,
0.5,0.707106781186547),(1.,0.707106781186548,1.)))
REPRESENTATION_ITEM('')
SURFACE()
);
#1060=(
BOUNDED_SURFACE()
B_SPLINE_SURFACE(2,2,((#1657,#1658,#1659),(#1660,#1661,#1662),(#1663,#1664,
#1665)),.UNSPECIFIED.,.F.,.F.,.F.)
B_SPLINE_SURFACE_WITH_KNOTS((3,3),(3,3),(0.,1.5707963267949),(-3.14159265358979,
-1.5707963267949),.UNSPECIFIED.)
GEOMETRIC_REPRESENTATION_ITEM()
RATIONAL_B_SPLINE_SURFACE(((1.,0.707106781186548,1.),(0.707106781186547,
0.5,0.707106781186547),(1.,0.707106781186548,1.)))
REPRESENTATION_ITEM('')
SURFACE()
);
#1061=(
BOUNDED_SURFACE()
B_SPLINE_SURFACE(2,2,((#1674,#1675,#1676),(#1677,#1678,#1679),(#1680,#1681,
#1682)),.UNSPECIFIED.,.F.,.F.,.F.)
B_SPLINE_SURFACE_WITH_KNOTS((3,3),(3,3),(0.,1.5707963267949),(-2.7755575615629E-15,
1.5707963267949),.UNSPECIFIED.)
GEOMETRIC_REPRESENTATION_ITEM()
RATIONAL_B_SPLINE_SURFACE(((1.,0.707106781186546,1.),(0.707106781186547,
0.499999999999999,0.707106781186547),(1.,0.707106781186546,1.)))
REPRESENTATION_ITEM('')
SURFACE()
);
#1062=(
BOUNDED_SURFACE()
B_SPLINE_SURFACE(2,2,((#1697,#1698,#1699),(#1700,#1701,#1702),(#1703,#1704,
#1705)),.UNSPECIFIED.,.F.,.F.,.F.)
B_SPLINE_SURFACE_WITH_KNOTS((3,3),(3,3),(0.,1.5707963267949),(-1.5707963267949,
1.6062850670372E-15),.UNSPECIFIED.)
GEOMETRIC_REPRESENTATION_ITEM()
RATIONAL_B_SPLINE_SURFACE(((1.,0.707106781186546,1.),(0.707106781186545,
0.499999999999998,0.707106781186545),(1.,0.707106781186546,1.)))
REPRESENTATION_ITEM('')
SURFACE()
);
#1063=ADVANCED_FACE('',(#262),#1058,.F.);
#1064=ADVANCED_FACE('',(#263),#245,.T.);
#1065=ADVANCED_FACE('',(#264),#246,.T.);
#1066=ADVANCED_FACE('',(#265),#247,.T.);
#1067=ADVANCED_FACE('',(#266),#248,.T.);
#1068=ADVANCED_FACE('',(#267),#249,.T.);
#1069=ADVANCED_FACE('',(#268),#1059,.F.);
#1070=ADVANCED_FACE('',(#269),#250,.T.);
#1071=ADVANCED_FACE('',(#270),#251,.T.);
#1072=ADVANCED_FACE('',(#271),#252,.T.);
#1073=ADVANCED_FACE('',(#272),#1060,.F.);
#1074=ADVANCED_FACE('',(#273),#253,.T.);
#1075=ADVANCED_FACE('',(#274),#1061,.F.);
#1076=ADVANCED_FACE('',(#275),#254,.T.);
#1077=ADVANCED_FACE('',(#276),#255,.T.);
#1078=ADVANCED_FACE('',(#277),#1062,.F.);
#1079=ADVANCED_FACE('',(#278),#256,.T.);
#1080=ADVANCED_FACE('',(#279),#114,.T.);
#1081=ADVANCED_FACE('',(#280),#115,.T.);
#1082=ADVANCED_FACE('',(#281),#257,.T.);
#1083=ADVANCED_FACE('',(#282),#116,.T.);
#1084=ADVANCED_FACE('',(#283),#117,.T.);
#1085=ADVANCED_FACE('',(#284),#118,.T.);
#1086=ADVANCED_FACE('',(#285),#258,.T.);
#1087=ADVANCED_FACE('',(#286),#119,.T.);
#1088=ADVANCED_FACE('',(#287,#111),#120,.T.);
#1089=ADVANCED_FACE('',(#288),#109,.T.);
#1090=ADVANCED_FACE('',(#289),#259,.T.);
#1091=ADVANCED_FACE('',(#290),#110,.F.);
#1092=ADVANCED_FACE('',(#291,#112),#121,.F.);
#1093=ADVANCED_FACE('',(#292),#122,.F.);
#1094=ADVANCED_FACE('',(#293),#260,.T.);
#1095=ADVANCED_FACE('',(#294),#123,.T.);
#1096=ADVANCED_FACE('',(#295),#124,.T.);
#1097=ADVANCED_FACE('',(#296),#125,.T.);
#1098=ADVANCED_FACE('',(#297),#261,.T.);
#1099=ADVANCED_FACE('',(#298),#126,.T.);
#1100=ADVANCED_FACE('',(#299),#127,.T.);
#1101=ADVANCED_FACE('',(#300),#128,.T.);
#1102=ADVANCED_FACE('',(#301),#70,.F.);
#1103=ADVANCED_FACE('',(#302),#71,.F.);
#1104=ADVANCED_FACE('',(#303),#72,.F.);
#1105=ADVANCED_FACE('',(#304),#73,.F.);
#1106=ADVANCED_FACE('',(#305),#74,.F.);
#1107=ADVANCED_FACE('',(#306),#75,.F.);
#1108=ADVANCED_FACE('',(#307),#76,.F.);
#1109=ADVANCED_FACE('',(#308),#77,.F.);
#1110=ADVANCED_FACE('',(#309),#78,.F.);
#1111=ADVANCED_FACE('',(#310),#79,.F.);
#1112=ADVANCED_FACE('',(#311),#80,.F.);
#1113=ADVANCED_FACE('',(#312),#81,.T.);
#1114=ADVANCED_FACE('',(#313),#82,.T.);
#1115=ADVANCED_FACE('',(#314),#83,.T.);
#1116=ADVANCED_FACE('',(#315),#84,.T.);
#1117=ADVANCED_FACE('',(#316),#85,.F.);
#1118=ADVANCED_FACE('',(#317),#86,.F.);
#1119=ADVANCED_FACE('',(#318),#87,.F.);
#1120=ADVANCED_FACE('',(#319),#88,.F.);
#1121=ADVANCED_FACE('',(#320),#89,.F.);
#1122=ADVANCED_FACE('',(#321),#90,.F.);
#1123=ADVANCED_FACE('',(#322),#91,.F.);
#1124=ADVANCED_FACE('',(#323),#92,.F.);
#1125=ADVANCED_FACE('',(#324),#93,.F.);
#1126=ADVANCED_FACE('',(#325),#94,.T.);
#1127=ADVANCED_FACE('',(#326),#95,.T.);
#1128=ADVANCED_FACE('',(#327),#96,.T.);
#1129=ADVANCED_FACE('',(#328),#97,.T.);
#1130=ADVANCED_FACE('',(#329,#113),#129,.F.);
#1131=ADVANCED_FACE('',(#330),#130,.F.);
#1132=ADVANCED_FACE('',(#331),#98,.F.);
#1133=ADVANCED_FACE('',(#332),#99,.F.);
#1134=ADVANCED_FACE('',(#333),#100,.F.);
#1135=CLOSED_SHELL('',(#1063,#1064,#1065,#1066,#1067,#1068,#1069,#1070,
#1071,#1072,#1073,#1074,#1075,#1076,#1077,#1078,#1079,#1080,#1081,#1082,
#1083,#1084,#1085,#1086,#1087,#1088,#1089,#1090,#1091,#1092,#1093,#1094,
#1095,#1096,#1097,#1098,#1099,#1100,#1101));
#1136=CLOSED_SHELL('',(#1102,#1103,#1104,#1105,#1106,#1107,#1108,#1109,
#1110,#1111,#1112,#1113,#1114,#1115,#1116,#1117,#1118,#1119,#1120,#1121,
#1122,#1123,#1124,#1125,#1126,#1127,#1128,#1129,#1130,#1131,#1132,#1133,
#1134));
#1137=DERIVED_UNIT_ELEMENT(#1139,1.);
#1138=DERIVED_UNIT_ELEMENT(#5183,-3.);
#1139=(
MASS_UNIT()
NAMED_UNIT(*)
SI_UNIT(.KILO.,.GRAM.)
);
#1140=DERIVED_UNIT((#1137,#1138));
#1141=MEASURE_REPRESENTATION_ITEM('density measure',
POSITIVE_RATIO_MEASURE(7850.),#1140);
#1142=PROPERTY_DEFINITION_REPRESENTATION(#1147,#1144);
#1143=PROPERTY_DEFINITION_REPRESENTATION(#1148,#1145);
#1144=REPRESENTATION('material name',(#1146),#5180);
#1145=REPRESENTATION('density',(#1141),#5180);
#1146=DESCRIPTIVE_REPRESENTATION_ITEM('Steel','Steel');
#1147=PROPERTY_DEFINITION('material property','material name',#5195);
#1148=PROPERTY_DEFINITION('material property','density of part',#5195);
#1149=AXIS2_PLACEMENT_3D('',#1481,#1242,#1243);
#1150=AXIS2_PLACEMENT_3D('',#1482,#1244,#1245);
#1151=AXIS2_PLACEMENT_3D('',#1585,#1246,#1247);
#1152=AXIS2_PLACEMENT_3D('',#1586,#1248,#1249);
#1153=AXIS2_PLACEMENT_3D('',#1591,#1251,#1252);
#1154=AXIS2_PLACEMENT_3D('',#1594,#1254,#1255);
#1155=AXIS2_PLACEMENT_3D('',#1595,#1256,#1257);
#1156=AXIS2_PLACEMENT_3D('',#1599,#1259,#1260);
#1157=AXIS2_PLACEMENT_3D('',#1601,#1262,#1263);
#1158=AXIS2_PLACEMENT_3D('',#1606,#1265,#1266);
#1159=AXIS2_PLACEMENT_3D('',#1609,#1268,#1269);
#1160=AXIS2_PLACEMENT_3D('',#1610,#1270,#1271);
#1161=AXIS2_PLACEMENT_3D('',#1614,#1273,#1274);
#1162=AXIS2_PLACEMENT_3D('',#1616,#1276,#1277);
#1163=AXIS2_PLACEMENT_3D('',#1621,#1279,#1280);
#1164=AXIS2_PLACEMENT_3D('',#1624,#1282,#1283);
#1165=AXIS2_PLACEMENT_3D('',#1636,#1284,#1285);
#1166=AXIS2_PLACEMENT_3D('',#1637,#1286,#1287);
#1167=AXIS2_PLACEMENT_3D('',#1638,#1288,#1289);
#1168=AXIS2_PLACEMENT_3D('',#1639,#1290,#1291);
#1169=AXIS2_PLACEMENT_3D('',#1642,#1294,#1295);
#1170=AXIS2_PLACEMENT_3D('',#1647,#1298,#1299);
#1171=AXIS2_PLACEMENT_3D('',#1648,#1300,#1301);
#1172=AXIS2_PLACEMENT_3D('',#1653,#1303,#1304);
#1173=AXIS2_PLACEMENT_3D('',#1656,#1306,#1307);
#1174=AXIS2_PLACEMENT_3D('',#1668,#1308,#1309);
#1175=AXIS2_PLACEMENT_3D('',#1669,#1310,#1311);
#1176=AXIS2_PLACEMENT_3D('',#1670,#1312,#1313);
#1177=AXIS2_PLACEMENT_3D('',#1671,#1314,#1315);
#1178=AXIS2_PLACEMENT_3D('',#1685,#1318,#1319);
#1179=AXIS2_PLACEMENT_3D('',#1686,#1320,#1321);
#1180=AXIS2_PLACEMENT_3D('',#1687,#1322,#1323);
#1181=AXIS2_PLACEMENT_3D('',#1688,#1324,#1325);
#1182=AXIS2_PLACEMENT_3D('',#1691,#1328,#1329);
#1183=AXIS2_PLACEMENT_3D('',#1696,#1332,#1333);
#1184=AXIS2_PLACEMENT_3D('',#1708,#1334,#1335);
#1185=AXIS2_PLACEMENT_3D('',#1709,#1336,#1337);
#1186=AXIS2_PLACEMENT_3D('',#1710,#1338,#1339);
#1187=AXIS2_PLACEMENT_3D('',#1711,#1340,#1341);
#1188=AXIS2_PLACEMENT_3D('',#1714,#1344,#1345);
#1189=AXIS2_PLACEMENT_3D('',#1720,#1349,#1350);
#1190=AXIS2_PLACEMENT_3D('',#1724,#1353,#1354);
#1191=AXIS2_PLACEMENT_3D('',#1727,#1356,#1357);
#1192=AXIS2_PLACEMENT_3D('',#1728,#1358,#1359);
#1193=AXIS2_PLACEMENT_3D('',#1732,#1362,#1363);
#1194=AXIS2_PLACEMENT_3D('',#1736,#1366,#1367);
#1195=AXIS2_PLACEMENT_3D('',#1740,#1370,#1371);
#1196=AXIS2_PLACEMENT_3D('',#1743,#1373,#1374);
#1197=AXIS2_PLACEMENT_3D('',#1744,#1375,#1376);
#1198=AXIS2_PLACEMENT_3D('',#1748,#1379,#1380);
#1199=AXIS2_PLACEMENT_3D('',#1750,#1381,#1382);
#1200=AXIS2_PLACEMENT_3D('',#1751,#1383,#1384);
#1201=AXIS2_PLACEMENT_3D('',#1753,#1385,#1386);
#1202=AXIS2_PLACEMENT_3D('',#1754,#1387,#1388);
#1203=AXIS2_PLACEMENT_3D('',#1755,#1389,#1390);
#1204=AXIS2_PLACEMENT_3D('',#1758,#1392,#1393);
#1205=AXIS2_PLACEMENT_3D('',#1759,#1394,#1395);
#1206=AXIS2_PLACEMENT_3D('',#1761,#1396,#1397);
#1207=AXIS2_PLACEMENT_3D('',#1762,#1398,#1399);
#1208=AXIS2_PLACEMENT_3D('',#1763,#1400,#1401);
#1209=AXIS2_PLACEMENT_3D('',#1764,#1402,#1403);
#1210=AXIS2_PLACEMENT_3D('',#1767,#1404,#1405);
#1211=AXIS2_PLACEMENT_3D('',#1774,#1409,#1410);
#1212=AXIS2_PLACEMENT_3D('',#1780,#1414,#1415);
#1213=AXIS2_PLACEMENT_3D('',#1783,#1418,#1419);
#1214=AXIS2_PLACEMENT_3D('',#1784,#1420,#1421);
#1215=AXIS2_PLACEMENT_3D('',#1786,#1423,#1424);
#1216=AXIS2_PLACEMENT_3D('',#1788,#1426,#1427);
#1217=AXIS2_PLACEMENT_3D('',#1790,#1429,#1430);
#1218=AXIS2_PLACEMENT_3D('',#1792,#1432,#1433);
#1219=AXIS2_PLACEMENT_3D('',#1794,#1435,#1436);
#1220=AXIS2_PLACEMENT_3D('',#1842,#1437,#1438);
#1221=AXIS2_PLACEMENT_3D('',#1854,#1439,#1440);
#1222=AXIS2_PLACEMENT_3D('',#1916,#1441,#1442);
#1223=AXIS2_PLACEMENT_3D('',#1964,#1443,#1444);
#1224=AXIS2_PLACEMENT_3D('',#2052,#1445,#1446);
#1225=AXIS2_PLACEMENT_3D('',#2138,#1447,#1448);
#1226=AXIS2_PLACEMENT_3D('',#2194,#1449,#1450);
#1227=AXIS2_PLACEMENT_3D('',#2274,#1451,#1452);
#1228=AXIS2_PLACEMENT_3D('',#2328,#1453,#1454);
#1229=AXIS2_PLACEMENT_3D('',#2391,#1455,#1456);
#1230=AXIS2_PLACEMENT_3D('',#2502,#1457,#1458);
#1231=AXIS2_PLACEMENT_3D('',#3180,#1459,#1460);
#1232=AXIS2_PLACEMENT_3D('',#3192,#1461,#1462);
#1233=AXIS2_PLACEMENT_3D('',#3240,#1463,#1464);
#1234=AXIS2_PLACEMENT_3D('',#3328,#1465,#1466);
#1235=AXIS2_PLACEMENT_3D('',#3393,#1467,#1468);
#1236=AXIS2_PLACEMENT_3D('',#3497,#1469,#1470);
#1237=AXIS2_PLACEMENT_3D('',#3539,#1471,#1472);
#1238=AXIS2_PLACEMENT_3D('',#3627,#1473,#1474);
#1239=AXIS2_PLACEMENT_3D('',#4036,#1475,#1476);
#1240=AXIS2_PLACEMENT_3D('',#4101,#1477,#1478);
#1241=AXIS2_PLACEMENT_3D('',#5175,#1479,#1480);
#1242=DIRECTION('axis',(0.,0.,1.));
#1243=DIRECTION('refdir',(1.,0.,0.));
#1244=DIRECTION('axis',(0.,0.,1.));
#1245=DIRECTION('refdir',(1.,0.,0.));
#1246=DIRECTION('center_axis',(-2.01548820800744E-15,7.51815042897294E-31,
1.));
#1247=DIRECTION('ref_axis',(5.78327502436127E-16,1.,0.));
#1248=DIRECTION('center_axis',(1.,5.95613210635814E-17,0.));
#1249=DIRECTION('ref_axis',(0.,-0.707106781186548,0.707106781186548));
#1250=DIRECTION('',(1.,5.95613210635814E-17,0.));
#1251=DIRECTION('center_axis',(-1.,0.,0.));
#1252=DIRECTION('ref_axis',(0.,-1.,0.));
#1253=DIRECTION('',(-1.,-5.95613210635814E-17,0.));
#1254=DIRECTION('center_axis',(0.707106781186547,0.707106781186548,0.));
#1255=DIRECTION('ref_axis',(-0.707106781186548,0.707106781186547,0.));
#1256=DIRECTION('center_axis',(0.,1.,0.));
#1257=DIRECTION('ref_axis',(0.707106781186548,0.,0.707106781186548));
#1258=DIRECTION('',(0.,-1.,0.));
#1259=DIRECTION('center_axis',(-0.707106781186548,0.707106781186548,0.));
#1260=DIRECTION('ref_axis',(-0.707106781186547,-0.707106781186547,0.));
#1261=DIRECTION('',(0.,1.,0.));
#1262=DIRECTION('center_axis',(-5.95613210635814E-17,1.,0.));
#1263=DIRECTION('ref_axis',(0.707106781186548,0.,0.707106781186548));
#1264=DIRECTION('',(-5.95613210635814E-17,1.,0.));
#1265=DIRECTION('center_axis',(0.,-1.,0.));
#1266=DIRECTION('ref_axis',(1.,0.,0.));
#1267=DIRECTION('',(5.95613210635814E-17,-1.,0.));
#1268=DIRECTION('center_axis',(-0.707106781186548,0.707106781186547,0.));
#1269=DIRECTION('ref_axis',(-0.707106781186547,-0.707106781186548,0.));
#1270=DIRECTION('center_axis',(-1.,0.,0.));
#1271=DIRECTION('ref_axis',(0.,0.707106781186548,0.707106781186548));
#1272=DIRECTION('',(1.,0.,0.));
#1273=DIRECTION('center_axis',(-0.707106781186548,-0.707106781186547,0.));
#1274=DIRECTION('ref_axis',(0.707106781186547,-0.707106781186548,0.));
#1275=DIRECTION('',(-1.,0.,0.));
#1276=DIRECTION('center_axis',(-1.,0.,0.));
#1277=DIRECTION('ref_axis',(0.,0.707106781186547,0.707106781186548));
#1278=DIRECTION('',(-1.,0.,0.));
#1279=DIRECTION('center_axis',(1.,0.,0.));
#1280=DIRECTION('ref_axis',(0.,1.,0.));
#1281=DIRECTION('',(1.,0.,0.));
#1282=DIRECTION('center_axis',(-0.707106781186547,-0.707106781186548,0.));
#1283=DIRECTION('ref_axis',(0.707106781186548,-0.707106781186547,0.));
#1284=DIRECTION('center_axis',(-6.93889390390723E-16,1.,0.));
#1285=DIRECTION('ref_axis',(-1.,-6.93889390390723E-16,0.));
#1286=DIRECTION('center_axis',(0.,0.,-1.));
#1287=DIRECTION('ref_axis',(-0.707106781186548,0.707106781186547,0.));
#1288=DIRECTION('center_axis',(0.,0.,1.));
#1289=DIRECTION('ref_axis',(-0.707106781186548,0.707106781186547,0.));
#1290=DIRECTION('center_axis',(-1.19122642127163E-16,-1.,0.));
#1291=DIRECTION('ref_axis',(-0.707106781186547,0.,0.707106781186548));
#1292=DIRECTION('',(1.19122642127163E-16,1.,0.));
#1293=DIRECTION('',(-1.19122642127163E-16,-1.,0.));
#1294=DIRECTION('center_axis',(0.,-1.,0.));
#1295=DIRECTION('ref_axis',(-0.707106781186548,0.,0.707106781186548));
#1296=DIRECTION('',(0.,-1.,0.));
#1297=DIRECTION('',(0.,1.,0.));
#1298=DIRECTION('center_axis',(0.707106781186547,-0.707106781186548,0.));
#1299=DIRECTION('ref_axis',(0.707106781186548,0.707106781186547,0.));
#1300=DIRECTION('center_axis',(5.95613210635814E-17,-1.,0.));
#1301=DIRECTION('ref_axis',(-0.707106781186547,0.,0.707106781186548));
#1302=DIRECTION('',(5.95613210635814E-17,-1.,0.));
#1303=DIRECTION('center_axis',(0.,1.,0.));
#1304=DIRECTION('ref_axis',(-1.,0.,0.));
#1305=DIRECTION('',(-5.95613210635814E-17,1.,0.));
#1306=DIRECTION('center_axis',(0.707106781186548,-0.707106781186547,0.));
#1307=DIRECTION('ref_axis',(0.707106781186547,0.707106781186548,0.));
#1308=DIRECTION('center_axis',(-1.,0.,0.));
#1309=DIRECTION('ref_axis',(0.,-1.,0.));
#1310=DIRECTION('center_axis',(0.,0.,-1.));
#1311=DIRECTION('ref_axis',(-0.707106781186548,-0.707106781186547,0.));
#1312=DIRECTION('center_axis',(0.,0.,1.));
#1313=DIRECTION('ref_axis',(-0.707106781186548,-0.707106781186547,0.));
#1314=DIRECTION('center_axis',(1.,0.,0.));
#1315=DIRECTION('ref_axis',(0.,-0.707106781186547,0.707106781186548));
#1316=DIRECTION('',(-1.,0.,0.));
#1317=DIRECTION('',(1.,0.,0.));
#1318=DIRECTION('center_axis',(1.,-6.93889390390723E-16,0.));
#1319=DIRECTION('ref_axis',(6.93889390390723E-16,1.,0.));
#1320=DIRECTION('center_axis',(0.,0.,-1.));
#1321=DIRECTION('ref_axis',(0.707106781186548,0.707106781186547,0.));
#1322=DIRECTION('center_axis',(0.,0.,1.));
#1323=DIRECTION('ref_axis',(0.707106781186548,0.707106781186547,0.));
#1324=DIRECTION('center_axis',(-1.,-1.19122642127163E-16,0.));
#1325=DIRECTION('ref_axis',(0.,0.707106781186548,0.707106781186548));
#1326=DIRECTION('',(1.,1.19122642127163E-16,0.));
#1327=DIRECTION('',(-1.,-1.19122642127163E-16,0.));
#1328=DIRECTION('center_axis',(1.,0.,0.));
#1329=DIRECTION('ref_axis',(0.,-0.707106781186548,0.707106781186548));
#1330=DIRECTION('',(1.,0.,0.));
#1331=DIRECTION('',(-1.,0.,0.));
#1332=DIRECTION('center_axis',(0.707106781186548,0.707106781186547,0.));
#1333=DIRECTION('ref_axis',(-0.707106781186547,0.707106781186548,0.));
#1334=DIRECTION('center_axis',(1.38777878078145E-15,-1.,0.));
#1335=DIRECTION('ref_axis',(1.,1.38777878078145E-15,0.));
#1336=DIRECTION('center_axis',(0.,0.,-1.));
#1337=DIRECTION('ref_axis',(0.707106781186548,-0.707106781186547,0.));
#1338=DIRECTION('center_axis',(0.,0.,1.));
#1339=DIRECTION('ref_axis',(0.707106781186548,-0.707106781186547,0.));
#1340=DIRECTION('center_axis',(5.95613210635814E-17,1.,0.));
#1341=DIRECTION('ref_axis',(0.707106781186548,0.,0.707106781186548));
#1342=DIRECTION('',(-5.95613210635814E-17,-1.,0.));
#1343=DIRECTION('',(5.95613210635814E-17,1.,0.));
#1344=DIRECTION('center_axis',(0.,1.,0.));
#1345=DIRECTION('ref_axis',(-1.,0.,0.));
#1346=DIRECTION('',(0.,0.,1.));
#1347=DIRECTION('',(-1.,0.,0.));
#1348=DIRECTION('',(0.,0.,1.));
#1349=DIRECTION('center_axis',(-1.,1.19122642127163E-16,0.));
#1350=DIRECTION('ref_axis',(-1.19122642127163E-16,-1.,0.));
#1351=DIRECTION('',(0.,0.,1.));
#1352=DIRECTION('',(-1.19122642127163E-16,-1.,0.));
#1353=DIRECTION('center_axis',(0.,0.,1.));
#1354=DIRECTION('ref_axis',(-9.25185853854297E-16,1.,0.));
#1355=DIRECTION('',(0.,0.,1.));
#1356=DIRECTION('center_axis',(0.,0.,1.));
#1357=DIRECTION('ref_axis',(-9.25185853854297E-16,1.,0.));
#1358=DIRECTION('center_axis',(0.,1.,0.));
#1359=DIRECTION('ref_axis',(-1.,0.,0.));
#1360=DIRECTION('',(0.,0.,1.));
#1361=DIRECTION('',(-1.,0.,0.));
#1362=DIRECTION('center_axis',(-1.,0.,0.));
#1363=DIRECTION('ref_axis',(0.,-1.,0.));
#1364=DIRECTION('',(0.,0.,1.));
#1365=DIRECTION('',(0.,-1.,0.));
#1366=DIRECTION('center_axis',(0.,-1.,0.));
#1367=DIRECTION('ref_axis',(1.,0.,0.));
#1368=DIRECTION('',(0.,0.,1.));
#1369=DIRECTION('',(1.,0.,0.));
#1370=DIRECTION('center_axis',(0.,0.,1.));
#1371=DIRECTION('ref_axis',(-1.,4.62592926927149E-16,0.));
#1372=DIRECTION('',(0.,0.,1.));
#1373=DIRECTION('center_axis',(0.,0.,1.));
#1374=DIRECTION('ref_axis',(-1.,4.62592926927149E-16,0.));
#1375=DIRECTION('center_axis',(-1.,-5.95613210635814E-17,0.));
#1376=DIRECTION('ref_axis',(5.95613210635814E-17,-1.,0.));
#1377=DIRECTION('',(0.,0.,1.));
#1378=DIRECTION('',(5.95613210635814E-17,-1.,0.));
#1379=DIRECTION('center_axis',(0.,0.,1.));
#1380=DIRECTION('ref_axis',(1.,0.,0.));
#1381=DIRECTION('center_axis',(0.,0.,-1.));
#1382=DIRECTION('ref_axis',(1.,0.,0.));
#1383=DIRECTION('center_axis',(0.,0.,1.));
#1384=DIRECTION('ref_axis',(1.,0.,0.));
#1385=DIRECTION('center_axis',(1.22464679914735E-16,-1.,0.));
#1386=DIRECTION('ref_axis',(-1.,-1.22464679914735E-16,0.));
#1387=DIRECTION('center_axis',(0.,0.,1.));
#1388=DIRECTION('ref_axis',(1.,0.,0.));
#1389=DIRECTION('center_axis',(0.,0.,1.));
#1390=DIRECTION('ref_axis',(1.,0.,0.));
#1391=DIRECTION('',(0.,0.,-1.));
#1392=DIRECTION('center_axis',(0.,0.,-1.));
#1393=DIRECTION('ref_axis',(1.,0.,0.));
#1394=DIRECTION('center_axis',(0.,0.,1.));
#1395=DIRECTION('ref_axis',(1.,0.,0.));
#1396=DIRECTION('center_axis',(0.,0.,1.));
#1397=DIRECTION('ref_axis',(1.,0.,0.));
#1398=DIRECTION('center_axis',(1.22464679914735E-16,-1.,0.));
#1399=DIRECTION('ref_axis',(-1.,-1.22464679914735E-16,0.));
#1400=DIRECTION('center_axis',(0.,0.,-1.));
#1401=DIRECTION('ref_axis',(1.,0.,0.));
#1402=DIRECTION('center_axis',(0.,0.,-1.));
#1403=DIRECTION('ref_axis',(1.,0.,0.));
#1404=DIRECTION('center_axis',(0.,0.,1.));
#1405=DIRECTION('ref_axis',(1.,-9.25185853854298E-16,0.));
#1406=DIRECTION('',(-5.95613210635814E-17,1.,0.));
#1407=DIRECTION('',(1.,0.,0.));
#1408=DIRECTION('',(5.95613210635814E-17,1.,0.));
#1409=DIRECTION('center_axis',(0.,0.,1.));
#1410=DIRECTION('ref_axis',(-4.62592926927149E-16,-1.,0.));
#1411=DIRECTION('',(1.,5.95613210635814E-17,0.));
#1412=DIRECTION('',(0.,1.,0.));
#1413=DIRECTION('',(-1.,-1.19122642127163E-16,0.));
#1414=DIRECTION('center_axis',(0.,0.,1.));
#1415=DIRECTION('ref_axis',(1.,-9.25185853854298E-16,0.));
#1416=DIRECTION('',(0.,0.,1.));
#1417=DIRECTION('',(0.,0.,1.));
#1418=DIRECTION('center_axis',(1.,5.95613210635814E-17,0.));
#1419=DIRECTION('ref_axis',(-5.95613210635814E-17,1.,0.));
#1420=DIRECTION('center_axis',(0.,-1.,0.));
#1421=DIRECTION('ref_axis',(1.,0.,0.));
#1422=DIRECTION('',(0.,0.,1.));
#1423=DIRECTION('center_axis',(1.,-5.95613210635814E-17,0.));
#1424=DIRECTION('ref_axis',(5.95613210635814E-17,1.,0.));
#1425=DIRECTION('',(0.,0.,1.));
#1426=DIRECTION('center_axis',(0.,0.,1.));
#1427=DIRECTION('ref_axis',(-4.62592926927149E-16,-1.,0.));
#1428=DIRECTION('',(0.,0.,1.));
#1429=DIRECTION('center_axis',(5.95613210635814E-17,-1.,0.));
#1430=DIRECTION('ref_axis',(1.,5.95613210635814E-17,0.));
#1431=DIRECTION('',(0.,0.,1.));
#1432=DIRECTION('center_axis',(1.,0.,0.));
#1433=DIRECTION('ref_axis',(0.,1.,0.));
#1434=DIRECTION('',(0.,0.,1.));
#1435=DIRECTION('center_axis',(-1.19122642127163E-16,1.,0.));
#1436=DIRECTION('ref_axis',(-1.,-1.19122642127163E-16,0.));
#1437=DIRECTION('center_axis',(1.,1.21240805318277E-9,-2.26555323019717E-10));
#1438=DIRECTION('ref_axis',(8.87464906629121E-15,0.183677406478842,0.982986576891672));
#1439=DIRECTION('center_axis',(-0.920516156907596,-0.383306295639321,-0.0756722445506417));
#1440=DIRECTION('ref_axis',(0.264972671056174,-0.754799100052175,0.600056499134692));
#1441=DIRECTION('center_axis',(0.920515977364198,-0.383306732881999,-0.0756722138209447));
#1442=DIRECTION('ref_axis',(0.128346424431333,0.113730552085619,0.985186559418059));
#1443=DIRECTION('center_axis',(0.490932902234742,-0.867579726397163,-0.0793114357958455));
#1444=DIRECTION('ref_axis',(0.211334326856958,0.0302774274050161,0.976944767979055));
#1445=DIRECTION('center_axis',(-0.0130259577075608,-0.992584231150684,-0.120858878435996));
#1446=DIRECTION('ref_axis',(0.290529333371485,-0.119411665507075,0.949385886029252));
#1447=DIRECTION('center_axis',(-0.376387629174884,-0.915523477281391,-0.141947578882841));
#1448=DIRECTION('ref_axis',(0.236054419300009,-0.242925901836114,0.940885390122541));
#1449=DIRECTION('center_axis',(-0.886833490960259,-0.461261268401655,-0.0276478133626607));
#1450=DIRECTION('ref_axis',(0.14987287153809,-0.343715888067729,0.927036952158186));
#1451=DIRECTION('center_axis',(-0.887507896034218,0.459827244693216,0.0298100572753687));
#1452=DIRECTION('ref_axis',(-0.14670325776925,-0.343292209959913,0.927700712913776));
#1453=DIRECTION('center_axis',(-0.376750316324747,0.915267865568394,0.142632161194727));
#1454=DIRECTION('ref_axis',(-0.236486416033817,-0.243912170554289,0.940521678690596));
#1455=DIRECTION('center_axis',(-0.0130245569882268,0.992584196856176,0.120859311046525));
#1456=DIRECTION('ref_axis',(-0.290528959906456,-0.119411682185099,0.949385998218532));
#1457=DIRECTION('center_axis',(0.490932164909424,0.867580183816554,0.0793109961239957));
#1458=DIRECTION('ref_axis',(-0.211333957470779,0.0302775108411933,0.976944845299365));
#1459=DIRECTION('center_axis',(0.999646563942599,-0.0265847173721248,0.));
#1460=DIRECTION('ref_axis',(-0.0259277195854003,-0.974941934932486,0.220943379324207));
#1461=DIRECTION('center_axis',(-0.999646563774284,-0.0265847237011634,0.));
#1462=DIRECTION('ref_axis',(0.,0.,-1.));
#1463=DIRECTION('center_axis',(0.0366014999383021,-0.999329940611341,0.));
#1464=DIRECTION('ref_axis',(-0.962228652823177,-0.0352426266297943,0.269951804873252));
#1465=DIRECTION('center_axis',(-0.0200240829771922,-0.999799497949925,0.));
#1466=DIRECTION('ref_axis',(-0.985478107541178,0.0197372527572516,0.168651535452998));
#1467=DIRECTION('center_axis',(-0.999638425167945,-0.0268890112824914,0.));
#1468=DIRECTION('ref_axis',(-0.0261075600477555,0.970586829576343,0.239331572428911));
#1469=DIRECTION('center_axis',(-0.999638424997122,0.026889017633102,0.));
#1470=DIRECTION('ref_axis',(0.0261075662642829,0.970586831287114,0.239331564812908));
#1471=DIRECTION('center_axis',(-0.020024096537809,0.999799497678332,0.));
#1472=DIRECTION('ref_axis',(0.985478078144312,0.0197372655402203,0.168651705731038));
#1473=DIRECTION('center_axis',(0.0366015215768084,0.999329939818808,0.));
#1474=DIRECTION('ref_axis',(0.962228597882118,-0.0352426454806209,0.269951998246615));
#1475=DIRECTION('center_axis',(-1.65185511652181E-18,-2.12381372124229E-17,
1.));
#1476=DIRECTION('ref_axis',(1.,0.,1.65185511652181E-18));
#1477=DIRECTION('center_axis',(0.,0.,1.));
#1478=DIRECTION('ref_axis',(1.,0.,0.));
#1479=DIRECTION('',(-3.19291181921512E-16,1.08420217248612E-19,-1.));
#1480=DIRECTION('',(-1.,1.92599599345698E-16,3.19189669496338E-16));
#1481=CARTESIAN_POINT('',(0.,0.,0.));
#1482=CARTESIAN_POINT('',(0.,0.,0.));
#1483=CARTESIAN_POINT('Ctrl Pts',(-5.55111512312578E-16,4.,0.));
#1484=CARTESIAN_POINT('Ctrl Pts',(4.,4.,8.06195283202975E-15));
#1485=CARTESIAN_POINT('Ctrl Pts',(4.,-2.31331000974451E-15,8.06195283202975E-15));
#1486=CARTESIAN_POINT('Ctrl Pts',(3.99999999999999,-4.,8.06195283202975E-15));
#1487=CARTESIAN_POINT('Ctrl Pts',(-5.1817315318016E-15,-4.,0.));
#1488=CARTESIAN_POINT('Ctrl Pts',(-4.,-4.,-8.06195283202975E-15));
#1489=CARTESIAN_POINT('Ctrl Pts',(-4.,2.31331000974451E-15,-8.06195283202975E-15));
#1490=CARTESIAN_POINT('Ctrl Pts',(-4.,4.,-8.06195283202975E-15));
#1491=CARTESIAN_POINT('Ctrl Pts',(-5.55111512312578E-16,4.,0.));
#1492=CARTESIAN_POINT('Ctrl Pts',(-5.55111512312578E-16,3.91123814823274,
-0.133142837170378));
#1493=CARTESIAN_POINT('Ctrl Pts',(3.91123814823274,3.91123814823274,-0.13314283717037));
#1494=CARTESIAN_POINT('Ctrl Pts',(3.91123814823274,-2.04496219144696E-15,
-0.13314283717037));
#1495=CARTESIAN_POINT('Ctrl Pts',(3.91123814823273,-3.91123814823274,-0.13314283717037));
#1496=CARTESIAN_POINT('Ctrl Pts',(-4.64503589520649E-15,-3.91123814823274,
-0.133142837170378));
#1497=CARTESIAN_POINT('Ctrl Pts',(-3.91123814823274,-3.91123814823274,-0.133142837170386));
#1498=CARTESIAN_POINT('Ctrl Pts',(-3.91123814823274,2.04496219144696E-15,
-0.133142837170386));
#1499=CARTESIAN_POINT('Ctrl Pts',(-3.91123814823274,3.91123814823274,-0.133142837170386));
#1500=CARTESIAN_POINT('Ctrl Pts',(-5.55111512312578E-16,3.91123814823274,
-0.133142837170378));
#1501=CARTESIAN_POINT('Ctrl Pts',(-5.43775974896351E-16,3.71262053001822,
-0.368562576103136));
#1502=CARTESIAN_POINT('Ctrl Pts',(3.71262053001822,3.71262053001822,-0.368562576103128));
#1503=CARTESIAN_POINT('Ctrl Pts',(3.71262053001822,-1.58181202111202E-15,
-0.368562576103128));
#1504=CARTESIAN_POINT('Ctrl Pts',(3.71262053001821,-3.71262053001822,-0.368562576103128));
#1505=CARTESIAN_POINT('Ctrl Pts',(-3.70740001712039E-15,-3.71262053001822,
-0.368562576103136));
#1506=CARTESIAN_POINT('Ctrl Pts',(-3.71262053001822,-3.71262053001822,-0.368562576103143));
#1507=CARTESIAN_POINT('Ctrl Pts',(-3.71262053001822,1.58181202111202E-15,
-0.368562576103143));
#1508=CARTESIAN_POINT('Ctrl Pts',(-3.71262053001822,3.71262053001822,-0.368562576103143));
#1509=CARTESIAN_POINT('Ctrl Pts',(-5.43775974896351E-16,3.71262053001822,
-0.368562576103136));
#1510=CARTESIAN_POINT('Ctrl Pts',(-4.92801268646947E-16,3.35146957396829,
-0.629180070529405));
#1511=CARTESIAN_POINT('Ctrl Pts',(3.35146957396829,3.35146957396829,-0.629180070529399));
#1512=CARTESIAN_POINT('Ctrl Pts',(3.35146957396829,-1.10751524054483E-15,
-0.629180070529399));
#1513=CARTESIAN_POINT('Ctrl Pts',(3.35146957396829,-3.35146957396829,-0.629180070529399));
#1514=CARTESIAN_POINT('Ctrl Pts',(-2.70783174973662E-15,-3.35146957396829,
-0.629180070529405));
#1515=CARTESIAN_POINT('Ctrl Pts',(-3.35146957396829,-3.35146957396829,-0.629180070529412));
#1516=CARTESIAN_POINT('Ctrl Pts',(-3.35146957396829,1.10751524054484E-15,
-0.629180070529412));
#1517=CARTESIAN_POINT('Ctrl Pts',(-3.35146957396829,3.35146957396829,-0.629180070529412));
#1518=CARTESIAN_POINT('Ctrl Pts',(-4.92801268646947E-16,3.35146957396829,
-0.629180070529405));
#1519=CARTESIAN_POINT('Ctrl Pts',(-3.7026359256983E-16,2.7611784925861,
-0.819240289650013));
#1520=CARTESIAN_POINT('Ctrl Pts',(2.7611784925861,2.7611784925861,-0.819240289650007));
#1521=CARTESIAN_POINT('Ctrl Pts',(2.7611784925861,-8.46988786173058E-16,
-0.819240289650007));
#1522=CARTESIAN_POINT('Ctrl Pts',(2.7611784925861,-2.7611784925861,-0.819240289650007));
#1523=CARTESIAN_POINT('Ctrl Pts',(-2.06424116491595E-15,-2.7611784925861,
-0.819240289650013));
#1524=CARTESIAN_POINT('Ctrl Pts',(-2.7611784925861,-2.7611784925861,-0.819240289650018));
#1525=CARTESIAN_POINT('Ctrl Pts',(-2.7611784925861,8.46988786173059E-16,
-0.819240289650018));
#1526=CARTESIAN_POINT('Ctrl Pts',(-2.7611784925861,2.7611784925861,-0.819240289650018));
#1527=CARTESIAN_POINT('Ctrl Pts',(-3.7026359256983E-16,2.7611784925861,
-0.819240289650013));
#1528=CARTESIAN_POINT('Ctrl Pts',(-1.84847919742781E-16,1.90442181265768,
-0.896814427272403));
#1529=CARTESIAN_POINT('Ctrl Pts',(1.90442181265768,1.90442181265768,-0.896814427272399));
#1530=CARTESIAN_POINT('Ctrl Pts',(1.90442181265768,-8.76054699375833E-16,
-0.896814427272399));
#1531=CARTESIAN_POINT('Ctrl Pts',(1.90442181265768,-1.90442181265768,-0.896814427272399));
#1532=CARTESIAN_POINT('Ctrl Pts',(-1.93695731849445E-15,-1.90442181265768,
-0.896814427272403));
#1533=CARTESIAN_POINT('Ctrl Pts',(-1.90442181265769,-1.90442181265768,-0.896814427272407));
#1534=CARTESIAN_POINT('Ctrl Pts',(-1.90442181265769,8.76054699375833E-16,
-0.896814427272407));
#1535=CARTESIAN_POINT('Ctrl Pts',(-1.90442181265768,1.90442181265768,-0.896814427272407));
#1536=CARTESIAN_POINT('Ctrl Pts',(-1.84847919742781E-16,1.90442181265768,
-0.896814427272403));
#1537=CARTESIAN_POINT('Ctrl Pts',(-6.23102436656502E-17,1.16326137833951,
-0.901902300125374));
#1538=CARTESIAN_POINT('Ctrl Pts',(1.16326137833951,1.16326137833951,-0.901902300125371));
#1539=CARTESIAN_POINT('Ctrl Pts',(1.16326137833951,-9.8833782771396E-16,
-0.901902300125371));
#1540=CARTESIAN_POINT('Ctrl Pts',(1.16326137833951,-1.16326137833951,-0.901902300125371));
#1541=CARTESIAN_POINT('Ctrl Pts',(-2.03898589909357E-15,-1.16326137833951,
-0.901902300125374));
#1542=CARTESIAN_POINT('Ctrl Pts',(-1.16326137833951,-1.16326137833951,-0.901902300125376));
#1543=CARTESIAN_POINT('Ctrl Pts',(-1.16326137833951,9.88337827713961E-16,
-0.901902300125376));
#1544=CARTESIAN_POINT('Ctrl Pts',(-1.16326137833951,1.16326137833951,-0.901902300125376));
#1545=CARTESIAN_POINT('Ctrl Pts',(-6.23102436656502E-17,1.16326137833951,
-0.901902300125374));
#1546=CARTESIAN_POINT('Ctrl Pts',(-1.13355374162301E-17,0.588274656531236,
-0.900347905174989));
#1547=CARTESIAN_POINT('Ctrl Pts',(0.588274656531236,0.588274656531235,-0.900347905174988));
#1548=CARTESIAN_POINT('Ctrl Pts',(0.588274656531235,-1.04244539865647E-15,
-0.900347905174988));
#1549=CARTESIAN_POINT('Ctrl Pts',(0.588274656531234,-0.588274656531237,
-0.900347905174988));
#1550=CARTESIAN_POINT('Ctrl Pts',(-2.09622633472916E-15,-0.588274656531236,
-0.900347905174989));
#1551=CARTESIAN_POINT('Ctrl Pts',(-0.588274656531238,-0.588274656531235,
-0.90034790517499));
#1552=CARTESIAN_POINT('Ctrl Pts',(-0.588274656531237,1.04244539865647E-15,
-0.90034790517499));
#1553=CARTESIAN_POINT('Ctrl Pts',(-0.588274656531236,0.588274656531237,
-0.90034790517499));
#1554=CARTESIAN_POINT('Ctrl Pts',(-1.13355374162301E-17,0.588274656531236,
-0.900347905174989));
#1555=CARTESIAN_POINT('Ctrl Pts',(0.,0.197357401844166,-0.899999979883432));
#1556=CARTESIAN_POINT('Ctrl Pts',(0.197357401844166,0.197357401844165,-0.899999979883432));
#1557=CARTESIAN_POINT('Ctrl Pts',(0.197357401844165,-1.0544821753951E-15,
-0.899999979883432));
#1558=CARTESIAN_POINT('Ctrl Pts',(0.197357401844164,-0.197357401844167,
-0.899999979883432));
#1559=CARTESIAN_POINT('Ctrl Pts',(-2.10896435079019E-15,-0.197357401844166,
-0.899999979883432));
#1560=CARTESIAN_POINT('Ctrl Pts',(-0.197357401844168,-0.197357401844165,
-0.899999979883433));
#1561=CARTESIAN_POINT('Ctrl Pts',(-0.197357401844167,1.0544821753951E-15,
-0.899999979883433));
#1562=CARTESIAN_POINT('Ctrl Pts',(-0.197357401844166,0.197357401844167,
-0.899999979883433));
#1563=CARTESIAN_POINT('Ctrl Pts',(0.,0.197357401844166,-0.899999979883432));
#1564=CARTESIAN_POINT('Ctrl Pts',(0.,0.,-0.899999979883432));
#1565=CARTESIAN_POINT('Ctrl Pts',(-6.16297582203915E-31,-1.0544821753951E-15,
-0.899999979883432));
#1566=CARTESIAN_POINT('Ctrl Pts',(-1.0544821753951E-15,-1.0544821753951E-15,
-0.899999979883432));
#1567=CARTESIAN_POINT('Ctrl Pts',(-2.10896435079019E-15,-1.0544821753951E-15,
-0.899999979883432));
#1568=CARTESIAN_POINT('Ctrl Pts',(-2.10896435079019E-15,7.86683403831823E-31,
-0.899999979883432));
#1569=CARTESIAN_POINT('Ctrl Pts',(-2.10896435079019E-15,1.0544821753951E-15,
-0.899999979883432));
#1570=CARTESIAN_POINT('Ctrl Pts',(-1.0544821753951E-15,1.0544821753951E-15,
-0.899999979883432));
#1571=CARTESIAN_POINT('Ctrl Pts',(1.23259516440783E-31,1.0544821753951E-15,
-0.899999979883432));
#1572=CARTESIAN_POINT('Ctrl Pts',(0.,0.,-0.899999979883432));
#1573=CARTESIAN_POINT('',(-5.55111512312578E-16,4.,0.));
#1574=CARTESIAN_POINT('',(0.,0.,-0.899999979883432));
#1575=CARTESIAN_POINT('Ctrl Pts',(-5.55111512312578E-16,4.,0.));
#1576=CARTESIAN_POINT('Ctrl Pts',(-5.55111512312578E-16,3.91123814823274,
-0.133142837170378));
#1577=CARTESIAN_POINT('Ctrl Pts',(-5.43775974896351E-16,3.71262053001822,
-0.368562576103136));
#1578=CARTESIAN_POINT('Ctrl Pts',(-4.92801268646947E-16,3.35146957396829,
-0.629180070529405));
#1579=CARTESIAN_POINT('Ctrl Pts',(-3.7026359256983E-16,2.7611784925861,
-0.819240289650013));
#1580=CARTESIAN_POINT('Ctrl Pts',(-1.84847919742781E-16,1.90442181265768,
-0.896814427272403));
#1581=CARTESIAN_POINT('Ctrl Pts',(-6.23102436656502E-17,1.16326137833951,
-0.901902300125374));
#1582=CARTESIAN_POINT('Ctrl Pts',(-1.13355374162301E-17,0.588274656531236,
-0.900347905174989));
#1583=CARTESIAN_POINT('Ctrl Pts',(0.,0.197357401844166,-0.899999979883432));
#1584=CARTESIAN_POINT('Ctrl Pts',(0.,0.,-0.899999979883432));
#1585=CARTESIAN_POINT('Origin',(-2.86842152205709E-15,1.06997522539954E-30,
0.));
#1586=CARTESIAN_POINT('Origin',(-1.025,0.785,3.1));
#1587=CARTESIAN_POINT('',(-2.05,0.585,3.1));
#1588=CARTESIAN_POINT('',(-0.885,0.585,3.1));
#1589=CARTESIAN_POINT('',(-1.025,0.585,3.1));
#1590=CARTESIAN_POINT('',(-0.885,0.785,3.3));
#1591=CARTESIAN_POINT('Origin',(-0.885,0.785,3.1));
#1592=CARTESIAN_POINT('',(-2.25,0.785,3.3));
#1593=CARTESIAN_POINT('',(-1.025,0.785,3.3));
#1594=CARTESIAN_POINT('Origin',(-2.25,0.785,3.1));
#1595=CARTESIAN_POINT('Origin',(-2.25,-0.2925,3.1));
#1596=CARTESIAN_POINT('',(-2.25,-0.785,3.3));
#1597=CARTESIAN_POINT('',(-2.25,-0.2925,3.3));
#1598=CARTESIAN_POINT('',(-2.05,-0.585,3.1));
#1599=CARTESIAN_POINT('Origin',(-2.25,-0.785,3.1));
#1600=CARTESIAN_POINT('',(-2.05,-0.2925,3.1));
#1601=CARTESIAN_POINT('Origin',(-0.785,-1.025,3.1));
#1602=CARTESIAN_POINT('',(-0.585,-2.05,3.1));
#1603=CARTESIAN_POINT('',(-0.585,-0.885,3.1));
#1604=CARTESIAN_POINT('',(-0.585,-1.025,3.1));
#1605=CARTESIAN_POINT('',(-0.785,-0.885,3.3));
#1606=CARTESIAN_POINT('Origin',(-0.785,-0.885,3.1));
#1607=CARTESIAN_POINT('',(-0.785,-2.25,3.3));
#1608=CARTESIAN_POINT('',(-0.785,-1.025,3.3));
#1609=CARTESIAN_POINT('Origin',(-0.785,-2.25,3.1));
#1610=CARTESIAN_POINT('Origin',(0.2925,-2.25,3.1));
#1611=CARTESIAN_POINT('',(0.785,-2.25,3.3));
#1612=CARTESIAN_POINT('',(0.2925,-2.25,3.3));
#1613=CARTESIAN_POINT('',(0.585,-2.05,3.1));
#1614=CARTESIAN_POINT('Origin',(0.785,-2.25,3.1));
#1615=CARTESIAN_POINT('',(0.2925,-2.05,3.1));
#1616=CARTESIAN_POINT('Origin',(1.025,-0.785,3.1));
#1617=CARTESIAN_POINT('',(2.05,-0.585,3.1));
#1618=CARTESIAN_POINT('',(0.885,-0.585,3.1));
#1619=CARTESIAN_POINT('',(1.025,-0.585,3.1));
#1620=CARTESIAN_POINT('',(0.885,-0.785,3.3));
#1621=CARTESIAN_POINT('Origin',(0.885,-0.785,3.1));
#1622=CARTESIAN_POINT('',(2.25,-0.785,3.3));
#1623=CARTESIAN_POINT('',(1.025,-0.785,3.3));
#1624=CARTESIAN_POINT('Origin',(2.25,-0.785,3.1));
#1625=CARTESIAN_POINT('Ctrl Pts',(0.885,-0.585,3.1));
#1626=CARTESIAN_POINT('Ctrl Pts',(0.585,-0.585,3.1));
#1627=CARTESIAN_POINT('Ctrl Pts',(0.585,-0.885,3.1));
#1628=CARTESIAN_POINT('Ctrl Pts',(0.885,-0.585,3.3));
#1629=CARTESIAN_POINT('Ctrl Pts',(0.585,-0.585,3.3));
#1630=CARTESIAN_POINT('Ctrl Pts',(0.585,-0.885,3.3));
#1631=CARTESIAN_POINT('Ctrl Pts',(0.885,-0.785,3.3));
#1632=CARTESIAN_POINT('Ctrl Pts',(0.785,-0.785,3.3));
#1633=CARTESIAN_POINT('Ctrl Pts',(0.785,-0.885,3.3));
#1634=CARTESIAN_POINT('',(0.585,-0.885,3.1));
#1635=CARTESIAN_POINT('',(0.785,-0.885,3.3));
#1636=CARTESIAN_POINT('Origin',(0.785,-0.885,3.1));
#1637=CARTESIAN_POINT('Origin',(0.885,-0.885,3.3));
#1638=CARTESIAN_POINT('Origin',(0.885,-0.885,3.1));
#1639=CARTESIAN_POINT('Origin',(0.785,-0.4425,3.1));
#1640=CARTESIAN_POINT('',(0.785,-0.4425,3.3));
#1641=CARTESIAN_POINT('',(0.585,-0.4425,3.1));
#1642=CARTESIAN_POINT('Origin',(2.25,0.2925,3.1));
#1643=CARTESIAN_POINT('',(2.05,0.585,3.1));
#1644=CARTESIAN_POINT('',(2.05,0.2925,3.1));
#1645=CARTESIAN_POINT('',(2.25,0.785,3.3));
#1646=CARTESIAN_POINT('',(2.25,0.2925,3.3));
#1647=CARTESIAN_POINT('Origin',(2.25,0.785,3.1));
#1648=CARTESIAN_POINT('Origin',(0.785,1.025,3.1));
#1649=CARTESIAN_POINT('',(0.585,2.05,3.1));
#1650=CARTESIAN_POINT('',(0.585,0.885,3.1));
#1651=CARTESIAN_POINT('',(0.585,1.025,3.1));
#1652=CARTESIAN_POINT('',(0.785,0.885,3.3));
#1653=CARTESIAN_POINT('Origin',(0.785,0.885,3.1));
#1654=CARTESIAN_POINT('',(0.785,2.25,3.3));
#1655=CARTESIAN_POINT('',(0.785,1.025,3.3));
#1656=CARTESIAN_POINT('Origin',(0.785,2.25,3.1));
#1657=CARTESIAN_POINT('Ctrl Pts',(0.585,0.885,3.1));
#1658=CARTESIAN_POINT('Ctrl Pts',(0.585,0.585,3.1));
#1659=CARTESIAN_POINT('Ctrl Pts',(0.885,0.585,3.1));
#1660=CARTESIAN_POINT('Ctrl Pts',(0.585,0.885,3.3));
#1661=CARTESIAN_POINT('Ctrl Pts',(0.585,0.585,3.3));
#1662=CARTESIAN_POINT('Ctrl Pts',(0.885,0.585,3.3));
#1663=CARTESIAN_POINT('Ctrl Pts',(0.785,0.885,3.3));
#1664=CARTESIAN_POINT('Ctrl Pts',(0.785,0.785,3.3));
#1665=CARTESIAN_POINT('Ctrl Pts',(0.885,0.785,3.3));
#1666=CARTESIAN_POINT('',(0.885,0.585,3.1));
#1667=CARTESIAN_POINT('',(0.885,0.785,3.3));
#1668=CARTESIAN_POINT('Origin',(0.885,0.785,3.1));
#1669=CARTESIAN_POINT('Origin',(0.885,0.885,3.3));
#1670=CARTESIAN_POINT('Origin',(0.885,0.885,3.1));
#1671=CARTESIAN_POINT('Origin',(0.4425,0.785,3.1));
#1672=CARTESIAN_POINT('',(0.4425,0.785,3.3));
#1673=CARTESIAN_POINT('',(0.4425,0.585,3.1));
#1674=CARTESIAN_POINT('Ctrl Pts',(-0.585,-0.885,3.1));
#1675=CARTESIAN_POINT('Ctrl Pts',(-0.584999999999999,-0.584999999999999,
3.1));
#1676=CARTESIAN_POINT('Ctrl Pts',(-0.885,-0.585,3.1));
#1677=CARTESIAN_POINT('Ctrl Pts',(-0.585,-0.885,3.3));
#1678=CARTESIAN_POINT('Ctrl Pts',(-0.584999999999999,-0.584999999999999,
3.3));
#1679=CARTESIAN_POINT('Ctrl Pts',(-0.885,-0.585,3.3));
#1680=CARTESIAN_POINT('Ctrl Pts',(-0.785,-0.885,3.3));
#1681=CARTESIAN_POINT('Ctrl Pts',(-0.785,-0.785,3.3));
#1682=CARTESIAN_POINT('Ctrl Pts',(-0.885,-0.785,3.3));
#1683=CARTESIAN_POINT('',(-0.885,-0.585,3.1));
#1684=CARTESIAN_POINT('',(-0.885,-0.785,3.3));
#1685=CARTESIAN_POINT('Origin',(-0.885,-0.785,3.1));
#1686=CARTESIAN_POINT('Origin',(-0.885,-0.885,3.3));
#1687=CARTESIAN_POINT('Origin',(-0.885,-0.885,3.1));
#1688=CARTESIAN_POINT('Origin',(-0.4425,-0.785,3.1));
#1689=CARTESIAN_POINT('',(-0.4425,-0.785,3.3));
#1690=CARTESIAN_POINT('',(-0.4425,-0.585,3.1));
#1691=CARTESIAN_POINT('Origin',(-0.2925,2.25,3.1));
#1692=CARTESIAN_POINT('',(-0.585,2.05,3.1));
#1693=CARTESIAN_POINT('',(-0.2925,2.05,3.1));
#1694=CARTESIAN_POINT('',(-0.785,2.25,3.3));
#1695=CARTESIAN_POINT('',(-0.2925,2.25,3.3));
#1696=CARTESIAN_POINT('Origin',(-0.785,2.25,3.1));
#1697=CARTESIAN_POINT('Ctrl Pts',(-0.885,0.585,3.1));
#1698=CARTESIAN_POINT('Ctrl Pts',(-0.585,0.585,3.1));
#1699=CARTESIAN_POINT('Ctrl Pts',(-0.585,0.885,3.1));
#1700=CARTESIAN_POINT('Ctrl Pts',(-0.885,0.585,3.3));
#1701=CARTESIAN_POINT('Ctrl Pts',(-0.585,0.585,3.3));
#1702=CARTESIAN_POINT('Ctrl Pts',(-0.585,0.885,3.3));
#1703=CARTESIAN_POINT('Ctrl Pts',(-0.885,0.785,3.3));
#1704=CARTESIAN_POINT('Ctrl Pts',(-0.785,0.785,3.3));
#1705=CARTESIAN_POINT('Ctrl Pts',(-0.785,0.885,3.3));
#1706=CARTESIAN_POINT('',(-0.585,0.885,3.1));
#1707=CARTESIAN_POINT('',(-0.785,0.885,3.3));
#1708=CARTESIAN_POINT('Origin',(-0.785,0.885,3.1));
#1709=CARTESIAN_POINT('Origin',(-0.885,0.885,3.3));
#1710=CARTESIAN_POINT('Origin',(-0.885,0.885,3.1));
#1711=CARTESIAN_POINT('Origin',(-0.785,0.4425,3.1));
#1712=CARTESIAN_POINT('',(-0.785,0.4425,3.3));
#1713=CARTESIAN_POINT('',(-0.585,0.4425,3.1));
#1714=CARTESIAN_POINT('Origin',(0.585,-2.05,0.));
#1715=CARTESIAN_POINT('',(0.585,-2.05,0.));
#1716=CARTESIAN_POINT('',(0.585,-2.05,0.));
#1717=CARTESIAN_POINT('',(-0.585,-2.05,0.));
#1718=CARTESIAN_POINT('',(0.585,-2.05,0.));
#1719=CARTESIAN_POINT('',(-0.585,-2.05,0.));
#1720=CARTESIAN_POINT('Origin',(0.585,-0.885,0.));
#1721=CARTESIAN_POINT('',(0.585,-0.885,0.));
#1722=CARTESIAN_POINT('',(0.585,-0.885,0.));
#1723=CARTESIAN_POINT('',(0.585,-0.885,0.));
#1724=CARTESIAN_POINT('Origin',(0.885,-0.885,0.));
#1725=CARTESIAN_POINT('',(0.885,-0.585,0.));
#1726=CARTESIAN_POINT('',(0.885,-0.585,0.));
#1727=CARTESIAN_POINT('Origin',(0.885,-0.885,0.));
#1728=CARTESIAN_POINT('Origin',(2.05,-0.585,0.));
#1729=CARTESIAN_POINT('',(2.05,-0.585,0.));
#1730=CARTESIAN_POINT('',(2.05,-0.585,0.));
#1731=CARTESIAN_POINT('',(2.05,-0.585,0.));
#1732=CARTESIAN_POINT('Origin',(2.05,0.585,0.));
#1733=CARTESIAN_POINT('',(2.05,0.585,0.));
#1734=CARTESIAN_POINT('',(2.05,0.585,0.));
#1735=CARTESIAN_POINT('',(2.05,0.585,0.));
#1736=CARTESIAN_POINT('Origin',(0.885,0.585,0.));
#1737=CARTESIAN_POINT('',(0.885,0.585,0.));
#1738=CARTESIAN_POINT('',(0.885,0.585,0.));
#1739=CARTESIAN_POINT('',(0.885,0.585,0.));
#1740=CARTESIAN_POINT('Origin',(0.885,0.885,0.));
#1741=CARTESIAN_POINT('',(0.585,0.885,0.));
#1742=CARTESIAN_POINT('',(0.585,0.885,0.));
#1743=CARTESIAN_POINT('Origin',(0.885,0.885,0.));
#1744=CARTESIAN_POINT('Origin',(0.585,2.05,0.));
#1745=CARTESIAN_POINT('',(0.585,2.05,0.));
#1746=CARTESIAN_POINT('',(0.585,2.05,0.));
#1747=CARTESIAN_POINT('',(0.585,2.05,0.));
#1748=CARTESIAN_POINT('Origin',(0.,0.,3.3));
#1749=CARTESIAN_POINT('',(-2.55,3.12284933782575E-16,3.3));
#1750=CARTESIAN_POINT('Origin',(0.,0.,3.3));
#1751=CARTESIAN_POINT('Origin',(0.,0.,3.1));
#1752=CARTESIAN_POINT('',(-2.75,-3.36777869765522E-16,3.1));
#1753=CARTESIAN_POINT('Origin',(-2.55,-3.12284933782575E-16,3.1));
#1754=CARTESIAN_POINT('Origin',(0.,0.,3.1));
#1755=CARTESIAN_POINT('Origin',(0.,0.,0.));
#1756=CARTESIAN_POINT('',(-2.75,3.36777869765522E-16,0.25));
#1757=CARTESIAN_POINT('',(-2.75,-3.36777869765522E-16,0.));
#1758=CARTESIAN_POINT('Origin',(0.,0.,0.25));
#1759=CARTESIAN_POINT('Origin',(0.,0.,0.25));
#1760=CARTESIAN_POINT('',(-3.,-3.67394039744206E-16,0.));
#1761=CARTESIAN_POINT('Origin',(0.,0.,0.));
#1762=CARTESIAN_POINT('Origin',(-3.,-3.67394039744206E-16,0.25));
#1763=CARTESIAN_POINT('Origin',(0.,0.,0.));
#1764=CARTESIAN_POINT('Origin',(0.,0.,0.));
#1765=CARTESIAN_POINT('',(-0.585,-0.885,0.));
#1766=CARTESIAN_POINT('',(-0.885,-0.585,0.));
#1767=CARTESIAN_POINT('Origin',(-0.885,-0.885,0.));
#1768=CARTESIAN_POINT('',(-0.585,-0.885,0.));
#1769=CARTESIAN_POINT('',(-0.585,2.05,0.));
#1770=CARTESIAN_POINT('',(-0.585,2.05,0.));
#1771=CARTESIAN_POINT('',(-0.585,0.885,0.));
#1772=CARTESIAN_POINT('',(-0.585,0.885,0.));
#1773=CARTESIAN_POINT('',(-0.885,0.585,0.));
#1774=CARTESIAN_POINT('Origin',(-0.885,0.885,0.));
#1775=CARTESIAN_POINT('',(-2.05,0.585,0.));
#1776=CARTESIAN_POINT('',(-2.05,0.585,0.));
#1777=CARTESIAN_POINT('',(-2.05,-0.585,0.));
#1778=CARTESIAN_POINT('',(-2.05,-0.585,0.));
#1779=CARTESIAN_POINT('',(-2.05,-0.585,0.));
#1780=CARTESIAN_POINT('Origin',(-0.885,-0.885,0.));
#1781=CARTESIAN_POINT('',(-0.585,-0.885,0.));
#1782=CARTESIAN_POINT('',(-0.885,-0.585,0.));
#1783=CARTESIAN_POINT('Origin',(-0.585,-2.05,0.));
#1784=CARTESIAN_POINT('Origin',(-0.585,2.05,0.));
#1785=CARTESIAN_POINT('',(-0.585,2.05,0.));
#1786=CARTESIAN_POINT('Origin',(-0.585,0.885,0.));
#1787=CARTESIAN_POINT('',(-0.585,0.885,0.));
#1788=CARTESIAN_POINT('Origin',(-0.885,0.885,0.));
#1789=CARTESIAN_POINT('',(-0.885,0.585,0.));
#1790=CARTESIAN_POINT('Origin',(-2.05,0.585,0.));
#1791=CARTESIAN_POINT('',(-2.05,0.585,0.));
#1792=CARTESIAN_POINT('Origin',(-2.05,-0.585,0.));
#1793=CARTESIAN_POINT('',(-2.05,-0.585,0.));
#1794=CARTESIAN_POINT('Origin',(-0.885,-0.585,0.));
#1795=CARTESIAN_POINT('Ctrl Pts',(4.6359137857089,-6.01033276816895,5.65008767796767));
#1796=CARTESIAN_POINT('Ctrl Pts',(4.55587905630443,-6.04168168203738,5.64327999456765));
#1797=CARTESIAN_POINT('Ctrl Pts',(4.39248844111619,-6.09785977294259,5.62996082767823));
#1798=CARTESIAN_POINT('Ctrl Pts',(4.05717373489894,-6.19248795946205,5.60542767752035));
#1799=CARTESIAN_POINT('Ctrl Pts',(3.28065946291069,-6.35435304475345,5.55752123575752));
#1800=CARTESIAN_POINT('Ctrl Pts',(2.56112702154379,-6.42227983083441,5.53178918306477));
#1801=CARTESIAN_POINT('Ctrl Pts',(1.35022350745714,-6.50232529802836,5.50328133682566));
#1802=CARTESIAN_POINT('Ctrl Pts',(0.675031684552293,-6.52143510374949,5.49701921746832));
#1803=CARTESIAN_POINT('Ctrl Pts',(-1.74902686323811E-15,-6.52143510449347,
5.49701921760734));
#1804=CARTESIAN_POINT('Ctrl Pts',(4.7189448360338,-6.21656880732107,5.68471264331928));
#1805=CARTESIAN_POINT('Ctrl Pts',(4.63372307578879,-6.25225614893151,5.67806561652562));
#1806=CARTESIAN_POINT('Ctrl Pts',(4.46299762112852,-6.31520210991518,5.6654014055323));
#1807=CARTESIAN_POINT('Ctrl Pts',(4.11477512798409,-6.42115892914207,5.64245194361281));
#1808=CARTESIAN_POINT('Ctrl Pts',(3.31586484733118,-6.60101651339173,5.59875898629819));
#1809=CARTESIAN_POINT('Ctrl Pts',(2.58601741015092,-6.67473712918024,5.57626443361974));
#1810=CARTESIAN_POINT('Ctrl Pts',(1.36105829485313,-6.76106614317115,5.55108646681395));
#1811=CARTESIAN_POINT('Ctrl Pts',(0.680839898268174,-6.7805317034917,5.5454757445183));
#1812=CARTESIAN_POINT('Ctrl Pts',(3.25162956936541E-10,-6.78058360445693,
5.54544279274575));
#1813=CARTESIAN_POINT('Ctrl Pts',(4.90087042270684,-6.64292047688782,5.63129592745272));
#1814=CARTESIAN_POINT('Ctrl Pts',(4.80183923781412,-6.68969467742416,5.6222223312047));
#1815=CARTESIAN_POINT('Ctrl Pts',(4.61880673762859,-6.76597684202172,5.6065908946364));
#1816=CARTESIAN_POINT('Ctrl Pts',(4.24194238103668,-6.89799830959407,5.57800868551224));
#1817=CARTESIAN_POINT('Ctrl Pts',(3.39677270308354,-7.11845434847485,5.52653264312486));
#1818=CARTESIAN_POINT('Ctrl Pts',(2.64247309584604,-7.20735177426405,5.50322031546218));
#1819=CARTESIAN_POINT('Ctrl Pts',(1.38621667852713,-7.30893800868769,5.4776609193155));
#1820=CARTESIAN_POINT('Ctrl Pts',(0.694179770869627,-7.32987385337938,5.47265853577726));
#1821=CARTESIAN_POINT('Ctrl Pts',(9.74627838760575E-10,-7.32986682404019,
5.4726491542189));
#1822=CARTESIAN_POINT('Ctrl Pts',(5.06295906748821,-6.9762232339633,5.34786081384006));
#1823=CARTESIAN_POINT('Ctrl Pts',(4.9526847567566,-7.02991150822251,5.33226785866123));
#1824=CARTESIAN_POINT('Ctrl Pts',(4.757991666594,-7.11417385584159,5.30620756053863));
#1825=CARTESIAN_POINT('Ctrl Pts',(4.3559823238692,-7.26089557781057,5.25748186140864));
#1826=CARTESIAN_POINT('Ctrl Pts',(3.46922585583508,-7.50236620404418,5.17076032251169));
#1827=CARTESIAN_POINT('Ctrl Pts',(2.69322437799734,-7.59838561505964,5.13378340093236));
#1828=CARTESIAN_POINT('Ctrl Pts',(1.40864371935167,-7.70774669080102,5.09491170311968));
#1829=CARTESIAN_POINT('Ctrl Pts',(0.705852211389848,-7.72987230689396,5.0892605252108));
#1830=CARTESIAN_POINT('Ctrl Pts',(1.3726641174176E-9,-7.72980917500101,
5.08925966255999));
#1831=CARTESIAN_POINT('Ctrl Pts',(5.12756255177201,-7.09599471858895,5.16867507590935));
#1832=CARTESIAN_POINT('Ctrl Pts',(5.01355453895573,-7.15092234469608,5.14992631626397));
#1833=CARTESIAN_POINT('Ctrl Pts',(4.8130704460272,-7.23662245310813,5.11800168326032));
#1834=CARTESIAN_POINT('Ctrl Pts',(4.40097786968894,-7.38496926748228,5.05865974804876));
#1835=CARTESIAN_POINT('Ctrl Pts',(3.49678116239504,-7.62714352171908,4.95310255140137));
#1836=CARTESIAN_POINT('Ctrl Pts',(2.71267839615983,-7.72240328388239,4.90891306100421));
#1837=CARTESIAN_POINT('Ctrl Pts',(1.4169770890794,-7.8316276567216,4.86272935471522));
#1838=CARTESIAN_POINT('Ctrl Pts',(0.710188077417181,-7.85390073447427,4.85665683987691));
#1839=CARTESIAN_POINT('Ctrl Pts',(1.47041722960034E-9,-7.85390073468453,
4.85665684125765));
#1840=CARTESIAN_POINT('',(-8.74513431619052E-16,-6.52143510449346,5.49701921760734));
#1841=CARTESIAN_POINT('',(1.4704136810959E-9,-7.85390073468454,4.85665684125765));
#1842=CARTESIAN_POINT('Origin',(-1.19678247644831E-14,-6.75103186259201,
4.26828599649275));
#1843=CARTESIAN_POINT('',(5.127562551772,-7.09599471858895,5.16867507590935));
#1844=CARTESIAN_POINT('Ctrl Pts',(1.47041722960034E-9,-7.85390073468453,
4.85665684125765));
#1845=CARTESIAN_POINT('Ctrl Pts',(0.710188077417181,-7.85390073447427,4.85665683987691));
#1846=CARTESIAN_POINT('Ctrl Pts',(1.4169770890794,-7.8316276567216,4.86272935471522));
#1847=CARTESIAN_POINT('Ctrl Pts',(2.71267839615983,-7.72240328388239,4.90891306100421));
#1848=CARTESIAN_POINT('Ctrl Pts',(3.49678116239504,-7.62714352171908,4.95310255140137));
#1849=CARTESIAN_POINT('Ctrl Pts',(4.40097786968894,-7.38496926748228,5.05865974804876));
#1850=CARTESIAN_POINT('Ctrl Pts',(4.8130704460272,-7.23662245310813,5.11800168326032));
#1851=CARTESIAN_POINT('Ctrl Pts',(5.01355453895573,-7.15092234469608,5.14992631626397));
#1852=CARTESIAN_POINT('Ctrl Pts',(5.12756255177201,-7.09599471858895,5.16867507590935));
#1853=CARTESIAN_POINT('',(4.6359137857089,-6.01033276816894,5.65008767796767));
#1854=CARTESIAN_POINT('Origin',(4.79634671295179,-6.15249584352373,4.41860445199099));
#1855=CARTESIAN_POINT('Ctrl Pts',(4.6359137857089,-6.01033276816895,5.65008767796767));
#1856=CARTESIAN_POINT('Ctrl Pts',(4.55587905630443,-6.04168168203738,5.64327999456765));
#1857=CARTESIAN_POINT('Ctrl Pts',(4.39248844111619,-6.09785977294259,5.62996082767823));
#1858=CARTESIAN_POINT('Ctrl Pts',(4.05717373489894,-6.19248795946205,5.60542767752035));
#1859=CARTESIAN_POINT('Ctrl Pts',(3.28065946291069,-6.35435304475345,5.55752123575752));
#1860=CARTESIAN_POINT('Ctrl Pts',(2.56112702154379,-6.42227983083441,5.53178918306477));
#1861=CARTESIAN_POINT('Ctrl Pts',(1.35022350745714,-6.50232529802836,5.50328133682566));
#1862=CARTESIAN_POINT('Ctrl Pts',(0.675031684552293,-6.52143510374949,5.49701921746832));
#1863=CARTESIAN_POINT('Ctrl Pts',(-1.74902686323811E-15,-6.52143510449347,
5.49701921760734));
#1864=CARTESIAN_POINT('Ctrl Pts',(-6.86814001390229E-15,-6.52143510449346,
5.49701921760734));
#1865=CARTESIAN_POINT('Ctrl Pts',(-0.674682919593362,-6.52143510523705,
5.49701921774629));
#1866=CARTESIAN_POINT('Ctrl Pts',(-1.35043510230094,-6.50219184287936,5.50328731951783));
#1867=CARTESIAN_POINT('Ctrl Pts',(-2.38028837963331,-6.43458907000218,5.5275286823088));
#1868=CARTESIAN_POINT('Ctrl Pts',(-2.9202554788036,-6.3874022348437,5.54465451468076));
#1869=CARTESIAN_POINT('Ctrl Pts',(-3.62591889109364,-6.28268827072852,5.57880962708816));
#1870=CARTESIAN_POINT('Ctrl Pts',(-4.0571570304713,-6.19238441864401,5.60543108401115));
#1871=CARTESIAN_POINT('Ctrl Pts',(-4.39245349038226,-6.09791495504584,5.62995643764269));
#1872=CARTESIAN_POINT('Ctrl Pts',(-4.55590260450742,-6.04167421211772,5.64328220796485));
#1873=CARTESIAN_POINT('Ctrl Pts',(-4.63591534658451,-6.01033386649737,5.65008802000166));
#1874=CARTESIAN_POINT('Ctrl Pts',(3.25157796318186E-10,-6.78058360445692,
5.54544279274575));
#1875=CARTESIAN_POINT('Ctrl Pts',(-0.680473844086498,-6.78056509399489,
5.54546376156572));
#1876=CARTESIAN_POINT('Ctrl Pts',(-1.3612958905793,-6.7608803488566,5.55111129839569));
#1877=CARTESIAN_POINT('Ctrl Pts',(-2.40305147830161,-6.68804219525023,5.57248057122421));
#1878=CARTESIAN_POINT('Ctrl Pts',(-2.95035681059563,-6.63685784756826,5.58754974042894));
#1879=CARTESIAN_POINT('Ctrl Pts',(-3.67104196708927,-6.52141958618298,5.61815175151962));
#1880=CARTESIAN_POINT('Ctrl Pts',(-4.11477961988811,-6.42101729696635,5.64246803407501));
#1881=CARTESIAN_POINT('Ctrl Pts',(-4.46294754872157,-6.31528236960697,5.66538873884222));
#1882=CARTESIAN_POINT('Ctrl Pts',(-4.63375555653205,-6.25223299663838,5.67807240098625));
#1883=CARTESIAN_POINT('Ctrl Pts',(-4.7189462583951,-6.21656928366086,5.68471292243833));
#1884=CARTESIAN_POINT('Ctrl Pts',(9.74621896323588E-10,-7.32986682402723,
5.47264915418463));
#1885=CARTESIAN_POINT('Ctrl Pts',(-0.693822707611431,-7.32987306365103,
5.47265885522098));
#1886=CARTESIAN_POINT('Ctrl Pts',(-1.38635058951243,-7.30881594900821,5.47767095069799));
#1887=CARTESIAN_POINT('Ctrl Pts',(-2.45513893351029,-7.22283071947101,5.49938902783126));
#1888=CARTESIAN_POINT('Ctrl Pts',(-3.01832425258572,-7.16207874929104,5.5149143740014));
#1889=CARTESIAN_POINT('Ctrl Pts',(-3.77281225073016,-7.02068119730253,5.54940551026457));
#1890=CARTESIAN_POINT('Ctrl Pts',(-4.24188013878526,-6.89788927416985,5.57801891258069));
#1891=CARTESIAN_POINT('Ctrl Pts',(-4.61880891381129,-6.76602320314808,5.6065868848037));
#1892=CARTESIAN_POINT('Ctrl Pts',(-4.80186631002934,-6.68968175738152,5.62222534815969));
#1893=CARTESIAN_POINT('Ctrl Pts',(-4.90087148806655,-6.64291964349411,5.63129678851853));
#1894=CARTESIAN_POINT('Ctrl Pts',(1.37265629909699E-9,-7.72980917500102,
5.08925966255999));
#1895=CARTESIAN_POINT('Ctrl Pts',(-0.705505745056099,-7.72984716858016,
5.08927622475024));
#1896=CARTESIAN_POINT('Ctrl Pts',(-1.40870783815833,-7.70765831688452,5.0948985527809));
#1897=CARTESIAN_POINT('Ctrl Pts',(-2.50185008360264,-7.61498884712442,5.12799039413326));
#1898=CARTESIAN_POINT('Ctrl Pts',(-3.07949208069528,-7.54959131287058,5.15225986172268));
#1899=CARTESIAN_POINT('Ctrl Pts',(-3.8639434787524,-7.39519229191419,5.20933965275302));
#1900=CARTESIAN_POINT('Ctrl Pts',(-4.35587661484485,-7.26080216035868,5.25748340514411));
#1901=CARTESIAN_POINT('Ctrl Pts',(-4.75802926707542,-7.11420102932258,5.30621519114951));
#1902=CARTESIAN_POINT('Ctrl Pts',(-4.95270656902733,-7.02990636812217,5.33226787895441));
#1903=CARTESIAN_POINT('Ctrl Pts',(-5.06295999790628,-6.97622198769486,5.34786342038859));
#1904=CARTESIAN_POINT('Ctrl Pts',(1.47040837976498E-9,-7.85390073468453,
4.85665684125764));
#1905=CARTESIAN_POINT('Ctrl Pts',(-0.709821145218216,-7.85390073489468,
4.85665684263767));
#1906=CARTESIAN_POINT('Ctrl Pts',(-1.4170725069596,-7.83149985599488,4.86274076686852));
#1907=CARTESIAN_POINT('Ctrl Pts',(-2.51960940324497,-7.73902933196293,4.90200115040558));
#1908=CARTESIAN_POINT('Ctrl Pts',(-3.10305708899582,-7.67390992786861,4.93104215964744));
#1909=CARTESIAN_POINT('Ctrl Pts',(-3.89921164737732,-7.51970515465652,5.00002532956858));
#1910=CARTESIAN_POINT('Ctrl Pts',(-4.40089483016965,-7.38484876543051,5.05867920384359));
#1911=CARTESIAN_POINT('Ctrl Pts',(-4.81309245226259,-7.23666782258465,5.11799793981939));
#1912=CARTESIAN_POINT('Ctrl Pts',(-5.01358574430454,-7.15090701314377,5.14993459539604));
#1913=CARTESIAN_POINT('Ctrl Pts',(-5.12756354243693,-7.09599364841025,5.16867861411028));
#1914=CARTESIAN_POINT('',(-4.63591534658451,-6.01033386649737,5.65008802000166));
#1915=CARTESIAN_POINT('',(-5.12756354243693,-7.09599364841025,5.16867861411028));
#1916=CARTESIAN_POINT('Origin',(-4.79634837712367,-6.1524970566044,4.41860482072908));
#1917=CARTESIAN_POINT('Ctrl Pts',(-5.12756354243693,-7.09599364841025,5.16867861411028));
#1918=CARTESIAN_POINT('Ctrl Pts',(-5.01358574430454,-7.15090701314377,5.14993459539604));
#1919=CARTESIAN_POINT('Ctrl Pts',(-4.81309245226259,-7.23666782258465,5.11799793981939));
#1920=CARTESIAN_POINT('Ctrl Pts',(-4.40089483016965,-7.38484876543051,5.05867920384359));
#1921=CARTESIAN_POINT('Ctrl Pts',(-3.89921164737732,-7.51970515465652,5.00002532956858));
#1922=CARTESIAN_POINT('Ctrl Pts',(-3.10305708899582,-7.67390992786861,4.93104215964744));
#1923=CARTESIAN_POINT('Ctrl Pts',(-2.51960940324497,-7.73902933196293,4.90200115040558));
#1924=CARTESIAN_POINT('Ctrl Pts',(-1.4170725069596,-7.83149985599488,4.86274076686852));
#1925=CARTESIAN_POINT('Ctrl Pts',(-0.709821145218216,-7.85390073489468,
4.85665684263767));
#1926=CARTESIAN_POINT('Ctrl Pts',(1.47040837976498E-9,-7.85390073468453,
4.85665684125764));
#1927=CARTESIAN_POINT('Ctrl Pts',(-6.86814001390229E-15,-6.52143510449346,
5.49701921760734));
#1928=CARTESIAN_POINT('Ctrl Pts',(-0.674682919593362,-6.52143510523705,
5.49701921774629));
#1929=CARTESIAN_POINT('Ctrl Pts',(-1.35043510230094,-6.50219184287936,5.50328731951783));
#1930=CARTESIAN_POINT('Ctrl Pts',(-2.38028837963331,-6.43458907000218,5.5275286823088));
#1931=CARTESIAN_POINT('Ctrl Pts',(-2.9202554788036,-6.3874022348437,5.54465451468076));
#1932=CARTESIAN_POINT('Ctrl Pts',(-3.62591889109364,-6.28268827072852,5.57880962708816));
#1933=CARTESIAN_POINT('Ctrl Pts',(-4.0571570304713,-6.19238441864401,5.60543108401115));
#1934=CARTESIAN_POINT('Ctrl Pts',(-4.39245349038226,-6.09791495504584,5.62995643764269));
#1935=CARTESIAN_POINT('Ctrl Pts',(-4.55590260450742,-6.04167421211772,5.64328220796485));
#1936=CARTESIAN_POINT('Ctrl Pts',(-4.63591534658451,-6.01033386649737,5.65008802000166));
#1937=CARTESIAN_POINT('Ctrl Pts',(-4.6359153465845,-6.01033386649737,5.65008802000166));
#1938=CARTESIAN_POINT('Ctrl Pts',(-4.83642595938338,-5.93179547695424,5.66714327278601));
#1939=CARTESIAN_POINT('Ctrl Pts',(-5.27378543828263,-5.6843310616823,5.70657970334494));
#1940=CARTESIAN_POINT('Ctrl Pts',(-5.58447574219051,-5.29224552422828,5.74439963963468));
#1941=CARTESIAN_POINT('Ctrl Pts',(-5.72066054146105,-5.04303006806342,5.76613568930274));
#1942=CARTESIAN_POINT('Ctrl Pts',(-4.7189462583951,-6.21656928366086,5.68471292243834));
#1943=CARTESIAN_POINT('Ctrl Pts',(-4.93641777751648,-6.12489329825276,5.70155391497318));
#1944=CARTESIAN_POINT('Ctrl Pts',(-5.41353977137597,-5.84917935659084,5.74217407070658));
#1945=CARTESIAN_POINT('Ctrl Pts',(-5.76379461035157,-5.42349221108037,5.78637038995483));
#1946=CARTESIAN_POINT('Ctrl Pts',(-5.91620900361734,-5.15787651722322,5.81199637571346));
#1947=CARTESIAN_POINT('Ctrl Pts',(-4.90086230501042,-6.64289086430086,5.63126271909565));
#1948=CARTESIAN_POINT('Ctrl Pts',(-5.15283460166657,-6.52317716557307,5.65445568840856));
#1949=CARTESIAN_POINT('Ctrl Pts',(-5.71190337154583,-6.18771068557903,5.70305671701699));
#1950=CARTESIAN_POINT('Ctrl Pts',(-6.14669812192608,-5.69180799657407,5.74865740164301));
#1951=CARTESIAN_POINT('Ctrl Pts',(-6.33483644687734,-5.3913677574093,5.77485520725023));
#1952=CARTESIAN_POINT('Ctrl Pts',(-5.06295999790627,-6.97622198769486,5.34786342038859));
#1953=CARTESIAN_POINT('Ctrl Pts',(-5.34348613019407,-6.83874168581296,5.3877562957105));
#1954=CARTESIAN_POINT('Ctrl Pts',(-5.97167511751275,-6.45612709046149,5.45242708632584));
#1955=CARTESIAN_POINT('Ctrl Pts',(-6.47017685939574,-5.89524580459428,5.47790179099027));
#1956=CARTESIAN_POINT('Ctrl Pts',(-6.68338815618048,-5.56269505203642,5.49147344011187));
#1957=CARTESIAN_POINT('Ctrl Pts',(-5.12756354243693,-7.09599364841026,5.16867861411028));
#1958=CARTESIAN_POINT('Ctrl Pts',(-5.41939177550071,-6.95478190078531,5.21744030458998));
#1959=CARTESIAN_POINT('Ctrl Pts',(-6.0753208744973,-6.55557601304585,5.29055998812599));
#1960=CARTESIAN_POINT('Ctrl Pts',(-6.59438002127155,-5.96618269863281,5.30345699189998));
#1961=CARTESIAN_POINT('Ctrl Pts',(-6.81404906829192,-5.61997997596229,5.30932439665739));
#1962=CARTESIAN_POINT('',(-5.72066054146105,-5.04303006806342,5.76613568930274));
#1963=CARTESIAN_POINT('',(-6.81404906829192,-5.61997997596231,5.30932439665738));
#1964=CARTESIAN_POINT('Origin',(-5.98482845003224,-5.08087685231969,4.54495472932892));
#1965=CARTESIAN_POINT('Ctrl Pts',(-6.81404906829192,-5.61997997596229,5.30932439665739));
#1966=CARTESIAN_POINT('Ctrl Pts',(-6.59438002127155,-5.96618269863281,5.30345699189998));
#1967=CARTESIAN_POINT('Ctrl Pts',(-6.0753208744973,-6.55557601304585,5.29055998812599));
#1968=CARTESIAN_POINT('Ctrl Pts',(-5.41939177550071,-6.95478190078531,5.21744030458998));
#1969=CARTESIAN_POINT('Ctrl Pts',(-5.12756354243693,-7.09599364841026,5.16867861411028));
#1970=CARTESIAN_POINT('Ctrl Pts',(-4.6359153465845,-6.01033386649737,5.65008802000166));
#1971=CARTESIAN_POINT('Ctrl Pts',(-4.83642595938338,-5.93179547695424,5.66714327278601));
#1972=CARTESIAN_POINT('Ctrl Pts',(-5.27378543828263,-5.6843310616823,5.70657970334494));
#1973=CARTESIAN_POINT('Ctrl Pts',(-5.58447574219051,-5.29224552422828,5.74439963963468));
#1974=CARTESIAN_POINT('Ctrl Pts',(-5.72066054146105,-5.04303006806342,5.76613568930274));
#1975=CARTESIAN_POINT('Ctrl Pts',(-5.72066054146105,-5.04303006806342,5.76613568930274));
#1976=CARTESIAN_POINT('Ctrl Pts',(-5.73639131594782,-5.01424306569204,5.76864643130474));
#1977=CARTESIAN_POINT('Ctrl Pts',(-5.76610325422077,-4.95555899599542,5.77350457447152));
#1978=CARTESIAN_POINT('Ctrl Pts',(-5.82124907074195,-4.83568876299633,5.78318120117055));
#1979=CARTESIAN_POINT('Ctrl Pts',(-5.85811207747092,-4.74336261069063,5.79043293695009));
#1980=CARTESIAN_POINT('Ctrl Pts',(-6.00294274760723,-4.34896357269296,5.82126355084846));
#1981=CARTESIAN_POINT('Ctrl Pts',(-6.08086841362707,-3.99334563570123,5.84910502087263));
#1982=CARTESIAN_POINT('Ctrl Pts',(-6.18515825393769,-3.35668175695674,5.90406734859955));
#1983=CARTESIAN_POINT('Ctrl Pts',(-6.25197885113375,-2.7917185888173,5.95570382979588));
#1984=CARTESIAN_POINT('Ctrl Pts',(-6.30914405525635,-1.93060076227707,6.04314130964968));
#1985=CARTESIAN_POINT('Ctrl Pts',(-6.33626756042899,-1.06228213223383,6.13880111766624));
#1986=CARTESIAN_POINT('Ctrl Pts',(-6.33821964670478,-0.483092321037536,
6.20729267052728));
#1987=CARTESIAN_POINT('Ctrl Pts',(-6.33507616713918,-0.188873504879669,
6.24323923889814));
#1988=CARTESIAN_POINT('Ctrl Pts',(-6.33501282216375,-0.183126544271504,
6.24394173621192));
#1989=CARTESIAN_POINT('Ctrl Pts',(-6.33494751383413,-0.177380044613905,
6.24464453274523));
#1990=CARTESIAN_POINT('Ctrl Pts',(-5.94414449821111,-5.17428315281747,5.81854790234356));
#1991=CARTESIAN_POINT('Ctrl Pts',(-5.96487844089008,-5.13968475296402,5.82209263662526));
#1992=CARTESIAN_POINT('Ctrl Pts',(-5.99898803394373,-5.07698718347918,5.82806451108369));
#1993=CARTESIAN_POINT('Ctrl Pts',(-6.06404073869898,-4.94736406441135,5.84031538750133));
#1994=CARTESIAN_POINT('Ctrl Pts',(-6.10659672675175,-4.84963562461953,5.84929596414348));
#1995=CARTESIAN_POINT('Ctrl Pts',(-6.27497791768044,-4.43180967588315,5.88750251157102));
#1996=CARTESIAN_POINT('Ctrl Pts',(-6.36403206921142,-4.0631709820288,5.92066466076976));
#1997=CARTESIAN_POINT('Ctrl Pts',(-6.48274007853289,-3.40856726845682,5.98345111874375));
#1998=CARTESIAN_POINT('Ctrl Pts',(-6.5580564352686,-2.83169995287038,6.04065093415445));
#1999=CARTESIAN_POINT('Ctrl Pts',(-6.62223987851691,-1.95812706603179,6.13414324136498));
#2000=CARTESIAN_POINT('Ctrl Pts',(-6.65300297554414,-1.0798819048021,6.23358933261106));
#2001=CARTESIAN_POINT('Ctrl Pts',(-6.65607274280541,-0.494472515466442,
6.30329168045278));
#2002=CARTESIAN_POINT('Ctrl Pts',(-6.65336271419889,-0.19661438677294,6.3396719893202));
#2003=CARTESIAN_POINT('Ctrl Pts',(-6.65330802656077,-0.190776389723988,
6.34038635570321));
#2004=CARTESIAN_POINT('Ctrl Pts',(-6.65325126705204,-0.184947385603271,
6.34109946196694));
#2005=CARTESIAN_POINT('Ctrl Pts',(-6.36634444039878,-5.40798313737606,5.76157661902466));
#2006=CARTESIAN_POINT('Ctrl Pts',(-6.39639405424411,-5.36299154987069,5.76509649615551));
#2007=CARTESIAN_POINT('Ctrl Pts',(-6.43915691970861,-5.29273263447388,5.77045072674727));
#2008=CARTESIAN_POINT('Ctrl Pts',(-6.52356334003353,-5.14494651218012,5.78137649448744));
#2009=CARTESIAN_POINT('Ctrl Pts',(-6.57757257066733,-5.03688987370017,5.78922989582425));
#2010=CARTESIAN_POINT('Ctrl Pts',(-6.7934598185792,-4.57433343997369,5.82299938275376));
#2011=CARTESIAN_POINT('Ctrl Pts',(-6.9068079766532,-4.17945574952297,5.85369490149997));
#2012=CARTESIAN_POINT('Ctrl Pts',(-7.05752395953425,-3.48797077566573,5.91448424221375));
#2013=CARTESIAN_POINT('Ctrl Pts',(-7.15270950140958,-2.88591205766873,5.97147699611825));
#2014=CARTESIAN_POINT('Ctrl Pts',(-7.23408250832531,-1.98523948067632,6.06610101894722));
#2015=CARTESIAN_POINT('Ctrl Pts',(-7.27410795861613,-1.08528912807626,6.16735546275111));
#2016=CARTESIAN_POINT('Ctrl Pts',(-7.27983225350423,-0.486434745098257,
6.23805061569963));
#2017=CARTESIAN_POINT('Ctrl Pts',(-7.27795180704221,-0.180861874751044,
6.27467956205718));
#2018=CARTESIAN_POINT('Ctrl Pts',(-7.2779133854777,-0.174838135025212,6.27540126952746));
#2019=CARTESIAN_POINT('Ctrl Pts',(-7.27787266542926,-0.168838330734803,
6.27612035555532));
#2020=CARTESIAN_POINT('Ctrl Pts',(-6.70205400076784,-5.57087861259722,5.46545214818979));
#2021=CARTESIAN_POINT('Ctrl Pts',(-6.73778823296181,-5.51769258285249,5.46617526539763));
#2022=CARTESIAN_POINT('Ctrl Pts',(-6.78568272551672,-5.44036146813266,5.46716416114243));
#2023=CARTESIAN_POINT('Ctrl Pts',(-6.8811408278768,-5.27635066901631,5.46839831729428));
#2024=CARTESIAN_POINT('Ctrl Pts',(-6.94119138394147,-5.15861727753039,5.46918765853726));
#2025=CARTESIAN_POINT('Ctrl Pts',(-7.18135006434368,-4.65499559876999,5.47336395200799));
#2026=CARTESIAN_POINT('Ctrl Pts',(-7.30356808713656,-4.23622917610516,5.48393500581024));
#2027=CARTESIAN_POINT('Ctrl Pts',(-7.46611935606546,-3.5115484187408,5.5193371220365));
#2028=CARTESIAN_POINT('Ctrl Pts',(-7.56768337263307,-2.88694315117577,5.55968754404303));
#2029=CARTESIAN_POINT('Ctrl Pts',(-7.65445790646731,-1.96254760394947,5.64044237241255));
#2030=CARTESIAN_POINT('Ctrl Pts',(-7.69709397601125,-1.04414052478172,5.73457904126562));
#2031=CARTESIAN_POINT('Ctrl Pts',(-7.70305713508073,-0.434210319409832,
5.8033389374562));
#2032=CARTESIAN_POINT('Ctrl Pts',(-7.70088743767972,-0.122548713264643,
5.83920279062661));
#2033=CARTESIAN_POINT('Ctrl Pts',(-7.70084358201863,-0.11638895788424,5.83991118915634));
#2034=CARTESIAN_POINT('Ctrl Pts',(-7.7007970898174,-0.110260391328702,5.84061620423974));
#2035=CARTESIAN_POINT('Ctrl Pts',(-6.81404906829194,-5.61997997596226,5.30932439665738));
#2036=CARTESIAN_POINT('Ctrl Pts',(-6.85108312108169,-5.56399177281816,5.308636267639));
#2037=CARTESIAN_POINT('Ctrl Pts',(-6.90000058611237,-5.48394400816221,5.30751932040081));
#2038=CARTESIAN_POINT('Ctrl Pts',(-6.99747077640939,-5.31389322361161,5.30408615152169));
#2039=CARTESIAN_POINT('Ctrl Pts',(-7.05832661290139,-5.19247862691021,5.30153238762347));
#2040=CARTESIAN_POINT('Ctrl Pts',(-7.30133022511973,-4.67349434966814,5.29175977600574));
#2041=CARTESIAN_POINT('Ctrl Pts',(-7.42248329784785,-4.24619001113218,5.29317178379276));
#2042=CARTESIAN_POINT('Ctrl Pts',(-7.58364913298426,-3.50990426980848,5.31701030069234));
#2043=CARTESIAN_POINT('Ctrl Pts',(-7.6837472158539,-2.87761598057622,5.34984480759891));
#2044=CARTESIAN_POINT('Ctrl Pts',(-7.76898412150378,-1.94542513778185,5.42424300563734));
#2045=CARTESIAN_POINT('Ctrl Pts',(-7.81063981240652,-1.02114205936787,5.51504232080078));
#2046=CARTESIAN_POINT('Ctrl Pts',(-7.81607809303266,-0.407751785869591,
5.5828731536297));
#2047=CARTESIAN_POINT('Ctrl Pts',(-7.81352343856959,-0.0942570241705356,
5.61838081446423));
#2048=CARTESIAN_POINT('Ctrl Pts',(-7.81347160356432,-0.0880589193599696,
5.61908234122715));
#2049=CARTESIAN_POINT('Ctrl Pts',(-7.81341721647749,-0.0818930787525556,
5.61978044536378));
#2050=CARTESIAN_POINT('',(-6.33494751383412,-0.177380044613903,6.24464453274523));
#2051=CARTESIAN_POINT('',(-7.8134172164775,-0.0818930787525554,5.61978044536377));
#2052=CARTESIAN_POINT('Origin',(-6.69810918054848,-0.0281154627300598,5.05791217520867));
#2053=CARTESIAN_POINT('',(-7.81357321514369,-0.10039567165037,5.61768563006011));
#2054=CARTESIAN_POINT('Ctrl Pts',(-7.81341721647749,-0.0818930787525556,
5.61978044536378));
#2055=CARTESIAN_POINT('Ctrl Pts',(-7.81347160356432,-0.0880589193599696,
5.61908234122715));
#2056=CARTESIAN_POINT('Ctrl Pts',(-7.81352343856959,-0.0942570241705356,
5.61838081446423));
#2057=CARTESIAN_POINT('Ctrl Pts',(-7.8135733421799,-0.100380952337531,5.61768719405682));
#2058=CARTESIAN_POINT('Ctrl Pts',(-7.8135733421799,-0.100380952337531,5.61768719405682));
#2059=CARTESIAN_POINT('Ctrl Pts',(-7.81607809303266,-0.407751785869591,
5.5828731536297));
#2060=CARTESIAN_POINT('Ctrl Pts',(-7.81063981240652,-1.02114205936787,5.51504232080078));
#2061=CARTESIAN_POINT('Ctrl Pts',(-7.76898412150378,-1.94542513778185,5.42424300563734));
#2062=CARTESIAN_POINT('Ctrl Pts',(-7.6837472158539,-2.87761598057622,5.34984480759891));
#2063=CARTESIAN_POINT('Ctrl Pts',(-7.58364913298426,-3.50990426980848,5.31701030069234));
#2064=CARTESIAN_POINT('Ctrl Pts',(-7.42248329784785,-4.24619001113218,5.29317178379276));
#2065=CARTESIAN_POINT('Ctrl Pts',(-7.30133022511973,-4.67349434966814,5.29175977600574));
#2066=CARTESIAN_POINT('Ctrl Pts',(-7.05832661290139,-5.19247862691021,5.30153238762347));
#2067=CARTESIAN_POINT('Ctrl Pts',(-6.99747077640939,-5.31389322361161,5.30408615152169));
#2068=CARTESIAN_POINT('Ctrl Pts',(-6.90000058611237,-5.48394400816221,5.30751932040081));
#2069=CARTESIAN_POINT('Ctrl Pts',(-6.85108312108169,-5.56399177281816,5.308636267639));
#2070=CARTESIAN_POINT('Ctrl Pts',(-6.81404906829194,-5.61997997596226,5.30932439665738));
#2071=CARTESIAN_POINT('Ctrl Pts',(-5.72066054146105,-5.04303006806342,5.76613568930274));
#2072=CARTESIAN_POINT('Ctrl Pts',(-5.73639131594782,-5.01424306569204,5.76864643130474));
#2073=CARTESIAN_POINT('Ctrl Pts',(-5.76610325422077,-4.95555899599542,5.77350457447152));
#2074=CARTESIAN_POINT('Ctrl Pts',(-5.82124907074195,-4.83568876299633,5.78318120117055));
#2075=CARTESIAN_POINT('Ctrl Pts',(-5.85811207747092,-4.74336261069063,5.79043293695009));
#2076=CARTESIAN_POINT('Ctrl Pts',(-6.00294274760723,-4.34896357269296,5.82126355084846));
#2077=CARTESIAN_POINT('Ctrl Pts',(-6.08086841362707,-3.99334563570123,5.84910502087263));
#2078=CARTESIAN_POINT('Ctrl Pts',(-6.18515825393769,-3.35668175695674,5.90406734859955));
#2079=CARTESIAN_POINT('Ctrl Pts',(-6.25197885113375,-2.7917185888173,5.95570382979588));
#2080=CARTESIAN_POINT('Ctrl Pts',(-6.30914405525635,-1.93060076227707,6.04314130964968));
#2081=CARTESIAN_POINT('Ctrl Pts',(-6.33626756042899,-1.06228213223383,6.13880111766624));
#2082=CARTESIAN_POINT('Ctrl Pts',(-6.33821964670478,-0.483092321037536,
6.20729267052728));
#2083=CARTESIAN_POINT('Ctrl Pts',(-6.33507616713918,-0.188873504879669,
6.24323923889814));
#2084=CARTESIAN_POINT('Ctrl Pts',(-6.33501282216375,-0.183126544271504,
6.24394173621192));
#2085=CARTESIAN_POINT('Ctrl Pts',(-6.33494751383413,-0.177380044613905,
6.24464453274523));
#2086=CARTESIAN_POINT('Ctrl Pts',(-6.33494751383407,-0.177380044608086,
6.24464453274595));
#2087=CARTESIAN_POINT('Ctrl Pts',(-6.32689037326971,0.548668846408234,6.33349973154356));
#2088=CARTESIAN_POINT('Ctrl Pts',(-6.29382173829991,1.25527949983722,6.4175186541789));
#2089=CARTESIAN_POINT('Ctrl Pts',(-6.16433520736169,2.65532934984094,6.59810409836967));
#2090=CARTESIAN_POINT('Ctrl Pts',(-6.0751720524041,3.34425525927278,6.69372181996687));
#2091=CARTESIAN_POINT('Ctrl Pts',(-5.88002365672631,3.99559389231841,6.79332040100938));
#2092=CARTESIAN_POINT('Ctrl Pts',(-5.87613196689206,4.00829778937737,6.79526330149101));
#2093=CARTESIAN_POINT('Ctrl Pts',(-5.83687129021358,4.13522319452367,6.81472507395267));
#2094=CARTESIAN_POINT('Ctrl Pts',(-5.79749370461651,4.24734467059467,6.83211928290243));
#2095=CARTESIAN_POINT('Ctrl Pts',(-5.75365408453006,4.35667457730219,6.84934829962744));
#2096=CARTESIAN_POINT('Ctrl Pts',(-6.65325126705198,-0.184947385597376,
6.34109946196766));
#2097=CARTESIAN_POINT('Ctrl Pts',(-6.64623438642811,0.550515013843769,6.43105858133886));
#2098=CARTESIAN_POINT('Ctrl Pts',(-6.61444643924059,1.26366755511025,6.51553398982186));
#2099=CARTESIAN_POINT('Ctrl Pts',(-6.48016189471746,2.68602443835363,6.69505894480095));
#2100=CARTESIAN_POINT('Ctrl Pts',(-6.38771516676948,3.38897199929577,6.78899660151946));
#2101=CARTESIAN_POINT('Ctrl Pts',(-6.17103931576407,4.07378985307317,6.88816967841067));
#2102=CARTESIAN_POINT('Ctrl Pts',(-6.16670020678523,4.0871736625846,6.89010314297709));
#2103=CARTESIAN_POINT('Ctrl Pts',(-6.12308572750715,4.22071751093897,6.90947879449365));
#2104=CARTESIAN_POINT('Ctrl Pts',(-6.07817860717356,4.34071538388028,6.92698304381709));
#2105=CARTESIAN_POINT('Ctrl Pts',(-6.02999274602854,4.45557398821552,6.94421234129964));
#2106=CARTESIAN_POINT('Ctrl Pts',(-7.27786815164333,-0.168837349722761,
6.27611181230709));
#2107=CARTESIAN_POINT('Ctrl Pts',(-7.27278762204376,0.58287570659702,6.36615030698772));
#2108=CARTESIAN_POINT('Ctrl Pts',(-7.24295289142364,1.31166653170561,6.44919858169509));
#2109=CARTESIAN_POINT('Ctrl Pts',(-7.09604802762868,2.77880742761867,6.63185153362942));
#2110=CARTESIAN_POINT('Ctrl Pts',(-6.99399899542645,3.51075133035323,6.72878836172063));
#2111=CARTESIAN_POINT('Ctrl Pts',(-6.73206254059841,4.25826334270967,6.84527914040839));
#2112=CARTESIAN_POINT('Ctrl Pts',(-6.72678792862054,4.27291668837687,6.8475691330659));
#2113=CARTESIAN_POINT('Ctrl Pts',(-6.67403906275795,4.41886097339838,6.87041810089416));
#2114=CARTESIAN_POINT('Ctrl Pts',(-6.61788236804771,4.55323268789081,6.89215425849384));
#2115=CARTESIAN_POINT('Ctrl Pts',(-6.56064994079764,4.67864101145543,6.91257887892852));
#2116=CARTESIAN_POINT('Ctrl Pts',(-7.70079708981736,-0.110260391322615,
5.84061620424045));
#2117=CARTESIAN_POINT('Ctrl Pts',(-7.69503137394072,0.649168007293076,5.92797231035732));
#2118=CARTESIAN_POINT('Ctrl Pts',(-7.66372601529833,1.3920937770547,6.00800181780412));
#2119=CARTESIAN_POINT('Ctrl Pts',(-7.50911826428138,2.89185708818262,6.20045220128457));
#2120=CARTESIAN_POINT('Ctrl Pts',(-7.40411878502617,3.64520045833763,6.30857989946293));
#2121=CARTESIAN_POINT('Ctrl Pts',(-7.12273077556453,4.43944369582971,6.46223156875373));
#2122=CARTESIAN_POINT('Ctrl Pts',(-7.11704429903871,4.4550474583155,6.46527465070825));
#2123=CARTESIAN_POINT('Ctrl Pts',(-7.06028263818028,4.6103223182077,6.4955318321247));
#2124=CARTESIAN_POINT('Ctrl Pts',(-6.99915500231167,4.75516134710699,6.52588064820738));
#2125=CARTESIAN_POINT('Ctrl Pts',(-6.9373130161578,4.88924031761168,6.55302863097912));
#2126=CARTESIAN_POINT('Ctrl Pts',(-7.81341721647744,-0.0818930787464592,
5.61978044536447));
#2127=CARTESIAN_POINT('Ctrl Pts',(-7.80670878466959,0.67863894571667,5.7058888263816));
#2128=CARTESIAN_POINT('Ctrl Pts',(-7.77391486985229,1.42628255720683,5.78474804216687));
#2129=CARTESIAN_POINT('Ctrl Pts',(-7.61805735600815,2.93550203704705,5.98121549404601));
#2130=CARTESIAN_POINT('Ctrl Pts',(-7.51398018246013,3.69510817847502,6.09378826565005));
#2131=CARTESIAN_POINT('Ctrl Pts',(-7.23240974336443,4.50413283036894,6.26250763946504));
#2132=CARTESIAN_POINT('Ctrl Pts',(-7.22671444666863,4.52003808258761,6.26585683384766));
#2133=CARTESIAN_POINT('Ctrl Pts',(-7.16986538137179,4.67828874843964,6.29912533077882));
#2134=CARTESIAN_POINT('Ctrl Pts',(-7.10855223901843,4.82642068266317,6.33297217498329));
#2135=CARTESIAN_POINT('Ctrl Pts',(-7.04620320797798,4.96348543938116,6.36290047850981));
#2136=CARTESIAN_POINT('',(-5.75365408453006,4.35667457730219,6.84934829962744));
#2137=CARTESIAN_POINT('',(-7.04620320792206,4.96348543948892,6.36290047854332));
#2138=CARTESIAN_POINT('Origin',(-6.04872210865507,4.66033195459734,5.67324156197427));
#2139=CARTESIAN_POINT('Ctrl Pts',(-7.04620320797798,4.96348543938116,6.36290047850981));
#2140=CARTESIAN_POINT('Ctrl Pts',(-7.10855223901843,4.82642068266317,6.33297217498329));
#2141=CARTESIAN_POINT('Ctrl Pts',(-7.16986538137179,4.67828874843964,6.29912533077882));
#2142=CARTESIAN_POINT('Ctrl Pts',(-7.22671444666863,4.52003808258761,6.26585683384766));
#2143=CARTESIAN_POINT('Ctrl Pts',(-7.23240974336443,4.50413283036894,6.26250763946504));
#2144=CARTESIAN_POINT('Ctrl Pts',(-7.51398018246013,3.69510817847502,6.09378826565005));
#2145=CARTESIAN_POINT('Ctrl Pts',(-7.61805735600815,2.93550203704705,5.98121549404601));
#2146=CARTESIAN_POINT('Ctrl Pts',(-7.77391486985229,1.42628255720683,5.78474804216687));
#2147=CARTESIAN_POINT('Ctrl Pts',(-7.80670878466959,0.67863894571667,5.7058888263816));
#2148=CARTESIAN_POINT('Ctrl Pts',(-7.81341721647744,-0.0818930787464592,
5.61978044536447));
#2149=CARTESIAN_POINT('',(-5.88389046243966,3.98284187699901,6.79137802945735));
#2150=CARTESIAN_POINT('Ctrl Pts',(-6.33494751383407,-0.177380044608086,
6.24464453274595));
#2151=CARTESIAN_POINT('Ctrl Pts',(-6.32689037326971,0.548668846408234,6.33349973154356));
#2152=CARTESIAN_POINT('Ctrl Pts',(-6.29382173829991,1.25527949983722,6.4175186541789));
#2153=CARTESIAN_POINT('Ctrl Pts',(-6.16433520736169,2.65532934984094,6.59810409836967));
#2154=CARTESIAN_POINT('Ctrl Pts',(-6.0751720524041,3.34425525927278,6.69372181996687));
#2155=CARTESIAN_POINT('Ctrl Pts',(-5.88384733696719,3.98283175480428,6.79136889572014));
#2156=CARTESIAN_POINT('Ctrl Pts',(-5.88384733696719,3.98283175480428,6.79136889572014));
#2157=CARTESIAN_POINT('Ctrl Pts',(-5.88002365672631,3.99559389231841,6.79332040100938));
#2158=CARTESIAN_POINT('Ctrl Pts',(-5.87613196689206,4.00829778937737,6.79526330149101));
#2159=CARTESIAN_POINT('Ctrl Pts',(-5.83687129021358,4.13522319452367,6.81472507395267));
#2160=CARTESIAN_POINT('Ctrl Pts',(-5.79749370461651,4.24734467059467,6.83211928290243));
#2161=CARTESIAN_POINT('Ctrl Pts',(-5.75365408453006,4.35667457730219,6.84934829962744));
#2162=CARTESIAN_POINT('Ctrl Pts',(-5.7536540845101,4.356674577352,6.8493482996353));
#2163=CARTESIAN_POINT('Ctrl Pts',(-5.67336378972572,4.55690739007195,6.88090246979138));
#2164=CARTESIAN_POINT('Ctrl Pts',(-5.50205138785568,4.87300517060176,6.92913390765889));
#2165=CARTESIAN_POINT('Ctrl Pts',(-5.13928004312056,5.21511052729885,6.96558706641058));
#2166=CARTESIAN_POINT('Ctrl Pts',(-4.89209367839276,5.35971490405084,6.97365596030488));
#2167=CARTESIAN_POINT('Ctrl Pts',(-4.76337162140339,5.42363756913575,6.97654612695875));
#2168=CARTESIAN_POINT('Ctrl Pts',(-5.99545041332238,4.44321156189862,6.93235433609798));
#2169=CARTESIAN_POINT('Ctrl Pts',(-5.9038376629898,4.65960839853225,6.96469756154761));
#2170=CARTESIAN_POINT('Ctrl Pts',(-5.70505829113032,5.01183808167218,7.0156568391755));
#2171=CARTESIAN_POINT('Ctrl Pts',(-5.28961288593792,5.4080449475559,7.05983089062187));
#2172=CARTESIAN_POINT('Ctrl Pts',(-5.0190872645651,5.57229649023494,7.07227868799526));
#2173=CARTESIAN_POINT('Ctrl Pts',(-4.88097867068121,5.64372135827339,7.07715959334108));
#2174=CARTESIAN_POINT('Ctrl Pts',(-6.5209974496634,4.65999315683581,6.92771011007398));
#2175=CARTESIAN_POINT('Ctrl Pts',(-6.40396329575729,4.9096290795984,6.96843607504979));
#2176=CARTESIAN_POINT('Ctrl Pts',(-6.14505630592673,5.33538077707852,7.03695486218348));
#2177=CARTESIAN_POINT('Ctrl Pts',(-5.62005003522663,5.8466376763696,7.0929816847481));
#2178=CARTESIAN_POINT('Ctrl Pts',(-5.30081013339283,6.05596833810603,7.10594807426107));
#2179=CARTESIAN_POINT('Ctrl Pts',(-5.14277813082041,6.14501986978447,7.11126507166324));
#2180=CARTESIAN_POINT('Ctrl Pts',(-6.91916465083791,4.87686613069157,6.58471665639662));
#2181=CARTESIAN_POINT('Ctrl Pts',(-6.78819152069409,5.15132061730621,6.64308006627317));
#2182=CARTESIAN_POINT('Ctrl Pts',(-6.49301008469653,5.63238786038469,6.74573317007872));
#2183=CARTESIAN_POINT('Ctrl Pts',(-5.88556154522192,6.22781627452006,6.80255193892873));
#2184=CARTESIAN_POINT('Ctrl Pts',(-5.52747747051891,6.46713237057008,6.7997948837481));
#2185=CARTESIAN_POINT('Ctrl Pts',(-5.35308440851083,6.56810290005721,6.79857615647243));
#2186=CARTESIAN_POINT('Ctrl Pts',(-7.04620320796124,4.96348543942286,6.3629004785157));
#2187=CARTESIAN_POINT('Ctrl Pts',(-6.91409539589316,5.24637853084126,6.42962189402593));
#2188=CARTESIAN_POINT('Ctrl Pts',(-6.61229584228366,5.74733828404569,6.54872594257525));
#2189=CARTESIAN_POINT('Ctrl Pts',(-5.97731512471655,6.36848173375839,6.60365312486534));
#2190=CARTESIAN_POINT('Ctrl Pts',(-5.60469787876814,6.61431773024925,6.59163060092781));
#2191=CARTESIAN_POINT('Ctrl Pts',(-5.42427089032081,6.71767624778905,6.58655809036887));
#2192=CARTESIAN_POINT('',(-4.76337162140339,5.42363756913575,6.97654612695875));
#2193=CARTESIAN_POINT('',(-5.42427089032081,6.71767624778905,6.58655809036887));
#2194=CARTESIAN_POINT('Origin',(-4.95071271082601,5.85328242922042,5.81774993676102));
#2195=CARTESIAN_POINT('Ctrl Pts',(-5.42427089032081,6.71767624778905,6.58655809036887));
#2196=CARTESIAN_POINT('Ctrl Pts',(-5.60469787876814,6.61431773024925,6.59163060092781));
#2197=CARTESIAN_POINT('Ctrl Pts',(-5.97731512471655,6.36848173375839,6.60365312486534));
#2198=CARTESIAN_POINT('Ctrl Pts',(-6.61229584228366,5.74733828404569,6.54872594257525));
#2199=CARTESIAN_POINT('Ctrl Pts',(-6.91409539589316,5.24637853084126,6.42962189402593));
#2200=CARTESIAN_POINT('Ctrl Pts',(-7.04620320796124,4.96348543942286,6.3629004785157));
#2201=CARTESIAN_POINT('Ctrl Pts',(-5.7536540845101,4.356674577352,6.8493482996353));
#2202=CARTESIAN_POINT('Ctrl Pts',(-5.67336378972572,4.55690739007195,6.88090246979138));
#2203=CARTESIAN_POINT('Ctrl Pts',(-5.50205138785568,4.87300517060176,6.92913390765889));
#2204=CARTESIAN_POINT('Ctrl Pts',(-5.13928004312056,5.21511052729885,6.96558706641058));
#2205=CARTESIAN_POINT('Ctrl Pts',(-4.89209367839276,5.35971490405084,6.97365596030488));
#2206=CARTESIAN_POINT('Ctrl Pts',(-4.76337162140339,5.42363756913575,6.97654612695875));
#2207=CARTESIAN_POINT('Ctrl Pts',(-4.76337162140283,5.42363756913604,6.97654612695877));
#2208=CARTESIAN_POINT('Ctrl Pts',(-4.62720791354526,5.49125571708727,6.97960337928304));
#2209=CARTESIAN_POINT('Ctrl Pts',(-4.34223329566253,5.60595284571627,6.98237943981855));
#2210=CARTESIAN_POINT('Ctrl Pts',(-3.74283321733549,5.7808557753558,6.98385643982024));
#2211=CARTESIAN_POINT('Ctrl Pts',(-2.32854081843161,6.03405047101233,6.98476539074095));
#2212=CARTESIAN_POINT('Ctrl Pts',(-0.99844953424071,6.09396432449877,6.99567282852043));
#2213=CARTESIAN_POINT('Ctrl Pts',(0.663844134842889,6.09977553135285,6.99942591926112));
#2214=CARTESIAN_POINT('Ctrl Pts',(1.98882738202482,6.05021174784145,6.99593133521388));
#2215=CARTESIAN_POINT('Ctrl Pts',(3.44399754298122,5.86836863386473,6.99188900640192));
#2216=CARTESIAN_POINT('Ctrl Pts',(4.27070342426272,5.62886178879397,6.98727743724458));
#2217=CARTESIAN_POINT('Ctrl Pts',(4.55892634402269,5.51961926416935,6.98360319820847));
#2218=CARTESIAN_POINT('Ctrl Pts',(4.69848660603832,5.45704133404985,6.98093160091916));
#2219=CARTESIAN_POINT('Ctrl Pts',(4.76650265756849,5.4230707411901,6.97911672298174));
#2220=CARTESIAN_POINT('Ctrl Pts',(-4.89777967772027,5.67516189957911,7.09153294568144));
#2221=CARTESIAN_POINT('Ctrl Pts',(-4.74886835837791,5.75294209224974,7.0971272987584));
#2222=CARTESIAN_POINT('Ctrl Pts',(-4.44463877803367,5.88191325853426,7.10450819920363));
#2223=CARTESIAN_POINT('Ctrl Pts',(-3.81455311580858,6.07467213533173,7.11377020657547));
#2224=CARTESIAN_POINT('Ctrl Pts',(-2.35586862736923,6.34418877586569,7.12645594743074));
#2225=CARTESIAN_POINT('Ctrl Pts',(-1.01297509816311,6.39960504174461,7.13706478151069));
#2226=CARTESIAN_POINT('Ctrl Pts',(0.673530474324811,6.40600497574252,7.13972360061276));
#2227=CARTESIAN_POINT('Ctrl Pts',(2.01410721725687,6.35666748330988,7.13462720956878));
#2228=CARTESIAN_POINT('Ctrl Pts',(3.50110069799433,6.16918967279613,7.12326910713645));
#2229=CARTESIAN_POINT('Ctrl Pts',(4.36858723184879,5.90703518655857,7.10901181155747));
#2230=CARTESIAN_POINT('Ctrl Pts',(4.67587988347256,5.78426584400572,7.10125367133815));
#2231=CARTESIAN_POINT('Ctrl Pts',(4.82569376889235,5.71378909561265,7.09635265584468));
#2232=CARTESIAN_POINT('Ctrl Pts',(4.90058004027813,5.67444716610451,7.09334015280379));
#2233=CARTESIAN_POINT('Ctrl Pts',(-5.16303030611855,6.18468592032271,7.0991083973078));
#2234=CARTESIAN_POINT('Ctrl Pts',(-4.98257478602297,6.28808852321048,7.10463971573159));
#2235=CARTESIAN_POINT('Ctrl Pts',(-4.64946241802747,6.44387484699808,7.11096525301826));
#2236=CARTESIAN_POINT('Ctrl Pts',(-3.95643257410878,6.67996841157093,7.12057972392284));
#2237=CARTESIAN_POINT('Ctrl Pts',(-2.41171869473735,6.98956139416272,7.13820349481932));
#2238=CARTESIAN_POINT('Ctrl Pts',(-1.04017598897633,7.03786105748151,7.15391000838334));
#2239=CARTESIAN_POINT('Ctrl Pts',(0.693193311098077,7.04241516408604,7.15524352518006));
#2240=CARTESIAN_POINT('Ctrl Pts',(2.06414793419857,6.99334621559837,7.14564166188051));
#2241=CARTESIAN_POINT('Ctrl Pts',(3.61618710234653,6.78849283957867,7.12778620715911));
#2242=CARTESIAN_POINT('Ctrl Pts',(4.56260565749939,6.47351827740639,7.11426805750933));
#2243=CARTESIAN_POINT('Ctrl Pts',(4.90736102284391,6.32147218165785,7.10727032742149));
#2244=CARTESIAN_POINT('Ctrl Pts',(5.07434673137342,6.23501775034029,7.1030784539128));
#2245=CARTESIAN_POINT('Ctrl Pts',(5.16449010754172,6.18337426812215,7.10017413728747));
#2246=CARTESIAN_POINT('Ctrl Pts',(-5.36325390591141,6.58947052116226,6.76828786131477));
#2247=CARTESIAN_POINT('Ctrl Pts',(-5.16152362047704,6.70699318270886,6.76547381429693));
#2248=CARTESIAN_POINT('Ctrl Pts',(-4.80244642158296,6.87847533141319,6.75603939322924));
#2249=CARTESIAN_POINT('Ctrl Pts',(-4.0615085202534,7.13778553881547,6.74290727147157));
#2250=CARTESIAN_POINT('Ctrl Pts',(-2.44903017829047,7.47022876360551,6.73626737084885));
#2251=CARTESIAN_POINT('Ctrl Pts',(-1.05808671866722,7.51849669300645,6.76391719474938));
#2252=CARTESIAN_POINT('Ctrl Pts',(0.706650193818343,7.52202539493327,6.76583929726549));
#2253=CARTESIAN_POINT('Ctrl Pts',(2.09891322865447,7.46923391885448,6.75078640302781));
#2254=CARTESIAN_POINT('Ctrl Pts',(3.69866602541035,7.25325315089297,6.74110257284437));
#2255=CARTESIAN_POINT('Ctrl Pts',(4.70702204053901,6.91040124892191,6.75758937983709));
#2256=CARTESIAN_POINT('Ctrl Pts',(5.08070144270672,6.74223261631613,6.76496515669518));
#2257=CARTESIAN_POINT('Ctrl Pts',(5.26228299751947,6.6465183222981,6.76875683361878));
#2258=CARTESIAN_POINT('Ctrl Pts',(5.36303333329919,6.5879877476768,6.76996273197017));
#2259=CARTESIAN_POINT('Ctrl Pts',(-5.42427089031994,6.71767624778955,6.58655809036884));
#2260=CARTESIAN_POINT('Ctrl Pts',(-5.2166489623228,6.83744896142506,6.5797817170567));
#2261=CARTESIAN_POINT('Ctrl Pts',(-4.84796574783513,7.01148242524676,6.562990047696));
#2262=CARTESIAN_POINT('Ctrl Pts',(-4.0921269983298,7.2733615929207,6.53921068550883));
#2263=CARTESIAN_POINT('Ctrl Pts',(-2.45856425075754,7.60823495353396,6.52088492613999));
#2264=CARTESIAN_POINT('Ctrl Pts',(-1.06280034102896,7.65840782390188,6.553399755861));
#2265=CARTESIAN_POINT('Ctrl Pts',(0.710324743694114,7.66201815894998,6.55568042368029));
#2266=CARTESIAN_POINT('Ctrl Pts',(2.10829384599305,7.60685953921299,6.53870800081474));
#2267=CARTESIAN_POINT('Ctrl Pts',(3.72183619389608,7.38939714186378,6.53360283199875));
#2268=CARTESIAN_POINT('Ctrl Pts',(4.74983688161652,7.0437514319645,6.56381379595584));
#2269=CARTESIAN_POINT('Ctrl Pts',(5.13288206654289,6.87326826859012,6.57799295424441));
#2270=CARTESIAN_POINT('Ctrl Pts',(5.31959081189786,6.77601262645168,6.58546479497938));
#2271=CARTESIAN_POINT('Ctrl Pts',(5.42342282788845,6.7163009425398,6.58862294062999));
#2272=CARTESIAN_POINT('',(4.76650265756849,5.4230707411901,6.97911672298174));
#2273=CARTESIAN_POINT('',(5.42342282788845,6.71630094253981,6.58862294062999));
#2274=CARTESIAN_POINT('Origin',(4.94988172978005,5.85218600363999,5.81949083183953));
#2275=CARTESIAN_POINT('Ctrl Pts',(5.42342282788845,6.7163009425398,6.58862294062999));
#2276=CARTESIAN_POINT('Ctrl Pts',(5.31959081189786,6.77601262645168,6.58546479497938));
#2277=CARTESIAN_POINT('Ctrl Pts',(5.13288206654289,6.87326826859012,6.57799295424441));
#2278=CARTESIAN_POINT('Ctrl Pts',(4.74983688161652,7.0437514319645,6.56381379595584));
#2279=CARTESIAN_POINT('Ctrl Pts',(3.72183619389608,7.38939714186378,6.53360283199875));
#2280=CARTESIAN_POINT('Ctrl Pts',(2.10829384599305,7.60685953921299,6.53870800081474));
#2281=CARTESIAN_POINT('Ctrl Pts',(0.710324743694114,7.66201815894998,6.55568042368029));
#2282=CARTESIAN_POINT('Ctrl Pts',(-1.06280034102896,7.65840782390188,6.553399755861));
#2283=CARTESIAN_POINT('Ctrl Pts',(-2.45856425075754,7.60823495353396,6.52088492613999));
#2284=CARTESIAN_POINT('Ctrl Pts',(-4.0921269983298,7.2733615929207,6.53921068550883));
#2285=CARTESIAN_POINT('Ctrl Pts',(-4.84796574783513,7.01148242524676,6.562990047696));
#2286=CARTESIAN_POINT('Ctrl Pts',(-5.2166489623228,6.83744896142506,6.5797817170567));
#2287=CARTESIAN_POINT('Ctrl Pts',(-5.42427089031994,6.71767624778955,6.58655809036884));
#2288=CARTESIAN_POINT('Ctrl Pts',(-4.76337162140283,5.42363756913604,6.97654612695877));
#2289=CARTESIAN_POINT('Ctrl Pts',(-4.62720791354526,5.49125571708727,6.97960337928304));
#2290=CARTESIAN_POINT('Ctrl Pts',(-4.34223329566253,5.60595284571627,6.98237943981855));
#2291=CARTESIAN_POINT('Ctrl Pts',(-3.74283321733549,5.7808557753558,6.98385643982024));
#2292=CARTESIAN_POINT('Ctrl Pts',(-2.32854081843161,6.03405047101233,6.98476539074095));
#2293=CARTESIAN_POINT('Ctrl Pts',(-0.99844953424071,6.09396432449877,6.99567282852043));
#2294=CARTESIAN_POINT('Ctrl Pts',(0.663844134842889,6.09977553135285,6.99942591926112));
#2295=CARTESIAN_POINT('Ctrl Pts',(1.98882738202482,6.05021174784145,6.99593133521388));
#2296=CARTESIAN_POINT('Ctrl Pts',(3.44399754298122,5.86836863386473,6.99188900640192));
#2297=CARTESIAN_POINT('Ctrl Pts',(4.27070342426272,5.62886178879397,6.98727743724458));
#2298=CARTESIAN_POINT('Ctrl Pts',(4.55892634402269,5.51961926416935,6.98360319820847));
#2299=CARTESIAN_POINT('Ctrl Pts',(4.69848660603832,5.45704133404985,6.98093160091916));
#2300=CARTESIAN_POINT('Ctrl Pts',(4.76650265756849,5.4230707411901,6.97911672298174));
#2301=CARTESIAN_POINT('Ctrl Pts',(4.7665026575685,5.42307074119011,6.97911672298175));
#2302=CARTESIAN_POINT('Ctrl Pts',(4.95933879027922,5.32675880296977,6.97397126047811));
#2303=CARTESIAN_POINT('Ctrl Pts',(5.38496391964685,5.05429576242202,6.95549925157393));
#2304=CARTESIAN_POINT('Ctrl Pts',(5.64694938360781,4.62238124181416,6.89059375046671));
#2305=CARTESIAN_POINT('Ctrl Pts',(5.75342717095429,4.35586290923026,6.84824861842072));
#2306=CARTESIAN_POINT('Ctrl Pts',(4.88382036743943,5.64302511299021,7.07906222407604));
#2307=CARTESIAN_POINT('Ctrl Pts',(5.09074869623535,5.53554493883281,7.07113756995485));
#2308=CARTESIAN_POINT('Ctrl Pts',(5.56576298591502,5.21992285393911,7.04446791496098));
#2309=CARTESIAN_POINT('Ctrl Pts',(5.8736791113806,4.73056957271574,6.97481582696853));
#2310=CARTESIAN_POINT('Ctrl Pts',(5.99531974496599,4.44245496075061,6.9315270424134));
#2311=CARTESIAN_POINT('Ctrl Pts',(5.14437698298328,6.1437657579271,7.11233497436706));
#2312=CARTESIAN_POINT('Ctrl Pts',(5.38131079659749,6.01021037425673,7.10401155197486));
#2313=CARTESIAN_POINT('Ctrl Pts',(5.95835944922931,5.59831609909161,7.07619897036437));
#2314=CARTESIAN_POINT('Ctrl Pts',(6.36539705806663,4.99212906313568,6.98159425193454));
#2315=CARTESIAN_POINT('Ctrl Pts',(6.52119653774726,4.65958792731606,6.92724624879566));
#2316=CARTESIAN_POINT('Ctrl Pts',(5.35296841753432,6.56660221519964,6.80018603052686));
#2317=CARTESIAN_POINT('Ctrl Pts',(5.61461854402463,6.41551714567998,6.80151127513794));
#2318=CARTESIAN_POINT('Ctrl Pts',(6.27390294706458,5.93744995241474,6.8023767214986));
#2319=CARTESIAN_POINT('Ctrl Pts',(6.74489320194023,5.24280240077315,6.66208796492043));
#2320=CARTESIAN_POINT('Ctrl Pts',(6.91955376928397,4.877035585395,6.58411437381488));
#2321=CARTESIAN_POINT('Ctrl Pts',(5.42342282788845,6.71630094253981,6.58862294062999));
#2322=CARTESIAN_POINT('Ctrl Pts',(5.69418796290778,6.56171413018219,6.59559489575617));
#2323=CARTESIAN_POINT('Ctrl Pts',(6.3845292836194,6.06746976203989,6.61352562301001));
#2324=CARTESIAN_POINT('Ctrl Pts',(6.87032042832127,5.34100003063342,6.45136114461031));
#2325=CARTESIAN_POINT('Ctrl Pts',(7.0465792328155,4.96391110483582,6.36216241417565));
#2326=CARTESIAN_POINT('',(5.7534271709543,4.35586290923026,6.84824861842072));
#2327=CARTESIAN_POINT('',(7.04657923280144,4.96391110488017,6.36216241417649));
#2328=CARTESIAN_POINT('Origin',(6.04903519099657,4.66075312242312,5.67259652005747));
#2329=CARTESIAN_POINT('Ctrl Pts',(7.0465792328155,4.96391110483582,6.36216241417565));
#2330=CARTESIAN_POINT('Ctrl Pts',(6.87032042832127,5.34100003063342,6.45136114461031));
#2331=CARTESIAN_POINT('Ctrl Pts',(6.3845292836194,6.06746976203989,6.61352562301001));
#2332=CARTESIAN_POINT('Ctrl Pts',(5.69418796290778,6.56171413018219,6.59559489575617));
#2333=CARTESIAN_POINT('Ctrl Pts',(5.42342282788845,6.71630094253981,6.58862294062999));
#2334=CARTESIAN_POINT('Ctrl Pts',(4.7665026575685,5.42307074119011,6.97911672298175));
#2335=CARTESIAN_POINT('Ctrl Pts',(4.95933879027922,5.32675880296977,6.97397126047811));
#2336=CARTESIAN_POINT('Ctrl Pts',(5.38496391964685,5.05429576242202,6.95549925157393));
#2337=CARTESIAN_POINT('Ctrl Pts',(5.64694938360781,4.62238124181416,6.89059375046671));
#2338=CARTESIAN_POINT('Ctrl Pts',(5.75342717095429,4.35586290923026,6.84824861842072));
#2339=CARTESIAN_POINT('Ctrl Pts',(5.7534271709543,4.35586290923026,6.84824861842072));
#2340=CARTESIAN_POINT('Ctrl Pts',(5.79652190146624,4.24799500546222,6.83111028281645));
#2341=CARTESIAN_POINT('Ctrl Pts',(5.83529929624957,4.13742771172538,6.813853219161));
#2342=CARTESIAN_POINT('Ctrl Pts',(5.87370816411202,4.01329468689594,6.79474315182706));
#2343=CARTESIAN_POINT('Ctrl Pts',(5.87721825565139,4.00186322887102,6.79298825588047));
#2344=CARTESIAN_POINT('Ctrl Pts',(6.07237186368566,3.35214778543894,6.69323056288489));
#2345=CARTESIAN_POINT('Ctrl Pts',(6.16290849367914,2.66176244486935,6.59822550381915));
#2346=CARTESIAN_POINT('Ctrl Pts',(6.29370773709488,1.2568853193869,6.41764777347432));
#2347=CARTESIAN_POINT('Ctrl Pts',(6.32687453684168,0.54981439843219,6.33363897575189));
#2348=CARTESIAN_POINT('Ctrl Pts',(6.33494348083069,-0.177379895381348,6.24464331734368));
#2349=CARTESIAN_POINT('Ctrl Pts',(6.02987582696627,4.45482525382727,6.94342396012689));
#2350=CARTESIAN_POINT('Ctrl Pts',(6.07729578415373,4.34147762041394,6.92634056126525));
#2351=CARTESIAN_POINT('Ctrl Pts',(6.12156699676105,4.22310596532509,6.90901465008428));
#2352=CARTESIAN_POINT('Ctrl Pts',(6.16428023542039,4.09244955916063,6.89002097953408));
#2353=CARTESIAN_POINT('Ctrl Pts',(6.16819740146344,4.08040170738588,6.88827678238312));
#2354=CARTESIAN_POINT('Ctrl Pts',(6.38517728034564,3.39689202022884,6.78912200099424));
#2355=CARTESIAN_POINT('Ctrl Pts',(6.47882092537707,2.69251515207554,6.69546820469569));
#2356=CARTESIAN_POINT('Ctrl Pts',(6.6143695155393,1.2652617059553,6.51569471088059));
#2357=CARTESIAN_POINT('Ctrl Pts',(6.64623554492447,0.551674453662098,6.43120401430763));
#2358=CARTESIAN_POINT('Ctrl Pts',(6.65326291874012,-0.184948076954263,6.34110280388863));
#2359=CARTESIAN_POINT('Ctrl Pts',(6.56088034091931,4.67828001529918,6.91212075361108));
#2360=CARTESIAN_POINT('Ctrl Pts',(6.61735405766505,4.55446906953789,6.89192421516412));
#2361=CARTESIAN_POINT('Ctrl Pts',(6.67284648830832,4.42183668515751,6.87044378448672));
#2362=CARTESIAN_POINT('Ctrl Pts',(6.72462709201267,4.27893062267915,6.84805556148767));
#2363=CARTESIAN_POINT('Ctrl Pts',(6.72939786140043,4.26573039722156,6.84599000383238));
#2364=CARTESIAN_POINT('Ctrl Pts',(6.99247805279536,3.51872753017199,6.72950425551343));
#2365=CARTESIAN_POINT('Ctrl Pts',(7.09510260641352,2.78535398960859,6.63253440262155));
#2366=CARTESIAN_POINT('Ctrl Pts',(7.24297894358838,1.31319655498831,6.44936027428906));
#2367=CARTESIAN_POINT('Ctrl Pts',(7.2728249334699,0.58406202536155,6.36627979699183));
#2368=CARTESIAN_POINT('Ctrl Pts',(7.27791361283751,-0.168836462628195,6.27609883245388));
#2369=CARTESIAN_POINT('Ctrl Pts',(6.93770026406922,4.88944637389494,6.55240695101203));
#2370=CARTESIAN_POINT('Ctrl Pts',(6.99883450410197,4.7570099089337,6.52551264641591));
#2371=CARTESIAN_POINT('Ctrl Pts',(7.05933442640105,4.61395674437372,6.49547345314441));
#2372=CARTESIAN_POINT('Ctrl Pts',(7.11514136970243,4.46178811600335,6.46575947557));
#2373=CARTESIAN_POINT('Ctrl Pts',(7.12029106010609,4.44772248698198,6.46300924504976));
#2374=CARTESIAN_POINT('Ctrl Pts',(7.40347246558875,3.65303876710413,6.30885783167056));
#2375=CARTESIAN_POINT('Ctrl Pts',(7.50847514713026,2.89832801370937,6.20092245282885));
#2376=CARTESIAN_POINT('Ctrl Pts',(7.66380453231647,1.39351348101626,6.0080694559666));
#2377=CARTESIAN_POINT('Ctrl Pts',(7.69506625623345,0.650370657886427,5.92805202496261));
#2378=CARTESIAN_POINT('Ctrl Pts',(7.70084140642376,-0.110254276463101,5.84055684069928));
#2379=CARTESIAN_POINT('Ctrl Pts',(7.04657923281051,4.96391110484472,6.36216241417898));
#2380=CARTESIAN_POINT('Ctrl Pts',(7.10824414338074,4.82849657137414,6.33248944522089));
#2381=CARTESIAN_POINT('Ctrl Pts',(7.16895408538331,4.68215560459027,6.2989677653926));
#2382=CARTESIAN_POINT('Ctrl Pts',(7.22487026073769,4.52702192270199,6.26627081775218));
#2383=CARTESIAN_POINT('Ctrl Pts',(7.23002966502384,4.51268106567835,6.2632419221117));
#2384=CARTESIAN_POINT('Ctrl Pts',(7.5135522764104,3.70283030573849,6.09378625165644));
#2385=CARTESIAN_POINT('Ctrl Pts',(7.61747012286815,2.94191473331471,5.98155692360006));
#2386=CARTESIAN_POINT('Ctrl Pts',(7.7739964331119,1.42765307941883,5.78477310662434));
#2387=CARTESIAN_POINT('Ctrl Pts',(7.806732428255,0.679844845047555,5.70594835655299));
#2388=CARTESIAN_POINT('Ctrl Pts',(7.81345169470961,-0.0818848895836208,
5.61970247918835));
#2389=CARTESIAN_POINT('',(6.33494348083069,-0.177379895381352,6.24464331734367));
#2390=CARTESIAN_POINT('',(7.8134516947096,-0.0818848895836192,5.61970247918834));
#2391=CARTESIAN_POINT('Origin',(6.69810468071376,-0.0281152926499781,5.0579108195705));
#2392=CARTESIAN_POINT('Ctrl Pts',(7.81345169470961,-0.0818848895836208,
5.61970247918835));
#2393=CARTESIAN_POINT('Ctrl Pts',(7.806732428255,0.679844845047555,5.70594835655299));
#2394=CARTESIAN_POINT('Ctrl Pts',(7.7739964331119,1.42765307941883,5.78477310662434));
#2395=CARTESIAN_POINT('Ctrl Pts',(7.61747012286815,2.94191473331471,5.98155692360006));
#2396=CARTESIAN_POINT('Ctrl Pts',(7.5135522764104,3.70283030573849,6.09378625165644));
#2397=CARTESIAN_POINT('Ctrl Pts',(7.23002966502384,4.51268106567835,6.2632419221117));
#2398=CARTESIAN_POINT('Ctrl Pts',(7.22487026073769,4.52702192270199,6.26627081775218));
#2399=CARTESIAN_POINT('Ctrl Pts',(7.16895408538331,4.68215560459027,6.2989677653926));
#2400=CARTESIAN_POINT('Ctrl Pts',(7.10824414338074,4.82849657137414,6.33248944522089));
#2401=CARTESIAN_POINT('Ctrl Pts',(7.04657923281051,4.96391110484472,6.36216241417898));
#2402=CARTESIAN_POINT('',(5.88070390682591,3.99040916308861,6.7912364944137));
#2403=CARTESIAN_POINT('Ctrl Pts',(5.7534271709543,4.35586290923026,6.84824861842072));
#2404=CARTESIAN_POINT('Ctrl Pts',(5.79652190146624,4.24799500546222,6.83111028281645));
#2405=CARTESIAN_POINT('Ctrl Pts',(5.83529929624957,4.13742771172538,6.813853219161));
#2406=CARTESIAN_POINT('Ctrl Pts',(5.87370816411202,4.01329468689594,6.79474315182706));
#2407=CARTESIAN_POINT('Ctrl Pts',(5.87721825565139,4.00186322887102,6.79298825588047));
#2408=CARTESIAN_POINT('Ctrl Pts',(5.88066197313285,3.99039822725993,6.7912279127603));
#2409=CARTESIAN_POINT('Ctrl Pts',(5.88066197313285,3.99039822725993,6.7912279127603));
#2410=CARTESIAN_POINT('Ctrl Pts',(6.07237186368566,3.35214778543894,6.69323056288489));
#2411=CARTESIAN_POINT('Ctrl Pts',(6.16290849367914,2.66176244486935,6.59822550381915));
#2412=CARTESIAN_POINT('Ctrl Pts',(6.29370773709488,1.2568853193869,6.41764777347432));
#2413=CARTESIAN_POINT('Ctrl Pts',(6.32687453684168,0.54981439843219,6.33363897575189));
#2414=CARTESIAN_POINT('Ctrl Pts',(6.33494348083069,-0.177379895381348,6.24464331734368));
#2415=CARTESIAN_POINT('Ctrl Pts',(6.33494348083068,-0.177379895381348,6.24464331734367));
#2416=CARTESIAN_POINT('Ctrl Pts',(6.33500877927963,-0.183126171799881,6.24394054582162));
#2417=CARTESIAN_POINT('Ctrl Pts',(6.33507213229049,-0.188872710871791,6.243238097951));
#2418=CARTESIAN_POINT('Ctrl Pts',(6.33667530191621,-0.339014003355861,6.22489432903126));
#2419=CARTESIAN_POINT('Ctrl Pts',(6.33769353912986,-0.628140974801983,6.1901358432137));
#2420=CARTESIAN_POINT('Ctrl Pts',(6.33175084395582,-1.20685579439273,6.12287492591993));
#2421=CARTESIAN_POINT('Ctrl Pts',(6.30914411752343,-1.92963250403648,6.04324023327667));
#2422=CARTESIAN_POINT('Ctrl Pts',(6.25208471758492,-2.79078120820368,5.95579853384231));
#2423=CARTESIAN_POINT('Ctrl Pts',(6.18513104014202,-3.35645546445725,5.90407132660227));
#2424=CARTESIAN_POINT('Ctrl Pts',(6.11018210082873,-3.81515616045101,5.8645247944225));
#2425=CARTESIAN_POINT('Ctrl Pts',(6.04127671261453,-4.17113678077709,5.83505120722929));
#2426=CARTESIAN_POINT('Ctrl Pts',(5.9421687482915,-4.5147583136146,5.80832795553346));
#2427=CARTESIAN_POINT('Ctrl Pts',(5.8581086364334,-4.74333770228642,5.79043225444122));
#2428=CARTESIAN_POINT('Ctrl Pts',(5.82124838586461,-4.83569299610377,5.7831810950138));
#2429=CARTESIAN_POINT('Ctrl Pts',(5.76609736088895,-4.955559741485,5.773503440928));
#2430=CARTESIAN_POINT('Ctrl Pts',(5.73638653517928,-5.01424524149164,5.76864544252881));
#2431=CARTESIAN_POINT('Ctrl Pts',(5.72065644711902,-5.04303104185093,5.7661348203678));
#2432=CARTESIAN_POINT('Ctrl Pts',(6.65326291874011,-0.184948076954263,6.34110280388863));
#2433=CARTESIAN_POINT('Ctrl Pts',(6.65331967136673,-0.190776851290221,6.34038972425084));
#2434=CARTESIAN_POINT('Ctrl Pts',(6.65337442021835,-0.1966065324101,6.33967662392999));
#2435=CARTESIAN_POINT('Ctrl Pts',(6.65475454034441,-0.348908252040438,6.32106504646006));
#2436=CARTESIAN_POINT('Ctrl Pts',(6.6552910679328,-0.64109593303424,6.28585432535905));
#2437=CARTESIAN_POINT('Ctrl Pts',(6.64786646075653,-1.22628345898551,6.21689954093553));
#2438=CARTESIAN_POINT('Ctrl Pts',(6.62225655740158,-1.95716214682563,6.13426415671561));
#2439=CARTESIAN_POINT('Ctrl Pts',(6.55818151877041,-2.83079329702356,6.04073272877476));
#2440=CARTESIAN_POINT('Ctrl Pts',(6.48271856305445,-3.40835302933981,5.98350487208469));
#2441=CARTESIAN_POINT('Ctrl Pts',(6.39744749371071,-3.87992256682012,5.93836689941206));
#2442=CARTESIAN_POINT('Ctrl Pts',(6.31869482129603,-4.24762912538406,5.90393370819691));
#2443=CARTESIAN_POINT('Ctrl Pts',(6.20430035570195,-4.60747269072303,5.87142436307392));
#2444=CARTESIAN_POINT('Ctrl Pts',(6.10658246491228,-4.84962558832937,5.84928497935361));
#2445=CARTESIAN_POINT('Ctrl Pts',(6.06403492006324,-4.94737724558094,5.84030967579712));
#2446=CARTESIAN_POINT('Ctrl Pts',(5.99897758510823,-5.0769954149987,5.8280593530457));
#2447=CARTESIAN_POINT('Ctrl Pts',(5.964872755908,-5.13969019734301,5.82209146097222));
#2448=CARTESIAN_POINT('Ctrl Pts',(5.94414169949597,-5.17428459392575,5.81854725072499));
#2449=CARTESIAN_POINT('Ctrl Pts',(7.27791812829128,-0.168837443908125,6.27610737804899));
#2450=CARTESIAN_POINT('Ctrl Pts',(7.27795884782984,-0.174837008005447,6.27538831698423));
#2451=CARTESIAN_POINT('Ctrl Pts',(7.27799740157588,-0.180838658255479,6.27466914774619));
#2452=CARTESIAN_POINT('Ctrl Pts',(7.27895177016559,-0.337606274777142,6.25588135545996));
#2453=CARTESIAN_POINT('Ctrl Pts',(7.27843199038544,-0.636443341280015,6.22031776005692));
#2454=CARTESIAN_POINT('Ctrl Pts',(7.26743803731416,-1.23565992054801,6.15046746751662));
#2455=CARTESIAN_POINT('Ctrl Pts',(7.23413580186606,-1.98426602913271,6.06618628633786));
#2456=CARTESIAN_POINT('Ctrl Pts',(7.15288265333944,-2.88505833439168,5.97156630960433));
#2457=CARTESIAN_POINT('Ctrl Pts',(7.05751068648183,-3.48775542281505,5.91445876412751));
#2458=CARTESIAN_POINT('Ctrl Pts',(6.9492664800456,-3.98578747416683,5.87073645229849));
#2459=CARTESIAN_POINT('Ctrl Pts',(6.849046620301,-4.37729663361084,5.83812508573666));
#2460=CARTESIAN_POINT('Ctrl Pts',(6.70281095474884,-4.76884697980837,5.8088469792817));
#2461=CARTESIAN_POINT('Ctrl Pts',(6.5775433130785,-5.03690776540517,5.78922753255842));
#2462=CARTESIAN_POINT('Ctrl Pts',(6.5235497985719,-5.14497658550118,5.78137583589997));
#2463=CARTESIAN_POINT('Ctrl Pts',(6.43913973218097,-5.292754776613,5.77044834377965));
#2464=CARTESIAN_POINT('Ctrl Pts',(6.39638693153041,-5.36300273780252,5.76509403024803));
#2465=CARTESIAN_POINT('Ctrl Pts',(6.36634416979981,-5.40798544378757,5.76157474103549));
#2466=CARTESIAN_POINT('Ctrl Pts',(7.70084140642376,-0.110254276463098,5.84055684069927));
#2467=CARTESIAN_POINT('Ctrl Pts',(7.70088789955541,-0.116382591763517,5.83985184288444));
#2468=CARTESIAN_POINT('Ctrl Pts',(7.70093195759162,-0.122513560362079,5.83914660002596));
#2469=CARTESIAN_POINT('Ctrl Pts',(7.70203140635494,-0.282645106560546,5.82072512109558));
#2470=CARTESIAN_POINT('Ctrl Pts',(7.70160650266539,-0.586994293373939,5.78603431008272));
#2471=CARTESIAN_POINT('Ctrl Pts',(7.68992257698312,-1.19776296491978,5.7187957660142));
#2472=CARTESIAN_POINT('Ctrl Pts',(7.65451033508662,-1.9615573235607,5.64046904133957));
#2473=CARTESIAN_POINT('Ctrl Pts',(7.56786291924055,-2.8860996075433,5.55972783672195));
#2474=CARTESIAN_POINT('Ctrl Pts',(7.46609962625774,-3.51132679228948,5.51926144532826));
#2475=CARTESIAN_POINT('Ctrl Pts',(7.34947440031734,-4.03320729659661,5.49394866757627));
#2476=CARTESIAN_POINT('Ctrl Pts',(7.24101261455773,-4.44619527764364,5.47817148207145));
#2477=CARTESIAN_POINT('Ctrl Pts',(7.08051059108361,-4.86680100859653,5.47168922930472));
#2478=CARTESIAN_POINT('Ctrl Pts',(6.94114433641955,-5.1586526517896,5.46917591657456));
#2479=CARTESIAN_POINT('Ctrl Pts',(6.88112069608883,-5.27639171758475,5.4683969007214));
#2480=CARTESIAN_POINT('Ctrl Pts',(6.78565861783442,-5.44039253417129,5.46715859752139));
#2481=CARTESIAN_POINT('Ctrl Pts',(6.73777949775658,-5.51770722612436,5.46617034153139));
#2482=CARTESIAN_POINT('Ctrl Pts',(6.70205449139702,-5.57088081795418,5.46544687164022));
#2483=CARTESIAN_POINT('Ctrl Pts',(7.81345169470961,-0.0818848895836172,
5.61970247918834));
#2484=CARTESIAN_POINT('Ctrl Pts',(7.81350608172198,-0.0880504739945854,
5.61900438875965));
#2485=CARTESIAN_POINT('Ctrl Pts',(7.81355800800611,-0.0942187714979286,
5.61830604621841));
#2486=CARTESIAN_POINT('Ctrl Pts',(7.81485804762948,-0.255324768545032,5.60006503984066));
#2487=CARTESIAN_POINT('Ctrl Pts',(7.81474218494148,-0.561402146617323,5.56577735951146));
#2488=CARTESIAN_POINT('Ctrl Pts',(7.80365218325343,-1.17575898939715,5.49979658450021));
#2489=CARTESIAN_POINT('Ctrl Pts',(7.76901760134579,-1.94442969900886,5.42424456552706));
#2490=CARTESIAN_POINT('Ctrl Pts',(7.68392803795269,-2.87676595871237,5.34986717433697));
#2491=CARTESIAN_POINT('Ctrl Pts',(7.58359577945839,-3.50968315055808,5.31690998063256));
#2492=CARTESIAN_POINT('Ctrl Pts',(7.46801726458326,-4.0399066551575,5.2999730191225));
#2493=CARTESIAN_POINT('Ctrl Pts',(7.36029893079354,-4.46048558494421,5.2918858221466));
#2494=CARTESIAN_POINT('Ctrl Pts',(7.19932576211889,-4.89176403295994,5.29596897326383));
#2495=CARTESIAN_POINT('Ctrl Pts',(7.05827698836917,-5.19251865450085,5.30151792611397));
#2496=CARTESIAN_POINT('Ctrl Pts',(6.99745097880587,-5.31393724633659,5.30408506819992));
#2497=CARTESIAN_POINT('Ctrl Pts',(6.89997557292944,-5.48397748990077,5.30751288288125));
#2498=CARTESIAN_POINT('Ctrl Pts',(6.85107364328819,-5.56400726648055,5.30863029496829));
#2499=CARTESIAN_POINT('Ctrl Pts',(6.81404936239743,-5.61998188751473,5.3093175815139));
#2500=CARTESIAN_POINT('',(5.72065644711902,-5.04303104185093,5.7661348203678));
#2501=CARTESIAN_POINT('',(6.81404936239742,-5.61998188751475,5.3093175815139));
#2502=CARTESIAN_POINT('Origin',(5.98482389395749,-5.08087793040242,4.5449537637436));
#2503=CARTESIAN_POINT('',(7.81360768818211,-0.100386112113345,5.61760777581996));
#2504=CARTESIAN_POINT('Ctrl Pts',(6.81404936239743,-5.61998188751473,5.3093175815139));
#2505=CARTESIAN_POINT('Ctrl Pts',(6.85107364328819,-5.56400726648055,5.30863029496829));
#2506=CARTESIAN_POINT('Ctrl Pts',(6.89997557292944,-5.48397748990077,5.30751288288125));
#2507=CARTESIAN_POINT('Ctrl Pts',(6.99745097880587,-5.31393724633659,5.30408506819992));
#2508=CARTESIAN_POINT('Ctrl Pts',(7.05827698836917,-5.19251865450085,5.30151792611397));
#2509=CARTESIAN_POINT('Ctrl Pts',(7.19932576211889,-4.89176403295994,5.29596897326383));
#2510=CARTESIAN_POINT('Ctrl Pts',(7.36029893079354,-4.46048558494421,5.2918858221466));
#2511=CARTESIAN_POINT('Ctrl Pts',(7.46801726458326,-4.0399066551575,5.2999730191225));
#2512=CARTESIAN_POINT('Ctrl Pts',(7.58359577945839,-3.50968315055808,5.31690998063256));
#2513=CARTESIAN_POINT('Ctrl Pts',(7.68392803795269,-2.87676595871237,5.34986717433697));
#2514=CARTESIAN_POINT('Ctrl Pts',(7.76901760134579,-1.94442969900886,5.42424456552706));
#2515=CARTESIAN_POINT('Ctrl Pts',(7.80365218325343,-1.17575898939715,5.49979658450021));
#2516=CARTESIAN_POINT('Ctrl Pts',(7.81474218494148,-0.561402146617323,5.56577735951146));
#2517=CARTESIAN_POINT('Ctrl Pts',(7.81485804762948,-0.255324768545032,5.60006503984066));
#2518=CARTESIAN_POINT('Ctrl Pts',(7.81360776832821,-0.100385265319365,5.61760785338147));
#2519=CARTESIAN_POINT('Ctrl Pts',(7.81360776832821,-0.100385265319365,5.61760785338147));
#2520=CARTESIAN_POINT('Ctrl Pts',(7.81355800800611,-0.0942187714979286,
5.61830604621841));
#2521=CARTESIAN_POINT('Ctrl Pts',(7.81350608172198,-0.0880504739945854,
5.61900438875965));
#2522=CARTESIAN_POINT('Ctrl Pts',(7.81345169470961,-0.0818848895836172,
5.61970247918834));
#2523=CARTESIAN_POINT('Ctrl Pts',(6.33494348083068,-0.177379895381348,6.24464331734367));
#2524=CARTESIAN_POINT('Ctrl Pts',(6.33500877927963,-0.183126171799881,6.24394054582162));
#2525=CARTESIAN_POINT('Ctrl Pts',(6.33507213229049,-0.188872710871791,6.243238097951));
#2526=CARTESIAN_POINT('Ctrl Pts',(6.33667530191621,-0.339014003355861,6.22489432903126));
#2527=CARTESIAN_POINT('Ctrl Pts',(6.33769353912986,-0.628140974801983,6.1901358432137));
#2528=CARTESIAN_POINT('Ctrl Pts',(6.33175084395582,-1.20685579439273,6.12287492591993));
#2529=CARTESIAN_POINT('Ctrl Pts',(6.30914411752343,-1.92963250403648,6.04324023327667));
#2530=CARTESIAN_POINT('Ctrl Pts',(6.25208471758492,-2.79078120820368,5.95579853384231));
#2531=CARTESIAN_POINT('Ctrl Pts',(6.18513104014202,-3.35645546445725,5.90407132660227));
#2532=CARTESIAN_POINT('Ctrl Pts',(6.11018210082873,-3.81515616045101,5.8645247944225));
#2533=CARTESIAN_POINT('Ctrl Pts',(6.04127671261453,-4.17113678077709,5.83505120722929));
#2534=CARTESIAN_POINT('Ctrl Pts',(5.9421687482915,-4.5147583136146,5.80832795553346));
#2535=CARTESIAN_POINT('Ctrl Pts',(5.8581086364334,-4.74333770228642,5.79043225444122));
#2536=CARTESIAN_POINT('Ctrl Pts',(5.82124838586461,-4.83569299610377,5.7831810950138));
#2537=CARTESIAN_POINT('Ctrl Pts',(5.76609736088895,-4.955559741485,5.773503440928));
#2538=CARTESIAN_POINT('Ctrl Pts',(5.73638653517928,-5.01424524149164,5.76864544252881));
#2539=CARTESIAN_POINT('Ctrl Pts',(5.72065644711902,-5.04303104185093,5.7661348203678));
#2540=CARTESIAN_POINT('Ctrl Pts',(5.72065644711902,-5.04303104185093,5.7661348203678));
#2541=CARTESIAN_POINT('Ctrl Pts',(5.61851900640712,-5.22994086500491,5.74983303482552));
#2542=CARTESIAN_POINT('Ctrl Pts',(5.32799556041274,-5.63463547624701,5.71206010173038));
#2543=CARTESIAN_POINT('Ctrl Pts',(4.90325867066285,-5.90561608037666,5.6728277977747));
#2544=CARTESIAN_POINT('Ctrl Pts',(4.6359137857089,-6.01033276816894,5.65008767796767));
#2545=CARTESIAN_POINT('Ctrl Pts',(5.91620604294885,-5.1578778999164,5.81199569693034));
#2546=CARTESIAN_POINT('Ctrl Pts',(5.80189639771699,-5.35708788207778,5.79277646755835));
#2547=CARTESIAN_POINT('Ctrl Pts',(5.47422212852679,-5.79489666697118,5.74835178094354));
#2548=CARTESIAN_POINT('Ctrl Pts',(5.00890421691895,-6.09433549242558,5.70716710441606));
#2549=CARTESIAN_POINT('Ctrl Pts',(4.7189448360338,-6.21656880732106,5.68471264331928));
#2550=CARTESIAN_POINT('Ctrl Pts',(6.33483598533126,-5.39137000055413,5.77485350401036));
#2551=CARTESIAN_POINT('Ctrl Pts',(6.19373336552494,-5.61669835337391,5.75520549903197));
#2552=CARTESIAN_POINT('Ctrl Pts',(5.78619531976604,-6.12391497473061,5.70935110954402));
#2553=CARTESIAN_POINT('Ctrl Pts',(5.23682156949626,-6.48327511278112,5.6621855259884));
#2554=CARTESIAN_POINT('Ctrl Pts',(4.90086123774594,-6.64289168894973,5.63126183710666));
#2555=CARTESIAN_POINT('Ctrl Pts',(6.68338867956361,-5.56269730636078,5.49146841999461));
#2556=CARTESIAN_POINT('Ctrl Pts',(6.52348145798264,-5.81210847964989,5.48129021190889));
#2557=CARTESIAN_POINT('Ctrl Pts',(6.05695507927892,-6.38315416326476,5.45634252689137));
#2558=CARTESIAN_POINT('Ctrl Pts',(5.43699101964573,-6.79291812283849,5.40105075221206));
#2559=CARTESIAN_POINT('Ctrl Pts',(5.06295906748821,-6.97622323396329,5.34786081384006));
#2560=CARTESIAN_POINT('Ctrl Pts',(6.81404936239742,-5.61998188751475,5.3093175815139));
#2561=CARTESIAN_POINT('Ctrl Pts',(6.64929895217356,-5.87963199200188,5.30491763135679));
#2562=CARTESIAN_POINT('Ctrl Pts',(6.16477885010862,-6.47830251170769,5.29304393918901));
#2563=CARTESIAN_POINT('Ctrl Pts',(5.51666385826221,-6.90771442890045,5.23368992164227));
#2564=CARTESIAN_POINT('Ctrl Pts',(5.12756255177201,-7.09599471858894,5.16867507590935));
#2565=CARTESIAN_POINT('Ctrl Pts',(5.12756255177201,-7.09599471858894,5.16867507590935));
#2566=CARTESIAN_POINT('Ctrl Pts',(5.51666385826221,-6.90771442890045,5.23368992164227));
#2567=CARTESIAN_POINT('Ctrl Pts',(6.16477885010862,-6.47830251170769,5.29304393918901));
#2568=CARTESIAN_POINT('Ctrl Pts',(6.64929895217356,-5.87963199200188,5.30491763135679));
#2569=CARTESIAN_POINT('Ctrl Pts',(6.81404936239742,-5.61998188751475,5.3093175815139));
#2570=CARTESIAN_POINT('Ctrl Pts',(5.72065644711902,-5.04303104185093,5.7661348203678));
#2571=CARTESIAN_POINT('Ctrl Pts',(5.61851900640712,-5.22994086500491,5.74983303482552));
#2572=CARTESIAN_POINT('Ctrl Pts',(5.32799556041274,-5.63463547624701,5.71206010173038));
#2573=CARTESIAN_POINT('Ctrl Pts',(4.90325867066285,-5.90561608037666,5.6728277977747));
#2574=CARTESIAN_POINT('Ctrl Pts',(4.6359137857089,-6.01033276816894,5.65008767796767));
#2575=CARTESIAN_POINT('Ctrl Pts',(-5.42342552187633,6.71630118193073,6.58862413436075));
#2576=CARTESIAN_POINT('Ctrl Pts',(-5.49606177199093,6.83447304711579,6.41113896034911));
#2577=CARTESIAN_POINT('Ctrl Pts',(-5.56745424805233,6.94478475938212,6.22775268328163));
#2578=CARTESIAN_POINT('Ctrl Pts',(-5.82569144077007,7.32671703599102,5.53137199597883));
#2579=CARTESIAN_POINT('Ctrl Pts',(-6.00112070178572,7.55147855515296,4.99117152753538));
#2580=CARTESIAN_POINT('Ctrl Pts',(-6.3385173744497,7.98201457118682,3.79796850045882));
#2581=CARTESIAN_POINT('Ctrl Pts',(-6.67233505149416,8.40539797797378,2.38813780139481));
#2582=CARTESIAN_POINT('Ctrl Pts',(-6.8892385765921,8.77195465337583,0.940633960721232));
#2583=CARTESIAN_POINT('Ctrl Pts',(-6.98096855847508,8.96030086648868,0.16415487229595));
#2584=CARTESIAN_POINT('Ctrl Pts',(-5.26684373865228,6.7917804759487,6.60022828272116));
#2585=CARTESIAN_POINT('Ctrl Pts',(-5.33626122796787,6.90969398097145,6.42338336749291));
#2586=CARTESIAN_POINT('Ctrl Pts',(-5.40456387006938,7.0195358296898,6.24069420089861));
#2587=CARTESIAN_POINT('Ctrl Pts',(-5.65183308064109,7.39895532114788,5.54695391601132));
#2588=CARTESIAN_POINT('Ctrl Pts',(-5.82023475971324,7.62035791298397,5.00878858213849));
#2589=CARTESIAN_POINT('Ctrl Pts',(-6.14482732802464,8.04055371781126,3.81838102104868));
#2590=CARTESIAN_POINT('Ctrl Pts',(-6.46703472195213,8.44793920961391,2.40965339304425));
#2591=CARTESIAN_POINT('Ctrl Pts',(-6.67969018661641,8.79026056039726,0.952756904715371));
#2592=CARTESIAN_POINT('Ctrl Pts',(-6.77148135015636,8.96352099890985,0.166331098281265));
#2593=CARTESIAN_POINT('Ctrl Pts',(-4.5743293996262,7.10456909932987,6.64822362714746));
#2594=CARTESIAN_POINT('Ctrl Pts',(-4.62599287598656,7.22098373215813,6.47430017287441));
#2595=CARTESIAN_POINT('Ctrl Pts',(-4.67592394137366,7.32802854266088,6.29473421837595));
#2596=CARTESIAN_POINT('Ctrl Pts',(-4.85387075413596,7.69390871292881,5.6128767709377));
#2597=CARTESIAN_POINT('Ctrl Pts',(-4.96935016831135,7.89811790839902,5.08300540948127));
#2598=CARTESIAN_POINT('Ctrl Pts',(-5.1853675539058,8.26838663598387,3.90291776588851));
#2599=CARTESIAN_POINT('Ctrl Pts',(-5.39005630098805,8.60057909961369,2.49550809564934));
#2600=CARTESIAN_POINT('Ctrl Pts',(-5.52556515074314,8.8504113591184,0.999208772774557));
#2601=CARTESIAN_POINT('Ctrl Pts',(-5.59344407903886,8.97399549246816,0.174655079205294));
#2602=CARTESIAN_POINT('Ctrl Pts',(-2.8775624732014,7.39952230693745,6.6985381555417));
#2603=CARTESIAN_POINT('Ctrl Pts',(-2.90403869509977,7.51657468828954,6.5292301885924));
#2604=CARTESIAN_POINT('Ctrl Pts',(-2.92907920054876,7.62352555709473,6.35509087684636));
#2605=CARTESIAN_POINT('Ctrl Pts',(-3.01660817299625,7.98538439339375,5.69259299729164));
#2606=CARTESIAN_POINT('Ctrl Pts',(-3.06988165914615,8.18181762189332,5.17774202926508));
#2607=CARTESIAN_POINT('Ctrl Pts',(-3.1650159260397,8.51655832315175,4.01697052332002));
#2608=CARTESIAN_POINT('Ctrl Pts',(-3.24825367000316,8.78680429122292,2.61710663325695));
#2609=CARTESIAN_POINT('Ctrl Pts',(-3.29973341402319,8.93206530143943,1.06665448971005));
#2610=CARTESIAN_POINT('Ctrl Pts',(-3.32937979496172,8.98845427386317,0.186706065973045));
#2611=CARTESIAN_POINT('Ctrl Pts',(-1.37474478572742,7.52225509917569,6.72212383632876));
#2612=CARTESIAN_POINT('Ctrl Pts',(-1.38539839450166,7.64071373334605,6.55575340776345));
#2613=CARTESIAN_POINT('Ctrl Pts',(-1.39544555155121,7.7488791427461,6.38505552706596));
#2614=CARTESIAN_POINT('Ctrl Pts',(-1.4305011777873,8.11395397112278,5.73504243843275));
#2615=CARTESIAN_POINT('Ctrl Pts',(-1.45170249883655,8.31138700580975,5.22995395808627));
#2616=CARTESIAN_POINT('Ctrl Pts',(-1.48911114125189,8.63793449275741,4.08248815180247));
#2617=CARTESIAN_POINT('Ctrl Pts',(-1.52111814581425,8.8870355801856,2.68906318973209));
#2618=CARTESIAN_POINT('Ctrl Pts',(-1.53667686742806,8.97985401230001,1.10710908558014));
#2619=CARTESIAN_POINT('Ctrl Pts',(-1.54338398450007,8.99696870770793,0.193943834790736));
#2620=CARTESIAN_POINT('Ctrl Pts',(-0.416099937543421,7.54252633357264,6.72710847327291));
#2621=CARTESIAN_POINT('Ctrl Pts',(-0.419075457525596,7.66167820646232,6.5616304832047));
#2622=CARTESIAN_POINT('Ctrl Pts',(-0.421945056158252,7.77058235953568,6.39200593418986));
#2623=CARTESIAN_POINT('Ctrl Pts',(-0.432173981285892,8.13817302997606,5.74583579301264));
#2624=CARTESIAN_POINT('Ctrl Pts',(-0.438816434703566,8.33757854790303,5.24385121152501));
#2625=CARTESIAN_POINT('Ctrl Pts',(-0.451040673297683,8.66545501443003,4.10071506579217));
#2626=CARTESIAN_POINT('Ctrl Pts',(-0.462316311974977,8.91306966179572,2.70974296936239));
#2627=CARTESIAN_POINT('Ctrl Pts',(-0.466666546742378,8.99344645590507,1.11891858194107));
#2628=CARTESIAN_POINT('Ctrl Pts',(-0.466694918992066,8.99941298481884,0.196055658721695));
#2629=CARTESIAN_POINT('Ctrl Pts',(0.833549760533391,7.54320049119852,6.72719125385142));
#2630=CARTESIAN_POINT('Ctrl Pts',(0.839475596064766,7.66233514934182,6.56170707698931));
#2631=CARTESIAN_POINT('Ctrl Pts',(0.845182460341937,7.77123263082745,6.39209001301459));
#2632=CARTESIAN_POINT('Ctrl Pts',(0.865499664658265,8.13873516221381,5.74589409680772));
#2633=CARTESIAN_POINT('Ctrl Pts',(0.878640893245395,8.33809494398703,5.24392370053761));
#2634=CARTESIAN_POINT('Ctrl Pts',(0.902758403521403,8.66577990024106,4.10074892392175));
#2635=CARTESIAN_POINT('Ctrl Pts',(0.924901009037029,8.91322296253583,2.70976176644872));
#2636=CARTESIAN_POINT('Ctrl Pts',(0.933351405183809,8.99343680820636,1.11892996435476));
#2637=CARTESIAN_POINT('Ctrl Pts',(0.93339136065805,8.99941387727048,0.196055766789515));
#2638=CARTESIAN_POINT('Ctrl Pts',(2.45393349654163,7.47373455132548,6.71117470653657));
#2639=CARTESIAN_POINT('Ctrl Pts',(2.47410217076592,7.59092279614743,6.54300468383975));
#2640=CARTESIAN_POINT('Ctrl Pts',(2.4929063322127,7.69786891061532,6.37025062552088));
#2641=CARTESIAN_POINT('Ctrl Pts',(2.55777175538401,8.05861614505964,5.71253193031153));
#2642=CARTESIAN_POINT('Ctrl Pts',(2.59543427231379,8.25313766732147,5.20150318881383));
#2643=CARTESIAN_POINT('Ctrl Pts',(2.66021017254149,8.57879685406464,4.04548847993487));
#2644=CARTESIAN_POINT('Ctrl Pts',(2.71291457637399,8.83351581323975,2.64752514475284));
#2645=CARTESIAN_POINT('Ctrl Pts',(2.74328290803577,8.95242519173155,1.0835492528447));
#2646=CARTESIAN_POINT('Ctrl Pts',(2.76336416049879,8.99206959788787,0.18971888365431));
#2647=CARTESIAN_POINT('Ctrl Pts',(4.57385679624679,7.10363296274128,6.64810779799071));
#2648=CARTESIAN_POINT('Ctrl Pts',(4.62552838948818,7.22005903535431,6.47418019616046));
#2649=CARTESIAN_POINT('Ctrl Pts',(4.67547007583551,7.32713845241864,6.29462893166088));
#2650=CARTESIAN_POINT('Ctrl Pts',(4.85346473946597,7.69309303278468,5.61276082022799));
#2651=CARTESIAN_POINT('Ctrl Pts',(4.96899580778353,7.89743576010113,5.08293222803679));
#2652=CARTESIAN_POINT('Ctrl Pts',(5.18513041327954,8.26790029744256,3.90284998034408));
#2653=CARTESIAN_POINT('Ctrl Pts',(5.38996168365086,8.60041775412498,2.49548789053761));
#2654=CARTESIAN_POINT('Ctrl Pts',(5.52555853635083,8.85037406248089,0.999220350778041));
#2655=CARTESIAN_POINT('Ctrl Pts',(5.59344336978188,8.97399425732063,0.174654914288552));
#2656=CARTESIAN_POINT('Ctrl Pts',(5.26684108830807,6.79178021886301,6.60022708321405));
#2657=CARTESIAN_POINT('Ctrl Pts',(5.33625770272691,6.90969365410008,6.42338177559376));
#2658=CARTESIAN_POINT('Ctrl Pts',(5.40455949633876,7.01953545146178,6.24069222998118));
#2659=CARTESIAN_POINT('Ctrl Pts',(5.65182718650877,7.39895500201809,5.54695130720851));
#2660=CARTESIAN_POINT('Ctrl Pts',(5.82023095778511,7.6203580572594,5.00878708343531));
#2661=CARTESIAN_POINT('Ctrl Pts',(6.14482601865556,8.04055423120684,3.81838071261391));
#2662=CARTESIAN_POINT('Ctrl Pts',(6.46703357050046,8.44793940725025,2.40965293054753));
#2663=CARTESIAN_POINT('Ctrl Pts',(6.67969016905345,8.79026059112546,0.95275680412274));
#2664=CARTESIAN_POINT('Ctrl Pts',(6.77148140277055,8.96352100353773,0.166331082157583));
#2665=CARTESIAN_POINT('Ctrl Pts',(5.42342282788845,6.7163009425398,6.58862294062999));
#2666=CARTESIAN_POINT('Ctrl Pts',(5.49605820220309,6.83447273691044,6.41113737446191));
#2667=CARTESIAN_POINT('Ctrl Pts',(5.5674498289733,6.94478439693014,6.22775071837496));
#2668=CARTESIAN_POINT('Ctrl Pts',(5.82568549862723,7.32671672975164,5.53136939251008));
#2669=CARTESIAN_POINT('Ctrl Pts',(6.00111685052026,7.55147871103605,4.99117003234065));
#2670=CARTESIAN_POINT('Ctrl Pts',(6.33851601345994,7.98201509406838,3.7979681911163));
#2671=CARTESIAN_POINT('Ctrl Pts',(6.67233384656174,8.40539818351041,2.38813733227572));
#2672=CARTESIAN_POINT('Ctrl Pts',(6.88923850284275,8.77195468851496,0.940633854255648));
#2673=CARTESIAN_POINT('Ctrl Pts',(6.98096855240953,8.96030087190806,0.164154855092914));
#2674=CARTESIAN_POINT('',(6.97098382317965,8.93996302085514,0.247866312962582));
#2675=CARTESIAN_POINT('Ctrl Pts',(5.42342282788845,6.71630094253981,6.58862294062999));
#2676=CARTESIAN_POINT('Ctrl Pts',(5.49605894943543,6.83447395259615,6.4111355485891));
#2677=CARTESIAN_POINT('Ctrl Pts',(5.7609672221305,7.24380003779325,5.73065424744746));
#2678=CARTESIAN_POINT('Ctrl Pts',(6.20368355970737,7.81100630780493,4.36741356558709));
#2679=CARTESIAN_POINT('Ctrl Pts',(6.66593142287489,8.39727796279381,2.41517690807441));
#2680=CARTESIAN_POINT('Ctrl Pts',(6.88087522128524,8.75787301806984,0.996144858031858));
#2681=CARTESIAN_POINT('Ctrl Pts',(6.97098382317988,8.93996302085513,0.247866312962607));
#2682=CARTESIAN_POINT('',(-6.97098384167213,8.93996301826253,0.247866314485783));
#2683=CARTESIAN_POINT('Ctrl Pts',(-6.97098384167202,8.93996301826253,0.247866314485796));
#2684=CARTESIAN_POINT('Ctrl Pts',(-6.49428759601988,8.95542481661619,0.237162996238678));
#2685=CARTESIAN_POINT('Ctrl Pts',(-5.57594029269459,8.96503873214192,0.230756754708016));
#2686=CARTESIAN_POINT('Ctrl Pts',(-3.24722795549746,8.99137106983046,0.209834190743387));
#2687=CARTESIAN_POINT('Ctrl Pts',(-1.39557841339444,8.99858768133444,0.201891910671016));
#2688=CARTESIAN_POINT('Ctrl Pts',(1.39557759603167,8.99858773152687,0.201891874786538));
#2689=CARTESIAN_POINT('Ctrl Pts',(3.24722791173832,8.99137101854321,0.209834220161471));
#2690=CARTESIAN_POINT('Ctrl Pts',(5.57593005447402,8.96503888621561,0.230756643268075));
#2691=CARTESIAN_POINT('Ctrl Pts',(6.49428638553399,8.95542486229933,0.237162961925714));
#2692=CARTESIAN_POINT('Ctrl Pts',(6.97098382317941,8.93996302085515,0.247866312962559));
#2693=CARTESIAN_POINT('Ctrl Pts',(-5.42427089032081,6.71767624778905,6.58655809036887));
#2694=CARTESIAN_POINT('Ctrl Pts',(-5.4966157046828,6.83532888403715,6.40971593610932));
#2695=CARTESIAN_POINT('Ctrl Pts',(-5.76122388475356,7.24412063251437,5.72988726214378));
#2696=CARTESIAN_POINT('Ctrl Pts',(-6.20368394580063,7.81100437966913,4.36741779356906));
#2697=CARTESIAN_POINT('Ctrl Pts',(-6.66593232493066,8.39727726938041,2.41517927694683));
#2698=CARTESIAN_POINT('Ctrl Pts',(-6.88087527227365,8.75787284296208,0.996145528174849));
#2699=CARTESIAN_POINT('Ctrl Pts',(-6.97098384167241,8.93996301826253,0.247866314485779));
#2700=CARTESIAN_POINT('Ctrl Pts',(5.38782227210219,6.6579109629478,6.67490027994515));
#2701=CARTESIAN_POINT('Ctrl Pts',(5.46732250268387,6.78936173732879,6.48381941563655));
#2702=CARTESIAN_POINT('Ctrl Pts',(5.55078638905336,6.91973109194705,6.2718978187996));
#2703=CARTESIAN_POINT('Ctrl Pts',(5.81345631904258,7.30954326391379,5.56611458187878));
#2704=CARTESIAN_POINT('Ctrl Pts',(5.99422790887455,7.54265262767645,5.01238290605394));
#2705=CARTESIAN_POINT('Ctrl Pts',(6.32777496573132,7.96834878262995,3.83948140763818));
#2706=CARTESIAN_POINT('Ctrl Pts',(6.489537671302,8.17355674111915,3.16015027716058));
#2707=CARTESIAN_POINT('Ctrl Pts',(6.76557547554946,8.56431214114412,1.75810150339246));
#2708=CARTESIAN_POINT('Ctrl Pts',(6.88165577558371,8.75918293760134,0.990989166373845));
#2709=CARTESIAN_POINT('Ctrl Pts',(6.97191928651113,8.94185478187015,0.240091148571053));
#2710=CARTESIAN_POINT('Ctrl Pts',(5.83067426602166,6.44194322046838,6.6426262823575));
#2711=CARTESIAN_POINT('Ctrl Pts',(5.92031654508678,6.57398288929587,6.44961504889715));
#2712=CARTESIAN_POINT('Ctrl Pts',(6.01415106059715,6.70574883372607,6.23540075825655));
#2713=CARTESIAN_POINT('Ctrl Pts',(6.30874225645318,7.10268392945976,5.52197023515582));
#2714=CARTESIAN_POINT('Ctrl Pts',(6.51025635209517,7.34547760929906,4.96227680144494));
#2715=CARTESIAN_POINT('Ctrl Pts',(6.88005691484099,7.79990003933244,3.78134108487766));
#2716=CARTESIAN_POINT('Ctrl Pts',(7.05794510028026,8.02698082680763,3.10040294980084));
#2717=CARTESIAN_POINT('Ctrl Pts',(7.35722721389428,8.47311165641375,1.70858801151076));
#2718=CARTESIAN_POINT('Ctrl Pts',(7.47993668906705,8.70447810205311,0.955427469440987));
#2719=CARTESIAN_POINT('Ctrl Pts',(7.57044999406742,8.92845810182582,0.231138366763322));
#2720=CARTESIAN_POINT('Ctrl Pts',(6.47165460112362,5.99360938938582,6.5543323926845));
#2721=CARTESIAN_POINT('Ctrl Pts',(6.57591123077467,6.13098322788348,6.35328186185838));
#2722=CARTESIAN_POINT('Ctrl Pts',(6.68504350789807,6.26738551096253,6.13063592298061));
#2723=CARTESIAN_POINT('Ctrl Pts',(7.02826715874629,6.67681519261251,5.39140960264316));
#2724=CARTESIAN_POINT('Ctrl Pts',(7.26426192353664,6.92485379450246,4.81511601776963));
#2725=CARTESIAN_POINT('Ctrl Pts',(7.70303731485386,7.38115068287741,3.61336118372134));
#2726=CARTESIAN_POINT('Ctrl Pts',(7.9185640187867,7.60296124538467,2.92945116009929));
#2727=CARTESIAN_POINT('Ctrl Pts',(8.29477409255184,8.02580041141401,1.56886728263394));
#2728=CARTESIAN_POINT('Ctrl Pts',(8.45933925556501,8.23662039598514,0.855702321294775));
#2729=CARTESIAN_POINT('Ctrl Pts',(8.59290949175073,8.43486549391355,0.206053850130253));
#2730=CARTESIAN_POINT('Ctrl Pts',(6.86270296627097,5.271754403186,6.48958353601303));
#2731=CARTESIAN_POINT('Ctrl Pts',(6.96544358195862,5.3962219592856,6.29439570901326));
#2732=CARTESIAN_POINT('Ctrl Pts',(7.07276749267308,5.51896854634116,6.07876450793915));
#2733=CARTESIAN_POINT('Ctrl Pts',(7.40974281847727,5.88532878759938,5.36359727098697));
#2734=CARTESIAN_POINT('Ctrl Pts',(7.64054343244839,6.10372424527404,4.80704762604299));
#2735=CARTESIAN_POINT('Ctrl Pts',(8.06926598862857,6.50169507278604,3.63933292360909));
#2736=CARTESIAN_POINT('Ctrl Pts',(8.27975876218846,6.69211747517687,2.96974964428036));
#2737=CARTESIAN_POINT('Ctrl Pts',(8.65084223899005,7.05219034847499,1.61691357243088));
#2738=CARTESIAN_POINT('Ctrl Pts',(8.81597333770691,7.22962502012553,0.894482153473959));
#2739=CARTESIAN_POINT('Ctrl Pts',(8.95595821663567,7.39587946924818,0.215963881751073));
#2740=CARTESIAN_POINT('Ctrl Pts',(6.98652254330705,4.89582998376702,6.47737633525801));
#2741=CARTESIAN_POINT('Ctrl Pts',(7.08513793996823,5.00880282270575,6.29028770308976));
#2742=CARTESIAN_POINT('Ctrl Pts',(7.18825290867584,5.12064203702114,6.08368509334002));
#2743=CARTESIAN_POINT('Ctrl Pts',(7.51206985587945,5.45599917724378,5.39781450696564));
#2744=CARTESIAN_POINT('Ctrl Pts',(7.73392872158149,5.65879826510028,4.86286262663145));
#2745=CARTESIAN_POINT('Ctrl Pts',(8.14406665386985,6.0363302897809,3.72892666190013));
#2746=CARTESIAN_POINT('Ctrl Pts',(8.34395880882258,6.22281544003387,3.071038167778));
#2747=CARTESIAN_POINT('Ctrl Pts',(8.69042967390686,6.58475293761514,1.71068880344516));
#2748=CARTESIAN_POINT('Ctrl Pts',(8.84037975297039,6.76915445134215,0.964665946743587));
#2749=CARTESIAN_POINT('Ctrl Pts',(8.96196389932561,6.94420533537271,0.233730341146188));
#2750=CARTESIAN_POINT('',(8.96196389932562,6.9442053353722,0.233730341146209));
#2751=CARTESIAN_POINT('Ctrl Pts',(7.04657923278739,4.96391110492451,6.36216241417733));
#2752=CARTESIAN_POINT('Ctrl Pts',(7.12438707227142,5.05119436139198,6.21123069974564));
#2753=CARTESIAN_POINT('Ctrl Pts',(7.43689529978607,5.38729462417437,5.57842667641873));
#2754=CARTESIAN_POINT('Ctrl Pts',(7.97118407740251,5.87559909291699,4.29476023055536));
#2755=CARTESIAN_POINT('Ctrl Pts',(8.5534214449339,6.41691280338161,2.38913472330839));
#2756=CARTESIAN_POINT('Ctrl Pts',(8.83708636869,6.7644127983634,0.984465006946873));
#2757=CARTESIAN_POINT('Ctrl Pts',(8.96196389932561,6.94420533537271,0.233730341146191));
#2758=CARTESIAN_POINT('Ctrl Pts',(6.97098382317989,8.93996302085514,0.247866312962568));
#2759=CARTESIAN_POINT('Ctrl Pts',(7.41413850133641,8.92480712927465,0.260987936356025));
#2760=CARTESIAN_POINT('Ctrl Pts',(8.14530984224086,8.65892890575213,0.267179040217249));
#2761=CARTESIAN_POINT('Ctrl Pts',(8.80922595363024,7.8283796152463,0.259618192611709));
#2762=CARTESIAN_POINT('Ctrl Pts',(8.95406683621312,7.24078179811678,0.245166775621099));
#2763=CARTESIAN_POINT('Ctrl Pts',(8.96196389932563,6.94420533537169,0.233730341146228));
#2764=CARTESIAN_POINT('Ctrl Pts',(7.02262124871068,4.93692322871592,6.40843109557436));
#2765=CARTESIAN_POINT('Ctrl Pts',(7.04555771226167,4.96286841903024,6.36433106505859));
#2766=CARTESIAN_POINT('Ctrl Pts',(7.11605276669635,5.0416476820958,6.22705605067221));
#2767=CARTESIAN_POINT('Ctrl Pts',(7.20022565438992,5.13233718024089,6.0566795437789));
#2768=CARTESIAN_POINT('Ctrl Pts',(7.35091106168602,5.28997491823869,5.74121408143407));
#2769=CARTESIAN_POINT('Ctrl Pts',(7.56830725010258,5.50574868989815,5.25884855974315));
#2770=CARTESIAN_POINT('Ctrl Pts',(7.77551840766087,5.6971988422763,4.74140870576849));
#2771=CARTESIAN_POINT('Ctrl Pts',(7.90171030594022,5.81324142662496,4.39897513357749));
#2772=CARTESIAN_POINT('Ctrl Pts',(8.05128720057534,5.95092586718866,3.98549116017718));
#2773=CARTESIAN_POINT('Ctrl Pts',(8.24302900540133,6.12872937319211,3.39976300445476));
#2774=CARTESIAN_POINT('Ctrl Pts',(8.41720948529452,6.3003162906558,2.7778612368278));
#2775=CARTESIAN_POINT('Ctrl Pts',(8.60349368223769,6.49246224751633,2.06040458212867));
#2776=CARTESIAN_POINT('Ctrl Pts',(8.78605927552615,6.70132981908604,1.24040116246579));
#2777=CARTESIAN_POINT('Ctrl Pts',(8.92529975391585,6.89041501740179,0.459079831374968));
#2778=CARTESIAN_POINT('Ctrl Pts',(8.97788634969231,6.96730727256547,0.137133744507947));
#2779=CARTESIAN_POINT('Ctrl Pts',(7.04284391496841,4.87408199664372,6.40690680640019));
#2780=CARTESIAN_POINT('Ctrl Pts',(7.06562262249087,4.89959489977952,6.36312301780908));
#2781=CARTESIAN_POINT('Ctrl Pts',(7.13563527169533,4.9770740983469,6.22683371347851));
#2782=CARTESIAN_POINT('Ctrl Pts',(7.21923935828839,5.06631446398807,6.05767910731676));
#2783=CARTESIAN_POINT('Ctrl Pts',(7.36891142453457,5.22151330646056,5.7444520700781));
#2784=CARTESIAN_POINT('Ctrl Pts',(7.58485283859241,5.43416329444118,5.26543061965552));
#2785=CARTESIAN_POINT('Ctrl Pts',(7.79063146994056,5.62335652437392,4.7511578223601));
#2786=CARTESIAN_POINT('Ctrl Pts',(7.91589308997961,5.73829757782235,4.41048785398821));
#2787=CARTESIAN_POINT('Ctrl Pts',(8.06434952612949,5.87474902720496,3.99904107643835));
#2788=CARTESIAN_POINT('Ctrl Pts',(8.25452015668459,6.05149916960804,3.41550793550973));
#2789=CARTESIAN_POINT('Ctrl Pts',(8.42693750483571,6.22282610040615,2.79422874718412));
#2790=CARTESIAN_POINT('Ctrl Pts',(8.61109918812362,6.41504672473005,2.07639546101204));
#2791=CARTESIAN_POINT('Ctrl Pts',(8.79103679595215,6.62475048843164,1.25358313505385));
#2792=CARTESIAN_POINT('Ctrl Pts',(8.92724998939238,6.81527916570022,0.464849221602408));
#2793=CARTESIAN_POINT('Ctrl Pts',(8.97847384508854,6.89282405267302,0.138897673158776));
#2794=CARTESIAN_POINT('Ctrl Pts',(7.08605436574399,4.73236824528839,6.40345435783425));
#2795=CARTESIAN_POINT('Ctrl Pts',(7.10847719373064,4.75688074558153,6.36036769306072));
#2796=CARTESIAN_POINT('Ctrl Pts',(7.17739027048891,4.83132422550649,6.22624357087936));
#2797=CARTESIAN_POINT('Ctrl Pts',(7.2596612660734,4.91707950414056,6.05974659153441));
#2798=CARTESIAN_POINT('Ctrl Pts',(7.40691700056971,5.06624590289633,5.75134703750933));
#2799=CARTESIAN_POINT('Ctrl Pts',(7.61929693361252,5.27071446545919,5.27943267763253));
#2800=CARTESIAN_POINT('Ctrl Pts',(7.82153116317823,5.45293910126514,4.77181414164993));
#2801=CARTESIAN_POINT('Ctrl Pts',(7.9445527395258,5.56387320699594,4.43483671715307));
#2802=CARTESIAN_POINT('Ctrl Pts',(8.09033086827041,5.69563370510442,4.02765243757812));
#2803=CARTESIAN_POINT('Ctrl Pts',(8.27689401512793,5.866797873211,3.44869986737365));
#2804=CARTESIAN_POINT('Ctrl Pts',(8.44557915628512,6.03371041553696,2.82875955321944));
#2805=CARTESIAN_POINT('Ctrl Pts',(8.62540498191871,6.22159178209923,2.1101666918795));
#2806=CARTESIAN_POINT('Ctrl Pts',(8.80028807313195,6.42789438030195,1.28146471335688));
#2807=CARTESIAN_POINT('Ctrl Pts',(8.93086582349663,6.6176336465412,0.477033140574095));
#2808=CARTESIAN_POINT('Ctrl Pts',(8.97956274259511,6.69528509608227,0.142621985630343));
#2809=CARTESIAN_POINT('Ctrl Pts',(7.25380028983269,4.1142150810362,6.38510815343685));
#2810=CARTESIAN_POINT('Ctrl Pts',(7.27478817365339,4.13453055504976,6.34486947351002));
#2811=CARTESIAN_POINT('Ctrl Pts',(7.33925342949792,4.19619942703035,6.21957879734504));
#2812=CARTESIAN_POINT('Ctrl Pts',(7.41608852196504,4.26714508508765,6.06388370241095));
#2813=CARTESIAN_POINT('Ctrl Pts',(7.55345037490128,4.39044488317143,5.77504285248032));
#2814=CARTESIAN_POINT('Ctrl Pts',(7.75116605829505,4.55921592360323,5.33176326083812));
#2815=CARTESIAN_POINT('Ctrl Pts',(7.9388587056865,4.70964669380808,4.85088400120738));
#2816=CARTESIAN_POINT('Ctrl Pts',(8.05281676599672,4.80160414066428,4.52876530495913));
#2817=CARTESIAN_POINT('Ctrl Pts',(8.18779686023402,4.91094707002244,4.13874222789408));
#2818=CARTESIAN_POINT('Ctrl Pts',(8.36010420252467,5.0539365704874,3.57831906566544));
#2819=CARTESIAN_POINT('Ctrl Pts',(8.51454504498373,5.19648493552776,2.96418957620733));
#2820=CARTESIAN_POINT('Ctrl Pts',(8.67805731735292,5.35918166152187,2.2431478574816));
#2821=CARTESIAN_POINT('Ctrl Pts',(8.83439246501102,5.54282252847826,1.39166926059406));
#2822=CARTESIAN_POINT('Ctrl Pts',(8.94425076335552,5.72244041212561,0.525219600052295));
#2823=CARTESIAN_POINT('Ctrl Pts',(8.98359604643933,5.79813425839489,0.157352351781336));
#2824=CARTESIAN_POINT('Ctrl Pts',(7.52283543485202,2.55984401634196,6.31836483595126));
#2825=CARTESIAN_POINT('Ctrl Pts',(7.54113499119285,2.57142109920585,6.28426553148703));
#2826=CARTESIAN_POINT('Ctrl Pts',(7.5973071301516,2.60655795422856,6.17800721570243));
#2827=CARTESIAN_POINT('Ctrl Pts',(7.66416663661172,2.64697571417883,6.04555684172953));
#2828=CARTESIAN_POINT('Ctrl Pts',(7.78365990252596,2.71728958376407,5.79876261736326));
#2829=CARTESIAN_POINT('Ctrl Pts',(7.95565976058933,2.81378660758786,5.4169354367945));
#2830=CARTESIAN_POINT('Ctrl Pts',(8.11953020584545,2.90067299379258,4.9937467073112));
#2831=CARTESIAN_POINT('Ctrl Pts',(8.21937411919797,2.95450820250209,4.70397329197952));
#2832=CARTESIAN_POINT('Ctrl Pts',(8.33773713069167,3.01873264770935,4.351402788606));
#2833=CARTESIAN_POINT('Ctrl Pts',(8.48951939862904,3.10436494670793,3.83218218270936));
#2834=CARTESIAN_POINT('Ctrl Pts',(8.6243335883726,3.19538917416082,3.23334008152376));
#2835=CARTESIAN_POINT('Ctrl Pts',(8.76521292672071,3.30337061641393,2.51089534588621));
#2836=CARTESIAN_POINT('Ctrl Pts',(8.89520659931868,3.43428122184189,1.61616811610929));
#2837=CARTESIAN_POINT('Ctrl Pts',(8.96934089321066,3.58330519406918,0.623771877601563));
#2838=CARTESIAN_POINT('Ctrl Pts',(8.99120933833663,3.65026831251125,0.187494200815833));
#2839=CARTESIAN_POINT('Ctrl Pts',(7.55889580284287,0.590650896941831,6.16422803119534));
#2840=CARTESIAN_POINT('Ctrl Pts',(7.57609926066681,0.59607735025983,6.1344730157669));
#2841=CARTESIAN_POINT('Ctrl Pts',(7.62901168443688,0.612834650905764,6.04172712800853));
#2842=CARTESIAN_POINT('Ctrl Pts',(7.6923991554133,0.633177148300458,5.92595262815036));
#2843=CARTESIAN_POINT('Ctrl Pts',(7.80638053484665,0.670293432243872,5.70962592738709));
#2844=CARTESIAN_POINT('Ctrl Pts',(7.97228116042492,0.72579623378815,5.37313647954503));
#2845=CARTESIAN_POINT('Ctrl Pts',(8.13395260015478,0.784035788774691,4.99442535956003));
#2846=CARTESIAN_POINT('Ctrl Pts',(8.23381161832797,0.822961053685578,4.73077817433501));
#2847=CARTESIAN_POINT('Ctrl Pts',(8.35255222976726,0.870104588667686,4.40883498311515));
#2848=CARTESIAN_POINT('Ctrl Pts',(8.50736278947772,0.938018672377975,3.92618098910832));
#2849=CARTESIAN_POINT('Ctrl Pts',(8.645911414864,1.01553302471633,3.34890283954307));
#2850=CARTESIAN_POINT('Ctrl Pts',(8.79007510128267,1.10920801540482,2.63953691835497));
#2851=CARTESIAN_POINT('Ctrl Pts',(8.92111248277224,1.22578705469807,1.73386477880415));
#2852=CARTESIAN_POINT('Ctrl Pts',(8.98214656016728,1.35904974565448,0.677219381864298));
#2853=CARTESIAN_POINT('Ctrl Pts',(8.9951819634777,1.41852110340077,0.20390925073767));
#2854=CARTESIAN_POINT('Ctrl Pts',(7.55907546617303,-0.99647477943268,5.9935625200635));
#2855=CARTESIAN_POINT('Ctrl Pts',(7.57619269120771,-0.99490583580233,5.96477679907618));
#2856=CARTESIAN_POINT('Ctrl Pts',(7.62883190664867,-0.989841114422703,5.87508285958453));
#2857=CARTESIAN_POINT('Ctrl Pts',(7.69186542556525,-0.982878766316938,5.76322376904007));
#2858=CARTESIAN_POINT('Ctrl Pts',(7.80517773349214,-0.96887350810486,5.55434412738493));
#2859=CARTESIAN_POINT('Ctrl Pts',(7.970028691141,-0.94460245701558,5.22973774053696));
#2860=CARTESIAN_POINT('Ctrl Pts',(8.13063357635407,-0.912553773245693,4.86461498753259));
#2861=CARTESIAN_POINT('Ctrl Pts',(8.22987833107103,-0.888411580014327,4.6102258381685));
#2862=CARTESIAN_POINT('Ctrl Pts',(8.34790378484566,-0.858490912840797,4.29952535381587));
#2863=CARTESIAN_POINT('Ctrl Pts',(8.50190311838255,-0.810501079946729,3.83324014098813));
#2864=CARTESIAN_POINT('Ctrl Pts',(8.64017062561544,-0.748798842377241,3.27355281349693));
#2865=CARTESIAN_POINT('Ctrl Pts',(8.78439859295611,-0.671114551208924,2.58443447654364));
#2866=CARTESIAN_POINT('Ctrl Pts',(8.91635957112294,-0.568342314634441,1.70173890965273));
#2867=CARTESIAN_POINT('Ctrl Pts',(8.98004746432615,-0.444904927930847,0.665658618893101));
#2868=CARTESIAN_POINT('Ctrl Pts',(8.99453945030318,-0.389286243444229,0.200471000886213));
#2869=CARTESIAN_POINT('Ctrl Pts',(7.51515732101543,-2.64471320388501,5.77726815605919));
#2870=CARTESIAN_POINT('Ctrl Pts',(7.53304795981619,-2.64732693246672,5.74729653086197));
#2871=CARTESIAN_POINT('Ctrl Pts',(7.58793633334862,-2.65490300711351,5.65404148538011));
#2872=CARTESIAN_POINT('Ctrl Pts',(7.65319761717028,-2.6622847813533,5.53824337774255));
#2873=CARTESIAN_POINT('Ctrl Pts',(7.76983959784671,-2.6729281540005,5.32287232949903));
#2874=CARTESIAN_POINT('Ctrl Pts',(7.93782678861841,-2.6816650723925,4.99037736212755));
#2875=CARTESIAN_POINT('Ctrl Pts',(8.09853869751401,-2.67718013703226,4.6210924773651));
#2876=CARTESIAN_POINT('Ctrl Pts',(8.19699816476763,-2.66892268903065,4.36632725351222));
#2877=CARTESIAN_POINT('Ctrl Pts',(8.31389064381579,-2.65763510197519,4.05581556844182));
#2878=CARTESIAN_POINT('Ctrl Pts',(8.46505216980828,-2.63223633386239,3.5945508489125));
#2879=CARTESIAN_POINT('Ctrl Pts',(8.60156849913996,-2.59284677500027,3.05198308220505));
#2880=CARTESIAN_POINT('Ctrl Pts',(8.74561818620796,-2.54147814177643,2.39066794834296));
#2881=CARTESIAN_POINT('Ctrl Pts',(8.88180615886203,-2.47068560871334,1.55739521529779));
#2882=CARTESIAN_POINT('Ctrl Pts',(8.9641420478647,-2.39017865508085,0.605433097206938));
#2883=CARTESIAN_POINT('Ctrl Pts',(8.98964581066346,-2.35544704068679,0.182171477612559));
#2884=CARTESIAN_POINT('Ctrl Pts',(7.18485321103844,-4.78578485271436,5.45982402465508));
#2885=CARTESIAN_POINT('Ctrl Pts',(7.20567902347806,-4.79700925382712,5.42589866284468));
#2886=CARTESIAN_POINT('Ctrl Pts',(7.2695325266338,-4.83113498993798,5.32056537778986));
#2887=CARTESIAN_POINT('Ctrl Pts',(7.34530450230303,-4.87057001374304,5.19063696346635));
#2888=CARTESIAN_POINT('Ctrl Pts',(7.48053564202433,-4.93930168746093,4.95061217703059));
#2889=CARTESIAN_POINT('Ctrl Pts',(7.67477688697826,-5.03375039573646,4.58430514719848));
#2890=CARTESIAN_POINT('Ctrl Pts',(7.85947265409278,-5.11510163108953,4.18777791902267));
#2891=CARTESIAN_POINT('Ctrl Pts',(7.97242210064478,-5.16125480164319,3.92046982470515));
#2892=CARTESIAN_POINT('Ctrl Pts',(8.10649695311451,-5.21508665703732,3.59631219321821));
#2893=CARTESIAN_POINT('Ctrl Pts',(8.27983633922935,-5.2777959678426,3.1268565989198));
#2894=CARTESIAN_POINT('Ctrl Pts',(8.4403876395738,-5.32744649351818,2.60437241832581));
#2895=CARTESIAN_POINT('Ctrl Pts',(8.61399629352957,-5.3772130212381,1.98598832227323));
#2896=CARTESIAN_POINT('Ctrl Pts',(8.78861830729348,-5.41917268850035,1.24512479150036));
#2897=CARTESIAN_POINT('Ctrl Pts',(8.92573327599473,-5.44801850156735,0.472869877796125));
#2898=CARTESIAN_POINT('Ctrl Pts',(8.97799334877898,-5.45928624919953,0.141800240781103));
#2899=CARTESIAN_POINT('Ctrl Pts',(6.88296849633149,-5.47114753208127,5.33952268582516));
#2900=CARTESIAN_POINT('Ctrl Pts',(6.90596428017902,-5.48704626785596,5.30304790833994));
#2901=CARTESIAN_POINT('Ctrl Pts',(6.97657842823249,-5.53577863259684,5.18987761002375));
#2902=CARTESIAN_POINT('Ctrl Pts',(7.06075840356671,-5.59354133673974,5.05060607239009));
#2903=CARTESIAN_POINT('Ctrl Pts',(7.21158375460593,-5.69649497992751,4.79399806505703));
#2904=CARTESIAN_POINT('Ctrl Pts',(7.42971354564202,-5.84395187883786,4.40421043933015));
#2905=CARTESIAN_POINT('Ctrl Pts',(7.63960238086039,-5.98243580205097,3.98733804771648));
#2906=CARTESIAN_POINT('Ctrl Pts',(7.76886582597165,-6.06592116666491,3.70968345096969));
#2907=CARTESIAN_POINT('Ctrl Pts',(7.92254969766681,-6.16469214590977,3.37388862376368));
#2908=CARTESIAN_POINT('Ctrl Pts',(8.12301129780659,-6.2899812610072,2.89432120113049));
#2909=CARTESIAN_POINT('Ctrl Pts',(8.3116467528611,-6.40257314028194,2.37754381919922));
#2910=CARTESIAN_POINT('Ctrl Pts',(8.51753191552643,-6.52259493112054,1.77691320264918));
#2911=CARTESIAN_POINT('Ctrl Pts',(8.72895620307953,-6.63975582828758,1.08080442708183));
#2912=CARTESIAN_POINT('Ctrl Pts',(8.90318427638123,-6.73000961533711,0.402507409894851));
#2913=CARTESIAN_POINT('Ctrl Pts',(8.97123621494414,-6.76447422622542,0.120347730613333));
#2914=CARTESIAN_POINT('Ctrl Pts',(6.81404936239741,-5.61998188751478,5.3093175815139));
#2915=CARTESIAN_POINT('Ctrl Pts',(6.83753646555694,-5.63668388084893,5.27205755669882));
#2916=CARTESIAN_POINT('Ctrl Pts',(6.90965258484144,-5.68787070983484,5.15647081199615));
#2917=CARTESIAN_POINT('Ctrl Pts',(6.99560288902188,-5.74851620066807,5.0143168570224));
#2918=CARTESIAN_POINT('Ctrl Pts',(7.14958463988645,-5.85657226770325,4.75260168108434));
#2919=CARTESIAN_POINT('Ctrl Pts',(7.37225528512308,-6.01125468770269,4.35562397193768));
#2920=CARTESIAN_POINT('Ctrl Pts',(7.58667250008549,-6.15649291508343,3.93284128766002));
#2921=CARTESIAN_POINT('Ctrl Pts',(7.71892311409685,-6.24412035730045,3.65236825415397));
#2922=CARTESIAN_POINT('Ctrl Pts',(7.87621781579331,-6.34781327967082,3.31346554050445));
#2923=CARTESIAN_POINT('Ctrl Pts',(8.08183943445933,-6.47950956611974,2.83168046861779));
#2924=CARTESIAN_POINT('Ctrl Pts',(8.2764808410928,-6.59828493801874,2.31731142177797));
#2925=CARTESIAN_POINT('Ctrl Pts',(8.48971815154839,-6.72520297676672,1.72238113329678));
#2926=CARTESIAN_POINT('Ctrl Pts',(8.71049576003967,-6.84978742530732,1.03908795967923));
#2927=CARTESIAN_POINT('Ctrl Pts',(8.89589730813723,-6.94693116648952,0.38488582515341));
#2928=CARTESIAN_POINT('Ctrl Pts',(8.96903875426802,-6.98425989815045,0.114984706706835));
#2929=CARTESIAN_POINT('',(8.93106887322057,-6.96478750046559,0.253990399649323));
#2930=CARTESIAN_POINT('Ctrl Pts',(6.81404936239741,-5.61998188751477,5.3093175815139));
#2931=CARTESIAN_POINT('Ctrl Pts',(6.8866121020519,-5.67158222263423,5.19420379068956));
#2932=CARTESIAN_POINT('Ctrl Pts',(7.19287320519271,-5.88809374733266,4.69264556445854));
#2933=CARTESIAN_POINT('Ctrl Pts',(7.73716127490338,-6.26220299601261,3.67417105864258));
#2934=CARTESIAN_POINT('Ctrl Pts',(8.38482813310239,-6.67145551397161,2.10013884388996));
#2935=CARTESIAN_POINT('Ctrl Pts',(8.75225570195622,-6.872639021048,0.903389938822544));
#2936=CARTESIAN_POINT('Ctrl Pts',(8.93106887322057,-6.96478750046559,0.253990399649323));
#2937=CARTESIAN_POINT('',(8.99477328450675,0.564104250455201,0.205862379202956));
#2938=CARTESIAN_POINT('Ctrl Pts',(8.99457191374294,0.564105319554518,0.206033526760658));
#2939=CARTESIAN_POINT('Ctrl Pts',(8.99421781176005,-0.439343275582937,0.20632842897047));
#2940=CARTESIAN_POINT('Ctrl Pts',(8.98994185706328,-1.94380853645768,0.210465161920023));
#2941=CARTESIAN_POINT('Ctrl Pts',(8.97813770917051,-3.95047830460496,0.220662243738599));
#2942=CARTESIAN_POINT('Ctrl Pts',(8.96639317796823,-5.20438451174128,0.230051132867658));
#2943=CARTESIAN_POINT('Ctrl Pts',(8.95313827287259,-6.08302923721006,0.239582973749326));
#2944=CARTESIAN_POINT('Ctrl Pts',(8.94427311676835,-6.52215389837401,0.245480720125358));
#2945=CARTESIAN_POINT('Ctrl Pts',(8.93776751180121,-6.77413348383731,0.249696700396547));
#2946=CARTESIAN_POINT('Ctrl Pts',(8.93401752005048,-6.89957870525588,0.251993222904915));
#2947=CARTESIAN_POINT('Ctrl Pts',(8.93106887322057,-6.96478750046559,0.253990399649323));
#2948=CARTESIAN_POINT('Ctrl Pts',(8.96196389932561,6.94420533537199,0.233730341146253));
#2949=CARTESIAN_POINT('Ctrl Pts',(8.96452881041416,6.83571966245457,0.231438913881873));
#2950=CARTESIAN_POINT('Ctrl Pts',(8.96746989674361,6.62360306610798,0.229326312988582));
#2951=CARTESIAN_POINT('Ctrl Pts',(8.97264764725511,6.19756199553416,0.225167033405268));
#2952=CARTESIAN_POINT('Ctrl Pts',(8.97934804758606,5.45371551469287,0.219780077060969));
#2953=CARTESIAN_POINT('Ctrl Pts',(8.99086675770755,3.53994452900831,0.209740557155086));
#2954=CARTESIAN_POINT('Ctrl Pts',(8.99502213990839,1.83994910192738,0.205658570681573));
#2955=CARTESIAN_POINT('Ctrl Pts',(8.99457191374294,0.564105319554518,0.206033526760658));
#2956=CARTESIAN_POINT('Ctrl Pts',(6.74983357550132,-5.57424058363569,5.41024303217402));
#2957=CARTESIAN_POINT('Ctrl Pts',(6.84473215079298,-5.64194952460175,5.26248462580722));
#2958=CARTESIAN_POINT('Ctrl Pts',(6.94003850098974,-5.70944276895354,5.10778836810847));
#2959=CARTESIAN_POINT('Ctrl Pts',(7.26070441552592,-5.93471663794332,4.56571947096592));
#2960=CARTESIAN_POINT('Ctrl Pts',(7.48007559423367,-6.08544627853337,4.15470415001996));
#2961=CARTESIAN_POINT('Ctrl Pts',(7.91849075327035,-6.37678280608384,3.23348394176961));
#2962=CARTESIAN_POINT('Ctrl Pts',(8.13820035675364,-6.51551793346965,2.6985742088064));
#2963=CARTESIAN_POINT('Ctrl Pts',(8.55754509030824,-6.7660514451714,1.5378316264952));
#2964=CARTESIAN_POINT('Ctrl Pts',(8.75506002423326,-6.8741124465923,0.893534223126389));
#2965=CARTESIAN_POINT('Ctrl Pts',(8.93227675756389,-6.96540986749005,0.249602576403512));
#2966=CARTESIAN_POINT('Ctrl Pts',(6.55957608774859,-5.97125144101824,5.33425811062564));
#2967=CARTESIAN_POINT('Ctrl Pts',(6.65989553170061,-6.04782537116636,5.17795701739969));
#2968=CARTESIAN_POINT('Ctrl Pts',(6.76053410112486,-6.12404373190552,5.01454284533307));
#2969=CARTESIAN_POINT('Ctrl Pts',(7.09901475658527,-6.37815837811094,4.44361255079766));
#2970=CARTESIAN_POINT('Ctrl Pts',(7.33035584771239,-6.54766925135204,4.01377762141037));
#2971=CARTESIAN_POINT('Ctrl Pts',(7.79535491409661,-6.87621224159833,3.06628737236258));
#2972=CARTESIAN_POINT('Ctrl Pts',(8.03037827170245,-7.03336556164111,2.52667799502735));
#2973=CARTESIAN_POINT('Ctrl Pts',(8.48825660702966,-7.32052226372004,1.39385336875479));
#2974=CARTESIAN_POINT('Ctrl Pts',(8.71047434054569,-7.44687377897107,0.788691049527581));
#2975=CARTESIAN_POINT('Ctrl Pts',(8.91955978288697,-7.55663695582527,0.219041620209318));
#2976=CARTESIAN_POINT('Ctrl Pts',(6.0983493400064,-6.55512275601474,5.26675070528922));
#2977=CARTESIAN_POINT('Ctrl Pts',(6.19810323044552,-6.64589477880033,5.10961405145942));
#2978=CARTESIAN_POINT('Ctrl Pts',(6.29833466113099,-6.73664571034175,4.94520913292068));
#2979=CARTESIAN_POINT('Ctrl Pts',(6.63576830801726,-7.04070321798193,4.37076060237043));
#2980=CARTESIAN_POINT('Ctrl Pts',(6.8669992605914,-7.24635705074338,3.93821934065048));
#2981=CARTESIAN_POINT('Ctrl Pts',(7.33131615604688,-7.65277828479968,2.98850495339174));
#2982=CARTESIAN_POINT('Ctrl Pts',(7.56557548929752,-7.85304566959297,2.45012707094103));
#2983=CARTESIAN_POINT('Ctrl Pts',(8.01591106665891,-8.23256273016533,1.33304327459427));
#2984=CARTESIAN_POINT('Ctrl Pts',(8.23023675502726,-8.4094275353683,0.744756336082471));
#2985=CARTESIAN_POINT('Ctrl Pts',(8.42392416497891,-8.57226069601638,0.206249538069704));
#2986=CARTESIAN_POINT('Ctrl Pts',(5.4108710647162,-6.92308763091116,5.25861994892057));
#2987=CARTESIAN_POINT('Ctrl Pts',(5.49707669691728,-7.01390220317088,5.11162296246532));
#2988=CARTESIAN_POINT('Ctrl Pts',(5.5836659883844,-7.10475370953173,4.95765770858715));
#2989=CARTESIAN_POINT('Ctrl Pts',(5.87499579397211,-7.40929983446781,4.41827724234826));
#2990=CARTESIAN_POINT('Ctrl Pts',(6.07431332999385,-7.61557980642717,4.00958997128668));
#2991=CARTESIAN_POINT('Ctrl Pts',(6.47288223753965,-8.02296184916627,3.09824363517201));
#2992=CARTESIAN_POINT('Ctrl Pts',(6.67270070883153,-8.22343646106457,2.57209309814272));
#2993=CARTESIAN_POINT('Ctrl Pts',(7.05276454066746,-8.60197069448572,1.44559225162039));
#2994=CARTESIAN_POINT('Ctrl Pts',(7.23078755780387,-8.77737214731816,0.829795799230808));
#2995=CARTESIAN_POINT('Ctrl Pts',(7.38859863941058,-8.93829423437925,0.231185229535064));
#2996=CARTESIAN_POINT('Ctrl Pts',(5.07803473307557,-7.04155375852984,5.25822332212139));
#2997=CARTESIAN_POINT('Ctrl Pts',(5.1575131859817,-7.12899781753441,5.115700565939));
#2998=CARTESIAN_POINT('Ctrl Pts',(5.23750856409766,-7.21661138441103,4.96644927162847));
#2999=CARTESIAN_POINT('Ctrl Pts',(5.50722424009379,-7.51054617827421,4.44319302386879));
#3000=CARTESIAN_POINT('Ctrl Pts',(5.69281548411243,-7.71007866863066,4.04600008183591));
#3001=CARTESIAN_POINT('Ctrl Pts',(6.06582123360214,-8.10244194450575,3.15364835372103));
#3002=CARTESIAN_POINT('Ctrl Pts',(6.25420352083668,-8.29423159943502,2.63402393354786));
#3003=CARTESIAN_POINT('Ctrl Pts',(6.61550802088768,-8.64921701689395,1.50343948820946));
#3004=CARTESIAN_POINT('Ctrl Pts',(6.78684706161239,-8.80860946069848,0.874052075374454));
#3005=CARTESIAN_POINT('Ctrl Pts',(6.94104813191204,-8.94724957938755,0.244188676063311));
#3006=CARTESIAN_POINT('',(6.94104813191204,-8.94724957938755,0.244188676063311));
#3007=CARTESIAN_POINT('Ctrl Pts',(5.12756255177199,-7.09599471858895,5.16867507590935));
#3008=CARTESIAN_POINT('Ctrl Pts',(5.19218930323936,-7.16696557996377,5.05086439415592));
#3009=CARTESIAN_POINT('Ctrl Pts',(5.45415702262137,-7.45355794181621,4.55765494527648));
#3010=CARTESIAN_POINT('Ctrl Pts',(5.91776745008788,-7.95186704457947,3.56373028627633));
#3011=CARTESIAN_POINT('Ctrl Pts',(6.47027255808557,-8.5141080817371,2.03693945294767));
#3012=CARTESIAN_POINT('Ctrl Pts',(6.78684706161239,-8.80860946069848,0.874052075374455));
#3013=CARTESIAN_POINT('Ctrl Pts',(6.94104813191204,-8.94724957938755,0.244188676063311));
#3014=CARTESIAN_POINT('Ctrl Pts',(8.93106887322057,-6.9647875004656,0.253990399649324));
#3015=CARTESIAN_POINT('Ctrl Pts',(8.91022959653429,-7.40664336164934,0.270585863089418));
#3016=CARTESIAN_POINT('Ctrl Pts',(8.52349883230833,-8.41082969583063,0.287593720000259));
#3017=CARTESIAN_POINT('Ctrl Pts',(7.53090497096998,-8.92593100438856,0.269039958719045));
#3018=CARTESIAN_POINT('Ctrl Pts',(6.94104813191204,-8.94724957938755,0.244188676063311));
#3019=CARTESIAN_POINT('Ctrl Pts',(-7.31142836802954E-15,-6.8340722009122,
5.56061572822102));
#3020=CARTESIAN_POINT('Ctrl Pts',(-6.66408213893962E-15,-6.29860212431247,
5.44242740819327));
#3021=CARTESIAN_POINT('Ctrl Pts',(-3.31483076199222E-15,-4.86012500978066,
5.22011306542531));
#3022=CARTESIAN_POINT('Ctrl Pts',(1.23613620974182E-31,-2.34244706592084,
5.30297348598264));
#3023=CARTESIAN_POINT('Ctrl Pts',(0.,-0.0956304939976951,5.5788478721956));
#3024=CARTESIAN_POINT('Ctrl Pts',(-0.646025993205187,-6.83407220091221,
5.56061572822103));
#3025=CARTESIAN_POINT('Ctrl Pts',(-0.575941455806595,-6.29854279713862,
5.44243469265426));
#3026=CARTESIAN_POINT('Ctrl Pts',(-0.402760441684825,-4.86007839850623,
5.22011878857018));
#3027=CARTESIAN_POINT('Ctrl Pts',(-0.16948031872792,-2.34274781064389,5.30293655917388));
#3028=CARTESIAN_POINT('Ctrl Pts',(0.,-0.0956304939976951,5.5788478721956));
#3029=CARTESIAN_POINT('Ctrl Pts',(-1.95291648695007,-6.77935487829213,5.56733417065274));
#3030=CARTESIAN_POINT('Ctrl Pts',(-1.75350686538356,-6.24366209663119,5.44917319536815));
#3031=CARTESIAN_POINT('Ctrl Pts',(-1.22780570474208,-4.81140640557852,5.22609495785011));
#3032=CARTESIAN_POINT('Ctrl Pts',(-0.506934002733232,-2.31664413395799,
5.3061416876537));
#3033=CARTESIAN_POINT('Ctrl Pts',(0.,-0.0956304939976951,5.5788478721956));
#3034=CARTESIAN_POINT('Ctrl Pts',(-4.23992705071886,-6.41612507314239,5.611933182785));
#3035=CARTESIAN_POINT('Ctrl Pts',(-3.84089125694214,-5.87322451561605,5.4946572110952));
#3036=CARTESIAN_POINT('Ctrl Pts',(-2.71956347428746,-4.41355416889484,5.27494507003569));
#3037=CARTESIAN_POINT('Ctrl Pts',(-1.12394290048467,-2.06010248836734,5.33764104096086));
#3038=CARTESIAN_POINT('Ctrl Pts',(0.,-0.0956304939976951,5.5788478721956));
#3039=CARTESIAN_POINT('Ctrl Pts',(-5.69975543341597,-5.4914122746548,5.72547363770873));
#3040=CARTESIAN_POINT('Ctrl Pts',(-5.20420614403274,-4.96867506803809,5.60572191783126));
#3041=CARTESIAN_POINT('Ctrl Pts',(-3.78260073941597,-3.54511625970353,5.38157583738737));
#3042=CARTESIAN_POINT('Ctrl Pts',(-1.62441070698134,-1.5468001128646,5.40066664774739));
#3043=CARTESIAN_POINT('Ctrl Pts',(0.,-0.0956304939976951,5.5788478721956));
#3044=CARTESIAN_POINT('Ctrl Pts',(-6.42233131045979,-3.77326802988268,5.93643522437107));
#3045=CARTESIAN_POINT('Ctrl Pts',(-5.90229999246629,-3.3863271301565,5.8000098145799));
#3046=CARTESIAN_POINT('Ctrl Pts',(-4.43164240868269,-2.37450538173103,5.52530878002757));
#3047=CARTESIAN_POINT('Ctrl Pts',(-2.00410639914082,-1.03332920769741,5.46371294737476));
#3048=CARTESIAN_POINT('Ctrl Pts',(0.,-0.0956304939976951,5.5788478721956));
#3049=CARTESIAN_POINT('Ctrl Pts',(-6.62766071191979,-2.52312572885886,6.08993339786849));
#3050=CARTESIAN_POINT('Ctrl Pts',(-6.10799477493747,-2.25912127213147,5.93841329090479));
#3051=CARTESIAN_POINT('Ctrl Pts',(-4.66151661104064,-1.61428633014196,5.61865194246704));
#3052=CARTESIAN_POINT('Ctrl Pts',(-2.16208557681878,-0.744060361272456,
5.49923069566594));
#3053=CARTESIAN_POINT('Ctrl Pts',(0.,-0.0956304939976951,5.5788478721956));
#3054=CARTESIAN_POINT('Ctrl Pts',(-6.72583054865964,-1.30635572757635,6.23933396819583));
#3055=CARTESIAN_POINT('Ctrl Pts',(-6.20720342810283,-1.16888363070043,6.0722776409878));
#3056=CARTESIAN_POINT('Ctrl Pts',(-4.78500000262152,-0.865331631509815,
5.71061201627483));
#3057=CARTESIAN_POINT('Ctrl Pts',(-2.25532269718091,-0.443943375599893,
5.53608042797125));
#3058=CARTESIAN_POINT('Ctrl Pts',(0.,-0.0956304939976951,5.5788478721956));
#3059=CARTESIAN_POINT('Ctrl Pts',(-6.74368286935647,-0.669530173449871,
6.31752631423102));
#3060=CARTESIAN_POINT('Ctrl Pts',(-6.22451647539204,-0.598524098666954,
6.14230898568534));
#3061=CARTESIAN_POINT('Ctrl Pts',(-4.81210251310103,-0.45727461882051,5.76071511740126));
#3062=CARTESIAN_POINT('Ctrl Pts',(-2.27946717493017,-0.263242460636084,
5.55826771046983));
#3063=CARTESIAN_POINT('Ctrl Pts',(0.,-0.0956304939976951,5.5788478721956));
#3064=CARTESIAN_POINT('Ctrl Pts',(-6.74048747864641,-0.193505375049892,
6.37597481008147));
#3065=CARTESIAN_POINT('Ctrl Pts',(-6.21936050480611,-0.171256328977342,
6.19477087117466));
#3066=CARTESIAN_POINT('Ctrl Pts',(-4.80787357147658,-0.123000516388726,
5.80175881628957));
#3067=CARTESIAN_POINT('Ctrl Pts',(-2.28021061559713,-0.0956304939976947,
5.5788478721956));
#3068=CARTESIAN_POINT('Ctrl Pts',(0.,-0.0956304939976951,5.5788478721956));
#3069=CARTESIAN_POINT('',(0.,-0.0956304939976951,5.5788478721956));
#3070=CARTESIAN_POINT('Ctrl Pts',(0.,-6.52143510449346,5.49701921760734));
#3071=CARTESIAN_POINT('Ctrl Pts',(0.,-6.33686245585718,5.46253062314897));
#3072=CARTESIAN_POINT('Ctrl Pts',(0.,-5.94902090420987,5.39873264991395));
#3073=CARTESIAN_POINT('Ctrl Pts',(0.,-5.30660168612056,5.32013431171261));
#3074=CARTESIAN_POINT('Ctrl Pts',(0.,-4.2948952204695,5.25917300881201));
#3075=CARTESIAN_POINT('Ctrl Pts',(0.,-2.94622328178246,5.29349828806337));
#3076=CARTESIAN_POINT('Ctrl Pts',(0.,-1.64947934293536,5.39982121310258));
#3077=CARTESIAN_POINT('Ctrl Pts',(0.,-0.638085187468784,5.51224281084803));
#3078=CARTESIAN_POINT('Ctrl Pts',(0.,-0.0956304939976951,5.5788478721956));
#3079=CARTESIAN_POINT('Ctrl Pts',(-6.33494751383413,-0.177380044613902,
6.24464453274524));
#3080=CARTESIAN_POINT('Ctrl Pts',(-6.17064595942889,-0.171300418725886,
6.19512995336075));
#3081=CARTESIAN_POINT('Ctrl Pts',(-5.80487116907134,-0.158689513870041,
6.09242237544453));
#3082=CARTESIAN_POINT('Ctrl Pts',(-5.18663168784046,-0.140501477786371,
5.94429270873461));
#3083=CARTESIAN_POINT('Ctrl Pts',(-4.20066576376359,-0.118893078512245,
5.76830641929213));
#3084=CARTESIAN_POINT('Ctrl Pts',(-2.88512090423283,-0.103451732068809,
5.64254674454241));
#3085=CARTESIAN_POINT('Ctrl Pts',(-1.57551732544528,-0.0970532353996567,
5.5904351710506));
#3086=CARTESIAN_POINT('Ctrl Pts',(-0.550517103171684,-0.0956304939976949,
5.5788478721956));
#3087=CARTESIAN_POINT('Ctrl Pts',(1.7578415717414E-19,-0.0956304939976948,
5.5788478721956));
#3088=CARTESIAN_POINT('Ctrl Pts',(6.94104813191204,-8.94724957938755,0.244188676063311));
#3089=CARTESIAN_POINT('Ctrl Pts',(6.46616754979169,-8.96268720301358,0.231795396207625));
#3090=CARTESIAN_POINT('Ctrl Pts',(5.5519567764426,-8.97066147129707,0.227364453665208));
#3091=CARTESIAN_POINT('Ctrl Pts',(3.23285502831658,-8.99355208311595,0.20783080286722));
#3092=CARTESIAN_POINT('Ctrl Pts',(1.38947758744893,-8.99795728816023,0.203240003679213));
#3093=CARTESIAN_POINT('Ctrl Pts',(-1.38947987384076,-8.99795729271481,0.203240002662278));
#3094=CARTESIAN_POINT('Ctrl Pts',(-3.23284478085172,-8.99355211594116,0.207830767452223));
#3095=CARTESIAN_POINT('Ctrl Pts',(-5.55194983658103,-8.97066157213933,0.227364379029863));
#3096=CARTESIAN_POINT('Ctrl Pts',(-6.46616613179225,-8.96268724376612,0.231795366447703));
#3097=CARTESIAN_POINT('Ctrl Pts',(-6.94104815350386,-8.94724957817862,0.244188675864841));
#3098=CARTESIAN_POINT('Ctrl Pts',(6.94107321517998,-8.94819276777233,0.240023788845265));
#3099=CARTESIAN_POINT('Ctrl Pts',(6.46617434462336,-8.96344101050419,0.227687775515254));
#3100=CARTESIAN_POINT('Ctrl Pts',(5.5519628396774,-8.97120295545611,0.223338852255741));
#3101=CARTESIAN_POINT('Ctrl Pts',(3.2328540986556,-8.99374038429093,0.203968764275771));
#3102=CARTESIAN_POINT('Ctrl Pts',(1.38947863282545,-8.99801121945617,0.199467213113302));
#3103=CARTESIAN_POINT('Ctrl Pts',(-1.38948091921673,-8.99801122402701,0.199467212041656));
#3104=CARTESIAN_POINT('Ctrl Pts',(-3.23284385119696,-8.99374041657564,0.203968729271525));
#3105=CARTESIAN_POINT('Ctrl Pts',(-5.55195589978304,-8.97120305478042,0.223338778221665));
#3106=CARTESIAN_POINT('Ctrl Pts',(-6.4661729266288,-8.96344105126249,0.227687745748011));
#3107=CARTESIAN_POINT('Ctrl Pts',(-6.9410732367657,-8.94819276655879,0.240023788648198));
#3108=CARTESIAN_POINT('Ctrl Pts',(6.9411164168101,-8.94981724811608,0.231627716204868));
#3109=CARTESIAN_POINT('Ctrl Pts',(6.46622332976393,-8.96456941254226,0.219516964756437));
#3110=CARTESIAN_POINT('Ctrl Pts',(5.55196832359918,-8.97206030664093,0.215237409499053));
#3111=CARTESIAN_POINT('Ctrl Pts',(3.23287051136374,-8.9938319810651,0.196280494701635));
#3112=CARTESIAN_POINT('Ctrl Pts',(1.38947368573762,-8.99791918369279,0.191905553787136));
#3113=CARTESIAN_POINT('Ctrl Pts',(-1.38947597209209,-8.99791918823153,0.191905552694869));
#3114=CARTESIAN_POINT('Ctrl Pts',(-3.23286026393286,-8.99383201220276,0.196280460648128));
#3115=CARTESIAN_POINT('Ctrl Pts',(-5.55196138362645,-8.97206040282956,0.215237336912811));
#3116=CARTESIAN_POINT('Ctrl Pts',(-6.4662219118781,-8.9645694524807,0.219516935639718));
#3117=CARTESIAN_POINT('Ctrl Pts',(-6.94111643838529,-8.94981724689351,0.231627716010958));
#3118=CARTESIAN_POINT('Ctrl Pts',(6.94117344097211,-8.95196148735078,0.214692227250868));
#3119=CARTESIAN_POINT('Ctrl Pts',(6.46629453642801,-8.96592516467162,0.20296706002381));
#3120=CARTESIAN_POINT('Ctrl Pts',(5.55196998269059,-8.97274948972486,0.199002540147163));
#3121=CARTESIAN_POINT('Ctrl Pts',(3.2328926190624,-8.99318689050523,0.180876240427928));
#3122=CARTESIAN_POINT('Ctrl Pts',(1.38946287544509,-8.9968538666153,0.176848262051294));
#3123=CARTESIAN_POINT('Ctrl Pts',(-1.38946516173667,-8.99685387115417,0.176848260820161));
#3124=CARTESIAN_POINT('Ctrl Pts',(-3.23288237168711,-8.99318691966748,0.180876208247058));
#3125=CARTESIAN_POINT('Ctrl Pts',(-5.55196304260203,-8.97274958026547,0.199002470643925));
#3126=CARTESIAN_POINT('Ctrl Pts',(-6.46629311871776,-8.96592520401832,0.202967031435145));
#3127=CARTESIAN_POINT('Ctrl Pts',(-6.94117346253325,-8.95196148611106,0.214692227064471));
#3128=CARTESIAN_POINT('Ctrl Pts',(6.94119934487284,-8.95293553341014,0.184683881189274));
#3129=CARTESIAN_POINT('Ctrl Pts',(6.46638646613875,-8.96540269048277,0.173926704409347));
#3130=CARTESIAN_POINT('Ctrl Pts',(5.55194577754081,-8.97145065532746,0.170456647101786));
#3131=CARTESIAN_POINT('Ctrl Pts',(3.23292179139513,-8.98964853058795,0.154096917133756));
#3132=CARTESIAN_POINT('Ctrl Pts',(1.38943473352,-8.99282180165899,0.150638460852138));
#3133=CARTESIAN_POINT('Ctrl Pts',(-1.38943701969232,-8.99282180604609,0.150638459541652));
#3134=CARTESIAN_POINT('Ctrl Pts',(-3.23291154412682,-8.9896485565534,0.154096888634898));
#3135=CARTESIAN_POINT('Ctrl Pts',(-5.5519388373234,-8.97145073662454,0.170456584169472));
#3136=CARTESIAN_POINT('Ctrl Pts',(-6.46638504869976,-8.96540272728679,0.173926677888282));
#3137=CARTESIAN_POINT('Ctrl Pts',(-6.94119936642708,-8.95293553214271,0.184683881019228));
#3138=CARTESIAN_POINT('Ctrl Pts',(6.94104833069639,-8.94725705413496,0.150873173964658));
#3139=CARTESIAN_POINT('Ctrl Pts',(6.46701181658573,-8.95827849151126,0.141678636897099));
#3140=CARTESIAN_POINT('Ctrl Pts',(5.55178980196575,-8.9638933121176,0.138676606810942));
#3141=CARTESIAN_POINT('Ctrl Pts',(3.23323087601757,-8.98015703585401,0.124798136820109));
#3142=CARTESIAN_POINT('Ctrl Pts',(1.38929032064685,-8.9830768112131,0.121913933979424));
#3143=CARTESIAN_POINT('Ctrl Pts',(-1.3892926061393,-8.98307681537918,0.121913932815692));
#3144=CARTESIAN_POINT('Ctrl Pts',(-3.2332206291282,-8.98015705929402,0.12479811304551));
#3145=CARTESIAN_POINT('Ctrl Pts',(-5.55178286152121,-8.96389338555123,0.138676553155569));
#3146=CARTESIAN_POINT('Ctrl Pts',(-6.46701040105292,-8.95827852507544,0.141678614501109));
#3147=CARTESIAN_POINT('Ctrl Pts',(-6.94104835228595,-8.94725705284298,0.150873173818278));
#3148=CARTESIAN_POINT('Ctrl Pts',(6.94012133314188,-8.91239982069474,0.0535949209898626));
#3149=CARTESIAN_POINT('Ctrl Pts',(6.46649505101769,-8.92069192360604,0.0483546909270935));
#3150=CARTESIAN_POINT('Ctrl Pts',(5.55138241114637,-8.92525664628248,0.0484194272961001));
#3151=CARTESIAN_POINT('Ctrl Pts',(3.23301191137734,-8.93795267304638,0.0417859772180763));
#3152=CARTESIAN_POINT('Ctrl Pts',(1.3891397441084,-8.9404323970284,0.041431111504216));
#3153=CARTESIAN_POINT('Ctrl Pts',(-1.38914202944895,-8.94043240051465,0.0414311099885667));
#3154=CARTESIAN_POINT('Ctrl Pts',(-3.23300166483804,-8.93795269249708,0.0417859667237617));
#3155=CARTESIAN_POINT('Ctrl Pts',(-5.55137547154063,-8.92525670453954,0.0484194024857531));
#3156=CARTESIAN_POINT('Ctrl Pts',(-6.46649363499572,-8.9206919517767,0.048354673167808));
#3157=CARTESIAN_POINT('Ctrl Pts',(-6.94012135495085,-8.91239981934873,0.0535949209247647));
#3158=CARTESIAN_POINT('Ctrl Pts',(6.93790609140218,-8.82910165224632,7.21916656005699E-16));
#3159=CARTESIAN_POINT('Ctrl Pts',(6.47440709465377,-8.83968003982595,6.89091170442932E-16));
#3160=CARTESIAN_POINT('Ctrl Pts',(5.54959063865835,-8.84559592061805,8.41610147669379E-16));
#3161=CARTESIAN_POINT('Ctrl Pts',(3.23712083005688,-8.8623313889433,9.91527061754672E-16));
#3162=CARTESIAN_POINT('Ctrl Pts',(1.38749101246122,-8.86602669190239,1.37180753854445E-15));
#3163=CARTESIAN_POINT('Ctrl Pts',(-1.38749328969334,-8.86602669595213,5.81453597459304E-16));
#3164=CARTESIAN_POINT('Ctrl Pts',(-3.23711058745534,-8.86233141621919,5.88823651090399E-16));
#3165=CARTESIAN_POINT('Ctrl Pts',(-5.54958369727177,-8.84559599496365,5.19932779681137E-16));
#3166=CARTESIAN_POINT('Ctrl Pts',(-6.4744057026386,-8.83968007332157,1.24667800462898E-16));
#3167=CARTESIAN_POINT('Ctrl Pts',(-6.93790611373968,-8.82910165092896,1.32110674177367E-16));
#3168=CARTESIAN_POINT('Ctrl Pts',(6.93586258676163,-8.75226119247883,7.28583859910259E-16));
#3169=CARTESIAN_POINT('Ctrl Pts',(6.47362206579905,-8.76455407376167,6.91964894727615E-16));
#3170=CARTESIAN_POINT('Ctrl Pts',(5.54879414603028,-8.77252460741853,8.40018196915315E-16));
#3171=CARTESIAN_POINT('Ctrl Pts',(3.23689112475691,-8.79284246933009,9.89678005325217E-16));
#3172=CARTESIAN_POINT('Ctrl Pts',(1.38720673703051,-8.79810040391128,1.37121590541449E-15));
#3173=CARTESIAN_POINT('Ctrl Pts',(-1.38720901389313,-8.79810040749308,5.83848735585861E-16));
#3174=CARTESIAN_POINT('Ctrl Pts',(-3.23688088262458,-8.79284250319968,5.89764764863906E-16));
#3175=CARTESIAN_POINT('Ctrl Pts',(-5.54878720667455,-8.77252469649389,5.21891771561161E-16));
#3176=CARTESIAN_POINT('Ctrl Pts',(-6.47362067345822,-8.7645541071814,1.15718096692972E-16));
#3177=CARTESIAN_POINT('Ctrl Pts',(-6.93586260958678,-8.75226119119213,1.38777878078145E-16));
#3178=CARTESIAN_POINT('',(-6.94104815350386,-8.94724957817862,0.244188675864842));
#3179=CARTESIAN_POINT('',(-6.93586260958678,-8.75226119119213,6.93889390390723E-16));
#3180=CARTESIAN_POINT('Origin',(-6.93586260958678,-8.75226119119213,0.2));
#3181=CARTESIAN_POINT('',(6.93586258676163,-8.75226119247883,6.93889390390723E-16));
#3182=CARTESIAN_POINT('Ctrl Pts',(-6.93586260958678,-8.75226119119213,1.38777878078145E-16));
#3183=CARTESIAN_POINT('Ctrl Pts',(-6.47362067345822,-8.7645541071814,1.15718096692972E-16));
#3184=CARTESIAN_POINT('Ctrl Pts',(-5.54878720667455,-8.77252469649389,5.21891771561161E-16));
#3185=CARTESIAN_POINT('Ctrl Pts',(-3.23688088262458,-8.79284250319968,5.89764764863906E-16));
#3186=CARTESIAN_POINT('Ctrl Pts',(-1.38720901389313,-8.79810040749308,5.83848735585861E-16));
#3187=CARTESIAN_POINT('Ctrl Pts',(1.38720673703051,-8.79810040391128,1.37121590541449E-15));
#3188=CARTESIAN_POINT('Ctrl Pts',(3.23689112475691,-8.79284246933009,9.89678005325217E-16));
#3189=CARTESIAN_POINT('Ctrl Pts',(5.54879414603028,-8.77252460741853,8.40018196915315E-16));
#3190=CARTESIAN_POINT('Ctrl Pts',(6.47362206579905,-8.76455407376167,6.91964894727615E-16));
#3191=CARTESIAN_POINT('Ctrl Pts',(6.93586258676163,-8.75226119247883,7.28583859910259E-16));
#3192=CARTESIAN_POINT('Origin',(6.93586258676163,-8.75226119247883,0.200000000000001));
#3193=CARTESIAN_POINT('Ctrl Pts',(6.94104813191204,-8.94724957938755,0.244188676063311));
#3194=CARTESIAN_POINT('Ctrl Pts',(6.46616754979169,-8.96268720301358,0.231795396207625));
#3195=CARTESIAN_POINT('Ctrl Pts',(5.5519567764426,-8.97066147129707,0.227364453665208));
#3196=CARTESIAN_POINT('Ctrl Pts',(3.23285502831658,-8.99355208311595,0.20783080286722));
#3197=CARTESIAN_POINT('Ctrl Pts',(1.38947758744893,-8.99795728816023,0.203240003679213));
#3198=CARTESIAN_POINT('Ctrl Pts',(-1.38947987384076,-8.99795729271481,0.203240002662278));
#3199=CARTESIAN_POINT('Ctrl Pts',(-3.23284478085172,-8.99355211594116,0.207830767452223));
#3200=CARTESIAN_POINT('Ctrl Pts',(-5.55194983658103,-8.97066157213933,0.227364379029863));
#3201=CARTESIAN_POINT('Ctrl Pts',(-6.46616613179225,-8.96268724376612,0.231795366447703));
#3202=CARTESIAN_POINT('Ctrl Pts',(-6.94104815350386,-8.94724957817862,0.244188675864841));
#3203=CARTESIAN_POINT('Ctrl Pts',(-6.94104815350387,-8.94724957817861,0.244188675864847));
#3204=CARTESIAN_POINT('Ctrl Pts',(-7.38344035716667,-8.93126066739829,0.262827109941932));
#3205=CARTESIAN_POINT('Ctrl Pts',(-8.39395400162188,-8.54192182320731,0.286823065949288));
#3206=CARTESIAN_POINT('Ctrl Pts',(-8.90328325563359,-7.55392809190997,0.276117614569883));
#3207=CARTESIAN_POINT('Ctrl Pts',(-8.93106891106587,-6.96478750464342,0.253990360974651));
#3208=CARTESIAN_POINT('Ctrl Pts',(-6.94124881959863,-8.95479508521998,0.2108695781317));
#3209=CARTESIAN_POINT('Ctrl Pts',(-7.38541142414927,-8.94236812569241,0.228459711028527));
#3210=CARTESIAN_POINT('Ctrl Pts',(-8.40609964941724,-8.55621893521644,0.252266830233272));
#3211=CARTESIAN_POINT('Ctrl Pts',(-8.91715846127336,-7.55725342722725,0.241286186710014));
#3212=CARTESIAN_POINT('Ctrl Pts',(-8.94054500933003,-6.96513457661228,0.22016800887426));
#3213=CARTESIAN_POINT('Ctrl Pts',(-6.94119194971818,-8.95265664681629,0.149190166260361));
#3214=CARTESIAN_POINT('Ctrl Pts',(-7.38499427466045,-8.94513983522407,0.163108938113678));
#3215=CARTESIAN_POINT('Ctrl Pts',(-8.41373687255133,-8.56625407972547,0.183110241661813));
#3216=CARTESIAN_POINT('Ctrl Pts',(-8.92395037329455,-7.55762895380819,0.173544146273578));
#3217=CARTESIAN_POINT('Ctrl Pts',(-8.94108998779183,-6.96515453701607,0.156602205988789));
#3218=CARTESIAN_POINT('Ctrl Pts',(-6.94001355966221,-8.9083464683802,0.0643055590537726));
#3219=CARTESIAN_POINT('Ctrl Pts',(-7.37418216274913,-8.90356581904295,0.0709550180092065));
#3220=CARTESIAN_POINT('Ctrl Pts',(-8.38612025960417,-8.53765539219154,0.0810048423207177));
#3221=CARTESIAN_POINT('Ctrl Pts',(-8.88493445654265,-7.54360414559576,0.0760568220196069));
#3222=CARTESIAN_POINT('Ctrl Pts',(-8.89819950908645,-6.96358362856042,0.0678648018645511));
#3223=CARTESIAN_POINT('Ctrl Pts',(-6.93813451930682,-8.83769022598047,0.0115697701971257));
#3224=CARTESIAN_POINT('Ctrl Pts',(-7.35677297937417,-8.83112410311982,0.0128084704008215));
#3225=CARTESIAN_POINT('Ctrl Pts',(-8.33018025925628,-8.47695901906769,0.0147198296041303));
#3226=CARTESIAN_POINT('Ctrl Pts',(-8.81146468474528,-7.51983184739734,0.0137707169608578));
#3227=CARTESIAN_POINT('Ctrl Pts',(-8.8264383282782,-6.96095530056965,0.0122376432243314));
#3228=CARTESIAN_POINT('Ctrl Pts',(-6.93654377763775,-8.77787467777107,7.59920002542855E-15));
#3229=CARTESIAN_POINT('Ctrl Pts',(-7.34198626218087,-8.76844445951558,8.89628512887902E-6));
#3230=CARTESIAN_POINT('Ctrl Pts',(-8.28010952750504,-8.42215001628279,1.93627750884444E-5));
#3231=CARTESIAN_POINT('Ctrl Pts',(-8.74677222318358,-7.49937932938562,1.12618310024651E-5));
#3232=CARTESIAN_POINT('Ctrl Pts',(-8.76495037509606,-6.95870324024088,4.8800762451956E-16));
#3233=CARTESIAN_POINT('Ctrl Pts',(-6.93586260958678,-8.75226119119213,7.59808882477842E-15));
#3234=CARTESIAN_POINT('Ctrl Pts',(-7.33567202416216,-8.7416286129664,1.13334742189567E-15));
#3235=CARTESIAN_POINT('Ctrl Pts',(-8.2587392708066,-8.3987499453383,-1.34013275518852E-16));
#3236=CARTESIAN_POINT('Ctrl Pts',(-8.71910478297855,-7.4906493537571,5.12221652302956E-16));
#3237=CARTESIAN_POINT('Ctrl Pts',(-8.73862318050123,-6.95773897931746,4.85722573273506E-16));
#3238=CARTESIAN_POINT('',(-8.93106891106587,-6.96478750464342,0.253990360974651));
#3239=CARTESIAN_POINT('',(-8.73862318050123,-6.95773897931746,7.63278329429795E-16));
#3240=CARTESIAN_POINT('Origin',(-8.73862318050123,-6.95773897931746,0.2));
#3241=CARTESIAN_POINT('Ctrl Pts',(-8.73862318050123,-6.95773897931746,4.85722573273506E-16));
#3242=CARTESIAN_POINT('Ctrl Pts',(-8.71910478297855,-7.4906493537571,5.12221652302956E-16));
#3243=CARTESIAN_POINT('Ctrl Pts',(-8.2587392708066,-8.3987499453383,-1.34013275518852E-16));
#3244=CARTESIAN_POINT('Ctrl Pts',(-7.33567202416216,-8.7416286129664,1.13334742189567E-15));
#3245=CARTESIAN_POINT('Ctrl Pts',(-6.93586260958678,-8.75226119119213,7.59808882477842E-15));
#3246=CARTESIAN_POINT('Ctrl Pts',(-6.94104815350387,-8.94724957817861,0.244188675864847));
#3247=CARTESIAN_POINT('Ctrl Pts',(-7.38344035716667,-8.93126066739829,0.262827109941932));
#3248=CARTESIAN_POINT('Ctrl Pts',(-8.39395400162188,-8.54192182320731,0.286823065949288));
#3249=CARTESIAN_POINT('Ctrl Pts',(-8.90328325563359,-7.55392809190997,0.276117614569883));
#3250=CARTESIAN_POINT('Ctrl Pts',(-8.93106891106587,-6.96478750464342,0.253990360974651));
#3251=CARTESIAN_POINT('Ctrl Pts',(-8.93106891106587,-6.96478750464341,0.253990360974651));
#3252=CARTESIAN_POINT('Ctrl Pts',(-8.93401754810579,-6.89957887747267,0.251993190604101));
#3253=CARTESIAN_POINT('Ctrl Pts',(-8.93776616859369,-6.77412814081321,0.249697700646571));
#3254=CARTESIAN_POINT('Ctrl Pts',(-8.94427640322829,-6.52215455507235,0.245478074441285));
#3255=CARTESIAN_POINT('Ctrl Pts',(-8.9531225012439,-6.08302213585845,0.239595042409977));
#3256=CARTESIAN_POINT('Ctrl Pts',(-8.96647406465199,-5.20441086907539,0.229987408581745));
#3257=CARTESIAN_POINT('Ctrl Pts',(-8.98707963533715,-2.94711201357778,0.21350084861016));
#3258=CARTESIAN_POINT('Ctrl Pts',(-8.99371758492875,-0.940913116974945,
0.206727609354522));
#3259=CARTESIAN_POINT('Ctrl Pts',(-8.99506720342135,1.41462203639695,0.205624804388472));
#3260=CARTESIAN_POINT('Ctrl Pts',(-8.9916989358786,3.11495203143822,0.208784614948061));
#3261=CARTESIAN_POINT('Ctrl Pts',(-8.98305696633019,5.02850818435645,0.216750910371094));
#3262=CARTESIAN_POINT('Ctrl Pts',(-8.97265941525604,6.19757346744201,0.225162277954974));
#3263=CARTESIAN_POINT('Ctrl Pts',(-8.96746248591764,6.62359244613611,0.229329078296343));
#3264=CARTESIAN_POINT('Ctrl Pts',(-8.96452883936738,6.83571944998877,0.231438877073471));
#3265=CARTESIAN_POINT('Ctrl Pts',(-8.96196392529748,6.94420534209274,0.233730307090515));
#3266=CARTESIAN_POINT('Ctrl Pts',(-8.94765208302816,-6.96539488058892,0.194801244798967));
#3267=CARTESIAN_POINT('Ctrl Pts',(-8.94988302897427,-6.89992557933599,0.192957849946957));
#3268=CARTESIAN_POINT('Ctrl Pts',(-8.95281509904543,-6.77445260121619,0.190855592448065));
#3269=CARTESIAN_POINT('Ctrl Pts',(-8.95784136901078,-6.52233747669729,0.187010138166369));
#3270=CARTESIAN_POINT('Ctrl Pts',(-8.96468119952703,-6.08315402849714,0.18170819057056));
#3271=CARTESIAN_POINT('Ctrl Pts',(-8.97490348766376,-5.2044369226028,0.173180206341094));
#3272=CARTESIAN_POINT('Ctrl Pts',(-8.99055544929593,-2.9471170672699,0.158894306657645));
#3273=CARTESIAN_POINT('Ctrl Pts',(-8.99545948384321,-0.940910044408625,
0.15327019559519));
#3274=CARTESIAN_POINT('Ctrl Pts',(-8.9965066149968,1.41462207132032,0.152336572043128));
#3275=CARTESIAN_POINT('Ctrl Pts',(-8.99400685537376,3.11493917380288,0.154994286073915));
#3276=CARTESIAN_POINT('Ctrl Pts',(-8.98756355505568,5.0285188415838,0.161742292735978));
#3277=CARTESIAN_POINT('Ctrl Pts',(-8.97971202030621,6.19759296751717,0.169024935653146));
#3278=CARTESIAN_POINT('Ctrl Pts',(-8.97583048163989,6.6236733993335,0.172672701427336));
#3279=CARTESIAN_POINT('Ctrl Pts',(-8.97356399157263,6.83578144493053,0.174524761991804));
#3280=CARTESIAN_POINT('Ctrl Pts',(-8.97174520192897,6.94440124246604,0.176552644916));
#3281=CARTESIAN_POINT('Ctrl Pts',(-8.92198346083427,-6.96445474056563,0.0608835422616877));
#3282=CARTESIAN_POINT('Ctrl Pts',(-8.92337263726628,-6.89931796470514,0.0601442951703968));
#3283=CARTESIAN_POINT('Ctrl Pts',(-8.92537303257654,-6.77384824852745,0.0593096629880575));
#3284=CARTESIAN_POINT('Ctrl Pts',(-8.92873851254715,-6.5218886965757,0.0577922182601969));
#3285=CARTESIAN_POINT('Ctrl Pts',(-8.93335927807783,-6.08274283199051,0.0557303021438528));
#3286=CARTESIAN_POINT('Ctrl Pts',(-8.94018818211724,-5.20415764599828,0.0524801860464092));
#3287=CARTESIAN_POINT('Ctrl Pts',(-8.95061624412524,-2.94694587579232,0.0472158516907834));
#3288=CARTESIAN_POINT('Ctrl Pts',(-8.95390343477245,-0.940772840078087,
0.0452699616001309));
#3289=CARTESIAN_POINT('Ctrl Pts',(-8.95464036807128,1.41456540553465,0.0449362492018168));
#3290=CARTESIAN_POINT('Ctrl Pts',(-8.95290562786629,3.11487183574779,0.0458775068408324));
#3291=CARTESIAN_POINT('Ctrl Pts',(-8.94865230798263,5.02832548879099,0.0482790333379236));
#3292=CARTESIAN_POINT('Ctrl Pts',(-8.94335447228057,6.1973847327857,0.0509612703110549));
#3293=CARTESIAN_POINT('Ctrl Pts',(-8.9407972151528,6.62330588394608,0.0523271967451873));
#3294=CARTESIAN_POINT('Ctrl Pts',(-8.93922358379967,6.83548808601876,0.0530221454426522));
#3295=CARTESIAN_POINT('Ctrl Pts',(-8.93818198198634,6.94372903498601,0.0537927335456317));
#3296=CARTESIAN_POINT('Ctrl Pts',(-8.8000533012225,-6.95998892147211,5.23082935913438E-16));
#3297=CARTESIAN_POINT('Ctrl Pts',(-8.80202563993272,-6.89650422403682,1.83799832037276E-5));
#3298=CARTESIAN_POINT('Ctrl Pts',(-8.80477690181955,-6.77112561422947,3.29998293088203E-5));
#3299=CARTESIAN_POINT('Ctrl Pts',(-8.80947639699234,-6.52000795116384,6.73150940341943E-5));
#3300=CARTESIAN_POINT('Ctrl Pts',(-8.81600264108454,-6.08113932638779,9.85263589098733E-5));
#3301=CARTESIAN_POINT('Ctrl Pts',(-8.82593879825967,-5.20325458766044,0.000126658849268918));
#3302=CARTESIAN_POINT('Ctrl Pts',(-8.84178806205731,-2.94646112823413,9.45215820497911E-5));
#3303=CARTESIAN_POINT('Ctrl Pts',(-8.84731254740102,-0.940435577631226,
6.01785962049683E-5));
#3304=CARTESIAN_POINT('Ctrl Pts',(-8.84841952207182,1.41442114091835,5.30056376955949E-5));
#3305=CARTESIAN_POINT('Ctrl Pts',(-8.84566213877854,3.11472940142095,4.09360332229086E-5));
#3306=CARTESIAN_POINT('Ctrl Pts',(-8.83878512902427,5.02777383421314,7.23122185731095E-5));
#3307=CARTESIAN_POINT('Ctrl Pts',(-8.83076050355529,6.19674496186359,5.04138651265363E-5));
#3308=CARTESIAN_POINT('Ctrl Pts',(-8.82687753899963,6.62209111428503,2.41443962816226E-5));
#3309=CARTESIAN_POINT('Ctrl Pts',(-8.82461312261796,6.83450065698909,1.72720308365332E-5));
#3310=CARTESIAN_POINT('Ctrl Pts',(-8.82286526542519,6.94141946041071,8.67361737988404E-16));
#3311=CARTESIAN_POINT('Ctrl Pts',(-8.73862318050123,-6.95773897931746,5.20417042793042E-16));
#3312=CARTESIAN_POINT('Ctrl Pts',(-8.74091755736976,-6.89509565858926,5.23899725673726E-16));
#3313=CARTESIAN_POINT('Ctrl Pts',(-8.74407332500224,-6.7697631070528,5.28130445645831E-16));
#3314=CARTESIAN_POINT('Ctrl Pts',(-8.74949818039751,-6.51907428263626,5.35147026724597E-16));
#3315=CARTESIAN_POINT('Ctrl Pts',(-8.75704103345789,-6.08034546884606,5.40721481503416E-16));
#3316=CARTESIAN_POINT('Ctrl Pts',(-8.76860816531862,-5.2028136297847,5.28140705044895E-16));
#3317=CARTESIAN_POINT('Ctrl Pts',(-8.7872148931401,-2.94622248514112,6.57802954957669E-16));
#3318=CARTESIAN_POINT('Ctrl Pts',(-8.79384944331716,-0.940268077805062,
6.83353872417647E-16));
#3319=CARTESIAN_POINT('Ctrl Pts',(-8.79513916143415,1.41434937312269,7.11220059668738E-16));
#3320=CARTESIAN_POINT('Ctrl Pts',(-8.79184930179794,3.11466022735005,8.5567821633784E-16));
#3321=CARTESIAN_POINT('Ctrl Pts',(-8.78365635574965,5.02750102889833,9.30750459418397E-16));
#3322=CARTESIAN_POINT('Ctrl Pts',(-8.77421153194159,6.19642963296472,8.6489787450221E-16));
#3323=CARTESIAN_POINT('Ctrl Pts',(-8.7696228214544,6.62148428287911,8.81011899693061E-16));
#3324=CARTESIAN_POINT('Ctrl Pts',(-8.76699625475485,6.8340096149182,8.64594749503807E-16));
#3325=CARTESIAN_POINT('Ctrl Pts',(-8.76486830378923,6.94025789154166,8.67361737988404E-16));
#3326=CARTESIAN_POINT('',(-8.96196392529746,6.94420534209311,0.2337303070906));
#3327=CARTESIAN_POINT('',(-8.76486830378923,6.94025789154166,1.04083408558608E-15));
#3328=CARTESIAN_POINT('Origin',(-8.76486830378923,6.94025789154166,0.200000000000001));
#3329=CARTESIAN_POINT('Ctrl Pts',(-8.76486830378923,6.94025789154166,8.67361737988404E-16));
#3330=CARTESIAN_POINT('Ctrl Pts',(-8.76699625475485,6.8340096149182,8.64594749503807E-16));
#3331=CARTESIAN_POINT('Ctrl Pts',(-8.7696228214544,6.62148428287911,8.81011899693061E-16));
#3332=CARTESIAN_POINT('Ctrl Pts',(-8.77421153194159,6.19642963296472,8.6489787450221E-16));
#3333=CARTESIAN_POINT('Ctrl Pts',(-8.78365635574965,5.02750102889833,9.30750459418397E-16));
#3334=CARTESIAN_POINT('Ctrl Pts',(-8.79184930179794,3.11466022735005,8.5567821633784E-16));
#3335=CARTESIAN_POINT('Ctrl Pts',(-8.79513916143415,1.41434937312269,7.11220059668738E-16));
#3336=CARTESIAN_POINT('Ctrl Pts',(-8.79384944331716,-0.940268077805062,
6.83353872417647E-16));
#3337=CARTESIAN_POINT('Ctrl Pts',(-8.7872148931401,-2.94622248514112,6.57802954957669E-16));
#3338=CARTESIAN_POINT('Ctrl Pts',(-8.76860816531862,-5.2028136297847,5.28140705044895E-16));
#3339=CARTESIAN_POINT('Ctrl Pts',(-8.75704103345789,-6.08034546884606,5.40721481503416E-16));
#3340=CARTESIAN_POINT('Ctrl Pts',(-8.74949818039751,-6.51907428263626,5.35147026724597E-16));
#3341=CARTESIAN_POINT('Ctrl Pts',(-8.74407332500224,-6.7697631070528,5.28130445645831E-16));
#3342=CARTESIAN_POINT('Ctrl Pts',(-8.74091755736976,-6.89509565858926,5.23899725673726E-16));
#3343=CARTESIAN_POINT('Ctrl Pts',(-8.73862318050123,-6.95773897931746,5.20417042793042E-16));
#3344=CARTESIAN_POINT('',(-8.99477328586535,0.564104250833111,0.205862376125201));
#3345=CARTESIAN_POINT('Ctrl Pts',(-8.93106891106587,-6.96478750464341,0.253990360974651));
#3346=CARTESIAN_POINT('Ctrl Pts',(-8.93401754810579,-6.89957887747267,0.251993190604101));
#3347=CARTESIAN_POINT('Ctrl Pts',(-8.93776616859369,-6.77412814081321,0.249697700646571));
#3348=CARTESIAN_POINT('Ctrl Pts',(-8.94427640322829,-6.52215455507235,0.245478074441285));
#3349=CARTESIAN_POINT('Ctrl Pts',(-8.9531225012439,-6.08302213585845,0.239595042409977));
#3350=CARTESIAN_POINT('Ctrl Pts',(-8.96647406465199,-5.20441086907539,0.229987408581745));
#3351=CARTESIAN_POINT('Ctrl Pts',(-8.98707963533715,-2.94711201357778,0.21350084861016));
#3352=CARTESIAN_POINT('Ctrl Pts',(-8.99371758492875,-0.940913116974945,
0.206727609354522));
#3353=CARTESIAN_POINT('Ctrl Pts',(-8.99457990833837,0.564129319889074,0.206022984644883));
#3354=CARTESIAN_POINT('Ctrl Pts',(-8.99457990833837,0.564129319889074,0.206022984644883));
#3355=CARTESIAN_POINT('Ctrl Pts',(-8.99506720342135,1.41462203639695,0.205624804388472));
#3356=CARTESIAN_POINT('Ctrl Pts',(-8.9916989358786,3.11495203143822,0.208784614948061));
#3357=CARTESIAN_POINT('Ctrl Pts',(-8.98305696633019,5.02850818435645,0.216750910371094));
#3358=CARTESIAN_POINT('Ctrl Pts',(-8.97265941525604,6.19757346744201,0.225162277954974));
#3359=CARTESIAN_POINT('Ctrl Pts',(-8.96746248591764,6.62359244613611,0.229329078296343));
#3360=CARTESIAN_POINT('Ctrl Pts',(-8.96452883936738,6.83571944998877,0.231438877073471));
#3361=CARTESIAN_POINT('Ctrl Pts',(-8.96196392529748,6.94420534209274,0.233730307090515));
#3362=CARTESIAN_POINT('Ctrl Pts',(-8.96196392529746,6.94420534209352,0.233730307090531));
#3363=CARTESIAN_POINT('Ctrl Pts',(-8.95011833056895,7.38907042124167,0.250884967193464));
#3364=CARTESIAN_POINT('Ctrl Pts',(-8.68293351488951,8.12135312947697,0.264017719749092));
#3365=CARTESIAN_POINT('Ctrl Pts',(-7.85274699083886,8.78469315486553,0.265473520021891));
#3366=CARTESIAN_POINT('Ctrl Pts',(-7.26642054791968,8.92985908499269,0.256614065520561));
#3367=CARTESIAN_POINT('Ctrl Pts',(-6.97098384167185,8.93996301826254,0.247866314485788));
#3368=CARTESIAN_POINT('Ctrl Pts',(-8.97174520192896,6.94440124246682,0.176552644916015));
#3369=CARTESIAN_POINT('Ctrl Pts',(-8.96545798005979,7.39163912643726,0.19173427474297));
#3370=CARTESIAN_POINT('Ctrl Pts',(-8.70154548106516,8.13302682246993,0.204186392695377));
#3371=CARTESIAN_POINT('Ctrl Pts',(-7.86198621638964,8.80442316172085,0.205520486573219));
#3372=CARTESIAN_POINT('Ctrl Pts',(-7.26904090053825,8.94733743475644,0.197173728771115));
#3373=CARTESIAN_POINT('Ctrl Pts',(-6.97137264080011,8.95441719600121,0.189206334945191));
#3374=CARTESIAN_POINT('Ctrl Pts',(-8.93817759312794,6.9437289470863,0.0537964359827152));
#3375=CARTESIAN_POINT('Ctrl Pts',(-8.93779973683493,7.38358732482162,0.0595653998557752));
#3376=CARTESIAN_POINT('Ctrl Pts',(-8.6828881427782,8.11991099127054,0.0647171368814287));
#3377=CARTESIAN_POINT('Ctrl Pts',(-7.8519973184944,8.78507015893036,0.0652500868645435));
#3378=CARTESIAN_POINT('Ctrl Pts',(-7.26421516345051,8.92261843018914,0.0618131080119598));
#3379=CARTESIAN_POINT('Ctrl Pts',(-6.97061299532167,8.92617626137509,0.0586712732625905));
#3380=CARTESIAN_POINT('Ctrl Pts',(-8.82286526542518,6.94141946041148,2.63426396180526E-15));
#3381=CARTESIAN_POINT('Ctrl Pts',(-8.81750183047365,7.35631274147401,-0.000129306073532038));
#3382=CARTESIAN_POINT('Ctrl Pts',(-8.5741433762143,8.04549946692322,-0.000166583566201439));
#3383=CARTESIAN_POINT('Ctrl Pts',(-7.7955246086191,8.66836686151466,-0.000179884954430695));
#3384=CARTESIAN_POINT('Ctrl Pts',(-7.24409065158546,8.80032659153822,-7.57496343308591E-5));
#3385=CARTESIAN_POINT('Ctrl Pts',(-6.96738685050748,8.80623959699895,1.04345420279438E-15));
#3386=CARTESIAN_POINT('Ctrl Pts',(-8.76486830378921,6.94025789154242,2.63677968348475E-15));
#3387=CARTESIAN_POINT('Ctrl Pts',(-8.7568122559551,7.342495167022,-1.81739527929488E-15));
#3388=CARTESIAN_POINT('Ctrl Pts',(-8.51886035471874,8.00797593411265,9.80209478635419E-16));
#3389=CARTESIAN_POINT('Ctrl Pts',(-7.76690717342927,8.60924526471875,7.61085029625328E-17));
#3390=CARTESIAN_POINT('Ctrl Pts',(-7.23387731166913,8.73863369791026,1.10242659853157E-15));
#3391=CARTESIAN_POINT('Ctrl Pts',(-6.96576232966258,8.74584565234726,1.04083408558608E-15));
#3392=CARTESIAN_POINT('',(-6.96576232966258,8.74584565234726,1.11022302462516E-15));
#3393=CARTESIAN_POINT('Origin',(-6.96576232966258,8.74584565234726,0.200000000000001));
#3394=CARTESIAN_POINT('Ctrl Pts',(-6.96576232966258,8.74584565234726,1.04083408558608E-15));
#3395=CARTESIAN_POINT('Ctrl Pts',(-7.23387731166913,8.73863369791026,1.10242659853157E-15));
#3396=CARTESIAN_POINT('Ctrl Pts',(-7.76690717342927,8.60924526471875,7.61085029625328E-17));
#3397=CARTESIAN_POINT('Ctrl Pts',(-8.51886035471874,8.00797593411265,9.80209478635419E-16));
#3398=CARTESIAN_POINT('Ctrl Pts',(-8.7568122559551,7.342495167022,-1.81739527929488E-15));
#3399=CARTESIAN_POINT('Ctrl Pts',(-8.76486830378921,6.94025789154242,2.63677968348475E-15));
#3400=CARTESIAN_POINT('Ctrl Pts',(-8.96196392529746,6.94420534209352,0.233730307090531));
#3401=CARTESIAN_POINT('Ctrl Pts',(-8.95011833056895,7.38907042124167,0.250884967193464));
#3402=CARTESIAN_POINT('Ctrl Pts',(-8.68293351488951,8.12135312947697,0.264017719749092));
#3403=CARTESIAN_POINT('Ctrl Pts',(-7.85274699083886,8.78469315486553,0.265473520021891));
#3404=CARTESIAN_POINT('Ctrl Pts',(-7.26642054791968,8.92985908499269,0.256614065520561));
#3405=CARTESIAN_POINT('Ctrl Pts',(-6.97098384167185,8.93996301826254,0.247866314485788));
#3406=CARTESIAN_POINT('Ctrl Pts',(-6.97098384167202,8.93996301826253,0.247866314485796));
#3407=CARTESIAN_POINT('Ctrl Pts',(-6.49428759601988,8.95542481661619,0.237162996238678));
#3408=CARTESIAN_POINT('Ctrl Pts',(-5.57594029269459,8.96503873214192,0.230756754708016));
#3409=CARTESIAN_POINT('Ctrl Pts',(-3.24722795549746,8.99137106983046,0.209834190743387));
#3410=CARTESIAN_POINT('Ctrl Pts',(-1.39557841339444,8.99858768133444,0.201891910671016));
#3411=CARTESIAN_POINT('Ctrl Pts',(1.39557759603167,8.99858773152687,0.201891874786538));
#3412=CARTESIAN_POINT('Ctrl Pts',(3.24722791173832,8.99137101854321,0.209834220161471));
#3413=CARTESIAN_POINT('Ctrl Pts',(5.57593005447402,8.96503888621561,0.230756643268075));
#3414=CARTESIAN_POINT('Ctrl Pts',(6.49428638553399,8.95542486229933,0.237162961925714));
#3415=CARTESIAN_POINT('Ctrl Pts',(6.97098382317941,8.93996302085515,0.247866312962559));
#3416=CARTESIAN_POINT('Ctrl Pts',(-6.97103938440462,8.94202790079663,0.239486317408567));
#3417=CARTESIAN_POINT('Ctrl Pts',(-6.49430458592817,8.95712495417942,0.228882909688637));
#3418=CARTESIAN_POINT('Ctrl Pts',(-5.57595598551186,8.96627919300371,0.222640629201904));
#3419=CARTESIAN_POINT('Ctrl Pts',(-3.24722630740197,8.9917968379433,0.202074792594489));
#3420=CARTESIAN_POINT('Ctrl Pts',(-1.39558048007129,8.99864767756974,0.194375733454371));
#3421=CARTESIAN_POINT('Ctrl Pts',(1.39557966270344,8.99864772666153,0.194375697961999));
#3422=CARTESIAN_POINT('Ctrl Pts',(3.24722626366922,8.99179678781085,0.202074821773854));
#3423=CARTESIAN_POINT('Ctrl Pts',(5.57594574722012,8.96627934317596,0.22264051928265));
#3424=CARTESIAN_POINT('Ctrl Pts',(6.49430337542051,8.95712499961708,0.228882875390765));
#3425=CARTESIAN_POINT('Ctrl Pts',(6.97103936592313,8.94202790331425,0.239486315905395));
#3426=CARTESIAN_POINT('Ctrl Pts',(-6.9711212311109,8.9450706721247,0.222459150207648));
#3427=CARTESIAN_POINT('Ctrl Pts',(-6.4944556965221,8.95915298766652,0.212345869506477));
#3428=CARTESIAN_POINT('Ctrl Pts',(-5.57596433066896,8.96779556632591,0.206227587993293));
#3429=CARTESIAN_POINT('Ctrl Pts',(-3.24728210687037,8.9915817918828,0.186634870067419));
#3430=CARTESIAN_POINT('Ctrl Pts',(-1.39556018413965,8.99794733974639,0.179311901075642));
#3431=CARTESIAN_POINT('Ctrl Pts',(1.39555936665993,8.99794738579137,0.179311867484043));
#3432=CARTESIAN_POINT('Ctrl Pts',(3.24728206336117,8.99158174461681,0.186634898039708));
#3433=CARTESIAN_POINT('Ctrl Pts',(5.57595409220987,8.96779570684711,0.206227483470455));
#3434=CARTESIAN_POINT('Ctrl Pts',(6.4944544865904,8.95915302980506,0.212345837574053));
#3435=CARTESIAN_POINT('Ctrl Pts',(6.97112121264492,8.94507067449984,0.222459148755442));
#3436=CARTESIAN_POINT('Ctrl Pts',(-6.97115414673237,8.94629435862115,0.196562309457188));
#3437=CARTESIAN_POINT('Ctrl Pts',(-6.49466119245685,8.95932038338581,0.187113794820929));
#3438=CARTESIAN_POINT('Ctrl Pts',(-5.57593821161125,8.96699462301498,0.181564451246335));
#3439=CARTESIAN_POINT('Ctrl Pts',(-3.24736077006659,8.988724860772,0.16355303125932));
#3440=CARTESIAN_POINT('Ctrl Pts',(-1.39551569938814,8.99433172050528,0.157015086686288));
#3441=CARTESIAN_POINT('Ctrl Pts',(1.39551488173011,8.99433176344966,0.157015055463437));
#3442=CARTESIAN_POINT('Ctrl Pts',(3.24736072688659,8.98872481670187,0.163553057465441));
#3443=CARTESIAN_POINT('Ctrl Pts',(5.57592797301133,8.96699475303625,0.181564354510558));
#3444=CARTESIAN_POINT('Ctrl Pts',(6.49465998348952,8.95932042364956,0.187113764557176));
#3445=CARTESIAN_POINT('Ctrl Pts',(6.97115412826914,8.94629436080945,0.196562308108639));
#3446=CARTESIAN_POINT('Ctrl Pts',(-6.97109728183962,8.94418032284517,0.170671605305005));
#3447=CARTESIAN_POINT('Ctrl Pts',(-6.49466103059873,8.95620040559042,0.162018416182477));
#3448=CARTESIAN_POINT('Ctrl Pts',(-5.57588901010096,8.96319784328871,0.157144342444744));
#3449=CARTESIAN_POINT('Ctrl Pts',(-3.24734519552925,8.98316550018292,0.140932516780908));
#3450=CARTESIAN_POINT('Ctrl Pts',(-1.39548148257666,8.98824763931271,0.135235213631927));
#3451=CARTESIAN_POINT('Ctrl Pts',(1.39548066484407,8.98824767928953,0.135235185182512));
#3452=CARTESIAN_POINT('Ctrl Pts',(3.2473451524586,8.98316545909008,0.140932540798612));
#3453=CARTESIAN_POINT('Ctrl Pts',(5.57587877147278,8.96319796373945,0.157144254695952));
#3454=CARTESIAN_POINT('Ctrl Pts',(6.4946598218123,8.95620044321705,0.16201838787981));
#3455=CARTESIAN_POINT('Ctrl Pts',(6.97109726335873,8.94418032487626,0.170671604083072));
#3456=CARTESIAN_POINT('Ctrl Pts',(-6.97085200843923,8.93506192450971,0.128519572522213));
#3457=CARTESIAN_POINT('Ctrl Pts',(-6.49539704111459,8.94587567795724,0.121380960319534));
#3458=CARTESIAN_POINT('Ctrl Pts',(-5.57567973961496,8.95186080364799,0.117677525938446));
#3459=CARTESIAN_POINT('Ctrl Pts',(-3.24768789897061,8.96965539667105,0.104700774094914));
#3460=CARTESIAN_POINT('Ctrl Pts',(-1.39529060919985,8.97404240142544,0.100409570757978));
#3461=CARTESIAN_POINT('Ctrl Pts',(1.39528979078733,8.97404243809611,0.100409547420565));
#3462=CARTESIAN_POINT('Ctrl Pts',(3.24768785704536,8.96965535918622,0.10470079392218));
#3463=CARTESIAN_POINT('Ctrl Pts',(5.57566950094135,8.9518609128247,0.117677454682544));
#3464=CARTESIAN_POINT('Ctrl Pts',(6.49539583646628,8.94587571333769,0.121380936002781));
#3465=CARTESIAN_POINT('Ctrl Pts',(6.9708519898948,8.93506192633416,0.12851957153521));
#3466=CARTESIAN_POINT('Ctrl Pts',(-6.96968256413234,8.89158611749612,0.0416037260018352));
#3467=CARTESIAN_POINT('Ctrl Pts',(-6.49495438261146,8.90045747625877,0.0382626830320247));
#3468=CARTESIAN_POINT('Ctrl Pts',(-5.57511263654678,8.90620850985354,0.037558627763869));
#3469=CARTESIAN_POINT('Ctrl Pts',(-3.24748164669004,8.92165193061038,0.0323772763144729));
#3470=CARTESIAN_POINT('Ctrl Pts',(-1.39503462576069,8.9260938325279,0.0312800804159452));
#3471=CARTESIAN_POINT('Ctrl Pts',(1.39503380701789,8.92609386377471,0.0312800695851063));
#3472=CARTESIAN_POINT('Ctrl Pts',(3.24748160494925,8.92165189863847,0.0323772853184671));
#3473=CARTESIAN_POINT('Ctrl Pts',(5.57510239871215,8.90620860337843,0.0375585966204203));
#3474=CARTESIAN_POINT('Ctrl Pts',(6.49495317861399,8.90045750317235,0.0382626682178536));
#3475=CARTESIAN_POINT('Ctrl Pts',(6.96968254530577,8.89158611910677,0.0416037256218565));
#3476=CARTESIAN_POINT('Ctrl Pts',(-6.96738685050761,8.80623959699895,1.4172330158844E-15));
#3477=CARTESIAN_POINT('Ctrl Pts',(-6.50219092138641,8.81746525821319,1.45790327313055E-15));
#3478=CARTESIAN_POINT('Ctrl Pts',(-5.57343508184952,8.82478998382252,1.18189516736535E-15));
#3479=CARTESIAN_POINT('Ctrl Pts',(-3.25110608177844,8.84501368537513,1.36487729571802E-15));
#3480=CARTESIAN_POINT('Ctrl Pts',(-1.39348596568327,8.85130883865528,1.10935036555375E-15));
#3481=CARTESIAN_POINT('Ctrl Pts',(1.39348514099997,8.85130887918916,1.16334790122345E-15));
#3482=CARTESIAN_POINT('Ctrl Pts',(3.25110605006979,8.84501364590389,1.55383891717243E-15));
#3483=CARTESIAN_POINT('Ctrl Pts',(5.57342484446994,8.82479010428024,1.45509542904302E-15));
#3484=CARTESIAN_POINT('Ctrl Pts',(6.50218975702567,8.8174652934582,2.45752554496397E-15));
#3485=CARTESIAN_POINT('Ctrl Pts',(6.96738683114835,8.80623959897771,2.49014145381574E-15));
#3486=CARTESIAN_POINT('Ctrl Pts',(-6.9657623296627,8.74584565234726,1.42247325030098E-15));
#3487=CARTESIAN_POINT('Ctrl Pts',(-6.50152972980795,8.75833292304469,1.4499397691792E-15));
#3488=CARTESIAN_POINT('Ctrl Pts',(-5.57272709711394,8.76735670621742,1.18683080466762E-15));
#3489=CARTESIAN_POINT('Ctrl Pts',(-3.25085606980421,8.79073820990608,1.35774686915911E-15));
#3490=CARTESIAN_POINT('Ctrl Pts',(-1.39320925613834,8.79868695529119,1.11481436129604E-15));
#3491=CARTESIAN_POINT('Ctrl Pts',(1.39320843120651,8.798686999881,1.15921756112766E-15));
#3492=CARTESIAN_POINT('Ctrl Pts',(3.25085603799625,8.79073816664156,1.55241552093616E-15));
#3493=CARTESIAN_POINT('Ctrl Pts',(5.57271686118721,8.76735684135205,1.4557080567643E-15));
#3494=CARTESIAN_POINT('Ctrl Pts',(6.50152856595148,8.75833295902192,2.45618831333116E-15));
#3495=CARTESIAN_POINT('Ctrl Pts',(6.96576230992679,8.74584565459772,2.4980018054066E-15));
#3496=CARTESIAN_POINT('',(6.96576230992679,8.74584565459772,1.11022302462516E-15));
#3497=CARTESIAN_POINT('Origin',(6.96576230992679,8.74584565459772,0.2));
#3498=CARTESIAN_POINT('Ctrl Pts',(6.96576230992679,8.74584565459772,2.4980018054066E-15));
#3499=CARTESIAN_POINT('Ctrl Pts',(6.50152856595148,8.75833295902192,2.45618831333116E-15));
#3500=CARTESIAN_POINT('Ctrl Pts',(5.57271686118721,8.76735684135205,1.4557080567643E-15));
#3501=CARTESIAN_POINT('Ctrl Pts',(3.25085603799625,8.79073816664156,1.55241552093616E-15));
#3502=CARTESIAN_POINT('Ctrl Pts',(1.39320843120651,8.798686999881,1.15921756112766E-15));
#3503=CARTESIAN_POINT('Ctrl Pts',(-1.39320925613834,8.79868695529119,1.11481436129604E-15));
#3504=CARTESIAN_POINT('Ctrl Pts',(-3.25085606980421,8.79073820990608,1.35774686915911E-15));
#3505=CARTESIAN_POINT('Ctrl Pts',(-5.57272709711394,8.76735670621742,1.18683080466762E-15));
#3506=CARTESIAN_POINT('Ctrl Pts',(-6.50152972980795,8.75833292304469,1.4499397691792E-15));
#3507=CARTESIAN_POINT('Ctrl Pts',(-6.9657623296627,8.74584565234726,1.42247325030098E-15));
#3508=CARTESIAN_POINT('Ctrl Pts',(6.97098382317989,8.93996302085514,0.247866312962568));
#3509=CARTESIAN_POINT('Ctrl Pts',(7.41413850133641,8.92480712927465,0.260987936356025));
#3510=CARTESIAN_POINT('Ctrl Pts',(8.14530984224086,8.65892890575213,0.267179040217249));
#3511=CARTESIAN_POINT('Ctrl Pts',(8.80922595363024,7.8283796152463,0.259618192611709));
#3512=CARTESIAN_POINT('Ctrl Pts',(8.95406683621312,7.24078179811678,0.245166775621099));
#3513=CARTESIAN_POINT('Ctrl Pts',(8.96196389932563,6.94420533537169,0.233730341146228));
#3514=CARTESIAN_POINT('Ctrl Pts',(6.97137262238591,8.95441719806882,0.18920633356242));
#3515=CARTESIAN_POINT('Ctrl Pts',(7.41787462789992,8.94379756343216,0.201157421385621));
#3516=CARTESIAN_POINT('Ctrl Pts',(8.15843633530438,8.67808584299346,0.207222099431147));
#3517=CARTESIAN_POINT('Ctrl Pts',(8.82710454519699,7.83612242770892,0.199972654199155));
#3518=CARTESIAN_POINT('Ctrl Pts',(8.96755370443777,7.24255956903154,0.186673757256641));
#3519=CARTESIAN_POINT('Ctrl Pts',(8.97174518680107,6.94440123609489,0.176552674985846));
#3520=CARTESIAN_POINT('Ctrl Pts',(6.97061297671149,8.92617626283138,0.0586712727190599));
#3521=CARTESIAN_POINT('Ctrl Pts',(7.41101585002953,8.92083952186974,0.0633840236739254));
#3522=CARTESIAN_POINT('Ctrl Pts',(8.14676932806437,8.66025244047146,0.0659983250688267));
#3523=CARTESIAN_POINT('Ctrl Pts',(8.80521293484828,7.82453993648876,0.0629519823233183));
#3524=CARTESIAN_POINT('Ctrl Pts',(8.9379256840739,7.2369676086948,0.0576424219689083));
#3525=CARTESIAN_POINT('Ctrl Pts',(8.93817758989133,6.94372894049709,0.0537964473475788));
#3526=CARTESIAN_POINT('Ctrl Pts',(6.96738683114882,8.8062395989777,5.24023439390635E-18));
#3527=CARTESIAN_POINT('Ctrl Pts',(7.38244217562656,8.79737009719706,-0.000113624422432846));
#3528=CARTESIAN_POINT('Ctrl Pts',(8.07099169260942,8.55116500749421,-0.000242133892290994));
#3529=CARTESIAN_POINT('Ctrl Pts',(8.69006721116097,7.7695907790978,-0.00016276102459654));
#3530=CARTESIAN_POINT('Ctrl Pts',(8.81928962788455,7.21801473542547,-8.6204035469719E-5));
#3531=CARTESIAN_POINT('Ctrl Pts',(8.82286525107425,6.94141945203511,-2.35796606636385E-15));
#3532=CARTESIAN_POINT('Ctrl Pts',(6.96576230992726,8.74584565459771,0.));
#3533=CARTESIAN_POINT('Ctrl Pts',(7.36793443684582,8.73502772969469,-2.06280367072074E-17));
#3534=CARTESIAN_POINT('Ctrl Pts',(8.03265566385042,8.49570600400838,-4.99419920202514E-16));
#3535=CARTESIAN_POINT('Ctrl Pts',(8.63175337462403,7.74182674564662,7.28955766427191E-15));
#3536=CARTESIAN_POINT('Ctrl Pts',(8.75949758612462,7.20841583512569,-1.71752813582605E-15));
#3537=CARTESIAN_POINT('Ctrl Pts',(8.76486828369675,6.94025788226416,-2.35922392732846E-15));
#3538=CARTESIAN_POINT('',(8.76486828369675,6.94025788226416,1.04083408558608E-15));
#3539=CARTESIAN_POINT('Origin',(8.76486828369675,6.94025788226416,0.200000000000001));
#3540=CARTESIAN_POINT('Ctrl Pts',(8.76486828369675,6.94025788226416,-2.35922392732846E-15));
#3541=CARTESIAN_POINT('Ctrl Pts',(8.75949758612462,7.20841583512569,-1.71752813582605E-15));
#3542=CARTESIAN_POINT('Ctrl Pts',(8.63175337462403,7.74182674564662,7.28955766427191E-15));
#3543=CARTESIAN_POINT('Ctrl Pts',(8.03265566385042,8.49570600400838,-4.99419920202514E-16));
#3544=CARTESIAN_POINT('Ctrl Pts',(7.36793443684582,8.73502772969469,-2.06280367072074E-17));
#3545=CARTESIAN_POINT('Ctrl Pts',(6.96576230992726,8.74584565459771,0.));
#3546=CARTESIAN_POINT('Ctrl Pts',(8.96196389932561,6.94420533537199,0.233730341146253));
#3547=CARTESIAN_POINT('Ctrl Pts',(8.96452881041416,6.83571966245457,0.231438913881873));
#3548=CARTESIAN_POINT('Ctrl Pts',(8.96746989674361,6.62360306610798,0.229326312988582));
#3549=CARTESIAN_POINT('Ctrl Pts',(8.97264764725511,6.19756199553416,0.225167033405268));
#3550=CARTESIAN_POINT('Ctrl Pts',(8.97934804758606,5.45371551469287,0.219780077060969));
#3551=CARTESIAN_POINT('Ctrl Pts',(8.99086675770755,3.53994452900831,0.209740557155086));
#3552=CARTESIAN_POINT('Ctrl Pts',(8.99502213990839,1.83994910192738,0.205658570681573));
#3553=CARTESIAN_POINT('Ctrl Pts',(8.99421781176005,-0.439343275582937,0.20632842897047));
#3554=CARTESIAN_POINT('Ctrl Pts',(8.98994185706328,-1.94380853645768,0.210465161920023));
#3555=CARTESIAN_POINT('Ctrl Pts',(8.97813770917051,-3.95047830460496,0.220662243738599));
#3556=CARTESIAN_POINT('Ctrl Pts',(8.96639317796823,-5.20438451174128,0.230051132867658));
#3557=CARTESIAN_POINT('Ctrl Pts',(8.95313827287259,-6.08302923721006,0.239582973749326));
#3558=CARTESIAN_POINT('Ctrl Pts',(8.94427311676835,-6.52215389837401,0.245480720125358));
#3559=CARTESIAN_POINT('Ctrl Pts',(8.93776751180121,-6.77413348383731,0.249696700396547));
#3560=CARTESIAN_POINT('Ctrl Pts',(8.93401752005048,-6.89957870525588,0.251993222904915));
#3561=CARTESIAN_POINT('Ctrl Pts',(8.93106887322057,-6.96478750046559,0.253990399649323));
#3562=CARTESIAN_POINT('Ctrl Pts',(8.97174518680107,6.94440123609519,0.17655267498587));
#3563=CARTESIAN_POINT('Ctrl Pts',(8.97356397422353,6.83578165780709,0.174524794363523));
#3564=CARTESIAN_POINT('Ctrl Pts',(8.97583688841391,6.62368456175658,0.172670163780305));
#3565=CARTESIAN_POINT('Ctrl Pts',(8.97970173261874,6.1975807249838,0.169029273524126));
#3566=CARTESIAN_POINT('Ctrl Pts',(8.9847699450435,5.45373400752958,0.164363543881135));
#3567=CARTESIAN_POINT('Ctrl Pts',(8.99337820367747,3.539921174456,0.155766728058949));
#3568=CARTESIAN_POINT('Ctrl Pts',(8.99647902049159,1.83995419865177,0.152370922940566));
#3569=CARTESIAN_POINT('Ctrl Pts',(8.99584691443094,-0.43934700642764,0.152929139220459));
#3570=CARTESIAN_POINT('Ctrl Pts',(8.99265624789727,-1.94379652181988,0.156387271842374));
#3571=CARTESIAN_POINT('Ctrl Pts',(8.98379893322257,-3.95050455906233,0.16510834452307));
#3572=CARTESIAN_POINT('Ctrl Pts',(8.97484730370154,-5.2044096262026,0.173236980622336));
#3573=CARTESIAN_POINT('Ctrl Pts',(8.96469606488775,-6.08316215436476,0.181698462796139));
#3574=CARTESIAN_POINT('Ctrl Pts',(8.95783947051738,-6.5223368973405,0.187012601741996));
#3575=CARTESIAN_POINT('Ctrl Pts',(8.95281665906465,-6.7744581237119,0.190854873355612));
#3576=CARTESIAN_POINT('Ctrl Pts',(8.94988301216345,-6.89992540703859,0.192957879467024));
#3577=CARTESIAN_POINT('Ctrl Pts',(8.94765205885459,-6.9653948772714,0.194801280360483));
#3578=CARTESIAN_POINT('Ctrl Pts',(8.93818197875119,6.94372902839795,0.0537927449099249));
#3579=CARTESIAN_POINT('Ctrl Pts',(8.93922357899108,6.83548829794499,0.0530221576150131));
#3580=CARTESIAN_POINT('Ctrl Pts',(8.94080248550211,6.62331518509661,0.0523261803174116));
#3581=CARTESIAN_POINT('Ctrl Pts',(8.94334649831152,6.19737512057385,0.0509629175302489));
#3582=CARTESIAN_POINT('Ctrl Pts',(8.94677545348339,5.45351913950144,0.0492437126655184));
#3583=CARTESIAN_POINT('Ctrl Pts',(8.95249739288,3.53987049990599,0.0461292380405155));
#3584=CARTESIAN_POINT('Ctrl Pts',(8.95463023466063,1.8398466760869,0.0449517427715302));
#3585=CARTESIAN_POINT('Ctrl Pts',(8.95416987216948,-0.439232857829546,0.0451464323355477));
#3586=CARTESIAN_POINT('Ctrl Pts',(8.95202356879335,-1.9436756893647,0.0463556974083792));
#3587=CARTESIAN_POINT('Ctrl Pts',(8.9460748747789,-3.95026021357399,0.0495132930983188));
#3588=CARTESIAN_POINT('Ctrl Pts',(8.94014353406545,-5.20413434456011,0.0525023854914288));
#3589=CARTESIAN_POINT('Ctrl Pts',(8.93336601732897,-6.08274888920338,0.0557273169428311));
#3590=CARTESIAN_POINT('Ctrl Pts',(8.92873653836483,-6.52188810495528,0.0577932582181836));
#3591=CARTESIAN_POINT('Ctrl Pts',(8.92537348533517,-6.77385345259361,0.0593095131650223));
#3592=CARTESIAN_POINT('Ctrl Pts',(8.92337263413533,-6.89931779312147,0.06014430687929));
#3593=CARTESIAN_POINT('Ctrl Pts',(8.9219834533447,-6.96445473730263,0.06088355647304));
#3594=CARTESIAN_POINT('Ctrl Pts',(8.82286525107425,6.94141945203534,1.56502471127295E-15));
#3595=CARTESIAN_POINT('Ctrl Pts',(8.82461310583753,6.83450086523738,1.72720158212441E-5));
#3596=CARTESIAN_POINT('Ctrl Pts',(8.82688384980339,6.62209440613355,2.41521160188297E-5));
#3597=CARTESIAN_POINT('Ctrl Pts',(8.83075058316172,6.19674391540562,5.06118423086102E-5));
#3598=CARTESIAN_POINT('Ctrl Pts',(8.83592751504999,5.45288330908949,6.4426637408687E-5));
#3599=CARTESIAN_POINT('Ctrl Pts',(8.84491718976121,3.53978726063236,6.53622579389633E-5));
#3600=CARTESIAN_POINT('Ctrl Pts',(8.84840078205681,1.83956658330962,5.08710652154877E-5));
#3601=CARTESIAN_POINT('Ctrl Pts',(8.84771515800673,-0.438933825158787,5.6923767823293E-5));
#3602=CARTESIAN_POINT('Ctrl Pts',(8.84419407271117,-1.94337856691507,7.91851440175471E-5));
#3603=CARTESIAN_POINT('Ctrl Pts',(8.83492618692721,-3.94951589501877,7.71663879359755E-5));
#3604=CARTESIAN_POINT('Ctrl Pts',(8.82587799880137,-5.2032464356488,0.000121728880410905));
#3605=CARTESIAN_POINT('Ctrl Pts',(8.81601613109271,-6.08113931155301,9.59829107145785E-5));
#3606=CARTESIAN_POINT('Ctrl Pts',(8.80947411336459,-6.52000749786064,6.67786424664746E-5));
#3607=CARTESIAN_POINT('Ctrl Pts',(8.80477820128575,-6.77112989995159,3.25249823486273E-5));
#3608=CARTESIAN_POINT('Ctrl Pts',(8.80202562593449,-6.89650405409452,1.83800489652502E-5));
#3609=CARTESIAN_POINT('Ctrl Pts',(8.80005328100652,-6.95998891509929,-1.73472347597681E-16));
#3610=CARTESIAN_POINT('Ctrl Pts',(8.76486828369675,6.94025788226437,1.56125112837913E-15));
#3611=CARTESIAN_POINT('Ctrl Pts',(8.76699623178456,6.83400982131013,1.56168414556708E-15));
#3612=CARTESIAN_POINT('Ctrl Pts',(8.7696296775599,6.62148452046755,1.45943254784386E-15));
#3613=CARTESIAN_POINT('Ctrl Pts',(8.77420075966219,6.19643293474774,1.43188225957554E-15));
#3614=CARTESIAN_POINT('Ctrl Pts',(8.78028798406935,5.45256857857721,1.13192811905729E-15));
#3615=CARTESIAN_POINT('Ctrl Pts',(8.79095401827044,3.53974943109728,1.11256690318346E-15));
#3616=CARTESIAN_POINT('Ctrl Pts',(8.79511394597071,1.83942624301755,1.08240928928252E-15));
#3617=CARTESIAN_POINT('Ctrl Pts',(8.7943188793824,-0.438784727074556,9.65583898629972E-16));
#3618=CARTESIAN_POINT('Ctrl Pts',(8.79011583421556,-1.94323396618572,7.16967993486033E-16));
#3619=CARTESIAN_POINT('Ctrl Pts',(8.77914561663588,-3.94914770064241,6.01449898808766E-16));
#3620=CARTESIAN_POINT('Ctrl Pts',(8.76853475203209,-5.20281291313982,3.2174499565904E-16));
#3621=CARTESIAN_POINT('Ctrl Pts',(8.75705576681234,-6.0803421718051,2.63794748458481E-17));
#3622=CARTESIAN_POINT('Ctrl Pts',(8.74949526636732,-6.51907385975466,-9.2180541550016E-17));
#3623=CARTESIAN_POINT('Ctrl Pts',(8.7440746427115,-6.76976688731749,-1.15958173407501E-16));
#3624=CARTESIAN_POINT('Ctrl Pts',(8.7409175377729,-6.89509548949952,-1.70072029080608E-16));
#3625=CARTESIAN_POINT('Ctrl Pts',(8.73862315364414,-6.95773897136947,-1.73472347597681E-16));
#3626=CARTESIAN_POINT('',(8.73862315364414,-6.95773897136947,7.63278329429795E-16));
#3627=CARTESIAN_POINT('Origin',(8.73862315364414,-6.95773897136947,0.2));
#3628=CARTESIAN_POINT('Ctrl Pts',(8.73862315364414,-6.95773897136947,-1.73472347597681E-16));
#3629=CARTESIAN_POINT('Ctrl Pts',(8.7409175377729,-6.89509548949952,-1.70072029080608E-16));
#3630=CARTESIAN_POINT('Ctrl Pts',(8.7440746427115,-6.76976688731749,-1.15958173407501E-16));
#3631=CARTESIAN_POINT('Ctrl Pts',(8.74949526636732,-6.51907385975466,-9.2180541550016E-17));
#3632=CARTESIAN_POINT('Ctrl Pts',(8.75705576681234,-6.0803421718051,2.63794748458481E-17));
#3633=CARTESIAN_POINT('Ctrl Pts',(8.76853475203209,-5.20281291313982,3.2174499565904E-16));
#3634=CARTESIAN_POINT('Ctrl Pts',(8.77914561663588,-3.94914770064241,6.01449898808766E-16));
#3635=CARTESIAN_POINT('Ctrl Pts',(8.79011583421556,-1.94323396618572,7.16967993486033E-16));
#3636=CARTESIAN_POINT('Ctrl Pts',(8.7943188793824,-0.438784727074556,9.65583898629972E-16));
#3637=CARTESIAN_POINT('Ctrl Pts',(8.79511394597071,1.83942624301755,1.08240928928252E-15));
#3638=CARTESIAN_POINT('Ctrl Pts',(8.79095401827044,3.53974943109728,1.11256690318346E-15));
#3639=CARTESIAN_POINT('Ctrl Pts',(8.78028798406935,5.45256857857721,1.13192811905729E-15));
#3640=CARTESIAN_POINT('Ctrl Pts',(8.77420075966219,6.19643293474774,1.43188225957554E-15));
#3641=CARTESIAN_POINT('Ctrl Pts',(8.7696296775599,6.62148452046755,1.45943254784386E-15));
#3642=CARTESIAN_POINT('Ctrl Pts',(8.76699623178456,6.83400982131013,1.56168414556708E-15));
#3643=CARTESIAN_POINT('Ctrl Pts',(8.76486828369675,6.94025788226437,1.56125112837913E-15));
#3644=CARTESIAN_POINT('Ctrl Pts',(8.93106887322057,-6.9647875004656,0.253990399649324));
#3645=CARTESIAN_POINT('Ctrl Pts',(8.91022959653429,-7.40664336164934,0.270585863089418));
#3646=CARTESIAN_POINT('Ctrl Pts',(8.52349883230833,-8.41082969583063,0.287593720000259));
#3647=CARTESIAN_POINT('Ctrl Pts',(7.53090497096998,-8.92593100438856,0.269039958719045));
#3648=CARTESIAN_POINT('Ctrl Pts',(6.94104813191204,-8.94724957938755,0.244188676063311));
#3649=CARTESIAN_POINT('Ctrl Pts',(8.94054497929715,-6.96513457292606,0.220168045769986));
#3650=CARTESIAN_POINT('Ctrl Pts',(8.923005038352,-7.40922413563988,0.23600670205777));
#3651=CARTESIAN_POINT('Ctrl Pts',(8.53752635797235,-8.42363198658957,0.253068256596164));
#3652=CARTESIAN_POINT('Ctrl Pts',(7.53346617407833,-8.93822578693656,0.234323123979415));
#3653=CARTESIAN_POINT('Ctrl Pts',(6.94124879805558,-8.95479508646582,0.210869578318942));
#3654=CARTESIAN_POINT('Ctrl Pts',(8.94108996873335,-6.96515453374361,0.156602235605666));
#3655=CARTESIAN_POINT('Ctrl Pts',(8.92823523576508,-7.40951077397623,0.169308709911486));
#3656=CARTESIAN_POINT('Ctrl Pts',(8.54706766661934,-8.4323561677345,0.183820187415834));
#3657=CARTESIAN_POINT('Ctrl Pts',(7.5329289310428,-8.94263422230824,0.16774855668354));
#3658=CARTESIAN_POINT('Ctrl Pts',(6.94119192816299,-8.9526566481149,0.149190166408586));
#3659=CARTESIAN_POINT('Ctrl Pts',(8.89819949602594,-6.9635836245777,0.0678648161722129));
#3660=CARTESIAN_POINT('Ctrl Pts',(8.88825069003849,-7.39859943252852,0.0740088408203158));
#3661=CARTESIAN_POINT('Ctrl Pts',(8.51779353419006,-8.40581716806225,0.081375082032351));
#3662=CARTESIAN_POINT('Ctrl Pts',(7.51890556556678,-8.90197226562743,0.0731715176833851));
#3663=CARTESIAN_POINT('Ctrl Pts',(6.94001353782719,-8.90834646971262,0.0643055591245263));
#3664=CARTESIAN_POINT('Ctrl Pts',(8.826438310938,-6.96095529487424,0.0122376459156833));
#3665=CARTESIAN_POINT('Ctrl Pts',(8.81520806041765,-7.38011310900285,0.0133874530232549));
#3666=CARTESIAN_POINT('Ctrl Pts',(8.45664717674535,-8.35019615351074,0.0147920778070582));
#3667=CARTESIAN_POINT('Ctrl Pts',(7.49631964680199,-8.82893538814291,0.0132213729569187));
#3668=CARTESIAN_POINT('Ctrl Pts',(6.93813449702383,-8.83769022730136,0.0115697702103706));
#3669=CARTESIAN_POINT('Ctrl Pts',(8.76495035108516,-6.95870323296797,7.96830273201882E-16));
#3670=CARTESIAN_POINT('Ctrl Pts',(8.75131671586854,-7.36421068918486,8.44638721337351E-6));
#3671=CARTESIAN_POINT('Ctrl Pts',(8.40160665483984,-8.30006882272555,1.85571073445075E-5));
#3672=CARTESIAN_POINT('Ctrl Pts',(7.47713425317569,-8.76530104020585,1.18617312858154E-5));
#3673=CARTESIAN_POINT('Ctrl Pts',(6.93654375497514,-8.77787467906799,1.56347352968065E-15));
#3674=CARTESIAN_POINT('Ctrl Pts',(8.73862315364414,-6.95773897136947,7.97972798949331E-16));
#3675=CARTESIAN_POINT('Ctrl Pts',(8.72398433280403,-7.35742213531852,8.09634086307079E-16));
#3676=CARTESIAN_POINT('Ctrl Pts',(8.37809908511561,-8.2786826845166,2.06046110198385E-15));
#3677=CARTESIAN_POINT('Ctrl Pts',(7.46894231751606,-8.73808440453561,1.61942732681538E-15));
#3678=CARTESIAN_POINT('Ctrl Pts',(6.93586258676163,-8.75226119247883,1.56125112837913E-15));
#3679=CARTESIAN_POINT('Ctrl Pts',(6.93586258676163,-8.75226119247883,1.56125112837913E-15));
#3680=CARTESIAN_POINT('Ctrl Pts',(7.46894231751606,-8.73808440453561,1.61942732681538E-15));
#3681=CARTESIAN_POINT('Ctrl Pts',(8.37809908511561,-8.2786826845166,2.06046110198385E-15));
#3682=CARTESIAN_POINT('Ctrl Pts',(8.72398433280403,-7.35742213531852,8.09634086307079E-16));
#3683=CARTESIAN_POINT('Ctrl Pts',(8.73862315364414,-6.95773897136947,7.97972798949331E-16));
#3684=CARTESIAN_POINT('Ctrl Pts',(-6.98661271710468,4.89593016619259,6.47721209586871));
#3685=CARTESIAN_POINT('Ctrl Pts',(-7.0851978070863,5.00886351810393,6.29017772307783));
#3686=CARTESIAN_POINT('Ctrl Pts',(-7.18828380931957,5.1206686713648,6.08363337360139));
#3687=CARTESIAN_POINT('Ctrl Pts',(-7.51207444303137,5.45599693082457,5.39782389426949));
#3688=CARTESIAN_POINT('Ctrl Pts',(-7.73393131768893,5.65879628369321,4.86286940682426));
#3689=CARTESIAN_POINT('Ctrl Pts',(-8.14406707504951,6.03632872821516,3.72893060517794));
#3690=CARTESIAN_POINT('Ctrl Pts',(-8.3439595655112,6.22281436211205,3.07104121978721));
#3691=CARTESIAN_POINT('Ctrl Pts',(-8.69043021078095,6.5847525024608,1.71069043132996));
#3692=CARTESIAN_POINT('Ctrl Pts',(-8.84037978985263,6.76915428365837,0.964666615258796));
#3693=CARTESIAN_POINT('Ctrl Pts',(-8.96196392529746,6.94420534209352,0.233730307090531));
#3694=CARTESIAN_POINT('Ctrl Pts',(-6.82152482208867,5.39717629290293,6.49347879114103));
#3695=CARTESIAN_POINT('Ctrl Pts',(-6.92560837276228,5.52543022491777,6.2956485256968));
#3696=CARTESIAN_POINT('Ctrl Pts',(-7.03430464694149,5.65177392366842,6.07706948825661));
#3697=CARTESIAN_POINT('Ctrl Pts',(-7.37563826737545,6.02843615565729,5.35220122334999));
#3698=CARTESIAN_POINT('Ctrl Pts',(-7.60941750207621,6.25203077064967,4.78844963208584));
#3699=CARTESIAN_POINT('Ctrl Pts',(-8.04433278525583,6.65681506275315,3.60947239709605));
#3700=CARTESIAN_POINT('Ctrl Pts',(-8.25835944933314,6.84855039503337,2.93598989818104));
#3701=CARTESIAN_POINT('Ctrl Pts',(-8.63764693089473,7.20800238965926,1.58565676997787));
#3702=CARTESIAN_POINT('Ctrl Pts',(-8.80783788340955,7.38311504231306,0.871088199245146));
#3703=CARTESIAN_POINT('Ctrl Pts',(-8.95395635012191,7.54643751740737,0.210041707867724));
#3704=CARTESIAN_POINT('Ctrl Pts',(-6.39533539592041,6.06616901183184,6.5702362032827));
#3705=CARTESIAN_POINT('Ctrl Pts',(-6.49797948358518,6.20246161021755,6.37088976959854));
#3706=CARTESIAN_POINT('Ctrl Pts',(-6.60544849907705,6.33819850921384,6.14998246161274));
#3707=CARTESIAN_POINT('Ctrl Pts',(-6.94344327371203,6.74687888064139,5.41583056569544));
#3708=CARTESIAN_POINT('Ctrl Pts',(-7.17570966197006,6.99653238991044,4.84256063380645));
#3709=CARTESIAN_POINT('Ctrl Pts',(-7.60627168744159,7.46021743379678,3.64448777972551));
#3710=CARTESIAN_POINT('Ctrl Pts',(-7.81676569003778,7.68894283840618,2.9610101748732));
#3711=CARTESIAN_POINT('Ctrl Pts',(-8.18037956811328,8.13050605306518,1.59452202382125));
#3712=CARTESIAN_POINT('Ctrl Pts',(-8.33664558107808,8.35432526924473,0.873967576829084));
#3713=CARTESIAN_POINT('Ctrl Pts',(-8.45966028921178,8.56692849034693,0.210646471019257));
#3714=CARTESIAN_POINT('Ctrl Pts',(-5.72004067851983,6.49605217507944,6.65052526320855));
#3715=CARTESIAN_POINT('Ctrl Pts',(-5.80712068275907,6.62789902043964,6.45805168591786));
#3716=CARTESIAN_POINT('Ctrl Pts',(-5.89833684223334,6.75927591626779,6.2444704101367));
#3717=CARTESIAN_POINT('Ctrl Pts',(-6.18492453632035,7.15439633419092,5.53301493152155));
#3718=CARTESIAN_POINT('Ctrl Pts',(-6.38125154965624,7.39476925254192,4.97480976085066));
#3719=CARTESIAN_POINT('Ctrl Pts',(-6.74198687913183,7.84201052291396,3.795880072624));
#3720=CARTESIAN_POINT('Ctrl Pts',(-6.91584393781144,8.063623629663,3.1153427235978));
#3721=CARTESIAN_POINT('Ctrl Pts',(-7.20931478014074,8.49591129911643,1.72096792551024));
#3722=CARTESIAN_POINT('Ctrl Pts',(-7.33036650592381,8.71815412437226,0.964318537948339));
#3723=CARTESIAN_POINT('Ctrl Pts',(-7.42081733844861,8.93180728407461,0.233376524045235));
#3724=CARTESIAN_POINT('Ctrl Pts',(-5.38789494777303,6.65802758384628,6.6747320489155));
#3725=CARTESIAN_POINT('Ctrl Pts',(-5.46737094046123,6.78943257337766,6.48370590036157));
#3726=CARTESIAN_POINT('Ctrl Pts',(-5.55081144955711,6.91976216394118,6.27184366626976));
#3727=CARTESIAN_POINT('Ctrl Pts',(-5.81346026140454,7.30954088887333,5.56612314549181));
#3728=CARTESIAN_POINT('Ctrl Pts',(-5.99423034691398,7.54265057455748,5.01238930329319));
#3729=CARTESIAN_POINT('Ctrl Pts',(-6.32777549101678,7.96834714702057,3.83948529194235));
#3730=CARTESIAN_POINT('Ctrl Pts',(-6.4895384122972,8.17355562198009,3.16015320414339));
#3731=CARTESIAN_POINT('Ctrl Pts',(-6.76557599261978,8.56431170076973,1.75810303727922));
#3732=CARTESIAN_POINT('Ctrl Pts',(-6.88165582732776,8.75918277084157,0.990989804890162));
#3733=CARTESIAN_POINT('Ctrl Pts',(-6.97191930947029,8.94185479075874,0.240091103313807));
#3734=CARTESIAN_POINT('Ctrl Pts',(-7.04620320786614,4.96348543959668,6.36290047857682));
#3735=CARTESIAN_POINT('Ctrl Pts',(-7.12414195982667,5.05092606792093,6.21173827263464));
#3736=CARTESIAN_POINT('Ctrl Pts',(-7.43678896863458,5.38719029220655,5.57870506707222));
#3737=CARTESIAN_POINT('Ctrl Pts',(-7.97118406974935,5.8755969987626,4.29476532432406));
#3738=CARTESIAN_POINT('Ctrl Pts',(-8.55342236128887,6.41691201923076,2.38913764508872));
#3739=CARTESIAN_POINT('Ctrl Pts',(-8.83708638861794,6.76441260111999,0.98446579819485));
#3740=CARTESIAN_POINT('Ctrl Pts',(-8.96196392529744,6.94420534209348,0.233730307090685));
#3741=CARTESIAN_POINT('Ctrl Pts',(-6.81404906829191,-5.61997997596233,5.30932439665738));
#3742=CARTESIAN_POINT('Ctrl Pts',(-6.83753745078034,-5.63668274472105,5.27206288946043));
#3743=CARTESIAN_POINT('Ctrl Pts',(-6.90965418074286,-5.68786959741419,5.15647677819394));
#3744=CARTESIAN_POINT('Ctrl Pts',(-6.9956050780822,-5.7485151018529,5.01432348150996));
#3745=CARTESIAN_POINT('Ctrl Pts',(-7.14958756947208,-5.85657130167244,4.7526088158013));
#3746=CARTESIAN_POINT('Ctrl Pts',(-7.37225827291211,-6.01125395892912,4.35563011110993));
#3747=CARTESIAN_POINT('Ctrl Pts',(-7.58667422487306,-6.15649221612809,3.93284551650966));
#3748=CARTESIAN_POINT('Ctrl Pts',(-7.71892419785764,-6.24411960737275,3.65237205398069));
#3749=CARTESIAN_POINT('Ctrl Pts',(-7.87621874734694,-6.34781281958761,3.31346764750076));
#3750=CARTESIAN_POINT('Ctrl Pts',(-8.08184029185351,-6.47950926368414,2.83168160910396));
#3751=CARTESIAN_POINT('Ctrl Pts',(-8.27648139175214,-6.59828456196293,2.31731308761925));
#3752=CARTESIAN_POINT('Ctrl Pts',(-8.48971850545069,-6.72520268268536,1.72238272440417));
#3753=CARTESIAN_POINT('Ctrl Pts',(-8.71032076513097,-6.84968849514072,1.03963067004361));
#3754=CARTESIAN_POINT('Ctrl Pts',(-8.89558534317584,-6.94676768329516,0.38598666792025));
#3755=CARTESIAN_POINT('Ctrl Pts',(-8.96858954159071,-6.98403061986538,0.116642223729658));
#3756=CARTESIAN_POINT('Ctrl Pts',(-6.88296826162631,-5.47114573713694,5.33952939815844));
#3757=CARTESIAN_POINT('Ctrl Pts',(-6.90596530256905,-5.48704521198077,5.30305317337077));
#3758=CARTESIAN_POINT('Ctrl Pts',(-6.97658006253826,-5.53577760239499,5.18988350609227));
#3759=CARTESIAN_POINT('Ctrl Pts',(-7.06076063235437,-5.59354032215008,5.05061262402073));
#3760=CARTESIAN_POINT('Ctrl Pts',(-7.21158672148602,-5.69649409266877,4.79400513245661));
#3761=CARTESIAN_POINT('Ctrl Pts',(-7.42971656176184,-5.84395121203653,4.4042165315402));
#3762=CARTESIAN_POINT('Ctrl Pts',(-7.63960412589515,-5.98243515101513,3.9873422438956));
#3763=CARTESIAN_POINT('Ctrl Pts',(-7.76886693098689,-6.06592046274928,3.70968722703966));
#3764=CARTESIAN_POINT('Ctrl Pts',(-7.92255063858324,-6.16469171332779,3.37389072334936));
#3765=CARTESIAN_POINT('Ctrl Pts',(-8.12301215771521,-6.289980976997,2.8943223360342));
#3766=CARTESIAN_POINT('Ctrl Pts',(-8.31164731412308,-6.40257278937666,2.37754548601867));
#3767=CARTESIAN_POINT('Ctrl Pts',(-8.51753228353657,-6.52259466213979,1.77691480831876));
#3768=CARTESIAN_POINT('Ctrl Pts',(-8.7287886358528,-6.63966280536783,1.08135731635217));
#3769=CARTESIAN_POINT('Ctrl Pts',(-8.90289111104083,-6.72985773949519,0.40364878464876));
#3770=CARTESIAN_POINT('Ctrl Pts',(-8.97081825173553,-6.76426255038947,0.122080499314557));
#3771=CARTESIAN_POINT('Ctrl Pts',(-7.18480949034621,-4.78566689907092,5.45983901536076));
#3772=CARTESIAN_POINT('Ctrl Pts',(-7.20563656896783,-4.79689235797,5.42591210001578));
#3773=CARTESIAN_POINT('Ctrl Pts',(-7.26949116769798,-4.83101992110947,5.32057909064741));
#3774=CARTESIAN_POINT('Ctrl Pts',(-7.34526505985315,-4.87045781052399,5.1906526542509));
#3775=CARTESIAN_POINT('Ctrl Pts',(-7.48050008689128,-4.93919557497695,4.95063213790687));
#3776=CARTESIAN_POINT('Ctrl Pts',(-7.67474751515791,-5.03365509341489,4.58433182211242));
#3777=CARTESIAN_POINT('Ctrl Pts',(-7.85944564934576,-5.11501802428889,4.18779799920011));
#3778=CARTESIAN_POINT('Ctrl Pts',(-7.9723969988719,-5.16117928159882,3.92048655670157));
#3779=CARTESIAN_POINT('Ctrl Pts',(-8.10647479130347,-5.21502117427161,3.59632406062342));
#3780=CARTESIAN_POINT('Ctrl Pts',(-8.27981952678363,-5.27774535106256,3.12686606258242));
#3781=CARTESIAN_POINT('Ctrl Pts',(-8.44037560636506,-5.32741020184536,2.60438023866429));
#3782=CARTESIAN_POINT('Ctrl Pts',(-8.61398940334078,-5.37719202955842,1.98599359422877));
#3783=CARTESIAN_POINT('Ctrl Pts',(-8.78847763907359,-5.41913292726533,1.24571406045689));
#3784=CARTESIAN_POINT('Ctrl Pts',(-8.92550232223304,-5.44796924138293,0.474169383882639));
#3785=CARTESIAN_POINT('Ctrl Pts',(-8.97767231799001,-5.45921686870035,0.143833256097237));
#3786=CARTESIAN_POINT('Ctrl Pts',(-7.51520552887329,-2.64447103594119,5.77728561321177));
#3787=CARTESIAN_POINT('Ctrl Pts',(-7.53309665602498,-2.64708597303121,5.74731220937225));
#3788=CARTESIAN_POINT('Ctrl Pts',(-7.5879842728638,-2.65466577944877,5.65405692034429));
#3789=CARTESIAN_POINT('Ctrl Pts',(-7.65324611026277,-2.66205368257624,5.53826401959545));
#3790=CARTESIAN_POINT('Ctrl Pts',(-7.7698900964801,-2.67271006089172,5.32290610875615));
#3791=CARTESIAN_POINT('Ctrl Pts',(-7.93788140191868,-2.68147021483554,4.99043577476723));
#3792=CARTESIAN_POINT('Ctrl Pts',(-8.09858409045279,-2.6770089665586,4.62113572444356));
#3793=CARTESIAN_POINT('Ctrl Pts',(-8.19703752595606,-2.66876802679458,4.36636192896792));
#3794=CARTESIAN_POINT('Ctrl Pts',(-8.31392343370267,-2.65750056879663,4.05583979753307));
#3795=CARTESIAN_POINT('Ctrl Pts',(-8.46507840547741,-2.63213238389967,3.59457153281078));
#3796=CARTESIAN_POINT('Ctrl Pts',(-8.60158735707944,-2.5927724554878,3.05199935682735));
#3797=CARTESIAN_POINT('Ctrl Pts',(-8.74562914061582,-2.54143525677997,2.39067833556346));
#3798=CARTESIAN_POINT('Ctrl Pts',(-8.88170124206911,-2.47072850314111,1.55805881557557));
#3799=CARTESIAN_POINT('Ctrl Pts',(-8.96400379070994,-2.39031260956391,0.607034988838481));
#3800=CARTESIAN_POINT('Ctrl Pts',(-8.98948913867565,-2.35565991789105,0.18477043947975));
#3801=CARTESIAN_POINT('Ctrl Pts',(-7.5590908765654,-0.996173072092288,5.99358147472905));
#3802=CARTESIAN_POINT('Ctrl Pts',(-7.57620860451617,-0.994605400659432,
5.9647938427916));
#3803=CARTESIAN_POINT('Ctrl Pts',(-7.62884736462317,-0.989545315391317,
5.87509942013702));
#3804=CARTESIAN_POINT('Ctrl Pts',(-7.69188249515336,-0.982590639283405,
5.7632470260064));
#3805=CARTESIAN_POINT('Ctrl Pts',(-7.80519941797769,-0.968601638854861,
5.5543846077562));
#3806=CARTESIAN_POINT('Ctrl Pts',(-7.97005974706208,-0.944359734454635,
5.2298110902309));
#3807=CARTESIAN_POINT('Ctrl Pts',(-8.13065794595883,-0.912340520017449,
4.86466917353918));
#3808=CARTESIAN_POINT('Ctrl Pts',(-8.22989842137962,-0.888218876612173,
4.61026902141442));
#3809=CARTESIAN_POINT('Ctrl Pts',(-8.34791952661853,-0.858323233404404,
4.29955546677188));
#3810=CARTESIAN_POINT('Ctrl Pts',(-8.50191639792105,-0.810371560285843,
3.8332661338201));
#3811=CARTESIAN_POINT('Ctrl Pts',(-8.64018022636852,-0.748706284762992,
3.27357309339721));
#3812=CARTESIAN_POINT('Ctrl Pts',(-8.78440419888152,-0.671061186780412,
2.58444728680025));
#3813=CARTESIAN_POINT('Ctrl Pts',(-8.91625630086207,-0.568407390812275,
1.70244220520037));
#3814=CARTESIAN_POINT('Ctrl Pts',(-8.97994040070835,-0.445110809492492,
0.667402058405897));
#3815=CARTESIAN_POINT('Ctrl Pts',(-8.99445033086058,-0.389627321854578,
0.203327350252231));
#3816=CARTESIAN_POINT('Ctrl Pts',(-7.56014006655813,0.593091080289534,6.16450974883636));
#3817=CARTESIAN_POINT('Ctrl Pts',(-7.5773382995414,0.598506462161609,6.13475155634191));
#3818=CARTESIAN_POINT('Ctrl Pts',(-7.63023125619306,0.615226028906574,6.04200112893945));
#3819=CARTESIAN_POINT('Ctrl Pts',(-7.69359261247084,0.635512588931149,5.92622740830453));
#3820=CARTESIAN_POINT('Ctrl Pts',(-7.80752147133678,0.672513205964834,5.70990573105157));
#3821=CARTESIAN_POINT('Ctrl Pts',(-7.97333003178048,0.727810373398911,5.37342745787556));
#3822=CARTESIAN_POINT('Ctrl Pts',(-8.13486613690731,0.785796580223769,4.99466965853748));
#3823=CARTESIAN_POINT('Ctrl Pts',(-8.2346322877391,0.824547106187595,4.73099254112689));
#3824=CARTESIAN_POINT('Ctrl Pts',(-8.35326093116064,0.871478348595431,4.4090132403663));
#3825=CARTESIAN_POINT('Ctrl Pts',(-8.50791260440479,0.939082007230463,3.92632166979493));
#3826=CARTESIAN_POINT('Ctrl Pts',(-8.64630510603154,1.01629401889441,3.34900524553734));
#3827=CARTESIAN_POINT('Ctrl Pts',(-8.790302491295,1.10964729037732,2.63959716626238));
#3828=CARTESIAN_POINT('Ctrl Pts',(-8.92107752805182,1.22582852879723,1.73460075829584));
#3829=CARTESIAN_POINT('Ctrl Pts',(-8.98205085265152,1.35883919812956,0.678998899218051));
#3830=CARTESIAN_POINT('Ctrl Pts',(-8.99510301695106,1.41815838190248,0.2068157496116));
#3831=CARTESIAN_POINT('Ctrl Pts',(-7.52713804307922,2.06060351074445,6.27896651039305));
#3832=CARTESIAN_POINT('Ctrl Pts',(-7.54518628255938,2.07067582356057,6.24595548278867));
#3833=CARTESIAN_POINT('Ctrl Pts',(-7.60061642073778,2.10132519358573,6.14308869177944));
#3834=CARTESIAN_POINT('Ctrl Pts',(-7.66671593028898,2.13688008436181,6.01483242249743));
#3835=CARTESIAN_POINT('Ctrl Pts',(-7.78505466986786,2.19921569251861,5.77570928567546));
#3836=CARTESIAN_POINT('Ctrl Pts',(-7.95592689178503,2.28603404661067,5.40531396163258));
#3837=CARTESIAN_POINT('Ctrl Pts',(-8.11973672390883,2.36648706813365,4.9933217478695));
#3838=CARTESIAN_POINT('Ctrl Pts',(-8.21992152312878,2.41709609243942,4.71013488754377));
#3839=CARTESIAN_POINT('Ctrl Pts',(-8.33878924084591,2.4776593891591,4.36528786769956));
#3840=CARTESIAN_POINT('Ctrl Pts',(-8.49192798135973,2.55974593165229,3.85531754442787));
#3841=CARTESIAN_POINT('Ctrl Pts',(-8.62825897294758,2.64825409140667,3.26197148353354));
#3842=CARTESIAN_POINT('Ctrl Pts',(-8.7705802864649,2.75357622097306,2.54290705739006));
#3843=CARTESIAN_POINT('Ctrl Pts',(-8.901321082106,2.88167469676609,1.64625834043708));
#3844=CARTESIAN_POINT('Ctrl Pts',(-8.97239666513244,3.02695827331817,0.638825767768191));
#3845=CARTESIAN_POINT('Ctrl Pts',(-8.99207692205998,3.09192487583249,0.194332843250279));
#3846=CARTESIAN_POINT('Ctrl Pts',(-7.28986991615105,4.06563766661279,6.38826820601249));
#3847=CARTESIAN_POINT('Ctrl Pts',(-7.31058000481139,4.08525811538937,6.34847212366807));
#3848=CARTESIAN_POINT('Ctrl Pts',(-7.37417064314027,4.14478074958626,6.22455523769643));
#3849=CARTESIAN_POINT('Ctrl Pts',(-7.44989969140267,4.21313628150282,6.07052386182948));
#3850=CARTESIAN_POINT('Ctrl Pts',(-7.58519580561278,4.33175539252854,5.78466650401463));
#3851=CARTESIAN_POINT('Ctrl Pts',(-7.7797193475737,4.49365901564996,5.34567722210381));
#3852=CARTESIAN_POINT('Ctrl Pts',(-7.96404595963646,4.63723064150769,4.86865585909442));
#3853=CARTESIAN_POINT('Ctrl Pts',(-8.07586016119874,4.72482657598513,4.54860794447256));
#3854=CARTESIAN_POINT('Ctrl Pts',(-8.20827626608492,4.82894721811739,4.16095232714719));
#3855=CARTESIAN_POINT('Ctrl Pts',(-8.37712992908859,4.96486854162932,3.60291502027554));
#3856=CARTESIAN_POINT('Ctrl Pts',(-8.52819996985487,5.10080809861414,2.98906566293815));
#3857=CARTESIAN_POINT('Ctrl Pts',(-8.68796237800168,5.25648052617914,2.26685890513373));
#3858=CARTESIAN_POINT('Ctrl Pts',(-8.84017371582299,5.43326493065393,1.41148039246902));
#3859=CARTESIAN_POINT('Ctrl Pts',(-8.94626045753484,5.60955845620902,0.534957346541711));
#3860=CARTESIAN_POINT('Ctrl Pts',(-8.98401767012931,5.68447818614164,0.162168095941022));
#3861=CARTESIAN_POINT('Ctrl Pts',(-7.07654863779537,4.76934345645988,6.40437374786918));
#3862=CARTESIAN_POINT('Ctrl Pts',(-7.09906569739267,4.79413702347981,6.36111528795821));
#3863=CARTESIAN_POINT('Ctrl Pts',(-7.16827509726733,4.86944942751583,6.226469493154));
#3864=CARTESIAN_POINT('Ctrl Pts',(-7.25093198154301,4.95627454564735,6.05935211761941));
#3865=CARTESIAN_POINT('Ctrl Pts',(-7.39891629078191,5.10740877751693,5.74985649360821));
#3866=CARTESIAN_POINT('Ctrl Pts',(-7.61243340482916,5.31485279578018,5.27640756441922));
#3867=CARTESIAN_POINT('Ctrl Pts',(-7.815822986125,5.50028463791582,4.7674112104806));
#3868=CARTESIAN_POINT('Ctrl Pts',(-7.93953323582237,5.61338977315294,4.42968009707347));
#3869=CARTESIAN_POINT('Ctrl Pts',(-8.08612174753332,5.74778666198906,4.02162663833233));
#3870=CARTESIAN_POINT('Ctrl Pts',(-8.27367339533921,5.92278149468712,3.44175067460825));
#3871=CARTESIAN_POINT('Ctrl Pts',(-8.44315180956123,6.09367507139557,2.82150975908285));
#3872=CARTESIAN_POINT('Ctrl Pts',(-8.62377571335758,6.28602029836209,2.10304872796535));
#3873=CARTESIAN_POINT('Ctrl Pts',(-8.79919368156512,6.49695059961783,1.27621029202953));
#3874=CARTESIAN_POINT('Ctrl Pts',(-8.93027967899292,6.68972807001674,0.475812869223623));
#3875=CARTESIAN_POINT('Ctrl Pts',(-8.97915231870537,6.7682024283171,0.143880256682334));
#3876=CARTESIAN_POINT('Ctrl Pts',(-7.02262146939423,4.93691993218317,6.4084386284117));
#3877=CARTESIAN_POINT('Ctrl Pts',(-7.04555923083283,4.96286631887963,6.364336819989));
#3878=CARTESIAN_POINT('Ctrl Pts',(-7.11605504380983,5.04164556155528,6.22706246911338));
#3879=CARTESIAN_POINT('Ctrl Pts',(-7.2002287301417,5.13233503406363,6.05668669671895));
#3880=CARTESIAN_POINT('Ctrl Pts',(-7.35091528482997,5.28997300708091,5.74122193981266));
#3881=CARTESIAN_POINT('Ctrl Pts',(-7.56831180575118,5.50574714416022,5.25885546769935));
#3882=CARTESIAN_POINT('Ctrl Pts',(-7.77552146457493,5.69719746523323,4.74141361310719));
#3883=CARTESIAN_POINT('Ctrl Pts',(-7.90171245618624,5.81324002502955,4.39897954964485));
#3884=CARTESIAN_POINT('Ctrl Pts',(-8.05128886775184,5.95092490726296,3.98549354547741));
#3885=CARTESIAN_POINT('Ctrl Pts',(-8.24303031980151,6.12872871346486,3.39976420203444));
#3886=CARTESIAN_POINT('Ctrl Pts',(-8.41721041310693,6.30031558926205,2.77786307340132));
#3887=CARTESIAN_POINT('Ctrl Pts',(-8.60349435172382,6.49246170734754,2.06040637967145));
#3888=CARTESIAN_POINT('Ctrl Pts',(-8.78591472755181,6.70116393104388,1.24105241457052));
#3889=CARTESIAN_POINT('Ctrl Pts',(-8.92506546777939,6.89009682943356,0.460394580267096));
#3890=CARTESIAN_POINT('Ctrl Pts',(-8.97756335114871,6.96683504715767,0.139110884687949));
#3891=CARTESIAN_POINT('Ctrl Pts',(-6.81404906829191,-5.61997997596233,5.30932439665738));
#3892=CARTESIAN_POINT('Ctrl Pts',(-6.88661245421352,-5.67158035568175,5.19421127092025));
#3893=CARTESIAN_POINT('Ctrl Pts',(-7.1928768845151,-5.88809257462835,4.69265454500269));
#3894=CARTESIAN_POINT('Ctrl Pts',(-7.73716067703835,-6.26220171300174,3.67417534383496));
#3895=CARTESIAN_POINT('Ctrl Pts',(-8.38482867522754,-6.67145506785212,2.10014141421467));
#3896=CARTESIAN_POINT('Ctrl Pts',(-8.75225568235179,-6.87263892136446,0.903390613622642));
#3897=CARTESIAN_POINT('Ctrl Pts',(-8.93106891106587,-6.96478750464342,0.253990360974651));
#3898=CARTESIAN_POINT('Ctrl Pts',(-5.0789091349439,-7.04251406101643,5.25665928794888));
#3899=CARTESIAN_POINT('Ctrl Pts',(-5.15808352684643,-7.12962004084758,5.1146424395637));
#3900=CARTESIAN_POINT('Ctrl Pts',(-5.23778793824548,-7.21691265797553,4.96591547816797));
#3901=CARTESIAN_POINT('Ctrl Pts',(-5.50722671411052,-7.51054436988437,4.44320026793935));
#3902=CARTESIAN_POINT('Ctrl Pts',(-5.69281684213898,-7.71007713403296,4.04600543416398));
#3903=CARTESIAN_POINT('Ctrl Pts',(-6.06582117765102,-8.10244073421694,3.15365147480151));
#3904=CARTESIAN_POINT('Ctrl Pts',(-6.25420379787836,-8.29423077834008,2.63402634607042));
#3905=CARTESIAN_POINT('Ctrl Pts',(-6.61550831390639,-8.64921668429302,1.50344079095642));
#3906=CARTESIAN_POINT('Ctrl Pts',(-6.78684705908955,-8.80860933533553,0.874052624621092));
#3907=CARTESIAN_POINT('Ctrl Pts',(-6.94104815350386,-8.94724957817862,0.24418867586484));
#3908=CARTESIAN_POINT('Ctrl Pts',(-5.52278938251361,-6.88460855846143,5.25712260907644));
#3909=CARTESIAN_POINT('Ctrl Pts',(-5.61089727761017,-6.9761898646858,5.1091610110245));
#3910=CARTESIAN_POINT('Ctrl Pts',(-5.69936066518226,-7.06778357365795,4.95417138246127));
#3911=CARTESIAN_POINT('Ctrl Pts',(-5.9975885684502,-7.37554914255302,4.40997940377702));
#3912=CARTESIAN_POINT('Ctrl Pts',(-6.20148047849378,-7.58407857343646,3.99745875311778));
#3913=CARTESIAN_POINT('Ctrl Pts',(-6.60856909329785,-7.99646721820274,3.07977858965115));
#3914=CARTESIAN_POINT('Ctrl Pts',(-6.81219999091659,-8.19983721520641,2.55145193820092));
#3915=CARTESIAN_POINT('Ctrl Pts',(-7.19851698425805,-8.58622155675996,1.42631114741063));
#3916=CARTESIAN_POINT('Ctrl Pts',(-7.3787677096203,-8.76695956414578,0.815044255692346));
#3917=CARTESIAN_POINT('Ctrl Pts',(-7.5377821613536,-8.93530911963096,0.226850757553498));
#3918=CARTESIAN_POINT('Ctrl Pts',(-6.17979215731681,-6.48521317830095,5.26759916297496));
#3919=CARTESIAN_POINT('Ctrl Pts',(-6.28048307042515,-6.57390338247101,5.10963465455007));
#3920=CARTESIAN_POINT('Ctrl Pts',(-6.38167991850568,-6.66254241859325,4.94442854682846));
#3921=CARTESIAN_POINT('Ctrl Pts',(-6.72334439974848,-6.96010261596086,4.36605060144004));
#3922=CARTESIAN_POINT('Ctrl Pts',(-6.9578741175158,-7.16117377218956,3.93065906183912));
#3923=CARTESIAN_POINT('Ctrl Pts',(-7.42979511338705,-7.55732183400181,2.9765821421102));
#3924=CARTESIAN_POINT('Ctrl Pts',(-7.66863090033939,-7.75163567260138,2.43702041634756));
#3925=CARTESIAN_POINT('Ctrl Pts',(-8.13078937217756,-8.11738670537581,1.32124554489717));
#3926=CARTESIAN_POINT('Ctrl Pts',(-8.35286572698156,-8.2860911287524,0.736081321606625));
#3927=CARTESIAN_POINT('Ctrl Pts',(-8.5566183739632,-8.43933691990724,0.203717213047375));
#3928=CARTESIAN_POINT('Ctrl Pts',(-6.60822926141293,-5.87281535960087,5.35156285797513));
#3929=CARTESIAN_POINT('Ctrl Pts',(-6.70681274601892,-5.94688229384828,5.19794628415995));
#3930=CARTESIAN_POINT('Ctrl Pts',(-6.80575624553307,-6.02064667138045,5.0372797510885));
#3931=CARTESIAN_POINT('Ctrl Pts',(-7.13944022350339,-6.26729659654373,4.47414782265711));
#3932=CARTESIAN_POINT('Ctrl Pts',(-7.367787364404,-6.43211230940397,4.04901540194865));
#3933=CARTESIAN_POINT('Ctrl Pts',(-7.82613871738031,-6.75135387439458,3.10808990515058));
#3934=CARTESIAN_POINT('Ctrl Pts',(-8.05733406929617,-6.90390297514455,2.56965469822018));
#3935=CARTESIAN_POINT('Ctrl Pts',(-8.50557904098473,-7.18190428845733,1.42984935806955));
#3936=CARTESIAN_POINT('Ctrl Pts',(-8.72162073484964,-7.30368334303936,0.814902420553213));
#3937=CARTESIAN_POINT('Ctrl Pts',(-8.92273904976436,-7.40883018077823,0.22668187535035));
#3938=CARTESIAN_POINT('Ctrl Pts',(-6.750877738285,-5.5749842229403,5.40862190604097));
#3939=CARTESIAN_POINT('Ctrl Pts',(-6.84541181970762,-5.64242896098508,5.26138841142257));
#3940=CARTESIAN_POINT('Ctrl Pts',(-6.94037086467928,-5.70967380942765,5.10723605734196));
#3941=CARTESIAN_POINT('Ctrl Pts',(-7.26070756686941,-5.93471545497027,4.56572785688909));
#3942=CARTESIAN_POINT('Ctrl Pts',(-7.48007725170175,-6.08544520069898,4.15471019861798));
#3943=CARTESIAN_POINT('Ctrl Pts',(-7.91849065429648,-6.3767818709458,3.23348731005906));
#3944=CARTESIAN_POINT('Ctrl Pts',(-8.13820067945795,-6.51551730359176,2.69857687180996));
#3945=CARTESIAN_POINT('Ctrl Pts',(-8.55754543433728,-6.76605119723809,1.53783309162162));
#3946=CARTESIAN_POINT('Ctrl Pts',(-8.75506001716847,-6.87411235532852,0.893534833284206));
#3947=CARTESIAN_POINT('Ctrl Pts',(-8.93227678064495,-6.96540986455944,0.249602587990521));
#3948=CARTESIAN_POINT('Ctrl Pts',(-5.12756354243693,-7.09599364841025,5.16867861411028));
#3949=CARTESIAN_POINT('Ctrl Pts',(-5.19219052400016,-7.16696417823397,5.05086901968204));
#3950=CARTESIAN_POINT('Ctrl Pts',(-5.45416059774377,-7.45355684089134,4.55766125092583));
#3951=CARTESIAN_POINT('Ctrl Pts',(-5.91776721625776,-7.95186563639332,3.56373367256686));
#3952=CARTESIAN_POINT('Ctrl Pts',(-6.47027308411856,-8.51410755718984,2.03694145868768));
#3953=CARTESIAN_POINT('Ctrl Pts',(-6.78684705908955,-8.80860933533553,0.874052624621094));
#3954=CARTESIAN_POINT('Ctrl Pts',(-6.94104815350386,-8.94724957817862,0.244188675864842));
#3955=CARTESIAN_POINT('Ctrl Pts',(5.12756134321092,-7.09599339138899,5.16867727904307));
#3956=CARTESIAN_POINT('Ctrl Pts',(5.19218772406387,-7.16696384906308,5.0508673201677));
#3957=CARTESIAN_POINT('Ctrl Pts',(5.25562413751504,-7.23636321209865,4.93143497100629));
#3958=CARTESIAN_POINT('Ctrl Pts',(5.51272046575652,-7.5165045277822,4.43210191614279));
#3959=CARTESIAN_POINT('Ctrl Pts',(5.69600728524433,-7.7135093583506,4.03915724617589));
#3960=CARTESIAN_POINT('Ctrl Pts',(6.07105216405114,-8.1078528483248,3.14014374000686));
#3961=CARTESIAN_POINT('Ctrl Pts',(6.48230676544255,-8.52635435700268,2.00368424279257));
#3962=CARTESIAN_POINT('Ctrl Pts',(6.80585789987455,-8.82626308732271,0.80388865463424));
#3963=CARTESIAN_POINT('Ctrl Pts',(6.96694808275609,-8.97048658198841,0.1377403197059));
#3964=CARTESIAN_POINT('Ctrl Pts',(4.97029192263301,-7.15030628339906,5.16980515165085));
#3965=CARTESIAN_POINT('Ctrl Pts',(5.03239297599138,-7.22002058876747,5.05372325782696));
#3966=CARTESIAN_POINT('Ctrl Pts',(5.09340467405937,-7.28822994636532,4.93604244104774));
#3967=CARTESIAN_POINT('Ctrl Pts',(5.34089438470126,-7.5636548884307,4.44388476397857));
#3968=CARTESIAN_POINT('Ctrl Pts',(5.51786498397234,-7.7575547520393,4.05624093950875));
#3969=CARTESIAN_POINT('Ctrl Pts',(5.88093296948192,-8.14483789315009,3.16610302122744));
#3970=CARTESIAN_POINT('Ctrl Pts',(6.28055739864937,-8.55447595496013,2.03624908442022));
#3971=CARTESIAN_POINT('Ctrl Pts',(6.59834325638651,-8.84000357557629,0.823818609721239));
#3972=CARTESIAN_POINT('Ctrl Pts',(6.75781995713228,-8.97288065069005,0.141265727756006));
#3973=CARTESIAN_POINT('Ctrl Pts',(3.85262753830068,-7.5335436370265,5.16944581224328));
#3974=CARTESIAN_POINT('Ctrl Pts',(3.89024909035185,-7.59435654017731,5.06343887565914));
#3975=CARTESIAN_POINT('Ctrl Pts',(3.92624085044407,-7.6535232090916,4.95593419175823));
#3976=CARTESIAN_POINT('Ctrl Pts',(4.06883226129589,-7.89100626594055,4.50523851677494));
#3977=CARTESIAN_POINT('Ctrl Pts',(4.16256839590351,-8.05517208452299,4.14854292196594));
#3978=CARTESIAN_POINT('Ctrl Pts',(4.34626971526446,-8.37851841283049,3.31490226639829));
#3979=CARTESIAN_POINT('Ctrl Pts',(4.53485201760252,-8.71394672065019,2.23773907005133));
#3980=CARTESIAN_POINT('Ctrl Pts',(4.69601286096019,-8.9136295319847,0.953934034281713));
#3981=CARTESIAN_POINT('Ctrl Pts',(4.79791990613674,-8.98562102323285,0.164292938691683));
#3982=CARTESIAN_POINT('Ctrl Pts',(1.17593477699078,-7.66772830017522,5.20547196284824));
#3983=CARTESIAN_POINT('Ctrl Pts',(1.18505599462246,-7.72276447073673,5.10997178491958));
#3984=CARTESIAN_POINT('Ctrl Pts',(1.19384556579144,-7.77717244843245,5.01331251800491));
#3985=CARTESIAN_POINT('Ctrl Pts',(1.22884474625487,-7.99684519116821,4.60462274252654));
#3986=CARTESIAN_POINT('Ctrl Pts',(1.25228954674074,-8.15503225509449,4.27929327908705));
#3987=CARTESIAN_POINT('Ctrl Pts',(1.29847150657142,-8.47371446464346,3.5006270773757));
#3988=CARTESIAN_POINT('Ctrl Pts',(1.34627064902125,-8.81913627594417,2.47516631740404));
#3989=CARTESIAN_POINT('Ctrl Pts',(1.38037182343882,-8.98870635605492,1.10578839397468));
#3990=CARTESIAN_POINT('Ctrl Pts',(1.3966668411909,-8.99888124773483,0.190958520452357));
#3991=CARTESIAN_POINT('Ctrl Pts',(-0.77080287610673,-7.66053271727449,5.2063554645631));
#3992=CARTESIAN_POINT('Ctrl Pts',(-0.777082526075667,-7.71568582575947,
5.11085781169045));
#3993=CARTESIAN_POINT('Ctrl Pts',(-0.783189856661145,-7.77021257685143,
5.01414947517641));
#3994=CARTESIAN_POINT('Ctrl Pts',(-0.807710286433767,-7.9905680671819,4.60544423199448));
#3995=CARTESIAN_POINT('Ctrl Pts',(-0.824631753254325,-8.14941580237627,
4.27993880743164));
#3996=CARTESIAN_POINT('Ctrl Pts',(-0.858543135554761,-8.46983996660918,
3.50112766863138));
#3997=CARTESIAN_POINT('Ctrl Pts',(-0.894596480674056,-8.81755386306423,
2.47538863267507));
#3998=CARTESIAN_POINT('Ctrl Pts',(-0.920044909427282,-8.98853581351732,
1.10568654293735));
#3999=CARTESIAN_POINT('Ctrl Pts',(-0.931092274392694,-8.99887077077604,
0.190959808754687));
#4000=CARTESIAN_POINT('Ctrl Pts',(-2.26674718070798,-7.62378233635711,5.18986739098218));
#4001=CARTESIAN_POINT('Ctrl Pts',(-2.2869643171952,-7.68097570556872,5.09017008411636));
#4002=CARTESIAN_POINT('Ctrl Pts',(-2.30625587612766,-7.73711725416344,4.98922088812733));
#4003=CARTESIAN_POINT('Ctrl Pts',(-2.38247433182811,-7.96300966722161,4.56378588322988));
#4004=CARTESIAN_POINT('Ctrl Pts',(-2.43205822203497,-8.12266927163142,4.22609759095609));
#4005=CARTESIAN_POINT('Ctrl Pts',(-2.52846644777867,-8.4408807500679,3.42567360466066));
#4006=CARTESIAN_POINT('Ctrl Pts',(-2.62616943762382,-8.77920730767185,2.37990978292474));
#4007=CARTESIAN_POINT('Ctrl Pts',(-2.70693947272454,-8.95887288143257,1.04511964446958));
#4008=CARTESIAN_POINT('Ctrl Pts',(-2.75719761491978,-8.99359132034214,0.180290553678678));
#4009=CARTESIAN_POINT('Ctrl Pts',(-4.28112589367194,-7.37283125322613,5.17050133490704));
#4010=CARTESIAN_POINT('Ctrl Pts',(-4.32882039928715,-7.4373364669905,5.06048897617976));
#4011=CARTESIAN_POINT('Ctrl Pts',(-4.37517012148563,-7.50021992532027,4.94881923318938));
#4012=CARTESIAN_POINT('Ctrl Pts',(-4.56139837872565,-7.75362877574564,4.48161115275011));
#4013=CARTESIAN_POINT('Ctrl Pts',(-4.69025037532877,-7.93030640817182,4.11223225846903));
#4014=CARTESIAN_POINT('Ctrl Pts',(-4.95010611522613,-8.28106842057787,3.25593083438208));
#4015=CARTESIAN_POINT('Ctrl Pts',(-5.22901637119789,-8.64854556629631,2.15740859767025));
#4016=CARTESIAN_POINT('Ctrl Pts',(-5.45665830860259,-8.88392223721444,0.901625242325934));
#4017=CARTESIAN_POINT('Ctrl Pts',(-5.58185295461816,-8.98051407181304,0.155083391286887));
#4018=CARTESIAN_POINT('Ctrl Pts',(-4.97029408915772,-7.15030655211727,5.16980648770807));
#4019=CARTESIAN_POINT('Ctrl Pts',(-5.0323957425776,-7.22002092906908,5.05372495861105));
#4020=CARTESIAN_POINT('Ctrl Pts',(-5.09340800667761,-7.28823035018703,4.93604448524893));
#4021=CARTESIAN_POINT('Ctrl Pts',(-5.34089896135453,-7.5636553966667,4.44388753977168));
#4022=CARTESIAN_POINT('Ctrl Pts',(-5.51786790096638,-7.7575549513315,4.05624262732248));
#4023=CARTESIAN_POINT('Ctrl Pts',(-5.88093387074267,-8.14483772190721,3.16610342396902));
#4024=CARTESIAN_POINT('Ctrl Pts',(-6.28055830159443,-8.55447582756746,2.03624959886387));
#4025=CARTESIAN_POINT('Ctrl Pts',(-6.59834326513598,-8.8400035528614,0.823818701579005));
#4026=CARTESIAN_POINT('Ctrl Pts',(-6.75781991623808,-8.97288064728246,0.141265741581299));
#4027=CARTESIAN_POINT('Ctrl Pts',(-5.12756354243693,-7.09599364841025,5.16867861411028));
#4028=CARTESIAN_POINT('Ctrl Pts',(-5.19219052400016,-7.16696417823397,5.05086901968204));
#4029=CARTESIAN_POINT('Ctrl Pts',(-5.25562750405646,-7.23636360529628,4.9314370137926));
#4030=CARTESIAN_POINT('Ctrl Pts',(-5.51272507843488,-7.51650502727817,4.43210469037081));
#4031=CARTESIAN_POINT('Ctrl Pts',(-5.69601023922818,-7.71350954983667,4.03915893337573));
#4032=CARTESIAN_POINT('Ctrl Pts',(-6.07105310382518,-8.10785267086699,3.14014414483636));
#4033=CARTESIAN_POINT('Ctrl Pts',(-6.48230770785674,-8.52635422463267,2.00368476348519));
#4034=CARTESIAN_POINT('Ctrl Pts',(-6.80585795014054,-8.82626306176774,0.803888751943199));
#4035=CARTESIAN_POINT('Ctrl Pts',(-6.96694808595944,-8.97048657808049,0.137740334512875));
#4036=CARTESIAN_POINT('Origin',(-2.28983498828939E-15,-2.84494650060196E-15,
9.0205620750794E-16));
#4037=CARTESIAN_POINT('',(-7.62583293664622E-15,8.14999999999999,9.71445146547012E-16));
#4038=CARTESIAN_POINT('Ctrl Pts',(-7.62583293664622E-15,8.14999999999999,
9.71445146547012E-16));
#4039=CARTESIAN_POINT('Ctrl Pts',(-1.71999888688156,8.15,9.02061187865395E-16));
#4040=CARTESIAN_POINT('Ctrl Pts',(-3.42052344379545,8.11787539163293,7.64670919986553E-16));
#4041=CARTESIAN_POINT('Ctrl Pts',(-5.71327209920394,7.83659305200077,6.26274373226589E-16));
#4042=CARTESIAN_POINT('Ctrl Pts',(-6.42336411510045,7.61278528937178,5.70474240774826E-16));
#4043=CARTESIAN_POINT('Ctrl Pts',(-6.86327906175608,7.2961730385277,5.58533046283791E-16));
#4044=CARTESIAN_POINT('Ctrl Pts',(-6.8666537226873,7.29373055034308,5.58606056906153E-16));
#4045=CARTESIAN_POINT('Ctrl Pts',(-6.95353017665235,7.23049406298283,5.58144387969013E-16));
#4046=CARTESIAN_POINT('Ctrl Pts',(-7.1076163962151,7.10121951053774,5.57623006777023E-16));
#4047=CARTESIAN_POINT('Ctrl Pts',(-7.23938841516478,6.94850959075791,5.57560698412638E-16));
#4048=CARTESIAN_POINT('Ctrl Pts',(-7.46879888885721,6.63278754158376,5.56302337101747E-16));
#4049=CARTESIAN_POINT('Ctrl Pts',(-7.60159398201435,6.34184370622764,5.55750617844557E-16));
#4050=CARTESIAN_POINT('Ctrl Pts',(-7.85313754311965,5.4906524735347,5.52132143678283E-16));
#4051=CARTESIAN_POINT('Ctrl Pts',(-8.04130298561312,4.29655615499931,5.93248644470169E-16));
#4052=CARTESIAN_POINT('Ctrl Pts',(-8.11251052685879,2.70840004732417,6.0538459290839E-16));
#4053=CARTESIAN_POINT('Ctrl Pts',(-8.1444379143163,1.25246235350124,6.50721341486296E-16));
#4054=CARTESIAN_POINT('Ctrl Pts',(-8.15296140587408,0.626246848656658,6.702869589266E-16));
#4055=CARTESIAN_POINT('Ctrl Pts',(-8.15823082829852,-1.42385755660607,7.37880282988902E-16));
#4056=CARTESIAN_POINT('Ctrl Pts',(-8.12615180184783,-2.84811605560574,7.23216883056398E-16));
#4057=CARTESIAN_POINT('Ctrl Pts',(-7.9314157246936,-5.23166196430794,8.33852778715793E-16));
#4058=CARTESIAN_POINT('Ctrl Pts',(-7.73010936131051,-6.13066092445367,9.04604891742966E-16));
#4059=CARTESIAN_POINT('Ctrl Pts',(-7.38048813398017,-6.74010077632347,9.02631619843073E-16));
#4060=CARTESIAN_POINT('Ctrl Pts',(-7.33797743506589,-6.80723275917766,9.04336308491559E-16));
#4061=CARTESIAN_POINT('Ctrl Pts',(-7.2331518972451,-6.95510576346878,9.10474990552887E-16));
#4062=CARTESIAN_POINT('Ctrl Pts',(-7.10504064170746,-7.10978060688183,9.21871879145708E-16));
#4063=CARTESIAN_POINT('Ctrl Pts',(-6.95315459812505,-7.23982308561012,9.36105842089656E-16));
#4064=CARTESIAN_POINT('Ctrl Pts',(-6.68767722498007,-7.4303914636877,9.60569420733736E-16));
#4065=CARTESIAN_POINT('Ctrl Pts',(-6.46868535111799,-7.53848380709178,9.59821122218114E-16));
#4066=CARTESIAN_POINT('Ctrl Pts',(-5.37653521568125,-7.93255756818242,1.03330751972971E-15));
#4067=CARTESIAN_POINT('Ctrl Pts',(-4.02717244778757,-8.06578989721947,1.16305973866323E-15));
#4068=CARTESIAN_POINT('Ctrl Pts',(-1.62954426980457,-8.14090984631961,1.27585582781518E-15));
#4069=CARTESIAN_POINT('Ctrl Pts',(-0.814876051373503,-8.15408616811477,
1.3175360858364E-15));
#4070=CARTESIAN_POINT('Ctrl Pts',(1.08469730632193,-8.15585930156332,1.43254427044333E-15));
#4071=CARTESIAN_POINT('Ctrl Pts',(2.16980949845678,-8.13486979183405,1.52997659185515E-15));
#4072=CARTESIAN_POINT('Ctrl Pts',(4.51857348757842,-8.01963146151203,1.6688535599578E-15));
#4073=CARTESIAN_POINT('Ctrl Pts',(5.62404465606337,-7.86871958003777,1.67699835991647E-15));
#4074=CARTESIAN_POINT('Ctrl Pts',(6.53280955970225,-7.50400371378714,1.76157952073632E-15));
#4075=CARTESIAN_POINT('Ctrl Pts',(6.71505643906336,-7.40990445452974,1.77924353327347E-15));
#4076=CARTESIAN_POINT('Ctrl Pts',(6.95444818348883,-7.24052974320132,1.79362924366321E-15));
#4077=CARTESIAN_POINT('Ctrl Pts',(7.1071362330895,-7.11178677885996,1.8011158640848E-15));
#4078=CARTESIAN_POINT('Ctrl Pts',(7.23516614033255,-6.95787984337114,1.8039356083755E-15));
#4079=CARTESIAN_POINT('Ctrl Pts',(7.37028916391123,-6.76600578342929,1.80567981240488E-15));
#4080=CARTESIAN_POINT('Ctrl Pts',(7.43893060135704,-6.64641441211611,1.8046627359974E-15));
#4081=CARTESIAN_POINT('Ctrl Pts',(7.80083495503118,-5.90148668367072,1.81073993078836E-15));
#4082=CARTESIAN_POINT('Ctrl Pts',(7.97923132493597,-4.89241401040412,1.75871996109712E-15));
#4083=CARTESIAN_POINT('Ctrl Pts',(8.13069862396836,-2.50469494297788,1.73678688799981E-15));
#4084=CARTESIAN_POINT('Ctrl Pts',(8.15792050530099,-1.25199659456823,1.71014820778003E-15));
#4085=CARTESIAN_POINT('Ctrl Pts',(8.15437949850531,0.779043122291523,1.65289763409302E-15));
#4086=CARTESIAN_POINT('Ctrl Pts',(8.14163591677047,1.55792359063131,1.61100555302927E-15));
#4087=CARTESIAN_POINT('Ctrl Pts',(8.07625415545074,3.78231306964014,1.59016498098977E-15));
#4088=CARTESIAN_POINT('Ctrl Pts',(7.97089057786492,5.05484964867653,1.58429565028558E-15));
#4089=CARTESIAN_POINT('Ctrl Pts',(7.61475113414908,6.31420955926318,1.48078465538735E-15));
#4090=CARTESIAN_POINT('Ctrl Pts',(7.4764951924335,6.62240001644796,1.46186606932608E-15));
#4091=CARTESIAN_POINT('Ctrl Pts',(7.23932980773128,6.9477842139594,1.43340840263686E-15));
#4092=CARTESIAN_POINT('Ctrl Pts',(7.11023267604896,7.0976219089909,1.42158949712375E-15));
#4093=CARTESIAN_POINT('Ctrl Pts',(6.9602139274176,7.22478267048708,1.39265796128004E-15));
#4094=CARTESIAN_POINT('Ctrl Pts',(6.87557933313023,7.28721346995668,1.3921199297907E-15));
#4095=CARTESIAN_POINT('Ctrl Pts',(6.87192618971259,7.28988753617486,1.39213125054107E-15));
#4096=CARTESIAN_POINT('Ctrl Pts',(6.43288982024837,7.60879819591146,1.39076143698341E-15));
#4097=CARTESIAN_POINT('Ctrl Pts',(5.72680351575844,7.83377674476808,1.31218093081907E-15));
#4098=CARTESIAN_POINT('Ctrl Pts',(3.43328688362684,8.11768137259443,1.18030679282596E-15));
#4099=CARTESIAN_POINT('Ctrl Pts',(1.72646527787634,8.14999999999999,1.11020097179225E-15));
#4100=CARTESIAN_POINT('Ctrl Pts',(1.52406396342412E-14,8.14999999999999,
9.71445146547014E-16));
#4101=CARTESIAN_POINT('Origin',(0.000640257057528227,0.454257964377691,
3.85));
#4102=CARTESIAN_POINT('',(0.00215747914021291,5.,3.85));
#4103=CARTESIAN_POINT('Ctrl Pts',(0.00215747914021291,5.,3.85));
#4104=CARTESIAN_POINT('Ctrl Pts',(-0.813141280119041,5.,3.85));
#4105=CARTESIAN_POINT('Ctrl Pts',(-1.62861137403482,5.00006872845957,3.84999999999999));
#4106=CARTESIAN_POINT('Ctrl Pts',(-3.12413311016927,5.00014134145624,3.85));
#4107=CARTESIAN_POINT('Ctrl Pts',(-3.8041347169383,5.00030037001229,3.84999999999995));
#4108=CARTESIAN_POINT('Ctrl Pts',(-4.48936220785697,5.00042185708648,3.85));
#4109=CARTESIAN_POINT('Ctrl Pts',(-4.49463564647181,5.00041878070308,3.85));
#4110=CARTESIAN_POINT('Ctrl Pts',(-4.63079893473741,5.0005140343639,3.85000000000001));
#4111=CARTESIAN_POINT('Ctrl Pts',(-4.89108447624671,4.89100696369418,3.85));
#4112=CARTESIAN_POINT('Ctrl Pts',(-5.00061158047956,4.63071267487411,3.85));
#4113=CARTESIAN_POINT('Ctrl Pts',(-5.000232895907,4.14007599392367,3.85));
#4114=CARTESIAN_POINT('Ctrl Pts',(-5.00031079833796,3.78028371312365,3.85));
#4115=CARTESIAN_POINT('Ctrl Pts',(-5.00017186791622,2.99921439339339,3.85));
#4116=CARTESIAN_POINT('Ctrl Pts',(-5.00006491440348,2.15665312173775,3.85));
#4117=CARTESIAN_POINT('Ctrl Pts',(-5.00006203937719,1.31408217956955,3.85));
#4118=CARTESIAN_POINT('Ctrl Pts',(-5.00003901042429,0.595204093694599,3.85));
#4119=CARTESIAN_POINT('Ctrl Pts',(-5.0000403884005,0.297590955572423,3.85));
#4120=CARTESIAN_POINT('Ctrl Pts',(-5.00003921260492,-0.67663053556515,3.85));
#4121=CARTESIAN_POINT('Ctrl Pts',(-5.00006477721322,-1.35327714343624,3.85));
#4122=CARTESIAN_POINT('Ctrl Pts',(-5.00011972217797,-2.75620608882903,3.85));
#4123=CARTESIAN_POINT('Ctrl Pts',(-5.00026674938811,-3.48244716847073,3.85000000000001));
#4124=CARTESIAN_POINT('Ctrl Pts',(-5.00041500570445,-4.30572853189076,3.85000000000001));
#4125=CARTESIAN_POINT('Ctrl Pts',(-5.00037115205267,-4.40281926864803,3.85000000000001));
#4126=CARTESIAN_POINT('Ctrl Pts',(-5.00053722264715,-4.6307862829268,3.85000000000001));
#4127=CARTESIAN_POINT('Ctrl Pts',(-4.89102467696352,-4.89107334258782,3.85000000000001));
#4128=CARTESIAN_POINT('Ctrl Pts',(-4.630732829869,-5.00059727789268,3.85000000000001));
#4129=CARTESIAN_POINT('Ctrl Pts',(-4.21688603879027,-5.00028309704764,3.85000000000001));
#4130=CARTESIAN_POINT('Ctrl Pts',(-3.93389068633112,-5.00035920635842,3.85000000000001));
#4131=CARTESIAN_POINT('Ctrl Pts',(-2.81984206332155,-5.0001777030216,3.85));
#4132=CARTESIAN_POINT('Ctrl Pts',(-1.98876775634372,-5.00006900037493,3.85));
#4133=CARTESIAN_POINT('Ctrl Pts',(-0.771083667570411,-5.00004194862663,
3.85));
#4134=CARTESIAN_POINT('Ctrl Pts',(-0.384448129566486,-5.00003858174608,
3.85));
#4135=CARTESIAN_POINT('Ctrl Pts',(0.516811921626319,-5.00003948955464,3.85));
#4136=CARTESIAN_POINT('Ctrl Pts',(1.03148187510468,-5.00005081426241,3.85));
#4137=CARTESIAN_POINT('Ctrl Pts',(2.29066622185863,-5.00009048091894,3.85));
#4138=CARTESIAN_POINT('Ctrl Pts',(3.03514223958157,-5.00020312050621,3.84999999999999));
#4139=CARTESIAN_POINT('Ctrl Pts',(4.01967515261257,-5.00036995823655,3.84999999999999));
#4140=CARTESIAN_POINT('Ctrl Pts',(4.25978561523127,-5.00029945743953,3.84999999999999));
#4141=CARTESIAN_POINT('Ctrl Pts',(4.63075065282482,-5.00058037069854,3.84999999999999));
#4142=CARTESIAN_POINT('Ctrl Pts',(4.89104073750118,-4.89105941782116,3.84999999999999));
#4143=CARTESIAN_POINT('Ctrl Pts',(5.00055724948032,-4.63077120861468,3.84999999999999));
#4144=CARTESIAN_POINT('Ctrl Pts',(5.00033695914016,-4.33504778508431,3.84999999999999));
#4145=CARTESIAN_POINT('Ctrl Pts',(5.00039773151479,-4.17019085993453,3.84999999999999));
#4146=CARTESIAN_POINT('Ctrl Pts',(5.00023728446851,-3.26448503813789,3.84999999999999));
#4147=CARTESIAN_POINT('Ctrl Pts',(5.00010417079532,-2.52358541445025,3.84999999999999));
#4148=CARTESIAN_POINT('Ctrl Pts',(5.00005657137404,-1.18842468447589,3.84999999999998));
#4149=CARTESIAN_POINT('Ctrl Pts',(5.00003823047733,-0.594205099103375,3.84999999999997));
#4150=CARTESIAN_POINT('Ctrl Pts',(5.00003660132645,0.369733488460951,3.84999999999995));
#4151=CARTESIAN_POINT('Ctrl Pts',(5.0000384995328,0.739501606252666,3.84999999999994));
#4152=CARTESIAN_POINT('Ctrl Pts',(5.00006120143253,1.86208270388542,3.84999999999989));
#4153=CARTESIAN_POINT('Ctrl Pts',(5.00012755562299,2.61493073936941,3.84999999999969));
#4154=CARTESIAN_POINT('Ctrl Pts',(5.00027942494088,3.74514446915092,3.84999999999947));
#4155=CARTESIAN_POINT('Ctrl Pts',(5.00020466703683,4.12251369893094,3.84999999999933));
#4156=CARTESIAN_POINT('Ctrl Pts',(5.00055845627737,4.62785210413707,3.84999999999912));
#4157=CARTESIAN_POINT('Ctrl Pts',(4.89606443492122,4.88256756390689,3.84999999999914));
#4158=CARTESIAN_POINT('Ctrl Pts',(4.64510800593136,4.99575711456833,3.84999999999899));
#4159=CARTESIAN_POINT('Ctrl Pts',(4.51142155770492,5.00028023019838,3.84999999999894));
#4160=CARTESIAN_POINT('Ctrl Pts',(4.50567763576768,5.00038228054619,3.84999999999894));
#4161=CARTESIAN_POINT('Ctrl Pts',(3.81903243347026,5.00027137094735,3.84999999999916));
#4162=CARTESIAN_POINT('Ctrl Pts',(3.13814405147555,5.00012790395615,3.84999999999965));
#4163=CARTESIAN_POINT('Ctrl Pts',(1.63887401472542,5.00006206072855,3.84999999999982));
#4164=CARTESIAN_POINT('Ctrl Pts',(0.820521380240614,5.,3.85));
#4165=CARTESIAN_POINT('Ctrl Pts',(0.00215747914020348,5.,3.85));
#4166=CARTESIAN_POINT('Ctrl Pts',(-7.62583293664622E-15,8.14999999999999,
9.71445146547012E-16));
#4167=CARTESIAN_POINT('Ctrl Pts',(0.000192217272395976,8.14970610334327,
0.340818208362433));
#4168=CARTESIAN_POINT('Ctrl Pts',(0.000553313683937526,8.10030511159183,
0.981379569231812));
#4169=CARTESIAN_POINT('Ctrl Pts',(0.0010251799764561,7.85742324230768,1.81941193438153));
#4170=CARTESIAN_POINT('Ctrl Pts',(0.0013584055314131,7.48201928094569,2.41217880391938));
#4171=CARTESIAN_POINT('Ctrl Pts',(0.00158593451620677,7.07686011290741,
2.81766182961631));
#4172=CARTESIAN_POINT('Ctrl Pts',(0.00173606646614824,6.72977794880598,
3.08566812245035));
#4173=CARTESIAN_POINT('Ctrl Pts',(0.00190776640067172,6.23021467173757,
3.39289216007443));
#4174=CARTESIAN_POINT('Ctrl Pts',(0.00203523201966422,5.72373741654778,
3.62226391360742));
#4175=CARTESIAN_POINT('Ctrl Pts',(0.00211539502592638,5.32433882867834,
3.76838318769456));
#4176=CARTESIAN_POINT('Ctrl Pts',(0.00215108023987483,5.10424295564912,
3.83496351299891));
#4177=CARTESIAN_POINT('Ctrl Pts',(0.00215816291166107,5.02299568894212,
3.84994528986304));
#4178=CARTESIAN_POINT('Ctrl Pts',(0.00215747914021291,5.,3.85));
#4179=CARTESIAN_POINT('Ctrl Pts',(-1.71999888688156,8.15,9.02061187865395E-16));
#4180=CARTESIAN_POINT('Ctrl Pts',(-1.68920024033944,8.14970610334328,0.340840805551294));
#4181=CARTESIAN_POINT('Ctrl Pts',(-1.61802138207467,8.10030499287539,0.981438293585182));
#4182=CARTESIAN_POINT('Ctrl Pts',(-1.49027627112141,7.85742316255504,1.81950100467944));
#4183=CARTESIAN_POINT('Ctrl Pts',(-1.37281408211037,7.48201915094802,2.41227608920039));
#4184=CARTESIAN_POINT('Ctrl Pts',(-1.2761263395489,7.07686007913679,2.81775712132009));
#4185=CARTESIAN_POINT('Ctrl Pts',(-1.20322296236864,6.72977795694568,3.08575805579402));
#4186=CARTESIAN_POINT('Ctrl Pts',(-1.10679745889154,6.23021477683862,3.39297035750796));
#4187=CARTESIAN_POINT('Ctrl Pts',(-1.01348261769975,5.72373741552544,3.62232432719514));
#4188=CARTESIAN_POINT('Ctrl Pts',(-0.92716578381708,5.32433887068357,3.76842144791952));
#4189=CARTESIAN_POINT('Ctrl Pts',(-0.866898331285608,5.10424299044612,3.83498339304799));
#4190=CARTESIAN_POINT('Ctrl Pts',(-0.830347728792042,5.02299568894212,3.84995201942878));
#4191=CARTESIAN_POINT('Ctrl Pts',(-0.813141280119041,5.,3.85));
#4192=CARTESIAN_POINT('Ctrl Pts',(-3.42052344379545,8.11787539163293,7.64670919986553E-16));
#4193=CARTESIAN_POINT('Ctrl Pts',(-3.37445971184575,8.10999978631043,0.340869071280047));
#4194=CARTESIAN_POINT('Ctrl Pts',(-3.25522888508028,8.04856017369581,0.981513419469056));
#4195=CARTESIAN_POINT('Ctrl Pts',(-3.0136248904863,7.79817977406578,1.81961877054797));
#4196=CARTESIAN_POINT('Ctrl Pts',(-2.77457249376967,7.42721899220969,2.41240746601418));
#4197=CARTESIAN_POINT('Ctrl Pts',(-2.57060333198492,7.03199515904045,2.81788689483022));
#4198=CARTESIAN_POINT('Ctrl Pts',(-2.41432781590278,6.694964201052,3.0858806827523));
#4199=CARTESIAN_POINT('Ctrl Pts',(-2.20618786794322,6.21093320568012,3.39307624767257));
#4200=CARTESIAN_POINT('Ctrl Pts',(-2.00638811416276,5.72014186000596,3.62240442621378));
#4201=CARTESIAN_POINT('Ctrl Pts',(-1.83203882015501,5.32935152347129,3.76847097240208));
#4202=CARTESIAN_POINT('Ctrl Pts',(-1.71811569422768,5.11053942838585,3.83500854378272));
#4203=CARTESIAN_POINT('Ctrl Pts',(-1.65583800409514,5.02590357153443,3.84996043909619));
#4204=CARTESIAN_POINT('Ctrl Pts',(-1.62861137403482,5.00006872845957,3.84999999999999));
#4205=CARTESIAN_POINT('Ctrl Pts',(-5.71327209920394,7.83659305200077,6.26274373226589E-16));
#4206=CARTESIAN_POINT('Ctrl Pts',(-5.65676667438795,7.81134424451516,0.340923517013347));
#4207=CARTESIAN_POINT('Ctrl Pts',(-5.5071236517043,7.7284997721185,0.981659505567482));
#4208=CARTESIAN_POINT('Ctrl Pts',(-5.18830618831873,7.48533447825677,1.81985085200962));
#4209=CARTESIAN_POINT('Ctrl Pts',(-4.85367341431707,7.15497753561256,2.41266851627623));
#4210=CARTESIAN_POINT('Ctrl Pts',(-4.55471043785947,6.81090479582726,2.81814559149516));
#4211=CARTESIAN_POINT('Ctrl Pts',(-4.31960285184748,6.51943220139921,3.08612524766052));
#4212=CARTESIAN_POINT('Ctrl Pts',(-3.99995231287242,6.1014030109527,3.39328687774516));
#4213=CARTESIAN_POINT('Ctrl Pts',(-3.68754140377315,5.67509453882078,3.62256245233303));
#4214=CARTESIAN_POINT('Ctrl Pts',(-3.41951652653112,5.32540144023389,3.76856774301499));
#4215=CARTESIAN_POINT('Ctrl Pts',(-3.24936829909611,5.1207098367732,3.8350572243173));
#4216=CARTESIAN_POINT('Ctrl Pts',(-3.1611846310812,5.03182662261673,3.84997665911675));
#4217=CARTESIAN_POINT('Ctrl Pts',(-3.12413311016927,5.00014134145624,3.85));
#4218=CARTESIAN_POINT('Ctrl Pts',(-6.42336411510045,7.61278528937178,5.70474240774826E-16));
#4219=CARTESIAN_POINT('Ctrl Pts',(-6.36876569634792,7.5783214721358,0.340949263217945));
#4220=CARTESIAN_POINT('Ctrl Pts',(-6.22795750112378,7.48649524732599,0.981729083869975));
#4221=CARTESIAN_POINT('Ctrl Pts',(-5.92679236775886,7.25630068695865,1.81996248962581));
#4222=CARTESIAN_POINT('Ctrl Pts',(-5.60023493505192,6.95868763151751,2.41279484571909));
#4223=CARTESIAN_POINT('Ctrl Pts',(-5.29941444644278,6.65202311076822,2.81827107317548));
#4224=CARTESIAN_POINT('Ctrl Pts',(-5.05861059685235,6.3928029396797,3.08624391462805));
#4225=CARTESIAN_POINT('Ctrl Pts',(-4.7262998970915,6.02060502565835,3.39338888537663));
#4226=CARTESIAN_POINT('Ctrl Pts',(-4.39633039937713,5.63857773753235,3.62263852895016));
#4227=CARTESIAN_POINT('Ctrl Pts',(-4.11303639511829,5.31815493659829,3.76861400044341));
#4228=CARTESIAN_POINT('Ctrl Pts',(-3.93411324864786,5.12483396346675,3.83508032908783));
#4229=CARTESIAN_POINT('Ctrl Pts',(-3.84241167440313,5.0348899518024,3.84998432992384));
#4230=CARTESIAN_POINT('Ctrl Pts',(-3.8041347169383,5.00030037001229,3.84999999999995));
#4231=CARTESIAN_POINT('Ctrl Pts',(-6.86327906175608,7.2961730385277,5.58533046283791E-16));
#4232=CARTESIAN_POINT('Ctrl Pts',(-6.81393757378477,7.25442141318593,0.340973726509109));
#4233=CARTESIAN_POINT('Ctrl Pts',(-6.69726836115533,7.15917611150143,0.981795446499098));
#4234=CARTESIAN_POINT('Ctrl Pts',(-6.45490808536983,6.95429386754621,1.82006952032825));
#4235=CARTESIAN_POINT('Ctrl Pts',(-6.17948941862089,6.70212450294192,2.41291633818557));
#4236=CARTESIAN_POINT('Ctrl Pts',(-5.91276179655951,6.44386363603491,2.81839189431379));
#4237=CARTESIAN_POINT('Ctrl Pts',(-5.69307845667053,6.22535773278111,3.08635819401028));
#4238=CARTESIAN_POINT('Ctrl Pts',(-5.38250786136704,5.91026348671164,3.39348702632244));
#4239=CARTESIAN_POINT('Ctrl Pts',(-5.06568889032082,5.58323425288831,3.6227114976086));
#4240=CARTESIAN_POINT('Ctrl Pts',(-4.79088794833398,5.30112968378894,3.76865820468862));
#4241=CARTESIAN_POINT('Ctrl Pts',(-4.61671674551422,5.1248536711197,3.83510232592675));
#4242=CARTESIAN_POINT('Ctrl Pts',(-4.5270819124872,5.03673059946685,3.84999161905228));
#4243=CARTESIAN_POINT('Ctrl Pts',(-4.48936220785697,5.00042185708648,3.85));
#4244=CARTESIAN_POINT('Ctrl Pts',(-6.8666537226873,7.29373055034308,5.58606056906153E-16));
#4245=CARTESIAN_POINT('Ctrl Pts',(-6.81735288656221,7.2519229635588,0.340973914669115));
#4246=CARTESIAN_POINT('Ctrl Pts',(-6.70086879240703,7.15665543429955,0.9817959569448));
#4247=CARTESIAN_POINT('Ctrl Pts',(-6.45896310961072,6.95196693306745,1.82007034361803));
#4248=CARTESIAN_POINT('Ctrl Pts',(-6.18393906586392,6.70014909158384,2.41291727274013));
#4249=CARTESIAN_POINT('Ctrl Pts',(-5.91747624305323,6.44225771351684,2.81839282371331));
#4250=CARTESIAN_POINT('Ctrl Pts',(-5.69795692169988,6.22406387476096,3.08635907308951));
#4251=CARTESIAN_POINT('Ctrl Pts',(-5.38755602148656,5.90940607340598,3.39348778125291));
#4252=CARTESIAN_POINT('Ctrl Pts',(-5.07083825919077,5.5828037489286,3.62271205889205));
#4253=CARTESIAN_POINT('Ctrl Pts',(-4.79610412203921,5.30099288157424,3.7686585447026));
#4254=CARTESIAN_POINT('Ctrl Pts',(-4.62196999325104,5.12484846297845,3.83510249511872));
#4255=CARTESIAN_POINT('Ctrl Pts',(-4.53235095601486,5.03674068020019,3.84999167511682));
#4256=CARTESIAN_POINT('Ctrl Pts',(-4.49463564647181,5.00041878070308,3.85));
#4257=CARTESIAN_POINT('Ctrl Pts',(-6.95353017665235,7.23049406298283,5.58144387969013E-16));
#4258=CARTESIAN_POINT('Ctrl Pts',(-6.90528423830212,7.18724444047905,0.340978771422865));
#4259=CARTESIAN_POINT('Ctrl Pts',(-6.79364277500594,7.09119827851538,0.981809132890189));
#4260=CARTESIAN_POINT('Ctrl Pts',(-6.56349911545602,6.89163367878588,1.82009159578622));
#4261=CARTESIAN_POINT('Ctrl Pts',(-6.2987226259296,6.648851917055,2.41294139767191));
#4262=CARTESIAN_POINT('Ctrl Pts',(-6.03909180911332,6.4007261222182,2.8184168158021));
#4263=CARTESIAN_POINT('Ctrl Pts',(-5.82381495960596,6.19070281954548,3.08638176621124));
#4264=CARTESIAN_POINT('Ctrl Pts',(-5.51778856301604,5.88754021423622,3.39350726936577));
#4265=CARTESIAN_POINT('Ctrl Pts',(-5.20375229555664,5.57180391552652,3.6227265477541));
#4266=CARTESIAN_POINT('Ctrl Pts',(-4.93074902149819,5.29768799788667,3.76866732149422));
#4267=CARTESIAN_POINT('Ctrl Pts',(-4.75758885877193,5.12494519325129,3.83510686234333));
#4268=CARTESIAN_POINT('Ctrl Pts',(-4.66839800077208,5.03717382650284,3.84999312224614));
#4269=CARTESIAN_POINT('Ctrl Pts',(-4.63079893473741,5.0005140343639,3.85000000000001));
#4270=CARTESIAN_POINT('Ctrl Pts',(-7.1076163962151,7.10121951053774,5.57623006777023E-16));
#4271=CARTESIAN_POINT('Ctrl Pts',(-7.06164192188652,7.05534638986759,0.340987998336182));
#4272=CARTESIAN_POINT('Ctrl Pts',(-6.95997930501362,6.95407040520029,0.981834184202584));
#4273=CARTESIAN_POINT('Ctrl Pts',(-6.75417966995547,6.74900471764249,1.82013204507589));
#4274=CARTESIAN_POINT('Ctrl Pts',(-6.51075016531179,6.50641122507474,2.41298734363237));
#4275=CARTESIAN_POINT('Ctrl Pts',(-6.26571136907181,6.26208753179506,2.81846251980118));
#4276=CARTESIAN_POINT('Ctrl Pts',(-6.05965330926811,6.05662890571823,3.0864249972486));
#4277=CARTESIAN_POINT('Ctrl Pts',(-5.76343929985883,5.76124034976679,3.39354438749313));
#4278=CARTESIAN_POINT('Ctrl Pts',(-5.45569464073949,5.45441937052512,3.62275412685239));
#4279=CARTESIAN_POINT('Ctrl Pts',(-5.18706175133382,5.18645246086472,3.7686840152808));
#4280=CARTESIAN_POINT('Ctrl Pts',(-5.01640126593638,5.01616275005196,3.83511516260982));
#4281=CARTESIAN_POINT('Ctrl Pts',(-4.92832908844148,4.92822672309663,3.84999587156108));
#4282=CARTESIAN_POINT('Ctrl Pts',(-4.89108447624671,4.89100696369418,3.85));
#4283=CARTESIAN_POINT('Ctrl Pts',(-7.23938841516478,6.94850959075791,5.57560698412638E-16));
#4284=CARTESIAN_POINT('Ctrl Pts',(-7.19607667557038,6.9004048895899,0.340996934113979));
#4285=CARTESIAN_POINT('Ctrl Pts',(-7.0997286869077,6.78905427051909,0.981858478911568));
#4286=CARTESIAN_POINT('Ctrl Pts',(-6.89903400087957,6.55948557356527,1.82017134675763));
#4287=CARTESIAN_POINT('Ctrl Pts',(-6.65503881671666,6.29525483079018,2.41303203613587));
#4288=CARTESIAN_POINT('Ctrl Pts',(-6.40570570193547,6.03618569622521,2.81850699605132));
#4289=CARTESIAN_POINT('Ctrl Pts',(-6.19474404057106,5.82136569675827,3.08646706960715));
#4290=CARTESIAN_POINT('Ctrl Pts',(-5.89026920285533,5.51601157777186,3.39358049820753));
#4291=CARTESIAN_POINT('Ctrl Pts',(-5.57340175527878,5.20261926452844,3.62278092772688));
#4292=CARTESIAN_POINT('Ctrl Pts',(-5.29835188908923,4.93018812761325,3.76870021626846));
#4293=CARTESIAN_POINT('Ctrl Pts',(-5.12515360011357,4.75734588515083,3.83512320684469));
#4294=CARTESIAN_POINT('Ctrl Pts',(-5.0372815629259,4.66827193976405,3.84999853421238));
#4295=CARTESIAN_POINT('Ctrl Pts',(-5.00061158047956,4.63071267487411,3.85));
#4296=CARTESIAN_POINT('Ctrl Pts',(-7.46879888885721,6.63278754158376,5.56302337101747E-16));
#4297=CARTESIAN_POINT('Ctrl Pts',(-7.43075520524659,6.58095563796374,0.341013344028165));
#4298=CARTESIAN_POINT('Ctrl Pts',(-7.33687540594579,6.45243641454315,0.981903122100566));
#4299=CARTESIAN_POINT('Ctrl Pts',(-7.1176334624461,6.18089092021238,1.82024362682226));
#4300=CARTESIAN_POINT('Ctrl Pts',(-6.84062315368729,5.88018024565301,2.41311427139398));
#4301=CARTESIAN_POINT('Ctrl Pts',(-6.55611955981247,5.59676069806991,2.81858884898105));
#4302=CARTESIAN_POINT('Ctrl Pts',(-6.31562916418937,5.36686559644447,3.08654450063758));
#4303=CARTESIAN_POINT('Ctrl Pts',(-5.96974753760265,5.0459845695399,3.39364694705269));
#4304=CARTESIAN_POINT('Ctrl Pts',(-5.61315019366051,4.72325727882946,3.62283022095519));
#4305=CARTESIAN_POINT('Ctrl Pts',(-5.3103535643016,4.44477057774478,3.7687299960472));
#4306=CARTESIAN_POINT('Ctrl Pts',(-5.12482794067206,4.26855373769183,3.83513798433613));
#4307=CARTESIAN_POINT('Ctrl Pts',(-5.03565863222727,4.17802641774053,3.8500034240614));
#4308=CARTESIAN_POINT('Ctrl Pts',(-5.000232895907,4.14007599392367,3.85));
#4309=CARTESIAN_POINT('Ctrl Pts',(-7.60159398201435,6.34184370622764,5.55750617844557E-16));
#4310=CARTESIAN_POINT('Ctrl Pts',(-7.56797174863498,6.28819691932805,0.3410246938587));
#4311=CARTESIAN_POINT('Ctrl Pts',(-7.47779613134911,6.150563081633,0.98193405630729));
#4312=CARTESIAN_POINT('Ctrl Pts',(-7.24995437021478,5.85708884517578,1.82029383565071));
#4313=CARTESIAN_POINT('Ctrl Pts',(-6.95390740198219,5.53868199812201,2.41317147950711));
#4314=CARTESIAN_POINT('Ctrl Pts',(-6.64816924972905,5.24499048882078,2.81864582311363));
#4315=CARTESIAN_POINT('Ctrl Pts',(-6.38946545047142,5.00968737135036,3.08659840131914));
#4316=CARTESIAN_POINT('Ctrl Pts',(-6.01777208272969,4.68469997601893,3.39369318191449));
#4317=CARTESIAN_POINT('Ctrl Pts',(-5.63607915984897,4.36161306664158,3.62286446934604));
#4318=CARTESIAN_POINT('Ctrl Pts',(-5.31630969174861,4.08388781462142,3.76875065031732));
#4319=CARTESIAN_POINT('Ctrl Pts',(-5.12372653903463,3.90825469804863,3.83514821504921));
#4320=CARTESIAN_POINT('Ctrl Pts',(-5.03448722497994,3.81802679849713,3.85000680626655));
#4321=CARTESIAN_POINT('Ctrl Pts',(-5.00031079833796,3.78028371312365,3.85));
#4322=CARTESIAN_POINT('Ctrl Pts',(-7.85313754311965,5.4906524735347,5.52132143678283E-16));
#4323=CARTESIAN_POINT('Ctrl Pts',(-7.82925077814134,5.43611966470986,0.341047059855013));
#4324=CARTESIAN_POINT('Ctrl Pts',(-7.7482686641723,5.29172685133959,0.981995091105139));
#4325=CARTESIAN_POINT('Ctrl Pts',(-7.50529537391079,4.98434660330693,1.82039306555156));
#4326=CARTESIAN_POINT('Ctrl Pts',(-7.17271978945992,4.66211914351831,2.4132846537196));
#4327=CARTESIAN_POINT('Ctrl Pts',(-6.82546462664139,4.37453650552251,2.81875857689093));
#4328=CARTESIAN_POINT('Ctrl Pts',(-6.53104113069511,4.14851022073982,3.0867050786351));
#4329=CARTESIAN_POINT('Ctrl Pts',(-6.10860304456187,3.84134649128488,3.39378465996173));
#4330=CARTESIAN_POINT('Ctrl Pts',(-5.67788682740608,3.5412477287128,3.62293216618184));
#4331=CARTESIAN_POINT('Ctrl Pts',(-5.32540440017563,3.28363928461879,3.76879142844727));
#4332=CARTESIAN_POINT('Ctrl Pts',(-5.11983691524842,3.11995352850566,3.83516838935829));
#4333=CARTESIAN_POINT('Ctrl Pts',(-5.0313753200231,3.03497069960521,3.85001347163101));
#4334=CARTESIAN_POINT('Ctrl Pts',(-5.00017186791622,2.99921439339339,3.85));
#4335=CARTESIAN_POINT('Ctrl Pts',(-8.04130298561312,4.29655615499931,5.93248644470169E-16));
#4336=CARTESIAN_POINT('Ctrl Pts',(-8.02809107899651,4.2449248119669,0.341068315258862));
#4337=CARTESIAN_POINT('Ctrl Pts',(-7.95975864885221,4.10955316501887,0.982053200659113));
#4338=CARTESIAN_POINT('Ctrl Pts',(-7.71054246152838,3.8295469514523,1.82048776929316));
#4339=CARTESIAN_POINT('Ctrl Pts',(-7.35075787320928,3.54661555612559,2.41339282017645));
#4340=CARTESIAN_POINT('Ctrl Pts',(-6.97001432452406,3.30136361668438,2.81886640034736));
#4341=CARTESIAN_POINT('Ctrl Pts',(-6.64595532561209,3.11176375691378,3.08680709965139));
#4342=CARTESIAN_POINT('Ctrl Pts',(-6.18075461211951,2.85746735259791,3.39387210704503));
#4343=CARTESIAN_POINT('Ctrl Pts',(-5.7082795093969,2.61193939940634,3.6229967893853));
#4344=CARTESIAN_POINT('Ctrl Pts',(-5.32896270270612,2.39925940646843,3.76883028856867));
#4345=CARTESIAN_POINT('Ctrl Pts',(-5.11387136887907,2.26188566802485,3.83518758089375));
#4346=CARTESIAN_POINT('Ctrl Pts',(-5.02773188006217,2.18832535026538,3.85001980655976));
#4347=CARTESIAN_POINT('Ctrl Pts',(-5.00006491440348,2.15665312173775,3.85));
#4348=CARTESIAN_POINT('Ctrl Pts',(-8.11251052685879,2.70840004732417,6.0538459290839E-16));
#4349=CARTESIAN_POINT('Ctrl Pts',(-8.10713723100395,2.67052262400755,0.341081487165413));
#4350=CARTESIAN_POINT('Ctrl Pts',(-8.05017559873529,2.57524410363509,0.98208930624234));
#4351=CARTESIAN_POINT('Ctrl Pts',(-7.80433665946901,2.38703151565473,1.82054681949254));
#4352=CARTESIAN_POINT('Ctrl Pts',(-7.43448134030113,2.20288728472265,2.41346040412434));
#4353=CARTESIAN_POINT('Ctrl Pts',(-7.03828723374384,2.04628417770891,2.81893382353332));
#4354=CARTESIAN_POINT('Ctrl Pts',(-6.69971482216177,1.92638526090549,3.08687090271519));
#4355=CARTESIAN_POINT('Ctrl Pts',(-6.21285720978428,1.76657206848067,3.3939267627585));
#4356=CARTESIAN_POINT('Ctrl Pts',(-5.71891925335649,1.61257064517808,3.62303709999307));
#4357=CARTESIAN_POINT('Ctrl Pts',(-5.3267266872908,1.47663417333914,3.7688544698846));
#4358=CARTESIAN_POINT('Ctrl Pts',(-5.10822299123616,1.38666108017211,3.835199493167));
#4359=CARTESIAN_POINT('Ctrl Pts',(-5.02492574018922,1.33641632866687,3.85002373361285));
#4360=CARTESIAN_POINT('Ctrl Pts',(-5.00006203937719,1.31408217956955,3.85));
#4361=CARTESIAN_POINT('Ctrl Pts',(-8.1444379143163,1.25246235350124,6.50721341486296E-16));
#4362=CARTESIAN_POINT('Ctrl Pts',(-8.14318523926072,1.23228911701704,0.34108827869253));
#4363=CARTESIAN_POINT('Ctrl Pts',(-8.09237583695311,1.18378878449613,0.982107933855401));
#4364=CARTESIAN_POINT('Ctrl Pts',(-7.84905772501477,1.09272876756446,1.82057730948597));
#4365=CARTESIAN_POINT('Ctrl Pts',(-7.47476387573886,1.00658976598006,2.41349531739989));
#4366=CARTESIAN_POINT('Ctrl Pts',(-7.07123022503595,0.934684186117379,2.81896866082364));
#4367=CARTESIAN_POINT('Ctrl Pts',(-6.72562379524932,0.880124348980331,3.08690387126044));
#4368=CARTESIAN_POINT('Ctrl Pts',(-6.22816982808243,0.807766531620649,3.39395500212085));
#4369=CARTESIAN_POINT('Ctrl Pts',(-5.72362620845025,0.737972294783891,3.62305791978214));
#4370=CARTESIAN_POINT('Ctrl Pts',(-5.32518423201289,0.674860260482797,3.76886695333604));
#4371=CARTESIAN_POINT('Ctrl Pts',(-5.10514857416812,0.631872720208225,3.83520563985785));
#4372=CARTESIAN_POINT('Ctrl Pts',(-5.02341758187301,0.606743635763793,3.85002575947945));
#4373=CARTESIAN_POINT('Ctrl Pts',(-5.00003901042429,0.595204093694599,3.85));
#4374=CARTESIAN_POINT('Ctrl Pts',(-8.15296140587408,0.626246848656658,6.702869589266E-16));
#4375=CARTESIAN_POINT('Ctrl Pts',(-8.15266366082874,0.615149025869021,0.341089789583022));
#4376=CARTESIAN_POINT('Ctrl Pts',(-8.10322891984374,0.589447760063991,0.982112083364272));
#4377=CARTESIAN_POINT('Ctrl Pts',(-7.86028976672677,0.543215740003354,1.82058411346003));
#4378=CARTESIAN_POINT('Ctrl Pts',(-7.48475718264721,0.500649653462703,2.41350311664819));
#4379=CARTESIAN_POINT('Ctrl Pts',(-7.07934811390448,0.465591070971515,2.81897644650984));
#4380=CARTESIAN_POINT('Ctrl Pts',(-6.73198928671464,0.439148123650147,3.08691124015508));
#4381=CARTESIAN_POINT('Ctrl Pts',(-6.23192947408807,0.404164907973419,3.39396131275945));
#4382=CARTESIAN_POINT('Ctrl Pts',(-5.72482057455086,0.370300158530615,3.62306256861194));
#4383=CARTESIAN_POINT('Ctrl Pts',(-5.3248557272113,0.338972532930944,3.76886973794379));
#4384=CARTESIAN_POINT('Ctrl Pts',(-5.10443584867256,0.317099153473975,3.83520700953921));
#4385=CARTESIAN_POINT('Ctrl Pts',(-5.02306932910401,0.303834629640717,3.85002621067638));
#4386=CARTESIAN_POINT('Ctrl Pts',(-5.0000403884005,0.297590955572423,3.85));
#4387=CARTESIAN_POINT('Ctrl Pts',(-8.15823082829852,-1.42385755660607,7.37880282988902E-16));
#4388=CARTESIAN_POINT('Ctrl Pts',(-8.157682157274,-1.39862508682235,0.341089801577947));
#4389=CARTESIAN_POINT('Ctrl Pts',(-8.10774176949356,-1.3401919951752,0.982112116557004));
#4390=CARTESIAN_POINT('Ctrl Pts',(-7.86405089709611,-1.23507918687509,1.82058416925681));
#4391=CARTESIAN_POINT('Ctrl Pts',(-7.48788921862967,-1.1383029641405,2.41350318294068));
#4392=CARTESIAN_POINT('Ctrl Pts',(-7.08198117106747,-1.05859366386412,2.81897651578603));
#4393=CARTESIAN_POINT('Ctrl Pts',(-6.73424715448105,-0.998473305367271,
3.08691130886056));
#4394=CARTESIAN_POINT('Ctrl Pts',(-6.23368839294202,-0.918935248379147,
3.39396137682324));
#4395=CARTESIAN_POINT('Ctrl Pts',(-5.72607415343568,-0.841942624210035,
3.62306262200877));
#4396=CARTESIAN_POINT('Ctrl Pts',(-5.3256087150408,-0.770715837461608,3.76886977424017));
#4397=CARTESIAN_POINT('Ctrl Pts',(-5.10481217210128,-0.720984500389397,
3.83520702969142));
#4398=CARTESIAN_POINT('Ctrl Pts',(-5.02319361629057,-0.690826404699526,
3.85002621778522));
#4399=CARTESIAN_POINT('Ctrl Pts',(-5.00003921260492,-0.67663053556515,3.85));
#4400=CARTESIAN_POINT('Ctrl Pts',(-8.12615180184783,-2.84811605560574,7.23216883056398E-16));
#4401=CARTESIAN_POINT('Ctrl Pts',(-8.12025569303538,-2.80810735747317,0.34108202465101));
#4402=CARTESIAN_POINT('Ctrl Pts',(-8.06228384413686,-2.7062181477833,0.982090758033208));
#4403=CARTESIAN_POINT('Ctrl Pts',(-7.81490057060425,-2.50314853294361,1.82054914982324));
#4404=CARTESIAN_POINT('Ctrl Pts',(-7.44357386240024,-2.30427704505791,2.41346304662602));
#4405=CARTESIAN_POINT('Ctrl Pts',(-7.04603991363718,-2.13551624535082,2.81893645740092));
#4406=CARTESIAN_POINT('Ctrl Pts',(-6.70638150678079,-2.00655016576931,3.08687340319414));
#4407=CARTESIAN_POINT('Ctrl Pts',(-6.21799023603299,-1.8350205153135,3.3939289285406));
#4408=CARTESIAN_POINT('Ctrl Pts',(-5.72244409733344,-1.6702844144158,3.62303873464743));
#4409=CARTESIAN_POINT('Ctrl Pts',(-5.32873529528566,-1.52541555259221,3.76885547717124));
#4410=CARTESIAN_POINT('Ctrl Pts',(-5.10917129375297,-1.42985226351193,3.83520000330601));
#4411=CARTESIAN_POINT('Ctrl Pts',(-5.02523230602149,-1.3767682690694,3.85002390439565));
#4412=CARTESIAN_POINT('Ctrl Pts',(-5.00006477721322,-1.35327714343624,3.85));
#4413=CARTESIAN_POINT('Ctrl Pts',(-7.9314157246936,-5.23166196430794,8.33852778715793E-16));
#4414=CARTESIAN_POINT('Ctrl Pts',(-7.91042959993795,-5.17594861411509,0.341054780918668));
#4415=CARTESIAN_POINT('Ctrl Pts',(-7.83243838818923,-5.02788448342889,0.9820161825723));
#4416=CARTESIAN_POINT('Ctrl Pts',(-7.58563785297573,-4.71460304515579,1.82042740840598));
#4417=CARTESIAN_POINT('Ctrl Pts',(-7.24237592004518,-4.39060575079579,2.41332386988405));
#4418=CARTESIAN_POINT('Ctrl Pts',(-6.88249285431834,-4.10488037767228,2.81879768159295));
#4419=CARTESIAN_POINT('Ctrl Pts',(-6.57699607641492,-3.8818719279191,3.08674209984722));
#4420=CARTESIAN_POINT('Ctrl Pts',(-6.13860547423942,-3.58055581440619,3.3938164348767));
#4421=CARTESIAN_POINT('Ctrl Pts',(-5.69215274666138,-3.28788422741707,3.62295570420866));
#4422=CARTESIAN_POINT('Ctrl Pts',(-5.32897928691712,-3.03629795957895,3.76880562237139));
#4423=CARTESIAN_POINT('Ctrl Pts',(-5.11898794611407,-2.87578045660393,3.83517542008493));
#4424=CARTESIAN_POINT('Ctrl Pts',(-5.03052017293123,-2.79176029644536,3.85001579648095));
#4425=CARTESIAN_POINT('Ctrl Pts',(-5.00011972217797,-2.75620608882903,3.85));
#4426=CARTESIAN_POINT('Ctrl Pts',(-7.73010936131051,-6.13066092445367,9.04604891742966E-16));
#4427=CARTESIAN_POINT('Ctrl Pts',(-7.69908696515489,-6.07511474174298,0.341034498268245));
#4428=CARTESIAN_POINT('Ctrl Pts',(-7.61009796485621,-5.92830148780064,0.981960743096904));
#4429=CARTESIAN_POINT('Ctrl Pts',(-7.37252958136724,-5.61232824328206,1.8203370814195));
#4430=CARTESIAN_POINT('Ctrl Pts',(-7.05875918908655,-5.27474364237598,2.41322072360618));
#4431=CARTESIAN_POINT('Ctrl Pts',(-6.73380411095667,-4.96871386379474,2.81869487588168));
#4432=CARTESIAN_POINT('Ctrl Pts',(-6.45880320109576,-4.72606281255212,3.08664483466064));
#4433=CARTESIAN_POINT('Ctrl Pts',(-6.06405460207352,-4.39395937544344,3.39373307187688));
#4434=CARTESIAN_POINT('Ctrl Pts',(-5.65993746486864,-4.06725806353054,3.62289410293937));
#4435=CARTESIAN_POINT('Ctrl Pts',(-5.32422342527417,-3.78753303795857,3.76876858166718));
#4436=CARTESIAN_POINT('Ctrl Pts',(-5.12430913961636,-3.61086645307317,3.8351571284335));
#4437=CARTESIAN_POINT('Ctrl Pts',(-5.03396469549002,-3.52024022888282,3.85000975899137));
#4438=CARTESIAN_POINT('Ctrl Pts',(-5.00026674938811,-3.48244716847073,3.85000000000001));
#4439=CARTESIAN_POINT('Ctrl Pts',(-7.38048813398017,-6.74010077632347,9.02631619843073E-16));
#4440=CARTESIAN_POINT('Ctrl Pts',(-7.34011219117171,-6.68958807083627,0.341007895421889));
#4441=CARTESIAN_POINT('Ctrl Pts',(-7.24519068180164,-6.56690767386518,0.981888303624217));
#4442=CARTESIAN_POINT('Ctrl Pts',(-7.03389500080327,-6.309420268876,1.82021965451884));
#4443=CARTESIAN_POINT('Ctrl Pts',(-6.77040899334838,-6.02084321789125,2.41308703167715));
#4444=CARTESIAN_POINT('Ctrl Pts',(-6.49990158425817,-5.74547785026212,2.81856177633537));
#4445=CARTESIAN_POINT('Ctrl Pts',(-6.27096957229046,-5.52054705223561,3.08651892801591));
#4446=CARTESIAN_POINT('Ctrl Pts',(-5.94106345141519,-5.2047518736155,3.39362505923979));
#4447=CARTESIAN_POINT('Ctrl Pts',(-5.59945579496515,-4.88505860118854,3.62281404793683));
#4448=CARTESIAN_POINT('Ctrl Pts',(-5.30683946530572,-4.60857019479689,3.76872026917499));
#4449=CARTESIAN_POINT('Ctrl Pts',(-5.12558814856437,-4.43350484252807,3.83513318091589));
#4450=CARTESIAN_POINT('Ctrl Pts',(-5.0365342417233,-4.34351369228847,3.85000183943073));
#4451=CARTESIAN_POINT('Ctrl Pts',(-5.00041500570445,-4.30572853189076,3.85000000000001));
#4452=CARTESIAN_POINT('Ctrl Pts',(-7.33797743506589,-6.80723275917766,9.04336308491559E-16));
#4453=CARTESIAN_POINT('Ctrl Pts',(-7.29653040209217,-6.75738998620308,0.341004701421873));
#4454=CARTESIAN_POINT('Ctrl Pts',(-7.20103090054157,-6.63784041888133,0.981879610122618));
#4455=CARTESIAN_POINT('Ctrl Pts',(-6.9929641791629,-6.38796570656394,1.82020557023071));
#4456=CARTESIAN_POINT('Ctrl Pts',(-6.73557720437634,-6.10589412633989,2.41307100205034));
#4457=CARTESIAN_POINT('Ctrl Pts',(-6.47158762789531,-5.8347482896027,2.81854581981673));
#4458=CARTESIAN_POINT('Ctrl Pts',(-6.24817869318482,-5.61235464735588,3.08650383408436));
#4459=CARTESIAN_POINT('Ctrl Pts',(-5.92602808345706,-5.29905713038961,3.39361210906913));
#4460=CARTESIAN_POINT('Ctrl Pts',(-5.59197964338797,-4.980701001201,3.62280444645119));
#4461=CARTESIAN_POINT('Ctrl Pts',(-5.30455866171343,-4.70500412535714,3.76871447234759));
#4462=CARTESIAN_POINT('Ctrl Pts',(-5.12559632865757,-4.53036994570246,3.83513030631938));
#4463=CARTESIAN_POINT('Ctrl Pts',(-5.03675515250657,-4.4405633584815,3.85000088857948));
#4464=CARTESIAN_POINT('Ctrl Pts',(-5.00037115205267,-4.40281926864803,3.85000000000001));
#4465=CARTESIAN_POINT('Ctrl Pts',(-7.2331518972451,-6.95510576346878,9.10474990552887E-16));
#4466=CARTESIAN_POINT('Ctrl Pts',(-7.18928708212425,-6.90699293247715,0.340997084198206));
#4467=CARTESIAN_POINT('Ctrl Pts',(-7.09250746937354,-6.79539305136293,0.98185888728206));
#4468=CARTESIAN_POINT('Ctrl Pts',(-6.89282191290614,-6.56483988008317,1.82017201886495));
#4469=CARTESIAN_POINT('Ctrl Pts',(-6.65040639383698,-6.29953225331534,2.41303283105909));
#4470=CARTESIAN_POINT('Ctrl Pts',(-6.40255158626538,-6.03951567728468,2.81850782841623));
#4471=CARTESIAN_POINT('Ctrl Pts',(-6.19268349734893,-5.82399366240121,3.08646789716927));
#4472=CARTESIAN_POINT('Ctrl Pts',(-5.88957984169561,-5.51773221195255,3.39358127249168));
#4473=CARTESIAN_POINT('Ctrl Pts',(-5.57367868383574,-5.20359398282152,3.62278157497495));
#4474=CARTESIAN_POINT('Ctrl Pts',(-5.29904074091194,-4.93060254579042,3.76870065748954));
#4475=CARTESIAN_POINT('Ctrl Pts',(-5.12574529422795,-4.75748763885112,3.83512345241506));
#4476=CARTESIAN_POINT('Ctrl Pts',(-5.0374843881142,-4.66834954632393,3.84999862091499));
#4477=CARTESIAN_POINT('Ctrl Pts',(-5.00053722264715,-4.6307862829268,3.85000000000001));
#4478=CARTESIAN_POINT('Ctrl Pts',(-7.10504064170746,-7.10978060688183,9.21871879145708E-16));
#4479=CARTESIAN_POINT('Ctrl Pts',(-7.0585503226647,-7.06389698113965,0.340988156399691));
#4480=CARTESIAN_POINT('Ctrl Pts',(-6.95643966996609,-6.9622132906575,0.981834614070685));
#4481=CARTESIAN_POINT('Ctrl Pts',(-6.75107259648147,-6.75589528240844,1.8201327521775));
#4482=CARTESIAN_POINT('Ctrl Pts',(-6.50861139187466,-6.51186507233105,2.412988179989));
#4483=CARTESIAN_POINT('Ctrl Pts',(-6.26441980012605,-6.26637572948231,2.81846339582238));
#4484=CARTESIAN_POINT('Ctrl Pts',(-6.0590049870628,-6.0600321509533,3.08642586849003));
#4485=CARTESIAN_POINT('Ctrl Pts',(-5.76355648915874,-5.7635295416403,3.393545203056));
#4486=CARTESIAN_POINT('Ctrl Pts',(-5.45640392071669,-5.4556605325705,3.62275480901811));
#4487=CARTESIAN_POINT('Ctrl Pts',(-5.18785060643691,-5.18699314570973,3.76868448055994));
#4488=CARTESIAN_POINT('Ctrl Pts',(-5.01697041825348,-5.0163426351746,3.83511542169005));
#4489=CARTESIAN_POINT('Ctrl Pts',(-4.92852783899355,-4.92829831629547,3.84999596305424));
#4490=CARTESIAN_POINT('Ctrl Pts',(-4.89102467696352,-4.89107334258782,3.85000000000001));
#4491=CARTESIAN_POINT('Ctrl Pts',(-6.95315459812505,-7.23982308561012,9.36105842089656E-16));
#4492=CARTESIAN_POINT('Ctrl Pts',(-6.90443446212418,-7.19655975408307,0.340978937143716));
#4493=CARTESIAN_POINT('Ctrl Pts',(-6.79223831365724,-7.10019137138732,0.981809583368137));
#4494=CARTESIAN_POINT('Ctrl Pts',(-6.56221466790594,-6.89922430669302,1.82009233640083));
#4495=CARTESIAN_POINT('Ctrl Pts',(-6.29796672901849,-6.65493410641059,2.41294227371634));
#4496=CARTESIAN_POINT('Ctrl Pts',(-6.03887810963031,-6.40544165102095,2.81841773367128));
#4497=CARTESIAN_POINT('Ctrl Pts',(-5.82399950448457,-6.19441305541522,3.08638267935306));
#4498=CARTESIAN_POINT('Ctrl Pts',(-5.51845217421082,-5.88993841910355,3.39350812457074));
#4499=CARTESIAN_POINT('Ctrl Pts',(-5.20466598843036,-5.57317265903157,3.62272726349671));
#4500=CARTESIAN_POINT('Ctrl Pts',(-4.93158852020216,-5.29824843661301,3.76866780993431));
#4501=CARTESIAN_POINT('Ctrl Pts',(-4.7581393656311,-5.12511874094416,3.83510713444207));
#4502=CARTESIAN_POINT('Ctrl Pts',(-4.66856959905059,-5.03726391123579,3.84999321835776));
#4503=CARTESIAN_POINT('Ctrl Pts',(-4.630732829869,-5.00059727789268,3.85000000000001));
#4504=CARTESIAN_POINT('Ctrl Pts',(-6.68767722498007,-7.4303914636877,9.60569420733736E-16));
#4505=CARTESIAN_POINT('Ctrl Pts',(-6.6358188913553,-7.39150531227759,0.340964187022169));
#4506=CARTESIAN_POINT('Ctrl Pts',(-6.50909556585234,-7.29727805483995,0.981769567320216));
#4507=CARTESIAN_POINT('Ctrl Pts',(-6.24350796684781,-7.08107164705451,1.82002779282648));
#4508=CARTESIAN_POINT('Ctrl Pts',(-5.9483072868434,-6.80947267609453,2.4128690080001));
#4509=CARTESIAN_POINT('Ctrl Pts',(-5.66854490885598,-6.5307652142997,2.8183448750781));
#4510=CARTESIAN_POINT('Ctrl Pts',(-5.4408546701402,-6.29518017088993,3.08631376902698));
#4511=CARTESIAN_POINT('Ctrl Pts',(-5.12210303248189,-5.95622472668417,3.39344895230521));
#4512=CARTESIAN_POINT('Ctrl Pts',(-4.80035353917512,-5.60637266487312,3.62268327695023));
#4513=CARTESIAN_POINT('Ctrl Pts',(-4.52213212118151,-5.30829775535038,3.76864116896237));
#4514=CARTESIAN_POINT('Ctrl Pts',(-4.34582864967861,-5.12487475743222,3.83509388053532));
#4515=CARTESIAN_POINT('Ctrl Pts',(-4.25504202235715,-5.03592567284455,3.849988826998));
#4516=CARTESIAN_POINT('Ctrl Pts',(-4.21688603879027,-5.00028309704764,3.85000000000001));
#4517=CARTESIAN_POINT('Ctrl Pts',(-6.46868535111799,-7.53848380709178,9.59821122218114E-16));
#4518=CARTESIAN_POINT('Ctrl Pts',(-6.41525342786813,-7.50293729477902,0.340953843290682));
#4519=CARTESIAN_POINT('Ctrl Pts',(-6.2807836863326,-7.41132276711664,0.981741551084188));
#4520=CARTESIAN_POINT('Ctrl Pts',(-5.99645530075714,-7.18785817563416,1.81998270403966));
#4521=CARTESIAN_POINT('Ctrl Pts',(-5.68580454152818,-6.90083055289078,2.41281789360097));
#4522=CARTESIAN_POINT('Ctrl Pts',(-5.39668884549096,-6.60504862912959,2.81829407034867));
#4523=CARTESIAN_POINT('Ctrl Pts',(-5.16380096566917,-6.35485290540866,3.0862657208488));
#4524=CARTESIAN_POINT('Ctrl Pts',(-4.84061162167415,-5.99521749176992,3.39340767680693));
#4525=CARTESIAN_POINT('Ctrl Pts',(-4.51751394170618,-5.62524687612904,3.6226525537948));
#4526=CARTESIAN_POINT('Ctrl Pts',(-4.23905130825412,-5.3134741430075,3.76862253156953));
#4527=CARTESIAN_POINT('Ctrl Pts',(-4.06271973919827,-5.12425205266164,3.83508459345336));
#4528=CARTESIAN_POINT('Ctrl Pts',(-3.97195716916664,-5.03509266181467,3.84998574742148));
#4529=CARTESIAN_POINT('Ctrl Pts',(-3.93389068633112,-5.00035920635842,3.85000000000001));
#4530=CARTESIAN_POINT('Ctrl Pts',(-5.37653521568125,-7.93255756818242,1.03330751972971E-15));
#4531=CARTESIAN_POINT('Ctrl Pts',(-5.32009492543668,-7.91058585756667,0.340912803315863));
#4532=CARTESIAN_POINT('Ctrl Pts',(-5.16868912899951,-7.83061534501075,0.981630629074767));
#4533=CARTESIAN_POINT('Ctrl Pts',(-4.84571975453568,-7.58131616294261,1.81980470515044));
#4534=CARTESIAN_POINT('Ctrl Pts',(-4.51038440298654,-7.23720766020923,2.41261645755282));
#4535=CARTESIAN_POINT('Ctrl Pts',(-4.21420238543178,-6.87766353206364,2.8180939880153));
#4536=CARTESIAN_POINT('Ctrl Pts',(-3.98289724422925,-6.57292692547892,3.08607651231592));
#4537=CARTESIAN_POINT('Ctrl Pts',(-3.67033007599007,-6.13607122740775,3.39324504881701));
#4538=CARTESIAN_POINT('Ctrl Pts',(-3.36692743074906,-5.69156514025795,3.62253129271547));
#4539=CARTESIAN_POINT('Ctrl Pts',(-3.1069642063243,-5.32954338313796,3.76854881844338));
#4540=CARTESIAN_POINT('Ctrl Pts',(-2.94176953873095,-5.11977781856559,3.83504778443866));
#4541=CARTESIAN_POINT('Ctrl Pts',(-2.855936946435,-5.03091980225082,3.84997352856355));
#4542=CARTESIAN_POINT('Ctrl Pts',(-2.81984206332155,-5.0001777030216,3.85));
#4543=CARTESIAN_POINT('Ctrl Pts',(-4.02717244778757,-8.06578989721947,1.16305973866323E-15));
#4544=CARTESIAN_POINT('Ctrl Pts',(-3.97546832980404,-8.05488168341159,0.340881487326276));
#4545=CARTESIAN_POINT('Ctrl Pts',(-3.84228425208917,-7.98985026729031,0.981546501202849));
#4546=CARTESIAN_POINT('Ctrl Pts',(-3.57204682663151,-7.74126359017438,1.81967082918282));
#4547=CARTESIAN_POINT('Ctrl Pts',(-3.30255600836061,-7.37794333442866,2.41246571957983));
#4548=CARTESIAN_POINT('Ctrl Pts',(-3.07074110056395,-6.99209393809491,2.81794455484971));
#4549=CARTESIAN_POINT('Ctrl Pts',(-2.89222489861077,-6.66332972431609,3.08593523927336));
#4550=CARTESIAN_POINT('Ctrl Pts',(-2.65339964615629,-6.19120230043202,3.39312342611402));
#4551=CARTESIAN_POINT('Ctrl Pts',(-2.4230347699338,-5.7119594137115,3.62244014702396));
#4552=CARTESIAN_POINT('Ctrl Pts',(-2.22210361830677,-5.32854668761515,3.76849307715571));
#4553=CARTESIAN_POINT('Ctrl Pts',(-2.09112315466129,-5.11229241953301,3.83501978078313));
#4554=CARTESIAN_POINT('Ctrl Pts',(-2.01984454294929,-5.02693009996875,3.8499642042366));
#4555=CARTESIAN_POINT('Ctrl Pts',(-1.98876775634372,-5.00006900037493,3.85));
#4556=CARTESIAN_POINT('Ctrl Pts',(-1.62954426980457,-8.14090984631961,1.27585582781518E-15));
#4557=CARTESIAN_POINT('Ctrl Pts',(-1.60381400078881,-8.1387474714999,0.340841152185591));
#4558=CARTESIAN_POINT('Ctrl Pts',(-1.54134341592458,-8.0865351377329,0.981439596096903));
#4559=CARTESIAN_POINT('Ctrl Pts',(-1.42277491619895,-7.84226781113475,1.81950391702485));
#4560=CARTESIAN_POINT('Ctrl Pts',(-1.30986001624811,-7.46835026743661,2.41227998575557));
#4561=CARTESIAN_POINT('Ctrl Pts',(-1.21529046616306,-7.06585543747072,2.8177612726293));
#4562=CARTESIAN_POINT('Ctrl Pts',(-1.14343407582503,-6.72135725561666,3.08576207895741));
#4563=CARTESIAN_POINT('Ctrl Pts',(-1.04809357025739,-6.22568524752008,3.39297378465012));
#4564=CARTESIAN_POINT('Ctrl Pts',(-0.956254236839563,-5.72304908216935,
3.62232667607723));
#4565=CARTESIAN_POINT('Ctrl Pts',(-0.873763764895355,-5.32570690094821,
3.76842271984544));
#4566=CARTESIAN_POINT('Ctrl Pts',(-0.817995571574252,-5.10587541095342,
3.8349839515015));
#4567=CARTESIAN_POINT('Ctrl Pts',(-0.785766393422082,-5.02375806739166,
3.84995219349788));
#4568=CARTESIAN_POINT('Ctrl Pts',(-0.771083667570411,-5.00004194862663,
3.85));
#4569=CARTESIAN_POINT('Ctrl Pts',(-0.814876051373503,-8.15408616811477,
1.3175360858364E-15));
#4570=CARTESIAN_POINT('Ctrl Pts',(-0.800205381966315,-8.15359798525098,
0.340829164612296));
#4571=CARTESIAN_POINT('Ctrl Pts',(-0.766332348848235,-8.10381376443904,
0.98140806801764));
#4572=CARTESIAN_POINT('Ctrl Pts',(-0.705613075672973,-7.86035331233172,
1.8194552387321));
#4573=CARTESIAN_POINT('Ctrl Pts',(-0.649825016750718,-7.48447137258915,
2.41222620052631));
#4574=CARTESIAN_POINT('Ctrl Pts',(-0.603926715078855,-7.07892551173807,
2.81770834559894));
#4575=CARTESIAN_POINT('Ctrl Pts',(-0.56932989192186,-6.73155416339639,3.08571209487512));
#4576=CARTESIAN_POINT('Ctrl Pts',(-0.523585316231227,-6.23160355392536,
3.39293048935755));
#4577=CARTESIAN_POINT('Ctrl Pts',(-0.47933838442812,-5.72474461998257,3.62229361229993));
#4578=CARTESIAN_POINT('Ctrl Pts',(-0.438435293679868,-5.32495821147433,
3.76840205134716));
#4579=CARTESIAN_POINT('Ctrl Pts',(-0.409890444580207,-5.10457200421932,
3.83497334332886));
#4580=CARTESIAN_POINT('Ctrl Pts',(-0.3925894807565,-5.02313157956087,3.84994862375371));
#4581=CARTESIAN_POINT('Ctrl Pts',(-0.384448129566486,-5.00003858174608,
3.85));
#4582=CARTESIAN_POINT('Ctrl Pts',(1.08469730632193,-8.15585930156332,1.43254427044333E-15));
#4583=CARTESIAN_POINT('Ctrl Pts',(1.06561912804573,-8.15528668375575,0.340804185136702));
#4584=CARTESIAN_POINT('Ctrl Pts',(1.02137608128405,-8.1053331096334,0.981343152706234));
#4585=CARTESIAN_POINT('Ctrl Pts',(0.941656642581551,-7.86161965856013,1.81935677828436));
#4586=CARTESIAN_POINT('Ctrl Pts',(0.868176991307334,-7.48552656341343,2.41211865903884));
#4587=CARTESIAN_POINT('Ctrl Pts',(0.807614173489138,-7.07981238430528,2.81760300785965));
#4588=CARTESIAN_POINT('Ctrl Pts',(0.761913873992988,-6.73231466460128,3.08561268039586));
#4589=CARTESIAN_POINT('Ctrl Pts',(0.701425534079961,-6.23219573479702,3.39284404803539));
#4590=CARTESIAN_POINT('Ctrl Pts',(0.642828159146073,-5.72516757424524,3.62222682966828));
#4591=CARTESIAN_POINT('Ctrl Pts',(0.588571460765271,-5.32521256128112,3.76835975757507));
#4592=CARTESIAN_POINT('Ctrl Pts',(0.550660770370086,-5.10469970773772,3.83495136744487));
#4593=CARTESIAN_POINT('Ctrl Pts',(0.527649630777312,-5.02317470484132,3.84994118473002));
#4594=CARTESIAN_POINT('Ctrl Pts',(0.516811921626319,-5.00003948955464,3.85));
#4595=CARTESIAN_POINT('Ctrl Pts',(2.16980949845678,-8.13486979183405,1.52997659185515E-15));
#4596=CARTESIAN_POINT('Ctrl Pts',(2.13750566998012,-8.13123874390485,0.34078767391157));
#4597=CARTESIAN_POINT('Ctrl Pts',(2.05731058918097,-8.07678038181653,0.981299580405186));
#4598=CARTESIAN_POINT('Ctrl Pts',(1.90150470466297,-7.83129577927063,1.8192891742776));
#4599=CARTESIAN_POINT('Ctrl Pts',(1.75110073441365,-7.45838076307324,2.41204373053801));
#4600=CARTESIAN_POINT('Ctrl Pts',(1.62431463743369,-7.05782829505639,2.81752918501279));
#4601=CARTESIAN_POINT('Ctrl Pts',(1.52769705894424,-6.7152387624796,3.0855429508386));
#4602=CARTESIAN_POINT('Ctrl Pts',(1.39932191160257,-6.22246068177697,3.39278371160868));
#4603=CARTESIAN_POINT('Ctrl Pts',(1.27576751999165,-5.72268217348324,3.62218089426788));
#4604=CARTESIAN_POINT('Ctrl Pts',(1.16576886273947,-5.32684041260355,3.76833114356598));
#4605=CARTESIAN_POINT('Ctrl Pts',(1.09216534824782,-5.10715611371078,3.83493673039238));
#4606=CARTESIAN_POINT('Ctrl Pts',(1.05032077962012,-5.02433588344005,3.8499362672067));
#4607=CARTESIAN_POINT('Ctrl Pts',(1.03148187510468,-5.00005081426241,3.85));
#4608=CARTESIAN_POINT('Ctrl Pts',(4.51857348757842,-8.01963146151203,1.6688535599578E-15));
#4609=CARTESIAN_POINT('Ctrl Pts',(4.46521542278558,-8.00465364221506,0.340744384364408));
#4610=CARTESIAN_POINT('Ctrl Pts',(4.32537485301081,-7.93417225587307,0.981184346232114));
#4611=CARTESIAN_POINT('Ctrl Pts',(4.035617428481,-7.68538157855783,1.81910814662098));
#4612=CARTESIAN_POINT('Ctrl Pts',(3.74188663738148,-7.32895954362469,2.41184151729885));
#4613=CARTESIAN_POINT('Ctrl Pts',(3.48653576388008,-6.95246402333563,2.81732934427574));
#4614=CARTESIAN_POINT('Ctrl Pts',(3.28879095684083,-6.63219918499988,3.08535410885802));
#4615=CARTESIAN_POINT('Ctrl Pts',(3.02318466466746,-6.17249550104864,3.39262072297752));
#4616=CARTESIAN_POINT('Ctrl Pts',(2.76635734667591,-5.70538771089369,3.62205777160755));
#4617=CARTESIAN_POINT('Ctrl Pts',(2.5439380882067,-5.32932825109537,3.76825513543047));
#4618=CARTESIAN_POINT('Ctrl Pts',(2.40039941410134,-5.11517159688333,3.83489818762244));
#4619=CARTESIAN_POINT('Ctrl Pts',(2.32366811328249,-5.02841236235574,3.84992337362025));
#4620=CARTESIAN_POINT('Ctrl Pts',(2.29066622185863,-5.00009048091894,3.85));
#4621=CARTESIAN_POINT('Ctrl Pts',(5.62404465606337,-7.86871958003777,1.67699835991647E-15));
#4622=CARTESIAN_POINT('Ctrl Pts',(5.56790587439855,-7.84372779863926,0.340716313859006));
#4623=CARTESIAN_POINT('Ctrl Pts',(5.41789060757153,-7.76069661549732,0.9811088299096));
#4624=CARTESIAN_POINT('Ctrl Pts',(5.09677180316669,-7.51500789892965,1.81898774335869));
#4625=CARTESIAN_POINT('Ctrl Pts',(4.76027623172616,-7.1805446642548,2.41170579458665));
#4626=CARTESIAN_POINT('Ctrl Pts',(4.46059249070499,-6.83203733918234,2.81719473989276));
#4627=CARTESIAN_POINT('Ctrl Pts',(4.22540872173963,-6.53680095751449,3.08522684946375));
#4628=CARTESIAN_POINT('Ctrl Pts',(3.90628890585378,-6.11340506738421,3.39251120651505));
#4629=CARTESIAN_POINT('Ctrl Pts',(3.59516441345169,-5.68180500565805,3.62197578896347));
#4630=CARTESIAN_POINT('Ctrl Pts',(3.32858054602362,-5.32812178713195,3.76820506108001));
#4631=CARTESIAN_POINT('Ctrl Pts',(3.15945731211029,-5.12140262569802,3.83487306182785));
#4632=CARTESIAN_POINT('Ctrl Pts',(3.07188876941677,-5.03195839714937,3.84991501239489));
#4633=CARTESIAN_POINT('Ctrl Pts',(3.03514223958157,-5.00020312050621,3.84999999999999));
#4634=CARTESIAN_POINT('Ctrl Pts',(6.53280955970225,-7.50400371378714,1.76157952073632E-15));
#4635=CARTESIAN_POINT('Ctrl Pts',(6.48006986189251,-7.46712535670479,0.340680177290669));
#4636=CARTESIAN_POINT('Ctrl Pts',(6.34825865729409,-7.37444104923798,0.981011104923278));
#4637=CARTESIAN_POINT('Ctrl Pts',(6.06977039213754,-7.15356841898192,1.81883080781555));
#4638=CARTESIAN_POINT('Ctrl Pts',(5.76385034997839,-6.87188835805491,2.41152812360167));
#4639=CARTESIAN_POINT('Ctrl Pts',(5.47767672457078,-6.58187900748092,2.81701823915686));
#4640=CARTESIAN_POINT('Ctrl Pts',(5.24650284830484,-6.33653876325937,3.08505994058971));
#4641=CARTESIAN_POINT('Ctrl Pts',(4.92493392671791,-5.98367514778049,3.39236776589135));
#4642=CARTESIAN_POINT('Ctrl Pts',(4.60262980875322,-5.62010894425863,3.62186887250358));
#4643=CARTESIAN_POINT('Ctrl Pts',(4.32458327813981,-5.31251928828835,3.76814009187734));
#4644=CARTESIAN_POINT('Ctrl Pts',(4.14845289759309,-5.12489440773233,3.83484063003902));
#4645=CARTESIAN_POINT('Ctrl Pts',(4.05775070271889,-5.03554552298335,3.84990424794997));
#4646=CARTESIAN_POINT('Ctrl Pts',(4.01967515261257,-5.00036995823655,3.84999999999999));
#4647=CARTESIAN_POINT('Ctrl Pts',(6.71505643906336,-7.40990445452974,1.77924353327347E-15));
#4648=CARTESIAN_POINT('Ctrl Pts',(6.66370238125039,-7.37023395782738,0.340671441979299));
#4649=CARTESIAN_POINT('Ctrl Pts',(6.53865675030338,-7.27547897973099,0.980987440674941));
#4650=CARTESIAN_POINT('Ctrl Pts',(6.27656580965149,-7.06108556637489,1.81879271538255));
#4651=CARTESIAN_POINT('Ctrl Pts',(5.98426594953468,-6.79283931273161,2.41148493684001));
#4652=CARTESIAN_POINT('Ctrl Pts',(5.70646866012052,-6.51760058867982,2.81697531350663));
#4653=CARTESIAN_POINT('Ctrl Pts',(5.48003906993937,-6.28487660460152,3.08501934459914));
#4654=CARTESIAN_POINT('Ctrl Pts',(5.16267810925899,-5.94984564750331,3.39233289355324));
#4655=CARTESIAN_POINT('Ctrl Pts',(4.84192671622764,-5.60363420428062,3.62184291632678));
#4656=CARTESIAN_POINT('Ctrl Pts',(4.56442689495429,-5.30788928052262,3.76812434594867));
#4657=CARTESIAN_POINT('Ctrl Pts',(4.38852671111052,-5.12532284363476,3.83483278332843));
#4658=CARTESIAN_POINT('Ctrl Pts',(4.29790026181145,-5.03622102243389,3.84990164580499));
#4659=CARTESIAN_POINT('Ctrl Pts',(4.25978561523127,-5.00029945743953,3.84999999999999));
#4660=CARTESIAN_POINT('Ctrl Pts',(6.95444818348883,-7.24052974320132,1.79362924366321E-15));
#4661=CARTESIAN_POINT('Ctrl Pts',(6.90587150390953,-7.19693443885891,0.340658231467392));
#4662=CARTESIAN_POINT('Ctrl Pts',(6.79374441769683,-7.10017914189292,0.980951603288287));
#4663=CARTESIAN_POINT('Ctrl Pts',(6.56326535965987,-6.89923249067737,1.81873491899744));
#4664=CARTESIAN_POINT('Ctrl Pts',(6.29845763384866,-6.65521281476232,2.41141933729166));
#4665=CARTESIAN_POINT('Ctrl Pts',(6.03898676662692,-6.40597091107224,2.81691008253288));
#4666=CARTESIAN_POINT('Ctrl Pts',(5.82390125462532,-6.19511172873817,3.08495765008008));
#4667=CARTESIAN_POINT('Ctrl Pts',(5.51820963406718,-5.89080852909699,3.39227991612812));
#4668=CARTESIAN_POINT('Ctrl Pts',(5.20448596469453,-5.57406845839495,3.62180352813713));
#4669=CARTESIAN_POINT('Ctrl Pts',(4.93151429247421,-5.29896213957035,3.76810048374972));
#4670=CARTESIAN_POINT('Ctrl Pts',(4.75813165370787,-5.12556186477721,3.83482090820594));
#4671=CARTESIAN_POINT('Ctrl Pts',(4.6685832738344,-5.03742025146322,3.84989771047126));
#4672=CARTESIAN_POINT('Ctrl Pts',(4.63075065282482,-5.00058037069854,3.84999999999999));
#4673=CARTESIAN_POINT('Ctrl Pts',(7.1071362330895,-7.11178677885996,1.8011158640848E-15));
#4674=CARTESIAN_POINT('Ctrl Pts',(7.06076421427222,-7.06557178630583,0.340649019888165));
#4675=CARTESIAN_POINT('Ctrl Pts',(6.95863029451264,-6.96346043668213,0.980926594654532));
#4676=CARTESIAN_POINT('Ctrl Pts',(6.75265836238241,-6.75696207323058,1.81869454386652));
#4677=CARTESIAN_POINT('Ctrl Pts',(6.50948043581385,-6.51298744169336,2.4113734821856));
#4678=CARTESIAN_POINT('Ctrl Pts',(6.26481271483624,-6.26755188254367,2.81686447409023));
#4679=CARTESIAN_POINT('Ctrl Pts',(6.05912326536432,-6.06123414785403,3.08491451279902));
#4680=CARTESIAN_POINT('Ctrl Pts',(5.76346263543501,-5.76471566784009,3.39224288123921));
#4681=CARTESIAN_POINT('Ctrl Pts',(5.4562937225984,-5.45673080865128,3.62177601026787));
#4682=CARTESIAN_POINT('Ctrl Pts',(5.18781468963054,-5.18776929572154,3.76808382540115));
#4683=CARTESIAN_POINT('Ctrl Pts',(5.01697875307589,-5.01679672704173,3.83481262446044));
#4684=CARTESIAN_POINT('Ctrl Pts',(4.92854260802184,-4.9284571392995,3.84989496636462));
#4685=CARTESIAN_POINT('Ctrl Pts',(4.89104073750118,-4.89105941782116,3.84999999999999));
#4686=CARTESIAN_POINT('Ctrl Pts',(7.23516614033255,-6.95787984337114,1.8039356083755E-15));
#4687=CARTESIAN_POINT('Ctrl Pts',(7.1913944789733,-6.9094390935372,0.340640099298333));
#4688=CARTESIAN_POINT('Ctrl Pts',(7.09459143912875,-6.7973724404349,0.98090234216713));
#4689=CARTESIAN_POINT('Ctrl Pts',(6.89426612412383,-6.56652304773037,1.81865531547359));
#4690=CARTESIAN_POINT('Ctrl Pts',(6.65114992375585,-6.30113142333061,2.41132887945922));
#4691=CARTESIAN_POINT('Ctrl Pts',(6.40280708055282,-6.04106280824378,2.81682009229105));
#4692=CARTESIAN_POINT('Ctrl Pts',(6.1926721655277,-5.82548557453178,3.08487253314658));
#4693=CARTESIAN_POINT('Ctrl Pts',(5.88936466368368,-5.51910965525301,3.39220685288418));
#4694=CARTESIAN_POINT('Ctrl Pts',(5.57352392116036,-5.20475557626241,3.62174927002232));
#4695=CARTESIAN_POINT('Ctrl Pts',(5.29898340854569,-4.93141192284693,3.76806765952707));
#4696=CARTESIAN_POINT('Ctrl Pts',(5.12575008757984,-4.75794604717383,3.83480459660488));
#4697=CARTESIAN_POINT('Ctrl Pts',(5.03750599288865,-4.66850523853292,3.84989230887801));
#4698=CARTESIAN_POINT('Ctrl Pts',(5.00055724948032,-4.63077120861468,3.84999999999999));
#4699=CARTESIAN_POINT('Ctrl Pts',(7.37028916391123,-6.76600578342929,1.80567981240488E-15));
#4700=CARTESIAN_POINT('Ctrl Pts',(7.32962555158947,-6.71532635233219,0.340630225806107));
#4701=CARTESIAN_POINT('Ctrl Pts',(7.23442083313631,-6.59296117735609,0.980875482305997));
#4702=CARTESIAN_POINT('Ctrl Pts',(7.02332779806519,-6.33704640862392,1.81861183318022));
#4703=CARTESIAN_POINT('Ctrl Pts',(6.76089642513024,-6.04991084141332,2.41127941544875));
#4704=CARTESIAN_POINT('Ctrl Pts',(6.49179376344433,-5.775399823356,2.81677086394748));
#4705=CARTESIAN_POINT('Ctrl Pts',(6.26421628475663,-5.55090761195114,3.08482596800735));
#4706=CARTESIAN_POINT('Ctrl Pts',(5.93638982120891,-5.23540213850007,3.39216689531957));
#4707=CARTESIAN_POINT('Ctrl Pts',(5.59710149440288,-4.91558985539103,3.62171962811437));
#4708=CARTESIAN_POINT('Ctrl Pts',(5.30610212197255,-4.6387424112268,3.76804975012258));
#4709=CARTESIAN_POINT('Ctrl Pts',(5.12556331258509,-4.46331350033401,3.83479570833447));
#4710=CARTESIAN_POINT('Ctrl Pts',(5.03655845195619,-4.37301334091859,3.84988936747821));
#4711=CARTESIAN_POINT('Ctrl Pts',(5.00033695914016,-4.33504778508431,3.84999999999999));
#4712=CARTESIAN_POINT('Ctrl Pts',(7.43893060135704,-6.64641441211611,1.8046627359974E-15));
#4713=CARTESIAN_POINT('Ctrl Pts',(7.40011907346653,-6.59468068999458,0.340624865504342));
#4714=CARTESIAN_POINT('Ctrl Pts',(7.30608811697981,-6.46732226650011,0.980860888162325));
#4715=CARTESIAN_POINT('Ctrl Pts',(7.08997605705706,-6.19931231277893,1.81858818122197));
#4716=CARTESIAN_POINT('Ctrl Pts',(6.81771434725377,-5.90198565214002,2.41125249217243));
#4717=CARTESIAN_POINT('Ctrl Pts',(6.53797487296314,-5.62102789370333,2.81674406226649));
#4718=CARTESIAN_POINT('Ctrl Pts',(6.30135744332713,-5.39276317851198,3.08480061537005));
#4719=CARTESIAN_POINT('Ctrl Pts',(5.96080231855098,-5.07370774831301,3.39214514465095));
#4720=CARTESIAN_POINT('Ctrl Pts',(5.60913097709376,-4.75224169865256,3.62170350315079));
#4721=CARTESIAN_POINT('Ctrl Pts',(5.30964367794159,-4.47454216713242,3.76804001518543));
#4722=CARTESIAN_POINT('Ctrl Pts',(5.12541748972723,-4.29866849009314,3.83479088084818));
#4723=CARTESIAN_POINT('Ctrl Pts',(5.03614198024191,-4.20818129875818,3.84988777056945));
#4724=CARTESIAN_POINT('Ctrl Pts',(5.00039773151479,-4.17019085993453,3.84999999999999));
#4725=CARTESIAN_POINT('Ctrl Pts',(7.80083495503118,-5.90148668367072,1.81073993078836E-15));
#4726=CARTESIAN_POINT('Ctrl Pts',(7.7725988357675,-5.84528236813205,0.340596394216485));
#4727=CARTESIAN_POINT('Ctrl Pts',(7.68616124205487,-5.69573899234038,0.980783317737677));
#4728=CARTESIAN_POINT('Ctrl Pts',(7.44389828978765,-5.37461075374468,1.81846235028953));
#4729=CARTESIAN_POINT('Ctrl Pts',(7.11938745806483,-5.03492445523475,2.41110917896592));
#4730=CARTESIAN_POINT('Ctrl Pts',(6.78252618459307,-4.72980876297123,2.81660136650967));
#4731=CARTESIAN_POINT('Ctrl Pts',(6.49742276879525,-4.48916968559775,3.08466563046802));
#4732=CARTESIAN_POINT('Ctrl Pts',(6.08851714405963,-4.16129128852079,3.39202935741646));
#4733=CARTESIAN_POINT('Ctrl Pts',(5.67097729099025,-3.84026638694557,3.62161771017688));
#4734=CARTESIAN_POINT('Ctrl Pts',(5.32645556569898,-3.5654035554942,3.76798825440567));
#4735=CARTESIAN_POINT('Ctrl Pts',(5.12312122787423,-3.39149046517573,3.83476523030423));
#4736=CARTESIAN_POINT('Ctrl Pts',(5.03307736235163,-3.30192687213039,3.84987928841059));
#4737=CARTESIAN_POINT('Ctrl Pts',(5.00023728446851,-3.26448503813789,3.84999999999999));
#4738=CARTESIAN_POINT('Ctrl Pts',(7.97923132493597,-4.89241401040412,1.75871996109712E-15));
#4739=CARTESIAN_POINT('Ctrl Pts',(7.96111568451294,-4.83741187821302,0.340576703185634));
#4740=CARTESIAN_POINT('Ctrl Pts',(7.88654011022628,-4.69216134932273,0.980729465783356));
#4741=CARTESIAN_POINT('Ctrl Pts',(7.63794102178596,-4.38796703009748,1.81837455107704));
#4742=CARTESIAN_POINT('Ctrl Pts',(7.28731993829085,-4.07657549491787,2.41100888333545));
#4743=CARTESIAN_POINT('Ctrl Pts',(6.91858229308623,-3.80400569982992,2.81650138990386));
#4744=CARTESIAN_POINT('Ctrl Pts',(6.60536724297713,-3.59213620600951,3.08457104094175));
#4745=CARTESIAN_POINT('Ctrl Pts',(6.15600813207748,-3.30676816379548,3.39194829532201));
#4746=CARTESIAN_POINT('Ctrl Pts',(5.6991117409174,-3.03029202620299,3.62155782316705));
#4747=CARTESIAN_POINT('Ctrl Pts',(5.32941675978257,-2.79184659140163,3.7679522523915));
#4748=CARTESIAN_POINT('Ctrl Pts',(5.11725089410483,-2.63890710606761,3.83474745472717));
#4749=CARTESIAN_POINT('Ctrl Pts',(5.02953149058015,-2.55805919870822,3.84987342143798));
#4750=CARTESIAN_POINT('Ctrl Pts',(5.00010417079532,-2.52358541445025,3.84999999999999));
#4751=CARTESIAN_POINT('Ctrl Pts',(8.13069862396836,-2.50469494297788,1.73678688799981E-15));
#4752=CARTESIAN_POINT('Ctrl Pts',(8.12580010848131,-2.4683087675415,0.340553427049298));
#4753=CARTESIAN_POINT('Ctrl Pts',(8.06936073239093,-2.37693490395796,0.980665723059804));
#4754=CARTESIAN_POINT('Ctrl Pts',(7.82253794199628,-2.19733170045444,1.8182704390371));
#4755=CARTESIAN_POINT('Ctrl Pts',(7.45012538190898,-2.02279862515779,2.41088982728387));
#4756=CARTESIAN_POINT('Ctrl Pts',(7.05098099496187,-1.87522048518989,2.81638266402359));
#4757=CARTESIAN_POINT('Ctrl Pts',(6.70987952498962,-1.76261542634468,3.08445870468012));
#4758=CARTESIAN_POINT('Ctrl Pts',(6.21947329708153,-1.61293882248284,3.39185205347515));
#4759=CARTESIAN_POINT('Ctrl Pts',(5.72217695519337,-1.46905677935526,3.62148679260456));
#4760=CARTESIAN_POINT('Ctrl Pts',(5.32771223828101,-1.34175658192902,3.76790960349344));
#4761=CARTESIAN_POINT('Ctrl Pts',(5.10821854375438,-1.25718132999715,3.83472642390578));
#4762=CARTESIAN_POINT('Ctrl Pts',(5.0248219199337,-1.20964639474721,3.84986648452094));
#4763=CARTESIAN_POINT('Ctrl Pts',(5.00005657137404,-1.18842468447589,3.84999999999998));
#4764=CARTESIAN_POINT('Ctrl Pts',(8.15792050530099,-1.25199659456823,1.71014820778003E-15));
#4765=CARTESIAN_POINT('Ctrl Pts',(8.1571126617971,-1.22976677856265,0.340547424744228));
#4766=CARTESIAN_POINT('Ctrl Pts',(8.1067216104174,-1.17830535156315,0.980649238660662));
#4767=CARTESIAN_POINT('Ctrl Pts',(7.86235187232959,-1.08577096121937,1.81824341313043));
#4768=CARTESIAN_POINT('Ctrl Pts',(7.48579883254084,-1.00059069758845,2.41085885390708));
#4769=CARTESIAN_POINT('Ctrl Pts',(7.07985758487029,-0.930436773466091,2.81635175025049));
#4770=CARTESIAN_POINT('Ctrl Pts',(6.73228021416326,-0.87752382797711,3.08442945044249));
#4771=CARTESIAN_POINT('Ctrl Pts',(6.23218032411877,-0.807520375406107,3.39182700619045));
#4772=CARTESIAN_POINT('Ctrl Pts',(5.72531487612737,-0.739752129208902,3.6214683450747));
#4773=CARTESIAN_POINT('Ctrl Pts',(5.32544855631793,-0.677050864411939,3.767898555365));
#4774=CARTESIAN_POINT('Ctrl Pts',(5.10490265893818,-0.633265711474953,3.83472099033502));
#4775=CARTESIAN_POINT('Ctrl Pts',(5.02325975885798,-0.606707905310386,3.84986469471609));
#4776=CARTESIAN_POINT('Ctrl Pts',(5.00003823047733,-0.594205099103375,3.84999999999997));
#4777=CARTESIAN_POINT('Ctrl Pts',(8.15437949850531,0.779043122291523,1.65289763409302E-15));
#4778=CARTESIAN_POINT('Ctrl Pts',(8.15374027410909,0.765210741218789,0.340547412870046));
#4779=CARTESIAN_POINT('Ctrl Pts',(8.10368678432187,0.73318846077727,0.980649205802052));
#4780=CARTESIAN_POINT('Ctrl Pts',(7.85982253424409,0.675609251554922,1.81824335789531));
#4781=CARTESIAN_POINT('Ctrl Pts',(7.48369093494551,0.622605622378887,2.4108587882819));
#4782=CARTESIAN_POINT('Ctrl Pts',(7.07808637770007,0.578952837137722,2.81635168167163));
#4783=CARTESIAN_POINT('Ctrl Pts',(6.73076162413278,0.546027981875188,3.08442938242861));
#4784=CARTESIAN_POINT('Ctrl Pts',(6.23099843157556,0.502468850375067,3.39182694277153));
#4785=CARTESIAN_POINT('Ctrl Pts',(5.72447037604391,0.46029961487937,3.62146829221535));
#4786=CARTESIAN_POINT('Ctrl Pts',(5.32494101596206,0.421284110455579,3.76789851943398));
#4787=CARTESIAN_POINT('Ctrl Pts',(5.10464800346254,0.394038915013589,3.83472097038565));
#4788=CARTESIAN_POINT('Ctrl Pts',(5.0231738201459,0.377513283044926,3.84986468767879));
#4789=CARTESIAN_POINT('Ctrl Pts',(5.00003660132645,0.369733488460951,3.84999999999995));
#4790=CARTESIAN_POINT('Ctrl Pts',(8.14163591677047,1.55792359063131,1.61100555302927E-15));
#4791=CARTESIAN_POINT('Ctrl Pts',(8.13948395417507,1.53339227987152,0.340549729259348));
#4792=CARTESIAN_POINT('Ctrl Pts',(8.08725996454626,1.47384891038779,0.980655567413837));
#4793=CARTESIAN_POINT('Ctrl Pts',(7.84276295111647,1.36087502489886,1.81825378706057));
#4794=CARTESIAN_POINT('Ctrl Pts',(7.46853013017208,1.25332356776807,2.410870739191));
#4795=CARTESIAN_POINT('Ctrl Pts',(7.06579948421527,1.16326046157242,2.81636360733873));
#4796=CARTESIAN_POINT('Ctrl Pts',(6.72116415629266,1.0948292778855,3.08444066561277));
#4797=CARTESIAN_POINT('Ctrl Pts',(6.22539283596818,1.00402219867032,3.39183659958455));
#4798=CARTESIAN_POINT('Ctrl Pts',(5.72279746045412,0.916504996071643,3.62147540008989));
#4799=CARTESIAN_POINT('Ctrl Pts',(5.32556166362979,0.837778939063062,3.76790277320995));
#4800=CARTESIAN_POINT('Ctrl Pts',(5.10581238348068,0.784471938714355,3.83472306078278));
#4801=CARTESIAN_POINT('Ctrl Pts',(5.02373784041181,0.753592427162216,3.84986537591401));
#4802=CARTESIAN_POINT('Ctrl Pts',(5.0000384995328,0.739501606252666,3.84999999999994));
#4803=CARTESIAN_POINT('Ctrl Pts',(8.07625415545074,3.78231306964014,1.59016498098977E-15));
#4804=CARTESIAN_POINT('Ctrl Pts',(8.06634676041788,3.73319733007674,0.340562609332096));
#4805=CARTESIAN_POINT('Ctrl Pts',(8.00271037929244,3.60696173677993,0.98069088174698));
#4806=CARTESIAN_POINT('Ctrl Pts',(7.75422848082666,3.35159669548753,1.81831155476816));
#4807=CARTESIAN_POINT('Ctrl Pts',(7.38921647226464,3.09763112054735,2.41093685338777));
#4808=CARTESIAN_POINT('Ctrl Pts',(7.00108963464214,2.87959077327528,2.81642955306168));
#4809=CARTESIAN_POINT('Ctrl Pts',(6.67028335968953,2.7118557460659,3.08450305746569));
#4810=CARTESIAN_POINT('Ctrl Pts',(6.19522348092427,2.48761771440374,3.39189002470111));
#4811=CARTESIAN_POINT('Ctrl Pts',(5.71320929441334,2.27139941093689,3.6215147797586));
#4812=CARTESIAN_POINT('Ctrl Pts',(5.3281945370407,2.08247695569274,3.76792638156022));
#4813=CARTESIAN_POINT('Ctrl Pts',(5.11154186121216,1.95903315332615,3.83473468362318));
#4814=CARTESIAN_POINT('Ctrl Pts',(5.02655891805023,1.89158100762736,3.84986920627171));
#4815=CARTESIAN_POINT('Ctrl Pts',(5.00006120143253,1.86208270388542,3.84999999999989));
#4816=CARTESIAN_POINT('Ctrl Pts',(7.97089057786492,5.05484964867653,1.58429565028558E-15));
#4817=CARTESIAN_POINT('Ctrl Pts',(7.95146428230456,5.00002533938432,0.340579230150041));
#4818=CARTESIAN_POINT('Ctrl Pts',(7.87466580433427,4.85322473214474,0.980736408533909));
#4819=CARTESIAN_POINT('Ctrl Pts',(7.62440996543461,4.54169362705555,1.81838593389026));
#4820=CARTESIAN_POINT('Ctrl Pts',(7.27453002379374,4.22039975996715,2.41102191732763));
#4821=CARTESIAN_POINT('Ctrl Pts',(6.90776759711675,3.9381346423946,2.81651437864144));
#4822=CARTESIAN_POINT('Ctrl Pts',(6.59663979403834,3.71836879368293,3.08458331089021));
#4823=CARTESIAN_POINT('Ctrl Pts',(6.15059809458391,3.42211252286144,3.39195876424593));
#4824=CARTESIAN_POINT('Ctrl Pts',(5.6972301082044,3.13516482739122,3.62156548982338));
#4825=CARTESIAN_POINT('Ctrl Pts',(5.32969318193705,2.88883113637339,3.76795681337615));
#4826=CARTESIAN_POINT('Ctrl Pts',(5.11813705998316,2.73177107648673,3.83474968160745));
#4827=CARTESIAN_POINT('Ctrl Pts',(5.02999247127663,2.64964026420247,3.8498741516755));
#4828=CARTESIAN_POINT('Ctrl Pts',(5.00012755562299,2.61493073936941,3.84999999999969));
#4829=CARTESIAN_POINT('Ctrl Pts',(7.61475113414908,6.31420955926318,1.48078465538735E-15));
#4830=CARTESIAN_POINT('Ctrl Pts',(7.58133341943146,6.26024726496215,0.340611171034423));
#4831=CARTESIAN_POINT('Ctrl Pts',(7.49116121754357,6.12155664420731,0.98082358228446));
#4832=CARTESIAN_POINT('Ctrl Pts',(7.2620220831693,5.82589370947459,1.81852766753895));
#4833=CARTESIAN_POINT('Ctrl Pts',(6.96390976200965,5.50580653672524,2.41118355462613));
#4834=CARTESIAN_POINT('Ctrl Pts',(6.65612270237761,5.21114519301643,2.81667539202507));
#4835=CARTESIAN_POINT('Ctrl Pts',(6.39577993720904,4.97532970210273,3.08473562431712));
#4836=CARTESIAN_POINT('Ctrl Pts',(6.02190150189291,4.64993532399522,3.39208934357132));
#4837=CARTESIAN_POINT('Ctrl Pts',(5.63825370801731,4.32676308605245,3.62166209416415));
#4838=CARTESIAN_POINT('Ctrl Pts',(5.31711535190491,4.04898214221247,3.76801498862219));
#4839=CARTESIAN_POINT('Ctrl Pts',(5.12386756322155,3.87326644056544,3.83477845562529));
#4840=CARTESIAN_POINT('Ctrl Pts',(5.03446370643153,3.78294147283888,3.84988365712145));
#4841=CARTESIAN_POINT('Ctrl Pts',(5.00027942494088,3.74514446915092,3.84999999999947));
#4842=CARTESIAN_POINT('Ctrl Pts',(7.4764951924335,6.62240001644796,1.46186606932608E-15));
#4843=CARTESIAN_POINT('Ctrl Pts',(7.43845583434217,6.57030421731105,0.340623005681819));
#4844=CARTESIAN_POINT('Ctrl Pts',(7.34437721969067,6.441002424713,0.98085584022687));
#4845=CARTESIAN_POINT('Ctrl Pts',(7.12417925851368,6.16789560879683,1.81858002491517));
#4846=CARTESIAN_POINT('Ctrl Pts',(6.84590458299579,5.86589823431736,2.41124320430145));
#4847=CARTESIAN_POINT('Ctrl Pts',(6.56027503564968,5.58162072860581,2.81673478884421));
#4848=CARTESIAN_POINT('Ctrl Pts',(6.31893196354619,5.35118390637102,3.08479180896715));
#4849=CARTESIAN_POINT('Ctrl Pts',(5.97197938949128,5.0297198914674,3.39213752669273));
#4850=CARTESIAN_POINT('Ctrl Pts',(5.61447002439813,4.70657805235633,3.62169777696234));
#4851=CARTESIAN_POINT('Ctrl Pts',(5.31099960097533,4.42773386847739,3.76803650344003));
#4852=CARTESIAN_POINT('Ctrl Pts',(5.12507362822471,4.25125315320776,3.83478911059147));
#4853=CARTESIAN_POINT('Ctrl Pts',(5.03570803427358,4.16054893401103,3.84988717927073));
#4854=CARTESIAN_POINT('Ctrl Pts',(5.00020466703683,4.12251369893094,3.84999999999933));
#4855=CARTESIAN_POINT('Ctrl Pts',(7.23932980773128,6.9477842139594,1.43340840263686E-15));
#4856=CARTESIAN_POINT('Ctrl Pts',(7.19592988118096,6.89954420135278,0.340639860473491));
#4857=CARTESIAN_POINT('Ctrl Pts',(7.09945019958179,6.78794569300203,0.980901692377978));
#4858=CARTESIAN_POINT('Ctrl Pts',(6.89854452506088,6.55804724152438,1.81865425252969));
#4859=CARTESIAN_POINT('Ctrl Pts',(6.65442932390208,6.2935796644222,2.4113276399298));
#4860=CARTESIAN_POINT('Ctrl Pts',(6.40510934627739,6.03433262156393,2.81681881744351));
#4861=CARTESIAN_POINT('Ctrl Pts',(6.19423184478561,5.81938546903427,3.08487128704757));
#4862=CARTESIAN_POINT('Ctrl Pts',(5.88996865973851,5.5138631927613,3.39220571946796));
#4863=CARTESIAN_POINT('Ctrl Pts',(5.57341518969177,5.20030414947715,3.62174835637482));
#4864=CARTESIAN_POINT('Ctrl Pts',(5.29853824936115,4.92767694869875,3.76806705736057));
#4865=CARTESIAN_POINT('Ctrl Pts',(5.1253318450431,4.75467188067366,3.83480427116405));
#4866=CARTESIAN_POINT('Ctrl Pts',(5.03732940275024,4.66547648212844,3.84989219574427));
#4867=CARTESIAN_POINT('Ctrl Pts',(5.00055845627737,4.62785210413707,3.84999999999912));
#4868=CARTESIAN_POINT('Ctrl Pts',(7.11023267604896,7.0976219089909,1.42158949712375E-15));
#4869=CARTESIAN_POINT('Ctrl Pts',(7.06425935298948,7.05156849226701,0.340648572598517));
#4870=CARTESIAN_POINT('Ctrl Pts',(6.96274344256891,6.94981222058075,0.98092537860273));
#4871=CARTESIAN_POINT('Ctrl Pts',(6.75730472229042,6.74383136996327,1.81869256543254));
#4872=CARTESIAN_POINT('Ctrl Pts',(6.51422774419645,6.50046522712138,2.41137120057621));
#4873=CARTESIAN_POINT('Ctrl Pts',(6.26950465344173,6.25558975076858,2.81686216011647));
#4874=CARTESIAN_POINT('Ctrl Pts',(6.06371269825676,6.04975947924303,3.08491228150396));
#4875=CARTESIAN_POINT('Ctrl Pts',(5.76788860095912,5.75393471228648,3.39224089847222));
#4876=CARTESIAN_POINT('Ctrl Pts',(5.46055906417097,5.44675507091134,3.62177446178052));
#4877=CARTESIAN_POINT('Ctrl Pts',(5.19217109298332,5.1784648814485,3.76808283636332));
#4878=CARTESIAN_POINT('Ctrl Pts',(5.0215560266722,5.00794288121225,3.83481210527543));
#4879=CARTESIAN_POINT('Ctrl Pts',(4.93339181629748,4.91985832204016,3.8498947887672));
#4880=CARTESIAN_POINT('Ctrl Pts',(4.89606443492122,4.88256756390689,3.84999999999914));
#4881=CARTESIAN_POINT('Ctrl Pts',(6.9602139274176,7.22478267048708,1.39265796128004E-15));
#4882=CARTESIAN_POINT('Ctrl Pts',(6.91204108094017,7.18129359496014,0.340657564754104));
#4883=CARTESIAN_POINT('Ctrl Pts',(6.80091784147638,7.08487676863102,0.980949792829678));
#4884=CARTESIAN_POINT('Ctrl Pts',(6.57214292985848,6.88507790306745,1.81873198316839));
#4885=CARTESIAN_POINT('Ctrl Pts',(6.3086944113063,6.64243464860627,2.4114159684249));
#4886=CARTESIAN_POINT('Ctrl Pts',(6.05011946427032,6.39460542597257,2.81690668546183));
#4887=CARTESIAN_POINT('Ctrl Pts',(5.83561755790327,6.18488464770653,3.08495439218569));
#4888=CARTESIAN_POINT('Ctrl Pts',(5.5305780182933,5.88218706038437,3.39227704797131));
#4889=CARTESIAN_POINT('Ctrl Pts',(5.21740967219207,5.5669313130222,3.62180131674948));
#4890=CARTESIAN_POINT('Ctrl Pts',(4.94496623008088,5.2930744936141,3.76809908991143));
#4891=CARTESIAN_POINT('Ctrl Pts',(4.77201304620758,5.12037246382059,3.83482018588609));
#4892=CARTESIAN_POINT('Ctrl Pts',(4.68278130317219,5.03250201295394,3.84989746522083));
#4893=CARTESIAN_POINT('Ctrl Pts',(4.64510800593136,4.99575711456833,3.84999999999899));
#4894=CARTESIAN_POINT('Ctrl Pts',(6.87557933313023,7.28721346995668,1.3921199297907E-15));
#4895=CARTESIAN_POINT('Ctrl Pts',(6.82637826324894,7.24513966061612,0.340662318581409));
#4896=CARTESIAN_POINT('Ctrl Pts',(6.71048784265799,7.14965470078165,0.98096268993203));
#4897=CARTESIAN_POINT('Ctrl Pts',(6.47008169435912,6.94547067643906,1.81875278460597));
#4898=CARTESIAN_POINT('Ctrl Pts',(6.19647218559842,6.69467373788454,2.41143957874659));
#4899=CARTESIAN_POINT('Ctrl Pts',(5.93109644788202,6.43787629816544,2.81693016241816));
#4900=CARTESIAN_POINT('Ctrl Pts',(5.71235666574427,6.22059475950311,3.08497659525359));
#4901=CARTESIAN_POINT('Ctrl Pts',(5.40292344235283,5.90720227407467,3.39229611170422));
#4902=CARTESIAN_POINT('Ctrl Pts',(5.08703211478217,5.58177706424706,3.62181548762203));
#4903=CARTESIAN_POINT('Ctrl Pts',(4.81281850388051,5.30072512608902,3.76810767295304));
#4904=CARTESIAN_POINT('Ctrl Pts',(4.6388726992556,5.12485676528026,3.83482445624127));
#4905=CARTESIAN_POINT('Ctrl Pts',(4.54921040240704,5.03669461875578,3.84989888018689));
#4906=CARTESIAN_POINT('Ctrl Pts',(4.51142155770492,5.00028023019838,3.84999999999894));
#4907=CARTESIAN_POINT('Ctrl Pts',(6.87192618971259,7.28988753617486,1.39213125054107E-15));
#4908=CARTESIAN_POINT('Ctrl Pts',(6.82268120436569,7.24787463897106,0.340662522802021));
#4909=CARTESIAN_POINT('Ctrl Pts',(6.70658860200621,7.15241772126919,0.980963243962529));
#4910=CARTESIAN_POINT('Ctrl Pts',(6.46568480233961,6.94803541557915,1.81875367814807));
#4911=CARTESIAN_POINT('Ctrl Pts',(6.19164203849469,6.69687017927763,2.41144059291894));
#4912=CARTESIAN_POINT('Ctrl Pts',(5.92597495249824,6.43968225433778,2.8169311708514));
#4913=CARTESIAN_POINT('Ctrl Pts',(5.70705410224884,6.22206983351431,3.08497754896667));
#4914=CARTESIAN_POINT('Ctrl Pts',(5.39743279572836,5.90821332906923,3.39229693057707));
#4915=CARTESIAN_POINT('Ctrl Pts',(5.08142767297473,5.58233349767787,3.62181609634115));
#4916=CARTESIAN_POINT('Ctrl Pts',(4.80713881597069,5.30096858417955,3.76810804165532));
#4917=CARTESIAN_POINT('Ctrl Pts',(4.63315127727639,5.12496031929714,3.83482463968932));
#4918=CARTESIAN_POINT('Ctrl Pts',(4.54347131613892,5.03678239084403,3.84989894097274));
#4919=CARTESIAN_POINT('Ctrl Pts',(4.50567763576768,5.00038228054619,3.84999999999894));
#4920=CARTESIAN_POINT('Ctrl Pts',(6.43288982024837,7.60879819591146,1.39076143698341E-15));
#4921=CARTESIAN_POINT('Ctrl Pts',(6.37842278884433,7.57408454828503,0.340686950235405));
#4922=CARTESIAN_POINT('Ctrl Pts',(6.23814290668137,7.48199239279321,0.981029510947147));
#4923=CARTESIAN_POINT('Ctrl Pts',(5.93814106113207,7.25202633189227,1.81886054883257));
#4924=CARTESIAN_POINT('Ctrl Pts',(5.61260676568657,6.95507060468494,2.41156188807405));
#4925=CARTESIAN_POINT('Ctrl Pts',(5.31253298994673,6.64915414944777,2.81705177835414));
#4926=CARTESIAN_POINT('Ctrl Pts',(5.07224547264434,6.39057065513421,3.08509161183597));
#4927=CARTESIAN_POINT('Ctrl Pts',(4.74055141547272,6.01926519550056,3.39239486758235));
#4928=CARTESIAN_POINT('Ctrl Pts',(4.41107467137368,5.63806871773948,3.62188890100251));
#4929=CARTESIAN_POINT('Ctrl Pts',(4.12804609163165,5.31815246379136,3.76815214102625));
#4930=CARTESIAN_POINT('Ctrl Pts',(3.94917594901246,5.12498302632408,3.83484658209509));
#4931=CARTESIAN_POINT('Ctrl Pts',(3.85738910841786,5.03495417054939,3.84990621175401));
#4932=CARTESIAN_POINT('Ctrl Pts',(3.81903243347026,5.00027137094735,3.84999999999916));
#4933=CARTESIAN_POINT('Ctrl Pts',(5.72680351575844,7.83377674476808,1.31218093081907E-15));
#4934=CARTESIAN_POINT('Ctrl Pts',(5.67045868447957,7.80831917220541,0.340712669766363));
#4935=CARTESIAN_POINT('Ctrl Pts',(5.52117906290454,7.72523692703614,0.981099019094798));
#4936=CARTESIAN_POINT('Ctrl Pts',(5.20283463019169,7.48219829029328,1.81897206929477));
#4937=CARTESIAN_POINT('Ctrl Pts',(4.8684334822903,7.1523143512903,2.41168807071841));
#4938=CARTESIAN_POINT('Ctrl Pts',(4.5695350248627,6.80879635887678,2.81717709809503));
#4939=CARTESIAN_POINT('Ctrl Pts',(4.33442360494731,6.51780126920031,3.08521011222989));
#4940=CARTESIAN_POINT('Ctrl Pts',(4.01470964258796,6.10044498832465,3.39249671533008));
#4941=CARTESIAN_POINT('Ctrl Pts',(3.70216974305703,5.67476549898566,3.6219648471139));
#4942=CARTESIAN_POINT('Ctrl Pts',(3.43395103393218,5.3254457707678,3.76819831422635));
#4943=CARTESIAN_POINT('Ctrl Pts',(3.26361932049694,5.12085484388631,3.83486964287538));
#4944=CARTESIAN_POINT('Ctrl Pts',(3.17528237227792,5.03189270615556,3.84991386770994));
#4945=CARTESIAN_POINT('Ctrl Pts',(3.13814405147555,5.00012790395615,3.84999999999965));
#4946=CARTESIAN_POINT('Ctrl Pts',(3.43328688362684,8.11768137259443,1.18030679282596E-15));
#4947=CARTESIAN_POINT('Ctrl Pts',(3.38743463462742,8.10972434715856,0.340767172526024));
#4948=CARTESIAN_POINT('Ctrl Pts',(3.26847693520782,8.04816104531009,0.98124526235057));
#4949=CARTESIAN_POINT('Ctrl Pts',(3.02688032938905,7.79771306514693,1.81920439444297));
#4950=CARTESIAN_POINT('Ctrl Pts',(2.78755110762451,7.42679694082518,2.41194937194342));
#4951=CARTESIAN_POINT('Ctrl Pts',(2.58323111343383,7.03166398092294,2.81743601631436));
#4952=CARTESIAN_POINT('Ctrl Pts',(2.42664240340863,6.69472176440227,3.0854548637397));
#4953=CARTESIAN_POINT('Ctrl Pts',(2.21803874608239,6.21082426846929,3.39270747756537));
#4954=CARTESIAN_POINT('Ctrl Pts',(2.01774071960851,5.72015987746049,3.62212295315139));
#4955=CARTESIAN_POINT('Ctrl Pts',(1.8429174834124,5.32942807581784,3.76829512557044));
#4956=CARTESIAN_POINT('Ctrl Pts',(1.72866407032017,5.1106102405275,3.83491834072712));
#4957=CARTESIAN_POINT('Ctrl Pts',(1.66619076812013,5.025930002663,3.84993009310869));
#4958=CARTESIAN_POINT('Ctrl Pts',(1.63887401472542,5.00006206072855,3.84999999999982));
#4959=CARTESIAN_POINT('Ctrl Pts',(1.72646527787634,8.14999999999999,1.11020097179225E-15));
#4960=CARTESIAN_POINT('Ctrl Pts',(1.6959360000263,8.14970610334327,0.340795526218717));
#4961=CARTESIAN_POINT('Ctrl Pts',(1.62521227264405,8.10030484377995,0.981320624102349));
#4962=CARTESIAN_POINT('Ctrl Pts',(1.49793267565702,7.85742306239407,1.81932252922097));
#4963=CARTESIAN_POINT('Ctrl Pts',(1.38069624048295,7.48201898768456,2.41208115289123));
#4964=CARTESIAN_POINT('Ctrl Pts',(1.2841015755219,7.07686003672442,2.81756617966032));
#4965=CARTESIAN_POINT('Ctrl Pts',(1.21122523366904,6.72977796716828,3.08557785099939));
#4966=CARTESIAN_POINT('Ctrl Pts',(1.11478193077064,6.23021490883449,3.39281366865515));
#4967=CARTESIAN_POINT('Ctrl Pts',(1.02137094660996,5.72373741424147,3.62220327289288));
#4968=CARTESIAN_POINT('Ctrl Pts',(0.934890526515927,5.32433892343772,3.76834478362906));
#4969=CARTESIAN_POINT('Ctrl Pts',(0.874467951344259,5.1042430341475,3.83494355821015));
#4970=CARTESIAN_POINT('Ctrl Pts',(0.837793887222962,5.02299568894212,3.84993853499728));
#4971=CARTESIAN_POINT('Ctrl Pts',(0.820521380240614,5.,3.85));
#4972=CARTESIAN_POINT('Ctrl Pts',(1.52406396342412E-14,8.14999999999999,
9.71445146547014E-16));
#4973=CARTESIAN_POINT('Ctrl Pts',(0.000192217272418842,8.14970610334327,
0.340818208362433));
#4974=CARTESIAN_POINT('Ctrl Pts',(0.000553313683959074,8.10030511159183,
0.981379569231812));
#4975=CARTESIAN_POINT('Ctrl Pts',(0.00102517997647284,7.85742324230768,
1.81941193438153));
#4976=CARTESIAN_POINT('Ctrl Pts',(0.00135840553142443,7.48201928094569,
2.41217880391938));
#4977=CARTESIAN_POINT('Ctrl Pts',(0.00158593451621348,7.07686011290741,
2.81766182961631));
#4978=CARTESIAN_POINT('Ctrl Pts',(0.0017360664661515,6.72977794880598,3.08566812245035));
#4979=CARTESIAN_POINT('Ctrl Pts',(0.00190776640067055,6.23021467173757,
3.39289216007443));
#4980=CARTESIAN_POINT('Ctrl Pts',(0.00203523201965919,5.72373741654778,
3.62226391360742));
#4981=CARTESIAN_POINT('Ctrl Pts',(0.00211539502591862,5.32433882867834,
3.76838318769456));
#4982=CARTESIAN_POINT('Ctrl Pts',(0.00215108023986572,5.10424295564912,
3.83496351299891));
#4983=CARTESIAN_POINT('Ctrl Pts',(0.00215816291165164,5.02299568894212,
3.84994528986304));
#4984=CARTESIAN_POINT('Ctrl Pts',(0.00215747914020348,5.,3.85));
#4985=CARTESIAN_POINT('Ctrl Pts',(1.55431223447522E-14,8.14999999999999,
9.71445146547014E-16));
#4986=CARTESIAN_POINT('Ctrl Pts',(0.000192217272419193,8.14970610334327,
0.340818208362433));
#4987=CARTESIAN_POINT('Ctrl Pts',(0.000372765478189319,8.12500560746755,
0.661098888797123));
#4988=CARTESIAN_POINT('Ctrl Pts',(0.000541683963160011,8.07217504798233,
0.960911289872753));
#4989=CARTESIAN_POINT('Ctrl Pts',(0.000710602448130704,8.01934448849712,
1.26072369094838));
#4990=CARTESIAN_POINT('Ctrl Pts',(0.000867891212301686,7.9383838654024,
1.54006781266496));
#4991=CARTESIAN_POINT('Ctrl Pts',(0.00101318070537759,7.82282276158264,
1.79829324743081));
#4992=CARTESIAN_POINT('Ctrl Pts',(0.0011584701984535,7.70726165776288,2.05651868219667));
#4993=CARTESIAN_POINT('Ctrl Pts',(0.00129176042043405,7.55710007321809,
2.29362543001181));
#4994=CARTESIAN_POINT('Ctrl Pts',(0.00141203348935748,7.37199315569039,
2.5078220211825));
#4995=CARTESIAN_POINT('Ctrl Pts',(0.00147217002381905,7.27943969692655,
2.61492031676784));
#4996=CARTESIAN_POINT('Ctrl Pts',(0.00152905227001593,7.17814990491698,
2.71629107319208));
#4997=CARTESIAN_POINT('Ctrl Pts',(0.00158251538477094,7.06965798156195,
2.81164416687653));
#4998=CARTESIAN_POINT('Ctrl Pts',(0.00163597849952651,6.96116605820693,
2.90699726056099));
#4999=CARTESIAN_POINT('Ctrl Pts',(0.00168602248283869,6.84547200350645,
2.99633269150567));
#5000=CARTESIAN_POINT('Ctrl Pts',(0.00173250696630989,6.72517956652267,
3.07940341168102));
#5001=CARTESIAN_POINT('Ctrl Pts',(0.00177899144978108,6.60488712953888,
3.16247413185637));
#5002=CARTESIAN_POINT('Ctrl Pts',(0.00182191643341101,6.47999631027178,
3.23928014126239));
#5003=CARTESIAN_POINT('Ctrl Pts',(0.00186115522407992,6.35452932616123,
3.30959846032749));
#5004=CARTESIAN_POINT('Ctrl Pts',(0.00193963280541776,6.10359535794013,
3.45023509845768));
#5005=CARTESIAN_POINT('Ctrl Pts',(0.00200336561491182,5.85035673034523,
3.56492097522417));
#5006=CARTESIAN_POINT('Ctrl Pts',(0.00205133088682974,5.63281099185712,
3.65185602550872));
#5007=CARTESIAN_POINT('Ctrl Pts',(0.00207531352278925,5.52403812261306,
3.69532355065099));
#5008=CARTESIAN_POINT('Ctrl Pts',(0.00209535427435403,5.4241884756457,3.73185336917278));
#5009=CARTESIAN_POINT('Ctrl Pts',(0.00211132218579435,5.33758100665715,
3.76121499931773));
#5010=CARTESIAN_POINT('Ctrl Pts',(0.00212729009723397,5.2509735376686,3.79057662946268));
#5011=CARTESIAN_POINT('Ctrl Pts',(0.00213918516854997,5.17760824665886,
3.8127700712308));
#5012=CARTESIAN_POINT('Ctrl Pts',(0.0021469033721544,5.12061378447724,3.82761223633089));
#5013=CARTESIAN_POINT('Ctrl Pts',(0.00215462157575869,5.06361932229562,
3.84245440143098));
#5014=CARTESIAN_POINT('Ctrl Pts',(0.00215816291165141,5.02299568894212,
3.84994528986304));
#5015=CARTESIAN_POINT('Ctrl Pts',(0.0021574791402032,5.,3.85));
#5016=CARTESIAN_POINT('Ctrl Pts',(-6.53187758865979,-0.184923141036938,
6.30607812315403));
#5017=CARTESIAN_POINT('Ctrl Pts',(-6.01402924925781,-0.164396420354405,
6.13890139888521));
#5018=CARTESIAN_POINT('Ctrl Pts',(-4.61861782252561,-0.120001712401929,
5.77733551775151));
#5019=CARTESIAN_POINT('Ctrl Pts',(-2.15311334639893,-0.0956304939976947,
5.5788478721956));
#5020=CARTESIAN_POINT('Ctrl Pts',(0.,-0.0956304939976951,5.5788478721956));
#5021=CARTESIAN_POINT('Ctrl Pts',(-6.52991177676677,0.0462700682073161,
6.33446507983482));
#5022=CARTESIAN_POINT('Ctrl Pts',(-6.01151954603112,0.0448690324736088,
6.16459596562286));
#5023=CARTESIAN_POINT('Ctrl Pts',(-4.61681893462621,0.0432930415038159,
5.79738559240758));
#5024=CARTESIAN_POINT('Ctrl Pts',(-2.153684973825,-0.0152519953603356,5.58871711085682));
#5025=CARTESIAN_POINT('Ctrl Pts',(0.,-0.0956304939976951,5.5788478721956));
#5026=CARTESIAN_POINT('Ctrl Pts',(-6.52572795210762,0.559311496530125,6.39745864633644));
#5027=CARTESIAN_POINT('Ctrl Pts',(-6.00701691913565,0.508685080428411,6.22154541541071));
#5028=CARTESIAN_POINT('Ctrl Pts',(-4.60946960789695,0.361396371417763,5.83644377009282));
#5029=CARTESIAN_POINT('Ctrl Pts',(-2.14678207496127,0.105523911758248,5.60354652758002));
#5030=CARTESIAN_POINT('Ctrl Pts',(0.,-0.0956304939976951,5.57884787219559));
#5031=CARTESIAN_POINT('Ctrl Pts',(-6.47279651188019,1.51444475353334,6.51473426390135));
#5032=CARTESIAN_POINT('Ctrl Pts',(-5.95650314003095,1.37848216590178,6.3283430686252));
#5033=CARTESIAN_POINT('Ctrl Pts',(-4.55331867203165,0.953343885296096,5.90912578566195));
#5034=CARTESIAN_POINT('Ctrl Pts',(-2.10674241872572,0.318755298747449,5.62972804980221));
#5035=CARTESIAN_POINT('Ctrl Pts',(0.,-0.0956304939976951,5.57884787219559));
#5036=CARTESIAN_POINT('Ctrl Pts',(-6.36181193759661,2.71479851482951,6.66211917341025));
#5037=CARTESIAN_POINT('Ctrl Pts',(-5.85103182412682,2.47691758898867,6.46321397972912));
#5038=CARTESIAN_POINT('Ctrl Pts',(-4.4428678901472,1.70935907732994,6.00195277905176));
#5039=CARTESIAN_POINT('Ctrl Pts',(-2.03203801448112,0.593743054289377,5.6634923006201));
#5040=CARTESIAN_POINT('Ctrl Pts',(0.,-0.0956304939976951,5.5788478721956));
#5041=CARTESIAN_POINT('Ctrl Pts',(-6.13915262792769,3.61134707503156,6.7722014947028));
#5042=CARTESIAN_POINT('Ctrl Pts',(-5.64135937606371,3.3100781916668,6.56551323849056));
#5043=CARTESIAN_POINT('Ctrl Pts',(-4.24977167162845,2.33923887321828,6.07929229321152));
#5044=CARTESIAN_POINT('Ctrl Pts',(-1.91828149612425,0.861704225611858,5.69639379537996));
#5045=CARTESIAN_POINT('Ctrl Pts',(0.,-0.0956304939976951,5.57884787219559));
#5046=CARTESIAN_POINT('Ctrl Pts',(-5.92253268396311,4.13015110446825,6.83590261965184));
#5047=CARTESIAN_POINT('Ctrl Pts',(-5.43785043972793,3.8007727590909,6.62576295548917));
#5048=CARTESIAN_POINT('Ctrl Pts',(-4.06061683408898,2.74866188837795,6.12956311835144));
#5049=CARTESIAN_POINT('Ctrl Pts',(-1.80519622336851,1.06420261272563,5.72125747092527));
#5050=CARTESIAN_POINT('Ctrl Pts',(0.,-0.0956304939976951,5.57884787219559));
#5051=CARTESIAN_POINT('Ctrl Pts',(-5.83892235125042,4.31184871491506,6.85821228096766));
#5052=CARTESIAN_POINT('Ctrl Pts',(-5.35937437783446,3.97212824674721,6.64680276379935));
#5053=CARTESIAN_POINT('Ctrl Pts',(-3.98855018045256,2.89233780165719,6.14720430227576));
#5054=CARTESIAN_POINT('Ctrl Pts',(-1.76283448835684,1.13518351210912,5.72997282948857));
#5055=CARTESIAN_POINT('Ctrl Pts',(0.,-0.0956304939976951,5.57884787219559));
#5056=CARTESIAN_POINT('Ctrl Pts',(-5.65066698977739,4.6480382273236,6.8994911626289));
#5057=CARTESIAN_POINT('Ctrl Pts',(-5.18255740000965,4.29021369706061,6.68585874614568));
#5058=CARTESIAN_POINT('Ctrl Pts',(-3.83004667997479,3.16195923018823,6.18030965098796));
#5059=CARTESIAN_POINT('Ctrl Pts',(-1.67208611082225,1.27113176168717,5.74666517561853));
#5060=CARTESIAN_POINT('Ctrl Pts',(0.,-0.0956304939976951,5.57884787219559));
#5061=CARTESIAN_POINT('Ctrl Pts',(-5.25649284546814,5.16535104340461,6.96300918960085));
#5062=CARTESIAN_POINT('Ctrl Pts',(-4.81562716637631,4.78067423687865,6.74607972816744));
#5063=CARTESIAN_POINT('Ctrl Pts',(-3.51393610641505,3.58435068147864,6.23217279986379));
#5064=CARTESIAN_POINT('Ctrl Pts',(-1.49902543207911,1.48742104011182,5.77322215969791));
#5065=CARTESIAN_POINT('Ctrl Pts',(0.,-0.0956304939976951,5.5788478721956));
#5066=CARTESIAN_POINT('Ctrl Pts',(-4.22530938298156,5.92892104950382,7.05676379751836));
#5067=CARTESIAN_POINT('Ctrl Pts',(-3.85953416488754,5.50745097845683,6.83531669125655));
#5068=CARTESIAN_POINT('Ctrl Pts',(-2.7344785047601,4.23131341749117,6.31160983532563));
#5069=CARTESIAN_POINT('Ctrl Pts',(-1.10221355631271,1.83379756431427,5.81575184912918));
#5070=CARTESIAN_POINT('Ctrl Pts',(0.,-0.0956304939976951,5.57884787219559));
#5071=CARTESIAN_POINT('Ctrl Pts',(-1.85690023533033,6.35234496484026,7.10875371703872));
#5072=CARTESIAN_POINT('Ctrl Pts',(-1.69061996789867,5.91064393034425,6.88482256081317));
#5073=CARTESIAN_POINT('Ctrl Pts',(-1.15461527249962,4.61233708378104,6.35839365888463));
#5074=CARTESIAN_POINT('Ctrl Pts',(-0.430272389154161,2.05528439020393,5.84294701179182));
#5075=CARTESIAN_POINT('Ctrl Pts',(0.,-0.0956304939976951,5.5788478721956));
#5076=CARTESIAN_POINT('Ctrl Pts',(1.85819820263038,6.33802332517183,7.10699524080057));
#5077=CARTESIAN_POINT('Ctrl Pts',(1.69168405367722,5.88149630896864,6.88124368292114));
#5078=CARTESIAN_POINT('Ctrl Pts',(1.15523573713585,4.52756603264181,6.34798508259317));
#5079=CARTESIAN_POINT('Ctrl Pts',(0.430418238905088,1.97907600407716,5.83358979856412));
#5080=CARTESIAN_POINT('Ctrl Pts',(0.,-0.0956304939976951,5.57884787219559));
#5081=CARTESIAN_POINT('Ctrl Pts',(4.69576949374811,5.82852162956227,7.04443629882583));
#5082=CARTESIAN_POINT('Ctrl Pts',(4.2906696464901,5.39144324228961,6.82107273230977));
#5083=CARTESIAN_POINT('Ctrl Pts',(3.04929620317217,4.0452620107926,6.28876559504867));
#5084=CARTESIAN_POINT('Ctrl Pts',(1.2366843369384,1.69004819586418,5.79810164604397));
#5085=CARTESIAN_POINT('Ctrl Pts',(0.,-0.0956304939976951,5.5788478721956));
#5086=CARTESIAN_POINT('Ctrl Pts',(5.64429279911539,4.7923886323783,6.91721516372954));
#5087=CARTESIAN_POINT('Ctrl Pts',(5.1763394335518,4.42988791775987,6.70300858400348));
#5088=CARTESIAN_POINT('Ctrl Pts',(3.81892272991988,3.29155860104053,6.1962224528312));
#5089=CARTESIAN_POINT('Ctrl Pts',(1.66203802135678,1.34127081032683,5.7552771679079));
#5090=CARTESIAN_POINT('Ctrl Pts',(0.,-0.0956304939976951,5.5788478721956));
#5091=CARTESIAN_POINT('Ctrl Pts',(6.1398555127663,3.62223260555176,6.77353806978774));
#5092=CARTESIAN_POINT('Ctrl Pts',(5.64202033415839,3.33416448281344,6.56847066317253));
#5093=CARTESIAN_POINT('Ctrl Pts',(4.25007313423607,2.41017901306925,6.08800264713334));
#5094=CARTESIAN_POINT('Ctrl Pts',(1.91808517658471,0.926155714963891,5.70430744319959));
#5095=CARTESIAN_POINT('Ctrl Pts',(0.,-0.0956304939976951,5.5788478721956));
#5096=CARTESIAN_POINT('Ctrl Pts',(6.39854501688363,2.57444813997235,6.64488631426066));
#5097=CARTESIAN_POINT('Ctrl Pts',(5.88569283716557,2.35702067677938,6.44849249000962));
#5098=CARTESIAN_POINT('Ctrl Pts',(4.47503987290257,1.66233881809605,5.99617941716799));
#5099=CARTESIAN_POINT('Ctrl Pts',(2.05117404911233,0.601004348037686,5.66438387538458));
#5100=CARTESIAN_POINT('Ctrl Pts',(0.,-0.0956304939976951,5.5788478721956));
#5101=CARTESIAN_POINT('Ctrl Pts',(6.52311528087917,0.815339316399412,6.42889490977781));
#5102=CARTESIAN_POINT('Ctrl Pts',(6.0044339336445,0.741293923665923,6.25010619008948));
#5103=CARTESIAN_POINT('Ctrl Pts',(4.6058740313156,0.524496120730243,5.85646990119533));
#5104=CARTESIAN_POINT('Ctrl Pts',(2.14363733667186,0.169801907569876,5.61143887307148));
#5105=CARTESIAN_POINT('Ctrl Pts',(0.,-0.0956304939976951,5.5788478721956));
#5106=CARTESIAN_POINT('Ctrl Pts',(6.52991177673017,0.0462700707822615,6.33446508015077));
#5107=CARTESIAN_POINT('Ctrl Pts',(6.01138832862623,0.0444971590026126,6.16455030530171));
#5108=CARTESIAN_POINT('Ctrl Pts',(4.6167204104013,0.0430208464768772,5.79735217106051));
#5109=CARTESIAN_POINT('Ctrl Pts',(2.15346001988499,-0.0155390871609022,
5.58868186041615));
#5110=CARTESIAN_POINT('Ctrl Pts',(0.,-0.0956304939976951,5.5788478721956));
#5111=CARTESIAN_POINT('Ctrl Pts',(6.53187758865976,-0.184923141036901,6.30607812315382));
#5112=CARTESIAN_POINT('Ctrl Pts',(6.01402924925777,-0.16439642035436,6.13890139888492));
#5113=CARTESIAN_POINT('Ctrl Pts',(4.61861782252557,-0.120001712401901,5.77733551775131));
#5114=CARTESIAN_POINT('Ctrl Pts',(2.15311334639893,-0.0956304939976957,
5.5788478721956));
#5115=CARTESIAN_POINT('Ctrl Pts',(0.,-0.0956304939976951,5.5788478721956));
#5116=CARTESIAN_POINT('Ctrl Pts',(6.33494348083069,-0.177379895381356,6.24464331734367));
#5117=CARTESIAN_POINT('Ctrl Pts',(6.1706425798253,-0.171300302206522,6.19512900438668));
#5118=CARTESIAN_POINT('Ctrl Pts',(5.80486836799308,-0.158689431464905,6.09242170430854));
#5119=CARTESIAN_POINT('Ctrl Pts',(5.18662947558861,-0.140501429302715,5.94429231386691));
#5120=CARTESIAN_POINT('Ctrl Pts',(4.20066428789311,-0.118893061189041,5.76830627820596));
#5121=CARTESIAN_POINT('Ctrl Pts',(2.88512090423282,-0.103451732068802,5.64254674454236));
#5122=CARTESIAN_POINT('Ctrl Pts',(1.57551732544528,-0.0970532353996556,
5.59043517105059));
#5123=CARTESIAN_POINT('Ctrl Pts',(0.550517103171684,-0.095630493997695,
5.5788478721956));
#5124=CARTESIAN_POINT('Ctrl Pts',(1.7578415717414E-19,-0.0956304939976948,
5.5788478721956));
#5125=CARTESIAN_POINT('Ctrl Pts',(6.74128914314042,-0.193539606355477,6.37625360169285));
#5126=CARTESIAN_POINT('Ctrl Pts',(6.22015272601428,-0.171283703844441,6.19499382157573));
#5127=CARTESIAN_POINT('Ctrl Pts',(4.80860280467897,-0.123012659221005,5.80185771172227));
#5128=CARTESIAN_POINT('Ctrl Pts',(2.28071176798422,-0.0956304939976957,
5.5788478721956));
#5129=CARTESIAN_POINT('Ctrl Pts',(0.,-0.0956304939976951,5.5788478721956));
#5130=CARTESIAN_POINT('Ctrl Pts',(6.74554535718843,-0.828338375344071,6.29831011358086));
#5131=CARTESIAN_POINT('Ctrl Pts',(6.2269736940175,-0.741052617967232,6.12503499563902));
#5132=CARTESIAN_POINT('Ctrl Pts',(4.81420678285215,-0.568783961614678,5.74712387809473));
#5133=CARTESIAN_POINT('Ctrl Pts',(2.27945150734274,-0.318126081418991,5.55152884919124));
#5134=CARTESIAN_POINT('Ctrl Pts',(0.,-0.0956304939976951,5.5788478721956));
#5135=CARTESIAN_POINT('Ctrl Pts',(6.69476209638399,-2.10446674705493,6.14162125180458));
#5136=CARTESIAN_POINT('Ctrl Pts',(6.17574088623591,-1.88252568728201,5.98487972604066));
#5137=CARTESIAN_POINT('Ctrl Pts',(4.73839909328832,-1.36202359811892,5.64972629763572));
#5138=CARTESIAN_POINT('Ctrl Pts',(2.21606658333788,-0.651875122998315,5.51054961966916));
#5139=CARTESIAN_POINT('Ctrl Pts',(0.,-0.0956304939976951,5.5788478721956));
#5140=CARTESIAN_POINT('Ctrl Pts',(6.33726079088116,-4.33605974893481,5.86761608495466));
#5141=CARTESIAN_POINT('Ctrl Pts',(5.81617938301501,-3.89249733921421,5.73808623933072));
#5142=CARTESIAN_POINT('Ctrl Pts',(4.33141879967292,-2.71034770154122,5.48417291464208));
#5143=CARTESIAN_POINT('Ctrl Pts',(1.93280641873188,-1.1547525643321,5.44880403384701));
#5144=CARTESIAN_POINT('Ctrl Pts',(0.,-0.0956304939976952,5.5788478721956));
#5145=CARTESIAN_POINT('Ctrl Pts',(5.41419737976618,-5.77891856338377,5.69045529897756));
#5146=CARTESIAN_POINT('Ctrl Pts',(4.93319610186109,-5.24718002353786,5.5717521207731));
#5147=CARTESIAN_POINT('Ctrl Pts',(3.55668663836158,-3.80069523655393,5.35029507132383));
#5148=CARTESIAN_POINT('Ctrl Pts',(1.50828891145617,-1.69118316801204,5.38293863771929));
#5149=CARTESIAN_POINT('Ctrl Pts',(0.,-0.0956304939976951,5.5788478721956));
#5150=CARTESIAN_POINT('Ctrl Pts',(3.66383580931555,-6.50427281600125,5.60139299557079));
#5151=CARTESIAN_POINT('Ctrl Pts',(3.3152288071993,-5.96392683389194,5.48374667838508));
#5152=CARTESIAN_POINT('Ctrl Pts',(2.34523543578322,-4.51429249053073,5.26267634583266));
#5153=CARTESIAN_POINT('Ctrl Pts',(0.970338851824819,-2.12719628225455,5.32940295893911));
#5154=CARTESIAN_POINT('Ctrl Pts',(0.,-0.0956304939976951,5.5788478721956));
#5155=CARTESIAN_POINT('Ctrl Pts',(2.3827325545156,-6.71276329908312,5.57579358315311));
#5156=CARTESIAN_POINT('Ctrl Pts',(2.14560186498577,-6.17530182299283,5.45779309316242));
#5157=CARTESIAN_POINT('Ctrl Pts',(1.50780000838126,-4.73703087542756,5.23532751104684));
#5158=CARTESIAN_POINT('Ctrl Pts',(0.622503915436839,-2.26762752712043,5.3121601702012));
#5159=CARTESIAN_POINT('Ctrl Pts',(0.,-0.0956304939976951,5.5788478721956));
#5160=CARTESIAN_POINT('Ctrl Pts',(1.13605696793304,-6.8145519931999,5.5632955030411));
#5161=CARTESIAN_POINT('Ctrl Pts',(1.01764735386432,-6.27917776721758,5.44503873096239));
#5162=CARTESIAN_POINT('Ctrl Pts',(0.712397808579481,-4.84314202361026,5.2222987003103));
#5163=CARTESIAN_POINT('Ctrl Pts',(0.29627836422711,-2.33438968344035,5.30396280815253));
#5164=CARTESIAN_POINT('Ctrl Pts',(0.,-0.0956304939976951,5.5788478721956));
#5165=CARTESIAN_POINT('Ctrl Pts',(0.484600247892311,-6.83489593471253,5.56079758111543));
#5166=CARTESIAN_POINT('Ctrl Pts',(0.431850912828501,-6.29920811413418,5.4425793136115));
#5167=CARTESIAN_POINT('Ctrl Pts',(0.301995988941308,-4.86071166462519,5.22014141965306));
#5168=CARTESIAN_POINT('Ctrl Pts',(0.126899900982712,-2.34217504071426,5.30300688647818));
#5169=CARTESIAN_POINT('Ctrl Pts',(0.,-0.0956304939976951,5.5788478721956));
#5170=CARTESIAN_POINT('Ctrl Pts',(-2.0223629518668E-14,-6.83489593471253,
5.56079758111543));
#5171=CARTESIAN_POINT('Ctrl Pts',(-1.84351371738693E-14,-6.29940978111152,
5.44255455202024));
#5172=CARTESIAN_POINT('Ctrl Pts',(-9.17170326522158E-15,-4.86085555656329,
5.22012375194463));
#5173=CARTESIAN_POINT('Ctrl Pts',(1.2364078919312E-31,-2.34294087885227,
5.30291285337868));
#5174=CARTESIAN_POINT('Ctrl Pts',(0.,-0.0956304939976951,5.5788478721956));
#5175=CARTESIAN_POINT('',(-0.0124256289308708,0.00276739121655906,3.84999954805756));
#5176=UNCERTAINTY_MEASURE_WITH_UNIT(LENGTH_MEASURE(0.01),#5182,
'DISTANCE_ACCURACY_VALUE',
'Maximum model space distance between geometric entities at asserted c
onnectivities');
#5177=UNCERTAINTY_MEASURE_WITH_UNIT(LENGTH_MEASURE(0.01),#5182,
'DISTANCE_ACCURACY_VALUE',
'Maximum model space distance between geometric entities at asserted c
onnectivities');
#5178=UNCERTAINTY_MEASURE_WITH_UNIT(LENGTH_MEASURE(0.01),#5182,
'DISTANCE_ACCURACY_VALUE',
'Maximum model space distance between geometric entities at asserted c
onnectivities');
#5179=(
GEOMETRIC_REPRESENTATION_CONTEXT(3)
GLOBAL_UNCERTAINTY_ASSIGNED_CONTEXT((#5176))
GLOBAL_UNIT_ASSIGNED_CONTEXT((#5182,#5184,#5185))
REPRESENTATION_CONTEXT('','3D')
);
#5180=(
GEOMETRIC_REPRESENTATION_CONTEXT(3)
GLOBAL_UNCERTAINTY_ASSIGNED_CONTEXT((#5177))
GLOBAL_UNIT_ASSIGNED_CONTEXT((#5182,#5184,#5185))
REPRESENTATION_CONTEXT('','3D')
);
#5181=(
GEOMETRIC_REPRESENTATION_CONTEXT(3)
GLOBAL_UNCERTAINTY_ASSIGNED_CONTEXT((#5178))
GLOBAL_UNIT_ASSIGNED_CONTEXT((#5182,#5184,#5185))
REPRESENTATION_CONTEXT('','3D')
);
#5182=(
LENGTH_UNIT()
NAMED_UNIT(*)
SI_UNIT(.MILLI.,.METRE.)
);
#5183=(
LENGTH_UNIT()
NAMED_UNIT(*)
SI_UNIT($,.METRE.)
);
#5184=(
NAMED_UNIT(*)
PLANE_ANGLE_UNIT()
SI_UNIT($,.RADIAN.)
);
#5185=(
NAMED_UNIT(*)
SI_UNIT($,.STERADIAN.)
SOLID_ANGLE_UNIT()
);
#5186=SHAPE_DEFINITION_REPRESENTATION(#5188,#5191);
#5187=SHAPE_DEFINITION_REPRESENTATION(#5189,#5192);
#5188=PRODUCT_DEFINITION_SHAPE('',$,#5194);
#5189=PRODUCT_DEFINITION_SHAPE('',$,#5195);
#5190=PRODUCT_DEFINITION_SHAPE($,$,#14);
#5191=SHAPE_REPRESENTATION('',(#1149,#1241),#5179);
#5192=SHAPE_REPRESENTATION('',(#1150),#5180);
#5193=PRODUCT_DEFINITION_CONTEXT('part definition',#5201,'design');
#5194=PRODUCT_DEFINITION('2026-09-19-15-38-24-488','CLP_Dished_Tilt7',#5196,
#5193);
#5195=PRODUCT_DEFINITION('2026-09-19-15-38-10-273','MX Plug Mushroom',#5197,
#5193);
#5196=PRODUCT_DEFINITION_FORMATION('',$,#5203);
#5197=PRODUCT_DEFINITION_FORMATION('',$,#5204);
#5198=PRODUCT_RELATED_PRODUCT_CATEGORY('CLP_Dished_Tilt7',
'CLP_Dished_Tilt7',(#5203));
#5199=PRODUCT_RELATED_PRODUCT_CATEGORY('MX Plug Mushroom',
'MX Plug Mushroom',(#5204));
#5200=APPLICATION_PROTOCOL_DEFINITION('international standard',
'automotive_design',2009,#5201);
#5201=APPLICATION_CONTEXT(
'Core Data for Automotive Mechanical Design Process');
#5202=PRODUCT_CONTEXT('part definition',#5201,'mechanical');
#5203=PRODUCT('2026-09-19-15-38-24-488','CLP_Dished_Tilt7',$,(#5202));
#5204=PRODUCT('2026-09-19-15-38-10-273','MX Plug Mushroom',$,(#5202));
#5205=PRESENTATION_STYLE_ASSIGNMENT((#5206));
#5206=SURFACE_STYLE_USAGE(.BOTH.,#5207);
#5207=SURFACE_SIDE_STYLE('',(#5208));
#5208=SURFACE_STYLE_FILL_AREA(#5209);
#5209=FILL_AREA_STYLE('Steel - Satin',(#5210));
#5210=FILL_AREA_STYLE_COLOUR('Steel - Satin',#5211);
#5211=COLOUR_RGB('Steel - Satin',0.627450980392157,0.627450980392157,0.627450980392157);
ENDSEC;
END-ISO-10303-21;
