ISO-10303-21;
HEADER;
/* Generated by software containing ST-Developer
 * from STEP Tools, Inc. (www.steptools.com) 
 */

FILE_DESCRIPTION(
/* description */ (''),
/* implementation_level */ '2;1');

FILE_NAME(
/* name */ 'CLP_Tilt7_1_5u.step',
/* time_stamp */ '2026-10-03T21:03:14+08:00',
/* author */ (''),
/* organization */ (''),
/* preprocessor_version */ 'ST-DEVELOPER v20.2',
/* originating_system */ 'Autodesk Translation Framework v15.15.0.0',
/* authorisation */ '');

FILE_SCHEMA (('AUTOMOTIVE_DESIGN { 1 0 10303 214 3 1 1 }'));
ENDSEC;

DATA;
#10=MECHANICAL_DESIGN_GEOMETRIC_PRESENTATION_REPRESENTATION('',(#132,#133),
#6945);
#11=ITEM_DEFINED_TRANSFORMATION($,$,#1234,#1319);
#12=(
REPRESENTATION_RELATIONSHIP($,$,#6956,#6955)
REPRESENTATION_RELATIONSHIP_WITH_TRANSFORMATION(#11)
SHAPE_REPRESENTATION_RELATIONSHIP()
);
#13=CONTEXT_DEPENDENT_SHAPE_REPRESENTATION(#12,#6954);
#14=NEXT_ASSEMBLY_USAGE_OCCURRENCE('MX Plug Mushroom:1',
'MX Plug Mushroom:1','MX Plug Mushroom:1',#6958,#6959,
'MX Plug Mushroom:1');
#15=B_SPLINE_CURVE_WITH_KNOTS('',3,(#1975,#1976,#1977,#1978,#1979,#1980,
#1981,#1982,#1983,#1984,#1985),.UNSPECIFIED.,.F.,.F.,(4,1,1,1,2,1,1,4),
(0.,0.138899144953159,0.277798289906319,0.416697434859478,0.694495724765797,
1.11119334244853,1.25009254834277,1.38899175423702),.UNSPECIFIED.);
#16=B_SPLINE_CURVE_WITH_KNOTS('',3,(#1988,#1989,#1990,#1991,#1992,#1993,
#1994,#1995,#1996,#1997,#1998),.UNSPECIFIED.,.F.,.F.,(4,1,1,2,1,1,1,4),
(-1.38899175423702,-1.25009254834277,-1.11119334244853,-0.694495724765797,
-0.416697434859478,-0.277798289906319,-0.138899144953159,0.),
 .UNSPECIFIED.);
#17=B_SPLINE_CURVE_WITH_KNOTS('',3,(#2051,#2052,#2053,#2054,#2055,#2056,
#2057),.UNSPECIFIED.,.F.,.F.,(4,1,1,1,4),(-0.280335190776384,-0.200239421983131,
-0.120143653189879,-0.0800957687932524,0.),.UNSPECIFIED.);
#18=B_SPLINE_CURVE_WITH_KNOTS('',3,(#2058,#2059,#2060,#2061,#2062,#2063,
#2064),.UNSPECIFIED.,.F.,.F.,(4,1,1,1,4),(0.,0.0800957687932524,0.120143653189879,
0.200239421983131,0.280335190776384),.UNSPECIFIED.);
#19=B_SPLINE_CURVE_WITH_KNOTS('',3,(#2173,#2174,#2175,#2176,#2177,#2178,
#2179,#2180,#2181,#2182,#2183,#2184,#2185,#2186,#2187,#2188,#2189,#2190,
#2191,#2192,#2193),.UNSPECIFIED.,.F.,.F.,(4,1,1,1,1,1,1,1,2,1,1,1,1,1,1,
1,1,4),(0.,0.0139055475288448,0.0278110950576896,0.0556221901153791,0.111244380230758,
0.222488760461516,0.444977520923033,0.667466281384549,1.11244380230758,
1.60274464763391,1.84789507029707,2.09304549296023,2.21562070429181,2.2769083099576,
2.3075521127905,2.32287401420695,2.33053496491517,2.33819591562339),
 .UNSPECIFIED.);
#20=B_SPLINE_CURVE_WITH_KNOTS('',3,(#2195,#2196,#2197,#2198,#2199,#2200,
#2201,#2202,#2203,#2204,#2205,#2206),.UNSPECIFIED.,.F.,.F.,(4,1,1,1,1,1,
1,1,1,4),(-2.33819591562339,-2.33053496491517,-2.32287401420695,-2.3075521127905,
-2.2769083099576,-2.21562070429181,-2.09304549296023,-1.84789507029707,
-1.60274464763391,-1.11244380230758),.UNSPECIFIED.);
#21=B_SPLINE_CURVE_WITH_KNOTS('',3,(#2207,#2208,#2209,#2210,#2211,#2212,
#2213,#2214,#2215,#2216,#2217),.UNSPECIFIED.,.F.,.F.,(4,1,1,1,1,1,1,1,4),
(-1.11244380230758,-0.667466281384549,-0.444977520923033,-0.222488760461516,
-0.111244380230758,-0.0556221901153791,-0.0278110950576896,-0.0139055475288448,
0.),.UNSPECIFIED.);
#22=B_SPLINE_CURVE_WITH_KNOTS('',3,(#2251,#2252,#2253,#2254,#2255,#2256),
 .UNSPECIFIED.,.F.,.F.,(4,1,1,4),(-0.28201960747814,-0.2014425767701,-0.12086554606206,
0.),.UNSPECIFIED.);
#23=B_SPLINE_CURVE_WITH_KNOTS('',3,(#2257,#2258,#2259,#2260,#2261,#2262),
 .UNSPECIFIED.,.F.,.F.,(4,1,1,4),(0.,0.12086554606206,0.2014425767701,0.28201960747814),
 .UNSPECIFIED.);
#24=B_SPLINE_CURVE_WITH_KNOTS('',3,(#2356,#2357,#2358,#2359,#2360,#2361,
#2362,#2363,#2364,#2365),.UNSPECIFIED.,.F.,.F.,(4,1,1,2,1,1,4),(0.,0.139555972377654,
0.279111944755307,0.697779861888268,0.976890524661753,1.25600118743524,
1.39555651882198),.UNSPECIFIED.);
#25=B_SPLINE_CURVE_WITH_KNOTS('',3,(#2366,#2367,#2368,#2369,#2370,#2371,
#2372,#2373,#2374,#2375),.UNSPECIFIED.,.F.,.F.,(4,1,1,2,1,1,4),(-1.39555651882198,
-1.25600118743524,-0.976890524661753,-0.697779861888268,-0.279111944755307,
-0.139555972377654,0.),.UNSPECIFIED.);
#26=B_SPLINE_CURVE_WITH_KNOTS('',3,(#2409,#2410,#2411,#2412,#2413,#2414),
 .UNSPECIFIED.,.F.,.F.,(4,1,1,4),(-0.282019189025193,-0.201442277875138,
-0.120865366725083,0.),.UNSPECIFIED.);
#27=B_SPLINE_CURVE_WITH_KNOTS('',3,(#2415,#2416,#2417,#2418,#2419,#2420),
 .UNSPECIFIED.,.F.,.F.,(4,1,1,4),(0.,0.120865366725083,0.201442277875138,
0.282019189025193),.UNSPECIFIED.);
#28=B_SPLINE_CURVE_WITH_KNOTS('',3,(#2519,#2520,#2521,#2522,#2523,#2524,
#2525,#2526,#2527,#2528,#2529,#2530,#2531,#2532,#2533,#2534,#2535,#2536,
#2537),.UNSPECIFIED.,.F.,.F.,(4,1,1,1,1,1,1,1,2,1,1,1,1,1,1,4),(0.,0.00766091305515378,
0.0153218261103076,0.0306436522206151,0.0612873044412303,0.122574608882461,
0.245149217764921,0.490298435529842,1.22574608882461,1.89321728939796,2.11570768958908,
2.22695288968464,2.28257548973242,2.31038678975631,2.32429243976826,2.3381980897802),
 .UNSPECIFIED.);
#29=B_SPLINE_CURVE_WITH_KNOTS('',3,(#2539,#2540,#2541,#2542,#2543,#2544,
#2545,#2546,#2547,#2548),.UNSPECIFIED.,.F.,.F.,(4,1,1,1,1,1,1,4),(-2.3381980897802,
-2.32429243976826,-2.31038678975631,-2.28257548973242,-2.22695288968464,
-2.11570768958908,-1.89321728939796,-1.22574608882461),.UNSPECIFIED.);
#30=B_SPLINE_CURVE_WITH_KNOTS('',3,(#2549,#2550,#2551,#2552,#2553,#2554,
#2555,#2556,#2557,#2558,#2559),.UNSPECIFIED.,.F.,.F.,(4,1,1,1,1,1,1,1,4),
(-1.22574608882461,-0.490298435529842,-0.245149217764921,-0.122574608882461,
-0.0612873044412303,-0.0306436522206151,-0.0153218261103076,-0.00766091305515378,
0.),.UNSPECIFIED.);
#31=B_SPLINE_CURVE_WITH_KNOTS('',3,(#2602,#2603,#2604,#2605,#2606,#2607),
 .UNSPECIFIED.,.F.,.F.,(4,1,1,4),(-0.28033585889412,-0.200239899210086,
-0.120143939526051,-6.00946515492834E-17),.UNSPECIFIED.);
#32=B_SPLINE_CURVE_WITH_KNOTS('',3,(#2608,#2609,#2610,#2611,#2612,#2613),
 .UNSPECIFIED.,.F.,.F.,(4,1,1,4),(6.00946515492834E-17,0.120143939526051,
0.200239899210086,0.28033585889412),.UNSPECIFIED.);
#33=B_SPLINE_CURVE_WITH_KNOTS('',3,(#2665,#2666,#2667,#2668,#2669,#2670,
#2671),.UNSPECIFIED.,.F.,.F.,(4,1,1,1,4),(0.106254323948365,0.187686752641188,
0.389837318273346,0.625198383731262,0.892104012010195),.UNSPECIFIED.);
#34=B_SPLINE_CURVE_WITH_KNOTS('',3,(#2673,#2674,#2675,#2676,#2677,#2678),
 .UNSPECIFIED.,.F.,.F.,(4,1,1,4),(-0.175101573169283,-0.125072552263774,
-0.0750435313582648,-1.32629896919816E-15),.UNSPECIFIED.);
#35=B_SPLINE_CURVE_WITH_KNOTS('',3,(#2679,#2680,#2681,#2682,#2683,#2684,
#2685),.UNSPECIFIED.,.F.,.F.,(4,1,1,1,4),(0.0876531583544564,0.194659089417711,
0.401109930595949,0.638168243415617,0.900559754436102),.UNSPECIFIED.);
#36=B_SPLINE_CURVE_WITH_KNOTS('',3,(#2874,#2875,#2876,#2877,#2878,#2879,
#2880),.UNSPECIFIED.,.F.,.F.,(4,1,1,1,4),(0.10239479880286,0.128087038294131,
0.273761766718376,0.451530625978058,0.65894839284886),.UNSPECIFIED.);
#37=B_SPLINE_CURVE_WITH_KNOTS('',3,(#2882,#2883,#2884,#2885,#2886,#2887,
#2888,#2889,#2890,#2891,#2892,#2893,#2894,#2895,#2896,#2897,#2898,#2899,
#2900,#2901,#2902,#2903,#2904,#2905,#2906,#2907,#2908,#2909,#2910,#2911,
#2912,#2913,#2914,#2915,#2916),.UNSPECIFIED.,.F.,.F.,(4,1,1,1,1,1,1,1,1,
1,1,2,1,1,1,1,1,1,1,1,1,1,1,1,1,1,1,1,1,1,1,4),(-3.55063474832637,-3.54195249843083,
-3.53254535644162,-3.51394514185894,-3.47758882145694,-3.40816086625315,
-3.40615150808741,-3.34396618510773,-3.28178086212806,-3.22633525918192,
-3.17088965623578,-3.0993315659624,-3.07425309827508,-2.99035807684469,
-2.91677395160625,-2.84871426299557,-2.7853198382385,-2.74339399922865,
-2.72643228856216,-2.67884289433407,-2.64589290032395,-2.62754924040604,
-2.61726256014621,-2.60697587988638,-2.60366822824434,-2.60036057660231,
-2.59705292496028,-2.59539909913926,-2.59457218622875,-2.5941587297735,
-2.59395200154587,-2.59374527331824),.UNSPECIFIED.);
#38=B_SPLINE_CURVE_WITH_KNOTS('',3,(#2918,#2919,#2920,#2921,#2922,#2923,
#2924),.UNSPECIFIED.,.F.,.F.,(4,1,2,4),(-3.55183398874248,-3.55143120996999,
-3.55063511141757,-3.55063474832637),.UNSPECIFIED.);
#39=B_SPLINE_CURVE_WITH_KNOTS('',3,(#2926,#2927,#2928,#2929,#2930,#2931,
#2932,#2933,#2934,#2935,#2936,#2937,#2938,#2939,#2940,#2941),
 .UNSPECIFIED.,.F.,.F.,(4,1,1,1,1,1,1,1,1,2,1,1,4),(-3.61536375323267,-3.6140856846886,
-3.6078164357361,-3.60154725532312,-3.59527854012195,-3.58901068546811,
-3.58274408498463,-3.5764791313009,-3.57021621500016,-3.5640881154914,-3.56395572555107,
-3.55769804944508,-3.55183398874382),.UNSPECIFIED.);
#40=B_SPLINE_CURVE_WITH_KNOTS('',3,(#2942,#2943,#2944,#2945,#2946,#2947,
#2948,#2949,#2950,#2951,#2952,#2953),.UNSPECIFIED.,.F.,.F.,(4,2,1,1,2,2,
4),(-0.852129815037428,-0.833712586979956,-0.680312201051082,-0.526911815122208,
-0.220111043264461,-0.0526657045162879,-0.0017767373632134),
 .UNSPECIFIED.);
#41=B_SPLINE_CURVE_WITH_KNOTS('',3,(#3005,#3006,#3007,#3008,#3009,#3010),
 .UNSPECIFIED.,.F.,.F.,(4,1,1,4),(0.153170207795434,0.265290552720256,0.435567157049232,
0.632059468621641),.UNSPECIFIED.);
#42=B_SPLINE_CURVE_WITH_KNOTS('',3,(#3011,#3012,#3013,#3014,#3015,#3016,
#3017,#3018,#3019,#3020,#3021,#3022,#3023,#3024,#3025,#3026,#3027,#3028,
#3029,#3030),.UNSPECIFIED.,.F.,.F.,(4,1,1,1,1,1,1,1,1,1,2,2,1,1,1,4),(-2.59374527331462,
-2.58616064065095,-2.56530413049607,-2.54471458198297,-2.52436637481003,
-2.52247482960907,-2.50425952834341,-2.4846896026642,-2.46577751377612,
-2.44758692721875,-2.44175224981457,-2.4378248487405,-2.43014514784167,
-2.41343810759984,-2.39744528270458,-2.38518423541233),.UNSPECIFIED.);
#43=B_SPLINE_CURVE_WITH_KNOTS('',3,(#3104,#3105,#3106,#3107,#3108,#3109),
 .UNSPECIFIED.,.F.,.F.,(4,1,1,4),(0.153169909652718,0.265290008845297,0.435566836619689,
0.632062195517939),.UNSPECIFIED.);
#44=B_SPLINE_CURVE_WITH_KNOTS('',3,(#3111,#3112,#3113,#3114,#3115,#3116,
#3117,#3118,#3119,#3120,#3121,#3122,#3123,#3124,#3125,#3126,#3127,#3128),
 .UNSPECIFIED.,.F.,.F.,(4,1,1,1,1,1,1,1,2,1,1,1,1,1,4),(-1.81345954595324,
-1.78064890508614,-1.74374251025742,-1.70150527657816,-1.65242384333441,
-1.59680324376814,-1.53674007335642,-1.4743832061004,-1.44485553459761,
-1.412027510281,-1.35134240975679,-1.29731574028829,-1.25674788327816,-1.24930812061077,
-1.24186835794338),.UNSPECIFIED.);
#45=B_SPLINE_CURVE_WITH_KNOTS('',3,(#3129,#3130,#3131,#3132,#3133,#3134,
#3135,#3136,#3137,#3138,#3139,#3140,#3141,#3142,#3143,#3144,#3145,#3146),
 .UNSPECIFIED.,.F.,.F.,(4,1,1,1,1,1,2,1,1,1,1,1,1,1,4),(-2.38518423541377,
-2.37788664989049,-2.37058906436721,-2.33242380128094,-2.28264997256598,
-2.21945540359611,-2.18206374782965,-2.14843305460299,-2.07825147968333,
-2.01308790949647,-1.95673553710304,-1.90971216002724,-1.87084186118074,
-1.83908793240019,-1.81345954595324),.UNSPECIFIED.);
#46=B_SPLINE_CURVE_WITH_KNOTS('',3,(#3149,#3150,#3151,#3152,#3153,#3154,
#3155,#3156,#3157,#3158,#3159,#3160,#3161,#3162,#3163,#3164,#3165,#3166,
#3167,#3168,#3169,#3170,#3171,#3172,#3173,#3174,#3175,#3176,#3177,#3178,
#3179,#3180,#3181,#3182,#3183,#3184,#3185,#3186,#3187,#3188,#3189,#3190,
#3191,#3192,#3193,#3194,#3195,#3196,#3197,#3198,#3199,#3200,#3201,#3202,
#3203,#3204,#3205,#3206,#3207,#3208,#3209,#3210,#3211,#3212,#3213),
 .UNSPECIFIED.,.T.,.F.,(4,2,2,2,2,1,2,2,2,2,2,2,1,2,2,2,2,2,2,2,2,2,1,2,
2,2,2,2,2,2,2,2,2,4),(-1.,-0.950193070003841,-0.890544894033472,-0.848353623902822,
-0.840891304316991,-0.834136648819939,-0.827381993322887,-0.803249078875779,
-0.750020315312234,-0.739422366846316,-0.676143494986166,-0.672586305002755,
-0.6658321548401,-0.659078004677445,-0.632820340025189,-0.586595783370912,
-0.530034002137552,-0.499988038862672,-0.460079208133573,-0.397934625519494,
-0.355837730263733,-0.340904753858505,-0.334151039270965,-0.327397324683424,
-0.312475979706871,-0.249967834455472,-0.223275361355377,-0.172609884220982,
-0.166755207591764,-0.159101212008191,-0.124220627932845,-0.0761523871751166,
-0.0182118085583767,0.),.UNSPECIFIED.);
#47=B_SPLINE_CURVE_WITH_KNOTS('',3,(#3316,#3317,#3318,#3319,#3320),
 .UNSPECIFIED.,.F.,.F.,(4,1,4),(0.,0.571428571428571,1.),.UNSPECIFIED.);
#48=B_SPLINE_CURVE_WITH_KNOTS('',3,(#3322,#3323,#3324,#3325,#3326,#3327,
#3328,#3329,#3330,#3331,#3332,#3333,#3334,#3335,#3336,#3337,#3338,#3339,
#3340,#3341),.UNSPECIFIED.,.F.,.F.,(4,1,1,1,1,1,1,1,1,1,2,2,1,1,1,4),(1.03331354195974,
1.05619957565654,1.08067368856446,1.1025017839491,1.10461075732972,1.12188913695345,
1.13900867701303,1.15454678277275,1.1699705042668,1.1852625059444,1.1853351600775,
1.18926205398629,1.20036185253695,1.21522898500726,1.22983788085664,1.24186835794433),
 .UNSPECIFIED.);
#49=B_SPLINE_CURVE_WITH_KNOTS('',3,(#3342,#3343,#3344,#3345,#3346),
 .UNSPECIFIED.,.F.,.F.,(4,1,4),(-1.,-0.571428571428571,0.),
 .UNSPECIFIED.);
#50=B_SPLINE_CURVE_WITH_KNOTS('',3,(#3347,#3348,#3349,#3350,#3351,#3352,
#3353,#3354,#3355,#3356,#3357,#3358,#3359,#3360,#3361,#3362,#3363,#3364,
#3365,#3366),.UNSPECIFIED.,.F.,.F.,(4,1,1,1,2,2,1,1,1,1,1,1,1,1,1,4),(-1.24186835794433,
-1.22983788085664,-1.21522898500726,-1.20036185253695,-1.18926205398629,
-1.1853351600775,-1.1852625059444,-1.1699705042668,-1.15454678277275,-1.13900867701303,
-1.12188913695345,-1.10461075732972,-1.1025017839491,-1.08067368856446,
-1.05619957565654,-1.03331354195974),.UNSPECIFIED.);
#51=B_SPLINE_CURVE_WITH_KNOTS('',3,(#3458,#3459,#3460,#3461,#3462),
 .UNSPECIFIED.,.F.,.F.,(4,1,4),(-1.,-0.571428571428571,0.),
 .UNSPECIFIED.);
#52=B_SPLINE_CURVE_WITH_KNOTS('',3,(#3463,#3464,#3465,#3466,#3467,#3468,
#3469,#3470,#3471,#3472,#3473,#3474,#3475,#3476,#3477,#3478,#3479,#3480),
 .UNSPECIFIED.,.F.,.F.,(4,1,1,1,1,1,2,1,1,1,1,1,1,1,4),(1.24186835794338,
1.24930812061077,1.25674788327816,1.29731574028829,1.35134240975679,1.412027510281,
1.44485553459761,1.4743832061004,1.53674007335642,1.59680324376814,1.65242384333441,
1.70150527657816,1.74374251025742,1.78064890508614,1.81345954595324),
 .UNSPECIFIED.);
#53=B_SPLINE_CURVE_WITH_KNOTS('',3,(#3572,#3573,#3574,#3575,#3576),
 .UNSPECIFIED.,.F.,.F.,(4,1,4),(-1.,-0.571428571428571,0.),
 .UNSPECIFIED.);
#54=B_SPLINE_CURVE_WITH_KNOTS('',3,(#3577,#3578,#3579,#3580,#3581,#3582,
#3583,#3584,#3585,#3586,#3587,#3588,#3589,#3590,#3591,#3592,#3593,#3594),
 .UNSPECIFIED.,.F.,.F.,(4,1,1,1,1,1,1,1,2,1,1,1,1,1,4),(1.81345954595324,
1.83908793240019,1.87084186118074,1.90971216002724,1.95673553710304,2.01308790949647,
2.07825147968333,2.14843305460299,2.18206374782965,2.21945540359611,2.28264997256598,
2.33242380128094,2.37058906436721,2.37788664989049,2.38518423541377),
 .UNSPECIFIED.);
#55=B_SPLINE_CURVE_WITH_KNOTS('',3,(#3696,#3697,#3698,#3699,#3700),
 .UNSPECIFIED.,.F.,.F.,(4,1,4),(-1.,-0.571428571428571,0.),
 .UNSPECIFIED.);
#56=B_SPLINE_CURVE_WITH_KNOTS('',3,(#3701,#3702,#3703,#3704,#3705,#3706,
#3707,#3708,#3709,#3710,#3711,#3712,#3713,#3714,#3715,#3716,#3717,#3718,
#3719,#3720),.UNSPECIFIED.,.F.,.F.,(4,1,1,1,2,2,1,1,1,1,1,1,1,1,1,4),(2.38518423541233,
2.39744528270458,2.41343810759984,2.43014514784167,2.4378248487405,2.44175224981457,
2.44758692721875,2.46577751377612,2.4846896026642,2.50425952834341,2.52247482960907,
2.52436637481003,2.54471458198297,2.56530413049607,2.58616064065095,2.59374527331462),
 .UNSPECIFIED.);
#57=B_SPLINE_CURVE_WITH_KNOTS('',3,(#3950,#3951,#3952,#3953,#3954,#3955),
 .UNSPECIFIED.,.F.,.F.,(4,1,1,4),(-1.,-0.571428571428571,-0.285714285714286,
0.),.UNSPECIFIED.);
#58=B_SPLINE_CURVE_WITH_KNOTS('',3,(#3956,#3957,#3958,#3959,#3960,#3961,
#3962,#3963,#3964,#3965,#3966,#3967,#3968,#3969,#3970,#3971,#3972,#3973,
#3974,#3975,#3976,#3977,#3978,#3979,#3980,#3981,#3982,#3983,#3984,#3985,
#3986,#3987,#3988,#3989,#3990,#3991,#3992,#3993),.UNSPECIFIED.,.F.,.F.,
(4,1,1,1,1,1,1,1,1,1,1,1,1,1,1,1,1,1,1,1,2,1,1,1,1,1,1,1,1,1,1,2,1,4),(2.59374527331824,
2.59395200154587,2.5941587297735,2.59457218622875,2.59539909913926,2.59705292496028,
2.60036057660231,2.60366822824434,2.60697587988638,2.61726256014621,2.62754924040604,
2.64589290032395,2.67884289433407,2.72643228856216,2.74339399922865,2.7853198382385,
2.84871426299557,2.91677395160625,2.99035807684469,3.07425309827508,3.0993315659624,
3.17088965623578,3.22633525918192,3.28178086212806,3.34396618510773,3.40615150808741,
3.40816086625315,3.47758882145694,3.51394514185894,3.53254535644162,3.54195249843083,
3.55063511141757,3.55143120996999,3.55183398874248),.UNSPECIFIED.);
#59=B_SPLINE_CURVE_WITH_KNOTS('',3,(#4091,#4092,#4093,#4094,#4095,#4096,
#4097,#4098,#4099,#4100),.UNSPECIFIED.,.F.,.F.,(4,3,3,4),(0.,0.428571464690396,
0.714285774483993,1.00000008423684),.UNSPECIFIED.);
#60=B_SPLINE_CURVE_WITH_KNOTS('',3,(#4101,#4102,#4103,#4104,#4105,#4106,
#4107,#4108,#4109,#4110,#4111,#4112,#4113,#4114,#4115,#4116),
 .UNSPECIFIED.,.F.,.F.,(4,1,1,2,1,1,1,1,1,1,1,1,4),(3.55183398874382,3.55769804944508,
3.56395572555107,3.5640881154914,3.57021621500016,3.5764791313009,3.58274408498463,
3.58901068546811,3.59527854012195,3.60154725532312,3.6078164357361,3.6140856846886,
3.61577420868632),.UNSPECIFIED.);
#61=B_SPLINE_CURVE_WITH_KNOTS('',3,(#4178,#4179,#4180,#4181,#4182,#4183,
#4184,#4185,#4186,#4187,#4188,#4189),.UNSPECIFIED.,.F.,.F.,(4,2,2,1,1,2,
4),(0.00120496010770305,0.0526657045162879,0.220111043264461,0.526911815122208,
0.680312201051082,0.833712586979956,0.852129815037428),.UNSPECIFIED.);
#62=B_SPLINE_CURVE_WITH_KNOTS('',3,(#4223,#4224,#4225,#4226,#4227,#4228),
 .UNSPECIFIED.,.F.,.F.,(4,1,1,4),(1.32629896919816E-15,0.0750435313582648,
0.125072552263774,0.175101573169283),.UNSPECIFIED.);
#63=B_SPLINE_CURVE_WITH_KNOTS('',3,(#4272,#4273,#4274,#4275,#4276,#4277,
#4278,#4279),.UNSPECIFIED.,.F.,.F.,(4,1,1,1,1,4),(-0.519951792503199,-0.297115310001828,
-0.148557655000914,-0.074278827500457,-0.0371394137502285,0.),
 .UNSPECIFIED.);
#64=B_SPLINE_CURVE_WITH_KNOTS('',3,(#4280,#4281,#4282,#4283,#4284,#4285,
#4286,#4287),.UNSPECIFIED.,.F.,.F.,(4,1,1,1,1,4),(0.,0.0371394137502285,
0.074278827500457,0.148557655000914,0.297115310001828,0.519951792503199),
 .UNSPECIFIED.);
#65=B_SPLINE_CURVE_WITH_KNOTS('',3,(#4331,#4332,#4333,#4334,#4335,#4336,
#4337,#4338),.UNSPECIFIED.,.F.,.F.,(4,1,1,1,1,4),(0.,0.0371076552511521,
0.0742153105023042,0.148430621004609,0.296861242009217,0.51950717351613),
 .UNSPECIFIED.);
#66=B_SPLINE_CURVE_WITH_KNOTS('',3,(#4339,#4340,#4341,#4342,#4343,#4344,
#4345,#4346),.UNSPECIFIED.,.F.,.F.,(4,1,1,1,1,4),(-0.51950717351613,-0.296861242009217,
-0.148430621004609,-0.0742153105023042,-0.0371076552511521,0.),
 .UNSPECIFIED.);
#67=B_SPLINE_CURVE_WITH_KNOTS('',3,(#4380,#4381,#4382,#4383,#4384,#4385),
 .UNSPECIFIED.,.F.,.F.,(4,1,1,4),(-0.175093574082005,-0.0750401031790099,
-0.0375200515903867,-1.76345776037674E-12),.UNSPECIFIED.);
#68=B_SPLINE_CURVE_WITH_KNOTS('',3,(#4386,#4387,#4388,#4389,#4390,#4391),
 .UNSPECIFIED.,.F.,.F.,(4,1,1,4),(1.76345776037674E-12,0.0375200515903867,
0.0750401031790099,0.175093574082005),.UNSPECIFIED.);
#69=B_SPLINE_CURVE_WITH_KNOTS('',3,(#4454,#4455,#4456,#4457,#4458,#4459,
#4460),.UNSPECIFIED.,.F.,.F.,(4,3,4),(0.,0.571428704425429,1.00000013045865),
 .UNSPECIFIED.);
#70=B_SPLINE_CURVE_WITH_KNOTS('',3,(#4461,#4462,#4463,#4464,#4465,#4466,
#4467,#4468,#4469,#4470,#4471,#4472),.UNSPECIFIED.,.F.,.F.,(4,2,2,1,1,2,
4),(-0.850353541401895,-0.800324820894939,-0.632520248279494,-0.32548403140468,
-0.171965922967273,-0.0184478145298666,0.),.UNSPECIFIED.);
#71=B_SPLINE_CURVE_WITH_KNOTS('',3,(#4473,#4474,#4475,#4476,#4477,#4478,
#4479,#4480,#4481,#4482,#4483,#4484),.UNSPECIFIED.,.F.,.F.,(4,2,1,1,2,2,
4),(0.,0.0184478145298666,0.171965922967273,0.32548403140468,0.632520248279494,
0.800324820894939,0.850864342065619),.UNSPECIFIED.);
#72=B_SPLINE_CURVE_WITH_KNOTS('',3,(#4582,#4583,#4584,#4585,#4586,#4587,
#4588,#4589,#4590,#4591,#4592,#4593,#4594,#4595,#4596,#4597),
 .UNSPECIFIED.,.F.,.F.,(4,1,1,1,1,1,1,1,1,2,1,1,4),(0.0112158815101934,
0.0129758008839284,0.0192451289226109,0.0255144438252718,0.0317833511167393,
0.0380514578468227,0.0443183730300832,0.0505837069101091,0.0568470721415776,
0.0619074302687646,0.0631080825648133,0.0693663558765948,0.0752170732343031),
 .UNSPECIFIED.);
#73=B_SPLINE_CURVE_WITH_KNOTS('',3,(#4599,#4600,#4601,#4602,#4603,#4604),
 .UNSPECIFIED.,.F.,.F.,(4,1,1,4),(-1.,-0.571428571428571,-0.285714285714286,
0.),.UNSPECIFIED.);
#74=B_SPLINE_CURVE_WITH_KNOTS('',3,(#4605,#4606,#4607,#4608,#4609,#4610,
#4611,#4612,#4613,#4614,#4615,#4616,#4617,#4618,#4619,#4620),
 .UNSPECIFIED.,.F.,.F.,(4,1,1,2,1,1,1,1,1,1,1,1,4),(-0.0752170732343031,
-0.0693663558765948,-0.0631080825648133,-0.0619074302687646,-0.0568470721415776,
-0.0505837069101091,-0.0443183730300832,-0.0380514578468227,-0.0317833511167393,
-0.0255144438252718,-0.0192451289226109,-0.0129758008839284,-0.0116895242151995),
 .UNSPECIFIED.);
#75=B_SPLINE_CURVE_WITH_KNOTS('',3,(#4844,#4845,#4846,#4847,#4848,#4849,
#4850,#4851,#4852,#4853,#4854,#4855,#4856,#4857,#4858,#4859,#4860,#4861,
#4862,#4863,#4864,#4865,#4866,#4867,#4868,#4869,#4870,#4871,#4872,#4873,
#4874,#4875,#4876,#4877),.UNSPECIFIED.,.F.,.F.,(4,1,1,1,1,1,1,1,1,1,1,1,
1,1,1,1,1,1,1,2,1,1,1,1,1,1,1,1,1,1,4),(-1.03331354195716,-1.03317365739828,
-1.0330337728394,-1.03275400372164,-1.03219446548612,-1.03107538901508,
-1.02883723607299,-1.0141558807468,-0.99947452542061,-0.979710174925357,
-0.943454591477358,-0.891160693493595,-0.883688605863772,-0.83168549010697,
-0.771395917267969,-0.708430039929628,-0.637492926912605,-0.596682863485765,
-0.555872800058924,-0.527213217011122,-0.461270381598944,-0.406258702828716,
-0.351247024058488,-0.287371998036453,-0.223496972014418,-0.220922151465943,
-0.152233938716328,-0.114617065842907,-0.0952939129894337,-0.0855012885261354,
-0.0764191713381026),.UNSPECIFIED.);
#76=B_SPLINE_CURVE_WITH_KNOTS('',3,(#4878,#4879,#4880,#4881,#4882),
 .UNSPECIFIED.,.F.,.F.,(4,1,4),(-0.0764191713381026,-0.0756206753643618,
-0.0752170732382508),.UNSPECIFIED.);
#77=B_SPLINE_CURVE_WITH_KNOTS('',3,(#4883,#4884,#4885,#4886,#4887,#4888,
#4889,#4890,#4891,#4892,#4893,#4894,#4895,#4896,#4897,#4898,#4899,#4900,
#4901,#4902,#4903,#4904,#4905,#4906,#4907,#4908,#4909,#4910,#4911,#4912,
#4913,#4914,#4915,#4916,#4917,#4918,#4919),.UNSPECIFIED.,.F.,.F.,(4,1,2,
1,1,1,1,1,1,1,1,1,1,2,1,1,1,1,1,1,1,1,1,1,1,1,1,1,1,1,1,1,4),(0.0752170732382508,
0.0756206753643618,0.0764191713381026,0.0855012885261354,0.0952939129894337,
0.114617065842907,0.152233938716328,0.220922151465943,0.223496972014418,
0.287371998036453,0.351247024058488,0.406258702828716,0.461270381598944,
0.527213217011122,0.555872800058924,0.596682863485765,0.637492926912605,
0.708430039929628,0.771395917267969,0.83168549010697,0.883688605863772,
0.891160693493595,0.943454591477358,0.979710174925357,0.99947452542061,
1.0141558807468,1.02883723607299,1.03107538901508,1.03219446548612,1.03275400372164,
1.0330337728394,1.03317365739828,1.03331354195716),.UNSPECIFIED.);
#78=B_SPLINE_CURVE_WITH_KNOTS('',3,(#4950,#4951,#4952,#4953,#4954,#4955,
#4956,#4957,#4958,#4959,#4960,#4961,#4962,#4963,#4964,#4965,#4966,#4967,
#4968,#4969,#4970,#4971,#4972,#4973,#4974,#4975,#4976,#4977,#4978,#4979),
 .UNSPECIFIED.,.F.,.F.,(4,2,2,2,2,2,2,2,2,2,2,2,2,2,4),(-0.269388782074268,
-0.263020382583207,-0.164919003225918,-0.0940504522342675,-0.0495900435080891,
-0.024226096915052,-0.0122599292420377,-0.00617447528287871,-0.00206664404115335,
-0.00126299374505577,-0.000851368351761592,-0.000568662755659572,-0.000331092889142698,
0.,0.000143743961849205),.UNSPECIFIED.);
#79=B_SPLINE_CURVE_WITH_KNOTS('',3,(#5025,#5026,#5027,#5028,#5029,#5030,
#5031,#5032,#5033),.UNSPECIFIED.,.F.,.F.,(4,1,1,1,1,1,4),(0.,0.131197961620789,
0.262395923241577,0.524791846483154,0.787187769724732,0.852786750535126,
0.91838573134552),.UNSPECIFIED.);
#80=B_SPLINE_CURVE_WITH_KNOTS('',3,(#5034,#5035,#5036,#5037,#5038,#5039,
#5040,#5041,#5042,#5043,#5044,#5045,#5046,#5047,#5048,#5049,#5050,#5051,
#5052,#5053,#5054,#5055,#5056,#5057,#5058,#5059,#5060,#5061,#5062,#5063,
#5064,#5065,#5066,#5067),.UNSPECIFIED.,.T.,.F.,(4,3,3,3,3,3,3,3,3,3,3,4),
(-0.000189234034498767,-0.00017297256262239,-0.000127316069746758,-0.000116201989543288,
-0.000112356377210413,-0.000110003724795707,-0.000108363247752562,-0.000105749079915707,
-9.44290876571653E-5,-7.85717133336551E-5,0.,7.76593844704357E-5),
 .UNSPECIFIED.);
#81=B_SPLINE_CURVE_WITH_KNOTS('',3,(#5117,#5118,#5119,#5120,#5121,#5122,
#5123,#5124,#5125,#5126,#5127,#5128,#5129,#5130,#5131,#5132,#5133,#5134,
#5135,#5136,#5137,#5138,#5139,#5140,#5141,#5142,#5143,#5144,#5145,#5146,
#5147,#5148,#5149,#5150),.UNSPECIFIED.,.T.,.F.,(4,3,3,3,3,3,3,3,3,3,3,4),
(-0.000517633352494654,-0.000377554594558102,-0.000235866098634161,-0.000207405530496942,
-0.000189125304715924,-0.000184385212020884,-0.000178983099140104,-0.000174010403141295,
-0.000162705293520049,-0.000128629596672528,0.,4.57282764807127E-5),
 .UNSPECIFIED.);
#82=B_SPLINE_CURVE_WITH_KNOTS('',3,(#5247,#5248,#5249,#5250,#5251,#5252,
#5253),.UNSPECIFIED.,.F.,.F.,(4,1,1,1,4),(0.087649359434852,0.194658521815205,
0.401108747017081,0.638167378055053,0.900562485359734),.UNSPECIFIED.);
#83=B_SPLINE_CURVE_WITH_KNOTS('',3,(#5304,#5305,#5306,#5307,#5308,#5309,
#5310),.UNSPECIFIED.,.F.,.F.,(4,1,1,1,4),(0.106244006625059,0.187686254541664,
0.389836029126653,0.625197335758696,0.892109268094654),.UNSPECIFIED.);
#84=B_SPLINE_CURVE_WITH_KNOTS('',3,(#5515,#5516,#5517,#5518,#5519,#5520,
#5521),.UNSPECIFIED.,.F.,.F.,(4,1,1,1,4),(0.102386836122794,0.1280871869817,
0.273761682328741,0.45153106002742,0.658954659088532),.UNSPECIFIED.);
#85=B_SPLINE_CURVE_WITH_KNOTS('',3,(#5592,#5593,#5594,#5595,#5596,#5597,
#5598,#5599,#5600,#5601,#5602,#5603,#5604,#5605,#5606,#5607,#5608,#5609,
#5610,#5611,#5612,#5613,#5614,#5615,#5616,#5617,#5618,#5619,#5620,#5621),
 .UNSPECIFIED.,.F.,.F.,(4,2,2,2,2,2,2,2,2,2,2,2,2,2,4),(-0.720197762736574,
-0.720160539874741,-0.720100797083616,-0.719844182587478,-0.719105025502865,
-0.71790406073527,-0.714321839772981,-0.70718085269262,-0.693019102847982,
-0.66517206846501,-0.60614642888488,-0.502680509409606,-0.337758953367484,
-0.109462594732604,-0.0950133049561235),.UNSPECIFIED.);
#86=B_SPLINE_CURVE_WITH_KNOTS('',3,(#5694,#5695,#5696,#5697,#5698,#5699,
#5700,#5701,#5702),.UNSPECIFIED.,.F.,.F.,(4,1,1,1,1,1,4),(0.124803381011791,
0.142857142857143,0.285714285714286,0.428571428571429,0.571428571428571,
0.857142857142857,1.),.UNSPECIFIED.);
#87=B_SPLINE_CURVE_WITH_KNOTS('',3,(#5786,#5787,#5788,#5789,#5790,#5791,
#5792,#5793,#5794,#5795,#5796,#5797,#5798,#5799,#5800,#5801,#5802,#5803,
#5804,#5805,#5806,#5807,#5808,#5809,#5810,#5811,#5812,#5813,#5814,#5815,
#5816,#5817,#5818,#5819,#5820,#5821,#5822,#5823,#5824,#5825,#5826,#5827,
#5828,#5829,#5830,#5831,#5832,#5833,#5834,#5835,#5836,#5837,#5838,#5839,
#5840,#5841,#5842,#5843,#5844,#5845,#5846,#5847,#5848,#5849,#5850),
 .UNSPECIFIED.,.T.,.F.,(4,2,2,2,2,2,2,2,2,2,2,1,2,2,2,2,2,2,2,2,2,1,2,2,
2,2,2,2,1,2,2,2,2,4),(0.,0.0182118085583767,0.0761523871751166,0.124220627932845,
0.159101212008191,0.166755207591764,0.172609884220982,0.223275361355377,
0.249967834455472,0.312475979706871,0.327397324683424,0.334151039270965,
0.340904753858505,0.355837730263733,0.397934625519494,0.460079208133573,
0.499988038862672,0.530034002137552,0.586595783370912,0.632820340025189,
0.659078004677445,0.6658321548401,0.672586305002755,0.676143494986166,0.739422366846316,
0.750020315312234,0.803249078875779,0.827381993322887,0.834136648819939,
0.840891304316991,0.848353623902822,0.890544894033472,0.950193070003841,
1.),.UNSPECIFIED.);
#88=B_SPLINE_CURVE_WITH_KNOTS('',3,(#6891,#6892,#6893,#6894,#6895,#6896,
#6897,#6898,#6899,#6900,#6901,#6902,#6903,#6904,#6905,#6906),
 .UNSPECIFIED.,.F.,.F.,(4,1,1,1,1,1,1,1,1,1,1,1,1,4),(0.,0.0714285714285714,
0.142857142857143,0.285714285714286,0.321428571428571,0.357142857142857,
0.428571428571428,0.5,0.571428571428571,0.642857142857143,0.714285714285714,
0.821428571428571,0.857142857142857,1.),.UNSPECIFIED.);
#89=B_SPLINE_SURFACE_WITH_KNOTS('',3,3,((#1861,#1862,#1863,#1864,#1865,
#1866,#1867,#1868,#1869,#1870,#1871),(#1872,#1873,#1874,#1875,#1876,#1877,
#1878,#1879,#1880,#1881,#1882),(#1883,#1884,#1885,#1886,#1887,#1888,#1889,
#1890,#1891,#1892,#1893),(#1894,#1895,#1896,#1897,#1898,#1899,#1900,#1901,
#1902,#1903,#1904),(#1905,#1906,#1907,#1908,#1909,#1910,#1911,#1912,#1913,
#1914,#1915),(#1916,#1917,#1918,#1919,#1920,#1921,#1922,#1923,#1924,#1925,
#1926),(#1927,#1928,#1929,#1930,#1931,#1932,#1933,#1934,#1935,#1936,#1937),
(#1938,#1939,#1940,#1941,#1942,#1943,#1944,#1945,#1946,#1947,#1948),(#1949,
#1950,#1951,#1952,#1953,#1954,#1955,#1956,#1957,#1958,#1959),(#1960,#1961,
#1962,#1963,#1964,#1965,#1966,#1967,#1968,#1969,#1970)),.UNSPECIFIED.,.F.,
 .F.,.F.,(4,1,1,1,1,1,1,4),(4,1,1,2,1,1,1,4),(0.,0.0357142857142857,0.0714285714285714,
0.142857142857143,0.214285714285714,0.285714285714286,0.357142857142857,
1.),(-1.38899175423702,-1.25009254834277,-1.11119334244853,-0.694495724765797,
-0.416697434859478,-0.277798289906319,-0.138899144953159,0.),
 .UNSPECIFIED.);
#90=B_SPLINE_SURFACE_WITH_KNOTS('',3,3,((#1999,#2000,#2001,#2002,#2003,
#2004,#2005),(#2006,#2007,#2008,#2009,#2010,#2011,#2012),(#2013,#2014,#2015,
#2016,#2017,#2018,#2019),(#2020,#2021,#2022,#2023,#2024,#2025,#2026),(#2027,
#2028,#2029,#2030,#2031,#2032,#2033),(#2034,#2035,#2036,#2037,#2038,#2039,
#2040),(#2041,#2042,#2043,#2044,#2045,#2046,#2047)),.UNSPECIFIED.,.F.,.F.,
 .F.,(4,1,1,1,4),(4,1,1,1,4),(0.,0.285714285714286,0.5,0.785714285714286,
1.),(0.,0.0800957687932524,0.120143653189879,0.200239421983131,0.280335190776384),
 .UNSPECIFIED.);
#91=B_SPLINE_SURFACE_WITH_KNOTS('',3,3,((#2065,#2066,#2067,#2068,#2069,
#2070,#2071,#2072,#2073,#2074,#2075,#2076,#2077,#2078,#2079,#2080,#2081,
#2082,#2083,#2084,#2085),(#2086,#2087,#2088,#2089,#2090,#2091,#2092,#2093,
#2094,#2095,#2096,#2097,#2098,#2099,#2100,#2101,#2102,#2103,#2104,#2105,
#2106),(#2107,#2108,#2109,#2110,#2111,#2112,#2113,#2114,#2115,#2116,#2117,
#2118,#2119,#2120,#2121,#2122,#2123,#2124,#2125,#2126,#2127),(#2128,#2129,
#2130,#2131,#2132,#2133,#2134,#2135,#2136,#2137,#2138,#2139,#2140,#2141,
#2142,#2143,#2144,#2145,#2146,#2147,#2148),(#2149,#2150,#2151,#2152,#2153,
#2154,#2155,#2156,#2157,#2158,#2159,#2160,#2161,#2162,#2163,#2164,#2165,
#2166,#2167,#2168,#2169)),.UNSPECIFIED.,.F.,.F.,.F.,(4,1,4),(4,1,1,1,1,
1,1,1,1,2,1,1,1,1,1,1,1,4),(0.,0.5,1.),(-2.33819591562339,-2.33053496491517,
-2.32287401420695,-2.3075521127905,-2.2769083099576,-2.21562070429181,-2.09304549296023,
-1.84789507029707,-1.60274464763391,-1.11244380230758,-0.667466281384549,
-0.444977520923033,-0.222488760461516,-0.111244380230758,-0.0556221901153791,
-0.0278110950576896,-0.0139055475288448,0.),.UNSPECIFIED.);
#92=B_SPLINE_SURFACE_WITH_KNOTS('',3,3,((#2218,#2219,#2220,#2221,#2222,
#2223),(#2224,#2225,#2226,#2227,#2228,#2229),(#2230,#2231,#2232,#2233,#2234,
#2235),(#2236,#2237,#2238,#2239,#2240,#2241),(#2242,#2243,#2244,#2245,#2246,
#2247)),.UNSPECIFIED.,.F.,.F.,.F.,(4,1,4),(4,1,1,4),(0.,0.5,1.),(0.,0.12086554606206,
0.2014425767701,0.28201960747814),.UNSPECIFIED.);
#93=B_SPLINE_SURFACE_WITH_KNOTS('',3,3,((#2263,#2264,#2265,#2266,#2267,
#2268,#2269,#2270,#2271,#2272),(#2273,#2274,#2275,#2276,#2277,#2278,#2279,
#2280,#2281,#2282),(#2283,#2284,#2285,#2286,#2287,#2288,#2289,#2290,#2291,
#2292),(#2293,#2294,#2295,#2296,#2297,#2298,#2299,#2300,#2301,#2302),(#2303,
#2304,#2305,#2306,#2307,#2308,#2309,#2310,#2311,#2312),(#2313,#2314,#2315,
#2316,#2317,#2318,#2319,#2320,#2321,#2322),(#2323,#2324,#2325,#2326,#2327,
#2328,#2329,#2330,#2331,#2332),(#2333,#2334,#2335,#2336,#2337,#2338,#2339,
#2340,#2341,#2342),(#2343,#2344,#2345,#2346,#2347,#2348,#2349,#2350,#2351,
#2352)),.UNSPECIFIED.,.F.,.F.,.F.,(4,1,1,1,1,1,4),(4,1,1,2,1,1,4),(0.,0.0714285714285714,
0.142857142857143,0.214285714285714,0.285714285714286,0.5,1.),(-1.39555651882198,
-1.25600118743524,-0.976890524661753,-0.697779861888268,-0.279111944755307,
-0.139555972377654,0.),.UNSPECIFIED.);
#94=B_SPLINE_SURFACE_WITH_KNOTS('',3,3,((#2376,#2377,#2378,#2379,#2380,
#2381),(#2382,#2383,#2384,#2385,#2386,#2387),(#2388,#2389,#2390,#2391,#2392,
#2393),(#2394,#2395,#2396,#2397,#2398,#2399),(#2400,#2401,#2402,#2403,#2404,
#2405)),.UNSPECIFIED.,.F.,.F.,.F.,(4,1,4),(4,1,1,4),(0.,0.5,1.),(0.,0.120865366725083,
0.201442277875138,0.282019189025193),.UNSPECIFIED.);
#95=B_SPLINE_SURFACE_WITH_KNOTS('',3,3,((#2421,#2422,#2423,#2424,#2425,
#2426,#2427,#2428,#2429,#2430,#2431,#2432,#2433,#2434,#2435,#2436,#2437,
#2438,#2439),(#2440,#2441,#2442,#2443,#2444,#2445,#2446,#2447,#2448,#2449,
#2450,#2451,#2452,#2453,#2454,#2455,#2456,#2457,#2458),(#2459,#2460,#2461,
#2462,#2463,#2464,#2465,#2466,#2467,#2468,#2469,#2470,#2471,#2472,#2473,
#2474,#2475,#2476,#2477),(#2478,#2479,#2480,#2481,#2482,#2483,#2484,#2485,
#2486,#2487,#2488,#2489,#2490,#2491,#2492,#2493,#2494,#2495,#2496),(#2497,
#2498,#2499,#2500,#2501,#2502,#2503,#2504,#2505,#2506,#2507,#2508,#2509,
#2510,#2511,#2512,#2513,#2514,#2515)),.UNSPECIFIED.,.F.,.F.,.F.,(4,1,4),
(4,1,1,1,1,1,1,2,1,1,1,1,1,1,1,4),(0.,0.5,1.),(-2.3381980897802,-2.32429243976826,
-2.31038678975631,-2.28257548973242,-2.22695288968464,-2.11570768958908,
-1.89321728939796,-1.22574608882461,-0.490298435529842,-0.245149217764921,
-0.122574608882461,-0.0612873044412303,-0.0306436522206151,-0.0153218261103076,
-0.00766091305515378,0.),.UNSPECIFIED.);
#96=B_SPLINE_SURFACE_WITH_KNOTS('',3,3,((#2560,#2561,#2562,#2563,#2564,
#2565),(#2566,#2567,#2568,#2569,#2570,#2571),(#2572,#2573,#2574,#2575,#2576,
#2577),(#2578,#2579,#2580,#2581,#2582,#2583),(#2584,#2585,#2586,#2587,#2588,
#2589),(#2590,#2591,#2592,#2593,#2594,#2595),(#2596,#2597,#2598,#2599,#2600,
#2601)),.UNSPECIFIED.,.F.,.F.,.F.,(4,1,1,1,4),(4,1,1,4),(0.,0.285714285714286,
0.5,0.785714285714286,1.),(6.00946515492834E-17,0.120143939526051,0.200239899210086,
0.28033585889412),.UNSPECIFIED.);
#97=B_SPLINE_SURFACE_WITH_KNOTS('',3,3,((#2614,#2615,#2616,#2617,#2618,
#2619,#2620,#2621,#2622,#2623),(#2624,#2625,#2626,#2627,#2628,#2629,#2630,
#2631,#2632,#2633),(#2634,#2635,#2636,#2637,#2638,#2639,#2640,#2641,#2642,
#2643),(#2644,#2645,#2646,#2647,#2648,#2649,#2650,#2651,#2652,#2653),(#2654,
#2655,#2656,#2657,#2658,#2659,#2660,#2661,#2662,#2663)),.UNSPECIFIED.,.F.,
 .F.,.F.,(4,1,4),(4,1,1,1,1,1,1,4),(0.,0.571428571428571,1.),(0.0910997083319418,
0.204964880389091,0.210312482894386,0.425725088141174,0.433364944167635,
0.68275309864789,0.689486158486447,0.974229611537175),.UNSPECIFIED.);
#98=B_SPLINE_SURFACE_WITH_KNOTS('',3,3,((#2686,#2687,#2688,#2689,#2690,
#2691,#2692,#2693,#2694,#2695,#2696,#2697,#2698,#2699,#2700,#2701,#2702),
(#2703,#2704,#2705,#2706,#2707,#2708,#2709,#2710,#2711,#2712,#2713,#2714,
#2715,#2716,#2717,#2718,#2719),(#2720,#2721,#2722,#2723,#2724,#2725,#2726,
#2727,#2728,#2729,#2730,#2731,#2732,#2733,#2734,#2735,#2736),(#2737,#2738,
#2739,#2740,#2741,#2742,#2743,#2744,#2745,#2746,#2747,#2748,#2749,#2750,
#2751,#2752,#2753),(#2754,#2755,#2756,#2757,#2758,#2759,#2760,#2761,#2762,
#2763,#2764,#2765,#2766,#2767,#2768,#2769,#2770),(#2771,#2772,#2773,#2774,
#2775,#2776,#2777,#2778,#2779,#2780,#2781,#2782,#2783,#2784,#2785,#2786,
#2787),(#2788,#2789,#2790,#2791,#2792,#2793,#2794,#2795,#2796,#2797,#2798,
#2799,#2800,#2801,#2802,#2803,#2804),(#2805,#2806,#2807,#2808,#2809,#2810,
#2811,#2812,#2813,#2814,#2815,#2816,#2817,#2818,#2819,#2820,#2821),(#2822,
#2823,#2824,#2825,#2826,#2827,#2828,#2829,#2830,#2831,#2832,#2833,#2834,
#2835,#2836,#2837,#2838),(#2839,#2840,#2841,#2842,#2843,#2844,#2845,#2846,
#2847,#2848,#2849,#2850,#2851,#2852,#2853,#2854,#2855),(#2856,#2857,#2858,
#2859,#2860,#2861,#2862,#2863,#2864,#2865,#2866,#2867,#2868,#2869,#2870,
#2871,#2872)),.UNSPECIFIED.,.F.,.F.,.F.,(4,1,1,1,2,1,1,4),(4,1,1,1,1,1,
1,1,1,1,1,1,1,1,4),(0.,0.102763875029206,0.205527750058412,0.308291625087617,
0.513819375146029,0.708291625087617,0.805527750058412,1.),(0.116035918851105,
0.186899973775406,0.204964880389091,0.214285714285714,0.321428571428571,
0.399463268897504,0.425725088141174,0.428571428571429,0.571428571428571,
0.658857158991385,0.68275309864789,0.714285714285714,0.857142857142857,
0.928571428571429,0.984313187012628),.UNSPECIFIED.);
#99=B_SPLINE_SURFACE_WITH_KNOTS('',3,3,((#2954,#2955,#2956,#2957,#2958,
#2959,#2960,#2961,#2962,#2963),(#2964,#2965,#2966,#2967,#2968,#2969,#2970,
#2971,#2972,#2973),(#2974,#2975,#2976,#2977,#2978,#2979,#2980,#2981,#2982,
#2983),(#2984,#2985,#2986,#2987,#2988,#2989,#2990,#2991,#2992,#2993),(#2994,
#2995,#2996,#2997,#2998,#2999,#3000,#3001,#3002,#3003)),.UNSPECIFIED.,.F.,
 .F.,.F.,(4,1,4),(4,1,1,1,1,1,1,4),(0.,0.571428571428571,1.),(0.149035766726936,
0.186899973775406,0.189403575031475,0.399463268897503,0.403300148709989,
0.658857158991385,0.662158140988823,0.96151366276412),.UNSPECIFIED.);
#100=B_SPLINE_SURFACE_WITH_KNOTS('',3,3,((#3031,#3032,#3033,#3034,#3035,
#3036),(#3037,#3038,#3039,#3040,#3041,#3042),(#3043,#3044,#3045,#3046,#3047,
#3048),(#3049,#3050,#3051,#3052,#3053,#3054),(#3055,#3056,#3057,#3058,#3059,
#3060),(#3061,#3062,#3063,#3064,#3065,#3066),(#3067,#3068,#3069,#3070,#3071,
#3072),(#3073,#3074,#3075,#3076,#3077,#3078),(#3079,#3080,#3081,#3082,#3083,
#3084),(#3085,#3086,#3087,#3088,#3089,#3090),(#3091,#3092,#3093,#3094,#3095,
#3096),(#3097,#3098,#3099,#3100,#3101,#3102)),.UNSPECIFIED.,.F.,.F.,.F.,
(4,1,1,1,2,1,1,1,4),(4,1,1,4),(0.,0.0750004909780389,0.100000654637385,
0.300001963912156,0.500003273186926,0.700001963912156,0.900000654637385,
0.925000490978039,1.),(0.232851256540779,0.403297958766192,0.662158140988823,
0.977448107733815),.UNSPECIFIED.);
#101=B_SPLINE_SURFACE_WITH_KNOTS('',3,3,((#3214,#3215,#3216,#3217,#3218,
#3219,#3220,#3221,#3222,#3223,#3224,#3225,#3226,#3227,#3228,#3229,#3230,
#3231,#3232,#3233),(#3234,#3235,#3236,#3237,#3238,#3239,#3240,#3241,#3242,
#3243,#3244,#3245,#3246,#3247,#3248,#3249,#3250,#3251,#3252,#3253),(#3254,
#3255,#3256,#3257,#3258,#3259,#3260,#3261,#3262,#3263,#3264,#3265,#3266,
#3267,#3268,#3269,#3270,#3271,#3272,#3273),(#3274,#3275,#3276,#3277,#3278,
#3279,#3280,#3281,#3282,#3283,#3284,#3285,#3286,#3287,#3288,#3289,#3290,
#3291,#3292,#3293),(#3294,#3295,#3296,#3297,#3298,#3299,#3300,#3301,#3302,
#3303,#3304,#3305,#3306,#3307,#3308,#3309,#3310,#3311,#3312,#3313)),
 .UNSPECIFIED.,.F.,.F.,.F.,(4,1,4),(4,1,1,1,1,1,1,1,1,1,2,2,1,1,1,4),(0.,
0.571428571428571,1.),(1.03331354195974,1.05619957565654,1.08067368856446,
1.1025017839491,1.10461075732972,1.12188913695345,1.13900867701303,1.15454678277275,
1.1699705042668,1.1852625059444,1.1853351600775,1.18926205398629,1.20036185253695,
1.21522898500726,1.22983788085664,1.24186835794433),.UNSPECIFIED.);
#102=B_SPLINE_SURFACE_WITH_KNOTS('',3,3,((#3367,#3368,#3369,#3370,#3371,
#3372,#3373,#3374,#3375,#3376,#3377,#3378,#3379,#3380,#3381,#3382,#3383,
#3384),(#3385,#3386,#3387,#3388,#3389,#3390,#3391,#3392,#3393,#3394,#3395,
#3396,#3397,#3398,#3399,#3400,#3401,#3402),(#3403,#3404,#3405,#3406,#3407,
#3408,#3409,#3410,#3411,#3412,#3413,#3414,#3415,#3416,#3417,#3418,#3419,
#3420),(#3421,#3422,#3423,#3424,#3425,#3426,#3427,#3428,#3429,#3430,#3431,
#3432,#3433,#3434,#3435,#3436,#3437,#3438),(#3439,#3440,#3441,#3442,#3443,
#3444,#3445,#3446,#3447,#3448,#3449,#3450,#3451,#3452,#3453,#3454,#3455,
#3456)),.UNSPECIFIED.,.F.,.F.,.F.,(4,1,4),(4,1,1,1,1,1,2,1,1,1,1,1,1,1,
4),(0.,0.571428571428571,1.),(1.24186835794338,1.24930812061077,1.25674788327816,
1.29731574028829,1.35134240975679,1.412027510281,1.44485553459761,1.4743832061004,
1.53674007335642,1.59680324376814,1.65242384333441,1.70150527657816,1.74374251025742,
1.78064890508614,1.81345954595324),.UNSPECIFIED.);
#103=B_SPLINE_SURFACE_WITH_KNOTS('',3,3,((#3481,#3482,#3483,#3484,#3485,
#3486,#3487,#3488,#3489,#3490,#3491,#3492,#3493,#3494,#3495,#3496,#3497,
#3498),(#3499,#3500,#3501,#3502,#3503,#3504,#3505,#3506,#3507,#3508,#3509,
#3510,#3511,#3512,#3513,#3514,#3515,#3516),(#3517,#3518,#3519,#3520,#3521,
#3522,#3523,#3524,#3525,#3526,#3527,#3528,#3529,#3530,#3531,#3532,#3533,
#3534),(#3535,#3536,#3537,#3538,#3539,#3540,#3541,#3542,#3543,#3544,#3545,
#3546,#3547,#3548,#3549,#3550,#3551,#3552),(#3553,#3554,#3555,#3556,#3557,
#3558,#3559,#3560,#3561,#3562,#3563,#3564,#3565,#3566,#3567,#3568,#3569,
#3570)),.UNSPECIFIED.,.F.,.F.,.F.,(4,1,4),(4,1,1,1,1,1,1,1,2,1,1,1,1,1,
4),(0.,0.571428571428571,1.),(1.81345954595324,1.83908793240019,1.87084186118074,
1.90971216002724,1.95673553710304,2.01308790949647,2.07825147968333,2.14843305460299,
2.18206374782965,2.21945540359611,2.28264997256598,2.33242380128094,2.37058906436721,
2.37788664989049,2.38518423541377),.UNSPECIFIED.);
#104=B_SPLINE_SURFACE_WITH_KNOTS('',3,3,((#3595,#3596,#3597,#3598,#3599,
#3600,#3601,#3602,#3603,#3604,#3605,#3606,#3607,#3608,#3609,#3610,#3611,
#3612,#3613,#3614),(#3615,#3616,#3617,#3618,#3619,#3620,#3621,#3622,#3623,
#3624,#3625,#3626,#3627,#3628,#3629,#3630,#3631,#3632,#3633,#3634),(#3635,
#3636,#3637,#3638,#3639,#3640,#3641,#3642,#3643,#3644,#3645,#3646,#3647,
#3648,#3649,#3650,#3651,#3652,#3653,#3654),(#3655,#3656,#3657,#3658,#3659,
#3660,#3661,#3662,#3663,#3664,#3665,#3666,#3667,#3668,#3669,#3670,#3671,
#3672,#3673,#3674),(#3675,#3676,#3677,#3678,#3679,#3680,#3681,#3682,#3683,
#3684,#3685,#3686,#3687,#3688,#3689,#3690,#3691,#3692,#3693,#3694)),
 .UNSPECIFIED.,.F.,.F.,.F.,(4,1,4),(4,1,1,1,2,2,1,1,1,1,1,1,1,1,1,4),(0.,
0.571428571428571,1.),(2.38518423541233,2.39744528270458,2.41343810759984,
2.43014514784167,2.4378248487405,2.44175224981457,2.44758692721875,2.46577751377612,
2.4846896026642,2.50425952834341,2.52247482960907,2.52436637481003,2.54471458198297,
2.56530413049607,2.58616064065095,2.59374527331462),.UNSPECIFIED.);
#105=B_SPLINE_SURFACE_WITH_KNOTS('',3,3,((#3721,#3722,#3723,#3724,#3725,
#3726,#3727,#3728,#3729,#3730,#3731,#3732,#3733,#3734,#3735,#3736,#3737,
#3738,#3739,#3740,#3741,#3742,#3743,#3744,#3745,#3746,#3747,#3748,#3749,
#3750,#3751,#3752,#3753,#3754,#3755,#3756,#3757,#3758),(#3759,#3760,#3761,
#3762,#3763,#3764,#3765,#3766,#3767,#3768,#3769,#3770,#3771,#3772,#3773,
#3774,#3775,#3776,#3777,#3778,#3779,#3780,#3781,#3782,#3783,#3784,#3785,
#3786,#3787,#3788,#3789,#3790,#3791,#3792,#3793,#3794,#3795,#3796),(#3797,
#3798,#3799,#3800,#3801,#3802,#3803,#3804,#3805,#3806,#3807,#3808,#3809,
#3810,#3811,#3812,#3813,#3814,#3815,#3816,#3817,#3818,#3819,#3820,#3821,
#3822,#3823,#3824,#3825,#3826,#3827,#3828,#3829,#3830,#3831,#3832,#3833,
#3834),(#3835,#3836,#3837,#3838,#3839,#3840,#3841,#3842,#3843,#3844,#3845,
#3846,#3847,#3848,#3849,#3850,#3851,#3852,#3853,#3854,#3855,#3856,#3857,
#3858,#3859,#3860,#3861,#3862,#3863,#3864,#3865,#3866,#3867,#3868,#3869,
#3870,#3871,#3872),(#3873,#3874,#3875,#3876,#3877,#3878,#3879,#3880,#3881,
#3882,#3883,#3884,#3885,#3886,#3887,#3888,#3889,#3890,#3891,#3892,#3893,
#3894,#3895,#3896,#3897,#3898,#3899,#3900,#3901,#3902,#3903,#3904,#3905,
#3906,#3907,#3908,#3909,#3910),(#3911,#3912,#3913,#3914,#3915,#3916,#3917,
#3918,#3919,#3920,#3921,#3922,#3923,#3924,#3925,#3926,#3927,#3928,#3929,
#3930,#3931,#3932,#3933,#3934,#3935,#3936,#3937,#3938,#3939,#3940,#3941,
#3942,#3943,#3944,#3945,#3946,#3947,#3948)),.UNSPECIFIED.,.F.,.F.,.F.,(4,
1,1,4),(4,1,1,1,1,1,1,1,1,1,1,1,1,1,1,1,1,1,1,1,2,1,1,1,1,1,1,1,1,1,1,2,
1,4),(0.,0.285714285714286,0.571428571428571,1.),(2.59374527331824,2.59395200154587,
2.5941587297735,2.59457218622875,2.59539909913926,2.59705292496028,2.60036057660231,
2.60366822824434,2.60697587988638,2.61726256014621,2.62754924040604,2.64589290032395,
2.67884289433407,2.72643228856216,2.74339399922865,2.7853198382385,2.84871426299557,
2.91677395160625,2.99035807684469,3.07425309827508,3.0993315659624,3.17088965623578,
3.22633525918192,3.28178086212806,3.34396618510773,3.40615150808741,3.40816086625315,
3.47758882145694,3.51394514185894,3.53254535644162,3.54195249843083,3.55063511141757,
3.55143120996999,3.55183398874248),.UNSPECIFIED.);
#106=B_SPLINE_SURFACE_WITH_KNOTS('',3,3,((#3994,#3995,#3996,#3997,#3998,
#3999,#4000,#4001,#4002,#4003,#4004,#4005,#4006,#4007,#4008,#4009),(#4010,
#4011,#4012,#4013,#4014,#4015,#4016,#4017,#4018,#4019,#4020,#4021,#4022,
#4023,#4024,#4025),(#4026,#4027,#4028,#4029,#4030,#4031,#4032,#4033,#4034,
#4035,#4036,#4037,#4038,#4039,#4040,#4041),(#4042,#4043,#4044,#4045,#4046,
#4047,#4048,#4049,#4050,#4051,#4052,#4053,#4054,#4055,#4056,#4057),(#4058,
#4059,#4060,#4061,#4062,#4063,#4064,#4065,#4066,#4067,#4068,#4069,#4070,
#4071,#4072,#4073),(#4074,#4075,#4076,#4077,#4078,#4079,#4080,#4081,#4082,
#4083,#4084,#4085,#4086,#4087,#4088,#4089)),.UNSPECIFIED.,.F.,.F.,.F.,(4,
1,1,4),(4,1,1,2,1,1,1,1,1,1,1,1,4),(0.,0.285714285714286,0.571428571428571,
1.),(3.55183398874382,3.55769804944508,3.56395572555107,3.5640881154914,
3.57021621500016,3.5764791313009,3.58274408498463,3.58901068546811,3.59527854012195,
3.60154725532312,3.6078164357361,3.6140856846886,3.61577420868632),
 .UNSPECIFIED.);
#107=B_SPLINE_SURFACE_WITH_KNOTS('',3,3,((#4117,#4118,#4119,#4120,#4121,
#4122,#4123,#4124,#4125,#4126,#4127,#4128),(#4129,#4130,#4131,#4132,#4133,
#4134,#4135,#4136,#4137,#4138,#4139,#4140),(#4141,#4142,#4143,#4144,#4145,
#4146,#4147,#4148,#4149,#4150,#4151,#4152),(#4153,#4154,#4155,#4156,#4157,
#4158,#4159,#4160,#4161,#4162,#4163,#4164),(#4165,#4166,#4167,#4168,#4169,
#4170,#4171,#4172,#4173,#4174,#4175,#4176)),.UNSPECIFIED.,.F.,.F.,.F.,(4,
1,4),(4,2,2,1,1,2,4),(0.,0.571428571428571,1.),(0.00120496010770305,0.0526657045162879,
0.220111043264461,0.526911815122208,0.680312201051082,0.833712586979956,
0.852129815037428),.UNSPECIFIED.);
#108=B_SPLINE_SURFACE_WITH_KNOTS('',3,3,((#4191,#4192,#4193,#4194,#4195,
#4196),(#4197,#4198,#4199,#4200,#4201,#4202),(#4203,#4204,#4205,#4206,#4207,
#4208),(#4209,#4210,#4211,#4212,#4213,#4214),(#4215,#4216,#4217,#4218,#4219,
#4220)),.UNSPECIFIED.,.F.,.F.,.F.,(4,1,4),(4,1,1,4),(0.,0.5,1.),(1.32629896919816E-15,
0.0750435313582648,0.125072552263774,0.175101573169283),.UNSPECIFIED.);
#109=B_SPLINE_SURFACE_WITH_KNOTS('',3,3,((#4229,#4230,#4231,#4232,#4233,
#4234,#4235,#4236),(#4237,#4238,#4239,#4240,#4241,#4242,#4243,#4244),(#4245,
#4246,#4247,#4248,#4249,#4250,#4251,#4252),(#4253,#4254,#4255,#4256,#4257,
#4258,#4259,#4260),(#4261,#4262,#4263,#4264,#4265,#4266,#4267,#4268)),
 .UNSPECIFIED.,.F.,.F.,.F.,(4,1,4),(4,1,1,1,1,4),(0.,0.5,1.),(0.,0.0371394137502285,
0.074278827500457,0.148557655000914,0.297115310001828,0.519951792503199),
 .UNSPECIFIED.);
#110=B_SPLINE_SURFACE_WITH_KNOTS('',3,3,((#4288,#4289,#4290,#4291,#4292,
#4293,#4294,#4295),(#4296,#4297,#4298,#4299,#4300,#4301,#4302,#4303),(#4304,
#4305,#4306,#4307,#4308,#4309,#4310,#4311),(#4312,#4313,#4314,#4315,#4316,
#4317,#4318,#4319),(#4320,#4321,#4322,#4323,#4324,#4325,#4326,#4327)),
 .UNSPECIFIED.,.F.,.F.,.F.,(4,1,4),(4,1,1,1,1,4),(0.,0.5,1.),(-0.51950717351613,
-0.296861242009217,-0.148430621004609,-0.0742153105023042,-0.0371076552511521,
0.),.UNSPECIFIED.);
#111=B_SPLINE_SURFACE_WITH_KNOTS('',3,3,((#4347,#4348,#4349,#4350,#4351,
#4352),(#4353,#4354,#4355,#4356,#4357,#4358),(#4359,#4360,#4361,#4362,#4363,
#4364),(#4365,#4366,#4367,#4368,#4369,#4370),(#4371,#4372,#4373,#4374,#4375,
#4376)),.UNSPECIFIED.,.F.,.F.,.F.,(4,1,4),(4,1,1,4),(0.,0.5,1.),(1.76345776037674E-12,
0.0375200515903867,0.0750401031790099,0.175093574082005),.UNSPECIFIED.);
#112=B_SPLINE_SURFACE_WITH_KNOTS('',3,3,((#4392,#4393,#4394,#4395,#4396,
#4397,#4398,#4399,#4400,#4401,#4402,#4403),(#4404,#4405,#4406,#4407,#4408,
#4409,#4410,#4411,#4412,#4413,#4414,#4415),(#4416,#4417,#4418,#4419,#4420,
#4421,#4422,#4423,#4424,#4425,#4426,#4427),(#4428,#4429,#4430,#4431,#4432,
#4433,#4434,#4435,#4436,#4437,#4438,#4439),(#4440,#4441,#4442,#4443,#4444,
#4445,#4446,#4447,#4448,#4449,#4450,#4451)),.UNSPECIFIED.,.F.,.F.,.F.,(4,
1,4),(4,2,1,1,2,2,4),(0.,0.571428571428571,1.),(0.,0.0184478145298666,0.171965922967273,
0.32548403140468,0.632520248279494,0.800324820894939,0.850864342065619),
 .UNSPECIFIED.);
#113=B_SPLINE_SURFACE_WITH_KNOTS('',3,3,((#4485,#4486,#4487,#4488,#4489,
#4490,#4491,#4492,#4493,#4494,#4495,#4496,#4497,#4498,#4499,#4500),(#4501,
#4502,#4503,#4504,#4505,#4506,#4507,#4508,#4509,#4510,#4511,#4512,#4513,
#4514,#4515,#4516),(#4517,#4518,#4519,#4520,#4521,#4522,#4523,#4524,#4525,
#4526,#4527,#4528,#4529,#4530,#4531,#4532),(#4533,#4534,#4535,#4536,#4537,
#4538,#4539,#4540,#4541,#4542,#4543,#4544,#4545,#4546,#4547,#4548),(#4549,
#4550,#4551,#4552,#4553,#4554,#4555,#4556,#4557,#4558,#4559,#4560,#4561,
#4562,#4563,#4564),(#4565,#4566,#4567,#4568,#4569,#4570,#4571,#4572,#4573,
#4574,#4575,#4576,#4577,#4578,#4579,#4580)),.UNSPECIFIED.,.F.,.F.,.F.,(4,
1,1,4),(4,1,1,1,1,1,1,1,1,2,1,1,4),(0.,0.285714285714286,0.571428571428571,
1.),(0.0112158815101934,0.0129758008839284,0.0192451289226109,0.0255144438252718,
0.0317833511167393,0.0380514578468227,0.0443183730300832,0.0505837069101091,
0.0568470721415776,0.0619074302687646,0.0631080825648133,0.0693663558765948,
0.0752170732343031),.UNSPECIFIED.);
#114=B_SPLINE_SURFACE_WITH_KNOTS('',3,3,((#4621,#4622,#4623,#4624,#4625,
#4626,#4627,#4628,#4629,#4630,#4631,#4632,#4633,#4634,#4635,#4636,#4637,
#4638,#4639,#4640,#4641,#4642,#4643,#4644,#4645,#4646,#4647,#4648,#4649,
#4650,#4651,#4652,#4653,#4654,#4655,#4656,#4657),(#4658,#4659,#4660,#4661,
#4662,#4663,#4664,#4665,#4666,#4667,#4668,#4669,#4670,#4671,#4672,#4673,
#4674,#4675,#4676,#4677,#4678,#4679,#4680,#4681,#4682,#4683,#4684,#4685,
#4686,#4687,#4688,#4689,#4690,#4691,#4692,#4693,#4694),(#4695,#4696,#4697,
#4698,#4699,#4700,#4701,#4702,#4703,#4704,#4705,#4706,#4707,#4708,#4709,
#4710,#4711,#4712,#4713,#4714,#4715,#4716,#4717,#4718,#4719,#4720,#4721,
#4722,#4723,#4724,#4725,#4726,#4727,#4728,#4729,#4730,#4731),(#4732,#4733,
#4734,#4735,#4736,#4737,#4738,#4739,#4740,#4741,#4742,#4743,#4744,#4745,
#4746,#4747,#4748,#4749,#4750,#4751,#4752,#4753,#4754,#4755,#4756,#4757,
#4758,#4759,#4760,#4761,#4762,#4763,#4764,#4765,#4766,#4767,#4768),(#4769,
#4770,#4771,#4772,#4773,#4774,#4775,#4776,#4777,#4778,#4779,#4780,#4781,
#4782,#4783,#4784,#4785,#4786,#4787,#4788,#4789,#4790,#4791,#4792,#4793,
#4794,#4795,#4796,#4797,#4798,#4799,#4800,#4801,#4802,#4803,#4804,#4805),
(#4806,#4807,#4808,#4809,#4810,#4811,#4812,#4813,#4814,#4815,#4816,#4817,
#4818,#4819,#4820,#4821,#4822,#4823,#4824,#4825,#4826,#4827,#4828,#4829,
#4830,#4831,#4832,#4833,#4834,#4835,#4836,#4837,#4838,#4839,#4840,#4841,
#4842)),.UNSPECIFIED.,.F.,.F.,.F.,(4,1,1,4),(4,1,2,1,1,1,1,1,1,1,1,1,1,
2,1,1,1,1,1,1,1,1,1,1,1,1,1,1,1,1,1,1,4),(0.,0.285714285714286,0.571428571428571,
1.),(0.0752170732382508,0.0756206753643618,0.0764191713381026,0.0855012885261354,
0.0952939129894337,0.114617065842907,0.152233938716328,0.220922151465943,
0.223496972014418,0.287371998036453,0.351247024058488,0.406258702828716,
0.461270381598944,0.527213217011122,0.555872800058924,0.596682863485765,
0.637492926912605,0.708430039929628,0.771395917267969,0.83168549010697,
0.883688605863772,0.891160693493595,0.943454591477358,0.979710174925357,
0.99947452542061,1.0141558807468,1.02883723607299,1.03107538901508,1.03219446548612,
1.03275400372164,1.0330337728394,1.03317365739828,1.03331354195716),
 .UNSPECIFIED.);
#115=B_SPLINE_SURFACE_WITH_KNOTS('',3,3,((#4920,#4921,#4922,#4923),(#4924,
#4925,#4926,#4927),(#4928,#4929,#4930,#4931),(#4932,#4933,#4934,#4935),
(#4936,#4937,#4938,#4939)),.UNSPECIFIED.,.F.,.F.,.F.,(4,1,4),(4,4),(-1.,
-0.551275293194456,-0.214731763090298),(0.,0.0216120613557593),
 .UNSPECIFIED.);
#116=B_SPLINE_SURFACE_WITH_KNOTS('',3,3,((#4980,#4981,#4982,#4983,#4984,
#4985,#4986,#4987,#4988),(#4989,#4990,#4991,#4992,#4993,#4994,#4995,#4996,
#4997),(#4998,#4999,#5000,#5001,#5002,#5003,#5004,#5005,#5006),(#5007,#5008,
#5009,#5010,#5011,#5012,#5013,#5014,#5015),(#5016,#5017,#5018,#5019,#5020,
#5021,#5022,#5023,#5024)),.UNSPECIFIED.,.F.,.F.,.F.,(4,1,4),(4,1,1,1,1,
1,4),(0.192137830584258,0.538364474619576,1.),(0.,0.131197961620789,0.262395923241577,
0.524791846483154,0.787187769724732,0.852786750535126,0.91838573134552),
 .UNSPECIFIED.);
#117=B_SPLINE_SURFACE_WITH_KNOTS('',3,3,((#5068,#5069,#5070,#5071,#5072,
#5073,#5074,#5075),(#5076,#5077,#5078,#5079,#5080,#5081,#5082,#5083),(#5084,
#5085,#5086,#5087,#5088,#5089,#5090,#5091),(#5092,#5093,#5094,#5095,#5096,
#5097,#5098,#5099),(#5100,#5101,#5102,#5103,#5104,#5105,#5106,#5107)),
 .UNSPECIFIED.,.F.,.F.,.F.,(4,1,4),(4,1,1,1,1,4),(-1.,-0.653524234238723,
-0.19155654655702),(0.,0.131198025523056,0.393594076569167,0.655990127615278,
0.787188153138334,0.918386178661389),.UNSPECIFIED.);
#118=B_SPLINE_SURFACE_WITH_KNOTS('',3,3,((#5151,#5152,#5153,#5154,#5155,
#5156,#5157,#5158),(#5159,#5160,#5161,#5162,#5163,#5164,#5165,#5166),(#5167,
#5168,#5169,#5170,#5171,#5172,#5173,#5174),(#5175,#5176,#5177,#5178,#5179,
#5180,#5181,#5182),(#5183,#5184,#5185,#5186,#5187,#5188,#5189,#5190),(#5191,
#5192,#5193,#5194,#5195,#5196,#5197,#5198),(#5199,#5200,#5201,#5202,#5203,
#5204,#5205,#5206),(#5207,#5208,#5209,#5210,#5211,#5212,#5213,#5214),(#5215,
#5216,#5217,#5218,#5219,#5220,#5221,#5222),(#5223,#5224,#5225,#5226,#5227,
#5228,#5229,#5230),(#5231,#5232,#5233,#5234,#5235,#5236,#5237,#5238),(#5239,
#5240,#5241,#5242,#5243,#5244,#5245,#5246)),.UNSPECIFIED.,.F.,.F.,.F.,(4,
1,1,1,1,2,1,1,4),(4,1,1,1,1,4),(0.,0.0749994313995635,0.0999992418660846,
0.199998483732169,0.299997725598254,0.499996209330423,0.699997725598254,
0.799998483732169,1.),(0.0946973661306461,0.21031128384328,0.433364944167635,
0.689483303038082,0.689486158486447,0.981801265109711),.UNSPECIFIED.);
#119=B_SPLINE_SURFACE_WITH_KNOTS('',3,3,((#5254,#5255,#5256,#5257,#5258,
#5259,#5260,#5261,#5262,#5263),(#5264,#5265,#5266,#5267,#5268,#5269,#5270,
#5271,#5272,#5273),(#5274,#5275,#5276,#5277,#5278,#5279,#5280,#5281,#5282,
#5283),(#5284,#5285,#5286,#5287,#5288,#5289,#5290,#5291,#5292,#5293),(#5294,
#5295,#5296,#5297,#5298,#5299,#5300,#5301,#5302,#5303)),.UNSPECIFIED.,.F.,
 .F.,.F.,(4,1,4),(4,1,1,1,1,1,1,4),(0.,0.571428571428571,1.),(0.0906939471898815,
0.204963611764348,0.21031128384328,0.425722175131014,0.43336245831567,0.682749540265901,
0.689483303038082,0.974231906985701),.UNSPECIFIED.);
#120=B_SPLINE_SURFACE_WITH_KNOTS('',3,3,((#5311,#5312,#5313,#5314,#5315,
#5316,#5317,#5318,#5319,#5320,#5321,#5322,#5323,#5324,#5325,#5326,#5327),
(#5328,#5329,#5330,#5331,#5332,#5333,#5334,#5335,#5336,#5337,#5338,#5339,
#5340,#5341,#5342,#5343,#5344),(#5345,#5346,#5347,#5348,#5349,#5350,#5351,
#5352,#5353,#5354,#5355,#5356,#5357,#5358,#5359,#5360,#5361),(#5362,#5363,
#5364,#5365,#5366,#5367,#5368,#5369,#5370,#5371,#5372,#5373,#5374,#5375,
#5376,#5377,#5378),(#5379,#5380,#5381,#5382,#5383,#5384,#5385,#5386,#5387,
#5388,#5389,#5390,#5391,#5392,#5393,#5394,#5395),(#5396,#5397,#5398,#5399,
#5400,#5401,#5402,#5403,#5404,#5405,#5406,#5407,#5408,#5409,#5410,#5411,
#5412),(#5413,#5414,#5415,#5416,#5417,#5418,#5419,#5420,#5421,#5422,#5423,
#5424,#5425,#5426,#5427,#5428,#5429),(#5430,#5431,#5432,#5433,#5434,#5435,
#5436,#5437,#5438,#5439,#5440,#5441,#5442,#5443,#5444,#5445,#5446),(#5447,
#5448,#5449,#5450,#5451,#5452,#5453,#5454,#5455,#5456,#5457,#5458,#5459,
#5460,#5461,#5462,#5463),(#5464,#5465,#5466,#5467,#5468,#5469,#5470,#5471,
#5472,#5473,#5474,#5475,#5476,#5477,#5478,#5479,#5480),(#5481,#5482,#5483,
#5484,#5485,#5486,#5487,#5488,#5489,#5490,#5491,#5492,#5493,#5494,#5495,
#5496,#5497),(#5498,#5499,#5500,#5501,#5502,#5503,#5504,#5505,#5506,#5507,
#5508,#5509,#5510,#5511,#5512,#5513,#5514)),.UNSPECIFIED.,.F.,.F.,.F.,(4,
1,1,1,2,1,1,1,4),(4,1,1,1,1,1,1,1,1,1,1,1,1,1,4),(0.,0.0972367054768395,
0.194473410953679,0.291710116430518,0.486183527384197,0.691710116430518,
0.845855058215259,0.89723670547684,1.),(0.116024241516063,0.186899052316362,
0.204963611764348,0.214285714285714,0.321428571428571,0.399460712608862,
0.425722175131014,0.428571428571429,0.571428571428571,0.658853779204189,
0.682749540265901,0.714285714285714,0.857142857142857,0.928571428571429,
0.984706224189117),.UNSPECIFIED.);
#121=B_SPLINE_SURFACE_WITH_KNOTS('',3,3,((#5522,#5523,#5524,#5525,#5526,
#5527,#5528,#5529,#5530,#5531),(#5532,#5533,#5534,#5535,#5536,#5537,#5538,
#5539,#5540,#5541),(#5542,#5543,#5544,#5545,#5546,#5547,#5548,#5549,#5550,
#5551),(#5552,#5553,#5554,#5555,#5556,#5557,#5558,#5559,#5560,#5561),(#5562,
#5563,#5564,#5565,#5566,#5567,#5568,#5569,#5570,#5571)),.UNSPECIFIED.,.F.,
 .F.,.F.,(4,1,4),(4,1,1,1,1,1,1,4),(0.,0.571428571428571,1.),(0.149125801784906,
0.186899052316361,0.189402672196766,0.399460712608862,0.403297958766192,
0.658853779204189,0.662155415801599,0.961516949550099),.UNSPECIFIED.);
#122=B_SPLINE_SURFACE_WITH_KNOTS('',3,3,((#5572,#5573,#5574,#5575),(#5576,
#5577,#5578,#5579),(#5580,#5581,#5582,#5583),(#5584,#5585,#5586,#5587),
(#5588,#5589,#5590,#5591)),.UNSPECIFIED.,.F.,.F.,.F.,(4,1,4),(4,4),(0.214688660906047,
0.551250663374884,1.),(0.,0.0216043426869474),.UNSPECIFIED.);
#123=B_SPLINE_SURFACE_WITH_KNOTS('',3,3,((#5622,#5623,#5624,#5625,#5626,
#5627,#5628,#5629,#5630),(#5631,#5632,#5633,#5634,#5635,#5636,#5637,#5638,
#5639),(#5640,#5641,#5642,#5643,#5644,#5645,#5646,#5647,#5648),(#5649,#5650,
#5651,#5652,#5653,#5654,#5655,#5656,#5657),(#5658,#5659,#5660,#5661,#5662,
#5663,#5664,#5665,#5666),(#5667,#5668,#5669,#5670,#5671,#5672,#5673,#5674,
#5675),(#5676,#5677,#5678,#5679,#5680,#5681,#5682,#5683,#5684),(#5685,#5686,
#5687,#5688,#5689,#5690,#5691,#5692,#5693)),.UNSPECIFIED.,.F.,.F.,.F.,(4,
1,1,1,1,4),(4,1,1,1,1,1,4),(0.0300510465809611,0.168615182783681,0.445743455189121,
0.72287172759456,0.86143586379728,1.),(0.106272083029642,0.142857142857143,
0.285714285714286,0.428571428571429,0.571428571428571,0.857142857142857,
1.),.UNSPECIFIED.);
#124=B_SPLINE_SURFACE_WITH_KNOTS('',3,3,((#5703,#5704,#5705,#5706,#5707,
#5708,#5709,#5710,#5711),(#5712,#5713,#5714,#5715,#5716,#5717,#5718,#5719,
#5720),(#5721,#5722,#5723,#5724,#5725,#5726,#5727,#5728,#5729),(#5730,#5731,
#5732,#5733,#5734,#5735,#5736,#5737,#5738),(#5739,#5740,#5741,#5742,#5743,
#5744,#5745,#5746,#5747),(#5748,#5749,#5750,#5751,#5752,#5753,#5754,#5755,
#5756),(#5757,#5758,#5759,#5760,#5761,#5762,#5763,#5764,#5765),(#5766,#5767,
#5768,#5769,#5770,#5771,#5772,#5773,#5774),(#5775,#5776,#5777,#5778,#5779,
#5780,#5781,#5782,#5783)),.UNSPECIFIED.,.F.,.F.,.F.,(4,1,1,1,1,1,4),(4,
1,1,1,1,1,4),(0.,0.138560425910593,0.277120851821187,0.41568127773178,0.692802129552966,
0.83136255546356,0.969922981374153),(0.106266409478211,0.142857142857143,
0.285714285714286,0.428571428571429,0.571428571428571,0.857142857142857,
1.),.UNSPECIFIED.);
#125=B_SPLINE_SURFACE_WITH_KNOTS('',3,3,((#5851,#5852,#5853,#5854,#5855,
#5856,#5857,#5858,#5859,#5860,#5861,#5862,#5863,#5864,#5865,#5866),(#5867,
#5868,#5869,#5870,#5871,#5872,#5873,#5874,#5875,#5876,#5877,#5878,#5879,
#5880,#5881,#5882),(#5883,#5884,#5885,#5886,#5887,#5888,#5889,#5890,#5891,
#5892,#5893,#5894,#5895,#5896,#5897,#5898),(#5899,#5900,#5901,#5902,#5903,
#5904,#5905,#5906,#5907,#5908,#5909,#5910,#5911,#5912,#5913,#5914),(#5915,
#5916,#5917,#5918,#5919,#5920,#5921,#5922,#5923,#5924,#5925,#5926,#5927,
#5928,#5929,#5930),(#5931,#5932,#5933,#5934,#5935,#5936,#5937,#5938,#5939,
#5940,#5941,#5942,#5943,#5944,#5945,#5946),(#5947,#5948,#5949,#5950,#5951,
#5952,#5953,#5954,#5955,#5956,#5957,#5958,#5959,#5960,#5961,#5962),(#5963,
#5964,#5965,#5966,#5967,#5968,#5969,#5970,#5971,#5972,#5973,#5974,#5975,
#5976,#5977,#5978),(#5979,#5980,#5981,#5982,#5983,#5984,#5985,#5986,#5987,
#5988,#5989,#5990,#5991,#5992,#5993,#5994),(#5995,#5996,#5997,#5998,#5999,
#6000,#6001,#6002,#6003,#6004,#6005,#6006,#6007,#6008,#6009,#6010),(#6011,
#6012,#6013,#6014,#6015,#6016,#6017,#6018,#6019,#6020,#6021,#6022,#6023,
#6024,#6025,#6026),(#6027,#6028,#6029,#6030,#6031,#6032,#6033,#6034,#6035,
#6036,#6037,#6038,#6039,#6040,#6041,#6042),(#6043,#6044,#6045,#6046,#6047,
#6048,#6049,#6050,#6051,#6052,#6053,#6054,#6055,#6056,#6057,#6058),(#6059,
#6060,#6061,#6062,#6063,#6064,#6065,#6066,#6067,#6068,#6069,#6070,#6071,
#6072,#6073,#6074),(#6075,#6076,#6077,#6078,#6079,#6080,#6081,#6082,#6083,
#6084,#6085,#6086,#6087,#6088,#6089,#6090),(#6091,#6092,#6093,#6094,#6095,
#6096,#6097,#6098,#6099,#6100,#6101,#6102,#6103,#6104,#6105,#6106),(#6107,
#6108,#6109,#6110,#6111,#6112,#6113,#6114,#6115,#6116,#6117,#6118,#6119,
#6120,#6121,#6122),(#6123,#6124,#6125,#6126,#6127,#6128,#6129,#6130,#6131,
#6132,#6133,#6134,#6135,#6136,#6137,#6138),(#6139,#6140,#6141,#6142,#6143,
#6144,#6145,#6146,#6147,#6148,#6149,#6150,#6151,#6152,#6153,#6154),(#6155,
#6156,#6157,#6158,#6159,#6160,#6161,#6162,#6163,#6164,#6165,#6166,#6167,
#6168,#6169,#6170),(#6171,#6172,#6173,#6174,#6175,#6176,#6177,#6178,#6179,
#6180,#6181,#6182,#6183,#6184,#6185,#6186),(#6187,#6188,#6189,#6190,#6191,
#6192,#6193,#6194,#6195,#6196,#6197,#6198,#6199,#6200,#6201,#6202),(#6203,
#6204,#6205,#6206,#6207,#6208,#6209,#6210,#6211,#6212,#6213,#6214,#6215,
#6216,#6217,#6218),(#6219,#6220,#6221,#6222,#6223,#6224,#6225,#6226,#6227,
#6228,#6229,#6230,#6231,#6232,#6233,#6234),(#6235,#6236,#6237,#6238,#6239,
#6240,#6241,#6242,#6243,#6244,#6245,#6246,#6247,#6248,#6249,#6250),(#6251,
#6252,#6253,#6254,#6255,#6256,#6257,#6258,#6259,#6260,#6261,#6262,#6263,
#6264,#6265,#6266),(#6267,#6268,#6269,#6270,#6271,#6272,#6273,#6274,#6275,
#6276,#6277,#6278,#6279,#6280,#6281,#6282),(#6283,#6284,#6285,#6286,#6287,
#6288,#6289,#6290,#6291,#6292,#6293,#6294,#6295,#6296,#6297,#6298),(#6299,
#6300,#6301,#6302,#6303,#6304,#6305,#6306,#6307,#6308,#6309,#6310,#6311,
#6312,#6313,#6314),(#6315,#6316,#6317,#6318,#6319,#6320,#6321,#6322,#6323,
#6324,#6325,#6326,#6327,#6328,#6329,#6330),(#6331,#6332,#6333,#6334,#6335,
#6336,#6337,#6338,#6339,#6340,#6341,#6342,#6343,#6344,#6345,#6346),(#6347,
#6348,#6349,#6350,#6351,#6352,#6353,#6354,#6355,#6356,#6357,#6358,#6359,
#6360,#6361,#6362),(#6363,#6364,#6365,#6366,#6367,#6368,#6369,#6370,#6371,
#6372,#6373,#6374,#6375,#6376,#6377,#6378),(#6379,#6380,#6381,#6382,#6383,
#6384,#6385,#6386,#6387,#6388,#6389,#6390,#6391,#6392,#6393,#6394),(#6395,
#6396,#6397,#6398,#6399,#6400,#6401,#6402,#6403,#6404,#6405,#6406,#6407,
#6408,#6409,#6410),(#6411,#6412,#6413,#6414,#6415,#6416,#6417,#6418,#6419,
#6420,#6421,#6422,#6423,#6424,#6425,#6426),(#6427,#6428,#6429,#6430,#6431,
#6432,#6433,#6434,#6435,#6436,#6437,#6438,#6439,#6440,#6441,#6442),(#6443,
#6444,#6445,#6446,#6447,#6448,#6449,#6450,#6451,#6452,#6453,#6454,#6455,
#6456,#6457,#6458),(#6459,#6460,#6461,#6462,#6463,#6464,#6465,#6466,#6467,
#6468,#6469,#6470,#6471,#6472,#6473,#6474),(#6475,#6476,#6477,#6478,#6479,
#6480,#6481,#6482,#6483,#6484,#6485,#6486,#6487,#6488,#6489,#6490),(#6491,
#6492,#6493,#6494,#6495,#6496,#6497,#6498,#6499,#6500,#6501,#6502,#6503,
#6504,#6505,#6506),(#6507,#6508,#6509,#6510,#6511,#6512,#6513,#6514,#6515,
#6516,#6517,#6518,#6519,#6520,#6521,#6522),(#6523,#6524,#6525,#6526,#6527,
#6528,#6529,#6530,#6531,#6532,#6533,#6534,#6535,#6536,#6537,#6538),(#6539,
#6540,#6541,#6542,#6543,#6544,#6545,#6546,#6547,#6548,#6549,#6550,#6551,
#6552,#6553,#6554),(#6555,#6556,#6557,#6558,#6559,#6560,#6561,#6562,#6563,
#6564,#6565,#6566,#6567,#6568,#6569,#6570),(#6571,#6572,#6573,#6574,#6575,
#6576,#6577,#6578,#6579,#6580,#6581,#6582,#6583,#6584,#6585,#6586),(#6587,
#6588,#6589,#6590,#6591,#6592,#6593,#6594,#6595,#6596,#6597,#6598,#6599,
#6600,#6601,#6602),(#6603,#6604,#6605,#6606,#6607,#6608,#6609,#6610,#6611,
#6612,#6613,#6614,#6615,#6616,#6617,#6618),(#6619,#6620,#6621,#6622,#6623,
#6624,#6625,#6626,#6627,#6628,#6629,#6630,#6631,#6632,#6633,#6634),(#6635,
#6636,#6637,#6638,#6639,#6640,#6641,#6642,#6643,#6644,#6645,#6646,#6647,
#6648,#6649,#6650),(#6651,#6652,#6653,#6654,#6655,#6656,#6657,#6658,#6659,
#6660,#6661,#6662,#6663,#6664,#6665,#6666),(#6667,#6668,#6669,#6670,#6671,
#6672,#6673,#6674,#6675,#6676,#6677,#6678,#6679,#6680,#6681,#6682),(#6683,
#6684,#6685,#6686,#6687,#6688,#6689,#6690,#6691,#6692,#6693,#6694,#6695,
#6696,#6697,#6698),(#6699,#6700,#6701,#6702,#6703,#6704,#6705,#6706,#6707,
#6708,#6709,#6710,#6711,#6712,#6713,#6714),(#6715,#6716,#6717,#6718,#6719,
#6720,#6721,#6722,#6723,#6724,#6725,#6726,#6727,#6728,#6729,#6730),(#6731,
#6732,#6733,#6734,#6735,#6736,#6737,#6738,#6739,#6740,#6741,#6742,#6743,
#6744,#6745,#6746),(#6747,#6748,#6749,#6750,#6751,#6752,#6753,#6754,#6755,
#6756,#6757,#6758,#6759,#6760,#6761,#6762),(#6763,#6764,#6765,#6766,#6767,
#6768,#6769,#6770,#6771,#6772,#6773,#6774,#6775,#6776,#6777,#6778),(#6779,
#6780,#6781,#6782,#6783,#6784,#6785,#6786,#6787,#6788,#6789,#6790,#6791,
#6792,#6793,#6794),(#6795,#6796,#6797,#6798,#6799,#6800,#6801,#6802,#6803,
#6804,#6805,#6806,#6807,#6808,#6809,#6810),(#6811,#6812,#6813,#6814,#6815,
#6816,#6817,#6818,#6819,#6820,#6821,#6822,#6823,#6824,#6825,#6826),(#6827,
#6828,#6829,#6830,#6831,#6832,#6833,#6834,#6835,#6836,#6837,#6838,#6839,
#6840,#6841,#6842),(#6843,#6844,#6845,#6846,#6847,#6848,#6849,#6850,#6851,
#6852,#6853,#6854,#6855,#6856,#6857,#6858),(#6859,#6860,#6861,#6862,#6863,
#6864,#6865,#6866,#6867,#6868,#6869,#6870,#6871,#6872,#6873,#6874),(#6875,
#6876,#6877,#6878,#6879,#6880,#6881,#6882,#6883,#6884,#6885,#6886,#6887,
#6888,#6889,#6890)),.UNSPECIFIED.,.T.,.F.,.F.,(4,2,2,2,2,2,2,2,2,2,2,1,
2,2,2,2,2,2,2,2,2,1,2,2,2,2,2,2,1,2,2,2,2,4),(4,1,1,1,1,1,1,1,1,1,1,1,1,
4),(0.,0.0182118085583767,0.0761523871751166,0.124220627932845,0.159101212008191,
0.166755207591764,0.172609884220982,0.223275361355377,0.249967834455472,
0.312475979706871,0.327397324683424,0.334151039270965,0.340904753858505,
0.355837730263733,0.397934625519494,0.460079208133573,0.499988038862672,
0.530034002137552,0.586595783370912,0.632820340025189,0.659078004677445,
0.6658321548401,0.672586305002755,0.676143494986166,0.739422366846316,0.750020315312234,
0.803249078875779,0.827381993322887,0.834136648819939,0.840891304316991,
0.848353623902822,0.890544894033472,0.950193070003841,1.),(0.,0.0714285714285714,
0.142857142857143,0.285714285714286,0.321428571428571,0.357142857142857,
0.428571428571428,0.5,0.571428571428571,0.642857142857143,0.714285714285714,
0.821428571428571,0.857142857142857,1.),.UNSPECIFIED.);
#126=B_SPLINE_SURFACE_WITH_KNOTS('',3,3,((#6907,#6908,#6909,#6910),(#6911,
#6912,#6913,#6914),(#6915,#6916,#6917,#6918),(#6919,#6920,#6921,#6922)),
 .UNSPECIFIED.,.F.,.F.,.F.,(4,4),(4,4),(0.,0.346907981382563),(0.999876169374761,
1.),.UNSPECIFIED.);
#127=B_SPLINE_SURFACE_WITH_KNOTS('',3,3,((#6923,#6924,#6925,#6926),(#6927,
#6928,#6929,#6930),(#6931,#6932,#6933,#6934),(#6935,#6936,#6937,#6938)),
 .UNSPECIFIED.,.F.,.F.,.F.,(4,4),(4,4),(0.653092015180392,1.),(0.999876103014486,
1.),.UNSPECIFIED.);
#128=SHAPE_REPRESENTATION_RELATIONSHIP('SRR','None',#6956,#130);
#129=SHAPE_REPRESENTATION_RELATIONSHIP('SRR','None',#6955,#131);
#130=ADVANCED_BREP_SHAPE_REPRESENTATION('',(#134),#6944);
#131=ADVANCED_BREP_SHAPE_REPRESENTATION('',(#135),#6943);
#132=STYLED_ITEM('',(#6969),#134);
#133=STYLED_ITEM('',(#6969),#135);
#134=MANIFOLD_SOLID_BREP('Body1',#1219);
#135=MANIFOLD_SOLID_BREP('Body3',#1220);
#136=TOROIDAL_SURFACE('',#1284,2.55,0.2);
#137=TOROIDAL_SURFACE('',#1289,3.,0.25);
#138=FACE_BOUND('',#395,.T.);
#139=FACE_BOUND('',#400,.T.);
#140=FACE_BOUND('',#423,.T.);
#141=PLANE('',#1272);
#142=PLANE('',#1273);
#143=PLANE('',#1276);
#144=PLANE('',#1277);
#145=PLANE('',#1278);
#146=PLANE('',#1281);
#147=PLANE('',#1282);
#148=PLANE('',#1292);
#149=PLANE('',#1293);
#150=PLANE('',#1297);
#151=PLANE('',#1298);
#152=PLANE('',#1299);
#153=PLANE('',#1301);
#154=PLANE('',#1302);
#155=PLANE('',#1303);
#156=PLANE('',#1312);
#157=PLANE('',#1318);
#158=ELLIPSE('',#1238,0.282842712474619,0.2);
#159=ELLIPSE('',#1240,0.282842712474619,0.2);
#160=ELLIPSE('',#1243,0.282842712474619,0.2);
#161=ELLIPSE('',#1245,0.282842712474619,0.2);
#162=ELLIPSE('',#1248,0.282842712474619,0.2);
#163=ELLIPSE('',#1254,0.282842712474619,0.2);
#164=ELLIPSE('',#1257,0.282842712474619,0.2);
#165=ELLIPSE('',#1267,0.282842712474619,0.2);
#166=LINE('',#1655,#219);
#167=LINE('',#1659,#220);
#168=LINE('',#1663,#221);
#169=LINE('',#1666,#222);
#170=LINE('',#1670,#223);
#171=LINE('',#1674,#224);
#172=LINE('',#1678,#225);
#173=LINE('',#1681,#226);
#174=LINE('',#1685,#227);
#175=LINE('',#1689,#228);
#176=LINE('',#1706,#229);
#177=LINE('',#1707,#230);
#178=LINE('',#1710,#231);
#179=LINE('',#1712,#232);
#180=LINE('',#1717,#233);
#181=LINE('',#1721,#234);
#182=LINE('',#1738,#235);
#183=LINE('',#1739,#236);
#184=LINE('',#1755,#237);
#185=LINE('',#1756,#238);
#186=LINE('',#1759,#239);
#187=LINE('',#1761,#240);
#188=LINE('',#1778,#241);
#189=LINE('',#1779,#242);
#190=LINE('',#1782,#243);
#191=LINE('',#1784,#244);
#192=LINE('',#1785,#245);
#193=LINE('',#1788,#246);
#194=LINE('',#1789,#247);
#195=LINE('',#1792,#248);
#196=LINE('',#1796,#249);
#197=LINE('',#1797,#250);
#198=LINE('',#1800,#251);
#199=LINE('',#1801,#252);
#200=LINE('',#1804,#253);
#201=LINE('',#1805,#254);
#202=LINE('',#1808,#255);
#203=LINE('',#1812,#256);
#204=LINE('',#1813,#257);
#205=LINE('',#1823,#258);
#206=LINE('',#1834,#259);
#207=LINE('',#1836,#260);
#208=LINE('',#1838,#261);
#209=LINE('',#1842,#262);
#210=LINE('',#1844,#263);
#211=LINE('',#1845,#264);
#212=LINE('',#1847,#265);
#213=LINE('',#1848,#266);
#214=LINE('',#1851,#267);
#215=LINE('',#1853,#268);
#216=LINE('',#1855,#269);
#217=LINE('',#1857,#270);
#218=LINE('',#1859,#271);
#219=VECTOR('',#1328,10.);
#220=VECTOR('',#1331,10.);
#221=VECTOR('',#1336,10.);
#222=VECTOR('',#1339,10.);
#223=VECTOR('',#1342,10.);
#224=VECTOR('',#1345,10.);
#225=VECTOR('',#1350,10.);
#226=VECTOR('',#1353,10.);
#227=VECTOR('',#1356,10.);
#228=VECTOR('',#1359,10.);
#229=VECTOR('',#1370,10.);
#230=VECTOR('',#1371,10.);
#231=VECTOR('',#1374,10.);
#232=VECTOR('',#1375,10.);
#233=VECTOR('',#1380,10.);
#234=VECTOR('',#1383,10.);
#235=VECTOR('',#1394,10.);
#236=VECTOR('',#1395,10.);
#237=VECTOR('',#1404,10.);
#238=VECTOR('',#1405,10.);
#239=VECTOR('',#1408,10.);
#240=VECTOR('',#1409,10.);
#241=VECTOR('',#1420,10.);
#242=VECTOR('',#1421,10.);
#243=VECTOR('',#1424,10.);
#244=VECTOR('',#1425,10.);
#245=VECTOR('',#1426,10.);
#246=VECTOR('',#1429,10.);
#247=VECTOR('',#1430,10.);
#248=VECTOR('',#1433,10.);
#249=VECTOR('',#1438,10.);
#250=VECTOR('',#1439,10.);
#251=VECTOR('',#1442,10.);
#252=VECTOR('',#1443,10.);
#253=VECTOR('',#1446,10.);
#254=VECTOR('',#1447,10.);
#255=VECTOR('',#1450,10.);
#256=VECTOR('',#1455,10.);
#257=VECTOR('',#1456,10.);
#258=VECTOR('',#1469,2.75);
#259=VECTOR('',#1484,10.);
#260=VECTOR('',#1485,10.);
#261=VECTOR('',#1486,10.);
#262=VECTOR('',#1489,10.);
#263=VECTOR('',#1490,10.);
#264=VECTOR('',#1491,10.);
#265=VECTOR('',#1494,10.);
#266=VECTOR('',#1495,10.);
#267=VECTOR('',#1500,10.);
#268=VECTOR('',#1503,10.);
#269=VECTOR('',#1506,10.);
#270=VECTOR('',#1509,10.);
#271=VECTOR('',#1512,10.);
#272=CYLINDRICAL_SURFACE('',#1236,0.2);
#273=CYLINDRICAL_SURFACE('',#1239,0.2);
#274=CYLINDRICAL_SURFACE('',#1241,0.2);
#275=CYLINDRICAL_SURFACE('',#1244,0.2);
#276=CYLINDRICAL_SURFACE('',#1246,0.2);
#277=CYLINDRICAL_SURFACE('',#1252,0.2);
#278=CYLINDRICAL_SURFACE('',#1253,0.2);
#279=CYLINDRICAL_SURFACE('',#1255,0.2);
#280=CYLINDRICAL_SURFACE('',#1261,0.2);
#281=CYLINDRICAL_SURFACE('',#1265,0.2);
#282=CYLINDRICAL_SURFACE('',#1266,0.2);
#283=CYLINDRICAL_SURFACE('',#1271,0.2);
#284=CYLINDRICAL_SURFACE('',#1274,0.3);
#285=CYLINDRICAL_SURFACE('',#1279,0.3);
#286=CYLINDRICAL_SURFACE('',#1287,2.75);
#287=CYLINDRICAL_SURFACE('',#1296,0.3);
#288=CYLINDRICAL_SURFACE('',#1300,0.3);
#289=FACE_OUTER_BOUND('',#369,.T.);
#290=FACE_OUTER_BOUND('',#370,.T.);
#291=FACE_OUTER_BOUND('',#371,.T.);
#292=FACE_OUTER_BOUND('',#372,.T.);
#293=FACE_OUTER_BOUND('',#373,.T.);
#294=FACE_OUTER_BOUND('',#374,.T.);
#295=FACE_OUTER_BOUND('',#375,.T.);
#296=FACE_OUTER_BOUND('',#376,.T.);
#297=FACE_OUTER_BOUND('',#377,.T.);
#298=FACE_OUTER_BOUND('',#378,.T.);
#299=FACE_OUTER_BOUND('',#379,.T.);
#300=FACE_OUTER_BOUND('',#380,.T.);
#301=FACE_OUTER_BOUND('',#381,.T.);
#302=FACE_OUTER_BOUND('',#382,.T.);
#303=FACE_OUTER_BOUND('',#383,.T.);
#304=FACE_OUTER_BOUND('',#384,.T.);
#305=FACE_OUTER_BOUND('',#385,.T.);
#306=FACE_OUTER_BOUND('',#386,.T.);
#307=FACE_OUTER_BOUND('',#387,.T.);
#308=FACE_OUTER_BOUND('',#388,.T.);
#309=FACE_OUTER_BOUND('',#389,.T.);
#310=FACE_OUTER_BOUND('',#390,.T.);
#311=FACE_OUTER_BOUND('',#391,.T.);
#312=FACE_OUTER_BOUND('',#392,.T.);
#313=FACE_OUTER_BOUND('',#393,.T.);
#314=FACE_OUTER_BOUND('',#394,.T.);
#315=FACE_OUTER_BOUND('',#396,.T.);
#316=FACE_OUTER_BOUND('',#397,.T.);
#317=FACE_OUTER_BOUND('',#398,.T.);
#318=FACE_OUTER_BOUND('',#399,.T.);
#319=FACE_OUTER_BOUND('',#401,.T.);
#320=FACE_OUTER_BOUND('',#402,.T.);
#321=FACE_OUTER_BOUND('',#403,.T.);
#322=FACE_OUTER_BOUND('',#404,.T.);
#323=FACE_OUTER_BOUND('',#405,.T.);
#324=FACE_OUTER_BOUND('',#406,.T.);
#325=FACE_OUTER_BOUND('',#407,.T.);
#326=FACE_OUTER_BOUND('',#408,.T.);
#327=FACE_OUTER_BOUND('',#409,.T.);
#328=FACE_OUTER_BOUND('',#410,.T.);
#329=FACE_OUTER_BOUND('',#411,.T.);
#330=FACE_OUTER_BOUND('',#412,.T.);
#331=FACE_OUTER_BOUND('',#413,.T.);
#332=FACE_OUTER_BOUND('',#414,.T.);
#333=FACE_OUTER_BOUND('',#415,.T.);
#334=FACE_OUTER_BOUND('',#416,.T.);
#335=FACE_OUTER_BOUND('',#417,.T.);
#336=FACE_OUTER_BOUND('',#418,.T.);
#337=FACE_OUTER_BOUND('',#419,.T.);
#338=FACE_OUTER_BOUND('',#420,.T.);
#339=FACE_OUTER_BOUND('',#421,.T.);
#340=FACE_OUTER_BOUND('',#422,.T.);
#341=FACE_OUTER_BOUND('',#424,.T.);
#342=FACE_OUTER_BOUND('',#425,.T.);
#343=FACE_OUTER_BOUND('',#426,.T.);
#344=FACE_OUTER_BOUND('',#427,.T.);
#345=FACE_OUTER_BOUND('',#428,.T.);
#346=FACE_OUTER_BOUND('',#429,.T.);
#347=FACE_OUTER_BOUND('',#430,.T.);
#348=FACE_OUTER_BOUND('',#431,.T.);
#349=FACE_OUTER_BOUND('',#432,.T.);
#350=FACE_OUTER_BOUND('',#433,.T.);
#351=FACE_OUTER_BOUND('',#434,.T.);
#352=FACE_OUTER_BOUND('',#435,.T.);
#353=FACE_OUTER_BOUND('',#436,.T.);
#354=FACE_OUTER_BOUND('',#437,.T.);
#355=FACE_OUTER_BOUND('',#438,.T.);
#356=FACE_OUTER_BOUND('',#439,.T.);
#357=FACE_OUTER_BOUND('',#440,.T.);
#358=FACE_OUTER_BOUND('',#441,.T.);
#359=FACE_OUTER_BOUND('',#442,.T.);
#360=FACE_OUTER_BOUND('',#443,.T.);
#361=FACE_OUTER_BOUND('',#444,.T.);
#362=FACE_OUTER_BOUND('',#445,.T.);
#363=FACE_OUTER_BOUND('',#446,.T.);
#364=FACE_OUTER_BOUND('',#447,.T.);
#365=FACE_OUTER_BOUND('',#448,.T.);
#366=FACE_OUTER_BOUND('',#449,.T.);
#367=FACE_OUTER_BOUND('',#450,.T.);
#368=FACE_OUTER_BOUND('',#451,.T.);
#369=EDGE_LOOP('',(#778,#779,#780));
#370=EDGE_LOOP('',(#781,#782,#783,#784));
#371=EDGE_LOOP('',(#785,#786,#787,#788));
#372=EDGE_LOOP('',(#789,#790,#791,#792));
#373=EDGE_LOOP('',(#793,#794,#795,#796));
#374=EDGE_LOOP('',(#797,#798,#799,#800));
#375=EDGE_LOOP('',(#801,#802,#803,#804));
#376=EDGE_LOOP('',(#805,#806,#807,#808));
#377=EDGE_LOOP('',(#809,#810,#811,#812));
#378=EDGE_LOOP('',(#813,#814,#815,#816));
#379=EDGE_LOOP('',(#817,#818,#819,#820));
#380=EDGE_LOOP('',(#821,#822,#823,#824));
#381=EDGE_LOOP('',(#825,#826,#827,#828));
#382=EDGE_LOOP('',(#829,#830,#831,#832));
#383=EDGE_LOOP('',(#833,#834,#835,#836));
#384=EDGE_LOOP('',(#837,#838,#839,#840));
#385=EDGE_LOOP('',(#841,#842,#843,#844));
#386=EDGE_LOOP('',(#845,#846,#847,#848));
#387=EDGE_LOOP('',(#849,#850,#851,#852));
#388=EDGE_LOOP('',(#853,#854,#855,#856));
#389=EDGE_LOOP('',(#857,#858,#859,#860));
#390=EDGE_LOOP('',(#861,#862,#863,#864));
#391=EDGE_LOOP('',(#865,#866,#867,#868));
#392=EDGE_LOOP('',(#869,#870,#871,#872));
#393=EDGE_LOOP('',(#873,#874,#875,#876));
#394=EDGE_LOOP('',(#877));
#395=EDGE_LOOP('',(#878,#879,#880,#881,#882,#883,#884,#885,#886,#887,#888,
#889,#890,#891,#892,#893));
#396=EDGE_LOOP('',(#894,#895,#896,#897));
#397=EDGE_LOOP('',(#898,#899,#900,#901));
#398=EDGE_LOOP('',(#902,#903,#904,#905));
#399=EDGE_LOOP('',(#906));
#400=EDGE_LOOP('',(#907));
#401=EDGE_LOOP('',(#908,#909,#910,#911,#912,#913,#914,#915,#916,#917,#918,
#919,#920,#921,#922,#923));
#402=EDGE_LOOP('',(#924,#925,#926,#927));
#403=EDGE_LOOP('',(#928,#929,#930,#931));
#404=EDGE_LOOP('',(#932,#933,#934,#935));
#405=EDGE_LOOP('',(#936,#937,#938,#939));
#406=EDGE_LOOP('',(#940,#941,#942,#943));
#407=EDGE_LOOP('',(#944,#945,#946,#947));
#408=EDGE_LOOP('',(#948,#949,#950,#951));
#409=EDGE_LOOP('',(#952,#953,#954,#955));
#410=EDGE_LOOP('',(#956,#957,#958,#959));
#411=EDGE_LOOP('',(#960,#961,#962,#963));
#412=EDGE_LOOP('',(#964,#965,#966,#967,#968));
#413=EDGE_LOOP('',(#969,#970,#971,#972));
#414=EDGE_LOOP('',(#973,#974,#975,#976));
#415=EDGE_LOOP('',(#977,#978,#979,#980));
#416=EDGE_LOOP('',(#981,#982,#983,#984,#985));
#417=EDGE_LOOP('',(#986,#987,#988,#989));
#418=EDGE_LOOP('',(#990,#991,#992,#993));
#419=EDGE_LOOP('',(#994,#995,#996,#997,#998,#999,#1000,#1001));
#420=EDGE_LOOP('',(#1002,#1003,#1004,#1005));
#421=EDGE_LOOP('',(#1006,#1007,#1008,#1009,#1010));
#422=EDGE_LOOP('',(#1011,#1012,#1013,#1014,#1015,#1016,#1017,#1018));
#423=EDGE_LOOP('',(#1019));
#424=EDGE_LOOP('',(#1020,#1021,#1022,#1023));
#425=EDGE_LOOP('',(#1024,#1025,#1026,#1027));
#426=EDGE_LOOP('',(#1028,#1029,#1030,#1031));
#427=EDGE_LOOP('',(#1032,#1033,#1034,#1035));
#428=EDGE_LOOP('',(#1036,#1037,#1038,#1039,#1040));
#429=EDGE_LOOP('',(#1041,#1042,#1043,#1044));
#430=EDGE_LOOP('',(#1045,#1046,#1047,#1048));
#431=EDGE_LOOP('',(#1049,#1050,#1051,#1052));
#432=EDGE_LOOP('',(#1053,#1054,#1055,#1056));
#433=EDGE_LOOP('',(#1057,#1058,#1059,#1060));
#434=EDGE_LOOP('',(#1061,#1062,#1063,#1064));
#435=EDGE_LOOP('',(#1065,#1066,#1067,#1068));
#436=EDGE_LOOP('',(#1069,#1070,#1071,#1072));
#437=EDGE_LOOP('',(#1073,#1074,#1075,#1076,#1077));
#438=EDGE_LOOP('',(#1078,#1079,#1080));
#439=EDGE_LOOP('',(#1081,#1082,#1083,#1084,#1085,#1086));
#440=EDGE_LOOP('',(#1087,#1088,#1089,#1090,#1091,#1092));
#441=EDGE_LOOP('',(#1093,#1094,#1095,#1096,#1097));
#442=EDGE_LOOP('',(#1098,#1099,#1100,#1101));
#443=EDGE_LOOP('',(#1102,#1103,#1104,#1105,#1106,#1107,#1108,#1109));
#444=EDGE_LOOP('',(#1110,#1111,#1112,#1113));
#445=EDGE_LOOP('',(#1114,#1115,#1116));
#446=EDGE_LOOP('',(#1117,#1118,#1119,#1120,#1121));
#447=EDGE_LOOP('',(#1122,#1123,#1124,#1125,#1126));
#448=EDGE_LOOP('',(#1127));
#449=EDGE_LOOP('',(#1128,#1129,#1130,#1131));
#450=EDGE_LOOP('',(#1132));
#451=EDGE_LOOP('',(#1133));
#452=CIRCLE('',#1235,4.);
#453=CIRCLE('',#1237,0.2);
#454=CIRCLE('',#1242,0.2);
#455=CIRCLE('',#1247,0.2);
#456=CIRCLE('',#1249,0.2);
#457=CIRCLE('',#1250,0.1);
#458=CIRCLE('',#1251,0.3);
#459=CIRCLE('',#1256,0.2);
#460=CIRCLE('',#1258,0.2);
#461=CIRCLE('',#1259,0.0999999999999997);
#462=CIRCLE('',#1260,0.3);
#463=CIRCLE('',#1262,0.2);
#464=CIRCLE('',#1263,0.0999999999999998);
#465=CIRCLE('',#1264,0.3);
#466=CIRCLE('',#1268,0.2);
#467=CIRCLE('',#1269,0.0999999999999998);
#468=CIRCLE('',#1270,0.3);
#469=CIRCLE('',#1275,0.3);
#470=CIRCLE('',#1280,0.3);
#471=CIRCLE('',#1283,2.55);
#472=CIRCLE('',#1285,0.2);
#473=CIRCLE('',#1286,2.75);
#474=CIRCLE('',#1288,2.75);
#475=CIRCLE('',#1290,3.);
#476=CIRCLE('',#1291,0.25);
#477=CIRCLE('',#1294,0.3);
#478=CIRCLE('',#1295,0.3);
#479=CIRCLE('',#1304,0.2);
#480=CIRCLE('',#1305,0.2);
#481=CIRCLE('',#1306,0.199999999999997);
#482=CIRCLE('',#1307,0.200000000000001);
#483=CIRCLE('',#1308,0.199999999999999);
#484=CIRCLE('',#1309,0.199999999999998);
#485=CIRCLE('',#1310,0.200000000000001);
#486=CIRCLE('',#1311,0.199999999999997);
#487=CIRCLE('',#1313,1.25);
#488=CIRCLE('',#1314,1.25);
#489=CIRCLE('',#1315,1.25);
#490=CIRCLE('',#1316,1.25);
#491=CIRCLE('',#1317,1.25);
#492=(
BOUNDED_CURVE()
B_SPLINE_CURVE(5,(#1641,#1642,#1643,#1644,#1645,#1646,#1647,#1648,#1649,
#1650),.UNSPECIFIED.,.F.,.F.)
B_SPLINE_CURVE_WITH_KNOTS((6,1,1,1,1,6),(0.,0.2,0.4,0.6,0.8,1.),
 .UNSPECIFIED.)
CURVE()
GEOMETRIC_REPRESENTATION_ITEM()
RATIONAL_B_SPLINE_CURVE((1.,1.,1.,1.,1.,1.,1.,1.,1.,1.))
REPRESENTATION_ITEM('')
);
#493=(
BOUNDED_CURVE()
B_SPLINE_CURVE(5,(#4941,#4942,#4943,#4944,#4945,#4946,#4947,#4948,#4949),
 .UNSPECIFIED.,.F.,.F.)
B_SPLINE_CURVE_WITH_KNOTS((6,1,1,1,6),(0.214731763090299,0.4,0.6,0.8,1.),
 .UNSPECIFIED.)
CURVE()
GEOMETRIC_REPRESENTATION_ITEM()
RATIONAL_B_SPLINE_CURVE((1.,1.,1.,1.,1.,1.,1.,1.,1.))
REPRESENTATION_ITEM('')
);
#494=(
BOUNDED_CURVE()
B_SPLINE_CURVE(5,(#5108,#5109,#5110,#5111,#5112,#5113,#5114,#5115,#5116),
 .UNSPECIFIED.,.F.,.F.)
B_SPLINE_CURVE_WITH_KNOTS((6,1,1,1,6),(0.214688660906048,0.4,0.6,0.8,1.),
 .UNSPECIFIED.)
CURVE()
GEOMETRIC_REPRESENTATION_ITEM()
RATIONAL_B_SPLINE_CURVE((1.,1.,1.,1.,1.,1.,1.,1.,1.))
REPRESENTATION_ITEM('')
);
#495=VERTEX_POINT('',#1639);
#496=VERTEX_POINT('',#1640);
#497=VERTEX_POINT('',#1653);
#498=VERTEX_POINT('',#1654);
#499=VERTEX_POINT('',#1656);
#500=VERTEX_POINT('',#1658);
#501=VERTEX_POINT('',#1662);
#502=VERTEX_POINT('',#1664);
#503=VERTEX_POINT('',#1668);
#504=VERTEX_POINT('',#1669);
#505=VERTEX_POINT('',#1671);
#506=VERTEX_POINT('',#1673);
#507=VERTEX_POINT('',#1677);
#508=VERTEX_POINT('',#1679);
#509=VERTEX_POINT('',#1683);
#510=VERTEX_POINT('',#1684);
#511=VERTEX_POINT('',#1686);
#512=VERTEX_POINT('',#1688);
#513=VERTEX_POINT('',#1700);
#514=VERTEX_POINT('',#1701);
#515=VERTEX_POINT('',#1709);
#516=VERTEX_POINT('',#1711);
#517=VERTEX_POINT('',#1715);
#518=VERTEX_POINT('',#1716);
#519=VERTEX_POINT('',#1718);
#520=VERTEX_POINT('',#1720);
#521=VERTEX_POINT('',#1732);
#522=VERTEX_POINT('',#1733);
#523=VERTEX_POINT('',#1749);
#524=VERTEX_POINT('',#1750);
#525=VERTEX_POINT('',#1758);
#526=VERTEX_POINT('',#1760);
#527=VERTEX_POINT('',#1772);
#528=VERTEX_POINT('',#1773);
#529=VERTEX_POINT('',#1781);
#530=VERTEX_POINT('',#1783);
#531=VERTEX_POINT('',#1787);
#532=VERTEX_POINT('',#1791);
#533=VERTEX_POINT('',#1795);
#534=VERTEX_POINT('',#1799);
#535=VERTEX_POINT('',#1803);
#536=VERTEX_POINT('',#1807);
#537=VERTEX_POINT('',#1811);
#538=VERTEX_POINT('',#1815);
#539=VERTEX_POINT('',#1818);
#540=VERTEX_POINT('',#1822);
#541=VERTEX_POINT('',#1826);
#542=VERTEX_POINT('',#1831);
#543=VERTEX_POINT('',#1832);
#544=VERTEX_POINT('',#1835);
#545=VERTEX_POINT('',#1837);
#546=VERTEX_POINT('',#1839);
#547=VERTEX_POINT('',#1841);
#548=VERTEX_POINT('',#1843);
#549=VERTEX_POINT('',#1971);
#550=VERTEX_POINT('',#1972);
#551=VERTEX_POINT('',#1974);
#552=VERTEX_POINT('',#1986);
#553=VERTEX_POINT('',#2048);
#554=VERTEX_POINT('',#2049);
#555=VERTEX_POINT('',#2170);
#556=VERTEX_POINT('',#2171);
#557=VERTEX_POINT('',#2194);
#558=VERTEX_POINT('',#2248);
#559=VERTEX_POINT('',#2249);
#560=VERTEX_POINT('',#2353);
#561=VERTEX_POINT('',#2354);
#562=VERTEX_POINT('',#2406);
#563=VERTEX_POINT('',#2407);
#564=VERTEX_POINT('',#2516);
#565=VERTEX_POINT('',#2517);
#566=VERTEX_POINT('',#2538);
#567=VERTEX_POINT('',#2664);
#568=VERTEX_POINT('',#2672);
#569=VERTEX_POINT('',#2873);
#570=VERTEX_POINT('',#2881);
#571=VERTEX_POINT('',#2917);
#572=VERTEX_POINT('',#2925);
#573=VERTEX_POINT('',#3004);
#574=VERTEX_POINT('',#3103);
#575=VERTEX_POINT('',#3110);
#576=VERTEX_POINT('',#3148);
#577=VERTEX_POINT('',#3314);
#578=VERTEX_POINT('',#3315);
#579=VERTEX_POINT('',#3321);
#580=VERTEX_POINT('',#3457);
#581=VERTEX_POINT('',#3571);
#582=VERTEX_POINT('',#3695);
#583=VERTEX_POINT('',#3949);
#584=VERTEX_POINT('',#4090);
#585=VERTEX_POINT('',#4177);
#586=VERTEX_POINT('',#4221);
#587=VERTEX_POINT('',#4269);
#588=VERTEX_POINT('',#4270);
#589=VERTEX_POINT('',#4328);
#590=VERTEX_POINT('',#4329);
#591=VERTEX_POINT('',#4377);
#592=VERTEX_POINT('',#4378);
#593=VERTEX_POINT('',#4452);
#594=VERTEX_POINT('',#4453);
#595=VERTEX_POINT('',#4581);
#596=VERTEX_POINT('',#4598);
#597=VERTEX_POINT('',#4843);
#598=VERTEX_POINT('',#4940);
#599=VERTEX_POINT('',#5785);
#600=EDGE_CURVE('',#495,#496,#492,.T.);
#601=EDGE_CURVE('',#495,#495,#452,.T.);
#602=EDGE_CURVE('',#497,#498,#166,.T.);
#603=EDGE_CURVE('',#498,#499,#453,.T.);
#604=EDGE_CURVE('',#499,#500,#167,.T.);
#605=EDGE_CURVE('',#500,#497,#158,.T.);
#606=EDGE_CURVE('',#500,#501,#168,.T.);
#607=EDGE_CURVE('',#501,#502,#159,.T.);
#608=EDGE_CURVE('',#502,#497,#169,.T.);
#609=EDGE_CURVE('',#503,#504,#170,.T.);
#610=EDGE_CURVE('',#504,#505,#454,.T.);
#611=EDGE_CURVE('',#505,#506,#171,.T.);
#612=EDGE_CURVE('',#506,#503,#160,.T.);
#613=EDGE_CURVE('',#506,#507,#172,.T.);
#614=EDGE_CURVE('',#507,#508,#161,.T.);
#615=EDGE_CURVE('',#508,#503,#173,.T.);
#616=EDGE_CURVE('',#509,#510,#174,.T.);
#617=EDGE_CURVE('',#510,#511,#455,.T.);
#618=EDGE_CURVE('',#511,#512,#175,.T.);
#619=EDGE_CURVE('',#512,#509,#162,.T.);
#620=EDGE_CURVE('',#513,#514,#456,.T.);
#621=EDGE_CURVE('',#514,#511,#457,.T.);
#622=EDGE_CURVE('',#510,#513,#458,.T.);
#623=EDGE_CURVE('',#507,#514,#176,.T.);
#624=EDGE_CURVE('',#513,#508,#177,.T.);
#625=EDGE_CURVE('',#515,#509,#178,.T.);
#626=EDGE_CURVE('',#512,#516,#179,.T.);
#627=EDGE_CURVE('',#516,#515,#163,.T.);
#628=EDGE_CURVE('',#517,#518,#180,.T.);
#629=EDGE_CURVE('',#518,#519,#459,.T.);
#630=EDGE_CURVE('',#519,#520,#181,.T.);
#631=EDGE_CURVE('',#520,#517,#164,.T.);
#632=EDGE_CURVE('',#521,#522,#460,.T.);
#633=EDGE_CURVE('',#522,#519,#461,.T.);
#634=EDGE_CURVE('',#518,#521,#462,.T.);
#635=EDGE_CURVE('',#516,#522,#182,.T.);
#636=EDGE_CURVE('',#521,#515,#183,.T.);
#637=EDGE_CURVE('',#523,#524,#463,.T.);
#638=EDGE_CURVE('',#524,#505,#464,.T.);
#639=EDGE_CURVE('',#504,#523,#465,.T.);
#640=EDGE_CURVE('',#501,#524,#184,.T.);
#641=EDGE_CURVE('',#523,#502,#185,.T.);
#642=EDGE_CURVE('',#525,#517,#186,.T.);
#643=EDGE_CURVE('',#520,#526,#187,.T.);
#644=EDGE_CURVE('',#526,#525,#165,.T.);
#645=EDGE_CURVE('',#527,#528,#466,.T.);
#646=EDGE_CURVE('',#528,#499,#467,.T.);
#647=EDGE_CURVE('',#498,#527,#468,.T.);
#648=EDGE_CURVE('',#526,#528,#188,.T.);
#649=EDGE_CURVE('',#527,#525,#189,.T.);
#650=EDGE_CURVE('',#529,#508,#190,.T.);
#651=EDGE_CURVE('',#529,#530,#191,.T.);
#652=EDGE_CURVE('',#530,#503,#192,.T.);
#653=EDGE_CURVE('',#531,#513,#193,.T.);
#654=EDGE_CURVE('',#531,#529,#194,.T.);
#655=EDGE_CURVE('',#532,#510,#195,.T.);
#656=EDGE_CURVE('',#532,#531,#469,.T.);
#657=EDGE_CURVE('',#533,#509,#196,.T.);
#658=EDGE_CURVE('',#533,#532,#197,.T.);
#659=EDGE_CURVE('',#534,#515,#198,.T.);
#660=EDGE_CURVE('',#534,#533,#199,.T.);
#661=EDGE_CURVE('',#535,#521,#200,.T.);
#662=EDGE_CURVE('',#535,#534,#201,.T.);
#663=EDGE_CURVE('',#536,#518,#202,.T.);
#664=EDGE_CURVE('',#536,#535,#470,.T.);
#665=EDGE_CURVE('',#537,#517,#203,.T.);
#666=EDGE_CURVE('',#537,#536,#204,.T.);
#667=EDGE_CURVE('',#538,#538,#471,.T.);
#668=EDGE_CURVE('',#538,#539,#472,.T.);
#669=EDGE_CURVE('',#539,#539,#473,.T.);
#670=EDGE_CURVE('',#539,#540,#205,.T.);
#671=EDGE_CURVE('',#540,#540,#474,.T.);
#672=EDGE_CURVE('',#541,#541,#475,.T.);
#673=EDGE_CURVE('',#541,#540,#476,.T.);
#674=EDGE_CURVE('',#542,#543,#477,.T.);
#675=EDGE_CURVE('',#530,#542,#206,.T.);
#676=EDGE_CURVE('',#544,#537,#207,.T.);
#677=EDGE_CURVE('',#545,#544,#208,.T.);
#678=EDGE_CURVE('',#546,#545,#478,.T.);
#679=EDGE_CURVE('',#547,#546,#209,.T.);
#680=EDGE_CURVE('',#548,#547,#210,.T.);
#681=EDGE_CURVE('',#543,#548,#211,.T.);
#682=EDGE_CURVE('',#542,#504,#212,.T.);
#683=EDGE_CURVE('',#543,#523,#213,.T.);
#684=EDGE_CURVE('',#544,#525,#214,.T.);
#685=EDGE_CURVE('',#545,#527,#215,.T.);
#686=EDGE_CURVE('',#546,#498,#216,.T.);
#687=EDGE_CURVE('',#547,#497,#217,.T.);
#688=EDGE_CURVE('',#548,#502,#218,.T.);
#689=EDGE_CURVE('',#549,#550,#479,.T.);
#690=EDGE_CURVE('',#550,#551,#15,.T.);
#691=EDGE_CURVE('',#551,#552,#480,.T.);
#692=EDGE_CURVE('',#552,#549,#16,.T.);
#693=EDGE_CURVE('',#553,#554,#481,.T.);
#694=EDGE_CURVE('',#554,#550,#17,.T.);
#695=EDGE_CURVE('',#549,#553,#18,.T.);
#696=EDGE_CURVE('',#555,#556,#482,.T.);
#697=EDGE_CURVE('',#556,#554,#19,.T.);
#698=EDGE_CURVE('',#553,#557,#20,.T.);
#699=EDGE_CURVE('',#557,#555,#21,.T.);
#700=EDGE_CURVE('',#558,#559,#483,.T.);
#701=EDGE_CURVE('',#559,#556,#22,.T.);
#702=EDGE_CURVE('',#555,#558,#23,.T.);
#703=EDGE_CURVE('',#560,#561,#484,.T.);
#704=EDGE_CURVE('',#561,#559,#24,.T.);
#705=EDGE_CURVE('',#558,#560,#25,.T.);
#706=EDGE_CURVE('',#562,#563,#485,.T.);
#707=EDGE_CURVE('',#563,#561,#26,.T.);
#708=EDGE_CURVE('',#560,#562,#27,.T.);
#709=EDGE_CURVE('',#564,#565,#486,.T.);
#710=EDGE_CURVE('',#565,#563,#28,.T.);
#711=EDGE_CURVE('',#562,#566,#29,.T.);
#712=EDGE_CURVE('',#566,#564,#30,.T.);
#713=EDGE_CURVE('',#551,#565,#31,.T.);
#714=EDGE_CURVE('',#564,#552,#32,.T.);
#715=EDGE_CURVE('',#567,#555,#33,.T.);
#716=EDGE_CURVE('',#568,#567,#34,.T.);
#717=EDGE_CURVE('',#568,#558,#35,.T.);
#718=EDGE_CURVE('',#569,#553,#36,.T.);
#719=EDGE_CURVE('',#570,#569,#37,.T.);
#720=EDGE_CURVE('',#571,#570,#38,.T.);
#721=EDGE_CURVE('',#572,#571,#39,.T.);
#722=EDGE_CURVE('',#567,#572,#40,.T.);
#723=EDGE_CURVE('',#573,#549,#41,.T.);
#724=EDGE_CURVE('',#569,#573,#42,.T.);
#725=EDGE_CURVE('',#574,#552,#43,.T.);
#726=EDGE_CURVE('',#575,#574,#44,.T.);
#727=EDGE_CURVE('',#573,#575,#45,.T.);
#728=EDGE_CURVE('',#576,#576,#46,.T.);
#729=EDGE_CURVE('',#577,#578,#47,.T.);
#730=EDGE_CURVE('',#578,#579,#48,.T.);
#731=EDGE_CURVE('',#579,#574,#49,.T.);
#732=EDGE_CURVE('',#574,#577,#50,.T.);
#733=EDGE_CURVE('',#580,#575,#51,.T.);
#734=EDGE_CURVE('',#579,#580,#52,.T.);
#735=EDGE_CURVE('',#581,#573,#53,.T.);
#736=EDGE_CURVE('',#580,#581,#54,.T.);
#737=EDGE_CURVE('',#582,#569,#55,.T.);
#738=EDGE_CURVE('',#581,#582,#56,.T.);
#739=EDGE_CURVE('',#583,#571,#57,.T.);
#740=EDGE_CURVE('',#582,#583,#58,.T.);
#741=EDGE_CURVE('',#584,#572,#59,.T.);
#742=EDGE_CURVE('',#583,#584,#60,.T.);
#743=EDGE_CURVE('',#584,#585,#61,.T.);
#744=EDGE_CURVE('',#585,#567,#487,.T.);
#745=EDGE_CURVE('',#586,#568,#488,.T.);
#746=EDGE_CURVE('',#585,#586,#62,.T.);
#747=EDGE_CURVE('',#587,#588,#489,.T.);
#748=EDGE_CURVE('',#588,#568,#63,.T.);
#749=EDGE_CURVE('',#586,#587,#64,.T.);
#750=EDGE_CURVE('',#589,#590,#490,.T.);
#751=EDGE_CURVE('',#590,#588,#65,.T.);
#752=EDGE_CURVE('',#587,#589,#66,.T.);
#753=EDGE_CURVE('',#591,#592,#491,.T.);
#754=EDGE_CURVE('',#592,#590,#67,.T.);
#755=EDGE_CURVE('',#589,#591,#68,.T.);
#756=EDGE_CURVE('',#593,#594,#69,.T.);
#757=EDGE_CURVE('',#594,#592,#70,.T.);
#758=EDGE_CURVE('',#591,#593,#71,.T.);
#759=EDGE_CURVE('',#593,#595,#72,.T.);
#760=EDGE_CURVE('',#595,#596,#73,.T.);
#761=EDGE_CURVE('',#596,#594,#74,.T.);
#762=EDGE_CURVE('',#577,#597,#75,.T.);
#763=EDGE_CURVE('',#597,#596,#76,.T.);
#764=EDGE_CURVE('',#595,#578,#77,.T.);
#765=EDGE_CURVE('',#583,#598,#493,.T.);
#766=EDGE_CURVE('',#584,#598,#78,.T.);
#767=EDGE_CURVE('',#598,#580,#79,.T.);
#768=EDGE_CURVE('',#598,#598,#80,.T.);
#769=EDGE_CURVE('',#595,#598,#494,.T.);
#770=EDGE_CURVE('',#598,#598,#81,.T.);
#771=EDGE_CURVE('',#590,#560,#82,.T.);
#772=EDGE_CURVE('',#592,#562,#83,.T.);
#773=EDGE_CURVE('',#577,#564,#84,.T.);
#774=EDGE_CURVE('',#598,#593,#85,.T.);
#775=EDGE_CURVE('',#587,#598,#86,.T.);
#776=EDGE_CURVE('',#599,#599,#87,.T.);
#777=EDGE_CURVE('',#599,#576,#88,.T.);
#778=ORIENTED_EDGE('',*,*,#600,.F.);
#779=ORIENTED_EDGE('',*,*,#601,.F.);
#780=ORIENTED_EDGE('',*,*,#600,.T.);
#781=ORIENTED_EDGE('',*,*,#602,.T.);
#782=ORIENTED_EDGE('',*,*,#603,.T.);
#783=ORIENTED_EDGE('',*,*,#604,.T.);
#784=ORIENTED_EDGE('',*,*,#605,.T.);
#785=ORIENTED_EDGE('',*,*,#606,.T.);
#786=ORIENTED_EDGE('',*,*,#607,.T.);
#787=ORIENTED_EDGE('',*,*,#608,.T.);
#788=ORIENTED_EDGE('',*,*,#605,.F.);
#789=ORIENTED_EDGE('',*,*,#609,.T.);
#790=ORIENTED_EDGE('',*,*,#610,.T.);
#791=ORIENTED_EDGE('',*,*,#611,.T.);
#792=ORIENTED_EDGE('',*,*,#612,.T.);
#793=ORIENTED_EDGE('',*,*,#613,.T.);
#794=ORIENTED_EDGE('',*,*,#614,.T.);
#795=ORIENTED_EDGE('',*,*,#615,.T.);
#796=ORIENTED_EDGE('',*,*,#612,.F.);
#797=ORIENTED_EDGE('',*,*,#616,.T.);
#798=ORIENTED_EDGE('',*,*,#617,.T.);
#799=ORIENTED_EDGE('',*,*,#618,.T.);
#800=ORIENTED_EDGE('',*,*,#619,.T.);
#801=ORIENTED_EDGE('',*,*,#620,.T.);
#802=ORIENTED_EDGE('',*,*,#621,.T.);
#803=ORIENTED_EDGE('',*,*,#617,.F.);
#804=ORIENTED_EDGE('',*,*,#622,.T.);
#805=ORIENTED_EDGE('',*,*,#623,.T.);
#806=ORIENTED_EDGE('',*,*,#620,.F.);
#807=ORIENTED_EDGE('',*,*,#624,.T.);
#808=ORIENTED_EDGE('',*,*,#614,.F.);
#809=ORIENTED_EDGE('',*,*,#625,.T.);
#810=ORIENTED_EDGE('',*,*,#619,.F.);
#811=ORIENTED_EDGE('',*,*,#626,.T.);
#812=ORIENTED_EDGE('',*,*,#627,.T.);
#813=ORIENTED_EDGE('',*,*,#628,.T.);
#814=ORIENTED_EDGE('',*,*,#629,.T.);
#815=ORIENTED_EDGE('',*,*,#630,.T.);
#816=ORIENTED_EDGE('',*,*,#631,.T.);
#817=ORIENTED_EDGE('',*,*,#632,.T.);
#818=ORIENTED_EDGE('',*,*,#633,.T.);
#819=ORIENTED_EDGE('',*,*,#629,.F.);
#820=ORIENTED_EDGE('',*,*,#634,.T.);
#821=ORIENTED_EDGE('',*,*,#635,.T.);
#822=ORIENTED_EDGE('',*,*,#632,.F.);
#823=ORIENTED_EDGE('',*,*,#636,.T.);
#824=ORIENTED_EDGE('',*,*,#627,.F.);
#825=ORIENTED_EDGE('',*,*,#637,.T.);
#826=ORIENTED_EDGE('',*,*,#638,.T.);
#827=ORIENTED_EDGE('',*,*,#610,.F.);
#828=ORIENTED_EDGE('',*,*,#639,.T.);
#829=ORIENTED_EDGE('',*,*,#640,.T.);
#830=ORIENTED_EDGE('',*,*,#637,.F.);
#831=ORIENTED_EDGE('',*,*,#641,.T.);
#832=ORIENTED_EDGE('',*,*,#607,.F.);
#833=ORIENTED_EDGE('',*,*,#642,.T.);
#834=ORIENTED_EDGE('',*,*,#631,.F.);
#835=ORIENTED_EDGE('',*,*,#643,.T.);
#836=ORIENTED_EDGE('',*,*,#644,.T.);
#837=ORIENTED_EDGE('',*,*,#645,.T.);
#838=ORIENTED_EDGE('',*,*,#646,.T.);
#839=ORIENTED_EDGE('',*,*,#603,.F.);
#840=ORIENTED_EDGE('',*,*,#647,.T.);
#841=ORIENTED_EDGE('',*,*,#648,.T.);
#842=ORIENTED_EDGE('',*,*,#645,.F.);
#843=ORIENTED_EDGE('',*,*,#649,.T.);
#844=ORIENTED_EDGE('',*,*,#644,.F.);
#845=ORIENTED_EDGE('',*,*,#615,.F.);
#846=ORIENTED_EDGE('',*,*,#650,.F.);
#847=ORIENTED_EDGE('',*,*,#651,.T.);
#848=ORIENTED_EDGE('',*,*,#652,.T.);
#849=ORIENTED_EDGE('',*,*,#624,.F.);
#850=ORIENTED_EDGE('',*,*,#653,.F.);
#851=ORIENTED_EDGE('',*,*,#654,.T.);
#852=ORIENTED_EDGE('',*,*,#650,.T.);
#853=ORIENTED_EDGE('',*,*,#622,.F.);
#854=ORIENTED_EDGE('',*,*,#655,.F.);
#855=ORIENTED_EDGE('',*,*,#656,.T.);
#856=ORIENTED_EDGE('',*,*,#653,.T.);
#857=ORIENTED_EDGE('',*,*,#616,.F.);
#858=ORIENTED_EDGE('',*,*,#657,.F.);
#859=ORIENTED_EDGE('',*,*,#658,.T.);
#860=ORIENTED_EDGE('',*,*,#655,.T.);
#861=ORIENTED_EDGE('',*,*,#625,.F.);
#862=ORIENTED_EDGE('',*,*,#659,.F.);
#863=ORIENTED_EDGE('',*,*,#660,.T.);
#864=ORIENTED_EDGE('',*,*,#657,.T.);
#865=ORIENTED_EDGE('',*,*,#636,.F.);
#866=ORIENTED_EDGE('',*,*,#661,.F.);
#867=ORIENTED_EDGE('',*,*,#662,.T.);
#868=ORIENTED_EDGE('',*,*,#659,.T.);
#869=ORIENTED_EDGE('',*,*,#634,.F.);
#870=ORIENTED_EDGE('',*,*,#663,.F.);
#871=ORIENTED_EDGE('',*,*,#664,.T.);
#872=ORIENTED_EDGE('',*,*,#661,.T.);
#873=ORIENTED_EDGE('',*,*,#628,.F.);
#874=ORIENTED_EDGE('',*,*,#665,.F.);
#875=ORIENTED_EDGE('',*,*,#666,.T.);
#876=ORIENTED_EDGE('',*,*,#663,.T.);
#877=ORIENTED_EDGE('',*,*,#667,.F.);
#878=ORIENTED_EDGE('',*,*,#630,.F.);
#879=ORIENTED_EDGE('',*,*,#633,.F.);
#880=ORIENTED_EDGE('',*,*,#635,.F.);
#881=ORIENTED_EDGE('',*,*,#626,.F.);
#882=ORIENTED_EDGE('',*,*,#618,.F.);
#883=ORIENTED_EDGE('',*,*,#621,.F.);
#884=ORIENTED_EDGE('',*,*,#623,.F.);
#885=ORIENTED_EDGE('',*,*,#613,.F.);
#886=ORIENTED_EDGE('',*,*,#611,.F.);
#887=ORIENTED_EDGE('',*,*,#638,.F.);
#888=ORIENTED_EDGE('',*,*,#640,.F.);
#889=ORIENTED_EDGE('',*,*,#606,.F.);
#890=ORIENTED_EDGE('',*,*,#604,.F.);
#891=ORIENTED_EDGE('',*,*,#646,.F.);
#892=ORIENTED_EDGE('',*,*,#648,.F.);
#893=ORIENTED_EDGE('',*,*,#643,.F.);
#894=ORIENTED_EDGE('',*,*,#667,.T.);
#895=ORIENTED_EDGE('',*,*,#668,.T.);
#896=ORIENTED_EDGE('',*,*,#669,.T.);
#897=ORIENTED_EDGE('',*,*,#668,.F.);
#898=ORIENTED_EDGE('',*,*,#669,.F.);
#899=ORIENTED_EDGE('',*,*,#670,.T.);
#900=ORIENTED_EDGE('',*,*,#671,.F.);
#901=ORIENTED_EDGE('',*,*,#670,.F.);
#902=ORIENTED_EDGE('',*,*,#672,.T.);
#903=ORIENTED_EDGE('',*,*,#673,.T.);
#904=ORIENTED_EDGE('',*,*,#671,.T.);
#905=ORIENTED_EDGE('',*,*,#673,.F.);
#906=ORIENTED_EDGE('',*,*,#601,.T.);
#907=ORIENTED_EDGE('',*,*,#672,.F.);
#908=ORIENTED_EDGE('',*,*,#674,.F.);
#909=ORIENTED_EDGE('',*,*,#675,.F.);
#910=ORIENTED_EDGE('',*,*,#651,.F.);
#911=ORIENTED_EDGE('',*,*,#654,.F.);
#912=ORIENTED_EDGE('',*,*,#656,.F.);
#913=ORIENTED_EDGE('',*,*,#658,.F.);
#914=ORIENTED_EDGE('',*,*,#660,.F.);
#915=ORIENTED_EDGE('',*,*,#662,.F.);
#916=ORIENTED_EDGE('',*,*,#664,.F.);
#917=ORIENTED_EDGE('',*,*,#666,.F.);
#918=ORIENTED_EDGE('',*,*,#676,.F.);
#919=ORIENTED_EDGE('',*,*,#677,.F.);
#920=ORIENTED_EDGE('',*,*,#678,.F.);
#921=ORIENTED_EDGE('',*,*,#679,.F.);
#922=ORIENTED_EDGE('',*,*,#680,.F.);
#923=ORIENTED_EDGE('',*,*,#681,.F.);
#924=ORIENTED_EDGE('',*,*,#639,.F.);
#925=ORIENTED_EDGE('',*,*,#682,.F.);
#926=ORIENTED_EDGE('',*,*,#674,.T.);
#927=ORIENTED_EDGE('',*,*,#683,.T.);
#928=ORIENTED_EDGE('',*,*,#609,.F.);
#929=ORIENTED_EDGE('',*,*,#652,.F.);
#930=ORIENTED_EDGE('',*,*,#675,.T.);
#931=ORIENTED_EDGE('',*,*,#682,.T.);
#932=ORIENTED_EDGE('',*,*,#642,.F.);
#933=ORIENTED_EDGE('',*,*,#684,.F.);
#934=ORIENTED_EDGE('',*,*,#676,.T.);
#935=ORIENTED_EDGE('',*,*,#665,.T.);
#936=ORIENTED_EDGE('',*,*,#649,.F.);
#937=ORIENTED_EDGE('',*,*,#685,.F.);
#938=ORIENTED_EDGE('',*,*,#677,.T.);
#939=ORIENTED_EDGE('',*,*,#684,.T.);
#940=ORIENTED_EDGE('',*,*,#647,.F.);
#941=ORIENTED_EDGE('',*,*,#686,.F.);
#942=ORIENTED_EDGE('',*,*,#678,.T.);
#943=ORIENTED_EDGE('',*,*,#685,.T.);
#944=ORIENTED_EDGE('',*,*,#602,.F.);
#945=ORIENTED_EDGE('',*,*,#687,.F.);
#946=ORIENTED_EDGE('',*,*,#679,.T.);
#947=ORIENTED_EDGE('',*,*,#686,.T.);
#948=ORIENTED_EDGE('',*,*,#608,.F.);
#949=ORIENTED_EDGE('',*,*,#688,.F.);
#950=ORIENTED_EDGE('',*,*,#680,.T.);
#951=ORIENTED_EDGE('',*,*,#687,.T.);
#952=ORIENTED_EDGE('',*,*,#641,.F.);
#953=ORIENTED_EDGE('',*,*,#683,.F.);
#954=ORIENTED_EDGE('',*,*,#681,.T.);
#955=ORIENTED_EDGE('',*,*,#688,.T.);
#956=ORIENTED_EDGE('',*,*,#689,.T.);
#957=ORIENTED_EDGE('',*,*,#690,.T.);
#958=ORIENTED_EDGE('',*,*,#691,.T.);
#959=ORIENTED_EDGE('',*,*,#692,.T.);
#960=ORIENTED_EDGE('',*,*,#693,.T.);
#961=ORIENTED_EDGE('',*,*,#694,.T.);
#962=ORIENTED_EDGE('',*,*,#689,.F.);
#963=ORIENTED_EDGE('',*,*,#695,.T.);
#964=ORIENTED_EDGE('',*,*,#696,.T.);
#965=ORIENTED_EDGE('',*,*,#697,.T.);
#966=ORIENTED_EDGE('',*,*,#693,.F.);
#967=ORIENTED_EDGE('',*,*,#698,.T.);
#968=ORIENTED_EDGE('',*,*,#699,.T.);
#969=ORIENTED_EDGE('',*,*,#700,.T.);
#970=ORIENTED_EDGE('',*,*,#701,.T.);
#971=ORIENTED_EDGE('',*,*,#696,.F.);
#972=ORIENTED_EDGE('',*,*,#702,.T.);
#973=ORIENTED_EDGE('',*,*,#703,.T.);
#974=ORIENTED_EDGE('',*,*,#704,.T.);
#975=ORIENTED_EDGE('',*,*,#700,.F.);
#976=ORIENTED_EDGE('',*,*,#705,.T.);
#977=ORIENTED_EDGE('',*,*,#706,.T.);
#978=ORIENTED_EDGE('',*,*,#707,.T.);
#979=ORIENTED_EDGE('',*,*,#703,.F.);
#980=ORIENTED_EDGE('',*,*,#708,.T.);
#981=ORIENTED_EDGE('',*,*,#709,.T.);
#982=ORIENTED_EDGE('',*,*,#710,.T.);
#983=ORIENTED_EDGE('',*,*,#706,.F.);
#984=ORIENTED_EDGE('',*,*,#711,.T.);
#985=ORIENTED_EDGE('',*,*,#712,.T.);
#986=ORIENTED_EDGE('',*,*,#691,.F.);
#987=ORIENTED_EDGE('',*,*,#713,.T.);
#988=ORIENTED_EDGE('',*,*,#709,.F.);
#989=ORIENTED_EDGE('',*,*,#714,.T.);
#990=ORIENTED_EDGE('',*,*,#702,.F.);
#991=ORIENTED_EDGE('',*,*,#715,.F.);
#992=ORIENTED_EDGE('',*,*,#716,.F.);
#993=ORIENTED_EDGE('',*,*,#717,.T.);
#994=ORIENTED_EDGE('',*,*,#699,.F.);
#995=ORIENTED_EDGE('',*,*,#698,.F.);
#996=ORIENTED_EDGE('',*,*,#718,.F.);
#997=ORIENTED_EDGE('',*,*,#719,.F.);
#998=ORIENTED_EDGE('',*,*,#720,.F.);
#999=ORIENTED_EDGE('',*,*,#721,.F.);
#1000=ORIENTED_EDGE('',*,*,#722,.F.);
#1001=ORIENTED_EDGE('',*,*,#715,.T.);
#1002=ORIENTED_EDGE('',*,*,#695,.F.);
#1003=ORIENTED_EDGE('',*,*,#723,.F.);
#1004=ORIENTED_EDGE('',*,*,#724,.F.);
#1005=ORIENTED_EDGE('',*,*,#718,.T.);
#1006=ORIENTED_EDGE('',*,*,#692,.F.);
#1007=ORIENTED_EDGE('',*,*,#725,.F.);
#1008=ORIENTED_EDGE('',*,*,#726,.F.);
#1009=ORIENTED_EDGE('',*,*,#727,.F.);
#1010=ORIENTED_EDGE('',*,*,#723,.T.);
#1011=ORIENTED_EDGE('',*,*,#690,.F.);
#1012=ORIENTED_EDGE('',*,*,#694,.F.);
#1013=ORIENTED_EDGE('',*,*,#697,.F.);
#1014=ORIENTED_EDGE('',*,*,#701,.F.);
#1015=ORIENTED_EDGE('',*,*,#704,.F.);
#1016=ORIENTED_EDGE('',*,*,#707,.F.);
#1017=ORIENTED_EDGE('',*,*,#710,.F.);
#1018=ORIENTED_EDGE('',*,*,#713,.F.);
#1019=ORIENTED_EDGE('',*,*,#728,.T.);
#1020=ORIENTED_EDGE('',*,*,#729,.T.);
#1021=ORIENTED_EDGE('',*,*,#730,.T.);
#1022=ORIENTED_EDGE('',*,*,#731,.T.);
#1023=ORIENTED_EDGE('',*,*,#732,.T.);
#1024=ORIENTED_EDGE('',*,*,#733,.T.);
#1025=ORIENTED_EDGE('',*,*,#726,.T.);
#1026=ORIENTED_EDGE('',*,*,#731,.F.);
#1027=ORIENTED_EDGE('',*,*,#734,.T.);
#1028=ORIENTED_EDGE('',*,*,#735,.T.);
#1029=ORIENTED_EDGE('',*,*,#727,.T.);
#1030=ORIENTED_EDGE('',*,*,#733,.F.);
#1031=ORIENTED_EDGE('',*,*,#736,.T.);
#1032=ORIENTED_EDGE('',*,*,#737,.T.);
#1033=ORIENTED_EDGE('',*,*,#724,.T.);
#1034=ORIENTED_EDGE('',*,*,#735,.F.);
#1035=ORIENTED_EDGE('',*,*,#738,.T.);
#1036=ORIENTED_EDGE('',*,*,#739,.T.);
#1037=ORIENTED_EDGE('',*,*,#720,.T.);
#1038=ORIENTED_EDGE('',*,*,#719,.T.);
#1039=ORIENTED_EDGE('',*,*,#737,.F.);
#1040=ORIENTED_EDGE('',*,*,#740,.T.);
#1041=ORIENTED_EDGE('',*,*,#741,.T.);
#1042=ORIENTED_EDGE('',*,*,#721,.T.);
#1043=ORIENTED_EDGE('',*,*,#739,.F.);
#1044=ORIENTED_EDGE('',*,*,#742,.T.);
#1045=ORIENTED_EDGE('',*,*,#741,.F.);
#1046=ORIENTED_EDGE('',*,*,#743,.T.);
#1047=ORIENTED_EDGE('',*,*,#744,.T.);
#1048=ORIENTED_EDGE('',*,*,#722,.T.);
#1049=ORIENTED_EDGE('',*,*,#745,.T.);
#1050=ORIENTED_EDGE('',*,*,#716,.T.);
#1051=ORIENTED_EDGE('',*,*,#744,.F.);
#1052=ORIENTED_EDGE('',*,*,#746,.T.);
#1053=ORIENTED_EDGE('',*,*,#747,.T.);
#1054=ORIENTED_EDGE('',*,*,#748,.T.);
#1055=ORIENTED_EDGE('',*,*,#745,.F.);
#1056=ORIENTED_EDGE('',*,*,#749,.T.);
#1057=ORIENTED_EDGE('',*,*,#750,.T.);
#1058=ORIENTED_EDGE('',*,*,#751,.T.);
#1059=ORIENTED_EDGE('',*,*,#747,.F.);
#1060=ORIENTED_EDGE('',*,*,#752,.T.);
#1061=ORIENTED_EDGE('',*,*,#753,.T.);
#1062=ORIENTED_EDGE('',*,*,#754,.T.);
#1063=ORIENTED_EDGE('',*,*,#750,.F.);
#1064=ORIENTED_EDGE('',*,*,#755,.T.);
#1065=ORIENTED_EDGE('',*,*,#756,.T.);
#1066=ORIENTED_EDGE('',*,*,#757,.T.);
#1067=ORIENTED_EDGE('',*,*,#753,.F.);
#1068=ORIENTED_EDGE('',*,*,#758,.T.);
#1069=ORIENTED_EDGE('',*,*,#756,.F.);
#1070=ORIENTED_EDGE('',*,*,#759,.T.);
#1071=ORIENTED_EDGE('',*,*,#760,.T.);
#1072=ORIENTED_EDGE('',*,*,#761,.T.);
#1073=ORIENTED_EDGE('',*,*,#729,.F.);
#1074=ORIENTED_EDGE('',*,*,#762,.T.);
#1075=ORIENTED_EDGE('',*,*,#763,.T.);
#1076=ORIENTED_EDGE('',*,*,#760,.F.);
#1077=ORIENTED_EDGE('',*,*,#764,.T.);
#1078=ORIENTED_EDGE('',*,*,#742,.F.);
#1079=ORIENTED_EDGE('',*,*,#765,.T.);
#1080=ORIENTED_EDGE('',*,*,#766,.F.);
#1081=ORIENTED_EDGE('',*,*,#740,.F.);
#1082=ORIENTED_EDGE('',*,*,#738,.F.);
#1083=ORIENTED_EDGE('',*,*,#736,.F.);
#1084=ORIENTED_EDGE('',*,*,#767,.F.);
#1085=ORIENTED_EDGE('',*,*,#768,.F.);
#1086=ORIENTED_EDGE('',*,*,#765,.F.);
#1087=ORIENTED_EDGE('',*,*,#734,.F.);
#1088=ORIENTED_EDGE('',*,*,#730,.F.);
#1089=ORIENTED_EDGE('',*,*,#764,.F.);
#1090=ORIENTED_EDGE('',*,*,#769,.T.);
#1091=ORIENTED_EDGE('',*,*,#770,.F.);
#1092=ORIENTED_EDGE('',*,*,#767,.T.);
#1093=ORIENTED_EDGE('',*,*,#705,.F.);
#1094=ORIENTED_EDGE('',*,*,#717,.F.);
#1095=ORIENTED_EDGE('',*,*,#748,.F.);
#1096=ORIENTED_EDGE('',*,*,#751,.F.);
#1097=ORIENTED_EDGE('',*,*,#771,.T.);
#1098=ORIENTED_EDGE('',*,*,#708,.F.);
#1099=ORIENTED_EDGE('',*,*,#771,.F.);
#1100=ORIENTED_EDGE('',*,*,#754,.F.);
#1101=ORIENTED_EDGE('',*,*,#772,.T.);
#1102=ORIENTED_EDGE('',*,*,#712,.F.);
#1103=ORIENTED_EDGE('',*,*,#711,.F.);
#1104=ORIENTED_EDGE('',*,*,#772,.F.);
#1105=ORIENTED_EDGE('',*,*,#757,.F.);
#1106=ORIENTED_EDGE('',*,*,#761,.F.);
#1107=ORIENTED_EDGE('',*,*,#763,.F.);
#1108=ORIENTED_EDGE('',*,*,#762,.F.);
#1109=ORIENTED_EDGE('',*,*,#773,.T.);
#1110=ORIENTED_EDGE('',*,*,#714,.F.);
#1111=ORIENTED_EDGE('',*,*,#773,.F.);
#1112=ORIENTED_EDGE('',*,*,#732,.F.);
#1113=ORIENTED_EDGE('',*,*,#725,.T.);
#1114=ORIENTED_EDGE('',*,*,#759,.F.);
#1115=ORIENTED_EDGE('',*,*,#774,.F.);
#1116=ORIENTED_EDGE('',*,*,#769,.F.);
#1117=ORIENTED_EDGE('',*,*,#743,.F.);
#1118=ORIENTED_EDGE('',*,*,#766,.T.);
#1119=ORIENTED_EDGE('',*,*,#775,.F.);
#1120=ORIENTED_EDGE('',*,*,#749,.F.);
#1121=ORIENTED_EDGE('',*,*,#746,.F.);
#1122=ORIENTED_EDGE('',*,*,#752,.F.);
#1123=ORIENTED_EDGE('',*,*,#775,.T.);
#1124=ORIENTED_EDGE('',*,*,#774,.T.);
#1125=ORIENTED_EDGE('',*,*,#758,.F.);
#1126=ORIENTED_EDGE('',*,*,#755,.F.);
#1127=ORIENTED_EDGE('',*,*,#776,.T.);
#1128=ORIENTED_EDGE('',*,*,#776,.F.);
#1129=ORIENTED_EDGE('',*,*,#777,.T.);
#1130=ORIENTED_EDGE('',*,*,#728,.F.);
#1131=ORIENTED_EDGE('',*,*,#777,.F.);
#1132=ORIENTED_EDGE('',*,*,#770,.T.);
#1133=ORIENTED_EDGE('',*,*,#768,.T.);
#1134=(
BOUNDED_SURFACE()
B_SPLINE_SURFACE(5,2,((#1549,#1550,#1551,#1552,#1553,#1554,#1555,#1556,
#1557),(#1558,#1559,#1560,#1561,#1562,#1563,#1564,#1565,#1566),(#1567,#1568,
#1569,#1570,#1571,#1572,#1573,#1574,#1575),(#1576,#1577,#1578,#1579,#1580,
#1581,#1582,#1583,#1584),(#1585,#1586,#1587,#1588,#1589,#1590,#1591,#1592,
#1593),(#1594,#1595,#1596,#1597,#1598,#1599,#1600,#1601,#1602),(#1603,#1604,
#1605,#1606,#1607,#1608,#1609,#1610,#1611),(#1612,#1613,#1614,#1615,#1616,
#1617,#1618,#1619,#1620),(#1621,#1622,#1623,#1624,#1625,#1626,#1627,#1628,
#1629),(#1630,#1631,#1632,#1633,#1634,#1635,#1636,#1637,#1638)),
 .UNSPECIFIED.,.F.,.T.,.F.)
B_SPLINE_SURFACE_WITH_KNOTS((6,1,1,1,1,6),(3,2,2,2,3),(0.,0.2,0.4,0.6,0.8,
1.),(0.,1.5707963267949,3.14159265358979,4.71238898038469,6.28318530717959),
 .UNSPECIFIED.)
GEOMETRIC_REPRESENTATION_ITEM()
RATIONAL_B_SPLINE_SURFACE(((1.,0.707106781186548,1.,0.707106781186548,1.,
0.707106781186548,1.,0.707106781186548,1.),(1.,0.707106781186548,1.,0.707106781186548,
1.,0.707106781186548,1.,0.707106781186548,1.),(1.,0.707106781186548,1.,
0.707106781186548,1.,0.707106781186548,1.,0.707106781186548,1.),(1.,0.707106781186548,
1.,0.707106781186548,1.,0.707106781186548,1.,0.707106781186548,1.),(1.,
0.707106781186548,1.,0.707106781186548,1.,0.707106781186548,1.,0.707106781186548,
1.),(1.,0.707106781186548,1.,0.707106781186548,1.,0.707106781186548,1.,
0.707106781186548,1.),(1.,0.707106781186548,1.,0.707106781186548,1.,0.707106781186548,
1.,0.707106781186548,1.),(1.,0.707106781186548,1.,0.707106781186548,1.,
0.707106781186548,1.,0.707106781186548,1.),(1.,0.707106781186548,1.,0.707106781186548,
1.,0.707106781186548,1.,0.707106781186548,1.),(1.,0.707106781186548,1.,
0.707106781186548,1.,0.707106781186548,1.,0.707106781186548,1.)))
REPRESENTATION_ITEM('')
SURFACE()
);
#1135=(
BOUNDED_SURFACE()
B_SPLINE_SURFACE(2,2,((#1691,#1692,#1693),(#1694,#1695,#1696),(#1697,#1698,
#1699)),.UNSPECIFIED.,.F.,.F.,.F.)
B_SPLINE_SURFACE_WITH_KNOTS((3,3),(3,3),(0.,1.5707963267949),(1.5707963267949,
3.14159265358979),.UNSPECIFIED.)
GEOMETRIC_REPRESENTATION_ITEM()
RATIONAL_B_SPLINE_SURFACE(((1.,0.707106781186548,1.),(0.707106781186547,
0.5,0.707106781186547),(1.,0.707106781186548,1.)))
REPRESENTATION_ITEM('')
SURFACE()
);
#1136=(
BOUNDED_SURFACE()
B_SPLINE_SURFACE(2,2,((#1723,#1724,#1725),(#1726,#1727,#1728),(#1729,#1730,
#1731)),.UNSPECIFIED.,.F.,.F.,.F.)
B_SPLINE_SURFACE_WITH_KNOTS((3,3),(3,3),(0.,1.5707963267949),(-3.14159265358979,
-1.5707963267949),.UNSPECIFIED.)
GEOMETRIC_REPRESENTATION_ITEM()
RATIONAL_B_SPLINE_SURFACE(((1.,0.707106781186548,1.),(0.707106781186547,
0.5,0.707106781186547),(1.,0.707106781186548,1.)))
REPRESENTATION_ITEM('')
SURFACE()
);
#1137=(
BOUNDED_SURFACE()
B_SPLINE_SURFACE(2,2,((#1740,#1741,#1742),(#1743,#1744,#1745),(#1746,#1747,
#1748)),.UNSPECIFIED.,.F.,.F.,.F.)
B_SPLINE_SURFACE_WITH_KNOTS((3,3),(3,3),(0.,1.5707963267949),(-2.7755575615629E-15,
1.5707963267949),.UNSPECIFIED.)
GEOMETRIC_REPRESENTATION_ITEM()
RATIONAL_B_SPLINE_SURFACE(((1.,0.707106781186546,1.),(0.707106781186547,
0.499999999999999,0.707106781186547),(1.,0.707106781186546,1.)))
REPRESENTATION_ITEM('')
SURFACE()
);
#1138=(
BOUNDED_SURFACE()
B_SPLINE_SURFACE(2,2,((#1763,#1764,#1765),(#1766,#1767,#1768),(#1769,#1770,
#1771)),.UNSPECIFIED.,.F.,.F.,.F.)
B_SPLINE_SURFACE_WITH_KNOTS((3,3),(3,3),(0.,1.5707963267949),(-1.5707963267949,
1.6062850670372E-15),.UNSPECIFIED.)
GEOMETRIC_REPRESENTATION_ITEM()
RATIONAL_B_SPLINE_SURFACE(((1.,0.707106781186546,1.),(0.707106781186545,
0.499999999999998,0.707106781186545),(1.,0.707106781186546,1.)))
REPRESENTATION_ITEM('')
SURFACE()
);
#1139=ADVANCED_FACE('',(#289),#1134,.F.);
#1140=ADVANCED_FACE('',(#290),#272,.T.);
#1141=ADVANCED_FACE('',(#291),#273,.T.);
#1142=ADVANCED_FACE('',(#292),#274,.T.);
#1143=ADVANCED_FACE('',(#293),#275,.T.);
#1144=ADVANCED_FACE('',(#294),#276,.T.);
#1145=ADVANCED_FACE('',(#295),#1135,.F.);
#1146=ADVANCED_FACE('',(#296),#277,.T.);
#1147=ADVANCED_FACE('',(#297),#278,.T.);
#1148=ADVANCED_FACE('',(#298),#279,.T.);
#1149=ADVANCED_FACE('',(#299),#1136,.F.);
#1150=ADVANCED_FACE('',(#300),#280,.T.);
#1151=ADVANCED_FACE('',(#301),#1137,.F.);
#1152=ADVANCED_FACE('',(#302),#281,.T.);
#1153=ADVANCED_FACE('',(#303),#282,.T.);
#1154=ADVANCED_FACE('',(#304),#1138,.F.);
#1155=ADVANCED_FACE('',(#305),#283,.T.);
#1156=ADVANCED_FACE('',(#306),#141,.T.);
#1157=ADVANCED_FACE('',(#307),#142,.T.);
#1158=ADVANCED_FACE('',(#308),#284,.T.);
#1159=ADVANCED_FACE('',(#309),#143,.T.);
#1160=ADVANCED_FACE('',(#310),#144,.T.);
#1161=ADVANCED_FACE('',(#311),#145,.T.);
#1162=ADVANCED_FACE('',(#312),#285,.T.);
#1163=ADVANCED_FACE('',(#313),#146,.T.);
#1164=ADVANCED_FACE('',(#314,#138),#147,.T.);
#1165=ADVANCED_FACE('',(#315),#136,.T.);
#1166=ADVANCED_FACE('',(#316),#286,.T.);
#1167=ADVANCED_FACE('',(#317),#137,.F.);
#1168=ADVANCED_FACE('',(#318,#139),#148,.F.);
#1169=ADVANCED_FACE('',(#319),#149,.F.);
#1170=ADVANCED_FACE('',(#320),#287,.T.);
#1171=ADVANCED_FACE('',(#321),#150,.T.);
#1172=ADVANCED_FACE('',(#322),#151,.T.);
#1173=ADVANCED_FACE('',(#323),#152,.T.);
#1174=ADVANCED_FACE('',(#324),#288,.T.);
#1175=ADVANCED_FACE('',(#325),#153,.T.);
#1176=ADVANCED_FACE('',(#326),#154,.T.);
#1177=ADVANCED_FACE('',(#327),#155,.T.);
#1178=ADVANCED_FACE('',(#328),#89,.F.);
#1179=ADVANCED_FACE('',(#329),#90,.F.);
#1180=ADVANCED_FACE('',(#330),#91,.F.);
#1181=ADVANCED_FACE('',(#331),#92,.F.);
#1182=ADVANCED_FACE('',(#332),#93,.F.);
#1183=ADVANCED_FACE('',(#333),#94,.F.);
#1184=ADVANCED_FACE('',(#334),#95,.F.);
#1185=ADVANCED_FACE('',(#335),#96,.F.);
#1186=ADVANCED_FACE('',(#336),#97,.T.);
#1187=ADVANCED_FACE('',(#337),#98,.T.);
#1188=ADVANCED_FACE('',(#338),#99,.T.);
#1189=ADVANCED_FACE('',(#339),#100,.T.);
#1190=ADVANCED_FACE('',(#340,#140),#156,.F.);
#1191=ADVANCED_FACE('',(#341),#101,.T.);
#1192=ADVANCED_FACE('',(#342),#102,.T.);
#1193=ADVANCED_FACE('',(#343),#103,.T.);
#1194=ADVANCED_FACE('',(#344),#104,.T.);
#1195=ADVANCED_FACE('',(#345),#105,.T.);
#1196=ADVANCED_FACE('',(#346),#106,.T.);
#1197=ADVANCED_FACE('',(#347),#107,.F.);
#1198=ADVANCED_FACE('',(#348),#108,.F.);
#1199=ADVANCED_FACE('',(#349),#109,.F.);
#1200=ADVANCED_FACE('',(#350),#110,.F.);
#1201=ADVANCED_FACE('',(#351),#111,.F.);
#1202=ADVANCED_FACE('',(#352),#112,.F.);
#1203=ADVANCED_FACE('',(#353),#113,.T.);
#1204=ADVANCED_FACE('',(#354),#114,.T.);
#1205=ADVANCED_FACE('',(#355),#115,.F.);
#1206=ADVANCED_FACE('',(#356),#116,.F.);
#1207=ADVANCED_FACE('',(#357),#117,.F.);
#1208=ADVANCED_FACE('',(#358),#118,.T.);
#1209=ADVANCED_FACE('',(#359),#119,.T.);
#1210=ADVANCED_FACE('',(#360),#120,.T.);
#1211=ADVANCED_FACE('',(#361),#121,.T.);
#1212=ADVANCED_FACE('',(#362),#122,.F.);
#1213=ADVANCED_FACE('',(#363),#123,.F.);
#1214=ADVANCED_FACE('',(#364),#124,.F.);
#1215=ADVANCED_FACE('',(#365),#157,.F.);
#1216=ADVANCED_FACE('',(#366),#125,.F.);
#1217=ADVANCED_FACE('',(#367),#126,.F.);
#1218=ADVANCED_FACE('',(#368),#127,.F.);
#1219=CLOSED_SHELL('',(#1139,#1140,#1141,#1142,#1143,#1144,#1145,#1146,
#1147,#1148,#1149,#1150,#1151,#1152,#1153,#1154,#1155,#1156,#1157,#1158,
#1159,#1160,#1161,#1162,#1163,#1164,#1165,#1166,#1167,#1168,#1169,#1170,
#1171,#1172,#1173,#1174,#1175,#1176,#1177));
#1220=CLOSED_SHELL('',(#1178,#1179,#1180,#1181,#1182,#1183,#1184,#1185,
#1186,#1187,#1188,#1189,#1190,#1191,#1192,#1193,#1194,#1195,#1196,#1197,
#1198,#1199,#1200,#1201,#1202,#1203,#1204,#1205,#1206,#1207,#1208,#1209,
#1210,#1211,#1212,#1213,#1214,#1215,#1216,#1217,#1218));
#1221=DERIVED_UNIT_ELEMENT(#1223,1.);
#1222=DERIVED_UNIT_ELEMENT(#6947,-3.);
#1223=(
MASS_UNIT()
NAMED_UNIT(*)
SI_UNIT(.KILO.,.GRAM.)
);
#1224=DERIVED_UNIT((#1221,#1222));
#1225=MEASURE_REPRESENTATION_ITEM('density measure',
POSITIVE_RATIO_MEASURE(7850.),#1224);
#1226=PROPERTY_DEFINITION_REPRESENTATION(#1231,#1228);
#1227=PROPERTY_DEFINITION_REPRESENTATION(#1232,#1229);
#1228=REPRESENTATION('material name',(#1230),#6944);
#1229=REPRESENTATION('density',(#1225),#6944);
#1230=DESCRIPTIVE_REPRESENTATION_ITEM('Steel','Steel');
#1231=PROPERTY_DEFINITION('material property','material name',#6959);
#1232=PROPERTY_DEFINITION('material property','density of part',#6959);
#1233=AXIS2_PLACEMENT_3D('',#1547,#1320,#1321);
#1234=AXIS2_PLACEMENT_3D('',#1548,#1322,#1323);
#1235=AXIS2_PLACEMENT_3D('',#1651,#1324,#1325);
#1236=AXIS2_PLACEMENT_3D('',#1652,#1326,#1327);
#1237=AXIS2_PLACEMENT_3D('',#1657,#1329,#1330);
#1238=AXIS2_PLACEMENT_3D('',#1660,#1332,#1333);
#1239=AXIS2_PLACEMENT_3D('',#1661,#1334,#1335);
#1240=AXIS2_PLACEMENT_3D('',#1665,#1337,#1338);
#1241=AXIS2_PLACEMENT_3D('',#1667,#1340,#1341);
#1242=AXIS2_PLACEMENT_3D('',#1672,#1343,#1344);
#1243=AXIS2_PLACEMENT_3D('',#1675,#1346,#1347);
#1244=AXIS2_PLACEMENT_3D('',#1676,#1348,#1349);
#1245=AXIS2_PLACEMENT_3D('',#1680,#1351,#1352);
#1246=AXIS2_PLACEMENT_3D('',#1682,#1354,#1355);
#1247=AXIS2_PLACEMENT_3D('',#1687,#1357,#1358);
#1248=AXIS2_PLACEMENT_3D('',#1690,#1360,#1361);
#1249=AXIS2_PLACEMENT_3D('',#1702,#1362,#1363);
#1250=AXIS2_PLACEMENT_3D('',#1703,#1364,#1365);
#1251=AXIS2_PLACEMENT_3D('',#1704,#1366,#1367);
#1252=AXIS2_PLACEMENT_3D('',#1705,#1368,#1369);
#1253=AXIS2_PLACEMENT_3D('',#1708,#1372,#1373);
#1254=AXIS2_PLACEMENT_3D('',#1713,#1376,#1377);
#1255=AXIS2_PLACEMENT_3D('',#1714,#1378,#1379);
#1256=AXIS2_PLACEMENT_3D('',#1719,#1381,#1382);
#1257=AXIS2_PLACEMENT_3D('',#1722,#1384,#1385);
#1258=AXIS2_PLACEMENT_3D('',#1734,#1386,#1387);
#1259=AXIS2_PLACEMENT_3D('',#1735,#1388,#1389);
#1260=AXIS2_PLACEMENT_3D('',#1736,#1390,#1391);
#1261=AXIS2_PLACEMENT_3D('',#1737,#1392,#1393);
#1262=AXIS2_PLACEMENT_3D('',#1751,#1396,#1397);
#1263=AXIS2_PLACEMENT_3D('',#1752,#1398,#1399);
#1264=AXIS2_PLACEMENT_3D('',#1753,#1400,#1401);
#1265=AXIS2_PLACEMENT_3D('',#1754,#1402,#1403);
#1266=AXIS2_PLACEMENT_3D('',#1757,#1406,#1407);
#1267=AXIS2_PLACEMENT_3D('',#1762,#1410,#1411);
#1268=AXIS2_PLACEMENT_3D('',#1774,#1412,#1413);
#1269=AXIS2_PLACEMENT_3D('',#1775,#1414,#1415);
#1270=AXIS2_PLACEMENT_3D('',#1776,#1416,#1417);
#1271=AXIS2_PLACEMENT_3D('',#1777,#1418,#1419);
#1272=AXIS2_PLACEMENT_3D('',#1780,#1422,#1423);
#1273=AXIS2_PLACEMENT_3D('',#1786,#1427,#1428);
#1274=AXIS2_PLACEMENT_3D('',#1790,#1431,#1432);
#1275=AXIS2_PLACEMENT_3D('',#1793,#1434,#1435);
#1276=AXIS2_PLACEMENT_3D('',#1794,#1436,#1437);
#1277=AXIS2_PLACEMENT_3D('',#1798,#1440,#1441);
#1278=AXIS2_PLACEMENT_3D('',#1802,#1444,#1445);
#1279=AXIS2_PLACEMENT_3D('',#1806,#1448,#1449);
#1280=AXIS2_PLACEMENT_3D('',#1809,#1451,#1452);
#1281=AXIS2_PLACEMENT_3D('',#1810,#1453,#1454);
#1282=AXIS2_PLACEMENT_3D('',#1814,#1457,#1458);
#1283=AXIS2_PLACEMENT_3D('',#1816,#1459,#1460);
#1284=AXIS2_PLACEMENT_3D('',#1817,#1461,#1462);
#1285=AXIS2_PLACEMENT_3D('',#1819,#1463,#1464);
#1286=AXIS2_PLACEMENT_3D('',#1820,#1465,#1466);
#1287=AXIS2_PLACEMENT_3D('',#1821,#1467,#1468);
#1288=AXIS2_PLACEMENT_3D('',#1824,#1470,#1471);
#1289=AXIS2_PLACEMENT_3D('',#1825,#1472,#1473);
#1290=AXIS2_PLACEMENT_3D('',#1827,#1474,#1475);
#1291=AXIS2_PLACEMENT_3D('',#1828,#1476,#1477);
#1292=AXIS2_PLACEMENT_3D('',#1829,#1478,#1479);
#1293=AXIS2_PLACEMENT_3D('',#1830,#1480,#1481);
#1294=AXIS2_PLACEMENT_3D('',#1833,#1482,#1483);
#1295=AXIS2_PLACEMENT_3D('',#1840,#1487,#1488);
#1296=AXIS2_PLACEMENT_3D('',#1846,#1492,#1493);
#1297=AXIS2_PLACEMENT_3D('',#1849,#1496,#1497);
#1298=AXIS2_PLACEMENT_3D('',#1850,#1498,#1499);
#1299=AXIS2_PLACEMENT_3D('',#1852,#1501,#1502);
#1300=AXIS2_PLACEMENT_3D('',#1854,#1504,#1505);
#1301=AXIS2_PLACEMENT_3D('',#1856,#1507,#1508);
#1302=AXIS2_PLACEMENT_3D('',#1858,#1510,#1511);
#1303=AXIS2_PLACEMENT_3D('',#1860,#1513,#1514);
#1304=AXIS2_PLACEMENT_3D('',#1973,#1515,#1516);
#1305=AXIS2_PLACEMENT_3D('',#1987,#1517,#1518);
#1306=AXIS2_PLACEMENT_3D('',#2050,#1519,#1520);
#1307=AXIS2_PLACEMENT_3D('',#2172,#1521,#1522);
#1308=AXIS2_PLACEMENT_3D('',#2250,#1523,#1524);
#1309=AXIS2_PLACEMENT_3D('',#2355,#1525,#1526);
#1310=AXIS2_PLACEMENT_3D('',#2408,#1527,#1528);
#1311=AXIS2_PLACEMENT_3D('',#2518,#1529,#1530);
#1312=AXIS2_PLACEMENT_3D('',#3147,#1531,#1532);
#1313=AXIS2_PLACEMENT_3D('',#4190,#1533,#1534);
#1314=AXIS2_PLACEMENT_3D('',#4222,#1535,#1536);
#1315=AXIS2_PLACEMENT_3D('',#4271,#1537,#1538);
#1316=AXIS2_PLACEMENT_3D('',#4330,#1539,#1540);
#1317=AXIS2_PLACEMENT_3D('',#4379,#1541,#1542);
#1318=AXIS2_PLACEMENT_3D('',#5784,#1543,#1544);
#1319=AXIS2_PLACEMENT_3D('',#6939,#1545,#1546);
#1320=DIRECTION('axis',(0.,0.,1.));
#1321=DIRECTION('refdir',(1.,0.,0.));
#1322=DIRECTION('axis',(0.,0.,1.));
#1323=DIRECTION('refdir',(1.,0.,0.));
#1324=DIRECTION('center_axis',(-2.01548820800744E-15,7.51815042897294E-31,
1.));
#1325=DIRECTION('ref_axis',(5.78327502436127E-16,1.,0.));
#1326=DIRECTION('center_axis',(1.,5.95613210635814E-17,0.));
#1327=DIRECTION('ref_axis',(0.,-0.707106781186548,0.707106781186548));
#1328=DIRECTION('',(1.,5.95613210635814E-17,0.));
#1329=DIRECTION('center_axis',(-1.,0.,0.));
#1330=DIRECTION('ref_axis',(0.,-1.,0.));
#1331=DIRECTION('',(-1.,-5.95613210635814E-17,0.));
#1332=DIRECTION('center_axis',(0.707106781186547,0.707106781186548,0.));
#1333=DIRECTION('ref_axis',(-0.707106781186548,0.707106781186547,0.));
#1334=DIRECTION('center_axis',(0.,1.,0.));
#1335=DIRECTION('ref_axis',(0.707106781186548,0.,0.707106781186548));
#1336=DIRECTION('',(0.,-1.,0.));
#1337=DIRECTION('center_axis',(-0.707106781186548,0.707106781186548,0.));
#1338=DIRECTION('ref_axis',(-0.707106781186547,-0.707106781186547,0.));
#1339=DIRECTION('',(0.,1.,0.));
#1340=DIRECTION('center_axis',(-5.95613210635814E-17,1.,0.));
#1341=DIRECTION('ref_axis',(0.707106781186548,0.,0.707106781186548));
#1342=DIRECTION('',(-5.95613210635814E-17,1.,0.));
#1343=DIRECTION('center_axis',(0.,-1.,0.));
#1344=DIRECTION('ref_axis',(1.,0.,0.));
#1345=DIRECTION('',(5.95613210635814E-17,-1.,0.));
#1346=DIRECTION('center_axis',(-0.707106781186548,0.707106781186547,0.));
#1347=DIRECTION('ref_axis',(-0.707106781186547,-0.707106781186548,0.));
#1348=DIRECTION('center_axis',(-1.,0.,0.));
#1349=DIRECTION('ref_axis',(0.,0.707106781186548,0.707106781186548));
#1350=DIRECTION('',(1.,0.,0.));
#1351=DIRECTION('center_axis',(-0.707106781186548,-0.707106781186547,0.));
#1352=DIRECTION('ref_axis',(0.707106781186547,-0.707106781186548,0.));
#1353=DIRECTION('',(-1.,0.,0.));
#1354=DIRECTION('center_axis',(-1.,0.,0.));
#1355=DIRECTION('ref_axis',(0.,0.707106781186547,0.707106781186548));
#1356=DIRECTION('',(-1.,0.,0.));
#1357=DIRECTION('center_axis',(1.,0.,0.));
#1358=DIRECTION('ref_axis',(0.,1.,0.));
#1359=DIRECTION('',(1.,0.,0.));
#1360=DIRECTION('center_axis',(-0.707106781186547,-0.707106781186548,0.));
#1361=DIRECTION('ref_axis',(0.707106781186548,-0.707106781186547,0.));
#1362=DIRECTION('center_axis',(-6.93889390390723E-16,1.,0.));
#1363=DIRECTION('ref_axis',(-1.,-6.93889390390723E-16,0.));
#1364=DIRECTION('center_axis',(0.,0.,-1.));
#1365=DIRECTION('ref_axis',(-0.707106781186548,0.707106781186547,0.));
#1366=DIRECTION('center_axis',(0.,0.,1.));
#1367=DIRECTION('ref_axis',(-0.707106781186548,0.707106781186547,0.));
#1368=DIRECTION('center_axis',(-1.19122642127163E-16,-1.,0.));
#1369=DIRECTION('ref_axis',(-0.707106781186547,0.,0.707106781186548));
#1370=DIRECTION('',(1.19122642127163E-16,1.,0.));
#1371=DIRECTION('',(-1.19122642127163E-16,-1.,0.));
#1372=DIRECTION('center_axis',(0.,-1.,0.));
#1373=DIRECTION('ref_axis',(-0.707106781186548,0.,0.707106781186548));
#1374=DIRECTION('',(0.,-1.,0.));
#1375=DIRECTION('',(0.,1.,0.));
#1376=DIRECTION('center_axis',(0.707106781186547,-0.707106781186548,0.));
#1377=DIRECTION('ref_axis',(0.707106781186548,0.707106781186547,0.));
#1378=DIRECTION('center_axis',(5.95613210635814E-17,-1.,0.));
#1379=DIRECTION('ref_axis',(-0.707106781186547,0.,0.707106781186548));
#1380=DIRECTION('',(5.95613210635814E-17,-1.,0.));
#1381=DIRECTION('center_axis',(0.,1.,0.));
#1382=DIRECTION('ref_axis',(-1.,0.,0.));
#1383=DIRECTION('',(-5.95613210635814E-17,1.,0.));
#1384=DIRECTION('center_axis',(0.707106781186548,-0.707106781186547,0.));
#1385=DIRECTION('ref_axis',(0.707106781186547,0.707106781186548,0.));
#1386=DIRECTION('center_axis',(-1.,0.,0.));
#1387=DIRECTION('ref_axis',(0.,-1.,0.));
#1388=DIRECTION('center_axis',(0.,0.,-1.));
#1389=DIRECTION('ref_axis',(-0.707106781186548,-0.707106781186547,0.));
#1390=DIRECTION('center_axis',(0.,0.,1.));
#1391=DIRECTION('ref_axis',(-0.707106781186548,-0.707106781186547,0.));
#1392=DIRECTION('center_axis',(1.,0.,0.));
#1393=DIRECTION('ref_axis',(0.,-0.707106781186547,0.707106781186548));
#1394=DIRECTION('',(-1.,0.,0.));
#1395=DIRECTION('',(1.,0.,0.));
#1396=DIRECTION('center_axis',(1.,-6.93889390390723E-16,0.));
#1397=DIRECTION('ref_axis',(6.93889390390723E-16,1.,0.));
#1398=DIRECTION('center_axis',(0.,0.,-1.));
#1399=DIRECTION('ref_axis',(0.707106781186548,0.707106781186547,0.));
#1400=DIRECTION('center_axis',(0.,0.,1.));
#1401=DIRECTION('ref_axis',(0.707106781186548,0.707106781186547,0.));
#1402=DIRECTION('center_axis',(-1.,-1.19122642127163E-16,0.));
#1403=DIRECTION('ref_axis',(0.,0.707106781186548,0.707106781186548));
#1404=DIRECTION('',(1.,1.19122642127163E-16,0.));
#1405=DIRECTION('',(-1.,-1.19122642127163E-16,0.));
#1406=DIRECTION('center_axis',(1.,0.,0.));
#1407=DIRECTION('ref_axis',(0.,-0.707106781186548,0.707106781186548));
#1408=DIRECTION('',(1.,0.,0.));
#1409=DIRECTION('',(-1.,0.,0.));
#1410=DIRECTION('center_axis',(0.707106781186548,0.707106781186547,0.));
#1411=DIRECTION('ref_axis',(-0.707106781186547,0.707106781186548,0.));
#1412=DIRECTION('center_axis',(1.38777878078145E-15,-1.,0.));
#1413=DIRECTION('ref_axis',(1.,1.38777878078145E-15,0.));
#1414=DIRECTION('center_axis',(0.,0.,-1.));
#1415=DIRECTION('ref_axis',(0.707106781186548,-0.707106781186547,0.));
#1416=DIRECTION('center_axis',(0.,0.,1.));
#1417=DIRECTION('ref_axis',(0.707106781186548,-0.707106781186547,0.));
#1418=DIRECTION('center_axis',(5.95613210635814E-17,1.,0.));
#1419=DIRECTION('ref_axis',(0.707106781186548,0.,0.707106781186548));
#1420=DIRECTION('',(-5.95613210635814E-17,-1.,0.));
#1421=DIRECTION('',(5.95613210635814E-17,1.,0.));
#1422=DIRECTION('center_axis',(0.,1.,0.));
#1423=DIRECTION('ref_axis',(-1.,0.,0.));
#1424=DIRECTION('',(0.,0.,1.));
#1425=DIRECTION('',(-1.,0.,0.));
#1426=DIRECTION('',(0.,0.,1.));
#1427=DIRECTION('center_axis',(-1.,1.19122642127163E-16,0.));
#1428=DIRECTION('ref_axis',(-1.19122642127163E-16,-1.,0.));
#1429=DIRECTION('',(0.,0.,1.));
#1430=DIRECTION('',(-1.19122642127163E-16,-1.,0.));
#1431=DIRECTION('center_axis',(0.,0.,1.));
#1432=DIRECTION('ref_axis',(-9.25185853854297E-16,1.,0.));
#1433=DIRECTION('',(0.,0.,1.));
#1434=DIRECTION('center_axis',(0.,0.,1.));
#1435=DIRECTION('ref_axis',(-9.25185853854297E-16,1.,0.));
#1436=DIRECTION('center_axis',(0.,1.,0.));
#1437=DIRECTION('ref_axis',(-1.,0.,0.));
#1438=DIRECTION('',(0.,0.,1.));
#1439=DIRECTION('',(-1.,0.,0.));
#1440=DIRECTION('center_axis',(-1.,0.,0.));
#1441=DIRECTION('ref_axis',(0.,-1.,0.));
#1442=DIRECTION('',(0.,0.,1.));
#1443=DIRECTION('',(0.,-1.,0.));
#1444=DIRECTION('center_axis',(0.,-1.,0.));
#1445=DIRECTION('ref_axis',(1.,0.,0.));
#1446=DIRECTION('',(0.,0.,1.));
#1447=DIRECTION('',(1.,0.,0.));
#1448=DIRECTION('center_axis',(0.,0.,1.));
#1449=DIRECTION('ref_axis',(-1.,4.62592926927149E-16,0.));
#1450=DIRECTION('',(0.,0.,1.));
#1451=DIRECTION('center_axis',(0.,0.,1.));
#1452=DIRECTION('ref_axis',(-1.,4.62592926927149E-16,0.));
#1453=DIRECTION('center_axis',(-1.,-5.95613210635814E-17,0.));
#1454=DIRECTION('ref_axis',(5.95613210635814E-17,-1.,0.));
#1455=DIRECTION('',(0.,0.,1.));
#1456=DIRECTION('',(5.95613210635814E-17,-1.,0.));
#1457=DIRECTION('center_axis',(0.,0.,1.));
#1458=DIRECTION('ref_axis',(1.,0.,0.));
#1459=DIRECTION('center_axis',(0.,0.,-1.));
#1460=DIRECTION('ref_axis',(1.,0.,0.));
#1461=DIRECTION('center_axis',(0.,0.,1.));
#1462=DIRECTION('ref_axis',(1.,0.,0.));
#1463=DIRECTION('center_axis',(1.22464679914735E-16,-1.,0.));
#1464=DIRECTION('ref_axis',(-1.,-1.22464679914735E-16,0.));
#1465=DIRECTION('center_axis',(0.,0.,1.));
#1466=DIRECTION('ref_axis',(1.,0.,0.));
#1467=DIRECTION('center_axis',(0.,0.,1.));
#1468=DIRECTION('ref_axis',(1.,0.,0.));
#1469=DIRECTION('',(0.,0.,-1.));
#1470=DIRECTION('center_axis',(0.,0.,-1.));
#1471=DIRECTION('ref_axis',(1.,0.,0.));
#1472=DIRECTION('center_axis',(0.,0.,1.));
#1473=DIRECTION('ref_axis',(1.,0.,0.));
#1474=DIRECTION('center_axis',(0.,0.,1.));
#1475=DIRECTION('ref_axis',(1.,0.,0.));
#1476=DIRECTION('center_axis',(1.22464679914735E-16,-1.,0.));
#1477=DIRECTION('ref_axis',(-1.,-1.22464679914735E-16,0.));
#1478=DIRECTION('center_axis',(0.,0.,-1.));
#1479=DIRECTION('ref_axis',(1.,0.,0.));
#1480=DIRECTION('center_axis',(0.,0.,-1.));
#1481=DIRECTION('ref_axis',(1.,0.,0.));
#1482=DIRECTION('center_axis',(0.,0.,1.));
#1483=DIRECTION('ref_axis',(1.,-9.25185853854298E-16,0.));
#1484=DIRECTION('',(-5.95613210635814E-17,1.,0.));
#1485=DIRECTION('',(1.,0.,0.));
#1486=DIRECTION('',(5.95613210635814E-17,1.,0.));
#1487=DIRECTION('center_axis',(0.,0.,1.));
#1488=DIRECTION('ref_axis',(-4.62592926927149E-16,-1.,0.));
#1489=DIRECTION('',(1.,5.95613210635814E-17,0.));
#1490=DIRECTION('',(0.,1.,0.));
#1491=DIRECTION('',(-1.,-1.19122642127163E-16,0.));
#1492=DIRECTION('center_axis',(0.,0.,1.));
#1493=DIRECTION('ref_axis',(1.,-9.25185853854298E-16,0.));
#1494=DIRECTION('',(0.,0.,1.));
#1495=DIRECTION('',(0.,0.,1.));
#1496=DIRECTION('center_axis',(1.,5.95613210635814E-17,0.));
#1497=DIRECTION('ref_axis',(-5.95613210635814E-17,1.,0.));
#1498=DIRECTION('center_axis',(0.,-1.,0.));
#1499=DIRECTION('ref_axis',(1.,0.,0.));
#1500=DIRECTION('',(0.,0.,1.));
#1501=DIRECTION('center_axis',(1.,-5.95613210635814E-17,0.));
#1502=DIRECTION('ref_axis',(5.95613210635814E-17,1.,0.));
#1503=DIRECTION('',(0.,0.,1.));
#1504=DIRECTION('center_axis',(0.,0.,1.));
#1505=DIRECTION('ref_axis',(-4.62592926927149E-16,-1.,0.));
#1506=DIRECTION('',(0.,0.,1.));
#1507=DIRECTION('center_axis',(5.95613210635814E-17,-1.,0.));
#1508=DIRECTION('ref_axis',(1.,5.95613210635814E-17,0.));
#1509=DIRECTION('',(0.,0.,1.));
#1510=DIRECTION('center_axis',(1.,0.,0.));
#1511=DIRECTION('ref_axis',(0.,1.,0.));
#1512=DIRECTION('',(0.,0.,1.));
#1513=DIRECTION('center_axis',(-1.19122642127163E-16,1.,0.));
#1514=DIRECTION('ref_axis',(-1.,-1.19122642127163E-16,0.));
#1515=DIRECTION('center_axis',(0.99960559487735,-0.0280829964551299,0.));
#1516=DIRECTION('ref_axis',(-0.0273202041358056,-0.972454237601626,0.231487283055935));
#1517=DIRECTION('center_axis',(-0.999605639659731,-0.0280814023948313,0.));
#1518=DIRECTION('ref_axis',(0.,0.,-1.));
#1519=DIRECTION('center_axis',(0.0407507788276,-0.999169342016129,0.));
#1520=DIRECTION('ref_axis',(-0.965923926648644,-0.0393948759673917,0.255810499540536));
#1521=DIRECTION('center_axis',(-0.0178847739031386,-0.999840054639958,0.));
#1522=DIRECTION('ref_axis',(-0.990660225020152,0.0177205684620207,0.135197263346579));
#1523=DIRECTION('center_axis',(-0.999711646381999,-0.0240129983174271,0.));
#1524=DIRECTION('ref_axis',(-0.0234350145324803,0.975648965262671,0.21808231628388));
#1525=DIRECTION('center_axis',(-0.999711659139656,0.0240124671834538,0.));
#1526=DIRECTION('ref_axis',(0.0234345033778673,0.975649277269805,0.21808097536085));
#1527=DIRECTION('center_axis',(-0.0178915473967461,0.999839933455226,0.));
#1528=DIRECTION('ref_axis',(0.990671593902587,0.0177274853542463,0.135113024159491));
#1529=DIRECTION('center_axis',(0.0407627875912063,0.99916885217054,0.));
#1530=DIRECTION('ref_axis',(0.965943015214152,-0.0394072832323073,0.255736499912003));
#1531=DIRECTION('center_axis',(-1.97529317968671E-17,-1.24553463135384E-17,
1.));
#1532=DIRECTION('ref_axis',(1.,0.,1.97529317968671E-17));
#1533=DIRECTION('center_axis',(-0.29627022744374,-0.941700576121691,-0.159448980123769));
#1534=DIRECTION('ref_axis',(0.180650625863296,-0.219181516446081,0.95881427514592));
#1535=DIRECTION('center_axis',(-0.846972603298874,-0.528112398940667,-0.0611122192876503));
#1536=DIRECTION('ref_axis',(0.104943337833729,-0.278770695982003,0.954606617883003));
#1537=DIRECTION('center_axis',(-0.999999999999857,-5.05792442312167E-7,
-1.73872940473486E-7));
#1538=DIRECTION('ref_axis',(1.1353017661915E-15,-0.325091121565924,0.945682696616053));
#1539=DIRECTION('center_axis',(-0.846981231805984,0.528099430084908,0.0611047045031089));
#1540=DIRECTION('ref_axis',(-0.104946272515044,-0.278770353610285,0.954606395240046));
#1541=DIRECTION('center_axis',(-0.296304385809416,0.941692128194374,0.159435399603899));
#1542=DIRECTION('ref_axis',(-0.180658890193034,-0.219178655562268,0.958813372007367));
#1543=DIRECTION('center_axis',(0.,0.,1.));
#1544=DIRECTION('ref_axis',(1.,0.,0.));
#1545=DIRECTION('',(-3.1940596001423E-16,2.16840434497127E-19,-1.));
#1546=DIRECTION('',(-1.,8.03918970239057E-17,3.19189119579732E-16));
#1547=CARTESIAN_POINT('',(0.,0.,0.));
#1548=CARTESIAN_POINT('',(0.,0.,0.));
#1549=CARTESIAN_POINT('Ctrl Pts',(-5.55111512312578E-16,4.,0.));
#1550=CARTESIAN_POINT('Ctrl Pts',(4.,4.,8.06195283202975E-15));
#1551=CARTESIAN_POINT('Ctrl Pts',(4.,-2.31331000974451E-15,8.06195283202975E-15));
#1552=CARTESIAN_POINT('Ctrl Pts',(3.99999999999999,-4.,8.06195283202975E-15));
#1553=CARTESIAN_POINT('Ctrl Pts',(-5.1817315318016E-15,-4.,0.));
#1554=CARTESIAN_POINT('Ctrl Pts',(-4.,-4.,-8.06195283202975E-15));
#1555=CARTESIAN_POINT('Ctrl Pts',(-4.,2.31331000974451E-15,-8.06195283202975E-15));
#1556=CARTESIAN_POINT('Ctrl Pts',(-4.,4.,-8.06195283202975E-15));
#1557=CARTESIAN_POINT('Ctrl Pts',(-5.55111512312578E-16,4.,0.));
#1558=CARTESIAN_POINT('Ctrl Pts',(-5.55111512312578E-16,3.91123814823274,
-0.133142837170378));
#1559=CARTESIAN_POINT('Ctrl Pts',(3.91123814823274,3.91123814823274,-0.13314283717037));
#1560=CARTESIAN_POINT('Ctrl Pts',(3.91123814823274,-2.04496219144696E-15,
-0.13314283717037));
#1561=CARTESIAN_POINT('Ctrl Pts',(3.91123814823273,-3.91123814823274,-0.13314283717037));
#1562=CARTESIAN_POINT('Ctrl Pts',(-4.64503589520649E-15,-3.91123814823274,
-0.133142837170378));
#1563=CARTESIAN_POINT('Ctrl Pts',(-3.91123814823274,-3.91123814823274,-0.133142837170386));
#1564=CARTESIAN_POINT('Ctrl Pts',(-3.91123814823274,2.04496219144696E-15,
-0.133142837170386));
#1565=CARTESIAN_POINT('Ctrl Pts',(-3.91123814823274,3.91123814823274,-0.133142837170386));
#1566=CARTESIAN_POINT('Ctrl Pts',(-5.55111512312578E-16,3.91123814823274,
-0.133142837170378));
#1567=CARTESIAN_POINT('Ctrl Pts',(-5.43775974896351E-16,3.71262053001822,
-0.368562576103136));
#1568=CARTESIAN_POINT('Ctrl Pts',(3.71262053001822,3.71262053001822,-0.368562576103128));
#1569=CARTESIAN_POINT('Ctrl Pts',(3.71262053001822,-1.58181202111202E-15,
-0.368562576103128));
#1570=CARTESIAN_POINT('Ctrl Pts',(3.71262053001821,-3.71262053001822,-0.368562576103128));
#1571=CARTESIAN_POINT('Ctrl Pts',(-3.70740001712039E-15,-3.71262053001822,
-0.368562576103136));
#1572=CARTESIAN_POINT('Ctrl Pts',(-3.71262053001822,-3.71262053001822,-0.368562576103143));
#1573=CARTESIAN_POINT('Ctrl Pts',(-3.71262053001822,1.58181202111202E-15,
-0.368562576103143));
#1574=CARTESIAN_POINT('Ctrl Pts',(-3.71262053001822,3.71262053001822,-0.368562576103143));
#1575=CARTESIAN_POINT('Ctrl Pts',(-5.43775974896351E-16,3.71262053001822,
-0.368562576103136));
#1576=CARTESIAN_POINT('Ctrl Pts',(-4.92801268646947E-16,3.35146957396829,
-0.629180070529405));
#1577=CARTESIAN_POINT('Ctrl Pts',(3.35146957396829,3.35146957396829,-0.629180070529399));
#1578=CARTESIAN_POINT('Ctrl Pts',(3.35146957396829,-1.10751524054483E-15,
-0.629180070529399));
#1579=CARTESIAN_POINT('Ctrl Pts',(3.35146957396829,-3.35146957396829,-0.629180070529399));
#1580=CARTESIAN_POINT('Ctrl Pts',(-2.70783174973662E-15,-3.35146957396829,
-0.629180070529405));
#1581=CARTESIAN_POINT('Ctrl Pts',(-3.35146957396829,-3.35146957396829,-0.629180070529412));
#1582=CARTESIAN_POINT('Ctrl Pts',(-3.35146957396829,1.10751524054484E-15,
-0.629180070529412));
#1583=CARTESIAN_POINT('Ctrl Pts',(-3.35146957396829,3.35146957396829,-0.629180070529412));
#1584=CARTESIAN_POINT('Ctrl Pts',(-4.92801268646947E-16,3.35146957396829,
-0.629180070529405));
#1585=CARTESIAN_POINT('Ctrl Pts',(-3.7026359256983E-16,2.7611784925861,
-0.819240289650013));
#1586=CARTESIAN_POINT('Ctrl Pts',(2.7611784925861,2.7611784925861,-0.819240289650007));
#1587=CARTESIAN_POINT('Ctrl Pts',(2.7611784925861,-8.46988786173058E-16,
-0.819240289650007));
#1588=CARTESIAN_POINT('Ctrl Pts',(2.7611784925861,-2.7611784925861,-0.819240289650007));
#1589=CARTESIAN_POINT('Ctrl Pts',(-2.06424116491595E-15,-2.7611784925861,
-0.819240289650013));
#1590=CARTESIAN_POINT('Ctrl Pts',(-2.7611784925861,-2.7611784925861,-0.819240289650018));
#1591=CARTESIAN_POINT('Ctrl Pts',(-2.7611784925861,8.46988786173059E-16,
-0.819240289650018));
#1592=CARTESIAN_POINT('Ctrl Pts',(-2.7611784925861,2.7611784925861,-0.819240289650018));
#1593=CARTESIAN_POINT('Ctrl Pts',(-3.7026359256983E-16,2.7611784925861,
-0.819240289650013));
#1594=CARTESIAN_POINT('Ctrl Pts',(-1.84847919742781E-16,1.90442181265768,
-0.896814427272403));
#1595=CARTESIAN_POINT('Ctrl Pts',(1.90442181265768,1.90442181265768,-0.896814427272399));
#1596=CARTESIAN_POINT('Ctrl Pts',(1.90442181265768,-8.76054699375833E-16,
-0.896814427272399));
#1597=CARTESIAN_POINT('Ctrl Pts',(1.90442181265768,-1.90442181265768,-0.896814427272399));
#1598=CARTESIAN_POINT('Ctrl Pts',(-1.93695731849445E-15,-1.90442181265768,
-0.896814427272403));
#1599=CARTESIAN_POINT('Ctrl Pts',(-1.90442181265769,-1.90442181265768,-0.896814427272407));
#1600=CARTESIAN_POINT('Ctrl Pts',(-1.90442181265769,8.76054699375833E-16,
-0.896814427272407));
#1601=CARTESIAN_POINT('Ctrl Pts',(-1.90442181265768,1.90442181265768,-0.896814427272407));
#1602=CARTESIAN_POINT('Ctrl Pts',(-1.84847919742781E-16,1.90442181265768,
-0.896814427272403));
#1603=CARTESIAN_POINT('Ctrl Pts',(-6.23102436656502E-17,1.16326137833951,
-0.901902300125374));
#1604=CARTESIAN_POINT('Ctrl Pts',(1.16326137833951,1.16326137833951,-0.901902300125371));
#1605=CARTESIAN_POINT('Ctrl Pts',(1.16326137833951,-9.8833782771396E-16,
-0.901902300125371));
#1606=CARTESIAN_POINT('Ctrl Pts',(1.16326137833951,-1.16326137833951,-0.901902300125371));
#1607=CARTESIAN_POINT('Ctrl Pts',(-2.03898589909357E-15,-1.16326137833951,
-0.901902300125374));
#1608=CARTESIAN_POINT('Ctrl Pts',(-1.16326137833951,-1.16326137833951,-0.901902300125376));
#1609=CARTESIAN_POINT('Ctrl Pts',(-1.16326137833951,9.88337827713961E-16,
-0.901902300125376));
#1610=CARTESIAN_POINT('Ctrl Pts',(-1.16326137833951,1.16326137833951,-0.901902300125376));
#1611=CARTESIAN_POINT('Ctrl Pts',(-6.23102436656502E-17,1.16326137833951,
-0.901902300125374));
#1612=CARTESIAN_POINT('Ctrl Pts',(-1.13355374162301E-17,0.588274656531236,
-0.900347905174989));
#1613=CARTESIAN_POINT('Ctrl Pts',(0.588274656531236,0.588274656531235,-0.900347905174988));
#1614=CARTESIAN_POINT('Ctrl Pts',(0.588274656531235,-1.04244539865647E-15,
-0.900347905174988));
#1615=CARTESIAN_POINT('Ctrl Pts',(0.588274656531234,-0.588274656531237,
-0.900347905174988));
#1616=CARTESIAN_POINT('Ctrl Pts',(-2.09622633472916E-15,-0.588274656531236,
-0.900347905174989));
#1617=CARTESIAN_POINT('Ctrl Pts',(-0.588274656531238,-0.588274656531235,
-0.90034790517499));
#1618=CARTESIAN_POINT('Ctrl Pts',(-0.588274656531237,1.04244539865647E-15,
-0.90034790517499));
#1619=CARTESIAN_POINT('Ctrl Pts',(-0.588274656531236,0.588274656531237,
-0.90034790517499));
#1620=CARTESIAN_POINT('Ctrl Pts',(-1.13355374162301E-17,0.588274656531236,
-0.900347905174989));
#1621=CARTESIAN_POINT('Ctrl Pts',(0.,0.197357401844166,-0.899999979883432));
#1622=CARTESIAN_POINT('Ctrl Pts',(0.197357401844166,0.197357401844165,-0.899999979883432));
#1623=CARTESIAN_POINT('Ctrl Pts',(0.197357401844165,-1.0544821753951E-15,
-0.899999979883432));
#1624=CARTESIAN_POINT('Ctrl Pts',(0.197357401844164,-0.197357401844167,
-0.899999979883432));
#1625=CARTESIAN_POINT('Ctrl Pts',(-2.10896435079019E-15,-0.197357401844166,
-0.899999979883432));
#1626=CARTESIAN_POINT('Ctrl Pts',(-0.197357401844168,-0.197357401844165,
-0.899999979883433));
#1627=CARTESIAN_POINT('Ctrl Pts',(-0.197357401844167,1.0544821753951E-15,
-0.899999979883433));
#1628=CARTESIAN_POINT('Ctrl Pts',(-0.197357401844166,0.197357401844167,
-0.899999979883433));
#1629=CARTESIAN_POINT('Ctrl Pts',(0.,0.197357401844166,-0.899999979883432));
#1630=CARTESIAN_POINT('Ctrl Pts',(0.,0.,-0.899999979883432));
#1631=CARTESIAN_POINT('Ctrl Pts',(-6.16297582203915E-31,-1.0544821753951E-15,
-0.899999979883432));
#1632=CARTESIAN_POINT('Ctrl Pts',(-1.0544821753951E-15,-1.0544821753951E-15,
-0.899999979883432));
#1633=CARTESIAN_POINT('Ctrl Pts',(-2.10896435079019E-15,-1.0544821753951E-15,
-0.899999979883432));
#1634=CARTESIAN_POINT('Ctrl Pts',(-2.10896435079019E-15,7.86683403831823E-31,
-0.899999979883432));
#1635=CARTESIAN_POINT('Ctrl Pts',(-2.10896435079019E-15,1.0544821753951E-15,
-0.899999979883432));
#1636=CARTESIAN_POINT('Ctrl Pts',(-1.0544821753951E-15,1.0544821753951E-15,
-0.899999979883432));
#1637=CARTESIAN_POINT('Ctrl Pts',(1.23259516440783E-31,1.0544821753951E-15,
-0.899999979883432));
#1638=CARTESIAN_POINT('Ctrl Pts',(0.,0.,-0.899999979883432));
#1639=CARTESIAN_POINT('',(-5.55111512312578E-16,4.,0.));
#1640=CARTESIAN_POINT('',(0.,0.,-0.899999979883432));
#1641=CARTESIAN_POINT('Ctrl Pts',(-5.55111512312578E-16,4.,0.));
#1642=CARTESIAN_POINT('Ctrl Pts',(-5.55111512312578E-16,3.91123814823274,
-0.133142837170378));
#1643=CARTESIAN_POINT('Ctrl Pts',(-5.43775974896351E-16,3.71262053001822,
-0.368562576103136));
#1644=CARTESIAN_POINT('Ctrl Pts',(-4.92801268646947E-16,3.35146957396829,
-0.629180070529405));
#1645=CARTESIAN_POINT('Ctrl Pts',(-3.7026359256983E-16,2.7611784925861,
-0.819240289650013));
#1646=CARTESIAN_POINT('Ctrl Pts',(-1.84847919742781E-16,1.90442181265768,
-0.896814427272403));
#1647=CARTESIAN_POINT('Ctrl Pts',(-6.23102436656502E-17,1.16326137833951,
-0.901902300125374));
#1648=CARTESIAN_POINT('Ctrl Pts',(-1.13355374162301E-17,0.588274656531236,
-0.900347905174989));
#1649=CARTESIAN_POINT('Ctrl Pts',(0.,0.197357401844166,-0.899999979883432));
#1650=CARTESIAN_POINT('Ctrl Pts',(0.,0.,-0.899999979883432));
#1651=CARTESIAN_POINT('Origin',(-2.86842152205709E-15,1.06997522539954E-30,
0.));
#1652=CARTESIAN_POINT('Origin',(-1.025,0.785,3.1));
#1653=CARTESIAN_POINT('',(-2.05,0.585,3.1));
#1654=CARTESIAN_POINT('',(-0.885,0.585,3.1));
#1655=CARTESIAN_POINT('',(-1.025,0.585,3.1));
#1656=CARTESIAN_POINT('',(-0.885,0.785,3.3));
#1657=CARTESIAN_POINT('Origin',(-0.885,0.785,3.1));
#1658=CARTESIAN_POINT('',(-2.25,0.785,3.3));
#1659=CARTESIAN_POINT('',(-1.025,0.785,3.3));
#1660=CARTESIAN_POINT('Origin',(-2.25,0.785,3.1));
#1661=CARTESIAN_POINT('Origin',(-2.25,-0.2925,3.1));
#1662=CARTESIAN_POINT('',(-2.25,-0.785,3.3));
#1663=CARTESIAN_POINT('',(-2.25,-0.2925,3.3));
#1664=CARTESIAN_POINT('',(-2.05,-0.585,3.1));
#1665=CARTESIAN_POINT('Origin',(-2.25,-0.785,3.1));
#1666=CARTESIAN_POINT('',(-2.05,-0.2925,3.1));
#1667=CARTESIAN_POINT('Origin',(-0.785,-1.025,3.1));
#1668=CARTESIAN_POINT('',(-0.585,-2.05,3.1));
#1669=CARTESIAN_POINT('',(-0.585,-0.885,3.1));
#1670=CARTESIAN_POINT('',(-0.585,-1.025,3.1));
#1671=CARTESIAN_POINT('',(-0.785,-0.885,3.3));
#1672=CARTESIAN_POINT('Origin',(-0.785,-0.885,3.1));
#1673=CARTESIAN_POINT('',(-0.785,-2.25,3.3));
#1674=CARTESIAN_POINT('',(-0.785,-1.025,3.3));
#1675=CARTESIAN_POINT('Origin',(-0.785,-2.25,3.1));
#1676=CARTESIAN_POINT('Origin',(0.2925,-2.25,3.1));
#1677=CARTESIAN_POINT('',(0.785,-2.25,3.3));
#1678=CARTESIAN_POINT('',(0.2925,-2.25,3.3));
#1679=CARTESIAN_POINT('',(0.585,-2.05,3.1));
#1680=CARTESIAN_POINT('Origin',(0.785,-2.25,3.1));
#1681=CARTESIAN_POINT('',(0.2925,-2.05,3.1));
#1682=CARTESIAN_POINT('Origin',(1.025,-0.785,3.1));
#1683=CARTESIAN_POINT('',(2.05,-0.585,3.1));
#1684=CARTESIAN_POINT('',(0.885,-0.585,3.1));
#1685=CARTESIAN_POINT('',(1.025,-0.585,3.1));
#1686=CARTESIAN_POINT('',(0.885,-0.785,3.3));
#1687=CARTESIAN_POINT('Origin',(0.885,-0.785,3.1));
#1688=CARTESIAN_POINT('',(2.25,-0.785,3.3));
#1689=CARTESIAN_POINT('',(1.025,-0.785,3.3));
#1690=CARTESIAN_POINT('Origin',(2.25,-0.785,3.1));
#1691=CARTESIAN_POINT('Ctrl Pts',(0.885,-0.585,3.1));
#1692=CARTESIAN_POINT('Ctrl Pts',(0.585,-0.585,3.1));
#1693=CARTESIAN_POINT('Ctrl Pts',(0.585,-0.885,3.1));
#1694=CARTESIAN_POINT('Ctrl Pts',(0.885,-0.585,3.3));
#1695=CARTESIAN_POINT('Ctrl Pts',(0.585,-0.585,3.3));
#1696=CARTESIAN_POINT('Ctrl Pts',(0.585,-0.885,3.3));
#1697=CARTESIAN_POINT('Ctrl Pts',(0.885,-0.785,3.3));
#1698=CARTESIAN_POINT('Ctrl Pts',(0.785,-0.785,3.3));
#1699=CARTESIAN_POINT('Ctrl Pts',(0.785,-0.885,3.3));
#1700=CARTESIAN_POINT('',(0.585,-0.885,3.1));
#1701=CARTESIAN_POINT('',(0.785,-0.885,3.3));
#1702=CARTESIAN_POINT('Origin',(0.785,-0.885,3.1));
#1703=CARTESIAN_POINT('Origin',(0.885,-0.885,3.3));
#1704=CARTESIAN_POINT('Origin',(0.885,-0.885,3.1));
#1705=CARTESIAN_POINT('Origin',(0.785,-0.4425,3.1));
#1706=CARTESIAN_POINT('',(0.785,-0.4425,3.3));
#1707=CARTESIAN_POINT('',(0.585,-0.4425,3.1));
#1708=CARTESIAN_POINT('Origin',(2.25,0.2925,3.1));
#1709=CARTESIAN_POINT('',(2.05,0.585,3.1));
#1710=CARTESIAN_POINT('',(2.05,0.2925,3.1));
#1711=CARTESIAN_POINT('',(2.25,0.785,3.3));
#1712=CARTESIAN_POINT('',(2.25,0.2925,3.3));
#1713=CARTESIAN_POINT('Origin',(2.25,0.785,3.1));
#1714=CARTESIAN_POINT('Origin',(0.785,1.025,3.1));
#1715=CARTESIAN_POINT('',(0.585,2.05,3.1));
#1716=CARTESIAN_POINT('',(0.585,0.885,3.1));
#1717=CARTESIAN_POINT('',(0.585,1.025,3.1));
#1718=CARTESIAN_POINT('',(0.785,0.885,3.3));
#1719=CARTESIAN_POINT('Origin',(0.785,0.885,3.1));
#1720=CARTESIAN_POINT('',(0.785,2.25,3.3));
#1721=CARTESIAN_POINT('',(0.785,1.025,3.3));
#1722=CARTESIAN_POINT('Origin',(0.785,2.25,3.1));
#1723=CARTESIAN_POINT('Ctrl Pts',(0.585,0.885,3.1));
#1724=CARTESIAN_POINT('Ctrl Pts',(0.585,0.585,3.1));
#1725=CARTESIAN_POINT('Ctrl Pts',(0.885,0.585,3.1));
#1726=CARTESIAN_POINT('Ctrl Pts',(0.585,0.885,3.3));
#1727=CARTESIAN_POINT('Ctrl Pts',(0.585,0.585,3.3));
#1728=CARTESIAN_POINT('Ctrl Pts',(0.885,0.585,3.3));
#1729=CARTESIAN_POINT('Ctrl Pts',(0.785,0.885,3.3));
#1730=CARTESIAN_POINT('Ctrl Pts',(0.785,0.785,3.3));
#1731=CARTESIAN_POINT('Ctrl Pts',(0.885,0.785,3.3));
#1732=CARTESIAN_POINT('',(0.885,0.585,3.1));
#1733=CARTESIAN_POINT('',(0.885,0.785,3.3));
#1734=CARTESIAN_POINT('Origin',(0.885,0.785,3.1));
#1735=CARTESIAN_POINT('Origin',(0.885,0.885,3.3));
#1736=CARTESIAN_POINT('Origin',(0.885,0.885,3.1));
#1737=CARTESIAN_POINT('Origin',(0.4425,0.785,3.1));
#1738=CARTESIAN_POINT('',(0.4425,0.785,3.3));
#1739=CARTESIAN_POINT('',(0.4425,0.585,3.1));
#1740=CARTESIAN_POINT('Ctrl Pts',(-0.585,-0.885,3.1));
#1741=CARTESIAN_POINT('Ctrl Pts',(-0.584999999999999,-0.584999999999999,
3.1));
#1742=CARTESIAN_POINT('Ctrl Pts',(-0.885,-0.585,3.1));
#1743=CARTESIAN_POINT('Ctrl Pts',(-0.585,-0.885,3.3));
#1744=CARTESIAN_POINT('Ctrl Pts',(-0.584999999999999,-0.584999999999999,
3.3));
#1745=CARTESIAN_POINT('Ctrl Pts',(-0.885,-0.585,3.3));
#1746=CARTESIAN_POINT('Ctrl Pts',(-0.785,-0.885,3.3));
#1747=CARTESIAN_POINT('Ctrl Pts',(-0.785,-0.785,3.3));
#1748=CARTESIAN_POINT('Ctrl Pts',(-0.885,-0.785,3.3));
#1749=CARTESIAN_POINT('',(-0.885,-0.585,3.1));
#1750=CARTESIAN_POINT('',(-0.885,-0.785,3.3));
#1751=CARTESIAN_POINT('Origin',(-0.885,-0.785,3.1));
#1752=CARTESIAN_POINT('Origin',(-0.885,-0.885,3.3));
#1753=CARTESIAN_POINT('Origin',(-0.885,-0.885,3.1));
#1754=CARTESIAN_POINT('Origin',(-0.4425,-0.785,3.1));
#1755=CARTESIAN_POINT('',(-0.4425,-0.785,3.3));
#1756=CARTESIAN_POINT('',(-0.4425,-0.585,3.1));
#1757=CARTESIAN_POINT('Origin',(-0.2925,2.25,3.1));
#1758=CARTESIAN_POINT('',(-0.585,2.05,3.1));
#1759=CARTESIAN_POINT('',(-0.2925,2.05,3.1));
#1760=CARTESIAN_POINT('',(-0.785,2.25,3.3));
#1761=CARTESIAN_POINT('',(-0.2925,2.25,3.3));
#1762=CARTESIAN_POINT('Origin',(-0.785,2.25,3.1));
#1763=CARTESIAN_POINT('Ctrl Pts',(-0.885,0.585,3.1));
#1764=CARTESIAN_POINT('Ctrl Pts',(-0.585,0.585,3.1));
#1765=CARTESIAN_POINT('Ctrl Pts',(-0.585,0.885,3.1));
#1766=CARTESIAN_POINT('Ctrl Pts',(-0.885,0.585,3.3));
#1767=CARTESIAN_POINT('Ctrl Pts',(-0.585,0.585,3.3));
#1768=CARTESIAN_POINT('Ctrl Pts',(-0.585,0.885,3.3));
#1769=CARTESIAN_POINT('Ctrl Pts',(-0.885,0.785,3.3));
#1770=CARTESIAN_POINT('Ctrl Pts',(-0.785,0.785,3.3));
#1771=CARTESIAN_POINT('Ctrl Pts',(-0.785,0.885,3.3));
#1772=CARTESIAN_POINT('',(-0.585,0.885,3.1));
#1773=CARTESIAN_POINT('',(-0.785,0.885,3.3));
#1774=CARTESIAN_POINT('Origin',(-0.785,0.885,3.1));
#1775=CARTESIAN_POINT('Origin',(-0.885,0.885,3.3));
#1776=CARTESIAN_POINT('Origin',(-0.885,0.885,3.1));
#1777=CARTESIAN_POINT('Origin',(-0.785,0.4425,3.1));
#1778=CARTESIAN_POINT('',(-0.785,0.4425,3.3));
#1779=CARTESIAN_POINT('',(-0.585,0.4425,3.1));
#1780=CARTESIAN_POINT('Origin',(0.585,-2.05,0.));
#1781=CARTESIAN_POINT('',(0.585,-2.05,0.));
#1782=CARTESIAN_POINT('',(0.585,-2.05,0.));
#1783=CARTESIAN_POINT('',(-0.585,-2.05,0.));
#1784=CARTESIAN_POINT('',(0.585,-2.05,0.));
#1785=CARTESIAN_POINT('',(-0.585,-2.05,0.));
#1786=CARTESIAN_POINT('Origin',(0.585,-0.885,0.));
#1787=CARTESIAN_POINT('',(0.585,-0.885,0.));
#1788=CARTESIAN_POINT('',(0.585,-0.885,0.));
#1789=CARTESIAN_POINT('',(0.585,-0.885,0.));
#1790=CARTESIAN_POINT('Origin',(0.885,-0.885,0.));
#1791=CARTESIAN_POINT('',(0.885,-0.585,0.));
#1792=CARTESIAN_POINT('',(0.885,-0.585,0.));
#1793=CARTESIAN_POINT('Origin',(0.885,-0.885,0.));
#1794=CARTESIAN_POINT('Origin',(2.05,-0.585,0.));
#1795=CARTESIAN_POINT('',(2.05,-0.585,0.));
#1796=CARTESIAN_POINT('',(2.05,-0.585,0.));
#1797=CARTESIAN_POINT('',(2.05,-0.585,0.));
#1798=CARTESIAN_POINT('Origin',(2.05,0.585,0.));
#1799=CARTESIAN_POINT('',(2.05,0.585,0.));
#1800=CARTESIAN_POINT('',(2.05,0.585,0.));
#1801=CARTESIAN_POINT('',(2.05,0.585,0.));
#1802=CARTESIAN_POINT('Origin',(0.885,0.585,0.));
#1803=CARTESIAN_POINT('',(0.885,0.585,0.));
#1804=CARTESIAN_POINT('',(0.885,0.585,0.));
#1805=CARTESIAN_POINT('',(0.885,0.585,0.));
#1806=CARTESIAN_POINT('Origin',(0.885,0.885,0.));
#1807=CARTESIAN_POINT('',(0.585,0.885,0.));
#1808=CARTESIAN_POINT('',(0.585,0.885,0.));
#1809=CARTESIAN_POINT('Origin',(0.885,0.885,0.));
#1810=CARTESIAN_POINT('Origin',(0.585,2.05,0.));
#1811=CARTESIAN_POINT('',(0.585,2.05,0.));
#1812=CARTESIAN_POINT('',(0.585,2.05,0.));
#1813=CARTESIAN_POINT('',(0.585,2.05,0.));
#1814=CARTESIAN_POINT('Origin',(0.,0.,3.3));
#1815=CARTESIAN_POINT('',(-2.55,3.12284933782575E-16,3.3));
#1816=CARTESIAN_POINT('Origin',(0.,0.,3.3));
#1817=CARTESIAN_POINT('Origin',(0.,0.,3.1));
#1818=CARTESIAN_POINT('',(-2.75,-3.36777869765522E-16,3.1));
#1819=CARTESIAN_POINT('Origin',(-2.55,-3.12284933782575E-16,3.1));
#1820=CARTESIAN_POINT('Origin',(0.,0.,3.1));
#1821=CARTESIAN_POINT('Origin',(0.,0.,0.));
#1822=CARTESIAN_POINT('',(-2.75,3.36777869765522E-16,0.25));
#1823=CARTESIAN_POINT('',(-2.75,-3.36777869765522E-16,0.));
#1824=CARTESIAN_POINT('Origin',(0.,0.,0.25));
#1825=CARTESIAN_POINT('Origin',(0.,0.,0.25));
#1826=CARTESIAN_POINT('',(-3.,-3.67394039744206E-16,0.));
#1827=CARTESIAN_POINT('Origin',(0.,0.,0.));
#1828=CARTESIAN_POINT('Origin',(-3.,-3.67394039744206E-16,0.25));
#1829=CARTESIAN_POINT('Origin',(0.,0.,0.));
#1830=CARTESIAN_POINT('Origin',(0.,0.,0.));
#1831=CARTESIAN_POINT('',(-0.585,-0.885,0.));
#1832=CARTESIAN_POINT('',(-0.885,-0.585,0.));
#1833=CARTESIAN_POINT('Origin',(-0.885,-0.885,0.));
#1834=CARTESIAN_POINT('',(-0.585,-0.885,0.));
#1835=CARTESIAN_POINT('',(-0.585,2.05,0.));
#1836=CARTESIAN_POINT('',(-0.585,2.05,0.));
#1837=CARTESIAN_POINT('',(-0.585,0.885,0.));
#1838=CARTESIAN_POINT('',(-0.585,0.885,0.));
#1839=CARTESIAN_POINT('',(-0.885,0.585,0.));
#1840=CARTESIAN_POINT('Origin',(-0.885,0.885,0.));
#1841=CARTESIAN_POINT('',(-2.05,0.585,0.));
#1842=CARTESIAN_POINT('',(-2.05,0.585,0.));
#1843=CARTESIAN_POINT('',(-2.05,-0.585,0.));
#1844=CARTESIAN_POINT('',(-2.05,-0.585,0.));
#1845=CARTESIAN_POINT('',(-2.05,-0.585,0.));
#1846=CARTESIAN_POINT('Origin',(-0.885,-0.885,0.));
#1847=CARTESIAN_POINT('',(-0.585,-0.885,0.));
#1848=CARTESIAN_POINT('',(-0.885,-0.585,0.));
#1849=CARTESIAN_POINT('Origin',(-0.585,-2.05,0.));
#1850=CARTESIAN_POINT('Origin',(-0.585,2.05,0.));
#1851=CARTESIAN_POINT('',(-0.585,2.05,0.));
#1852=CARTESIAN_POINT('Origin',(-0.585,0.885,0.));
#1853=CARTESIAN_POINT('',(-0.585,0.885,0.));
#1854=CARTESIAN_POINT('Origin',(-0.885,0.885,0.));
#1855=CARTESIAN_POINT('',(-0.885,0.585,0.));
#1856=CARTESIAN_POINT('Origin',(-2.05,0.585,0.));
#1857=CARTESIAN_POINT('',(-2.05,0.585,0.));
#1858=CARTESIAN_POINT('Origin',(-2.05,-0.585,0.));
#1859=CARTESIAN_POINT('',(-2.05,-0.585,0.));
#1860=CARTESIAN_POINT('Origin',(-0.885,-0.585,0.));
#1861=CARTESIAN_POINT('Ctrl Pts',(6.95019718055408,-13.6939885510742,0.246296127470718));
#1862=CARTESIAN_POINT('Ctrl Pts',(6.47410405039923,-13.7103312133078,0.233827381129318));
#1863=CARTESIAN_POINT('Ctrl Pts',(5.55893745468464,-13.7190408724805,0.228564780267482));
#1864=CARTESIAN_POINT('Ctrl Pts',(3.23671804612926,-13.743471766413,0.208128039182629));
#1865=CARTESIAN_POINT('Ctrl Pts',(1.39077500968837,-13.7476822848506,0.203490009442246));
#1866=CARTESIAN_POINT('Ctrl Pts',(-0.925803131516626,-13.7492387926757,
0.202082611048738));
#1867=CARTESIAN_POINT('Ctrl Pts',(-2.31615740511392,-13.743910270661,0.207314065693812));
#1868=CARTESIAN_POINT('Ctrl Pts',(-4.16497103686656,-13.7341746710989,0.215886056312203));
#1869=CARTESIAN_POINT('Ctrl Pts',(-5.55959973085693,-13.7185628634789,0.228994079739345));
#1870=CARTESIAN_POINT('Ctrl Pts',(-6.47408474311139,-13.7103310715526,0.233826893274549));
#1871=CARTESIAN_POINT('Ctrl Pts',(-6.95017946001556,-13.6939870822273,0.246297456611187));
#1872=CARTESIAN_POINT('Ctrl Pts',(6.9502251070186,-13.6949826414347,0.242116633565454));
#1873=CARTESIAN_POINT('Ctrl Pts',(6.4741117617269,-13.7111262783189,0.229705305238336));
#1874=CARTESIAN_POINT('Ctrl Pts',(5.55894409831946,-13.7196122378013,0.224526396029691));
#1875=CARTESIAN_POINT('Ctrl Pts',(3.23671722645507,-13.7436639059765,0.204262309687861));
#1876=CARTESIAN_POINT('Ctrl Pts',(1.39077578896426,-13.7477448330699,0.199713375088386));
#1877=CARTESIAN_POINT('Ctrl Pts',(-0.92580332535821,-13.7492839817597,0.198313182456375));
#1878=CARTESIAN_POINT('Ctrl Pts',(-2.31615816447086,-13.7440497185711,0.203487846111023));
#1879=CARTESIAN_POINT('Ctrl Pts',(-4.16497275906769,-13.7345121910268,0.211953922450809));
#1880=CARTESIAN_POINT('Ctrl Pts',(-5.55960692896562,-13.7191396847802,0.224953463170707));
#1881=CARTESIAN_POINT('Ctrl Pts',(-6.4740921207558,-13.7111230858833,0.229706060210178));
#1882=CARTESIAN_POINT('Ctrl Pts',(-6.95020738897289,-13.6949812048468,0.24211795367649));
#1883=CARTESIAN_POINT('Ctrl Pts',(6.95027336497937,-13.6967004662451,0.233695019406884));
#1884=CARTESIAN_POINT('Ctrl Pts',(6.47416564321738,-13.7123514699005,0.221492235285752));
#1885=CARTESIAN_POINT('Ctrl Pts',(5.55895142815902,-13.7205169142981,0.21640859941332));
#1886=CARTESIAN_POINT('Ctrl Pts',(3.23673583222407,-13.7437680595335,0.196563877642624));
#1887=CARTESIAN_POINT('Ctrl Pts',(1.39077210808978,-13.7476619766337,0.192152738882844));
#1888=CARTESIAN_POINT('Ctrl Pts',(-0.925805652790382,-13.7491504147608,
0.190778845440804));
#1889=CARTESIAN_POINT('Ctrl Pts',(-2.31615767581448,-13.744108270683,0.195829900980982));
#1890=CARTESIAN_POINT('Ctrl Pts',(-4.16498834120543,-13.7349204731136,0.20409554615882));
#1891=CARTESIAN_POINT('Ctrl Pts',(-5.55961275277896,-13.7200599869748,0.216827683887756));
#1892=CARTESIAN_POINT('Ctrl Pts',(-6.47414524605689,-13.7123452427658,0.221492831626334));
#1893=CARTESIAN_POINT('Ctrl Pts',(-6.95025565144259,-13.6966990925664,0.233696319152459));
#1894=CARTESIAN_POINT('Ctrl Pts',(6.95033948678224,-13.6990541851274,0.216653345889574));
#1895=CARTESIAN_POINT('Ctrl Pts',(6.47426340133915,-13.7137948832998,0.204906792047642));
#1896=CARTESIAN_POINT('Ctrl Pts',(5.55895467227925,-13.7213365001464,0.20008590497139));
#1897=CARTESIAN_POINT('Ctrl Pts',(3.2367707045642,-13.7431032907952,0.181160309169864));
#1898=CARTESIAN_POINT('Ctrl Pts',(1.39076118548742,-13.7466433758394,0.177058576549613));
#1899=CARTESIAN_POINT('Ctrl Pts',(-0.925808473309356,-13.7480397556977,
0.175739803835369));
#1900=CARTESIAN_POINT('Ctrl Pts',(-2.31615264501823,-13.7433519258775,0.180524339696275));
#1901=CARTESIAN_POINT('Ctrl Pts',(-4.16501401717453,-13.7348199666629,0.188341179284981));
#1902=CARTESIAN_POINT('Ctrl Pts',(-5.55961238368349,-13.7209079868936,0.20048818626556));
#1903=CARTESIAN_POINT('Ctrl Pts',(-6.47424177418442,-13.7137823806985,0.204908408598678));
#1904=CARTESIAN_POINT('Ctrl Pts',(-6.9503217803451,-13.6990529304495,0.216654596145375));
#1905=CARTESIAN_POINT('Ctrl Pts',(6.95036328537277,-13.6999013367394,0.195170857008568));
#1906=CARTESIAN_POINT('Ctrl Pts',(6.47437537741417,-13.7135855828291,0.184083982891526));
#1907=CARTESIAN_POINT('Ctrl Pts',(5.55893614371272,-13.720468944876,0.179679899704203));
#1908=CARTESIAN_POINT('Ctrl Pts',(3.23681452364502,-13.740572963466,0.162046821443109));
#1909=CARTESIAN_POINT('Ctrl Pts',(1.39073964256923,-13.7437554975291,0.158368968029502));
#1910=CARTESIAN_POINT('Ctrl Pts',(-0.925808870499547,-13.7450439492991,
0.157126053582098));
#1911=CARTESIAN_POINT('Ctrl Pts',(-2.31613846674317,-13.7407456850597,0.161546789658724));
#1912=CARTESIAN_POINT('Ctrl Pts',(-4.16503861889239,-13.7329207353705,0.168734214534307));
#1913=CARTESIAN_POINT('Ctrl Pts',(-5.55958764461149,-13.7200736879857,0.180058981872906));
#1914=CARTESIAN_POINT('Ctrl Pts',(-6.47435274703269,-13.7135670316004,0.184087969740509));
#1915=CARTESIAN_POINT('Ctrl Pts',(-6.95034558405339,-13.6999002161023,0.195172031121253));
#1916=CARTESIAN_POINT('Ctrl Pts',(6.95030037290915,-13.6976618597875,0.16938290409435));
#1917=CARTESIAN_POINT('Ctrl Pts',(6.47452313067182,-13.7102465498544,0.159245209398117));
#1918=CARTESIAN_POINT('Ctrl Pts',(5.55887678835379,-13.7165011466516,0.155427449935287));
#1919=CARTESIAN_POINT('Ctrl Pts',(3.23688240629984,-13.734942106184,0.139559764446746));
#1920=CARTESIAN_POINT('Ctrl Pts',(1.3906989007646,-13.7378099517426,0.136417927778733));
#1921=CARTESIAN_POINT('Ctrl Pts',(-0.92580668696998,-13.7389855183958,0.135281192445413));
#1922=CARTESIAN_POINT('Ctrl Pts',(-2.3161085159102,-13.7350670679944,0.139221771848432));
#1923=CARTESIAN_POINT('Ctrl Pts',(-4.1650663265369,-13.7279199532948,0.145573932312373));
#1924=CARTESIAN_POINT('Ctrl Pts',(-5.55951640965182,-13.7161406391999,0.155774016357827));
#1925=CARTESIAN_POINT('Ctrl Pts',(-6.47449997068521,-13.7102225902506,0.159252745431736));
#1926=CARTESIAN_POINT('Ctrl Pts',(-6.95028267185228,-13.6976608757132,0.169383966804145));
#1927=CARTESIAN_POINT('Ctrl Pts',(6.95014072339668,-13.6919788618095,0.144308153027482));
#1928=CARTESIAN_POINT('Ctrl Pts',(6.47482496616562,-13.7037060053013,0.13518649051537));
#1929=CARTESIAN_POINT('Ctrl Pts',(5.55876820520214,-13.7094890881294,0.132019308649043));
#1930=CARTESIAN_POINT('Ctrl Pts',(3.23703780327325,-13.7266781805634,0.118006560083457));
#1931=CARTESIAN_POINT('Ctrl Pts',(1.39062922762703,-13.7293370464273,0.115415072388726));
#1932=CARTESIAN_POINT('Ctrl Pts',(-0.925811613460498,-13.7304245819457,
0.114389251390928));
#1933=CARTESIAN_POINT('Ctrl Pts',(-2.31606155775662,-13.72678402418,0.117834590610472));
#1934=CARTESIAN_POINT('Ctrl Pts',(-4.16513885601706,-13.7201294493569,0.123313400657066));
#1935=CARTESIAN_POINT('Ctrl Pts',(-5.55938272439681,-13.7091556810367,0.132331851163441));
#1936=CARTESIAN_POINT('Ctrl Pts',(-6.47480129161769,-13.7036777648884,0.135198476887344));
#1937=CARTESIAN_POINT('Ctrl Pts',(-6.95012301625426,-13.6919779839573,0.144309093225282));
#1938=CARTESIAN_POINT('Ctrl Pts',(6.94925905684155,-13.6605944299205,0.0542301368821737));
#1939=CARTESIAN_POINT('Ctrl Pts',(6.47443464869101,-13.6697437888523,0.0488640486437363));
#1940=CARTESIAN_POINT('Ctrl Pts',(5.55836721509444,-13.6743603282026,0.0486961589061572));
#1941=CARTESIAN_POINT('Ctrl Pts',(3.23687505437339,-13.6880695385685,0.0417530004753825));
#1942=CARTESIAN_POINT('Ctrl Pts',(1.39047630438897,-13.6903459897242,0.0414358052979263));
#1943=CARTESIAN_POINT('Ctrl Pts',(-0.925715472006424,-13.6911735367208,
0.0408002751626988));
#1944=CARTESIAN_POINT('Ctrl Pts',(-2.31588878551655,-13.6882496714074,0.0423650097095979));
#1945=CARTESIAN_POINT('Ctrl Pts',(-4.16488939188191,-13.6828343794756,0.0443594998494004));
#1946=CARTESIAN_POINT('Ctrl Pts',(-5.55896943696683,-13.6741068552298,0.0488882359832574));
#1947=CARTESIAN_POINT('Ctrl Pts',(-6.47441895308782,-13.6697091502589,0.0489062907959725));
#1948=CARTESIAN_POINT('Ctrl Pts',(-6.94924130820239,-13.6605938578685,0.0542305764066893));
#1949=CARTESIAN_POINT('Ctrl Pts',(6.94690501079837,-13.5767981270257,-1.68996788203655E-15));
#1950=CARTESIAN_POINT('Ctrl Pts',(6.48276145816586,-13.5880142897465,-1.72519525744893E-15));
#1951=CARTESIAN_POINT('Ctrl Pts',(5.55675234490228,-13.5944164415472,-1.3862582640454E-15));
#1952=CARTESIAN_POINT('Ctrl Pts',(3.241289437384,-13.6122098126846,-1.86900616825382E-15));
#1953=CARTESIAN_POINT('Ctrl Pts',(1.38927309933168,-13.6158858096484,-1.37508755892134E-15));
#1954=CARTESIAN_POINT('Ctrl Pts',(-0.926171956580414,-13.6168856440009,
-9.51645781218142E-16));
#1955=CARTESIAN_POINT('Ctrl Pts',(-2.31530063501853,-13.6129158241473,-7.91073175523939E-16));
#1956=CARTESIAN_POINT('Ctrl Pts',(-4.16744387988874,-13.605396779178,-6.96109687207607E-16));
#1957=CARTESIAN_POINT('Ctrl Pts',(-5.55675224775093,-13.5941094455721,-4.81776991290024E-16));
#1958=CARTESIAN_POINT('Ctrl Pts',(-6.48272250434579,-13.5879841278703,-2.36478982856692E-16));
#1959=CARTESIAN_POINT('Ctrl Pts',(-6.94688712048101,-13.5767972722214,-2.36153844962714E-16));
#1960=CARTESIAN_POINT('Ctrl Pts',(6.94473344099822,-13.4994973787005,-1.70002900645727E-15));
#1961=CARTESIAN_POINT('Ctrl Pts',(6.48191867581107,-13.5124989936773,-1.72694150372913E-15));
#1962=CARTESIAN_POINT('Ctrl Pts',(5.55591242928814,-13.5210492209075,-1.38543097674478E-15));
#1963=CARTESIAN_POINT('Ctrl Pts',(3.24103399051375,-13.5426684246886,-1.86979216443883E-15));
#1964=CARTESIAN_POINT('Ctrl Pts',(1.38899694300872,-13.5478728386217,-1.37202432403326E-15));
#1965=CARTESIAN_POINT('Ctrl Pts',(-0.926007957475539,-13.5490432676645,
-9.52722750144565E-16));
#1966=CARTESIAN_POINT('Ctrl Pts',(-2.31498711493303,-13.5440195496986,-7.94547959019101E-16));
#1967=CARTESIAN_POINT('Ctrl Pts',(-4.16698084412524,-13.5343874707965,-6.99199584517734E-16));
#1968=CARTESIAN_POINT('Ctrl Pts',(-5.5558774174092,-13.5206889131304,-4.80618119558394E-16));
#1969=CARTESIAN_POINT('Ctrl Pts',(-6.48190087779221,-13.5124985820247,-2.23934549956705E-16));
#1970=CARTESIAN_POINT('Ctrl Pts',(-6.9447154191884,-13.4994962347069,-2.42861286636753E-16));
#1971=CARTESIAN_POINT('',(-6.95017946001557,-13.6939870822273,0.246297456611187));
#1972=CARTESIAN_POINT('',(-6.9447154191884,-13.4994962347069,-6.93889390390723E-16));
#1973=CARTESIAN_POINT('Origin',(-6.9447154191884,-13.4994962347069,0.2));
#1974=CARTESIAN_POINT('',(6.94473344099822,-13.4994973787005,-4.16333634234434E-16));
#1975=CARTESIAN_POINT('Ctrl Pts',(-6.9447154191884,-13.4994962347069,-2.42861286636753E-16));
#1976=CARTESIAN_POINT('Ctrl Pts',(-6.48190087779221,-13.5124985820247,-2.23934549956705E-16));
#1977=CARTESIAN_POINT('Ctrl Pts',(-5.5558774174092,-13.5206889131304,-4.80618119558394E-16));
#1978=CARTESIAN_POINT('Ctrl Pts',(-4.16698084412524,-13.5343874707965,-6.99199584517734E-16));
#1979=CARTESIAN_POINT('Ctrl Pts',(-2.31498711493303,-13.5440195496986,-7.94547959019101E-16));
#1980=CARTESIAN_POINT('Ctrl Pts',(-0.926007957475539,-13.5490432676645,
-9.52722750144565E-16));
#1981=CARTESIAN_POINT('Ctrl Pts',(1.38899694300872,-13.5478728386217,-1.37202432403326E-15));
#1982=CARTESIAN_POINT('Ctrl Pts',(3.24103399051375,-13.5426684246886,-1.86979216443883E-15));
#1983=CARTESIAN_POINT('Ctrl Pts',(5.55591242928814,-13.5210492209075,-1.38543097674478E-15));
#1984=CARTESIAN_POINT('Ctrl Pts',(6.48191867581107,-13.5124989936773,-1.72694150372913E-15));
#1985=CARTESIAN_POINT('Ctrl Pts',(6.94473344099822,-13.4994973787005,-1.70002900645727E-15));
#1986=CARTESIAN_POINT('',(6.95019718055408,-13.6939885510742,0.246296127470718));
#1987=CARTESIAN_POINT('Origin',(6.94473344099822,-13.4994973787005,0.199999999999999));
#1988=CARTESIAN_POINT('Ctrl Pts',(6.95019718055408,-13.6939885510742,0.246296127470718));
#1989=CARTESIAN_POINT('Ctrl Pts',(6.47410405039923,-13.7103312133078,0.233827381129318));
#1990=CARTESIAN_POINT('Ctrl Pts',(5.55893745468464,-13.7190408724805,0.228564780267482));
#1991=CARTESIAN_POINT('Ctrl Pts',(3.23671804612926,-13.743471766413,0.208128039182629));
#1992=CARTESIAN_POINT('Ctrl Pts',(1.39077500968837,-13.7476822848506,0.203490009442246));
#1993=CARTESIAN_POINT('Ctrl Pts',(-0.925803131516626,-13.7492387926757,
0.202082611048738));
#1994=CARTESIAN_POINT('Ctrl Pts',(-2.31615740511392,-13.743910270661,0.207314065693812));
#1995=CARTESIAN_POINT('Ctrl Pts',(-4.16497103686656,-13.7341746710989,0.215886056312203));
#1996=CARTESIAN_POINT('Ctrl Pts',(-5.55959973085693,-13.7185628634789,0.228994079739345));
#1997=CARTESIAN_POINT('Ctrl Pts',(-6.47408474311139,-13.7103310715526,0.233826893274549));
#1998=CARTESIAN_POINT('Ctrl Pts',(-6.95017946001556,-13.6939870822273,0.246297456611187));
#1999=CARTESIAN_POINT('Ctrl Pts',(-6.95017946001557,-13.6939870822273,0.246297456611186));
#2000=CARTESIAN_POINT('Ctrl Pts',(-7.2455949044156,-13.6829260065558,0.257898869992379));
#2001=CARTESIAN_POINT('Ctrl Pts',(-7.68353665444325,-13.5659214321065,0.270573673356676));
#2002=CARTESIAN_POINT('Ctrl Pts',(-8.29952119507369,-13.1565560574075,0.281414545430902));
#2003=CARTESIAN_POINT('Ctrl Pts',(-8.76143633767859,-12.5709677578226,0.281426972843554));
#2004=CARTESIAN_POINT('Ctrl Pts',(-8.92069300352632,-11.9952949456134,0.264857969290528));
#2005=CARTESIAN_POINT('Ctrl Pts',(-8.93634721139271,-11.7004031238412,0.251162099908106));
#2006=CARTESIAN_POINT('Ctrl Pts',(-6.95040289167416,-13.7019400631835,0.212861433133609));
#2007=CARTESIAN_POINT('Ctrl Pts',(-7.24706744961378,-13.6931152242601,0.223836018578326));
#2008=CARTESIAN_POINT('Ctrl Pts',(-7.68838475154234,-13.5782788731489,0.236120596134534));
#2009=CARTESIAN_POINT('Ctrl Pts',(-8.31024783466962,-13.1681132159292,0.246795758059845));
#2010=CARTESIAN_POINT('Ctrl Pts',(-8.77589668661919,-12.5777523314387,0.246804049121961));
#2011=CARTESIAN_POINT('Ctrl Pts',(-8.93229226117131,-11.9970900027883,0.230502243417956));
#2012=CARTESIAN_POINT('Ctrl Pts',(-8.94525410740835,-11.7007663885395,0.217474292891226));
#2013=CARTESIAN_POINT('Ctrl Pts',(-6.950358473473,-13.7003590110166,0.150769732381856));
#2014=CARTESIAN_POINT('Ctrl Pts',(-7.2468626355181,-13.69463774828,0.159478844260156));
#2015=CARTESIAN_POINT('Ctrl Pts',(-7.69011972529677,-13.5835927592555,0.169521680601203));
#2016=CARTESIAN_POINT('Ctrl Pts',(-8.31638888702246,-13.1750287193659,0.178414370235575));
#2017=CARTESIAN_POINT('Ctrl Pts',(-8.78454913970496,-12.5814688113113,0.178417831464361));
#2018=CARTESIAN_POINT('Ctrl Pts',(-8.93583017138802,-11.9971816352093,0.164853933396609));
#2019=CARTESIAN_POINT('Ctrl Pts',(-8.94500107241264,-11.700756068594,0.154444678794489));
#2020=CARTESIAN_POINT('Ctrl Pts',(-6.94912174277917,-13.6563379635162,0.065060219255876));
#2021=CARTESIAN_POINT('Ctrl Pts',(-7.23919600914007,-13.652393115854,0.0692314610509102));
#2022=CARTESIAN_POINT('Ctrl Pts',(-7.67398858253881,-13.5460735055574,0.0741641719996089));
#2023=CARTESIAN_POINT('Ctrl Pts',(-8.28970907924372,-13.1473212422806,0.0786051181527889));
#2024=CARTESIAN_POINT('Ctrl Pts',(-8.74991914573864,-12.5639048944298,0.0786039153903913));
#2025=CARTESIAN_POINT('Ctrl Pts',(-8.89480679283751,-11.9891606485635,0.071839487559154));
#2026=CARTESIAN_POINT('Ctrl Pts',(-8.90169288496346,-11.6989897590267,0.0668240616760745));
#2027=CARTESIAN_POINT('Ctrl Pts',(-6.94712988249386,-13.5854383111736,0.0117106820593926));
#2028=CARTESIAN_POINT('Ctrl Pts',(-7.22673518319308,-13.5804333841614,0.0124884768710715));
#2029=CARTESIAN_POINT('Ctrl Pts',(-7.64499494963948,-13.4769012802176,0.0134186933624394));
#2030=CARTESIAN_POINT('Ctrl Pts',(-8.23734869688348,-13.0922379260935,0.0142601385633596));
#2031=CARTESIAN_POINT('Ctrl Pts',(-8.68106823565323,-12.5298884030039,0.0142603785926502));
#2032=CARTESIAN_POINT('Ctrl Pts',(-8.82224656291571,-11.9757286616246,0.0129788854174531));
#2033=CARTESIAN_POINT('Ctrl Pts',(-8.83026379623761,-11.6960765481483,0.0120415519761558));
#2034=CARTESIAN_POINT('Ctrl Pts',(-6.94543931961928,-13.5252632472117,-1.73248766208546E-15));
#2035=CARTESIAN_POINT('Ctrl Pts',(-7.21612651210357,-13.5185021490129,5.61474172518439E-6));
#2036=CARTESIAN_POINT('Ctrl Pts',(-7.6197230518765,-13.4162408920748,1.0408893318404E-5));
#2037=CARTESIAN_POINT('Ctrl Pts',(-8.19079476947948,-13.0431350206077,1.68136718192058E-5));
#2038=CARTESIAN_POINT('Ctrl Pts',(-8.61969424375352,-12.4997346816001,1.58280989545625E-5));
#2039=CARTESIAN_POINT('Ctrl Pts',(-8.75924117559878,-11.9642079631087,6.84304749740278E-6));
#2040=CARTESIAN_POINT('Ctrl Pts',(-8.76927617832776,-11.693589189075,-6.603283658538E-16));
#2041=CARTESIAN_POINT('Ctrl Pts',(-6.94471541918841,-13.4994962347069,-1.73472347597681E-15));
#2042=CARTESIAN_POINT('Ctrl Pts',(-7.21159601456087,-13.4919984707366,-1.72843115948585E-15));
#2043=CARTESIAN_POINT('Ctrl Pts',(-7.60891335810246,-13.3903179587885,-1.65620394313794E-15));
#2044=CARTESIAN_POINT('Ctrl Pts',(-8.1709162453813,-13.0221624369975,4.90036902398726E-16));
#2045=CARTESIAN_POINT('Ctrl Pts',(-8.59348091327401,-12.4868517022504,-1.90453108014074E-15));
#2046=CARTESIAN_POINT('Ctrl Pts',(-8.73228254286591,-11.9592882706592,-7.0151886028808E-16));
#2047=CARTESIAN_POINT('Ctrl Pts',(-8.74316242606298,-11.6925241486477,-6.59194920871187E-16));
#2048=CARTESIAN_POINT('',(-8.9363472113927,-11.7004031238412,0.251162099908106));
#2049=CARTESIAN_POINT('',(-8.74316242606298,-11.6925241486477,-6.93889390390723E-16));
#2050=CARTESIAN_POINT('Origin',(-8.74316242606298,-11.6925241486477,0.199999999999999));
#2051=CARTESIAN_POINT('Ctrl Pts',(-8.74316242606298,-11.6925241486477,-6.59194920871187E-16));
#2052=CARTESIAN_POINT('Ctrl Pts',(-8.73228254286591,-11.9592882706592,-7.0151886028808E-16));
#2053=CARTESIAN_POINT('Ctrl Pts',(-8.59348091327401,-12.4868517022504,-1.90453108014074E-15));
#2054=CARTESIAN_POINT('Ctrl Pts',(-8.1709162453813,-13.0221624369975,4.90036902398726E-16));
#2055=CARTESIAN_POINT('Ctrl Pts',(-7.60891335810246,-13.3903179587885,-1.65620394313794E-15));
#2056=CARTESIAN_POINT('Ctrl Pts',(-7.21159601456087,-13.4919984707366,-1.72843115948585E-15));
#2057=CARTESIAN_POINT('Ctrl Pts',(-6.94471541918841,-13.4994962347069,-1.73472347597681E-15));
#2058=CARTESIAN_POINT('Ctrl Pts',(-6.95017946001557,-13.6939870822273,0.246297456611186));
#2059=CARTESIAN_POINT('Ctrl Pts',(-7.2455949044156,-13.6829260065558,0.257898869992379));
#2060=CARTESIAN_POINT('Ctrl Pts',(-7.68353665444325,-13.5659214321065,0.270573673356676));
#2061=CARTESIAN_POINT('Ctrl Pts',(-8.29952119507369,-13.1565560574075,0.281414545430902));
#2062=CARTESIAN_POINT('Ctrl Pts',(-8.76143633767859,-12.5709677578226,0.281426972843554));
#2063=CARTESIAN_POINT('Ctrl Pts',(-8.92069300352632,-11.9952949456134,0.264857969290528));
#2064=CARTESIAN_POINT('Ctrl Pts',(-8.93634721139271,-11.7004031238412,0.251162099908106));
#2065=CARTESIAN_POINT('Ctrl Pts',(-8.93634721139271,-11.7004031238412,0.251162099908106));
#2066=CARTESIAN_POINT('Ctrl Pts',(-8.93787805324474,-11.6718494850702,0.249779006893455));
#2067=CARTESIAN_POINT('Ctrl Pts',(-8.93949498475085,-11.6205243697663,0.248737653975728));
#2068=CARTESIAN_POINT('Ctrl Pts',(-8.94234654178904,-11.5170037910772,0.246742391556207));
#2069=CARTESIAN_POINT('Ctrl Pts',(-8.94616825353735,-11.3379530380771,0.244239967808614));
#2070=CARTESIAN_POINT('Ctrl Pts',(-8.95239348302852,-10.9796061187221,0.239982730759572));
#2071=CARTESIAN_POINT('Ctrl Pts',(-8.96173462530732,-10.2642400993197,0.233382677350617));
#2072=CARTESIAN_POINT('Ctrl Pts',(-8.97466607676831,-8.83357597278053,0.223481315748921));
#2073=CARTESIAN_POINT('Ctrl Pts',(-8.98550909497793,-6.79054193998438,0.214279468912826));
#2074=CARTESIAN_POINT('Ctrl Pts',(-8.99600145696703,-3.52143599713546,0.204697437072166));
#2075=CARTESIAN_POINT('Ctrl Pts',(-8.99968961698454,-1.06986694737617,0.20093821524265));
#2076=CARTESIAN_POINT('Ctrl Pts',(-9.00053515466421,2.04817496586735,0.200123477415684));
#2077=CARTESIAN_POINT('Ctrl Pts',(-8.99832096951333,4.27321621480605,0.202370815012774));
#2078=CARTESIAN_POINT('Ctrl Pts',(-8.99253024839987,7.23977051674071,0.207844585293162));
#2079=CARTESIAN_POINT('Ctrl Pts',(-8.98686655316523,9.0941241334833,0.213038432685831));
#2080=CARTESIAN_POINT('Ctrl Pts',(-8.9810115506711,10.3917694701655,0.218021788713074));
#2081=CARTESIAN_POINT('Ctrl Pts',(-8.97698009152323,11.0412107250837,0.221458817647278));
#2082=CARTESIAN_POINT('Ctrl Pts',(-8.97453233863045,11.3655487216043,0.223403074914934));
#2083=CARTESIAN_POINT('Ctrl Pts',(-8.97267854005337,11.5517902219671,0.225048388696509));
#2084=CARTESIAN_POINT('Ctrl Pts',(-8.97167493431766,11.6441538017606,0.225759004676819));
#2085=CARTESIAN_POINT('Ctrl Pts',(-8.97063187765794,11.6926963574152,0.227039452669301));
#2086=CARTESIAN_POINT('Ctrl Pts',(-8.95193427942008,-11.7010388370632,0.192208437628566));
#2087=CARTESIAN_POINT('Ctrl Pts',(-8.95298015688005,-11.6722058335416,0.190939754274741));
#2088=CARTESIAN_POINT('Ctrl Pts',(-8.95422839356277,-11.6208556688422,0.189989720287964));
#2089=CARTESIAN_POINT('Ctrl Pts',(-8.95637960327983,-11.5172031772333,0.188171050318089));
#2090=CARTESIAN_POINT('Ctrl Pts',(-8.95933364555451,-11.3381190097702,0.185903699172153));
#2091=CARTESIAN_POINT('Ctrl Pts',(-8.96410920276162,-10.9796880850466,0.182069043228698));
#2092=CARTESIAN_POINT('Ctrl Pts',(-8.97127472909123,-10.2642860582347,0.176192053752696));
#2093=CARTESIAN_POINT('Ctrl Pts',(-8.98114357627639,-8.8335776127916,0.167526628302594));
#2094=CARTESIAN_POINT('Ctrl Pts',(-8.98936905295414,-6.79055403535141,0.159653937632748));
#2095=CARTESIAN_POINT('Ctrl Pts',(-8.99719474162438,-3.52143080756129,0.151541999303462));
#2096=CARTESIAN_POINT('Ctrl Pts',(-8.99992418157446,-1.06986822500175,0.148422639257074));
#2097=CARTESIAN_POINT('Ctrl Pts',(-9.00055408309114,2.04817419532695,0.147741603168617));
#2098=CARTESIAN_POINT('Ctrl Pts',(-8.99892508843599,4.27321816557696,0.149611632605122));
#2099=CARTESIAN_POINT('Ctrl Pts',(-8.99460779086337,7.23976766094594,0.154208159355555));
#2100=CARTESIAN_POINT('Ctrl Pts',(-8.99038044964311,9.09413057031212,0.158605137186422));
#2101=CARTESIAN_POINT('Ctrl Pts',(-8.98594611633067,10.3917634609257,0.162863462491426));
#2102=CARTESIAN_POINT('Ctrl Pts',(-8.98294438974636,11.0412291018079,0.165828868383627));
#2103=CARTESIAN_POINT('Ctrl Pts',(-8.98108952422337,11.3655627687267,0.167512904493523));
#2104=CARTESIAN_POINT('Ctrl Pts',(-8.97974595133818,11.5518433607912,0.168944463718257));
#2105=CARTESIAN_POINT('Ctrl Pts',(-8.97896237536923,11.644191998594,0.169562561915735));
#2106=CARTESIAN_POINT('Ctrl Pts',(-8.9783207080162,11.6928338924058,0.170681391696318));
#2107=CARTESIAN_POINT('Ctrl Pts',(-8.92504021211356,-11.6999419717547,0.0598735003746413));
#2108=CARTESIAN_POINT('Ctrl Pts',(-8.92551052503282,-11.6715312720948,0.0593686944671013));
#2109=CARTESIAN_POINT('Ctrl Pts',(-8.92634798719441,-11.6202171894986,0.0589932906994829));
#2110=CARTESIAN_POINT('Ctrl Pts',(-8.92771096627322,-11.516756717079,0.0582754269069793));
#2111=CARTESIAN_POINT('Ctrl Pts',(-8.92970354941633,-11.3377118964187,0.0573873378432605));
#2112=CARTESIAN_POINT('Ctrl Pts',(-8.93288188816366,-10.9793929933094,0.0558967991818496));
#2113=CARTESIAN_POINT('Ctrl Pts',(-8.93769677512832,-10.2640356031717,0.053646684203877));
#2114=CARTESIAN_POINT('Ctrl Pts',(-8.94423603274456,-8.83340749131338,0.0504083634766689));
#2115=CARTESIAN_POINT('Ctrl Pts',(-8.94969584440064,-6.79040234892396,0.047563575647519));
#2116=CARTESIAN_POINT('Ctrl Pts',(-8.95498526468202,-3.52135667691976,0.0446701693084032));
#2117=CARTESIAN_POINT('Ctrl Pts',(-8.95684511358812,-1.06980611696914,0.043592084168751));
#2118=CARTESIAN_POINT('Ctrl Pts',(-8.95728135227899,2.04814299656668,0.0433536953799275));
#2119=CARTESIAN_POINT('Ctrl Pts',(-8.95616569550951,4.27315570427949,0.0440039255196396));
#2120=CARTESIAN_POINT('Ctrl Pts',(-8.95321505429462,7.23969594083589,0.0456226623781401));
#2121=CARTESIAN_POINT('Ctrl Pts',(-8.95038076610298,9.0940076451176,0.0471877457932356));
#2122=CARTESIAN_POINT('Ctrl Pts',(-8.94738795227167,10.3916833169719,0.0487230689916337));
#2123=CARTESIAN_POINT('Ctrl Pts',(-8.94540132838155,11.0410562156558,0.049810462148488));
#2124=CARTESIAN_POINT('Ctrl Pts',(-8.94412720089444,11.3654135607011,0.0504318308694492));
#2125=CARTESIAN_POINT('Ctrl Pts',(-8.9432869954505,11.5515415487439,0.0509636784885766));
#2126=CARTESIAN_POINT('Ctrl Pts',(-8.94271948294551,11.6439523771709,0.0511930333513243));
#2127=CARTESIAN_POINT('Ctrl Pts',(-8.94248421285643,11.6921928622626,0.0516111241021219));
#2128=CARTESIAN_POINT('Ctrl Pts',(-8.80409451468081,-11.6950092429779,-6.64484330790048E-16));
#2129=CARTESIAN_POINT('Ctrl Pts',(-8.80493170977967,-11.6685175724699,1.23747396085793E-5));
#2130=CARTESIAN_POINT('Ctrl Pts',(-8.8061127356771,-11.617373932246,2.01750620446393E-5));
#2131=CARTESIAN_POINT('Ctrl Pts',(-8.80808919016816,-11.514803275517,3.71174430949921E-5));
#2132=CARTESIAN_POINT('Ctrl Pts',(-8.81089315692936,-11.3359702267016,5.36728554912495E-5));
#2133=CARTESIAN_POINT('Ctrl Pts',(-8.81543327054322,-10.9782077600168,7.89109257022111E-5));
#2134=CARTESIAN_POINT('Ctrl Pts',(-8.82238755200934,-10.2631058305607,0.00010574660443734));
#2135=CARTESIAN_POINT('Ctrl Pts',(-8.83217581907599,-8.83289714702293,8.63240535101126E-5));
#2136=CARTESIAN_POINT('Ctrl Pts',(-8.8406971085449,-6.78997268716707,2.77498162117152E-5));
#2137=CARTESIAN_POINT('Ctrl Pts',(-8.84910836407446,-3.52118529668095,2.6078404684058E-5));
#2138=CARTESIAN_POINT('Ctrl Pts',(-8.85221019001757,-1.06965222184094,1.24384635516506E-5));
#2139=CARTESIAN_POINT('Ctrl Pts',(-8.85291167725084,2.04807007204427,1.24468906246879E-5));
#2140=CARTESIAN_POINT('Ctrl Pts',(-8.85106341984462,4.27299738908478,1.22343414722732E-5));
#2141=CARTESIAN_POINT('Ctrl Pts',(-8.84632038662371,7.23951921080048,1.81307862642802E-5));
#2142=CARTESIAN_POINT('Ctrl Pts',(-8.84178551120495,9.09366616285306,2.84737660549899E-5));
#2143=CARTESIAN_POINT('Ctrl Pts',(-8.83714955040176,10.39144973287,4.39220652128347E-5));
#2144=CARTESIAN_POINT('Ctrl Pts',(-8.83405730862174,11.0405181984684,3.27993672389425E-5));
#2145=CARTESIAN_POINT('Ctrl Pts',(-8.83215475356459,11.3649406105651,2.33863403241277E-5));
#2146=CARTESIAN_POINT('Ctrl Pts',(-8.83079564471107,11.5505851503561,1.26268934465627E-5));
#2147=CARTESIAN_POINT('Ctrl Pts',(-8.82999295331763,11.6431877022115,9.04359985788175E-6));
#2148=CARTESIAN_POINT('Ctrl Pts',(-8.82937103084188,11.690169534955,-2.35675713771181E-15));
#2149=CARTESIAN_POINT('Ctrl Pts',(-8.74316242606298,-11.6925241486477,-6.59194920871187E-16));
#2150=CARTESIAN_POINT('Ctrl Pts',(-8.74420305842271,-11.6670088583866,-6.49719026059731E-16));
#2151=CARTESIAN_POINT('Ctrl Pts',(-8.74556990502378,-11.6159517207119,-6.5354963597385E-16));
#2152=CARTESIAN_POINT('Ctrl Pts',(-8.74788119470059,-11.5138338130229,-6.55324053576801E-16));
#2153=CARTESIAN_POINT('Ctrl Pts',(-8.75112167438908,-11.3351079087323,-6.58694941034085E-16));
#2154=CARTESIAN_POINT('Ctrl Pts',(-8.75639116150943,-10.9776274190631,-6.8714060603734E-16));
#2155=CARTESIAN_POINT('Ctrl Pts',(-8.76447631847046,-10.2626526468062,-6.87812541734605E-16));
#2156=CARTESIAN_POINT('Ctrl Pts',(-8.77592331407033,-8.83264936201533,-1.05583426739015E-15));
#2157=CARTESIAN_POINT('Ctrl Pts',(-8.78596605422229,-6.78975881093829,-9.30373312792802E-17));
#2158=CARTESIAN_POINT('Ctrl Pts',(-8.79597387296381,-3.52110033169409,5.87696012189791E-16));
#2159=CARTESIAN_POINT('Ctrl Pts',(-8.79969790409793,-1.06957494770247,-4.13718470188679E-16));
#2160=CARTESIAN_POINT('Ctrl Pts',(-8.80053490087433,2.04803351947379,-3.13657745041068E-16));
#2161=CARTESIAN_POINT('Ctrl Pts',(-8.798312593749,4.2729179911964,3.42412843923333E-16));
#2162=CARTESIAN_POINT('Ctrl Pts',(-8.79265816022395,7.23943170356685,-9.06034558898504E-16));
#2163=CARTESIAN_POINT('Ctrl Pts',(-8.78726079925445,9.09349659979686,-1.29279766049324E-15));
#2164=CARTESIAN_POINT('Ctrl Pts',(-8.78179438522291,10.3913375992854,-1.84823801117593E-15));
#2165=CARTESIAN_POINT('Ctrl Pts',(-8.77812453745672,11.0402526248421,-2.12666868438513E-15));
#2166=CARTESIAN_POINT('Ctrl Pts',(-8.77589089993156,11.36470831168,-2.27908299662087E-15));
#2167=CARTESIAN_POINT('Ctrl Pts',(-8.77425555696627,11.5501080413766,-2.29290138525377E-15));
#2168=CARTESIAN_POINT('Ctrl Pts',(-8.77332882456574,11.642807832386,-2.3649879868397E-15));
#2169=CARTESIAN_POINT('Ctrl Pts',(-8.77249983265391,11.6891522437228,-2.35922392732846E-15));
#2170=CARTESIAN_POINT('',(-8.97063187765794,11.6926963574152,0.227039452669314));
#2171=CARTESIAN_POINT('',(-8.77249983265391,11.6891522437228,-4.16333634234434E-16));
#2172=CARTESIAN_POINT('Origin',(-8.77249983265391,11.6891522437228,0.199999999999998));
#2173=CARTESIAN_POINT('Ctrl Pts',(-8.77249983265391,11.6891522437228,-2.35922392732846E-15));
#2174=CARTESIAN_POINT('Ctrl Pts',(-8.77332882456574,11.642807832386,-2.3649879868397E-15));
#2175=CARTESIAN_POINT('Ctrl Pts',(-8.77425555696627,11.5501080413766,-2.29290138525377E-15));
#2176=CARTESIAN_POINT('Ctrl Pts',(-8.77589089993156,11.36470831168,-2.27908299662087E-15));
#2177=CARTESIAN_POINT('Ctrl Pts',(-8.77812453745672,11.0402526248421,-2.12666868438513E-15));
#2178=CARTESIAN_POINT('Ctrl Pts',(-8.78179438522291,10.3913375992854,-1.84823801117593E-15));
#2179=CARTESIAN_POINT('Ctrl Pts',(-8.78726079925445,9.09349659979686,-1.29279766049324E-15));
#2180=CARTESIAN_POINT('Ctrl Pts',(-8.79265816022395,7.23943170356685,-9.06034558898504E-16));
#2181=CARTESIAN_POINT('Ctrl Pts',(-8.798312593749,4.2729179911964,3.42412843923333E-16));
#2182=CARTESIAN_POINT('Ctrl Pts',(-8.80053490087433,2.04803351947379,-3.13657745041068E-16));
#2183=CARTESIAN_POINT('Ctrl Pts',(-8.79969790409793,-1.06957494770247,-4.13718470188679E-16));
#2184=CARTESIAN_POINT('Ctrl Pts',(-8.79597387296381,-3.52110033169409,5.87696012189791E-16));
#2185=CARTESIAN_POINT('Ctrl Pts',(-8.78596605422229,-6.78975881093829,-9.30373312792802E-17));
#2186=CARTESIAN_POINT('Ctrl Pts',(-8.77592331407033,-8.83264936201533,-1.05583426739015E-15));
#2187=CARTESIAN_POINT('Ctrl Pts',(-8.76447631847046,-10.2626526468062,-6.87812541734605E-16));
#2188=CARTESIAN_POINT('Ctrl Pts',(-8.75639116150943,-10.9776274190631,-6.8714060603734E-16));
#2189=CARTESIAN_POINT('Ctrl Pts',(-8.75112167438908,-11.3351079087323,-6.58694941034085E-16));
#2190=CARTESIAN_POINT('Ctrl Pts',(-8.74788119470059,-11.5138338130229,-6.55324053576801E-16));
#2191=CARTESIAN_POINT('Ctrl Pts',(-8.74556990502378,-11.6159517207119,-6.5354963597385E-16));
#2192=CARTESIAN_POINT('Ctrl Pts',(-8.74420305842271,-11.6670088583866,-6.49719026059731E-16));
#2193=CARTESIAN_POINT('Ctrl Pts',(-8.74316242606298,-11.6925241486477,-6.59194920871187E-16));
#2194=CARTESIAN_POINT('',(-9.00024500386315,0.564717473159557,0.200408086083583));
#2195=CARTESIAN_POINT('Ctrl Pts',(-8.93634721139271,-11.7004031238412,0.251162099908106));
#2196=CARTESIAN_POINT('Ctrl Pts',(-8.93787805324474,-11.6718494850702,0.249779006893455));
#2197=CARTESIAN_POINT('Ctrl Pts',(-8.93949498475085,-11.6205243697663,0.248737653975728));
#2198=CARTESIAN_POINT('Ctrl Pts',(-8.94234654178904,-11.5170037910772,0.246742391556207));
#2199=CARTESIAN_POINT('Ctrl Pts',(-8.94616825353735,-11.3379530380771,0.244239967808614));
#2200=CARTESIAN_POINT('Ctrl Pts',(-8.95239348302852,-10.9796061187221,0.239982730759572));
#2201=CARTESIAN_POINT('Ctrl Pts',(-8.96173462530732,-10.2642400993197,0.233382677350617));
#2202=CARTESIAN_POINT('Ctrl Pts',(-8.97466607676831,-8.83357597278053,0.223481315748921));
#2203=CARTESIAN_POINT('Ctrl Pts',(-8.98550909497793,-6.79054193998438,0.214279468912826));
#2204=CARTESIAN_POINT('Ctrl Pts',(-8.99600145696703,-3.52143599713546,0.204697437072166));
#2205=CARTESIAN_POINT('Ctrl Pts',(-8.99968961698454,-1.06986694737617,0.20093821524265));
#2206=CARTESIAN_POINT('Ctrl Pts',(-9.00013287308247,0.564703722698131,0.200511105347141));
#2207=CARTESIAN_POINT('Ctrl Pts',(-9.00013287308247,0.564703722698131,0.200511105347141));
#2208=CARTESIAN_POINT('Ctrl Pts',(-9.00053515466421,2.04817496586735,0.200123477415684));
#2209=CARTESIAN_POINT('Ctrl Pts',(-8.99832096951333,4.27321621480605,0.202370815012774));
#2210=CARTESIAN_POINT('Ctrl Pts',(-8.99253024839987,7.23977051674071,0.207844585293162));
#2211=CARTESIAN_POINT('Ctrl Pts',(-8.98686655316523,9.0941241334833,0.213038432685831));
#2212=CARTESIAN_POINT('Ctrl Pts',(-8.9810115506711,10.3917694701655,0.218021788713074));
#2213=CARTESIAN_POINT('Ctrl Pts',(-8.97698009152323,11.0412107250837,0.221458817647278));
#2214=CARTESIAN_POINT('Ctrl Pts',(-8.97453233863045,11.3655487216043,0.223403074914934));
#2215=CARTESIAN_POINT('Ctrl Pts',(-8.97267854005337,11.5517902219671,0.225048388696509));
#2216=CARTESIAN_POINT('Ctrl Pts',(-8.97167493431766,11.6441538017606,0.225759004676819));
#2217=CARTESIAN_POINT('Ctrl Pts',(-8.97063187765794,11.6926963574152,0.227039452669301));
#2218=CARTESIAN_POINT('Ctrl Pts',(-8.97063187765794,11.6926963574153,0.227039452669306));
#2219=CARTESIAN_POINT('Ctrl Pts',(-8.96030351553962,12.1380709243404,0.24434458871994));
#2220=CARTESIAN_POINT('Ctrl Pts',(-8.69782465499366,12.8729920247155,0.25633487276468));
#2221=CARTESIAN_POINT('Ctrl Pts',(-7.86787656082938,13.5432675473564,0.257794403968268));
#2222=CARTESIAN_POINT('Ctrl Pts',(-7.27849647374911,13.6874419550012,0.250848446195488));
#2223=CARTESIAN_POINT('Ctrl Pts',(-6.98225322194431,13.6961742273707,0.243616463256776));
#2224=CARTESIAN_POINT('Ctrl Pts',(-8.97832070801619,11.6928338924059,0.170681391696322));
#2225=CARTESIAN_POINT('Ctrl Pts',(-8.97340746803289,12.1400886491641,0.185802272578772));
#2226=CARTESIAN_POINT('Ctrl Pts',(-8.71397383778605,12.8829090738419,0.197013368500989));
#2227=CARTESIAN_POINT('Ctrl Pts',(-7.87592128909871,13.5603078537487,0.198323984226864));
#2228=CARTESIAN_POINT('Ctrl Pts',(-7.28082625480238,13.7028996583686,0.19189329961394));
#2229=CARTESIAN_POINT('Ctrl Pts',(-6.98256579761703,13.7091874103257,0.18536495567618));
#2230=CARTESIAN_POINT('Ctrl Pts',(-8.94248105739945,11.692192805819,0.0516138786770608));
#2231=CARTESIAN_POINT('Ctrl Pts',(-8.94310288643119,12.1316383650741,0.0572643364594472));
#2232=CARTESIAN_POINT('Ctrl Pts',(-8.69206294147576,12.8679975914089,0.0618189960767384));
#2233=CARTESIAN_POINT('Ctrl Pts',(-7.86438036627528,13.5375936378852,0.0623295483919763));
#2234=CARTESIAN_POINT('Ctrl Pts',(-7.27574552091997,13.6757523189826,0.0597366099654901));
#2235=CARTESIAN_POINT('Ctrl Pts',(-6.98184636488317,13.6792359118358,0.0571913953487816));
#2236=CARTESIAN_POINT('Ctrl Pts',(-8.82937103084187,11.6901695349551,-2.09400211925538E-16));
#2237=CARTESIAN_POINT('Ctrl Pts',(-8.82489791361843,12.1053019967123,-0.000122223414686402));
#2238=CARTESIAN_POINT('Ctrl Pts',(-8.58504351230141,12.7957701731955,-0.000130758799850876));
#2239=CARTESIAN_POINT('Ctrl Pts',(-7.80866598690873,13.4233091407876,-0.00015194200342103));
#2240=CARTESIAN_POINT('Ctrl Pts',(-7.25606196341436,13.5553174850485,-6.00519827914798E-5));
#2241=CARTESIAN_POINT('Ctrl Pts',(-6.97899951119125,13.5607154024952,-3.15201960196871E-15));
#2242=CARTESIAN_POINT('Ctrl Pts',(-8.77249983265391,11.6891522437229,-2.08166817117217E-16));
#2243=CARTESIAN_POINT('Ctrl Pts',(-8.765294322774,12.0919729576522,-3.51492986326999E-16));
#2244=CARTESIAN_POINT('Ctrl Pts',(-8.53070084656393,12.7594011307761,-2.44265582086473E-15));
#2245=CARTESIAN_POINT('Ctrl Pts',(-7.78047152243686,13.3654705894112,-1.89383960815875E-15));
#2246=CARTESIAN_POINT('Ctrl Pts',(-7.2460788724702,13.4945947806422,-2.51977499943255E-15));
#2247=CARTESIAN_POINT('Ctrl Pts',(-6.97756621903785,13.5010444343182,-3.15719672627779E-15));
#2248=CARTESIAN_POINT('',(-6.98225322194435,13.6961742273707,0.243616463256775));
#2249=CARTESIAN_POINT('',(-6.97756621903785,13.5010444343182,-4.16333634234434E-16));
#2250=CARTESIAN_POINT('Origin',(-6.97756621903785,13.5010444343182,0.199999999999999));
#2251=CARTESIAN_POINT('Ctrl Pts',(-6.97756621903785,13.5010444343182,-3.15719672627779E-15));
#2252=CARTESIAN_POINT('Ctrl Pts',(-7.2460788724702,13.4945947806422,-2.51977499943255E-15));
#2253=CARTESIAN_POINT('Ctrl Pts',(-7.78047152243686,13.3654705894112,-1.89383960815875E-15));
#2254=CARTESIAN_POINT('Ctrl Pts',(-8.53070084656393,12.7594011307761,-2.44265582086473E-15));
#2255=CARTESIAN_POINT('Ctrl Pts',(-8.765294322774,12.0919729576522,-3.51492986326999E-16));
#2256=CARTESIAN_POINT('Ctrl Pts',(-8.77249983265391,11.6891522437229,-2.08166817117217E-16));
#2257=CARTESIAN_POINT('Ctrl Pts',(-8.97063187765794,11.6926963574153,0.227039452669306));
#2258=CARTESIAN_POINT('Ctrl Pts',(-8.96030351553962,12.1380709243404,0.24434458871994));
#2259=CARTESIAN_POINT('Ctrl Pts',(-8.69782465499366,12.8729920247155,0.25633487276468));
#2260=CARTESIAN_POINT('Ctrl Pts',(-7.86787656082938,13.5432675473564,0.257794403968268));
#2261=CARTESIAN_POINT('Ctrl Pts',(-7.27849647374911,13.6874419550012,0.250848446195488));
#2262=CARTESIAN_POINT('Ctrl Pts',(-6.98225322194431,13.6961742273707,0.243616463256776));
#2263=CARTESIAN_POINT('Ctrl Pts',(-6.98225322194433,13.6961742273707,0.243616463256777));
#2264=CARTESIAN_POINT('Ctrl Pts',(-6.50614345240577,13.7097080303034,0.234231926747511));
#2265=CARTESIAN_POINT('Ctrl Pts',(-5.12102728546417,13.7240948011197,0.223767660788042));
#2266=CARTESIAN_POINT('Ctrl Pts',(-2.78677561241323,13.7447352035745,0.206083891350207));
#2267=CARTESIAN_POINT('Ctrl Pts',(-0.931226166823752,13.7495096133499,0.200900242502817));
#2268=CARTESIAN_POINT('Ctrl Pts',(1.39755024562346,13.7487792640295,0.201466932483564));
#2269=CARTESIAN_POINT('Ctrl Pts',(3.25234151402602,13.7425868782555,0.208470020859553));
#2270=CARTESIAN_POINT('Ctrl Pts',(5.58467104505168,13.7186838099617,0.227733322443409));
#2271=CARTESIAN_POINT('Ctrl Pts',(6.50616008964298,13.7097075183961,0.234232713162118));
#2272=CARTESIAN_POINT('Ctrl Pts',(6.9822710009768,13.6961741904322,0.243616195072168));
#2273=CARTESIAN_POINT('Ctrl Pts',(-6.98229787561186,13.6980332535071,0.235294819316692));
#2274=CARTESIAN_POINT('Ctrl Pts',(-6.5061581465002,13.7112396816388,0.226009290871546));
#2275=CARTESIAN_POINT('Ctrl Pts',(-5.12103748805577,13.7250069405833,0.215780184987404));
#2276=CARTESIAN_POINT('Ctrl Pts',(-2.78677377438917,13.7450260466396,0.198418182436225));
#2277=CARTESIAN_POINT('Ctrl Pts',(-0.931227656843386,13.7495383568261,0.193401247120784));
#2278=CARTESIAN_POINT('Ctrl Pts',(1.39755211718778,13.7488280657081,0.19395866900407));
#2279=CARTESIAN_POINT('Ctrl Pts',(3.25234008149585,13.74295717245,0.200745259941486));
#2280=CARTESIAN_POINT('Ctrl Pts',(5.58468379116496,13.7198002396522,0.219668096942845));
#2281=CARTESIAN_POINT('Ctrl Pts',(6.50617403026532,13.7112393928926,0.226010210681535));
#2282=CARTESIAN_POINT('Ctrl Pts',(6.98231565334784,13.6980332037353,0.235294554962411));
#2283=CARTESIAN_POINT('Ctrl Pts',(-6.98236155598714,13.7006844015217,0.218415001642569));
#2284=CARTESIAN_POINT('Ctrl Pts',(-6.50634901094822,13.713049338833,0.209558369712931));
#2285=CARTESIAN_POINT('Ctrl Pts',(-5.12100735428528,13.7259295397534,0.199643541353684));
#2286=CARTESIAN_POINT('Ctrl Pts',(-2.78687240014166,13.7445800493428,0.183180928289653));
#2287=CARTESIAN_POINT('Ctrl Pts',(-0.931223099479539,13.7487568955401,0.178390795103546));
#2288=CARTESIAN_POINT('Ctrl Pts',(1.39753006485464,13.7480946434224,0.178921678898705));
#2289=CARTESIAN_POINT('Ctrl Pts',(3.25243283629542,13.7426668037366,0.185372146568101));
#2290=CARTESIAN_POINT('Ctrl Pts',(5.58469204077046,13.7210606856087,0.203390227278896));
#2291=CARTESIAN_POINT('Ctrl Pts',(6.50636176462895,13.713049115861,0.209559408276123));
#2292=CARTESIAN_POINT('Ctrl Pts',(6.98237933172855,13.7006843273848,0.21841474677533));
#2293=CARTESIAN_POINT('Ctrl Pts',(-6.98237861688594,13.7013946826368,0.192811740699196));
#2294=CARTESIAN_POINT('Ctrl Pts',(-6.50654774129954,13.7128464028689,0.184555108908529));
#2295=CARTESIAN_POINT('Ctrl Pts',(-5.12094464940755,13.7243401628528,0.175522957541491));
#2296=CARTESIAN_POINT('Ctrl Pts',(-2.7869776100472,13.7414218092321,0.160433156947968));
#2297=CARTESIAN_POINT('Ctrl Pts',(-0.931209334354776,13.7450571130019,0.156169665064766));
#2298=CARTESIAN_POINT('Ctrl Pts',(1.39749141966523,13.744448262091,0.156658864439467));
#2299=CARTESIAN_POINT('Ctrl Pts',(3.25253024327865,13.7396927780737,0.162411130851136));
#2300=CARTESIAN_POINT('Ctrl Pts',(5.58467296099985,13.7199489438646,0.178954371837541));
#2301=CARTESIAN_POINT('Ctrl Pts',(6.50655812833089,13.7128466488559,0.184556306647127));
#2302=CARTESIAN_POINT('Ctrl Pts',(6.98239639148257,13.7013945765594,0.192811504633344));
#2303=CARTESIAN_POINT('Ctrl Pts',(-6.98231742874811,13.6988472917114,0.167278517249155));
#2304=CARTESIAN_POINT('Ctrl Pts',(-6.50658352104094,13.7094540569866,0.159732335159177));
#2305=CARTESIAN_POINT('Ctrl Pts',(-5.12088226316011,13.7198994408416,0.151732392069541));
#2306=CARTESIAN_POINT('Ctrl Pts',(-2.78699465619728,13.7356334835712,0.138170716395271));
#2307=CARTESIAN_POINT('Ctrl Pts',(-0.931188463347298,13.7388965921966,0.134474605825713));
#2308=CARTESIAN_POINT('Ctrl Pts',(1.39745503546983,13.738334768506,0.134916888075588));
#2309=CARTESIAN_POINT('Ctrl Pts',(3.2525425118976,13.7340513009958,0.139921789241517));
#2310=CARTESIAN_POINT('Ctrl Pts',(5.58462554864768,13.7158869400819,0.154796674736077));
#2311=CARTESIAN_POINT('Ctrl Pts',(6.50659429292605,13.7094545892622,0.159733489198252));
#2312=CARTESIAN_POINT('Ctrl Pts',(6.98233520405338,13.6988471587581,0.167278303806222));
#2313=CARTESIAN_POINT('Ctrl Pts',(-6.98208472684943,13.6891594220349,0.125781743239487));
#2314=CARTESIAN_POINT('Ctrl Pts',(-6.50723618213483,13.6987337159946,0.119577883144267));
#2315=CARTESIAN_POINT('Ctrl Pts',(-5.1205774074288,13.707726038073,0.113386797995644));
#2316=CARTESIAN_POINT('Ctrl Pts',(-2.78740332647899,13.7218420719167,0.102549656388801));
#2317=CARTESIAN_POINT('Ctrl Pts',(-0.931127649432563,13.7246040389766,0.0997978672374929));
#2318=CARTESIAN_POINT('Ctrl Pts',(1.39729726054347,13.7241006546571,0.100154360410279));
#2319=CARTESIAN_POINT('Ctrl Pts',(3.25291950865259,13.7204293893514,0.103912924756172));
#2320=CARTESIAN_POINT('Ctrl Pts',(5.58446838102896,13.7042201177644,0.115797999793074));
#2321=CARTESIAN_POINT('Ctrl Pts',(6.50724334079883,13.6987348616665,0.119578979233075));
#2322=CARTESIAN_POINT('Ctrl Pts',(6.98210250645443,13.6891592536817,0.125781571435629));
#2323=CARTESIAN_POINT('Ctrl Pts',(-6.98102584910584,13.6450761135541,0.0405695379997815));
#2324=CARTESIAN_POINT('Ctrl Pts',(-6.50694208391366,13.6531247492108,0.0376755087288341));
#2325=CARTESIAN_POINT('Ctrl Pts',(-5.12005112239459,13.6613411271981,0.0360562968915955));
#2326=CARTESIAN_POINT('Ctrl Pts',(-2.78732728578289,13.6737282037782,0.0315954283105681));
#2327=CARTESIAN_POINT('Ctrl Pts',(-0.930957376489784,13.6765380187532,0.0310303983547597));
#2328=CARTESIAN_POINT('Ctrl Pts',(1.39703908375848,13.6761046210098,0.0311830983519148));
#2329=CARTESIAN_POINT('Ctrl Pts',(3.25281548995053,13.6724129221704,0.0320942426546958));
#2330=CARTESIAN_POINT('Ctrl Pts',(5.58394909973491,13.6582126434136,0.0368385042895851));
#2331=CARTESIAN_POINT('Ctrl Pts',(6.506966929078,13.6531257120617,0.0376754778281967));
#2332=CARTESIAN_POINT('Ctrl Pts',(6.98104365125653,13.6450759082012,0.0405694723491269));
#2333=CARTESIAN_POINT('Ctrl Pts',(-6.97899951119127,13.5607154024952,-1.39295590509052E-15));
#2334=CARTESIAN_POINT('Ctrl Pts',(-6.51313608421188,13.5707311118007,-1.3815505743384E-15));
#2335=CARTESIAN_POINT('Ctrl Pts',(-5.11756840924469,13.5815738857299,-7.74917547638896E-16));
#2336=CARTESIAN_POINT('Ctrl Pts',(-2.79135551763536,13.5978845862873,7.81474814654441E-17));
#2337=CARTESIAN_POINT('Ctrl Pts',(-0.930564973492953,13.6019766230692,1.11868606332427E-16));
#2338=CARTESIAN_POINT('Ctrl Pts',(1.39582767972372,13.6014336755778,-5.21633452458608E-17));
#2339=CARTESIAN_POINT('Ctrl Pts',(3.25657069448572,13.5960236654448,-7.00352107090268E-16));
#2340=CARTESIAN_POINT('Ctrl Pts',(5.58279225761791,13.5775005275369,-1.13517705731922E-17));
#2341=CARTESIAN_POINT('Ctrl Pts',(6.51312482934662,13.5707319961605,5.33420985185857E-16));
#2342=CARTESIAN_POINT('Ctrl Pts',(6.97901735965248,13.5607152581301,5.60288632649152E-16));
#2343=CARTESIAN_POINT('Ctrl Pts',(-6.97756621903786,13.5010444343182,-1.38777878078145E-15));
#2344=CARTESIAN_POINT('Ctrl Pts',(-6.51251591869778,13.512214907444,-1.37727018005022E-15));
#2345=CARTESIAN_POINT('Ctrl Pts',(-5.1169826267853,13.5253761652202,-7.81475866190861E-16));
#2346=CARTESIAN_POINT('Ctrl Pts',(-2.79115618863487,13.5442259561159,7.97394618376579E-17));
#2347=CARTESIAN_POINT('Ctrl Pts',(-0.93037783830444,13.5494877112102,1.12131415522271E-16));
#2348=CARTESIAN_POINT('Ctrl Pts',(1.39556262514166,13.5488632373267,-5.10568716356288E-17));
#2349=CARTESIAN_POINT('Ctrl Pts',(3.2563470174537,13.5419920905343,-7.03140328123451E-16));
#2350=CARTESIAN_POINT('Ctrl Pts',(5.58215618519382,13.5205391777986,-1.21269001376706E-17));
#2351=CARTESIAN_POINT('Ctrl Pts',(6.51253165800622,13.5122146123347,5.36407842053124E-16));
#2352=CARTESIAN_POINT('Ctrl Pts',(6.97758410030126,13.5010443349782,5.55111512312578E-16));
#2353=CARTESIAN_POINT('',(6.98227100097683,13.6961741904322,0.24361619507217));
#2354=CARTESIAN_POINT('',(6.97758410030126,13.5010443349782,-1.38777878078145E-16));
#2355=CARTESIAN_POINT('Origin',(6.97758410030126,13.5010443349782,0.2));
#2356=CARTESIAN_POINT('Ctrl Pts',(6.97758410030126,13.5010443349782,5.55111512312578E-16));
#2357=CARTESIAN_POINT('Ctrl Pts',(6.51253165800622,13.5122146123347,5.36407842053124E-16));
#2358=CARTESIAN_POINT('Ctrl Pts',(5.58215618519382,13.5205391777986,-1.21269001376706E-17));
#2359=CARTESIAN_POINT('Ctrl Pts',(3.2563470174537,13.5419920905343,-7.03140328123451E-16));
#2360=CARTESIAN_POINT('Ctrl Pts',(1.39556262514166,13.5488632373267,-5.10568716356288E-17));
#2361=CARTESIAN_POINT('Ctrl Pts',(-0.93037783830444,13.5494877112102,1.12131415522271E-16));
#2362=CARTESIAN_POINT('Ctrl Pts',(-2.79115618863487,13.5442259561159,7.97394618376579E-17));
#2363=CARTESIAN_POINT('Ctrl Pts',(-5.1169826267853,13.5253761652202,-7.81475866190861E-16));
#2364=CARTESIAN_POINT('Ctrl Pts',(-6.51251591869778,13.512214907444,-1.37727018005022E-15));
#2365=CARTESIAN_POINT('Ctrl Pts',(-6.97756621903786,13.5010444343182,-1.38777878078145E-15));
#2366=CARTESIAN_POINT('Ctrl Pts',(-6.98225322194433,13.6961742273707,0.243616463256777));
#2367=CARTESIAN_POINT('Ctrl Pts',(-6.50614345240577,13.7097080303034,0.234231926747511));
#2368=CARTESIAN_POINT('Ctrl Pts',(-5.12102728546417,13.7240948011197,0.223767660788042));
#2369=CARTESIAN_POINT('Ctrl Pts',(-2.78677561241323,13.7447352035745,0.206083891350207));
#2370=CARTESIAN_POINT('Ctrl Pts',(-0.931226166823752,13.7495096133499,0.200900242502817));
#2371=CARTESIAN_POINT('Ctrl Pts',(1.39755024562346,13.7487792640295,0.201466932483564));
#2372=CARTESIAN_POINT('Ctrl Pts',(3.25234151402602,13.7425868782555,0.208470020859553));
#2373=CARTESIAN_POINT('Ctrl Pts',(5.58467104505168,13.7186838099617,0.227733322443409));
#2374=CARTESIAN_POINT('Ctrl Pts',(6.50616008964298,13.7097075183961,0.234232713162118));
#2375=CARTESIAN_POINT('Ctrl Pts',(6.9822710009768,13.6961741904322,0.243616195072168));
#2376=CARTESIAN_POINT('Ctrl Pts',(6.98227100097686,13.6961741904322,0.243616195072168));
#2377=CARTESIAN_POINT('Ctrl Pts',(7.42663449555003,13.683076771433,0.25446101802035));
#2378=CARTESIAN_POINT('Ctrl Pts',(8.1617892291606,13.415940424907,0.259044155378323));
#2379=CARTESIAN_POINT('Ctrl Pts',(8.82199113579671,12.5782743037783,0.252514869629786));
#2380=CARTESIAN_POINT('Ctrl Pts',(8.96376749230673,11.9896171786703,0.238561748603032));
#2381=CARTESIAN_POINT('Ctrl Pts',(8.97065439969102,11.6927011299901,0.227022604831901));
#2382=CARTESIAN_POINT('Ctrl Pts',(6.98258356757412,13.7091872835538,0.185364714303873));
#2383=CARTESIAN_POINT('Ctrl Pts',(7.42997276436223,13.6997555575929,0.195154379939676));
#2384=CARTESIAN_POINT('Ctrl Pts',(8.17315005252667,13.4323899183973,0.199557368006473));
#2385=CARTESIAN_POINT('Ctrl Pts',(8.83748163906281,12.5848748554403,0.193423066790224));
#2386=CARTESIAN_POINT('Ctrl Pts',(8.97506164206459,11.9910073953407,0.180749053627063));
#2387=CARTESIAN_POINT('Ctrl Pts',(8.97833805548863,11.6928386244902,0.170666698248347));
#2388=CARTESIAN_POINT('Ctrl Pts',(6.98186414825735,13.6792356807762,0.0571913016781912));
#2389=CARTESIAN_POINT('Ctrl Pts',(7.42271147232603,13.6740090003889,0.0610080096483122));
#2390=CARTESIAN_POINT('Ctrl Pts',(8.15900382207795,13.4113448051243,0.0628664164993535));
#2391=CARTESIAN_POINT('Ctrl Pts',(8.81257331416332,12.5722315120499,0.0603513174600648));
#2392=CARTESIAN_POINT('Ctrl Pts',(8.94290669331477,11.9851591520346,0.0553758938125496));
#2393=CARTESIAN_POINT('Ctrl Pts',(8.94249295516943,11.6921971975079,0.0516084178677088));
#2394=CARTESIAN_POINT('Ctrl Pts',(6.97901735965253,13.5607152581301,2.63160256314817E-15));
#2395=CARTESIAN_POINT('Ctrl Pts',(7.39461016920139,13.5526180752369,-9.00515678307209E-5));
#2396=CARTESIAN_POINT('Ctrl Pts',(8.08430919585333,13.3048373267348,-0.000211753338526769));
#2397=CARTESIAN_POINT('Ctrl Pts',(8.69934800716657,12.5189825542106,-0.000148257754547288));
#2398=CARTESIAN_POINT('Ctrl Pts',(8.82640487942873,11.9669273445521,-8.14858048217185E-5));
#2399=CARTESIAN_POINT('Ctrl Pts',(8.82938843868287,11.6901732587256,-3.7917249800238E-16));
#2400=CARTESIAN_POINT('Ctrl Pts',(6.97758410030132,13.5010443349782,2.63677968348475E-15));
#2401=CARTESIAN_POINT('Ctrl Pts',(7.38035248797196,13.4913700828046,-4.31648305377208E-16));
#2402=CARTESIAN_POINT('Ctrl Pts',(8.0465553619116,13.2507708613657,4.05119391002423E-16));
#2403=CARTESIAN_POINT('Ctrl Pts',(8.64205623671478,12.4920967198129,-5.02446215895889E-16));
#2404=CARTESIAN_POINT('Ctrl Pts',(8.76771459549417,11.957702344527,-2.99686399766598E-16));
#2405=CARTESIAN_POINT('Ctrl Pts',(8.7725200809105,11.6891556329193,-3.81639164714898E-16));
#2406=CARTESIAN_POINT('',(8.97065439969102,11.6927011299902,0.227022604831898));
#2407=CARTESIAN_POINT('',(8.7725200809105,11.6891556329193,-1.38777878078145E-16));
#2408=CARTESIAN_POINT('Origin',(8.7725200809105,11.6891556329193,0.2));
#2409=CARTESIAN_POINT('Ctrl Pts',(8.7725200809105,11.6891556329193,-3.81639164714898E-16));
#2410=CARTESIAN_POINT('Ctrl Pts',(8.76771459549417,11.957702344527,-2.99686399766598E-16));
#2411=CARTESIAN_POINT('Ctrl Pts',(8.64205623671478,12.4920967198129,-5.02446215895889E-16));
#2412=CARTESIAN_POINT('Ctrl Pts',(8.0465553619116,13.2507708613657,4.05119391002423E-16));
#2413=CARTESIAN_POINT('Ctrl Pts',(7.38035248797196,13.4913700828046,-4.31648305377208E-16));
#2414=CARTESIAN_POINT('Ctrl Pts',(6.97758410030132,13.5010443349782,2.63677968348475E-15));
#2415=CARTESIAN_POINT('Ctrl Pts',(6.98227100097686,13.6961741904322,0.243616195072168));
#2416=CARTESIAN_POINT('Ctrl Pts',(7.42663449555003,13.683076771433,0.25446101802035));
#2417=CARTESIAN_POINT('Ctrl Pts',(8.1617892291606,13.415940424907,0.259044155378323));
#2418=CARTESIAN_POINT('Ctrl Pts',(8.82199113579671,12.5782743037783,0.252514869629786));
#2419=CARTESIAN_POINT('Ctrl Pts',(8.96376749230673,11.9896171786703,0.238561748603032));
#2420=CARTESIAN_POINT('Ctrl Pts',(8.97065439969102,11.6927011299901,0.227022604831901));
#2421=CARTESIAN_POINT('Ctrl Pts',(8.97065439969101,11.6927011299901,0.227022604831903));
#2422=CARTESIAN_POINT('Ctrl Pts',(8.97169777746069,11.6441573968273,0.225741555869131));
#2423=CARTESIAN_POINT('Ctrl Pts',(8.97270214863288,11.5517921342092,0.22502996425121));
#2424=CARTESIAN_POINT('Ctrl Pts',(8.9745558639492,11.3655492604429,0.22338443423084));
#2425=CARTESIAN_POINT('Ctrl Pts',(8.97700787874153,11.0412051670913,0.221435512649654));
#2426=CARTESIAN_POINT('Ctrl Pts',(8.98102507769559,10.3917590121614,0.218010883304318));
#2427=CARTESIAN_POINT('Ctrl Pts',(8.98697716842381,9.09407705868421,0.212932171406596));
#2428=CARTESIAN_POINT('Ctrl Pts',(8.99670236896172,5.75628011810768,0.204024170087041));
#2429=CARTESIAN_POINT('Ctrl Pts',(9.00067108321985,2.78988542357829,0.200010310674828));
#2430=CARTESIAN_POINT('Ctrl Pts',(8.99930701336513,-1.88717661911942,0.201258716443238));
#2431=CARTESIAN_POINT('Ctrl Pts',(8.9936840312835,-5.15598625865286,0.20732107998574));
#2432=CARTESIAN_POINT('Ctrl Pts',(8.97479550595,-8.8336058325497,0.223374292226985));
#2433=CARTESIAN_POINT('Ctrl Pts',(8.96174886073687,-10.2642399381489,0.233373698336916));
#2434=CARTESIAN_POINT('Ctrl Pts',(8.95242629712892,-10.9796145879073,0.239959868496105));
#2435=CARTESIAN_POINT('Ctrl Pts',(8.94619545048358,-11.3379525596503,0.244222521883066));
#2436=CARTESIAN_POINT('Ctrl Pts',(8.94237349379191,-11.517005630412,0.246725533423102));
#2437=CARTESIAN_POINT('Ctrl Pts',(8.93952098702374,-11.6205273440308,0.248721819684233));
#2438=CARTESIAN_POINT('Ctrl Pts',(8.9379036802922,-11.6718523919856,0.249763614225079));
#2439=CARTESIAN_POINT('Ctrl Pts',(8.93637241084394,-11.7004070139516,0.251147299982401));
#2440=CARTESIAN_POINT('Ctrl Pts',(8.97833805548862,11.6928386244903,0.170666698248348));
#2441=CARTESIAN_POINT('Ctrl Pts',(8.97897989319681,11.644195572494,0.169547378552157));
#2442=CARTESIAN_POINT('Ctrl Pts',(8.97976386749023,11.5518451798115,0.168928437249156));
#2443=CARTESIAN_POINT('Ctrl Pts',(8.98110728074924,11.3655632106624,0.167496714574475));
#2444=CARTESIAN_POINT('Ctrl Pts',(8.98296485618455,11.0412232796962,0.165808691275637));
#2445=CARTESIAN_POINT('Ctrl Pts',(8.98595513820143,10.3917527229837,0.162853750541034));
#2446=CARTESIAN_POINT('Ctrl Pts',(8.99045662223489,9.09408141392338,0.158513964604184));
#2447=CARTESIAN_POINT('Ctrl Pts',(8.99771032956379,5.75627230190185,0.150972796458667));
#2448=CARTESIAN_POINT('Ctrl Pts',(9.00066487085439,2.78988677018824,0.147648753133324));
#2449=CARTESIAN_POINT('Ctrl Pts',(8.99962776313066,-1.8871739945061,0.148693918748831));
#2450=CARTESIAN_POINT('Ctrl Pts',(8.99552470396292,-5.15599342864252,0.153693032213996));
#2451=CARTESIAN_POINT('Ctrl Pts',(8.98123571344896,-8.83360698482031,0.167432823970047));
#2452=CARTESIAN_POINT('Ctrl Pts',(8.97128276865138,-10.2642845158173,0.176182923786161));
#2453=CARTESIAN_POINT('Ctrl Pts',(8.96413359553343,-10.9796960398104,0.182048399784797));
#2454=CARTESIAN_POINT('Ctrl Pts',(8.95935449246553,-11.3381182231351,0.185887816117218));
#2455=CARTESIAN_POINT('Ctrl Pts',(8.95640068736611,-11.5172048927047,0.188155749524565));
#2456=CARTESIAN_POINT('Ctrl Pts',(8.95424884048508,-11.6208585426058,0.189975289094816));
#2457=CARTESIAN_POINT('Ctrl Pts',(8.95300044489463,-11.6722086975878,0.19092572427773));
#2458=CARTESIAN_POINT('Ctrl Pts',(8.95195431030391,-11.7010427039619,0.192194910438475));
#2459=CARTESIAN_POINT('Ctrl Pts',(8.94249610993187,11.6921972539606,0.0516056636624127));
#2460=CARTESIAN_POINT('Ctrl Pts',(8.94273143277174,11.6439558159248,0.0511874072261352));
#2461=CARTESIAN_POINT('Ctrl Pts',(8.94329923903936,11.5515434316034,0.0509577276558037));
#2462=CARTESIAN_POINT('Ctrl Pts',(8.94413935569014,11.3654141884531,0.0504258239448475));
#2463=CARTESIAN_POINT('Ctrl Pts',(8.94541540396589,11.041051081412,0.0498029703819321));
#2464=CARTESIAN_POINT('Ctrl Pts',(8.94739520241343,10.3916735701201,0.0487191578319404));
#2465=CARTESIAN_POINT('Ctrl Pts',(8.95043465155136,9.09396428420875,0.0471538053305875));
#2466=CARTESIAN_POINT('Ctrl Pts',(8.95531684011153,5.75623767910736,0.0444675379097535));
#2467=CARTESIAN_POINT('Ctrl Pts',(8.9573621700241,2.78982402375957,0.0433226752368569));
#2468=CARTESIAN_POINT('Ctrl Pts',(8.95664303779347,-1.88709302681094,0.0436886841713877));
#2469=CARTESIAN_POINT('Ctrl Pts',(8.95382926740064,-5.15588677332572,0.0454007800941948));
#2470=CARTESIAN_POINT('Ctrl Pts',(8.94430462860978,-8.83343563706695,0.0503729003452874));
#2471=CARTESIAN_POINT('Ctrl Pts',(8.93770542832294,-10.2640363058395,0.0536424849182849));
#2472=CARTESIAN_POINT('Ctrl Pts',(8.93289946032138,-10.9794014429651,0.0558887268020691));
#2473=CARTESIAN_POINT('Ctrl Pts',(8.92971822271413,-11.3377113151994,0.0573810651335592));
#2474=CARTESIAN_POINT('Ctrl Pts',(8.92772549798291,-11.5167583235741,0.0582694133484159));
#2475=CARTESIAN_POINT('Ctrl Pts',(8.92636211045611,-11.6202198305704,0.058987588488864));
#2476=CARTESIAN_POINT('Ctrl Pts',(8.92552446613266,-11.6715337969508,0.0593631507999496));
#2477=CARTESIAN_POINT('Ctrl Pts',(8.92505406612314,-11.6999452628864,0.0598681362267961));
#2478=CARTESIAN_POINT('Ctrl Pts',(8.82938843868287,11.6901732587256,-7.96739465593073E-16));
#2479=CARTESIAN_POINT('Ctrl Pts',(8.83001058989249,11.6431908836841,9.04636494771547E-6));
#2480=CARTESIAN_POINT('Ctrl Pts',(8.83081379710263,11.5505873530039,1.27192464399599E-5));
#2481=CARTESIAN_POINT('Ctrl Pts',(8.83217283977577,11.3649418159437,2.35193788778255E-5));
#2482=CARTESIAN_POINT('Ctrl Pts',(8.83407856732945,11.0405150904148,3.31802596016554E-5));
#2483=CARTESIAN_POINT('Ctrl Pts',(8.83715929579789,10.3914423089143,4.49719685419976E-5));
#2484=CARTESIAN_POINT('Ctrl Pts',(8.84186978289679,9.09364061281075,3.25300278210629E-5));
#2485=CARTESIAN_POINT('Ctrl Pts',(8.84966141298496,5.75617010861569,2.32547379801996E-5));
#2486=CARTESIAN_POINT('Ctrl Pts',(8.8530340011836,2.78966955785929,8.99688490745417E-6));
#2487=CARTESIAN_POINT('Ctrl Pts',(8.85189732985192,-1.88690263803594,1.67145170292153E-5));
#2488=CARTESIAN_POINT('Ctrl Pts',(8.84710476473711,-5.15560742943029,2.22108955100456E-5));
#2489=CARTESIAN_POINT('Ctrl Pts',(8.83227435641414,-8.83291923617586,9.14602984111305E-5));
#2490=CARTESIAN_POINT('Ctrl Pts',(8.82239613752769,-10.2631126632901,0.000108505377160287));
#2491=CARTESIAN_POINT('Ctrl Pts',(8.81545733345581,-10.9782175623748,7.98285612103473E-5));
#2492=CARTESIAN_POINT('Ctrl Pts',(8.81091309975549,-11.3359703906085,5.4092858036466E-5));
#2493=CARTESIAN_POINT('Ctrl Pts',(8.8081091456261,-11.514804812751,3.72308523461124E-5));
#2494=CARTESIAN_POINT('Ctrl Pts',(8.8061319972316,-11.6173761859468,2.02635658027971E-5));
#2495=CARTESIAN_POINT('Ctrl Pts',(8.80495073932569,-11.6685194442718,1.23782207300455E-5));
#2496=CARTESIAN_POINT('Ctrl Pts',(8.80411331714112,-11.6950112799554,-3.78994570410285E-16));
#2497=CARTESIAN_POINT('Ctrl Pts',(8.7725200809105,11.6891556329193,-7.97972798949331E-16));
#2498=CARTESIAN_POINT('Ctrl Pts',(8.77334939289806,11.642810885644,-8.01058582170741E-16));
#2499=CARTESIAN_POINT('Ctrl Pts',(8.77427682818461,11.5501104187893,-7.80475861389582E-16));
#2500=CARTESIAN_POINT('Ctrl Pts',(8.77591214820775,11.364709824837,-7.73501056312721E-16));
#2501=CARTESIAN_POINT('Ctrl Pts',(8.7781498016447,11.040250581435,-7.42156126167343E-16));
#2502=CARTESIAN_POINT('Ctrl Pts',(8.78180627390164,10.3913314273164,-6.60286777142277E-16));
#2503=CARTESIAN_POINT('Ctrl Pts',(8.78736394576113,9.09348029163013,-5.75614995447584E-16));
#2504=CARTESIAN_POINT('Ctrl Pts',(8.79663777848873,5.75613720809097,-1.15017277488625E-16));
#2505=CARTESIAN_POINT('Ctrl Pts',(8.80067554768252,2.78959193092944,2.45901317168925E-16));
#2506=CARTESIAN_POINT('Ctrl Pts',(8.79933197912037,-1.88680756496874,2.2104607717135E-16));
#2507=CARTESIAN_POINT('Ctrl Pts',(8.79353558138883,-5.15546681856881,5.58370785041791E-16));
#2508=CARTESIAN_POINT('Ctrl Pts',(8.77604163368617,-8.83266881889191,-3.4369731944064E-16));
#2509=CARTESIAN_POINT('Ctrl Pts',(8.76448726745162,-10.2626629291521,-3.81272412119833E-16));
#2510=CARTESIAN_POINT('Ctrl Pts',(8.75641938418227,-10.9776380486468,-3.46011730748104E-16));
#2511=CARTESIAN_POINT('Ctrl Pts',(8.75114472156719,-11.3351085236223,-3.74409471179737E-16));
#2512=CARTESIAN_POINT('Ctrl Pts',(8.74790406962567,-11.5138353397389,-3.74217613047166E-16));
#2513=CARTESIAN_POINT('Ctrl Pts',(8.74559191914833,-11.6159537996249,-3.78254614389093E-16));
#2514=CARTESIAN_POINT('Ctrl Pts',(8.74422474170652,-11.6670104049588,-3.78890907970867E-16));
#2515=CARTESIAN_POINT('Ctrl Pts',(8.74318380780111,-11.6925255573051,-3.81639164714898E-16));
#2516=CARTESIAN_POINT('',(8.93637241084394,-11.7004070139516,0.251147299982399));
#2517=CARTESIAN_POINT('',(8.74318380780111,-11.6925255573051,-4.16333634234434E-16));
#2518=CARTESIAN_POINT('Origin',(8.74318380780111,-11.6925255573051,0.199999999999999));
#2519=CARTESIAN_POINT('Ctrl Pts',(8.74318380780111,-11.6925255573051,-3.81639164714898E-16));
#2520=CARTESIAN_POINT('Ctrl Pts',(8.74422474170652,-11.6670104049588,-3.78890907970867E-16));
#2521=CARTESIAN_POINT('Ctrl Pts',(8.74559191914833,-11.6159537996249,-3.78254614389093E-16));
#2522=CARTESIAN_POINT('Ctrl Pts',(8.74790406962567,-11.5138353397389,-3.74217613047166E-16));
#2523=CARTESIAN_POINT('Ctrl Pts',(8.75114472156719,-11.3351085236223,-3.74409471179737E-16));
#2524=CARTESIAN_POINT('Ctrl Pts',(8.75641938418227,-10.9776380486468,-3.46011730748104E-16));
#2525=CARTESIAN_POINT('Ctrl Pts',(8.76448726745162,-10.2626629291521,-3.81272412119833E-16));
#2526=CARTESIAN_POINT('Ctrl Pts',(8.77604163368617,-8.83266881889191,-3.4369731944064E-16));
#2527=CARTESIAN_POINT('Ctrl Pts',(8.79353558138883,-5.15546681856881,5.58370785041791E-16));
#2528=CARTESIAN_POINT('Ctrl Pts',(8.79933197912037,-1.88680756496874,2.2104607717135E-16));
#2529=CARTESIAN_POINT('Ctrl Pts',(8.80067554768252,2.78959193092944,2.45901317168925E-16));
#2530=CARTESIAN_POINT('Ctrl Pts',(8.79663777848873,5.75613720809097,-1.15017277488625E-16));
#2531=CARTESIAN_POINT('Ctrl Pts',(8.78736394576113,9.09348029163013,-5.75614995447584E-16));
#2532=CARTESIAN_POINT('Ctrl Pts',(8.78180627390164,10.3913314273164,-6.60286777142277E-16));
#2533=CARTESIAN_POINT('Ctrl Pts',(8.7781498016447,11.040250581435,-7.42156126167343E-16));
#2534=CARTESIAN_POINT('Ctrl Pts',(8.77591214820775,11.364709824837,-7.73501056312721E-16));
#2535=CARTESIAN_POINT('Ctrl Pts',(8.77427682818461,11.5501104187893,-7.80475861389582E-16));
#2536=CARTESIAN_POINT('Ctrl Pts',(8.77334939289806,11.642810885644,-8.01058582170741E-16));
#2537=CARTESIAN_POINT('Ctrl Pts',(8.7725200809105,11.6891556329193,-7.97972798949331E-16));
#2538=CARTESIAN_POINT('',(9.00027733338039,0.564634118019244,0.200376014149622));
#2539=CARTESIAN_POINT('Ctrl Pts',(8.97065439969101,11.6927011299901,0.227022604831903));
#2540=CARTESIAN_POINT('Ctrl Pts',(8.97169777746069,11.6441573968273,0.225741555869131));
#2541=CARTESIAN_POINT('Ctrl Pts',(8.97270214863288,11.5517921342092,0.22502996425121));
#2542=CARTESIAN_POINT('Ctrl Pts',(8.9745558639492,11.3655492604429,0.22338443423084));
#2543=CARTESIAN_POINT('Ctrl Pts',(8.97700787874153,11.0412051670913,0.221435512649654));
#2544=CARTESIAN_POINT('Ctrl Pts',(8.98102507769559,10.3917590121614,0.218010883304318));
#2545=CARTESIAN_POINT('Ctrl Pts',(8.98697716842381,9.09407705868421,0.212932171406596));
#2546=CARTESIAN_POINT('Ctrl Pts',(8.99670236896172,5.75628011810768,0.204024170087041));
#2547=CARTESIAN_POINT('Ctrl Pts',(9.00067108321985,2.78988542357829,0.200010310674828));
#2548=CARTESIAN_POINT('Ctrl Pts',(9.00002209533214,0.564664621827638,0.200604268689396));
#2549=CARTESIAN_POINT('Ctrl Pts',(9.00002209533214,0.564664621827638,0.200604268689396));
#2550=CARTESIAN_POINT('Ctrl Pts',(8.99930701336513,-1.88717661911942,0.201258716443238));
#2551=CARTESIAN_POINT('Ctrl Pts',(8.9936840312835,-5.15598625865286,0.20732107998574));
#2552=CARTESIAN_POINT('Ctrl Pts',(8.97479550595,-8.8336058325497,0.223374292226985));
#2553=CARTESIAN_POINT('Ctrl Pts',(8.96174886073687,-10.2642399381489,0.233373698336916));
#2554=CARTESIAN_POINT('Ctrl Pts',(8.95242629712892,-10.9796145879073,0.239959868496105));
#2555=CARTESIAN_POINT('Ctrl Pts',(8.94619545048358,-11.3379525596503,0.244222521883066));
#2556=CARTESIAN_POINT('Ctrl Pts',(8.94237349379191,-11.517005630412,0.246725533423102));
#2557=CARTESIAN_POINT('Ctrl Pts',(8.93952098702374,-11.6205273440308,0.248721819684233));
#2558=CARTESIAN_POINT('Ctrl Pts',(8.9379036802922,-11.6718523919856,0.249763614225079));
#2559=CARTESIAN_POINT('Ctrl Pts',(8.93637241084394,-11.7004070139516,0.251147299982401));
#2560=CARTESIAN_POINT('Ctrl Pts',(8.93637241084393,-11.7004070139516,0.251147299982401));
#2561=CARTESIAN_POINT('Ctrl Pts',(8.91288589982681,-12.142745949353,0.271696793537318));
#2562=CARTESIAN_POINT('Ctrl Pts',(8.63574414525961,-12.8537162146684,0.285473454478644));
#2563=CARTESIAN_POINT('Ctrl Pts',(7.83105941021832,-13.5269051448403,0.274665927542931));
#2564=CARTESIAN_POINT('Ctrl Pts',(7.24561287178309,-13.6829285723031,0.25789523671283));
#2565=CARTESIAN_POINT('Ctrl Pts',(6.95019718055407,-13.6939885510742,0.246296127470719));
#2566=CARTESIAN_POINT('Ctrl Pts',(8.94527635339249,-11.700770265386,0.217460220243015));
#2567=CARTESIAN_POINT('Ctrl Pts',(8.92582921416928,-12.1452563046989,0.237007222035708));
#2568=CARTESIAN_POINT('Ctrl Pts',(8.65009565910134,-12.8634998500615,0.25087483978695));
#2569=CARTESIAN_POINT('Ctrl Pts',(7.8369850870092,-13.5399898629847,0.240061494817351));
#2570=CARTESIAN_POINT('Ctrl Pts',(7.2470853226016,-13.6931170691382,0.223832565698047));
#2571=CARTESIAN_POINT('Ctrl Pts',(6.95042059227025,-13.7019412739587,0.212860176228612));
#2572=CARTESIAN_POINT('Ctrl Pts',(8.94501920711128,-11.7007597746675,0.154433428906407));
#2573=CARTESIAN_POINT('Ctrl Pts',(8.93125947111751,-12.1453979514611,0.170051037801977));
#2574=CARTESIAN_POINT('Ctrl Pts',(8.65928637116401,-12.8699196202535,0.181891879344572));
#2575=CARTESIAN_POINT('Ctrl Pts',(7.8392249007173,-13.5466205811359,0.172718922614328));
#2576=CARTESIAN_POINT('Ctrl Pts',(7.24688042980969,-13.6946385921038,0.159476087722701));
#2577=CARTESIAN_POINT('Ctrl Pts',(6.9503761665814,-13.7003598654346,0.150768734458196));
#2578=CARTESIAN_POINT('Ctrl Pts',(8.90170885215153,-11.6989928552965,0.0668186461132104));
#2579=CARTESIAN_POINT('Ctrl Pts',(8.89137662914167,-12.134248658982,0.0743434421145818));
#2580=CARTESIAN_POINT('Ctrl Pts',(8.62747635261696,-12.8483723492675,0.0803741371347171));
#2581=CARTESIAN_POINT('Ctrl Pts',(7.82006826882425,-13.5107464709065,0.0757255089249566));
#2582=CARTESIAN_POINT('Ctrl Pts',(7.2392139355805,-13.6523934129279,0.0692301344793728));
#2583=CARTESIAN_POINT('Ctrl Pts',(6.94913950095776,-13.6563386333613,0.0650597417047243));
#2584=CARTESIAN_POINT('Ctrl Pts',(8.83028148226035,-11.6960788546241,0.0120405348720224));
#2585=CARTESIAN_POINT('Ctrl Pts',(8.81825189018131,-12.1155569334502,0.0134468348959942));
#2586=CARTESIAN_POINT('Ctrl Pts',(8.56248807512465,-12.8041778892922,0.0145977315407947));
#2587=CARTESIAN_POINT('Ctrl Pts',(7.78541031289299,-13.4425379325524,0.0137120734820075));
#2588=CARTESIAN_POINT('Ctrl Pts',(7.22675343059606,-13.5804340706917,0.012488228606801));
#2589=CARTESIAN_POINT('Ctrl Pts',(6.94714775809168,-13.5854391329127,0.0117105925849698));
#2590=CARTESIAN_POINT('Ctrl Pts',(8.76929645466111,-11.6935908670124,7.85505425799014E-16));
#2591=CARTESIAN_POINT('Ctrl Pts',(8.75423943219955,-12.0995195340926,1.02664205437616E-5));
#2592=CARTESIAN_POINT('Ctrl Pts',(8.50420772992183,-12.7645438437624,1.92930883062631E-5));
#2593=CARTESIAN_POINT('Ctrl Pts',(7.75515715718809,-13.382310549881,1.25208047096259E-5));
#2594=CARTESIAN_POINT('Ctrl Pts',(7.21614505568298,-13.5185034438909,5.61357760208557E-6));
#2595=CARTESIAN_POINT('Ctrl Pts',(6.94545729759827,-13.5252642948089,1.48627267577298E-15));
#2596=CARTESIAN_POINT('Ctrl Pts',(8.7431838078011,-11.6925255573051,7.97972798949331E-16));
#2597=CARTESIAN_POINT('Ctrl Pts',(8.72685913484353,-12.0926724978101,-1.4390602663878E-15));
#2598=CARTESIAN_POINT('Ctrl Pts',(8.47935088223533,-12.7475982669246,-6.74680085349236E-16));
#2599=CARTESIAN_POINT('Ctrl Pts',(7.74222186740961,-13.3565806010518,5.57030658269393E-16));
#2600=CARTESIAN_POINT('Ctrl Pts',(7.21161468437861,-13.4920000224535,8.24543134318989E-16));
#2601=CARTESIAN_POINT('Ctrl Pts',(6.94473344099822,-13.4994973787005,1.49186218934005E-15));
#2602=CARTESIAN_POINT('Ctrl Pts',(6.94473344099822,-13.4994973787005,1.49186218934005E-15));
#2603=CARTESIAN_POINT('Ctrl Pts',(7.21161468437861,-13.4920000224535,8.24543134318989E-16));
#2604=CARTESIAN_POINT('Ctrl Pts',(7.74222186740961,-13.3565806010518,5.57030658269393E-16));
#2605=CARTESIAN_POINT('Ctrl Pts',(8.47935088223533,-12.7475982669246,-6.74680085349236E-16));
#2606=CARTESIAN_POINT('Ctrl Pts',(8.72685913484353,-12.0926724978101,-1.4390602663878E-15));
#2607=CARTESIAN_POINT('Ctrl Pts',(8.7431838078011,-11.6925255573051,7.97972798949331E-16));
#2608=CARTESIAN_POINT('Ctrl Pts',(8.93637241084393,-11.7004070139516,0.251147299982401));
#2609=CARTESIAN_POINT('Ctrl Pts',(8.91288589982681,-12.142745949353,0.271696793537318));
#2610=CARTESIAN_POINT('Ctrl Pts',(8.63574414525961,-12.8537162146684,0.285473454478644));
#2611=CARTESIAN_POINT('Ctrl Pts',(7.83105941021832,-13.5269051448403,0.274665927542931));
#2612=CARTESIAN_POINT('Ctrl Pts',(7.24561287178309,-13.6829285723031,0.25789523671283));
#2613=CARTESIAN_POINT('Ctrl Pts',(6.95019718055407,-13.6939885510742,0.246296127470719));
#2614=CARTESIAN_POINT('Ctrl Pts',(-7.04837375348502,9.01823458370648,7.54997151658849));
#2615=CARTESIAN_POINT('Ctrl Pts',(-7.16566139967487,9.2176729178086,7.28917884340468));
#2616=CARTESIAN_POINT('Ctrl Pts',(-7.28687811991222,9.40642790887335,6.99926118236724));
#2617=CARTESIAN_POINT('Ctrl Pts',(-7.61575186554809,9.88097851782793,6.15351956426942));
#2618=CARTESIAN_POINT('Ctrl Pts',(-7.82565794702753,10.1360070692562,5.53645946279174));
#2619=CARTESIAN_POINT('Ctrl Pts',(-8.21352709797334,10.6029250906658,4.22693704655067));
#2620=CARTESIAN_POINT('Ctrl Pts',(-8.40028497155888,10.8254584852079,3.47488404593182));
#2621=CARTESIAN_POINT('Ctrl Pts',(-8.72304669437345,11.2601086658699,1.91465863625607));
#2622=CARTESIAN_POINT('Ctrl Pts',(-8.86034030058389,11.4812489588395,1.06291766401211));
#2623=CARTESIAN_POINT('Ctrl Pts',(-8.97063187765794,11.6926963574153,0.227039452669306));
#2624=CARTESIAN_POINT('Ctrl Pts',(-6.9033871456397,9.59966854810705,7.58396274636715));
#2625=CARTESIAN_POINT('Ctrl Pts',(-7.02467797290945,9.82081145394676,7.30918699900137));
#2626=CARTESIAN_POINT('Ctrl Pts',(-7.14990092381081,10.0282914080524,7.00305150564442));
#2627=CARTESIAN_POINT('Ctrl Pts',(-7.48997790493771,10.5450253313217,6.11071254774324));
#2628=CARTESIAN_POINT('Ctrl Pts',(-7.70750737230625,10.8158118905836,5.46070053441573));
#2629=CARTESIAN_POINT('Ctrl Pts',(-8.11360240251121,11.2949560702509,4.09842741291091));
#2630=CARTESIAN_POINT('Ctrl Pts',(-8.31217358435698,11.5113680234233,3.32724378963374));
#2631=CARTESIAN_POINT('Ctrl Pts',(-8.66632024188118,11.9174689666303,1.77597547736433));
#2632=CARTESIAN_POINT('Ctrl Pts',(-8.82498228278022,12.113586242852,0.959062790063595));
#2633=CARTESIAN_POINT('Ctrl Pts',(-8.96294881644256,12.2983806356371,0.203948995889949));
#2634=CARTESIAN_POINT('Ctrl Pts',(-6.53104026366112,10.3722713688368,7.67380582438889));
#2635=CARTESIAN_POINT('Ctrl Pts',(-6.64844893709098,10.5977463693268,7.39642343459684));
#2636=CARTESIAN_POINT('Ctrl Pts',(-6.76985612022635,10.8115686810148,7.08652058653424));
#2637=CARTESIAN_POINT('Ctrl Pts',(-7.09987159063331,11.3490278244595,6.18147126595874));
#2638=CARTESIAN_POINT('Ctrl Pts',(-7.31122848223636,11.6370705908197,5.52039777239043));
#2639=CARTESIAN_POINT('Ctrl Pts',(-7.70349934849346,12.1572287261652,4.13600288488394));
#2640=CARTESIAN_POINT('Ctrl Pts',(-7.89340315058309,12.4005387331917,3.35352823151061));
#2641=CARTESIAN_POINT('Ctrl Pts',(-8.22129155626423,12.8681476608377,1.78419865158432));
#2642=CARTESIAN_POINT('Ctrl Pts',(-8.36033909601707,13.1016974878938,0.960864431292299));
#2643=CARTESIAN_POINT('Ctrl Pts',(-8.46903030697022,13.3242653649948,0.204240720382535));
#2644=CARTESIAN_POINT('Ctrl Pts',(-5.91875931862515,10.8735590089176,7.7544455747168));
#2645=CARTESIAN_POINT('Ctrl Pts',(-6.01625179132491,11.0857157153212,7.4841443739918));
#2646=CARTESIAN_POINT('Ctrl Pts',(-6.11684673695967,11.2873212651827,7.18264532584695));
#2647=CARTESIAN_POINT('Ctrl Pts',(-6.38906971906639,11.7937448808968,6.30143864937226));
#2648=CARTESIAN_POINT('Ctrl Pts',(-6.56171187393674,12.0642806766001,5.65699604247086));
#2649=CARTESIAN_POINT('Ctrl Pts',(-6.87641033073535,12.5548826259701,4.29535093006799));
#2650=CARTESIAN_POINT('Ctrl Pts',(-7.02448235024801,12.7864040559371,3.51812930224459));
#2651=CARTESIAN_POINT('Ctrl Pts',(-7.26905243315469,13.2378858093234,1.92112333096498));
#2652=CARTESIAN_POINT('Ctrl Pts',(-7.36458577069999,13.46796842636,1.05901453063654));
#2653=CARTESIAN_POINT('Ctrl Pts',(-7.431325655328,13.6898270767015,0.225953529543725));
#2654=CARTESIAN_POINT('Ctrl Pts',(-5.61135844035643,11.0636725174345,7.77898991084214));
#2655=CARTESIAN_POINT('Ctrl Pts',(-5.69879107749161,11.2735812278833,7.5095616855954));
#2656=CARTESIAN_POINT('Ctrl Pts',(-5.78925681301004,11.472026110718,7.20963447722164));
#2657=CARTESIAN_POINT('Ctrl Pts',(-6.03438882606734,11.9672729736972,6.33377165930118));
#2658=CARTESIAN_POINT('Ctrl Pts',(-6.19024459145645,12.2272707011195,5.6940947971488));
#2659=CARTESIAN_POINT('Ctrl Pts',(-6.47456679678629,12.6903293078988,4.33963937711606));
#2660=CARTESIAN_POINT('Ctrl Pts',(-6.60849374455755,12.9027847483842,3.56460100060005));
#2661=CARTESIAN_POINT('Ctrl Pts',(-6.83099994415531,13.3081422829563,1.96071366354462));
#2662=CARTESIAN_POINT('Ctrl Pts',(-6.9189200141861,13.509066473549,1.08780425477341));
#2663=CARTESIAN_POINT('Ctrl Pts',(-6.98310100485262,13.698675487412,0.232333278648517));
#2664=CARTESIAN_POINT('',(-7.12519090270297,9.14652126975694,7.3763734192417));
#2665=CARTESIAN_POINT('Ctrl Pts',(-7.12519090270297,9.14652126975694,7.3763734192417));
#2666=CARTESIAN_POINT('Ctrl Pts',(-7.21619483298236,9.29577654865526,7.16739428573248));
#2667=CARTESIAN_POINT('Ctrl Pts',(-7.52888746231027,9.77542059149854,6.40806452934107));
#2668=CARTESIAN_POINT('Ctrl Pts',(-8.05104851184819,10.4099525233912,4.87793871068425));
#2669=CARTESIAN_POINT('Ctrl Pts',(-8.59828586285904,11.0598953807949,2.68532715072321));
#2670=CARTESIAN_POINT('Ctrl Pts',(-8.85773233969779,11.4762490616616,1.08268288759995));
#2671=CARTESIAN_POINT('Ctrl Pts',(-8.97063187765794,11.6926963574153,0.227039452669327));
#2672=CARTESIAN_POINT('',(-5.61965287202947,11.0835322259387,7.75336954441317));
#2673=CARTESIAN_POINT('Ctrl Pts',(-5.61965287199112,11.0835322259623,7.75336954441623));
#2674=CARTESIAN_POINT('Ctrl Pts',(-5.80910708173333,10.9576164133497,7.74751782821011));
#2675=CARTESIAN_POINT('Ctrl Pts',(-6.2044308292433,10.6491278808705,7.73174260830911));
#2676=CARTESIAN_POINT('Ctrl Pts',(-6.79702575888197,9.93288591609734,7.58750351030922));
#2677=CARTESIAN_POINT('Ctrl Pts',(-7.02285480363901,9.43093358637608,7.44635998973657));
#2678=CARTESIAN_POINT('Ctrl Pts',(-7.12519090270298,9.14652126975695,7.3763734192417));
#2679=CARTESIAN_POINT('Ctrl Pts',(-5.61965287206782,11.0835322259151,7.75336954441011));
#2680=CARTESIAN_POINT('Ctrl Pts',(-5.70835816154035,11.2953509223254,7.47872208941247));
#2681=CARTESIAN_POINT('Ctrl Pts',(-5.96493548984563,11.8543663901708,6.62328645648085));
#2682=CARTESIAN_POINT('Ctrl Pts',(-6.36977201485906,12.5244027283733,4.95371021767798));
#2683=CARTESIAN_POINT('Ctrl Pts',(-6.75514270416572,13.1352283120226,2.71125840072912));
#2684=CARTESIAN_POINT('Ctrl Pts',(-6.91816419366157,13.5073402183003,1.09530235888601));
#2685=CARTESIAN_POINT('Ctrl Pts',(-6.98225322194438,13.6961742273707,0.243616463256774));
#2686=CARTESIAN_POINT('Ctrl Pts',(-6.98950687370039,-9.84383875255021,5.34268020841853));
#2687=CARTESIAN_POINT('Ctrl Pts',(-7.06053780500649,-9.91963866169991,5.21841235278692));
#2688=CARTESIAN_POINT('Ctrl Pts',(-7.14807992112268,-10.0123772302565,5.06006543804619));
#2689=CARTESIAN_POINT('Ctrl Pts',(-7.24256975130121,-10.1115475227586,4.88207553501969));
#2690=CARTESIAN_POINT('Ctrl Pts',(-7.37099190050426,-10.2459263543441,4.63708340140054));
#2691=CARTESIAN_POINT('Ctrl Pts',(-7.55071129957495,-10.4314631443095,4.27502975660159));
#2692=CARTESIAN_POINT('Ctrl Pts',(-7.73461719567518,-10.6165593051948,3.86819896664836));
#2693=CARTESIAN_POINT('Ctrl Pts',(-7.82428951875565,-10.7053065158261,3.65833372106529));
#2694=CARTESIAN_POINT('Ctrl Pts',(-7.96665733382406,-10.8455192074785,3.31990240846576));
#2695=CARTESIAN_POINT('Ctrl Pts',(-8.1491116169353,-11.0205135513625,2.85031504105103));
#2696=CARTESIAN_POINT('Ctrl Pts',(-8.33106123913214,-11.1874165254404,2.32401338180008));
#2697=CARTESIAN_POINT('Ctrl Pts',(-8.42890951906333,-11.2750807579259,2.02503607504689));
#2698=CARTESIAN_POINT('Ctrl Pts',(-8.5617706418516,-11.3926553698874,1.60796220561771));
#2699=CARTESIAN_POINT('Ctrl Pts',(-8.71546564190218,-11.5231297926306,1.08328394247651));
#2700=CARTESIAN_POINT('Ctrl Pts',(-8.87248504235302,-11.6502238162135,0.499949207690263));
#2701=CARTESIAN_POINT('Ctrl Pts',(-8.94355956029741,-11.7061580729175,0.223735933360372));
#2702=CARTESIAN_POINT('Ctrl Pts',(-8.97422500686126,-11.7300142492498,0.10244818337414));
#2703=CARTESIAN_POINT('Ctrl Pts',(-7.01907723806788,-9.75518744438653,5.3606307286637));
#2704=CARTESIAN_POINT('Ctrl Pts',(-7.08965452125375,-9.82998680865672,5.23793499403865));
#2705=CARTESIAN_POINT('Ctrl Pts',(-7.17664706134692,-9.92154735329557,5.08153561837092));
#2706=CARTESIAN_POINT('Ctrl Pts',(-7.27053918721997,-10.0195144121408,4.9056018563608));
#2707=CARTESIAN_POINT('Ctrl Pts',(-7.39814500402022,-10.1522861482168,4.66337832679686));
#2708=CARTESIAN_POINT('Ctrl Pts',(-7.57669083238959,-10.3357448643944,4.30501932468999));
#2709=CARTESIAN_POINT('Ctrl Pts',(-7.75921142387501,-10.5189431304981,3.9012633041348));
#2710=CARTESIAN_POINT('Ctrl Pts',(-7.84812535566695,-10.6068185976052,3.69260235130811));
#2711=CARTESIAN_POINT('Ctrl Pts',(-7.98924688226231,-10.7456704623552,3.35593264507688));
#2712=CARTESIAN_POINT('Ctrl Pts',(-8.16981156751644,-10.9190785975445,2.88756163229834));
#2713=CARTESIAN_POINT('Ctrl Pts',(-8.34911505405579,-11.0845722011414,2.35975143597952));
#2714=CARTESIAN_POINT('Ctrl Pts',(-8.44527682371861,-11.1715103922095,2.05902053175384));
#2715=CARTESIAN_POINT('Ctrl Pts',(-8.57565175362139,-11.2881189679209,1.6388611033614));
#2716=CARTESIAN_POINT('Ctrl Pts',(-8.72565878064069,-11.4175381480073,1.10768443489353));
#2717=CARTESIAN_POINT('Ctrl Pts',(-8.87757081527936,-11.5435409562124,0.512797043898396));
#2718=CARTESIAN_POINT('Ctrl Pts',(-8.9459114776777,-11.5989629344831,0.229796614190646));
#2719=CARTESIAN_POINT('Ctrl Pts',(-8.97531049511299,-11.6225922781506,0.105258325887327));
#2720=CARTESIAN_POINT('Ctrl Pts',(-7.16418461566865,-9.31477350238513,5.43232609329741));
#2721=CARTESIAN_POINT('Ctrl Pts',(-7.23247391354412,-9.3805652602207,5.31424676026994));
#2722=CARTESIAN_POINT('Ctrl Pts',(-7.31631722588271,-9.46027382949609,5.16359917577121));
#2723=CARTESIAN_POINT('Ctrl Pts',(-7.40640182736259,-9.54455130738697,4.99381481827038));
#2724=CARTESIAN_POINT('Ctrl Pts',(-7.52866331309593,-9.65834725501077,4.75991094253894));
#2725=CARTESIAN_POINT('Ctrl Pts',(-7.69870160472967,-9.81301151733532,4.41291883344655));
#2726=CARTESIAN_POINT('Ctrl Pts',(-7.87098462970483,-9.96375587943273,4.01913841025923));
#2727=CARTESIAN_POINT('Ctrl Pts',(-7.95449218264411,-10.0351020445423,3.81455897985381));
#2728=CARTESIAN_POINT('Ctrl Pts',(-8.0868435652296,-10.1474171468778,3.4839552939415));
#2729=CARTESIAN_POINT('Ctrl Pts',(-8.254892271467,-10.2848240150539,3.0204817368937));
#2730=CARTESIAN_POINT('Ctrl Pts',(-8.41959383964574,-10.4128833780635,2.48852950938883));
#2731=CARTESIAN_POINT('Ctrl Pts',(-8.50728468216171,-10.4795760209949,2.18219076888431));
#2732=CARTESIAN_POINT('Ctrl Pts',(-8.62571375485396,-10.5686829095159,1.75185033174074));
#2733=CARTESIAN_POINT('Ctrl Pts',(-8.76014838706536,-10.6666057268739,1.19802911454239));
#2734=CARTESIAN_POINT('Ctrl Pts',(-8.89379161664976,-10.7631306868051,0.560764317526044));
#2735=CARTESIAN_POINT('Ctrl Pts',(-8.95322133821803,-10.8063408964226,0.252475364759526));
#2736=CARTESIAN_POINT('Ctrl Pts',(-8.9786632796138,-10.8249765424778,0.115779018998696));
#2737=CARTESIAN_POINT('Ctrl Pts',(-7.41772527357678,-7.86910148318454,5.63858156248287));
#2738=CARTESIAN_POINT('Ctrl Pts',(-7.48191721673995,-7.91053330187172,5.52902495303682));
#2739=CARTESIAN_POINT('Ctrl Pts',(-7.56019020794224,-7.9583979493294,5.38891213006886));
#2740=CARTESIAN_POINT('Ctrl Pts',(-7.64363846723253,-8.00610659971145,5.23031660967327));
#2741=CARTESIAN_POINT('Ctrl Pts',(-7.75662637702554,-8.06929317113205,5.01152544692683));
#2742=CARTESIAN_POINT('Ctrl Pts',(-7.91216138412826,-8.14763344947078,4.68504993447168));
#2743=CARTESIAN_POINT('Ctrl Pts',(-8.06745309229686,-8.21279949177858,4.30894710200618));
#2744=CARTESIAN_POINT('Ctrl Pts',(-8.14210260897619,-8.24061328984529,4.11140230083083));
#2745=CARTESIAN_POINT('Ctrl Pts',(-8.26012618916172,-8.28304951805961,3.79112193865021));
#2746=CARTESIAN_POINT('Ctrl Pts',(-8.40800085386394,-8.32570942002957,3.33500148248857));
#2747=CARTESIAN_POINT('Ctrl Pts',(-8.54878380320545,-8.35437490539821,2.79076095097659));
#2748=CARTESIAN_POINT('Ctrl Pts',(-8.62232161541032,-8.3668880811369,2.47026104137564));
#2749=CARTESIAN_POINT('Ctrl Pts',(-8.72056446629501,-8.38205461456529,2.01493050692753));
#2750=CARTESIAN_POINT('Ctrl Pts',(-8.82759769192098,-8.393733458435,1.40767165241581));
#2751=CARTESIAN_POINT('Ctrl Pts',(-8.9264682547618,-8.40597504767907,0.671755585897289));
#2752=CARTESIAN_POINT('Ctrl Pts',(-8.96813101851515,-8.41289915322221,0.304877892749654));
#2753=CARTESIAN_POINT('Ctrl Pts',(-8.98552239705829,-8.41636388125339,0.140080541009842));
#2754=CARTESIAN_POINT('Ctrl Pts',(-7.58037670288719,-4.86982860505206,6.03741243543985));
#2755=CARTESIAN_POINT('Ctrl Pts',(-7.64175487054178,-4.8783405171553,5.93753558243549));
#2756=CARTESIAN_POINT('Ctrl Pts',(-7.71679869302323,-4.88495681640316,5.80903745284538));
#2757=CARTESIAN_POINT('Ctrl Pts',(-7.79703849736808,-4.88726816562955,5.66232995626385));
#2758=CARTESIAN_POINT('Ctrl Pts',(-7.90578543769271,-4.88838783266893,5.45940676339305));
#2759=CARTESIAN_POINT('Ctrl Pts',(-8.05612722002227,-4.87763032119801,5.15331671242837));
#2760=CARTESIAN_POINT('Ctrl Pts',(-8.20685305484838,-4.8480588578049,4.79233358586208));
#2761=CARTESIAN_POINT('Ctrl Pts',(-8.27932516927958,-4.82866017524761,4.59970606923637));
#2762=CARTESIAN_POINT('Ctrl Pts',(-8.39386583223383,-4.79567082169773,4.28595432931131));
#2763=CARTESIAN_POINT('Ctrl Pts',(-8.53706284803977,-4.73845454683601,3.82933196447752));
#2764=CARTESIAN_POINT('Ctrl Pts',(-8.66864530425969,-4.66161048482414,3.2565313616991));
#2765=CARTESIAN_POINT('Ctrl Pts',(-8.73507325704189,-4.61557415725479,2.90997360535367));
#2766=CARTESIAN_POINT('Ctrl Pts',(-8.82192721788031,-4.54992952412791,2.41111905345142));
#2767=CARTESIAN_POINT('Ctrl Pts',(-8.90798251622665,-4.46287975290659,1.71894502939916));
#2768=CARTESIAN_POINT('Ctrl Pts',(-8.96909596493989,-4.36674958573687,0.834816997296499));
#2769=CARTESIAN_POINT('Ctrl Pts',(-8.98829156381622,-4.32246922631341,0.381553042551835));
#2770=CARTESIAN_POINT('Ctrl Pts',(-8.9948757250608,-4.30344006891286,0.175605083188585));
#2771=CARTESIAN_POINT('Ctrl Pts',(-7.55794830169579,-1.76546904694534,6.42055107382332));
#2772=CARTESIAN_POINT('Ctrl Pts',(-7.61958397720835,-1.75885295783514,6.32245057497585));
#2773=CARTESIAN_POINT('Ctrl Pts',(-7.69563083547829,-1.74927117885437,6.19544697144577));
#2774=CARTESIAN_POINT('Ctrl Pts',(-7.77775966353003,-1.73695984563115,6.04938655381523));
#2775=CARTESIAN_POINT('Ctrl Pts',(-7.88940914309982,-1.71938023948198,5.84693356649351));
#2776=CARTESIAN_POINT('Ctrl Pts',(-8.04584813812133,-1.68953938540789,5.53899078879126));
#2777=CARTESIAN_POINT('Ctrl Pts',(-8.20531115607976,-1.64922008581332,5.17100422257276));
#2778=CARTESIAN_POINT('Ctrl Pts',(-8.2825338323183,-1.62643628742821,4.97316739198975));
#2779=CARTESIAN_POINT('Ctrl Pts',(-8.40478849264894,-1.588798493747,4.6502615989406));
#2780=CARTESIAN_POINT('Ctrl Pts',(-8.55900852577673,-1.53050346962397,4.1758112171268));
#2781=CARTESIAN_POINT('Ctrl Pts',(-8.69945180700898,-1.4524318208797,3.56917046778861));
#2782=CARTESIAN_POINT('Ctrl Pts',(-8.76923973575046,-1.40415688344146,3.19859740982222));
#2783=CARTESIAN_POINT('Ctrl Pts',(-8.85947956516859,-1.33402727691989,2.6627591107531));
#2784=CARTESIAN_POINT('Ctrl Pts',(-8.94393438332091,-1.23446072116233,1.90947960724806));
#2785=CARTESIAN_POINT('Ctrl Pts',(-8.99061431045621,-1.10556296825241,0.931826875153414));
#2786=CARTESIAN_POINT('Ctrl Pts',(-8.99890120456834,-1.03923260536407,0.42667582983575));
#2787=CARTESIAN_POINT('Ctrl Pts',(-8.99984416137234,-1.00907768089341,0.1964581222224));
#2788=CARTESIAN_POINT('Ctrl Pts',(-7.55995217460199,1.24202735880597,6.7531232759245));
#2789=CARTESIAN_POINT('Ctrl Pts',(-7.62193638980917,1.26001273513692,6.64851312534917));
#2790=CARTESIAN_POINT('Ctrl Pts',(-7.69845591270494,1.28236571364361,6.51284899639552));
#2791=CARTESIAN_POINT('Ctrl Pts',(-7.781130602402,1.30687748591389,6.35662311381605));
#2792=CARTESIAN_POINT('Ctrl Pts',(-7.89353476410233,1.340375228753,6.14000827650534));
#2793=CARTESIAN_POINT('Ctrl Pts',(-8.05110089340021,1.38844570870535,5.81012657004807));
#2794=CARTESIAN_POINT('Ctrl Pts',(-8.21168042318706,1.44143275625482,5.41632944344912));
#2795=CARTESIAN_POINT('Ctrl Pts',(-8.28940225818367,1.46882799959409,5.20497246199855));
#2796=CARTESIAN_POINT('Ctrl Pts',(-8.4124228736912,1.51309256530912,4.86018694885033));
#2797=CARTESIAN_POINT('Ctrl Pts',(-8.56743849931839,1.57514052870158,4.35486774031792));
#2798=CARTESIAN_POINT('Ctrl Pts',(-8.70798978652306,1.65052287843338,3.71362760150437));
#2799=CARTESIAN_POINT('Ctrl Pts',(-8.7775753841998,1.69581524956689,3.32354128806598));
#2800=CARTESIAN_POINT('Ctrl Pts',(-8.86734188899924,1.76085852437255,2.76060766261427));
#2801=CARTESIAN_POINT('Ctrl Pts',(-8.95040400618786,1.85078856396934,1.97387859081922));
#2802=CARTESIAN_POINT('Ctrl Pts',(-8.99412916181359,1.96681204943674,0.960795250445636));
#2803=CARTESIAN_POINT('Ctrl Pts',(-9.00057913548614,2.02674801837876,0.439481993982351));
#2804=CARTESIAN_POINT('Ctrl Pts',(-9.00062429739094,2.0540827422426,0.202304200563141));
#2805=CARTESIAN_POINT('Ctrl Pts',(-7.57765092917243,4.16751377646566,7.02923875271632));
#2806=CARTESIAN_POINT('Ctrl Pts',(-7.64035887597049,4.20472238311278,6.90924514633738));
#2807=CARTESIAN_POINT('Ctrl Pts',(-7.71741713157472,4.24721261377753,6.75336773579329));
#2808=CARTESIAN_POINT('Ctrl Pts',(-7.80007906800708,4.28900502353065,6.57417040872926));
#2809=CARTESIAN_POINT('Ctrl Pts',(-7.91219913427875,4.3441299637497,6.3258988317754));
#2810=CARTESIAN_POINT('Ctrl Pts',(-8.06772222982402,4.41129681801866,5.94912607727814));
#2811=CARTESIAN_POINT('Ctrl Pts',(-8.22374071186388,4.47055242652907,5.5060094194868));
#2812=CARTESIAN_POINT('Ctrl Pts',(-8.29861766666966,4.498335940838,5.27099003742067));
#2813=CARTESIAN_POINT('Ctrl Pts',(-8.41685340642345,4.54217788340948,4.8889507678818));
#2814=CARTESIAN_POINT('Ctrl Pts',(-8.56392886709052,4.59665805902277,4.33810470551979));
#2815=CARTESIAN_POINT('Ctrl Pts',(-8.69665103813296,4.66032115865821,3.66296764096249));
#2816=CARTESIAN_POINT('Ctrl Pts',(-8.76269073318115,4.69948270936439,3.25953870199875));
#2817=CARTESIAN_POINT('Ctrl Pts',(-8.8482447759043,4.75659541533097,2.6823009399256));
#2818=CARTESIAN_POINT('Ctrl Pts',(-8.92961313175721,4.83989408286676,1.89553317894356));
#2819=CARTESIAN_POINT('Ctrl Pts',(-8.98077174918015,4.95876365312576,0.913536590533671));
#2820=CARTESIAN_POINT('Ctrl Pts',(-8.99384420757677,5.02372634965853,0.416227262626303));
#2821=CARTESIAN_POINT('Ctrl Pts',(-8.99745504475358,5.05410691294611,0.191419927442754));
#2822=CARTESIAN_POINT('Ctrl Pts',(-7.42704403615508,7.83951614777335,7.31426820963141));
#2823=CARTESIAN_POINT('Ctrl Pts',(-7.49398554012278,7.92575463295029,7.16487195737754));
#2824=CARTESIAN_POINT('Ctrl Pts',(-7.57631593427138,8.02584149016537,6.97082925173071));
#2825=CARTESIAN_POINT('Ctrl Pts',(-7.66436553585562,8.12591105636284,6.74896744608686));
#2826=CARTESIAN_POINT('Ctrl Pts',(-7.78363745421653,8.25858374203424,6.442202314636));
#2827=CARTESIAN_POINT('Ctrl Pts',(-7.94807205075344,8.42439136035059,5.98064306845113));
#2828=CARTESIAN_POINT('Ctrl Pts',(-8.11117699954914,8.57420187249173,5.45219631874679));
#2829=CARTESIAN_POINT('Ctrl Pts',(-8.18894901510585,8.64445860825215,5.17762726454626));
#2830=CARTESIAN_POINT('Ctrl Pts',(-8.31152665898592,8.75514423607778,4.73402505844614));
#2831=CARTESIAN_POINT('Ctrl Pts',(-8.46246200449996,8.89129052331367,4.11282938087063));
#2832=CARTESIAN_POINT('Ctrl Pts',(-8.60077863584246,9.03207538925027,3.39796020064973));
#2833=CARTESIAN_POINT('Ctrl Pts',(-8.67131323678556,9.11186312609797,2.98515724251734));
#2834=CARTESIAN_POINT('Ctrl Pts',(-8.76422362440996,9.2235844977589,2.40441248561804));
#2835=CARTESIAN_POINT('Ctrl Pts',(-8.86034282625712,9.36723921679681,1.65289616116027));
#2836=CARTESIAN_POINT('Ctrl Pts',(-8.9428082192713,9.54016900033048,0.777642269185242));
#2837=CARTESIAN_POINT('Ctrl Pts',(-8.97565784223191,9.62693818049617,0.350893648745916));
#2838=CARTESIAN_POINT('Ctrl Pts',(-8.98899273948558,9.66615344327131,0.160997604468022));
#2839=CARTESIAN_POINT('Ctrl Pts',(-7.17364666649188,8.94397638076868,7.36800147590581));
#2840=CARTESIAN_POINT('Ctrl Pts',(-7.24533103364846,9.05866486392595,7.2045637867751));
#2841=CARTESIAN_POINT('Ctrl Pts',(-7.33434654165062,9.19402365985102,6.99244454726473));
#2842=CARTESIAN_POINT('Ctrl Pts',(-7.43044330918255,9.33212577205339,6.75060293706115));
#2843=CARTESIAN_POINT('Ctrl Pts',(-7.56097451363138,9.51644326762261,6.41654377788241));
#2844=CARTESIAN_POINT('Ctrl Pts',(-7.74308606431068,9.75429576942845,5.91604015035351));
#2845=CARTESIAN_POINT('Ctrl Pts',(-7.92654818530776,9.97835052989915,5.34976902311082));
#2846=CARTESIAN_POINT('Ctrl Pts',(-8.01473006466197,10.0851473012138,5.05818251381093));
#2847=CARTESIAN_POINT('Ctrl Pts',(-8.15402299793388,10.2540077168575,4.58835978579067));
#2848=CARTESIAN_POINT('Ctrl Pts',(-8.32766010424307,10.465777594555,3.93909295117977));
#2849=CARTESIAN_POINT('Ctrl Pts',(-8.49062666626914,10.6798683621645,3.21370920777902));
#2850=CARTESIAN_POINT('Ctrl Pts',(-8.57503420317597,10.7977502651364,2.80189483227873));
#2851=CARTESIAN_POINT('Ctrl Pts',(-8.68722214978883,10.960082688244,2.22756126333901));
#2852=CARTESIAN_POINT('Ctrl Pts',(-8.80752121812375,11.1566308351504,1.50490725093343));
#2853=CARTESIAN_POINT('Ctrl Pts',(-8.91799419180334,11.3681759359856,0.696878929269637));
#2854=CARTESIAN_POINT('Ctrl Pts',(-8.96447825567341,11.4668621967004,0.31238768299813));
#2855=CARTESIAN_POINT('Ctrl Pts',(-8.98386532602396,11.5099793309915,0.143101002350663));
#2856=CARTESIAN_POINT('Ctrl Pts',(-7.12519090270298,9.14652126975694,7.3763734192417));
#2857=CARTESIAN_POINT('Ctrl Pts',(-7.19770842007993,9.26545703712305,7.20984601873108));
#2858=CARTESIAN_POINT('Ctrl Pts',(-7.28774614912916,9.40553021512695,6.99364204994739));
#2859=CARTESIAN_POINT('Ctrl Pts',(-7.38496321128245,9.5480510787294,6.74716534881601));
#2860=CARTESIAN_POINT('Ctrl Pts',(-7.51702705696902,9.73809280035222,6.40672581457831));
#2861=CARTESIAN_POINT('Ctrl Pts',(-7.70135426427748,9.98223767303682,5.89684629283842));
#2862=CARTESIAN_POINT('Ctrl Pts',(-7.88738229435313,10.210136493438,5.32124100934991));
#2863=CARTESIAN_POINT('Ctrl Pts',(-7.97694204617671,10.3181158376483,5.02540236948066));
#2864=CARTESIAN_POINT('Ctrl Pts',(-8.11848619831786,10.4885450139132,4.54900404019328));
#2865=CARTESIAN_POINT('Ctrl Pts',(-8.29544844250516,10.7002171026653,3.89253898404094));
#2866=CARTESIAN_POINT('Ctrl Pts',(-8.46282528912447,10.9112294544925,3.16449689671635));
#2867=CARTESIAN_POINT('Ctrl Pts',(-8.54997702684615,11.026717040044,2.75296968453415));
#2868=CARTESIAN_POINT('Ctrl Pts',(-8.66616727381483,11.185294217422,2.18033579038138));
#2869=CARTESIAN_POINT('Ctrl Pts',(-8.7922329968166,11.3756414765714,1.46522454555153));
#2870=CARTESIAN_POINT('Ctrl Pts',(-8.91043760702807,11.5791406707509,0.675025514159798));
#2871=CARTESIAN_POINT('Ctrl Pts',(-8.96099677977873,11.6738117191249,0.301906798326277));
#2872=CARTESIAN_POINT('Ctrl Pts',(-8.98225993210849,11.7151433218842,0.138222929510222));
#2873=CARTESIAN_POINT('',(-7.08901994378108,-9.94967391985567,5.16584491437329));
#2874=CARTESIAN_POINT('Ctrl Pts',(-7.08901994378108,-9.94967391985567,5.16584491437329));
#2875=CARTESIAN_POINT('Ctrl Pts',(-7.12596257113683,-9.9888286475777,5.09916940399757));
#2876=CARTESIAN_POINT('Ctrl Pts',(-7.36998762189554,-10.2464521202254,4.65101622612577));
#2877=CARTESIAN_POINT('Ctrl Pts',(-7.83467340209932,-10.7233786982416,3.69355292759805));
#2878=CARTESIAN_POINT('Ctrl Pts',(-8.42611971777069,-11.2834393518718,2.11630429274715));
#2879=CARTESIAN_POINT('Ctrl Pts',(-8.76761897235783,-11.5678529031473,0.908681799024708));
#2880=CARTESIAN_POINT('Ctrl Pts',(-8.9363472113927,-11.7004031238412,0.251162099908106));
#2881=CARTESIAN_POINT('',(-7.81101333325016,-0.166083607285292,6.15256921261433));
#2882=CARTESIAN_POINT('Ctrl Pts',(-7.81101327453166,-0.166083615356285,
6.15256932378636));
#2883=CARTESIAN_POINT('Ctrl Pts',(-7.81066890778185,-0.195138112261482,
6.1502780578343));
#2884=CARTESIAN_POINT('Ctrl Pts',(-7.80994341814953,-0.255645712284787,
6.14548588554367));
#2885=CARTESIAN_POINT('Ctrl Pts',(-7.80844068929373,-0.378341456473809,
6.13568155163822));
#2886=CARTESIAN_POINT('Ctrl Pts',(-7.80572492869802,-0.593451401131427,
6.11826698210381));
#2887=CARTESIAN_POINT('Ctrl Pts',(-7.80020396413186,-1.00878597210512,6.083840191531));
#2888=CARTESIAN_POINT('Ctrl Pts',(-7.79500436755316,-1.36831877524511,6.05290477429144));
#2889=CARTESIAN_POINT('Ctrl Pts',(-7.78814434555735,-1.81393597081001,6.0138964844103));
#2890=CARTESIAN_POINT('Ctrl Pts',(-7.781296198975,-2.23531591016107,5.97645050015106));
#2891=CARTESIAN_POINT('Ctrl Pts',(-7.77030227256724,-2.83499725397973,5.92191769211296));
#2892=CARTESIAN_POINT('Ctrl Pts',(-7.75826664032549,-3.41264756503254,5.86830340301104));
#2893=CARTESIAN_POINT('Ctrl Pts',(-7.74374296615663,-4.02227633285351,5.81055902521186));
#2894=CARTESIAN_POINT('Ctrl Pts',(-7.73175222384034,-4.44741161830388,5.76923732835278));
#2895=CARTESIAN_POINT('Ctrl Pts',(-7.72147833217686,-4.77138060320823,5.7372106213473));
#2896=CARTESIAN_POINT('Ctrl Pts',(-7.70942186473568,-5.13690706343306,5.70086469485769));
#2897=CARTESIAN_POINT('Ctrl Pts',(-7.68546968972141,-5.75081497522414,5.63818457163572));
#2898=CARTESIAN_POINT('Ctrl Pts',(-7.64521140994407,-6.51344762915401,5.55701705687189));
#2899=CARTESIAN_POINT('Ctrl Pts',(-7.59527814639484,-7.21154168200943,5.48000293211018));
#2900=CARTESIAN_POINT('Ctrl Pts',(-7.53741335055644,-7.80694835020731,5.41241691089965));
#2901=CARTESIAN_POINT('Ctrl Pts',(-7.48358601811962,-8.23070461998978,5.36341091816179));
#2902=CARTESIAN_POINT('Ctrl Pts',(-7.42833219829682,-8.60189346372364,5.32006818005548));
#2903=CARTESIAN_POINT('Ctrl Pts',(-7.36863668845197,-8.94391345225471,5.27959817079236));
#2904=CARTESIAN_POINT('Ctrl Pts',(-7.29187208143041,-9.29447375571228,5.23717040034187));
#2905=CARTESIAN_POINT('Ctrl Pts',(-7.23563711353424,-9.51481008967736,5.20982401307901));
#2906=CARTESIAN_POINT('Ctrl Pts',(-7.19581063929466,-9.65604097233661,5.19225496624332));
#2907=CARTESIAN_POINT('Ctrl Pts',(-7.16927832812507,-9.74364021821282,5.18127164871568));
#2908=CARTESIAN_POINT('Ctrl Pts',(-7.14806297014242,-9.80800048516944,5.17372312364741));
#2909=CARTESIAN_POINT('Ctrl Pts',(-7.13485056513202,-9.84651521396262,5.16934687366367));
#2910=CARTESIAN_POINT('Ctrl Pts',(-7.12199659500335,-9.88090640076209,5.16609710010688));
#2911=CARTESIAN_POINT('Ctrl Pts',(-7.1117254217321,-9.9065727047349,5.16409209742269));
#2912=CARTESIAN_POINT('Ctrl Pts',(-7.10419480722844,-9.92273414260817,5.16379498002081));
#2913=CARTESIAN_POINT('Ctrl Pts',(-7.10050649579239,-9.93068118863734,5.16360771210165));
#2914=CARTESIAN_POINT('Ctrl Pts',(-7.09571017150816,-9.93902983751421,5.16433602599346));
#2915=CARTESIAN_POINT('Ctrl Pts',(-7.09561263349708,-9.93993371886921,5.16397818282802));
#2916=CARTESIAN_POINT('Ctrl Pts',(-7.08901994378109,-9.94967391985567,5.16584491437329));
#2917=CARTESIAN_POINT('',(-7.81115554500048,-0.154017807076956,6.1535209378885));
#2918=CARTESIAN_POINT('Ctrl Pts',(-7.81115554500049,-0.154017807076031,
6.15352093788858));
#2919=CARTESIAN_POINT('Ctrl Pts',(-7.81113965441888,-0.155369072976005,
6.15341443140877));
#2920=CARTESIAN_POINT('Ctrl Pts',(-7.81109231522546,-0.159389853865808,
6.15309747413011));
#2921=CARTESIAN_POINT('Ctrl Pts',(-7.81104489360828,-0.163415886095773,
6.15277970344124));
#2922=CARTESIAN_POINT('Ctrl Pts',(-7.81101330333445,-0.166081185241435,
6.15256951542757));
#2923=CARTESIAN_POINT('Ctrl Pts',(-7.81101328893306,-0.166082400298872,
6.15256941960697));
#2924=CARTESIAN_POINT('Ctrl Pts',(-7.81101327453166,-0.166083615356285,
6.15256932378636));
#2925=CARTESIAN_POINT('',(-7.81639080390559,0.484128204828132,6.204872465692));
#2926=CARTESIAN_POINT('Ctrl Pts',(-7.8163908039138,0.484128202405657,6.20487246542781));
#2927=CARTESIAN_POINT('Ctrl Pts',(-7.81637143583065,0.479854210217892,6.20451825943537));
#2928=CARTESIAN_POINT('Ctrl Pts',(-7.81625511695499,0.454614555718981,6.20242813978439));
#2929=CARTESIAN_POINT('Ctrl Pts',(-7.81602121460196,0.408402783945585,6.19861844095957));
#2930=CARTESIAN_POINT('Ctrl Pts',(-7.81565611582576,0.345483296928062,6.19346718049218));
#2931=CARTESIAN_POINT('Ctrl Pts',(-7.81524495094552,0.282552718705786,6.18834797015996));
#2932=CARTESIAN_POINT('Ctrl Pts',(-7.81478830081141,0.219614115428012,6.18325824158539));
#2933=CARTESIAN_POINT('Ctrl Pts',(-7.81428666984993,0.156671581251157,6.17819559817769));
#2934=CARTESIAN_POINT('Ctrl Pts',(-7.81374052779884,0.0937253082396272,
6.17315725019983));
#2935=CARTESIAN_POINT('Ctrl Pts',(-7.81315441705414,0.0312207372083038,
6.16817599151182));
#2936=CARTESIAN_POINT('Ctrl Pts',(-7.81273632044282,-0.010301948085155,
6.16487966980303));
#2937=CARTESIAN_POINT('Ctrl Pts',(-7.81251784885297,-0.0312737135913371,
6.16321789391586));
#2938=CARTESIAN_POINT('Ctrl Pts',(-7.81229469827009,-0.0526798526485336,
6.16152175209145));
#2939=CARTESIAN_POINT('Ctrl Pts',(-7.81185185002605,-0.0936874733578974,
6.15827966213844));
#2940=CARTESIAN_POINT('Ctrl Pts',(-7.81138689615771,-0.134344711566074,
6.15507156693187));
#2941=CARTESIAN_POINT('Ctrl Pts',(-7.81115554500048,-0.154017807076955,
6.1535209378885));
#2942=CARTESIAN_POINT('Ctrl Pts',(-7.12519090270297,9.14652126975694,7.3763734192417));
#2943=CARTESIAN_POINT('Ctrl Pts',(-7.14952464328277,9.07817336580757,7.3599944004972));
#2944=CARTESIAN_POINT('Ctrl Pts',(-7.17202320152732,9.0113941103285,7.34393640291164));
#2945=CARTESIAN_POINT('Ctrl Pts',(-7.36993619546567,8.38749132096779,7.19786274257702));
#2946=CARTESIAN_POINT('Ctrl Pts',(-7.55829337423835,7.31298536226259,6.99698542975453));
#2947=CARTESIAN_POINT('Ctrl Pts',(-7.73502329245952,5.22722006592336,6.7056886137304));
#2948=CARTESIAN_POINT('Ctrl Pts',(-7.77040673982967,3.69069694893089,6.54085454160779));
#2949=CARTESIAN_POINT('Ctrl Pts',(-7.80033138392804,2.10931185702223,6.37293227847626));
#2950=CARTESIAN_POINT('Ctrl Pts',(-7.80776624407137,1.55174903203242,6.31475452537862));
#2951=CARTESIAN_POINT('Ctrl Pts',(-7.81538249702849,0.824018701611988,6.23744683954411));
#2952=CARTESIAN_POINT('Ctrl Pts',(-7.81697441888973,0.654347821292205,6.21932567482512));
#2953=CARTESIAN_POINT('Ctrl Pts',(-7.81839013892141,0.484560060265115,6.20102126449004));
#2954=CARTESIAN_POINT('Ctrl Pts',(-5.51022927426186,-11.7650164262002,4.97805237539939));
#2955=CARTESIAN_POINT('Ctrl Pts',(-5.53935526878163,-11.8080460942885,4.91323404874249));
#2956=CARTESIAN_POINT('Ctrl Pts',(-5.57011199239125,-11.8533307642511,4.84360033229941));
#2957=CARTESIAN_POINT('Ctrl Pts',(-5.75895011861138,-12.1303519722211,4.40826250037159));
#2958=CARTESIAN_POINT('Ctrl Pts',(-5.91318133596015,-12.3519451499432,4.01685526262616));
#2959=CARTESIAN_POINT('Ctrl Pts',(-6.22310212076998,-12.7849084743672,3.13539110122347));
#2960=CARTESIAN_POINT('Ctrl Pts',(-6.37972506478237,-12.9946664457205,2.62020026251053));
#2961=CARTESIAN_POINT('Ctrl Pts',(-6.68011727999736,-13.3793671637436,1.49671789710438));
#2962=CARTESIAN_POINT('Ctrl Pts',(-6.82245825553946,-13.5493271204282,0.869514296222747));
#2963=CARTESIAN_POINT('Ctrl Pts',(-6.95100911582919,-13.6949268902419,0.242250074149874));
#2964=CARTESIAN_POINT('Ctrl Pts',(-5.95211381785551,-11.5773139503139,4.97554806876153));
#2965=CARTESIAN_POINT('Ctrl Pts',(-5.98500132640311,-11.6231945332556,4.90802599650791));
#2966=CARTESIAN_POINT('Ctrl Pts',(-6.01969491699777,-11.6714436036133,4.83549453682666));
#2967=CARTESIAN_POINT('Ctrl Pts',(-6.23247522426049,-11.9664221637771,4.38220767745866));
#2968=CARTESIAN_POINT('Ctrl Pts',(-6.4052093210538,-12.2015827779374,3.97545416036595));
#2969=CARTESIAN_POINT('Ctrl Pts',(-6.75074299980594,-12.6632175252209,3.06812215926149));
#2970=CARTESIAN_POINT('Ctrl Pts',(-6.9242251867467,-12.8885459246871,2.54358184657823));
#2971=CARTESIAN_POINT('Ctrl Pts',(-7.25436437687037,-13.3114481569623,1.42347220542158));
#2972=CARTESIAN_POINT('Ctrl Pts',(-7.40898426811342,-13.5054132199048,0.812930905489296));
#2973=CARTESIAN_POINT('Ctrl Pts',(-7.54622623028653,-13.6824227865859,0.225646045862209));
#2974=CARTESIAN_POINT('Ctrl Pts',(-6.58635735103417,-11.0905613035712,4.97253415476665));
#2975=CARTESIAN_POINT('Ctrl Pts',(-6.62469399138294,-11.1369438433577,4.89966043934022));
#2976=CARTESIAN_POINT('Ctrl Pts',(-6.66518786176873,-11.1856979468947,4.82147205544853));
#2977=CARTESIAN_POINT('Ctrl Pts',(-6.91392198177764,-11.48360457337,4.3336034945078));
#2978=CARTESIAN_POINT('Ctrl Pts',(-7.11758486314008,-11.7203357819393,3.89932863149751));
#2979=CARTESIAN_POINT('Ctrl Pts',(-7.53102653691185,-12.1832751453071,2.94754773161313));
#2980=CARTESIAN_POINT('Ctrl Pts',(-7.7431367670231,-12.4079973070246,2.40867681718647));
#2981=CARTESIAN_POINT('Ctrl Pts',(-8.16067078060059,-12.826105335809,1.29795857619339));
#2982=CARTESIAN_POINT('Ctrl Pts',(-8.36611413198177,-13.0152913418449,0.71789112987839));
#2983=CARTESIAN_POINT('Ctrl Pts',(-8.5601849589051,-13.183804945637,0.197846417398006));
#2984=CARTESIAN_POINT('Ctrl Pts',(-6.96719426838688,-10.3238783656374,5.08389383319568));
#2985=CARTESIAN_POINT('Ctrl Pts',(-7.00549690877356,-10.3655393460032,5.01311716985304));
#2986=CARTESIAN_POINT('Ctrl Pts',(-7.04592990567417,-10.4093027359924,4.93714763270472));
#2987=CARTESIAN_POINT('Ctrl Pts',(-7.29413852658765,-10.6765163147588,4.46279596479748));
#2988=CARTESIAN_POINT('Ctrl Pts',(-7.49666628882031,-10.8879183875259,4.03901304692692));
#2989=CARTESIAN_POINT('Ctrl Pts',(-7.90652277523818,-11.2978076456586,3.09957487345532));
#2990=CARTESIAN_POINT('Ctrl Pts',(-8.11591720693399,-11.4941916957313,2.56049218059014));
#2991=CARTESIAN_POINT('Ctrl Pts',(-8.528331033308,-11.8532083584759,1.42038559799494));
#2992=CARTESIAN_POINT('Ctrl Pts',(-8.7314576818735,-12.0110914402419,0.805911913283216));
#2993=CARTESIAN_POINT('Ctrl Pts',(-8.92548056634173,-12.1472441567258,0.223380227689168));
#2994=CARTESIAN_POINT('Ctrl Pts',(-7.08791117780798,-9.94849871607613,5.16784571110809));
#2995=CARTESIAN_POINT('Ctrl Pts',(-7.12523057397843,-9.98805584442543,5.10051360540368));
#2996=CARTESIAN_POINT('Ctrl Pts',(-7.1646291898025,-10.0296515910888,5.02817022529089));
#2997=CARTESIAN_POINT('Ctrl Pts',(-7.40646659373757,-10.2838920246756,4.57585301219776));
#2998=CARTESIAN_POINT('Ctrl Pts',(-7.60368299410281,-10.4862339176533,4.168966419993));
#2999=CARTESIAN_POINT('Ctrl Pts',(-7.99990297136087,-10.8798402030438,3.25292441128217));
#3000=CARTESIAN_POINT('Ctrl Pts',(-8.20020060972064,-11.0693845368329,2.71783019684464));
#3001=CARTESIAN_POINT('Ctrl Pts',(-8.58573192333449,-11.4163704596313,1.55187761502419));
#3002=CARTESIAN_POINT('Ctrl Pts',(-8.7694592396991,-11.5692985878982,0.90151043259878));
#3003=CARTESIAN_POINT('Ctrl Pts',(-8.9363472113927,-11.7004031238412,0.251162099908106));
#3004=CARTESIAN_POINT('',(-5.69954305327494,-12.0425902220391,4.54050075888827));
#3005=CARTESIAN_POINT('Ctrl Pts',(-5.69954305327494,-12.0425902220391,4.54050075888827));
#3006=CARTESIAN_POINT('Ctrl Pts',(-5.82502874543783,-12.225109607704,4.23916892770468));
#3007=CARTESIAN_POINT('Ctrl Pts',(-6.12608090151922,-12.6551790914919,3.4561231920615));
#3008=CARTESIAN_POINT('Ctrl Pts',(-6.5595440853124,-13.2353433165554,2.0275793226212));
#3009=CARTESIAN_POINT('Ctrl Pts',(-6.82185252903655,-13.5486037985669,0.872182845690599));
#3010=CARTESIAN_POINT('Ctrl Pts',(-6.95017946001557,-13.6939870822273,0.246297456611187));
#3011=CARTESIAN_POINT('Ctrl Pts',(-7.08901994378109,-9.94967391985567,5.16584491437329));
#3012=CARTESIAN_POINT('Ctrl Pts',(-7.08026243207216,-9.97589087251974,5.16036121955657));
#3013=CARTESIAN_POINT('Ctrl Pts',(-7.04665811875364,-10.0743923958827,5.13981741078333));
#3014=CARTESIAN_POINT('Ctrl Pts',(-6.98358272977364,-10.2453787907087,5.10430573086689));
#3015=CARTESIAN_POINT('Ctrl Pts',(-6.89362638499357,-10.4622675795915,5.05834352718732));
#3016=CARTESIAN_POINT('Ctrl Pts',(-6.82341095338003,-10.6128521308103,5.02496557878312));
#3017=CARTESIAN_POINT('Ctrl Pts',(-6.75266454119573,-10.7548453629016,4.99228050162598));
#3018=CARTESIAN_POINT('Ctrl Pts',(-6.67932704685885,-10.8938484918312,4.95916721421508));
#3019=CARTESIAN_POINT('Ctrl Pts',(-6.56303034974696,-11.0908631958343,4.90816724155901));
#3020=CARTESIAN_POINT('Ctrl Pts',(-6.43396480464499,-11.2849920841354,4.85248649406914));
#3021=CARTESIAN_POINT('Ctrl Pts',(-6.32583084420998,-11.4290867813032,4.80617570545257));
#3022=CARTESIAN_POINT('Ctrl Pts',(-6.26113321583023,-11.5082190996865,4.77853152912548));
#3023=CARTESIAN_POINT('Ctrl Pts',(-6.23441539211281,-11.5402056968335,4.76712183856524));
#3024=CARTESIAN_POINT('Ctrl Pts',(-6.22355034611365,-11.5530294105018,4.7624834815418));
#3025=CARTESIAN_POINT('Ctrl Pts',(-6.19108698678515,-11.5907869486791,4.74862931101311));
#3026=CARTESIAN_POINT('Ctrl Pts',(-6.12144372166636,-11.66952316134,4.71892266143707));
#3027=CARTESIAN_POINT('Ctrl Pts',(-5.99809202305947,-11.7964577495038,4.66638854599533));
#3028=CARTESIAN_POINT('Ctrl Pts',(-5.84757197473721,-11.9306155096728,4.60258974117138));
#3029=CARTESIAN_POINT('Ctrl Pts',(-5.74537377234664,-12.009571002509,4.55964422462629));
#3030=CARTESIAN_POINT('Ctrl Pts',(-5.69954305327494,-12.0425902220391,4.54050075888827));
#3031=CARTESIAN_POINT('Ctrl Pts',(5.69964146289929,-12.0425809294383,4.5405439345339));
#3032=CARTESIAN_POINT('Ctrl Pts',(5.82514065182779,-12.2251008445667,4.23921894754676));
#3033=CARTESIAN_POINT('Ctrl Pts',(6.12621772843134,-12.6551755338461,3.45617787383303));
#3034=CARTESIAN_POINT('Ctrl Pts',(6.56953380023288,-13.2485550327522,1.99508799311921));
#3035=CARTESIAN_POINT('Ctrl Pts',(6.83744344528145,-13.5671168994903,0.803435498563347));
#3036=CARTESIAN_POINT('Ctrl Pts',(6.97144388145565,-13.7179884414372,0.142029270432464));
#3037=CARTESIAN_POINT('Ctrl Pts',(5.63849484909971,-12.0648553558566,4.54322967271629));
#3038=CARTESIAN_POINT('Ctrl Pts',(5.7619494063355,-12.2458488551067,4.24348667319061));
#3039=CARTESIAN_POINT('Ctrl Pts',(6.058328561357,-12.6724169123152,3.46425636869336));
#3040=CARTESIAN_POINT('Ctrl Pts',(6.49538740999228,-13.2600059556903,2.00662081557826));
#3041=CARTESIAN_POINT('Ctrl Pts',(6.76029171579105,-13.5725476537994,0.810625892558083));
#3042=CARTESIAN_POINT('Ctrl Pts',(6.89314256380197,-13.7189626479286,0.143344139447268));
#3043=CARTESIAN_POINT('Ctrl Pts',(5.49098368434163,-12.1148080636758,4.54796014395261));
#3044=CARTESIAN_POINT('Ctrl Pts',(5.60830684927711,-12.2920805712401,4.25137031856642));
#3045=CARTESIAN_POINT('Ctrl Pts',(5.8892186410163,-12.7095671278483,3.4798530173608));
#3046=CARTESIAN_POINT('Ctrl Pts',(6.30174935017347,-13.2827945653678,2.03062994497987));
#3047=CARTESIAN_POINT('Ctrl Pts',(6.55303043496891,-13.5828432705236,0.825966757380392));
#3048=CARTESIAN_POINT('Ctrl Pts',(6.68087435729535,-13.7208136766788,0.146175785616688));
#3049=CARTESIAN_POINT('Ctrl Pts',(4.82957731272915,-12.3139404684186,4.56563249039315));
#3050=CARTESIAN_POINT('Ctrl Pts',(4.91900698963881,-12.4759327883357,4.28135408784433));
#3051=CARTESIAN_POINT('Ctrl Pts',(5.12800821644857,-12.8552777153607,3.53967353268167));
#3052=CARTESIAN_POINT('Ctrl Pts',(5.42246935788441,-13.3695293054447,2.12532740516947));
#3053=CARTESIAN_POINT('Ctrl Pts',(5.60640681719,-13.6220922046487,0.888293935932966));
#3054=CARTESIAN_POINT('Ctrl Pts',(5.70947800047003,-13.7277874028186,0.157533716194933));
#3055=CARTESIAN_POINT('Ctrl Pts',(3.10179354040547,-12.6304420312934,4.61149755454809));
#3056=CARTESIAN_POINT('Ctrl Pts',(3.13576184946014,-12.7664238414361,4.35098165283401));
#3057=CARTESIAN_POINT('Ctrl Pts',(3.20505667638055,-13.0841549864199,3.66672290862456));
#3058=CARTESIAN_POINT('Ctrl Pts',(3.27665418815625,-13.5169885155485,2.32280952426827));
#3059=CARTESIAN_POINT('Ctrl Pts',(3.3259370478955,-13.6966467580794,1.01776029278398));
#3060=CARTESIAN_POINT('Ctrl Pts',(3.36950502429182,-13.7412032439083,0.181227288432046));
#3061=CARTESIAN_POINT('Ctrl Pts',(0.853403598970432,-12.6666843672261,4.65739610817865));
#3062=CARTESIAN_POINT('Ctrl Pts',(0.862866966833159,-12.7976520648198,4.40975769193994));
#3063=CARTESIAN_POINT('Ctrl Pts',(0.884746345293118,-13.1115334629531,3.75529714594879));
#3064=CARTESIAN_POINT('Ctrl Pts',(0.914070329585485,-13.5650688431767,2.44584513504962));
#3065=CARTESIAN_POINT('Ctrl Pts',(0.927665385982098,-13.7379100647465,1.09718296318353));
#3066=CARTESIAN_POINT('Ctrl Pts',(0.932366909573294,-13.7487744217603,0.195584638244702));
#3067=CARTESIAN_POINT('Ctrl Pts',(-0.853392175256214,-12.6666842108926,
4.65739145780857));
#3068=CARTESIAN_POINT('Ctrl Pts',(-0.86285543856003,-12.7976518725294,4.40975240701854));
#3069=CARTESIAN_POINT('Ctrl Pts',(-0.88473458377881,-13.1115331723095,3.75529107868373));
#3070=CARTESIAN_POINT('Ctrl Pts',(-0.914058302714121,-13.5650684765167,
2.44584052882502));
#3071=CARTESIAN_POINT('Ctrl Pts',(-0.927653232378784,-13.7379098393822,
1.09718111390129));
#3072=CARTESIAN_POINT('Ctrl Pts',(-0.932354701972258,-13.7487743806743,
0.195584309984639));
#3073=CARTESIAN_POINT('Ctrl Pts',(-3.10175080211577,-12.6304424930934,4.61148182835063));
#3074=CARTESIAN_POINT('Ctrl Pts',(-3.13571536779052,-12.7664239022791,4.35096374125323));
#3075=CARTESIAN_POINT('Ctrl Pts',(-3.20500390223896,-13.0841540969296,3.66670222767176));
#3076=CARTESIAN_POINT('Ctrl Pts',(-3.27660698792867,-13.5169872098936,2.32279436122131));
#3077=CARTESIAN_POINT('Ctrl Pts',(-3.32590786505397,-13.6966461873809,1.01775416790344));
#3078=CARTESIAN_POINT('Ctrl Pts',(-3.36948756701835,-13.74120314137,0.18122620399879));
#3079=CARTESIAN_POINT('Ctrl Pts',(-4.82950209916683,-12.3139428596905,4.56560529432926));
#3080=CARTESIAN_POINT('Ctrl Pts',(-4.9189219031864,-12.4759342253585,4.28132311055575));
#3081=CARTESIAN_POINT('Ctrl Pts',(-5.12790648672921,-12.8552768975848,3.53963769662894));
#3082=CARTESIAN_POINT('Ctrl Pts',(-5.42238177043118,-13.3695274158457,2.1253015517643));
#3083=CARTESIAN_POINT('Ctrl Pts',(-5.60636657737363,-13.6220915313976,0.888283459031371));
#3084=CARTESIAN_POINT('Ctrl Pts',(-5.70946910466769,-13.7277872853606,0.157531863395359));
#3085=CARTESIAN_POINT('Ctrl Pts',(-5.49089051197958,-12.1148121999,4.54792656669043));
#3086=CARTESIAN_POINT('Ctrl Pts',(-5.60820076685996,-12.2920834594375,4.25133210266157));
#3087=CARTESIAN_POINT('Ctrl Pts',(-5.88909085657537,-12.7095670537188,3.47980885953868));
#3088=CARTESIAN_POINT('Ctrl Pts',(-6.30163953643026,-13.2827927918211,2.03059808686176));
#3089=CARTESIAN_POINT('Ctrl Pts',(-6.55298179866392,-13.5828426658859,0.825953844721553));
#3090=CARTESIAN_POINT('Ctrl Pts',(-6.68086655729654,-13.7208135714836,0.146173502337319));
#3091=CARTESIAN_POINT('Ctrl Pts',(-5.63839670214229,-12.0648601462094,4.54319424984733));
#3092=CARTESIAN_POINT('Ctrl Pts',(-5.76183755552938,-12.245852316475,4.24344637171347));
#3093=CARTESIAN_POINT('Ctrl Pts',(-6.05819368254877,-12.6724172084902,3.46420982828015));
#3094=CARTESIAN_POINT('Ctrl Pts',(-6.49527130449899,-13.2600043119587,2.00658720932506));
#3095=CARTESIAN_POINT('Ctrl Pts',(-6.76024013277648,-13.572547091369,0.810612271904917));
#3096=CARTESIAN_POINT('Ctrl Pts',(-6.89313420083906,-13.7189625502812,0.143341731062336));
#3097=CARTESIAN_POINT('Ctrl Pts',(-5.69954031396205,-12.0425862376982,4.54050733686289));
#3098=CARTESIAN_POINT('Ctrl Pts',(-5.82502539368133,-12.2251047776992,4.23917732373957));
#3099=CARTESIAN_POINT('Ctrl Pts',(-6.12607876649443,-12.655176183116,3.45612983730987));
#3100=CARTESIAN_POINT('Ctrl Pts',(-6.56941384107837,-13.2485535454151,1.99505325965671));
#3101=CARTESIAN_POINT('Ctrl Pts',(-6.83738946419986,-13.5671163822238,0.803421422902057));
#3102=CARTESIAN_POINT('Ctrl Pts',(-6.97143424411154,-13.7179883514673,0.142026781625144));
#3103=CARTESIAN_POINT('',(5.69964146289943,-12.0425809294383,4.54054393453389));
#3104=CARTESIAN_POINT('Ctrl Pts',(5.69964146289931,-12.0425809294383,4.54054393453388));
#3105=CARTESIAN_POINT('Ctrl Pts',(5.82514065182781,-12.2251008445667,4.23921894754675));
#3106=CARTESIAN_POINT('Ctrl Pts',(6.12621580802283,-12.655172787914,3.45618284809569));
#3107=CARTESIAN_POINT('Ctrl Pts',(6.55966257938171,-13.2353425103021,2.02762274192214));
#3108=CARTESIAN_POINT('Ctrl Pts',(6.82190995079972,-13.5486040507706,0.872200096200146));
#3109=CARTESIAN_POINT('Ctrl Pts',(6.95019718055407,-13.6939885510742,0.246296127470718));
#3110=CARTESIAN_POINT('',(-1.05843365927822E-6,-13.3315293945319,3.07771057342568));
#3111=CARTESIAN_POINT('Ctrl Pts',(-1.05843368523509E-6,-13.3315293945319,
3.07771057342568));
#3112=CARTESIAN_POINT('Ctrl Pts',(0.112311904826913,-13.3315296821237,3.07771005064144));
#3113=CARTESIAN_POINT('Ctrl Pts',(0.350420572395269,-13.3283536376234,3.08439959747205));
#3114=CARTESIAN_POINT('Ctrl Pts',(0.730698092283429,-13.3136466624464,3.1154229000499));
#3115=CARTESIAN_POINT('Ctrl Pts',(1.16352361690421,-13.2862634612921,3.17148843457129));
#3116=CARTESIAN_POINT('Ctrl Pts',(1.65656997316219,-13.2431481719019,3.25478742258617));
#3117=CARTESIAN_POINT('Ctrl Pts',(2.20689490782659,-13.1810008323939,3.36537018964686));
#3118=CARTESIAN_POINT('Ctrl Pts',(2.79972216694398,-13.0960382630262,3.50210829405264));
#3119=CARTESIAN_POINT('Ctrl Pts',(3.30429387113241,-13.0033464217379,3.63555404407281));
#3120=CARTESIAN_POINT('Ctrl Pts',(3.60893085016739,-12.9343189427245,3.72568024226963));
#3121=CARTESIAN_POINT('Ctrl Pts',(3.81543808254701,-12.8840554204196,3.78912897094519));
#3122=CARTESIAN_POINT('Ctrl Pts',(4.12485786189511,-12.8029052473297,3.88794088722913));
#3123=CARTESIAN_POINT('Ctrl Pts',(4.61052934233075,-12.6445445004189,4.06227492345052));
#3124=CARTESIAN_POINT('Ctrl Pts',(5.1191999671269,-12.4168061272405,4.27246779372145));
#3125=CARTESIAN_POINT('Ctrl Pts',(5.44338683533354,-12.2230512956761,4.42252441465057));
#3126=CARTESIAN_POINT('Ctrl Pts',(5.62195136582913,-12.0986294605841,4.50616457790684));
#3127=CARTESIAN_POINT('Ctrl Pts',(5.67024209748284,-12.0634660061705,4.52864698186142));
#3128=CARTESIAN_POINT('Ctrl Pts',(5.69964146289943,-12.0425809294383,4.54054393453389));
#3129=CARTESIAN_POINT('Ctrl Pts',(-5.69954305329108,-12.0425902220273,4.54050075889524));
#3130=CARTESIAN_POINT('Ctrl Pts',(-5.67073180286288,-12.0630561771782,4.52884402017914));
#3131=CARTESIAN_POINT('Ctrl Pts',(-5.623341030696,-12.0975668625726,4.50680745945343));
#3132=CARTESIAN_POINT('Ctrl Pts',(-5.45354769995381,-12.2160265464002,4.42730319608832));
#3133=CARTESIAN_POINT('Ctrl Pts',(-5.15138991832852,-12.398521995598,4.2871316588995));
#3134=CARTESIAN_POINT('Ctrl Pts',(-4.65753469458876,-12.6263820600459,4.08062101203992));
#3135=CARTESIAN_POINT('Ctrl Pts',(-4.16305925169378,-12.7922835064873,3.90053020078693));
#3136=CARTESIAN_POINT('Ctrl Pts',(-3.83037629985376,-12.8803934924132,3.79373516310526));
#3137=CARTESIAN_POINT('Ctrl Pts',(-3.5952162779958,-12.9376289903566,3.72148416010763));
#3138=CARTESIAN_POINT('Ctrl Pts',(-3.251034657565,-13.0148119500728,3.62020716576399));
#3139=CARTESIAN_POINT('Ctrl Pts',(-2.68977424588773,-13.1142387350386,3.4746037914243));
#3140=CARTESIAN_POINT('Ctrl Pts',(-2.05108519995003,-13.2005188093085,3.33200403218579));
#3141=CARTESIAN_POINT('Ctrl Pts',(-1.48745293243866,-13.2594034736721,3.22412059115837));
#3142=CARTESIAN_POINT('Ctrl Pts',(-1.00922297625902,-13.2971775021984,3.14941548483389));
#3143=CARTESIAN_POINT('Ctrl Pts',(-0.611243615236142,-13.3190635148545,
3.1040241665291));
#3144=CARTESIAN_POINT('Ctrl Pts',(-0.283789904535251,-13.3294885489581,
3.08199592586284));
#3145=CARTESIAN_POINT('Ctrl Pts',(-0.0877286964613543,-13.3315291698939,
3.07771098177237));
#3146=CARTESIAN_POINT('Ctrl Pts',(-1.05843365859975E-6,-13.3315293945319,
3.07771057342568));
#3147=CARTESIAN_POINT('Origin',(-3.33066907387547E-15,-1.38777878078145E-15,
-4.16333634234434E-16));
#3148=CARTESIAN_POINT('',(8.15429507615651,8.24400226334676E-6,-3.46944695195361E-16));
#3149=CARTESIAN_POINT('Ctrl Pts',(8.15429507615651,8.24400220644783E-6,
-4.16333634234434E-16));
#3150=CARTESIAN_POINT('Ctrl Pts',(8.15915239687215,2.14103761435975,-4.16333634234434E-16));
#3151=CARTESIAN_POINT('Ctrl Pts',(8.17547224448479,4.28166209036826,-4.16333634234433E-16));
#3152=CARTESIAN_POINT('Ctrl Pts',(8.14690700140498,8.20034993054389,-4.16333634234434E-16));
#3153=CARTESIAN_POINT('Ctrl Pts',(8.0460490950152,9.8197201211306,-4.16333634234433E-16));
#3154=CARTESIAN_POINT('Ctrl Pts',(7.5157681179632,11.4663957220593,-4.16333634234433E-16));
#3155=CARTESIAN_POINT('Ctrl Pts',(7.24628840184444,11.8217635731134,-4.16333634234433E-16));
#3156=CARTESIAN_POINT('Ctrl Pts',(6.72581216083299,12.1551560331146,-4.16333634234433E-16));
#3157=CARTESIAN_POINT('Ctrl Pts',(6.6396912306159,12.2026822542473,-4.16333634234433E-16));
#3158=CARTESIAN_POINT('Ctrl Pts',(6.46051184006211,12.2883346754536,-4.16333634234433E-16));
#3159=CARTESIAN_POINT('Ctrl Pts',(6.27725969232767,12.3655151040858,-4.16333634234433E-16));
#3160=CARTESIAN_POINT('Ctrl Pts',(6.06794016261179,12.4343088038621,-4.16333634234433E-16));
#3161=CARTESIAN_POINT('Ctrl Pts',(5.55945745337627,12.582045181326,-4.16333634234433E-16));
#3162=CARTESIAN_POINT('Ctrl Pts',(5.0787176356955,12.6708070908942,-4.16333634234433E-16));
#3163=CARTESIAN_POINT('Ctrl Pts',(3.26702971565604,12.8709732154334,-4.16333634234433E-16));
#3164=CARTESIAN_POINT('Ctrl Pts',(1.63548298800811,12.9054405724502,-4.16333634234434E-16));
#3165=CARTESIAN_POINT('Ctrl Pts',(-0.325612378669467,12.9007324593833,-4.16333634234434E-16));
#3166=CARTESIAN_POINT('Ctrl Pts',(-0.651395158017587,12.8984287308966,-4.16333634234434E-16));
#3167=CARTESIAN_POINT('Ctrl Pts',(-2.90250924513692,12.8753284260009,-4.16333634234434E-16));
#3168=CARTESIAN_POINT('Ctrl Pts',(-4.67639612639035,12.7993248103466,-4.16333634234433E-16));
#3169=CARTESIAN_POINT('Ctrl Pts',(-5.84805328028852,12.5006564525881,-4.16333634234433E-16));
#3170=CARTESIAN_POINT('Ctrl Pts',(-5.90820855178065,12.4843389119408,-4.16333634234433E-16));
#3171=CARTESIAN_POINT('Ctrl Pts',(-6.07653669263091,12.4356756690888,-4.16333634234433E-16));
#3172=CARTESIAN_POINT('Ctrl Pts',(-6.28201508796645,12.3685341711191,-4.16333634234433E-16));
#3173=CARTESIAN_POINT('Ctrl Pts',(-6.46063740293617,12.2932805393588,-4.16333634234433E-16));
#3174=CARTESIAN_POINT('Ctrl Pts',(-6.86827831754465,12.0978358084471,-4.16333634234433E-16));
#3175=CARTESIAN_POINT('Ctrl Pts',(-7.1032148376089,11.9066981767077,-4.16333634234433E-16));
#3176=CARTESIAN_POINT('Ctrl Pts',(-7.63585620869038,11.2266172550665,-4.16333634234434E-16));
#3177=CARTESIAN_POINT('Ctrl Pts',(-7.88039550705979,10.5172346711412,-4.16333634234434E-16));
#3178=CARTESIAN_POINT('Ctrl Pts',(-8.17354998074746,8.03069679766973,-4.16333634234434E-16));
#3179=CARTESIAN_POINT('Ctrl Pts',(-8.17180697561196,6.07539054780558,-4.16333634234434E-16));
#3180=CARTESIAN_POINT('Ctrl Pts',(-8.15710782243668,2.5854636915715,-4.16333634234434E-16));
#3181=CARTESIAN_POINT('Ctrl Pts',(-8.15661200268408,1.29288154903868,-4.16333634234434E-16));
#3182=CARTESIAN_POINT('Ctrl Pts',(-8.15954428488646,-1.71728236395067,-4.16333634234433E-16));
#3183=CARTESIAN_POINT('Ctrl Pts',(-8.16431382601528,-3.43515617579573,-4.16333634234434E-16));
#3184=CARTESIAN_POINT('Ctrl Pts',(-8.16736203191904,-7.34093351675237,-4.16333634234434E-16));
#3185=CARTESIAN_POINT('Ctrl Pts',(-8.11984704586521,-9.22997133498428,-4.16333634234434E-16));
#3186=CARTESIAN_POINT('Ctrl Pts',(-7.65557593451369,-11.185183594794,-4.16333634234434E-16));
#3187=CARTESIAN_POINT('Ctrl Pts',(-7.39750726956683,-11.6282009493132,-4.16333634234434E-16));
#3188=CARTESIAN_POINT('Ctrl Pts',(-6.8887915649921,-12.0572597178256,-4.16333634234434E-16));
#3189=CARTESIAN_POINT('Ctrl Pts',(-6.73041433698856,-12.1584539244335,-4.16333634234434E-16));
#3190=CARTESIAN_POINT('Ctrl Pts',(-6.45822087046896,-12.2897466793102,-4.16333634234435E-16));
#3191=CARTESIAN_POINT('Ctrl Pts',(-6.27680292212148,-12.3671079311841,-4.16333634234435E-16));
#3192=CARTESIAN_POINT('Ctrl Pts',(-6.07018283774253,-12.4357764125265,-4.16333634234434E-16));
#3193=CARTESIAN_POINT('Ctrl Pts',(-5.7172527923129,-12.5391005733835,-4.16333634234434E-16));
#3194=CARTESIAN_POINT('Ctrl Pts',(-5.44178697923448,-12.5997863897414,-4.16333634234434E-16));
#3195=CARTESIAN_POINT('Ctrl Pts',(-3.82360358692489,-12.8623846781445,-4.16333634234434E-16));
#3196=CARTESIAN_POINT('Ctrl Pts',(-1.92401157722184,-12.9000000410163,-4.16333634234434E-16));
#3197=CARTESIAN_POINT('Ctrl Pts',(0.821598462248406,-12.8999999120371,-4.16333634234434E-16));
#3198=CARTESIAN_POINT('Ctrl Pts',(1.64289086499497,-12.8907883305237,-4.16333634234434E-16));
#3199=CARTESIAN_POINT('Ctrl Pts',(3.87366123380477,-12.819855389996,-4.16333634234434E-16));
#3200=CARTESIAN_POINT('Ctrl Pts',(5.12268124509664,-12.7079407567862,-4.16333634234433E-16));
#3201=CARTESIAN_POINT('Ctrl Pts',(6.06011619357423,-12.4394524317507,-4.16333634234433E-16));
#3202=CARTESIAN_POINT('Ctrl Pts',(6.15176352578909,-12.4099214584691,-4.16333634234433E-16));
#3203=CARTESIAN_POINT('Ctrl Pts',(6.34993221568305,-12.3375911877508,-4.16333634234433E-16));
#3204=CARTESIAN_POINT('Ctrl Pts',(6.45284850594265,-12.2952661408586,-4.16333634234433E-16));
#3205=CARTESIAN_POINT('Ctrl Pts',(6.9802649555728,-12.046829565162,-4.16333634234433E-16));
#3206=CARTESIAN_POINT('Ctrl Pts',(7.24643545211045,-11.7936590885113,-4.16333634234433E-16));
#3207=CARTESIAN_POINT('Ctrl Pts',(7.78930126386511,-10.8404406086915,-4.16333634234433E-16));
#3208=CARTESIAN_POINT('Ctrl Pts',(7.99545512928873,-9.91904330927875,-4.16333634234434E-16));
#3209=CARTESIAN_POINT('Ctrl Pts',(8.1953097759853,-6.97616564558098,-4.16333634234434E-16));
#3210=CARTESIAN_POINT('Ctrl Pts',(8.16600328097146,-4.76719832966979,-4.16333634234434E-16));
#3211=CARTESIAN_POINT('Ctrl Pts',(8.15227542743817,-1.56582490986081,-4.16333634234434E-16));
#3212=CARTESIAN_POINT('Ctrl Pts',(8.15251900614001,-0.78285504457666,-4.16333634234434E-16));
#3213=CARTESIAN_POINT('Ctrl Pts',(8.15429507615651,8.24400226334676E-6,
-4.16333634234434E-16));
#3214=CARTESIAN_POINT('Ctrl Pts',(7.08906910623012,-9.94961198750352,5.16595513257402));
#3215=CARTESIAN_POINT('Ctrl Pts',(7.06267039925443,-10.0286477843785,5.14941672948052));
#3216=CARTESIAN_POINT('Ctrl Pts',(7.00413360600736,-10.1933945051394,5.11524323145535));
#3217=CARTESIAN_POINT('Ctrl Pts',(6.9056224708767,-10.436054338155,5.06415199304637));
#3218=CARTESIAN_POINT('Ctrl Pts',(6.82673028309148,-10.606232857733,5.02654206454511));
#3219=CARTESIAN_POINT('Ctrl Pts',(6.75470578067203,-10.7508844420338,4.99325229159226));
#3220=CARTESIAN_POINT('Ctrl Pts',(6.6874140527988,-10.8787619523791,4.96283308251724));
#3221=CARTESIAN_POINT('Ctrl Pts',(6.5861835141692,-11.0524340588204,4.918306640179));
#3222=CARTESIAN_POINT('Ctrl Pts',(6.4796322068235,-11.2177886826038,4.87216978435272));
#3223=CARTESIAN_POINT('Ctrl Pts',(6.36815997805518,-11.3744997238378,4.82429972505873));
#3224=CARTESIAN_POINT('Ctrl Pts',(6.28747989916945,-11.4767516156216,4.78979667298089));
#3225=CARTESIAN_POINT('Ctrl Pts',(6.24543546943527,-11.5271028940597,4.77184063652218));
#3226=CARTESIAN_POINT('Ctrl Pts',(6.23448875222119,-11.5402089150688,4.76716562357945));
#3227=CARTESIAN_POINT('Ctrl Pts',(6.22362439787798,-11.5530323312072,4.76252730262483));
#3228=CARTESIAN_POINT('Ctrl Pts',(6.18159276618223,-11.6019203917022,4.74458877178165));
#3229=CARTESIAN_POINT('Ctrl Pts',(6.10673665611216,-11.6855067449196,4.71266211858497));
#3230=CARTESIAN_POINT('Ctrl Pts',(5.98096257167991,-11.8121958554962,4.65912540090799));
#3231=CARTESIAN_POINT('Ctrl Pts',(5.84119196696371,-11.9356592424741,4.59991100298181));
#3232=CARTESIAN_POINT('Ctrl Pts',(5.74466185413127,-12.0101453735681,4.55934987646656));
#3233=CARTESIAN_POINT('Ctrl Pts',(5.69964146289945,-12.0425809294383,4.54054393453386));
#3234=CARTESIAN_POINT('Ctrl Pts',(6.95886315397988,-9.94616601955186,5.32022810713122));
#3235=CARTESIAN_POINT('Ctrl Pts',(6.93273020940954,-10.0246068940702,5.30272363781744));
#3236=CARTESIAN_POINT('Ctrl Pts',(6.87477163912488,-10.1878392650507,5.26606516265019));
#3237=CARTESIAN_POINT('Ctrl Pts',(6.77741822745784,-10.427458599231,5.21010344069519));
#3238=CARTESIAN_POINT('Ctrl Pts',(6.69974787524262,-10.5949565938106,5.16840748343888));
#3239=CARTESIAN_POINT('Ctrl Pts',(6.62903228989428,-10.7370910340973,5.13142035288189));
#3240=CARTESIAN_POINT('Ctrl Pts',(6.56309825376372,-10.8625728187909,5.09757844204227));
#3241=CARTESIAN_POINT('Ctrl Pts',(6.46433575198418,-11.0325801038633,5.04814556271285));
#3242=CARTESIAN_POINT('Ctrl Pts',(6.36084184088535,-11.1940730957417,4.9972289403079));
#3243=CARTESIAN_POINT('Ctrl Pts',(6.25304050876463,-11.3467844378978,4.94485239087737));
#3244=CARTESIAN_POINT('Ctrl Pts',(6.17536350609618,-11.4462007059981,4.90751999219136));
#3245=CARTESIAN_POINT('Ctrl Pts',(6.13497833805771,-11.4950989060991,4.88822668726893));
#3246=CARTESIAN_POINT('Ctrl Pts',(6.12446380015045,-11.5078265949406,4.88320365257753));
#3247=CARTESIAN_POINT('Ctrl Pts',(6.11403412578159,-11.5202762899055,4.87822877050009));
#3248=CARTESIAN_POINT('Ctrl Pts',(6.07370803619387,-11.567724694326,4.85902306686921));
#3249=CARTESIAN_POINT('Ctrl Pts',(6.0020015617558,-11.6487808090597,4.82501338257019));
#3250=CARTESIAN_POINT('Ctrl Pts',(5.88196479335644,-11.771388958311,4.76874084110873));
#3251=CARTESIAN_POINT('Ctrl Pts',(5.74910802425357,-11.8906247124354,4.70757853935602));
#3252=CARTESIAN_POINT('Ctrl Pts',(5.65764740243878,-11.9624638384863,4.66641906913001));
#3253=CARTESIAN_POINT('Ctrl Pts',(5.6150427130958,-11.9937411125249,4.64750199160078));
#3254=CARTESIAN_POINT('Ctrl Pts',(6.62410422273773,-9.89592034688099,5.54318052159046));
#3255=CARTESIAN_POINT('Ctrl Pts',(6.60010954282192,-9.97269706654148,5.52424109820817));
#3256=CARTESIAN_POINT('Ctrl Pts',(6.54728045624857,-10.1319762063004,5.48376861769167));
#3257=CARTESIAN_POINT('Ctrl Pts',(6.45964712418064,-10.3644967385122,5.42023058109194));
#3258=CARTESIAN_POINT('Ctrl Pts',(6.39040918620594,-10.5262818502868,5.37227989550645));
#3259=CARTESIAN_POINT('Ctrl Pts',(6.32763864388897,-10.663285897909,5.32972974743225));
#3260=CARTESIAN_POINT('Ctrl Pts',(6.26929332228306,-10.7840372075048,5.29080486363481));
#3261=CARTESIAN_POINT('Ctrl Pts',(6.18231555073871,-10.9472006464117,5.23432313036574));
#3262=CARTESIAN_POINT('Ctrl Pts',(6.09151925620209,-11.1018215609468,5.17681203457604));
#3263=CARTESIAN_POINT('Ctrl Pts',(5.99723517394517,-11.2476974914592,5.11852082501356));
#3264=CARTESIAN_POINT('Ctrl Pts',(5.92947788441753,-11.3424266927981,5.07771790114475));
#3265=CARTESIAN_POINT('Ctrl Pts',(5.89429276636037,-11.3889536101843,5.05686136568553));
#3266=CARTESIAN_POINT('Ctrl Pts',(5.88513202889526,-11.401064051554,5.05143159099624));
#3267=CARTESIAN_POINT('Ctrl Pts',(5.87604817036134,-11.4129054067979,5.04606844951718));
#3268=CARTESIAN_POINT('Ctrl Pts',(5.84093476661498,-11.4580186860099,5.02542325183717));
#3269=CARTESIAN_POINT('Ctrl Pts',(5.77854644361615,-11.5349998524589,4.98915470397202));
#3270=CARTESIAN_POINT('Ctrl Pts',(5.67428032331641,-11.6511054168087,4.93039229923577));
#3271=CARTESIAN_POINT('Ctrl Pts',(5.55904695034225,-11.7635910041935,4.86825805064814));
#3272=CARTESIAN_POINT('Ctrl Pts',(5.47976823810064,-11.8311205562062,4.82761807228558));
#3273=CARTESIAN_POINT('Ctrl Pts',(5.44283014852403,-11.8604792934216,4.80920509669473));
#3274=CARTESIAN_POINT('Ctrl Pts',(6.25078320588463,-9.78089557193794,5.54425091577779));
#3275=CARTESIAN_POINT('Ctrl Pts',(6.229711885839,-9.85548866285831,5.52661243919418));
#3276=CARTESIAN_POINT('Ctrl Pts',(6.1840486939343,-10.0098835635528,5.48897313960486));
#3277=CARTESIAN_POINT('Ctrl Pts',(6.11006542056281,-10.2345000246896,5.43008659445136));
#3278=CARTESIAN_POINT('Ctrl Pts',(6.05244983992013,-10.3904615727919,5.38581785273396));
#3279=CARTESIAN_POINT('Ctrl Pts',(6.00044962048084,-10.5224585982615,5.34662562075086));
#3280=CARTESIAN_POINT('Ctrl Pts',(5.95226623547952,-10.638745832623,5.31083656109404));
#3281=CARTESIAN_POINT('Ctrl Pts',(5.88065275371096,-10.7958179103098,5.25909357562969));
#3282=CARTESIAN_POINT('Ctrl Pts',(5.8059608206736,-10.9446316645441,5.2066180450637));
#3283=CARTESIAN_POINT('Ctrl Pts',(5.72837069441376,-11.0849761140639,5.15366848657305));
#3284=CARTESIAN_POINT('Ctrl Pts',(5.6725487463973,-11.1760379059053,5.11680464119307));
#3285=CARTESIAN_POINT('Ctrl Pts',(5.64353917726027,-11.2207278224248,5.09802629250134));
#3286=CARTESIAN_POINT('Ctrl Pts',(5.63598624201898,-11.2323600804059,5.09313762795404));
#3287=CARTESIAN_POINT('Ctrl Pts',(5.62849535196274,-11.2437313834413,5.08831312340483));
#3288=CARTESIAN_POINT('Ctrl Pts',(5.59953354149462,-11.2870433748066,5.06975857785732));
#3289=CARTESIAN_POINT('Ctrl Pts',(5.54804636096939,-11.3608962108537,5.03724708869991));
#3290=CARTESIAN_POINT('Ctrl Pts',(5.46187527162319,-11.4720019745253,4.98495260823059));
#3291=CARTESIAN_POINT('Ctrl Pts',(5.36646647802467,-11.5791608945576,4.93023014291788));
#3292=CARTESIAN_POINT('Ctrl Pts',(5.3006867468293,-11.6431129157808,4.89485410341685));
#3293=CARTESIAN_POINT('Ctrl Pts',(5.26999543866391,-11.6708212191962,4.87892496028679));
#3294=CARTESIAN_POINT('Ctrl Pts',(6.1116097828125,-9.73035689603227,5.51251356875709));
#3295=CARTESIAN_POINT('Ctrl Pts',(6.09143651897572,-9.80399774810851,5.49567159866869));
#3296=CARTESIAN_POINT('Ctrl Pts',(6.04799908449206,-9.95626124439251,5.45985799740336));
#3297=CARTESIAN_POINT('Ctrl Pts',(5.97835663316999,-10.1774133373847,5.40417344674089));
#3298=CARTESIAN_POINT('Ctrl Pts',(5.92452911770146,-10.3308021459115,5.36251957462969));
#3299=CARTESIAN_POINT('Ctrl Pts',(5.87608996461601,-10.4605767747725,5.32572206895654));
#3300=CARTESIAN_POINT('Ctrl Pts',(5.8313002974244,-10.5748756070984,5.29217392320734));
#3301=CARTESIAN_POINT('Ctrl Pts',(5.7649215042174,-10.7292177348283,5.24379234623442));
#3302=CARTESIAN_POINT('Ctrl Pts',(5.69582551667387,-10.8754174958708,5.19482819646025));
#3303=CARTESIAN_POINT('Ctrl Pts',(5.62414893894908,-11.0132665713815,5.14551428399003));
#3304=CARTESIAN_POINT('Ctrl Pts',(5.57263884224246,-11.1026746417375,5.11124751336384));
#3305=CARTESIAN_POINT('Ctrl Pts',(5.54588367311182,-11.146537648614,5.09381140287747));
#3306=CARTESIAN_POINT('Ctrl Pts',(5.5389177809475,-11.1579546225789,5.08927223028369));
#3307=CARTESIAN_POINT('Ctrl Pts',(5.53200979974474,-11.1691144736471,5.08479376049328));
#3308=CARTESIAN_POINT('Ctrl Pts',(5.50530562926853,-11.2116162908412,5.06757548097557));
#3309=CARTESIAN_POINT('Ctrl Pts',(5.45784712785426,-11.2840644524501,5.03742961607633));
#3310=CARTESIAN_POINT('Ctrl Pts',(5.37847895680488,-11.3929364044949,4.98904702335911));
#3311=CARTESIAN_POINT('Ctrl Pts',(5.29067084179241,-11.4977313769491,4.93857254824319));
#3312=CARTESIAN_POINT('Ctrl Pts',(5.23015552899264,-11.5601040159378,4.90604934445105));
#3313=CARTESIAN_POINT('Ctrl Pts',(5.20191956233773,-11.587084346934,4.89142920951901));
#3314=CARTESIAN_POINT('',(7.08906910623013,-9.94961198750352,5.16595513257402));
#3315=CARTESIAN_POINT('',(6.1116097828125,-9.73035689603227,5.51251356875709));
#3316=CARTESIAN_POINT('Ctrl Pts',(7.08906910623012,-9.94961198750352,5.16595513257402));
#3317=CARTESIAN_POINT('Ctrl Pts',(6.95886315397988,-9.94616601955186,5.32022810713122));
#3318=CARTESIAN_POINT('Ctrl Pts',(6.62410422273773,-9.89592034688099,5.54318052159046));
#3319=CARTESIAN_POINT('Ctrl Pts',(6.25078320588463,-9.78089557193794,5.54425091577779));
#3320=CARTESIAN_POINT('Ctrl Pts',(6.1116097828125,-9.73035689603227,5.51251356875709));
#3321=CARTESIAN_POINT('',(5.20191956233773,-11.587084346934,4.89142920951901));
#3322=CARTESIAN_POINT('Ctrl Pts',(6.1116097828125,-9.73035689603227,5.51251356875709));
#3323=CARTESIAN_POINT('Ctrl Pts',(6.09143651897572,-9.80399774810851,5.49567159866869));
#3324=CARTESIAN_POINT('Ctrl Pts',(6.04799908449206,-9.95626124439251,5.45985799740336));
#3325=CARTESIAN_POINT('Ctrl Pts',(5.97835663316999,-10.1774133373847,5.40417344674089));
#3326=CARTESIAN_POINT('Ctrl Pts',(5.92452911770146,-10.3308021459115,5.36251957462969));
#3327=CARTESIAN_POINT('Ctrl Pts',(5.87608996461601,-10.4605767747725,5.32572206895654));
#3328=CARTESIAN_POINT('Ctrl Pts',(5.8313002974244,-10.5748756070984,5.29217392320734));
#3329=CARTESIAN_POINT('Ctrl Pts',(5.7649215042174,-10.7292177348283,5.24379234623442));
#3330=CARTESIAN_POINT('Ctrl Pts',(5.69582551667387,-10.8754174958708,5.19482819646025));
#3331=CARTESIAN_POINT('Ctrl Pts',(5.62414893894908,-11.0132665713815,5.14551428399003));
#3332=CARTESIAN_POINT('Ctrl Pts',(5.57263884224246,-11.1026746417375,5.11124751336384));
#3333=CARTESIAN_POINT('Ctrl Pts',(5.54588367311182,-11.146537648614,5.09381140287747));
#3334=CARTESIAN_POINT('Ctrl Pts',(5.5389177809475,-11.1579546225789,5.08927223028369));
#3335=CARTESIAN_POINT('Ctrl Pts',(5.53200979974474,-11.1691144736471,5.08479376049328));
#3336=CARTESIAN_POINT('Ctrl Pts',(5.50530562926853,-11.2116162908412,5.06757548097557));
#3337=CARTESIAN_POINT('Ctrl Pts',(5.45784712785426,-11.2840644524501,5.03742961607633));
#3338=CARTESIAN_POINT('Ctrl Pts',(5.37847895680488,-11.3929364044949,4.98904702335911));
#3339=CARTESIAN_POINT('Ctrl Pts',(5.29067084179241,-11.4977313769491,4.93857254824319));
#3340=CARTESIAN_POINT('Ctrl Pts',(5.23015552899264,-11.5601040159378,4.90604934445105));
#3341=CARTESIAN_POINT('Ctrl Pts',(5.20191956233773,-11.587084346934,4.89142920951901));
#3342=CARTESIAN_POINT('Ctrl Pts',(5.20191956233773,-11.587084346934,4.89142920951901));
#3343=CARTESIAN_POINT('Ctrl Pts',(5.26999543866391,-11.6708212191962,4.87892496028679));
#3344=CARTESIAN_POINT('Ctrl Pts',(5.44283014852403,-11.8604792934216,4.80920509669473));
#3345=CARTESIAN_POINT('Ctrl Pts',(5.6150427130958,-11.9937411125249,4.64750199160078));
#3346=CARTESIAN_POINT('Ctrl Pts',(5.69964146289945,-12.0425809294383,4.54054393453386));
#3347=CARTESIAN_POINT('Ctrl Pts',(5.69964146289945,-12.0425809294383,4.54054393453386));
#3348=CARTESIAN_POINT('Ctrl Pts',(5.74466185413127,-12.0101453735681,4.55934987646656));
#3349=CARTESIAN_POINT('Ctrl Pts',(5.84119196696371,-11.9356592424741,4.59991100298181));
#3350=CARTESIAN_POINT('Ctrl Pts',(5.98096257167991,-11.8121958554962,4.65912540090799));
#3351=CARTESIAN_POINT('Ctrl Pts',(6.10673665611216,-11.6855067449196,4.71266211858497));
#3352=CARTESIAN_POINT('Ctrl Pts',(6.18159276618223,-11.6019203917022,4.74458877178165));
#3353=CARTESIAN_POINT('Ctrl Pts',(6.22362439787798,-11.5530323312072,4.76252730262483));
#3354=CARTESIAN_POINT('Ctrl Pts',(6.23448875222119,-11.5402089150688,4.76716562357945));
#3355=CARTESIAN_POINT('Ctrl Pts',(6.24543546943527,-11.5271028940597,4.77184063652218));
#3356=CARTESIAN_POINT('Ctrl Pts',(6.28747989916945,-11.4767516156216,4.78979667298089));
#3357=CARTESIAN_POINT('Ctrl Pts',(6.36815997805518,-11.3744997238378,4.82429972505873));
#3358=CARTESIAN_POINT('Ctrl Pts',(6.4796322068235,-11.2177886826038,4.87216978435272));
#3359=CARTESIAN_POINT('Ctrl Pts',(6.5861835141692,-11.0524340588204,4.918306640179));
#3360=CARTESIAN_POINT('Ctrl Pts',(6.6874140527988,-10.8787619523791,4.96283308251724));
#3361=CARTESIAN_POINT('Ctrl Pts',(6.75470578067203,-10.7508844420338,4.99325229159226));
#3362=CARTESIAN_POINT('Ctrl Pts',(6.82673028309148,-10.606232857733,5.02654206454511));
#3363=CARTESIAN_POINT('Ctrl Pts',(6.9056224708767,-10.436054338155,5.06415199304637));
#3364=CARTESIAN_POINT('Ctrl Pts',(7.00413360600736,-10.1933945051394,5.11524323145535));
#3365=CARTESIAN_POINT('Ctrl Pts',(7.06267039925443,-10.0286477843785,5.14941672948052));
#3366=CARTESIAN_POINT('Ctrl Pts',(7.08906910623012,-9.94961198750352,5.16595513257402));
#3367=CARTESIAN_POINT('Ctrl Pts',(5.69964146289943,-12.0425809294383,4.54054393453389));
#3368=CARTESIAN_POINT('Ctrl Pts',(5.67024209748284,-12.0634660061705,4.52864698186142));
#3369=CARTESIAN_POINT('Ctrl Pts',(5.62195136582913,-12.0986294605841,4.50616457790684));
#3370=CARTESIAN_POINT('Ctrl Pts',(5.44338683533354,-12.2230512956761,4.42252441465057));
#3371=CARTESIAN_POINT('Ctrl Pts',(5.1191999671269,-12.4168061272405,4.27246779372145));
#3372=CARTESIAN_POINT('Ctrl Pts',(4.61052934233075,-12.6445445004189,4.06227492345052));
#3373=CARTESIAN_POINT('Ctrl Pts',(4.12485786189511,-12.8029052473297,3.88794088722913));
#3374=CARTESIAN_POINT('Ctrl Pts',(3.81543808254701,-12.8840554204196,3.78912897094519));
#3375=CARTESIAN_POINT('Ctrl Pts',(3.60893085016739,-12.9343189427245,3.72568024226963));
#3376=CARTESIAN_POINT('Ctrl Pts',(3.30429387113241,-13.0033464217379,3.63555404407281));
#3377=CARTESIAN_POINT('Ctrl Pts',(2.79972216694398,-13.0960382630262,3.50210829405264));
#3378=CARTESIAN_POINT('Ctrl Pts',(2.20689490782659,-13.1810008323939,3.36537018964686));
#3379=CARTESIAN_POINT('Ctrl Pts',(1.65656997316219,-13.2431481719019,3.25478742258617));
#3380=CARTESIAN_POINT('Ctrl Pts',(1.16352361690421,-13.2862634612921,3.17148843457129));
#3381=CARTESIAN_POINT('Ctrl Pts',(0.730698092283429,-13.3136466624464,3.1154229000499));
#3382=CARTESIAN_POINT('Ctrl Pts',(0.350420572395269,-13.3283536376234,3.08439959747205));
#3383=CARTESIAN_POINT('Ctrl Pts',(0.112311904826913,-13.3315296821237,3.07771005064144));
#3384=CARTESIAN_POINT('Ctrl Pts',(-1.05843368523509E-6,-13.3315293945319,
3.07771057342568));
#3385=CARTESIAN_POINT('Ctrl Pts',(5.61504271309578,-11.9937411125248,4.6475019916008));
#3386=CARTESIAN_POINT('Ctrl Pts',(5.58714226936972,-12.0139139160653,4.63556025586765));
#3387=CARTESIAN_POINT('Ctrl Pts',(5.54091019213961,-12.0484133898195,4.61313747740006));
#3388=CARTESIAN_POINT('Ctrl Pts',(5.36870542919589,-12.1715673534694,4.53008388530257));
#3389=CARTESIAN_POINT('Ctrl Pts',(5.05451043490761,-12.3651958325603,4.38130009821229));
#3390=CARTESIAN_POINT('Ctrl Pts',(4.5586094549278,-12.5956064798691,4.17102995044538));
#3391=CARTESIAN_POINT('Ctrl Pts',(4.0825147297757,-12.7581254276228,3.99371521217274));
#3392=CARTESIAN_POINT('Ctrl Pts',(3.77821992877716,-12.8421834339967,3.89163232823943));
#3393=CARTESIAN_POINT('Ctrl Pts',(3.57492326073511,-12.8944446993678,3.82571085216402));
#3394=CARTESIAN_POINT('Ctrl Pts',(3.27476572817461,-12.9664557891408,3.73153155577384));
#3395=CARTESIAN_POINT('Ctrl Pts',(2.77644583492724,-13.0642024041093,3.58954259500972));
#3396=CARTESIAN_POINT('Ctrl Pts',(2.18965990888654,-13.1549087696686,3.44095343965843));
#3397=CARTESIAN_POINT('Ctrl Pts',(1.64413331686955,-13.2218699578919,3.31905733023022));
#3398=CARTESIAN_POINT('Ctrl Pts',(1.15494311195312,-13.2685351135461,3.22665695916367));
#3399=CARTESIAN_POINT('Ctrl Pts',(0.725303551837044,-13.2982056688163,3.16438160310809));
#3400=CARTESIAN_POINT('Ctrl Pts',(0.347781998658949,-13.3141309546406,3.1299197881229));
#3401=CARTESIAN_POINT('Ctrl Pts',(0.11144564935162,-13.3175658563175,3.12247749314004));
#3402=CARTESIAN_POINT('Ctrl Pts',(-8.6143909920306E-7,-13.3175653690282,
3.12247843340464));
#3403=CARTESIAN_POINT('Ctrl Pts',(5.44283013364373,-11.8604796568576,4.80920573140065));
#3404=CARTESIAN_POINT('Ctrl Pts',(5.41933609219177,-11.8789525159263,4.79765560246542));
#3405=CARTESIAN_POINT('Ctrl Pts',(5.37718343977111,-11.9127341578034,4.77599003946219));
#3406=CARTESIAN_POINT('Ctrl Pts',(5.22008440494214,-12.0334849442424,4.69612919886013));
#3407=CARTESIAN_POINT('Ctrl Pts',(4.92647568765693,-12.228385900911,4.55299380091557));
#3408=CARTESIAN_POINT('Ctrl Pts',(4.45820896118936,-12.4661703895845,4.34675049880522));
#3409=CARTESIAN_POINT('Ctrl Pts',(4.00140109385608,-12.6406668456765,4.16723906073684));
#3410=CARTESIAN_POINT('Ctrl Pts',(3.70758605675808,-12.7331115002486,4.06099325819928));
#3411=CARTESIAN_POINT('Ctrl Pts',(3.51077686372717,-12.7911493730115,3.99171917562688));
#3412=CARTESIAN_POINT('Ctrl Pts',(3.21960320530798,-12.871883445213,3.89178925625181));
#3413=CARTESIAN_POINT('Ctrl Pts',(2.73357067992525,-12.9845572440588,3.73668147892578));
#3414=CARTESIAN_POINT('Ctrl Pts',(2.15836108055744,-13.0919899665145,3.56906064690756));
#3415=CARTESIAN_POINT('Ctrl Pts',(1.62178455604379,-13.1724806494674,3.42859567756482));
#3416=CARTESIAN_POINT('Ctrl Pts',(1.13962967926509,-13.2287216218102,3.32106744185156));
#3417=CARTESIAN_POINT('Ctrl Pts',(0.715712358853465,-13.2643532551851,3.24839258766035));
#3418=CARTESIAN_POINT('Ctrl Pts',(0.343099276318877,-13.2833883070182,3.2081456497324));
#3419=CARTESIAN_POINT('Ctrl Pts',(0.109904954049328,-13.287481593637,3.19943591510929));
#3420=CARTESIAN_POINT('Ctrl Pts',(-5.09049956602045E-7,-13.28748114318,
3.19943620080926));
#3421=CARTESIAN_POINT('Ctrl Pts',(5.26999543866391,-11.6708212191961,4.87892496028679));
#3422=CARTESIAN_POINT('Ctrl Pts',(5.25101511873148,-11.6879653336857,4.86907114419107));
#3423=CARTESIAN_POINT('Ctrl Pts',(5.21348017076495,-11.7209534617625,4.84978209496181));
#3424=CARTESIAN_POINT('Ctrl Pts',(5.07207543523917,-11.8394514429005,4.77839660968126));
#3425=CARTESIAN_POINT('Ctrl Pts',(4.80009029620149,-12.0352005626394,4.64864465880893));
#3426=CARTESIAN_POINT('Ctrl Pts',(4.35954569377792,-12.2819946387523,4.45795567001099));
#3427=CARTESIAN_POINT('Ctrl Pts',(3.92187131675155,-12.471935646783,4.28690847901309));
#3428=CARTESIAN_POINT('Ctrl Pts',(3.63827754056704,-12.5760157515103,4.18316058567713));
#3429=CARTESIAN_POINT('Ctrl Pts',(3.44778364137635,-12.6421744873095,4.11488266927701));
#3430=CARTESIAN_POINT('Ctrl Pts',(3.1653430221286,-12.7353393829921,4.01552711897122));
#3431=CARTESIAN_POINT('Ctrl Pts',(2.6912240100126,-12.8700884075779,3.85699292505349));
#3432=CARTESIAN_POINT('Ctrl Pts',(2.12729852807984,-13.0029510027275,3.67961437821844));
#3433=CARTESIAN_POINT('Ctrl Pts',(1.59952384444809,-13.1041374510419,3.52684366283696));
#3434=CARTESIAN_POINT('Ctrl Pts',(1.12434185468592,-13.1749123044454,3.40789477192224));
#3435=CARTESIAN_POINT('Ctrl Pts',(0.706124106384856,-13.2194814647634,3.32680938700339));
#3436=CARTESIAN_POINT('Ctrl Pts',(0.338412979242571,-13.2431352365857,3.28171761504206));
#3437=CARTESIAN_POINT('Ctrl Pts',(0.108362971866722,-13.2482031414785,3.27193001540487));
#3438=CARTESIAN_POINT('Ctrl Pts',(-1.52363664648862E-7,-13.248202658341,
3.27193021181401));
#3439=CARTESIAN_POINT('Ctrl Pts',(5.20191956233773,-11.587084346934,4.89142920951901));
#3440=CARTESIAN_POINT('Ctrl Pts',(5.18445816915561,-11.6037692429557,4.88238797754902));
#3441=CARTESIAN_POINT('Ctrl Pts',(5.14890733788692,-11.6362806559479,4.86435850586923));
#3442=CARTESIAN_POINT('Ctrl Pts',(5.01337357481388,-11.7536867610711,4.79714593143922));
#3443=CARTESIAN_POINT('Ctrl Pts',(4.75011872496857,-11.949171577605,4.67412848666262));
#3444=CARTESIAN_POINT('Ctrl Pts',(4.32014653650957,-12.1991863592598,4.49169155605694));
#3445=CARTESIAN_POINT('Ctrl Pts',(3.88998750062501,-12.3952012842353,4.32614591883724));
#3446=CARTESIAN_POINT('Ctrl Pts',(3.61032521248214,-12.5041298497503,4.22474251883552));
#3447=CARTESIAN_POINT('Ctrl Pts',(3.42227235368199,-12.5737182450486,4.15775334888367));
#3448=CARTESIAN_POINT('Ctrl Pts',(3.14321790541443,-12.6721849396569,4.05993584638261));
#3449=CARTESIAN_POINT('Ctrl Pts',(2.67376212838958,-12.8166584941799,3.90207119315548));
#3450=CARTESIAN_POINT('Ctrl Pts',(2.11433775216082,-12.9611197713721,3.72269617893344));
#3451=CARTESIAN_POINT('Ctrl Pts',(1.59015404466386,-13.0719730471566,3.56618356662378));
#3452=CARTESIAN_POINT('Ctrl Pts',(1.11787071040427,-13.1496270012789,3.44326053366375));
#3453=CARTESIAN_POINT('Ctrl Pts',(0.702052553214683,-13.1984522815059,3.3590656093547));
#3454=CARTESIAN_POINT('Ctrl Pts',(0.336419374865573,-13.2243107205576,3.31213147971249));
#3455=CARTESIAN_POINT('Ctrl Pts',(0.107707639553596,-13.2298439859201,3.30192896042791));
#3456=CARTESIAN_POINT('Ctrl Pts',(-2.35492869760538E-14,-13.2298435474853,
3.30192967684643));
#3457=CARTESIAN_POINT('',(1.5547808094207E-15,-13.2298435474853,3.30192967684643));
#3458=CARTESIAN_POINT('Ctrl Pts',(-2.35492869760538E-14,-13.2298435474853,
3.30192967684643));
#3459=CARTESIAN_POINT('Ctrl Pts',(-1.52363664648862E-7,-13.248202658341,
3.27193021181401));
#3460=CARTESIAN_POINT('Ctrl Pts',(-5.09049956602045E-7,-13.28748114318,
3.19943620080926));
#3461=CARTESIAN_POINT('Ctrl Pts',(-8.6143909920306E-7,-13.3175653690282,
3.12247843340464));
#3462=CARTESIAN_POINT('Ctrl Pts',(-1.05843368523509E-6,-13.3315293945319,
3.07771057342568));
#3463=CARTESIAN_POINT('Ctrl Pts',(5.20191956233773,-11.587084346934,4.89142920951901));
#3464=CARTESIAN_POINT('Ctrl Pts',(5.18445816915561,-11.6037692429557,4.88238797754902));
#3465=CARTESIAN_POINT('Ctrl Pts',(5.14890733788692,-11.6362806559479,4.86435850586923));
#3466=CARTESIAN_POINT('Ctrl Pts',(5.01337357481388,-11.7536867610711,4.79714593143922));
#3467=CARTESIAN_POINT('Ctrl Pts',(4.75011872496857,-11.949171577605,4.67412848666262));
#3468=CARTESIAN_POINT('Ctrl Pts',(4.32014653650957,-12.1991863592598,4.49169155605694));
#3469=CARTESIAN_POINT('Ctrl Pts',(3.88998750062501,-12.3952012842353,4.32614591883724));
#3470=CARTESIAN_POINT('Ctrl Pts',(3.61032521248214,-12.5041298497503,4.22474251883552));
#3471=CARTESIAN_POINT('Ctrl Pts',(3.42227235368199,-12.5737182450486,4.15775334888367));
#3472=CARTESIAN_POINT('Ctrl Pts',(3.14321790541443,-12.6721849396569,4.05993584638261));
#3473=CARTESIAN_POINT('Ctrl Pts',(2.67376212838958,-12.8166584941799,3.90207119315548));
#3474=CARTESIAN_POINT('Ctrl Pts',(2.11433775216082,-12.9611197713721,3.72269617893344));
#3475=CARTESIAN_POINT('Ctrl Pts',(1.59015404466386,-13.0719730471566,3.56618356662378));
#3476=CARTESIAN_POINT('Ctrl Pts',(1.11787071040427,-13.1496270012789,3.44326053366375));
#3477=CARTESIAN_POINT('Ctrl Pts',(0.702052553214683,-13.1984522815059,3.3590656093547));
#3478=CARTESIAN_POINT('Ctrl Pts',(0.336419374865573,-13.2243107205576,3.31213147971249));
#3479=CARTESIAN_POINT('Ctrl Pts',(0.107707639553596,-13.2298439859201,3.30192896042791));
#3480=CARTESIAN_POINT('Ctrl Pts',(-2.35492869760538E-14,-13.2298435474853,
3.30192967684643));
#3481=CARTESIAN_POINT('Ctrl Pts',(-1.05843365859975E-6,-13.3315293945319,
3.07771057342568));
#3482=CARTESIAN_POINT('Ctrl Pts',(-0.0877286964613543,-13.3315291698939,
3.07771098177237));
#3483=CARTESIAN_POINT('Ctrl Pts',(-0.283789904535251,-13.3294885489581,
3.08199592586284));
#3484=CARTESIAN_POINT('Ctrl Pts',(-0.611243615236142,-13.3190635148545,
3.1040241665291));
#3485=CARTESIAN_POINT('Ctrl Pts',(-1.00922297625902,-13.2971775021984,3.14941548483389));
#3486=CARTESIAN_POINT('Ctrl Pts',(-1.48745293243866,-13.2594034736721,3.22412059115837));
#3487=CARTESIAN_POINT('Ctrl Pts',(-2.05108519995003,-13.2005188093085,3.33200403218579));
#3488=CARTESIAN_POINT('Ctrl Pts',(-2.68977424588773,-13.1142387350386,3.4746037914243));
#3489=CARTESIAN_POINT('Ctrl Pts',(-3.251034657565,-13.0148119500728,3.62020716576399));
#3490=CARTESIAN_POINT('Ctrl Pts',(-3.5952162779958,-12.9376289903566,3.72148416010763));
#3491=CARTESIAN_POINT('Ctrl Pts',(-3.83037629985376,-12.8803934924132,3.79373516310526));
#3492=CARTESIAN_POINT('Ctrl Pts',(-4.16305925169378,-12.7922835064873,3.90053020078693));
#3493=CARTESIAN_POINT('Ctrl Pts',(-4.65753469458876,-12.6263820600459,4.08062101203992));
#3494=CARTESIAN_POINT('Ctrl Pts',(-5.15138991832852,-12.398521995598,4.2871316588995));
#3495=CARTESIAN_POINT('Ctrl Pts',(-5.45354769995381,-12.2160265464002,4.42730319608832));
#3496=CARTESIAN_POINT('Ctrl Pts',(-5.623341030696,-12.0975668625726,4.50680745945343));
#3497=CARTESIAN_POINT('Ctrl Pts',(-5.67073180286288,-12.0630561771782,4.52884402017914));
#3498=CARTESIAN_POINT('Ctrl Pts',(-5.69954305329108,-12.0425902220273,4.54050075889524));
#3499=CARTESIAN_POINT('Ctrl Pts',(-8.6143907271854E-7,-13.3175653690282,
3.12247843340464));
#3500=CARTESIAN_POINT('Ctrl Pts',(-0.0870515490221887,-13.3175652289581,
3.12247877055422));
#3501=CARTESIAN_POINT('Ctrl Pts',(-0.281642255774861,-13.3153583636256,
3.12724681595774));
#3502=CARTESIAN_POINT('Ctrl Pts',(-0.606712802155829,-13.3040730090299,
3.15172034402485));
#3503=CARTESIAN_POINT('Ctrl Pts',(-1.00179125530027,-13.2803609762653,3.20214033037773));
#3504=CARTESIAN_POINT('Ctrl Pts',(-1.47637930149925,-13.2394499069716,3.28507542733977));
#3505=CARTESIAN_POINT('Ctrl Pts',(-2.03529272008339,-13.1758749947314,3.40434257307656));
#3506=CARTESIAN_POINT('Ctrl Pts',(-2.6677498004435,-13.0835037646899,3.56000203305438));
#3507=CARTESIAN_POINT('Ctrl Pts',(-3.22225825982362,-12.978447436496,3.71543209280159));
#3508=CARTESIAN_POINT('Ctrl Pts',(-3.56142129703848,-12.8978867683072,3.82135131915906));
#3509=CARTESIAN_POINT('Ctrl Pts',(-3.79292418593576,-12.8383759734254,3.89641789943526));
#3510=CARTESIAN_POINT('Ctrl Pts',(-4.12005495514458,-12.7471494006507,4.00666783712748));
#3511=CARTESIAN_POINT('Ctrl Pts',(-4.60455302084469,-12.577100092665,4.18949753431944));
#3512=CARTESIAN_POINT('Ctrl Pts',(-5.08574211878538,-12.3468778845903,4.39584903075615));
#3513=CARTESIAN_POINT('Ctrl Pts',(-5.37851615429195,-12.164600324891,4.53482716039761));
#3514=CARTESIAN_POINT('Ctrl Pts',(-5.54224042203518,-12.0473693265941,4.61378217560632));
#3515=CARTESIAN_POINT('Ctrl Pts',(-5.58760631088753,-12.0135159371254,4.63576164072835));
#3516=CARTESIAN_POINT('Ctrl Pts',(-5.6149434795746,-11.9937521048825,4.64746344600547));
#3517=CARTESIAN_POINT('Ctrl Pts',(-5.0904993040352E-7,-13.2874811431835,
3.19943620081099));
#3518=CARTESIAN_POINT('Ctrl Pts',(-0.085847743644427,-13.2874808568762,
3.199436807709));
#3519=CARTESIAN_POINT('Ctrl Pts',(-0.277829260479713,-13.2848509805663,
3.20501845935975));
#3520=CARTESIAN_POINT('Ctrl Pts',(-0.598660637037866,-13.271374185807,3.23360864887539));
#3521=CARTESIAN_POINT('Ctrl Pts',(-0.988546660251201,-13.2429447105827,
3.29246434728395));
#3522=CARTESIAN_POINT('Ctrl Pts',(-1.45653088345595,-13.1936825595896,3.38912252849243));
#3523=CARTESIAN_POINT('Ctrl Pts',(-2.0067113502977,-13.1171031479742,3.52716359289756));
#3524=CARTESIAN_POINT('Ctrl Pts',(-2.6273070872225,-13.0071125617448,3.70394105598825));
#3525=CARTESIAN_POINT('Ctrl Pts',(-3.16859494401564,-12.8854215437237,3.8745959186052));
#3526=CARTESIAN_POINT('Ctrl Pts',(-3.49769864797709,-12.794974856871,3.98713806008011));
#3527=CARTESIAN_POINT('Ctrl Pts',(-3.72181663664448,-12.7288855842999,4.06602346927708));
#3528=CARTESIAN_POINT('Ctrl Pts',(-4.03757493333073,-12.6286775809886,4.18062159486945));
#3529=CARTESIAN_POINT('Ctrl Pts',(-4.50192101903899,-12.4467143911795,4.36509226819807));
#3530=CARTESIAN_POINT('Ctrl Pts',(-4.95567242833062,-12.2098878144652,4.56701483565113));
#3531=CARTESIAN_POINT('Ctrl Pts',(-5.22904567232622,-12.0266376634826,4.7006908794969));
#3532=CARTESIAN_POINT('Ctrl Pts',(-5.37836607709338,-11.9117241796453,4.77661706167319));
#3533=CARTESIAN_POINT('Ctrl Pts',(-5.41970046016627,-11.8785930517084,4.7978561598793));
#3534=CARTESIAN_POINT('Ctrl Pts',(-5.44272702795814,-11.8604911468291,4.80917539574598));
#3535=CARTESIAN_POINT('Ctrl Pts',(-1.52363638762188E-7,-13.248202658341,
3.27193021181401));
#3536=CARTESIAN_POINT('Ctrl Pts',(-0.0846427141391827,-13.2482022940701,
3.27193090674081));
#3537=CARTESIAN_POINT('Ctrl Pts',(-0.274013260823228,-13.2449453147552,
3.27820343339873));
#3538=CARTESIAN_POINT('Ctrl Pts',(-0.590608967582063,-13.2282172572137,
3.31025603461637));
#3539=CARTESIAN_POINT('Ctrl Pts',(-0.975317760871299,-13.1927399620054,
3.37603260817916));
#3540=CARTESIAN_POINT('Ctrl Pts',(-1.4367434773206,-13.1308568365412,3.48335905794989));
#3541=CARTESIAN_POINT('Ctrl Pts',(-1.97831173946593,-13.0344108931934,3.63450588872369));
#3542=CARTESIAN_POINT('Ctrl Pts',(-2.58732147602026,-12.8975301586763,3.8230467483407));
#3543=CARTESIAN_POINT('Ctrl Pts',(-3.11578962536338,-12.7510990326244,3.99833338139369));
#3544=CARTESIAN_POINT('Ctrl Pts',(-3.43511936922663,-12.6465374596457,4.11036647833332));
#3545=CARTESIAN_POINT('Ctrl Pts',(-3.65204667522002,-12.5711999927071,4.18811833953312));
#3546=CARTESIAN_POINT('Ctrl Pts',(-3.95671329943588,-12.4585563519166,4.29988399918271));
#3547=CARTESIAN_POINT('Ctrl Pts',(-4.40103727965323,-12.2613604294604,4.47512353851667));
#3548=CARTESIAN_POINT('Ctrl Pts',(-4.82718368307551,-12.0165317389933,4.66138347837382));
#3549=CARTESIAN_POINT('Ctrl Pts',(-5.08016482415956,-11.8327123829024,4.78248216964173));
#3550=CARTESIAN_POINT('Ctrl Pts',(-5.2145070085094,-11.719970123106,4.85033837207671));
#3551=CARTESIAN_POINT('Ctrl Pts',(-5.25128370250536,-11.6876300034295,4.86924177694556));
#3552=CARTESIAN_POINT('Ctrl Pts',(-5.26988687900177,-11.6708296691687,4.87889852961554));
#3553=CARTESIAN_POINT('Ctrl Pts',(2.19898304162257E-15,-13.2298435474853,
3.30192967684643));
#3554=CARTESIAN_POINT('Ctrl Pts',(-0.0841304204008308,-13.2298432050241,
3.30193023644082));
#3555=CARTESIAN_POINT('Ctrl Pts',(-0.272390199927362,-13.2262865356144,
3.30846832934966));
#3556=CARTESIAN_POINT('Ctrl Pts',(-0.587188439741796,-13.2080062845906,
3.34184200466337));
#3557=CARTESIAN_POINT('Ctrl Pts',(-0.969711555023667,-13.1691689040124,
3.41020799241496));
#3558=CARTESIAN_POINT('Ctrl Pts',(-1.42839701390258,-13.1012959142674,3.52134650820626));
#3559=CARTESIAN_POINT('Ctrl Pts',(-1.96642810559005,-12.9955193724333,3.67671411022807));
#3560=CARTESIAN_POINT('Ctrl Pts',(-2.57079063154462,-12.846285640869,3.86806356714077));
#3561=CARTESIAN_POINT('Ctrl Pts',(-3.09422961233188,-12.6888975455124,4.04296990814331));
#3562=CARTESIAN_POINT('Ctrl Pts',(-3.40976973746208,-12.5783082269025,4.15332218050823));
#3563=CARTESIAN_POINT('Ctrl Pts',(-3.62391609710089,-12.4990645004369,4.22960658658408));
#3564=CARTESIAN_POINT('Ctrl Pts',(-3.92432039372951,-12.3812488524869,4.33879165549901));
#3565=CARTESIAN_POINT('Ctrl Pts',(-4.36078352675741,-12.1781076577395,4.50819477557908));
#3566=CARTESIAN_POINT('Ctrl Pts',(-4.77638435606117,-11.930481883891,4.68622429477182));
#3567=CARTESIAN_POINT('Ctrl Pts',(-5.02114313462683,-11.7469995770122,4.80099865919778));
#3568=CARTESIAN_POINT('Ctrl Pts',(-5.14987628182412,-11.6353086349333,4.86487892681289));
#3569=CARTESIAN_POINT('Ctrl Pts',(-5.18470013562213,-11.6034395371472,4.882544988279));
#3570=CARTESIAN_POINT('Ctrl Pts',(-5.20180889098878,-11.5870913966594,4.89140358404815));
#3571=CARTESIAN_POINT('',(-5.20180889097816,-11.5870913966695,4.89140358404265));
#3572=CARTESIAN_POINT('Ctrl Pts',(-5.20180889098878,-11.5870913966594,4.89140358404815));
#3573=CARTESIAN_POINT('Ctrl Pts',(-5.26988687900177,-11.6708296691687,4.87889852961554));
#3574=CARTESIAN_POINT('Ctrl Pts',(-5.44272702795814,-11.8604911468291,4.80917539574598));
#3575=CARTESIAN_POINT('Ctrl Pts',(-5.6149434795746,-11.9937521048825,4.64746344600547));
#3576=CARTESIAN_POINT('Ctrl Pts',(-5.69954305329108,-12.0425902220273,4.54050075889524));
#3577=CARTESIAN_POINT('Ctrl Pts',(2.19898304162257E-15,-13.2298435474853,
3.30192967684643));
#3578=CARTESIAN_POINT('Ctrl Pts',(-0.0841304204008308,-13.2298432050241,
3.30193023644082));
#3579=CARTESIAN_POINT('Ctrl Pts',(-0.272390199927362,-13.2262865356144,
3.30846832934966));
#3580=CARTESIAN_POINT('Ctrl Pts',(-0.587188439741796,-13.2080062845906,
3.34184200466337));
#3581=CARTESIAN_POINT('Ctrl Pts',(-0.969711555023667,-13.1691689040124,
3.41020799241496));
#3582=CARTESIAN_POINT('Ctrl Pts',(-1.42839701390258,-13.1012959142674,3.52134650820626));
#3583=CARTESIAN_POINT('Ctrl Pts',(-1.96642810559005,-12.9955193724333,3.67671411022807));
#3584=CARTESIAN_POINT('Ctrl Pts',(-2.57079063154462,-12.846285640869,3.86806356714077));
#3585=CARTESIAN_POINT('Ctrl Pts',(-3.09422961233188,-12.6888975455124,4.04296990814331));
#3586=CARTESIAN_POINT('Ctrl Pts',(-3.40976973746208,-12.5783082269025,4.15332218050823));
#3587=CARTESIAN_POINT('Ctrl Pts',(-3.62391609710089,-12.4990645004369,4.22960658658408));
#3588=CARTESIAN_POINT('Ctrl Pts',(-3.92432039372951,-12.3812488524869,4.33879165549901));
#3589=CARTESIAN_POINT('Ctrl Pts',(-4.36078352675741,-12.1781076577395,4.50819477557908));
#3590=CARTESIAN_POINT('Ctrl Pts',(-4.77638435606117,-11.930481883891,4.68622429477182));
#3591=CARTESIAN_POINT('Ctrl Pts',(-5.02114313462683,-11.7469995770122,4.80099865919778));
#3592=CARTESIAN_POINT('Ctrl Pts',(-5.14987628182412,-11.6353086349333,4.86487892681289));
#3593=CARTESIAN_POINT('Ctrl Pts',(-5.18470013562213,-11.6034395371472,4.882544988279));
#3594=CARTESIAN_POINT('Ctrl Pts',(-5.20180889098878,-11.5870913966594,4.89140358404815));
#3595=CARTESIAN_POINT('Ctrl Pts',(-5.69954305327494,-12.0425902220391,4.54050075888827));
#3596=CARTESIAN_POINT('Ctrl Pts',(-5.74537377234664,-12.009571002509,4.55964422462629));
#3597=CARTESIAN_POINT('Ctrl Pts',(-5.84757197473721,-11.9306155096728,4.60258974117138));
#3598=CARTESIAN_POINT('Ctrl Pts',(-5.99809202305947,-11.7964577495038,4.66638854599533));
#3599=CARTESIAN_POINT('Ctrl Pts',(-6.12144372166636,-11.66952316134,4.71892266143707));
#3600=CARTESIAN_POINT('Ctrl Pts',(-6.19108698678515,-11.5907869486791,4.74862931101311));
#3601=CARTESIAN_POINT('Ctrl Pts',(-6.22355034611365,-11.5530294105018,4.7624834815418));
#3602=CARTESIAN_POINT('Ctrl Pts',(-6.23441539211281,-11.5402056968335,4.76712183856524));
#3603=CARTESIAN_POINT('Ctrl Pts',(-6.26113321583023,-11.5082190996865,4.77853152912548));
#3604=CARTESIAN_POINT('Ctrl Pts',(-6.32583084420998,-11.4290867813032,4.80617570545257));
#3605=CARTESIAN_POINT('Ctrl Pts',(-6.43396480464499,-11.2849920841354,4.85248649406914));
#3606=CARTESIAN_POINT('Ctrl Pts',(-6.56303034974696,-11.0908631958343,4.90816724155901));
#3607=CARTESIAN_POINT('Ctrl Pts',(-6.67932704685885,-10.8938484918312,4.95916721421508));
#3608=CARTESIAN_POINT('Ctrl Pts',(-6.75266454119573,-10.7548453629016,4.99228050162598));
#3609=CARTESIAN_POINT('Ctrl Pts',(-6.82341095338003,-10.6128521308103,5.02496557878312));
#3610=CARTESIAN_POINT('Ctrl Pts',(-6.89362638499357,-10.4622675795915,5.05834352718732));
#3611=CARTESIAN_POINT('Ctrl Pts',(-6.98358272977364,-10.2453787907087,5.10430573086689));
#3612=CARTESIAN_POINT('Ctrl Pts',(-7.04665811875364,-10.0743923958827,5.13981741078333));
#3613=CARTESIAN_POINT('Ctrl Pts',(-7.08026243207216,-9.97589087251974,5.16036121955657));
#3614=CARTESIAN_POINT('Ctrl Pts',(-7.08901994378109,-9.94967391985567,5.16584491437329));
#3615=CARTESIAN_POINT('Ctrl Pts',(-5.61494347955926,-11.993752104894,4.64746344599847));
#3616=CARTESIAN_POINT('Ctrl Pts',(-5.65831522874902,-11.9619118318065,4.66672041326674));
#3617=CARTESIAN_POINT('Ctrl Pts',(-5.75514885398876,-11.8857617955024,4.7103071692787));
#3618=CARTESIAN_POINT('Ctrl Pts',(-5.89825839106266,-11.756184446391,4.77628685074004));
#3619=CARTESIAN_POINT('Ctrl Pts',(-6.01606963275789,-11.6332930123037,4.83166685402748));
#3620=CARTESIAN_POINT('Ctrl Pts',(-6.08281472139775,-11.5569192401339,4.86335950692284));
#3621=CARTESIAN_POINT('Ctrl Pts',(-6.11396083996403,-11.520273725198,4.87819269604959));
#3622=CARTESIAN_POINT('Ctrl Pts',(-6.12439123238109,-11.5078237403251,4.88316770104527));
#3623=CARTESIAN_POINT('Ctrl Pts',(-6.1500543891826,-11.4767602667519,4.89542657822497));
#3624=CARTESIAN_POINT('Ctrl Pts',(-6.21225209211298,-11.3998780909726,4.9252066656378));
#3625=CARTESIAN_POINT('Ctrl Pts',(-6.31658411680485,-11.2596288886219,4.97560433661268));
#3626=CARTESIAN_POINT('Ctrl Pts',(-6.44177577810801,-11.0701714633375,5.0369154286407));
#3627=CARTESIAN_POINT('Ctrl Pts',(-6.55517806987916,-10.8773736790251,5.09351426549358));
#3628=CARTESIAN_POINT('Ctrl Pts',(-6.62702943091814,-10.7409845409527,5.13035729771655));
#3629=CARTESIAN_POINT('Ctrl Pts',(-6.69648899088058,-10.60146481682,5.16667427076379));
#3630=CARTESIAN_POINT('Ctrl Pts',(-6.76560198918684,-10.4532729689439,5.20368839658217));
#3631=CARTESIAN_POINT('Ctrl Pts',(-6.85445019354677,-10.2392133968944,5.25414670236754));
#3632=CARTESIAN_POINT('Ctrl Pts',(-6.91688013241805,-10.0699599481946,5.29248950980592));
#3633=CARTESIAN_POINT('Ctrl Pts',(-6.95014835845593,-9.97225605831724,5.31433377860005));
#3634=CARTESIAN_POINT('Ctrl Pts',(-6.95881789636964,-9.94623685878354,5.3201386993949));
#3635=CARTESIAN_POINT('Ctrl Pts',(-5.4427270428256,-11.8604907831512,4.80917476060027));
#3636=CARTESIAN_POINT('Ctrl Pts',(-5.48033065731636,-11.8306031303049,4.82791922174476));
#3637=CARTESIAN_POINT('Ctrl Pts',(-5.56426726879006,-11.7590184304696,4.87096828505746));
#3638=CARTESIAN_POINT('Ctrl Pts',(-5.6884018484826,-11.6367464150222,4.93812837138735));
#3639=CARTESIAN_POINT('Ctrl Pts',(-5.79076618911446,-11.5203008983105,4.99622140152793));
#3640=CARTESIAN_POINT('Ctrl Pts',(-5.84885167153497,-11.4477414456865,5.03010143415848));
#3641=CARTESIAN_POINT('Ctrl Pts',(-5.87597208995634,-11.4128990714335,5.04604655581781));
#3642=CARTESIAN_POINT('Ctrl Pts',(-5.88505661471926,-11.4010573843244,5.05140988425094));
#3643=CARTESIAN_POINT('Ctrl Pts',(-5.90741555673532,-11.3715003966273,5.06466182291407));
#3644=CARTESIAN_POINT('Ctrl Pts',(-5.9616288540192,-11.2983069189052,5.09698624756509));
#3645=CARTESIAN_POINT('Ctrl Pts',(-6.05274709159786,-11.1645066576874,5.15257818967631));
#3646=CARTESIAN_POINT('Ctrl Pts',(-6.16246215937086,-10.9832468773657,5.22154691667492));
#3647=CARTESIAN_POINT('Ctrl Pts',(-6.26227761347497,-10.7982730858751,5.28615535580105));
#3648=CARTESIAN_POINT('Ctrl Pts',(-6.3258498356996,-10.6670374143465,5.32853386801657));
#3649=CARTESIAN_POINT('Ctrl Pts',(-6.38750200351136,-10.5325582242506,5.37031576724903));
#3650=CARTESIAN_POINT('Ctrl Pts',(-6.44908835384452,-10.3894467175897,5.41288904213574));
#3651=CARTESIAN_POINT('Ctrl Pts',(-6.52892938927646,-10.181886982474,5.47032735552188));
#3652=CARTESIAN_POINT('Ctrl Pts',(-6.58561525236262,-10.0170022405465,5.51304897782945));
#3653=CARTESIAN_POINT('Ctrl Pts',(-6.61608255220629,-9.92147097349221,5.53684986297467));
#3654=CARTESIAN_POINT('Ctrl Pts',(-6.62404235392128,-9.89600423133076,5.54313197591587));
#3655=CARTESIAN_POINT('Ctrl Pts',(-5.26988687899035,-11.6708296691791,4.87889852960959));
#3656=CARTESIAN_POINT('Ctrl Pts',(-5.30113162605319,-11.6426214910068,4.89511481141355));
#3657=CARTESIAN_POINT('Ctrl Pts',(-5.37077539822015,-11.5748235945152,4.93259286884259));
#3658=CARTESIAN_POINT('Ctrl Pts',(-5.47354121936194,-11.458297180796,4.9917886631555));
#3659=CARTESIAN_POINT('Ctrl Pts',(-5.55811635876179,-11.3467942994251,5.04357250280219));
#3660=CARTESIAN_POINT('Ctrl Pts',(-5.60604474162077,-11.2771671318682,5.07396692938909));
#3661=CARTESIAN_POINT('Ctrl Pts',(-5.62841409391533,-11.2437156034006,5.08829744804212));
#3662=CARTESIAN_POINT('Ctrl Pts',(-5.63590558472885,-11.2323438862369,5.09312214846802));
#3663=CARTESIAN_POINT('Ctrl Pts',(-5.65434039832636,-11.2039538065863,5.10505353491188));
#3664=CARTESIAN_POINT('Ctrl Pts',(-5.69902625012566,-11.1336278704359,5.13419472151911));
#3665=CARTESIAN_POINT('Ctrl Pts',(-5.77404771053416,-11.0049434274432,5.18455915967313));
#3666=CARTESIAN_POINT('Ctrl Pts',(-5.86429730613227,-10.8305052935963,5.2474067594477));
#3667=CARTESIAN_POINT('Ctrl Pts',(-5.94645566999732,-10.6524449955095,5.30656758223671));
#3668=CARTESIAN_POINT('Ctrl Pts',(-5.99894630341201,-10.5260649018844,5.34552856041216));
#3669=CARTESIAN_POINT('Ctrl Pts',(-6.05001594030483,-10.3965027483299,5.38401225219854));
#3670=CARTESIAN_POINT('Ctrl Pts',(-6.10124138050101,-10.2585512184188,5.42330902402213));
#3671=CARTESIAN_POINT('Ctrl Pts',(-6.16846538341773,-10.0581220894138,5.47650952412036));
#3672=CARTESIAN_POINT('Ctrl Pts',(-6.21709293514023,-9.89846555959742,5.51620336178052));
#3673=CARTESIAN_POINT('Ctrl Pts',(-6.24369859608521,-9.80572392403624,5.53835861520614));
#3674=CARTESIAN_POINT('Ctrl Pts',(-6.25068749534415,-9.78098200957721,5.54420915311124));
#3675=CARTESIAN_POINT('Ctrl Pts',(-5.20180889097816,-11.5870913966695,4.89140358404265));
#3676=CARTESIAN_POINT('Ctrl Pts',(-5.23055418734979,-11.5596240483227,4.90628736461937));
#3677=CARTESIAN_POINT('Ctrl Pts',(-5.29462483234783,-11.4934979811574,4.94074439065234));
#3678=CARTESIAN_POINT('Ctrl Pts',(-5.38920819525616,-11.3795225064981,4.99535737939537));
#3679=CARTESIAN_POINT('Ctrl Pts',(-5.46711832854683,-11.2702305583487,5.04329086422779));
#3680=CARTESIAN_POINT('Ctrl Pts',(-5.51130129586558,-11.2019206333343,5.07148089241565));
#3681=CARTESIAN_POINT('Ctrl Pts',(-5.53192691366939,-11.1690947271202,5.08477929696803));
#3682=CARTESIAN_POINT('Ctrl Pts',(-5.53883549305455,-11.1579344212556,5.08925795558905));
#3683=CARTESIAN_POINT('Ctrl Pts',(-5.55583760255517,-11.130069699121,5.10033645960783));
#3684=CARTESIAN_POINT('Ctrl Pts',(-5.59705881855114,-11.0610353798584,5.12740594043105));
#3685=CARTESIAN_POINT('Ctrl Pts',(-5.66631992254293,-10.9346594800632,5.17426612240948));
#3686=CARTESIAN_POINT('Ctrl Pts',(-5.74976497266212,-10.7632954186263,5.23287222498774));
#3687=CARTESIAN_POINT('Ctrl Pts',(-5.8258933695818,-10.5883357104989,5.28817334100647));
#3688=CARTESIAN_POINT('Ctrl Pts',(-5.87468130028738,-10.4641188554413,5.32469158132409));
#3689=CARTESIAN_POINT('Ctrl Pts',(-5.92225190811108,-10.336738972363,5.36082300775631));
#3690=CARTESIAN_POINT('Ctrl Pts',(-5.97009639177808,-10.201067750272,5.39779153129739));
#3691=CARTESIAN_POINT('Ctrl Pts',(-6.03329098095251,-10.0037678947563,5.44805630035774));
#3692=CARTESIAN_POINT('Ctrl Pts',(-6.07939876147321,-9.8463944148302,5.48575533238462));
#3693=CARTESIAN_POINT('Ctrl Pts',(-6.10481280527316,-9.75486979653011,5.50688418579315));
#3694=CARTESIAN_POINT('Ctrl Pts',(-6.11150333167612,-9.73044414954504,5.51247025711731));
#3695=CARTESIAN_POINT('',(-6.11150333167612,-9.73044414954504,5.51247025711731));
#3696=CARTESIAN_POINT('Ctrl Pts',(-6.11150333167612,-9.73044414954504,5.51247025711731));
#3697=CARTESIAN_POINT('Ctrl Pts',(-6.25068749534415,-9.78098200957721,5.54420915311124));
#3698=CARTESIAN_POINT('Ctrl Pts',(-6.62404235392128,-9.89600423133076,5.54313197591587));
#3699=CARTESIAN_POINT('Ctrl Pts',(-6.95881789636964,-9.94623685878354,5.3201386993949));
#3700=CARTESIAN_POINT('Ctrl Pts',(-7.08901994378109,-9.94967391985567,5.16584491437329));
#3701=CARTESIAN_POINT('Ctrl Pts',(-5.20180889097816,-11.5870913966695,4.89140358404265));
#3702=CARTESIAN_POINT('Ctrl Pts',(-5.23055418734979,-11.5596240483227,4.90628736461937));
#3703=CARTESIAN_POINT('Ctrl Pts',(-5.29462483234783,-11.4934979811574,4.94074439065234));
#3704=CARTESIAN_POINT('Ctrl Pts',(-5.38920819525616,-11.3795225064981,4.99535737939537));
#3705=CARTESIAN_POINT('Ctrl Pts',(-5.46711832854683,-11.2702305583487,5.04329086422779));
#3706=CARTESIAN_POINT('Ctrl Pts',(-5.51130129586558,-11.2019206333343,5.07148089241565));
#3707=CARTESIAN_POINT('Ctrl Pts',(-5.53192691366939,-11.1690947271202,5.08477929696803));
#3708=CARTESIAN_POINT('Ctrl Pts',(-5.53883549305455,-11.1579344212556,5.08925795558905));
#3709=CARTESIAN_POINT('Ctrl Pts',(-5.55583760255517,-11.130069699121,5.10033645960783));
#3710=CARTESIAN_POINT('Ctrl Pts',(-5.59705881855114,-11.0610353798584,5.12740594043105));
#3711=CARTESIAN_POINT('Ctrl Pts',(-5.66631992254293,-10.9346594800632,5.17426612240948));
#3712=CARTESIAN_POINT('Ctrl Pts',(-5.74976497266212,-10.7632954186263,5.23287222498774));
#3713=CARTESIAN_POINT('Ctrl Pts',(-5.8258933695818,-10.5883357104989,5.28817334100647));
#3714=CARTESIAN_POINT('Ctrl Pts',(-5.87468130028738,-10.4641188554413,5.32469158132409));
#3715=CARTESIAN_POINT('Ctrl Pts',(-5.92225190811108,-10.336738972363,5.36082300775631));
#3716=CARTESIAN_POINT('Ctrl Pts',(-5.97009639177808,-10.201067750272,5.39779153129739));
#3717=CARTESIAN_POINT('Ctrl Pts',(-6.03329098095251,-10.0037678947563,5.44805630035774));
#3718=CARTESIAN_POINT('Ctrl Pts',(-6.07939876147321,-9.8463944148302,5.48575533238462));
#3719=CARTESIAN_POINT('Ctrl Pts',(-6.10481280527316,-9.75486979653011,5.50688418579315));
#3720=CARTESIAN_POINT('Ctrl Pts',(-6.11150333167612,-9.73044414954504,5.51247025711731));
#3721=CARTESIAN_POINT('Ctrl Pts',(-7.08901994378109,-9.94967391985567,5.16584491437329));
#3722=CARTESIAN_POINT('Ctrl Pts',(-7.09561263349708,-9.93993371886921,5.16397818282802));
#3723=CARTESIAN_POINT('Ctrl Pts',(-7.09571017150816,-9.93902983751421,5.16433602599346));
#3724=CARTESIAN_POINT('Ctrl Pts',(-7.10050649579239,-9.93068118863734,5.16360771210165));
#3725=CARTESIAN_POINT('Ctrl Pts',(-7.10419480722844,-9.92273414260817,5.16379498002081));
#3726=CARTESIAN_POINT('Ctrl Pts',(-7.1117254217321,-9.9065727047349,5.16409209742269));
#3727=CARTESIAN_POINT('Ctrl Pts',(-7.12199659500335,-9.88090640076209,5.16609710010688));
#3728=CARTESIAN_POINT('Ctrl Pts',(-7.13485056513202,-9.84651521396262,5.16934687366367));
#3729=CARTESIAN_POINT('Ctrl Pts',(-7.14806297014242,-9.80800048516944,5.17372312364741));
#3730=CARTESIAN_POINT('Ctrl Pts',(-7.16927832812507,-9.74364021821282,5.18127164871568));
#3731=CARTESIAN_POINT('Ctrl Pts',(-7.19581063929466,-9.65604097233661,5.19225496624332));
#3732=CARTESIAN_POINT('Ctrl Pts',(-7.23563711353424,-9.51481008967736,5.20982401307901));
#3733=CARTESIAN_POINT('Ctrl Pts',(-7.29187208143041,-9.29447375571228,5.23717040034187));
#3734=CARTESIAN_POINT('Ctrl Pts',(-7.36863668845197,-8.94391345225471,5.27959817079236));
#3735=CARTESIAN_POINT('Ctrl Pts',(-7.42833219829682,-8.60189346372364,5.32006818005548));
#3736=CARTESIAN_POINT('Ctrl Pts',(-7.48358601811962,-8.23070461998978,5.36341091816179));
#3737=CARTESIAN_POINT('Ctrl Pts',(-7.53741335055644,-7.80694835020731,5.41241691089965));
#3738=CARTESIAN_POINT('Ctrl Pts',(-7.59527814639484,-7.21154168200943,5.48000293211018));
#3739=CARTESIAN_POINT('Ctrl Pts',(-7.64521140994407,-6.51344762915401,5.55701705687189));
#3740=CARTESIAN_POINT('Ctrl Pts',(-7.68546968972141,-5.75081497522414,5.63818457163572));
#3741=CARTESIAN_POINT('Ctrl Pts',(-7.70942186473568,-5.13690706343306,5.70086469485769));
#3742=CARTESIAN_POINT('Ctrl Pts',(-7.72147833217686,-4.77138060320823,5.7372106213473));
#3743=CARTESIAN_POINT('Ctrl Pts',(-7.73175222384034,-4.44741161830388,5.76923732835278));
#3744=CARTESIAN_POINT('Ctrl Pts',(-7.74374296615663,-4.02227633285351,5.81055902521186));
#3745=CARTESIAN_POINT('Ctrl Pts',(-7.75826664032549,-3.41264756503254,5.86830340301104));
#3746=CARTESIAN_POINT('Ctrl Pts',(-7.77030227256724,-2.83499725397973,5.92191769211296));
#3747=CARTESIAN_POINT('Ctrl Pts',(-7.781296198975,-2.23531591016107,5.97645050015106));
#3748=CARTESIAN_POINT('Ctrl Pts',(-7.78814434555735,-1.81393597081001,6.0138964844103));
#3749=CARTESIAN_POINT('Ctrl Pts',(-7.79500436755316,-1.36831877524511,6.05290477429144));
#3750=CARTESIAN_POINT('Ctrl Pts',(-7.80020396413186,-1.00878597210512,6.083840191531));
#3751=CARTESIAN_POINT('Ctrl Pts',(-7.80572492869802,-0.593451401131427,
6.11826698210381));
#3752=CARTESIAN_POINT('Ctrl Pts',(-7.80844068929373,-0.378341456473809,
6.13568155163822));
#3753=CARTESIAN_POINT('Ctrl Pts',(-7.80994343302098,-0.255644498051408,
6.14548598257026));
#3754=CARTESIAN_POINT('Ctrl Pts',(-7.81066893690598,-0.195135683238197,
6.15027825021174));
#3755=CARTESIAN_POINT('Ctrl Pts',(-7.81104489360828,-0.163415886095773,
6.15277970344124));
#3756=CARTESIAN_POINT('Ctrl Pts',(-7.81109231522546,-0.159389853865808,
6.15309747413011));
#3757=CARTESIAN_POINT('Ctrl Pts',(-7.81113965441888,-0.155369072976005,
6.15341443140877));
#3758=CARTESIAN_POINT('Ctrl Pts',(-7.81115554500049,-0.154017807076031,
6.15352093788858));
#3759=CARTESIAN_POINT('Ctrl Pts',(-7.02391892007537,-9.9479553893196,5.24299180688409));
#3760=CARTESIAN_POINT('Ctrl Pts',(-7.03047841038466,-9.93885922511759,5.24169435768516));
#3761=CARTESIAN_POINT('Ctrl Pts',(-7.03058038235157,-9.93792316018048,5.2420357299529));
#3762=CARTESIAN_POINT('Ctrl Pts',(-7.03536026227262,-9.92997504317407,5.2416812146468));
#3763=CARTESIAN_POINT('Ctrl Pts',(-7.03904477630376,-9.92225539888466,5.24210847345079));
#3764=CARTESIAN_POINT('Ctrl Pts',(-7.04656579569073,-9.90656777593495,5.24290270011864));
#3765=CARTESIAN_POINT('Ctrl Pts',(-7.05684176074033,-9.88137573457184,5.24548958798806));
#3766=CARTESIAN_POINT('Ctrl Pts',(-7.06971114765412,-9.84749915069227,5.24943199422114));
#3767=CARTESIAN_POINT('Ctrl Pts',(-7.08295507290398,-9.80940344634544,5.25446822280862));
#3768=CARTESIAN_POINT('Ctrl Pts',(-7.10423379694892,-9.74566381613211,5.2630610890609));
#3769=CARTESIAN_POINT('Ctrl Pts',(-7.13088352674073,-9.65869134461027,5.27530317007323));
#3770=CARTESIAN_POINT('Ctrl Pts',(-7.17093678867147,-9.51833270566499,5.29476106643535));
#3771=CARTESIAN_POINT('Ctrl Pts',(-7.22759018578136,-9.29908537795033,5.32476403256942));
#3772=CARTESIAN_POINT('Ctrl Pts',(-7.30509402979337,-8.94987171712317,5.37081618301382));
#3773=CARTESIAN_POINT('Ctrl Pts',(-7.36547624676473,-8.60876137085981,5.41408398853519));
#3774=CARTESIAN_POINT('Ctrl Pts',(-7.42134866355106,-8.23834089453622,5.45998092531565));
#3775=CARTESIAN_POINT('Ctrl Pts',(-7.47575489471801,-7.81524642662644,5.51148624568974));
#3776=CARTESIAN_POINT('Ctrl Pts',(-7.53406178245652,-7.22040387598887,5.58183930469256));
#3777=CARTESIAN_POINT('Ctrl Pts',(-7.58402520132549,-6.52266987012189,5.66153489673546));
#3778=CARTESIAN_POINT('Ctrl Pts',(-7.62385924929332,-5.76025953762281,5.74537481871062));
#3779=CARTESIAN_POINT('Ctrl Pts',(-7.64717673876461,-5.14648547070944,5.81020431600289));
#3780=CARTESIAN_POINT('Ctrl Pts',(-7.65877813320028,-4.78104889768861,5.84786625485733));
#3781=CARTESIAN_POINT('Ctrl Pts',(-7.66863568301492,-4.45716212909537,5.8810688566402));
#3782=CARTESIAN_POINT('Ctrl Pts',(-7.6800331800988,-4.03214587777992,5.92397537064874));
#3783=CARTESIAN_POINT('Ctrl Pts',(-7.69364060344946,-3.42273196612368,5.98409035363212));
#3784=CARTESIAN_POINT('Ctrl Pts',(-7.7047894469982,-2.84532101858154,6.04004355648501));
#3785=CARTESIAN_POINT('Ctrl Pts',(-7.71487180296007,-2.24591970955647,6.09710512390787));
#3786=CARTESIAN_POINT('Ctrl Pts',(-7.72110987114133,-1.82474584009487,6.13642205837504));
#3787=CARTESIAN_POINT('Ctrl Pts',(-7.72734743548895,-1.37933935607336,6.17746667656868));
#3788=CARTESIAN_POINT('Ctrl Pts',(-7.73207108540928,-1.01996553200346,6.21011658689001));
#3789=CARTESIAN_POINT('Ctrl Pts',(-7.73709328220053,-0.604809311024874,
6.24666148754102));
#3790=CARTESIAN_POINT('Ctrl Pts',(-7.73956970676156,-0.389797040558599,
6.26521888453318));
#3791=CARTESIAN_POINT('Ctrl Pts',(-7.7409416833933,-0.267161943190368,6.27568691817989));
#3792=CARTESIAN_POINT('Ctrl Pts',(-7.74160502241217,-0.206682131403422,
6.28081151253591));
#3793=CARTESIAN_POINT('Ctrl Pts',(-7.74194886236445,-0.174980988627479,
6.28348768096001));
#3794=CARTESIAN_POINT('Ctrl Pts',(-7.74199218624588,-0.170957640245911,
6.28382751304459));
#3795=CARTESIAN_POINT('Ctrl Pts',(-7.74203545750201,-0.166939366080199,
6.28416657832442));
#3796=CARTESIAN_POINT('Ctrl Pts',(-7.74204998137798,-0.1655889435571,6.28428051359468));
#3797=CARTESIAN_POINT('Ctrl Pts',(-6.86573849983356,-9.93302032803836,5.3852858961686));
#3798=CARTESIAN_POINT('Ctrl Pts',(-6.87176868570665,-9.92545452483544,5.38515095395973));
#3799=CARTESIAN_POINT('Ctrl Pts',(-6.87189555374297,-9.92444383519748,5.38545955203154));
#3800=CARTESIAN_POINT('Ctrl Pts',(-6.87634289430965,-9.91745016741265,5.38586974450953));
#3801=CARTESIAN_POINT('Ctrl Pts',(-6.87983313416692,-9.91027580350393,5.38678975070413));
#3802=CARTESIAN_POINT('Ctrl Pts',(-6.88694771510646,-9.89572262156178,5.38860429074951));
#3803=CARTESIAN_POINT('Ctrl Pts',(-6.89679544615888,-9.87167258072027,5.39239007274491));
#3804=CARTESIAN_POINT('Ctrl Pts',(-6.90918487552722,-9.83903665738308,5.39776169829449));
#3805=CARTESIAN_POINT('Ctrl Pts',(-6.92201846687999,-9.80195748278349,5.40416763253168));
#3806=CARTESIAN_POINT('Ctrl Pts',(-6.94268252459098,-9.73972851088325,5.41493589915157));
#3807=CARTESIAN_POINT('Ctrl Pts',(-6.96870323272659,-9.65429521087346,5.42979873669916));
#3808=CARTESIAN_POINT('Ctrl Pts',(-7.00791566308664,-9.51611689380976,5.45324311732536));
#3809=CARTESIAN_POINT('Ctrl Pts',(-7.06361420870039,-9.29966397472087,5.48887487904036));
#3810=CARTESIAN_POINT('Ctrl Pts',(-7.14015890998996,-8.9540956335057,5.54272376436755));
#3811=CARTESIAN_POINT('Ctrl Pts',(-7.20005288496638,-8.6156742881449,5.59203506660079));
#3812=CARTESIAN_POINT('Ctrl Pts',(-7.25545921735735,-8.24769781300751,5.64358246276339));
#3813=CARTESIAN_POINT('Ctrl Pts',(-7.3093889317885,-7.82688025095121,5.70056449124728));
#3814=CARTESIAN_POINT('Ctrl Pts',(-7.36683997723874,-7.23431594549569,5.77694385538335));
#3815=CARTESIAN_POINT('Ctrl Pts',(-7.41529737689223,-6.53838592610857,5.86234436172622));
#3816=CARTESIAN_POINT('Ctrl Pts',(-7.45285095418804,-5.77734361569596,5.95172322384687));
#3817=CARTESIAN_POINT('Ctrl Pts',(-7.47383936181681,-5.16439418953856,6.02087610878105));
#3818=CARTESIAN_POINT('Ctrl Pts',(-7.48390179319171,-4.79941158976545,6.06118686291947));
#3819=CARTESIAN_POINT('Ctrl Pts',(-7.49236906055535,-4.47592144816814,6.09674964316624));
#3820=CARTESIAN_POINT('Ctrl Pts',(-7.50184483265628,-4.05140781823372,6.14280156870321));
#3821=CARTESIAN_POINT('Ctrl Pts',(-7.5125364931048,-3.44272661122427,6.20764887830432));
#3822=CARTESIAN_POINT('Ctrl Pts',(-7.52085302492622,-2.86603397562712,6.26826645427973));
#3823=CARTESIAN_POINT('Ctrl Pts',(-7.52796983488986,-2.26740820958568,6.33040646187217));
#3824=CARTESIAN_POINT('Ctrl Pts',(-7.53214195719699,-1.84678964643517,6.3734896644251));
#3825=CARTESIAN_POINT('Ctrl Pts',(-7.53620921021853,-1.40196585907631,6.41868811620947));
#3826=CARTESIAN_POINT('Ctrl Pts',(-7.53920157948004,-1.04304680398884,6.45480629064771));
#3827=CARTESIAN_POINT('Ctrl Pts',(-7.54225427310954,-0.628438034267945,
6.49572301076861));
#3828=CARTESIAN_POINT('Ctrl Pts',(-7.5437254117544,-0.413730013622252,6.51664970453794));
#3829=CARTESIAN_POINT('Ctrl Pts',(-7.54452913634415,-0.291283333623508,
6.52850429395188));
#3830=CARTESIAN_POINT('Ctrl Pts',(-7.54491436032813,-0.230895292519561,
6.53432314407112));
#3831=CARTESIAN_POINT('Ctrl Pts',(-7.54511296692449,-0.199248594494349,
6.53736596291064));
#3832=CARTESIAN_POINT('Ctrl Pts',(-7.54513786146838,-0.195233450098485,
6.53775210966611));
#3833=CARTESIAN_POINT('Ctrl Pts',(-7.54516274343439,-0.191222777017194,
6.53813760581514));
#3834=CARTESIAN_POINT('Ctrl Pts',(-7.54517108845591,-0.189874933086794,
6.53826714681369));
#3835=CARTESIAN_POINT('Ctrl Pts',(-6.51573240821584,-9.86245029593373,5.54266352275112));
#3836=CARTESIAN_POINT('Ctrl Pts',(-6.51929720583017,-9.85807957567982,5.54372983078298));
#3837=CARTESIAN_POINT('Ctrl Pts',(-6.5195193314625,-9.8569168924372,5.54400571355374));
#3838=CARTESIAN_POINT('Ctrl Pts',(-6.52238604781045,-9.85192117033485,5.545208087092));
#3839=CARTESIAN_POINT('Ctrl Pts',(-6.52491107201282,-9.84589444662066,5.54664145655675));
#3840=CARTESIAN_POINT('Ctrl Pts',(-6.53001802465107,-9.8337244605833,5.54951986100298));
#3841=CARTESIAN_POINT('Ctrl Pts',(-6.5376421086144,-9.81208156570889,5.55456803131996));
#3842=CARTESIAN_POINT('Ctrl Pts',(-6.54746144712005,-9.78205917886723,5.56146076233415));
#3843=CARTESIAN_POINT('Ctrl Pts',(-6.55796237583838,-9.74712586971405,5.56934311728677));
#3844=CARTESIAN_POINT('Ctrl Pts',(-6.57500965148217,-9.6880903234134,5.58247480032106));
#3845=CARTESIAN_POINT('Ctrl Pts',(-6.59689279378181,-9.60594638542538,5.60026058880103));
#3846=CARTESIAN_POINT('Ctrl Pts',(-6.63004680906282,-9.47250234182984,5.62818457580018));
#3847=CARTESIAN_POINT('Ctrl Pts',(-6.67752673208292,-9.2623392052436,5.67028705176927));
#3848=CARTESIAN_POINT('Ctrl Pts',(-6.74316815493792,-8.92553569630245,5.73325032259632));
#3849=CARTESIAN_POINT('Ctrl Pts',(-6.79481668162441,-8.59432789563001,5.78979005505296));
#3850=CARTESIAN_POINT('Ctrl Pts',(-6.84260625624155,-8.23334154747289,5.84798318480485));
#3851=CARTESIAN_POINT('Ctrl Pts',(-6.88903973646995,-7.81957211155956,5.91146596825593));
#3852=CARTESIAN_POINT('Ctrl Pts',(-6.93786833593737,-7.23497615853651,5.99491666302654));
#3853=CARTESIAN_POINT('Ctrl Pts',(-6.97742330703601,-6.54620095883864,6.08690702331798));
#3854=CARTESIAN_POINT('Ctrl Pts',(-7.00553234306834,-5.7910984561464,6.18260742677755));
#3855=CARTESIAN_POINT('Ctrl Pts',(-7.0186073377131,-5.18176604213634,6.25674192363836));
#3856=CARTESIAN_POINT('Ctrl Pts',(-7.02376324683086,-4.81862989145298,6.30011298937336));
#3857=CARTESIAN_POINT('Ctrl Pts',(-7.02784123089837,-4.49672051233885,6.33841341808638));
#3858=CARTESIAN_POINT('Ctrl Pts',(-7.0313905010566,-4.07407945603647,6.38816789844507));
#3859=CARTESIAN_POINT('Ctrl Pts',(-7.03324348468734,-3.46774345916768,6.45863984160483));
#3860=CARTESIAN_POINT('Ctrl Pts',(-7.03293071301758,-2.89308441337017,6.52489843241869));
#3861=CARTESIAN_POINT('Ctrl Pts',(-7.03085726179858,-2.29644559347364,6.59326208725296));
#3862=CARTESIAN_POINT('Ctrl Pts',(-7.02838868502314,-1.8771990712136,6.64105970104861));
#3863=CARTESIAN_POINT('Ctrl Pts',(-7.02532129506992,-1.43384997487216,6.6914621274723));
#3864=CARTESIAN_POINT('Ctrl Pts',(-7.02242113100364,-1.07614513394484,6.7320191888541));
#3865=CARTESIAN_POINT('Ctrl Pts',(-7.01838249324255,-0.663098241884941,
6.77855970980315));
#3866=CARTESIAN_POINT('Ctrl Pts',(-7.01608948534827,-0.449271680657719,
6.80256245118311));
#3867=CARTESIAN_POINT('Ctrl Pts',(-7.01472284962775,-0.327355723572947,
6.81621767253634));
#3868=CARTESIAN_POINT('Ctrl Pts',(-7.01402852177017,-0.267237043954113,
6.82294203893737));
#3869=CARTESIAN_POINT('Ctrl Pts',(-7.01365999243196,-0.235736287032491,
6.82646267890546));
#3870=CARTESIAN_POINT('Ctrl Pts',(-7.01361313074905,-0.231744452970378,
6.8269087677085));
#3871=CARTESIAN_POINT('Ctrl Pts',(-7.01356621440402,-0.227755138067796,
6.82735452013829));
#3872=CARTESIAN_POINT('Ctrl Pts',(-7.01355043359806,-0.226414607541267,
6.82750429887551));
#3873=CARTESIAN_POINT('Ctrl Pts',(-6.25068749534416,-9.78098200957721,5.54420915311123));
#3874=CARTESIAN_POINT('Ctrl Pts',(-6.25194746255595,-9.77899648825604,5.54488911012641));
#3875=CARTESIAN_POINT('Ctrl Pts',(-6.25225887103658,-9.7777225402293,5.54517631216865));
#3876=CARTESIAN_POINT('Ctrl Pts',(-6.25364854738126,-9.77422153407277,5.5461255413191));
#3877=CARTESIAN_POINT('Ctrl Pts',(-6.25527287267767,-9.76905734528614,5.54739748525057));
#3878=CARTESIAN_POINT('Ctrl Pts',(-6.25850739259295,-9.75867632794151,5.54994294956327));
#3879=CARTESIAN_POINT('Ctrl Pts',(-6.26406360827513,-9.73884699317107,5.55460992340566));
#3880=CARTESIAN_POINT('Ctrl Pts',(-6.27150032930373,-9.71079356185372,5.56106001398488));
#3881=CARTESIAN_POINT('Ctrl Pts',(-6.2798376144611,-9.67748160187105,5.56854087628832));
#3882=CARTESIAN_POINT('Ctrl Pts',(-6.29352360166564,-9.62086224170034,5.58105807831319));
#3883=CARTESIAN_POINT('Ctrl Pts',(-6.31159844149885,-9.54121794511632,5.59811569923381));
#3884=CARTESIAN_POINT('Ctrl Pts',(-6.33908259431499,-9.41141566665922,5.62502401247933));
#3885=CARTESIAN_POINT('Ctrl Pts',(-6.37887862169461,-9.20618265674097,5.66569553711602));
#3886=CARTESIAN_POINT('Ctrl Pts',(-6.43416541436148,-8.87651070437456,5.72671983967397));
#3887=CARTESIAN_POINT('Ctrl Pts',(-6.47801840326328,-8.55148965145105,5.78161281408604));
#3888=CARTESIAN_POINT('Ctrl Pts',(-6.51838610396617,-8.19672907566493,5.83837960510851));
#3889=CARTESIAN_POINT('Ctrl Pts',(-6.55767740676645,-7.78943703212665,5.90033867580817));
#3890=CARTESIAN_POINT('Ctrl Pts',(-6.59846360685634,-7.21254139106458,5.98207102916594));
#3891=CARTESIAN_POINT('Ctrl Pts',(-6.63005716214285,-6.5310049626604,6.07251776057828));
#3892=CARTESIAN_POINT('Ctrl Pts',(-6.65000917123456,-5.78209830136434,6.16701164190046));
#3893=CARTESIAN_POINT('Ctrl Pts',(-6.65646651978343,-5.17653039081347,6.24047382416732));
#3894=CARTESIAN_POINT('Ctrl Pts',(-6.65749020155842,-4.81526998672333,6.28359137054011));
#3895=CARTESIAN_POINT('Ctrl Pts',(-6.65788064564106,-4.4949513313798,6.32168393572932));
#3896=CARTESIAN_POINT('Ctrl Pts',(-6.65650705636689,-4.07412746196009,6.37120993492597));
#3897=CARTESIAN_POINT('Ctrl Pts',(-6.65092315041393,-3.46990571988037,6.44157928537613));
#3898=CARTESIAN_POINT('Ctrl Pts',(-6.64333424033428,-2.8969308063966,6.5078470055233));
#3899=CARTESIAN_POINT('Ctrl Pts',(-6.63341707400799,-2.30181366803527,6.57636721487122));
#3900=CARTESIAN_POINT('Ctrl Pts',(-6.62524911834297,-1.88357004611479,6.62432923151786));
#3901=CARTESIAN_POINT('Ctrl Pts',(-6.61594289181149,-1.44133435709162,6.6750070493911));
#3902=CARTESIAN_POINT('Ctrl Pts',(-6.60794023614852,-1.08456338286713,6.71574734903708));
#3903=CARTESIAN_POINT('Ctrl Pts',(-6.59758078944392,-0.672792863849545,
6.76264423972056));
#3904=CARTESIAN_POINT('Ctrl Pts',(-6.59190830130455,-0.459690949811732,
6.78684955367873));
#3905=CARTESIAN_POINT('Ctrl Pts',(-6.58857083054352,-0.338204885073575,
6.80063854302213));
#3906=CARTESIAN_POINT('Ctrl Pts',(-6.58689597416906,-0.278309920877691,
6.80742831587539));
#3907=CARTESIAN_POINT('Ctrl Pts',(-6.5860088726154,-0.246923068124908,6.81098648953804));
#3908=CARTESIAN_POINT('Ctrl Pts',(-6.58589636642299,-0.242950410558217,
6.81143692179787));
#3909=CARTESIAN_POINT('Ctrl Pts',(-6.58578373109944,-0.238978477200326,
6.8118872132194));
#3910=CARTESIAN_POINT('Ctrl Pts',(-6.58574586013313,-0.237643943565182,
6.81203850896596));
#3911=CARTESIAN_POINT('Ctrl Pts',(-6.11150333167612,-9.73044414954504,5.51247025711731));
#3912=CARTESIAN_POINT('Ctrl Pts',(-6.11168568996906,-9.72977839934542,5.51262251216715));
#3913=CARTESIAN_POINT('Ctrl Pts',(-6.11204260673685,-9.72844392489988,5.51292522521822));
#3914=CARTESIAN_POINT('Ctrl Pts',(-6.1127477504639,-9.72577176027113,5.51352851667785));
#3915=CARTESIAN_POINT('Ctrl Pts',(-6.11396254981141,-9.72108844988431,5.51457947674485));
#3916=CARTESIAN_POINT('Ctrl Pts',(-6.11634375304436,-9.71170484338256,5.51666854215038));
#3917=CARTESIAN_POINT('Ctrl Pts',(-6.12097648228975,-9.69289505851512,5.52080945078055));
#3918=CARTESIAN_POINT('Ctrl Pts',(-6.12735500968721,-9.66595523673776,5.52664765502961));
#3919=CARTESIAN_POINT('Ctrl Pts',(-6.13475163640921,-9.63356877745743,5.53355794099391));
#3920=CARTESIAN_POINT('Ctrl Pts',(-6.14699013426219,-9.57833357692479,5.54518439871343));
#3921=CARTESIAN_POINT('Ctrl Pts',(-6.16340847757818,-9.50014226873414,5.56123718534472));
#3922=CARTESIAN_POINT('Ctrl Pts',(-6.18851350155101,-9.37245280446722,5.58662780965176));
#3923=CARTESIAN_POINT('Ctrl Pts',(-6.2250650321806,-9.17009273616378,5.62526065778464));
#3924=CARTESIAN_POINT('Ctrl Pts',(-6.27608929580742,-8.84454577874776,5.68351132287621));
#3925=CARTESIAN_POINT('Ctrl Pts',(-6.31667829955008,-8.52308339426341,5.73631759341245));
#3926=CARTESIAN_POINT('Ctrl Pts',(-6.35419394897236,-8.1718552648312,5.79099762246292));
#3927=CARTESIAN_POINT('Ctrl Pts',(-6.39062667867994,-7.76824143654813,5.8509713184977));
#3928=CARTESIAN_POINT('Ctrl Pts',(-6.42817111612678,-7.19569916133011,5.9304768265096));
#3929=CARTESIAN_POINT('Ctrl Pts',(-6.45640485656937,-6.51824925696472,6.01885686155031));
#3930=CARTESIAN_POINT('Ctrl Pts',(-6.47274603762182,-5.77282770079855,6.11146156607218));
#3931=CARTESIAN_POINT('Ctrl Pts',(-6.47606390735016,-5.16937206821799,6.1836383165434));
#3932=CARTESIAN_POINT('Ctrl Pts',(-6.47513720916288,-4.80914164930859,6.22600864061544));
#3933=CARTESIAN_POINT('Ctrl Pts',(-6.4737721693758,-4.48969458656405,6.26345211514202));
#3934=CARTESIAN_POINT('Ctrl Pts',(-6.46997322380085,-4.06986431543599,6.31218916258873));
#3935=CARTESIAN_POINT('Ctrl Pts',(-6.46075566462337,-3.46675046550785,6.38144057740758));
#3936=CARTESIAN_POINT('Ctrl Pts',(-6.44955748144191,-2.8946325533124,6.44670347842881));
#3937=CARTESIAN_POINT('Ctrl Pts',(-6.43576706645729,-2.30025537320413,6.51419125511875));
#3938=CARTESIAN_POINT('Ctrl Pts',(-6.4247472064247,-1.88249591556987,6.56146266576739));
#3939=CARTESIAN_POINT('Ctrl Pts',(-6.41240309670156,-1.44079018741777,6.61135616342329));
#3940=CARTESIAN_POINT('Ctrl Pts',(-6.40182228223517,-1.08448892700119,6.6515231518175));
#3941=CARTESIAN_POINT('Ctrl Pts',(-6.38838694710355,-0.673355848334418,
6.6976725258538));
#3942=CARTESIAN_POINT('Ctrl Pts',(-6.38107051030957,-0.460617637313194,
6.72148662403054));
#3943=CARTESIAN_POINT('Ctrl Pts',(-6.37678994490519,-0.339342701461377,
6.73504182802545));
#3944=CARTESIAN_POINT('Ctrl Pts',(-6.3746436988427,-0.279559584911296,6.74171704688805));
#3945=CARTESIAN_POINT('Ctrl Pts',(-6.37350989359492,-0.248227353192908,
6.74521381816696));
#3946=CARTESIAN_POINT('Ctrl Pts',(-6.37336635159527,-0.244264112350955,
6.74565610123375));
#3947=CARTESIAN_POINT('Ctrl Pts',(-6.37322260661177,-0.240300671224744,
6.74609836485773));
#3948=CARTESIAN_POINT('Ctrl Pts',(-6.37317429070309,-0.238969076813574,
6.74624694715063));
#3949=CARTESIAN_POINT('',(-6.37317429070313,-0.238969076814495,6.74624694715053));
#3950=CARTESIAN_POINT('Ctrl Pts',(-6.37317429070309,-0.238969076813574,
6.74624694715063));
#3951=CARTESIAN_POINT('Ctrl Pts',(-6.58574586013313,-0.237643943565182,
6.81203850896596));
#3952=CARTESIAN_POINT('Ctrl Pts',(-7.01355043359806,-0.226414607541267,
6.82750429887551));
#3953=CARTESIAN_POINT('Ctrl Pts',(-7.54517108845591,-0.189874933086794,
6.53826714681369));
#3954=CARTESIAN_POINT('Ctrl Pts',(-7.74204998137798,-0.1655889435571,6.28428051359468));
#3955=CARTESIAN_POINT('Ctrl Pts',(-7.81115554500049,-0.154017807076031,
6.15352093788858));
#3956=CARTESIAN_POINT('Ctrl Pts',(-6.11150333167612,-9.73044414954504,5.51247025711731));
#3957=CARTESIAN_POINT('Ctrl Pts',(-6.11168568996906,-9.72977839934542,5.51262251216715));
#3958=CARTESIAN_POINT('Ctrl Pts',(-6.11204260673685,-9.72844392489988,5.51292522521822));
#3959=CARTESIAN_POINT('Ctrl Pts',(-6.1127477504639,-9.72577176027113,5.51352851667785));
#3960=CARTESIAN_POINT('Ctrl Pts',(-6.11396254981141,-9.72108844988431,5.51457947674485));
#3961=CARTESIAN_POINT('Ctrl Pts',(-6.11634375304436,-9.71170484338256,5.51666854215038));
#3962=CARTESIAN_POINT('Ctrl Pts',(-6.12097648228975,-9.69289505851512,5.52080945078055));
#3963=CARTESIAN_POINT('Ctrl Pts',(-6.12735500968721,-9.66595523673776,5.52664765502961));
#3964=CARTESIAN_POINT('Ctrl Pts',(-6.13475163640921,-9.63356877745743,5.53355794099391));
#3965=CARTESIAN_POINT('Ctrl Pts',(-6.14699013426219,-9.57833357692479,5.54518439871343));
#3966=CARTESIAN_POINT('Ctrl Pts',(-6.16340847757818,-9.50014226873414,5.56123718534472));
#3967=CARTESIAN_POINT('Ctrl Pts',(-6.18851350155101,-9.37245280446722,5.58662780965176));
#3968=CARTESIAN_POINT('Ctrl Pts',(-6.2250650321806,-9.17009273616378,5.62526065778464));
#3969=CARTESIAN_POINT('Ctrl Pts',(-6.27608929580742,-8.84454577874776,5.68351132287621));
#3970=CARTESIAN_POINT('Ctrl Pts',(-6.31667829955008,-8.52308339426341,5.73631759341245));
#3971=CARTESIAN_POINT('Ctrl Pts',(-6.35419394897236,-8.1718552648312,5.79099762246292));
#3972=CARTESIAN_POINT('Ctrl Pts',(-6.39062667867994,-7.76824143654813,5.8509713184977));
#3973=CARTESIAN_POINT('Ctrl Pts',(-6.42817111612678,-7.19569916133011,5.9304768265096));
#3974=CARTESIAN_POINT('Ctrl Pts',(-6.45640485656937,-6.51824925696472,6.01885686155031));
#3975=CARTESIAN_POINT('Ctrl Pts',(-6.47274603762182,-5.77282770079855,6.11146156607218));
#3976=CARTESIAN_POINT('Ctrl Pts',(-6.47606390735016,-5.16937206821799,6.1836383165434));
#3977=CARTESIAN_POINT('Ctrl Pts',(-6.47513720916288,-4.80914164930859,6.22600864061544));
#3978=CARTESIAN_POINT('Ctrl Pts',(-6.4737721693758,-4.48969458656405,6.26345211514202));
#3979=CARTESIAN_POINT('Ctrl Pts',(-6.46997322380085,-4.06986431543599,6.31218916258873));
#3980=CARTESIAN_POINT('Ctrl Pts',(-6.46075566462337,-3.46675046550785,6.38144057740758));
#3981=CARTESIAN_POINT('Ctrl Pts',(-6.44955748144191,-2.8946325533124,6.44670347842881));
#3982=CARTESIAN_POINT('Ctrl Pts',(-6.43576706645729,-2.30025537320413,6.51419125511875));
#3983=CARTESIAN_POINT('Ctrl Pts',(-6.4247472064247,-1.88249591556987,6.56146266576739));
#3984=CARTESIAN_POINT('Ctrl Pts',(-6.41240309670156,-1.44079018741777,6.61135616342329));
#3985=CARTESIAN_POINT('Ctrl Pts',(-6.40182228223517,-1.08448892700119,6.6515231518175));
#3986=CARTESIAN_POINT('Ctrl Pts',(-6.38838694710355,-0.673355848334418,
6.6976725258538));
#3987=CARTESIAN_POINT('Ctrl Pts',(-6.38107051030957,-0.460617637313194,
6.72148662403054));
#3988=CARTESIAN_POINT('Ctrl Pts',(-6.37678994490519,-0.339342701461377,
6.73504182802545));
#3989=CARTESIAN_POINT('Ctrl Pts',(-6.3746436988427,-0.279559584911296,6.74171704688805));
#3990=CARTESIAN_POINT('Ctrl Pts',(-6.37350989359492,-0.248227353192908,
6.74521381816696));
#3991=CARTESIAN_POINT('Ctrl Pts',(-6.37336635159527,-0.244264112350955,
6.74565610123375));
#3992=CARTESIAN_POINT('Ctrl Pts',(-6.37322260661177,-0.240300671224744,
6.74609836485773));
#3993=CARTESIAN_POINT('Ctrl Pts',(-6.37317429070309,-0.238969076813574,
6.74624694715063));
#3994=CARTESIAN_POINT('Ctrl Pts',(-7.81115554500048,-0.154017807076955,
6.1535209378885));
#3995=CARTESIAN_POINT('Ctrl Pts',(-7.81138689615771,-0.134344711566074,
6.15507156693187));
#3996=CARTESIAN_POINT('Ctrl Pts',(-7.81185185002605,-0.0936874733578974,
6.15827966213844));
#3997=CARTESIAN_POINT('Ctrl Pts',(-7.81229469827009,-0.0526798526485336,
6.16152175209145));
#3998=CARTESIAN_POINT('Ctrl Pts',(-7.81251784885297,-0.0312737135913371,
6.16321789391586));
#3999=CARTESIAN_POINT('Ctrl Pts',(-7.81273632044282,-0.010301948085155,
6.16487966980303));
#4000=CARTESIAN_POINT('Ctrl Pts',(-7.81315441705414,0.0312207372083038,
6.16817599151182));
#4001=CARTESIAN_POINT('Ctrl Pts',(-7.81374052779884,0.0937253082396272,
6.17315725019983));
#4002=CARTESIAN_POINT('Ctrl Pts',(-7.81428666984993,0.156671581251157,6.17819559817769));
#4003=CARTESIAN_POINT('Ctrl Pts',(-7.81478830081141,0.219614115428012,6.18325824158539));
#4004=CARTESIAN_POINT('Ctrl Pts',(-7.81524495094552,0.282552718705786,6.18834797015996));
#4005=CARTESIAN_POINT('Ctrl Pts',(-7.81565611582576,0.345483296928062,6.19346718049218));
#4006=CARTESIAN_POINT('Ctrl Pts',(-7.81602121460196,0.408402783945585,6.19861844095957));
#4007=CARTESIAN_POINT('Ctrl Pts',(-7.81626206564033,0.455987398089839,6.20254131692013));
#4008=CARTESIAN_POINT('Ctrl Pts',(-7.81638405379933,0.482599480286955,6.2047456255398));
#4009=CARTESIAN_POINT('Ctrl Pts',(-7.8164093622923,0.488245983450565,6.20521380996715));
#4010=CARTESIAN_POINT('Ctrl Pts',(-7.74204998137794,-0.165588943558021,
6.28428051359459));
#4011=CARTESIAN_POINT('Ctrl Pts',(-7.74226132104246,-0.145966565898304,
6.2859364464965));
#4012=CARTESIAN_POINT('Ctrl Pts',(-7.74268552124866,-0.105399128487074,
6.28936447719824));
#4013=CARTESIAN_POINT('Ctrl Pts',(-7.74308814799446,-0.064497197832999,
6.29282919244742));
#4014=CARTESIAN_POINT('Ctrl Pts',(-7.74329063702422,-0.0431484903734039,
6.29464168120963));
#4015=CARTESIAN_POINT('Ctrl Pts',(-7.74348887235345,-0.022232069840108,
6.29641753454896));
#4016=CARTESIAN_POINT('Ctrl Pts',(-7.74386748732209,0.0191825257595556,
6.29994061426828));
#4017=CARTESIAN_POINT('Ctrl Pts',(-7.74439578025808,0.0815228105804126,
6.30526541211556));
#4018=CARTESIAN_POINT('Ctrl Pts',(-7.74488527262614,0.144300374009017,6.31065161756534));
#4019=CARTESIAN_POINT('Ctrl Pts',(-7.74533180462917,0.207069863396217,6.31606363589828));
#4020=CARTESIAN_POINT('Ctrl Pts',(-7.74573488953874,0.269831360855337,6.32150401360274));
#4021=CARTESIAN_POINT('Ctrl Pts',(-7.74609401060948,0.332580336316535,6.32697482432167));
#4022=CARTESIAN_POINT('Ctrl Pts',(-7.74640858405301,0.395313581739702,6.33247833260625));
#4023=CARTESIAN_POINT('Ctrl Pts',(-7.74661236683884,0.442753498725396,6.33666790055572));
#4024=CARTESIAN_POINT('Ctrl Pts',(-7.74671403309861,0.469283223111508,6.33902137898172));
#4025=CARTESIAN_POINT('Ctrl Pts',(-7.74673504818168,0.474912185641706,6.33952121373559));
#4026=CARTESIAN_POINT('Ctrl Pts',(-7.54506076159477,-0.1898757269313,6.53823444915893));
#4027=CARTESIAN_POINT('Ctrl Pts',(-7.54518156014765,-0.170370026255778,
6.54010931375455));
#4028=CARTESIAN_POINT('Ctrl Pts',(-7.54541918643155,-0.130025169062525,
6.54399412117071));
#4029=CARTESIAN_POINT('Ctrl Pts',(-7.54563456305011,-0.0893717547751764,
6.54792207583453));
#4030=CARTESIAN_POINT('Ctrl Pts',(-7.54573981753896,-0.0681551528979104,
6.54997698618747));
#4031=CARTESIAN_POINT('Ctrl Pts',(-7.54584279464448,-0.0473678151127524,
6.55199041296484));
#4032=CARTESIAN_POINT('Ctrl Pts',(-7.54603356953298,-0.00620662036539731,
6.55598600075087));
#4033=CARTESIAN_POINT('Ctrl Pts',(-7.54628118108214,0.0557494672243826,
6.56202754186051));
#4034=CARTESIAN_POINT('Ctrl Pts',(-7.54649011630054,0.118134171762982,6.56814034880052));
#4035=CARTESIAN_POINT('Ctrl Pts',(-7.54665829312883,0.180503102544112,6.57428296421451));
#4036=CARTESIAN_POINT('Ctrl Pts',(-7.54678531591126,0.242856702313727,6.58045738693771));
#4037=CARTESIAN_POINT('Ctrl Pts',(-7.54687078305122,0.305189660374424,6.58666498859025));
#4038=CARTESIAN_POINT('Ctrl Pts',(-7.54691424288946,0.367498512232377,6.59290737439914));
#4039=CARTESIAN_POINT('Ctrl Pts',(-7.54691497883905,0.414610439883694,6.59765688791293));
#4040=CARTESIAN_POINT('Ctrl Pts',(-7.54690383856567,0.440954193744597,6.60032375390454));
#4041=CARTESIAN_POINT('Ctrl Pts',(-7.54690095274573,0.446543581539957,6.60089009102386));
#4042=CARTESIAN_POINT('Ctrl Pts',(-7.013555552004,-0.226431950221485,6.82774317443306));
#4043=CARTESIAN_POINT('Ctrl Pts',(-7.01332409103592,-0.207159066684776,
6.8298995678282));
#4044=CARTESIAN_POINT('Ctrl Pts',(-7.01283133609087,-0.167285856609802,
6.8343713841636));
#4045=CARTESIAN_POINT('Ctrl Pts',(-7.01230717959629,-0.127118704205532,
6.83889783246658));
#4046=CARTESIAN_POINT('Ctrl Pts',(-7.0120263265419,-0.106157475787521,6.8412664847749));
#4047=CARTESIAN_POINT('Ctrl Pts',(-7.01175097292981,-0.0856198214455904,
6.8435873944948));
#4048=CARTESIAN_POINT('Ctrl Pts',(-7.011191757471,-0.0449522697145435,6.84819510030533));
#4049=CARTESIAN_POINT('Ctrl Pts',(-7.01030760647534,0.0162583081315574,
6.85516742306811));
#4050=CARTESIAN_POINT('Ctrl Pts',(-7.0093744717184,0.0778882025567576,6.86222622781437));
#4051=CARTESIAN_POINT('Ctrl Pts',(-7.00839905020165,0.139497222986316,6.86932248024351));
#4052=CARTESIAN_POINT('Ctrl Pts',(-7.00738163072963,0.201085646018478,6.876457349006));
#4053=CARTESIAN_POINT('Ctrl Pts',(-7.00632259462314,0.262647567563612,6.8836312681747));
#4054=CARTESIAN_POINT('Ctrl Pts',(-7.00522228982632,0.324179144832656,6.89084492588087));
#4055=CARTESIAN_POINT('Ctrl Pts',(-7.00435903200285,0.370697969452869,6.89633217523944));
#4056=CARTESIAN_POINT('Ctrl Pts',(-7.00386527576332,0.396708041001976,6.89941251317265));
#4057=CARTESIAN_POINT('Ctrl Pts',(-7.00376001837647,0.402226537858059,6.9000666168034));
#4058=CARTESIAN_POINT('Ctrl Pts',(-6.58574586013317,-0.237643943566096,
6.81203850896581));
#4059=CARTESIAN_POINT('Ctrl Pts',(-6.58519626503712,-0.218503344439395,
6.81420545475209));
#4060=CARTESIAN_POINT('Ctrl Pts',(-6.5840438991225,-0.178924050432364,6.81869745015552));
#4061=CARTESIAN_POINT('Ctrl Pts',(-6.58284908319158,-0.139026869474805,
6.82324894818038));
#4062=CARTESIAN_POINT('Ctrl Pts',(-6.58221747061681,-0.118203952295729,
6.82563137137177));
#4063=CARTESIAN_POINT('Ctrl Pts',(-6.58159843303953,-0.0978022244697969,
6.82796573661821));
#4064=CARTESIAN_POINT('Ctrl Pts',(-6.58035712774551,-0.0574064448612581,
6.8326005307899));
#4065=CARTESIAN_POINT('Ctrl Pts',(-6.57844100353142,0.00339682330047194,
6.83961608869891));
#4066=CARTESIAN_POINT('Ctrl Pts',(-6.57646370999787,0.0646212576838666,
6.84672121615358));
#4067=CARTESIAN_POINT('Ctrl Pts',(-6.5744399192693,0.125831047482369,6.85386666851704));
#4068=CARTESIAN_POINT('Ctrl Pts',(-6.57237061390859,0.187025590341463,6.86105343451825));
#4069=CARTESIAN_POINT('Ctrl Pts',(-6.57025689546643,0.248199452382201,6.8682819250246));
#4070=CARTESIAN_POINT('Ctrl Pts',(-6.56809986712858,0.309348694293184,6.8755527377986));
#4071=CARTESIAN_POINT('Ctrl Pts',(-6.56643628946018,0.355583048153299,6.88108516815747));
#4072=CARTESIAN_POINT('Ctrl Pts',(-6.56549474820886,0.381435640574805,6.88419144243612));
#4073=CARTESIAN_POINT('Ctrl Pts',(-6.56529447392185,0.38692079646412,6.88485107926478));
#4074=CARTESIAN_POINT('Ctrl Pts',(-6.37317429070313,-0.238969076814495,
6.74624694715053));
#4075=CARTESIAN_POINT('Ctrl Pts',(-6.37247085884257,-0.219879453549183,
6.74837368223126));
#4076=CARTESIAN_POINT('Ctrl Pts',(-6.37100053624332,-0.180427753712258,
6.75278011310784));
#4077=CARTESIAN_POINT('Ctrl Pts',(-6.36948172192663,-0.14063660594958,6.75724772016764));
#4078=CARTESIAN_POINT('Ctrl Pts',(-6.36868054907143,-0.119865688071717,
6.75958678690279));
#4079=CARTESIAN_POINT('Ctrl Pts',(-6.36789544269232,-0.0995162609540854,
6.76187852474485));
#4080=CARTESIAN_POINT('Ctrl Pts',(-6.36632471886158,-0.0592262737981349,
6.76642873836369));
#4081=CARTESIAN_POINT('Ctrl Pts',(-6.36391031242852,0.00141970496582456,
6.77331736280544));
#4082=CARTESIAN_POINT('Ctrl Pts',(-6.36142885536457,0.0624899480815878,
6.78029534397941));
#4083=CARTESIAN_POINT('Ctrl Pts',(-6.3588987841714,0.123551127014252,6.78731456257768));
#4084=CARTESIAN_POINT('Ctrl Pts',(-6.35632141389509,0.184601997216554,6.79437600825009));
#4085=CARTESIAN_POINT('Ctrl Pts',(-6.35369814922277,0.245637577795874,6.801480221577));
#4086=CARTESIAN_POINT('Ctrl Pts',(-6.35103043174677,0.306653949876271,6.80862788513378));
#4087=CARTESIAN_POINT('Ctrl Pts',(-6.34897993152008,0.352792212036234,6.8140681151044));
#4088=CARTESIAN_POINT('Ctrl Pts',(-6.34782184231005,0.378592675644039,6.81712318637406));
#4089=CARTESIAN_POINT('Ctrl Pts',(-6.34757561528572,0.384066845329251,6.81777197579599));
#4090=CARTESIAN_POINT('',(-6.34757561528572,0.384066845329249,6.81777197579599));
#4091=CARTESIAN_POINT('Ctrl Pts',(-6.34757561528572,0.384066845329251,6.81777197579599));
#4092=CARTESIAN_POINT('Ctrl Pts',(-6.56532012569959,0.386350500882367,6.88478348878767));
#4093=CARTESIAN_POINT('Ctrl Pts',(-6.82840876391093,0.394959920844073,6.89384116880137));
#4094=CARTESIAN_POINT('Ctrl Pts',(-7.07329974781126,0.409444645816249,6.82050338484618));
#4095=CARTESIAN_POINT('Ctrl Pts',(-7.23656040374482,0.419101129131033,6.77161152887605));
#4096=CARTESIAN_POINT('Ctrl Pts',(-7.39173373274978,0.431368780514051,6.68610011468431));
#4097=CARTESIAN_POINT('Ctrl Pts',(-7.51927387557535,0.444393320960549,6.57799454381508));
#4098=CARTESIAN_POINT('Ctrl Pts',(-7.64681401838273,0.45741786140519,6.46988897296127));
#4099=CARTESIAN_POINT('Ctrl Pts',(-7.74672140125107,0.47119935969138,6.33918928924216));
#4100=CARTESIAN_POINT('Ctrl Pts',(-7.816390803895,0.484128204828633,6.20487246568655));
#4101=CARTESIAN_POINT('Ctrl Pts',(-6.37317429070313,-0.238969076814495,
6.74624694715053));
#4102=CARTESIAN_POINT('Ctrl Pts',(-6.37247085884257,-0.219879453549183,
6.74837368223126));
#4103=CARTESIAN_POINT('Ctrl Pts',(-6.37100053624332,-0.180427753712258,
6.75278011310784));
#4104=CARTESIAN_POINT('Ctrl Pts',(-6.36948172192663,-0.14063660594958,6.75724772016764));
#4105=CARTESIAN_POINT('Ctrl Pts',(-6.36868054907143,-0.119865688071717,
6.75958678690279));
#4106=CARTESIAN_POINT('Ctrl Pts',(-6.36789544269232,-0.0995162609540854,
6.76187852474485));
#4107=CARTESIAN_POINT('Ctrl Pts',(-6.36632471886158,-0.0592262737981349,
6.76642873836369));
#4108=CARTESIAN_POINT('Ctrl Pts',(-6.36391031242852,0.00141970496582456,
6.77331736280544));
#4109=CARTESIAN_POINT('Ctrl Pts',(-6.36142885536457,0.0624899480815878,
6.78029534397941));
#4110=CARTESIAN_POINT('Ctrl Pts',(-6.3588987841714,0.123551127014252,6.78731456257768));
#4111=CARTESIAN_POINT('Ctrl Pts',(-6.35632141389509,0.184601997216554,6.79437600825009));
#4112=CARTESIAN_POINT('Ctrl Pts',(-6.35369814922277,0.245637577795874,6.801480221577));
#4113=CARTESIAN_POINT('Ctrl Pts',(-6.35103043174677,0.306653949876271,6.80862788513378));
#4114=CARTESIAN_POINT('Ctrl Pts',(-6.34897993152008,0.352792212036234,6.8140681151044));
#4115=CARTESIAN_POINT('Ctrl Pts',(-6.34782184231005,0.378592675644039,6.81712318637406));
#4116=CARTESIAN_POINT('Ctrl Pts',(-6.34757561528572,0.384066845329251,6.81777197579599));
#4117=CARTESIAN_POINT('Ctrl Pts',(-6.3436770398148,0.384162011553293,6.81659558562708));
#4118=CARTESIAN_POINT('Ctrl Pts',(-6.34166149749443,0.55411695907969,6.83702393933031));
#4119=CARTESIAN_POINT('Ctrl Pts',(-6.33947702117593,0.724053626463492,6.85747306295824));
#4120=CARTESIAN_POINT('Ctrl Pts',(-6.32955998002112,1.44679075860739,6.94462314069165));
#4121=CARTESIAN_POINT('Ctrl Pts',(-6.32073783936013,1.99932164435374,7.01165367259717));
#4122=CARTESIAN_POINT('Ctrl Pts',(-6.29066156066032,3.56107258340914,7.20431134066454));
#4123=CARTESIAN_POINT('Ctrl Pts',(-6.2585425306736,5.07346263641691,7.3954811311496));
#4124=CARTESIAN_POINT('Ctrl Pts',(-6.13259975832989,7.04770398203825,7.68188339904083));
#4125=CARTESIAN_POINT('Ctrl Pts',(-6.00006480495044,8.01298562049332,7.84118359479694));
#4126=CARTESIAN_POINT('Ctrl Pts',(-5.87058222087047,8.53416001676463,7.93175737622464));
#4127=CARTESIAN_POINT('Ctrl Pts',(-5.85590382821419,8.5897357560908,7.94146643057488));
#4128=CARTESIAN_POINT('Ctrl Pts',(-5.84029766258601,8.64495730486721,7.95114951462351));
#4129=CARTESIAN_POINT('Ctrl Pts',(-6.66030149369308,0.377193296774251,6.91279845419045));
#4130=CARTESIAN_POINT('Ctrl Pts',(-6.65863519607269,0.54748728153294,6.93325628899141));
#4131=CARTESIAN_POINT('Ctrl Pts',(-6.65684795232092,0.717698714535175,6.95371242482326));
#4132=CARTESIAN_POINT('Ctrl Pts',(-6.64856317743165,1.44169785585846,7.04078867343161));
#4133=CARTESIAN_POINT('Ctrl Pts',(-6.64124513627089,1.99490381863739,7.10752660742947));
#4134=CARTESIAN_POINT('Ctrl Pts',(-6.6145485691164,3.56009450600453,7.29850089903269));
#4135=CARTESIAN_POINT('Ctrl Pts',(-6.5857710861353,5.07631846270184,7.48646512281601));
#4136=CARTESIAN_POINT('Ctrl Pts',(-6.45331896955085,7.07244387681571,7.76268318495374));
#4137=CARTESIAN_POINT('Ctrl Pts',(-6.30746471477522,8.06208388967509,7.9157937999858));
#4138=CARTESIAN_POINT('Ctrl Pts',(-6.16097173238368,8.60640473504065,8.0038796751846));
#4139=CARTESIAN_POINT('Ctrl Pts',(-6.1441900296661,8.66466368859367,8.01335947943437));
#4140=CARTESIAN_POINT('Ctrl Pts',(-6.1264115223354,8.7228304575209,8.02285787911412));
#4141=CARTESIAN_POINT('Ctrl Pts',(-7.28141333529865,0.393591913596694,6.84979854372594));
#4142=CARTESIAN_POINT('Ctrl Pts',(-7.28042844005953,0.564580198929556,6.86978195900928));
#4143=CARTESIAN_POINT('Ctrl Pts',(-7.27933877800011,0.735468612061717,6.88970960278916));
#4144=CARTESIAN_POINT('Ctrl Pts',(-7.27411681290902,1.46212662590437,6.97421532279796));
#4145=CARTESIAN_POINT('Ctrl Pts',(-7.26917476853303,2.01736495366215,7.03850594916814));
#4146=CARTESIAN_POINT('Ctrl Pts',(-7.24763847542352,3.58989067296489,7.22162133806441));
#4147=CARTESIAN_POINT('Ctrl Pts',(-7.22265763386805,5.11533805986443,7.40023543012492));
#4148=CARTESIAN_POINT('Ctrl Pts',(-7.06629381552597,7.15672371688883,7.67015570910019));
#4149=CARTESIAN_POINT('Ctrl Pts',(-6.88936092758612,8.19070776611111,7.82936557997584));
#4150=CARTESIAN_POINT('Ctrl Pts',(-6.70504618287151,8.77709659531877,7.92978075034793));
#4151=CARTESIAN_POINT('Ctrl Pts',(-6.68415832969873,8.83971415552629,7.94063235539397));
#4152=CARTESIAN_POINT('Ctrl Pts',(-6.6617229703896,8.90329566394061,7.95169188997892));
#4153=CARTESIAN_POINT('Ctrl Pts',(-7.70469530378421,0.451063777069604,6.41930089232731));
#4154=CARTESIAN_POINT('Ctrl Pts',(-7.70354344778167,0.622600946622703,6.43822538265567));
#4155=CARTESIAN_POINT('Ctrl Pts',(-7.70224604201182,0.794028004217686,6.45700777355191));
#4156=CARTESIAN_POINT('Ctrl Pts',(-7.69599808007078,1.52296036983949,6.53643794496887));
#4157=CARTESIAN_POINT('Ctrl Pts',(-7.68988535028924,2.07999264199741,6.59632306838062));
#4158=CARTESIAN_POINT('Ctrl Pts',(-7.66381294158874,3.65919438130105,6.76815677248716));
#4159=CARTESIAN_POINT('Ctrl Pts',(-7.63281256529801,5.19300112167372,6.93641581456869));
#4160=CARTESIAN_POINT('Ctrl Pts',(-7.45928284626567,7.26854611837316,7.22066426100195));
#4161=CARTESIAN_POINT('Ctrl Pts',(-7.27007027060416,8.33359458171728,7.40917673738894));
#4162=CARTESIAN_POINT('Ctrl Pts',(-7.07119060932012,8.94880006201358,7.54193048975094));
#4163=CARTESIAN_POINT('Ctrl Pts',(-7.04867092150806,9.01453655402196,7.55644572782573));
#4164=CARTESIAN_POINT('Ctrl Pts',(-7.02431852352067,9.08178574643919,7.57126959767197));
#4165=CARTESIAN_POINT('Ctrl Pts',(-7.81843779235661,0.478836921957757,6.20040420197502));
#4166=CARTESIAN_POINT('Ctrl Pts',(-7.81701016872303,0.650535045150976,6.21891845104252));
#4167=CARTESIAN_POINT('Ctrl Pts',(-7.81540244258948,0.822112910172746,6.23724438498135));
#4168=CARTESIAN_POINT('Ctrl Pts',(-7.80776624407137,1.55174903203242,6.31475452537862));
#4169=CARTESIAN_POINT('Ctrl Pts',(-7.80033138392804,2.10931185702223,6.37293227847626));
#4170=CARTESIAN_POINT('Ctrl Pts',(-7.77040673982967,3.69069694893089,6.54085454160779));
#4171=CARTESIAN_POINT('Ctrl Pts',(-7.73502329245952,5.22722006592336,6.7056886137304));
#4172=CARTESIAN_POINT('Ctrl Pts',(-7.55829337423835,7.31298536226259,6.99698542975453));
#4173=CARTESIAN_POINT('Ctrl Pts',(-7.36993619546567,8.38749132096779,7.19786274257702));
#4174=CARTESIAN_POINT('Ctrl Pts',(-7.17202320152732,9.0113941103285,7.34393640291164));
#4175=CARTESIAN_POINT('Ctrl Pts',(-7.14952464328277,9.07817336580757,7.3599944004972));
#4176=CARTESIAN_POINT('Ctrl Pts',(-7.12519090270297,9.14652126975694,7.3763734192417));
#4177=CARTESIAN_POINT('',(-5.84029766258602,8.64495730486723,7.95114951462351));
#4178=CARTESIAN_POINT('Ctrl Pts',(-6.3436770398148,0.384162011553293,6.81659558562708));
#4179=CARTESIAN_POINT('Ctrl Pts',(-6.34166149749443,0.55411695907969,6.83702393933031));
#4180=CARTESIAN_POINT('Ctrl Pts',(-6.33947702117593,0.724053626463492,6.85747306295824));
#4181=CARTESIAN_POINT('Ctrl Pts',(-6.32955998002112,1.44679075860739,6.94462314069165));
#4182=CARTESIAN_POINT('Ctrl Pts',(-6.32073783936013,1.99932164435374,7.01165367259717));
#4183=CARTESIAN_POINT('Ctrl Pts',(-6.29066156066032,3.56107258340914,7.20431134066454));
#4184=CARTESIAN_POINT('Ctrl Pts',(-6.2585425306736,5.07346263641691,7.3954811311496));
#4185=CARTESIAN_POINT('Ctrl Pts',(-6.13259975832989,7.04770398203825,7.68188339904083));
#4186=CARTESIAN_POINT('Ctrl Pts',(-6.00006480495044,8.01298562049332,7.84118359479694));
#4187=CARTESIAN_POINT('Ctrl Pts',(-5.87058222087047,8.53416001676463,7.93175737622464));
#4188=CARTESIAN_POINT('Ctrl Pts',(-5.85590382821419,8.5897357560908,7.94146643057488));
#4189=CARTESIAN_POINT('Ctrl Pts',(-5.84029766258601,8.64495730486721,7.95114951462351));
#4190=CARTESIAN_POINT('Origin',(-6.06611094491514,8.91893420042483,6.75263167069111));
#4191=CARTESIAN_POINT('Ctrl Pts',(-5.84029766258602,8.64495730486723,7.95114951462351));
#4192=CARTESIAN_POINT('Ctrl Pts',(-5.77670819211599,8.86996510812202,7.99060457372253));
#4193=CARTESIAN_POINT('Ctrl Pts',(-5.64258483618183,9.23698287588849,8.05548611745914));
#4194=CARTESIAN_POINT('Ctrl Pts',(-5.31618526414799,9.67074258835009,8.12280468506127));
#4195=CARTESIAN_POINT('Ctrl Pts',(-5.06777987975399,9.85814635030505,8.14584869009535));
#4196=CARTESIAN_POINT('Ctrl Pts',(-4.93598268664307,9.940555017453,8.1554252884159));
#4197=CARTESIAN_POINT('Ctrl Pts',(-6.09064728986673,8.7130963134392,8.01389433355279));
#4198=CARTESIAN_POINT('Ctrl Pts',(-6.01828291463949,8.95031806508119,8.05281669708745));
#4199=CARTESIAN_POINT('Ctrl Pts',(-5.86295099099805,9.34529545536383,8.11784685255207));
#4200=CARTESIAN_POINT('Ctrl Pts',(-5.48277912645242,9.83530174588407,8.18976646646367));
#4201=CARTESIAN_POINT('Ctrl Pts',(-5.20670932494261,10.0467319291796,8.21621145032294));
#4202=CARTESIAN_POINT('Ctrl Pts',(-5.06413668300729,10.1377895854139,8.22711149363948));
#4203=CARTESIAN_POINT('Ctrl Pts',(-6.62251521159402,8.88795792595886,7.96942461599388));
#4204=CARTESIAN_POINT('Ctrl Pts',(-6.52994129899415,9.1494450565664,8.01456817830875));
#4205=CARTESIAN_POINT('Ctrl Pts',(-6.3269794669096,9.59910515144853,8.09571188157735));
#4206=CARTESIAN_POINT('Ctrl Pts',(-5.83400234520603,10.2015976171604,8.18803364802511));
#4207=CARTESIAN_POINT('Ctrl Pts',(-5.50083850146737,10.4638796354617,8.21617107669972));
#4208=CARTESIAN_POINT('Ctrl Pts',(-5.33583343645301,10.5734658475868,8.22766245735302));
#4209=CARTESIAN_POINT('Ctrl Pts',(-7.00750646032362,9.07099649255291,7.60375229407701));
#4210=CARTESIAN_POINT('Ctrl Pts',(-6.90496845242049,9.3496738559335,7.66559985480604));
#4211=CARTESIAN_POINT('Ctrl Pts',(-6.67915746506479,9.83797103374948,7.78700686343446));
#4212=CARTESIAN_POINT('Ctrl Pts',(-6.10828489297466,10.5245525974029,7.91436835657561));
#4213=CARTESIAN_POINT('Ctrl Pts',(-5.72993839813394,10.8225994933811,7.93510671216196));
#4214=CARTESIAN_POINT('Ctrl Pts',(-5.54700805681351,10.9450662324438,7.94314239038983));
#4215=CARTESIAN_POINT('Ctrl Pts',(-7.12519090270298,9.14652126975695,7.3763734192417));
#4216=CARTESIAN_POINT('Ctrl Pts',(-7.02285480363901,9.43093358637608,7.44635998973657));
#4217=CARTESIAN_POINT('Ctrl Pts',(-6.79702575888197,9.93288591609734,7.58750351030922));
#4218=CARTESIAN_POINT('Ctrl Pts',(-6.2044308292433,10.6491278808705,7.73174260830911));
#4219=CARTESIAN_POINT('Ctrl Pts',(-5.80910708173333,10.9576164133497,7.74751782821011));
#4220=CARTESIAN_POINT('Ctrl Pts',(-5.61965287199112,11.0835322259623,7.75336954441623));
#4221=CARTESIAN_POINT('',(-4.93598268664307,9.940555017453,8.1554252884159));
#4222=CARTESIAN_POINT('Origin',(-5.06716185893523,10.2890183874305,6.96216701606215));
#4223=CARTESIAN_POINT('Ctrl Pts',(-5.84029766258602,8.64495730486723,7.95114951462351));
#4224=CARTESIAN_POINT('Ctrl Pts',(-5.77670819211599,8.86996510812202,7.99060457372253));
#4225=CARTESIAN_POINT('Ctrl Pts',(-5.64258483618183,9.23698287588849,8.05548611745914));
#4226=CARTESIAN_POINT('Ctrl Pts',(-5.31618526414799,9.67074258835009,8.12280468506127));
#4227=CARTESIAN_POINT('Ctrl Pts',(-5.06777987975399,9.85814635030505,8.14584869009535));
#4228=CARTESIAN_POINT('Ctrl Pts',(-4.93598268664307,9.940555017453,8.1554252884159));
#4229=CARTESIAN_POINT('Ctrl Pts',(-4.93598268664306,9.94055501745301,8.1554252884159));
#4230=CARTESIAN_POINT('Ctrl Pts',(-4.83814206539056,10.0017317011146,8.16253454702057));
#4231=CARTESIAN_POINT('Ctrl Pts',(-4.63411210147813,10.1124014773338,8.17481127311901));
#4232=CARTESIAN_POINT('Ctrl Pts',(-4.20014596113987,10.2911753391057,8.19250896320218));
#4233=CARTESIAN_POINT('Ctrl Pts',(-3.39817786428246,10.5143376824411,8.21131310176439));
#4234=CARTESIAN_POINT('Ctrl Pts',(-1.95630801095105,10.7129228219361,8.22546829148029));
#4235=CARTESIAN_POINT('Ctrl Pts',(-0.733605635079868,10.7600755013976,8.22889834116531));
#4236=CARTESIAN_POINT('Ctrl Pts',(-3.79182288924619E-15,10.7600758583019,
8.22889846385596));
#4237=CARTESIAN_POINT('Ctrl Pts',(-5.06413668300835,10.1377895854132,8.22711149363941));
#4238=CARTESIAN_POINT('Ctrl Pts',(-4.96029724540606,10.2041455180322,8.23506068975773));
#4239=CARTESIAN_POINT('Ctrl Pts',(-4.7399877011645,10.3265782385073,8.24931153175099));
#4240=CARTESIAN_POINT('Ctrl Pts',(-4.28073947729567,10.52037617546,8.27018126739042));
#4241=CARTESIAN_POINT('Ctrl Pts',(-3.44633808141106,10.7578367632366,8.29314196867246));
#4242=CARTESIAN_POINT('Ctrl Pts',(-1.97631524702095,10.9626193752916,8.31086345403065));
#4243=CARTESIAN_POINT('Ctrl Pts',(-0.741533954934363,11.0098640359115,8.31476650038331));
#4244=CARTESIAN_POINT('Ctrl Pts',(-1.4127128645122E-7,11.0098643574501,
8.3147666135355));
#4245=CARTESIAN_POINT('Ctrl Pts',(-5.33583353646477,10.5734659534657,8.22766292841263));
#4246=CARTESIAN_POINT('Ctrl Pts',(-5.21933195343688,10.6511024066985,8.23576024356047));
#4247=CARTESIAN_POINT('Ctrl Pts',(-4.96520891393681,10.7989079616101,8.25073789390824));
#4248=CARTESIAN_POINT('Ctrl Pts',(-4.45302069194238,11.0260639404244,8.27207299890577));
#4249=CARTESIAN_POINT('Ctrl Pts',(-3.55009443852264,11.2965231273736,8.29608462385455));
#4250=CARTESIAN_POINT('Ctrl Pts',(-2.01954384005316,11.5172337945041,8.31642404553049));
#4251=CARTESIAN_POINT('Ctrl Pts',(-0.758635143265148,11.5649779840342,8.32242012568062));
#4252=CARTESIAN_POINT('Ctrl Pts',(-4.23374447435428E-7,11.5649782202073,
8.32242027552436));
#4253=CARTESIAN_POINT('Ctrl Pts',(-5.54700805681813,10.9450662324409,7.94314239038949));
#4254=CARTESIAN_POINT('Ctrl Pts',(-5.4198502303333,11.0306172772155,7.94846861123619));
#4255=CARTESIAN_POINT('Ctrl Pts',(-5.13911921472274,11.1956281836449,7.95771311321551));
#4256=CARTESIAN_POINT('Ctrl Pts',(-4.5851794575016,11.4448220597547,7.96825873621729));
#4257=CARTESIAN_POINT('Ctrl Pts',(-3.62917064212716,11.736378950282,7.97877815844901));
#4258=CARTESIAN_POINT('Ctrl Pts',(-2.052262504828,11.9678431983772,7.99180946162361));
#4259=CARTESIAN_POINT('Ctrl Pts',(-0.771678640522503,12.0170026698845,8.00011008492085));
#4260=CARTESIAN_POINT('Ctrl Pts',(-5.95964134807095E-7,12.0170028863624,
8.0001103620025));
#4261=CARTESIAN_POINT('Ctrl Pts',(-5.61965287199614,11.0835322259592,7.75336954441585));
#4262=CARTESIAN_POINT('Ctrl Pts',(-5.4884050051769,11.1711723964534,7.75701202346404));
#4263=CARTESIAN_POINT('Ctrl Pts',(-5.1981281219011,11.3405079660233,7.76273362240532));
#4264=CARTESIAN_POINT('Ctrl Pts',(-4.62938319846429,11.5944680017359,7.76684262929443));
#4265=CARTESIAN_POINT('Ctrl Pts',(-3.65514888957315,11.8898130703789,7.76942152653186));
#4266=CARTESIAN_POINT('Ctrl Pts',(-2.06302150845621,12.1231017977824,7.77787132119099));
#4267=CARTESIAN_POINT('Ctrl Pts',(-0.775870520466618,12.1734805955214,7.78731367214638));
#4268=CARTESIAN_POINT('Ctrl Pts',(-6.38109971942424E-7,12.1734808347189,
7.78731401543076));
#4269=CARTESIAN_POINT('',(-2.7533197734406E-15,10.7600758583019,8.22889846385596));
#4270=CARTESIAN_POINT('',(-6.38109971236497E-7,12.1734808347189,7.78731401543076));
#4271=CARTESIAN_POINT('Origin',(-4.17244698117997E-15,11.1664397602593,
7.04679509308589));
#4272=CARTESIAN_POINT('Ctrl Pts',(-6.38109971942424E-7,12.1734808347189,
7.78731401543076));
#4273=CARTESIAN_POINT('Ctrl Pts',(-0.775870520466618,12.1734805955214,7.78731367214638));
#4274=CARTESIAN_POINT('Ctrl Pts',(-2.06302150845621,12.1231017977824,7.77787132119099));
#4275=CARTESIAN_POINT('Ctrl Pts',(-3.65514888957315,11.8898130703789,7.76942152653186));
#4276=CARTESIAN_POINT('Ctrl Pts',(-4.62938319846429,11.5944680017359,7.76684262929443));
#4277=CARTESIAN_POINT('Ctrl Pts',(-5.1981281219011,11.3405079660233,7.76273362240532));
#4278=CARTESIAN_POINT('Ctrl Pts',(-5.4884050051769,11.1711723964534,7.75701202346404));
#4279=CARTESIAN_POINT('Ctrl Pts',(-5.61965287199614,11.0835322259592,7.75336954441585));
#4280=CARTESIAN_POINT('Ctrl Pts',(-4.93598268664306,9.94055501745301,8.1554252884159));
#4281=CARTESIAN_POINT('Ctrl Pts',(-4.83814206539056,10.0017317011146,8.16253454702057));
#4282=CARTESIAN_POINT('Ctrl Pts',(-4.63411210147813,10.1124014773338,8.17481127311901));
#4283=CARTESIAN_POINT('Ctrl Pts',(-4.20014596113987,10.2911753391057,8.19250896320218));
#4284=CARTESIAN_POINT('Ctrl Pts',(-3.39817786428246,10.5143376824411,8.21131310176439));
#4285=CARTESIAN_POINT('Ctrl Pts',(-1.95630801095105,10.7129228219361,8.22546829148029));
#4286=CARTESIAN_POINT('Ctrl Pts',(-0.733605635079868,10.7600755013976,8.22889834116531));
#4287=CARTESIAN_POINT('Ctrl Pts',(-3.79182288924619E-15,10.7600758583019,
8.22889846385596));
#4288=CARTESIAN_POINT('Ctrl Pts',(1.25994072920732E-16,10.7600758583019,
8.22889846385596));
#4289=CARTESIAN_POINT('Ctrl Pts',(0.732978317318715,10.760076214901,8.22889858644169));
#4290=CARTESIAN_POINT('Ctrl Pts',(1.95871972409828,10.7126464633809,8.22545165923948));
#4291=CARTESIAN_POINT('Ctrl Pts',(3.39784158918542,10.5145490044444,8.2113617917704));
#4292=CARTESIAN_POINT('Ctrl Pts',(4.200254715444,10.2910981754106,8.19250101438299));
#4293=CARTESIAN_POINT('Ctrl Pts',(4.63380321664682,10.1126131162336,8.17484866089357));
#4294=CARTESIAN_POINT('Ctrl Pts',(4.83828127709142,10.0016799977894,8.16253443159954));
#4295=CARTESIAN_POINT('Ctrl Pts',(4.93603906467637,9.94055719371665,8.15543212187015));
#4296=CARTESIAN_POINT('Ctrl Pts',(-1.41271281737478E-7,11.0098643574501,
8.3147666135355));
#4297=CARTESIAN_POINT('Ctrl Pts',(0.740804259034283,11.0099436490758,8.31476433408444));
#4298=CARTESIAN_POINT('Ctrl Pts',(1.97842187459485,10.9625873631626,8.31074183573247));
#4299=CARTESIAN_POINT('Ctrl Pts',(3.44580274294397,10.7582003770063,8.29308227460657));
#4300=CARTESIAN_POINT('Ctrl Pts',(4.28013041200377,10.5207902011008,8.2701336516291));
#4301=CARTESIAN_POINT('Ctrl Pts',(4.73938233708955,10.3269828585523,8.24933699243838));
#4302=CARTESIAN_POINT('Ctrl Pts',(4.95931886736823,10.2048384470224,8.23513296559207));
#4303=CARTESIAN_POINT('Ctrl Pts',(5.06418539926529,10.1377876288449,8.22711661784274));
#4304=CARTESIAN_POINT('Ctrl Pts',(-4.23418113904057E-7,11.5650406177107,
8.32248993937904));
#4305=CARTESIAN_POINT('Ctrl Pts',(0.757978994532555,11.5650701258991,8.32252306174001));
#4306=CARTESIAN_POINT('Ctrl Pts',(2.02202898066473,11.5170755550416,8.31656638060848));
#4307=CARTESIAN_POINT('Ctrl Pts',(3.54910808076583,11.2973079510914,8.29630803205902));
#4308=CARTESIAN_POINT('Ctrl Pts',(4.45284612200492,11.0262454204624,8.27223267715758));
#4309=CARTESIAN_POINT('Ctrl Pts',(4.96408209750197,10.7997233910211,8.25091476845943));
#4310=CARTESIAN_POINT('Ctrl Pts',(5.21932520767007,10.6511868175856,8.23586032329919));
#4311=CARTESIAN_POINT('Ctrl Pts',(5.3358928556166,10.5734892339844,8.22772781019312));
#4312=CARTESIAN_POINT('Ctrl Pts',(-5.95964127268528E-7,12.0170028863623,
8.0001103620025));
#4313=CARTESIAN_POINT('Ctrl Pts',(0.771019749641276,12.0170191009207,8.00019441845131));
#4314=CARTESIAN_POINT('Ctrl Pts',(2.05516593101712,11.9672821613496,7.9917088383615));
#4315=CARTESIAN_POINT('Ctrl Pts',(3.62796773835155,11.7371054175851,7.97873877196494));
#4316=CARTESIAN_POINT('Ctrl Pts',(4.58536789656352,11.444579834238,7.9682378707971));
#4317=CARTESIAN_POINT('Ctrl Pts',(5.13763344891186,11.1965594914118,7.95779240313429));
#4318=CARTESIAN_POINT('Ctrl Pts',(5.42044731866495,11.0302210549169,7.94848748131192));
#4319=CARTESIAN_POINT('Ctrl Pts',(5.54703491194142,10.9450495821093,7.94317608435844));
#4320=CARTESIAN_POINT('Ctrl Pts',(-6.38109964060286E-7,12.1734808347189,
7.78731401543077));
#4321=CARTESIAN_POINT('Ctrl Pts',(0.775205785660398,12.1734810737118,7.78731435842161));
#4322=CARTESIAN_POINT('Ctrl Pts',(2.0657049472775,12.1227757765448,7.7778657585211));
#4323=CARTESIAN_POINT('Ctrl Pts',(3.65380370781146,11.8907429939813,7.76946649010393));
#4324=CARTESIAN_POINT('Ctrl Pts',(4.62922177714103,11.594529794631,7.7668793599685));
#4325=CARTESIAN_POINT('Ctrl Pts',(5.19651041268889,11.3415691792275,7.76285260721745));
#4326=CARTESIAN_POINT('Ctrl Pts',(5.48855604914905,11.1710770904666,7.75704934245943));
#4327=CARTESIAN_POINT('Ctrl Pts',(5.61968079246436,11.0835177684274,7.75341536135939));
#4328=CARTESIAN_POINT('',(4.93603906467637,9.94055719371665,8.15543212187014));
#4329=CARTESIAN_POINT('',(5.61968079250016,11.0835177684054,7.75341536135653));
#4330=CARTESIAN_POINT('Origin',(5.06722190532017,10.2890201357295,6.96217412782009));
#4331=CARTESIAN_POINT('Ctrl Pts',(5.61968079246436,11.0835177684274,7.75341536135939));
#4332=CARTESIAN_POINT('Ctrl Pts',(5.48855604914905,11.1710770904666,7.75704934245943));
#4333=CARTESIAN_POINT('Ctrl Pts',(5.19651041268889,11.3415691792275,7.76285260721745));
#4334=CARTESIAN_POINT('Ctrl Pts',(4.62922177714103,11.594529794631,7.7668793599685));
#4335=CARTESIAN_POINT('Ctrl Pts',(3.65380370781146,11.8907429939813,7.76946649010393));
#4336=CARTESIAN_POINT('Ctrl Pts',(2.0657049472775,12.1227757765448,7.7778657585211));
#4337=CARTESIAN_POINT('Ctrl Pts',(0.775205785660398,12.1734810737118,7.78731435842161));
#4338=CARTESIAN_POINT('Ctrl Pts',(-6.38109964060286E-7,12.1734808347189,
7.78731401543077));
#4339=CARTESIAN_POINT('Ctrl Pts',(1.25994072920732E-16,10.7600758583019,
8.22889846385596));
#4340=CARTESIAN_POINT('Ctrl Pts',(0.732978317318715,10.760076214901,8.22889858644169));
#4341=CARTESIAN_POINT('Ctrl Pts',(1.95871972409828,10.7126464633809,8.22545165923948));
#4342=CARTESIAN_POINT('Ctrl Pts',(3.39784158918542,10.5145490044444,8.2113617917704));
#4343=CARTESIAN_POINT('Ctrl Pts',(4.200254715444,10.2910981754106,8.19250101438299));
#4344=CARTESIAN_POINT('Ctrl Pts',(4.63380321664682,10.1126131162336,8.17484866089357));
#4345=CARTESIAN_POINT('Ctrl Pts',(4.83828127709142,10.0016799977894,8.16253443159954));
#4346=CARTESIAN_POINT('Ctrl Pts',(4.93603906467637,9.94055719371665,8.15543212187015));
#4347=CARTESIAN_POINT('Ctrl Pts',(4.93603906469031,9.94055719370794,8.15543212186913));
#4348=CARTESIAN_POINT('Ctrl Pts',(5.0348832845298,9.87875510067531,8.148250880542));
#4349=CARTESIAN_POINT('Ctrl Pts',(5.22330383089225,9.74316645844779,8.13176297391748));
#4350=CARTESIAN_POINT('Ctrl Pts',(5.59462204754277,9.34704931699531,8.07470698951938));
#4351=CARTESIAN_POINT('Ctrl Pts',(5.75559589752663,8.94490660919583,8.00375658021031));
#4352=CARTESIAN_POINT('Ctrl Pts',(5.84038795244938,8.64491277239674,7.95115634667219));
#4353=CARTESIAN_POINT('Ctrl Pts',(5.0641853992793,10.137787628836,8.22711661784167));
#4354=CARTESIAN_POINT('Ctrl Pts',(5.17111106391413,10.0694980945976,8.2189425932856));
#4355=CARTESIAN_POINT('Ctrl Pts',(5.37819539411306,9.91808947277061,8.20013767492719));
#4356=CARTESIAN_POINT('Ctrl Pts',(5.80489785313286,9.46756709740813,8.1375921425343));
#4357=CARTESIAN_POINT('Ctrl Pts',(5.99423264848972,9.02932771557924,8.06579000076858));
#4358=CARTESIAN_POINT('Ctrl Pts',(6.09071801310059,8.71305632873876,8.01390053209956));
#4359=CARTESIAN_POINT('Ctrl Pts',(5.33586629952414,10.5734529209734,8.22767354843538));
#4360=CARTESIAN_POINT('Ctrl Pts',(5.45961582732876,10.4912653492401,8.21905665717471));
#4361=CARTESIAN_POINT('Ctrl Pts',(5.70538598349183,10.3060985419486,8.19943459031098));
#4362=CARTESIAN_POINT('Ctrl Pts',(6.24711571131308,9.74508321793438,8.12216363356032));
#4363=CARTESIAN_POINT('Ctrl Pts',(6.49912714707048,9.23653252197522,8.02962860058317));
#4364=CARTESIAN_POINT('Ctrl Pts',(6.62254425406865,8.88792135968873,7.96945258972113));
#4365=CARTESIAN_POINT('Ctrl Pts',(5.54703491195612,10.9450495820992,7.94317608435793));
#4366=CARTESIAN_POINT('Ctrl Pts',(5.68422862958485,10.853200725334,7.93715336213334));
#4367=CARTESIAN_POINT('Ctrl Pts',(5.96050690022547,10.6447781530917,7.92349229742226));
#4368=CARTESIAN_POINT('Ctrl Pts',(6.58697918145736,10.0017016166892,7.8289275048497));
#4369=CARTESIAN_POINT('Ctrl Pts',(6.87083015242449,9.44248378100928,7.68626767995702));
#4370=CARTESIAN_POINT('Ctrl Pts',(7.00753108057463,9.07095927573132,7.60383692550436));
#4371=CARTESIAN_POINT('Ctrl Pts',(5.61968079247935,11.0835177684173,7.75341536135915));
#4372=CARTESIAN_POINT('Ctrl Pts',(5.76176787435406,10.9890820816743,7.74903194272059));
#4373=CARTESIAN_POINT('Ctrl Pts',(6.04942980207042,10.7742395017062,7.739285091139));
#4374=CARTESIAN_POINT('Ctrl Pts',(6.70306548908273,10.103404425984,7.63717651739073));
#4375=CARTESIAN_POINT('Ctrl Pts',(6.98879178914134,9.5256548047017,7.46976045543203));
#4376=CARTESIAN_POINT('Ctrl Pts',(7.12522787013822,9.1464850222573,7.37648511953036));
#4377=CARTESIAN_POINT('',(5.84038795244938,8.64491277239674,7.95115634667219));
#4378=CARTESIAN_POINT('',(7.12522787013822,9.1464850222573,7.37648511953036));
#4379=CARTESIAN_POINT('Origin',(6.06621156519068,8.91888609184957,6.75263963166298));
#4380=CARTESIAN_POINT('Ctrl Pts',(7.12522787013822,9.1464850222573,7.37648511953036));
#4381=CARTESIAN_POINT('Ctrl Pts',(6.98879178914134,9.5256548047017,7.46976045543203));
#4382=CARTESIAN_POINT('Ctrl Pts',(6.70306548908273,10.103404425984,7.63717651739073));
#4383=CARTESIAN_POINT('Ctrl Pts',(6.04942980207042,10.7742395017062,7.739285091139));
#4384=CARTESIAN_POINT('Ctrl Pts',(5.76176787435406,10.9890820816743,7.74903194272059));
#4385=CARTESIAN_POINT('Ctrl Pts',(5.61968079247935,11.0835177684173,7.75341536135915));
#4386=CARTESIAN_POINT('Ctrl Pts',(4.93603906469031,9.94055719370794,8.15543212186913));
#4387=CARTESIAN_POINT('Ctrl Pts',(5.0348832845298,9.87875510067531,8.148250880542));
#4388=CARTESIAN_POINT('Ctrl Pts',(5.22330383089225,9.74316645844779,8.13176297391748));
#4389=CARTESIAN_POINT('Ctrl Pts',(5.59462204754277,9.34704931699531,8.07470698951938));
#4390=CARTESIAN_POINT('Ctrl Pts',(5.75559589752663,8.94490660919583,8.00375658021031));
#4391=CARTESIAN_POINT('Ctrl Pts',(5.84038795244938,8.64491277239674,7.95115634667219));
#4392=CARTESIAN_POINT('Ctrl Pts',(5.84038795244938,8.64491277239673,7.95115634667218));
#4393=CARTESIAN_POINT('Ctrl Pts',(5.85602187387863,8.58960004199942,7.94145793897297));
#4394=CARTESIAN_POINT('Ctrl Pts',(5.87072452683238,8.53393180321278,7.93173336466061));
#4395=CARTESIAN_POINT('Ctrl Pts',(6.0003077622701,8.012301660547,7.84108740081188));
#4396=CARTESIAN_POINT('Ctrl Pts',(6.13287905766573,7.04625496107872,7.68168185890279));
#4397=CARTESIAN_POINT('Ctrl Pts',(6.25882305762163,5.07045132332543,7.39511541340045));
#4398=CARTESIAN_POINT('Ctrl Pts',(6.29094089276846,3.55686316129975,7.20383227915722));
#4399=CARTESIAN_POINT('Ctrl Pts',(6.3210392610927,1.99313644926675,7.01095640588171));
#4400=CARTESIAN_POINT('Ctrl Pts',(6.32987516230093,1.43941363091262,6.94378968848676));
#4401=CARTESIAN_POINT('Ctrl Pts',(6.33975133428537,0.718526958434704,6.85687022650924));
#4402=CARTESIAN_POINT('Ctrl Pts',(6.34189481560302,0.551632046550819,6.83678783667502));
#4403=CARTESIAN_POINT('Ctrl Pts',(6.34387533231229,0.384719475222996,6.81672541044605));
#4404=CARTESIAN_POINT('Ctrl Pts',(6.12647945033648,8.7227911225019,8.02286398716062));
#4405=CARTESIAN_POINT('Ctrl Pts',(6.14428998544567,8.66452669049343,8.01335037587637));
#4406=CARTESIAN_POINT('Ctrl Pts',(6.16109896657369,8.60617117838207,8.003855483064));
#4407=CARTESIAN_POINT('Ctrl Pts',(6.30769944393557,8.06137985498632,7.91570014817117));
#4408=CARTESIAN_POINT('Ctrl Pts',(6.45358419862402,7.07097202140167,7.76248969906269));
#4409=CARTESIAN_POINT('Ctrl Pts',(6.58602040125417,5.07329229158901,7.48610907095196));
#4410=CARTESIAN_POINT('Ctrl Pts',(6.61478457702021,3.55587692954889,7.2980260395475));
#4411=CARTESIAN_POINT('Ctrl Pts',(6.6414930042174,1.98871098007294,7.10682962227467));
#4412=CARTESIAN_POINT('Ctrl Pts',(6.64882008938344,1.4343127066835,7.03995347804729));
#4413=CARTESIAN_POINT('Ctrl Pts',(6.65706907584003,0.712164609980854,6.95310406112202));
#4414=CARTESIAN_POINT('Ctrl Pts',(6.6588224847045,0.544999281691832,6.93301429791109));
#4415=CARTESIAN_POINT('Ctrl Pts',(6.66045980210847,0.377753563643034,6.9129229037766));
#4416=CARTESIAN_POINT('Ctrl Pts',(6.66174923840677,8.9032588909806,7.95172363062206));
#4417=CARTESIAN_POINT('Ctrl Pts',(6.68422708525784,8.83956528052708,7.94064505243548));
#4418=CARTESIAN_POINT('Ctrl Pts',(6.70514640020247,8.77684723826821,7.92977783271314));
#4419=CARTESIAN_POINT('Ctrl Pts',(6.88959139521143,8.18995303433565,7.82928888090269));
#4420=CARTESIAN_POINT('Ctrl Pts',(7.06654142696446,7.15519962232496,7.6699970267809));
#4421=CARTESIAN_POINT('Ctrl Pts',(7.22285978424764,5.1122672121913,7.39993930111548));
#4422=CARTESIAN_POINT('Ctrl Pts',(7.24779593099644,3.58564478449804,7.22121812015657));
#4423=CARTESIAN_POINT('Ctrl Pts',(7.26932075454208,2.01114466730258,7.03788870083517));
#4424=CARTESIAN_POINT('Ctrl Pts',(7.27426167880479,1.45471246953194,6.97346340884858));
#4425=CARTESIAN_POINT('Ctrl Pts',(7.27945444308029,0.729908951465432,6.88917062939165));
#4426=CARTESIAN_POINT('Ctrl Pts',(7.28052277975316,0.56207754798269,6.86959888250724));
#4427=CARTESIAN_POINT('Ctrl Pts',(7.28149034941125,0.394149818436572,6.84997370383531));
#4428=CARTESIAN_POINT('Ctrl Pts',(7.02434490765514,9.08174866809218,7.57135809607951));
#4429=CARTESIAN_POINT('Ctrl Pts',(7.04874446639773,9.01437839984643,7.55650785567553));
#4430=CARTESIAN_POINT('Ctrl Pts',(7.07129804502142,8.94853760431573,7.54197309884056));
#4431=CARTESIAN_POINT('Ctrl Pts',(7.27032175063722,8.33280288726084,7.40913189193142));
#4432=CARTESIAN_POINT('Ctrl Pts',(7.45955728412035,7.2669779628418,7.22055453719974));
#4433=CARTESIAN_POINT('Ctrl Pts',(7.63304968797056,5.18988619898377,6.9362158797302));
#4434=CARTESIAN_POINT('Ctrl Pts',(7.66400093851697,3.65491438656299,6.76788748393131));
#4435=CARTESIAN_POINT('Ctrl Pts',(7.69005864064411,2.07373791201825,6.59586967223205));
#4436=CARTESIAN_POINT('Ctrl Pts',(7.6961688194792,1.51551044297704,6.53586310508863));
#4437=CARTESIAN_POINT('Ctrl Pts',(7.70237882154261,0.788437859462584,6.4566286258644));
#4438=CARTESIAN_POINT('Ctrl Pts',(7.70365041586948,0.620076941865199,6.4381809699968));
#4439=CARTESIAN_POINT('Ctrl Pts',(7.70478183520845,0.45160996832772,6.41959648020494));
#4440=CARTESIAN_POINT('Ctrl Pts',(7.12522787013822,9.1464850222573,7.37648511953037));
#4441=CARTESIAN_POINT('Ctrl Pts',(7.14960909833564,9.07801374582167,7.36007700387611));
#4442=CARTESIAN_POINT('Ctrl Pts',(7.17214189007759,9.01112846070802,7.34399735828668));
#4443=CARTESIAN_POINT('Ctrl Pts',(7.37020151270481,8.38668996413249,7.19783100719988));
#4444=CARTESIAN_POINT('Ctrl Pts',(7.55858770113188,7.31140376655809,6.99689294163321));
#4445=CARTESIAN_POINT('Ctrl Pts',(7.73529261387972,5.22409109761223,6.70552353449115));
#4446=CARTESIAN_POINT('Ctrl Pts',(7.77063286252069,3.686405272874,6.54063512208575));
#4447=CARTESIAN_POINT('Ctrl Pts',(7.80054742555742,2.10304514384492,6.37254151559683));
#4448=CARTESIAN_POINT('Ctrl Pts',(7.80798176505506,1.54428686629983,6.31424811737896));
#4449=CARTESIAN_POINT('Ctrl Pts',(7.81557342338312,0.816512504512261,6.23692804499391));
#4450=CARTESIAN_POINT('Ctrl Pts',(7.81714937243168,0.64800344799918,6.218928608355));
#4451=CARTESIAN_POINT('Ctrl Pts',(7.81855168982287,0.479378302452233,6.20074731549819));
#4452=CARTESIAN_POINT('',(6.3438753323123,0.384719475222999,6.81672541044605));
#4453=CARTESIAN_POINT('',(7.81850911672113,0.484491129215567,6.20129853142684));
#4454=CARTESIAN_POINT('Ctrl Pts',(6.34387533231229,0.384719475222999,6.81672541044605));
#4455=CARTESIAN_POINT('Ctrl Pts',(6.6604483962076,0.378717550365801,6.91303878222129));
#4456=CARTESIAN_POINT('Ctrl Pts',(7.01531925714197,0.389057266713647,6.87718356480248));
#4457=CARTESIAN_POINT('Ctrl Pts',(7.3056213072053,0.412811278127337,6.72134009341329));
#4458=CARTESIAN_POINT('Ctrl Pts',(7.52334779278867,0.430626782435631,6.60445751776741));
#4459=CARTESIAN_POINT('Ctrl Pts',(7.70475354319814,0.455987694030151,6.4200812711349));
#4460=CARTESIAN_POINT('Ctrl Pts',(7.8185091171134,0.484491129083704,6.20129853257777));
#4461=CARTESIAN_POINT('Ctrl Pts',(7.81850911712918,0.484491127190625,6.20129853237369));
#4462=CARTESIAN_POINT('Ctrl Pts',(7.8171174978226,0.651409669463206,6.21929243688866));
#4463=CARTESIAN_POINT('Ctrl Pts',(7.81555566323195,0.818215081488794,6.23710892986975));
#4464=CARTESIAN_POINT('Ctrl Pts',(7.80798176505506,1.54428686629983,6.31424811737896));
#4465=CARTESIAN_POINT('Ctrl Pts',(7.80054742555742,2.10304514384492,6.37254151559683));
#4466=CARTESIAN_POINT('Ctrl Pts',(7.77063286252069,3.686405272874,6.54063512208575));
#4467=CARTESIAN_POINT('Ctrl Pts',(7.73529261387972,5.22409109761223,6.70552353449115));
#4468=CARTESIAN_POINT('Ctrl Pts',(7.55858770113188,7.31140376655809,6.99689294163321));
#4469=CARTESIAN_POINT('Ctrl Pts',(7.37020151270481,8.38668996413249,7.19783100719988));
#4470=CARTESIAN_POINT('Ctrl Pts',(7.17214189007759,9.01112846070802,7.34399735828668));
#4471=CARTESIAN_POINT('Ctrl Pts',(7.14960909833564,9.07801374582167,7.36007700387611));
#4472=CARTESIAN_POINT('Ctrl Pts',(7.12522787013822,9.1464850222573,7.37648511953037));
#4473=CARTESIAN_POINT('Ctrl Pts',(5.84038795244938,8.64491277239673,7.95115634667218));
#4474=CARTESIAN_POINT('Ctrl Pts',(5.85602187387863,8.58960004199942,7.94145793897297));
#4475=CARTESIAN_POINT('Ctrl Pts',(5.87072452683238,8.53393180321278,7.93173336466061));
#4476=CARTESIAN_POINT('Ctrl Pts',(6.0003077622701,8.012301660547,7.84108740081188));
#4477=CARTESIAN_POINT('Ctrl Pts',(6.13287905766573,7.04625496107872,7.68168185890279));
#4478=CARTESIAN_POINT('Ctrl Pts',(6.25882305762163,5.07045132332543,7.39511541340045));
#4479=CARTESIAN_POINT('Ctrl Pts',(6.29094089276846,3.55686316129975,7.20383227915722));
#4480=CARTESIAN_POINT('Ctrl Pts',(6.3210392610927,1.99313644926675,7.01095640588171));
#4481=CARTESIAN_POINT('Ctrl Pts',(6.32987516230093,1.43941363091262,6.94378968848676));
#4482=CARTESIAN_POINT('Ctrl Pts',(6.33975133428537,0.718526958434704,6.85687022650924));
#4483=CARTESIAN_POINT('Ctrl Pts',(6.34189481560302,0.551632046550819,6.83678783667502));
#4484=CARTESIAN_POINT('Ctrl Pts',(6.34387533231229,0.384719475222996,6.81672541044605));
#4485=CARTESIAN_POINT('Ctrl Pts',(7.81653234792853,0.488932393687698,6.20555068970312));
#4486=CARTESIAN_POINT('Ctrl Pts',(7.81650600424372,0.483046803961428,6.20506263014295));
#4487=CARTESIAN_POINT('Ctrl Pts',(7.81638296130299,0.456194205231276,6.20283826595708));
#4488=CARTESIAN_POINT('Ctrl Pts',(7.81614075045589,0.408367672925988,6.1988953785132));
#4489=CARTESIAN_POINT('Ctrl Pts',(7.81577542033626,0.345443874167341,6.19374366723398));
#4490=CARTESIAN_POINT('Ctrl Pts',(7.81536399438277,0.282508308257623,6.18862393324211));
#4491=CARTESIAN_POINT('Ctrl Pts',(7.81490704904061,0.219564377617992,6.18353364684004));
#4492=CARTESIAN_POINT('Ctrl Pts',(7.81440509434062,0.156615334860448,6.1784703167865));
#4493=CARTESIAN_POINT('Ctrl Pts',(7.81385857349659,0.0936643910421791,6.17343149466975));
#4494=CARTESIAN_POINT('Ctrl Pts',(7.81330562092118,0.034735637474611,6.16873516141291));
#4495=CARTESIAN_POINT('Ctrl Pts',(7.81292559480262,-0.00321325772285747,
6.16572135875696));
#4496=CARTESIAN_POINT('Ctrl Pts',(7.81270954328257,-0.0241971219381703,
6.16405723727317));
#4497=CARTESIAN_POINT('Ctrl Pts',(7.81245047789287,-0.0491966190568371,
6.16207531517816));
#4498=CARTESIAN_POINT('Ctrl Pts',(7.81196959817817,-0.0938048856649539,
6.15854622803917));
#4499=CARTESIAN_POINT('Ctrl Pts',(7.81150491391627,-0.134437585467644,6.15533939389199));
#4500=CARTESIAN_POINT('Ctrl Pts',(7.81127387027684,-0.154049484572728,6.15379407125736));
#4501=CARTESIAN_POINT('Ctrl Pts',(7.74683858476853,0.475597602935919,6.33983515351009));
#4502=CARTESIAN_POINT('Ctrl Pts',(7.74681671642923,0.469730303750162,6.33931410309506));
#4503=CARTESIAN_POINT('Ctrl Pts',(7.74671418370432,0.442960835998456,6.33693921958601));
#4504=CARTESIAN_POINT('Ctrl Pts',(7.74650924511833,0.395279744448328,6.33272827895101));
#4505=CARTESIAN_POINT('Ctrl Pts',(7.7461944660549,0.332542245930363,6.32722429275012));
#4506=CARTESIAN_POINT('Ctrl Pts',(7.74583511116182,0.269788274820632,6.32175292292513));
#4507=CARTESIAN_POINT('Ctrl Pts',(7.7454317604273,0.207021523516312,6.316311958201));
#4508=CARTESIAN_POINT('Ctrl Pts',(7.74498493532238,0.144245496888305,6.31089921232637));
#4509=CARTESIAN_POINT('Ctrl Pts',(7.74449509951215,0.081463696625428,6.30551253601852));
#4510=CARTESIAN_POINT('Ctrl Pts',(7.74399669039454,0.0226896537237329,6.30049228428589));
#4511=CARTESIAN_POINT('Ctrl Pts',(7.74365267565341,-0.0151610526822091,
6.29727107098226));
#4512=CARTESIAN_POINT('Ctrl Pts',(7.74345676272166,-0.0360911304773256,
6.29549256085949));
#4513=CARTESIAN_POINT('Ctrl Pts',(7.74322175788568,-0.0610254644563794,
6.29337455823339));
#4514=CARTESIAN_POINT('Ctrl Pts',(7.74278451128329,-0.105523676127438,6.28960315433804));
#4515=CARTESIAN_POINT('Ctrl Pts',(7.74236059530614,-0.146056099715698,6.28617755930232));
#4516=CARTESIAN_POINT('Ctrl Pts',(7.74214955760447,-0.165615004830974,6.28452740945163));
#4517=CARTESIAN_POINT('Ctrl Pts',(7.54697887066376,0.447228173111477,6.60114543514555));
#4518=CARTESIAN_POINT('Ctrl Pts',(7.54698191648914,0.441402138363148,6.60055506720381));
#4519=CARTESIAN_POINT('Ctrl Pts',(7.54699322301709,0.414820369093943,6.59786396831625));
#4520=CARTESIAN_POINT('Ctrl Pts',(7.54699240156328,0.367468940700874,6.59309024206749));
#4521=CARTESIAN_POINT('Ctrl Pts',(7.54694880712954,0.305155927585725,6.58684734380068));
#4522=CARTESIAN_POINT('Ctrl Pts',(7.54686318200052,0.24281796898446,6.58063913414315));
#4523=CARTESIAN_POINT('Ctrl Pts',(7.54673597290989,0.180459222058544,6.5744640855922));
#4524=CARTESIAN_POINT('Ctrl Pts',(7.5465675870961,0.118083742759109,6.56832068583505));
#4525=CARTESIAN_POINT('Ctrl Pts',(7.54635839487021,0.0556954661400549,6.56220743094309));
#4526=CARTESIAN_POINT('Ctrl Pts',(7.54612468890076,-0.00271652248388227,
6.55651141251773));
#4527=CARTESIAN_POINT('Ctrl Pts',(7.5459522739403,-0.0403368761619881,6.55285795930415));
#4528=CARTESIAN_POINT('Ctrl Pts',(7.54585153217347,-0.0611401937706126,
6.55084122140108));
#4529=CARTESIAN_POINT('Ctrl Pts',(7.54572998771576,-0.0859228647175233,
6.54843971912787));
#4530=CARTESIAN_POINT('Ctrl Pts',(7.54549614640117,-0.130159824530929,6.54416406444));
#4531=CARTESIAN_POINT('Ctrl Pts',(7.54525857252432,-0.170451644439043,6.5402841096318));
#4532=CARTESIAN_POINT('Ctrl Pts',(7.54513789858777,-0.189890138212692,6.53841599839149));
#4533=CARTESIAN_POINT('Ctrl Pts',(7.00386515406361,0.402912405573357,6.90022509442778));
#4534=CARTESIAN_POINT('Ctrl Pts',(7.00397490563782,0.397160278038063,6.89954324833832));
#4535=CARTESIAN_POINT('Ctrl Pts',(7.00447319484795,0.370915259879575,6.89643496882674));
#4536=CARTESIAN_POINT('Ctrl Pts',(7.00534078475692,0.324160003310975,6.89091981580791));
#4537=CARTESIAN_POINT('Ctrl Pts',(7.00644106574995,0.2626244122214,6.88370566568156));
#4538=CARTESIAN_POINT('Ctrl Pts',(7.00750006904573,0.201057603785471,6.87653114789389));
#4539=CARTESIAN_POINT('Ctrl Pts',(7.00851743056806,0.139464205682104,6.86939566995007));
#4540=CARTESIAN_POINT('Ctrl Pts',(7.00949278840126,0.0778487582516652,6.86229863544271));
#4541=CARTESIAN_POINT('Ctrl Pts',(7.01042578408377,0.0162157066678007,6.85523944165032));
#4542=CARTESIAN_POINT('Ctrl Pts',(7.01125919384108,-0.041493451677437,6.84866593720458));
#4543=CARTESIAN_POINT('Ctrl Pts',(7.01177240741379,-0.0786629635516174,
6.84445256955238));
#4544=CARTESIAN_POINT('Ctrl Pts',(7.01205036195103,-0.0992174398577109,
6.84212756749499));
#4545=CARTESIAN_POINT('Ctrl Pts',(7.01237979213086,-0.123703090497241,6.83935930088723));
#4546=CARTESIAN_POINT('Ctrl Pts',(7.01294971308859,-0.167414547029464,6.83443288455963));
#4547=CARTESIAN_POINT('Ctrl Pts',(7.01344106397305,-0.207227700332772,6.82996771761345));
#4548=CARTESIAN_POINT('Ctrl Pts',(7.01367166523822,-0.226432428172142,6.8278190764592));
#4549=CARTESIAN_POINT('Ctrl Pts',(6.56544786365242,0.387606800847433,6.88499292713438));
#4550=CARTESIAN_POINT('Ctrl Pts',(6.56565665254393,0.381889427445309,6.88430531484438));
#4551=CARTESIAN_POINT('Ctrl Pts',(6.56660676114653,0.355803326618502,6.88117087531977));
#4552=CARTESIAN_POINT('Ctrl Pts',(6.5682787166245,0.309334076266051,6.8756103478595));
#4553=CARTESIAN_POINT('Ctrl Pts',(6.57043576460062,0.248180910668548,6.86833908003039));
#4554=CARTESIAN_POINT('Ctrl Pts',(6.57254949972272,0.187002369266888,6.86111004333789));
#4555=CARTESIAN_POINT('Ctrl Pts',(6.57461880384589,0.125802943285288,6.85392270718733));
#4556=CARTESIAN_POINT('Ctrl Pts',(6.57664259556741,0.0645869684983122,6.84677652965345));
#4557=CARTESIAN_POINT('Ctrl Pts',(6.57861982079835,0.0033588476682191,6.83967098134317));
#4558=CARTESIAN_POINT('Ctrl Pts',(6.58042617937243,-0.0539659690868285,
6.83305678942861));
#4559=CARTESIAN_POINT('Ctrl Pts',(6.58156298090464,-0.0908855742859569,
6.82881875462483));
#4560=CARTESIAN_POINT('Ctrl Pts',(6.58218497472448,-0.111301296797495,6.82648049856532));
#4561=CARTESIAN_POINT('Ctrl Pts',(6.58292404601621,-0.135622380024364,6.82369643857513));
#4562=CARTESIAN_POINT('Ctrl Pts',(6.58422247628127,-0.179030085414436,6.81874402870603));
#4563=CARTESIAN_POINT('Ctrl Pts',(6.58537291468778,-0.218569631664231,6.81425639899593));
#4564=CARTESIAN_POINT('Ctrl Pts',(6.58592091402034,-0.237646895340144,6.8120967115337));
#4565=CARTESIAN_POINT('Ctrl Pts',(6.3477463376532,0.384752616195962,6.81791501120848));
#4566=CARTESIAN_POINT('Ctrl Pts',(6.34800302375634,0.379046693966521,6.81723870577282));
#4567=CARTESIAN_POINT('Ctrl Pts',(6.34917163174433,0.353013192857122,6.81415593463725));
#4568=CARTESIAN_POINT('Ctrl Pts',(6.35123246502195,0.306640582010999,6.80868809124847));
#4569=CARTESIAN_POINT('Ctrl Pts',(6.35390022422662,0.245620320585246,6.80153999519863));
#4570=CARTESIAN_POINT('Ctrl Pts',(6.35652352676959,0.184580201069646,6.79443527152338));
#4571=CARTESIAN_POINT('Ctrl Pts',(6.35910092572787,0.123524470358258,6.78737327929587));
#4572=CARTESIAN_POINT('Ctrl Pts',(6.36163102507619,0.0624572901646935,6.78035337846794));
#4573=CARTESIAN_POINT('Ctrl Pts',(6.36411247318881,0.00138284642051754,
6.77337494155622));
#4574=CARTESIAN_POINT('Ctrl Pts',(6.36638860269865,-0.0557933171228997,
6.76688047946202));
#4575=CARTESIAN_POINT('Ctrl Pts',(6.36782652714958,-0.0926152538973804,
6.7627198513216));
#4576=CARTESIAN_POINT('Ctrl Pts',(6.36861465272155,-0.112976234529245,6.76042449653851));
#4577=CARTESIAN_POINT('Ctrl Pts',(6.36955161654023,-0.137233724893802,6.75769137182372));
#4578=CARTESIAN_POINT('Ctrl Pts',(6.37120171767532,-0.180518694792561,6.75283093864693));
#4579=CARTESIAN_POINT('Ctrl Pts',(6.37267044063198,-0.219946398586943,6.74842706802592));
#4580=CARTESIAN_POINT('Ctrl Pts',(6.37337205220297,-0.238976462513387,6.74630709883136));
#4581=CARTESIAN_POINT('',(6.37337205220293,-0.238976462512231,6.74630709883148));
#4582=CARTESIAN_POINT('Ctrl Pts',(6.3477463376532,0.384752616195962,6.81791501120848));
#4583=CARTESIAN_POINT('Ctrl Pts',(6.34800302375634,0.379046693966521,6.81723870577282));
#4584=CARTESIAN_POINT('Ctrl Pts',(6.34917163174433,0.353013192857122,6.81415593463725));
#4585=CARTESIAN_POINT('Ctrl Pts',(6.35123246502195,0.306640582010999,6.80868809124847));
#4586=CARTESIAN_POINT('Ctrl Pts',(6.35390022422662,0.245620320585246,6.80153999519863));
#4587=CARTESIAN_POINT('Ctrl Pts',(6.35652352676959,0.184580201069646,6.79443527152338));
#4588=CARTESIAN_POINT('Ctrl Pts',(6.35910092572787,0.123524470358258,6.78737327929587));
#4589=CARTESIAN_POINT('Ctrl Pts',(6.36163102507619,0.0624572901646935,6.78035337846794));
#4590=CARTESIAN_POINT('Ctrl Pts',(6.36411247318881,0.00138284642051754,
6.77337494155622));
#4591=CARTESIAN_POINT('Ctrl Pts',(6.36638860269865,-0.0557933171228997,
6.76688047946202));
#4592=CARTESIAN_POINT('Ctrl Pts',(6.36782652714958,-0.0926152538973804,
6.7627198513216));
#4593=CARTESIAN_POINT('Ctrl Pts',(6.36861465272155,-0.112976234529245,6.76042449653851));
#4594=CARTESIAN_POINT('Ctrl Pts',(6.36955161654023,-0.137233724893802,6.75769137182372));
#4595=CARTESIAN_POINT('Ctrl Pts',(6.37120171767532,-0.180518694792561,6.75283093864693));
#4596=CARTESIAN_POINT('Ctrl Pts',(6.37267044063198,-0.219946398586943,6.74842706802592));
#4597=CARTESIAN_POINT('Ctrl Pts',(6.37337205220297,-0.238976462513387,6.74630709883136));
#4598=CARTESIAN_POINT('',(7.81127387027684,-0.154049484572728,6.15379407125736));
#4599=CARTESIAN_POINT('Ctrl Pts',(6.37337205220297,-0.238976462513387,6.74630709883136));
#4600=CARTESIAN_POINT('Ctrl Pts',(6.58592091402034,-0.237646895340144,6.8120967115337));
#4601=CARTESIAN_POINT('Ctrl Pts',(7.01367166523822,-0.226432428172142,6.8278190764592));
#4602=CARTESIAN_POINT('Ctrl Pts',(7.54513789858777,-0.189890138212692,6.53841599839149));
#4603=CARTESIAN_POINT('Ctrl Pts',(7.74214955760447,-0.165615004830974,6.28452740945163));
#4604=CARTESIAN_POINT('Ctrl Pts',(7.81127387027684,-0.154049484572728,6.15379407125736));
#4605=CARTESIAN_POINT('Ctrl Pts',(7.81127387027684,-0.154049484572728,6.15379407125736));
#4606=CARTESIAN_POINT('Ctrl Pts',(7.81150491391627,-0.134437585467644,6.15533939389199));
#4607=CARTESIAN_POINT('Ctrl Pts',(7.81196959817817,-0.0938048856649539,
6.15854622803917));
#4608=CARTESIAN_POINT('Ctrl Pts',(7.81245047789287,-0.0491966190568371,
6.16207531517816));
#4609=CARTESIAN_POINT('Ctrl Pts',(7.81270954328257,-0.0241971219381703,
6.16405723727317));
#4610=CARTESIAN_POINT('Ctrl Pts',(7.81292559480262,-0.00321325772285747,
6.16572135875696));
#4611=CARTESIAN_POINT('Ctrl Pts',(7.81330562092118,0.034735637474611,6.16873516141291));
#4612=CARTESIAN_POINT('Ctrl Pts',(7.81385857349659,0.0936643910421791,6.17343149466975));
#4613=CARTESIAN_POINT('Ctrl Pts',(7.81440509434062,0.156615334860448,6.1784703167865));
#4614=CARTESIAN_POINT('Ctrl Pts',(7.81490704904061,0.219564377617992,6.18353364684004));
#4615=CARTESIAN_POINT('Ctrl Pts',(7.81536399438277,0.282508308257623,6.18862393324211));
#4616=CARTESIAN_POINT('Ctrl Pts',(7.81577542033626,0.345443874167341,6.19374366723398));
#4617=CARTESIAN_POINT('Ctrl Pts',(7.81614075045589,0.408367672925988,6.1988953785132));
#4618=CARTESIAN_POINT('Ctrl Pts',(7.81637493802077,0.454609941888362,6.20270765703058));
#4619=CARTESIAN_POINT('Ctrl Pts',(7.81649144258903,0.479878737758237,6.20480023682074));
#4620=CARTESIAN_POINT('Ctrl Pts',(7.81651094254789,0.484180429487635,6.20515674831958));
#4621=CARTESIAN_POINT('Ctrl Pts',(7.81127387027684,-0.154049484572727,6.15379407125736));
#4622=CARTESIAN_POINT('Ctrl Pts',(7.8112579321109,-0.155402379216569,6.15368746971386));
#4623=CARTESIAN_POINT('Ctrl Pts',(7.81121042453838,-0.159431536915668,6.15336992235352));
#4624=CARTESIAN_POINT('Ctrl Pts',(7.81116280961964,-0.163460285490372,6.15305218169702));
#4625=CARTESIAN_POINT('Ctrl Pts',(7.81077081932031,-0.196564976210412,6.1504402586264));
#4626=CARTESIAN_POINT('Ctrl Pts',(7.81001255351424,-0.259595347802977,6.14545037466114));
#4627=CARTESIAN_POINT('Ctrl Pts',(7.80844540671214,-0.38739491314055,6.13522996176068));
#4628=CARTESIAN_POINT('Ctrl Pts',(7.80562134727227,-0.610346362228544,6.11716289084688));
#4629=CARTESIAN_POINT('Ctrl Pts',(7.80002236189588,-1.02985037911115,6.0823272495084));
#4630=CARTESIAN_POINT('Ctrl Pts',(7.79474736365796,-1.39295407743631,6.0510409497184));
#4631=CARTESIAN_POINT('Ctrl Pts',(7.78777834890992,-1.84362554791914,6.01154209946067));
#4632=CARTESIAN_POINT('Ctrl Pts',(7.78066952318321,-2.27816427750697,5.97286690568551));
#4633=CARTESIAN_POINT('Ctrl Pts',(7.76937454319192,-2.8876892091686,5.91733263822094));
#4634=CARTESIAN_POINT('Ctrl Pts',(7.75711405100638,-3.46813494023733,5.8633415304233));
#4635=CARTESIAN_POINT('Ctrl Pts',(7.74290733513686,-4.05618216466558,5.80751787724305));
#4636=CARTESIAN_POINT('Ctrl Pts',(7.731391749104,-4.4611085310692,5.76811040238117));
#4637=CARTESIAN_POINT('Ctrl Pts',(7.72134728685872,-4.77825017903797,5.73676121772855));
#4638=CARTESIAN_POINT('Ctrl Pts',(7.71363457833219,-5.01127728840812,5.71357256204751));
#4639=CARTESIAN_POINT('Ctrl Pts',(7.69990067351542,-5.38181938483273,5.67606784757822));
#4640=CARTESIAN_POINT('Ctrl Pts',(7.67785666577559,-5.89562877262807,5.62296397688336));
#4641=CARTESIAN_POINT('Ctrl Pts',(7.64668837258516,-6.48637779084951,5.56009853920753));
#4642=CARTESIAN_POINT('Ctrl Pts',(7.60023734547395,-7.14724382857017,5.48733491294352));
#4643=CARTESIAN_POINT('Ctrl Pts',(7.54402936397803,-7.7484111417456,5.4193207516356));
#4644=CARTESIAN_POINT('Ctrl Pts',(7.49285523522418,-8.16307201122855,5.3714326989667));
#4645=CARTESIAN_POINT('Ctrl Pts',(7.43621500732945,-8.55238012523144,5.32606054042466));
#4646=CARTESIAN_POINT('Ctrl Pts',(7.38004294453471,-8.88837272668416,5.28632001000402));
#4647=CARTESIAN_POINT('Ctrl Pts',(7.29698318258367,-9.27283620094865,5.24017776724845));
#4648=CARTESIAN_POINT('Ctrl Pts',(7.23343665723045,-9.52473732217181,5.20862838941012));
#4649=CARTESIAN_POINT('Ctrl Pts',(7.18136713463299,-9.70479476107178,5.18666165840446));
#4650=CARTESIAN_POINT('Ctrl Pts',(7.14542455691791,-9.82006805533087,5.17161067023396));
#4651=CARTESIAN_POINT('Ctrl Pts',(7.11509799172666,-9.89791066374401,5.16501680307596));
#4652=CARTESIAN_POINT('Ctrl Pts',(7.10693519409954,-9.9169319882878,5.16400397804742));
#4653=CARTESIAN_POINT('Ctrl Pts',(7.10121358586125,-9.92873329995742,5.16398751588572));
#4654=CARTESIAN_POINT('Ctrl Pts',(7.097997840965,-9.93512429654596,5.16408218578886));
#4655=CARTESIAN_POINT('Ctrl Pts',(7.09447783653038,-9.94115954609627,5.16465927663214));
#4656=CARTESIAN_POINT('Ctrl Pts',(7.09353911053016,-9.94300885453522,5.16468973209076));
#4657=CARTESIAN_POINT('Ctrl Pts',(7.08906910619245,-9.94961198753426,5.16595513259962));
#4658=CARTESIAN_POINT('Ctrl Pts',(7.74214955760454,-0.165615004830893,6.28452740945168));
#4659=CARTESIAN_POINT('Ctrl Pts',(7.74213499133523,-0.166966884959294,6.28441338027987));
#4660=CARTESIAN_POINT('Ctrl Pts',(7.74209157288888,-0.170993035005176,6.28407371378029));
#4661=CARTESIAN_POINT('Ctrl Pts',(7.74204806274191,-0.175018846915784,6.28373387700707));
#4662=CARTESIAN_POINT('Ctrl Pts',(7.74168981107725,-0.20810017455679,6.28094024106194));
#4663=CARTESIAN_POINT('Ctrl Pts',(7.74099630978061,-0.271111037367726,6.27560267644339));
#4664=CARTESIAN_POINT('Ctrl Pts',(7.73956566143909,-0.398842579847979,6.2646922111904));
#4665=CARTESIAN_POINT('Ctrl Pts',(7.73699059904106,-0.621695315895949,6.24544187808941));
#4666=CARTESIAN_POINT('Ctrl Pts',(7.73189800518735,-1.04101851329906,6.20847345993096));
#4667=CARTESIAN_POINT('Ctrl Pts',(7.7271060131193,-1.40396130946977,6.17546115350163));
#4668=CARTESIAN_POINT('Ctrl Pts',(7.72076866531595,-1.85441913574606,6.13390802123272));
#4669=CARTESIAN_POINT('Ctrl Pts',(7.71429160555313,-2.28874510527571,6.09330982208924));
#4670=CARTESIAN_POINT('Ctrl Pts',(7.70392609782749,-2.89798727895627,6.03521556259104));
#4671=CARTESIAN_POINT('Ctrl Pts',(7.69255660571742,-3.47819600138709,5.97888438980599));
#4672=CARTESIAN_POINT('Ctrl Pts',(7.67923058796412,-4.06603956012107,5.92078320021012));
#4673=CARTESIAN_POINT('Ctrl Pts',(7.66827747798677,-4.47085318264339,5.87986922623185));
#4674=CARTESIAN_POINT('Ctrl Pts',(7.65864130598542,-4.78791414252116,5.84736841488918));
#4675=CARTESIAN_POINT('Ctrl Pts',(7.65121799311734,-5.02088424503422,5.82334148000149));
#4676=CARTESIAN_POINT('Ctrl Pts',(7.6378933669487,-5.39134120121667,5.78452655500815));
#4677=CARTESIAN_POINT('Ctrl Pts',(7.61631330611216,-5.90502803854405,5.72962982711967));
#4678=CARTESIAN_POINT('Ctrl Pts',(7.58547444303682,-6.49560422644032,5.66468927524764));
#4679=CARTESIAN_POINT('Ctrl Pts',(7.53902189511172,-7.15613985085576,5.589405892342));
#4680=CARTESIAN_POINT('Ctrl Pts',(7.48242797218575,-7.75677692327635,5.51868010164703));
#4681=CARTESIAN_POINT('Ctrl Pts',(7.43071070474486,-8.17082350576751,5.46841227310792));
#4682=CARTESIAN_POINT('Ctrl Pts',(7.37344267800909,-8.5593525682548,5.42042282712331));
#4683=CARTESIAN_POINT('Ctrl Pts',(7.31661152504835,-8.89453013505828,5.37806412300703));
#4684=CARTESIAN_POINT('Ctrl Pts',(7.23274239850587,-9.27750423244214,5.3279812033816));
#4685=CARTESIAN_POINT('Ctrl Pts',(7.16871037559914,-9.52823180673182,5.29345340033542));
#4686=CARTESIAN_POINT('Ctrl Pts',(7.11636660683007,-9.70705859975033,5.26898146984716));
#4687=CARTESIAN_POINT('Ctrl Pts',(7.08028709542667,-9.82152319479107,5.25227321875762));
#4688=CARTESIAN_POINT('Ctrl Pts',(7.04993947966536,-9.89803719381757,5.24399388915237));
#4689=CARTESIAN_POINT('Ctrl Pts',(7.04177941438313,-9.91661915504504,5.24248479910118));
#4690=CARTESIAN_POINT('Ctrl Pts',(7.03606737551888,-9.92803794273532,5.24207815966729));
#4691=CARTESIAN_POINT('Ctrl Pts',(7.03285795244169,-9.93420284490753,5.24194738851464));
#4692=CARTESIAN_POINT('Ctrl Pts',(7.02935053597087,-9.93993951941382,5.24224752836697));
#4693=CARTESIAN_POINT('Ctrl Pts',(7.02841352400981,-9.94172258760405,5.2422121490991));
#4694=CARTESIAN_POINT('Ctrl Pts',(7.02396613006811,-9.94788900355377,5.24309161987374));
#4695=CARTESIAN_POINT('Ctrl Pts',(7.5452481445242,-0.189889342850051,6.5384486776559));
#4696=CARTESIAN_POINT('Ctrl Pts',(7.54523977143715,-0.191238351728133,6.53831904520044));
#4697=CARTESIAN_POINT('Ctrl Pts',(7.54521480262262,-0.195255976103148,6.53793293147906));
#4698=CARTESIAN_POINT('Ctrl Pts',(7.54518975933168,-0.199273369321477,6.5375466890412));
#4699=CARTESIAN_POINT('Ctrl Pts',(7.54498331464634,-0.232287029729364,6.5343721465195));
#4700=CARTESIAN_POINT('Ctrl Pts',(7.54457995848051,-0.295223193561622,6.52830854486701));
#4701=CARTESIAN_POINT('Ctrl Pts',(7.54374132665674,-0.4227516367874,6.51595696252256));
#4702=CARTESIAN_POINT('Ctrl Pts',(7.54220935271977,-0.645295531295747,6.49425515278347));
#4703=CARTESIAN_POINT('Ctrl Pts',(7.5391079490926,-1.06406611895847,6.45288817438575));
#4704=CARTESIAN_POINT('Ctrl Pts',(7.53606637711814,-1.42655015978512,6.41638272366511));
#4705=CARTESIAN_POINT('Ctrl Pts',(7.53192572654076,-1.87641816879741,6.37064096940745));
#4706=CARTESIAN_POINT('Ctrl Pts',(7.52758127025765,-2.31017132852098,6.32617377766444));
#4707=CARTESIAN_POINT('Ctrl Pts',(7.52023111406709,-2.91862713002203,6.26294161096673));
#4708=CARTESIAN_POINT('Ctrl Pts',(7.51170345624704,-3.49811690892308,6.20194526325456));
#4709=CARTESIAN_POINT('Ctrl Pts',(7.5011805620868,-4.08525543565569,6.13929929994165));
#4710=CARTESIAN_POINT('Ctrl Pts',(7.49205217695179,-4.48958911926578,6.09539432382536));
#4711=CARTESIAN_POINT('Ctrl Pts',(7.48377830521712,-4.8062618498157,6.06058466137982));
#4712=CARTESIAN_POINT('Ctrl Pts',(7.47733425517526,-5.03894247086033,6.03487287066138));
#4713=CARTESIAN_POINT('Ctrl Pts',(7.46546772274549,-5.40891219876879,5.99342032419407));
#4714=CARTESIAN_POINT('Ctrl Pts',(7.44572241632435,-5.92184395689386,5.93486900191038));
#4715=CARTESIAN_POINT('Ctrl Pts',(7.41665282019998,-6.51135966658192,5.86564520501948));
#4716=CARTESIAN_POINT('Ctrl Pts',(7.37166210150084,-7.17022390267184,5.78500752014723));
#4717=CARTESIAN_POINT('Ctrl Pts',(7.31598952461813,-7.76866723030596,5.7083753169116));
#4718=CARTESIAN_POINT('Ctrl Pts',(7.26473607951895,-8.1805674052991,5.65291286999944));
#4719=CARTESIAN_POINT('Ctrl Pts',(7.20795580139663,-8.56659494640398,5.5991265806968));
#4720=CARTESIAN_POINT('Ctrl Pts',(7.15154325281614,-8.89930613789845,5.55110562526552));
#4721=CARTESIAN_POINT('Ctrl Pts',(7.06871355740364,-9.27823918172025,5.49253394247248));
#4722=CARTESIAN_POINT('Ctrl Pts',(7.00570833614874,-9.52594092553373,5.45169621796344));
#4723=CARTESIAN_POINT('Ctrl Pts',(6.95454944472211,-9.70170926501365,5.4219386335941));
#4724=CARTESIAN_POINT('Ctrl Pts',(6.91932789134221,-9.81419818526013,5.40179368839459));
#4725=CARTESIAN_POINT('Ctrl Pts',(6.89019766757151,-9.88751228157099,5.39003839223389));
#4726=CARTESIAN_POINT('Ctrl Pts',(6.88242334100176,-9.9050390110518,5.38750846248475));
#4727=CARTESIAN_POINT('Ctrl Pts',(6.87703643335589,-9.91554267362288,5.3863015426087));
#4728=CARTESIAN_POINT('Ctrl Pts',(6.87401740529898,-9.92116690519306,5.38570862990416));
#4729=CARTESIAN_POINT('Ctrl Pts',(6.87075751549258,-9.92619224996971,5.38544232115918));
#4730=CARTESIAN_POINT('Ctrl Pts',(6.86987586055522,-9.92781677080853,5.38527197745066));
#4731=CARTESIAN_POINT('Ctrl Pts',(6.86578751597016,-9.93294549319391,5.3853634049063));
#4732=CARTESIAN_POINT('Ctrl Pts',(7.01366656785426,-0.226415103953928,6.82758033525199));
#4733=CARTESIAN_POINT('Ctrl Pts',(7.0136823576521,-0.22775667156454,6.8274304484916));
#4734=CARTESIAN_POINT('Ctrl Pts',(7.01372934837427,-0.231752150821404,6.82698403167499));
#4735=CARTESIAN_POINT('Ctrl Pts',(7.01377622046349,-0.23574736732488,6.82653759358556));
#4736=CARTESIAN_POINT('Ctrl Pts',(7.01416094357973,-0.268580352105109,6.82286827863407));
#4737=CARTESIAN_POINT('Ctrl Pts',(7.01488450081264,-0.331259627950613,6.81585746129817));
#4738=CARTESIAN_POINT('Ctrl Pts',(7.01630435712208,-0.458228152057983,6.80163438802446));
#4739=CARTESIAN_POINT('Ctrl Pts',(7.01867158216121,-0.679873246861699,6.77674943910597));
#4740=CARTESIAN_POINT('Ctrl Pts',(7.02271928610261,-1.09707407019033,6.72972637724646));
#4741=CARTESIAN_POINT('Ctrl Pts',(7.02561856269852,-1.45833893704974,6.68875667901148));
#4742=CARTESIAN_POINT('Ctrl Pts',(7.02868382860716,-1.90671719585671,6.63777100882183));
#4743=CARTESIAN_POINT('Ctrl Pts',(7.03117571206482,-2.33905639415613,6.58846585751228));
#4744=CARTESIAN_POINT('Ctrl Pts',(7.03314616640144,-2.94548578683766,6.51894641623322));
#4745=CARTESIAN_POINT('Ctrl Pts',(7.03326466136676,-3.5229161360104,6.45231794287821));
#4746=CARTESIAN_POINT('Ctrl Pts',(7.03124032408763,-4.10776930655853,6.384277312814));
#4747=CARTESIAN_POINT('Ctrl Pts',(7.02774579273196,-4.51030696313627,6.33685467079888));
#4748=CARTESIAN_POINT('Ctrl Pts',(7.02377088734388,-4.82543424381373,6.29936478291575));
#4749=CARTESIAN_POINT('Ctrl Pts',(7.02045175594924,-5.05693430241045,6.27170485029601));
#4750=CARTESIAN_POINT('Ctrl Pts',(7.01343047447625,-5.42482228219227,6.22721195716237));
#4751=CARTESIAN_POINT('Ctrl Pts',(7.00022208403965,-5.93445402790374,6.16448119937941));
#4752=CARTESIAN_POINT('Ctrl Pts',(6.97848173694041,-6.51937029541608,6.09035277848513));
#4753=CARTESIAN_POINT('Ctrl Pts',(6.94189204818172,-7.17157064913506,6.00353950055619));
#4754=CARTESIAN_POINT('Ctrl Pts',(6.89474393565279,-7.76222888693998,5.92000848629533));
#4755=CARTESIAN_POINT('Ctrl Pts',(6.85063925042667,-8.16738307938547,5.85836528688726));
#4756=CARTESIAN_POINT('Ctrl Pts',(6.80168301652474,-8.54619125650479,5.79777007737964));
#4757=CARTESIAN_POINT('Ctrl Pts',(6.75295080326751,-8.87212127403548,5.74295590207602));
#4758=CARTESIAN_POINT('Ctrl Pts',(6.68201641416664,-9.24130141664287,5.67446420767538));
#4759=CARTESIAN_POINT('Ctrl Pts',(6.62814261413585,-9.48215364459246,5.62634519772599));
#4760=CARTESIAN_POINT('Ctrl Pts',(6.58515063376737,-9.65132574669765,5.59069021723423));
#4761=CARTESIAN_POINT('Ctrl Pts',(6.55538254770667,-9.75962494312623,5.56673456802566));
#4762=CARTESIAN_POINT('Ctrl Pts',(6.53262841991738,-9.82619969312357,5.55130713342103));
#4763=CARTESIAN_POINT('Ctrl Pts',(6.52680490573095,-9.84150507496987,5.54770890397834));
#4764=CARTESIAN_POINT('Ctrl Pts',(6.52301012851969,-9.85008703912066,5.54566930762872));
#4765=CARTESIAN_POINT('Ctrl Pts',(6.52091827103545,-9.8545758828708,5.54459630766886));
#4766=CARTESIAN_POINT('Ctrl Pts',(6.51883239570993,-9.85811242636186,5.54374347153281));
#4767=CARTESIAN_POINT('Ctrl Pts',(6.51822123779714,-9.85940355525821,5.54343299548714));
#4768=CARTESIAN_POINT('Ctrl Pts',(6.51580456883557,-9.86236584201279,5.54271023063367));
#4769=CARTESIAN_POINT('Ctrl Pts',(6.58592091402027,-0.23764689533913,6.81209671153394));
#4770=CARTESIAN_POINT('Ctrl Pts',(6.58595883729527,-0.238982770816287,6.81194526993685));
#4771=CARTESIAN_POINT('Ctrl Pts',(6.58607170687525,-0.24296128461224,6.81149425483506));
#4772=CARTESIAN_POINT('Ctrl Pts',(6.58618442168046,-0.246939302257619,6.8110432362328));
#4773=CARTESIAN_POINT('Ctrl Pts',(6.58710898404586,-0.279630940251715,6.80733746479957));
#4774=CARTESIAN_POINT('Ctrl Pts',(6.58885494231771,-0.342076360954124,6.80025927367964));
#4775=CARTESIAN_POINT('Ctrl Pts',(6.59232443778341,-0.468598397144955,6.78589794348463));
#4776=CARTESIAN_POINT('Ctrl Pts',(6.59818890776265,-0.689502906000483,6.76080503928932));
#4777=CARTESIAN_POINT('Ctrl Pts',(6.6086015224466,-1.10542500525125,6.71342793885849));
#4778=CARTESIAN_POINT('Ctrl Pts',(6.61664758241909,-1.46575422152435,6.67227069539716));
#4779=CARTESIAN_POINT('Ctrl Pts',(6.62600976455577,-1.91300929007641,6.62101050288425));
#4780=CARTESIAN_POINT('Ctrl Pts',(6.63436402507887,-2.34431532570409,6.57154080639592));
#4781=CARTESIAN_POINT('Ctrl Pts',(6.64428091242203,-2.94918451641062,6.50187392078089));
#4782=CARTESIAN_POINT('Ctrl Pts',(6.65168430138742,-3.52489423881185,6.43524899361949));
#4783=CARTESIAN_POINT('Ctrl Pts',(6.6568042061854,-4.10767224609084,6.3673233534538));
#4784=CARTESIAN_POINT('Ctrl Pts',(6.65799053095588,-4.50846283399066,6.32012258348284));
#4785=CARTESIAN_POINT('Ctrl Pts',(6.65762207055619,-4.82203669006388,6.28283900862295));
#4786=CARTESIAN_POINT('Ctrl Pts',(6.65692931464144,-5.05233725655683,6.25534618499284));
#4787=CARTESIAN_POINT('Ctrl Pts',(6.65397322044701,-5.41807555011797,6.21120774804203));
#4788=CARTESIAN_POINT('Ctrl Pts',(6.64631556072089,-5.92426134905522,6.14908552631923));
#4789=CARTESIAN_POINT('Ctrl Pts',(6.63087022125926,-6.50438955023881,6.07591429949133));
#4790=CARTESIAN_POINT('Ctrl Pts',(6.60178032984339,-7.14983348965337,5.99053220192238));
#4791=CARTESIAN_POINT('Ctrl Pts',(6.56257332168286,-7.73291939687588,5.90866161905611));
#4792=CARTESIAN_POINT('Ctrl Pts',(6.52523107216793,-8.13184147094398,5.84850167875795));
#4793=CARTESIAN_POINT('Ctrl Pts',(6.48390417223101,-8.50419006372654,5.78937062376898));
#4794=CARTESIAN_POINT('Ctrl Pts',(6.44242985531761,-8.82423750552704,5.73611849153271));
#4795=CARTESIAN_POINT('Ctrl Pts',(6.38281493618699,-9.18546408443169,5.66974277557337));
#4796=CARTESIAN_POINT('Ctrl Pts',(6.33746325790686,-9.42093169103297,5.62322958898582));
#4797=CARTESIAN_POINT('Ctrl Pts',(6.30213117401145,-9.58504839030442,5.58892454388687));
#4798=CARTESIAN_POINT('Ctrl Pts',(6.27735330242675,-9.69017707863808,5.56594608497854));
#4799=CARTESIAN_POINT('Ctrl Pts',(6.2605247796288,-9.75167521223413,5.55160950194964));
#4800=CARTESIAN_POINT('Ctrl Pts',(6.2565192222346,-9.76530951293751,5.54834045620931));
#4801=CARTESIAN_POINT('Ctrl Pts',(6.25421032728595,-9.77244964098217,5.54656333540291));
#4802=CARTESIAN_POINT('Ctrl Pts',(6.25298432336519,-9.77608681767273,5.54564260660236));
#4803=CARTESIAN_POINT('Ctrl Pts',(6.25199557304598,-9.77850970482754,5.54497751860628));
#4804=CARTESIAN_POINT('Ctrl Pts',(6.25163717568696,-9.77955057683431,5.54471165937375));
#4805=CARTESIAN_POINT('Ctrl Pts',(6.25078320588458,-9.78089557192016,5.54425091578061));
#4806=CARTESIAN_POINT('Ctrl Pts',(6.37337205220292,-0.238976462512231,6.74630709883148));
#4807=CARTESIAN_POINT('Ctrl Pts',(6.37342045172463,-0.240309649505002,6.74615834783725));
#4808=CARTESIAN_POINT('Ctrl Pts',(6.37356453559463,-0.244280136512913,6.74571532679695));
#4809=CARTESIAN_POINT('Ctrl Pts',(6.37370841165874,-0.248249968500731,6.74527234072388));
#4810=CARTESIAN_POINT('Ctrl Pts',(6.37488983365957,-0.280873717295857,6.74163173002037));
#4811=CARTESIAN_POINT('Ctrl Pts',(6.37712768106581,-0.343197065738009,6.73467314334914));
#4812=CARTESIAN_POINT('Ctrl Pts',(6.38157906009333,-0.469501397014623,6.72055440054834));
#4813=CARTESIAN_POINT('Ctrl Pts',(6.38914727847015,-0.690033227924877,6.69586502857001));
#4814=CARTESIAN_POINT('Ctrl Pts',(6.40266137240969,-1.10531700556247,6.64923963230901));
#4815=CARTESIAN_POINT('Ctrl Pts',(6.41330210092664,-1.46517728115092,6.60866492892646));
#4816=CARTESIAN_POINT('Ctrl Pts',(6.42573136789515,-1.91189802936038,6.55819738840245));
#4817=CARTESIAN_POINT('Ctrl Pts',(6.4370196565287,-2.34270535137099,6.50943991003068));
#4818=CARTESIAN_POINT('Ctrl Pts',(6.45086104121546,-2.94681353477605,6.44082382062159));
#4819=CARTESIAN_POINT('Ctrl Pts',(6.46187564860335,-3.52164437305537,6.37521244484718));
#4820=CARTESIAN_POINT('Ctrl Pts',(6.47048618945758,-4.10333093599722,6.30836748544906));
#4821=CARTESIAN_POINT('Ctrl Pts',(6.47397566682645,-4.50316569589064,6.26192106227456));
#4822=CARTESIAN_POINT('Ctrl Pts',(6.47532957183222,-4.81588745213398,6.22526971898996));
#4823=CARTESIAN_POINT('Ctrl Pts',(6.47588147191072,-5.04552800898376,6.19825050991561));
#4824=CARTESIAN_POINT('Ctrl Pts',(6.4748470618554,-5.41006839197046,6.15488432177128));
#4825=CARTESIAN_POINT('Ctrl Pts',(6.46973377944656,-5.9143274556366,6.09391460129686));
#4826=CARTESIAN_POINT('Ctrl Pts',(6.45711207194683,-6.49175415099203,6.02218687676105));
#4827=CARTESIAN_POINT('Ctrl Pts',(6.43119136608903,-7.13338628248986,5.93874255699706));
#4828=CARTESIAN_POINT('Ctrl Pts',(6.39516897111606,-7.71219628541438,5.85906870074704));
#4829=CARTESIAN_POINT('Ctrl Pts',(6.36057143626782,-8.10757581069937,5.8007807594084));
#4830=CARTESIAN_POINT('Ctrl Pts',(6.32216392493437,-8.47626346246191,5.74380064366994));
#4831=CARTESIAN_POINT('Ctrl Pts',(6.28372669511372,-8.79292918993255,5.69249900205575));
#4832=CARTESIAN_POINT('Ctrl Pts',(6.22876231434339,-9.1495670634859,5.62915532905349));
#4833=CARTESIAN_POINT('Ctrl Pts',(6.18701469862713,-9.38188778480389,5.58490421173043));
#4834=CARTESIAN_POINT('Ctrl Pts',(6.15489385709679,-9.54308479472969,5.55264625716509));
#4835=CARTESIAN_POINT('Ctrl Pts',(6.13229179749751,-9.6463609241729,5.53099838753932));
#4836=CARTESIAN_POINT('Ctrl Pts',(6.11810031270153,-9.70499925126924,5.51817556992669));
#4837=CARTESIAN_POINT('Ctrl Pts',(6.11491389090957,-9.71769850402936,5.51536024232849));
#4838=CARTESIAN_POINT('Ctrl Pts',(6.11328444611863,-9.72403591231389,5.51394258379413));
#4839=CARTESIAN_POINT('Ctrl Pts',(6.11245546075197,-9.72719950564923,5.51323009877981));
#4840=CARTESIAN_POINT('Ctrl Pts',(6.11197562539954,-9.72900501270791,5.51282146035535));
#4841=CARTESIAN_POINT('Ctrl Pts',(6.1117330863218,-9.72990678664181,5.51261651065248));
#4842=CARTESIAN_POINT('Ctrl Pts',(6.11160978281929,-9.73035689600739,5.51251356876277));
#4843=CARTESIAN_POINT('',(7.81113113262825,-0.166135937790761,6.15284106583308));
#4844=CARTESIAN_POINT('Ctrl Pts',(7.08906910619245,-9.94961198753426,5.16595513259962));
#4845=CARTESIAN_POINT('Ctrl Pts',(7.09353911053016,-9.94300885453522,5.16468973209076));
#4846=CARTESIAN_POINT('Ctrl Pts',(7.09447783653038,-9.94115954609627,5.16465927663214));
#4847=CARTESIAN_POINT('Ctrl Pts',(7.097997840965,-9.93512429654596,5.16408218578886));
#4848=CARTESIAN_POINT('Ctrl Pts',(7.10121358586125,-9.92873329995742,5.16398751588572));
#4849=CARTESIAN_POINT('Ctrl Pts',(7.10693519409954,-9.9169319882878,5.16400397804742));
#4850=CARTESIAN_POINT('Ctrl Pts',(7.11509799172666,-9.89791066374401,5.16501680307596));
#4851=CARTESIAN_POINT('Ctrl Pts',(7.14542455691791,-9.82006805533087,5.17161067023396));
#4852=CARTESIAN_POINT('Ctrl Pts',(7.18136713463299,-9.70479476107178,5.18666165840446));
#4853=CARTESIAN_POINT('Ctrl Pts',(7.23343665723045,-9.52473732217181,5.20862838941012));
#4854=CARTESIAN_POINT('Ctrl Pts',(7.29698318258367,-9.27283620094865,5.24017776724845));
#4855=CARTESIAN_POINT('Ctrl Pts',(7.38004294453471,-8.88837272668416,5.28632001000402));
#4856=CARTESIAN_POINT('Ctrl Pts',(7.43621500732945,-8.55238012523144,5.32606054042466));
#4857=CARTESIAN_POINT('Ctrl Pts',(7.49285523522418,-8.16307201122855,5.3714326989667));
#4858=CARTESIAN_POINT('Ctrl Pts',(7.54402936397803,-7.7484111417456,5.4193207516356));
#4859=CARTESIAN_POINT('Ctrl Pts',(7.60023734547395,-7.14724382857017,5.48733491294352));
#4860=CARTESIAN_POINT('Ctrl Pts',(7.64668837258516,-6.48637779084951,5.56009853920753));
#4861=CARTESIAN_POINT('Ctrl Pts',(7.67785666577559,-5.89562877262807,5.62296397688336));
#4862=CARTESIAN_POINT('Ctrl Pts',(7.69990067351542,-5.38181938483273,5.67606784757822));
#4863=CARTESIAN_POINT('Ctrl Pts',(7.71363457833219,-5.01127728840812,5.71357256204751));
#4864=CARTESIAN_POINT('Ctrl Pts',(7.72134728685872,-4.77825017903797,5.73676121772855));
#4865=CARTESIAN_POINT('Ctrl Pts',(7.731391749104,-4.4611085310692,5.76811040238117));
#4866=CARTESIAN_POINT('Ctrl Pts',(7.74290733513686,-4.05618216466558,5.80751787724305));
#4867=CARTESIAN_POINT('Ctrl Pts',(7.75711405100638,-3.46813494023733,5.8633415304233));
#4868=CARTESIAN_POINT('Ctrl Pts',(7.76937454319192,-2.8876892091686,5.91733263822094));
#4869=CARTESIAN_POINT('Ctrl Pts',(7.78066952318321,-2.27816427750697,5.97286690568551));
#4870=CARTESIAN_POINT('Ctrl Pts',(7.78777834890992,-1.84362554791914,6.01154209946067));
#4871=CARTESIAN_POINT('Ctrl Pts',(7.79474736365796,-1.39295407743631,6.0510409497184));
#4872=CARTESIAN_POINT('Ctrl Pts',(7.80002236189588,-1.02985037911115,6.0823272495084));
#4873=CARTESIAN_POINT('Ctrl Pts',(7.80562134727227,-0.610346362228544,6.11716289084688));
#4874=CARTESIAN_POINT('Ctrl Pts',(7.80844540671214,-0.38739491314055,6.13522996176068));
#4875=CARTESIAN_POINT('Ctrl Pts',(7.81001255351424,-0.259595347802977,6.14545037466114));
#4876=CARTESIAN_POINT('Ctrl Pts',(7.81077081932031,-0.196564976210412,6.1504402586264));
#4877=CARTESIAN_POINT('Ctrl Pts',(7.81113113115287,-0.166135621708792,6.15284110066171));
#4878=CARTESIAN_POINT('Ctrl Pts',(7.81113113115287,-0.166135621708792,6.15284110066171));
#4879=CARTESIAN_POINT('Ctrl Pts',(7.81116280961964,-0.163460285490372,6.15305218169702));
#4880=CARTESIAN_POINT('Ctrl Pts',(7.81121042453838,-0.159431536915668,6.15336992235352));
#4881=CARTESIAN_POINT('Ctrl Pts',(7.8112579321109,-0.155402379216569,6.15368746971386));
#4882=CARTESIAN_POINT('Ctrl Pts',(7.81127387027684,-0.154049484572727,6.15379407125736));
#4883=CARTESIAN_POINT('Ctrl Pts',(6.37337205220292,-0.238976462512231,6.74630709883148));
#4884=CARTESIAN_POINT('Ctrl Pts',(6.37342045172463,-0.240309649505002,6.74615834783725));
#4885=CARTESIAN_POINT('Ctrl Pts',(6.37356453559463,-0.244280136512913,6.74571532679695));
#4886=CARTESIAN_POINT('Ctrl Pts',(6.37370841165874,-0.248249968500731,6.74527234072388));
#4887=CARTESIAN_POINT('Ctrl Pts',(6.37488983365957,-0.280873717295857,6.74163173002037));
#4888=CARTESIAN_POINT('Ctrl Pts',(6.37712768106581,-0.343197065738009,6.73467314334914));
#4889=CARTESIAN_POINT('Ctrl Pts',(6.38157906009333,-0.469501397014623,6.72055440054834));
#4890=CARTESIAN_POINT('Ctrl Pts',(6.38914727847015,-0.690033227924877,6.69586502857001));
#4891=CARTESIAN_POINT('Ctrl Pts',(6.40266137240969,-1.10531700556247,6.64923963230901));
#4892=CARTESIAN_POINT('Ctrl Pts',(6.41330210092664,-1.46517728115092,6.60866492892646));
#4893=CARTESIAN_POINT('Ctrl Pts',(6.42573136789515,-1.91189802936038,6.55819738840245));
#4894=CARTESIAN_POINT('Ctrl Pts',(6.4370196565287,-2.34270535137099,6.50943991003068));
#4895=CARTESIAN_POINT('Ctrl Pts',(6.45086104121546,-2.94681353477605,6.44082382062159));
#4896=CARTESIAN_POINT('Ctrl Pts',(6.46187564860335,-3.52164437305537,6.37521244484718));
#4897=CARTESIAN_POINT('Ctrl Pts',(6.47048618945758,-4.10333093599722,6.30836748544906));
#4898=CARTESIAN_POINT('Ctrl Pts',(6.47397566682645,-4.50316569589064,6.26192106227456));
#4899=CARTESIAN_POINT('Ctrl Pts',(6.47532957183222,-4.81588745213398,6.22526971898996));
#4900=CARTESIAN_POINT('Ctrl Pts',(6.47588147191072,-5.04552800898376,6.19825050991561));
#4901=CARTESIAN_POINT('Ctrl Pts',(6.4748470618554,-5.41006839197046,6.15488432177128));
#4902=CARTESIAN_POINT('Ctrl Pts',(6.46973377944656,-5.9143274556366,6.09391460129686));
#4903=CARTESIAN_POINT('Ctrl Pts',(6.45711207194683,-6.49175415099203,6.02218687676105));
#4904=CARTESIAN_POINT('Ctrl Pts',(6.43119136608903,-7.13338628248986,5.93874255699706));
#4905=CARTESIAN_POINT('Ctrl Pts',(6.39516897111606,-7.71219628541438,5.85906870074704));
#4906=CARTESIAN_POINT('Ctrl Pts',(6.36057143626782,-8.10757581069937,5.8007807594084));
#4907=CARTESIAN_POINT('Ctrl Pts',(6.32216392493437,-8.47626346246191,5.74380064366994));
#4908=CARTESIAN_POINT('Ctrl Pts',(6.28372669511372,-8.79292918993255,5.69249900205575));
#4909=CARTESIAN_POINT('Ctrl Pts',(6.22876231434339,-9.1495670634859,5.62915532905349));
#4910=CARTESIAN_POINT('Ctrl Pts',(6.18701469862713,-9.38188778480389,5.58490421173043));
#4911=CARTESIAN_POINT('Ctrl Pts',(6.15489385709679,-9.54308479472969,5.55264625716509));
#4912=CARTESIAN_POINT('Ctrl Pts',(6.13229179749751,-9.6463609241729,5.53099838753932));
#4913=CARTESIAN_POINT('Ctrl Pts',(6.11810031270153,-9.70499925126924,5.51817556992669));
#4914=CARTESIAN_POINT('Ctrl Pts',(6.11491389090957,-9.71769850402936,5.51536024232849));
#4915=CARTESIAN_POINT('Ctrl Pts',(6.11328444611863,-9.72403591231389,5.51394258379413));
#4916=CARTESIAN_POINT('Ctrl Pts',(6.11245546075197,-9.72719950564923,5.51323009877981));
#4917=CARTESIAN_POINT('Ctrl Pts',(6.11197562539954,-9.72900501270791,5.51282146035535));
#4918=CARTESIAN_POINT('Ctrl Pts',(6.1117330863218,-9.72990678664181,5.51261651065248));
#4919=CARTESIAN_POINT('Ctrl Pts',(6.11160978281929,-9.73035689600739,5.51251356876277));
#4920=CARTESIAN_POINT('Ctrl Pts',(2.1729438292814E-15,-0.156110967897613,
6.07142180376459));
#4921=CARTESIAN_POINT('Ctrl Pts',(2.1729438292814E-15,0.0583175384758116,
6.09775031376472));
#4922=CARTESIAN_POINT('Ctrl Pts',(2.1729438292814E-15,0.268061837391643,
6.12448200817307));
#4923=CARTESIAN_POINT('Ctrl Pts',(2.1729438292814E-15,0.473134160805134,
6.15161583414694));
#4924=CARTESIAN_POINT('Ctrl Pts',(-2.05959856628074,-0.156110967897613,
6.0714218037646));
#4925=CARTESIAN_POINT('Ctrl Pts',(-2.05959856628074,0.0583220379966461,
6.09775086623641));
#4926=CARTESIAN_POINT('Ctrl Pts',(-2.05959856628074,0.268056948323884,6.12448136128367));
#4927=CARTESIAN_POINT('Ctrl Pts',(-2.05959856628074,0.473134160805134,6.15161583414694));
#4928=CARTESIAN_POINT('Ctrl Pts',(-4.47489443440472,-0.178301211044807,
6.25214683127633));
#4929=CARTESIAN_POINT('Ctrl Pts',(-4.47489443440472,0.0355850002715422,
6.278408755816));
#4930=CARTESIAN_POINT('Ctrl Pts',(-4.47489443440472,0.244767310523004,6.30506899764204));
#4931=CARTESIAN_POINT('Ctrl Pts',(-4.47489443440472,0.44925038957547,6.33212485866344));
#4932=CARTESIAN_POINT('Ctrl Pts',(-5.85845265262068,-0.219746692263512,
6.58969318819558));
#4933=CARTESIAN_POINT('Ctrl Pts',(-5.85845265262068,-0.00687341261436242,
6.61583074036526));
#4934=CARTESIAN_POINT('Ctrl Pts',(-5.85845265262068,0.201259395020797,6.64235754600608));
#4935=CARTESIAN_POINT('Ctrl Pts',(-5.85845265262068,0.404641847642661,6.6692677793507));
#4936=CARTESIAN_POINT('Ctrl Pts',(-6.37317429070313,-0.238969076814495,
6.74624694715053));
#4937=CARTESIAN_POINT('Ctrl Pts',(-6.37317429070313,-0.0265619089098986,
6.77232726799433));
#4938=CARTESIAN_POINT('Ctrl Pts',(-6.37317429070313,0.181076450635416,6.79879120371626));
#4939=CARTESIAN_POINT('Ctrl Pts',(-6.37317429070313,0.383952437794425,6.82563442486976));
#4940=CARTESIAN_POINT('',(-2.17294382928141E-15,-0.156110967897613,6.07142180376459));
#4941=CARTESIAN_POINT('Ctrl Pts',(-6.37317429070312,-0.238969076814494,
6.74624694715053));
#4942=CARTESIAN_POINT('Ctrl Pts',(-6.20316079433795,-0.23261988811871,6.69453695487549));
#4943=CARTESIAN_POINT('Ctrl Pts',(-5.83217759860028,-0.219742082976009,
6.58965564856137));
#4944=CARTESIAN_POINT('Ctrl Pts',(-5.20848489872592,-0.201301277266179,
6.43946733844954));
#4945=CARTESIAN_POINT('Ctrl Pts',(-4.21559744747126,-0.179471425935721,
6.26167746674311));
#4946=CARTESIAN_POINT('Ctrl Pts',(-2.88657249520851,-0.16391488217259,6.13497958511422));
#4947=CARTESIAN_POINT('Ctrl Pts',(-1.57629688866924,-0.157530557972154,
6.08298343711736));
#4948=CARTESIAN_POINT('Ctrl Pts',(-0.550787206956252,-0.156110967897614,
6.07142180376459));
#4949=CARTESIAN_POINT('Ctrl Pts',(2.1729438292814E-15,-0.156110967897614,
6.07142180376459));
#4950=CARTESIAN_POINT('Ctrl Pts',(-6.34748043545772,0.384980607510024,6.81786371267295));
#4951=CARTESIAN_POINT('Ctrl Pts',(-6.29946434358137,0.38150214100465,6.80269345320568));
#4952=CARTESIAN_POINT('Ctrl Pts',(-6.25148796464188,0.378045049566145,6.78790761228194));
#4953=CARTESIAN_POINT('Ctrl Pts',(-5.46653078434181,0.321545579026169,6.55171378272434));
#4954=CARTESIAN_POINT('Ctrl Pts',(-4.70774394740369,0.261941323729928,6.40468521401285));
#4955=CARTESIAN_POINT('Ctrl Pts',(-3.37515269507231,0.140806241411201,6.22929912593171));
#4956=CARTESIAN_POINT('Ctrl Pts',(-2.80572217044325,0.0863895819239446,
6.17930472060718));
#4957=CARTESIAN_POINT('Ctrl Pts',(-1.89179903388629,0.00246058086228745,
6.12307552481161));
#4958=CARTESIAN_POINT('Ctrl Pts',(-1.53815707156196,-0.0291958576306886,
6.10719121691545));
#4959=CARTESIAN_POINT('Ctrl Pts',(-0.982610282963224,-0.0767742575049484,
6.08903087821989));
#4960=CARTESIAN_POINT('Ctrl Pts',(-0.780414753285077,-0.0936698423676826,
6.0838357064331));
#4961=CARTESIAN_POINT('Ctrl Pts',(-0.483187810355077,-0.117857125598924,
6.07794318652366));
#4962=CARTESIAN_POINT('Ctrl Pts',(-0.38786353632016,-0.125516483311529,
6.07631769585389));
#4963=CARTESIAN_POINT('Ctrl Pts',(-0.244101655204824,-0.136919149098919,
6.07423353342102));
#4964=CARTESIAN_POINT('Ctrl Pts',(-0.195612325119168,-0.140739687496888,
6.07359359651191));
#4965=CARTESIAN_POINT('Ctrl Pts',(-0.114445546171085,-0.147091856996854,
6.07262362842343));
#4966=CARTESIAN_POINT('Ctrl Pts',(-0.0817924391868433,-0.14963604649606,
6.07226116329055));
#4967=CARTESIAN_POINT('Ctrl Pts',(-0.0434504068015283,-0.152607491761294,
6.07186642396829));
#4968=CARTESIAN_POINT('Ctrl Pts',(-0.0370995084679968,-0.153099128485519,
6.07180206648601));
#4969=CARTESIAN_POINT('Ctrl Pts',(-0.0277888184055866,-0.153818428014642,
6.07170924288736));
#4970=CARTESIAN_POINT('Ctrl Pts',(-0.024502494490447,-0.154072048070324,
6.0716767616285));
#4971=CARTESIAN_POINT('Ctrl Pts',(-0.019245480775953,-0.154476783249498,
6.07162531075875));
#4972=CARTESIAN_POINT('Ctrl Pts',(-0.0168931606198343,-0.154657599294063,
6.07160244556828));
#4973=CARTESIAN_POINT('Ctrl Pts',(-0.0129347907453426,-0.154960462846514,
6.07156434805566));
#4974=CARTESIAN_POINT('Ctrl Pts',(-0.0104457625770973,-0.155150324479861,
6.07154057819085));
#4975=CARTESIAN_POINT('Ctrl Pts',(-0.00579719469713617,-0.155497669625727,
6.07149731307014));
#4976=CARTESIAN_POINT('Ctrl Pts',(-0.00373526234203553,-0.155646123149054,
6.07147897961449));
#4977=CARTESIAN_POINT('Ctrl Pts',(-0.00215397809534499,-0.155714613494165,
6.07147050520763));
#4978=CARTESIAN_POINT('Ctrl Pts',(-0.0019195997844013,-0.155840885067065,
6.07145499086019));
#4979=CARTESIAN_POINT('Ctrl Pts',(-0.0011966949667437,-0.155907131785012,
6.07144684320539));
#4980=CARTESIAN_POINT('Ctrl Pts',(-6.47560851230081,-0.242863599197084,
6.77796528660584));
#4981=CARTESIAN_POINT('Ctrl Pts',(-6.47560851230081,-1.6504924896194,6.6051301913811));
#4982=CARTESIAN_POINT('Ctrl Pts',(-6.47560851230081,-4.10258278897658,6.3080064757851));
#4983=CARTESIAN_POINT('Ctrl Pts',(-6.47560851230081,-7.71561059264318,5.88483955705975));
#4984=CARTESIAN_POINT('Ctrl Pts',(-6.47560851230081,-10.4283891499573,5.56828992149689));
#4985=CARTESIAN_POINT('Ctrl Pts',(-6.47560851230081,-12.3194655814679,5.09676843863132));
#4986=CARTESIAN_POINT('Ctrl Pts',(-6.47560851230081,-13.4189507757007,4.25240536251258));
#4987=CARTESIAN_POINT('Ctrl Pts',(-6.47560851230081,-13.7112235227674,3.87905872978831));
#4988=CARTESIAN_POINT('Ctrl Pts',(-6.47560851230081,-13.8370165916319,3.67350821046296));
#4989=CARTESIAN_POINT('Ctrl Pts',(-5.95861406875123,-0.222854168384584,
6.61500155024225));
#4990=CARTESIAN_POINT('Ctrl Pts',(-5.95861406875123,-1.63062926663475,6.44214850295356));
#4991=CARTESIAN_POINT('Ctrl Pts',(-5.95861406875123,-4.08330466106991,6.14510911379611));
#4992=CARTESIAN_POINT('Ctrl Pts',(-5.95861406875123,-7.69634366927697,5.721397475086));
#4993=CARTESIAN_POINT('Ctrl Pts',(-5.95861406875123,-10.4087331958247,5.40633652769507));
#4994=CARTESIAN_POINT('Ctrl Pts',(-5.95861406875123,-12.2588155742273,4.93846402473007));
#4995=CARTESIAN_POINT('Ctrl Pts',(-5.95861406875123,-13.3020613775471,4.13438650418108));
#4996=CARTESIAN_POINT('Ctrl Pts',(-5.95861406875123,-13.5780082461568,3.78219599860686));
#4997=CARTESIAN_POINT('Ctrl Pts',(-5.95861406875123,-13.6969725741067,3.58780389408154));
#4998=CARTESIAN_POINT('Ctrl Pts',(-4.56742612107499,-0.179615665486054,
6.26285220360964));
#4999=CARTESIAN_POINT('Ctrl Pts',(-4.56742612107499,-1.58770928411361,6.08996004693628));
#5000=CARTESIAN_POINT('Ctrl Pts',(-4.56742612107499,-4.04165890321368,5.79310708654291));
#5001=CARTESIAN_POINT('Ctrl Pts',(-4.56742612107499,-7.65479912383096,5.36815968131233));
#5002=CARTESIAN_POINT('Ctrl Pts',(-4.56742612107499,-10.3664566262809,5.0563487633656));
#5003=CARTESIAN_POINT('Ctrl Pts',(-4.56742612107499,-12.1282207629327,4.59587765096112));
#5004=CARTESIAN_POINT('Ctrl Pts',(-4.56742612107499,-13.0496458081835,3.87902361752239));
#5005=CARTESIAN_POINT('Ctrl Pts',(-4.56742612107499,-13.2902629833131,3.57268789862949));
#5006=CARTESIAN_POINT('Ctrl Pts',(-4.56742612107499,-13.3943505897819,3.40260490631427));
#5007=CARTESIAN_POINT('Ctrl Pts',(-2.11885784713389,-0.156110967897613,
6.0714218037646));
#5008=CARTESIAN_POINT('Ctrl Pts',(-2.11885784713389,-1.56437915074191,5.89850821330053));
#5009=CARTESIAN_POINT('Ctrl Pts',(-2.11885784713389,-4.01902687039401,5.60175890456327));
#5010=CARTESIAN_POINT('Ctrl Pts',(-2.11885784713389,-7.63226434982251,5.17610754147636));
#5011=CARTESIAN_POINT('Ctrl Pts',(-2.11885784713389,-10.3435835122584,4.86608152303924));
#5012=CARTESIAN_POINT('Ctrl Pts',(-2.11885784713389,-12.0574832972587,4.40936850471992));
#5013=CARTESIAN_POINT('Ctrl Pts',(-2.11885784713389,-12.9125253130523,3.74002301186212));
#5014=CARTESIAN_POINT('Ctrl Pts',(-2.11885784713389,-13.1339090873059,3.45869012707687));
#5015=CARTESIAN_POINT('Ctrl Pts',(-2.11885784713389,-13.2298435474853,3.30192967684643));
#5016=CARTESIAN_POINT('Ctrl Pts',(2.1729438292814E-15,-0.156110967897613,
6.07142180376459));
#5017=CARTESIAN_POINT('Ctrl Pts',(2.19003696076759E-15,-1.56437772875094,
5.89850838789906));
#5018=CARTESIAN_POINT('Ctrl Pts',(2.21698948413029E-15,-4.01901999577801,
5.60175675938215));
#5019=CARTESIAN_POINT('Ctrl Pts',(2.24533211852837E-15,-7.63221501886211,
5.17613774989953));
#5020=CARTESIAN_POINT('Ctrl Pts',(2.24737513855384E-15,-10.3434742824209,
4.86609347315811));
#5021=CARTESIAN_POINT('Ctrl Pts',(2.23680928215646E-15,-12.057227367074,
4.4096471633173));
#5022=CARTESIAN_POINT('Ctrl Pts',(2.21517239432528E-15,-12.9124307767583,
3.74020783657674));
#5023=CARTESIAN_POINT('Ctrl Pts',(2.20489870227421E-15,-13.1338426722033,
3.45879865180694));
#5024=CARTESIAN_POINT('Ctrl Pts',(2.19898304162257E-15,-13.2298435474853,
3.30192967684643));
#5025=CARTESIAN_POINT('Ctrl Pts',(2.1729438292814E-15,-0.156110967897613,
6.07142180376459));
#5026=CARTESIAN_POINT('Ctrl Pts',(2.19003696076759E-15,-1.56437772875094,
5.89850838789906));
#5027=CARTESIAN_POINT('Ctrl Pts',(2.21698948413029E-15,-4.01901999577801,
5.60175675938215));
#5028=CARTESIAN_POINT('Ctrl Pts',(2.24533211852837E-15,-7.63221501886211,
5.17613774989953));
#5029=CARTESIAN_POINT('Ctrl Pts',(2.24737513855384E-15,-10.3434742824209,
4.86609347315811));
#5030=CARTESIAN_POINT('Ctrl Pts',(2.23680928215646E-15,-12.057227367074,
4.4096471633173));
#5031=CARTESIAN_POINT('Ctrl Pts',(2.21517239432528E-15,-12.9124307767583,
3.74020783657674));
#5032=CARTESIAN_POINT('Ctrl Pts',(2.20489870227421E-15,-13.1338426722033,
3.45879865180694));
#5033=CARTESIAN_POINT('Ctrl Pts',(2.19898304162257E-15,-13.2298435474853,
3.30192967684643));
#5034=CARTESIAN_POINT('Ctrl Pts',(-1.77635683940025E-15,-0.156110967897613,
6.07142180376459));
#5035=CARTESIAN_POINT('Ctrl Pts',(-0.000152647245726556,-0.156110967897613,
6.07142180376459));
#5036=CARTESIAN_POINT('Ctrl Pts',(-0.000307375777851902,-0.156112727517095,
6.07142158829741));
#5037=CARTESIAN_POINT('Ctrl Pts',(-0.00045997622891214,-0.156116460368788,
6.07142113111829));
#5038=CARTESIAN_POINT('Ctrl Pts',(-0.000888424616587904,-0.156126940903269,
6.07141984752014));
#5039=CARTESIAN_POINT('Ctrl Pts',(-0.00124365039378738,-0.15615159532784,
6.07141682769541));
#5040=CARTESIAN_POINT('Ctrl Pts',(-0.00146401495585913,-0.156183840007681,
6.07141287386873));
#5041=CARTESIAN_POINT('Ctrl Pts',(-0.00151765791576754,-0.156191689273696,
6.07141191139561));
#5042=CARTESIAN_POINT('Ctrl Pts',(-0.0015951056671806,-0.156204641148777,
6.07141032309559));
#5043=CARTESIAN_POINT('Ctrl Pts',(-0.00164686761467348,-0.156221512011689,
6.07140825302138));
#5044=CARTESIAN_POINT('Ctrl Pts',(-0.00166477790324472,-0.156227349543657,
6.07140753674951));
#5045=CARTESIAN_POINT('Ctrl Pts',(-0.00168302183689908,-0.156234760994235,
6.07140662724391));
#5046=CARTESIAN_POINT('Ctrl Pts',(-0.00169319684532798,-0.156243315695114,
6.07140557714372));
#5047=CARTESIAN_POINT('Ctrl Pts',(-0.00169942166886094,-0.156248549253762,
6.07140493471788));
#5048=CARTESIAN_POINT('Ctrl Pts',(-0.00170279459807005,-0.156254318275704,
6.0714042264666));
#5049=CARTESIAN_POINT('Ctrl Pts',(-0.00170076881462577,-0.156260520000583,
6.07140346493443));
#5050=CARTESIAN_POINT('Ctrl Pts',(-0.00169935625949801,-0.156264844390887,
6.07140293392695));
#5051=CARTESIAN_POINT('Ctrl Pts',(-0.00169564449390976,-0.156268467817515,
6.07140248892251));
#5052=CARTESIAN_POINT('Ctrl Pts',(-0.0016915274280036,-0.156271470105574,
6.07140212017342));
#5053=CARTESIAN_POINT('Ctrl Pts',(-0.00168496671365519,-0.156276254375437,
6.07140153255653));
#5054=CARTESIAN_POINT('Ctrl Pts',(-0.00167644705387738,-0.156279963937603,
6.07140107684404));
#5055=CARTESIAN_POINT('Ctrl Pts',(-0.0016712583959313,-0.156282042931885,
6.07140082143291));
#5056=CARTESIAN_POINT('Ctrl Pts',(-0.0016487902257728,-0.156291045490499,
6.07139971543964));
#5057=CARTESIAN_POINT('Ctrl Pts',(-0.00161755925677791,-0.156298021409605,
6.07139885806222));
#5058=CARTESIAN_POINT('Ctrl Pts',(-0.00158996227161534,-0.15630306764387,
6.07139823773971));
#5059=CARTESIAN_POINT('Ctrl Pts',(-0.00155130361232241,-0.156310136555563,
6.07139736877389));
#5060=CARTESIAN_POINT('Ctrl Pts',(-0.00150836819560218,-0.156315491571797,
6.07139671017779));
#5061=CARTESIAN_POINT('Ctrl Pts',(-0.00146906665448743,-0.156319475963025,
6.07139622000457));
#5062=CARTESIAN_POINT('Ctrl Pts',(-0.00127433142537147,-0.156339218225458,
6.07139379124496));
#5063=CARTESIAN_POINT('Ctrl Pts',(-0.000989760413494002,-0.156343828964312,
6.07139321955629));
#5064=CARTESIAN_POINT('Ctrl Pts',(-0.000728623539169249,-0.156323940938659,
6.07139565835797));
#5065=CARTESIAN_POINT('Ctrl Pts',(-0.000470518833771425,-0.156304283841149,
6.07139806884171));
#5066=CARTESIAN_POINT('Ctrl Pts',(-0.000222708950719133,-0.156259536999679,
6.07140356177263));
#5067=CARTESIAN_POINT('Ctrl Pts',(-1.77635683940025E-15,-0.156110967897613,
6.07142180376459));
#5068=CARTESIAN_POINT('Ctrl Pts',(-2.17294382928141E-15,-0.156110967897612,
6.07142180376459));
#5069=CARTESIAN_POINT('Ctrl Pts',(-2.15585068946971E-15,-1.56437841467196,
5.89850830367855));
#5070=CARTESIAN_POINT('Ctrl Pts',(-2.11524054529447E-15,-5.25407858958617,
5.4510265102441));
#5071=CARTESIAN_POINT('Ctrl Pts',(-2.09629927069313E-15,-8.93485899051016,
5.03553883633444));
#5072=CARTESIAN_POINT('Ctrl Pts',(-2.10229471095937E-15,-11.113179938843,
4.70896951019043));
#5073=CARTESIAN_POINT('Ctrl Pts',(-2.11791875636933E-15,-12.5288412354851,
4.11272627204439));
#5074=CARTESIAN_POINT('Ctrl Pts',(-2.13507338850287E-15,-13.0378441050662,
3.61566501093636));
#5075=CARTESIAN_POINT('Ctrl Pts',(-2.14690473795606E-15,-13.2298455113573,
3.30192646780125));
#5076=CARTESIAN_POINT('Ctrl Pts',(1.59028682751403,-0.156110967897613,6.0714218037646));
#5077=CARTESIAN_POINT('Ctrl Pts',(1.59028682751403,-1.56437977277353,5.89850813692465));
#5078=CARTESIAN_POINT('Ctrl Pts',(1.59028682751403,-5.254151014977,5.45098322148736));
#5079=CARTESIAN_POINT('Ctrl Pts',(1.59028682751403,-8.93493713217652,5.03552586415794));
#5080=CARTESIAN_POINT('Ctrl Pts',(1.59028682751403,-11.1135681976647,4.70870370231201));
#5081=CARTESIAN_POINT('Ctrl Pts',(1.59028682751403,-12.5289162059147,4.11254167192228));
#5082=CARTESIAN_POINT('Ctrl Pts',(1.59028682751403,-13.0379709669155,3.61545771322663));
#5083=CARTESIAN_POINT('Ctrl Pts',(1.59028682751403,-13.2298455113573,3.30192646780125));
#5084=CARTESIAN_POINT('Ctrl Pts',(4.35013615041173,-0.173856045180021,6.21594386054371));
#5085=CARTESIAN_POINT('Ctrl Pts',(4.35013615041173,-1.5819932263152,6.04304635506697));
#5086=CARTESIAN_POINT('Ctrl Pts',(4.35013615041173,-5.2713826051456,5.59577641140375));
#5087=CARTESIAN_POINT('Ctrl Pts',(4.35013615041173,-8.95036527897337,5.17987161932077));
#5088=CARTESIAN_POINT('Ctrl Pts',(4.35013615041173,-11.1417924259648,4.85297429423226));
#5089=CARTESIAN_POINT('Ctrl Pts',(4.35013615041173,-12.6057884323993,4.24030606078577));
#5090=CARTESIAN_POINT('Ctrl Pts',(4.35013615041173,-13.1498719969439,3.71155392093516));
#5091=CARTESIAN_POINT('Ctrl Pts',(4.35013615041173,-13.3540416682413,3.37793191022919));
#5092=CARTESIAN_POINT('Ctrl Pts',(5.78881331560923,-0.216258053836565,6.56128050828459));
#5093=CARTESIAN_POINT('Ctrl Pts',(5.78881331560923,-1.62408149779285,6.3884215248896));
#5094=CARTESIAN_POINT('Ctrl Pts',(5.78881331560923,-5.31259916619693,5.94173610902978));
#5095=CARTESIAN_POINT('Ctrl Pts',(5.78881331560923,-8.98727577533647,5.5247795536857));
#5096=CARTESIAN_POINT('Ctrl Pts',(5.78881331560923,-11.209457108899,5.19755763065969));
#5097=CARTESIAN_POINT('Ctrl Pts',(5.78881331560923,-12.7895182457907,4.54549425929816));
#5098=CARTESIAN_POINT('Ctrl Pts',(5.78881331560923,-13.417333183965,3.94105772266809));
#5099=CARTESIAN_POINT('Ctrl Pts',(5.78881331560923,-13.6508094103872,3.55954754235546));
#5100=CARTESIAN_POINT('Ctrl Pts',(6.47821167711661,-0.242964396332199,6.77878621339317));
#5101=CARTESIAN_POINT('Ctrl Pts',(6.47821167711661,-1.65059323122832,6.60595112498618));
#5102=CARTESIAN_POINT('Ctrl Pts',(6.47821167711661,-5.33871854289495,6.15953879727844));
#5103=CARTESIAN_POINT('Ctrl Pts',(6.47821167711661,-9.01069563671775,5.7419866402529));
#5104=CARTESIAN_POINT('Ctrl Pts',(6.47821167711661,-11.2529307864187,5.41400285926414));
#5105=CARTESIAN_POINT('Ctrl Pts',(6.47821167711661,-12.9054033143045,4.73730601773283));
#5106=CARTESIAN_POINT('Ctrl Pts',(6.47821167711661,-13.5860697495041,4.08515062785196));
#5107=CARTESIAN_POINT('Ctrl Pts',(6.47821167711661,-13.8377246347956,3.6739357382877));
#5108=CARTESIAN_POINT('Ctrl Pts',(6.37337205220293,-0.23897646251223,6.74630709883148));
#5109=CARTESIAN_POINT('Ctrl Pts',(6.2033268075023,-0.232625651032128,6.69458389003877));
#5110=CARTESIAN_POINT('Ctrl Pts',(5.8323153925899,-0.21974615724066,6.58968883078411));
#5111=CARTESIAN_POINT('Ctrl Pts',(5.20859389389021,-0.201303673700038,6.43948685583706));
#5112=CARTESIAN_POINT('Ctrl Pts',(4.21567039563811,-0.179472279810849,6.26168442099795));
#5113=CARTESIAN_POINT('Ctrl Pts',(2.88657249520851,-0.163914882172591,6.13497958511422));
#5114=CARTESIAN_POINT('Ctrl Pts',(1.57629688866924,-0.157530557972154,6.08298343711736));
#5115=CARTESIAN_POINT('Ctrl Pts',(0.550787206956253,-0.156110967897613,
6.07142180376459));
#5116=CARTESIAN_POINT('Ctrl Pts',(-2.17294382928141E-15,-0.156110967897613,
6.07142180376459));
#5117=CARTESIAN_POINT('Ctrl Pts',(-2.17294382928141E-15,-0.156110967897613,
6.07142180376459));
#5118=CARTESIAN_POINT('Ctrl Pts',(0.000222716065200346,-0.156259541250404,
6.07140356125071));
#5119=CARTESIAN_POINT('Ctrl Pts',(0.000470570378630082,-0.156304288559189,
6.07139806826638));
#5120=CARTESIAN_POINT('Ctrl Pts',(0.000728700243986583,-0.156323942082706,
6.07139565823746));
#5121=CARTESIAN_POINT('Ctrl Pts',(0.000989796450965431,-0.156343821457907,
6.0713932205133));
#5122=CARTESIAN_POINT('Ctrl Pts',(0.00127433730867785,-0.156339213213491,
6.07139379192397));
#5123=CARTESIAN_POINT('Ctrl Pts',(0.00146906378700021,-0.156319469265851,
6.07139622091527));
#5124=CARTESIAN_POINT('Ctrl Pts',(0.00150817794491631,-0.156315503354833,
6.0713967088199));
#5125=CARTESIAN_POINT('Ctrl Pts',(0.00155129197501696,-0.156310138990574,
6.07139736857386));
#5126=CARTESIAN_POINT('Ctrl Pts',(0.00159000258104048,-0.156303058519671,
6.07139823896581));
#5127=CARTESIAN_POINT('Ctrl Pts',(0.00161486640718838,-0.156298510732497,
6.07139879801865));
#5128=CARTESIAN_POINT('Ctrl Pts',(0.00164769429526491,-0.156291467329539,
6.0713996637272));
#5129=CARTESIAN_POINT('Ctrl Pts',(0.00167122662794274,-0.156282036369029,
6.07140082235447));
#5130=CARTESIAN_POINT('Ctrl Pts',(0.00167732860061854,-0.156279590905414,
6.07140112278843));
#5131=CARTESIAN_POINT('Ctrl Pts',(0.00168532560578711,-0.15627598161496,
6.07140156617607));
#5132=CARTESIAN_POINT('Ctrl Pts',(0.00169151460189105,-0.156271467801668,
6.07140212057574));
#5133=CARTESIAN_POINT('Ctrl Pts',(0.00169856797779028,-0.15626632357127,
6.07140275240508));
#5134=CARTESIAN_POINT('Ctrl Pts',(0.00170165501695752,-0.156261265377127,
6.07140337356015));
#5135=CARTESIAN_POINT('Ctrl Pts',(0.00170132389404568,-0.156256187846096,
6.07140399699277));
#5136=CARTESIAN_POINT('Ctrl Pts',(0.00170101909227254,-0.15625151393076,
6.0714045708684));
#5137=CARTESIAN_POINT('Ctrl Pts',(0.00169783909365309,-0.156247225709529,
6.07140509730563));
#5138=CARTESIAN_POINT('Ctrl Pts',(0.00169318628324374,-0.1562433142323,
6.07140557744373));
#5139=CARTESIAN_POINT('Ctrl Pts',(0.00168260841326475,-0.156234421736386,
6.0714066690073));
#5140=CARTESIAN_POINT('Ctrl Pts',(0.00166352382359601,-0.156226938980177,
6.07140758724304));
#5141=CARTESIAN_POINT('Ctrl Pts',(0.00164689227533013,-0.156221517377852,
6.07140825247768));
#5142=CARTESIAN_POINT('Ctrl Pts',(0.00159676170465706,-0.156205175663052,
6.07141025761827));
#5143=CARTESIAN_POINT('Ctrl Pts',(0.00152228701092543,-0.156192376274025,
6.07141182725228));
#5144=CARTESIAN_POINT('Ctrl Pts',(0.00146390362844914,-0.156183834551901,
6.07141287462675));
#5145=CARTESIAN_POINT('Ctrl Pts',(0.00124351691195956,-0.156151591094737,
6.07141682827607));
#5146=CARTESIAN_POINT('Ctrl Pts',(0.000888218854808529,-0.156126931503281,
6.07141984869575));
#5147=CARTESIAN_POINT('Ctrl Pts',(0.000459584850012222,-0.15611645569727,
6.0714211316979));
#5148=CARTESIAN_POINT('Ctrl Pts',(0.000307203945558844,-0.156112731511189,
6.07142158780971));
#5149=CARTESIAN_POINT('Ctrl Pts',(0.000152427588267621,-0.156110967897613,
6.07142180376459));
#5150=CARTESIAN_POINT('Ctrl Pts',(-2.17294382928141E-15,-0.156110967897613,
6.07142180376459));
#5151=CARTESIAN_POINT('Ctrl Pts',(-5.61964281727269,11.0835082160666,7.75340067576649));
#5152=CARTESIAN_POINT('Ctrl Pts',(-5.70835062271046,11.295334304715,7.47874700520453));
#5153=CARTESIAN_POINT('Ctrl Pts',(-5.96493164464657,11.854359993648,6.62330205851323));
#5154=CARTESIAN_POINT('Ctrl Pts',(-6.36976947032429,12.5243985803728,4.9537217460543));
#5155=CARTESIAN_POINT('Ctrl Pts',(-6.61189448083549,12.9081750296167,3.54481229403262));
#5156=CARTESIAN_POINT('Ctrl Pts',(-6.83612573506053,13.3184457855665,1.91809993198936));
#5157=CARTESIAN_POINT('Ctrl Pts',(-6.92346620723988,13.5194934183136,1.04244753284898));
#5158=CARTESIAN_POINT('Ctrl Pts',(-6.98817505945992,13.7137872799729,0.164083748806144));
#5159=CARTESIAN_POINT('Ctrl Pts',(-5.56568140440634,11.1167401349453,7.75771071016342));
#5160=CARTESIAN_POINT('Ctrl Pts',(-5.65260604668442,11.3281581335768,7.48321915299485));
#5161=CARTESIAN_POINT('Ctrl Pts',(-5.90416797108008,11.8855813608253,6.62857572857479));
#5162=CARTESIAN_POINT('Ctrl Pts',(-6.30138276279652,12.5507716498478,4.96118490678803));
#5163=CARTESIAN_POINT('Ctrl Pts',(-6.53903419365497,12.9284559292226,3.55295431435516));
#5164=CARTESIAN_POINT('Ctrl Pts',(-6.75938276360742,13.3305093057501,1.9249669427143));
#5165=CARTESIAN_POINT('Ctrl Pts',(-6.84540657758127,13.5264199102309,1.04738666143353));
#5166=CARTESIAN_POINT('Ctrl Pts',(-6.90970243113403,13.7148841308929,0.164882928741662));
#5167=CARTESIAN_POINT('Ctrl Pts',(-5.43743716983965,11.1942406469174,7.76794707510005));
#5168=CARTESIAN_POINT('Ctrl Pts',(-5.51995925348192,11.4046419104662,7.49395706609332));
#5169=CARTESIAN_POINT('Ctrl Pts',(-5.75805505362834,11.9576827630916,6.6416358976789));
#5170=CARTESIAN_POINT('Ctrl Pts',(-6.13078787362785,12.6103136290437,4.97943441244879));
#5171=CARTESIAN_POINT('Ctrl Pts',(-6.35142801864648,12.9725932742132,3.57185650826528));
#5172=CARTESIAN_POINT('Ctrl Pts',(-6.55591061685731,13.3552658829545,1.94018416802074));
#5173=CARTESIAN_POINT('Ctrl Pts',(-6.63567037045918,13.5399199185287,1.05793369988976));
#5174=CARTESIAN_POINT('Ctrl Pts',(-6.69692782733794,13.7169991720718,0.166584576420724));
#5175=CARTESIAN_POINT('Ctrl Pts',(-5.03498860195954,11.3934528056871,7.79460321557506));
#5176=CARTESIAN_POINT('Ctrl Pts',(-5.1052801759717,11.6012599385876,7.52218661854193));
#5177=CARTESIAN_POINT('Ctrl Pts',(-5.30545484058136,12.1429046758066,6.67692628254208));
#5178=CARTESIAN_POINT('Ctrl Pts',(-5.60770343305658,12.7636520939992,5.02973078585781));
#5179=CARTESIAN_POINT('Ctrl Pts',(-5.77858764885034,13.085846990689,3.62333483281785));
#5180=CARTESIAN_POINT('Ctrl Pts',(-5.93604811767487,13.4184982251982,1.98126175282994));
#5181=CARTESIAN_POINT('Ctrl Pts',(-5.99678308281952,13.5738268728329,1.08604142102953));
#5182=CARTESIAN_POINT('Ctrl Pts',(-6.04773314557423,13.7223444504304,0.171109413503406));
#5183=CARTESIAN_POINT('Ctrl Pts',(-4.37333403647911,11.6531448440875,7.82985756427561));
#5184=CARTESIAN_POINT('Ctrl Pts',(-4.42608869924021,11.8577168761721,7.55992006828829));
#5185=CARTESIAN_POINT('Ctrl Pts',(-4.57198081889611,12.3848913546188,6.72567536415158));
#5186=CARTESIAN_POINT('Ctrl Pts',(-4.77405648234197,12.9663777106525,5.10134033203796));
#5187=CARTESIAN_POINT('Ctrl Pts',(-4.87471780865763,13.2367855041928,3.69665037046694));
#5188=CARTESIAN_POINT('Ctrl Pts',(-4.96531832857364,13.5037404592673,2.0396693881566));
#5189=CARTESIAN_POINT('Ctrl Pts',(-4.99863729022783,13.619978660932,1.12580267316261));
#5190=CARTESIAN_POINT('Ctrl Pts',(-5.03322877240794,13.7296272958197,0.177506932334693));
#5191=CARTESIAN_POINT('Ctrl Pts',(-2.62163777377268,12.0181589568358,7.88135161281663));
#5192=CARTESIAN_POINT('Ctrl Pts',(-2.64307131941927,12.2191293919576,7.61665314463549));
#5193=CARTESIAN_POINT('Ctrl Pts',(-2.69745339506968,12.7300171083271,6.80552351765648));
#5194=CARTESIAN_POINT('Ctrl Pts',(-2.75187580483161,13.2719795471339,5.22965909483423));
#5195=CARTESIAN_POINT('Ctrl Pts',(-2.76124627833164,13.4758329298184,3.83121252148011));
#5196=CARTESIAN_POINT('Ctrl Pts',(-2.76457283828735,13.6487336087496,2.1488319274719));
#5197=CARTESIAN_POINT('Ctrl Pts',(-2.76184535541156,13.7032368139014,1.20056399661612));
#5198=CARTESIAN_POINT('Ctrl Pts',(-2.76666195081316,13.7428906696147,0.189538118793839));
#5199=CARTESIAN_POINT('Ctrl Pts',(-0.887519774138466,12.0947834550043,7.89444237232424));
#5200=CARTESIAN_POINT('Ctrl Pts',(-0.893039333882392,12.2962037395423,7.63291920312061));
#5201=CARTESIAN_POINT('Ctrl Pts',(-0.908242700280729,12.8089562895631,6.83577357848715));
#5202=CARTESIAN_POINT('Ctrl Pts',(-0.929248715000296,13.3625027724615,5.29003559245569));
#5203=CARTESIAN_POINT('Ctrl Pts',(-0.938074682282154,13.5607145376013,3.89816357163536));
#5204=CARTESIAN_POINT('Ctrl Pts',(-0.942095049202733,13.7117694572305,2.20529831240048));
#5205=CARTESIAN_POINT('Ctrl Pts',(-0.94053844624115,13.7448950068837,1.23988852256608));
#5206=CARTESIAN_POINT('Ctrl Pts',(-0.934499412922153,13.7496224340973,0.195875547692436));
#5207=CARTESIAN_POINT('Ctrl Pts',(0.887146639790831,12.0946170850022,7.89442369347882));
#5208=CARTESIAN_POINT('Ctrl Pts',(0.892674144820721,12.2960439081451,7.63289916090741));
#5209=CARTESIAN_POINT('Ctrl Pts',(0.9079133574327,12.8088036711438,6.83576228372018));
#5210=CARTESIAN_POINT('Ctrl Pts',(0.929028525167377,13.3624007286302,5.29002264583942));
#5211=CARTESIAN_POINT('Ctrl Pts',(0.937954446213169,13.5606674671215,3.89816900202249));
#5212=CARTESIAN_POINT('Ctrl Pts',(0.942068000185356,13.7117308487511,2.20528416041677));
#5213=CARTESIAN_POINT('Ctrl Pts',(0.940548178500116,13.7449517877907,1.23988279634735));
#5214=CARTESIAN_POINT('Ctrl Pts',(0.934513193282263,13.7496221894418,0.195875691810369));
#5215=CARTESIAN_POINT('Ctrl Pts',(2.6216502906187,12.0167779649319,7.88118686967473));
#5216=CARTESIAN_POINT('Ctrl Pts',(2.64308849389718,12.2177765144907,7.61649316903588));
#5217=CARTESIAN_POINT('Ctrl Pts',(2.69748350318727,12.7287893864179,6.80538372974505));
#5218=CARTESIAN_POINT('Ctrl Pts',(2.75192212102337,13.2711398357407,5.22956793193397));
#5219=CARTESIAN_POINT('Ctrl Pts',(2.761293463247,13.4753515888385,3.83116439300527));
#5220=CARTESIAN_POINT('Ctrl Pts',(2.76461285054847,13.6485815860001,2.14881758919742));
#5221=CARTESIAN_POINT('Ctrl Pts',(2.76187661014916,13.7032275109325,1.20056400740125));
#5222=CARTESIAN_POINT('Ctrl Pts',(2.76668080093042,13.7428891257974,0.189538396889016));
#5223=CARTESIAN_POINT('Ctrl Pts',(4.81165471295519,11.5634378312995,7.8171837530914));
#5224=CARTESIAN_POINT('Ctrl Pts',(4.87224685207175,11.7688868874438,7.54592958061762));
#5225=CARTESIAN_POINT('Ctrl Pts',(5.04102200938865,12.2999669780959,6.7059117044229));
#5226=CARTESIAN_POINT('Ctrl Pts',(5.27995065588599,12.8909072583796,5.06938815706509));
#5227=CARTESIAN_POINT('Ctrl Pts',(5.40333319251089,13.1775879744308,3.6631208315731));
#5228=CARTESIAN_POINT('Ctrl Pts',(5.51563099346315,13.4675994360546,2.01237258972972));
#5229=CARTESIAN_POINT('Ctrl Pts',(5.5578939460667,13.5993418338705,1.10710264442867));
#5230=CARTESIAN_POINT('Ctrl Pts',(5.59988317080991,13.7263127619333,0.174500239270812));
#5231=CARTESIAN_POINT('Ctrl Pts',(5.47577709485329,11.1721368609102,7.76490770663451));
#5232=CARTESIAN_POINT('Ctrl Pts',(5.55975010708763,11.3828733864737,7.49069055170456));
#5233=CARTESIAN_POINT('Ctrl Pts',(5.80300127013844,11.9376219077302,6.63739300177368));
#5234=CARTESIAN_POINT('Ctrl Pts',(6.1875703533189,12.5947250661787,4.97365653965346));
#5235=CARTESIAN_POINT('Ctrl Pts',(6.41775678264062,12.9622541436861,3.56655008826904));
#5236=CARTESIAN_POINT('Ctrl Pts',(6.63158920230207,13.3506121348808,1.93642677688624));
#5237=CARTESIAN_POINT('Ctrl Pts',(6.71537357777254,13.5379622147858,1.05562595495214));
#5238=CARTESIAN_POINT('Ctrl Pts',(6.77892261904971,13.7167119214397,0.16621605014241));
#5239=CARTESIAN_POINT('Ctrl Pts',(5.61968079253595,11.0835177683833,7.75341536135367));
#5240=CARTESIAN_POINT('Ctrl Pts',(5.7084103840751,11.2953424605525,7.47876629269958));
#5241=CARTESIAN_POINT('Ctrl Pts',(5.96504956994948,11.8543640380931,6.62333223858391));
#5242=CARTESIAN_POINT('Ctrl Pts',(6.36995036062248,12.5243958853385,4.95375758144487));
#5243=CARTESIAN_POINT('Ctrl Pts',(6.61206565883077,12.9081708837582,3.5448403069607));
#5244=CARTESIAN_POINT('Ctrl Pts',(6.83624880466732,13.3184421671537,1.91811613463153));
#5245=CARTESIAN_POINT('Ctrl Pts',(6.92354120347322,13.5194912154281,1.04245568952192));
#5246=CARTESIAN_POINT('Ctrl Pts',(6.98818700741053,13.7137869292035,0.164085020572569));
#5247=CARTESIAN_POINT('Ctrl Pts',(5.61968079253595,11.0835177683833,7.75341536135367));
#5248=CARTESIAN_POINT('Ctrl Pts',(5.7084103840751,11.2953424605525,7.47876629269958));
#5249=CARTESIAN_POINT('Ctrl Pts',(5.96504767272027,11.8543599822692,6.62333855891099));
#5250=CARTESIAN_POINT('Ctrl Pts',(6.36994885292799,12.5243939304778,4.95376496586239));
#5251=CARTESIAN_POINT('Ctrl Pts',(6.75530639035409,13.1352199133399,2.71129705052804));
#5252=CARTESIAN_POINT('Ctrl Pts',(6.91824157196329,13.5073363601656,1.09531813827924));
#5253=CARTESIAN_POINT('Ctrl Pts',(6.98227100097686,13.6961741904322,0.243616195072171));
#5254=CARTESIAN_POINT('Ctrl Pts',(5.61045940194704,11.0614373956407,7.78188380649184));
#5255=CARTESIAN_POINT('Ctrl Pts',(5.69823160489277,11.2722360647711,7.51162506639498));
#5256=CARTESIAN_POINT('Ctrl Pts',(5.78903579516988,11.4714283919536,7.21072548666343));
#5257=CARTESIAN_POINT('Ctrl Pts',(6.0345134487757,11.9672687288597,6.33381725138197));
#5258=CARTESIAN_POINT('Ctrl Pts',(6.19039317523699,12.2272636539376,5.694146650601));
#5259=CARTESIAN_POINT('Ctrl Pts',(6.47473808185406,12.6903182595123,4.33969783092088));
#5260=CARTESIAN_POINT('Ctrl Pts',(6.60866079290903,12.9027735940333,3.56465533538742));
#5261=CARTESIAN_POINT('Ctrl Pts',(6.83112377857847,13.3081359172583,1.96074260846652));
#5262=CARTESIAN_POINT('Ctrl Pts',(6.91899822689543,13.5090654610516,1.08780765679281));
#5263=CARTESIAN_POINT('Ctrl Pts',(6.98311937254097,13.6986795792198,0.232314398492375));
#5264=CARTESIAN_POINT('Ctrl Pts',(6.02019602085977,10.8079227447415,7.74917390136696));
#5265=CARTESIAN_POINT('Ctrl Pts',(6.12143666306918,11.0217217819314,7.47775418882139));
#5266=CARTESIAN_POINT('Ctrl Pts',(6.22579811989737,11.2251386383044,7.17475417964203));
#5267=CARTESIAN_POINT('Ctrl Pts',(6.50744910760264,11.7358985745126,6.29071428286832));
#5268=CARTESIAN_POINT('Ctrl Pts',(6.68571431545016,12.0099437779936,5.6446900141445));
#5269=CARTESIAN_POINT('Ctrl Pts',(7.01056387624877,12.5097219540893,4.28065492786075));
#5270=CARTESIAN_POINT('Ctrl Pts',(7.16334551175814,12.7475983224041,3.50270055341901));
#5271=CARTESIAN_POINT('Ctrl Pts',(7.41521849631781,13.214459761558,1.90796006246924));
#5272=CARTESIAN_POINT('Ctrl Pts',(7.5132354114775,13.4542680313351,1.04942408794095));
#5273=CARTESIAN_POINT('Ctrl Pts',(7.5807558261219,13.6868826900923,0.223809391305536));
#5274=CARTESIAN_POINT('Ctrl Pts',(6.5963915295604,10.2863584295497,7.66077222675962));
#5275=CARTESIAN_POINT('Ctrl Pts',(6.71618087125564,10.5159729916118,7.38056501248847));
#5276=CARTESIAN_POINT('Ctrl Pts',(6.8400773582859,10.7328315084954,7.06754931058939));
#5277=CARTESIAN_POINT('Ctrl Pts',(7.17634474378218,11.2747379557791,6.15584652713574));
#5278=CARTESIAN_POINT('Ctrl Pts',(7.39181492398676,11.5624338335085,5.49135860219587));
#5279=CARTESIAN_POINT('Ctrl Pts',(7.79345796701415,12.076880210205,4.10259240555958));
#5280=CARTESIAN_POINT('Ctrl Pts',(7.98921792708474,12.3136643142301,3.319338496754));
#5281=CARTESIAN_POINT('Ctrl Pts',(8.33200661466439,12.7628165577842,1.75616274270429));
#5282=CARTESIAN_POINT('Ctrl Pts',(8.48092107785307,12.9832308643144,0.940936133931444));
#5283=CARTESIAN_POINT('Ctrl Pts',(8.60222210479219,13.1915019305224,0.199820261453527));
#5284=CARTESIAN_POINT('Ctrl Pts',(6.93839592035298,9.45202451181935,7.57838513078548));
#5285=CARTESIAN_POINT('Ctrl Pts',(7.05914784496328,9.66866227072144,7.30627102805523));
#5286=CARTESIAN_POINT('Ctrl Pts',(7.18382596559411,9.8722235393772,7.00320982544995));
#5287=CARTESIAN_POINT('Ctrl Pts',(7.52155859093452,10.37901534076,6.12147020660848));
#5288=CARTESIAN_POINT('Ctrl Pts',(7.73720374346813,10.6458581923965,5.47970137029709));
#5289=CARTESIAN_POINT('Ctrl Pts',(8.13875764401015,11.1219399529462,4.13061808174107));
#5290=CARTESIAN_POINT('Ctrl Pts',(8.33436620376139,11.3398816945577,3.36420921537767));
#5291=CARTESIAN_POINT('Ctrl Pts',(8.68061771982375,11.7531240693116,1.8106711197948));
#5292=CARTESIAN_POINT('Ctrl Pts',(8.83389220245034,11.955502050275,0.985025607991383));
#5293=CARTESIAN_POINT('Ctrl Pts',(8.96488768013598,12.146963955039,0.209703679885249));
#5294=CARTESIAN_POINT('Ctrl Pts',(7.04717588740998,9.01612622143436,7.55278344896627));
#5295=CARTESIAN_POINT('Ctrl Pts',(7.16491669137774,9.21640707515476,7.29118730551038));
#5296=CARTESIAN_POINT('Ctrl Pts',(7.28658302824463,9.40586726598457,7.00033138691073));
#5297=CARTESIAN_POINT('Ctrl Pts',(7.61591160215084,9.88098273786666,6.15358625440772));
#5298=CARTESIAN_POINT('Ctrl Pts',(7.82584467212413,10.136006508522,5.53653407324844));
#5299=CARTESIAN_POINT('Ctrl Pts',(8.21373680184131,10.6029174143601,4.22701786029664));
#5300=CARTESIAN_POINT('Ctrl Pts',(8.40048718134482,10.8254495769205,3.47495819223646));
#5301=CARTESIAN_POINT('Ctrl Pts',(8.72319409749652,11.2601031792766,1.91470017933764));
#5302=CARTESIAN_POINT('Ctrl Pts',(8.86043295719351,11.4812487529079,1.06292848245983));
#5303=CARTESIAN_POINT('Ctrl Pts',(8.97065439969101,11.6927011299902,0.227022604831896));
#5304=CARTESIAN_POINT('Ctrl Pts',(7.12522787013822,9.1464850222573,7.37648511953036));
#5305=CARTESIAN_POINT('Ctrl Pts',(7.21626193983472,9.29575857943489,7.16748935278722));
#5306=CARTESIAN_POINT('Ctrl Pts',(7.5290257781894,9.77541449743619,6.40815754814058));
#5307=CARTESIAN_POINT('Ctrl Pts',(8.05126503107404,10.4099469964918,4.87802160439969));
#5308=CARTESIAN_POINT('Ctrl Pts',(8.59848487919026,11.0598890895589,2.68538119499928));
#5309=CARTESIAN_POINT('Ctrl Pts',(8.85782642976582,11.476248306461,1.08269606622243));
#5310=CARTESIAN_POINT('Ctrl Pts',(8.97065439969101,11.6927011299902,0.227022604831895));
#5311=CARTESIAN_POINT('Ctrl Pts',(7.12522787013822,9.14648502225729,7.37648511953037));
#5312=CARTESIAN_POINT('Ctrl Pts',(7.19777192400445,9.26543948632552,7.20993868025794));
#5313=CARTESIAN_POINT('Ctrl Pts',(7.2878383872776,9.40552851571043,6.9937151936871));
#5314=CARTESIAN_POINT('Ctrl Pts',(7.38508482267539,9.54806437312607,6.7472137339251));
#5315=CARTESIAN_POINT('Ctrl Pts',(7.51717305194176,9.73810459219741,6.40677756309543));
#5316=CARTESIAN_POINT('Ctrl Pts',(7.70152739815135,9.98224377124052,5.89690698575114));
#5317=CARTESIAN_POINT('Ctrl Pts',(7.88757284582681,10.2101363801972,5.32131209652896));
#5318=CARTESIAN_POINT('Ctrl Pts',(7.9771394059412,10.3181145768259,5.02547373118068));
#5319=CARTESIAN_POINT('Ctrl Pts',(8.11869480546526,10.4885442841848,4.54906814229564));
#5320=CARTESIAN_POINT('Ctrl Pts',(8.29565800307263,10.700213634403,3.89260078091891));
#5321=CARTESIAN_POINT('Ctrl Pts',(8.46301612313479,10.9112220997049,3.16456150792123));
#5322=CARTESIAN_POINT('Ctrl Pts',(8.55015399997237,11.0267095172011,2.75302951090567));
#5323=CARTESIAN_POINT('Ctrl Pts',(8.66632334095242,11.1852892319077,2.1803786907935));
#5324=CARTESIAN_POINT('Ctrl Pts',(8.79234964888479,11.375639580509,1.46524667002368));
#5325=CARTESIAN_POINT('Ctrl Pts',(8.91066720136095,11.5794358888978,0.673885431342216));
#5326=CARTESIAN_POINT('Ctrl Pts',(8.96133549322403,11.6743964443002,0.299604882787718));
#5327=CARTESIAN_POINT('Ctrl Pts',(8.98272145438606,11.7160173849105,0.134762479281831));
#5328=CARTESIAN_POINT('Ctrl Pts',(7.14945833464617,9.04521369014018,7.37229945149183));
#5329=CARTESIAN_POINT('Ctrl Pts',(7.22158615520233,9.16204407257317,7.20729829770627));
#5330=CARTESIAN_POINT('Ctrl Pts',(7.31114196657452,9.29977553737767,6.99311769001499));
#5331=CARTESIAN_POINT('Ctrl Pts',(7.40782875313359,9.4401016947343,6.748934359779));
#5332=CARTESIAN_POINT('Ctrl Pts',(7.53915142474502,9.62727970222049,6.41168881943655));
#5333=CARTESIAN_POINT('Ctrl Pts',(7.72239902060275,9.86827261292174,5.90650674838296));
#5334=CARTESIAN_POINT('Ctrl Pts',(7.90716250415152,10.0942430909256,5.33557941968228));
#5335=CARTESIAN_POINT('Ctrl Pts',(7.99604054213854,10.2016299303861,5.04186736436585));
#5336=CARTESIAN_POINT('Ctrl Pts',(8.13647093878967,10.371275149068,4.56874998755359));
#5337=CARTESIAN_POINT('Ctrl Pts',(8.31177213951351,10.5829932957523,3.91588205822702));
#5338=CARTESIAN_POINT('Ctrl Pts',(8.4769250573955,10.7955408509712,3.1891719493193));
#5339=CARTESIAN_POINT('Ctrl Pts',(8.56269055259937,10.9122253760697,2.77749628528489));
#5340=CARTESIAN_POINT('Ctrl Pts',(8.67685814332955,11.0726826978623,2.20399536834984));
#5341=CARTESIAN_POINT('Ctrl Pts',(8.79999966788177,11.2661335249901,1.48509116951516));
#5342=CARTESIAN_POINT('Ctrl Pts',(8.91444302434223,11.4739586890848,0.684800849133432));
#5343=CARTESIAN_POINT('Ctrl Pts',(8.96306512456095,11.5709334459182,0.304810958944396));
#5344=CARTESIAN_POINT('Ctrl Pts',(8.98350498180608,11.6134536498211,0.13714257446626));
#5345=CARTESIAN_POINT('Ctrl Pts',(7.26300728507214,8.57454700689997,7.35004940702255));
#5346=CARTESIAN_POINT('Ctrl Pts',(7.33306534711783,8.67978718658429,7.1912774225266));
#5347=CARTESIAN_POINT('Ctrl Pts',(7.41976666489349,8.80343207058901,6.98517011652945));
#5348=CARTESIAN_POINT('Ctrl Pts',(7.51305621227836,8.92890940435704,6.74997116979101));
#5349=CARTESIAN_POINT('Ctrl Pts',(7.63963719998573,9.09606758802534,6.42502224848132));
#5350=CARTESIAN_POINT('Ctrl Pts',(7.81549814110296,9.30999922839989,5.9375235774676));
#5351=CARTESIAN_POINT('Ctrl Pts',(7.99170207949335,9.50942638013309,5.38388861131817));
#5352=CARTESIAN_POINT('Ctrl Pts',(8.07616095374196,9.60410886745727,5.09798422009347));
#5353=CARTESIAN_POINT('Ctrl Pts',(8.20947230215202,9.75368625071198,4.63690965570106));
#5354=CARTESIAN_POINT('Ctrl Pts',(8.37494717267263,9.94039881568228,3.9970181009867));
#5355=CARTESIAN_POINT('Ctrl Pts',(8.5290681055294,10.1302069634016,3.27516163509867));
#5356=CARTESIAN_POINT('Ctrl Pts',(8.60851882495734,10.2354719191032,2.86302281558452));
#5357=CARTESIAN_POINT('Ctrl Pts',(8.71383702143476,10.3810440229275,2.28654768059939));
#5358=CARTESIAN_POINT('Ctrl Pts',(8.82560165045228,10.5600739733521,1.55426245066674));
#5359=CARTESIAN_POINT('Ctrl Pts',(8.92655090920277,10.7591051860915,0.72260680727494));
#5360=CARTESIAN_POINT('Ctrl Pts',(8.96850901831452,10.8541299402036,0.322766841288783));
#5361=CARTESIAN_POINT('Ctrl Pts',(8.98596021166474,10.8962480735582,0.145343569798448));
#5362=CARTESIAN_POINT('Ctrl Pts',(7.45678879951445,7.10518801478369,7.25738401671212));
#5363=CARTESIAN_POINT('Ctrl Pts',(7.52292000565282,7.18163030557467,7.11385449853495));
#5364=CARTESIAN_POINT('Ctrl Pts',(7.60423928645384,7.27020433212193,6.92743126478915));
#5365=CARTESIAN_POINT('Ctrl Pts',(7.69125910053578,7.35862314768989,6.71408423817487));
#5366=CARTESIAN_POINT('Ctrl Pts',(7.80915270660407,7.47577879785629,6.41902518123638));
#5367=CARTESIAN_POINT('Ctrl Pts',(7.97187812997558,7.62184409920344,5.97443697002935));
#5368=CARTESIAN_POINT('Ctrl Pts',(8.13363879233303,7.75352726388924,5.46307081752932));
#5369=CARTESIAN_POINT('Ctrl Pts',(8.21086715810405,7.81528209093798,5.19641435127416));
#5370=CARTESIAN_POINT('Ctrl Pts',(8.33263330472659,7.91258862507247,4.76512166647285));
#5371=CARTESIAN_POINT('Ctrl Pts',(8.48286049941671,8.0323855124198,4.15799693990166));
#5372=CARTESIAN_POINT('Ctrl Pts',(8.62009777953607,8.15772928526859,3.45107699991481));
#5373=CARTESIAN_POINT('Ctrl Pts',(8.68974712747999,8.22938415428514,3.04014323123663));
#5374=CARTESIAN_POINT('Ctrl Pts',(8.78119938396322,8.33017562791816,2.46008015963849));
#5375=CARTESIAN_POINT('Ctrl Pts',(8.87435417070633,8.46175179389441,1.70148362682277));
#5376=CARTESIAN_POINT('Ctrl Pts',(8.95060223351519,8.62410080713203,0.803546592858285));
#5377=CARTESIAN_POINT('Ctrl Pts',(8.97951732349075,8.70678170138811,0.361249203536746));
#5378=CARTESIAN_POINT('Ctrl Pts',(8.9909459680912,8.74451309461985,0.162923332591563));
#5379=CARTESIAN_POINT('Ctrl Pts',(7.5791116050051,4.16733105574863,7.0293240169308));
#5380=CARTESIAN_POINT('Ctrl Pts',(7.64183119028585,4.2045460890886,6.90932218840111));
#5381=CARTESIAN_POINT('Ctrl Pts',(7.71889254481576,4.24704248367387,6.75343774181943));
#5382=CARTESIAN_POINT('Ctrl Pts',(7.80154747782786,4.28884163274442,6.57422993032641));
#5383=CARTESIAN_POINT('Ctrl Pts',(7.91364119305608,4.3439697275319,6.32597103376451));
#5384=CARTESIAN_POINT('Ctrl Pts',(8.06909965928353,4.41114258893291,5.94921934860209));
#5385=CARTESIAN_POINT('Ctrl Pts',(8.2250146050741,4.47040773128528,5.50612506095371));
#5386=CARTESIAN_POINT('Ctrl Pts',(8.29983293198794,4.49819713147405,5.27111275516172));
#5387=CARTESIAN_POINT('Ctrl Pts',(8.41797314123137,4.54204932264787,4.88907805284083));
#5388=CARTESIAN_POINT('Ctrl Pts',(8.5648958580189,4.59654387598703,4.33824150172841));
#5389=CARTESIAN_POINT('Ctrl Pts',(8.69743195307599,4.66022194306735,3.6631129599948));
#5390=CARTESIAN_POINT('Ctrl Pts',(8.76336589998415,4.69939183033126,3.25968078190626));
#5391=CARTESIAN_POINT('Ctrl Pts',(8.84877299984045,4.75651684347054,2.6824251176453));
#5392=CARTESIAN_POINT('Ctrl Pts',(8.92995560711782,4.83982921929163,1.89562370236077));
#5393=CARTESIAN_POINT('Ctrl Pts',(8.98099563394644,4.95888054761992,0.912155238512988));
#5394=CARTESIAN_POINT('Ctrl Pts',(8.9939894252066,5.02407419390161,0.413175462206337));
#5395=CARTESIAN_POINT('Ctrl Pts',(8.99755991843866,5.05469666570515,0.186673802170439));
#5396=CARTESIAN_POINT('Ctrl Pts',(7.55993300248899,1.24200750647008,6.75322469718688));
#5397=CARTESIAN_POINT('Ctrl Pts',(7.62195260717287,1.25999252192684,6.64860908326663));
#5398=CARTESIAN_POINT('Ctrl Pts',(7.69851257880667,1.2823442846799,6.51294093119307));
#5399=CARTESIAN_POINT('Ctrl Pts',(7.7812301162584,1.30685484385271,6.35670799295395));
#5400=CARTESIAN_POINT('Ctrl Pts',(7.89367954784609,1.34034721867861,6.14010698258555));
#5401=CARTESIAN_POINT('Ctrl Pts',(8.0513046228096,1.38840962280607,5.81024717327236));
#5402=CARTESIAN_POINT('Ctrl Pts',(8.21193645672483,1.44138816918991,5.41647256111427));
#5403=CARTESIAN_POINT('Ctrl Pts',(8.289682066907,1.4687796660905,5.2051229860271));
#5404=CARTESIAN_POINT('Ctrl Pts',(8.41274061816121,1.51303899838196,4.86034300181689));
#5405=CARTESIAN_POINT('Ctrl Pts',(8.56779158001233,1.575079582863,4.3550332038151));
#5406=CARTESIAN_POINT('Ctrl Pts',(8.70834634482959,1.65045443572551,3.71379973514386));
#5407=CARTESIAN_POINT('Ctrl Pts',(8.77792392974139,1.69574357326915,3.3237090438747));
#5408=CARTESIAN_POINT('Ctrl Pts',(8.86767214393107,1.7607839476048,2.76075551502876));
#5409=CARTESIAN_POINT('Ctrl Pts',(8.9506756426603,1.85071203016474,1.97398776972439));
#5410=CARTESIAN_POINT('Ctrl Pts',(8.99433902369793,1.96690332585418,0.959378419229505));
#5411=CARTESIAN_POINT('Ctrl Pts',(9.00068792588546,2.02704119101742,0.436286295417879));
#5412=CARTESIAN_POINT('Ctrl Pts',(9.00065633809764,2.05458401027206,0.197298203787819));
#5413=CARTESIAN_POINT('Ctrl Pts',(7.5561593496115,-1.76350413219835,6.42089334611125));
#5414=CARTESIAN_POINT('Ctrl Pts',(7.61785660995064,-1.75692043816559,6.32278474812035));
#5415=CARTESIAN_POINT('Ctrl Pts',(7.69398570030305,-1.74738912492832,6.19577242066774));
#5416=CARTESIAN_POINT('Ctrl Pts',(7.77621361902064,-1.73514426227569,6.04969849371672));
#5417=CARTESIAN_POINT('Ctrl Pts',(7.88798946288263,-1.71766194245385,5.84724838483542));
#5418=CARTESIAN_POINT('Ctrl Pts',(8.04462853848489,-1.68798839155493,5.53930804298658));
#5419=CARTESIAN_POINT('Ctrl Pts',(8.20432323033245,-1.64787957893151,5.17131893629043));
#5420=CARTESIAN_POINT('Ctrl Pts',(8.28166477971332,-1.62520665519097,4.97347638352535));
#5421=CARTESIAN_POINT('Ctrl Pts',(8.40411141021799,-1.58774760517846,4.6505551870931));
#5422=CARTESIAN_POINT('Ctrl Pts',(8.55858482089511,-1.52970498377408,4.17608402784937));
#5423=CARTESIAN_POINT('Ctrl Pts',(8.69925458148503,-1.45189103799653,3.56941857216983));
#5424=CARTESIAN_POINT('Ctrl Pts',(8.76915074166194,-1.40374961007327,3.19882502242646));
#5425=CARTESIAN_POINT('Ctrl Pts',(8.85952641306412,-1.33379533417638,2.66294591452125));
#5426=CARTESIAN_POINT('Ctrl Pts',(8.94408055865459,-1.23440669656343,1.90960629273718));
#5427=CARTESIAN_POINT('Ctrl Pts',(8.9908016578204,-1.10543110199843,0.930465386435698));
#5428=CARTESIAN_POINT('Ctrl Pts',(8.99901573887235,-1.03890067873008,0.42358083162133));
#5429=CARTESIAN_POINT('Ctrl Pts',(8.99989336931619,-1.00852120887502,0.191599599888617));
#5430=CARTESIAN_POINT('Ctrl Pts',(7.59329208405591,-5.39969964391034,5.97212106128441));
#5431=CARTESIAN_POINT('Ctrl Pts',(7.65452036385677,-5.41054980607322,5.87196551185797));
#5432=CARTESIAN_POINT('Ctrl Pts',(7.72921239467346,-5.41957143399666,5.74325069416222));
#5433=CARTESIAN_POINT('Ctrl Pts',(7.80887912743845,-5.42392234715532,5.59647755919496));
#5434=CARTESIAN_POINT('Ctrl Pts',(7.91675504129219,-5.42758522249868,5.39355927129841));
#5435=CARTESIAN_POINT('Ctrl Pts',(8.0653908438488,-5.41901114033427,5.08792036492537));
#5436=CARTESIAN_POINT('Ctrl Pts',(8.21376620010968,-5.38996574635832,4.72827955554611));
#5437=CARTESIAN_POINT('Ctrl Pts',(8.28496947700931,-5.37046069261295,4.53660872142985));
#5438=CARTESIAN_POINT('Ctrl Pts',(8.39745146050936,-5.33715941455832,4.22452006789131));
#5439=CARTESIAN_POINT('Ctrl Pts',(8.53770249963084,-5.278586765303,3.77106451635637));
#5440=CARTESIAN_POINT('Ctrl Pts',(8.66664948964891,-5.20038080740715,3.2041007273699));
#5441=CARTESIAN_POINT('Ctrl Pts',(8.73190640435014,-5.15390171261503,2.86164106749246));
#5442=CARTESIAN_POINT('Ctrl Pts',(8.81738068237695,-5.08792271139072,2.36906486968009));
#5443=CARTESIAN_POINT('Ctrl Pts',(8.90283840502196,-5.00185505308608,1.68717650852461));
#5444=CARTESIAN_POINT('Ctrl Pts',(8.9658461926719,-4.91037603591363,0.81741151575834));
#5445=CARTESIAN_POINT('Ctrl Pts',(8.98673165738773,-4.8695121483123,0.371302583829673));
#5446=CARTESIAN_POINT('Ctrl Pts',(8.99423862797252,-4.85220316476884,0.167866758377339));
#5447=CARTESIAN_POINT('Ctrl Pts',(7.37822472690418,-8.18216545460759,5.59525024850657));
#5448=CARTESIAN_POINT('Ctrl Pts',(7.44309526584795,-8.22846935579158,5.48414336817436));
#5449=CARTESIAN_POINT('Ctrl Pts',(7.52225890168008,-8.2826611343801,5.342127555776));
#5450=CARTESIAN_POINT('Ctrl Pts',(7.60673594476135,-8.33759310841218,5.1815189196148));
#5451=CARTESIAN_POINT('Ctrl Pts',(7.72113619715611,-8.4107519440942,4.96003662237867));
#5452=CARTESIAN_POINT('Ctrl Pts',(7.87880574884147,-8.50403631998491,4.62993347697659));
#5453=CARTESIAN_POINT('Ctrl Pts',(8.03650678084478,-8.58585733480158,4.25075594548793));
#5454=CARTESIAN_POINT('Ctrl Pts',(8.11239647666809,-8.6221268333325,4.05201019362648));
#5455=CARTESIAN_POINT('Ctrl Pts',(8.23242232218252,-8.67813125680002,3.72997844636815));
#5456=CARTESIAN_POINT('Ctrl Pts',(8.3830787942137,-8.73914942244095,3.27273506819231));
#5457=CARTESIAN_POINT('Ctrl Pts',(8.52728406719147,-8.78713825784956,2.73115376682803));
#5458=CARTESIAN_POINT('Ctrl Pts',(8.60291506070091,-8.81022574867491,2.41354192730895));
#5459=CARTESIAN_POINT('Ctrl Pts',(8.70419625213392,-8.83985737473822,1.96324084142005));
#5460=CARTESIAN_POINT('Ctrl Pts',(8.81558602800552,-8.8685657464657,1.36655690621658));
#5461=CARTESIAN_POINT('Ctrl Pts',(8.92063576531625,-8.89787088492409,0.648979488922996));
#5462=CARTESIAN_POINT('Ctrl Pts',(8.9656456788584,-8.91231120695686,0.292427026089648));
#5463=CARTESIAN_POINT('Ctrl Pts',(8.98464713641465,-8.91898362321261,0.131955924078687));
#5464=CARTESIAN_POINT('Ctrl Pts',(7.12464411418461,-9.42053132343126,5.41502667080227));
#5465=CARTESIAN_POINT('Ctrl Pts',(7.19357886788169,-9.48865199243453,5.29577384932645));
#5466=CARTESIAN_POINT('Ctrl Pts',(7.27831360547036,-9.5714381184424,5.14366498196482));
#5467=CARTESIAN_POINT('Ctrl Pts',(7.36948176097536,-9.65928826822707,4.97231227111798));
#5468=CARTESIAN_POINT('Ctrl Pts',(7.49325231496416,-9.77803008364915,4.73631058131395));
#5469=CARTESIAN_POINT('Ctrl Pts',(7.66570492311074,-9.94024020082794,4.38644539479597));
#5470=CARTESIAN_POINT('Ctrl Pts',(7.84089751887469,-10.0995366922333,3.99012751297336));
#5471=CARTESIAN_POINT('Ctrl Pts',(7.92594024478925,-10.1752485631084,3.78450037150049));
#5472=CARTESIAN_POINT('Ctrl Pts',(8.06078192175074,-10.2945772548108,3.4523301832719));
#5473=CARTESIAN_POINT('Ctrl Pts',(8.23236787251288,-10.4415169564308,2.98756512327713));
#5474=CARTESIAN_POINT('Ctrl Pts',(8.40111960827832,-10.5794761499271,2.45658114250411));
#5475=CARTESIAN_POINT('Ctrl Pts',(8.49113287803377,-10.6515129019714,2.15160413166156));
#5476=CARTESIAN_POINT('Ctrl Pts',(8.61281783177026,-10.7478709955686,1.72374690891719));
#5477=CARTESIAN_POINT('Ctrl Pts',(8.75140502909684,-10.8540506612924,1.17551756303869));
#5478=CARTESIAN_POINT('Ctrl Pts',(8.88994443374688,-10.9583308229688,0.547886447848836));
#5479=CARTESIAN_POINT('Ctrl Pts',(8.95179064975001,-11.0047770809719,0.244948962466528));
#5480=CARTESIAN_POINT('Ctrl Pts',(8.97839253143373,-11.0248034336268,0.110325655834306));
#5481=CARTESIAN_POINT('Ctrl Pts',(7.01911601221611,-9.75512640199716,5.36072842789934));
#5482=CARTESIAN_POINT('Ctrl Pts',(7.08971578071534,-9.82993873532111,5.23802031105337));
#5483=CARTESIAN_POINT('Ctrl Pts',(7.17673183835203,-9.92151175386839,5.0816091592521));
#5484=CARTESIAN_POINT('Ctrl Pts',(7.27064788876884,-10.0194920535292,4.90566016648756));
#5485=CARTESIAN_POINT('Ctrl Pts',(7.39827128866275,-10.1522668468932,4.66344222129672));
#5486=CARTESIAN_POINT('Ctrl Pts',(7.57683544693253,-10.3357273789386,4.30509298821546));
#5487=CARTESIAN_POINT('Ctrl Pts',(7.75936599139612,-10.5189263313218,3.90134585765444));
#5488=CARTESIAN_POINT('Ctrl Pts',(7.8482836035768,-10.6068034156805,3.69268535672816));
#5489=CARTESIAN_POINT('Ctrl Pts',(7.98941178644742,-10.7456596817962,3.35601064329025));
#5490=CARTESIAN_POINT('Ctrl Pts',(8.1699738929438,-10.9190699167122,2.88763650398681));
#5491=CARTESIAN_POINT('Ctrl Pts',(8.34925970080712,-11.0845635174532,2.3598249563065));
#5492=CARTESIAN_POINT('Ctrl Pts',(8.44540973318132,-11.1715030057257,2.05908834569159));
#5493=CARTESIAN_POINT('Ctrl Pts',(8.57576815025418,-11.2881149926523,1.63891305989884));
#5494=CARTESIAN_POINT('Ctrl Pts',(8.72574549425215,-11.4175371191481,1.10771555162177));
#5495=CARTESIAN_POINT('Ctrl Pts',(8.87783440321197,-11.5437242521078,0.511945893098066));
#5496=CARTESIAN_POINT('Ctrl Pts',(8.94635320113456,-11.5993057672253,0.228053894602683));
#5497=CARTESIAN_POINT('Ctrl Pts',(8.97594103074699,-11.6230924792212,0.102626859757239));
#5498=CARTESIAN_POINT('Ctrl Pts',(6.98954331594215,-9.84377722377666,5.34277783523921));
#5499=CARTESIAN_POINT('Ctrl Pts',(7.06059626737229,-9.91959021402321,5.21849716766745));
#5500=CARTESIAN_POINT('Ctrl Pts',(7.14816128744108,-10.0123413340143,5.06013799497697));
#5501=CARTESIAN_POINT('Ctrl Pts',(7.24267438009513,-10.1115249361329,4.88213234239091));
#5502=CARTESIAN_POINT('Ctrl Pts',(7.37111312357807,-10.2459067347817,4.63714539888236));
#5503=CARTESIAN_POINT('Ctrl Pts',(7.55084947252734,-10.4314451890828,4.27510100761092));
#5504=CARTESIAN_POINT('Ctrl Pts',(7.73476406372304,-10.6165418890644,3.86827862008235));
#5505=CARTESIAN_POINT('Ctrl Pts',(7.8244395390441,-10.7052906653694,3.65841358001172));
#5506=CARTESIAN_POINT('Ctrl Pts',(7.96681323347296,-10.8455076958183,3.31997687001117));
#5507=CARTESIAN_POINT('Ctrl Pts',(8.14926420305217,-11.0205040431683,2.85038603110205));
#5508=CARTESIAN_POINT('Ctrl Pts',(8.33119617723879,-11.18740694836,2.32408293245876));
#5509=CARTESIAN_POINT('Ctrl Pts',(8.4290330341099,-11.2750724684732,2.02509996718136));
#5510=CARTESIAN_POINT('Ctrl Pts',(8.56187833553611,-11.3926505024265,1.60801048247178));
#5511=CARTESIAN_POINT('Ctrl Pts',(8.71554536886896,-11.5231279201462,1.08331212606793));
#5512=CARTESIAN_POINT('Ctrl Pts',(8.87275232914061,-11.6504079603575,0.499113288277227));
#5513=CARTESIAN_POINT('Ctrl Pts',(8.94401642276815,-11.7065034009504,0.222034429311267));
#5514=CARTESIAN_POINT('Ctrl Pts',(8.97488153754487,-11.7305186119975,0.0998851747003224));
#5515=CARTESIAN_POINT('Ctrl Pts',(7.08906910623013,-9.94961198750352,5.16595513257402));
#5516=CARTESIAN_POINT('Ctrl Pts',(7.12602865530881,-9.98877972297561,5.09926183169099));
#5517=CARTESIAN_POINT('Ctrl Pts',(7.37009746537621,-10.246418352727,4.65110738091171));
#5518=CARTESIAN_POINT('Ctrl Pts',(7.83483496248036,-10.723362014032,3.69364185398215));
#5519=CARTESIAN_POINT('Ctrl Pts',(8.42626479353116,-11.2834349194701,2.11636499251504));
#5520=CARTESIAN_POINT('Ctrl Pts',(8.7676912732098,-11.5678532039468,0.908698929445996));
#5521=CARTESIAN_POINT('Ctrl Pts',(8.93637241084394,-11.7004070139516,0.251147299982398));
#5522=CARTESIAN_POINT('Ctrl Pts',(7.08826347717155,-9.94875820126391,5.16740870206573));
#5523=CARTESIAN_POINT('Ctrl Pts',(7.1254967842036,-9.9882182727785,5.10023838250399));
#5524=CARTESIAN_POINT('Ctrl Pts',(7.16481107496608,-10.0297195469668,5.02805920765345));
#5525=CARTESIAN_POINT('Ctrl Pts',(7.40659044747179,-10.2838698099498,4.57592349205165));
#5526=CARTESIAN_POINT('Ctrl Pts',(7.60382398550088,-10.486214126459,4.16904557704237));
#5527=CARTESIAN_POINT('Ctrl Pts',(8.00005806039516,-10.8798251743873,3.25301042885112));
#5528=CARTESIAN_POINT('Ctrl Pts',(8.20034866817367,-11.0693724606347,2.71790982129977));
#5529=CARTESIAN_POINT('Ctrl Pts',(8.58584122351516,-11.4163667720366,1.55192418189375));
#5530=CARTESIAN_POINT('Ctrl Pts',(8.76953135113096,-11.5692991826886,0.901525950579612));
#5531=CARTESIAN_POINT('Ctrl Pts',(8.93637241084393,-11.7004070139516,0.251147299982398));
#5532=CARTESIAN_POINT('Ctrl Pts',(6.92730011861329,-10.449286821311,5.05543328185973));
#5533=CARTESIAN_POINT('Ctrl Pts',(6.96583959770596,-10.4915446867068,4.98368093314641));
#5534=CARTESIAN_POINT('Ctrl Pts',(7.00652824668512,-10.535929252654,4.90667735210196));
#5535=CARTESIAN_POINT('Ctrl Pts',(7.2567890540884,-10.8073696779054,4.42516919064839));
#5536=CARTESIAN_POINT('Ctrl Pts',(7.46109591237557,-11.021793448513,3.99575934053793));
#5537=CARTESIAN_POINT('Ctrl Pts',(7.87549861791375,-11.4371138250648,3.04852318331403));
#5538=CARTESIAN_POINT('Ctrl Pts',(8.08791432978823,-11.6357803045178,2.50810224407863));
#5539=CARTESIAN_POINT('Ctrl Pts',(8.5092565139595,-11.9988155740633,1.37657919712773));
#5540=CARTESIAN_POINT('Ctrl Pts',(8.71882549537803,-12.1583550421411,0.774045050432458));
#5541=CARTESIAN_POINT('Ctrl Pts',(8.92187383875345,-12.2961948784148,0.214102972390666));
#5542=CARTESIAN_POINT('Ctrl Pts',(6.51200728907632,-11.1783608270487,4.97230148010144));
#5543=CARTESIAN_POINT('Ctrl Pts',(6.54969230702381,-11.2251411004348,4.90043191615317));
#5544=CARTESIAN_POINT('Ctrl Pts',(6.5894979190421,-11.2743350391979,4.82328997036169));
#5545=CARTESIAN_POINT('Ctrl Pts',(6.8344116637205,-11.5755967752355,4.34089381251363));
#5546=CARTESIAN_POINT('Ctrl Pts',(7.03474454886734,-11.8155064012609,3.9106317183475));
#5547=CARTESIAN_POINT('Ctrl Pts',(7.44008726528476,-12.2859425702717,2.965124600759));
#5548=CARTESIAN_POINT('Ctrl Pts',(7.64704865232542,-12.5152485921832,2.4280812991672));
#5549=CARTESIAN_POINT('Ctrl Pts',(8.05071295629281,-12.9444386165948,1.31562654011234));
#5550=CARTESIAN_POINT('Ctrl Pts',(8.2467556973993,-13.1404740204397,0.73104375497958));
#5551=CARTESIAN_POINT('Ctrl Pts',(8.42843479711312,-13.3172450526427,0.201668372424013));
#5552=CARTESIAN_POINT('Ctrl Pts',(5.84195644374192,-11.6245529243683,4.97572982387058));
#5553=CARTESIAN_POINT('Ctrl Pts',(5.87383003830996,-11.6696097293369,4.90904383885833));
#5554=CARTESIAN_POINT('Ctrl Pts',(5.90746745284569,-11.7170095320036,4.83739934336215));
#5555=CARTESIAN_POINT('Ctrl Pts',(6.11421389516993,-12.0073937844777,4.38877690191429));
#5556=CARTESIAN_POINT('Ctrl Pts',(6.28233734692816,-12.2391634970585,3.98586737469139));
#5557=CARTESIAN_POINT('Ctrl Pts',(6.61897976137154,-12.6936322062717,3.08500909866803));
#5558=CARTESIAN_POINT('Ctrl Pts',(6.78824029431967,-12.9150695498517,2.56280150666837));
#5559=CARTESIAN_POINT('Ctrl Pts',(7.11090586721687,-13.328427613608,1.44182091532221));
#5560=CARTESIAN_POINT('Ctrl Pts',(7.26242082930942,-13.5163949430773,0.827087421777732));
#5561=CARTESIAN_POINT('Ctrl Pts',(7.39744509322467,-13.6855545850388,0.229782569161637));
#5562=CARTESIAN_POINT('Ctrl Pts',(5.51051408446068,-11.7653160292012,4.97761736062162));
#5563=CARTESIAN_POINT('Ctrl Pts',(5.53957291526312,-11.8082400059183,4.91295404799361));
#5564=CARTESIAN_POINT('Ctrl Pts',(5.57026380778224,-11.8534215999017,4.84347764493691));
#5565=CARTESIAN_POINT('Ctrl Pts',(5.75905646134267,-12.1303425975412,4.40831022771452));
#5566=CARTESIAN_POINT('Ctrl Pts',(5.91330078536118,-12.3519365638573,4.0169095773854));
#5567=CARTESIAN_POINT('Ctrl Pts',(6.2232316815866,-12.7849013600601,3.13545180079706));
#5568=CARTESIAN_POINT('Ctrl Pts',(6.37984834873649,-12.994660656916,2.62025707073893));
#5569=CARTESIAN_POINT('Ctrl Pts',(6.68020780112544,-13.3793670276128,1.4967498963148));
#5570=CARTESIAN_POINT('Ctrl Pts',(6.82251777942735,-13.5493300542095,0.869521599246327));
#5571=CARTESIAN_POINT('Ctrl Pts',(6.95102964618874,-13.6949318414248,0.242233655993551));
#5572=CARTESIAN_POINT('Ctrl Pts',(6.37337205220293,-0.238976462512228,6.74630709883148));
#5573=CARTESIAN_POINT('Ctrl Pts',(6.37337205220293,-0.0266453351632676,
6.77237808306904));
#5574=CARTESIAN_POINT('Ctrl Pts',(6.37337205220293,0.1809203832386,6.79883240633836));
#5575=CARTESIAN_POINT('Ctrl Pts',(6.37337205220293,0.383727117564233,6.82566574395478));
#5576=CARTESIAN_POINT('Ctrl Pts',(5.85864578714573,-0.219752581956259,6.58974115589366));
#5577=CARTESIAN_POINT('Ctrl Pts',(5.85864578714573,-0.00695547326958788,
6.61586935544516));
#5578=CARTESIAN_POINT('Ctrl Pts',(5.85864578714573,0.201104548423733,6.64238652948725));
#5579=CARTESIAN_POINT('Ctrl Pts',(5.85864578714573,0.404417591623997,6.66928685677745));
#5580=CARTESIAN_POINT('Ctrl Pts',(4.47507251058186,-0.178303689601993,6.2521670175047));
#5581=CARTESIAN_POINT('Ctrl Pts',(4.47507251058186,0.0355060725372765,6.27841955526572));
#5582=CARTESIAN_POINT('Ctrl Pts',(4.47507251058186,0.244615292890736,6.30507012529419));
#5583=CARTESIAN_POINT('Ctrl Pts',(4.47507251058186,0.449028627859111,6.33211603207211));
#5584=CARTESIAN_POINT('Ctrl Pts',(2.05971161452683,-0.156110967897613,6.0714218037646));
#5585=CARTESIAN_POINT('Ctrl Pts',(2.05971161452683,0.0582454544635065,6.09774146296092));
#5586=CARTESIAN_POINT('Ctrl Pts',(2.05971161452683,0.267907131583587,6.12446226717798));
#5587=CARTESIAN_POINT('Ctrl Pts',(2.05971161452683,0.47291443652314,6.1515867620601));
#5588=CARTESIAN_POINT('Ctrl Pts',(-2.1729438292814E-15,-0.156110967897612,
6.07142180376459));
#5589=CARTESIAN_POINT('Ctrl Pts',(-2.1729438292814E-15,0.0582409561175962,
6.09774091063349));
#5590=CARTESIAN_POINT('Ctrl Pts',(-2.1729438292814E-15,0.267912019230949,
6.12446291386208));
#5591=CARTESIAN_POINT('Ctrl Pts',(-2.1729438292814E-15,0.472914436523141,
6.1515867620601));
#5592=CARTESIAN_POINT('Ctrl Pts',(0.0011966948939937,-0.155907131787266,
6.07144684320511));
#5593=CARTESIAN_POINT('Ctrl Pts',(0.00191961377991738,-0.155840883777845,
6.07145499101874));
#5594=CARTESIAN_POINT('Ctrl Pts',(0.0021539966301883,-0.155714609578299,
6.07147050568901));
#5595=CARTESIAN_POINT('Ctrl Pts',(0.00340101186125259,-0.155660597556517,
6.07147718867316));
#5596=CARTESIAN_POINT('Ctrl Pts',(0.00459660169470595,-0.155578778369247,
6.07148730972498));
#5597=CARTESIAN_POINT('Ctrl Pts',(0.00851236471137019,-0.155303566776325,
6.07152142733058));
#5598=CARTESIAN_POINT('Ctrl Pts',(0.0170943796485941,-0.154641940739125,
6.07160445220871));
#5599=CARTESIAN_POINT('Ctrl Pts',(0.0203530696420707,-0.154391665397749,
6.07163609438469));
#5600=CARTESIAN_POINT('Ctrl Pts',(0.0229314342762971,-0.154193045151978,
6.07166135288033));
#5601=CARTESIAN_POINT('Ctrl Pts',(0.0293047458444022,-0.15370148663647,
6.07172423392278));
#5602=CARTESIAN_POINT('Ctrl Pts',(0.0334095896466918,-0.153384255468761,
6.0717651935732));
#5603=CARTESIAN_POINT('Ctrl Pts',(0.0493682161006746,-0.152149731893892,
6.07192611923218));
#5604=CARTESIAN_POINT('Ctrl Pts',(0.0616556302627151,-0.151196560754593,
6.07205379478564));
#5605=CARTESIAN_POINT('Ctrl Pts',(0.0982636531739465,-0.148351776713214,
6.07244564963459));
#5606=CARTESIAN_POINT('Ctrl Pts',(0.122721050462713,-0.14644421011872,6.07272252326438));
#5607=CARTESIAN_POINT('Ctrl Pts',(0.195612306264541,-0.14073968893981,6.07359359629069));
#5608=CARTESIAN_POINT('Ctrl Pts',(0.244101645732048,-0.136919149868517,
6.07423353328152));
#5609=CARTESIAN_POINT('Ctrl Pts',(0.387863539172461,-0.125516483093665,
6.07631769589405));
#5610=CARTESIAN_POINT('Ctrl Pts',(0.483187811593067,-0.117857125488615,
6.07794318654962));
#5611=CARTESIAN_POINT('Ctrl Pts',(0.780414752356006,-0.0936698424341325,
6.08383570641532));
#5612=CARTESIAN_POINT('Ctrl Pts',(0.982610282483599,-0.0767742575487781,
6.08903087820415));
#5613=CARTESIAN_POINT('Ctrl Pts',(1.53815707151988,-0.0291958576328587,
6.10719121691376));
#5614=CARTESIAN_POINT('Ctrl Pts',(1.89179903383867,0.00246058085743477,
6.1230755248089));
#5615=CARTESIAN_POINT('Ctrl Pts',(2.80572217038873,0.0863895819223763,6.17930472060381));
#5616=CARTESIAN_POINT('Ctrl Pts',(3.37515269505493,0.140806241411803,6.2292991259299));
#5617=CARTESIAN_POINT('Ctrl Pts',(4.70774394739354,0.261941323731153,6.40468521401148));
#5618=CARTESIAN_POINT('Ctrl Pts',(5.46653078433623,0.321545579026854,6.5517137827228));
#5619=CARTESIAN_POINT('Ctrl Pts',(6.25029038494881,0.377958850446283,6.78754726022588));
#5620=CARTESIAN_POINT('Ctrl Pts',(6.29706295824091,0.381329115221263,6.8019535834214));
#5621=CARTESIAN_POINT('Ctrl Pts',(6.34387533231225,0.384719475223468,6.81672541044609));
#5622=CARTESIAN_POINT('Ctrl Pts',(-6.83894497236814,0.431719058653112,6.9883450794628));
#5623=CARTESIAN_POINT('Ctrl Pts',(-6.78903262302508,0.426857777985401,6.96949856231909));
#5624=CARTESIAN_POINT('Ctrl Pts',(-6.53941451884748,0.402678836258439,6.87776169079281));
#5625=CARTESIAN_POINT('Ctrl Pts',(-6.04850169952227,0.356063542590472,6.71917629045318));
#5626=CARTESIAN_POINT('Ctrl Pts',(-5.28487204957789,0.284985395425015,6.52433195834883));
#5627=CARTESIAN_POINT('Ctrl Pts',(-4.06526763442307,0.174363189169234,6.29379145203572));
#5628=CARTESIAN_POINT('Ctrl Pts',(-2.4223975499006,0.0334393840691414,6.12513630962659));
#5629=CARTESIAN_POINT('Ctrl Pts',(-0.65465426759203,-0.10560848620933,6.07762278694891));
#5630=CARTESIAN_POINT('Ctrl Pts',(-2.17294382928141E-15,-0.156110967897613,
6.07142180376459));
#5631=CARTESIAN_POINT('Ctrl Pts',(-6.83707794033745,1.49196819030639,7.11852741467915));
#5632=CARTESIAN_POINT('Ctrl Pts',(-6.78701410712102,1.47651307743664,7.09838016329053));
#5633=CARTESIAN_POINT('Ctrl Pts',(-6.53666283033577,1.39968907786869,7.00017935856201));
#5634=CARTESIAN_POINT('Ctrl Pts',(-6.04437023701706,1.2532841513263,6.82934149719769));
#5635=CARTESIAN_POINT('Ctrl Pts',(-5.27872907830161,1.03872286327558,6.61687960549221));
#5636=CARTESIAN_POINT('Ctrl Pts',(-4.05704253426127,0.718427001815128,6.36059448796014));
#5637=CARTESIAN_POINT('Ctrl Pts',(-2.41521263602669,0.330044907005362,6.16155515400813));
#5638=CARTESIAN_POINT('Ctrl Pts',(-0.652437333978147,-0.0282948397721328,
6.08711581079671));
#5639=CARTESIAN_POINT('Ctrl Pts',(-2.17294382928141E-15,-0.156110967897613,
6.07142180376459));
#5640=CARTESIAN_POINT('Ctrl Pts',(-6.81904923953419,4.67063908619345,7.50881958511025));
#5641=CARTESIAN_POINT('Ctrl Pts',(-6.76768250743738,4.62565599376451,7.48504692616832));
#5642=CARTESIAN_POINT('Ctrl Pts',(-6.51062304080675,4.4014237038691,7.36874698241852));
#5643=CARTESIAN_POINT('Ctrl Pts',(-6.00407887138639,3.96637790495311,7.16246955493413));
#5644=CARTESIAN_POINT('Ctrl Pts',(-5.2195819966956,3.31600105269309,6.89649531910599));
#5645=CARTESIAN_POINT('Ctrl Pts',(-3.98017732843299,2.34656294510927,6.56050605448829));
#5646=CARTESIAN_POINT('Ctrl Pts',(-2.34487932144511,1.21003720050353,6.26960545683036));
#5647=CARTESIAN_POINT('Ctrl Pts',(-0.630583184640436,0.199136885311142,
6.11504138737561));
#5648=CARTESIAN_POINT('Ctrl Pts',(-2.17294382928141E-15,-0.156110967897613,
6.07142180376459));
#5649=CARTESIAN_POINT('Ctrl Pts',(-6.5644865071267,8.61804725393352,7.99350154959889));
#5650=CARTESIAN_POINT('Ctrl Pts',(-6.50984058016676,8.54405571323331,7.96616773119034));
#5651=CARTESIAN_POINT('Ctrl Pts',(-6.23538892156175,8.17285008351755,7.83182268373121));
#5652=CARTESIAN_POINT('Ctrl Pts',(-5.68759837659868,7.43490964636021,7.588358289794));
#5653=CARTESIAN_POINT('Ctrl Pts',(-4.8462343139074,6.30534419499438,7.26354276324017));
#5654=CARTESIAN_POINT('Ctrl Pts',(-3.56258120280018,4.58510030946278,6.83536790968989));
#5655=CARTESIAN_POINT('Ctrl Pts',(-1.99521342461084,2.49057807221947,6.42683755596974));
#5656=CARTESIAN_POINT('Ctrl Pts',(-0.524128227916307,0.538417981133364,
6.15670121956832));
#5657=CARTESIAN_POINT('Ctrl Pts',(-2.1729438292814E-15,-0.156110967897613,
6.07142180376459));
#5658=CARTESIAN_POINT('Ctrl Pts',(-4.84617485185819,10.2876350806756,8.19850232838469));
#5659=CARTESIAN_POINT('Ctrl Pts',(-4.80134903936742,10.2070904150844,8.17036458058511));
#5660=CARTESIAN_POINT('Ctrl Pts',(-4.57666192120257,9.80376992762842,8.03207731158317));
#5661=CARTESIAN_POINT('Ctrl Pts',(-4.13193251904163,9.00654788623626,7.78133822157754));
#5662=CARTESIAN_POINT('Ctrl Pts',(-3.46137067910681,7.7736106554521,7.44382521421267));
#5663=CARTESIAN_POINT('Ctrl Pts',(-2.4671611028873,5.84088194775214,6.98956243662151));
#5664=CARTESIAN_POINT('Ctrl Pts',(-1.32242316989172,3.33760791519836,6.53084090586396));
#5665=CARTESIAN_POINT('Ctrl Pts',(-0.340259086494608,0.778734816066743,
6.18620980286559));
#5666=CARTESIAN_POINT('Ctrl Pts',(-2.17294382928141E-15,-0.156110967897613,
6.07142180376459));
#5667=CARTESIAN_POINT('Ctrl Pts',(-2.27701955405672,10.8089516471144,8.26251253708384));
#5668=CARTESIAN_POINT('Ctrl Pts',(-2.25393278019041,10.7283394478289,8.23436685323306));
#5669=CARTESIAN_POINT('Ctrl Pts',(-2.13916578500063,10.3251471312405,8.09609582029819));
#5670=CARTESIAN_POINT('Ctrl Pts',(-1.9197924088027,9.53134944815319,7.84577932610804));
#5671=CARTESIAN_POINT('Ctrl Pts',(-1.60015097306054,8.2975342485492,7.50815590260386));
#5672=CARTESIAN_POINT('Ctrl Pts',(-1.13502511137851,6.33168719742657,7.04982769393823));
#5673=CARTESIAN_POINT('Ctrl Pts',(-0.606623950228629,3.6979897554717,6.57509076996524));
#5674=CARTESIAN_POINT('Ctrl Pts',(-0.156291851315845,0.884048594400111,
6.19914140717991));
#5675=CARTESIAN_POINT('Ctrl Pts',(-2.17294382928141E-15,-0.156110967897613,
6.07142180376459));
#5676=CARTESIAN_POINT('Ctrl Pts',(-0.754584259051622,10.8832930720918,8.27164063259975));
#5677=CARTESIAN_POINT('Ctrl Pts',(-0.746393166074828,10.8030127814526,8.2435357744762));
#5678=CARTESIAN_POINT('Ctrl Pts',(-0.706112783192489,10.4015292359382,8.10547465265758));
#5679=CARTESIAN_POINT('Ctrl Pts',(-0.632241966905594,9.61143992815153,7.85561392421679));
#5680=CARTESIAN_POINT('Ctrl Pts',(-0.527666740549979,8.3817756779102,7.51849963631736));
#5681=CARTESIAN_POINT('Ctrl Pts',(-0.376812575940341,6.41553541785544,7.06012334895599));
#5682=CARTESIAN_POINT('Ctrl Pts',(-0.205520722177,3.76240617201915,6.58300021324444));
#5683=CARTESIAN_POINT('Ctrl Pts',(-0.0536136911755199,0.903132064849006,
6.20148470306487));
#5684=CARTESIAN_POINT('Ctrl Pts',(-2.17294382928141E-15,-0.156110967897613,
6.07142180376459));
#5685=CARTESIAN_POINT('Ctrl Pts',(2.82797163806105E-16,10.8832930720918,
8.27164063259975));
#5686=CARTESIAN_POINT('Ctrl Pts',(2.68173968952415E-16,10.8030042245094,
8.24353472381568));
#5687=CARTESIAN_POINT('Ctrl Pts',(1.85137429125924E-16,10.4015008707345,
8.10547116984851));
#5688=CARTESIAN_POINT('Ctrl Pts',(-5.50290930384234E-17,9.61145559741051,
7.85561584815988));
#5689=CARTESIAN_POINT('Ctrl Pts',(-4.97788975753105E-16,8.3817333466539,
7.51849443869264));
#5690=CARTESIAN_POINT('Ctrl Pts',(-1.16393985316061E-15,6.41532145285803,
7.06009707735774));
#5691=CARTESIAN_POINT('Ctrl Pts',(-1.81616986056695E-15,3.7623840688557,
6.58299749931722));
#5692=CARTESIAN_POINT('Ctrl Pts',(-2.10855940290158E-15,0.903132064849006,
6.20148470306487));
#5693=CARTESIAN_POINT('Ctrl Pts',(-2.17294382928141E-15,-0.156110967897613,
6.07142180376459));
#5694=CARTESIAN_POINT('Ctrl Pts',(-1.71481665763501E-15,10.7600758583019,
8.22889846385596));
#5695=CARTESIAN_POINT('Ctrl Pts',(-1.71502824156166E-15,10.7196672675677,
8.21500746835642));
#5696=CARTESIAN_POINT('Ctrl Pts',(-1.71720536200343E-15,10.3560755089338,
8.091105197709));
#5697=CARTESIAN_POINT('Ctrl Pts',(-1.72625335332208E-15,9.61145559741051,
7.85561584815988));
#5698=CARTESIAN_POINT('Ctrl Pts',(-1.75421296999513E-15,8.3817333466539,
7.51849443869265));
#5699=CARTESIAN_POINT('Ctrl Pts',(-1.8192040415452E-15,6.41532145285804,
7.06009707735774));
#5700=CARTESIAN_POINT('Ctrl Pts',(-1.94241341979701E-15,3.7623840688557,
6.58299749931722));
#5701=CARTESIAN_POINT('Ctrl Pts',(-2.10855940290158E-15,0.903132064849006,
6.20148470306487));
#5702=CARTESIAN_POINT('Ctrl Pts',(-2.17294382928141E-15,-0.156110967897613,
6.07142180376459));
#5703=CARTESIAN_POINT('Ctrl Pts',(1.48394484973249E-16,10.8833304251692,
8.2716537084522));
#5704=CARTESIAN_POINT('Ctrl Pts',(1.3473428940569E-16,10.8030296137038,
8.24354345432131));
#5705=CARTESIAN_POINT('Ctrl Pts',(5.71446361747012E-17,10.4015147781859,
8.1054755681417));
#5706=CARTESIAN_POINT('Ctrl Pts',(-1.67507956320419E-16,9.61145559741051,
7.85561584815988));
#5707=CARTESIAN_POINT('Ctrl Pts',(-5.82350423328418E-16,8.3817333466539,
7.51849443869264));
#5708=CARTESIAN_POINT('Ctrl Pts',(-1.20804127797261E-15,6.41532145285804,
7.06009707735774));
#5709=CARTESIAN_POINT('Ctrl Pts',(-1.82466646534724E-15,3.7623840688557,
6.58299749931722));
#5710=CARTESIAN_POINT('Ctrl Pts',(-2.10855940290158E-15,0.903132064849006,
6.20148470306487));
#5711=CARTESIAN_POINT('Ctrl Pts',(-2.17294382928141E-15,-0.156110967897613,
6.07142180376459));
#5712=CARTESIAN_POINT('Ctrl Pts',(0.754567853559725,10.8833304251692,8.2716537084522));
#5713=CARTESIAN_POINT('Ctrl Pts',(0.746411983846141,10.8030417645108,8.24354494625281));
#5714=CARTESIAN_POINT('Ctrl Pts',(0.706215362808133,10.401555044222,8.10548051218926));
#5715=CARTESIAN_POINT('Ctrl Pts',(0.632158604553319,9.6114333146105,7.85561311217607));
#5716=CARTESIAN_POINT('Ctrl Pts',(0.527831904310345,8.38179337564148,7.51850180932552));
#5717=CARTESIAN_POINT('Ctrl Pts',(0.377708994845471,6.41562512252985,7.06013436330505));
#5718=CARTESIAN_POINT('Ctrl Pts',(0.205608835513912,3.76241541202427,6.58300134777441));
#5719=CARTESIAN_POINT('Ctrl Pts',(0.0536122555770865,0.903132064849006,
6.20148470306487));
#5720=CARTESIAN_POINT('Ctrl Pts',(-2.17294382928141E-15,-0.156110967897613,
6.07142180376459));
#5721=CARTESIAN_POINT('Ctrl Pts',(2.28149886061948,10.8092244443804,8.26255452188755));
#5722=CARTESIAN_POINT('Ctrl Pts',(2.25834777769799,10.7285910488008,8.23440335908711));
#5723=CARTESIAN_POINT('Ctrl Pts',(2.14332982074216,10.3253604633809,8.09612470488287));
#5724=CARTESIAN_POINT('Ctrl Pts',(1.92358410280105,9.53156114408105,7.84580531907245));
#5725=CARTESIAN_POINT('Ctrl Pts',(1.60281472912946,8.29764699840539,7.50816974640207));
#5726=CARTESIAN_POINT('Ctrl Pts',(1.13575865375238,6.33157897641709,7.04981440579141));
#5727=CARTESIAN_POINT('Ctrl Pts',(0.606819746082412,3.69798835822138,6.57509059812645));
#5728=CARTESIAN_POINT('Ctrl Pts',(0.156287788143727,0.88404961637165,6.19914153266975));
#5729=CARTESIAN_POINT('Ctrl Pts',(-2.17294382928141E-15,-0.156110967897613,
6.07142180376459));
#5730=CARTESIAN_POINT('Ctrl Pts',(4.19661200400983,10.417565774526,8.21446444698282));
#5731=CARTESIAN_POINT('Ctrl Pts',(4.15729070915539,10.3370115416337,8.18632273708426));
#5732=CARTESIAN_POINT('Ctrl Pts',(3.96042726283718,9.93376727659175,8.04804202917524));
#5733=CARTESIAN_POINT('Ctrl Pts',(3.57274957971435,9.13735828421567,7.7974006125116));
#5734=CARTESIAN_POINT('Ctrl Pts',(2.99158264345826,7.90440567477492,7.4598850625743));
#5735=CARTESIAN_POINT('Ctrl Pts',(2.13229519087911,5.96385546034352,7.00466217162741));
#5736=CARTESIAN_POINT('Ctrl Pts',(1.14305087369636,3.42773283795821,6.54190698815511));
#5737=CARTESIAN_POINT('Ctrl Pts',(0.294260196353824,0.805068328010972,6.18944332617053));
#5738=CARTESIAN_POINT('Ctrl Pts',(-2.17294382928141E-15,-0.156110967897613,
6.07142180376459));
#5739=CARTESIAN_POINT('Ctrl Pts',(5.99248219205698,9.36171495096759,8.08482144884764));
#5740=CARTESIAN_POINT('Ctrl Pts',(5.94048878400713,9.28458183579289,8.05709931097115));
#5741=CARTESIAN_POINT('Ctrl Pts',(5.6794588290844,8.89799930898234,7.9208637144515));
#5742=CARTESIAN_POINT('Ctrl Pts',(5.1591393085859,8.13129438550929,7.67386656218061));
#5743=CARTESIAN_POINT('Ctrl Pts',(4.36497287630195,6.95178508202499,7.34291657462238));
#5744=CARTESIAN_POINT('Ctrl Pts',(3.16759387474807,5.1323483179282,6.90256318436227));
#5745=CARTESIAN_POINT('Ctrl Pts',(1.74186676868517,2.85631449630856,6.47174483673878));
#5746=CARTESIAN_POINT('Ctrl Pts',(0.453643613277791,0.641802762387096,6.16939586333452));
#5747=CARTESIAN_POINT('Ctrl Pts',(-2.1729438292814E-15,-0.156110967897613,
6.07142180376459));
#5748=CARTESIAN_POINT('Ctrl Pts',(6.68340476532138,7.16148738911298,7.8146664740938));
#5749=CARTESIAN_POINT('Ctrl Pts',(6.63010533172915,7.09752632499388,7.78856109196181));
#5750=CARTESIAN_POINT('Ctrl Pts',(6.36289355032878,6.77724701717726,7.66046567885129));
#5751=CARTESIAN_POINT('Ctrl Pts',(5.83259069796682,6.14477157460124,7.42994640385066));
#5752=CARTESIAN_POINT('Ctrl Pts',(5.01511718010342,5.18381430362285,7.12583527448356));
#5753=CARTESIAN_POINT('Ctrl Pts',(3.7491866636068,3.73242491296823,6.73067082935491));
#5754=CARTESIAN_POINT('Ctrl Pts',(2.15063863768051,1.99292734085852,6.36573314008361));
#5755=CARTESIAN_POINT('Ctrl Pts',(0.571369429413002,0.405380884623609,6.14036573980052));
#5756=CARTESIAN_POINT('Ctrl Pts',(-2.17294382928141E-15,-0.156110967897613,
6.07142180376459));
#5757=CARTESIAN_POINT('Ctrl Pts',(6.82569671910953,3.59384560124922,7.37661430687415));
#5758=CARTESIAN_POINT('Ctrl Pts',(6.77475965064675,3.5588373351027,7.35406346855832));
#5759=CARTESIAN_POINT('Ctrl Pts',(6.51992005527557,3.38446716529185,7.24388279270953));
#5760=CARTESIAN_POINT('Ctrl Pts',(6.01800268204247,3.04756090856362,7.0496523348274));
#5761=CARTESIAN_POINT('Ctrl Pts',(5.23970941769032,2.5461713986959,6.80197174916591));
#5762=CARTESIAN_POINT('Ctrl Pts',(4.00617381928151,1.79864127567895,6.49322918938192));
#5763=CARTESIAN_POINT('Ctrl Pts',(2.36836336090239,0.915758850867864,6.23347233361857));
#5764=CARTESIAN_POINT('Ctrl Pts',(0.637861825250431,0.123361613870185,6.10573719668362));
#5765=CARTESIAN_POINT('Ctrl Pts',(-2.1729438292814E-15,-0.156110967897613,
6.07142180376459));
#5766=CARTESIAN_POINT('Ctrl Pts',(6.83709853980001,1.49254052770502,7.11860617931714));
#5767=CARTESIAN_POINT('Ctrl Pts',(6.78703008921209,1.47698555179107,7.09844378970206));
#5768=CARTESIAN_POINT('Ctrl Pts',(6.53667772340022,1.3999192164145,7.00021030693554));
#5769=CARTESIAN_POINT('Ctrl Pts',(6.04435892020013,1.25393403350942,6.8294212913115));
#5770=CARTESIAN_POINT('Ctrl Pts',(5.27873568917548,1.03867131737319,6.61687327269043));
#5771=CARTESIAN_POINT('Ctrl Pts',(4.05710746151513,0.716413532591783,6.36034725760124));
#5772=CARTESIAN_POINT('Ctrl Pts',(2.4152105881983,0.329964439022942,6.16154526662624));
#5773=CARTESIAN_POINT('Ctrl Pts',(0.652434246485048,-0.028253999311559,
6.08712082545007));
#5774=CARTESIAN_POINT('Ctrl Pts',(-2.17294382928141E-15,-0.156110967897613,
6.07142180376459));
#5775=CARTESIAN_POINT('Ctrl Pts',(6.83896714298508,0.432317512045776,6.98842705074031));
#5776=CARTESIAN_POINT('Ctrl Pts',(6.78904727658459,0.427449497022488,6.96957683012024));
#5777=CARTESIAN_POINT('Ctrl Pts',(6.53942163805416,0.40324014227337,6.8778333013827));
#5778=CARTESIAN_POINT('Ctrl Pts',(6.0484993727746,0.35656814012717,6.71923824573554));
#5779=CARTESIAN_POINT('Ctrl Pts',(5.28486865645221,0.285409014356198,6.52438396841115));
#5780=CARTESIAN_POINT('Ctrl Pts',(4.06526324381511,0.174668028302987,6.293828874047));
#5781=CARTESIAN_POINT('Ctrl Pts',(2.42239357485764,0.0336060560485518,6.12515676715896));
#5782=CARTESIAN_POINT('Ctrl Pts',(0.654653020451789,-0.105565012055786,
6.07762812496097));
#5783=CARTESIAN_POINT('Ctrl Pts',(-2.17294382928141E-15,-0.156110967897613,
6.07142180376459));
#5784=CARTESIAN_POINT('Origin',(0.454771167854702,0.000151885169774904,
3.85));
#5785=CARTESIAN_POINT('',(5.,-1.11022302462516E-15,3.85));
#5786=CARTESIAN_POINT('Ctrl Pts',(5.,-1.11022302462516E-15,3.85));
#5787=CARTESIAN_POINT('Ctrl Pts',(5.,-0.352922737172087,3.85));
#5788=CARTESIAN_POINT('Ctrl Pts',(4.99999914556394,-0.705848949265164,3.85));
#5789=CARTESIAN_POINT('Ctrl Pts',(4.99999954008336,-2.18161932439758,3.85));
#5790=CARTESIAN_POINT('Ctrl Pts',(4.99997730143117,-3.30448205504625,3.85));
#5791=CARTESIAN_POINT('Ctrl Pts',(4.99999483609127,-5.35893364674012,3.85));
#5792=CARTESIAN_POINT('Ctrl Pts',(4.99985146208033,-6.29043345861643,3.85));
#5793=CARTESIAN_POINT('Ctrl Pts',(5.00007132362047,-7.89809314225545,3.85));
#5794=CARTESIAN_POINT('Ctrl Pts',(4.99909285352279,-8.57360557550391,3.85));
#5795=CARTESIAN_POINT('Ctrl Pts',(5.0005425885806,-9.39863085306927,3.84999999999999));
#5796=CARTESIAN_POINT('Ctrl Pts',(4.93046460757989,-9.54541801983754,3.84999999999999));
#5797=CARTESIAN_POINT('Ctrl Pts',(4.72663748258792,-9.71018589245394,3.84999999999999));
#5798=CARTESIAN_POINT('Ctrl Pts',(4.61370653051905,-9.75030603885549,3.85));
#5799=CARTESIAN_POINT('Ctrl Pts',(3.5178581508249,-9.74935479556677,3.85));
#5800=CARTESIAN_POINT('Ctrl Pts',(2.53620753781745,-9.75009804027841,3.85));
#5801=CARTESIAN_POINT('Ctrl Pts',(1.03684973654876,-9.74998634773105,3.85));
#5802=CARTESIAN_POINT('Ctrl Pts',(0.519532563939144,-9.75002687309089,3.85));
#5803=CARTESIAN_POINT('Ctrl Pts',(-1.20926157782599,-9.75005071969828,3.85));
#5804=CARTESIAN_POINT('Ctrl Pts',(-2.420770028187,-9.75019239252011,3.85));
#5805=CARTESIAN_POINT('Ctrl Pts',(-3.92147199802125,-9.75040005050162,3.85000000000001));
#5806=CARTESIAN_POINT('Ctrl Pts',(-4.21067946028516,-9.75030330011441,3.85000000000001));
#5807=CARTESIAN_POINT('Ctrl Pts',(-4.63075142560578,-9.75058966895289,3.85000000000001));
#5808=CARTESIAN_POINT('Ctrl Pts',(-4.89103782632562,-9.64105295579643,3.85000000000001));
#5809=CARTESIAN_POINT('Ctrl Pts',(-5.00057346582813,-9.38076686761818,3.85000000000001));
#5810=CARTESIAN_POINT('Ctrl Pts',(-5.00028470506584,-8.96046887314119,3.85000000000001));
#5811=CARTESIAN_POINT('Ctrl Pts',(-5.00037534014878,-8.6710388513362,3.85000000000001));
#5812=CARTESIAN_POINT('Ctrl Pts',(-5.00022235855971,-7.56571739596447,3.85000000000001));
#5813=CARTESIAN_POINT('Ctrl Pts',(-5.00013804527882,-6.74981927915891,3.85));
#5814=CARTESIAN_POINT('Ctrl Pts',(-5.00006445637416,-4.72941456611348,3.85));
#5815=CARTESIAN_POINT('Ctrl Pts',(-5.00002104890064,-3.52493419350454,3.85));
#5816=CARTESIAN_POINT('Ctrl Pts',(-5.00001143182446,-1.54696562997097,3.85));
#5817=CARTESIAN_POINT('Ctrl Pts',(-5.00000810410607,-0.773475381833619,
3.85));
#5818=CARTESIAN_POINT('Ctrl Pts',(-5.00000796955983,0.582321866157545,3.85));
#5819=CARTESIAN_POINT('Ctrl Pts',(-5.00000896142856,1.16464627111211,3.85));
#5820=CARTESIAN_POINT('Ctrl Pts',(-5.00001504883585,2.84320430855757,3.85));
#5821=CARTESIAN_POINT('Ctrl Pts',(-5.00003791063691,3.93943228803063,3.85));
#5822=CARTESIAN_POINT('Ctrl Pts',(-5.00008728686259,5.9315343420604,3.85));
#5823=CARTESIAN_POINT('Ctrl Pts',(-5.00013832627252,6.82738663645092,3.85));
#5824=CARTESIAN_POINT('Ctrl Pts',(-5.00030753088845,8.23211389648232,3.85));
#5825=CARTESIAN_POINT('Ctrl Pts',(-5.00018322020817,8.74099003003096,3.85));
#5826=CARTESIAN_POINT('Ctrl Pts',(-5.00062698291531,9.38072337038746,3.84999999999999));
#5827=CARTESIAN_POINT('Ctrl Pts',(-4.89108539229673,9.64101268534085,3.84999999999999));
#5828=CARTESIAN_POINT('Ctrl Pts',(-4.63080098846358,9.75054357915061,3.84999999999999));
#5829=CARTESIAN_POINT('Ctrl Pts',(-4.43097175343647,9.75041377339529,3.84999999999999));
#5830=CARTESIAN_POINT('Ctrl Pts',(-4.36202820996089,9.75044655467186,3.84999999999999));
#5831=CARTESIAN_POINT('Ctrl Pts',(-3.06672970263569,9.75025779269691,3.85));
#5832=CARTESIAN_POINT('Ctrl Pts',(-1.84035213077044,9.7500801754026,3.85));
#5833=CARTESIAN_POINT('Ctrl Pts',(-0.408598671630571,9.75006703897988,3.85));
#5834=CARTESIAN_POINT('Ctrl Pts',(-0.203207720274807,9.75006648101738,3.85));
#5835=CARTESIAN_POINT('Ctrl Pts',(1.03374591563792,9.75007905384231,3.85));
#5836=CARTESIAN_POINT('Ctrl Pts',(2.06530289942387,9.75014860311266,3.85));
#5837=CARTESIAN_POINT('Ctrl Pts',(3.56452139023531,9.75033241865716,3.84999999999999));
#5838=CARTESIAN_POINT('Ctrl Pts',(4.03219542309495,9.75021022040305,3.84999999999999));
#5839=CARTESIAN_POINT('Ctrl Pts',(4.63071754746717,9.75062456795024,3.84999999999999));
#5840=CARTESIAN_POINT('Ctrl Pts',(4.89100893077704,9.64108191080556,3.84999999999999));
#5841=CARTESIAN_POINT('Ctrl Pts',(5.00053752508175,9.38079602351366,3.84999999999999));
#5842=CARTESIAN_POINT('Ctrl Pts',(5.000353109518,9.10530499272888,3.84999999999999));
#5843=CARTESIAN_POINT('Ctrl Pts',(5.00041201650733,8.96069054555688,3.84999999999999));
#5844=CARTESIAN_POINT('Ctrl Pts',(5.00027341851421,7.9984877824651,3.84999999999999));
#5845=CARTESIAN_POINT('Ctrl Pts',(5.00015938931021,7.1809021901845,3.85));
#5846=CARTESIAN_POINT('Ctrl Pts',(5.00007768584581,5.20739418194621,3.85));
#5847=CARTESIAN_POINT('Ctrl Pts',(5.00002631615299,4.05149697301062,3.85));
#5848=CARTESIAN_POINT('Ctrl Pts',(5.00001184114306,1.93039298900794,3.85));
#5849=CARTESIAN_POINT('Ctrl Pts',(5.,0.965197827993735,3.85));
#5850=CARTESIAN_POINT('Ctrl Pts',(5.,0.,3.85));
#5851=CARTESIAN_POINT('Ctrl Pts',(5.,-1.11022302462516E-15,3.85));
#5852=CARTESIAN_POINT('Ctrl Pts',(5.02329663988492,1.96285713897142E-7,
3.84986453840416));
#5853=CARTESIAN_POINT('Ctrl Pts',(5.10468664111128,5.88857166683122E-7,
3.83328395455931));
#5854=CARTESIAN_POINT('Ctrl Pts',(5.39543909715201,1.37400015032766E-6,
3.73620746931342));
#5855=CARTESIAN_POINT('Ctrl Pts',(5.78903303886645,2.0610003464289E-6,3.57146621610476));
#5856=CARTESIAN_POINT('Ctrl Pts',(6.15797698304157,2.64985769402906E-6,
3.38088931353894));
#5857=CARTESIAN_POINT('Ctrl Pts',(6.40783763231357,3.04242926724732E-6,
3.24118130849075));
#5858=CARTESIAN_POINT('Ctrl Pts',(6.71899216402584,3.53314374601015E-6,
3.04376859671502));
#5859=CARTESIAN_POINT('Ctrl Pts',(7.06597389133667,4.1220011303577E-6,2.77286560466736));
#5860=CARTESIAN_POINT('Ctrl Pts',(7.37082814924393,4.71085851477415E-6,
2.46988212852512));
#5861=CARTESIAN_POINT('Ctrl Pts',(7.62516283420423,5.29971588948166E-6,
2.13610374716263));
#5862=CARTESIAN_POINT('Ctrl Pts',(7.86075869968614,5.98671613722875E-6,
1.71134957463309));
#5863=CARTESIAN_POINT('Ctrl Pts',(7.99843035605314,6.57557345583126E-6,
1.30949253753518));
#5864=CARTESIAN_POINT('Ctrl Pts',(8.121698745585,7.36071648866601E-6,0.731783802400903));
#5865=CARTESIAN_POINT('Ctrl Pts',(8.15378755454595,7.85143083327858E-6,
0.337565693166585));
#5866=CARTESIAN_POINT('Ctrl Pts',(8.15429507615651,8.24400226334676E-6,
-4.16333634234434E-16));
#5867=CARTESIAN_POINT('Ctrl Pts',(5.,-0.352922737172087,3.85));
#5868=CARTESIAN_POINT('Ctrl Pts',(5.0232543525032,-0.361900225641631,3.84986453785081));
#5869=CARTESIAN_POINT('Ctrl Pts',(5.10455996094084,-0.380474970953937,3.833283952985));
#5870=CARTESIAN_POINT('Ctrl Pts',(5.39514311880382,-0.419725703437915,3.73620746603448));
#5871=CARTESIAN_POINT('Ctrl Pts',(5.7885896180761,-0.456334180428472,3.57146621176938));
#5872=CARTESIAN_POINT('Ctrl Pts',(6.1574064253047,-0.4886224010768,3.38088930859807));
#5873=CARTESIAN_POINT('Ctrl Pts',(6.40718232922092,-0.510343453389276,3.24118130322551));
#5874=CARTESIAN_POINT('Ctrl Pts',(6.71823109325377,-0.537773215572074,3.04376859119164));
#5875=CARTESIAN_POINT('Ctrl Pts',(7.06508581900643,-0.570851485417942,2.77286559906562));
#5876=CARTESIAN_POINT('Ctrl Pts',(7.36981308311969,-0.603809654484769,2.46988212307211));
#5877=CARTESIAN_POINT('Ctrl Pts',(7.6240208140453,-0.636365027225124,2.13610374208115));
#5878=CARTESIAN_POINT('Ctrl Pts',(7.85946844452706,-0.673546409965677,1.71134957023994));
#5879=CARTESIAN_POINT('Ctrl Pts',(7.99701347056443,-0.704206142714229,1.30949253399975));
#5880=CARTESIAN_POINT('Ctrl Pts',(8.12011244000503,-0.743228927668144,0.731783800286048));
#5881=CARTESIAN_POINT('Ctrl Pts',(8.15209605929169,-0.76602105930754,0.337565692153709));
#5882=CARTESIAN_POINT('Ctrl Pts',(8.15251900614001,-0.78285504457666,-4.16333634234434E-16));
#5883=CARTESIAN_POINT('Ctrl Pts',(4.99999914556394,-0.705848949265164,3.85));
#5884=CARTESIAN_POINT('Ctrl Pts',(5.0233621137383,-0.722618877871595,3.8498648229458));
#5885=CARTESIAN_POINT('Ctrl Pts',(5.10477459352445,-0.757962813230733,3.83328471303819));
#5886=CARTESIAN_POINT('Ctrl Pts',(5.39514780935275,-0.834837422892161,3.73620961240306));
#5887=CARTESIAN_POINT('Ctrl Pts',(5.78794613581035,-0.90880022397855,3.57146889638591));
#5888=CARTESIAN_POINT('Ctrl Pts',(6.15615512941763,-0.974807038304111,3.38089297760747));
#5889=CARTESIAN_POINT('Ctrl Pts',(6.40552989965742,-1.01936321421437,3.24118551521919));
#5890=CARTESIAN_POINT('Ctrl Pts',(6.71611920150686,-1.07582218447908,3.04377279560576));
#5891=CARTESIAN_POINT('Ctrl Pts',(7.06258734087402,-1.14392972761483,2.77287044514577));
#5892=CARTESIAN_POINT('Ctrl Pts',(7.36714277121656,-1.21159476666084,2.46988677873146));
#5893=CARTESIAN_POINT('Ctrl Pts',(7.62140460645285,-1.27803870106202,2.13610859924758));
#5894=CARTESIAN_POINT('Ctrl Pts',(7.8571520788208,-1.35328405668272,1.71135358748162));
#5895=CARTESIAN_POINT('Ctrl Pts',(7.99515842874647,-1.41443613144006,1.30949587286089));
#5896=CARTESIAN_POINT('Ctrl Pts',(8.11898218753972,-1.4910047689964,0.731785816807458));
#5897=CARTESIAN_POINT('Ctrl Pts',(8.15147330616818,-1.53460871313149,0.337566705451398));
#5898=CARTESIAN_POINT('Ctrl Pts',(8.15227542743817,-1.56582490986081,-4.16333634234434E-16));
#5899=CARTESIAN_POINT('Ctrl Pts',(4.99999954008336,-2.18161932439758,3.85));
#5900=CARTESIAN_POINT('Ctrl Pts',(5.02427490708373,-2.2265400365038,3.84986707911056));
#5901=CARTESIAN_POINT('Ctrl Pts',(5.10678791064883,-2.32449632099887,3.83329074141842));
#5902=CARTESIAN_POINT('Ctrl Pts',(5.39650307482027,-2.54849225224541,3.73622655792114));
#5903=CARTESIAN_POINT('Ctrl Pts',(5.7856186375201,-2.77500772031022,3.57149014257134));
#5904=CARTESIAN_POINT('Ctrl Pts',(6.15045588878984,-2.98063735676013,3.38092194366578));
#5905=CARTESIAN_POINT('Ctrl Pts',(6.39766078145169,-3.12010224277285,3.24121874319449));
#5906=CARTESIAN_POINT('Ctrl Pts',(6.70593610335646,-3.29761512226931,3.04380601669048));
#5907=CARTESIAN_POINT('Ctrl Pts',(7.05096013934756,-3.51163020108636,2.77290868008065));
#5908=CARTESIAN_POINT('Ctrl Pts',(7.35573942435058,-3.72313478697745,2.46992354903133));
#5909=CARTESIAN_POINT('Ctrl Pts',(7.61192628541808,-3.9287993037496,2.13614691394823));
#5910=CARTESIAN_POINT('Ctrl Pts',(7.85162897341348,-4.15857037484607,1.71138533024179));
#5911=CARTESIAN_POINT('Ctrl Pts',(7.99441916422444,-4.34102435393364,1.30952225971229));
#5912=CARTESIAN_POINT('Ctrl Pts',(8.12513731747278,-4.56353935153012,0.731801768518351));
#5913=CARTESIAN_POINT('Ctrl Pts',(8.16209582949157,-4.68497639125398,0.337574720703117));
#5914=CARTESIAN_POINT('Ctrl Pts',(8.16600328097146,-4.76719832966979,-4.16333634234434E-16));
#5915=CARTESIAN_POINT('Ctrl Pts',(4.99997730143117,-3.30448205504625,3.85));
#5916=CARTESIAN_POINT('Ctrl Pts',(5.02605606022122,-3.36009019745544,3.84987137137663));
#5917=CARTESIAN_POINT('Ctrl Pts',(5.11080910496557,-3.48698557335518,3.83330222747666));
#5918=CARTESIAN_POINT('Ctrl Pts',(5.3996315748885,-3.79539967837881,3.7362587446157));
#5919=CARTESIAN_POINT('Ctrl Pts',(5.78210888468527,-4.12472139872728,3.57153056371049));
#5920=CARTESIAN_POINT('Ctrl Pts',(6.14085872934526,-4.42864084094416,3.38097696158945));
#5921=CARTESIAN_POINT('Ctrl Pts',(6.38415030854304,-4.6356539276364,3.24128182433869));
#5922=CARTESIAN_POINT('Ctrl Pts',(6.68827760042042,-4.90009908660216,3.04386915263146));
#5923=CARTESIAN_POINT('Ctrl Pts',(7.03082620759177,-5.21829128864931,2.77298127266451));
#5924=CARTESIAN_POINT('Ctrl Pts',(7.33626260932097,-5.5306568171856,2.46999340931137));
#5925=CARTESIAN_POINT('Ctrl Pts',(7.59630363937569,-5.83099197373817,2.13621964809215));
#5926=CARTESIAN_POINT('Ctrl Pts',(7.84372194979791,-6.16151438488813,1.71144565744656));
#5927=CARTESIAN_POINT('Ctrl Pts',(7.99574789962057,-6.4172812068146,1.30957241363842));
#5928=CARTESIAN_POINT('Ctrl Pts',(8.1397781682079,-6.7201534480444,0.731832107723544));
#5929=CARTESIAN_POINT('Ctrl Pts',(8.18536070907596,-6.87724420808442,0.337589964660776));
#5930=CARTESIAN_POINT('Ctrl Pts',(8.1953097759853,-6.97616564558098,-4.16333634234434E-16));
#5931=CARTESIAN_POINT('Ctrl Pts',(4.99999483609127,-5.35893364674012,3.85));
#5932=CARTESIAN_POINT('Ctrl Pts',(5.02896806355027,-5.4218296694442,3.84988209980898));
#5933=CARTESIAN_POINT('Ctrl Pts',(5.11412543274915,-5.57155934875221,3.83333115244935));
#5934=CARTESIAN_POINT('Ctrl Pts',(5.3836815546218,-5.95539713448723,3.73633858704498));
#5935=CARTESIAN_POINT('Ctrl Pts',(5.72742826163267,-6.3831386898369,3.57163166112135));
#5936=CARTESIAN_POINT('Ctrl Pts',(6.04852328267814,-6.78022304759842,3.38111346743722));
#5937=CARTESIAN_POINT('Ctrl Pts',(6.26627033343485,-7.05076331132993,3.2414379515835));
#5938=CARTESIAN_POINT('Ctrl Pts',(6.53903810590761,-7.39552840303584,3.04402627082866));
#5939=CARTESIAN_POINT('Ctrl Pts',(6.84886869863124,-7.80597030965821,2.77316104549548));
#5940=CARTESIAN_POINT('Ctrl Pts',(7.12892188854149,-8.20310403835245,2.47016703306137));
#5941=CARTESIAN_POINT('Ctrl Pts',(7.37201802409293,-8.57807706803148,2.13639967609151));
#5942=CARTESIAN_POINT('Ctrl Pts',(7.6094313364998,-8.98280728888767,1.71159584810159));
#5943=CARTESIAN_POINT('Ctrl Pts',(7.76262205437808,-9.28726896734136,1.30969735602282));
#5944=CARTESIAN_POINT('Ctrl Pts',(7.91629160839477,-9.63913354796656,0.731907939516837));
#5945=CARTESIAN_POINT('Ctrl Pts',(7.97362985618351,-9.81423040674717,0.337628061985949));
#5946=CARTESIAN_POINT('Ctrl Pts',(7.99545512928873,-9.91904330927875,-4.16333634234434E-16));
#5947=CARTESIAN_POINT('Ctrl Pts',(4.99985146208033,-6.29043345861643,3.85));
#5948=CARTESIAN_POINT('Ctrl Pts',(5.02998478006703,-6.35201989801093,3.8498880460696));
#5949=CARTESIAN_POINT('Ctrl Pts',(5.11373127769069,-6.5007787084289,3.83334724361153));
#5950=CARTESIAN_POINT('Ctrl Pts',(5.3668102033438,-6.88910843945183,3.73638267261341));
#5951=CARTESIAN_POINT('Ctrl Pts',(5.68125764341578,-7.32777286433189,3.5716877126765));
#5952=CARTESIAN_POINT('Ctrl Pts',(5.97348845072477,-7.73453374250807,3.38118884793897));
#5953=CARTESIAN_POINT('Ctrl Pts',(6.17145386046059,-8.01131063969586,3.24152406067569));
#5954=CARTESIAN_POINT('Ctrl Pts',(6.41934686391915,-8.36291004225963,3.04411316431326));
#5955=CARTESIAN_POINT('Ctrl Pts',(6.70159448087172,-8.77822270806379,2.77326022494923));
#5956=CARTESIAN_POINT('Ctrl Pts',(6.95799372568377,-9.17630280000082,2.47026299168728));
#5957=CARTESIAN_POINT('Ctrl Pts',(7.18232346642712,-9.54807670534288,2.13649896980647));
#5958=CARTESIAN_POINT('Ctrl Pts',(7.40393190780538,-9.94506900501376,1.7116789275422));
#5959=CARTESIAN_POINT('Ctrl Pts',(7.55017870655965,-10.2394980708657,1.30976649100996));
#5960=CARTESIAN_POINT('Ctrl Pts',(7.7011377605476,-10.5767302882199,0.731949969358604));
#5961=CARTESIAN_POINT('Ctrl Pts',(7.76178152474903,-10.7422336232942,0.337649176246844));
#5962=CARTESIAN_POINT('Ctrl Pts',(7.78930126386511,-10.8404406086915,-4.16333634234433E-16));
#5963=CARTESIAN_POINT('Ctrl Pts',(5.00007132362047,-7.89809314225545,3.85));
#5964=CARTESIAN_POINT('Ctrl Pts',(5.03063257500677,-7.95342512886055,3.84989918426159));
#5965=CARTESIAN_POINT('Ctrl Pts',(5.10751279749781,-8.08769913124098,3.83337760773019));
#5966=CARTESIAN_POINT('Ctrl Pts',(5.31892981999191,-8.44165703574481,3.73646462419429));
#5967=CARTESIAN_POINT('Ctrl Pts',(5.56645089681549,-8.84426639210051,3.57179277465626));
#5968=CARTESIAN_POINT('Ctrl Pts',(5.79285499421951,-9.21295482385266,3.38132900502381));
#5969=CARTESIAN_POINT('Ctrl Pts',(5.94556340661196,-9.46226719802504,3.2416837643914));
#5970=CARTESIAN_POINT('Ctrl Pts',(6.135971600896,-9.77531028840507,3.0442752203247));
#5971=CARTESIAN_POINT('Ctrl Pts',(6.35266341511979,-10.136573003396,2.77344428043936));
#5972=CARTESIAN_POINT('Ctrl Pts',(6.55035481479085,-10.4738683861532,2.47044171748243));
#5973=CARTESIAN_POINT('Ctrl Pts',(6.72503082353861,-10.7798158716891,2.13668313823705));
#5974=CARTESIAN_POINT('Ctrl Pts',(6.90058760123662,-11.0979887043684,1.71183393674312));
#5975=CARTESIAN_POINT('Ctrl Pts',(7.02089574576986,-11.3268243535296,1.30989556527805));
#5976=CARTESIAN_POINT('Ctrl Pts',(7.15197504363799,-11.5869569597035,0.732028700038654));
#5977=CARTESIAN_POINT('Ctrl Pts',(7.21173725475727,-11.7143588163057,0.337688723190014));
#5978=CARTESIAN_POINT('Ctrl Pts',(7.24643545211045,-11.7936590885113,-4.16333634234433E-16));
#5979=CARTESIAN_POINT('Ctrl Pts',(4.99909285352279,-8.57360557550391,3.85));
#5980=CARTESIAN_POINT('Ctrl Pts',(5.02935377185321,-8.62508861521756,3.84990413557348));
#5981=CARTESIAN_POINT('Ctrl Pts',(5.10223094560532,-8.74985720908085,3.83339116834339));
#5982=CARTESIAN_POINT('Ctrl Pts',(5.29320048124824,-9.07911431671777,3.73650087826238));
#5983=CARTESIAN_POINT('Ctrl Pts',(5.50944281976686,-9.45394345244018,3.57183949786436));
#5984=CARTESIAN_POINT('Ctrl Pts',(5.70508913502144,-9.79417686625135,3.38139101697191));
#5985=CARTESIAN_POINT('Ctrl Pts',(5.83665648545541,-10.0232936463812,3.24175431100946));
#5986=CARTESIAN_POINT('Ctrl Pts',(6.00019022430862,-10.3088014385286,3.04434706084687));
#5987=CARTESIAN_POINT('Ctrl Pts',(6.18600200542599,-10.6333293478525,2.77352561547429));
#5988=CARTESIAN_POINT('Ctrl Pts',(6.35571488977202,-10.9310698349614,2.47052088101066));
#5989=CARTESIAN_POINT('Ctrl Pts',(6.50632572803628,-11.1957829130802,2.1367644950611));
#5990=CARTESIAN_POINT('Ctrl Pts',(6.65899186528307,-11.4660007233322,1.71190267210469));
#5991=CARTESIAN_POINT('Ctrl Pts',(6.76575500002188,-11.6562034555906,1.30995282367353));
#5992=CARTESIAN_POINT('Ctrl Pts',(6.88537152186077,-11.871724683597,0.732063699340398));
#5993=CARTESIAN_POINT('Ctrl Pts',(6.94335623007001,-11.9777704591812,0.337706302311866));
#5994=CARTESIAN_POINT('Ctrl Pts',(6.9802649555728,-12.046829565162,-4.16333634234433E-16));
#5995=CARTESIAN_POINT('Ctrl Pts',(5.0005425885806,-9.39863085306927,3.84999999999999));
#5996=CARTESIAN_POINT('Ctrl Pts',(5.02949760074417,-9.44500535112216,3.84991023256491));
#5997=CARTESIAN_POINT('Ctrl Pts',(5.09390880160316,-9.55678560634958,3.83340798539139));
#5998=CARTESIAN_POINT('Ctrl Pts',(5.24742226266279,-9.85133004746667,3.73654518776079));
#5999=CARTESIAN_POINT('Ctrl Pts',(5.40824137330188,-10.186085272703,3.57189706941642));
#6000=CARTESIAN_POINT('Ctrl Pts',(5.54909361179326,-10.4857419107662,3.38146682425152));
#6001=CARTESIAN_POINT('Ctrl Pts',(5.64271939756668,-10.6861753094725,3.24184033557704));
#6002=CARTESIAN_POINT('Ctrl Pts',(5.75722854870827,-10.9328476024075,3.04443514840889));
#6003=CARTESIAN_POINT('Ctrl Pts',(5.88497263285417,-11.2063333788635,2.77362485532413));
#6004=CARTESIAN_POINT('Ctrl Pts',(5.99991575289314,-11.4498633804088,2.47061782102917));
#6005=CARTESIAN_POINT('Ctrl Pts',(6.10102510110718,-11.6587804830722,2.13686370806538));
#6006=CARTESIAN_POINT('Ctrl Pts',(6.203828100737,-11.8648141021347,1.71198698798078));
#6007=CARTESIAN_POINT('Ctrl Pts',(6.27773721386858,-12.003863821436,1.31002310527668));
#6008=CARTESIAN_POINT('Ctrl Pts',(6.36628778358318,-12.1608851134836,0.732106798923088));
#6009=CARTESIAN_POINT('Ctrl Pts',(6.41508875681021,-12.2391932076856,0.337727947592362));
#6010=CARTESIAN_POINT('Ctrl Pts',(6.45284850594265,-12.2952661408586,-4.16333634234433E-16));
#6011=CARTESIAN_POINT('Ctrl Pts',(4.93046460757989,-9.54541801983754,3.84999999999999));
#6012=CARTESIAN_POINT('Ctrl Pts',(4.95914752065847,-9.59085686094947,3.8499113320412));
#6013=CARTESIAN_POINT('Ctrl Pts',(5.022647864284,-9.70027510161788,3.83341102266558));
#6014=CARTESIAN_POINT('Ctrl Pts',(5.17280004530715,-9.98847688345722,3.73655316509924));
#6015=CARTESIAN_POINT('Ctrl Pts',(5.32918272139003,-10.3159653246262,3.57190745280018));
#6016=CARTESIAN_POINT('Ctrl Pts',(5.46583128484263,-10.6082254063332,3.38148047300468));
#6017=CARTESIAN_POINT('Ctrl Pts',(5.55663452302845,-10.8034357917498,3.24185581539705));
#6018=CARTESIAN_POINT('Ctrl Pts',(5.66770338875608,-11.0430563713553,3.04445101861729));
#6019=CARTESIAN_POINT('Ctrl Pts',(5.79171283970901,-11.3072856062186,2.77364271555263));
#6020=CARTESIAN_POINT('Ctrl Pts',(5.90350680005393,-11.5410001572476,2.47063528115693));
#6021=CARTESIAN_POINT('Ctrl Pts',(6.00213424568928,-11.7398300170745,2.13688156135388));
#6022=CARTESIAN_POINT('Ctrl Pts',(6.10278056535054,-11.934261646091,1.71200218006985));
#6023=CARTESIAN_POINT('Ctrl Pts',(6.1756456759786,-12.0640970306514,1.31003577039728));
#6024=CARTESIAN_POINT('Ctrl Pts',(6.2633212144042,-12.2105438016272,0.732114571183277));
#6025=CARTESIAN_POINT('Ctrl Pts',(6.31209216276448,-12.2838747394678,0.337731850849444));
#6026=CARTESIAN_POINT('Ctrl Pts',(6.34993221568305,-12.3375911877508,-4.16333634234433E-16));
#6027=CARTESIAN_POINT('Ctrl Pts',(4.72663748258792,-9.71018589245394,3.84999999999999));
#6028=CARTESIAN_POINT('Ctrl Pts',(4.75476926330547,-9.75396083810741,3.84991327256598));
#6029=CARTESIAN_POINT('Ctrl Pts',(4.81712509070105,-9.86009731568258,3.83341639229074));
#6030=CARTESIAN_POINT('Ctrl Pts',(4.96484850364602,-10.1421533240792,3.73656721951388));
#6031=CARTESIAN_POINT('Ctrl Pts',(5.11873650204757,-10.4646481825252,3.57192578180098));
#6032=CARTESIAN_POINT('Ctrl Pts',(5.25396006837773,-10.7521866327116,3.38150452054806));
#6033=CARTESIAN_POINT('Ctrl Pts',(5.34401270108184,-10.9440713780272,3.2418830725831));
#6034=CARTESIAN_POINT('Ctrl Pts',(5.45458357979278,-11.179102426516,3.04447900035449));
#6035=CARTESIAN_POINT('Ctrl Pts',(5.57899846262332,-11.4368575714646,2.77367416879644));
#6036=CARTESIAN_POINT('Ctrl Pts',(5.69220720643231,-11.6631334624799,2.47066605654604));
#6037=CARTESIAN_POINT('Ctrl Pts',(5.79309967303254,-11.8536584855931,2.136912998289));
#6038=CARTESIAN_POINT('Ctrl Pts',(5.89705093301117,-12.0377888283729,1.71202896889122));
#6039=CARTESIAN_POINT('Ctrl Pts',(5.9728810416263,-12.1585260152159,1.31005810667491));
#6040=CARTESIAN_POINT('Ctrl Pts',(6.06393807131439,-12.2935150696395,0.732128289004309));
#6041=CARTESIAN_POINT('Ctrl Pts',(6.11392343207915,-12.3603635933778,0.337738739808937));
#6042=CARTESIAN_POINT('Ctrl Pts',(6.15176352578909,-12.4099214584691,-4.16333634234433E-16));
#6043=CARTESIAN_POINT('Ctrl Pts',(4.61370653051905,-9.75030603885549,3.85));
#6044=CARTESIAN_POINT('Ctrl Pts',(4.64157594541134,-9.79335569344675,3.84991411360522));
#6045=CARTESIAN_POINT('Ctrl Pts',(4.7036200384744,-9.89836599074756,3.83341872250575));
#6046=CARTESIAN_POINT('Ctrl Pts',(4.85128326026403,-10.1793664669767,3.73657330245114));
#6047=CARTESIAN_POINT('Ctrl Pts',(5.00582956980697,-10.5022445999728,3.57193372666975));
#6048=CARTESIAN_POINT('Ctrl Pts',(5.14213648593994,-10.7903895191211,3.38151492906672));
#6049=CARTESIAN_POINT('Ctrl Pts',(5.2330711295426,-10.9827105431125,3.24189486485879));
#6050=CARTESIAN_POINT('Ctrl Pts',(5.3450660333874,-11.2182677238585,3.04449111843629));
#6051=CARTESIAN_POINT('Ctrl Pts',(5.4716929709792,-11.4763698473639,2.77368777793623));
#6052=CARTESIAN_POINT('Ctrl Pts',(5.58754557711452,-11.7025824428329,2.4706793812813));
#6053=CARTESIAN_POINT('Ctrl Pts',(5.69136349290985,-11.8925477181912,2.1369265990146));
#6054=CARTESIAN_POINT('Ctrl Pts',(5.79878912469389,-12.0754612360225,1.71204057125755));
#6055=CARTESIAN_POINT('Ctrl Pts',(5.87739133159612,-12.1945682063286,1.31006778173874));
#6056=CARTESIAN_POINT('Ctrl Pts',(5.97129239675718,-12.3268844104705,0.732134234466053));
#6057=CARTESIAN_POINT('Ctrl Pts',(6.02232305401432,-12.3916967633847,0.337741725504));
#6058=CARTESIAN_POINT('Ctrl Pts',(6.06011619357423,-12.4394524317507,-4.16333634234433E-16));
#6059=CARTESIAN_POINT('Ctrl Pts',(3.5178581508249,-9.74935479556677,3.85));
#6060=CARTESIAN_POINT('Ctrl Pts',(3.54295456392044,-9.78540258313606,3.84992222299452));
#6061=CARTESIAN_POINT('Ctrl Pts',(3.60104035070066,-9.88333683472618,3.83344122146691));
#6062=CARTESIAN_POINT('Ctrl Pts',(3.74532752621662,-10.174558116936,3.73663186830604));
#6063=CARTESIAN_POINT('Ctrl Pts',(3.90204195964606,-10.5332154528018,3.57201034157346));
#6064=CARTESIAN_POINT('Ctrl Pts',(4.04506048914713,-10.8606957627559,3.38161514553013));
#6065=CARTESIAN_POINT('Ctrl Pts',(4.14186127201307,-11.0809133806698,3.24200834785682));
#6066=CARTESIAN_POINT('Ctrl Pts',(4.26396548853036,-11.3532388205683,3.0446078647349));
#6067=CARTESIAN_POINT('Ctrl Pts',(4.40740163674146,-11.6544045812943,2.77381876132102));
#6068=CARTESIAN_POINT('Ctrl Pts',(4.54415172105502,-11.9198042497051,2.47080771946275));
#6069=CARTESIAN_POINT('Ctrl Pts',(4.67165371608785,-12.1426284494675,2.13705748734936));
#6070=CARTESIAN_POINT('Ctrl Pts',(4.80769608330361,-12.3546983374603,1.71215235846359));
#6071=CARTESIAN_POINT('Ctrl Pts',(4.90915431258725,-12.4871571085759,1.31016101119433));
#6072=CARTESIAN_POINT('Ctrl Pts',(5.0266562054473,-12.6226156065444,0.732191561731675));
#6073=CARTESIAN_POINT('Ctrl Pts',(5.08582702340418,-12.6774959371823,0.337770513522768));
#6074=CARTESIAN_POINT('Ctrl Pts',(5.12268124509664,-12.7079407567862,-4.16333634234433E-16));
#6075=CARTESIAN_POINT('Ctrl Pts',(2.53620753781745,-9.75009804027841,3.85));
#6076=CARTESIAN_POINT('Ctrl Pts',(2.55695516288049,-9.77986911482984,3.84992941576755));
#6077=CARTESIAN_POINT('Ctrl Pts',(2.60452091347184,-9.86988356558967,3.83346141640372));
#6078=CARTESIAN_POINT('Ctrl Pts',(2.72095614498825,-10.1618947468684,3.73668314276035));
#6079=CARTESIAN_POINT('Ctrl Pts',(2.84589203161778,-10.5392536862878,3.57207837139867));
#6080=CARTESIAN_POINT('Ctrl Pts',(2.96056598693607,-10.8886727638347,3.38170291920451));
#6081=CARTESIAN_POINT('Ctrl Pts',(3.03844530628698,-11.1245990320433,3.24210729982348));
#6082=CARTESIAN_POINT('Ctrl Pts',(3.13736467136777,-11.4177006828254,3.04471065748896));
#6083=CARTESIAN_POINT('Ctrl Pts',(3.25521051285416,-11.7428785758456,2.77393309570245));
#6084=CARTESIAN_POINT('Ctrl Pts',(3.36944777557956,-12.0294565778569,2.4709204614466));
#6085=CARTESIAN_POINT('Ctrl Pts',(3.47784178183302,-12.2689941709581,2.13717162931584));
#6086=CARTESIAN_POINT('Ctrl Pts',(3.59541245238245,-12.494283718693,1.71225085743802));
#6087=CARTESIAN_POINT('Ctrl Pts',(3.68469314742408,-12.6301024524086,1.31024324813168));
#6088=CARTESIAN_POINT('Ctrl Pts',(3.78876860632683,-12.7605033488267,0.732242413018297));
#6089=CARTESIAN_POINT('Ctrl Pts',(3.84141588319654,-12.804251170846,0.337796044722678));
#6090=CARTESIAN_POINT('Ctrl Pts',(3.87366123380477,-12.819855389996,-4.16333634234434E-16));
#6091=CARTESIAN_POINT('Ctrl Pts',(1.03684973654876,-9.74998634773105,3.85));
#6092=CARTESIAN_POINT('Ctrl Pts',(1.04675454577561,-9.77428479684763,3.84993925586847));
#6093=CARTESIAN_POINT('Ctrl Pts',(1.06886836942516,-9.85711637755529,3.8334896614153));
#6094=CARTESIAN_POINT('Ctrl Pts',(1.12103754841377,-10.1481476160349,3.73675155516627));
#6095=CARTESIAN_POINT('Ctrl Pts',(1.17525772873627,-10.5392886497841,3.57217163339097));
#6096=CARTESIAN_POINT('Ctrl Pts',(1.22492652810528,-10.905168449781,3.38182011971193));
#6097=CARTESIAN_POINT('Ctrl Pts',(1.25869381795723,-11.1529310290734,3.24223827303642));
#6098=CARTESIAN_POINT('Ctrl Pts',(1.30176266971027,-11.461736692849,3.0448493285071));
#6099=CARTESIAN_POINT('Ctrl Pts',(1.35367799684067,-11.8049398173915,2.77408475204575));
#6100=CARTESIAN_POINT('Ctrl Pts',(1.40478033670865,-12.107190188905,2.47107188560768));
#6101=CARTESIAN_POINT('Ctrl Pts',(1.45410786280019,-12.3587431577569,2.13732274348021));
#6102=CARTESIAN_POINT('Ctrl Pts',(1.50855099516271,-12.5929314396561,1.71238392515958));
#6103=CARTESIAN_POINT('Ctrl Pts',(1.55081635985108,-12.7299847825719,1.31035457984588));
#6104=CARTESIAN_POINT('Ctrl Pts',(1.60084254359861,-12.854329078606,0.732311990823113));
#6105=CARTESIAN_POINT('Ctrl Pts',(1.62673135612295,-12.8880003887369,0.337830965726406));
#6106=CARTESIAN_POINT('Ctrl Pts',(1.64289086499497,-12.8907883305237,-4.16333634234434E-16));
#6107=CARTESIAN_POINT('Ctrl Pts',(0.519532563939144,-9.75002687309089,3.85));
#6108=CARTESIAN_POINT('Ctrl Pts',(0.524932014956867,-9.77318428825756,3.84994244359409));
#6109=CARTESIAN_POINT('Ctrl Pts',(0.536628960956743,-9.85444756485613,3.83349893668645));
#6110=CARTESIAN_POINT('Ctrl Pts',(0.563067553082115,-10.1448944359603,3.73677336577108));
#6111=CARTESIAN_POINT('Ctrl Pts',(0.589470314707214,-10.5383037071971,3.57220188510187));
#6112=CARTESIAN_POINT('Ctrl Pts',(0.613409116582174,-10.9070154747424,3.38185750307545));
#6113=CARTESIAN_POINT('Ctrl Pts',(0.629647606362955,-11.156828745789,3.24227980975853));
#6114=CARTESIAN_POINT('Ctrl Pts',(0.650339968026936,-11.4683662034876,3.04489385468134));
#6115=CARTESIAN_POINT('Ctrl Pts',(0.675390028778263,-11.8146861143731,2.7741329159105));
#6116=CARTESIAN_POINT('Ctrl Pts',(0.700245715539327,-12.1195998628991,2.47112036913162));
#6117=CARTESIAN_POINT('Ctrl Pts',(0.724493533060256,-12.373115555761,2.13737067511175));
#6118=CARTESIAN_POINT('Ctrl Pts',(0.751590891356291,-12.6086189548832,1.71242669107796));
#6119=CARTESIAN_POINT('Ctrl Pts',(0.773020859516207,-12.7455806313302,1.31039040807587));
#6120=CARTESIAN_POINT('Ctrl Pts',(0.798851958359789,-12.8683517322324,0.732334532851785));
#6121=CARTESIAN_POINT('Ctrl Pts',(0.812634341455848,-12.8998449420843,0.337842277043055));
#6122=CARTESIAN_POINT('Ctrl Pts',(0.821598462248406,-12.8999999120371,-4.16333634234434E-16));
#6123=CARTESIAN_POINT('Ctrl Pts',(-1.20926157782599,-9.75005071969828,3.85));
#6124=CARTESIAN_POINT('Ctrl Pts',(-1.22190608345266,-9.77320812553663,3.84995207438966));
#6125=CARTESIAN_POINT('Ctrl Pts',(-1.24933216638865,-9.85447285275677,3.83352751796238));
#6126=CARTESIAN_POINT('Ctrl Pts',(-1.3114311083133,-10.1449170063966,3.73683769093207));
#6127=CARTESIAN_POINT('Ctrl Pts',(-1.37358629503674,-10.5383295140516,3.5722934572127));
#6128=CARTESIAN_POINT('Ctrl Pts',(-1.43000960547451,-10.9070365678251,3.38196784073528));
#6129=CARTESIAN_POINT('Ctrl Pts',(-1.46830365912794,-11.156846729255,3.24240131997987));
#6130=CARTESIAN_POINT('Ctrl Pts',(-1.51714048511519,-11.4683817093444,3.04502660832871));
#6131=CARTESIAN_POINT('Ctrl Pts',(-1.57632165475926,-11.8146977887899,2.77427412157961));
#6132=CARTESIAN_POINT('Ctrl Pts',(-1.63510898735444,-12.1196077754413,2.47126430226508));
#6133=CARTESIAN_POINT('Ctrl Pts',(-1.69253142944453,-12.373120178035,2.13751092670003));
#6134=CARTESIAN_POINT('Ctrl Pts',(-1.75679871687985,-12.6086188301305,1.71255437181393));
#6135=CARTESIAN_POINT('Ctrl Pts',(-1.80775466283037,-12.7455808337824,1.31049759137886));
#6136=CARTESIAN_POINT('Ctrl Pts',(-1.86934478054715,-12.8683475480207,0.732402646768816));
#6137=CARTESIAN_POINT('Ctrl Pts',(-1.90237793012006,-12.8998450922252,0.33787644461376));
#6138=CARTESIAN_POINT('Ctrl Pts',(-1.92401157722184,-12.9000000410163,-4.16333634234434E-16));
#6139=CARTESIAN_POINT('Ctrl Pts',(-2.420770028187,-9.75019239252011,3.85));
#6140=CARTESIAN_POINT('Ctrl Pts',(-2.44120893858132,-9.7796217773036,3.84996052122907));
#6141=CARTESIAN_POINT('Ctrl Pts',(-2.48883717379873,-9.86961647899388,3.83355344257346));
#6142=CARTESIAN_POINT('Ctrl Pts',(-2.60764136164538,-10.1640037553994,3.7368941146938));
#6143=CARTESIAN_POINT('Ctrl Pts',(-2.73715932589908,-10.5459984301184,3.57237752281891));
#6144=CARTESIAN_POINT('Ctrl Pts',(-2.85703530563683,-10.900336103342,3.38206704087239));
#6145=CARTESIAN_POINT('Ctrl Pts',(-2.93869425585567,-11.1397162100899,3.24251147682728));
#6146=CARTESIAN_POINT('Ctrl Pts',(-3.04289192288651,-11.4373352533757,3.04514976856262));
#6147=CARTESIAN_POINT('Ctrl Pts',(-3.16766005024291,-11.767897919399,2.774404359726));
#6148=CARTESIAN_POINT('Ctrl Pts',(-3.28922316666358,-12.0595390060442,2.47139773710343));
#6149=CARTESIAN_POINT('Ctrl Pts',(-3.40493444655911,-12.3035669418228,2.13764020542228));
#6150=CARTESIAN_POINT('Ctrl Pts',(-3.53069455300399,-12.5332377247885,1.71267077273369));
#6151=CARTESIAN_POINT('Ctrl Pts',(-3.62602490141466,-12.6716416027803,1.31059494019049));
#6152=CARTESIAN_POINT('Ctrl Pts',(-3.73633424717607,-12.8040442659259,0.732463692801261));
#6153=CARTESIAN_POINT('Ctrl Pts',(-3.79120660512643,-12.8477622323513,0.337906400352082));
#6154=CARTESIAN_POINT('Ctrl Pts',(-3.82360358692489,-12.8623846781445,-4.16333634234434E-16));
#6155=CARTESIAN_POINT('Ctrl Pts',(-3.92147199802125,-9.75040005050162,3.85000000000001));
#6156=CARTESIAN_POINT('Ctrl Pts',(-3.94757829453613,-9.78909233262177,3.84997151361718));
#6157=CARTESIAN_POINT('Ctrl Pts',(-4.00684989843092,-9.88958911636194,3.83358765688998));
#6158=CARTESIAN_POINT('Ctrl Pts',(-4.15096828132029,-10.1765003509628,3.73696754583518));
#6159=CARTESIAN_POINT('Ctrl Pts',(-4.30476490409258,-10.5208311067728,3.57248901032933));
#6160=CARTESIAN_POINT('Ctrl Pts',(-4.44300609816156,-10.832740978463,3.38219748666725));
#6161=CARTESIAN_POINT('Ctrl Pts',(-4.53599498048416,-11.0419205144973,3.24265682560716));
#6162=CARTESIAN_POINT('Ctrl Pts',(-4.65220117427214,-11.2996782481309,3.04531378850459));
#6163=CARTESIAN_POINT('Ctrl Pts',(-4.78651456605204,-11.5837681513445,2.77457740396262));
#6164=CARTESIAN_POINT('Ctrl Pts',(-4.91268678073962,-11.8335857827067,2.47157538916729));
#6165=CARTESIAN_POINT('Ctrl Pts',(-5.02853819535568,-12.0432764010721,2.13781193270955));
#6166=CARTESIAN_POINT('Ctrl Pts',(-5.15105757630439,-12.2436115709493,1.71282471020162));
#6167=CARTESIAN_POINT('Ctrl Pts',(-5.2419086815385,-12.3704947417893,1.31072348590104));
#6168=CARTESIAN_POINT('Ctrl Pts',(-5.3487142806661,-12.5043325996812,0.732543862111256));
#6169=CARTESIAN_POINT('Ctrl Pts',(-5.40434053648677,-12.5627663020032,0.337945376951005));
#6170=CARTESIAN_POINT('Ctrl Pts',(-5.44178697923448,-12.5997863897414,-4.16333634234434E-16));
#6171=CARTESIAN_POINT('Ctrl Pts',(-4.21067946028516,-9.75030330011441,3.85000000000001));
#6172=CARTESIAN_POINT('Ctrl Pts',(-4.23769447572135,-9.7908493382112,3.849973656291));
#6173=CARTESIAN_POINT('Ctrl Pts',(-4.2985690602139,-9.89333476190335,3.83359434694944));
#6174=CARTESIAN_POINT('Ctrl Pts',(-4.44535538839193,-10.1782533519469,3.73698185943503));
#6175=CARTESIAN_POINT('Ctrl Pts',(-4.60088882555652,-10.5141790432461,3.57251083327406));
#6176=CARTESIAN_POINT('Ctrl Pts',(-4.73966286116053,-10.8168106203835,3.38222297274518));
#6177=CARTESIAN_POINT('Ctrl Pts',(-4.83271900145362,-11.0193944069032,3.24268524483967));
#6178=CARTESIAN_POINT('Ctrl Pts',(-4.94841617581436,-11.2684349061103,3.04534592377006));
#6179=CARTESIAN_POINT('Ctrl Pts',(-5.08099390235455,-11.5423442339035,2.77461129010232));
#6180=CARTESIAN_POINT('Ctrl Pts',(-5.2044123710296,-11.7829486664284,2.47161019308743));
#6181=CARTESIAN_POINT('Ctrl Pts',(-5.31671042924868,-11.9849929403805,2.13784555915027));
#6182=CARTESIAN_POINT('Ctrl Pts',(-5.43466819943708,-12.1786830090545,1.71285482383964));
#6183=CARTESIAN_POINT('Ctrl Pts',(-5.521722807644,-12.3027069424216,1.31074862390274));
#6184=CARTESIAN_POINT('Ctrl Pts',(-5.62471522425651,-12.4363687695145,0.732559520792863));
#6185=CARTESIAN_POINT('Ctrl Pts',(-5.67921431241403,-12.4975583318175,0.337952974112317));
#6186=CARTESIAN_POINT('Ctrl Pts',(-5.7172527923129,-12.5391005733835,-4.16333634234434E-16));
#6187=CARTESIAN_POINT('Ctrl Pts',(-4.63075142560578,-9.75058966895289,3.85000000000001));
#6188=CARTESIAN_POINT('Ctrl Pts',(-4.65885222527218,-9.79382822586406,3.84997677903795));
#6189=CARTESIAN_POINT('Ctrl Pts',(-4.72122199736031,-9.89907951077555,3.83360412249777));
#6190=CARTESIAN_POINT('Ctrl Pts',(-4.86900176049976,-10.1800389423097,3.73700272034982));
#6191=CARTESIAN_POINT('Ctrl Pts',(-5.02318978861284,-10.5023523413847,3.57254274938943));
#6192=CARTESIAN_POINT('Ctrl Pts',(-5.15880930617476,-10.7898008290847,3.38226018825904));
#6193=CARTESIAN_POINT('Ctrl Pts',(-5.2491995496933,-10.9816218700503,3.24272676947579));
#6194=CARTESIAN_POINT('Ctrl Pts',(-5.360471837134,-11.2165174643698,3.04539295735001));
#6195=CARTESIAN_POINT('Ctrl Pts',(-5.48587622542713,-11.4738371384746,2.77466086547299));
#6196=CARTESIAN_POINT('Ctrl Pts',(-5.60056941391391,-11.6993407030086,2.4716611298889));
#6197=CARTESIAN_POINT('Ctrl Pts',(-5.70307402404202,-11.8887233280735,2.13789475238722));
#6198=CARTESIAN_POINT('Ctrl Pts',(-5.80932937726681,-12.0711386091611,1.71289884256342));
#6199=CARTESIAN_POINT('Ctrl Pts',(-5.88709249032006,-12.1900747243756,1.31078535924343));
#6200=CARTESIAN_POINT('Ctrl Pts',(-5.98052905396249,-12.3224513023834,0.732582380538793));
#6201=CARTESIAN_POINT('Ctrl Pts',(-6.03175899375872,-12.3875805124465,0.337964045904717));
#6202=CARTESIAN_POINT('Ctrl Pts',(-6.07018283774253,-12.4357764125265,-4.16333634234434E-16));
#6203=CARTESIAN_POINT('Ctrl Pts',(-4.89103782632562,-9.64105295579643,3.85000000000001));
#6204=CARTESIAN_POINT('Ctrl Pts',(-4.91974919309938,-9.68596935160219,3.84997872795853));
#6205=CARTESIAN_POINT('Ctrl Pts',(-4.98285218640576,-9.79401923407838,3.83361023060642));
#6206=CARTESIAN_POINT('Ctrl Pts',(-5.13050279602909,-10.0783044044983,3.7370157397926));
#6207=CARTESIAN_POINT('Ctrl Pts',(-5.28295607327292,-10.4012312741488,3.57256269964933));
#6208=CARTESIAN_POINT('Ctrl Pts',(-5.41560396094692,-10.6887206812642,3.38228343485558));
#6209=CARTESIAN_POINT('Ctrl Pts',(-5.50362844655056,-10.8805566096758,3.24275271506469));
#6210=CARTESIAN_POINT('Ctrl Pts',(-5.61122492441213,-11.1156288540557,3.04542236729046));
#6211=CARTESIAN_POINT('Ctrl Pts',(-5.73098937842457,-11.3738788116389,2.77469185896059));
#6212=CARTESIAN_POINT('Ctrl Pts',(-5.83905580145501,-11.6012635310836,2.47169297975736));
#6213=CARTESIAN_POINT('Ctrl Pts',(-5.93429250580767,-11.7936106407392,2.1379255063581));
#6214=CARTESIAN_POINT('Ctrl Pts',(-6.03195913358245,-11.9806045368755,1.71292635165401));
#6215=CARTESIAN_POINT('Ctrl Pts',(-6.10300908133814,-12.1046181425767,1.31080831378464));
#6216=CARTESIAN_POINT('Ctrl Pts',(-6.18944046332443,-12.244405786153,0.732596658285603));
#6217=CARTESIAN_POINT('Ctrl Pts',(-6.23827280579863,-12.314741728841,0.3379709557594));
#6218=CARTESIAN_POINT('Ctrl Pts',(-6.27680292212148,-12.3671079311841,-4.16333634234435E-16));
#6219=CARTESIAN_POINT('Ctrl Pts',(-5.00057346582813,-9.38076686761818,3.85000000000001));
#6220=CARTESIAN_POINT('Ctrl Pts',(-5.02977148697474,-9.42733538139047,3.84998067625231));
#6221=CARTESIAN_POINT('Ctrl Pts',(-5.09465696515124,-9.53953405749583,3.8336163499227));
#6222=CARTESIAN_POINT('Ctrl Pts',(-5.24902075484782,-9.83493539673767,3.73702875514056));
#6223=CARTESIAN_POINT('Ctrl Pts',(-5.41059835683502,-10.1705378597622,3.57258270113809));
#6224=CARTESIAN_POINT('Ctrl Pts',(-5.55191260414635,-10.4709532628418,3.38230671126088));
#6225=CARTESIAN_POINT('Ctrl Pts',(-5.64579928106762,-10.6719162693056,3.24277870738516));
#6226=CARTESIAN_POINT('Ctrl Pts',(-5.760666359813,-10.9193077422421,3.04545187114387));
#6227=CARTESIAN_POINT('Ctrl Pts',(-5.88848627919526,-11.1937410341132,2.77472294069589));
#6228=CARTESIAN_POINT('Ctrl Pts',(-6.00358440623523,-11.4382974817765,2.47172492996096));
#6229=CARTESIAN_POINT('Ctrl Pts',(-6.10459672680811,-11.6483034534974,2.13795634676234));
#6230=CARTESIAN_POINT('Ctrl Pts',(-6.20756270974217,-11.8556265462145,1.71295391974796));
#6231=CARTESIAN_POINT('Ctrl Pts',(-6.28153657308046,-11.9957886682032,1.31083131228103));
#6232=CARTESIAN_POINT('Ctrl Pts',(-6.37054404575495,-12.1541447371007,0.732610951486577));
#6233=CARTESIAN_POINT('Ctrl Pts',(-6.41983210212541,-12.2332171613706,0.33797786320271));
#6234=CARTESIAN_POINT('Ctrl Pts',(-6.45822087046896,-12.2897466793102,-4.16333634234435E-16));
#6235=CARTESIAN_POINT('Ctrl Pts',(-5.00028470506584,-8.96046887314119,3.85000000000001));
#6236=CARTESIAN_POINT('Ctrl Pts',(-5.03017120058583,-9.00964875875048,3.84998379866203));
#6237=CARTESIAN_POINT('Ctrl Pts',(-5.09938967502803,-9.12842138875798,3.8336261667052));
#6238=CARTESIAN_POINT('Ctrl Pts',(-5.27310757365434,-9.44126348967494,3.73704961410002));
#6239=CARTESIAN_POINT('Ctrl Pts',(-5.46305968514816,-9.79684040177675,3.5726147988801));
#6240=CARTESIAN_POINT('Ctrl Pts',(-5.63265274813615,-10.1174994229821,3.38234404246298));
#6241=CARTESIAN_POINT('Ctrl Pts',(-5.7461123500087,-10.3327706545486,3.24282040436195));
#6242=CARTESIAN_POINT('Ctrl Pts',(-5.88623363349631,-10.5995314454032,3.04549923152378));
#6243=CARTESIAN_POINT('Ctrl Pts',(-6.04396273215848,-10.8994520912928,2.77477282603851));
#6244=CARTESIAN_POINT('Ctrl Pts',(-6.18730360870303,-11.1711110344673,2.47177621627881));
#6245=CARTESIAN_POINT('Ctrl Pts',(-6.31381817798744,-11.4090491822244,2.13800584394005));
#6246=CARTESIAN_POINT('Ctrl Pts',(-6.44256159762989,-11.6485544090828,1.71299815155666));
#6247=CARTESIAN_POINT('Ctrl Pts',(-6.53340355251725,-11.8143994298221,1.3108682084771));
#6248=CARTESIAN_POINT('Ctrl Pts',(-6.63853953095757,-12.002215355774,0.732633873124116));
#6249=CARTESIAN_POINT('Ctrl Pts',(-6.6924351239086,-12.0952896121651,0.337988933192574));
#6250=CARTESIAN_POINT('Ctrl Pts',(-6.73041433698856,-12.1584539244335,-4.16333634234434E-16));
#6251=CARTESIAN_POINT('Ctrl Pts',(-5.00037534014878,-8.6710388513362,3.85000000000001));
#6252=CARTESIAN_POINT('Ctrl Pts',(-5.03059451276558,-8.7219541942085,3.84998594008237));
#6253=CARTESIAN_POINT('Ctrl Pts',(-5.10232829591802,-8.84503008232505,3.83363291412599));
#6254=CARTESIAN_POINT('Ctrl Pts',(-5.28753185745529,-9.16910520536442,3.73706391975684));
#6255=CARTESIAN_POINT('Ctrl Pts',(-5.49472925444542,-9.53738119828582,3.57263687721692));
#6256=CARTESIAN_POINT('Ctrl Pts',(-5.68125418151396,-9.87095553967603,3.3823696870785));
#6257=CARTESIAN_POINT('Ctrl Pts',(-5.80641141877363,-10.0953704424418,3.24284906317661));
#6258=CARTESIAN_POINT('Ctrl Pts',(-5.96159758538413,-10.3745484602264,3.04553182886176));
#6259=CARTESIAN_POINT('Ctrl Pts',(-6.13697718393229,-10.6909168494752,2.77480714924157));
#6260=CARTESIAN_POINT('Ctrl Pts',(-6.29678781223193,-10.9801763835746,2.47181151423579));
#6261=CARTESIAN_POINT('Ctrl Pts',(-6.43796408954631,-11.2363629690249,2.13803989879754));
#6262=CARTESIAN_POINT('Ctrl Pts',(-6.58125909658773,-11.497001608591,1.71302856321156));
#6263=CARTESIAN_POINT('Ctrl Pts',(-6.68144993396297,-11.6798092853148,1.31089357058982));
#6264=CARTESIAN_POINT('Ctrl Pts',(-6.79516066764757,-11.8871735162168,0.732649615898169));
#6265=CARTESIAN_POINT('Ctrl Pts',(-6.85137239517644,-11.9896022985761,0.337996525030098));
#6266=CARTESIAN_POINT('Ctrl Pts',(-6.8887915649921,-12.0572597178256,-4.16333634234434E-16));
#6267=CARTESIAN_POINT('Ctrl Pts',(-5.00022235855971,-7.56571739596447,3.85000000000001));
#6268=CARTESIAN_POINT('Ctrl Pts',(-5.0312569834523,-7.62275739419677,3.84999401926676));
#6269=CARTESIAN_POINT('Ctrl Pts',(-5.1108347613078,-7.76101705056718,3.83365841763611));
#6270=CARTESIAN_POINT('Ctrl Pts',(-5.33401968974438,-8.12460240169108,3.73711789267726));
#6271=CARTESIAN_POINT('Ctrl Pts',(-5.59875642644695,-8.53748133219737,3.57272037921587));
#6272=CARTESIAN_POINT('Ctrl Pts',(-5.84190363905789,-8.9166720144521,3.38246657173186));
#6273=CARTESIAN_POINT('Ctrl Pts',(-6.00607999973169,-9.17346524446311,3.24295738296096));
#6274=CARTESIAN_POINT('Ctrl Pts',(-6.21120960907927,-9.49680245317908,3.04565517931537));
#6275=CARTESIAN_POINT('Ctrl Pts',(-6.44452528846351,-9.87205454444598,2.77493699275661));
#6276=CARTESIAN_POINT('Ctrl Pts',(-6.6576884077047,-10.224693249087,2.47194507917213));
#6277=CARTESIAN_POINT('Ctrl Pts',(-6.84556400381398,-10.5469243777442,2.13816872316592));
#6278=CARTESIAN_POINT('Ctrl Pts',(-7.03438364101081,-10.8843256227895,1.71314354142051));
#6279=CARTESIAN_POINT('Ctrl Pts',(-7.16270182240815,-11.1289751297256,1.3109894392269));
#6280=CARTESIAN_POINT('Ctrl Pts',(-7.30140025536927,-11.4076515796156,0.732709081545784));
#6281=CARTESIAN_POINT('Ctrl Pts',(-7.36308092665222,-11.5442374550946,0.33802516692828));
#6282=CARTESIAN_POINT('Ctrl Pts',(-7.39750726956683,-11.6282009493132,-4.16333634234434E-16));
#6283=CARTESIAN_POINT('Ctrl Pts',(-5.00013804527882,-6.74981927915891,3.85));
#6284=CARTESIAN_POINT('Ctrl Pts',(-5.03082766533813,-6.81033321216138,3.84999977690866));
#6285=CARTESIAN_POINT('Ctrl Pts',(-5.11355452256225,-6.95680166870908,3.83367669118984));
#6286=CARTESIAN_POINT('Ctrl Pts',(-5.3568921054149,-7.34042568379869,3.73715635721284));
#6287=CARTESIAN_POINT('Ctrl Pts',(-5.65445795413153,-7.77481950253113,3.57278031779428));
#6288=CARTESIAN_POINT('Ctrl Pts',(-5.9297743363158,-8.17657216709789,3.38253589527282));
#6289=CARTESIAN_POINT('Ctrl Pts',(-6.11603409601467,-8.44957560963208,3.24303498870528));
#6290=CARTESIAN_POINT('Ctrl Pts',(-6.34916602240301,-8.79550130437384,3.04574385761174));
#6291=CARTESIAN_POINT('Ctrl Pts',(-6.61412481597137,-9.20201786041512,2.77503025977505));
#6292=CARTESIAN_POINT('Ctrl Pts',(-6.85540141441305,-9.58943168813359,2.47204109064151));
#6293=CARTESIAN_POINT('Ctrl Pts',(-7.0666892296809,-9.94896497008507,2.13826124971561));
#6294=CARTESIAN_POINT('Ctrl Pts',(-7.27690315709411,-10.3307053482061,1.71322598768103));
#6295=CARTESIAN_POINT('Ctrl Pts',(-7.41679380933347,-10.6119504571636,1.31105814363248));
#6296=CARTESIAN_POINT('Ctrl Pts',(-7.56380136082941,-10.933421099181,0.732751609505988));
#6297=CARTESIAN_POINT('Ctrl Pts',(-7.62513583179195,-11.0909594271436,0.338045577129475));
#6298=CARTESIAN_POINT('Ctrl Pts',(-7.65557593451369,-11.185183594794,-4.16333634234434E-16));
#6299=CARTESIAN_POINT('Ctrl Pts',(-5.00006445637416,-4.72941456611348,3.85));
#6300=CARTESIAN_POINT('Ctrl Pts',(-5.02878849100871,-4.79210629048643,3.8500125627577));
#6301=CARTESIAN_POINT('Ctrl Pts',(-5.11557473348018,-4.94015775833567,3.83371739726853));
#6302=CARTESIAN_POINT('Ctrl Pts',(-5.39620092743926,-5.31579950414553,3.73724177507336));
#6303=CARTESIAN_POINT('Ctrl Pts',(-5.75823553020388,-5.73111185720653,3.57291397493995));
#6304=CARTESIAN_POINT('Ctrl Pts',(-6.09684350871086,-6.11696154518686,3.38269019755682));
#6305=CARTESIAN_POINT('Ctrl Pts',(-6.32645887382227,-6.3800609126237,3.24320785373902));
#6306=CARTESIAN_POINT('Ctrl Pts',(-6.61421355886124,-6.7159983093281,3.04594177476972));
#6307=CARTESIAN_POINT('Ctrl Pts',(-6.93980826758231,-7.11782484766835,2.77523831723504));
#6308=CARTESIAN_POINT('Ctrl Pts',(-7.23354275969655,-7.5087979705023,2.47225536118414));
#6309=CARTESIAN_POINT('Ctrl Pts',(-7.48677859427654,-7.88031010367655,2.13846764439702));
#6310=CARTESIAN_POINT('Ctrl Pts',(-7.73314654795576,-8.28376069817138,1.71340972388898));
#6311=CARTESIAN_POINT('Ctrl Pts',(-7.88976634691768,-8.58966229200008,1.31121120525291));
#6312=CARTESIAN_POINT('Ctrl Pts',(-8.04503240999975,-8.94489053806097,0.732846241728981));
#6313=CARTESIAN_POINT('Ctrl Pts',(-8.10065925703027,-9.12294580968729,0.338090899169927));
#6314=CARTESIAN_POINT('Ctrl Pts',(-8.11984704586521,-9.22997133498428,-4.16333634234434E-16));
#6315=CARTESIAN_POINT('Ctrl Pts',(-5.00002104890064,-3.52493419350454,3.85));
#6316=CARTESIAN_POINT('Ctrl Pts',(-5.02659528349497,-3.58327027153683,3.85001889025339));
#6317=CARTESIAN_POINT('Ctrl Pts',(-5.11177036845718,-3.71609022141896,3.83373766610632));
#6318=CARTESIAN_POINT('Ctrl Pts',(-5.39932941281013,-4.0380440079948,3.73728404752791));
#6319=CARTESIAN_POINT('Ctrl Pts',(-5.77854281776795,-4.38104780798839,3.57298066230101));
#6320=CARTESIAN_POINT('Ctrl Pts',(-6.13360053765578,-4.69714478460712,3.38276690968342));
#6321=CARTESIAN_POINT('Ctrl Pts',(-6.37423515187607,-4.91234094336172,3.24329391973685));
#6322=CARTESIAN_POINT('Ctrl Pts',(-6.67514169945457,-5.18703216105544,3.04604069357163));
#6323=CARTESIAN_POINT('Ctrl Pts',(-7.01319720775907,-5.51721263839227,2.7753422054689));
#6324=CARTESIAN_POINT('Ctrl Pts',(-7.31501300797187,-5.84106680220721,2.47236244050375));
#6325=CARTESIAN_POINT('Ctrl Pts',(-7.57139591900341,-6.15224219556168,2.13857069165602));
#6326=CARTESIAN_POINT('Ctrl Pts',(-7.81621271387863,-6.49460960733836,1.71350128953063));
#6327=CARTESIAN_POINT('Ctrl Pts',(-7.96649626596536,-6.75962259737454,1.31128743512701));
#6328=CARTESIAN_POINT('Ctrl Pts',(-8.10998421002761,-7.07388853408033,0.732893261471046));
#6329=CARTESIAN_POINT('Ctrl Pts',(-8.15609821395967,-7.23737081862211,0.338113325933999));
#6330=CARTESIAN_POINT('Ctrl Pts',(-8.16736203191904,-7.34093351675237,-4.16333634234434E-16));
#6331=CARTESIAN_POINT('Ctrl Pts',(-5.00001143182446,-1.54696562997097,3.85));
#6332=CARTESIAN_POINT('Ctrl Pts',(-5.02408100600983,-1.58068879586742,3.8500251040992));
#6333=CARTESIAN_POINT('Ctrl Pts',(-5.10656860288002,-1.65356896418963,3.83375760802294));
#6334=CARTESIAN_POINT('Ctrl Pts',(-5.39769020100653,-1.81808068797254,3.73732556003835));
#6335=CARTESIAN_POINT('Ctrl Pts',(-5.7897704503432,-1.98239342963951,3.57304631296088));
#6336=CARTESIAN_POINT('Ctrl Pts',(-6.15700991596619,-2.13102065654711,3.38284234635486));
#6337=CARTESIAN_POINT('Ctrl Pts',(-6.40568462898728,-2.23173534485839,3.24337859191636));
#6338=CARTESIAN_POINT('Ctrl Pts',(-6.71581070655222,-2.35984668940175,3.04613812353666));
#6339=CARTESIAN_POINT('Ctrl Pts',(-7.0614322059224,-2.51444691292437,2.77544450009652));
#6340=CARTESIAN_POINT('Ctrl Pts',(-7.36641316203542,-2.66754986455315,2.47246790320825));
#6341=CARTESIAN_POINT('Ctrl Pts',(-7.62116539070213,-2.81689070919752,2.13867215401162));
#6342=CARTESIAN_POINT('Ctrl Pts',(-7.8592187022551,-2.9843794468912,1.71359139597146));
#6343=CARTESIAN_POINT('Ctrl Pts',(-7.99928049478233,-3.11819664102073,1.31136243522799));
#6344=CARTESIAN_POINT('Ctrl Pts',(-8.12680198149955,-3.28244291477767,0.732939489372147));
#6345=CARTESIAN_POINT('Ctrl Pts',(-8.16161832516898,-3.37301388950448,0.338135347209561));
#6346=CARTESIAN_POINT('Ctrl Pts',(-8.16431382601528,-3.43515617579573,-4.16333634234434E-16));
#6347=CARTESIAN_POINT('Ctrl Pts',(-5.00000810410607,-0.773475381833619,
3.85));
#6348=CARTESIAN_POINT('Ctrl Pts',(-5.02335580597907,-0.793188623483653,
3.85002648505282));
#6349=CARTESIAN_POINT('Ctrl Pts',(-5.1049561700041,-0.833972715079144,3.83376205547187));
#6350=CARTESIAN_POINT('Ctrl Pts',(-5.39643470241997,-0.920145252844925,
3.73733478541778));
#6351=CARTESIAN_POINT('Ctrl Pts',(-5.79115884081476,-1.00050568517592,3.57306097069244));
#6352=CARTESIAN_POINT('Ctrl Pts',(-6.16095745663706,-1.07137980110275,3.38285915426171));
#6353=CARTESIAN_POINT('Ctrl Pts',(-6.41132586615726,-1.1190576759208,3.24339747315385));
#6354=CARTESIAN_POINT('Ctrl Pts',(-6.72338659786667,-1.17926484597199,3.04615989708513));
#6355=CARTESIAN_POINT('Ctrl Pts',(-7.07052568542205,-1.25186970665283,2.77546734824426));
#6356=CARTESIAN_POINT('Ctrl Pts',(-7.37600431711666,-1.32421142641519,2.472491469831));
#6357=CARTESIAN_POINT('Ctrl Pts',(-7.63013644602447,-1.39567059882809,2.13869481450816));
#6358=CARTESIAN_POINT('Ctrl Pts',(-7.86632524086428,-1.47728732130252,1.71361149893487));
#6359=CARTESIAN_POINT('Ctrl Pts',(-8.0037433597277,-1.54459285904807,1.31137916165904));
#6360=CARTESIAN_POINT('Ctrl Pts',(-8.1271624737908,-1.63026615896454,0.732949785104486));
#6361=CARTESIAN_POINT('Ctrl Pts',(-8.1590833574502,-1.68031187404126,0.338140240053723));
#6362=CARTESIAN_POINT('Ctrl Pts',(-8.15954428488646,-1.71728236395067,-4.16333634234433E-16));
#6363=CARTESIAN_POINT('Ctrl Pts',(-5.00000796955983,0.582321866157545,3.85));
#6364=CARTESIAN_POINT('Ctrl Pts',(-5.02328585598136,0.597163273988649,3.8500264871779));
#6365=CARTESIAN_POINT('Ctrl Pts',(-5.1047465404391,0.627868238827705,3.83376206151778));
#6366=CARTESIAN_POINT('Ctrl Pts',(-5.39594585725592,0.692744508438192,3.73733479801014));
#6367=CARTESIAN_POINT('Ctrl Pts',(-5.79042549649066,0.753245252742979,3.57306098734192));
#6368=CARTESIAN_POINT('Ctrl Pts',(-6.16001475019802,0.806603862752803,3.3828591732365));
#6369=CARTESIAN_POINT('Ctrl Pts',(-6.4102435819007,0.8424988503441,3.24339749337434));
#6370=CARTESIAN_POINT('Ctrl Pts',(-6.72212979709917,0.887826748085171,3.04615991829698));
#6371=CARTESIAN_POINT('Ctrl Pts',(-7.06905948722665,0.942488419519526,2.77546736975705));
#6372=CARTESIAN_POINT('Ctrl Pts',(-7.37432871937358,0.996951983410307,2.47249149077259));
#6373=CARTESIAN_POINT('Ctrl Pts',(-7.6282514374331,1.05075111653312,2.13869483402297));
#6374=CARTESIAN_POINT('Ctrl Pts',(-7.86419595189151,1.11219747991477,1.7136115158062));
#6375=CARTESIAN_POINT('Ctrl Pts',(-8.00140456895702,1.16286955944907,1.31137917523641));
#6376=CARTESIAN_POINT('Ctrl Pts',(-8.12454450293773,1.22736994930228,0.73294979322632));
#6377=CARTESIAN_POINT('Ctrl Pts',(-8.15629070614611,1.2650477649284,0.338140243943543));
#6378=CARTESIAN_POINT('Ctrl Pts',(-8.15661200268408,1.29288154903868,-4.16333634234434E-16));
#6379=CARTESIAN_POINT('Ctrl Pts',(-5.00000896142856,1.16464627111211,3.85));
#6380=CARTESIAN_POINT('Ctrl Pts',(-5.02365322792494,1.19109073576723,3.85002570634059));
#6381=CARTESIAN_POINT('Ctrl Pts',(-5.10552701745597,1.24756074245155,3.83375954607275));
#6382=CARTESIAN_POINT('Ctrl Pts',(-5.39633033738974,1.37282898789449,3.73732958013377));
#6383=CARTESIAN_POINT('Ctrl Pts',(-5.78912611251793,1.49581202012324,3.57305269395846));
#6384=CARTESIAN_POINT('Ctrl Pts',(-6.15709950267996,1.60637594468329,3.38284966310227));
#6385=CARTESIAN_POINT('Ctrl Pts',(-6.40625661917082,1.68116707010377,3.24338680917181));
#6386=CARTESIAN_POINT('Ctrl Pts',(-6.71690430573977,1.77613790990257,3.04614759566126));
#6387=CARTESIAN_POINT('Ctrl Pts',(-7.06280165303641,1.89072505899619,2.77545443833875));
#6388=CARTESIAN_POINT('Ctrl Pts',(-7.36761657638711,2.00436567868551,2.47247815172102));
#6389=CARTESIAN_POINT('Ctrl Pts',(-7.62172027241595,2.11554724703847,2.1386820074031));
#6390=CARTESIAN_POINT('Ctrl Pts',(-7.85852686200535,2.24078952117772,1.71360013656571));
#6391=CARTESIAN_POINT('Ctrl Pts',(-7.99707356362233,2.34163631426286,1.31136970697355));
#6392=CARTESIAN_POINT('Ctrl Pts',(-8.12233586062244,2.46656012163309,0.732943965029209));
#6393=CARTESIAN_POINT('Ctrl Pts',(-8.15560556294116,2.53649500507819,0.338137474250379));
#6394=CARTESIAN_POINT('Ctrl Pts',(-8.15710782243668,2.5854636915715,-4.16333634234434E-16));
#6395=CARTESIAN_POINT('Ctrl Pts',(-5.00001504883585,2.84320430855757,3.85));
#6396=CARTESIAN_POINT('Ctrl Pts',(-5.02533320825248,2.89538797407755,3.8500216086824));
#6397=CARTESIAN_POINT('Ctrl Pts',(-5.10913411725258,3.01193577787468,3.83374638061659));
#6398=CARTESIAN_POINT('Ctrl Pts',(-5.39826441879822,3.2873721697625,3.73730219988178));
#6399=CARTESIAN_POINT('Ctrl Pts',(-5.78356977992862,3.57444089967758,3.57300932809203));
#6400=CARTESIAN_POINT('Ctrl Pts',(-6.14455976096083,3.83743144708274,3.38279986025683));
#6401=CARTESIAN_POINT('Ctrl Pts',(-6.38916194104179,4.01622170559771,3.24333089333166));
#6402=CARTESIAN_POINT('Ctrl Pts',(-6.69474107113972,4.24423027922535,3.04608321070438));
#6403=CARTESIAN_POINT('Ctrl Pts',(-7.0369490292076,4.51875919983038,2.77538684670196));
#6404=CARTESIAN_POINT('Ctrl Pts',(-7.34101486061399,4.78898749435202,2.47240845477697));
#6405=CARTESIAN_POINT('Ctrl Pts',(-7.59751702960179,5.05003677543177,2.13861496262064));
#6406=CARTESIAN_POINT('Ctrl Pts',(-7.8402361333491,5.33918920553392,1.71354061202218));
#6407=CARTESIAN_POINT('Ctrl Pts',(-7.98659314686199,5.5654985615398,1.31132016590673));
#6408=CARTESIAN_POINT('Ctrl Pts',(-8.12348512255246,5.83708800383736,0.732913440247365));
#6409=CARTESIAN_POINT('Ctrl Pts',(-8.16460656418089,5.98132329325857,0.338122942931976));
#6410=CARTESIAN_POINT('Ctrl Pts',(-8.17180697561196,6.07539054780558,-4.16333634234434E-16));
#6411=CARTESIAN_POINT('Ctrl Pts',(-5.00003791063691,3.93943228803063,3.85));
#6412=CARTESIAN_POINT('Ctrl Pts',(-5.02720879597909,3.99895086135549,3.85001666196714));
#6413=CARTESIAN_POINT('Ctrl Pts',(-5.11292052419626,4.13694277278811,3.83373051086382));
#6414=CARTESIAN_POINT('Ctrl Pts',(-5.39897003439687,4.47918092239318,3.73726914763452));
#6415=CARTESIAN_POINT('Ctrl Pts',(-5.77402492344519,4.85078106652331,3.57295708188943));
#6416=CARTESIAN_POINT('Ctrl Pts',(-6.12540960839188,5.1949237098169,3.38273980835446));
#6417=CARTESIAN_POINT('Ctrl Pts',(-6.36368960889376,5.42948440678688,3.24326349437294));
#6418=CARTESIAN_POINT('Ctrl Pts',(-6.6620466370509,5.72911659560177,3.04600567490362));
#6419=CARTESIAN_POINT('Ctrl Pts',(-6.99838114722453,6.08875021348883,2.77530543172605));
#6420=CARTESIAN_POINT('Ctrl Pts',(-7.30005994064123,6.44042134110283,2.4723245211286));
#6421=CARTESIAN_POINT('Ctrl Pts',(-7.55795344572006,6.77677055192042,2.13853420571394));
#6422=CARTESIAN_POINT('Ctrl Pts',(-7.8061026265917,7.14469618356323,1.71346888275079));
#6423=CARTESIAN_POINT('Ctrl Pts',(-7.96053531464307,7.42675405726264,1.31126045841944));
#6424=CARTESIAN_POINT('Ctrl Pts',(-8.10993959944349,7.75770179467074,0.732876631273953));
#6425=CARTESIAN_POINT('Ctrl Pts',(-8.15980789156918,7.92662978092766,0.338105402946152));
#6426=CARTESIAN_POINT('Ctrl Pts',(-8.17354998074746,8.03069679766973,-4.16333634234434E-16));
#6427=CARTESIAN_POINT('Ctrl Pts',(-5.00008728686259,5.9315343420604,3.85));
#6428=CARTESIAN_POINT('Ctrl Pts',(-5.029798358616,5.99401068537032,3.8500052560701));
#6429=CARTESIAN_POINT('Ctrl Pts',(-5.11430038459196,6.14405560973903,3.83369410838135));
#6430=CARTESIAN_POINT('Ctrl Pts',(-5.37471384397351,6.53294263323848,3.7371929399544));
#6431=CARTESIAN_POINT('Ctrl Pts',(-5.70200304025732,6.96991338218119,3.57283744513835));
#6432=CARTESIAN_POINT('Ctrl Pts',(-6.00675690403902,7.375363540824,3.38260188281008));
#6433=CARTESIAN_POINT('Ctrl Pts',(-6.21326173857024,7.65141330751865,3.24310888455381));
#6434=CARTESIAN_POINT('Ctrl Pts',(-6.4720795573049,8.00258231507201,3.04582838617861));
#6435=CARTESIAN_POINT('Ctrl Pts',(-6.76595241872222,8.4187921562955,2.7751191256896));
#6436=CARTESIAN_POINT('Ctrl Pts',(-7.03270232103736,8.81934937044945,2.47213258582935));
#6437=CARTESIAN_POINT('Ctrl Pts',(-7.26488288810629,9.19519579837895,2.13834939096659));
#6438=CARTESIAN_POINT('Ctrl Pts',(-7.49371811452984,9.59837808164114,1.71330447465125));
#6439=CARTESIAN_POINT('Ctrl Pts',(-7.64297610290367,9.89920447460966,1.31112353161524));
#6440=CARTESIAN_POINT('Ctrl Pts',(-7.79559418238286,10.2450204294328,0.732792051404157));
#6441=CARTESIAN_POINT('Ctrl Pts',(-7.85503645217492,10.4156826587475,0.338064959907001));
#6442=CARTESIAN_POINT('Ctrl Pts',(-7.88039550705979,10.5172346711412,-4.16333634234434E-16));
#6443=CARTESIAN_POINT('Ctrl Pts',(-5.00013832627252,6.82738663645092,3.85));
#6444=CARTESIAN_POINT('Ctrl Pts',(-5.03068793906499,6.88738133950045,3.84999923853262));
#6445=CARTESIAN_POINT('Ctrl Pts',(-5.11287411113498,7.03278203998948,3.83367495792517));
#6446=CARTESIAN_POINT('Ctrl Pts',(-5.35419238437406,7.41424811810853,3.73715273496247));
#6447=CARTESIAN_POINT('Ctrl Pts',(-5.64892279160809,7.84672661757254,3.57277456745335));
#6448=CARTESIAN_POINT('Ctrl Pts',(-5.92165446753454,8.24655871380623,3.38252927207126));
#6449=CARTESIAN_POINT('Ctrl Pts',(-6.10617985501907,8.51819171515888,3.24302754571868));
#6450=CARTESIAN_POINT('Ctrl Pts',(-6.33718395178084,8.86220581996517,3.04573528344013));
#6451=CARTESIAN_POINT('Ctrl Pts',(-6.59987776137667,9.26601513842187,2.77502124447145));
#6452=CARTESIAN_POINT('Ctrl Pts',(-6.83927566239829,9.65033278630754,2.47203178632631));
#6453=CARTESIAN_POINT('Ctrl Pts',(-7.04912646365497,10.0064425637966,2.13825228897752));
#6454=CARTESIAN_POINT('Ctrl Pts',(-7.2581466230917,10.3839875312742,1.71321802040363));
#6455=CARTESIAN_POINT('Ctrl Pts',(-7.39746993595441,10.6616149962464,1.31105150705851));
#6456=CARTESIAN_POINT('Ctrl Pts',(-7.5440801865913,10.9786427427302,0.732747513370513));
#6457=CARTESIAN_POINT('Ctrl Pts',(-7.60537236834329,11.133799260364,0.338043622863408));
#6458=CARTESIAN_POINT('Ctrl Pts',(-7.63585620869038,11.2266172550665,-4.16333634234434E-16));
#6459=CARTESIAN_POINT('Ctrl Pts',(-5.00030753088845,8.23211389648232,3.85));
#6460=CARTESIAN_POINT('Ctrl Pts',(-5.03065621033654,8.28546474546072,3.84998921535746));
#6461=CARTESIAN_POINT('Ctrl Pts',(-5.10532992867757,8.41478430096424,3.83364323188655));
#6462=CARTESIAN_POINT('Ctrl Pts',(-5.30596621414095,8.755678691893,3.73708576898002));
#6463=CARTESIAN_POINT('Ctrl Pts',(-5.53711667065443,9.14343392115124,3.57267058884939));
#6464=CARTESIAN_POINT('Ctrl Pts',(-5.74739284886956,9.49695218117369,3.38240881634675));
#6465=CARTESIAN_POINT('Ctrl Pts',(-5.88896543072793,9.73551514480011,3.24289278474538));
#6466=CARTESIAN_POINT('Ctrl Pts',(-6.06525503897351,10.0339477426676,3.045581559029));
#6467=CARTESIAN_POINT('Ctrl Pts',(-6.26526176764981,10.3758358719486,2.77485949393671));
#6468=CARTESIAN_POINT('Ctrl Pts',(-6.44788710207196,10.6923873353295,2.47186533671101));
#6469=CARTESIAN_POINT('Ctrl Pts',(-6.60915323614873,10.9768245449508,2.13809181213645));
#6470=CARTESIAN_POINT('Ctrl Pts',(-6.77211861648404,11.2700906972144,1.71307490707697));
#6471=CARTESIAN_POINT('Ctrl Pts',(-6.88451542550274,11.4789622229883,1.31093221252101));
#6472=CARTESIAN_POINT('Ctrl Pts',(-7.00896310478129,11.7161219924216,0.7326735922484));
#6473=CARTESIAN_POINT('Ctrl Pts',(-7.06739256923769,11.8325909237589,0.338008081343816));
#6474=CARTESIAN_POINT('Ctrl Pts',(-7.1032148376089,11.9066981767077,-4.16333634234433E-16));
#6475=CARTESIAN_POINT('Ctrl Pts',(-5.00018322020817,8.74099003003096,3.85));
#6476=CARTESIAN_POINT('Ctrl Pts',(-5.03014718323495,8.79136763148843,3.84998546345005));
#6477=CARTESIAN_POINT('Ctrl Pts',(-5.10116536802789,8.91338889234786,3.83363138943689));
#6478=CARTESIAN_POINT('Ctrl Pts',(-5.28425878503502,9.23550443342023,3.73706070242245));
#6479=CARTESIAN_POINT('Ctrl Pts',(-5.48876900412986,9.60221030410128,3.57263181336238));
#6480=CARTESIAN_POINT('Ctrl Pts',(-5.6729292156707,9.9343026003874,3.38236382172387));
#6481=CARTESIAN_POINT('Ctrl Pts',(-5.79650551607044,10.157674328675,3.24284248043353));
#6482=CARTESIAN_POINT('Ctrl Pts',(-5.94974719904044,10.4354131424124,3.04552427854564));
#6483=CARTESIAN_POINT('Ctrl Pts',(-6.12303608150788,10.7497466219235,2.77479919614845));
#6484=CARTESIAN_POINT('Ctrl Pts',(-6.28106743248088,11.036661714359,2.47180331129037));
#6485=CARTESIAN_POINT('Ctrl Pts',(-6.42081367293118,11.2902231412092,2.13803198642597));
#6486=CARTESIAN_POINT('Ctrl Pts',(-6.56282501546546,11.5475947615761,1.71302150886691));
#6487=CARTESIAN_POINT('Ctrl Pts',(-6.662243839791,11.7275054640444,1.3108876883586));
#6488=CARTESIAN_POINT('Ctrl Pts',(-6.77521838164573,11.9312005481496,0.732645973021682));
#6489=CARTESIAN_POINT('Ctrl Pts',(-6.83107722298151,12.0315388554876,0.337994777085573));
#6490=CARTESIAN_POINT('Ctrl Pts',(-6.86827831754465,12.0978358084471,-4.16333634234433E-16));
#6491=CARTESIAN_POINT('Ctrl Pts',(-5.00062698291531,9.38072337038746,3.84999999999999));
#6492=CARTESIAN_POINT('Ctrl Pts',(-5.0295623571184,9.42712469251331,3.84998071282458));
#6493=CARTESIAN_POINT('Ctrl Pts',(-5.09405004313602,9.53910409419253,3.8336164528352));
#6494=CARTESIAN_POINT('Ctrl Pts',(-5.24811316307241,9.83441785364601,3.73702896402148));
#6495=CARTESIAN_POINT('Ctrl Pts',(-5.40990529643002,10.1703756981225,3.57258297117728));
#6496=CARTESIAN_POINT('Ctrl Pts',(-5.55166154281012,10.4712404615852,3.38230701526245));
#6497=CARTESIAN_POINT('Ctrl Pts',(-5.64589103592066,10.6725421696077,3.24277902957721));
#6498=CARTESIAN_POINT('Ctrl Pts',(-5.7612514550378,10.9204213104352,3.04545220790204));
#6499=CARTESIAN_POINT('Ctrl Pts',(-5.88972583964783,11.1954832222094,2.77472328241463));
#6500=CARTESIAN_POINT('Ctrl Pts',(-6.00547781314203,11.4406687534781,2.47172526472041));
#6501=CARTESIAN_POINT('Ctrl Pts',(-6.1070831606005,11.6512591438489,2.13795666220534));
#6502=CARTESIAN_POINT('Ctrl Pts',(-6.21061032201397,11.8591513412873,1.71295419732016));
#6503=CARTESIAN_POINT('Ctrl Pts',(-6.28482363259725,11.9996439493685,1.31083153997837));
#6504=CARTESIAN_POINT('Ctrl Pts',(-6.373828342579,12.158140189637,0.732611091012236));
#6505=CARTESIAN_POINT('Ctrl Pts',(-6.42277417521376,12.2370854755348,0.337977930885843));
#6506=CARTESIAN_POINT('Ctrl Pts',(-6.46063740293617,12.2932805393588,-4.16333634234433E-16));
#6507=CARTESIAN_POINT('Ctrl Pts',(-4.89108539229673,9.64101268534085,3.84999999999999));
#6508=CARTESIAN_POINT('Ctrl Pts',(-4.91954251685763,9.68576185445942,3.84997876534816));
#6509=CARTESIAN_POINT('Ctrl Pts',(-4.98230417578494,9.793549988191,3.83361033578967));
#6510=CARTESIAN_POINT('Ctrl Pts',(-5.12981134987711,10.0776476907931,3.73701595321154));
#6511=CARTESIAN_POINT('Ctrl Pts',(-5.28276630601165,10.4006822595985,3.5725629754029));
#6512=CARTESIAN_POINT('Ctrl Pts',(-5.41608139842922,10.6884610974845,3.38228374523252));
#6513=CARTESIAN_POINT('Ctrl Pts',(-5.50460877927395,10.8805199710716,3.24275304395962));
#6514=CARTESIAN_POINT('Ctrl Pts',(-5.61292530921784,11.1159048254536,3.0454227109789));
#6515=CARTESIAN_POINT('Ctrl Pts',(-5.73362053302165,11.3745733106289,2.77469220768798));
#6516=CARTESIAN_POINT('Ctrl Pts',(-5.84261775393565,11.6023761094366,2.47169332137064));
#6517=CARTESIAN_POINT('Ctrl Pts',(-5.93871695428444,11.795101274753,2.13792582828457));
#6518=CARTESIAN_POINT('Ctrl Pts',(-6.03722434281343,11.9824590241486,1.71292663498021));
#6519=CARTESIAN_POINT('Ctrl Pts',(-6.10874775808704,12.1066126171088,1.31080854624326));
#6520=CARTESIAN_POINT('Ctrl Pts',(-6.19537742896777,12.2464083159427,0.73259680076298));
#6521=CARTESIAN_POINT('Ctrl Pts',(-6.24399368516511,12.3165025022071,0.337971024885874));
#6522=CARTESIAN_POINT('Ctrl Pts',(-6.28201508796645,12.3685341711191,-4.16333634234433E-16));
#6523=CARTESIAN_POINT('Ctrl Pts',(-4.63080098846358,9.75054357915061,3.84999999999999));
#6524=CARTESIAN_POINT('Ctrl Pts',(-4.65865688142741,9.79361610425788,3.84997681720006));
#6525=CARTESIAN_POINT('Ctrl Pts',(-4.72069907136632,9.89862741908153,3.83360422982592));
#6526=CARTESIAN_POINT('Ctrl Pts',(-4.8684243603043,10.1792882236531,3.73700293805122));
#6527=CARTESIAN_POINT('Ctrl Pts',(-5.02317269625087,10.5016869229875,3.57254303052872));
#6528=CARTESIAN_POINT('Ctrl Pts',(-5.15957415407267,10.7892323983552,3.38226050464098));
#6529=CARTESIAN_POINT('Ctrl Pts',(-5.25054564084477,10.9811448143274,3.24272710468133));
#6530=CARTESIAN_POINT('Ctrl Pts',(-5.36262870514885,11.2162118813618,3.04539330755949));
#6531=CARTESIAN_POINT('Ctrl Pts',(-5.48908155796266,11.4737581905233,2.7746612207933));
#6532=CARTESIAN_POINT('Ctrl Pts',(-5.60482272476571,11.6994894326611,2.47166147794855));
#6533=CARTESIAN_POINT('Ctrl Pts',(-5.70830102240304,11.8890743020675,2.13789508041235));
#6534=CARTESIAN_POINT('Ctrl Pts',(-5.81552765465607,12.0716406044726,1.71289913130405));
#6535=CARTESIAN_POINT('Ctrl Pts',(-5.89383434766387,12.1906433864057,1.31078559618396));
#6536=CARTESIAN_POINT('Ctrl Pts',(-5.9875830144643,12.3228586790391,0.732582525796151));
#6537=CARTESIAN_POINT('Ctrl Pts',(-6.03860287295343,12.3878119208399,0.337964116390722));
#6538=CARTESIAN_POINT('Ctrl Pts',(-6.07653669263091,12.4356756690888,-4.16333634234433E-16));
#6539=CARTESIAN_POINT('Ctrl Pts',(-4.43097175343647,9.75041377339529,3.84999999999999));
#6540=CARTESIAN_POINT('Ctrl Pts',(-4.45831861104383,9.79220690601894,3.84997533230241));
#6541=CARTESIAN_POINT('Ctrl Pts',(-4.51966420378048,9.89586160967607,3.83359958125144));
#6542=CARTESIAN_POINT('Ctrl Pts',(-4.66689909093334,10.1784119395487,3.73699301782414));
#6543=CARTESIAN_POINT('Ctrl Pts',(-4.82227123596604,10.5071249447472,3.57252785223225));
#6544=CARTESIAN_POINT('Ctrl Pts',(-4.96011628334674,10.8019045338875,3.38224280591366));
#6545=CARTESIAN_POINT('Ctrl Pts',(-5.05231569929237,10.998939803403,3.24270735635926));
#6546=CARTESIAN_POINT('Ctrl Pts',(-5.16645594037133,11.2407019893566,3.04537093882519));
#6547=CARTESIAN_POINT('Ctrl Pts',(-5.29625730985703,11.5061140550192,2.77463764299927));
#6548=CARTESIAN_POINT('Ctrl Pts',(-5.41608557242512,11.7390012075426,2.47163725242281));
#6549=CARTESIAN_POINT('Ctrl Pts',(-5.52416400302467,11.9345757471969,2.13787168403186));
#6550=CARTESIAN_POINT('Ctrl Pts',(-5.63689181872809,12.122497609538,1.71287819589904));
#6551=CARTESIAN_POINT('Ctrl Pts',(-5.7195919401011,12.2438333534534,1.3107681247461));
#6552=CARTESIAN_POINT('Ctrl Pts',(-5.81784712221567,12.376679570614,0.732571653626232));
#6553=CARTESIAN_POINT('Ctrl Pts',(-5.87044310381959,12.4396374286157,0.337958850619994));
#6554=CARTESIAN_POINT('Ctrl Pts',(-5.90820855178065,12.4843389119408,-4.16333634234433E-16));
#6555=CARTESIAN_POINT('Ctrl Pts',(-4.36202820996089,9.75044655467186,3.84999999999999));
#6556=CARTESIAN_POINT('Ctrl Pts',(-4.38919035963548,9.7917984055675,3.84997482044252));
#6557=CARTESIAN_POINT('Ctrl Pts',(-4.45025553945871,9.89501265455095,3.83359797983064));
#6558=CARTESIAN_POINT('Ctrl Pts',(-4.59719994909521,10.1781510022072,3.73698959822741));
#6559=CARTESIAN_POINT('Ctrl Pts',(-4.75259956970118,10.5090905704361,3.57252262445894));
#6560=CARTESIAN_POINT('Ctrl Pts',(-4.89077560757042,10.8062569722895,3.38223670779234));
#6561=CARTESIAN_POINT('Ctrl Pts',(-4.98328041134951,11.0049876306415,3.24270055306217));
#6562=CARTESIAN_POINT('Ctrl Pts',(-5.09796752861915,11.248998210861,3.04536323588171));
#6563=CARTESIAN_POINT('Ctrl Pts',(-5.22872099236322,11.517035690224,2.77462952289452));
#6564=CARTESIAN_POINT('Ctrl Pts',(-5.34975306244176,11.7523079905274,2.47162890997008));
#6565=CARTESIAN_POINT('Ctrl Pts',(-5.45921583069374,11.949878375877,2.13786362632185));
#6566=CARTESIAN_POINT('Ctrl Pts',(-5.57362377885395,12.1395513206378,1.71287098436931));
#6567=CARTESIAN_POINT('Ctrl Pts',(-5.65766702855468,12.2617003693028,1.31076210603701));
#6568=CARTESIAN_POINT('Ctrl Pts',(-5.75730951397655,12.3946819128348,0.73256790739393));
#6569=CARTESIAN_POINT('Ctrl Pts',(-5.81036436136856,12.4570423851097,0.337957035444575));
#6570=CARTESIAN_POINT('Ctrl Pts',(-5.84805328028852,12.5006564525881,-4.16333634234433E-16));
#6571=CARTESIAN_POINT('Ctrl Pts',(-3.06672970263569,9.75025779269691,3.85));
#6572=CARTESIAN_POINT('Ctrl Pts',(-3.09024468598192,9.78333753061131,3.84996521497527));
#6573=CARTESIAN_POINT('Ctrl Pts',(-3.14540463134573,9.87792575483691,3.83356794729397));
#6574=CARTESIAN_POINT('Ctrl Pts',(-3.28435404476134,10.1718680826176,3.73692542691266));
#6575=CARTESIAN_POINT('Ctrl Pts',(-3.43700806268052,10.5429409582832,3.57242460615498));
#6576=CARTESIAN_POINT('Ctrl Pts',(-3.57783423627545,10.8845725480458,3.38212232675287));
#6577=CARTESIAN_POINT('Ctrl Pts',(-3.67357048048214,11.1148613899302,3.24257296509426));
#6578=CARTESIAN_POINT('Ctrl Pts',(-3.79523867793602,11.4004627788001,3.0452188365599));
#6579=CARTESIAN_POINT('Ctrl Pts',(-3.93970393923683,11.7171939598974,2.77447728764862));
#6580=CARTESIAN_POINT('Ctrl Pts',(-4.07912149645164,11.9966970000308,2.47147252043686));
#6581=CARTESIAN_POINT('Ctrl Pts',(-4.21046633755997,12.2312192750191,2.13771255921286));
#6582=CARTESIAN_POINT('Ctrl Pts',(-4.3518963684476,12.4534856820712,1.7127357545294));
#6583=CARTESIAN_POINT('Ctrl Pts',(-4.4579280303046,12.5901467443717,1.31064923605435));
#6584=CARTESIAN_POINT('Ctrl Pts',(-4.58006610767712,12.7257733897638,0.732497636053981));
#6585=CARTESIAN_POINT('Ctrl Pts',(-4.64050554228766,12.7760387793652,0.337922972029588));
#6586=CARTESIAN_POINT('Ctrl Pts',(-4.67639612639035,12.7993248103466,-4.16333634234433E-16));
#6587=CARTESIAN_POINT('Ctrl Pts',(-1.84035213077044,9.7500801754026,3.85));
#6588=CARTESIAN_POINT('Ctrl Pts',(-1.85743824026469,9.77565028585374,3.84995632067018));
#6589=CARTESIAN_POINT('Ctrl Pts',(-1.89580083017771,9.86015147915675,3.83354046588752));
#6590=CARTESIAN_POINT('Ctrl Pts',(-1.98701630929979,10.1514192061089,3.73686601003165));
#6591=CARTESIAN_POINT('Ctrl Pts',(-2.08251012933896,10.5393611082395,3.57233528015082));
#6592=CARTESIAN_POINT('Ctrl Pts',(-2.17008786400721,10.901445501986,3.38201734446958));
#6593=CARTESIAN_POINT('Ctrl Pts',(-2.2296349417555,11.1464833770427,3.242456196653));
#6594=CARTESIAN_POINT('Ctrl Pts',(-2.30557461991981,11.4516837895725,3.04508770279705));
#6595=CARTESIAN_POINT('Ctrl Pts',(-2.39695885894514,11.790779621617,2.77433877073541));
#6596=CARTESIAN_POINT('Ctrl Pts',(-2.48674580435374,12.0894951450669,2.47133046461832));
#6597=CARTESIAN_POINT('Ctrl Pts',(-2.57320126706245,12.338383894247,2.13757507755881));
#6598=CARTESIAN_POINT('Ctrl Pts',(-2.66843805929144,12.5706666939917,1.71261222947996));
#6599=CARTESIAN_POINT('Ctrl Pts',(-2.74217397916802,12.7075670895562,1.31054600407019));
#6600=CARTESIAN_POINT('Ctrl Pts',(-2.82934690551771,12.8334737744997,0.732433069199856));
#6601=CARTESIAN_POINT('Ctrl Pts',(-2.87439173222915,12.8695466005371,0.337891427682159));
#6602=CARTESIAN_POINT('Ctrl Pts',(-2.90250924513692,12.8753284260009,-4.16333634234434E-16));
#6603=CARTESIAN_POINT('Ctrl Pts',(-0.408598671630571,9.75006703897988,3.85));
#6604=CARTESIAN_POINT('Ctrl Pts',(-0.41271966151365,9.77340508245565,3.84994770821823));
#6605=CARTESIAN_POINT('Ctrl Pts',(-0.42177178605041,9.8549135016498,3.83351457776723));
#6606=CARTESIAN_POINT('Ctrl Pts',(-0.442649460855407,10.1454460881638,3.73680848323049));
#6607=CARTESIAN_POINT('Ctrl Pts',(-0.463914929357845,10.5384785983669,3.57225194955552));
#6608=CARTESIAN_POINT('Ctrl Pts',(-0.483318964819616,10.9067309471084,3.38191773982791));
#6609=CARTESIAN_POINT('Ctrl Pts',(-0.49650408838361,11.1562114460384,3.24234615604382));
#6610=CARTESIAN_POINT('Ctrl Pts',(-0.513332490672066,11.4673038207112,3.04496640123414));
#6611=CARTESIAN_POINT('Ctrl Pts',(-0.533698518722823,11.8131148366345,2.77421003887476));
#6612=CARTESIAN_POINT('Ctrl Pts',(-0.553874138578371,12.1175910138018,2.47119898464398));
#6613=CARTESIAN_POINT('Ctrl Pts',(-0.573505476318351,12.3707800198532,2.13744724559972));
#6614=CARTESIAN_POINT('Ctrl Pts',(-0.595381533398826,12.6060589673123,1.71249635027574));
#6615=CARTESIAN_POINT('Ctrl Pts',(-0.612610821237156,12.7430197870977,1.3104488679313));
#6616=CARTESIAN_POINT('Ctrl Pts',(-0.633308376819423,12.8660287847531,0.732371654062053));
#6617=CARTESIAN_POINT('Ctrl Pts',(-0.644293903574232,12.8978573282458,0.337860876071279));
#6618=CARTESIAN_POINT('Ctrl Pts',(-0.651395158017587,12.8984287308966,-4.16333634234434E-16));
#6619=CARTESIAN_POINT('Ctrl Pts',(-0.203207720274807,9.75006648101738,3.85));
#6620=CARTESIAN_POINT('Ctrl Pts',(-0.205337638432801,9.7732413396036,3.84994651528577));
#6621=CARTESIAN_POINT('Ctrl Pts',(-0.209967041361264,9.85453726350744,3.83351101286515));
#6622=CARTESIAN_POINT('Ctrl Pts',(-0.220485318199763,10.1450533456889,3.73680051525684));
#6623=CARTESIAN_POINT('Ctrl Pts',(-0.231050359447878,10.5385146491016,3.57224049889914));
#6624=CARTESIAN_POINT('Ctrl Pts',(-0.240664369758407,10.9072780769394,3.38190400274531));
#6625=CARTESIAN_POINT('Ctrl Pts',(-0.247194671838234,11.1571255069921,3.2423310017415));
#6626=CARTESIAN_POINT('Ctrl Pts',(-0.255532310554106,11.4687037528079,3.04494976388779));
#6627=CARTESIAN_POINT('Ctrl Pts',(-0.265651418492314,11.8150732060173,2.77419236419596));
#6628=CARTESIAN_POINT('Ctrl Pts',(-0.275718959384833,12.1200363718172,2.47118094897573));
#6629=CARTESIAN_POINT('Ctrl Pts',(-0.285569560437234,12.373601210228,2.13742969259791));
#6630=CARTESIAN_POINT('Ctrl Pts',(-0.29661695885565,12.6091635578531,1.71248040764518));
#6631=CARTESIAN_POINT('Ctrl Pts',(-0.305403024086391,12.7461720125955,1.31043549517853));
#6632=CARTESIAN_POINT('Ctrl Pts',(-0.316062231222633,12.8690124204853,0.732363179324113));
#6633=CARTESIAN_POINT('Ctrl Pts',(-0.321812896916387,12.9005427132192,0.337856644091303));
#6634=CARTESIAN_POINT('Ctrl Pts',(-0.325612378669467,12.9007324593833,-4.16333634234434E-16));
#6635=CARTESIAN_POINT('Ctrl Pts',(1.03374591563792,9.75007905384231,3.85));
#6636=CARTESIAN_POINT('Ctrl Pts',(1.04444542023132,9.77336601006528,3.84993962438429));
#6637=CARTESIAN_POINT('Ctrl Pts',(1.06764703007958,9.85488932645403,3.83349056276575));
#6638=CARTESIAN_POINT('Ctrl Pts',(1.12015365957961,10.1458503869764,3.73675449016128));
#6639=CARTESIAN_POINT('Ctrl Pts',(1.1726706400014,10.5397132380569,3.57217497842966));
#6640=CARTESIAN_POINT('Ctrl Pts',(1.2203132378212,10.9088067973228,3.38182505539749));
#6641=CARTESIAN_POINT('Ctrl Pts',(1.25263939077404,11.1588744996262,3.24224406034847));
#6642=CARTESIAN_POINT('Ctrl Pts',(1.29384834437948,11.4707310142863,3.04485477774348));
#6643=CARTESIAN_POINT('Ctrl Pts',(1.3437547091251,11.8174328670023,2.77409133057315));
#6644=CARTESIAN_POINT('Ctrl Pts',(1.39329178827453,12.1227285741883,2.47107796383209));
#6645=CARTESIAN_POINT('Ctrl Pts',(1.44163432374576,12.3766267354687,2.13732934162578));
#6646=CARTESIAN_POINT('Ctrl Pts',(1.49567565818423,12.6125758592669,1.71238905120462));
#6647=CARTESIAN_POINT('Ctrl Pts',(1.53844015487379,12.7499238680607,1.31035880478852));
#6648=CARTESIAN_POINT('Ctrl Pts',(1.5900070933283,12.8732067517826,0.732314443352998));
#6649=CARTESIAN_POINT('Ctrl Pts',(1.61755186163254,12.9050266310127,0.337832196955899));
#6650=CARTESIAN_POINT('Ctrl Pts',(1.63548298800811,12.9054405724502,-4.16333634234434E-16));
#6651=CARTESIAN_POINT('Ctrl Pts',(2.06530289942387,9.75014860311266,3.85));
#6652=CARTESIAN_POINT('Ctrl Pts',(2.08322776573118,9.77802491028144,3.8499326603648));
#6653=CARTESIAN_POINT('Ctrl Pts',(2.12461222053032,9.86586825167074,3.83347063123774));
#6654=CARTESIAN_POINT('Ctrl Pts',(2.22662543127493,10.159361918753,3.73670591286333));
#6655=CARTESIAN_POINT('Ctrl Pts',(2.33675030503839,10.5443103433818,3.57210899677407));
#6656=CARTESIAN_POINT('Ctrl Pts',(2.43851287005045,10.9023029041331,3.38174184628091));
#6657=CARTESIAN_POINT('Ctrl Pts',(2.50782171775021,11.144320739925,3.24215096292314));
#6658=CARTESIAN_POINT('Ctrl Pts',(2.59627107026198,11.4454276585202,3.04475646214693));
#6659=CARTESIAN_POINT('Ctrl Pts',(2.702418682102,11.7798783348184,2.7739835638089));
#6660=CARTESIAN_POINT('Ctrl Pts',(2.80608631863763,12.0747249697028,2.4709705440334));
#6661=CARTESIAN_POINT('Ctrl Pts',(2.90511719967269,12.3209572970817,2.13722193316579));
#6662=CARTESIAN_POINT('Ctrl Pts',(3.01306852981774,12.5518533910519,1.71229472765734));
#6663=CARTESIAN_POINT('Ctrl Pts',(3.09531324157023,12.6896793100239,1.31027991076996));
#6664=CARTESIAN_POINT('Ctrl Pts',(3.19080653723073,12.8194326897357,0.732265207515924));
#6665=CARTESIAN_POINT('Ctrl Pts',(3.23860955944108,12.8599853199022,0.337807484467895));
#6666=CARTESIAN_POINT('Ctrl Pts',(3.26702971565604,12.8709732154334,-4.16333634234433E-16));
#6667=CARTESIAN_POINT('Ctrl Pts',(3.56452139023531,9.75033241865716,3.84999999999999));
#6668=CARTESIAN_POINT('Ctrl Pts',(3.58933558126399,9.78689505868314,3.84992190181193));
#6669=CARTESIAN_POINT('Ctrl Pts',(3.64613935757921,9.88512462480573,3.83344038597415));
#6670=CARTESIAN_POINT('Ctrl Pts',(3.78546954117714,10.1745528475094,3.73662933368621));
#6671=CARTESIAN_POINT('Ctrl Pts',(3.9352302877241,10.5288192873247,3.57200723729373));
#6672=CARTESIAN_POINT('Ctrl Pts',(4.07095813898734,10.8517224378332,3.38161075482118));
#6673=CARTESIAN_POINT('Ctrl Pts',(4.16258016470841,11.0686989713327,3.24200325099642));
#6674=CARTESIAN_POINT('Ctrl Pts',(4.27768198079626,11.3367141744902,3.04460285226491));
#6675=CARTESIAN_POINT('Ctrl Pts',(4.41210455620136,11.6327404210624,2.77381287204606));
#6676=CARTESIAN_POINT('Ctrl Pts',(4.53953427261701,11.8933099307715,2.47080211137371));
#6677=CARTESIAN_POINT('Ctrl Pts',(4.65776904455558,12.1118698776731,2.13705154867665));
#6678=CARTESIAN_POINT('Ctrl Pts',(4.78353942182263,12.319873094343,1.71214752574939));
#6679=CARTESIAN_POINT('Ctrl Pts',(4.87731206209404,12.4499567188995,1.31015699712706));
#6680=CARTESIAN_POINT('Ctrl Pts',(4.98666967306417,12.5839123581787,0.732189157379404));
#6681=CARTESIAN_POINT('Ctrl Pts',(5.04263298710911,12.6390385430061,0.337769302479334));
#6682=CARTESIAN_POINT('Ctrl Pts',(5.0787176356955,12.6708070908942,-4.16333634234433E-16));
#6683=CARTESIAN_POINT('Ctrl Pts',(4.03219542309495,9.75021022040305,3.84999999999999));
#6684=CARTESIAN_POINT('Ctrl Pts',(4.05864789868851,9.78976771811553,3.84991845557247));
#6685=CARTESIAN_POINT('Ctrl Pts',(4.11864894402215,9.89133487952721,3.8334307703572));
#6686=CARTESIAN_POINT('Ctrl Pts',(4.26443144103311,10.1781457772147,3.7366045994136));
#6687=CARTESIAN_POINT('Ctrl Pts',(4.41985674280494,10.5198399886638,3.5719746642904));
#6688=CARTESIAN_POINT('Ctrl Pts',(4.55938420007254,10.8287045955067,3.38156842443379));
#6689=CARTESIAN_POINT('Ctrl Pts',(4.65318460288127,11.0356888016221,3.24195541778915));
#6690=CARTESIAN_POINT('Ctrl Pts',(4.77020881559167,11.2904964817827,3.04455341765435));
#6691=CARTESIAN_POINT('Ctrl Pts',(4.90532698472462,11.5711116545072,2.77375763556306));
#6692=CARTESIAN_POINT('Ctrl Pts',(5.03184000623082,11.8177790233617,2.47074782780504));
#6693=CARTESIAN_POINT('Ctrl Pts',(5.14782161925768,12.0248757907368,2.1369963778547));
#6694=CARTESIAN_POINT('Ctrl Pts',(5.27001391502978,12.2230284600696,1.71210017580974));
#6695=CARTESIAN_POINT('Ctrl Pts',(5.36048577054062,12.3490947218726,1.31011748741971));
#6696=CARTESIAN_POINT('Ctrl Pts',(5.46669595712973,12.4832796291458,0.732164798329426));
#6697=CARTESIAN_POINT('Ctrl Pts',(5.52205393523961,12.5430286016292,0.337757071248819));
#6698=CARTESIAN_POINT('Ctrl Pts',(5.55945745337627,12.582045181326,-4.16333634234433E-16));
#6699=CARTESIAN_POINT('Ctrl Pts',(4.63071754746717,9.75062456795024,3.84999999999999));
#6700=CARTESIAN_POINT('Ctrl Pts',(4.65873096726767,9.79400935578566,3.84991402231613));
#6701=CARTESIAN_POINT('Ctrl Pts',(4.72094288742733,9.89947138373834,3.83341847055063));
#6702=CARTESIAN_POINT('Ctrl Pts',(4.86844476867079,10.1806189964915,3.73657258543852));
#6703=CARTESIAN_POINT('Ctrl Pts',(5.02241342679222,10.5027926704685,3.57193278448935));
#6704=CARTESIAN_POINT('Ctrl Pts',(5.1579036529612,10.7900243726887,3.38151364579452));
#6705=CARTESIAN_POINT('Ctrl Pts',(5.24823320789805,10.9816714063518,3.24189338871456));
#6706=CARTESIAN_POINT('Ctrl Pts',(5.35938251835617,11.2162977038542,3.04448960470674));
#6707=CARTESIAN_POINT('Ctrl Pts',(5.48486576095622,11.4732535583715,2.77368604237429));
#6708=CARTESIAN_POINT('Ctrl Pts',(5.59951026697105,11.6983815289801,2.47067768040931));
#6709=CARTESIAN_POINT('Ctrl Pts',(5.70212668523505,11.8874089804014,2.13692483770899));
#6710=CARTESIAN_POINT('Ctrl Pts',(5.80823503616736,12.0694825622947,1.71203907534435));
#6711=CARTESIAN_POINT('Ctrl Pts',(5.8859502814443,12.188227036259,1.31006653029221));
#6712=CARTESIAN_POINT('Ctrl Pts',(5.97901244610423,12.3205719216574,0.732133464476416));
#6713=CARTESIAN_POINT('Ctrl Pts',(6.02993235281186,12.3858304551561,0.337741336427969));
#6714=CARTESIAN_POINT('Ctrl Pts',(6.06794016261179,12.4343088038621,-4.16333634234433E-16));
#6715=CARTESIAN_POINT('Ctrl Pts',(4.89100893077704,9.64108191080556,3.84999999999999));
#6716=CARTESIAN_POINT('Ctrl Pts',(4.91963945972259,9.68613993108294,3.84991208059422));
#6717=CARTESIAN_POINT('Ctrl Pts',(4.98260871619124,9.7944034472244,3.8334130918553));
#6718=CARTESIAN_POINT('Ctrl Pts',(5.13013945789097,10.0788533491012,3.73655853980119));
#6719=CARTESIAN_POINT('Ctrl Pts',(5.28255067821281,10.4016660568892,3.57191444426468));
#6720=CARTESIAN_POINT('Ctrl Pts',(5.41531129763302,10.688914645713,3.38148961375616));
#6721=CARTESIAN_POINT('Ctrl Pts',(5.50344618619973,10.8805615959572,3.24186616015936));
#6722=CARTESIAN_POINT('Ctrl Pts',(5.61113068594753,11.1153564288672,3.04446162847096));
#6723=CARTESIAN_POINT('Ctrl Pts',(5.73126553713122,11.3732281062743,2.77365461989873));
#6724=CARTESIAN_POINT('Ctrl Pts',(5.83956416939287,11.6002231984188,2.47064691796729));
#6725=CARTESIAN_POINT('Ctrl Pts',(5.9352010449453,11.7922031905264,2.13689343463843));
#6726=CARTESIAN_POINT('Ctrl Pts',(6.03302154473087,11.9788330419568,1.7120122908943));
#6727=CARTESIAN_POINT('Ctrl Pts',(6.10423482774587,12.1026612306737,1.31004419554201));
#6728=CARTESIAN_POINT('Ctrl Pts',(6.1905359420575,12.2423874177057,0.732119740772791));
#6729=CARTESIAN_POINT('Ctrl Pts',(6.23912024947777,12.3128758027953,0.337734444671013));
#6730=CARTESIAN_POINT('Ctrl Pts',(6.27725969232767,12.3655151040858,-4.16333634234433E-16));
#6731=CARTESIAN_POINT('Ctrl Pts',(5.00053752508175,9.38079602351366,3.84999999999999));
#6732=CARTESIAN_POINT('Ctrl Pts',(5.02966204100946,9.42750044447297,3.84991013974591));
#6733=CARTESIAN_POINT('Ctrl Pts',(5.09446021947351,9.53989692718548,3.83340773124737));
#6734=CARTESIAN_POINT('Ctrl Pts',(5.24879148236947,9.83547051819445,3.73654445653161));
#6735=CARTESIAN_POINT('Ctrl Pts',(5.4105220488838,10.1709483888679,3.57189611728867));
#6736=CARTESIAN_POINT('Ctrl Pts',(5.55206747564475,10.4711571039189,3.38146551962054));
#6737=CARTESIAN_POINT('Ctrl Pts',(5.64615216325911,10.6719548203853,3.24183883241057));
#6738=CARTESIAN_POINT('Ctrl Pts',(5.7612357155585,10.9190929719209,3.04443361540383));
#6739=CARTESIAN_POINT('Ctrl Pts',(5.88960231208419,11.1931825849247,2.77362309102032));
#6740=CARTESIAN_POINT('Ctrl Pts',(6.00509906958442,11.43738365229,2.47061609822545));
#6741=CARTESIAN_POINT('Ctrl Pts',(6.10669661487795,11.6470530270346,2.13686191810015));
#6742=CARTESIAN_POINT('Ctrl Pts',(6.20998504685381,11.8540492092829,1.71198547598525));
#6743=CARTESIAN_POINT('Ctrl Pts',(6.28430561677562,11.9940303900657,1.31002184127315));
#6744=CARTESIAN_POINT('Ctrl Pts',(6.37331760003095,12.1523475493656,0.732106023635545));
#6745=CARTESIAN_POINT('Ctrl Pts',(6.42248633296725,12.2315435742941,0.33772755590086));
#6746=CARTESIAN_POINT('Ctrl Pts',(6.46051184006211,12.2883346754536,-4.16333634234433E-16));
#6747=CARTESIAN_POINT('Ctrl Pts',(5.000353109518,9.10530499272888,3.84999999999999));
#6748=CARTESIAN_POINT('Ctrl Pts',(5.02993695563958,9.15371456968679,3.84990810103903));
#6749=CARTESIAN_POINT('Ctrl Pts',(5.09756746617048,9.27041947070214,3.83340210794445));
#6750=CARTESIAN_POINT('Ctrl Pts',(5.26464876440407,9.57743185748975,3.73652964188605));
#6751=CARTESIAN_POINT('Ctrl Pts',(5.44494089622587,9.9260553400177,3.57187686867898));
#6752=CARTESIAN_POINT('Ctrl Pts',(5.60510777557189,10.2395666838572,3.38144017532947));
#6753=CARTESIAN_POINT('Ctrl Pts',(5.71208060094547,10.4497682364261,3.24181007279961));
#6754=CARTESIAN_POINT('Ctrl Pts',(5.84376345768912,10.7096426265163,3.0444041659672));
#6755=CARTESIAN_POINT('Ctrl Pts',(5.99182813908683,11.0004872951568,2.77358991405133));
#6756=CARTESIAN_POINT('Ctrl Pts',(6.1259181680958,11.2625023841136,2.47058369007855));
#6757=CARTESIAN_POINT('Ctrl Pts',(6.2443279506075,11.4905278994582,2.13682875067598));
#6758=CARTESIAN_POINT('Ctrl Pts',(6.36461732671988,11.7186632601642,1.71195728846613));
#6759=CARTESIAN_POINT('Ctrl Pts',(6.45003858298871,11.8755190470877,1.30999834557105));
#6760=CARTESIAN_POINT('Ctrl Pts',(6.54974072202438,12.0531644788818,0.732091615065342));
#6761=CARTESIAN_POINT('Ctrl Pts',(6.60190444437006,12.1415553407829,0.337720319741425));
#6762=CARTESIAN_POINT('Ctrl Pts',(6.6396912306159,12.2026822542473,-4.16333634234433E-16));
#6763=CARTESIAN_POINT('Ctrl Pts',(5.00041201650733,8.96069054555688,3.84999999999999));
#6764=CARTESIAN_POINT('Ctrl Pts',(5.03020185742428,9.00997919825663,3.84990703315543));
#6765=CARTESIAN_POINT('Ctrl Pts',(5.09922965139978,9.12888478555518,3.83339916684305));
#6766=CARTESIAN_POINT('Ctrl Pts',(5.27247323306186,9.4417190314982,3.73652186954097));
#6767=CARTESIAN_POINT('Ctrl Pts',(5.46197801044136,9.79697245265636,3.57186678757994));
#6768=CARTESIAN_POINT('Ctrl Pts',(5.63116285082813,10.1172315718443,3.38142687936112));
#6769=CARTESIAN_POINT('Ctrl Pts',(5.74437445550751,10.332206307675,3.24179497702733));
#6770=CARTESIAN_POINT('Ctrl Pts',(5.88411489156462,10.5985492960746,3.04438872631727));
#6771=CARTESIAN_POINT('Ctrl Pts',(6.04167539311885,10.8979323725324,2.77357250188826));
#6772=CARTESIAN_POINT('Ctrl Pts',(6.18467439890274,11.1690516383753,2.47056669453059));
#6773=CARTESIAN_POINT('Ctrl Pts',(6.31108923376122,11.4064831015407,2.13681134152708));
#6774=CARTESIAN_POINT('Ctrl Pts',(6.43937611159733,11.6454801368594,1.711942511759));
#6775=CARTESIAN_POINT('Ctrl Pts',(6.53004396521057,11.8110158743736,1.3099860301003));
#6776=CARTESIAN_POINT('Ctrl Pts',(6.63461490392634,11.9986412258184,0.732084067904811));
#6777=CARTESIAN_POINT('Ctrl Pts',(6.68821957561697,12.0917727141511,0.337716529378084));
#6778=CARTESIAN_POINT('Ctrl Pts',(6.72581216083299,12.1551560331146,-4.16333634234433E-16));
#6779=CARTESIAN_POINT('Ctrl Pts',(5.00027341851421,7.9984877824651,3.84999999999999));
#6780=CARTESIAN_POINT('Ctrl Pts',(5.03121849012189,8.0534626670619,3.84989995653584));
#6781=CARTESIAN_POINT('Ctrl Pts',(5.10854060883255,8.18658382810248,3.83337970354533));
#6782=CARTESIAN_POINT('Ctrl Pts',(5.31973217808893,8.53680900752435,3.73647028908117));
#6783=CARTESIAN_POINT('Ctrl Pts',(5.56572422545281,8.93460991340616,3.57179999097746));
#6784=CARTESIAN_POINT('Ctrl Pts',(5.79067560805754,9.29816989723186,3.38133864576782));
#6785=CARTESIAN_POINT('Ctrl Pts',(5.94240212013034,9.54380815109509,3.24169475086651));
#6786=CARTESIAN_POINT('Ctrl Pts',(6.13162956134077,9.85180046859293,3.04428632708727));
#6787=CARTESIAN_POINT('Ctrl Pts',(6.34725633413191,10.2063198449361,2.77345691004089));
#6788=CARTESIAN_POINT('Ctrl Pts',(6.54436542343092,10.5363950244584,2.47045394770301));
#6789=CARTESIAN_POINT('Ctrl Pts',(6.71899183356493,10.8348958167754,2.13669575763147));
#6790=CARTESIAN_POINT('Ctrl Pts',(6.89510124506258,11.1445388397775,1.71184451748352));
#6791=CARTESIAN_POINT('Ctrl Pts',(7.01641024135845,11.3666983039972,1.30990436793081));
#6792=CARTESIAN_POINT('Ctrl Pts',(7.14929976688309,11.619433606369,0.732034055290762));
#6793=CARTESIAN_POINT('Ctrl Pts',(7.21040213217758,11.7436176498827,0.337691411325871));
#6794=CARTESIAN_POINT('Ctrl Pts',(7.24628840184444,11.8217635731134,-4.16333634234433E-16));
#6795=CARTESIAN_POINT('Ctrl Pts',(5.00015938931021,7.1809021901845,3.85));
#6796=CARTESIAN_POINT('Ctrl Pts',(5.03105105987696,7.23992537667892,3.84989408266955));
#6797=CARTESIAN_POINT('Ctrl Pts',(5.11209504013368,7.38307369917106,3.83336367708835));
#6798=CARTESIAN_POINT('Ctrl Pts',(5.34455372664988,7.75927007626426,3.73642711394963));
#6799=CARTESIAN_POINT('Ctrl Pts',(5.62430148148229,8.18628324830736,3.57174458836644));
#6800=CARTESIAN_POINT('Ctrl Pts',(5.88221811603101,8.58007704012241,3.38126480907132));
#6801=CARTESIAN_POINT('Ctrl Pts',(6.05656194214796,8.84727817128949,3.24161064304691));
#6802=CARTESIAN_POINT('Ctrl Pts',(6.27443125521113,9.18490617876217,3.04420092556025));
#6803=CARTESIAN_POINT('Ctrl Pts',(6.52254093652953,9.57943002164484,2.77335997335886));
#6804=CARTESIAN_POINT('Ctrl Pts',(6.74855453531623,9.9530151496142,2.47035977870059));
#6805=CARTESIAN_POINT('Ctrl Pts',(6.94744775978615,10.2972590326208,2.13659876955468));
#6806=CARTESIAN_POINT('Ctrl Pts',(7.14586830263317,10.6604088065088,1.71176282908581));
#6807=CARTESIAN_POINT('Ctrl Pts',(7.27959435257019,10.9259303865676,1.30983634220986));
#6808=CARTESIAN_POINT('Ctrl Pts',(7.42187123851707,11.2287401674189,0.731992546213229));
#6809=CARTESIAN_POINT('Ctrl Pts',(7.48332123798149,11.3769131777248,0.337670561489239));
#6810=CARTESIAN_POINT('Ctrl Pts',(7.5157681179632,11.4663957220593,-4.16333634234433E-16));
#6811=CARTESIAN_POINT('Ctrl Pts',(5.00007768584581,5.20739418194621,3.85));
#6812=CARTESIAN_POINT('Ctrl Pts',(5.0295306210392,5.27056147955738,3.84988117690585));
#6813=CARTESIAN_POINT('Ctrl Pts',(5.11611526932323,5.42108213761134,3.83332863037375));
#6814=CARTESIAN_POINT('Ctrl Pts',(5.39028877282024,5.80724098587097,3.73633178687948));
#6815=CARTESIAN_POINT('Ctrl Pts',(5.73995246993644,6.23783068760006,3.57162291387214));
#6816=CARTESIAN_POINT('Ctrl Pts',(6.06658433985978,6.63808382328428,3.38110180803784));
#6817=CARTESIAN_POINT('Ctrl Pts',(6.28807796674687,6.9109388026315,3.24142466724425));
#6818=CARTESIAN_POINT('Ctrl Pts',(6.56551300991446,7.25899134303608,3.04401276377606));
#6819=CARTESIAN_POINT('Ctrl Pts',(6.8805984834458,7.67405516764934,2.77314571477497));
#6820=CARTESIAN_POINT('Ctrl Pts',(7.16534481764573,8.07636582707517,2.47015212397531));
#6821=CARTESIAN_POINT('Ctrl Pts',(7.41245778763245,8.45689603433576,2.13638432361991));
#6822=CARTESIAN_POINT('Ctrl Pts',(7.65374489141794,8.86819511665245,1.71158289911976));
#6823=CARTESIAN_POINT('Ctrl Pts',(7.80938307064232,9.17799633909743,1.30968656797298));
#6824=CARTESIAN_POINT('Ctrl Pts',(7.96553323261102,9.53592080681572,0.73190134959898));
#6825=CARTESIAN_POINT('Ctrl Pts',(8.02379982363734,9.7137969802688,0.337624750545374));
#6826=CARTESIAN_POINT('Ctrl Pts',(8.0460490950152,9.8197201211306,-4.16333634234433E-16));
#6827=CARTESIAN_POINT('Ctrl Pts',(5.00002631615299,4.05149697301062,3.85));
#6828=CARTESIAN_POINT('Ctrl Pts',(5.02755196311436,4.11243166463366,3.84987467143822));
#6829=CARTESIAN_POINT('Ctrl Pts',(5.11343208897037,4.2533116394302,3.83331111505046));
#6830=CARTESIAN_POINT('Ctrl Pts',(5.39795727106224,4.60155604201325,3.73628331206705));
#6831=CARTESIAN_POINT('Ctrl Pts',(5.76952675547503,4.97865362468546,3.57156162937051));
#6832=CARTESIAN_POINT('Ctrl Pts',(6.11739392029179,5.3274633231508,3.38101894221502));
#6833=CARTESIAN_POINT('Ctrl Pts',(6.35325881323172,5.56510918278042,3.24132984966144));
#6834=CARTESIAN_POINT('Ctrl Pts',(6.64822671568413,5.86852238947356,3.04391744149004));
#6835=CARTESIAN_POINT('Ctrl Pts',(6.98126559428419,6.23248936536154,2.77303655336792));
#6836=CARTESIAN_POINT('Ctrl Pts',(7.27946486549403,6.5882689171524,2.47004676703468));
#6837=CARTESIAN_POINT('Ctrl Pts',(7.53492394997382,6.92850013087699,2.13627500006743));
#6838=CARTESIAN_POINT('Ctrl Pts',(7.78011756933666,7.30074610516108,1.71149179316131));
#6839=CARTESIAN_POINT('Ctrl Pts',(7.93340406588197,7.5863421094648,1.30961078718024));
#6840=CARTESIAN_POINT('Ctrl Pts',(8.08186619952546,7.92197701935318,0.731855384290972));
#6841=CARTESIAN_POINT('Ctrl Pts',(8.13220033164616,8.0938423760612,0.337601657747345));
#6842=CARTESIAN_POINT('Ctrl Pts',(8.14690700140498,8.20034993054389,-4.16333634234434E-16));
#6843=CARTESIAN_POINT('Ctrl Pts',(5.00001184114306,1.93039298900794,3.85));
#6844=CARTESIAN_POINT('Ctrl Pts',(5.02456358455998,1.97065295417613,3.84986667834328));
#6845=CARTESIAN_POINT('Ctrl Pts',(5.10768515642413,2.05876747604591,3.83328966088216));
#6846=CARTESIAN_POINT('Ctrl Pts',(5.39887983755626,2.26125486301217,3.73622356716938));
#6847=CARTESIAN_POINT('Ctrl Pts',(5.78956235705576,2.46697401503118,3.57148635372214));
#6848=CARTESIAN_POINT('Ctrl Pts',(6.155683707631,2.65415408508059,3.38091682138984));
#6849=CARTESIAN_POINT('Ctrl Pts',(6.40370922015374,2.78120386882786,3.24121288156998));
#6850=CARTESIAN_POINT('Ctrl Pts',(6.71290936399538,2.9430776803077,3.04380011656164));
#6851=CARTESIAN_POINT('Ctrl Pts',(7.05879638486988,3.13844267519925,2.77290192448267));
#6852=CARTESIAN_POINT('Ctrl Pts',(7.3641621148125,3.3316378743175,2.46991702227512));
#6853=CARTESIAN_POINT('Ctrl Pts',(7.62067928505176,3.51953138233142,2.136140143019));
#6854=CARTESIAN_POINT('Ctrl Pts',(7.86054570123695,3.72935186032651,1.71137967962601));
#6855=CARTESIAN_POINT('Ctrl Pts',(8.00333868106617,3.89570733753672,1.30951755740796));
#6856=CARTESIAN_POINT('Ctrl Pts',(8.13413448475028,4.09802508658171,0.731798913169847));
#6857=CARTESIAN_POINT('Ctrl Pts',(8.17124337447897,4.20788448731643,0.337573285645477));
#6858=CARTESIAN_POINT('Ctrl Pts',(8.17547224448479,4.28166209036826,-4.16333634234433E-16));
#6859=CARTESIAN_POINT('Ctrl Pts',(5.,0.965197827993735,3.85));
#6860=CARTESIAN_POINT('Ctrl Pts',(5.023412290379,0.989750825540207,3.84986453991751));
#6861=CARTESIAN_POINT('Ctrl Pts',(5.10503383373037,1.04055141964777,3.83328395886482));
#6862=CARTESIAN_POINT('Ctrl Pts',(5.39624869476681,1.14790032132127,3.7362074782809));
#6863=CARTESIAN_POINT('Ctrl Pts',(5.79024815976883,1.24802111689379,3.57146622796147));
#6864=CARTESIAN_POINT('Ctrl Pts',(6.15953869128055,1.33632798854203,3.38088932705158));
#6865=CARTESIAN_POINT('Ctrl Pts',(6.40963041548453,1.39573407317678,3.24118132289051));
#6866=CARTESIAN_POINT('Ctrl Pts',(6.7210740082003,1.47075284600064,3.04376861182076));
#6867=CARTESIAN_POINT('Ctrl Pts',(7.06840250225141,1.5612201116547,2.77286561998741));
#6868=CARTESIAN_POINT('Ctrl Pts',(7.37360353718686,1.65135890077408,2.4698821434384));
#6869=CARTESIAN_POINT('Ctrl Pts',(7.62828505186044,1.74039600973443,2.13610376105985));
#6870=CARTESIAN_POINT('Ctrl Pts',(7.86428539039694,1.84208531340463,1.71134958664779));
#6871=CARTESIAN_POINT('Ctrl Pts',(8.00230430542196,1.92593740497081,1.30949254720412));
#6872=CARTESIAN_POINT('Ctrl Pts',(8.12603493839322,2.0326631590119,0.731783808184758));
#6873=CARTESIAN_POINT('Ctrl Pts',(8.15841357427671,2.09499738582444,0.33756569593667));
#6874=CARTESIAN_POINT('Ctrl Pts',(8.15915239687215,2.14103761435975,-4.16333634234434E-16));
#6875=CARTESIAN_POINT('Ctrl Pts',(5.,0.,3.85));
#6876=CARTESIAN_POINT('Ctrl Pts',(5.02329663988492,1.96285715007365E-7,
3.84986453840416));
#6877=CARTESIAN_POINT('Ctrl Pts',(5.10468664111128,5.88857167201414E-7,
3.83328395455931));
#6878=CARTESIAN_POINT('Ctrl Pts',(5.39543909715201,1.37400014763262E-6,
3.73620746931342));
#6879=CARTESIAN_POINT('Ctrl Pts',(5.78903303886645,2.06100033870245E-6,
3.57146621610476));
#6880=CARTESIAN_POINT('Ctrl Pts',(6.15797698304157,2.64985768103866E-6,
3.38088931353894));
#6881=CARTESIAN_POINT('Ctrl Pts',(6.40783763231357,3.04242925053622E-6,
3.24118130849075));
#6882=CARTESIAN_POINT('Ctrl Pts',(6.71899216402584,3.53314372433107E-6,
3.04376859671502));
#6883=CARTESIAN_POINT('Ctrl Pts',(7.06597389133667,4.12200110246335E-6,
2.77286560466736));
#6884=CARTESIAN_POINT('Ctrl Pts',(7.37082814924393,4.71085848066453E-6,
2.46988212852512));
#6885=CARTESIAN_POINT('Ctrl Pts',(7.62516283420423,5.29971584941045E-6,
2.13610374716263));
#6886=CARTESIAN_POINT('Ctrl Pts',(7.86075869968614,5.9867160907943E-6,1.71134957463309));
#6887=CARTESIAN_POINT('Ctrl Pts',(7.99843035605314,6.57557340489391E-6,
1.30949253753518));
#6888=CARTESIAN_POINT('Ctrl Pts',(8.121698745585,7.36071643324691E-6,0.731783802400903));
#6889=CARTESIAN_POINT('Ctrl Pts',(8.15378755454595,7.85143077637965E-6,
0.337565693166585));
#6890=CARTESIAN_POINT('Ctrl Pts',(8.15429507615651,8.24400220644783E-6,
-4.16333634234434E-16));
#6891=CARTESIAN_POINT('Ctrl Pts',(5.,0.,3.85));
#6892=CARTESIAN_POINT('Ctrl Pts',(5.02329663988492,1.96285715007365E-7,
3.84986453840416));
#6893=CARTESIAN_POINT('Ctrl Pts',(5.10468664111128,5.88857167201414E-7,
3.83328395455931));
#6894=CARTESIAN_POINT('Ctrl Pts',(5.39543909715201,1.37400014763262E-6,
3.73620746931342));
#6895=CARTESIAN_POINT('Ctrl Pts',(5.78903303886645,2.06100033870245E-6,
3.57146621610476));
#6896=CARTESIAN_POINT('Ctrl Pts',(6.15797698304157,2.64985768103866E-6,
3.38088931353894));
#6897=CARTESIAN_POINT('Ctrl Pts',(6.40783763231357,3.04242925053622E-6,
3.24118130849075));
#6898=CARTESIAN_POINT('Ctrl Pts',(6.71899216402584,3.53314372433107E-6,
3.04376859671502));
#6899=CARTESIAN_POINT('Ctrl Pts',(7.06597389133667,4.12200110246335E-6,
2.77286560466736));
#6900=CARTESIAN_POINT('Ctrl Pts',(7.37082814924393,4.71085848066453E-6,
2.46988212852512));
#6901=CARTESIAN_POINT('Ctrl Pts',(7.62516283420423,5.29971584941045E-6,
2.13610374716263));
#6902=CARTESIAN_POINT('Ctrl Pts',(7.86075869968614,5.9867160907943E-6,1.71134957463309));
#6903=CARTESIAN_POINT('Ctrl Pts',(7.99843035605314,6.57557340489391E-6,
1.30949253753518));
#6904=CARTESIAN_POINT('Ctrl Pts',(8.121698745585,7.36071643324691E-6,0.731783802400903));
#6905=CARTESIAN_POINT('Ctrl Pts',(8.15378755454595,7.85143077637965E-6,
0.337565693166585));
#6906=CARTESIAN_POINT('Ctrl Pts',(8.15429507615651,8.24400220644783E-6,
-4.16333634234434E-16));
#6907=CARTESIAN_POINT('Ctrl Pts',(0.0017041261889732,-0.156110970624655,
6.07142182597457));
#6908=CARTESIAN_POINT('Ctrl Pts',(0.00113613270538028,-0.156110968806628,
6.07142181116792));
#6909=CARTESIAN_POINT('Ctrl Pts',(0.000568090642416815,-0.156110967897613,
6.07142180376459));
#6910=CARTESIAN_POINT('Ctrl Pts',(-2.17294382928141E-15,-0.156110967897613,
6.07142180376459));
#6911=CARTESIAN_POINT('Ctrl Pts',(0.00170412630963216,-0.156618183190928,
6.07135954760282));
#6912=CARTESIAN_POINT('Ctrl Pts',(0.0011361331115572,-0.156449118627879,
6.07138029125756));
#6913=CARTESIAN_POINT('Ctrl Pts',(0.000568090682649249,-0.1562800476567,
6.07140104321408));
#6914=CARTESIAN_POINT('Ctrl Pts',(-2.17294382928141E-15,-0.156110967897613,
6.07142180376459));
#6915=CARTESIAN_POINT('Ctrl Pts',(0.00162013418211107,-0.157104969309469,
6.07129977794558));
#6916=CARTESIAN_POINT('Ctrl Pts',(0.00108013134516951,-0.156773647544887,
6.07134044421261));
#6917=CARTESIAN_POINT('Ctrl Pts',(0.00054008638229503,-0.156442314668689,
6.07138111937168));
#6918=CARTESIAN_POINT('Ctrl Pts',(-2.17294382928141E-15,-0.156110967897613,
6.07142180376459));
#6919=CARTESIAN_POINT('Ctrl Pts',(0.00146841716360105,-0.157524437458724,
6.07124827415847));
#6920=CARTESIAN_POINT('Ctrl Pts',(0.000978977861423963,-0.15705330431783,
6.0713061069455));
#6921=CARTESIAN_POINT('Ctrl Pts',(0.000489505473242704,-0.156582147797714,
6.07136395014745));
#6922=CARTESIAN_POINT('Ctrl Pts',(-2.17294382928141E-15,-0.156110967897613,
6.07142180376459));
#6923=CARTESIAN_POINT('Ctrl Pts',(-0.00146920402403552,-0.15752519490558,
6.07124818117995));
#6924=CARTESIAN_POINT('Ctrl Pts',(-0.000979502470518917,-0.157053809307465,
6.07130604494866));
#6925=CARTESIAN_POINT('Ctrl Pts',(-0.000489767795527122,-0.156582400305064,
6.07136391914345));
#6926=CARTESIAN_POINT('Ctrl Pts',(-2.17294382928141E-15,-0.156110967897613,
6.07142180376459));
#6927=CARTESIAN_POINT('Ctrl Pts',(-0.00162100233607671,-0.157105501979153,
6.07129971256597));
#6928=CARTESIAN_POINT('Ctrl Pts',(-0.0010807101593912,-0.156774002670917,
6.07134040061655));
#6929=CARTESIAN_POINT('Ctrl Pts',(-0.000540375811610414,-0.156442492239153,
6.0713810975687));
#6930=CARTESIAN_POINT('Ctrl Pts',(-2.17294382928141E-15,-0.156110967897613,
6.07142180376459));
#6931=CARTESIAN_POINT('Ctrl Pts',(-0.00170503946512873,-0.156618454997494,
6.07135951425307));
#6932=CARTESIAN_POINT('Ctrl Pts',(-0.00113674193431979,-0.156449299839977,
6.07138026901539));
#6933=CARTESIAN_POINT('Ctrl Pts',(-0.000568395119898614,-0.156280138267459,
6.07140103208839));
#6934=CARTESIAN_POINT('Ctrl Pts',(-2.17294382928141E-15,-0.156110967897613,
6.07142180376459));
#6935=CARTESIAN_POINT('Ctrl Pts',(-0.00170503934440515,-0.156110970627579,
6.07142182599838));
#6936=CARTESIAN_POINT('Ctrl Pts',(-0.00113674152775058,-0.156110968807602,
6.07142181117586));
#6937=CARTESIAN_POINT('Ctrl Pts',(-0.000568395079644624,-0.156110967897613,
6.07142180376459));
#6938=CARTESIAN_POINT('Ctrl Pts',(-2.17294382928141E-15,-0.156110967897613,
6.07142180376459));
#6939=CARTESIAN_POINT('',(-0.0124256289308707,0.00374159803175483,3.85));
#6940=UNCERTAINTY_MEASURE_WITH_UNIT(LENGTH_MEASURE(0.01),#6946,
'DISTANCE_ACCURACY_VALUE',
'Maximum model space distance between geometric entities at asserted c
onnectivities');
#6941=UNCERTAINTY_MEASURE_WITH_UNIT(LENGTH_MEASURE(0.01),#6946,
'DISTANCE_ACCURACY_VALUE',
'Maximum model space distance between geometric entities at asserted c
onnectivities');
#6942=UNCERTAINTY_MEASURE_WITH_UNIT(LENGTH_MEASURE(0.01),#6946,
'DISTANCE_ACCURACY_VALUE',
'Maximum model space distance between geometric entities at asserted c
onnectivities');
#6943=(
GEOMETRIC_REPRESENTATION_CONTEXT(3)
GLOBAL_UNCERTAINTY_ASSIGNED_CONTEXT((#6940))
GLOBAL_UNIT_ASSIGNED_CONTEXT((#6946,#6948,#6949))
REPRESENTATION_CONTEXT('','3D')
);
#6944=(
GEOMETRIC_REPRESENTATION_CONTEXT(3)
GLOBAL_UNCERTAINTY_ASSIGNED_CONTEXT((#6941))
GLOBAL_UNIT_ASSIGNED_CONTEXT((#6946,#6948,#6949))
REPRESENTATION_CONTEXT('','3D')
);
#6945=(
GEOMETRIC_REPRESENTATION_CONTEXT(3)
GLOBAL_UNCERTAINTY_ASSIGNED_CONTEXT((#6942))
GLOBAL_UNIT_ASSIGNED_CONTEXT((#6946,#6948,#6949))
REPRESENTATION_CONTEXT('','3D')
);
#6946=(
LENGTH_UNIT()
NAMED_UNIT(*)
SI_UNIT(.MILLI.,.METRE.)
);
#6947=(
LENGTH_UNIT()
NAMED_UNIT(*)
SI_UNIT($,.METRE.)
);
#6948=(
NAMED_UNIT(*)
PLANE_ANGLE_UNIT()
SI_UNIT($,.RADIAN.)
);
#6949=(
NAMED_UNIT(*)
SI_UNIT($,.STERADIAN.)
SOLID_ANGLE_UNIT()
);
#6950=SHAPE_DEFINITION_REPRESENTATION(#6952,#6955);
#6951=SHAPE_DEFINITION_REPRESENTATION(#6953,#6956);
#6952=PRODUCT_DEFINITION_SHAPE('',$,#6958);
#6953=PRODUCT_DEFINITION_SHAPE('',$,#6959);
#6954=PRODUCT_DEFINITION_SHAPE($,$,#14);
#6955=SHAPE_REPRESENTATION('',(#1233,#1319),#6943);
#6956=SHAPE_REPRESENTATION('',(#1234),#6944);
#6957=PRODUCT_DEFINITION_CONTEXT('part definition',#6965,'design');
#6958=PRODUCT_DEFINITION('2026-09-19-15-41-47-314','CLP_Tilt7_1_5u',#6960,
#6957);
#6959=PRODUCT_DEFINITION('2026-09-19-15-41-36-999','MX Plug Mushroom',#6961,
#6957);
#6960=PRODUCT_DEFINITION_FORMATION('',$,#6967);
#6961=PRODUCT_DEFINITION_FORMATION('',$,#6968);
#6962=PRODUCT_RELATED_PRODUCT_CATEGORY('CLP_Tilt7_1_5u',
'CLP_Tilt7_1_5u',(#6967));
#6963=PRODUCT_RELATED_PRODUCT_CATEGORY('MX Plug Mushroom',
'MX Plug Mushroom',(#6968));
#6964=APPLICATION_PROTOCOL_DEFINITION('international standard',
'automotive_design',2009,#6965);
#6965=APPLICATION_CONTEXT(
'Core Data for Automotive Mechanical Design Process');
#6966=PRODUCT_CONTEXT('part definition',#6965,'mechanical');
#6967=PRODUCT('2026-09-19-15-41-47-314','CLP_Tilt7_1_5u',$,(#6966));
#6968=PRODUCT('2026-09-19-15-41-36-999','MX Plug Mushroom',$,(#6966));
#6969=PRESENTATION_STYLE_ASSIGNMENT((#6970));
#6970=SURFACE_STYLE_USAGE(.BOTH.,#6971);
#6971=SURFACE_SIDE_STYLE('',(#6972));
#6972=SURFACE_STYLE_FILL_AREA(#6973);
#6973=FILL_AREA_STYLE('Steel - Satin',(#6974));
#6974=FILL_AREA_STYLE_COLOUR('Steel - Satin',#6975);
#6975=COLOUR_RGB('Steel - Satin',0.627450980392157,0.627450980392157,0.627450980392157);
ENDSEC;
END-ISO-10303-21;
