ISO-10303-21;
HEADER;
/* Generated by software containing ST-Developer
 * from STEP Tools, Inc. (www.steptools.com) 
 */

FILE_DESCRIPTION(
/* description */ (''),
/* implementation_level */ '2;1');

FILE_NAME(
/* name */ 'CLP_Saddle_Base.step',
/* time_stamp */ '2026-10-03T20:32:43+08:00',
/* author */ (''),
/* organization */ (''),
/* preprocessor_version */ 'ST-DEVELOPER v20.2',
/* originating_system */ 'Autodesk Translation Framework v15.15.0.0',
/* authorisation */ '');

FILE_SCHEMA (('AUTOMOTIVE_DESIGN { 1 0 10303 214 3 1 1 }'));
ENDSEC;

DATA;
#10=MECHANICAL_DESIGN_GEOMETRIC_PRESENTATION_REPRESENTATION('',(#13),#2403);
#11=SHAPE_REPRESENTATION_RELATIONSHIP('SRR','None',#2410,#12);
#12=ADVANCED_BREP_SHAPE_REPRESENTATION('',(#14),#2402);
#13=STYLED_ITEM('',(#2419),#14);
#14=MANIFOLD_SOLID_BREP('Body3',#244);
#15=FACE_BOUND('',#79,.T.);
#16=CIRCLE('',#260,2.);
#17=CIRCLE('',#261,2.);
#18=CIRCLE('',#262,2.);
#19=CIRCLE('',#263,2.);
#20=LINE('',#1724,#24);
#21=LINE('',#1728,#25);
#22=LINE('',#1732,#26);
#23=LINE('',#1736,#27);
#24=VECTOR('',#270,10.);
#25=VECTOR('',#273,10.);
#26=VECTOR('',#276,10.);
#27=VECTOR('',#279,10.);
#28=(
BOUNDED_CURVE()
B_SPLINE_CURVE(5,(#1438,#1439,#1440,#1441,#1442,#1443,#1444),
 .UNSPECIFIED.,.F.,.F.)
B_SPLINE_CURVE_WITH_KNOTS((6,1,6),(0.5,0.55,0.596065413012605),
 .UNSPECIFIED.)
CURVE()
GEOMETRIC_REPRESENTATION_ITEM()
RATIONAL_B_SPLINE_CURVE((1.,1.,1.,1.,1.,1.,1.))
REPRESENTATION_ITEM('')
);
#29=(
BOUNDED_CURVE()
B_SPLINE_CURVE(5,(#1446,#1447,#1448,#1449,#1450,#1451,#1452,#1453,#1454,
#1455),.UNSPECIFIED.,.F.,.F.)
B_SPLINE_CURVE_WITH_KNOTS((6,1,1,1,1,6),(0.,0.2,0.4,0.6,0.8,1.),
 .UNSPECIFIED.)
CURVE()
GEOMETRIC_REPRESENTATION_ITEM()
RATIONAL_B_SPLINE_CURVE((1.,1.,1.,1.,1.,1.,1.,1.,1.,1.))
REPRESENTATION_ITEM('')
);
#30=(
BOUNDED_CURVE()
B_SPLINE_CURVE(5,(#1457,#1458,#1459,#1460,#1461,#1462,#1463,#1464,#1465,
#1466),.UNSPECIFIED.,.F.,.F.)
B_SPLINE_CURVE_WITH_KNOTS((6,1,1,1,1,6),(0.,0.2,0.4,0.6,0.8,1.),
 .UNSPECIFIED.)
CURVE()
GEOMETRIC_REPRESENTATION_ITEM()
RATIONAL_B_SPLINE_CURVE((1.,1.,1.,1.,1.,1.,1.,1.,1.,1.))
REPRESENTATION_ITEM('')
);
#31=(
BOUNDED_CURVE()
B_SPLINE_CURVE(5,(#1468,#1469,#1470,#1471,#1472,#1473,#1474),
 .UNSPECIFIED.,.F.,.F.)
B_SPLINE_CURVE_WITH_KNOTS((6,1,6),(0.653934587226459,0.7,0.75),
 .UNSPECIFIED.)
CURVE()
GEOMETRIC_REPRESENTATION_ITEM()
RATIONAL_B_SPLINE_CURVE((1.,1.,1.,1.,1.,1.,1.))
REPRESENTATION_ITEM('')
);
#32=(
BOUNDED_CURVE()
B_SPLINE_CURVE(5,(#1475,#1476,#1477,#1478,#1479,#1480,#1481,#1482),
 .UNSPECIFIED.,.F.,.F.)
B_SPLINE_CURVE_WITH_KNOTS((6,1,1,6),(0.596065413012605,0.6,0.65,0.653934587226459),
 .UNSPECIFIED.)
CURVE()
GEOMETRIC_REPRESENTATION_ITEM()
RATIONAL_B_SPLINE_CURVE((1.,1.,1.,1.,1.,1.,1.,1.))
REPRESENTATION_ITEM('')
);
#33=(
BOUNDED_CURVE()
B_SPLINE_CURVE(5,(#1532,#1533,#1534,#1535,#1536,#1537,#1538),
 .UNSPECIFIED.,.F.,.F.)
B_SPLINE_CURVE_WITH_KNOTS((6,1,6),(0.750000006872951,0.8,0.846065411847388),
 .UNSPECIFIED.)
CURVE()
GEOMETRIC_REPRESENTATION_ITEM()
RATIONAL_B_SPLINE_CURVE((1.,1.,1.,1.,1.,1.,1.))
REPRESENTATION_ITEM('')
);
#34=(
BOUNDED_CURVE()
B_SPLINE_CURVE(5,(#1540,#1541,#1542,#1543,#1544,#1545,#1546,#1547,#1548,
#1549),.UNSPECIFIED.,.F.,.F.)
B_SPLINE_CURVE_WITH_KNOTS((6,1,1,1,1,6),(0.,0.2,0.4,0.6,0.8,0.999999936660425),
 .UNSPECIFIED.)
CURVE()
GEOMETRIC_REPRESENTATION_ITEM()
RATIONAL_B_SPLINE_CURVE((1.,1.,1.,1.,1.,1.,1.,1.,1.,1.))
REPRESENTATION_ITEM('')
);
#35=(
BOUNDED_CURVE()
B_SPLINE_CURVE(5,(#1551,#1552,#1553,#1554,#1555,#1556,#1557),
 .UNSPECIFIED.,.F.,.F.)
B_SPLINE_CURVE_WITH_KNOTS((6,1,6),(0.903934584911705,0.95,1.),
 .UNSPECIFIED.)
CURVE()
GEOMETRIC_REPRESENTATION_ITEM()
RATIONAL_B_SPLINE_CURVE((1.,1.,1.,1.,1.,1.,1.))
REPRESENTATION_ITEM('')
);
#36=(
BOUNDED_CURVE()
B_SPLINE_CURVE(5,(#1558,#1559,#1560,#1561,#1562,#1563,#1564,#1565),
 .UNSPECIFIED.,.F.,.F.)
B_SPLINE_CURVE_WITH_KNOTS((6,1,1,6),(0.846065411847388,0.85,0.9,0.903934584911705),
 .UNSPECIFIED.)
CURVE()
GEOMETRIC_REPRESENTATION_ITEM()
RATIONAL_B_SPLINE_CURVE((1.,1.,1.,1.,1.,1.,1.,1.))
REPRESENTATION_ITEM('')
);
#37=(
BOUNDED_CURVE()
B_SPLINE_CURVE(5,(#1615,#1616,#1617,#1618,#1619,#1620,#1621),
 .UNSPECIFIED.,.F.,.F.)
B_SPLINE_CURVE_WITH_KNOTS((6,1,6),(1.,1.05,1.0960654150883),
 .UNSPECIFIED.)
CURVE()
GEOMETRIC_REPRESENTATION_ITEM()
RATIONAL_B_SPLINE_CURVE((1.,1.,1.,1.,1.,1.,1.))
REPRESENTATION_ITEM('')
);
#38=(
BOUNDED_CURVE()
B_SPLINE_CURVE(5,(#1623,#1624,#1625,#1626,#1627,#1628,#1629,#1630,#1631,
#1632),.UNSPECIFIED.,.F.,.F.)
B_SPLINE_CURVE_WITH_KNOTS((6,1,1,1,1,6),(0.,0.2,0.4,0.6,0.8,0.999999968330212),
 .UNSPECIFIED.)
CURVE()
GEOMETRIC_REPRESENTATION_ITEM()
RATIONAL_B_SPLINE_CURVE((1.,1.,1.,1.,1.,1.,1.,1.,1.,1.))
REPRESENTATION_ITEM('')
);
#39=(
BOUNDED_CURVE()
B_SPLINE_CURVE(5,(#1634,#1635,#1636,#1637,#1638,#1639,#1640),
 .UNSPECIFIED.,.F.,.F.)
B_SPLINE_CURVE_WITH_KNOTS((6,1,6),(0.153934588152613,0.2,0.249999993127049),
 .UNSPECIFIED.)
CURVE()
GEOMETRIC_REPRESENTATION_ITEM()
RATIONAL_B_SPLINE_CURVE((1.,1.,1.,1.,1.,1.,1.))
REPRESENTATION_ITEM('')
);
#40=(
BOUNDED_CURVE()
B_SPLINE_CURVE(5,(#1641,#1642,#1643,#1644,#1645,#1646,#1647,#1648),
 .UNSPECIFIED.,.F.,.F.)
B_SPLINE_CURVE_WITH_KNOTS((6,1,1,6),(0.0960654150882959,0.1,0.15,0.153934588152613),
 .UNSPECIFIED.)
CURVE()
GEOMETRIC_REPRESENTATION_ITEM()
RATIONAL_B_SPLINE_CURVE((1.,1.,1.,1.,1.,1.,1.,1.))
REPRESENTATION_ITEM('')
);
#41=(
BOUNDED_CURVE()
B_SPLINE_CURVE(5,(#1698,#1699,#1700,#1701,#1702,#1703,#1704),
 .UNSPECIFIED.,.F.,.F.)
B_SPLINE_CURVE_WITH_KNOTS((6,1,6),(0.25,0.3,0.346065412773542),
 .UNSPECIFIED.)
CURVE()
GEOMETRIC_REPRESENTATION_ITEM()
RATIONAL_B_SPLINE_CURVE((1.,1.,1.,1.,1.,1.,1.))
REPRESENTATION_ITEM('')
);
#42=(
BOUNDED_CURVE()
B_SPLINE_CURVE(5,(#1706,#1707,#1708,#1709,#1710,#1711,#1712),
 .UNSPECIFIED.,.F.,.F.)
B_SPLINE_CURVE_WITH_KNOTS((6,1,6),(0.403934586987396,0.45,0.5),
 .UNSPECIFIED.)
CURVE()
GEOMETRIC_REPRESENTATION_ITEM()
RATIONAL_B_SPLINE_CURVE((1.,1.,1.,1.,1.,1.,1.))
REPRESENTATION_ITEM('')
);
#43=(
BOUNDED_CURVE()
B_SPLINE_CURVE(5,(#1713,#1714,#1715,#1716,#1717,#1718,#1719,#1720),
 .UNSPECIFIED.,.F.,.F.)
B_SPLINE_CURVE_WITH_KNOTS((6,1,1,6),(0.346065412773542,0.35,0.4,0.403934586987396),
 .UNSPECIFIED.)
CURVE()
GEOMETRIC_REPRESENTATION_ITEM()
RATIONAL_B_SPLINE_CURVE((1.,1.,1.,1.,1.,1.,1.,1.))
REPRESENTATION_ITEM('')
);
#44=B_SPLINE_SURFACE_WITH_KNOTS('',3,3,((#348,#349,#350,#351,#352,#353,
#354,#355,#356,#357,#358,#359,#360,#361,#362),(#363,#364,#365,#366,#367,
#368,#369,#370,#371,#372,#373,#374,#375,#376,#377),(#378,#379,#380,#381,
#382,#383,#384,#385,#386,#387,#388,#389,#390,#391,#392),(#393,#394,#395,
#396,#397,#398,#399,#400,#401,#402,#403,#404,#405,#406,#407),(#408,#409,
#410,#411,#412,#413,#414,#415,#416,#417,#418,#419,#420,#421,#422),(#423,
#424,#425,#426,#427,#428,#429,#430,#431,#432,#433,#434,#435,#436,#437),
(#438,#439,#440,#441,#442,#443,#444,#445,#446,#447,#448,#449,#450,#451,
#452),(#453,#454,#455,#456,#457,#458,#459,#460,#461,#462,#463,#464,#465,
#466,#467),(#468,#469,#470,#471,#472,#473,#474,#475,#476,#477,#478,#479,
#480,#481,#482),(#483,#484,#485,#486,#487,#488,#489,#490,#491,#492,#493,
#494,#495,#496,#497),(#498,#499,#500,#501,#502,#503,#504,#505,#506,#507,
#508,#509,#510,#511,#512),(#513,#514,#515,#516,#517,#518,#519,#520,#521,
#522,#523,#524,#525,#526,#527),(#528,#529,#530,#531,#532,#533,#534,#535,
#536,#537,#538,#539,#540,#541,#542),(#543,#544,#545,#546,#547,#548,#549,
#550,#551,#552,#553,#554,#555,#556,#557),(#558,#559,#560,#561,#562,#563,
#564,#565,#566,#567,#568,#569,#570,#571,#572),(#573,#574,#575,#576,#577,
#578,#579,#580,#581,#582,#583,#584,#585,#586,#587),(#588,#589,#590,#591,
#592,#593,#594,#595,#596,#597,#598,#599,#600,#601,#602),(#603,#604,#605,
#606,#607,#608,#609,#610,#611,#612,#613,#614,#615,#616,#617),(#618,#619,
#620,#621,#622,#623,#624,#625,#626,#627,#628,#629,#630,#631,#632),(#633,
#634,#635,#636,#637,#638,#639,#640,#641,#642,#643,#644,#645,#646,#647),
(#648,#649,#650,#651,#652,#653,#654,#655,#656,#657,#658,#659,#660,#661,
#662),(#663,#664,#665,#666,#667,#668,#669,#670,#671,#672,#673,#674,#675,
#676,#677),(#678,#679,#680,#681,#682,#683,#684,#685,#686,#687,#688,#689,
#690,#691,#692),(#693,#694,#695,#696,#697,#698,#699,#700,#701,#702,#703,
#704,#705,#706,#707),(#708,#709,#710,#711,#712,#713,#714,#715,#716,#717,
#718,#719,#720,#721,#722),(#723,#724,#725,#726,#727,#728,#729,#730,#731,
#732,#733,#734,#735,#736,#737),(#738,#739,#740,#741,#742,#743,#744,#745,
#746,#747,#748,#749,#750,#751,#752),(#753,#754,#755,#756,#757,#758,#759,
#760,#761,#762,#763,#764,#765,#766,#767),(#768,#769,#770,#771,#772,#773,
#774,#775,#776,#777,#778,#779,#780,#781,#782),(#783,#784,#785,#786,#787,
#788,#789,#790,#791,#792,#793,#794,#795,#796,#797),(#798,#799,#800,#801,
#802,#803,#804,#805,#806,#807,#808,#809,#810,#811,#812),(#813,#814,#815,
#816,#817,#818,#819,#820,#821,#822,#823,#824,#825,#826,#827),(#828,#829,
#830,#831,#832,#833,#834,#835,#836,#837,#838,#839,#840,#841,#842),(#843,
#844,#845,#846,#847,#848,#849,#850,#851,#852,#853,#854,#855,#856,#857),
(#858,#859,#860,#861,#862,#863,#864,#865,#866,#867,#868,#869,#870,#871,
#872),(#873,#874,#875,#876,#877,#878,#879,#880,#881,#882,#883,#884,#885,
#886,#887),(#888,#889,#890,#891,#892,#893,#894,#895,#896,#897,#898,#899,
#900,#901,#902),(#903,#904,#905,#906,#907,#908,#909,#910,#911,#912,#913,
#914,#915,#916,#917),(#918,#919,#920,#921,#922,#923,#924,#925,#926,#927,
#928,#929,#930,#931,#932),(#933,#934,#935,#936,#937,#938,#939,#940,#941,
#942,#943,#944,#945,#946,#947),(#948,#949,#950,#951,#952,#953,#954,#955,
#956,#957,#958,#959,#960,#961,#962),(#963,#964,#965,#966,#967,#968,#969,
#970,#971,#972,#973,#974,#975,#976,#977),(#978,#979,#980,#981,#982,#983,
#984,#985,#986,#987,#988,#989,#990,#991,#992),(#993,#994,#995,#996,#997,
#998,#999,#1000,#1001,#1002,#1003,#1004,#1005,#1006,#1007),(#1008,#1009,
#1010,#1011,#1012,#1013,#1014,#1015,#1016,#1017,#1018,#1019,#1020,#1021,
#1022),(#1023,#1024,#1025,#1026,#1027,#1028,#1029,#1030,#1031,#1032,#1033,
#1034,#1035,#1036,#1037),(#1038,#1039,#1040,#1041,#1042,#1043,#1044,#1045,
#1046,#1047,#1048,#1049,#1050,#1051,#1052),(#1053,#1054,#1055,#1056,#1057,
#1058,#1059,#1060,#1061,#1062,#1063,#1064,#1065,#1066,#1067),(#1068,#1069,
#1070,#1071,#1072,#1073,#1074,#1075,#1076,#1077,#1078,#1079,#1080,#1081,
#1082),(#1083,#1084,#1085,#1086,#1087,#1088,#1089,#1090,#1091,#1092,#1093,
#1094,#1095,#1096,#1097),(#1098,#1099,#1100,#1101,#1102,#1103,#1104,#1105,
#1106,#1107,#1108,#1109,#1110,#1111,#1112),(#1113,#1114,#1115,#1116,#1117,
#1118,#1119,#1120,#1121,#1122,#1123,#1124,#1125,#1126,#1127),(#1128,#1129,
#1130,#1131,#1132,#1133,#1134,#1135,#1136,#1137,#1138,#1139,#1140,#1141,
#1142),(#1143,#1144,#1145,#1146,#1147,#1148,#1149,#1150,#1151,#1152,#1153,
#1154,#1155,#1156,#1157),(#1158,#1159,#1160,#1161,#1162,#1163,#1164,#1165,
#1166,#1167,#1168,#1169,#1170,#1171,#1172),(#1173,#1174,#1175,#1176,#1177,
#1178,#1179,#1180,#1181,#1182,#1183,#1184,#1185,#1186,#1187),(#1188,#1189,
#1190,#1191,#1192,#1193,#1194,#1195,#1196,#1197,#1198,#1199,#1200,#1201,
#1202),(#1203,#1204,#1205,#1206,#1207,#1208,#1209,#1210,#1211,#1212,#1213,
#1214,#1215,#1216,#1217),(#1218,#1219,#1220,#1221,#1222,#1223,#1224,#1225,
#1226,#1227,#1228,#1229,#1230,#1231,#1232),(#1233,#1234,#1235,#1236,#1237,
#1238,#1239,#1240,#1241,#1242,#1243,#1244,#1245,#1246,#1247),(#1248,#1249,
#1250,#1251,#1252,#1253,#1254,#1255,#1256,#1257,#1258,#1259,#1260,#1261,
#1262),(#1263,#1264,#1265,#1266,#1267,#1268,#1269,#1270,#1271,#1272,#1273,
#1274,#1275,#1276,#1277),(#1278,#1279,#1280,#1281,#1282,#1283,#1284,#1285,
#1286,#1287,#1288,#1289,#1290,#1291,#1292)),.UNSPECIFIED.,.T.,.F.,.F.,(4,
2,2,2,1,2,2,2,2,2,2,2,1,2,2,1,2,2,2,2,2,1,2,2,2,2,2,2,2,1,2,2,2,4),(4,1,
1,1,1,1,1,1,1,1,1,1,4),(0.,0.0283391305596547,0.086027066851662,0.114952678250221,
0.124759007887258,0.134565337524296,0.135015705444741,0.187186960800434,
0.249912462625302,0.312411077134689,0.364525170630897,0.364927212531157,
0.374959671647226,0.384992130763294,0.412569245297399,0.444856858222541,
0.477144471147684,0.499955642812787,0.551819732816639,0.607489238134644,
0.614933592893262,0.624968273176803,0.635002953460344,0.656694294367932,
0.720401609419421,0.750043177289829,0.789497966869167,0.846563734404723,
0.864960328931099,0.87499362314702,0.885026917362941,0.897671024905354,
0.954456873144779,1.),(0.,0.142857142857143,0.285714285714286,0.428571428571429,
0.5,0.535714285714286,0.571428571428571,0.642857142857143,0.714285714285714,
0.785714285714286,0.857142857142857,0.928571428571429,1.),.UNSPECIFIED.);
#45=B_SPLINE_SURFACE_WITH_KNOTS('',3,3,((#1388,#1389,#1390,#1391,#1392,
#1393),(#1394,#1395,#1396,#1397,#1398,#1399),(#1400,#1401,#1402,#1403,#1404,
#1405),(#1406,#1407,#1408,#1409,#1410,#1411),(#1412,#1413,#1414,#1415,#1416,
#1417),(#1418,#1419,#1420,#1421,#1422,#1423),(#1424,#1425,#1426,#1427,#1428,
#1429),(#1430,#1431,#1432,#1433,#1434,#1435)),.UNSPECIFIED.,.F.,.F.,.F.,
(4,1,1,1,1,4),(4,1,1,4),(0.,0.142857142857143,0.285714285714286,0.571428571428571,
0.857142857142857,1.),(0.,0.285714285714286,0.571428571428571,1.),
 .UNSPECIFIED.);
#46=B_SPLINE_SURFACE_WITH_KNOTS('',3,3,((#1483,#1484,#1485,#1486,#1487,
#1488),(#1489,#1490,#1491,#1492,#1493,#1494),(#1495,#1496,#1497,#1498,#1499,
#1500),(#1501,#1502,#1503,#1504,#1505,#1506),(#1507,#1508,#1509,#1510,#1511,
#1512),(#1513,#1514,#1515,#1516,#1517,#1518),(#1519,#1520,#1521,#1522,#1523,
#1524),(#1525,#1526,#1527,#1528,#1529,#1530)),.UNSPECIFIED.,.F.,.F.,.F.,
(4,1,1,1,1,4),(4,1,1,4),(0.,0.142857142857143,0.285714285714286,0.571428571428571,
0.857142857142857,1.),(0.,0.285714285714286,0.571428571428571,1.),
 .UNSPECIFIED.);
#47=B_SPLINE_SURFACE_WITH_KNOTS('',3,3,((#1566,#1567,#1568,#1569,#1570,
#1571),(#1572,#1573,#1574,#1575,#1576,#1577),(#1578,#1579,#1580,#1581,#1582,
#1583),(#1584,#1585,#1586,#1587,#1588,#1589),(#1590,#1591,#1592,#1593,#1594,
#1595),(#1596,#1597,#1598,#1599,#1600,#1601),(#1602,#1603,#1604,#1605,#1606,
#1607),(#1608,#1609,#1610,#1611,#1612,#1613)),.UNSPECIFIED.,.F.,.F.,.F.,
(4,1,1,1,1,4),(4,1,1,4),(0.,0.142857142857143,0.285714285714286,0.571428571428571,
0.857142857142857,1.),(0.,0.285714285714286,0.571428571428571,1.),
 .UNSPECIFIED.);
#48=B_SPLINE_SURFACE_WITH_KNOTS('',3,3,((#1649,#1650,#1651,#1652,#1653,
#1654),(#1655,#1656,#1657,#1658,#1659,#1660),(#1661,#1662,#1663,#1664,#1665,
#1666),(#1667,#1668,#1669,#1670,#1671,#1672),(#1673,#1674,#1675,#1676,#1677,
#1678),(#1679,#1680,#1681,#1682,#1683,#1684),(#1685,#1686,#1687,#1688,#1689,
#1690),(#1691,#1692,#1693,#1694,#1695,#1696)),.UNSPECIFIED.,.F.,.F.,.F.,
(4,1,1,1,1,4),(4,1,1,4),(0.,0.142857142857143,0.285714285714286,0.571428571428571,
0.857142857142857,1.),(0.,0.285714285714286,0.571428571428571,1.),
 .UNSPECIFIED.);
#49=B_SPLINE_SURFACE_WITH_KNOTS('',3,3,((#1738,#1739,#1740,#1741,#1742,
#1743,#1744),(#1745,#1746,#1747,#1748,#1749,#1750,#1751),(#1752,#1753,#1754,
#1755,#1756,#1757,#1758),(#1759,#1760,#1761,#1762,#1763,#1764,#1765),(#1766,
#1767,#1768,#1769,#1770,#1771,#1772),(#1773,#1774,#1775,#1776,#1777,#1778,
#1779),(#1780,#1781,#1782,#1783,#1784,#1785,#1786),(#1787,#1788,#1789,#1790,
#1791,#1792,#1793),(#1794,#1795,#1796,#1797,#1798,#1799,#1800),(#1801,#1802,
#1803,#1804,#1805,#1806,#1807),(#1808,#1809,#1810,#1811,#1812,#1813,#1814),
(#1815,#1816,#1817,#1818,#1819,#1820,#1821)),.UNSPECIFIED.,.F.,.F.,.F.,
(4,1,1,1,2,1,1,1,4),(4,1,1,1,4),(0.,0.0749999999999998,0.0999999999999997,
0.299999999999999,0.499999999999999,0.699999999999999,0.9,0.925,1.),(0.,
0.288363879619525,0.547076037374326,0.786334739347157,1.),.UNSPECIFIED.);
#50=B_SPLINE_SURFACE_WITH_KNOTS('',3,3,((#1836,#1837,#1838,#1839,#1840,
#1841,#1842,#1843,#1844,#1845),(#1846,#1847,#1848,#1849,#1850,#1851,#1852,
#1853,#1854,#1855),(#1856,#1857,#1858,#1859,#1860,#1861,#1862,#1863,#1864,
#1865),(#1866,#1867,#1868,#1869,#1870,#1871,#1872,#1873,#1874,#1875),(#1876,
#1877,#1878,#1879,#1880,#1881,#1882,#1883,#1884,#1885)),.UNSPECIFIED.,.F.,
 .F.,.F.,(4,1,4),(4,1,1,1,1,1,1,4),(0.,0.571428571428571,1.),(0.,0.287979347120103,
0.288363879619525,0.54643131041964,0.547076037374326,0.785722133805235,
0.786334739347158,1.),.UNSPECIFIED.);
#51=B_SPLINE_SURFACE_WITH_KNOTS('',3,3,((#1893,#1894,#1895,#1896,#1897,
#1898,#1899,#1900,#1901,#1902,#1903,#1904,#1905,#1906),(#1907,#1908,#1909,
#1910,#1911,#1912,#1913,#1914,#1915,#1916,#1917,#1918,#1919,#1920),(#1921,
#1922,#1923,#1924,#1925,#1926,#1927,#1928,#1929,#1930,#1931,#1932,#1933,
#1934),(#1935,#1936,#1937,#1938,#1939,#1940,#1941,#1942,#1943,#1944,#1945,
#1946,#1947,#1948),(#1949,#1950,#1951,#1952,#1953,#1954,#1955,#1956,#1957,
#1958,#1959,#1960,#1961,#1962),(#1963,#1964,#1965,#1966,#1967,#1968,#1969,
#1970,#1971,#1972,#1973,#1974,#1975,#1976),(#1977,#1978,#1979,#1980,#1981,
#1982,#1983,#1984,#1985,#1986,#1987,#1988,#1989,#1990),(#1991,#1992,#1993,
#1994,#1995,#1996,#1997,#1998,#1999,#2000,#2001,#2002,#2003,#2004)),
 .UNSPECIFIED.,.F.,.F.,.F.,(4,1,2,1,4),(4,1,1,1,1,1,1,1,1,1,1,4),(0.,0.2000000136302,
0.500000034075499,0.800000013630199,1.),(0.,0.0714285714285714,0.214285714285714,
0.287979347120103,0.428571428571428,0.546432108512105,0.571428571428571,
0.714285714285714,0.785722133805235,0.785723097704906,0.857142857142857,
1.),.UNSPECIFIED.);
#52=B_SPLINE_SURFACE_WITH_KNOTS('',3,3,((#2012,#2013,#2014,#2015,#2016,
#2017,#2018,#2019,#2020,#2021),(#2022,#2023,#2024,#2025,#2026,#2027,#2028,
#2029,#2030,#2031),(#2032,#2033,#2034,#2035,#2036,#2037,#2038,#2039,#2040,
#2041),(#2042,#2043,#2044,#2045,#2046,#2047,#2048,#2049,#2050,#2051),(#2052,
#2053,#2054,#2055,#2056,#2057,#2058,#2059,#2060,#2061)),.UNSPECIFIED.,.F.,
 .F.,.F.,(4,1,4),(4,1,1,1,1,1,1,4),(0.,0.571428571428571,1.),(0.,0.287979604955885,
0.288364195612126,0.546432108512105,0.547077017809716,0.785723097704906,
0.78633592673222,1.),.UNSPECIFIED.);
#53=B_SPLINE_SURFACE_WITH_KNOTS('',3,3,((#2069,#2070,#2071,#2072,#2073,
#2074,#2075),(#2076,#2077,#2078,#2079,#2080,#2081,#2082),(#2083,#2084,#2085,
#2086,#2087,#2088,#2089),(#2090,#2091,#2092,#2093,#2094,#2095,#2096),(#2097,
#2098,#2099,#2100,#2101,#2102,#2103),(#2104,#2105,#2106,#2107,#2108,#2109,
#2110),(#2111,#2112,#2113,#2114,#2115,#2116,#2117),(#2118,#2119,#2120,#2121,
#2122,#2123,#2124)),.UNSPECIFIED.,.F.,.F.,.F.,(4,1,2,1,4),(4,1,1,1,4),(0.,
0.2,0.500000000000001,0.8,1.),(0.,0.288364195612126,0.547077017809716,0.78633592673222,
1.),.UNSPECIFIED.);
#54=B_SPLINE_SURFACE_WITH_KNOTS('',3,3,((#2132,#2133,#2134,#2135,#2136,
#2137,#2138,#2139,#2140,#2141),(#2142,#2143,#2144,#2145,#2146,#2147,#2148,
#2149,#2150,#2151),(#2152,#2153,#2154,#2155,#2156,#2157,#2158,#2159,#2160,
#2161),(#2162,#2163,#2164,#2165,#2166,#2167,#2168,#2169,#2170,#2171),(#2172,
#2173,#2174,#2175,#2176,#2177,#2178,#2179,#2180,#2181)),.UNSPECIFIED.,.F.,
 .F.,.F.,(4,1,4),(4,1,1,1,1,1,1,4),(0.,0.571428571428571,1.),(0.,0.287979604955885,
0.288364195612126,0.546432108512105,0.547077017809716,0.785723097704906,
0.78633592673222,1.),.UNSPECIFIED.);
#55=B_SPLINE_SURFACE_WITH_KNOTS('',3,3,((#2189,#2190,#2191,#2192,#2193,
#2194,#2195,#2196,#2197,#2198,#2199,#2200,#2201,#2202),(#2203,#2204,#2205,
#2206,#2207,#2208,#2209,#2210,#2211,#2212,#2213,#2214,#2215,#2216),(#2217,
#2218,#2219,#2220,#2221,#2222,#2223,#2224,#2225,#2226,#2227,#2228,#2229,
#2230),(#2231,#2232,#2233,#2234,#2235,#2236,#2237,#2238,#2239,#2240,#2241,
#2242,#2243,#2244),(#2245,#2246,#2247,#2248,#2249,#2250,#2251,#2252,#2253,
#2254,#2255,#2256,#2257,#2258),(#2259,#2260,#2261,#2262,#2263,#2264,#2265,
#2266,#2267,#2268,#2269,#2270,#2271,#2272),(#2273,#2274,#2275,#2276,#2277,
#2278,#2279,#2280,#2281,#2282,#2283,#2284,#2285,#2286),(#2287,#2288,#2289,
#2290,#2291,#2292,#2293,#2294,#2295,#2296,#2297,#2298,#2299,#2300),(#2301,
#2302,#2303,#2304,#2305,#2306,#2307,#2308,#2309,#2310,#2311,#2312,#2313,
#2314),(#2315,#2316,#2317,#2318,#2319,#2320,#2321,#2322,#2323,#2324,#2325,
#2326,#2327,#2328),(#2329,#2330,#2331,#2332,#2333,#2334,#2335,#2336,#2337,
#2338,#2339,#2340,#2341,#2342)),.UNSPECIFIED.,.F.,.F.,.F.,(4,1,1,2,1,1,
1,4),(4,1,1,1,1,1,1,1,1,1,1,4),(0.,0.199999986369801,0.299999979554702,
0.499999965924503,0.599999972739602,0.699999979554702,0.799999986369801,
1.),(0.,0.0714285714285715,0.214285714285714,0.287979347120103,0.428571428571428,
0.546432108512105,0.571428571428571,0.714285714285714,0.785722133805235,
0.785723097704906,0.857142857142857,1.),.UNSPECIFIED.);
#56=B_SPLINE_SURFACE_WITH_KNOTS('',3,3,((#2350,#2351,#2352,#2353,#2354,
#2355,#2356,#2357,#2358,#2359),(#2360,#2361,#2362,#2363,#2364,#2365,#2366,
#2367,#2368,#2369),(#2370,#2371,#2372,#2373,#2374,#2375,#2376,#2377,#2378,
#2379),(#2380,#2381,#2382,#2383,#2384,#2385,#2386,#2387,#2388,#2389),(#2390,
#2391,#2392,#2393,#2394,#2395,#2396,#2397,#2398,#2399)),.UNSPECIFIED.,.F.,
 .F.,.F.,(4,1,4),(4,1,1,1,1,1,1,4),(0.,0.571428571428571,1.),(0.,0.287979347120103,
0.288363879619525,0.54643131041964,0.547076037374326,0.785722133805235,
0.786334739347157,1.),.UNSPECIFIED.);
#57=FACE_OUTER_BOUND('',#72,.T.);
#58=FACE_OUTER_BOUND('',#73,.T.);
#59=FACE_OUTER_BOUND('',#74,.T.);
#60=FACE_OUTER_BOUND('',#75,.T.);
#61=FACE_OUTER_BOUND('',#76,.T.);
#62=FACE_OUTER_BOUND('',#77,.T.);
#63=FACE_OUTER_BOUND('',#78,.T.);
#64=FACE_OUTER_BOUND('',#80,.T.);
#65=FACE_OUTER_BOUND('',#81,.T.);
#66=FACE_OUTER_BOUND('',#82,.T.);
#67=FACE_OUTER_BOUND('',#83,.T.);
#68=FACE_OUTER_BOUND('',#84,.T.);
#69=FACE_OUTER_BOUND('',#85,.T.);
#70=FACE_OUTER_BOUND('',#86,.T.);
#71=FACE_OUTER_BOUND('',#87,.T.);
#72=EDGE_LOOP('',(#157));
#73=EDGE_LOOP('',(#158,#159,#160,#161));
#74=EDGE_LOOP('',(#162,#163,#164,#165,#166));
#75=EDGE_LOOP('',(#167,#168,#169,#170,#171));
#76=EDGE_LOOP('',(#172,#173,#174,#175,#176));
#77=EDGE_LOOP('',(#177,#178,#179,#180,#181));
#78=EDGE_LOOP('',(#182,#183,#184,#185,#186,#187,#188,#189));
#79=EDGE_LOOP('',(#190));
#80=EDGE_LOOP('',(#191,#192,#193,#194,#195));
#81=EDGE_LOOP('',(#196,#197,#198,#199));
#82=EDGE_LOOP('',(#200,#201,#202,#203,#204));
#83=EDGE_LOOP('',(#205,#206,#207,#208));
#84=EDGE_LOOP('',(#209,#210,#211,#212,#213));
#85=EDGE_LOOP('',(#214,#215,#216,#217));
#86=EDGE_LOOP('',(#218,#219,#220,#221,#222));
#87=EDGE_LOOP('',(#223,#224,#225,#226));
#88=B_SPLINE_CURVE_WITH_KNOTS('',3,(#285,#286,#287,#288,#289,#290,#291,
#292,#293,#294,#295,#296,#297,#298,#299,#300,#301,#302,#303,#304,#305,#306,
#307,#308,#309,#310,#311,#312,#313,#314,#315,#316,#317,#318,#319,#320,#321,
#322,#323,#324,#325,#326,#327,#328,#329,#330,#331,#332,#333,#334,#335,#336,
#337,#338,#339,#340,#341,#342,#343,#344,#345,#346,#347),.UNSPECIFIED.,.T.,
 .F.,(4,2,2,2,1,2,2,2,2,2,2,2,1,2,2,1,2,2,2,2,2,1,2,2,2,2,2,2,2,1,2,2,2,
4),(0.,0.0283391305596547,0.086027066851662,0.114952678250221,0.124759007887258,
0.134565337524296,0.135015705444741,0.187186960800434,0.249912462625302,
0.312411077134689,0.364525170630897,0.364927212531157,0.374959671647226,
0.384992130763294,0.412569245297399,0.444856858222541,0.477144471147684,
0.499955642812787,0.551819732816639,0.607489238134644,0.614933592893262,
0.624968273176803,0.635002953460344,0.656694294367932,0.720401609419421,
0.750043177289829,0.789497966869167,0.846563734404723,0.864960328931099,
0.87499362314702,0.885026917362941,0.897671024905354,0.954456873144779,
1.),.UNSPECIFIED.);
#89=B_SPLINE_CURVE_WITH_KNOTS('',3,(#1294,#1295,#1296,#1297,#1298,#1299,
#1300,#1301,#1302,#1303,#1304,#1305,#1306,#1307,#1308,#1309,#1310,#1311,
#1312,#1313,#1314,#1315,#1316,#1317,#1318,#1319,#1320,#1321,#1322,#1323,
#1324,#1325,#1326,#1327,#1328,#1329,#1330,#1331,#1332,#1333,#1334,#1335,
#1336,#1337,#1338,#1339,#1340,#1341,#1342,#1343,#1344,#1345,#1346,#1347,
#1348,#1349,#1350,#1351,#1352,#1353,#1354,#1355,#1356),.UNSPECIFIED.,.T.,
 .F.,(4,2,2,2,1,2,2,2,2,2,2,2,1,2,2,2,2,2,1,2,2,1,2,2,2,2,2,2,2,1,2,2,2,
4),(-1.,-0.954456873144779,-0.897671024905354,-0.885026917362941,-0.87499362314702,
-0.864960328931099,-0.846563734404723,-0.789497966869167,-0.750043177289829,
-0.720401609419421,-0.656694294367932,-0.635002953460344,-0.624968273176803,
-0.614933592893262,-0.607489238134644,-0.551819732816639,-0.499955642812787,
-0.477144471147684,-0.444856858222541,-0.412569245297399,-0.384992130763294,
-0.374959671647226,-0.364927212531157,-0.364525170630897,-0.312411077134689,
-0.249912462625302,-0.187186960800434,-0.135015705444741,-0.134565337524296,
-0.124759007887258,-0.114952678250221,-0.086027066851662,-0.0283391305596547,
0.),.UNSPECIFIED.);
#90=B_SPLINE_CURVE_WITH_KNOTS('',3,(#1357,#1358,#1359,#1360,#1361,#1362,
#1363,#1364,#1365,#1366,#1367,#1368,#1369,#1370,#1371,#1372,#1373,#1374,
#1375,#1376,#1377,#1378,#1379,#1380,#1381,#1382,#1383,#1384,#1385,#1386,
#1387),.UNSPECIFIED.,.F.,.F.,(4,3,3,3,3,3,3,3,3,3,4),(-1.,-0.857142857142857,
-0.714285714285714,-0.571428571428571,-0.5,-0.428571428571429,-0.357142857142857,
-0.214285714285714,-0.142857142857143,-0.0714285714285714,0.),
 .UNSPECIFIED.);
#91=B_SPLINE_CURVE_WITH_KNOTS('',3,(#1822,#1823,#1824,#1825,#1826,#1827,
#1828),.UNSPECIFIED.,.F.,.F.,(4,1,1,1,4),(0.,0.194562532133373,0.369118695592116,
0.530549381544179,0.674711868872358),.UNSPECIFIED.);
#92=B_SPLINE_CURVE_WITH_KNOTS('',3,(#1829,#1830,#1831,#1832,#1833,#1834,
#1835),.UNSPECIFIED.,.F.,.F.,(4,1,1,1,4),(0.,0.194562532133373,0.369118695592115,
0.530549381544179,0.674711868872358),.UNSPECIFIED.);
#93=B_SPLINE_CURVE_WITH_KNOTS('',3,(#1886,#1887,#1888,#1889,#1890,#1891,
#1892),.UNSPECIFIED.,.F.,.F.,(4,1,1,1,4),(0.,0.194322352457261,0.368720252889398,
0.530188622710831,0.67477877979985),.UNSPECIFIED.);
#94=B_SPLINE_CURVE_WITH_KNOTS('',3,(#2005,#2006,#2007,#2008,#2009,#2010,
#2011),.UNSPECIFIED.,.F.,.F.,(4,1,1,1,4),(0.,0.194322518454248,0.368720776273734,
0.530189251343268,0.674778752071752),.UNSPECIFIED.);
#95=B_SPLINE_CURVE_WITH_KNOTS('',3,(#2062,#2063,#2064,#2065,#2066,#2067,
#2068),.UNSPECIFIED.,.F.,.F.,(4,1,1,1,4),(0.,0.194562733014769,0.369119333725465,
0.530550149084765,0.67471182613972),.UNSPECIFIED.);
#96=B_SPLINE_CURVE_WITH_KNOTS('',3,(#2125,#2126,#2127,#2128,#2129,#2130,
#2131),.UNSPECIFIED.,.F.,.F.,(4,1,1,1,4),(0.,0.194562733014767,0.369119333725461,
0.530550149084759,0.674711826139712),.UNSPECIFIED.);
#97=B_SPLINE_CURVE_WITH_KNOTS('',3,(#2182,#2183,#2184,#2185,#2186,#2187,
#2188),.UNSPECIFIED.,.F.,.F.,(4,1,1,1,4),(0.,0.194322518454247,0.368720776273732,
0.530189251343265,0.674778752071748),.UNSPECIFIED.);
#98=B_SPLINE_CURVE_WITH_KNOTS('',3,(#2343,#2344,#2345,#2346,#2347,#2348,
#2349),.UNSPECIFIED.,.F.,.F.,(4,1,1,1,4),(0.,0.19432235245726,0.368720252889397,
0.53018862271083,0.674778779799849),.UNSPECIFIED.);
#99=VERTEX_POINT('',#284);
#100=VERTEX_POINT('',#1293);
#101=VERTEX_POINT('',#1436);
#102=VERTEX_POINT('',#1437);
#103=VERTEX_POINT('',#1445);
#104=VERTEX_POINT('',#1456);
#105=VERTEX_POINT('',#1467);
#106=VERTEX_POINT('',#1531);
#107=VERTEX_POINT('',#1539);
#108=VERTEX_POINT('',#1550);
#109=VERTEX_POINT('',#1614);
#110=VERTEX_POINT('',#1622);
#111=VERTEX_POINT('',#1633);
#112=VERTEX_POINT('',#1697);
#113=VERTEX_POINT('',#1705);
#114=VERTEX_POINT('',#1722);
#115=VERTEX_POINT('',#1723);
#116=VERTEX_POINT('',#1725);
#117=VERTEX_POINT('',#1727);
#118=VERTEX_POINT('',#1729);
#119=VERTEX_POINT('',#1731);
#120=VERTEX_POINT('',#1733);
#121=VERTEX_POINT('',#1735);
#122=EDGE_CURVE('',#99,#99,#88,.T.);
#123=EDGE_CURVE('',#100,#100,#89,.T.);
#124=EDGE_CURVE('',#100,#99,#90,.T.);
#125=EDGE_CURVE('',#101,#102,#28,.T.);
#126=EDGE_CURVE('',#101,#103,#29,.T.);
#127=EDGE_CURVE('',#104,#103,#30,.T.);
#128=EDGE_CURVE('',#105,#104,#31,.T.);
#129=EDGE_CURVE('',#102,#105,#32,.T.);
#130=EDGE_CURVE('',#104,#106,#33,.T.);
#131=EDGE_CURVE('',#107,#103,#34,.T.);
#132=EDGE_CURVE('',#108,#107,#35,.T.);
#133=EDGE_CURVE('',#106,#108,#36,.T.);
#134=EDGE_CURVE('',#107,#109,#37,.T.);
#135=EDGE_CURVE('',#110,#103,#38,.T.);
#136=EDGE_CURVE('',#111,#110,#39,.T.);
#137=EDGE_CURVE('',#109,#111,#40,.T.);
#138=EDGE_CURVE('',#110,#112,#41,.T.);
#139=EDGE_CURVE('',#113,#101,#42,.T.);
#140=EDGE_CURVE('',#112,#113,#43,.T.);
#141=EDGE_CURVE('',#114,#115,#20,.T.);
#142=EDGE_CURVE('',#115,#116,#16,.T.);
#143=EDGE_CURVE('',#116,#117,#21,.T.);
#144=EDGE_CURVE('',#117,#118,#17,.T.);
#145=EDGE_CURVE('',#118,#119,#22,.T.);
#146=EDGE_CURVE('',#119,#120,#18,.T.);
#147=EDGE_CURVE('',#120,#121,#23,.T.);
#148=EDGE_CURVE('',#121,#114,#19,.T.);
#149=EDGE_CURVE('',#102,#115,#91,.T.);
#150=EDGE_CURVE('',#113,#114,#92,.T.);
#151=EDGE_CURVE('',#105,#116,#93,.T.);
#152=EDGE_CURVE('',#106,#117,#94,.T.);
#153=EDGE_CURVE('',#108,#118,#95,.T.);
#154=EDGE_CURVE('',#109,#119,#96,.T.);
#155=EDGE_CURVE('',#111,#120,#97,.T.);
#156=EDGE_CURVE('',#112,#121,#98,.T.);
#157=ORIENTED_EDGE('',*,*,#122,.T.);
#158=ORIENTED_EDGE('',*,*,#123,.F.);
#159=ORIENTED_EDGE('',*,*,#124,.T.);
#160=ORIENTED_EDGE('',*,*,#122,.F.);
#161=ORIENTED_EDGE('',*,*,#124,.F.);
#162=ORIENTED_EDGE('',*,*,#125,.F.);
#163=ORIENTED_EDGE('',*,*,#126,.T.);
#164=ORIENTED_EDGE('',*,*,#127,.F.);
#165=ORIENTED_EDGE('',*,*,#128,.F.);
#166=ORIENTED_EDGE('',*,*,#129,.F.);
#167=ORIENTED_EDGE('',*,*,#130,.F.);
#168=ORIENTED_EDGE('',*,*,#127,.T.);
#169=ORIENTED_EDGE('',*,*,#131,.F.);
#170=ORIENTED_EDGE('',*,*,#132,.F.);
#171=ORIENTED_EDGE('',*,*,#133,.F.);
#172=ORIENTED_EDGE('',*,*,#134,.F.);
#173=ORIENTED_EDGE('',*,*,#131,.T.);
#174=ORIENTED_EDGE('',*,*,#135,.F.);
#175=ORIENTED_EDGE('',*,*,#136,.F.);
#176=ORIENTED_EDGE('',*,*,#137,.F.);
#177=ORIENTED_EDGE('',*,*,#138,.F.);
#178=ORIENTED_EDGE('',*,*,#135,.T.);
#179=ORIENTED_EDGE('',*,*,#126,.F.);
#180=ORIENTED_EDGE('',*,*,#139,.F.);
#181=ORIENTED_EDGE('',*,*,#140,.F.);
#182=ORIENTED_EDGE('',*,*,#141,.T.);
#183=ORIENTED_EDGE('',*,*,#142,.T.);
#184=ORIENTED_EDGE('',*,*,#143,.T.);
#185=ORIENTED_EDGE('',*,*,#144,.T.);
#186=ORIENTED_EDGE('',*,*,#145,.T.);
#187=ORIENTED_EDGE('',*,*,#146,.T.);
#188=ORIENTED_EDGE('',*,*,#147,.T.);
#189=ORIENTED_EDGE('',*,*,#148,.T.);
#190=ORIENTED_EDGE('',*,*,#123,.T.);
#191=ORIENTED_EDGE('',*,*,#139,.T.);
#192=ORIENTED_EDGE('',*,*,#125,.T.);
#193=ORIENTED_EDGE('',*,*,#149,.T.);
#194=ORIENTED_EDGE('',*,*,#141,.F.);
#195=ORIENTED_EDGE('',*,*,#150,.F.);
#196=ORIENTED_EDGE('',*,*,#129,.T.);
#197=ORIENTED_EDGE('',*,*,#151,.T.);
#198=ORIENTED_EDGE('',*,*,#142,.F.);
#199=ORIENTED_EDGE('',*,*,#149,.F.);
#200=ORIENTED_EDGE('',*,*,#128,.T.);
#201=ORIENTED_EDGE('',*,*,#130,.T.);
#202=ORIENTED_EDGE('',*,*,#152,.T.);
#203=ORIENTED_EDGE('',*,*,#143,.F.);
#204=ORIENTED_EDGE('',*,*,#151,.F.);
#205=ORIENTED_EDGE('',*,*,#133,.T.);
#206=ORIENTED_EDGE('',*,*,#153,.T.);
#207=ORIENTED_EDGE('',*,*,#144,.F.);
#208=ORIENTED_EDGE('',*,*,#152,.F.);
#209=ORIENTED_EDGE('',*,*,#132,.T.);
#210=ORIENTED_EDGE('',*,*,#134,.T.);
#211=ORIENTED_EDGE('',*,*,#154,.T.);
#212=ORIENTED_EDGE('',*,*,#145,.F.);
#213=ORIENTED_EDGE('',*,*,#153,.F.);
#214=ORIENTED_EDGE('',*,*,#137,.T.);
#215=ORIENTED_EDGE('',*,*,#155,.T.);
#216=ORIENTED_EDGE('',*,*,#146,.F.);
#217=ORIENTED_EDGE('',*,*,#154,.F.);
#218=ORIENTED_EDGE('',*,*,#136,.T.);
#219=ORIENTED_EDGE('',*,*,#138,.T.);
#220=ORIENTED_EDGE('',*,*,#156,.T.);
#221=ORIENTED_EDGE('',*,*,#147,.F.);
#222=ORIENTED_EDGE('',*,*,#155,.F.);
#223=ORIENTED_EDGE('',*,*,#140,.T.);
#224=ORIENTED_EDGE('',*,*,#150,.T.);
#225=ORIENTED_EDGE('',*,*,#148,.F.);
#226=ORIENTED_EDGE('',*,*,#156,.F.);
#227=PLANE('',#258);
#228=PLANE('',#259);
#229=ADVANCED_FACE('',(#57),#227,.F.);
#230=ADVANCED_FACE('',(#58),#44,.T.);
#231=ADVANCED_FACE('',(#59),#45,.F.);
#232=ADVANCED_FACE('',(#60),#46,.F.);
#233=ADVANCED_FACE('',(#61),#47,.F.);
#234=ADVANCED_FACE('',(#62),#48,.F.);
#235=ADVANCED_FACE('',(#63,#15),#228,.F.);
#236=ADVANCED_FACE('',(#64),#49,.T.);
#237=ADVANCED_FACE('',(#65),#50,.T.);
#238=ADVANCED_FACE('',(#66),#51,.T.);
#239=ADVANCED_FACE('',(#67),#52,.T.);
#240=ADVANCED_FACE('',(#68),#53,.T.);
#241=ADVANCED_FACE('',(#69),#54,.T.);
#242=ADVANCED_FACE('',(#70),#55,.T.);
#243=ADVANCED_FACE('',(#71),#56,.T.);
#244=CLOSED_SHELL('',(#229,#230,#231,#232,#233,#234,#235,#236,#237,#238,
#239,#240,#241,#242,#243));
#245=DERIVED_UNIT_ELEMENT(#247,1.);
#246=DERIVED_UNIT_ELEMENT(#2405,-3.);
#247=(
MASS_UNIT()
NAMED_UNIT(*)
SI_UNIT(.KILO.,.GRAM.)
);
#248=DERIVED_UNIT((#245,#246));
#249=MEASURE_REPRESENTATION_ITEM('density measure',
POSITIVE_RATIO_MEASURE(7850.),#248);
#250=PROPERTY_DEFINITION_REPRESENTATION(#255,#252);
#251=PROPERTY_DEFINITION_REPRESENTATION(#256,#253);
#252=REPRESENTATION('material name',(#254),#2402);
#253=REPRESENTATION('density',(#249),#2402);
#254=DESCRIPTIVE_REPRESENTATION_ITEM('Steel','Steel');
#255=PROPERTY_DEFINITION('material property','material name',#2412);
#256=PROPERTY_DEFINITION('material property','density of part',#2412);
#257=AXIS2_PLACEMENT_3D('',#282,#264,#265);
#258=AXIS2_PLACEMENT_3D('',#283,#266,#267);
#259=AXIS2_PLACEMENT_3D('',#1721,#268,#269);
#260=AXIS2_PLACEMENT_3D('',#1726,#271,#272);
#261=AXIS2_PLACEMENT_3D('',#1730,#274,#275);
#262=AXIS2_PLACEMENT_3D('',#1734,#277,#278);
#263=AXIS2_PLACEMENT_3D('',#1737,#280,#281);
#264=DIRECTION('axis',(0.,0.,1.));
#265=DIRECTION('refdir',(1.,0.,0.));
#266=DIRECTION('center_axis',(-3.57100133215008E-21,-1.67885151835759E-17,
1.));
#267=DIRECTION('ref_axis',(1.,0.,3.57100133215008E-21));
#268=DIRECTION('center_axis',(0.,0.,1.));
#269=DIRECTION('ref_axis',(1.,0.,0.));
#270=DIRECTION('',(0.,-1.,0.));
#271=DIRECTION('center_axis',(0.,0.,-1.));
#272=DIRECTION('ref_axis',(1.11022302462516E-15,-1.,0.));
#273=DIRECTION('',(-1.,1.58603289232165E-16,0.));
#274=DIRECTION('center_axis',(0.,0.,-1.));
#275=DIRECTION('ref_axis',(-1.,5.55111512312579E-16,0.));
#276=DIRECTION('',(0.,1.,0.));
#277=DIRECTION('center_axis',(0.,0.,-1.));
#278=DIRECTION('ref_axis',(0.,1.,0.));
#279=DIRECTION('',(1.,0.,0.));
#280=DIRECTION('center_axis',(0.,0.,-1.));
#281=DIRECTION('ref_axis',(1.,0.,0.));
#282=CARTESIAN_POINT('',(0.,0.,0.));
#283=CARTESIAN_POINT('Origin',(-0.00037132915882017,0.454425925986892,3.85));
#284=CARTESIAN_POINT('',(0.,5.,3.85));
#285=CARTESIAN_POINT('Ctrl Pts',(0.,5.,3.85));
#286=CARTESIAN_POINT('Ctrl Pts',(0.369727373264152,5.,3.85));
#287=CARTESIAN_POINT('Ctrl Pts',(0.739481472156954,5.00001344252338,3.85000000000002));
#288=CARTESIAN_POINT('Ctrl Pts',(1.86198556577569,5.00004497038336,3.85000000000006));
#289=CARTESIAN_POINT('Ctrl Pts',(2.61476608945811,5.00012223703121,3.8500000000002));
#290=CARTESIAN_POINT('Ctrl Pts',(3.74499079088195,5.00027622535843,3.85000000000035));
#291=CARTESIAN_POINT('Ctrl Pts',(4.12243721719317,5.0002025692441,3.85000000000044));
#292=CARTESIAN_POINT('Ctrl Pts',(4.62778657551565,5.00055635659225,3.85000000000058));
#293=CARTESIAN_POINT('Ctrl Pts',(4.88237257572361,4.89617753743878,3.85000000000057));
#294=CARTESIAN_POINT('Ctrl Pts',(4.99564301386023,4.64543691199102,3.85000000000068));
#295=CARTESIAN_POINT('Ctrl Pts',(5.0002753605354,4.51168764619471,3.8500000000007));
#296=CARTESIAN_POINT('Ctrl Pts',(5.00038211433051,4.50581061731856,3.8500000000007));
#297=CARTESIAN_POINT('Ctrl Pts',(5.00027171407262,3.81917454291744,3.85000000000054));
#298=CARTESIAN_POINT('Ctrl Pts',(5.00013292646715,3.1384117730507,3.85000000000023));
#299=CARTESIAN_POINT('Ctrl Pts',(5.00007003233737,1.63912958006887,3.8500000000001));
#300=CARTESIAN_POINT('Ctrl Pts',(5.00003839871344,0.820639461307696,3.84999999999997));
#301=CARTESIAN_POINT('Ctrl Pts',(5.00003992713003,-0.813298211278429,3.84999999999987));
#302=CARTESIAN_POINT('Ctrl Pts',(5.00007674338564,-1.6287959328663,3.84999999999958));
#303=CARTESIAN_POINT('Ctrl Pts',(5.00014668680742,-3.12427661755785,3.84999999999922));
#304=CARTESIAN_POINT('Ctrl Pts',(5.00030124527277,-3.8042282225291,3.84999999999812));
#305=CARTESIAN_POINT('Ctrl Pts',(5.00042247093518,-4.4894171513573,3.84999999999771));
#306=CARTESIAN_POINT('Ctrl Pts',(5.00041941127808,-4.49466319179146,3.84999999999771));
#307=CARTESIAN_POINT('Ctrl Pts',(5.00051465523022,-4.63079908386996,3.84999999999783));
#308=CARTESIAN_POINT('Ctrl Pts',(4.89100764185425,-4.8910846534516,3.84999999999818));
#309=CARTESIAN_POINT('Ctrl Pts',(4.63071331243268,-5.00061167590916,3.84999999999814));
#310=CARTESIAN_POINT('Ctrl Pts',(4.14005893960036,-5.00023273859354,3.84999999999859));
#311=CARTESIAN_POINT('Ctrl Pts',(3.78024890249852,-5.00031051978123,3.84999999999887));
#312=CARTESIAN_POINT('Ctrl Pts',(2.99916828413604,-5.000171553541,3.84999999999928));
#313=CARTESIAN_POINT('Ctrl Pts',(2.15661989596848,-5.00006458611578,3.84999999999976));
#314=CARTESIAN_POINT('Ctrl Pts',(1.31406214429745,-5.00006178428761,3.84999999999977));
#315=CARTESIAN_POINT('Ctrl Pts',(0.595195142658085,-5.00003878254394,3.84999999999989));
#316=CARTESIAN_POINT('Ctrl Pts',(0.297586475863291,-5.00004016202347,3.84999999999988));
#317=CARTESIAN_POINT('Ctrl Pts',(-0.676618764167482,-5.00003897726308,3.84999999999993));
#318=CARTESIAN_POINT('Ctrl Pts',(-1.35325385651032,-5.00006451032092,3.84999999999997));
#319=CARTESIAN_POINT('Ctrl Pts',(-2.75615918490796,-5.00011935293942,3.84999999999998));
#320=CARTESIAN_POINT('Ctrl Pts',(-3.48238820807454,-5.00026646593881,3.84999999999999));
#321=CARTESIAN_POINT('Ctrl Pts',(-4.30568097147464,-5.0004149199114,3.85));
#322=CARTESIAN_POINT('Ctrl Pts',(-4.40279557153542,-5.00037105228692,3.85));
#323=CARTESIAN_POINT('Ctrl Pts',(-4.63078642003324,-5.00053725481074,3.85));
#324=CARTESIAN_POINT('Ctrl Pts',(-4.8910735061351,-4.89102484384964,3.85));
#325=CARTESIAN_POINT('Ctrl Pts',(-5.00059734354349,-4.63073295799822,3.85));
#326=CARTESIAN_POINT('Ctrl Pts',(-5.00028297109593,-4.2169211682126,3.85));
#327=CARTESIAN_POINT('Ctrl Pts',(-5.00035898527427,-3.93396453385103,3.85));
#328=CARTESIAN_POINT('Ctrl Pts',(-5.00017735079041,-2.81998159819885,3.85));
#329=CARTESIAN_POINT('Ctrl Pts',(-5.00006871301196,-1.988937251588,3.85));
#330=CARTESIAN_POINT('Ctrl Pts',(-5.00004173562072,-0.771172320265877,3.85));
#331=CARTESIAN_POINT('Ctrl Pts',(-5.00003837133723,-0.384489749098007,3.85));
#332=CARTESIAN_POINT('Ctrl Pts',(-5.00003928331993,0.516884504156231,3.85));
#333=CARTESIAN_POINT('Ctrl Pts',(-5.00005060562312,1.03160950557887,3.85));
#334=CARTESIAN_POINT('Ctrl Pts',(-5.00009021443661,2.29085659410427,3.85));
#335=CARTESIAN_POINT('Ctrl Pts',(-5.00020287109307,3.03535906042326,3.85));
#336=CARTESIAN_POINT('Ctrl Pts',(-5.00036983478786,4.01986298308399,3.85));
#337=CARTESIAN_POINT('Ctrl Pts',(-5.00029939187762,4.25987674962088,3.85));
#338=CARTESIAN_POINT('Ctrl Pts',(-5.00058038289743,4.63075011642593,3.85));
#339=CARTESIAN_POINT('Ctrl Pts',(-4.89105951746468,4.89104022603479,3.85));
#340=CARTESIAN_POINT('Ctrl Pts',(-4.63077127939845,5.00055653550593,3.85));
#341=CARTESIAN_POINT('Ctrl Pts',(-4.33493663613945,5.00033584453263,3.85));
#342=CARTESIAN_POINT('Ctrl Pts',(-4.16997197339937,5.00039656238242,3.85));
#343=CARTESIAN_POINT('Ctrl Pts',(-3.26418738524552,5.00023486456271,3.85));
#344=CARTESIAN_POINT('Ctrl Pts',(-2.52337298802643,5.00009452560385,3.85));
#345=CARTESIAN_POINT('Ctrl Pts',(-1.18834807318795,5.00004130533954,3.85));
#346=CARTESIAN_POINT('Ctrl Pts',(-0.594179861198323,5.,3.85));
#347=CARTESIAN_POINT('Ctrl Pts',(0.,5.,3.85));
#348=CARTESIAN_POINT('Ctrl Pts',(-2.10932208158376E-7,8.15573771837999,
0.));
#349=CARTESIAN_POINT('Ctrl Pts',(-2.00888699696308E-7,8.15574347919404,
0.337509914872449));
#350=CARTESIAN_POINT('Ctrl Pts',(-1.80800926427073E-7,8.10519541789565,
0.967713669552797));
#351=CARTESIAN_POINT('Ctrl Pts',(-1.50667645783719E-7,7.8571543447716,1.78480547032073));
#352=CARTESIAN_POINT('Ctrl Pts',(-1.25555768211174E-7,7.47747299094955,
2.36546302345411));
#353=CARTESIAN_POINT('Ctrl Pts',(-1.07977312095687E-7,7.12139329864088,
2.71886595503106));
#354=CARTESIAN_POINT('Ctrl Pts',(-9.79324800296936E-8,6.89683888951916,
2.90493584286383));
#355=CARTESIAN_POINT('Ctrl Pts',(-8.78876614698633E-8,6.66084451057603,
3.08010861804869));
#356=CARTESIAN_POINT('Ctrl Pts',(-7.53316889181846E-8,6.34930202410559,
3.2780537202213));
#357=CARTESIAN_POINT('Ctrl Pts',(-6.02646839301202E-8,5.97286477580426,
3.47935767295458));
#358=CARTESIAN_POINT('Ctrl Pts',(-4.51979220529809E-8,5.62178628856529,
3.6411970352388));
#359=CARTESIAN_POINT('Ctrl Pts',(-3.01314843237414E-8,5.3240115879878,3.76033738649878));
#360=CARTESIAN_POINT('Ctrl Pts',(-1.5065451779377E-8,5.10484193895053,3.83350117572746));
#361=CARTESIAN_POINT('Ctrl Pts',(-5.021754231034E-9,5.02335861887235,3.85));
#362=CARTESIAN_POINT('Ctrl Pts',(0.,5.,3.85));
#363=CARTESIAN_POINT('Ctrl Pts',(0.77901958309548,8.15437956105639,0.));
#364=CARTESIAN_POINT('Ctrl Pts',(0.765201992469524,8.1544499960287,0.337509914872448));
#365=CARTESIAN_POINT('Ctrl Pts',(0.733228399316626,8.10402914478105,0.967713669552797));
#366=CARTESIAN_POINT('Ctrl Pts',(0.675749715693655,7.85618257314498,1.78480547032073));
#367=CARTESIAN_POINT('Ctrl Pts',(0.622828129875672,7.47666179066933,2.36546302345411));
#368=CARTESIAN_POINT('Ctrl Pts',(0.584675353647177,7.12069634205585,2.71886595503106));
#369=CARTESIAN_POINT('Ctrl Pts',(0.562775530019055,6.89620752206546,2.90493584286383));
#370=CARTESIAN_POINT('Ctrl Pts',(0.540882930667867,6.66027878249657,3.08010861804869));
#371=CARTESIAN_POINT('Ctrl Pts',(0.513666760429237,6.34881732917806,3.2780537202213));
#372=CARTESIAN_POINT('Ctrl Pts',(0.481684048052119,5.97247761677309,3.47935767295458));
#373=CARTESIAN_POINT('Ctrl Pts',(0.450814441825686,5.6214963533407,3.6411970352388));
#374=CARTESIAN_POINT('Ctrl Pts',(0.42149459273472,5.32381858587406,3.76033738649878));
#375=CARTESIAN_POINT('Ctrl Pts',(0.39416122775198,5.10474580272918,3.83350117572746));
#376=CARTESIAN_POINT('Ctrl Pts',(0.377554126721985,5.02332628179322,3.85));
#377=CARTESIAN_POINT('Ctrl Pts',(0.369727373264152,5.,3.85));
#378=CARTESIAN_POINT('Ctrl Pts',(1.55790415768434,8.14163646982924,0.));
#379=CARTESIAN_POINT('Ctrl Pts',(1.53340378471552,8.14018775748398,0.337504179240304));
#380=CARTESIAN_POINT('Ctrl Pts',(1.47393631733388,8.0876119260951,0.967698331036542));
#381=CARTESIAN_POINT('Ctrl Pts',(1.36108922453177,7.83919577378439,1.78478009543602));
#382=CARTESIAN_POINT('Ctrl Pts',(1.25365243559081,7.46162922041236,2.36543153762052));
#383=CARTESIAN_POINT('Ctrl Pts',(1.17492506775195,7.10819590943202,2.71883165357375));
#384=CARTESIAN_POINT('Ctrl Pts',(1.12949246810567,6.88541287477213,2.90490036860408));
#385=CARTESIAN_POINT('Ctrl Pts',(1.08396455503578,6.65132477276744,3.08007231636125));
#386=CARTESIAN_POINT('Ctrl Pts',(1.02723795881556,6.34234879033982,3.27801851361095));
#387=CARTESIAN_POINT('Ctrl Pts',(0.960798746659453,5.96894642573761,3.47932321021028));
#388=CARTESIAN_POINT('Ctrl Pts',(0.897331957527577,5.62047232064496,3.64116696812233));
#389=CARTESIAN_POINT('Ctrl Pts',(0.838188899713233,5.32448459902871,3.7603144962441));
#390=CARTESIAN_POINT('Ctrl Pts',(0.784720858458438,5.10593119632345,3.83348792764221));
#391=CARTESIAN_POINT('Ctrl Pts',(0.75367169563719,5.02390419622458,3.84999534023111));
#392=CARTESIAN_POINT('Ctrl Pts',(0.739481472156954,5.00001344252338,3.85000000000002));
#393=CARTESIAN_POINT('Ctrl Pts',(3.78227053746433,8.07625555464676,0.));
#394=CARTESIAN_POINT('Ctrl Pts',(3.73323852143346,8.06701622176142,0.337472319622718));
#395=CARTESIAN_POINT('Ctrl Pts',(3.60711185846369,8.00308662064928,0.967612915476014));
#396=CARTESIAN_POINT('Ctrl Pts',(3.35178640948239,7.75101717724286,1.78463840197132));
#397=CARTESIAN_POINT('Ctrl Pts',(3.09792604544212,7.38294559614121,2.36525571319762));
#398=CARTESIAN_POINT('Ctrl Pts',(2.90730870681227,7.04238263515309,2.71864024286045));
#399=CARTESIAN_POINT('Ctrl Pts',(2.79630566681716,6.82835737052387,2.90470253754844));
#400=CARTESIAN_POINT('Ctrl Pts',(2.68454821552054,6.60376531756546,3.07987002110289));
#401=CARTESIAN_POINT('Ctrl Pts',(2.54451542434121,6.30767117415418,3.27782229082084));
#402=CARTESIAN_POINT('Ctrl Pts',(2.38055934638807,5.94960324311143,3.4791315384456));
#403=CARTESIAN_POINT('Ctrl Pts',(2.22530266954347,5.61430849039737,3.64099986576565));
#404=CARTESIAN_POINT('Ctrl Pts',(2.0834371202768,5.3273157627803,3.76018732400674));
#405=CARTESIAN_POINT('Ctrl Pts',(1.95965480087368,5.11172736537144,3.83341437387255));
#406=CARTESIAN_POINT('Ctrl Pts',(1.89175281954248,5.02674501683626,3.84996945757934));
#407=CARTESIAN_POINT('Ctrl Pts',(1.86198556577569,5.00004497038336,3.85000000000006));
#408=CARTESIAN_POINT('Ctrl Pts',(5.05483899085733,7.9708939303703,0.));
#409=CARTESIAN_POINT('Ctrl Pts',(5.00013679538206,7.95209080601633,0.337431232496036));
#410=CARTESIAN_POINT('Ctrl Pts',(4.85339641929447,7.87507545733954,0.967502600620078));
#411=CARTESIAN_POINT('Ctrl Pts',(4.54160984273705,7.62165232812836,1.78445511474965));
#412=CARTESIAN_POINT('Ctrl Pts',(4.22026028660196,7.26906275157754,2.36502827047508));
#413=CARTESIAN_POINT('Ctrl Pts',(3.97348247221842,6.94731442353649,2.71839273957653));
#414=CARTESIAN_POINT('Ctrl Pts',(3.82849995789846,6.74581423835949,2.90444682467227));
#415=CARTESIAN_POINT('Ctrl Pts',(3.6818256131858,6.53467135086594,3.07960864944978));
#416=CARTESIAN_POINT('Ctrl Pts',(3.49688068313054,6.25664768227571,3.27756874269463));
#417=CARTESIAN_POINT('Ctrl Pts',(3.27981143143784,5.91997008872269,3.47888417209639));
#418=CARTESIAN_POINT('Ctrl Pts',(3.07503174593584,5.60314172131952,3.64078429907269));
#419=CARTESIAN_POINT('Ctrl Pts',(2.89012114050627,5.3290532364513,3.76002330083991));
#420=CARTESIAN_POINT('Ctrl Pts',(2.73265936555548,5.11839766685958,3.8333195429224));
#421=CARTESIAN_POINT('Ctrl Pts',(2.64987355065953,5.03020191045793,3.84993607919018));
#422=CARTESIAN_POINT('Ctrl Pts',(2.61476608945811,5.00012223703121,3.8500000000002));
#423=CARTESIAN_POINT('Ctrl Pts',(6.31433819761706,7.6147147711966,0.));
#424=CARTESIAN_POINT('Ctrl Pts',(6.26055448872926,7.58183250489495,0.337352292854411));
#425=CARTESIAN_POINT('Ctrl Pts',(6.12180121415736,7.49155881651957,0.967289501820857));
#426=CARTESIAN_POINT('Ctrl Pts',(5.82528761861814,7.25997734983787,1.78409897662435));
#427=CARTESIAN_POINT('Ctrl Pts',(5.50480362461414,6.95976102860408,2.36458629619683));
#428=CARTESIAN_POINT('Ctrl Pts',(5.24721508837632,6.689819989487,2.71791251115476));
#429=CARTESIAN_POINT('Ctrl Pts',(5.09276444296792,6.52112229473684,2.90395132894751));
#430=CARTESIAN_POINT('Ctrl Pts',(4.93459852324907,6.34437463268713,3.07910298952827));
#431=CARTESIAN_POINT('Ctrl Pts',(4.73161146564899,6.11131612787294,3.27707805843364));
#432=CARTESIAN_POINT('Ctrl Pts',(4.48962145129746,5.82724163901881,3.47840761389816));
#433=CARTESIAN_POINT('Ctrl Pts',(4.25925016502395,5.55650686935136,3.64036965834739));
#434=CARTESIAN_POINT('Ctrl Pts',(4.05082203086149,5.31685088423572,3.75970803782823));
#435=CARTESIAN_POINT('Ctrl Pts',(3.87466288135699,5.12422970893583,3.83313753525782));
#436=CARTESIAN_POINT('Ctrl Pts',(3.7833791161464,5.03468904115185,3.84987195490674));
#437=CARTESIAN_POINT('Ctrl Pts',(3.74499079088195,5.00027622535843,3.85000000000035));
#438=CARTESIAN_POINT('Ctrl Pts',(6.62258776757863,7.47641046205901,0.));
#439=CARTESIAN_POINT('Ctrl Pts',(6.57069018285813,7.43887320142537,0.33732304132653));
#440=CARTESIAN_POINT('Ctrl Pts',(6.44128117976479,7.34473357264667,0.967210385890513));
#441=CARTESIAN_POINT('Ctrl Pts',(6.16711198911067,7.12235922437412,1.78396648510581));
#442=CARTESIAN_POINT('Ctrl Pts',(5.86459954972657,6.842207412643,2.36442186657666));
#443=CARTESIAN_POINT('Ctrl Pts',(5.6161164340648,6.59174146688493,2.71773394389477));
#444=CARTESIAN_POINT('Ctrl Pts',(5.46569058568738,6.4353214020148,2.90376717046206));
#445=CARTESIAN_POINT('Ctrl Pts',(5.31076764432039,6.27142638962694,3.07891515727368));
#446=CARTESIAN_POINT('Ctrl Pts',(5.11030930819893,6.0551723987689,3.27689576823403));
#447=CARTESIAN_POINT('Ctrl Pts',(4.8694855469491,5.79077128845715,3.47823085251651));
#448=CARTESIAN_POINT('Ctrl Pts',(4.63900080669721,5.53737268094844,3.6402159483489));
#449=CARTESIAN_POINT('Ctrl Pts',(4.42981502684624,5.31085615832422,3.75959119839944));
#450=CARTESIAN_POINT('Ctrl Pts',(4.25288822014388,5.12546285753598,3.83307011597562));
#451=CARTESIAN_POINT('Ctrl Pts',(4.16112799743428,5.03593839217746,3.84984819391589));
#452=CARTESIAN_POINT('Ctrl Pts',(4.12243721719317,5.0002025692441,3.85000000000044));
#453=CARTESIAN_POINT('Ctrl Pts',(6.94795455763634,7.23918802443129,0.));
#454=CARTESIAN_POINT('Ctrl Pts',(6.89993803050197,7.19624445841679,0.337281394703136));
#455=CARTESIAN_POINT('Ctrl Pts',(6.78816483830166,7.09975469105965,0.967097419923244));
#456=CARTESIAN_POINT('Ctrl Pts',(6.55689831084393,6.89701863763163,1.78377672545654));
#457=CARTESIAN_POINT('Ctrl Pts',(6.29174000337926,6.65131722163687,2.36418635297314));
#458=CARTESIAN_POINT('Ctrl Pts',(6.0651712398971,6.43271365460035,2.71747838306463));
#459=CARTESIAN_POINT('Ctrl Pts',(5.92567679426059,6.29609214872904,2.90350379172793));
#460=CARTESIAN_POINT('Ctrl Pts',(5.78058487485056,6.15276731067301,3.07864674763816));
#461=CARTESIAN_POINT('Ctrl Pts',(5.59016792956371,5.9631103438449,3.27663523340996));
#462=CARTESIAN_POINT('Ctrl Pts',(5.35837815484866,5.72974107639988,3.47797882350233));
#463=CARTESIAN_POINT('Ctrl Pts',(5.134453990475,5.50381691889764,3.63999697022254));
#464=CARTESIAN_POINT('Ctrl Pts',(4.92997688943292,5.29855989483806,3.75942481270042));
#465=CARTESIAN_POINT('Ctrl Pts',(4.75653140243329,5.12576203713052,3.83297418150558));
#466=CARTESIAN_POINT('Ctrl Pts',(4.6661494329957,5.03756173357525,3.8498143657415));
#467=CARTESIAN_POINT('Ctrl Pts',(4.62778657551565,5.00055635659225,3.85000000000058));
#468=CARTESIAN_POINT('Ctrl Pts',(7.09770980474845,7.11013396689734,0.));
#469=CARTESIAN_POINT('Ctrl Pts',(7.05189122259304,7.0645947538813,0.33725988069657));
#470=CARTESIAN_POINT('Ctrl Pts',(6.94992014240171,6.96309820678768,0.96703901091585));
#471=CARTESIAN_POINT('Ctrl Pts',(6.74240382625946,6.75601013604653,1.78367851674795));
#472=CARTESIAN_POINT('Ctrl Pts',(6.49824793882236,6.51149803688212,2.36406446288861));
#473=CARTESIAN_POINT('Ctrl Pts',(6.28426009163503,6.2969576926721,2.71734614998791));
#474=CARTESIAN_POINT('Ctrl Pts',(6.15114027524152,6.16347746319796,2.90336754305833));
#475=CARTESIAN_POINT('Ctrl Pts',(6.0118564819392,6.02376190349207,3.07850793230774));
#476=CARTESIAN_POINT('Ctrl Pts',(5.82755150112127,5.83931753619784,3.27650048356052));
#477=CARTESIAN_POINT('Ctrl Pts',(5.60148585980945,5.61263619782214,3.47784857001746));
#478=CARTESIAN_POINT('Ctrl Pts',(5.38192656783972,5.39289340383462,3.63988382772295));
#479=CARTESIAN_POINT('Ctrl Pts',(5.18073562722512,5.19239458917368,3.75933885450541));
#480=CARTESIAN_POINT('Ctrl Pts',(5.00977621450306,5.02212624046041,3.83292463181668));
#481=CARTESIAN_POINT('Ctrl Pts',(4.92044356454277,4.93373960355951,3.84979689084227));
#482=CARTESIAN_POINT('Ctrl Pts',(4.88237257572361,4.89617753743878,3.85000000000057));
#483=CARTESIAN_POINT('Ctrl Pts',(7.22480993564492,6.96017700742961,0.));
#484=CARTESIAN_POINT('Ctrl Pts',(7.18156630915654,6.9124149559677,0.337237677570892));
#485=CARTESIAN_POINT('Ctrl Pts',(7.08489934773967,6.80134406602556,0.966978609714634));
#486=CARTESIAN_POINT('Ctrl Pts',(6.88341597757561,6.57112455246991,1.78357674251886));
#487=CARTESIAN_POINT('Ctrl Pts',(6.63990623840897,6.30641915616618,2.36393814347567));
#488=CARTESIAN_POINT('Ctrl Pts',(6.42334804539437,6.07983759570353,2.71720918652916));
#489=CARTESIAN_POINT('Ctrl Pts',(6.28795781488985,5.94027856873079,2.90322648853186));
#490=CARTESIAN_POINT('Ctrl Pts',(6.14593309418143,5.79504830864668,3.07836430332266));
#491=CARTESIAN_POINT('Ctrl Pts',(5.95737003884011,5.60484837705877,3.27636104444609));
#492=CARTESIAN_POINT('Ctrl Pts',(5.72571123413693,5.37284944365816,3.47771400773893));
#493=CARTESIAN_POINT('Ctrl Pts',(5.5008617479307,5.14906420539225,3.6397670108877));
#494=CARTESIAN_POINT('Ctrl Pts',(5.29552082857257,4.94546511915131,3.75925012935256));
#495=CARTESIAN_POINT('Ctrl Pts',(5.12239378302547,4.77280333416792,3.83287351482009));
#496=CARTESIAN_POINT('Ctrl Pts',(5.03320881850269,4.68334423201543,3.84977885670172));
#497=CARTESIAN_POINT('Ctrl Pts',(4.99564301386023,4.64543691199102,3.85000000000068));
#498=CARTESIAN_POINT('Ctrl Pts',(7.28727579881135,6.87549489235937,0.));
#499=CARTESIAN_POINT('Ctrl Pts',(7.24545424980043,6.82669111454641,0.337225928261589));
#500=CARTESIAN_POINT('Ctrl Pts',(7.14970607110718,6.71086225026608,0.966946611239939));
#501=CARTESIAN_POINT('Ctrl Pts',(6.9437774042075,6.46909431007087,1.78352276254265));
#502=CARTESIAN_POINT('Ctrl Pts',(6.69208967467571,6.19429778652072,2.36387114380644));
#503=CARTESIAN_POINT('Ctrl Pts',(6.46771822198259,5.96178624335668,2.71713656322619));
#504=CARTESIAN_POINT('Ctrl Pts',(6.32742757661157,5.81926237870079,2.90315171601));
#505=CARTESIAN_POINT('Ctrl Pts',(6.18029333333928,5.6713614736605,3.07828819039991));
#506=CARTESIAN_POINT('Ctrl Pts',(5.98512005267084,5.47839344710053,3.27628714697334));
#507=CARTESIAN_POINT('Ctrl Pts',(5.74571929248245,5.24389953105884,3.4776427606549));
#508=CARTESIAN_POINT('Ctrl Pts',(5.51399543604873,5.0182674240971,3.63970517968424));
#509=CARTESIAN_POINT('Ctrl Pts',(5.30331123928078,4.81329353714853,3.75920317432534));
#510=CARTESIAN_POINT('Ctrl Pts',(5.12702516182291,4.63960773100075,3.83284647089618));
#511=CARTESIAN_POINT('Ctrl Pts',(5.03753121487352,4.54971001418992,3.84976931365698));
#512=CARTESIAN_POINT('Ctrl Pts',(5.0002753605354,4.51168764619471,3.8500000000007));
#513=CARTESIAN_POINT('Ctrl Pts',(7.29001185215612,6.87175639277345,0.));
#514=CARTESIAN_POINT('Ctrl Pts',(7.24825289825292,6.8229071166063,0.337225412075545));
#515=CARTESIAN_POINT('Ctrl Pts',(7.15253258117473,6.70687192266154,0.966945205369792));
#516=CARTESIAN_POINT('Ctrl Pts',(6.94639727846083,6.46459889900599,1.78352039077704));
#517=CARTESIAN_POINT('Ctrl Pts',(6.69433051361517,6.18936257892359,2.36386819998079));
#518=CARTESIAN_POINT('Ctrl Pts',(6.46960905863486,5.95659161067324,2.71713337235347));
#519=CARTESIAN_POINT('Ctrl Pts',(6.32910057403476,5.81393786822962,2.9031484307462));
#520=CARTESIAN_POINT('Ctrl Pts',(6.18173959240032,5.66591995457269,3.07828484629157));
#521=CARTESIAN_POINT('Ctrl Pts',(5.98626908649424,5.47283145614784,3.27628390019363));
#522=CARTESIAN_POINT('Ctrl Pts',(5.74652207908675,5.23822895060281,3.47763963045443));
#523=CARTESIAN_POINT('Ctrl Pts',(5.51448999250407,5.01251681461917,3.63970246320531));
#524=CARTESIAN_POINT('Ctrl Pts',(5.30356521121769,4.80748366995169,3.75920111142759));
#525=CARTESIAN_POINT('Ctrl Pts',(5.12713621583114,4.63375383599247,3.83284528277874));
#526=CARTESIAN_POINT('Ctrl Pts',(5.03762426658663,4.54383790492708,3.84976889439973));
#527=CARTESIAN_POINT('Ctrl Pts',(5.00038211433051,4.50581061731856,3.8500000000007));
#528=CARTESIAN_POINT('Ctrl Pts',(7.60890259782547,6.432591567508,0.));
#529=CARTESIAN_POINT('Ctrl Pts',(7.57447487715279,6.378454899295,0.337165068136657));
#530=CARTESIAN_POINT('Ctrl Pts',(7.48201995772422,6.23829720760412,0.966780845897688));
#531=CARTESIAN_POINT('Ctrl Pts',(7.24987068480323,5.9373985823591,1.78324309416109));
#532=CARTESIAN_POINT('Ctrl Pts',(6.9517630036217,5.61107331532184,2.36352402029203));
#533=CARTESIAN_POINT('Ctrl Pts',(6.68441933853725,5.34833754206331,2.71676031409343));
#534=CARTESIAN_POINT('Ctrl Pts',(6.51740377065334,5.19072747112678,2.90276434151237));
#535=CARTESIAN_POINT('Ctrl Pts',(6.34249415483033,5.02925876356479,3.07789388306691));
#536=CARTESIAN_POINT('Ctrl Pts',(6.11123478886762,4.82229501069609,3.27590431461994));
#537=CARTESIAN_POINT('Ctrl Pts',(5.82980101966397,4.57525021410934,3.47727368972826));
#538=CARTESIAN_POINT('Ctrl Pts',(5.56075395755307,4.34038833380257,3.63938489392663));
#539=CARTESIAN_POINT('Ctrl Pts',(5.32099595398797,4.12858211808368,3.75895995058519));
#540=CARTESIAN_POINT('Ctrl Pts',(5.12742648389318,3.94981642173692,3.83270638909856));
#541=CARTESIAN_POINT('Ctrl Pts',(5.03590222262369,3.85776109950998,3.84971988180777));
#542=CARTESIAN_POINT('Ctrl Pts',(5.00027171407262,3.81917454291744,3.85000000000054));
#543=CARTESIAN_POINT('Ctrl Pts',(7.83381063733219,5.72653518251818,0.));
#544=CARTESIAN_POINT('Ctrl Pts',(7.80866501466102,5.67045255238672,0.337101561655582));
#545=CARTESIAN_POINT('Ctrl Pts',(7.72511579780392,5.52134468346453,0.966606911107641));
#546=CARTESIAN_POINT('Ctrl Pts',(7.47946959087814,5.20253319919322,1.7829479370633));
#547=CARTESIAN_POINT('Ctrl Pts',(7.14818944471593,4.86770865526302,2.36315764039308));
#548=CARTESIAN_POINT('Ctrl Pts',(6.84795904385442,4.60612528500984,2.71636378189818));
#549=CARTESIAN_POINT('Ctrl Pts',(6.66010696629052,4.45127074397533,2.9023566215605));
#550=CARTESIAN_POINT('Ctrl Pts',(6.46335218000608,4.29387414939642,3.0774795187871));
#551=CARTESIAN_POINT('Ctrl Pts',(6.20342597637655,4.09431801190921,3.27550187804157));
#552=CARTESIAN_POINT('Ctrl Pts',(5.88857004086016,3.85855356724996,3.476887487514));
#553=CARTESIAN_POINT('Ctrl Pts',(5.59021471912672,3.63564528793812,3.63905028295095));
#554=CARTESIAN_POINT('Ctrl Pts',(5.32849375853626,3.43474674712832,3.75870604290468));
#555=CARTESIAN_POINT('Ctrl Pts',(5.12353952919084,3.26438813264083,3.83256037337238));
#556=CARTESIAN_POINT('Ctrl Pts',(5.03293977836138,3.17576740306414,3.84966830449956));
#557=CARTESIAN_POINT('Ctrl Pts',(5.00013292646715,3.1384117730507,3.85000000000023));
#558=CARTESIAN_POINT('Ctrl Pts',(8.11769735287296,3.43314345605096,0.));
#559=CARTESIAN_POINT('Ctrl Pts',(8.11010064050367,3.38740734111644,0.33696701051557));
#560=CARTESIAN_POINT('Ctrl Pts',(8.0478900192416,3.26862515171425,0.966234561374316));
#561=CARTESIAN_POINT('Ctrl Pts',(7.79408831892082,3.02715167346085,1.78230931725368));
#562=CARTESIAN_POINT('Ctrl Pts',(7.42133155009293,2.78790951015791,2.36236479308093));
#563=CARTESIAN_POINT('Ctrl Pts',(7.07594710683107,2.60922810280332,2.71550800707245));
#564=CARTESIAN_POINT('Ctrl Pts',(6.8587741548167,2.50546229120866,2.90147882347515));
#565=CARTESIAN_POINT('Ctrl Pts',(6.63091413703187,2.40116753743095,3.0765899958937));
#566=CARTESIAN_POINT('Ctrl Pts',(6.32959163078331,2.27089256789599,3.27463744197616));
#567=CARTESIAN_POINT('Ctrl Pts',(5.96615483717793,2.11870641198027,3.47606492209788));
#568=CARTESIAN_POINT('Ctrl Pts',(5.62542347983228,1.97491130039372,3.63833975439988));
#569=CARTESIAN_POINT('Ctrl Pts',(5.33280021710631,1.84375482605073,3.75816765844662));
#570=CARTESIAN_POINT('Ctrl Pts',(5.11368698577392,1.72931821768956,3.83225163676112));
#571=CARTESIAN_POINT('Ctrl Pts',(5.02713590148261,1.66660170487286,3.84955904350638));
#572=CARTESIAN_POINT('Ctrl Pts',(5.00007003233737,1.63912958006887,3.8500000000001));
#573=CARTESIAN_POINT('Ctrl Pts',(8.14999824250012,1.72623200690172,0.));
#574=CARTESIAN_POINT('Ctrl Pts',(8.15008307744318,1.69574844479007,0.336897039904933));
#575=CARTESIAN_POINT('Ctrl Pts',(8.09997304528573,1.62515663110736,0.966038312428991));
#576=CARTESIAN_POINT('Ctrl Pts',(7.85346390857157,1.4981314397805,1.7819681617078));
#577=CARTESIAN_POINT('Ctrl Pts',(7.47605775171535,1.38110646273962,2.36194116416947));
#578=CARTESIAN_POINT('Ctrl Pts',(7.12190086320394,1.29670684094069,2.71505230631853));
#579=CARTESIAN_POINT('Ctrl Pts',(6.89844209513781,1.24825195299741,2.90101281634143));
#580=CARTESIAN_POINT('Ctrl Pts',(6.66362124313226,1.19980686053398,3.07611949656746));
#581=CARTESIAN_POINT('Ctrl Pts',(6.35257647216405,1.13957020008131,3.27417986274902));
#582=CARTESIAN_POINT('Ctrl Pts',(5.97751998496277,1.06876292783665,3.47563421676855));
#583=CARTESIAN_POINT('Ctrl Pts',(5.62689279859187,1.00039678293468,3.63796917455292));
#584=CARTESIAN_POINT('Ctrl Pts',(5.32783256712463,0.935436142759121,3.75788738878788));
#585=CARTESIAN_POINT('Ctrl Pts',(5.10747655362113,0.87484544739899,3.83209151215915));
#586=CARTESIAN_POINT('Ctrl Pts',(5.02428355143768,0.83800798309809,3.8495022353177));
#587=CARTESIAN_POINT('Ctrl Pts',(5.00003839871344,0.820639461307696,3.84999999999997));
#588=CARTESIAN_POINT('Ctrl Pts',(8.15000030293175,-1.71999413488939,0.));
#589=CARTESIAN_POINT('Ctrl Pts',(8.15008513787488,-1.68923860060555,0.336785437895704));
#590=CARTESIAN_POINT('Ctrl Pts',(8.09997540603902,-1.61818753353081,0.965715525923503));
#591=CARTESIAN_POINT('Ctrl Pts',(7.85346611807815,-1.49069477304378,1.78139020000966));
#592=CARTESIAN_POINT('Ctrl Pts',(7.47606003981854,-1.37343324318081,2.3612231769247));
#593=CARTESIAN_POINT('Ctrl Pts',(7.12190292457235,-1.28893724249493,2.71428560198188));
#594=CARTESIAN_POINT('Ctrl Pts',(6.89844398070436,-1.24044609199404,2.90023395604335));
#595=CARTESIAN_POINT('Ctrl Pts',(6.66362294571782,-1.19197702290349,3.07533946737132));
#596=CARTESIAN_POINT('Ctrl Pts',(6.35257810050345,-1.13173267163045,3.27341997094699));
#597=CARTESIAN_POINT('Ctrl Pts',(5.97752148426335,-1.0609520230828,3.47493624033925));
#598=CARTESIAN_POINT('Ctrl Pts',(5.62689422283614,-0.992648076811004,3.63737405686931));
#599=CARTESIAN_POINT('Ctrl Pts',(5.32783396939962,-0.927785502560064,3.75743926609601));
#600=CARTESIAN_POINT('Ctrl Pts',(5.10747795568338,-0.867329071318536,3.83183771357822));
#601=CARTESIAN_POINT('Ctrl Pts',(5.02428507985423,-0.83060460135547,3.84941166747227));
#602=CARTESIAN_POINT('Ctrl Pts',(5.00003992713003,-0.813298211278429,3.84999999999987));
#603=CARTESIAN_POINT('Ctrl Pts',(8.11787516897852,-3.42052463894623,0.));
#604=CARTESIAN_POINT('Ctrl Pts',(8.11036235546198,-3.37452785343752,0.336715853060284));
#605=CARTESIAN_POINT('Ctrl Pts',(8.04827979314944,-3.25541576402862,0.96552058447702));
#606=CARTESIAN_POINT('Ctrl Pts',(7.79454989513573,-3.0139672507025,1.78105115255834));
#607=CARTESIAN_POINT('Ctrl Pts',(7.42175036372068,-2.77515674512615,2.36080286365204));
#608=CARTESIAN_POINT('Ctrl Pts',(7.07628714931455,-2.59694110845546,2.71383340199091));
#609=CARTESIAN_POINT('Ctrl Pts',(6.85905855311934,-2.49347040910484,2.8997719021198));
#610=CARTESIAN_POINT('Ctrl Pts',(6.63113754001839,-2.38949022331346,3.07487361350925));
#611=CARTESIAN_POINT('Ctrl Pts',(6.32973165970918,-2.25956541708447,3.27296153268047));
#612=CARTESIAN_POINT('Ctrl Pts',(5.96619800972049,-2.10784195348644,3.47450976556483));
#613=CARTESIAN_POINT('Ctrl Pts',(5.62538853146409,-1.9644086010667,3.63700621031191));
#614=CARTESIAN_POINT('Ctrl Pts',(5.33272166350409,-1.83343578857902,3.75715964037666));
#615=CARTESIAN_POINT('Ctrl Pts',(5.11361504752696,-1.7190940897453,3.83167882921403));
#616=CARTESIAN_POINT('Ctrl Pts',(5.02710908773267,-1.65631621119313,3.84935522268745));
#617=CARTESIAN_POINT('Ctrl Pts',(5.00007674338564,-1.6287959328663,3.84999999999958));
#618=CARTESIAN_POINT('Ctrl Pts',(7.83659304874213,-5.71327175561437,0.));
#619=CARTESIAN_POINT('Ctrl Pts',(7.81165964675843,-5.65685514341126,0.336581893017146));
#620=CARTESIAN_POINT('Ctrl Pts',(7.72835446605184,-5.50717815184198,0.965150514446337));
#621=CARTESIAN_POINT('Ctrl Pts',(7.4825882899113,-5.18801365483093,1.78041604484967));
#622=CARTESIAN_POINT('Ctrl Pts',(7.15083958402088,-4.85354790955598,2.36001629746271));
#623=CARTESIAN_POINT('Ctrl Pts',(6.85012708382757,-4.59253368536346,2.7129842016844));
#624=CARTESIAN_POINT('Ctrl Pts',(6.66196844634837,-4.43805194070363,2.89890185330707));
#625=CARTESIAN_POINT('Ctrl Pts',(6.46489250082453,-4.28106834192052,3.07399371314282));
#626=CARTESIAN_POINT('Ctrl Pts',(6.20454758264534,-4.08181945691786,3.27209166344241));
#627=CARTESIAN_POINT('Ctrl Pts',(5.88921157789327,-3.8465592808221,3.47369594583632));
#628=CARTESIAN_POINT('Ctrl Pts',(5.59045029980745,-3.62380295569312,3.63630071149114));
#629=CARTESIAN_POINT('Ctrl Pts',(5.32845016641516,-3.42246445688498,3.75662114432827));
#630=CARTESIAN_POINT('Ctrl Pts',(5.12339608177046,-3.25145809037338,3.83137242826915));
#631=CARTESIAN_POINT('Ctrl Pts',(5.03287455907452,-3.16205262034875,3.84924657968434));
#632=CARTESIAN_POINT('Ctrl Pts',(5.00014668680742,-3.12427661755785,3.84999999999922));
#633=CARTESIAN_POINT('Ctrl Pts',(7.61278527349215,-6.42336419370904,0.));
#634=CARTESIAN_POINT('Ctrl Pts',(7.57860843161942,-6.36885624945519,0.336518573284232));
#635=CARTESIAN_POINT('Ctrl Pts',(7.48642399459434,-6.22789434487477,0.964977475744481));
#636=CARTESIAN_POINT('Ctrl Pts',(7.25405835851121,-5.92602941098975,1.78012220237282));
#637=CARTESIAN_POINT('Ctrl Pts',(6.9553088767201,-5.59954783360171,2.35965266602618));
#638=CARTESIAN_POINT('Ctrl Pts',(6.68732475515406,-5.33706866799198,2.71259051386702));
#639=CARTESIAN_POINT('Ctrl Pts',(6.51990517559359,-5.1796581387928,2.89849763248604));
#640=CARTESIAN_POINT('Ctrl Pts',(6.3445739574399,-5.0184400294023,3.07358391974425));
#641=CARTESIAN_POINT('Ctrl Pts',(6.11276806814492,-4.81148693664842,3.27168507840747));
#642=CARTESIAN_POINT('Ctrl Pts',(5.83070808132402,-4.56466426741431,3.4733138732662));
#643=CARTESIAN_POINT('Ctrl Pts',(5.56112902980553,-4.32956346406111,3.63596819770574));
#644=CARTESIAN_POINT('Ctrl Pts',(5.32099860834996,-4.11674057418784,3.75636654522257));
#645=CARTESIAN_POINT('Ctrl Pts',(5.12728133368248,-3.93675236009755,3.8312274093132));
#646=CARTESIAN_POINT('Ctrl Pts',(5.03584037662773,-3.84345422599381,3.84919523419009));
#647=CARTESIAN_POINT('Ctrl Pts',(5.00030124527277,-3.8042282225291,3.84999999999812));
#648=CARTESIAN_POINT('Ctrl Pts',(7.29618565054124,-6.863261541118,0.));
#649=CARTESIAN_POINT('Ctrl Pts',(7.25468923436554,-6.81400751240409,0.33645842639925));
#650=CARTESIAN_POINT('Ctrl Pts',(7.1591856374754,-6.69704719259178,0.964814060400324));
#651=CARTESIAN_POINT('Ctrl Pts',(6.95256332390629,-6.4535998719699,1.77984629775209));
#652=CARTESIAN_POINT('Ctrl Pts',(6.69950915220693,-6.17814903269219,2.35931138029883));
#653=CARTESIAN_POINT('Ctrl Pts',(6.47386426843689,-5.94566450141264,2.71222044999636));
#654=CARTESIAN_POINT('Ctrl Pts',(6.3327832654701,-5.80323258554057,2.89811722046814));
#655=CARTESIAN_POINT('Ctrl Pts',(6.18482968297318,-5.65549660452229,3.07319775135392));
#656=CARTESIAN_POINT('Ctrl Pts',(5.98859816197185,-5.46235169323352,3.2713011826286));
#657=CARTESIAN_POINT('Ctrl Pts',(5.74798009306727,-5.22794328677362,3.47295226037699));
#658=CARTESIAN_POINT('Ctrl Pts',(5.51519895126215,-5.00181415268506,3.63565283029474));
#659=CARTESIAN_POINT('Ctrl Pts',(5.30372760647992,-4.79534403646841,3.75612467090277));
#660=CARTESIAN_POINT('Ctrl Pts',(5.12703460379068,-4.61991360998994,3.83108956072199));
#661=CARTESIAN_POINT('Ctrl Pts',(5.03757552067524,-4.52830981030385,3.84914646531387));
#662=CARTESIAN_POINT('Ctrl Pts',(5.00042247093518,-4.4894171513573,3.84999999999771));
#663=CARTESIAN_POINT('Ctrl Pts',(7.2937558449805,-6.86661877735611,0.));
#664=CARTESIAN_POINT('Ctrl Pts',(7.25220351099439,-6.81740516715664,0.336457966155714));
#665=CARTESIAN_POINT('Ctrl Pts',(7.15667863518681,-6.70062793807507,0.964812810006962));
#666=CARTESIAN_POINT('Ctrl Pts',(6.95025275058069,-6.45762976648642,1.77984418673326));
#667=CARTESIAN_POINT('Ctrl Pts',(6.69755063214772,-6.18257054651953,2.35930876904131));
#668=CARTESIAN_POINT('Ctrl Pts',(6.47222806106413,-5.95031749967958,2.71221761851442));
#669=CARTESIAN_POINT('Ctrl Pts',(6.33134709647588,-5.80800150434899,2.89811430978076));
#670=CARTESIAN_POINT('Ctrl Pts',(6.18360141845639,-5.66037001202502,3.0731947965898));
#671=CARTESIAN_POINT('Ctrl Pts',(5.98764200838554,-5.46733174730703,3.27129824520594));
#672=CARTESIAN_POINT('Ctrl Pts',(5.7473403918989,-5.23301962775001,3.4729494934001));
#673=CARTESIAN_POINT('Ctrl Pts',(5.51484073695118,-5.00696014347982,3.63565041713592));
#674=CARTESIAN_POINT('Ctrl Pts',(5.30358911882066,-4.80053933348348,3.75612282008014));
#675=CARTESIAN_POINT('Ctrl Pts',(5.12702690738264,-4.62514429107161,3.83108850589952));
#676=CARTESIAN_POINT('Ctrl Pts',(5.03758474451645,-4.53355319280436,3.84914609213502));
#677=CARTESIAN_POINT('Ctrl Pts',(5.00041941127808,-4.49466319179146,3.84999999999771));
#678=CARTESIAN_POINT('Ctrl Pts',(7.23053276853744,-6.95348190898312,0.));
#679=CARTESIAN_POINT('Ctrl Pts',(7.18753225446211,-6.9053223767295,0.33644602678732));
#680=CARTESIAN_POINT('Ctrl Pts',(7.0912462612028,-6.79335980142191,0.964780374575118));
#681=CARTESIAN_POINT('Ctrl Pts',(6.8900168502838,-6.56204562810308,1.77978942911637));
#682=CARTESIAN_POINT('Ctrl Pts',(6.64638618929103,-6.29721179690942,2.35924103599817));
#683=CARTESIAN_POINT('Ctrl Pts',(6.42957982178165,-6.07097035991818,2.71214417216975));
#684=CARTESIAN_POINT('Ctrl Pts',(6.29400939583893,-5.93165831084473,2.89803880818043));
#685=CARTESIAN_POINT('Ctrl Pts',(6.15178360503091,-5.78673282305845,3.07311815082786));
#686=CARTESIAN_POINT('Ctrl Pts',(5.96293375124798,-5.59647671891567,3.27122204805239));
#687=CARTESIAN_POINT('Ctrl Pts',(5.73093107994396,-5.36467301281025,3.47287771623176));
#688=CARTESIAN_POINT('Ctrl Pts',(5.5057866138341,-5.14043556514693,3.63558781716644));
#689=CARTESIAN_POINT('Ctrl Pts',(5.30025202890025,-4.93531275828197,3.7560748070702));
#690=CARTESIAN_POINT('Ctrl Pts',(5.1270857333674,-4.76085295622815,3.83106114215685));
#691=CARTESIAN_POINT('Ctrl Pts',(5.03799690587468,-4.6696173678489,3.84913641135387));
#692=CARTESIAN_POINT('Ctrl Pts',(5.00051465523022,-4.63079908386996,3.84999999999783));
#693=CARTESIAN_POINT('Ctrl Pts',(7.10126014044982,-7.10757534796651,0.));
#694=CARTESIAN_POINT('Ctrl Pts',(7.05562350130927,-7.06168580148864,0.336423340854464));
#695=CARTESIAN_POINT('Ctrl Pts',(6.95414623651269,-6.95964728353236,0.9647188181429));
#696=CARTESIAN_POINT('Ctrl Pts',(6.74758558043894,-6.75252037312636,1.77968563397683));
#697=CARTESIAN_POINT('Ctrl Pts',(6.50424508321496,-6.50898395999956,2.35911265703593));
#698=CARTESIAN_POINT('Ctrl Pts',(6.29077081764538,-6.29555947947092,2.71200491970296));
#699=CARTESIAN_POINT('Ctrl Pts',(6.15792317795039,-6.16275135362064,2.89789562390719));
#700=CARTESIAN_POINT('Ctrl Pts',(6.01889688735451,-6.02375223424985,3.07297275658925));
#701=CARTESIAN_POINT('Ctrl Pts',(5.83488395476619,-5.8396858496639,3.27107744604192));
#702=CARTESIAN_POINT('Ctrl Pts',(5.60912899945756,-5.61366919196452,3.47274143487144));
#703=CARTESIAN_POINT('Ctrl Pts',(5.38984821317249,-5.39380598228662,3.63546890891329));
#704=CARTESIAN_POINT('Ctrl Pts',(5.18891221624241,-5.19193485779135,3.75598357525217));
#705=CARTESIAN_POINT('Ctrl Pts',(5.01819283266272,-5.0199008883926,3.83100914097279));
#706=CARTESIAN_POINT('Ctrl Pts',(4.92900882476337,-4.92963385688268,3.84911801724462));
#707=CARTESIAN_POINT('Ctrl Pts',(4.89100764185425,-4.8910846534516,3.84999999999818));
#708=CARTESIAN_POINT('Ctrl Pts',(6.94855296510912,-7.23935320836037,0.));
#709=CARTESIAN_POINT('Ctrl Pts',(6.9006717152881,-7.19612440366678,0.336401372848529));
#710=CARTESIAN_POINT('Ctrl Pts',(6.78915540465505,-7.09934710628931,0.964659338037253));
#711=CARTESIAN_POINT('Ctrl Pts',(6.55825056684835,-6.89718033761141,1.7795855563689));
#712=CARTESIAN_POINT('Ctrl Pts',(6.29336355843076,-6.65304241355125,2.3589888962509));
#713=CARTESIAN_POINT('Ctrl Pts',(6.06697466908201,-6.4359377844708,2.7118705988385));
#714=CARTESIAN_POINT('Ctrl Pts',(5.92758056259868,-6.30018821263623,2.89775744948265));
#715=CARTESIAN_POINT('Ctrl Pts',(5.78258751339972,-6.15776848773789,3.07283237978363));
#716=CARTESIAN_POINT('Ctrl Pts',(5.59229006092957,-5.96865701582573,3.27093773203071));
#717=CARTESIAN_POINT('Ctrl Pts',(5.3606446195071,-5.73613071023564,3.47260964335391));
#718=CARTESIAN_POINT('Ctrl Pts',(5.13686871853956,-5.5101722195043,3.63535382893701));
#719=CARTESIAN_POINT('Ctrl Pts',(4.93254805104699,-5.30350891842555,3.75589522617629));
#720=CARTESIAN_POINT('Ctrl Pts',(4.75927176765285,-5.12886706449977,3.83095877246808));
#721=CARTESIAN_POINT('Ctrl Pts',(4.66901162255999,-5.03867033158686,3.84910020575025));
#722=CARTESIAN_POINT('Ctrl Pts',(4.63071331243268,-5.00061167590916,3.84999999999814));
#723=CARTESIAN_POINT('Ctrl Pts',(6.63282513380586,-7.46878173385743,0.));
#724=CARTESIAN_POINT('Ctrl Pts',(6.58119184373675,-7.43081705485477,0.336361030565684));
#725=CARTESIAN_POINT('Ctrl Pts',(6.45257264796562,-7.33640583337783,0.964550213161779));
#726=CARTESIAN_POINT('Ctrl Pts',(6.17999016736577,-7.11541113545673,1.77940212710063));
#727=CARTESIAN_POINT('Ctrl Pts',(5.87879698064387,-6.83817967104807,2.35876207536085));
#728=CARTESIAN_POINT('Ctrl Pts',(5.63109253732152,-6.59042635091716,2.71162436018577));
#729=CARTESIAN_POINT('Ctrl Pts',(5.48106131226947,-6.4356160733491,2.89750409630231));
#730=CARTESIAN_POINT('Ctrl Pts',(5.32649929898129,-6.27338911487047,3.0725749310785));
#731=CARTESIAN_POINT('Ctrl Pts',(5.12642620960578,-6.05858219376895,3.27068141504672));
#732=CARTESIAN_POINT('Ctrl Pts',(4.88598074686986,-5.79609725642705,3.47236776493059));
#733=CARTESIAN_POINT('Ctrl Pts',(4.65581359839856,-5.54350603632879,3.63514254826155));
#734=CARTESIAN_POINT('Ctrl Pts',(4.4469097333447,-5.31604589986958,3.75573297737015));
#735=CARTESIAN_POINT('Ctrl Pts',(4.2702540482707,-5.12894703879794,3.83086626458697));
#736=CARTESIAN_POINT('Ctrl Pts',(4.17866803002366,-5.03720266726587,3.84906749694719));
#737=CARTESIAN_POINT('Ctrl Pts',(4.14005893960036,-5.00023273859354,3.84999999999859));
#738=CARTESIAN_POINT('Ctrl Pts',(6.34186904696093,-7.6015864984351,0.));
#739=CARTESIAN_POINT('Ctrl Pts',(6.28840215090385,-7.56803971907874,0.336333131524504));
#740=CARTESIAN_POINT('Ctrl Pts',(6.15071195668195,-7.47725507355541,0.964474963020535));
#741=CARTESIAN_POINT('Ctrl Pts',(5.85640581929954,-7.24744409552444,1.77927600400177));
#742=CARTESIAN_POINT('Ctrl Pts',(5.5376321018279,-6.95110523958849,2.3586061510117));
#743=CARTESIAN_POINT('Ctrl Pts',(5.28092194856121,-6.68483933068386,2.71145495564573));
#744=CARTESIAN_POINT('Ctrl Pts',(5.12686862448872,-6.51835615067048,2.89732969387104));
#745=CARTESIAN_POINT('Ctrl Pts',(4.96903148331855,-6.3439105485969,3.07239759133452));
#746=CARTESIAN_POINT('Ctrl Pts',(4.76632174249077,-6.11305936776718,3.27050468218064));
#747=CARTESIAN_POINT('Ctrl Pts',(4.52451207272725,-5.83181220152039,3.47220079006908));
#748=CARTESIAN_POINT('Ctrl Pts',(4.29422701507755,-5.56260156901974,3.63499654527685));
#749=CARTESIAN_POINT('Ctrl Pts',(4.0858546517969,-5.32239160355371,3.75562076542918));
#750=CARTESIAN_POINT('Ctrl Pts',(3.90978472087654,-5.12814505282975,3.83080226815134));
#751=CARTESIAN_POINT('Ctrl Pts',(3.81858973931292,-5.03614101807572,3.8490448777595));
#752=CARTESIAN_POINT('Ctrl Pts',(3.78024890249852,-5.00031051978123,3.84999999999887));
#753=CARTESIAN_POINT('Ctrl Pts',(5.49065253255665,-7.85313752888206,0.));
#754=CARTESIAN_POINT('Ctrl Pts',(5.43625930339437,-7.8293176340618,0.336278162301148));
#755=CARTESIAN_POINT('Ctrl Pts',(5.29189162700563,-7.74756893069856,0.964326985713304));
#756=CARTESIAN_POINT('Ctrl Pts',(4.98408414018262,-7.50219753661974,1.77902847422042));
#757=CARTESIAN_POINT('Ctrl Pts',(4.66171738665223,-7.16919924418425,2.35830017883661));
#758=CARTESIAN_POINT('Ctrl Pts',(4.41032109582857,-6.86677018115101,2.71112235485272));
#759=CARTESIAN_POINT('Ctrl Pts',(4.26159083418708,-6.67739400989427,2.89698714234056));
#760=CARTESIAN_POINT('Ctrl Pts',(4.11049278504338,-6.47895247521817,3.0720491127823));
#761=CARTESIAN_POINT('Ctrl Pts',(3.91880199536002,-6.21662317985425,3.2701571655975));
#762=CARTESIAN_POINT('Ctrl Pts',(3.69260234546601,-5.89859490044264,3.47187219757448));
#763=CARTESIAN_POINT('Ctrl Pts',(3.47856603283665,-5.5969816698556,3.63470902312803));
#764=CARTESIAN_POINT('Ctrl Pts',(3.28522981253706,-5.33224340393918,3.7553996653966));
#765=CARTESIAN_POINT('Ctrl Pts',(3.1211307929468,-5.12483702361758,3.83067614751866));
#766=CARTESIAN_POINT('Ctrl Pts',(3.035389412097,-5.03324881649315,3.84900031252242));
#767=CARTESIAN_POINT('Ctrl Pts',(2.99916828413604,-5.000171553541,3.84999999999928));
#768=CARTESIAN_POINT('Ctrl Pts',(4.29655636275087,-8.04130296845354,0.));
#769=CARTESIAN_POINT('Ctrl Pts',(4.24502102574259,-8.02814765987103,0.336225933098243));
#770=CARTESIAN_POINT('Ctrl Pts',(4.10974195063942,-7.95888770885656,0.964186784390236));
#771=CARTESIAN_POINT('Ctrl Pts',(3.82967979634928,-7.706837666746,1.77879463180532));
#772=CARTESIAN_POINT('Ctrl Pts',(3.54681027101255,-7.34649065810277,2.35801118945864));
#773=CARTESIAN_POINT('Ctrl Pts',(3.33240760935966,-7.01490844634434,2.71080796857387));
#774=CARTESIAN_POINT('Ctrl Pts',(3.20710143099224,-6.80669082427615,2.89666315740158));
#775=CARTESIAN_POINT('Ctrl Pts',(3.08069843291765,-6.58830003212739,3.07171930192756));
#776=CARTESIAN_POINT('Ctrl Pts',(2.92192155817808,-6.29945611930926,3.26982794349549));
#777=CARTESIAN_POINT('Ctrl Pts',(2.73589893323926,-5.95029749724324,3.47156053601362));
#778=CARTESIAN_POINT('Ctrl Pts',(2.56012512683999,-5.62140797059077,3.63443603634824));
#779=CARTESIAN_POINT('Ctrl Pts',(2.4004454171986,-5.33653890820259,3.7551895726663));
#780=CARTESIAN_POINT('Ctrl Pts',(2.26270567634855,-5.11944229615072,3.83055627313478));
#781=CARTESIAN_POINT('Ctrl Pts',(2.18861290769597,-5.02981867114422,3.84895797029018));
#782=CARTESIAN_POINT('Ctrl Pts',(2.15661989596848,-5.00006458611578,3.84999999999976));
#783=CARTESIAN_POINT('Ctrl Pts',(2.70840018551885,-8.11251052519875,0.));
#784=CARTESIAN_POINT('Ctrl Pts',(2.67057828569759,-8.10718580620384,0.336193581850087));
#785=CARTESIAN_POINT('Ctrl Pts',(2.57539621862978,-8.04918883918321,0.964100303325894));
#786=CARTESIAN_POINT('Ctrl Pts',(2.38728709237446,-7.80022934912498,1.77865100525958));
#787=CARTESIAN_POINT('Ctrl Pts',(2.20326884362261,-7.42972004012639,2.3578337494535));
#788=CARTESIAN_POINT('Ctrl Pts',(2.06636997342702,-7.08472226009478,2.71061471117751));
#789=CARTESIAN_POINT('Ctrl Pts',(1.98692633893494,-6.86741452663202,2.89646382458467));
#790=CARTESIAN_POINT('Ctrl Pts',(1.90708878274405,-6.63919070870146,3.07151618506514));
#791=CARTESIAN_POINT('Ctrl Pts',(1.80727731529077,-6.33696774416509,3.26962489770542));
#792=CARTESIAN_POINT('Ctrl Pts',(1.69043187503931,-5.9719296531068,3.4713679880394));
#793=CARTESIAN_POINT('Ctrl Pts',(1.57946592578073,-5.62927541218456,3.63426712944121));
#794=CARTESIAN_POINT('Ctrl Pts',(1.47737141392374,-5.33476387193016,3.75505942688799));
#795=CARTESIAN_POINT('Ctrl Pts',(1.38714031670329,-5.11415262006886,3.83048198535692));
#796=CARTESIAN_POINT('Ctrl Pts',(1.33658234066008,-5.02714873498105,3.84893174455387));
#797=CARTESIAN_POINT('Ctrl Pts',(1.31406214429745,-5.00006178428761,3.84999999999977));
#798=CARTESIAN_POINT('Ctrl Pts',(1.25246156808012,-8.14443793229619,0.));
#799=CARTESIAN_POINT('Ctrl Pts',(1.23231206082985,-8.14322950944993,0.336176910542594));
#800=CARTESIAN_POINT('Ctrl Pts',(1.18387437746854,-8.0913277375744,0.964055780345664));
#801=CARTESIAN_POINT('Ctrl Pts',(1.09292628167798,-7.84473665676443,1.7785771350931));
#802=CARTESIAN_POINT('Ctrl Pts',(1.00688594069378,-7.46973811751196,2.35774249520755));
#803=CARTESIAN_POINT('Ctrl Pts',(0.944031664931566,-7.11836752408228,2.71051529569299));
#804=CARTESIAN_POINT('Ctrl Pts',(0.907795890738155,-6.89667975678178,2.89636126296493));
#805=CARTESIAN_POINT('Ctrl Pts',(0.871500698311658,-6.66368648981767,3.07141165273483));
#806=CARTESIAN_POINT('Ctrl Pts',(0.826296521797577,-6.35491308562377,3.26952036733891));
#807=CARTESIAN_POINT('Ctrl Pts',(0.773320898108064,-5.98207281833815,3.47126882264454));
#808=CARTESIAN_POINT('Ctrl Pts',(0.722618401706916,-5.63266054272119,3.63418010968492));
#809=CARTESIAN_POINT('Ctrl Pts',(0.675200803270471,-5.33346304141766,3.75499235844991));
#810=CARTESIAN_POINT('Ctrl Pts',(0.632080028952817,-5.11126698178271,3.83044369892938));
#811=CARTESIAN_POINT('Ctrl Pts',(0.606814309448271,-5.025711225946,3.84891823002605));
#812=CARTESIAN_POINT('Ctrl Pts',(0.595195142658085,-5.00003878254394,3.84999999999989));
#813=CARTESIAN_POINT('Ctrl Pts',(0.62624517420726,-8.15296142995587,0.));
#814=CARTESIAN_POINT('Ctrl Pts',(0.615158727718656,-8.15270688246411,0.336173206196103));
#815=CARTESIAN_POINT('Ctrl Pts',(0.589495345994677,-8.10216672552923,0.964045908022845));
#816=CARTESIAN_POINT('Ctrl Pts',(0.543341815745451,-7.85592024898341,1.77856079083608));
#817=CARTESIAN_POINT('Ctrl Pts',(0.50083948826425,-7.47967192954283,2.35772230795607));
#818=CARTESIAN_POINT('Ctrl Pts',(0.470196562522861,-7.12667289564669,2.71049329008805));
#819=CARTESIAN_POINT('Ctrl Pts',(0.452607268118938,-6.90388569265143,2.89633855086404));
#820=CARTESIAN_POINT('Ctrl Pts',(0.435023788131772,-6.66970556358068,3.07138849271484));
#821=CARTESIAN_POINT('Ctrl Pts',(0.413164855527186,-6.35932299116646,3.26949719096878));
#822=CARTESIAN_POINT('Ctrl Pts',(0.387478591387791,-5.98457920640293,3.47124681667687));
#823=CARTESIAN_POINT('Ctrl Pts',(0.362687951051913,-5.63352478858292,3.63416078448696));
#824=CARTESIAN_POINT('Ctrl Pts',(0.339144257216652,-5.3331878369858,3.75497745520593));
#825=CARTESIAN_POINT('Ctrl Pts',(0.317198881970168,-5.110595899364,3.83043518964072));
#826=CARTESIAN_POINT('Ctrl Pts',(0.303868209949951,-5.02537889534976,3.84891522719442));
#827=CARTESIAN_POINT('Ctrl Pts',(0.297586475863291,-5.00004016202347,3.84999999999988));
#828=CARTESIAN_POINT('Ctrl Pts',(-1.42385927865901,-8.15823079012954,0.));
#829=CARTESIAN_POINT('Ctrl Pts',(-1.39865232360243,-8.15772531962233,0.336173206196103));
#830=CARTESIAN_POINT('Ctrl Pts',(-1.34030468258935,-8.10667944787407,0.964045908022854));
#831=CARTESIAN_POINT('Ctrl Pts',(-1.23536947594943,-7.85968088562569,1.7785607908361));
#832=CARTESIAN_POINT('Ctrl Pts',(-1.13873753977907,-7.48280307295949,2.3577223079561));
#833=CARTESIAN_POINT('Ctrl Pts',(-1.06906744226547,-7.12936667995071,2.71049329008808));
#834=CARTESIAN_POINT('Ctrl Pts',(-1.02907599202842,-6.90633010614834,2.89633855086408));
#835=CARTESIAN_POINT('Ctrl Pts',(-0.989097710700874,-6.67190069690802,3.07138849271487));
#836=CARTESIAN_POINT('Ctrl Pts',(-0.939399367181862,-6.36120471160982,3.26949719096882));
#837=CARTESIAN_POINT('Ctrl Pts',(-0.880998864559547,-5.98608537074113,3.47124681667691));
#838=CARTESIAN_POINT('Ctrl Pts',(-0.824634683859445,-5.63465485430918,3.634160784487));
#839=CARTESIAN_POINT('Ctrl Pts',(-0.771105509059592,-5.33394130490726,3.75497745520598));
#840=CARTESIAN_POINT('Ctrl Pts',(-0.721209982943297,-5.11097267475181,3.83043518964076));
#841=CARTESIAN_POINT('Ctrl Pts',(-0.690901339699117,-5.02550317209709,3.84891522719446));
#842=CARTESIAN_POINT('Ctrl Pts',(-0.676618764167482,-5.00003897726308,3.84999999999993));
#843=CARTESIAN_POINT('Ctrl Pts',(-2.84811675043358,-8.12615174569373,0.));
#844=CARTESIAN_POINT('Ctrl Pts',(-2.80816482353331,-8.120303980222,0.336192348574262));
#845=CARTESIAN_POINT('Ctrl Pts',(-2.70638021057498,-8.06129432959683,0.964096923698009));
#846=CARTESIAN_POINT('Ctrl Pts',(-2.50343523864996,-7.81078408398086,1.77864525052444));
#847=CARTESIAN_POINT('Ctrl Pts',(-2.30470523024586,-7.43880200973436,2.35782662649243));
#848=CARTESIAN_POINT('Ctrl Pts',(-2.15717370453871,-7.09263464563309,2.71060700504815));
#849=CARTESIAN_POINT('Ctrl Pts',(-2.07167827431074,-6.8746200492682,2.89645591667387));
#850=CARTESIAN_POINT('Ctrl Pts',(-1.98584259973817,-6.64566602913358,3.07150817316687));
#851=CARTESIAN_POINT('Ctrl Pts',(-1.8787066563892,-6.34248721654217,3.26961695591079));
#852=CARTESIAN_POINT('Ctrl Pts',(-1.75355787689606,-5.97627057663279,3.47136053351107));
#853=CARTESIAN_POINT('Ctrl Pts',(-1.63498217244208,-5.63243946357113,3.63426064832226));
#854=CARTESIAN_POINT('Ctrl Pts',(-1.52617771111578,-5.33678893980564,3.75505446839377));
#855=CARTESIAN_POINT('Ctrl Pts',(-1.43034280399829,-5.1151131415195,3.83047916177507));
#856=CARTESIAN_POINT('Ctrl Pts',(-1.3769361409656,-5.02745971752523,3.84893074446288));
#857=CARTESIAN_POINT('Ctrl Pts',(-1.35325385651032,-5.00006451032092,3.84999999999997));
#858=CARTESIAN_POINT('Ctrl Pts',(-5.23166196424603,-7.93141572556329,0.));
#859=CARTESIAN_POINT('Ctrl Pts',(-5.17607473083903,-7.91049186008785,0.336259386302655));
#860=CARTESIAN_POINT('Ctrl Pts',(-5.02806650388461,-7.83167629571931,0.964276520010518));
#861=CARTESIAN_POINT('Ctrl Pts',(-4.71450404876168,-7.58232418816953,1.77894419240317));
#862=CARTESIAN_POINT('Ctrl Pts',(-4.39045085370906,-7.23859142884805,2.35819601053544));
#863=CARTESIAN_POINT('Ctrl Pts',(-4.14067023238789,-6.92516542659187,2.71100907196213));
#864=CARTESIAN_POINT('Ctrl Pts',(-3.99365495681482,-6.7287337462611,2.89687043198768));
#865=CARTESIAN_POINT('Ctrl Pts',(-3.84475363203413,-6.52283945068984,3.07193033935811));
#866=CARTESIAN_POINT('Ctrl Pts',(-3.65667415798739,-6.25061171324003,3.27003865621473));
#867=CARTESIAN_POINT('Ctrl Pts',(-3.43553212478295,-5.92088732060544,3.47176006875966));
#868=CARTESIAN_POINT('Ctrl Pts',(-3.22661832412092,-5.60884716293229,3.63461085370889));
#869=CARTESIAN_POINT('Ctrl Pts',(-3.0377755710925,-5.33608507926117,3.75532414088383));
#870=CARTESIAN_POINT('Ctrl Pts',(-2.87684691623162,-5.12419405704933,3.83063306010588));
#871=CARTESIAN_POINT('Ctrl Pts',(-2.79213500044328,-5.03247020324751,3.84898509055924));
#872=CARTESIAN_POINT('Ctrl Pts',(-2.75615918490796,-5.00011935293942,3.84999999999998));
#873=CARTESIAN_POINT('Ctrl Pts',(-6.13066092441932,-7.73010936329134,0.));
#874=CARTESIAN_POINT('Ctrl Pts',(-6.07527929098692,-7.69915823586736,0.336309288285577));
#875=CARTESIAN_POINT('Ctrl Pts',(-5.92844752269322,-7.60949679022305,0.964410517162451));
#876=CARTESIAN_POINT('Ctrl Pts',(-5.61181823461703,-7.36979014717312,1.77916776001827));
#877=CARTESIAN_POINT('Ctrl Pts',(-5.27396843405195,-7.05568123395436,2.35847230889661));
#878=CARTESIAN_POINT('Ctrl Pts',(-5.00645442380899,-6.77267420337208,2.71130962533461));
#879=CARTESIAN_POINT('Ctrl Pts',(-4.84715379897975,-6.59570317893499,2.89718014088363));
#880=CARTESIAN_POINT('Ctrl Pts',(-4.68470178483522,-6.41030998691703,3.07224559373112));
#881=CARTESIAN_POINT('Ctrl Pts',(-4.47749722907022,-6.16515434424387,3.27035331317358));
#882=CARTESIAN_POINT('Ctrl Pts',(-4.23195912266207,-5.86709337310465,3.47205790255208));
#883=CARTESIAN_POINT('Ctrl Pts',(-3.99924914058878,-5.58279257378957,3.63487169861268));
#884=CARTESIAN_POINT('Ctrl Pts',(-3.78935034115201,-5.33062818590657,3.75552487086327));
#885=CARTESIAN_POINT('Ctrl Pts',(-3.61224657002164,-5.12897278065145,3.83074758881176));
#886=CARTESIAN_POINT('Ctrl Pts',(-3.5207298863922,-5.03571179311414,3.84902554628409));
#887=CARTESIAN_POINT('Ctrl Pts',(-3.48238820807454,-5.00026646593881,3.84999999999999));
#888=CARTESIAN_POINT('Ctrl Pts',(-6.74011967796349,-7.38047729325928,0.));
#889=CARTESIAN_POINT('Ctrl Pts',(-6.68981331049359,-7.3401795962878,0.336374747506165));
#890=CARTESIAN_POINT('Ctrl Pts',(-6.56700866856751,-7.2447582816651,0.96458733293583));
#891=CARTESIAN_POINT('Ctrl Pts',(-6.30837916012247,-7.03180229589808,1.77946454888521));
#892=CARTESIAN_POINT('Ctrl Pts',(-6.01925758538115,-6.76812034051022,2.35883926600045));
#893=CARTESIAN_POINT('Ctrl Pts',(-5.77860200389034,-6.53256810530929,2.71170814936021));
#894=CARTESIAN_POINT('Ctrl Pts',(-5.6320773579296,-6.38525554120684,2.89759029883189));
#895=CARTESIAN_POINT('Ctrl Pts',(-5.48066271788049,-6.23076286823854,3.07266251846963));
#896=CARTESIAN_POINT('Ctrl Pts',(-5.2837923305831,-6.02587111159944,3.27076860479232));
#897=CARTESIAN_POINT('Ctrl Pts',(-5.04621864922025,-5.77479552596938,3.47245002876823));
#898=CARTESIAN_POINT('Ctrl Pts',(-4.81813787998587,-5.53219395839493,3.63521439468065));
#899=CARTESIAN_POINT('Ctrl Pts',(-4.61074715845589,-5.31235779586282,3.75578814369233));
#900=CARTESIAN_POINT('Ctrl Pts',(-4.43524457823479,-5.1295749501431,3.83089771696603));
#901=CARTESIAN_POINT('Ctrl Pts',(-4.34415190061255,-5.03802676348744,3.84907861846196));
#902=CARTESIAN_POINT('Ctrl Pts',(-4.30568097147464,-5.0004149199114,3.85));
#903=CARTESIAN_POINT('Ctrl Pts',(-6.80726807120911,-7.3379550764263,0.));
#904=CARTESIAN_POINT('Ctrl Pts',(-6.7576367125695,-7.29658682667362,0.336382608627778));
#905=CARTESIAN_POINT('Ctrl Pts',(-6.63795083535659,-7.20060867455608,0.964608581311506));
#906=CARTESIAN_POINT('Ctrl Pts',(-6.3868773732956,-6.99094363034588,1.77950023884419));
#907=CARTESIAN_POINT('Ctrl Pts',(-6.10422903410766,-6.73338388653525,2.3588833962057));
#908=CARTESIAN_POINT('Ctrl Pts',(-5.86726895861826,-6.50352312311021,2.7117560670924));
#909=CARTESIAN_POINT('Ctrl Pts',(-5.72255105699047,-6.3597586579531,2.89763960857966));
#910=CARTESIAN_POINT('Ctrl Pts',(-5.57273461946596,-6.20896095511347,3.07271263393539));
#911=CARTESIAN_POINT('Ctrl Pts',(-5.37744129494135,-6.00890571402544,3.27081851255365));
#912=CARTESIAN_POINT('Ctrl Pts',(-5.14120812181748,-5.76347009363267,3.47249713959099));
#913=CARTESIAN_POINT('Ctrl Pts',(-4.91403322581,-5.52588784068298,3.63525555694144));
#914=CARTESIAN_POINT('Ctrl Pts',(-4.70724536591805,-5.30996419074075,3.75581976013486));
#915=CARTESIAN_POINT('Ctrl Pts',(-4.53217456312596,-5.12949646787898,3.83091574470114));
#916=CARTESIAN_POINT('Ctrl Pts',(-4.44124147794308,-5.03821727547224,3.84908499205665));
#917=CARTESIAN_POINT('Ctrl Pts',(-4.40279557153542,-5.00037105228692,3.85));
#918=CARTESIAN_POINT('Ctrl Pts',(-6.95515396504023,-7.2331141277546,0.));
#919=CARTESIAN_POINT('Ctrl Pts',(-6.90726420423269,-7.18932962190362,0.336401353903163));
#920=CARTESIAN_POINT('Ctrl Pts',(-6.79549843682907,-7.09211673910304,0.964659286757916));
#921=CARTESIAN_POINT('Ctrl Pts',(-6.56361107272816,-6.89095434916116,1.7795854701169));
#922=CARTESIAN_POINT('Ctrl Pts',(-6.29764951440741,-6.64839339408482,2.35898878959036));
#923=CARTESIAN_POINT('Ctrl Pts',(-6.0704369472951,-6.43257410044447,2.71187048306709));
#924=CARTESIAN_POINT('Ctrl Pts',(-5.93056865644609,-6.29756615195885,2.89775733038208));
#925=CARTESIAN_POINT('Ctrl Pts',(-5.78510578297148,-6.15587587562427,3.07283225877584));
#926=CARTESIAN_POINT('Ctrl Pts',(-5.59425298110836,-5.96760056555378,3.27093761158138));
#927=CARTESIAN_POINT('Ctrl Pts',(-5.36199337616472,-5.73592827532976,3.47260952971999));
#928=CARTESIAN_POINT('Ctrl Pts',(-5.13769109829821,-5.51058129158701,3.63535372970114));
#929=CARTESIAN_POINT('Ctrl Pts',(-4.93295878821504,-5.30421001902856,3.75589514998459));
#930=CARTESIAN_POINT('Ctrl Pts',(-4.75940979938083,-5.12946892001487,3.83095872903007));
#931=CARTESIAN_POINT('Ctrl Pts',(-4.66908883277908,-5.03887448550329,3.84910019039141));
#932=CARTESIAN_POINT('Ctrl Pts',(-4.63078642003324,-5.00053725481074,3.85));
#933=CARTESIAN_POINT('Ctrl Pts',(-7.10982586863654,-7.10499669362077,0.));
#934=CARTESIAN_POINT('Ctrl Pts',(-7.06417833960442,-7.05858853368313,0.336423322418367));
#935=CARTESIAN_POINT('Ctrl Pts',(-6.96229172075856,-6.95609960401692,0.964718768172396));
#936=CARTESIAN_POINT('Ctrl Pts',(-6.754473157358,-6.7494095736447,1.77968554980853));
#937=CARTESIAN_POINT('Ctrl Pts',(-6.50969015821907,-6.50684867777982,2.35911255294115));
#938=CARTESIAN_POINT('Ctrl Pts',(-6.29518606444292,-6.29417567615085,2.71200480675888));
#939=CARTESIAN_POINT('Ctrl Pts',(-6.16175743599378,-6.1617909764125,2.89789550774849));
#940=CARTESIAN_POINT('Ctrl Pts',(-6.02215770163095,-6.02320419878829,3.07297263860843));
#941=CARTESIAN_POINT('Ctrl Pts',(-5.83742861170099,-5.83963330469904,3.27107732866118));
#942=CARTESIAN_POINT('Ctrl Pts',(-5.6108939294102,-5.61408789592745,3.47274132419606));
#943=CARTESIAN_POINT('Ctrl Pts',(-5.39093518885191,-5.39452488043131,3.63546881230958));
#944=CARTESIAN_POINT('Ctrl Pts',(-5.189459155019,-5.19272433405914,3.75598350111098));
#945=CARTESIAN_POINT('Ctrl Pts',(-5.01837831066426,-5.0204692728472,3.83100909870948));
#946=CARTESIAN_POINT('Ctrl Pts',(-4.92908000410611,-4.92983405826027,3.84911800229837));
#947=CARTESIAN_POINT('Ctrl Pts',(-4.8910735061351,-4.89102484384964,3.85));
#948=CARTESIAN_POINT('Ctrl Pts',(-7.23986575050932,-6.95310188688208,0.));
#949=CARTESIAN_POINT('Ctrl Pts',(-7.19685114017302,-6.9044652757897,0.336446009018385));
#950=CARTESIAN_POINT('Ctrl Pts',(-7.10024358679849,-6.79194434334273,0.964780326341477));
#951=CARTESIAN_POINT('Ctrl Pts',(-6.897618134994,-6.56074835423583,1.77978934775269));
#952=CARTESIAN_POINT('Ctrl Pts',(-6.65248622270854,-6.29644376128495,2.35924093536079));
#953=CARTESIAN_POINT('Ctrl Pts',(-6.43449839808163,-6.07067426581772,2.71214406302043));
#954=CARTESIAN_POINT('Ctrl Pts',(-6.29824279036978,-5.93163531798388,2.8980386959586));
#955=CARTESIAN_POINT('Ctrl Pts',(-6.15533697138301,-5.78697564796625,3.07311803688463));
#956=CARTESIAN_POINT('Ctrl Pts',(-5.96569750248724,-5.59700931665675,3.27122193474576));
#957=CARTESIAN_POINT('Ctrl Pts',(-5.73281599554533,-5.36546600049808,3.47287760946307));
#958=CARTESIAN_POINT('Ctrl Pts',(-5.50692120902038,-5.14134875429525,3.63558772402256));
#959=CARTESIAN_POINT('Ctrl Pts',(-5.30080275859217,-4.93616148196571,3.75607473561486));
#960=CARTESIAN_POINT('Ctrl Pts',(-5.12724998064554,-4.76141074587002,3.83106110143059));
#961=CARTESIAN_POINT('Ctrl Pts',(-5.03808653195418,-4.66979045942824,3.84913639694863));
#962=CARTESIAN_POINT('Ctrl Pts',(-5.00059734354349,-4.63073295799822,3.85));
#963=CARTESIAN_POINT('Ctrl Pts',(-7.43041442957171,-6.68763070140066,0.));
#964=CARTESIAN_POINT('Ctrl Pts',(-7.39179618639919,-6.63585785649727,0.336482303703557));
#965=CARTESIAN_POINT('Ctrl Pts',(-7.29727132517018,-6.50889411846284,0.964878927233831));
#966=CARTESIAN_POINT('Ctrl Pts',(-7.07915577461452,-6.24237328915979,1.77995580594743));
#967=CARTESIAN_POINT('Ctrl Pts',(-6.80657377861838,-5.9471864427165,2.35944683765736));
#968=CARTESIAN_POINT('Ctrl Pts',(-6.56304954283724,-5.70323493849008,2.71236733330593));
#969=CARTESIAN_POINT('Ctrl Pts',(-6.41089323432964,-5.55510915043951,2.89826821409261));
#970=CARTESIAN_POINT('Ctrl Pts',(-6.25145585091772,-5.40226702960517,3.07335103323205));
#971=CARTESIAN_POINT('Ctrl Pts',(-6.04037169184111,-5.20392454098605,3.27145356745717));
#972=CARTESIAN_POINT('Ctrl Pts',(-5.7824883367143,-4.96484555893369,3.47309580591189));
#973=CARTESIAN_POINT('Ctrl Pts',(-5.53439536822369,-4.73528725591409,3.63577802265443));
#974=CARTESIAN_POINT('Ctrl Pts',(-5.31098861163864,-4.52625937540519,3.75622069116923));
#975=CARTESIAN_POINT('Ctrl Pts',(-5.12715628602777,-4.34877222556827,3.83114428494074));
#976=CARTESIAN_POINT('Ctrl Pts',(-5.03681173555065,-4.25616264457951,3.84916582571664));
#977=CARTESIAN_POINT('Ctrl Pts',(-5.00028297109593,-4.2169211682126,3.85));
#978=CARTESIAN_POINT('Ctrl Pts',(-7.53849444134218,-6.46865588364578,0.));
#979=CARTESIAN_POINT('Ctrl Pts',(-7.50322816143553,-6.41531005395172,0.336507756083016));
#980=CARTESIAN_POINT('Ctrl Pts',(-7.41127287476991,-6.28065451698861,0.96494824591069));
#981=CARTESIAN_POINT('Ctrl Pts',(-7.18571637791758,-5.99554870364808,1.78007312110842));
#982=CARTESIAN_POINT('Ctrl Pts',(-6.89759673012422,-5.68495448689064,2.35959197901578));
#983=CARTESIAN_POINT('Ctrl Pts',(-6.6391280042886,-5.43275066781541,2.71252461298693));
#984=CARTESIAN_POINT('Ctrl Pts',(-6.47756799013832,-5.28079484255331,2.89842981299516));
#985=CARTESIAN_POINT('Ctrl Pts',(-6.30829723522412,-5.12471807281047,3.07351498730904));
#986=CARTESIAN_POINT('Ctrl Pts',(-6.08431535230464,-4.92350897597585,3.27161642467506));
#987=CARTESIAN_POINT('Ctrl Pts',(-5.81136369758115,-4.68248791883753,3.47324905904564));
#988=CARTESIAN_POINT('Ctrl Pts',(-5.54992543686972,-4.45209023857132,3.63591156132102));
#989=CARTESIAN_POINT('Ctrl Pts',(-5.31626502467448,-4.24288823428402,3.756323039501));
#990=CARTESIAN_POINT('Ctrl Pts',(-5.12664446483449,-4.06545559143305,3.83120260158536));
#991=CARTESIAN_POINT('Ctrl Pts',(-5.03602027144506,-3.973023614868,3.84918646391881));
#992=CARTESIAN_POINT('Ctrl Pts',(-5.00035898527427,-3.93396453385103,3.85));
#993=CARTESIAN_POINT('Ctrl Pts',(-7.93255756815751,-5.37653524150279,0.));
#994=CARTESIAN_POINT('Ctrl Pts',(-7.91091232971478,-5.32017862858519,0.336608757065488));
#995=CARTESIAN_POINT('Ctrl Pts',(-7.83043999126757,-5.16877848278461,0.965224212129851));
#996=CARTESIAN_POINT('Ctrl Pts',(-7.57837273795592,-4.84559159095871,1.78054166942142));
#997=CARTESIAN_POINT('Ctrl Pts',(-7.23277393904486,-4.51045328850179,2.36017180247228));
#998=CARTESIAN_POINT('Ctrl Pts',(-6.91853120308594,-4.25180500418941,2.71315239044641));
#999=CARTESIAN_POINT('Ctrl Pts',(-6.72182821097928,-4.09951120553763,2.8990744084883));
#1000=CARTESIAN_POINT('Ctrl Pts',(-6.51580662356434,-3.94523602126028,3.07416849440136));
#1001=CARTESIAN_POINT('Ctrl Pts',(-6.24374739075695,-3.75032930984889,3.27226485229955));
#1002=CARTESIAN_POINT('Ctrl Pts',(-5.91472125665197,-3.52119453654146,3.4738584362876));
#1003=CARTESIAN_POINT('Ctrl Pts',(-5.60387618631864,-3.30486044821508,3.63644192848517));
#1004=CARTESIAN_POINT('Ctrl Pts',(-5.33266862950335,-3.10958182604594,3.75672915084583));
#1005=CARTESIAN_POINT('Ctrl Pts',(-5.1225518748896,-2.94361395006332,3.83143392532314));
#1006=CARTESIAN_POINT('Ctrl Pts',(-5.03200012842808,-2.85671044832852,3.84926836466647));
#1007=CARTESIAN_POINT('Ctrl Pts',(-5.00017735079041,-2.81998159819885,3.85));
#1008=CARTESIAN_POINT('Ctrl Pts',(-8.0657898971927,-4.02717244521827,0.));
#1009=CARTESIAN_POINT('Ctrl Pts',(-8.0552357691664,-3.97554163602351,0.336685845857415));
#1010=CARTESIAN_POINT('Ctrl Pts',(-7.98959048300714,-3.8424611813695,0.965436785084523));
#1011=CARTESIAN_POINT('Ctrl Pts',(-7.73778006712172,-3.57231927509863,1.78090584043248));
#1012=CARTESIAN_POINT('Ctrl Pts',(-7.37269477179114,-3.30307968928223,2.36062276103178));
#1013=CARTESIAN_POINT('Ctrl Pts',(-7.03543073054481,-3.10056606066751,2.71363948528336));
#1014=CARTESIAN_POINT('Ctrl Pts',(-6.82349081622716,-2.98254775634168,2.8995736404793));
#1015=CARTESIAN_POINT('Ctrl Pts',(-6.60116094826543,-2.8636761973021,3.07467358413224));
#1016=CARTESIAN_POINT('Ctrl Pts',(-6.30715821880784,-2.71463844371658,3.2727644850963));
#1017=CARTESIAN_POINT('Ctrl Pts',(-5.95228533830619,-2.54006993804313,3.47432622252032));
#1018=CARTESIAN_POINT('Ctrl Pts',(-5.61901807776487,-2.37476861663004,3.63684771824206));
#1019=CARTESIAN_POINT('Ctrl Pts',(-5.33185495668432,-2.22382316502404,3.75703904770632));
#1020=CARTESIAN_POINT('Ctrl Pts',(-5.11529447866553,-2.09232256435827,3.83161028635788));
#1021=CARTESIAN_POINT('Ctrl Pts',(-5.02810062299546,-2.02039555912641,3.84933088294798));
#1022=CARTESIAN_POINT('Ctrl Pts',(-5.00006871301196,-1.988937251588,3.85));
#1023=CARTESIAN_POINT('Ctrl Pts',(-8.14091018424535,-1.62953365824222,0.));
#1024=CARTESIAN_POINT('Ctrl Pts',(-8.13912258951691,-1.60383948149731,0.336785190829555));
#1025=CARTESIAN_POINT('Ctrl Pts',(-8.08621077995169,-1.54145930470129,0.965716232159991));
#1026=CARTESIAN_POINT('Ctrl Pts',(-7.83837420816214,-1.42305195147157,1.78139371374367));
#1027=CARTESIAN_POINT('Ctrl Pts',(-7.46248404752148,-1.31029111574125,2.36122773910914));
#1028=CARTESIAN_POINT('Ctrl Pts',(-7.11065706712832,-1.22765172170515,2.7142897165149));
#1029=CARTESIAN_POINT('Ctrl Pts',(-6.88881325149604,-1.17996078996389,2.900237532208));
#1030=CARTESIAN_POINT('Ctrl Pts',(-6.65575401905544,-1.13217057528775,3.07534235038362));
#1031=CARTESIAN_POINT('Ctrl Pts',(-6.34712569740917,-1.07262789685519,3.27342174271634));
#1032=CARTESIAN_POINT('Ctrl Pts',(-5.97491242774436,-1.00290880939225,3.47493665583393));
#1033=CARTESIAN_POINT('Ctrl Pts',(-5.62667572180114,-0.936341488085223,
3.63737346220707));
#1034=CARTESIAN_POINT('Ctrl Pts',(-5.32914343662279,-0.874360711066451,
3.75743822517968));
#1035=CARTESIAN_POINT('Ctrl Pts',(-5.10904276778767,-0.818401283888729,
3.83183700809568));
#1036=CARTESIAN_POINT('Ctrl Pts',(-5.02499565010979,-0.785971559408034,
3.84941147260793));
#1037=CARTESIAN_POINT('Ctrl Pts',(-5.00004173562072,-0.771172320265877,
3.85));
#1038=CARTESIAN_POINT('Ctrl Pts',(-8.15408654158404,-0.814852797897569,
0.));
#1039=CARTESIAN_POINT('Ctrl Pts',(-8.15397677931266,-0.800203291576438,
0.336814725379794));
#1040=CARTESIAN_POINT('Ctrl Pts',(-8.1034772358997,-0.76639351847047,0.96580023411749));
#1041=CARTESIAN_POINT('Ctrl Pts',(-7.85638409679477,-0.70579878213241,1.78154187330086));
#1042=CARTESIAN_POINT('Ctrl Pts',(-7.4784910205645,-0.650108319246519,2.36141159683005));
#1043=CARTESIAN_POINT('Ctrl Pts',(-7.12399348519885,-0.609996721570763,
2.71448680661274));
#1044=CARTESIAN_POINT('Ctrl Pts',(-6.9003400968177,-0.586982057691802,2.90043835073799));
#1045=CARTESIAN_POINT('Ctrl Pts',(-6.66532463153073,-0.563981112225204,
3.07554416881745));
#1046=CARTESIAN_POINT('Ctrl Pts',(-6.35403648290864,-0.53539823845039,3.27361938777851));
#1047=CARTESIAN_POINT('Ctrl Pts',(-5.97868799192051,-0.50182690732997,3.47511940884778));
#1048=CARTESIAN_POINT('Ctrl Pts',(-5.62776878957184,-0.469441705242326,
3.63753023237028));
#1049=CARTESIAN_POINT('Ctrl Pts',(-5.32841654018284,-0.438701071120704,
3.75755686600581));
#1050=CARTESIAN_POINT('Ctrl Pts',(-5.10776854011777,-0.41006350882738,3.83190431741415));
#1051=CARTESIAN_POINT('Ctrl Pts',(-5.02438082266869,-0.392678884506834,
3.84943543500443));
#1052=CARTESIAN_POINT('Ctrl Pts',(-5.00003837133723,-0.384489749098007,
3.85));
#1053=CARTESIAN_POINT('Ctrl Pts',(-8.15585876820935,1.08462722161285,0.));
#1054=CARTESIAN_POINT('Ctrl Pts',(-8.15566461415195,1.06557372604558,0.336876294384743));
#1055=CARTESIAN_POINT('Ctrl Pts',(-8.10499579249665,1.02140387941045,0.965978310158316));
#1056=CARTESIAN_POINT('Ctrl Pts',(-7.85764973292829,0.941828702594416,1.78186072532598));
#1057=CARTESIAN_POINT('Ctrl Pts',(-7.47954555312533,0.86846934192301,2.36180769866126));
#1058=CARTESIAN_POINT('Ctrl Pts',(-7.12490071090991,0.815545788546091,2.71490978486751));
#1059=CARTESIAN_POINT('Ctrl Pts',(-6.90116322356243,0.785157992583769,2.90086803523806));
#1060=CARTESIAN_POINT('Ctrl Pts',(-6.66606367114257,0.754774080074619,3.07597449817948));
#1061=CARTESIAN_POINT('Ctrl Pts',(-6.35467015834558,0.716990770718306,3.27403860766924));
#1062=CARTESIAN_POINT('Ctrl Pts',(-5.97919529602677,0.672571962704989,3.47550447103904));
#1063=CARTESIAN_POINT('Ctrl Pts',(-5.62814963273341,0.629680182093635,3.63785854907224));
#1064=CARTESIAN_POINT('Ctrl Pts',(-5.32867083411575,0.588921259411632,3.75780408797268));
#1065=CARTESIAN_POINT('Ctrl Pts',(-5.10789624813971,0.550901086607802,3.83204433394421));
#1066=CARTESIAN_POINT('Ctrl Pts',(-5.0244239305444,0.527784147564745,3.84948539980485));
#1067=CARTESIAN_POINT('Ctrl Pts',(-5.00003928331993,0.516884504156231,3.85));
#1068=CARTESIAN_POINT('Ctrl Pts',(-8.13487295803675,2.1697441300737,0.));
#1069=CARTESIAN_POINT('Ctrl Pts',(-8.13161291366874,2.13750245190178,0.336917015199322));
#1070=CARTESIAN_POINT('Ctrl Pts',(-8.07646541470445,2.05742677197106,0.966093663664257));
#1071=CARTESIAN_POINT('Ctrl Pts',(-7.82745830371611,1.90176855727135,1.78206322188755));
#1072=CARTESIAN_POINT('Ctrl Pts',(-7.45259960140324,1.75148035096786,2.36205918383378));
#1073=CARTESIAN_POINT('Ctrl Pts',(-7.10247291919196,1.640626040199,2.71517965000417));
#1074=CARTESIAN_POINT('Ctrl Pts',(-6.88182015953721,1.57651633005698,2.90114339773224));
#1075=CARTESIAN_POINT('Ctrl Pts',(-6.65006580876522,1.51220640778049,3.0762517740282));
#1076=CARTESIAN_POINT('Ctrl Pts',(-6.34323549608855,1.43202339079256,3.27430841934468));
#1077=CARTESIAN_POINT('Ctrl Pts',(-5.97314042567945,1.33819235646511,3.47575641564998));
#1078=CARTESIAN_POINT('Ctrl Pts',(-5.62667794317972,1.2489113103786,3.63807468883727));
#1079=CARTESIAN_POINT('Ctrl Pts',(-5.33026101432139,1.16634171546068,3.75796732482938));
#1080=CARTESIAN_POINT('Ctrl Pts',(-5.11030179175325,1.09257925396257,3.8321373349332));
#1081=CARTESIAN_POINT('Ctrl Pts',(-5.02556479139209,1.05055713661637,3.84951845576874));
#1082=CARTESIAN_POINT('Ctrl Pts',(-5.00005060562312,1.03160950557887,3.85));
#1083=CARTESIAN_POINT('Ctrl Pts',(-8.01963733092856,4.51845385482624,0.));
#1084=CARTESIAN_POINT('Ctrl Pts',(-8.00500070262949,4.46526678268235,0.337023804888469));
#1085=CARTESIAN_POINT('Ctrl Pts',(-7.93393712785749,4.32560384499163,0.966392546438013));
#1086=CARTESIAN_POINT('Ctrl Pts',(-7.68207094326311,4.03575598795508,1.78258170215915));
#1087=CARTESIAN_POINT('Ctrl Pts',(-7.32397497595633,3.74192351139429,2.36270298542778));
#1088=CARTESIAN_POINT('Ctrl Pts',(-6.99489615792811,3.51853191647717,2.71587255796637));
#1089=CARTESIAN_POINT('Ctrl Pts',(-6.78835521619477,3.38780377664192,2.9018523131557));
#1090=CARTESIAN_POINT('Ctrl Pts',(-6.57179160143831,3.25581893961638,3.07696793440183));
#1091=CARTESIAN_POINT('Ctrl Pts',(-6.28551805462932,3.08996897493903,3.27500483047927));
#1092=CARTESIAN_POINT('Ctrl Pts',(-5.93970927341319,2.89537270173969,3.47641304742252));
#1093=CARTESIAN_POINT('Ctrl Pts',(-5.61425371964118,2.71152760829155,3.63864000805843));
#1094=CARTESIAN_POINT('Ctrl Pts',(-5.33257531287375,2.54476184281722,3.75839500339873));
#1095=CARTESIAN_POINT('Ctrl Pts',(-5.11809766658166,2.40106654103623,3.83238182197126));
#1096=CARTESIAN_POINT('Ctrl Pts',(-5.02955259001665,2.32405108697843,3.84960515948183));
#1097=CARTESIAN_POINT('Ctrl Pts',(-5.00009021443661,2.29085659410427,3.85));
#1098=CARTESIAN_POINT('Ctrl Pts',(-7.86873928331829,5.62399555177735,0.));
#1099=CARTESIAN_POINT('Ctrl Pts',(-7.84406173448224,5.56810298681649,0.337093075037264));
#1100=CARTESIAN_POINT('Ctrl Pts',(-7.76054986578224,5.41824369444699,0.966583523978272));
#1101=CARTESIAN_POINT('Ctrl Pts',(-7.51220567400559,5.09666608245038,1.78290799724039));
#1102=CARTESIAN_POINT('Ctrl Pts',(-7.17632060360071,4.75974874854459,2.36310805820277));
#1103=CARTESIAN_POINT('Ctrl Pts',(-6.87173289372809,4.49746243039673,2.71631020613523));
#1104=CARTESIAN_POINT('Ctrl Pts',(-6.68114226031786,4.34246001471014,2.90230161363912));
#1105=CARTESIAN_POINT('Ctrl Pts',(-6.48152278606973,4.18508419216779,3.07742371103282));
#1106=CARTESIAN_POINT('Ctrl Pts',(-6.21784673244654,3.98586716171527,3.27544765732938));
#1107=CARTESIAN_POINT('Ctrl Pts',(-5.89854976051272,3.75091649403857,3.476835716111));
#1108=CARTESIAN_POINT('Ctrl Pts',(-5.59616683362338,3.5290801556539,3.6390055081128));
#1109=CARTESIAN_POINT('Ctrl Pts',(-5.33119080933935,3.32936458321978,3.75867209611837));
#1110=CARTESIAN_POINT('Ctrl Pts',(-5.12411113276823,3.16018482216172,3.83254088418899));
#1111=CARTESIAN_POINT('Ctrl Pts',(-5.03301280307298,3.07232361249584,3.84966141261497));
#1112=CARTESIAN_POINT('Ctrl Pts',(-5.00020287109307,3.03535906042326,3.85));
#1113=CARTESIAN_POINT('Ctrl Pts',(-7.50404366470601,6.53271015781555,0.));
#1114=CARTESIAN_POINT('Ctrl Pts',(-7.46743922602389,6.4803151335179,0.337182253168393));
#1115=CARTESIAN_POINT('Ctrl Pts',(-7.37441878138021,6.34859758851497,0.966827533458084));
#1116=CARTESIAN_POINT('Ctrl Pts',(-7.1514926872067,6.06905852313535,1.78332165037618));
#1117=CARTESIAN_POINT('Ctrl Pts',(-6.86874260901519,5.76221493334314,2.36362152006229));
#1118=CARTESIAN_POINT('Ctrl Pts',(-6.61532066457601,5.51158844005441,2.71686606784064));
#1119=CARTESIAN_POINT('Ctrl Pts',(-6.45690126851004,5.36025923539235,2.90287328908234));
#1120=CARTESIAN_POINT('Ctrl Pts',(-6.29089081841357,5.20461018581212,3.07800486156862));
#1121=CARTESIAN_POINT('Ctrl Pts',(-6.07112849148922,5.00398724339627,3.2760120471935));
#1122=CARTESIAN_POINT('Ctrl Pts',(-5.80303460072841,4.76310888745294,3.47737776943797));
#1123=CARTESIAN_POINT('Ctrl Pts',(-5.54581332196379,4.53313997104849,3.6394752832935));
#1124=CARTESIAN_POINT('Ctrl Pts',(-5.31528235603415,4.32512432366819,3.7590286160921));
#1125=CARTESIAN_POINT('Ctrl Pts',(-5.12725684892512,4.14913652895487,3.83274596343247));
#1126=CARTESIAN_POINT('Ctrl Pts',(-5.03646140530148,4.05817105808341,3.8497338403374));
#1127=CARTESIAN_POINT('Ctrl Pts',(-5.00036983478786,4.01986298308399,3.85));
#1128=CARTESIAN_POINT('Ctrl Pts',(-7.40998748021679,6.71489659832214,0.));
#1129=CARTESIAN_POINT('Ctrl Pts',(-7.37058161782683,6.66391026539745,0.337203803037646));
#1130=CARTESIAN_POINT('Ctrl Pts',(-7.27552828001775,6.53893650218343,0.966886348588451));
#1131=CARTESIAN_POINT('Ctrl Pts',(-7.05923519248992,6.27563267611554,1.78342109144359));
#1132=CARTESIAN_POINT('Ctrl Pts',(-6.7900074735372,5.98227210953346,2.36374494995994));
#1133=CARTESIAN_POINT('Ctrl Pts',(-6.54951065260569,5.73892876089566,2.71699978097657));
#1134=CARTESIAN_POINT('Ctrl Pts',(-6.39921052696276,5.59100992391375,2.90301088920033));
#1135=CARTESIAN_POINT('Ctrl Pts',(-6.24168387982164,5.43826272486233,3.07814484318344));
#1136=CARTESIAN_POINT('Ctrl Pts',(-6.03304393200651,5.24030048010107,3.27614797139844));
#1137=CARTESIAN_POINT('Ctrl Pts',(-5.77793911397843,5.00131604762225,3.47750858784871));
#1138=CARTESIAN_POINT('Ctrl Pts',(-5.53223011470543,4.77233939728473,3.63958874231276));
#1139=CARTESIAN_POINT('Ctrl Pts',(-5.31056619953798,4.56481082562921,3.75911475223545));
#1140=CARTESIAN_POINT('Ctrl Pts',(-5.12758872966149,4.38910562162256,3.83279554524253));
#1141=CARTESIAN_POINT('Ctrl Pts',(-5.03710098401891,4.29822613666891,3.84975134309275));
#1142=CARTESIAN_POINT('Ctrl Pts',(-5.00029939187762,4.25987674962088,3.85));
#1143=CARTESIAN_POINT('Ctrl Pts',(-7.24068142663041,6.95425708565533,0.));
#1144=CARTESIAN_POINT('Ctrl Pts',(-7.19733487278461,6.90608296587525,0.337236399276266));
#1145=CARTESIAN_POINT('Ctrl Pts',(-7.10033379855951,6.79399108442882,0.966975131333934));
#1146=CARTESIAN_POINT('Ctrl Pts',(-6.89770591758233,6.56204103294887,1.78357087991971));
#1147=CARTESIAN_POINT('Ctrl Pts',(-6.65282168879775,6.29595412485394,2.36393086694602));
#1148=CARTESIAN_POINT('Ctrl Pts',(-6.43503729672623,6.06856976206402,2.71720129742166));
#1149=CARTESIAN_POINT('Ctrl Pts',(-6.29889150006838,5.92860153050703,2.90321836429282));
#1150=CARTESIAN_POINT('Ctrl Pts',(-6.15608630924579,5.78299282540757,3.07835603142842));
#1151=CARTESIAN_POINT('Ctrl Pts',(-5.96654263336208,5.59236520998934,3.27635301372996));
#1152=CARTESIAN_POINT('Ctrl Pts',(-5.73371333309676,5.35992151897282,3.4777062595858));
#1153=CARTESIAN_POINT('Ctrl Pts',(-5.50778359026759,5.13572191522607,3.63976028504217));
#1154=CARTESIAN_POINT('Ctrl Pts',(-5.30152134140446,4.93170696101878,3.7592450210993));
#1155=CARTESIAN_POINT('Ctrl Pts',(-5.12769501537487,4.75860384180349,3.83287057202436));
#1156=CARTESIAN_POINT('Ctrl Pts',(-5.03824286423508,4.66881935059915,3.84977781843007));
#1157=CARTESIAN_POINT('Ctrl Pts',(-5.00058038289743,4.63075011642593,3.85));
#1158=CARTESIAN_POINT('Ctrl Pts',(-7.11195988846513,7.10696403849917,0.));
#1159=CARTESIAN_POINT('Ctrl Pts',(-7.06598147792391,7.06101938997098,0.337259134549157));
#1160=CARTESIAN_POINT('Ctrl Pts',(-6.9636609695799,6.95889561139313,0.967036984560814));
#1161=CARTESIAN_POINT('Ctrl Pts',(-6.75563863137062,6.7512717113954,1.78367510854262));
#1162=CARTESIAN_POINT('Ctrl Pts',(-6.51088680162187,6.50666142879855,2.36406023283131));
#1163=CARTESIAN_POINT('Ctrl Pts',(-6.29641393832189,6.29217438310402,2.71734156136954));
#1164=CARTESIAN_POINT('Ctrl Pts',(-6.16299511307482,6.15874979523502,2.90336281544196));
#1165=CARTESIAN_POINT('Ctrl Pts',(-6.02339683876783,6.01910275440591,3.07850311605341));
#1166=CARTESIAN_POINT('Ctrl Pts',(-5.83864977625617,5.8347681456104,3.27649580827522));
#1167=CARTESIAN_POINT('Ctrl Pts',(-5.61204099663967,5.60819715112636,3.4778440518784));
#1168=CARTESIAN_POINT('Ctrl Pts',(-5.39194058796013,5.3885004139028,3.63987990346566));
#1169=CARTESIAN_POINT('Ctrl Pts',(-5.19023915019511,5.1879348462948,3.7593358732389));
#1170=CARTESIAN_POINT('Ctrl Pts',(-5.01883253674071,5.01744019505074,3.8329229134379));
#1171=CARTESIAN_POINT('Ctrl Pts',(-4.92923864706573,4.92877929936195,3.8497962847809));
#1172=CARTESIAN_POINT('Ctrl Pts',(-4.89105951746468,4.89104022603479,3.85));
#1173=CARTESIAN_POINT('Ctrl Pts',(-6.9580794235157,7.23500913868815,0.));
#1174=CARTESIAN_POINT('Ctrl Pts',(-6.90986261102823,7.19168894693573,0.337281152578054));
#1175=CARTESIAN_POINT('Ctrl Pts',(-6.79762346820845,7.09487032036589,0.967096763162536));
#1176=CARTESIAN_POINT('Ctrl Pts',(-6.56541297110437,6.8927145282067,1.78377562223477));
#1177=CARTESIAN_POINT('Ctrl Pts',(-6.2993382661694,6.6480164893667,2.36418498374766));
#1178=CARTESIAN_POINT('Ctrl Pts',(-6.07205918707959,6.4302672969205,2.71747689728837));
#1179=CARTESIAN_POINT('Ctrl Pts',(-5.93214666068759,6.29414826675735,2.90350226049957));
#1180=CARTESIAN_POINT('Ctrl Pts',(-5.786632299315,6.15132388738477,3.07864518716065));
#1181=CARTESIAN_POINT('Ctrl Pts',(-5.59569322653211,5.9622535978564,3.27663371871502));
#1182=CARTESIAN_POINT('Ctrl Pts',(-5.36328703868474,5.72950015751499,3.47797735825683));
#1183=CARTESIAN_POINT('Ctrl Pts',(-5.13878073266314,5.50403424250769,3.63999569712763));
#1184=CARTESIAN_POINT('Ctrl Pts',(-4.93377445805718,5.29901883770896,3.75942384536702));
#1185=CARTESIAN_POINT('Ctrl Pts',(-4.75986958739794,5.12619144625817,3.83297362376119));
#1186=CARTESIAN_POINT('Ctrl Pts',(-4.66924422151343,5.03774189071286,3.84981416907072));
#1187=CARTESIAN_POINT('Ctrl Pts',(-4.63077127939845,5.00055653550593,3.85));
#1188=CARTESIAN_POINT('Ctrl Pts',(-6.76616593770837,7.37019727074676,0.));
#1189=CARTESIAN_POINT('Ctrl Pts',(-6.71569508327186,7.33001302277656,0.337305532187291));
#1190=CARTESIAN_POINT('Ctrl Pts',(-6.59319281621103,7.23476528680802,0.967162892560623));
#1191=CARTESIAN_POINT('Ctrl Pts',(-6.33608342701266,7.02164450156497,1.78388670605654));
#1192=CARTESIAN_POINT('Ctrl Pts',(-6.04835533284798,6.75746444805601,2.36432285157816));
#1193=CARTESIAN_POINT('Ctrl Pts',(-5.80842122396555,6.52150778406745,2.71762650060935));
#1194=CARTESIAN_POINT('Ctrl Pts',(-5.66221130991515,6.37404157343756,2.90365644036074));
#1195=CARTESIAN_POINT('Ctrl Pts',(-5.51104337194635,6.21941335787909,3.07880231207237));
#1196=CARTESIAN_POINT('Ctrl Pts',(-5.31434124132599,6.01509621932576,3.2767862337734));
#1197=CARTESIAN_POINT('Ctrl Pts',(-5.07677798822798,5.76451615245244,3.47812489408042));
#1198=CARTESIAN_POINT('Ctrl Pts',(-4.84854587216592,5.52326148008176,3.64012388521874));
#1199=CARTESIAN_POINT('Ctrl Pts',(-4.64087674562048,5.30603143110199,3.75952124626047));
#1200=CARTESIAN_POINT('Ctrl Pts',(-4.46500365944791,5.12597030842358,3.83302978305347));
#1201=CARTESIAN_POINT('Ctrl Pts',(-4.37359261894041,5.03679244533572,3.84983397182083));
#1202=CARTESIAN_POINT('Ctrl Pts',(-4.33493663613945,5.00033584453263,3.85));
#1203=CARTESIAN_POINT('Ctrl Pts',(-6.64650540345102,7.43888639652426,0.));
#1204=CARTESIAN_POINT('Ctrl Pts',(-6.59497142142095,7.40057010713856,0.337318771860124));
#1205=CARTESIAN_POINT('Ctrl Pts',(-6.46749412348633,7.30647894819928,0.967198761370884));
#1206=CARTESIAN_POINT('Ctrl Pts',(-6.19837902944013,7.08821764119389,1.7839468805552));
#1207=CARTESIAN_POINT('Ctrl Pts',(-5.90050823929338,6.81410048355607,2.3643975336115));
#1208=CARTESIAN_POINT('Ctrl Pts',(-5.65492308507289,6.5687881685438,2.71770756664118));
#1209=CARTESIAN_POINT('Ctrl Pts',(-5.50600165049231,6.41547191778483,2.90374001086956));
#1210=CARTESIAN_POINT('Ctrl Pts',(-5.35247319249612,6.25474208344528,3.07888750870844));
#1211=CARTESIAN_POINT('Ctrl Pts',(-5.15352178548442,6.0424633036744,3.27686892486816));
#1212=CARTESIAN_POINT('Ctrl Pts',(-4.91416385844896,5.78257828233888,3.47820496622004));
#1213=CARTESIAN_POINT('Ctrl Pts',(-4.6848256601817,5.53308790926585,3.64019348139451));
#1214=CARTESIAN_POINT('Ctrl Pts',(-4.47650010799805,5.30952787406562,3.75957413621886));
#1215=CARTESIAN_POINT('Ctrl Pts',(-4.30018116789733,5.12581824796627,3.83306028824301));
#1216=CARTESIAN_POINT('Ctrl Pts',(-4.20862531885037,5.03637446741437,3.84984472614914));
#1217=CARTESIAN_POINT('Ctrl Pts',(-4.16997197339937,5.00039656238242,3.85));
#1218=CARTESIAN_POINT('Ctrl Pts',(-5.90148769936008,7.80083524163835,0.));
#1219=CARTESIAN_POINT('Ctrl Pts',(-5.84543832564088,7.77317360458492,0.337389055112745));
#1220=CARTESIAN_POINT('Ctrl Pts',(-5.69588977491356,7.68658429265695,0.967388977259483));
#1221=CARTESIAN_POINT('Ctrl Pts',(-5.37417810729751,7.4415583229414,1.78426564432293));
#1222=CARTESIAN_POINT('Ctrl Pts',(-5.03424475569739,7.11467622709357,2.36479314195407));
#1223=CARTESIAN_POINT('Ctrl Pts',(-4.76748832252455,6.81920780984831,2.71813711326071));
#1224=CARTESIAN_POINT('Ctrl Pts',(-4.60926797081151,6.63447570893002,2.90418293800318));
#1225=CARTESIAN_POINT('Ctrl Pts',(-4.44829703183244,6.44097388159969,3.07933918778203));
#1226=CARTESIAN_POINT('Ctrl Pts',(-4.2436768675803,6.18609120404555,3.27730729381762));
#1227=CARTESIAN_POINT('Ctrl Pts',(-4.00191698434525,5.87643729377346,3.47862981233703));
#1228=CARTESIAN_POINT('Ctrl Pts',(-3.7731668482031,5.58306419498029,3.6405628543062));
#1229=CARTESIAN_POINT('Ctrl Pts',(-3.5668860758935,5.32603599863066,3.75985488247814));
#1230=CARTESIAN_POINT('Ctrl Pts',(-3.39253502422834,5.12344541759543,3.83322225794048));
#1231=CARTESIAN_POINT('Ctrl Pts',(-3.302139117026,5.03330025589348,3.84990181666993));
#1232=CARTESIAN_POINT('Ctrl Pts',(-3.26418738524552,5.00023486456271,3.85));
#1233=CARTESIAN_POINT('Ctrl Pts',(-4.89239568167266,7.97923288671915,0.));
#1234=CARTESIAN_POINT('Ctrl Pts',(-4.83751045273466,7.9617457228947,0.337437660699557));
#1235=CARTESIAN_POINT('Ctrl Pts',(-4.69232958827826,7.88693636424524,0.967519783756031));
#1236=CARTESIAN_POINT('Ctrl Pts',(-4.38792781568582,7.63509748051082,1.7844835277021));
#1237=CARTESIAN_POINT('Ctrl Pts',(-4.07650378208725,7.28170711247936,2.36506352576652));
#1238=CARTESIAN_POINT('Ctrl Pts',(-3.83819951325205,6.95820868121382,2.71843115234285));
#1239=CARTESIAN_POINT('Ctrl Pts',(-3.69836373880754,6.75541896996346,2.9044865551377));
#1240=CARTESIAN_POINT('Ctrl Pts',(-3.55697885219449,6.54282462291706,3.07964931184918));
#1241=CARTESIAN_POINT('Ctrl Pts',(-3.37881842732067,6.26273285899492,3.2776081774274));
#1242=CARTESIAN_POINT('Ctrl Pts',(-3.16965830782958,5.9235017583783,3.47892278774309));
#1243=CARTESIAN_POINT('Ctrl Pts',(-2.97204700260489,5.60441528870824,3.64081799365792));
#1244=CARTESIAN_POINT('Ctrl Pts',(-2.7930423874695,5.32873771530275,3.76004895422715));
#1245=CARTESIAN_POINT('Ctrl Pts',(-2.63970256772618,5.11749943287421,3.83333439192382));
#1246=CARTESIAN_POINT('Ctrl Pts',(-2.55822690347516,5.02973479908689,3.84994130165184));
#1247=CARTESIAN_POINT('Ctrl Pts',(-2.52337298802643,5.00009452560385,3.85));
#1248=CARTESIAN_POINT('Ctrl Pts',(-2.50465866531529,8.1307008014754,0.));
#1249=CARTESIAN_POINT('Ctrl Pts',(-2.46832383275784,8.126495156605,0.337495106758089));
#1250=CARTESIAN_POINT('Ctrl Pts',(-2.37704999243879,8.06972294671606,0.967674068947908));
#1251=CARTESIAN_POINT('Ctrl Pts',(-2.19757713868073,7.8190806885099,1.78473995806621));
#1252=CARTESIAN_POINT('Ctrl Pts',(-2.02317806135365,7.44341813445871,2.36538173410174));
#1253=CARTESIAN_POINT('Ctrl Pts',(-1.89416262910121,7.09315152541888,2.71877739637044));
#1254=CARTESIAN_POINT('Ctrl Pts',(-1.81948130689154,6.8725884863581,2.9048442562906));
#1255=CARTESIAN_POINT('Ctrl Pts',(-1.74454054397672,6.64093514912783,3.08001489524288));
#1256=CARTESIAN_POINT('Ctrl Pts',(-1.65104682665096,6.33529626099708,3.27796282465865));
#1257=CARTESIAN_POINT('Ctrl Pts',(-1.54175854476264,5.96584343547508,3.47926869788687));
#1258=CARTESIAN_POINT('Ctrl Pts',(-1.43798525381548,5.62066074324774,3.64111940869511));
#1259=CARTESIAN_POINT('Ctrl Pts',(-1.34236831550192,5.32670214106453,3.76027828900076));
#1260=CARTESIAN_POINT('Ctrl Pts',(-1.25754923438961,5.10836484579394,3.83346697214589));
#1261=CARTESIAN_POINT('Ctrl Pts',(-1.2097346667304,5.02500191814129,3.84998796952295));
#1262=CARTESIAN_POINT('Ctrl Pts',(-1.18834807318795,5.00004130533954,3.85));
#1263=CARTESIAN_POINT('Ctrl Pts',(-1.25194395802237,8.15792037995275,0.));
#1264=CARTESIAN_POINT('Ctrl Pts',(-1.22973801830859,8.15782220450143,0.337509914872449));
#1265=CARTESIAN_POINT('Ctrl Pts',(-1.17835516282784,8.10706395823275,0.967713669552797));
#1266=CARTESIAN_POINT('Ctrl Pts',(-1.08598222667072,7.85871159434408,1.78480547032073));
#1267=CARTESIAN_POINT('Ctrl Pts',(-1.00093378375977,7.47876919506377,2.36546302345411));
#1268=CARTESIAN_POINT('Ctrl Pts',(-0.939618752844167,7.12250876487104,2.71886595503106));
#1269=CARTESIAN_POINT('Ctrl Pts',(-0.904423548245757,6.89785140898671,2.90493584286383));
#1270=CARTESIAN_POINT('Ctrl Pts',(-0.86923992587804,6.66175413761644,3.08010861804869));
#1271=CARTESIAN_POINT('Ctrl Pts',(-0.825501343372682,6.35008193678195,3.2780537202213));
#1272=CARTESIAN_POINT('Ctrl Pts',(-0.7741023760365,5.97348935147794,3.47935767295458));
#1273=CARTESIAN_POINT('Ctrl Pts',(-0.724492426740653,5.62225518972505,3.6411970352388));
#1274=CARTESIAN_POINT('Ctrl Pts',(-0.677373214846172,5.3243245002591,3.76033738649878));
#1275=CARTESIAN_POINT('Ctrl Pts',(-0.633446470303258,5.1049987896396,3.83350117572746));
#1276=CARTESIAN_POINT('Ctrl Pts',(-0.606758059243701,5.02341058700504,3.85));
#1277=CARTESIAN_POINT('Ctrl Pts',(-0.594179861198323,5.,3.85));
#1278=CARTESIAN_POINT('Ctrl Pts',(-2.10932226407667E-7,8.15573771837999,
0.));
#1279=CARTESIAN_POINT('Ctrl Pts',(-2.00888717945599E-7,8.15574347919404,
0.337509914872449));
#1280=CARTESIAN_POINT('Ctrl Pts',(-1.80800943931495E-7,8.10519541789565,
0.967713669552797));
#1281=CARTESIAN_POINT('Ctrl Pts',(-1.50667660574689E-7,7.8571543447716,
1.78480547032073));
#1282=CARTESIAN_POINT('Ctrl Pts',(-1.25555779942861E-7,7.47747299094955,
2.36546302345411));
#1283=CARTESIAN_POINT('Ctrl Pts',(-1.07977321546212E-7,7.12139329864088,
2.71886595503106));
#1284=CARTESIAN_POINT('Ctrl Pts',(-9.79324881766986E-8,6.89683888951916,
2.90493584286383));
#1285=CARTESIAN_POINT('Ctrl Pts',(-8.78876683266486E-8,6.66084451057603,
3.08010861804869));
#1286=CARTESIAN_POINT('Ctrl Pts',(-7.53316942120751E-8,6.34930202410559,
3.2780537202213));
#1287=CARTESIAN_POINT('Ctrl Pts',(-6.02646875081518E-8,5.97286477580426,
3.47935767295458));
#1288=CARTESIAN_POINT('Ctrl Pts',(-4.51979241545756E-8,5.62178628856529,
3.6411970352388));
#1289=CARTESIAN_POINT('Ctrl Pts',(-3.0131485268129E-8,5.3240115879878,3.76033738649878));
#1290=CARTESIAN_POINT('Ctrl Pts',(-1.50654519655943E-8,5.10484193895053,
3.83350117572746));
#1291=CARTESIAN_POINT('Ctrl Pts',(-5.021754231034E-9,5.02335861887235,3.85));
#1292=CARTESIAN_POINT('Ctrl Pts',(0.,5.,3.85));
#1293=CARTESIAN_POINT('',(-2.10932208158376E-7,8.15573771837999,0.));
#1294=CARTESIAN_POINT('Ctrl Pts',(-2.10932226407667E-7,8.15573771837999,
0.));
#1295=CARTESIAN_POINT('Ctrl Pts',(-1.25194395802237,8.15792037995275,0.));
#1296=CARTESIAN_POINT('Ctrl Pts',(-2.50465866531529,8.1307008014754,0.));
#1297=CARTESIAN_POINT('Ctrl Pts',(-4.89239568167266,7.97923288671915,0.));
#1298=CARTESIAN_POINT('Ctrl Pts',(-5.90148769936008,7.80083524163835,0.));
#1299=CARTESIAN_POINT('Ctrl Pts',(-6.64650540345102,7.43888639652426,0.));
#1300=CARTESIAN_POINT('Ctrl Pts',(-6.76616593770837,7.37019727074676,0.));
#1301=CARTESIAN_POINT('Ctrl Pts',(-6.9580794235157,7.23500913868815,0.));
#1302=CARTESIAN_POINT('Ctrl Pts',(-7.11195988846513,7.10696403849917,0.));
#1303=CARTESIAN_POINT('Ctrl Pts',(-7.24068142663041,6.95425708565533,0.));
#1304=CARTESIAN_POINT('Ctrl Pts',(-7.40998748021679,6.71489659832214,0.));
#1305=CARTESIAN_POINT('Ctrl Pts',(-7.50404366470601,6.53271015781555,0.));
#1306=CARTESIAN_POINT('Ctrl Pts',(-7.86873928331829,5.62399555177735,0.));
#1307=CARTESIAN_POINT('Ctrl Pts',(-8.01963733092856,4.51845385482624,0.));
#1308=CARTESIAN_POINT('Ctrl Pts',(-8.13487295803675,2.1697441300737,0.));
#1309=CARTESIAN_POINT('Ctrl Pts',(-8.15585876820935,1.08462722161285,0.));
#1310=CARTESIAN_POINT('Ctrl Pts',(-8.15408654158404,-0.814852797897569,
0.));
#1311=CARTESIAN_POINT('Ctrl Pts',(-8.14091018424535,-1.62953365824222,0.));
#1312=CARTESIAN_POINT('Ctrl Pts',(-8.0657898971927,-4.02717244521827,0.));
#1313=CARTESIAN_POINT('Ctrl Pts',(-7.93255756815751,-5.37653524150279,0.));
#1314=CARTESIAN_POINT('Ctrl Pts',(-7.53849444134218,-6.46865588364578,0.));
#1315=CARTESIAN_POINT('Ctrl Pts',(-7.43041442957171,-6.68763070140066,0.));
#1316=CARTESIAN_POINT('Ctrl Pts',(-7.23986575050932,-6.95310188688208,0.));
#1317=CARTESIAN_POINT('Ctrl Pts',(-7.10982586863654,-7.10499669362077,0.));
#1318=CARTESIAN_POINT('Ctrl Pts',(-6.95515396504023,-7.2331141277546,0.));
#1319=CARTESIAN_POINT('Ctrl Pts',(-6.80726807120911,-7.3379550764263,0.));
#1320=CARTESIAN_POINT('Ctrl Pts',(-6.74011967796349,-7.38047729325928,0.));
#1321=CARTESIAN_POINT('Ctrl Pts',(-6.13066092441932,-7.73010936329134,0.));
#1322=CARTESIAN_POINT('Ctrl Pts',(-5.23166196424603,-7.93141572556329,0.));
#1323=CARTESIAN_POINT('Ctrl Pts',(-2.84811675043358,-8.12615174569373,0.));
#1324=CARTESIAN_POINT('Ctrl Pts',(-1.42385927865901,-8.15823079012954,0.));
#1325=CARTESIAN_POINT('Ctrl Pts',(0.62624517420726,-8.15296142995587,0.));
#1326=CARTESIAN_POINT('Ctrl Pts',(1.25246156808012,-8.14443793229619,0.));
#1327=CARTESIAN_POINT('Ctrl Pts',(2.70840018551885,-8.11251052519875,0.));
#1328=CARTESIAN_POINT('Ctrl Pts',(4.29655636275087,-8.04130296845354,0.));
#1329=CARTESIAN_POINT('Ctrl Pts',(5.49065253255665,-7.85313752888206,0.));
#1330=CARTESIAN_POINT('Ctrl Pts',(6.34186904696093,-7.6015864984351,0.));
#1331=CARTESIAN_POINT('Ctrl Pts',(6.63282513380586,-7.46878173385743,0.));
#1332=CARTESIAN_POINT('Ctrl Pts',(6.94855296510912,-7.23935320836037,0.));
#1333=CARTESIAN_POINT('Ctrl Pts',(7.10126014044982,-7.10757534796651,0.));
#1334=CARTESIAN_POINT('Ctrl Pts',(7.23053276853744,-6.95348190898312,0.));
#1335=CARTESIAN_POINT('Ctrl Pts',(7.2937558449805,-6.86661877735611,0.));
#1336=CARTESIAN_POINT('Ctrl Pts',(7.29618565054124,-6.863261541118,0.));
#1337=CARTESIAN_POINT('Ctrl Pts',(7.61278527349215,-6.42336419370904,0.));
#1338=CARTESIAN_POINT('Ctrl Pts',(7.83659304874213,-5.71327175561437,0.));
#1339=CARTESIAN_POINT('Ctrl Pts',(8.11787516897852,-3.42052463894623,0.));
#1340=CARTESIAN_POINT('Ctrl Pts',(8.15000030293175,-1.71999413488939,0.));
#1341=CARTESIAN_POINT('Ctrl Pts',(8.14999824250012,1.72623200690172,0.));
#1342=CARTESIAN_POINT('Ctrl Pts',(8.11769735287296,3.43314345605096,0.));
#1343=CARTESIAN_POINT('Ctrl Pts',(7.83381063733219,5.72653518251818,0.));
#1344=CARTESIAN_POINT('Ctrl Pts',(7.60890259782547,6.432591567508,0.));
#1345=CARTESIAN_POINT('Ctrl Pts',(7.29001185215612,6.87175639277345,0.));
#1346=CARTESIAN_POINT('Ctrl Pts',(7.28727579881135,6.87549489235937,0.));
#1347=CARTESIAN_POINT('Ctrl Pts',(7.22480993564492,6.96017700742961,0.));
#1348=CARTESIAN_POINT('Ctrl Pts',(7.09770980474845,7.11013396689734,0.));
#1349=CARTESIAN_POINT('Ctrl Pts',(6.94795455763634,7.23918802443129,0.));
#1350=CARTESIAN_POINT('Ctrl Pts',(6.62258776757863,7.47641046205901,0.));
#1351=CARTESIAN_POINT('Ctrl Pts',(6.31433819761706,7.6147147711966,0.));
#1352=CARTESIAN_POINT('Ctrl Pts',(5.05483899085733,7.9708939303703,0.));
#1353=CARTESIAN_POINT('Ctrl Pts',(3.78227053746433,8.07625555464676,0.));
#1354=CARTESIAN_POINT('Ctrl Pts',(1.55790415768434,8.14163646982924,0.));
#1355=CARTESIAN_POINT('Ctrl Pts',(0.77901958309548,8.15437956105639,0.));
#1356=CARTESIAN_POINT('Ctrl Pts',(-2.10932208158376E-7,8.15573771837999,
0.));
#1357=CARTESIAN_POINT('Ctrl Pts',(-2.10932226130112E-7,8.15573771837999,
2.37864730101203E-20));
#1358=CARTESIAN_POINT('Ctrl Pts',(-2.00888717605263E-7,8.15574347919404,
0.337509914872449));
#1359=CARTESIAN_POINT('Ctrl Pts',(-1.90844830633141E-7,8.13046944854484,
0.652611792212623));
#1360=CARTESIAN_POINT('Ctrl Pts',(-1.80800673321713E-7,8.07649225436624,
0.946344697677366));
#1361=CARTESIAN_POINT('Ctrl Pts',(-1.70756515871506E-7,8.02251506018764,
1.24007760314211));
#1362=CARTESIAN_POINT('Ctrl Pts',(-1.60712088498327E-7,7.93983470247962,
1.51244153673142));
#1363=CARTESIAN_POINT('Ctrl Pts',(-1.50667498477475E-7,7.8225582528612,
1.76475501415275));
#1364=CARTESIAN_POINT('Ctrl Pts',(-1.40622908456622E-7,7.70528180324278,
2.01706849157409));
#1365=CARTESIAN_POINT('Ctrl Pts',(-1.30578156343208E-7,7.55340926171396,
2.24933151282744));
#1366=CARTESIAN_POINT('Ctrl Pts',(-1.20533349967644E-7,7.36713567461057,
2.46138220813168));
#1367=CARTESIAN_POINT('Ctrl Pts',(-1.15510946363528E-7,7.27399888105888,
2.5674075557838));
#1368=CARTESIAN_POINT('Ctrl Pts',(-1.10488529714292E-7,7.17226182611354,
2.66837982194864));
#1369=CARTESIAN_POINT('Ctrl Pts',(-1.05466113065056E-7,7.06349800475786,
2.76406053994785));
#1370=CARTESIAN_POINT('Ctrl Pts',(-1.0044369641582E-7,6.95473418340217,
2.85974125794705));
#1371=CARTESIAN_POINT('Ctrl Pts',(-9.54212797665832E-8,6.83894359563615,
2.95013042778061));
#1372=CARTESIAN_POINT('Ctrl Pts',(-9.0398876717579E-8,6.71873980445904,
3.03491403313191));
#1373=CARTESIAN_POINT('Ctrl Pts',(-8.53764735297968E-8,6.59853601328194,
3.11969763848321));
#1374=CARTESIAN_POINT('Ctrl Pts',(-8.03540839422467E-8,6.47391901869376,
3.19887567935226));
#1375=CARTESIAN_POINT('Ctrl Pts',(-7.53317214163829E-8,6.34887098001612,
3.27201535857566));
#1376=CARTESIAN_POINT('Ctrl Pts',(-6.52869960870994E-8,6.09877490266084,
3.41829471702246));
#1377=CARTESIAN_POINT('Ctrl Pts',(-5.52423787270051E-8,5.84695464894769,
3.5404206288867));
#1378=CARTESIAN_POINT('Ctrl Pts',(-4.51979781379563E-8,5.63067025300887,
3.63408053340143));
#1379=CARTESIAN_POINT('Ctrl Pts',(-4.01757777046541E-8,5.52252805503946,
3.6809104856588));
#1380=CARTESIAN_POINT('Ctrl Pts',(-3.51536315335021E-8,5.42326982151363,
3.72062393607879));
#1381=CARTESIAN_POINT('Ctrl Pts',(-3.0131552808399E-8,5.33711242991117,
3.75267462616023));
#1382=CARTESIAN_POINT('Ctrl Pts',(-2.51094742220737E-8,5.25095503830871,
3.78472531624167));
#1383=CARTESIAN_POINT('Ctrl Pts',(-2.00874629430192E-8,5.17789848862962,
3.80911324598457));
#1384=CARTESIAN_POINT('Ctrl Pts',(-1.50655329878013E-8,5.12099938377053,
3.82543191692415));
#1385=CARTESIAN_POINT('Ctrl Pts',(-1.00436032407503E-8,5.06410027891144,
3.84175058786373));
#1386=CARTESIAN_POINT('Ctrl Pts',(-5.02175426242424E-9,5.02335861887235,
3.85));
#1387=CARTESIAN_POINT('Ctrl Pts',(0.,5.,3.85));
#1388=CARTESIAN_POINT('Ctrl Pts',(7.25,-1.63410951437015E-14,5.8));
#1389=CARTESIAN_POINT('Ctrl Pts',(6.86801261494068,-1.66023216632575E-14,
5.65194357483687));
#1390=CARTESIAN_POINT('Ctrl Pts',(6.00292377405722,6.76857594881165E-8,
5.37314309591978));
#1391=CARTESIAN_POINT('Ctrl Pts',(4.06065525697288,2.8766453258963E-7,4.95858500123871));
#1392=CARTESIAN_POINT('Ctrl Pts',(1.8700800505275,4.14575363176126E-7,4.80000000390631));
#1393=CARTESIAN_POINT('Ctrl Pts',(-4.14575359117447E-7,4.14575362896374E-7,
4.8));
#1394=CARTESIAN_POINT('Ctrl Pts',(7.25,-0.718093442237892,5.8));
#1395=CARTESIAN_POINT('Ctrl Pts',(6.86801261501398,-0.664393533999313,5.65194357472523));
#1396=CARTESIAN_POINT('Ctrl Pts',(6.00271847436848,-0.555705225539001,5.37314309559268));
#1397=CARTESIAN_POINT('Ctrl Pts',(4.06090151714334,-0.338053149048557,4.95858500072985));
#1398=CARTESIAN_POINT('Ctrl Pts',(1.87008005136828,-0.142316082468883,4.80000000359192));
#1399=CARTESIAN_POINT('Ctrl Pts',(-4.14575359117447E-7,4.14575362896374E-7,
4.8));
#1400=CARTESIAN_POINT('Ctrl Pts',(7.19837701370836,-2.15148179064767,5.8));
#1401=CARTESIAN_POINT('Ctrl Pts',(6.81663812036041,-2.00547640571927,5.65194357450195));
#1402=CARTESIAN_POINT('Ctrl Pts',(5.94939109379942,-1.68683181876111,5.37314309493848));
#1403=CARTESIAN_POINT('Ctrl Pts',(4.00350970367139,-1.0222814689744,4.95858499971213));
#1404=CARTESIAN_POINT('Ctrl Pts',(1.83441209223228,-0.421955179741124,4.80000000296314));
#1405=CARTESIAN_POINT('Ctrl Pts',(-4.14575359117447E-7,4.14575362896374E-7,
4.8));
#1406=CARTESIAN_POINT('Ctrl Pts',(6.82853456081799,-4.62801948257618,5.8));
#1407=CARTESIAN_POINT('Ctrl Pts',(6.45676995802734,-4.34929716146021,5.65194357411007));
#1408=CARTESIAN_POINT('Ctrl Pts',(5.59673843165918,-3.69855791284995,5.37314309379029));
#1409=CARTESIAN_POINT('Ctrl Pts',(3.67060403019282,-2.2709013882918,4.95858499792593));
#1410=CARTESIAN_POINT('Ctrl Pts',(1.63793236887854,-0.943729750709707,4.80000000185957));
#1411=CARTESIAN_POINT('Ctrl Pts',(-4.14575359117447E-7,4.14575362896375E-7,
4.8));
#1412=CARTESIAN_POINT('Ctrl Pts',(5.64758444508402,-6.55511776818039,5.8));
#1413=CARTESIAN_POINT('Ctrl Pts',(5.32196392160867,-6.19189429289518,5.65194357382528));
#1414=CARTESIAN_POINT('Ctrl Pts',(4.54837346416853,-5.33811222228862,5.37314309295585));
#1415=CARTESIAN_POINT('Ctrl Pts',(2.82997966038384,-3.42545507686479,4.95858499662782));
#1416=CARTESIAN_POINT('Ctrl Pts',(1.19055315176151,-1.49276360213249,4.80000000105755));
#1417=CARTESIAN_POINT('Ctrl Pts',(-4.14575359117447E-7,4.14575362896375E-7,
4.8));
#1418=CARTESIAN_POINT('Ctrl Pts',(2.889212645722,-7.16861722111639,5.8));
#1419=CARTESIAN_POINT('Ctrl Pts',(2.69705452963062,-6.78700256996248,5.65194357408729));
#1420=CARTESIAN_POINT('Ctrl Pts',(2.27150013495401,-5.91901687719711,5.37314309372353));
#1421=CARTESIAN_POINT('Ctrl Pts',(1.36903268060356,-3.97409315441454,4.95858499782208));
#1422=CARTESIAN_POINT('Ctrl Pts',(0.56177470835373,-1.81657812228325,4.80000000179541));
#1423=CARTESIAN_POINT('Ctrl Pts',(-4.14575359117447E-7,4.14575362896375E-7,
4.8));
#1424=CARTESIAN_POINT('Ctrl Pts',(0.718093027662521,-7.25000001050757,5.8));
#1425=CARTESIAN_POINT('Ctrl Pts',(0.664393121592137,-6.86801262466382,5.65194357461359));
#1426=CARTESIAN_POINT('Ctrl Pts',(0.553882260887757,-6.003166154125,5.37314309526558));
#1427=CARTESIAN_POINT('Ctrl Pts',(0.340239262567526,-4.06036453666457,4.95858500022099));
#1428=CARTESIAN_POINT('Ctrl Pts',(0.142316076402307,-1.87008005360159,4.80000000327753));
#1429=CARTESIAN_POINT('Ctrl Pts',(-4.14575359117447E-7,4.14575362896374E-7,
4.8));
#1430=CARTESIAN_POINT('Ctrl Pts',(-4.14575351074538E-7,-7.25000000000001,
5.8));
#1431=CARTESIAN_POINT('Ctrl Pts',(-4.14575351467363E-7,-6.86801261494069,
5.65194357483688));
#1432=CARTESIAN_POINT('Ctrl Pts',(-4.14575352782333E-7,-6.00292377405723,
5.37314309591978));
#1433=CARTESIAN_POINT('Ctrl Pts',(-4.14575355948925E-7,-4.06065525697288,
4.95858500123872));
#1434=CARTESIAN_POINT('Ctrl Pts',(-4.14575358193435E-7,-1.8700800505275,
4.80000000390631));
#1435=CARTESIAN_POINT('Ctrl Pts',(-4.14575359117447E-7,4.14575362896374E-7,
4.8));
#1436=CARTESIAN_POINT('',(7.25,-1.2930547216409E-14,5.8));
#1437=CARTESIAN_POINT('',(6.50965640588288,-4.94271495542304,5.8));
#1438=CARTESIAN_POINT('Ctrl Pts',(7.25,-1.65978342181461E-14,5.8));
#1439=CARTESIAN_POINT('Ctrl Pts',(7.25,-0.603198474896817,5.8));
#1440=CARTESIAN_POINT('Ctrl Pts',(7.21915781761259,-1.76212868728751,5.8));
#1441=CARTESIAN_POINT('Ctrl Pts',(7.12905829544004,-2.8678460844099,5.8));
#1442=CARTESIAN_POINT('Ctrl Pts',(6.96009025074058,-3.81811244473774,5.8));
#1443=CARTESIAN_POINT('Ctrl Pts',(6.67578283452463,-4.60349214020441,5.8));
#1444=CARTESIAN_POINT('Ctrl Pts',(6.50965640588288,-4.94271495542304,5.8));
#1445=CARTESIAN_POINT('',(-4.14575359117447E-7,4.14575362896374E-7,4.8));
#1446=CARTESIAN_POINT('Ctrl Pts',(7.24999958542464,6.04504705528916E-15,
5.8));
#1447=CARTESIAN_POINT('Ctrl Pts',(7.08956488369972,5.93533191707566E-15,
5.73781630143149));
#1448=CARTESIAN_POINT('Ctrl Pts',(6.75363285902624,5.71720326892389E-15,
5.61602787145111));
#1449=CARTESIAN_POINT('Ctrl Pts',(6.20456595696973,5.39391353976607E-15,
5.44107887507516));
#1450=CARTESIAN_POINT('Ctrl Pts',(5.37586127906882,4.97120954164352E-15,
5.22435569641329));
#1451=CARTESIAN_POINT('Ctrl Pts',(4.10017689007985,4.4635520374813E-15,
4.99451001225455));
#1452=CARTESIAN_POINT('Ctrl Pts',(2.76690353840012,4.08445006870243E-15,
4.86417724456756));
#1453=CARTESIAN_POINT('Ctrl Pts',(1.50268258659464,3.8229599903808E-15,
4.81167432040897));
#1454=CARTESIAN_POINT('Ctrl Pts',(0.523622115653441,3.66040693945334E-15,
4.80000000109377));
#1455=CARTESIAN_POINT('Ctrl Pts',(-4.14575359348684E-7,3.58207648122226E-15,
4.8));
#1456=CARTESIAN_POINT('',(-4.14575357895634E-7,-7.25000000000001,5.8));
#1457=CARTESIAN_POINT('Ctrl Pts',(-4.14575354156784E-7,-7.24999958542463,
5.8));
#1458=CARTESIAN_POINT('Ctrl Pts',(-4.1457535432177E-7,-7.08956488369972,
5.73781630143149));
#1459=CARTESIAN_POINT('Ctrl Pts',(-4.14575354655631E-7,-6.75363285902624,
5.61602787145111));
#1460=CARTESIAN_POINT('Ctrl Pts',(-4.14575355168079E-7,-6.20456595696973,
5.44107887507516));
#1461=CARTESIAN_POINT('Ctrl Pts',(-4.1457535587628E-7,-5.37586127906882,
5.22435569641329));
#1462=CARTESIAN_POINT('Ctrl Pts',(-4.14575356823422E-7,-4.10017689007984,
4.99451001225455));
#1463=CARTESIAN_POINT('Ctrl Pts',(-4.14575357661849E-7,-2.76690353840012,
4.86417724456756));
#1464=CARTESIAN_POINT('Ctrl Pts',(-4.14575358358875E-7,-1.50268258659463,
4.81167432040897));
#1465=CARTESIAN_POINT('Ctrl Pts',(-4.14575358858724E-7,-0.523622115653438,
4.80000000109377));
#1466=CARTESIAN_POINT('Ctrl Pts',(-4.14575359117447E-7,4.14575362896374E-7,
4.8));
#1467=CARTESIAN_POINT('',(4.94271495490047,-6.50965639632706,5.8));
#1468=CARTESIAN_POINT('Ctrl Pts',(4.94271495490047,-6.50965639632706,5.8));
#1469=CARTESIAN_POINT('Ctrl Pts',(4.60349213918711,-6.67578282353076,5.8));
#1470=CARTESIAN_POINT('Ctrl Pts',(3.81811244121413,-6.96009023927729,5.8));
#1471=CARTESIAN_POINT('Ctrl Pts',(2.86784607963219,-7.12905828669726,5.8));
#1472=CARTESIAN_POINT('Ctrl Pts',(1.76212868440344,-7.21915781478002,5.8));
#1473=CARTESIAN_POINT('Ctrl Pts',(0.603198474896799,-7.25000000000001,5.8));
#1474=CARTESIAN_POINT('Ctrl Pts',(-2.4980018054066E-15,-7.25000000000001,
5.8));
#1475=CARTESIAN_POINT('Ctrl Pts',(6.50965640588288,-4.94271495542304,5.8));
#1476=CARTESIAN_POINT('Ctrl Pts',(6.49546704250482,-4.97168900747857,5.8));
#1477=CARTESIAN_POINT('Ctrl Pts',(6.29798227712185,-5.3651214353916,5.8));
#1478=CARTESIAN_POINT('Ctrl Pts',(6.041855954979,-5.73233681991486,5.8));
#1479=CARTESIAN_POINT('Ctrl Pts',(5.73233682769991,-6.04185594542446,5.8));
#1480=CARTESIAN_POINT('Ctrl Pts',(5.36512144097148,-6.29798226642454,5.8));
#1481=CARTESIAN_POINT('Ctrl Pts',(4.97168900890907,-6.49546703213605,5.8));
#1482=CARTESIAN_POINT('Ctrl Pts',(4.94271495490047,-6.50965639632706,5.8));
#1483=CARTESIAN_POINT('Ctrl Pts',(-4.14575357895634E-7,-7.25000000000001,
5.8));
#1484=CARTESIAN_POINT('Ctrl Pts',(-4.14575358288459E-7,-6.86801261494068,
5.65194357483688));
#1485=CARTESIAN_POINT('Ctrl Pts',(-4.14575358489781E-7,-6.00292377404287,
5.37314309592224));
#1486=CARTESIAN_POINT('Ctrl Pts',(-4.14575358037015E-7,-4.06065525689693,
4.95858500125172));
#1487=CARTESIAN_POINT('Ctrl Pts',(-4.14575358193435E-7,-1.8700800505275,
4.80000000390631));
#1488=CARTESIAN_POINT('Ctrl Pts',(-4.14575359117447E-7,4.14575362896374E-7,
4.8));
#1489=CARTESIAN_POINT('Ctrl Pts',(-0.718093817329863,-7.24999998949245,
5.8));
#1490=CARTESIAN_POINT('Ctrl Pts',(-0.66439391125948,-6.86801260521755,5.65194357506016));
#1491=CARTESIAN_POINT('Ctrl Pts',(-0.555705676395994,-6.00271846552417,
5.37314309657644));
#1492=CARTESIAN_POINT('Ctrl Pts',(-0.338053834111257,-4.06090150960731,
4.95858500226944));
#1493=CARTESIAN_POINT('Ctrl Pts',(-0.142316905553026,-1.8700800474534,4.8000000045351));
#1494=CARTESIAN_POINT('Ctrl Pts',(-4.14575359117447E-7,4.14575362896374E-7,
4.8));
#1495=CARTESIAN_POINT('Ctrl Pts',(-2.15148206652067,-7.19837698149556,5.8));
#1496=CARTESIAN_POINT('Ctrl Pts',(-2.0054766880905,-6.81663809105743,5.65194357573));
#1497=CARTESIAN_POINT('Ctrl Pts',(-1.68683218743856,-5.94939106817786,5.37314309846543));
#1498=CARTESIAN_POINT('Ctrl Pts',(-1.02228210241103,-4.00350968396241,4.9585850053922));
#1499=CARTESIAN_POINT('Ctrl Pts',(-0.421955982390335,-1.83441208175458,
4.80000000642144));
#1500=CARTESIAN_POINT('Ctrl Pts',(-4.14575359117447E-7,4.14575362896374E-7,
4.8));
#1501=CARTESIAN_POINT('Ctrl Pts',(-4.62801956189131,-6.82853447129217,5.8));
#1502=CARTESIAN_POINT('Ctrl Pts',(-4.34929725542147,-6.45676987723521,5.65194357768941));
#1503=CARTESIAN_POINT('Ctrl Pts',(-3.69855811009779,-5.59673836579289,5.37314310384879));
#1504=CARTESIAN_POINT('Ctrl Pts',(-2.2709018901158,-3.67060398883183,4.95858501466126));
#1505=CARTESIAN_POINT('Ctrl Pts',(-0.94373049012478,-1.63793235008855,4.80000001193931));
#1506=CARTESIAN_POINT('Ctrl Pts',(-4.14575359117447E-7,4.14575362896374E-7,
4.8));
#1507=CARTESIAN_POINT('Ctrl Pts',(-6.55511773794971,-5.64758430076063,5.8));
#1508=CARTESIAN_POINT('Ctrl Pts',(-6.19189428562246,-5.32196379282456,5.65194358078802));
#1509=CARTESIAN_POINT('Ctrl Pts',(-5.33811230887964,-4.54837336469029,5.37314311224389));
#1510=CARTESIAN_POINT('Ctrl Pts',(-3.42545542574207,-2.82997960693475,4.95858502943099));
#1511=CARTESIAN_POINT('Ctrl Pts',(-1.49276424090219,-1.19055313112916,4.80000002066525));
#1512=CARTESIAN_POINT('Ctrl Pts',(-4.14575359117447E-7,4.14575362896375E-7,
4.8));
#1513=CARTESIAN_POINT('Ctrl Pts',(-7.16861719744877,-2.88921275588454,5.8));
#1514=CARTESIAN_POINT('Ctrl Pts',(-6.78700257263344,-2.69705465310887,5.65194358338537));
#1515=CARTESIAN_POINT('Ctrl Pts',(-5.91901695050472,-2.271500246728,5.37314311927554));
#1516=CARTESIAN_POINT('Ctrl Pts',(-3.97409341227794,-1.36903271380709,4.95858504181661));
#1517=CARTESIAN_POINT('Ctrl Pts',(-1.81657868581811,-0.561774696004405,
4.80000002797964));
#1518=CARTESIAN_POINT('Ctrl Pts',(-4.14575359117447E-7,4.14575362896374E-7,
4.8));
#1519=CARTESIAN_POINT('Ctrl Pts',(-7.25,-0.718093376003463,5.8));
#1520=CARTESIAN_POINT('Ctrl Pts',(-6.8680126392089,-0.664393474072925,5.65194358410307));
#1521=CARTESIAN_POINT('Ctrl Pts',(-6.00316623281697,-0.553882559437123,
5.3731431212679));
#1522=CARTESIAN_POINT('Ctrl Pts',(-4.06036478543975,-0.340239368618007,
4.95858504519225));
#1523=CARTESIAN_POINT('Ctrl Pts',(-1.87008060782665,-0.142316073006818,
4.80000003000072));
#1524=CARTESIAN_POINT('Ctrl Pts',(-4.14575359117447E-7,4.14575362896374E-7,
4.8));
#1525=CARTESIAN_POINT('Ctrl Pts',(-7.25,-1.88737914186277E-14,5.8));
#1526=CARTESIAN_POINT('Ctrl Pts',(-6.86801263913559,-1.86593448754974E-14,
5.65194358421471));
#1527=CARTESIAN_POINT('Ctrl Pts',(-6.00292386099964,6.76857581068054E-8,
5.37314312159501));
#1528=CARTESIAN_POINT('Ctrl Pts',(-4.06065551057121,2.87664531895659E-7,
4.95858504570111));
#1529=CARTESIAN_POINT('Ctrl Pts',(-1.87008060698588,4.14575362845642E-7,
4.80000003031511));
#1530=CARTESIAN_POINT('Ctrl Pts',(-4.14575359117447E-7,4.14575362896374E-7,
4.8));
#1531=CARTESIAN_POINT('',(-4.94271492079972,-6.50965635800347,5.8));
#1532=CARTESIAN_POINT('Ctrl Pts',(-4.14575357902573E-7,-7.25000000000001,
5.8));
#1533=CARTESIAN_POINT('Ctrl Pts',(-0.603198806557086,-7.24999999117366,
5.8));
#1534=CARTESIAN_POINT('Ctrl Pts',(-1.76212891055431,-7.219157795739,5.8));
#1535=CARTESIAN_POINT('Ctrl Pts',(-2.86784619428468,-7.12905825982279,5.8));
#1536=CARTESIAN_POINT('Ctrl Pts',(-3.81811246991951,-6.9600902020011,5.8));
#1537=CARTESIAN_POINT('Ctrl Pts',(-4.6034921089001,-6.67578279038201,5.8));
#1538=CARTESIAN_POINT('Ctrl Pts',(-4.94271492079972,-6.50965635800347,5.8));
#1539=CARTESIAN_POINT('',(-7.25,-1.88737914186277E-14,5.8));
#1540=CARTESIAN_POINT('Ctrl Pts',(-7.24999958542464,-5.15717817667817E-15,
5.8));
#1541=CARTESIAN_POINT('Ctrl Pts',(-7.08956488369972,-5.06711062285863E-15,
5.73781630143149));
#1542=CARTESIAN_POINT('Ctrl Pts',(-6.75363285902624,-4.8901217825816E-15,
5.61602787145111));
#1543=CARTESIAN_POINT('Ctrl Pts',(-6.20456595696973,-4.6340733558359E-15,
5.44107887507516));
#1544=CARTESIAN_POINT('Ctrl Pts',(-5.37586127906882,-4.31285641083634E-15,
5.22435569641329));
#1545=CARTESIAN_POINT('Ctrl Pts',(-4.10017697088115,-3.96142520930338E-15,
4.99451002681288));
#1546=CARTESIAN_POINT('Ctrl Pts',(-2.76690374952254,-3.74560214669267E-15,
4.86417726520561));
#1547=CARTESIAN_POINT('Ctrl Pts',(-1.50268298697072,-3.63893448218147E-15,
4.81167433703654));
#1548=CARTESIAN_POINT('Ctrl Pts',(-0.523622735786165,-3.59628175167962E-15,
4.80000000848824));
#1549=CARTESIAN_POINT('Ctrl Pts',(-4.14575324329785E-7,-3.58207655448688E-15,
4.80000000000001));
#1550=CARTESIAN_POINT('',(-6.50965636845481,-4.9427149221201,5.8));
#1551=CARTESIAN_POINT('Ctrl Pts',(-6.50965636845481,-4.9427149221201,5.8));
#1552=CARTESIAN_POINT('Ctrl Pts',(-6.67578280995235,-4.60349209449199,5.8));
#1553=CARTESIAN_POINT('Ctrl Pts',(-6.96009023978777,-3.8181123908097,5.8));
#1554=CARTESIAN_POINT('Ctrl Pts',(-7.12905829154638,-2.86784603078439,5.8));
#1555=CARTESIAN_POINT('Ctrl Pts',(-7.21915781694617,-1.76212864668416,5.8));
#1556=CARTESIAN_POINT('Ctrl Pts',(-7.25,-0.603198452425922,5.8));
#1557=CARTESIAN_POINT('Ctrl Pts',(-7.25,-1.88737914186277E-14,5.8));
#1558=CARTESIAN_POINT('Ctrl Pts',(-4.94271492079972,-6.50965635800347,5.8));
#1559=CARTESIAN_POINT('Ctrl Pts',(-4.97168898188524,-6.49546698974518,5.8));
#1560=CARTESIAN_POINT('Ctrl Pts',(-5.36512142334036,-6.29798220996924,5.8));
#1561=CARTESIAN_POINT('Ctrl Pts',(-5.73233680462104,-6.04185588182185,5.8));
#1562=CARTESIAN_POINT('Ctrl Pts',(-6.04185592867572,-5.73233675280035,5.8));
#1563=CARTESIAN_POINT('Ctrl Pts',(-6.29798224956102,-5.36512137032229,5.8));
#1564=CARTESIAN_POINT('Ctrl Pts',(-6.49546701210366,-4.97168895864475,5.8));
#1565=CARTESIAN_POINT('Ctrl Pts',(-6.50965636845481,-4.9427149221201,5.8));
#1566=CARTESIAN_POINT('Ctrl Pts',(-7.25,-1.88737914186277E-14,5.8));
#1567=CARTESIAN_POINT('Ctrl Pts',(-6.86801263913559,-1.86593448754974E-14,
5.65194358421471));
#1568=CARTESIAN_POINT('Ctrl Pts',(-6.00292386099338,6.76857581068054E-8,
5.37314312159607));
#1569=CARTESIAN_POINT('Ctrl Pts',(-4.06065551053812,2.87664531895659E-7,
4.95858504570678));
#1570=CARTESIAN_POINT('Ctrl Pts',(-1.87008060698588,4.14575362845642E-7,
4.80000003031511));
#1571=CARTESIAN_POINT('Ctrl Pts',(-4.14575359117447E-7,4.14575362896374E-7,
4.8));
#1572=CARTESIAN_POINT('Ctrl Pts',(-7.25,0.718093376003424,5.8));
#1573=CARTESIAN_POINT('Ctrl Pts',(-6.86801263906229,0.664393474072887,5.65194358432635));
#1574=CARTESIAN_POINT('Ctrl Pts',(-6.00271856051277,0.555705313451643,5.37314312192318));
#1575=CARTESIAN_POINT('Ctrl Pts',(-4.06090176832571,0.338053699321397,4.95858504621564));
#1576=CARTESIAN_POINT('Ctrl Pts',(-1.8700806061451,0.142316902157545,4.8000000306295));
#1577=CARTESIAN_POINT('Ctrl Pts',(-4.14575359117447E-7,4.14575362896374E-7,
4.8));
#1578=CARTESIAN_POINT('Ctrl Pts',(-7.19837701864515,2.15148159320418,5.8));
#1579=CARTESIAN_POINT('Ctrl Pts',(-6.8166381481485,2.00547622453733,5.65194358435824));
#1580=CARTESIAN_POINT('Ctrl Pts',(-5.94939118456024,1.68683180789588,5.37314312205344));
#1581=CARTESIAN_POINT('Ctrl Pts',(-4.00350996652229,1.02228196344294,4.95858504632623));
#1582=CARTESIAN_POINT('Ctrl Pts',(-1.83441265573718,0.421955978590783,4.80000003071933));
#1583=CARTESIAN_POINT('Ctrl Pts',(-4.14575359117447E-7,4.14575362896374E-7,
4.8));
#1584=CARTESIAN_POINT('Ctrl Pts',(-6.82853461239471,4.62801913658403,5.8));
#1585=CARTESIAN_POINT('Ctrl Pts',(-6.45677002750311,4.34929684274325,5.65194358382055));
#1586=CARTESIAN_POINT('Ctrl Pts',(-5.59673857014966,3.69855778207655,5.37314312065681));
#1587=CARTESIAN_POINT('Ctrl Pts',(-3.67060436865033,2.27090179299453,4.95858504370637));
#1588=CARTESIAN_POINT('Ctrl Pts',(-1.63793298466039,0.943730504958853,4.80000002920512));
#1589=CARTESIAN_POINT('Ctrl Pts',(-4.14575359117447E-7,4.14575362896374E-7,
4.8));
#1590=CARTESIAN_POINT('Ctrl Pts',(-5.6475846569515,6.55511751643259,5.8));
#1591=CARTESIAN_POINT('Ctrl Pts',(-5.32196414236968,6.19189406880873,5.65194358232821));
#1592=CARTESIAN_POINT('Ctrl Pts',(-4.54837375642574,5.3381121529516,5.37314311662615));
#1593=CARTESIAN_POINT('Ctrl Pts',(-2.82998017206209,3.42545544431209,4.95858503658113));
#1594=CARTESIAN_POINT('Ctrl Pts',(-1.1905538727836,1.49276430403333,4.80000002500255));
#1595=CARTESIAN_POINT('Ctrl Pts',(-4.14575359117447E-7,4.14575362896375E-7,
4.8));
#1596=CARTESIAN_POINT('Ctrl Pts',(-2.88921324599654,7.16861714993588,5.8));
#1597=CARTESIAN_POINT('Ctrl Pts',(-2.69705513132365,6.78700251777293,5.65194358056246));
#1598=CARTESIAN_POINT('Ctrl Pts',(-2.27150076884128,5.91901693582521,5.37314311174184));
#1599=CARTESIAN_POINT('Ctrl Pts',(-1.36903341950261,3.97409353576061,4.95858502825941));
#1600=CARTESIAN_POINT('Ctrl Pts',(-0.56177552008833,1.81657880005745,4.80000002003005));
#1601=CARTESIAN_POINT('Ctrl Pts',(-4.14575359117447E-7,4.14575362896374E-7,
4.8));
#1602=CARTESIAN_POINT('Ctrl Pts',(-0.718093817329871,7.24999998949241,5.8));
#1603=CARTESIAN_POINT('Ctrl Pts',(-0.664393911259488,6.86801261731498,5.65194357974907));
#1604=CARTESIAN_POINT('Ctrl Pts',(-0.553883057660041,6.00316624782108,5.37314310941389));
#1605=CARTESIAN_POINT('Ctrl Pts',(-0.340240078850498,4.0603649392129,4.9585850244998));
#1606=CARTESIAN_POINT('Ctrl Pts',(-0.142316905553026,1.87008074025795,4.80000001773949));
#1607=CARTESIAN_POINT('Ctrl Pts',(-4.14575359117447E-7,4.14575362896374E-7,
4.8));
#1608=CARTESIAN_POINT('Ctrl Pts',(-4.1457536621747E-7,7.24999999999998,
5.8));
#1609=CARTESIAN_POINT('Ctrl Pts',(-4.14575365871425E-7,6.86801262703811,
5.65194357952579));
#1610=CARTESIAN_POINT('Ctrl Pts',(-4.1457536467138E-7,6.00292388520075,
5.37314310875969));
#1611=CARTESIAN_POINT('Ctrl Pts',(-4.1457536177184E-7,4.06065567136551,
4.95858502348208));
#1612=CARTESIAN_POINT('Ctrl Pts',(-4.14575359812441E-7,1.87008074333205,
4.80000001711071));
#1613=CARTESIAN_POINT('Ctrl Pts',(-4.14575359117447E-7,4.14575362896374E-7,
4.8));
#1614=CARTESIAN_POINT('',(-6.50965636845497,4.9427149221201,5.8));
#1615=CARTESIAN_POINT('Ctrl Pts',(-7.25,-1.88737914186277E-14,5.8));
#1616=CARTESIAN_POINT('Ctrl Pts',(-7.25,0.603198452425888,5.8));
#1617=CARTESIAN_POINT('Ctrl Pts',(-7.21915781694619,1.76212864668414,5.8));
#1618=CARTESIAN_POINT('Ctrl Pts',(-7.12905829154653,2.86784603078438,5.8));
#1619=CARTESIAN_POINT('Ctrl Pts',(-6.96009023978795,3.81811239080969,5.8));
#1620=CARTESIAN_POINT('Ctrl Pts',(-6.67578280995252,4.60349209449199,5.8));
#1621=CARTESIAN_POINT('Ctrl Pts',(-6.50965636845497,4.9427149221201,5.8));
#1622=CARTESIAN_POINT('',(-4.14575364494848E-7,7.24999999999998,5.8));
#1623=CARTESIAN_POINT('Ctrl Pts',(-4.14575363421478E-7,7.25,5.8));
#1624=CARTESIAN_POINT('Ctrl Pts',(-4.14575363276139E-7,7.08956529827508,
5.73781630143149));
#1625=CARTESIAN_POINT('Ctrl Pts',(-4.14575362983418E-7,6.7536332736016,
5.61602787145111));
#1626=CARTESIAN_POINT('Ctrl Pts',(-4.14575362538211E-7,6.20456637154509,
5.44107887507516));
#1627=CARTESIAN_POINT('Ctrl Pts',(-4.14575361931498E-7,5.37586169364419,
5.22435569641329));
#1628=CARTESIAN_POINT('Ctrl Pts',(-4.14575361140582E-7,4.10017734505586,
4.99451001953371));
#1629=CARTESIAN_POINT('Ctrl Pts',(-4.14575360465434E-7,2.76690405853669,
4.86417725488659));
#1630=CARTESIAN_POINT('Ctrl Pts',(-4.1457535992323E-7,1.50268320135804,
4.81167432872276));
#1631=CARTESIAN_POINT('Ctrl Pts',(-4.14575359543282E-7,0.523622840295172,
4.800000004791));
#1632=CARTESIAN_POINT('Ctrl Pts',(-4.14575359348684E-7,4.14575353969745E-7,
4.8));
#1633=CARTESIAN_POINT('',(-4.94271492079981,6.50965635800345,5.8));
#1634=CARTESIAN_POINT('Ctrl Pts',(-4.94271492079981,6.50965635800345,5.8));
#1635=CARTESIAN_POINT('Ctrl Pts',(-4.60349210890017,6.67578279038199,5.8));
#1636=CARTESIAN_POINT('Ctrl Pts',(-3.81811246991956,6.96009020200107,5.8));
#1637=CARTESIAN_POINT('Ctrl Pts',(-2.86784619428469,7.12905825982275,5.8));
#1638=CARTESIAN_POINT('Ctrl Pts',(-1.76212891055431,7.21915779573896,5.8));
#1639=CARTESIAN_POINT('Ctrl Pts',(-0.60319880655709,7.24999999117362,5.8));
#1640=CARTESIAN_POINT('Ctrl Pts',(-4.14575364467093E-7,7.24999999999998,
5.8));
#1641=CARTESIAN_POINT('Ctrl Pts',(-6.50965636845497,4.9427149221201,5.8));
#1642=CARTESIAN_POINT('Ctrl Pts',(-6.49546701210382,4.97168895864475,5.8));
#1643=CARTESIAN_POINT('Ctrl Pts',(-6.29798224956118,5.36512137032228,5.8));
#1644=CARTESIAN_POINT('Ctrl Pts',(-6.04185592867586,5.73233675280033,5.8));
#1645=CARTESIAN_POINT('Ctrl Pts',(-5.73233680462117,6.04185588182184,5.8));
#1646=CARTESIAN_POINT('Ctrl Pts',(-5.36512142334048,6.29798220996922,5.8));
#1647=CARTESIAN_POINT('Ctrl Pts',(-4.97168898188534,6.49546698974516,5.8));
#1648=CARTESIAN_POINT('Ctrl Pts',(-4.94271492079981,6.50965635800345,5.8));
#1649=CARTESIAN_POINT('Ctrl Pts',(-4.14575364494848E-7,7.24999999999998,
5.8));
#1650=CARTESIAN_POINT('Ctrl Pts',(-4.14575364148804E-7,6.86801262703811,
5.65194357952579));
#1651=CARTESIAN_POINT('Ctrl Pts',(-4.14575363230003E-7,6.00292388521511,
5.37314310875724));
#1652=CARTESIAN_POINT('Ctrl Pts',(-4.14575361244507E-7,4.06065567144146,
4.95858502346907));
#1653=CARTESIAN_POINT('Ctrl Pts',(-4.14575359812441E-7,1.87008074333205,
4.80000001711071));
#1654=CARTESIAN_POINT('Ctrl Pts',(-4.14575359117447E-7,4.14575362896374E-7,
4.8));
#1655=CARTESIAN_POINT('Ctrl Pts',(0.718093027662506,7.25000001050754,5.8));
#1656=CARTESIAN_POINT('Ctrl Pts',(0.664393121592124,6.86801263676125,5.65194357930251));
#1657=CARTESIAN_POINT('Ctrl Pts',(0.555704880350022,6.00271859360961,5.37314310810303));
#1658=CARTESIAN_POINT('Ctrl Pts',(0.338053016967028,4.06090193663497,4.95858502245136));
#1659=CARTESIAN_POINT('Ctrl Pts',(0.142316076402305,1.87008074640615,4.80000001648193));
#1660=CARTESIAN_POINT('Ctrl Pts',(-4.14575359117447E-7,4.14575362896374E-7,
4.8));
#1661=CARTESIAN_POINT('Ctrl Pts',(2.15148139718876,7.19837703995218,5.8));
#1662=CARTESIAN_POINT('Ctrl Pts',(2.00547601772916,6.81663815550534,5.65194357882405));
#1663=CARTESIAN_POINT('Ctrl Pts',(1.68683149364889,5.94939122559186,5.37314310673798));
#1664=CARTESIAN_POINT('Ctrl Pts',(1.02228133477115,4.00351013872935,4.95858502023573));
#1665=CARTESIAN_POINT('Ctrl Pts',(0.421955163889477,1.83441279775907,4.80000001513454));
#1666=CARTESIAN_POINT('Ctrl Pts',(-4.14575359117447E-7,4.14575362896374E-7,
4.8));
#1667=CARTESIAN_POINT('Ctrl Pts',(4.62801920058406,6.82853463747171,5.8));
#1668=CARTESIAN_POINT('Ctrl Pts',(4.34929688810859,6.45677003761866,5.65194357779422));
#1669=CARTESIAN_POINT('Ctrl Pts',(3.69855768264362,5.59673860757642,5.37314310389944));
#1670=CARTESIAN_POINT('Ctrl Pts',(2.27090127766311,3.67060452084522,4.95858501537273));
#1671=CARTESIAN_POINT('Ctrl Pts',(0.943729723626321,1.63793311123458,4.80000001223445));
#1672=CARTESIAN_POINT('Ctrl Pts',(-4.14575359117447E-7,4.14575362896374E-7,
4.8));
#1673=CARTESIAN_POINT('Ctrl Pts',(6.55511765277567,5.6475846527218,5.8));
#1674=CARTESIAN_POINT('Ctrl Pts',(6.19189418500341,5.32196412457938,5.65194357647276));
#1675=CARTESIAN_POINT('Ctrl Pts',(5.33811212913882,4.54837375660188,5.37314310036944));
#1676=CARTESIAN_POINT('Ctrl Pts',(3.42545501564923,2.82998025948932,4.95858500902635));
#1677=CARTESIAN_POINT('Ctrl Pts',(1.49276357466796,1.19055395442984,4.80000000851309));
#1678=CARTESIAN_POINT('Ctrl Pts',(-4.14575359117447E-7,4.14575362896375E-7,
4.8));
#1679=CARTESIAN_POINT('Ctrl Pts',(7.16861718902741,2.88921302635241,5.8));
#1680=CARTESIAN_POINT('Ctrl Pts',(6.78700254103769,2.69705490381976,5.65194357537913));
#1681=CARTESIAN_POINT('Ctrl Pts',(5.91901685065285,2.27150058151281,5.37314309745441));
#1682=CARTESIAN_POINT('Ctrl Pts',(3.97409312936307,1.36903337982638,4.95858500376818));
#1683=CARTESIAN_POINT('Ctrl Pts',(1.81657810737939,0.561775549180255,4.80000000543335));
#1684=CARTESIAN_POINT('Ctrl Pts',(-4.14575359117447E-7,4.14575362896374E-7,
4.8));
#1685=CARTESIAN_POINT('Ctrl Pts',(7.25,0.718093442237863,5.8));
#1686=CARTESIAN_POINT('Ctrl Pts',(6.86801261486737,0.664393533999284,5.65194357494852));
#1687=CARTESIAN_POINT('Ctrl Pts',(6.00316614497546,0.553882741622241,5.37314309624795));
#1688=CARTESIAN_POINT('Ctrl Pts',(4.06036452954589,0.340239969771476,4.95858500175324));
#1689=CARTESIAN_POINT('Ctrl Pts',(1.87008004968672,0.142316911619606,4.8000000042207));
#1690=CARTESIAN_POINT('Ctrl Pts',(-4.14575359117447E-7,4.14575362896374E-7,
4.8));
#1691=CARTESIAN_POINT('Ctrl Pts',(7.25,-1.2930547216409E-14,5.8));
#1692=CARTESIAN_POINT('Ctrl Pts',(6.86801261494068,-1.31917737359649E-14,
5.65194357483688));
#1693=CARTESIAN_POINT('Ctrl Pts',(6.00292377405096,6.76857623418403E-8,
5.37314309592085));
#1694=CARTESIAN_POINT('Ctrl Pts',(4.0606552569398,2.87664533633676E-7,4.95858500124438));
#1695=CARTESIAN_POINT('Ctrl Pts',(1.8700800505275,4.14575363176126E-7,4.80000000390631));
#1696=CARTESIAN_POINT('Ctrl Pts',(-4.14575359117447E-7,4.14575362896374E-7,
4.8));
#1697=CARTESIAN_POINT('',(4.94271495490049,6.50965639632704,5.8));
#1698=CARTESIAN_POINT('Ctrl Pts',(4.21884749357559E-15,7.24999999999998,
5.8));
#1699=CARTESIAN_POINT('Ctrl Pts',(0.603198474896805,7.24999999999998,5.8));
#1700=CARTESIAN_POINT('Ctrl Pts',(1.76212868440345,7.21915781478,5.8));
#1701=CARTESIAN_POINT('Ctrl Pts',(2.8678460796322,7.12905828669725,5.8));
#1702=CARTESIAN_POINT('Ctrl Pts',(3.81811244121414,6.96009023927728,5.8));
#1703=CARTESIAN_POINT('Ctrl Pts',(4.60349213918712,6.67578282353075,5.8));
#1704=CARTESIAN_POINT('Ctrl Pts',(4.94271495490049,6.50965639632704,5.8));
#1705=CARTESIAN_POINT('',(6.50965640588289,4.94271495542299,5.8));
#1706=CARTESIAN_POINT('Ctrl Pts',(6.50965640588289,4.94271495542299,5.8));
#1707=CARTESIAN_POINT('Ctrl Pts',(6.67578283452464,4.60349214020436,5.8));
#1708=CARTESIAN_POINT('Ctrl Pts',(6.96009025074059,3.81811244473769,5.8));
#1709=CARTESIAN_POINT('Ctrl Pts',(7.12905829544005,2.86784608440985,5.8));
#1710=CARTESIAN_POINT('Ctrl Pts',(7.21915781761259,1.76212868728747,5.8));
#1711=CARTESIAN_POINT('Ctrl Pts',(7.25,0.603198474896784,5.8));
#1712=CARTESIAN_POINT('Ctrl Pts',(7.25,-1.65978342181461E-14,5.8));
#1713=CARTESIAN_POINT('Ctrl Pts',(4.94271495490049,6.50965639632704,5.8));
#1714=CARTESIAN_POINT('Ctrl Pts',(4.97168900890908,6.49546703213604,5.8));
#1715=CARTESIAN_POINT('Ctrl Pts',(5.36512144097148,6.29798226642452,5.8));
#1716=CARTESIAN_POINT('Ctrl Pts',(5.73233682769991,6.04185594542443,5.8));
#1717=CARTESIAN_POINT('Ctrl Pts',(6.041855954979,5.73233681991483,5.8));
#1718=CARTESIAN_POINT('Ctrl Pts',(6.29798227712186,5.36512143539157,5.8));
#1719=CARTESIAN_POINT('Ctrl Pts',(6.49546704250483,4.97168900747853,5.8));
#1720=CARTESIAN_POINT('Ctrl Pts',(6.50965640588289,4.94271495542299,5.8));
#1721=CARTESIAN_POINT('Origin',(5.62050406216485E-15,-2.06085148946045E-14,
0.));
#1722=CARTESIAN_POINT('',(9.00000000000001,6.99999999999998,0.));
#1723=CARTESIAN_POINT('',(9.00000000000001,-7.00000000000002,0.));
#1724=CARTESIAN_POINT('',(9.00000000000001,6.99999999999998,0.));
#1725=CARTESIAN_POINT('',(7.00000000000001,-9.00000000000002,0.));
#1726=CARTESIAN_POINT('Origin',(7.00000000000001,-7.00000000000002,0.));
#1727=CARTESIAN_POINT('',(-7.,-9.00000000000002,0.));
#1728=CARTESIAN_POINT('',(7.00000000000001,-9.00000000000002,0.));
#1729=CARTESIAN_POINT('',(-8.99999999999999,-7.00000000000002,0.));
#1730=CARTESIAN_POINT('Origin',(-7.,-7.00000000000002,0.));
#1731=CARTESIAN_POINT('',(-8.99999999999999,6.99999999999998,0.));
#1732=CARTESIAN_POINT('',(-9.,-7.00000000000002,0.));
#1733=CARTESIAN_POINT('',(-6.99999999999999,8.99999999999998,0.));
#1734=CARTESIAN_POINT('Origin',(-6.99999999999999,6.99999999999998,0.));
#1735=CARTESIAN_POINT('',(7.00000000000001,8.99999999999998,0.));
#1736=CARTESIAN_POINT('',(-6.99999999999999,8.99999999999998,0.));
#1737=CARTESIAN_POINT('Origin',(7.00000000000001,6.99999999999998,0.));
#1738=CARTESIAN_POINT('Ctrl Pts',(6.50965640588289,4.94271495542299,5.8));
#1739=CARTESIAN_POINT('Ctrl Pts',(6.89908753006602,5.26207348590386,5.39139265686778));
#1740=CARTESIAN_POINT('Ctrl Pts',(7.56720534453068,5.81594235634855,4.49395035255871));
#1741=CARTESIAN_POINT('Ctrl Pts',(8.22863989647086,6.3722195520468,2.9365796115929));
#1742=CARTESIAN_POINT('Ctrl Pts',(8.65950163496102,6.72759518632563,1.43447573485404));
#1743=CARTESIAN_POINT('Ctrl Pts',(8.89380748746307,6.91408438840687,0.46071890646344));
#1744=CARTESIAN_POINT('Ctrl Pts',(9.00000000000001,6.99999999999998,0.));
#1745=CARTESIAN_POINT('Ctrl Pts',(6.53574322083765,4.88944683377978,5.8));
#1746=CARTESIAN_POINT('Ctrl Pts',(6.92888780458417,5.20300759730651,5.38775831757464));
#1747=CARTESIAN_POINT('Ctrl Pts',(7.59834870551406,5.74832860741101,4.48528562478789));
#1748=CARTESIAN_POINT('Ctrl Pts',(8.25158760051503,6.29756885902157,2.92606075520097));
#1749=CARTESIAN_POINT('Ctrl Pts',(8.67069821863665,6.64983911706888,1.4269233198232));
#1750=CARTESIAN_POINT('Ctrl Pts',(8.89716161874167,6.83567276717509,0.45785850587322));
#1751=CARTESIAN_POINT('Ctrl Pts',(9.00000000000001,6.92146018366024,0.));
#1752=CARTESIAN_POINT('Ctrl Pts',(6.59244996190955,4.76583601939357,5.8));
#1753=CARTESIAN_POINT('Ctrl Pts',(6.99377801623844,5.0667794711506,5.37995050726198));
#1754=CARTESIAN_POINT('Ctrl Pts',(7.66441229470187,5.5885348227026,4.46696638821302));
#1755=CARTESIAN_POINT('Ctrl Pts',(8.29721140714092,6.11110913423304,2.90423056755683));
#1756=CARTESIAN_POINT('Ctrl Pts',(8.69201936786381,6.44610169161178,1.41102185587785));
#1757=CARTESIAN_POINT('Ctrl Pts',(8.90349467936981,6.62481366342483,0.451779818971129));
#1758=CARTESIAN_POINT('Ctrl Pts',(9.00000000000001,6.70815635507647,0.));
#1759=CARTESIAN_POINT('Ctrl Pts',(6.81681798747343,4.21677581538892,5.8));
#1760=CARTESIAN_POINT('Ctrl Pts',(7.25290203434625,4.4654547715638,5.34903469964954));
#1761=CARTESIAN_POINT('Ctrl Pts',(7.92371448403007,4.88170545094453,4.39400905103013));
#1762=CARTESIAN_POINT('Ctrl Pts',(8.47199973046155,5.27581269320717,2.81818097403123));
#1763=CARTESIAN_POINT('Ctrl Pts',(8.77209399150352,5.52234913807994,1.34790488882796));
#1764=CARTESIAN_POINT('Ctrl Pts',(8.92718132909826,5.66212841085549,0.427385214971055));
#1765=CARTESIAN_POINT('Ctrl Pts',(9.00000000000001,5.73163424158647,0.));
#1766=CARTESIAN_POINT('Ctrl Pts',(7.18267903165133,2.76483355002976,5.8));
#1767=CARTESIAN_POINT('Ctrl Pts',(7.69241226781023,2.89898731858395,5.28479150113109));
#1768=CARTESIAN_POINT('Ctrl Pts',(8.37279990014278,3.09166335038757,4.24321733379911));
#1769=CARTESIAN_POINT('Ctrl Pts',(8.77707842817952,3.22852659321294,2.64196578487717));
#1770=CARTESIAN_POINT('Ctrl Pts',(8.91837158992959,3.29710866561236,1.21773877175486));
#1771=CARTESIAN_POINT('Ctrl Pts',(8.97314371836303,3.34718422307017,0.376801026415672));
#1772=CARTESIAN_POINT('Ctrl Pts',(9.00000000000001,3.3791150584752,0.));
#1773=CARTESIAN_POINT('Ctrl Pts',(7.24937458932949,0.769793199288053,5.8));
#1774=CARTESIAN_POINT('Ctrl Pts',(7.80475049477324,0.801455776646967,5.24618319060998));
#1775=CARTESIAN_POINT('Ctrl Pts',(8.51234475786352,0.850196396263417,4.15236892625317));
#1776=CARTESIAN_POINT('Ctrl Pts',(8.89042549873109,0.895510496303933,2.53633826300171));
#1777=CARTESIAN_POINT('Ctrl Pts',(8.98876703161462,0.920682353022739,1.13944281431541));
#1778=CARTESIAN_POINT('Ctrl Pts',(8.9999044665815,0.929968102910313,0.34621598606385));
#1779=CARTESIAN_POINT('Ctrl Pts',(9.,0.933333333333331,0.));
#1780=CARTESIAN_POINT('Ctrl Pts',(7.24937458932948,-0.769793199288066,5.8));
#1781=CARTESIAN_POINT('Ctrl Pts',(7.80475049477323,-0.801455776646979,5.24618319060998));
#1782=CARTESIAN_POINT('Ctrl Pts',(8.51234475786352,-0.850196396263428,4.15236892625317));
#1783=CARTESIAN_POINT('Ctrl Pts',(8.89042549873109,-0.89551049630394,2.53633826300171));
#1784=CARTESIAN_POINT('Ctrl Pts',(8.98876703161462,-0.920682353022745,1.13944281431541));
#1785=CARTESIAN_POINT('Ctrl Pts',(8.9999044665815,-0.929968102910316,0.34621598606385));
#1786=CARTESIAN_POINT('Ctrl Pts',(9.,-0.933333333333335,0.));
#1787=CARTESIAN_POINT('Ctrl Pts',(7.18267903165132,-2.76483355002979,5.8));
#1788=CARTESIAN_POINT('Ctrl Pts',(7.69241226781022,-2.89898731858398,5.28479150113109));
#1789=CARTESIAN_POINT('Ctrl Pts',(8.37279990014278,-3.0916633503876,4.24321733379911));
#1790=CARTESIAN_POINT('Ctrl Pts',(8.77707842817952,-3.22852659321296,2.64196578487717));
#1791=CARTESIAN_POINT('Ctrl Pts',(8.91837158992959,-3.29710866561237,1.21773877175486));
#1792=CARTESIAN_POINT('Ctrl Pts',(8.97314371836303,-3.34718422307019,0.376801026415672));
#1793=CARTESIAN_POINT('Ctrl Pts',(9.00000000000001,-3.37911505847522,0.));
#1794=CARTESIAN_POINT('Ctrl Pts',(6.81681798747342,-4.21677581538897,5.8));
#1795=CARTESIAN_POINT('Ctrl Pts',(7.25290203434624,-4.46545477156385,5.34903469964954));
#1796=CARTESIAN_POINT('Ctrl Pts',(7.92371448403006,-4.88170545094457,4.39400905103014));
#1797=CARTESIAN_POINT('Ctrl Pts',(8.47199973046154,-5.27581269320721,2.81818097403124));
#1798=CARTESIAN_POINT('Ctrl Pts',(8.77209399150352,-5.52234913807997,1.34790488882796));
#1799=CARTESIAN_POINT('Ctrl Pts',(8.92718132909826,-5.66212841085552,0.427385214971055));
#1800=CARTESIAN_POINT('Ctrl Pts',(9.,-5.73163424158651,0.));
#1801=CARTESIAN_POINT('Ctrl Pts',(6.59244996190954,-4.76583601939362,5.8));
#1802=CARTESIAN_POINT('Ctrl Pts',(6.99377801623843,-5.06677947115064,5.37995050726199));
#1803=CARTESIAN_POINT('Ctrl Pts',(7.66441229470186,-5.58853482270264,4.46696638821303));
#1804=CARTESIAN_POINT('Ctrl Pts',(8.29721140714092,-6.11110913423308,2.90423056755683));
#1805=CARTESIAN_POINT('Ctrl Pts',(8.6920193678638,-6.44610169161182,1.41102185587785));
#1806=CARTESIAN_POINT('Ctrl Pts',(8.90349467936981,-6.62481366342487,0.451779818971129));
#1807=CARTESIAN_POINT('Ctrl Pts',(9.,-6.70815635507651,0.));
#1808=CARTESIAN_POINT('Ctrl Pts',(6.53574322083764,-4.88944683377983,5.8));
#1809=CARTESIAN_POINT('Ctrl Pts',(6.92888780458416,-5.20300759730655,5.38775831757464));
#1810=CARTESIAN_POINT('Ctrl Pts',(7.59834870551405,-5.74832860741105,4.48528562478789));
#1811=CARTESIAN_POINT('Ctrl Pts',(8.25158760051502,-6.29756885902161,2.92606075520098));
#1812=CARTESIAN_POINT('Ctrl Pts',(8.67069821863665,-6.64983911706891,1.4269233198232));
#1813=CARTESIAN_POINT('Ctrl Pts',(8.89716161874167,-6.83567276717513,0.45785850587322));
#1814=CARTESIAN_POINT('Ctrl Pts',(9.00000000000001,-6.92146018366027,0.));
#1815=CARTESIAN_POINT('Ctrl Pts',(6.50965640588288,-4.94271495542303,5.8));
#1816=CARTESIAN_POINT('Ctrl Pts',(6.89908753006601,-5.2620734859039,5.39139265686778));
#1817=CARTESIAN_POINT('Ctrl Pts',(7.56720534453067,-5.8159423563486,4.49395035255871));
#1818=CARTESIAN_POINT('Ctrl Pts',(8.22863989647085,-6.37221955204684,2.9365796115929));
#1819=CARTESIAN_POINT('Ctrl Pts',(8.65950163496102,-6.72759518632566,1.43447573485403));
#1820=CARTESIAN_POINT('Ctrl Pts',(8.89380748746307,-6.91408438840691,0.46071890646344));
#1821=CARTESIAN_POINT('Ctrl Pts',(9.00000000000001,-7.00000000000002,0.));
#1822=CARTESIAN_POINT('Ctrl Pts',(6.50965640588288,-4.94271495542303,5.8));
#1823=CARTESIAN_POINT('Ctrl Pts',(6.89908753006601,-5.26207348590389,5.39139265686778));
#1824=CARTESIAN_POINT('Ctrl Pts',(7.56720534453067,-5.81594235634859,4.49395035255871));
#1825=CARTESIAN_POINT('Ctrl Pts',(8.22863989647086,-6.37221955204684,2.9365796115929));
#1826=CARTESIAN_POINT('Ctrl Pts',(8.65950163496102,-6.72759518632566,1.43447573485403));
#1827=CARTESIAN_POINT('Ctrl Pts',(8.89380748746307,-6.91408438840691,0.46071890646344));
#1828=CARTESIAN_POINT('Ctrl Pts',(9.00000000000001,-7.00000000000002,0.));
#1829=CARTESIAN_POINT('Ctrl Pts',(6.50965640588289,4.942714955423,5.8));
#1830=CARTESIAN_POINT('Ctrl Pts',(6.89908753006602,5.26207348590387,5.39139265686779));
#1831=CARTESIAN_POINT('Ctrl Pts',(7.56720534453068,5.81594235634856,4.49395035255871));
#1832=CARTESIAN_POINT('Ctrl Pts',(8.22863989647086,6.3722195520468,2.9365796115929));
#1833=CARTESIAN_POINT('Ctrl Pts',(8.65950163496102,6.72759518632563,1.43447573485403));
#1834=CARTESIAN_POINT('Ctrl Pts',(8.89380748746307,6.91408438840687,0.46071890646344));
#1835=CARTESIAN_POINT('Ctrl Pts',(9.00000000000001,6.99999999999998,0.));
#1836=CARTESIAN_POINT('Ctrl Pts',(6.50965640588288,-4.94271495542304,5.8));
#1837=CARTESIAN_POINT('Ctrl Pts',(6.89856822465323,-5.26164762211646,5.39193753371971));
#1838=CARTESIAN_POINT('Ctrl Pts',(7.25078294142469,-5.55362856198864,4.91898145400595));
#1839=CARTESIAN_POINT('Ctrl Pts',(7.80878412181498,-6.01911851108665,3.92476757414724));
#1840=CARTESIAN_POINT('Ctrl Pts',(8.02684235519305,-6.20250454391559,3.41171896659492));
#1841=CARTESIAN_POINT('Ctrl Pts',(8.38444695226196,-6.5007255019174,2.39311191537238));
#1842=CARTESIAN_POINT('Ctrl Pts',(8.52976660422751,-6.62058947030022,1.8867681414542));
#1843=CARTESIAN_POINT('Ctrl Pts',(8.78295762688155,-6.82585653652052,0.921402271879819));
#1844=CARTESIAN_POINT('Ctrl Pts',(8.89380748746307,-6.91408438840691,0.460718906463439));
#1845=CARTESIAN_POINT('Ctrl Pts',(9.00000000000001,-7.00000000000002,0.));
#1846=CARTESIAN_POINT('Ctrl Pts',(6.31089972051328,-5.34856731079986,5.8));
#1847=CARTESIAN_POINT('Ctrl Pts',(6.67155624271735,-5.71161453479748,5.41959081303988));
#1848=CARTESIAN_POINT('Ctrl Pts',(7.01834658635593,-6.0379368223529,4.96684676592152));
#1849=CARTESIAN_POINT('Ctrl Pts',(7.59434866719532,-6.55384674505765,3.99593067768477));
#1850=CARTESIAN_POINT('Ctrl Pts',(7.83295189507127,-6.75491434744289,3.48755271107371));
#1851=CARTESIAN_POINT('Ctrl Pts',(8.24201189691849,-7.0780420648411,2.46506418055587));
#1852=CARTESIAN_POINT('Ctrl Pts',(8.41750057852281,-7.2058924951674,1.95111578456985));
#1853=CARTESIAN_POINT('Ctrl Pts',(8.72913372186478,-7.42091543372878,0.960108465031879));
#1854=CARTESIAN_POINT('Ctrl Pts',(8.86825220152974,-7.51150626446131,0.482512434770848));
#1855=CARTESIAN_POINT('Ctrl Pts',(9.00000000000001,-7.59839860068379,0.));
#1856=CARTESIAN_POINT('Ctrl Pts',(5.87272992861705,-5.94542017381544,5.8));
#1857=CARTESIAN_POINT('Ctrl Pts',(6.24641262096385,-6.30910259295456,5.43856144549334));
#1858=CARTESIAN_POINT('Ctrl Pts',(6.59720145284424,-6.66080768121193,4.99933944786559));
#1859=CARTESIAN_POINT('Ctrl Pts',(7.17233612216854,-7.24806711541865,4.04347442013544));
#1860=CARTESIAN_POINT('Ctrl Pts',(7.40696501955255,-7.49285704786223,3.53775282345124));
#1861=CARTESIAN_POINT('Ctrl Pts',(7.80208434950822,-7.90674195605043,2.51185897906653));
#1862=CARTESIAN_POINT('Ctrl Pts',(7.96803886773049,-8.08141284627836,1.99246050190138));
#1863=CARTESIAN_POINT('Ctrl Pts',(8.25605264711895,-8.38243815450813,0.984448519378775));
#1864=CARTESIAN_POINT('Ctrl Pts',(8.38160623596494,-8.51268945041468,0.49595560001433));
#1865=CARTESIAN_POINT('Ctrl Pts',(8.49800818480104,-8.63471967531832,0.));
#1866=CARTESIAN_POINT('Ctrl Pts',(5.24710422345669,-6.36058888281664,5.8));
#1867=CARTESIAN_POINT('Ctrl Pts',(5.60189591275652,-6.72701563354189,5.41120741243729));
#1868=CARTESIAN_POINT('Ctrl Pts',(5.91843378036557,-7.07710264373092,4.9523818884846));
#1869=CARTESIAN_POINT('Ctrl Pts',(6.41662346668279,-7.65452278295507,3.97416681948744));
#1870=CARTESIAN_POINT('Ctrl Pts',(6.60967578791954,-7.89178741376511,3.464145898883));
#1871=CARTESIAN_POINT('Ctrl Pts',(6.92329761413959,-8.29071474889165,2.44229749653305));
#1872=CARTESIAN_POINT('Ctrl Pts',(7.04920155265031,-8.45795560410888,1.93032737877517));
#1873=CARTESIAN_POINT('Ctrl Pts',(7.26596269864551,-8.74943864219396,0.94712457558218));
#1874=CARTESIAN_POINT('Ctrl Pts',(7.35965362079506,-8.87707759639578,0.474933476696321));
#1875=CARTESIAN_POINT('Ctrl Pts',(7.44879895051283,-9.00000000000002,0.));
#1876=CARTESIAN_POINT('Ctrl Pts',(4.94271495490047,-6.50965639632707,5.8));
#1877=CARTESIAN_POINT('Ctrl Pts',(5.26409096797665,-6.89639492734043,5.39168713410585));
#1878=CARTESIAN_POINT('Ctrl Pts',(5.55484813934887,-7.24998913007443,4.91907976381721));
#1879=CARTESIAN_POINT('Ctrl Pts',(6.01541082443884,-7.81334376952709,3.92546469818005));
#1880=CARTESIAN_POINT('Ctrl Pts',(6.19539067120204,-8.03514358364666,3.41269550319423));
#1881=CARTESIAN_POINT('Ctrl Pts',(6.49063356077011,-8.39569930495969,2.39415917234703));
#1882=CARTESIAN_POINT('Ctrl Pts',(6.61066536594136,-8.54056553362507,1.88761779486889));
#1883=CARTESIAN_POINT('Ctrl Pts',(6.82008326754355,-8.78890696532834,0.921769512402476));
#1884=CARTESIAN_POINT('Ctrl Pts',(6.91188395794435,-8.89576146904831,0.460799248511204));
#1885=CARTESIAN_POINT('Ctrl Pts',(7.00000000000001,-9.00000000000002,0.));
#1886=CARTESIAN_POINT('Ctrl Pts',(4.94271495490047,-6.50965639632705,5.8));
#1887=CARTESIAN_POINT('Ctrl Pts',(5.26409096797666,-6.89639492734042,5.39168713410584));
#1888=CARTESIAN_POINT('Ctrl Pts',(5.81505741487168,-7.56643357369121,4.49612606383055));
#1889=CARTESIAN_POINT('Ctrl Pts',(6.36097221074687,-8.23920440125257,2.94121125795847));
#1890=CARTESIAN_POINT('Ctrl Pts',(6.71729308465016,-8.66926625731326,1.4378636745749));
#1891=CARTESIAN_POINT('Ctrl Pts',(6.91163131801808,-8.89546260389097,0.462120418702788));
#1892=CARTESIAN_POINT('Ctrl Pts',(7.00000000000001,-9.00000000000002,0.));
#1893=CARTESIAN_POINT('Ctrl Pts',(4.94271495490047,-6.50965639632706,5.8));
#1894=CARTESIAN_POINT('Ctrl Pts',(5.02242702361305,-6.60558056958088,5.69872466550679));
#1895=CARTESIAN_POINT('Ctrl Pts',(5.25584059319878,-6.88714887868368,5.38314864885716));
#1896=CARTESIAN_POINT('Ctrl Pts',(5.54339492269268,-7.23637711460991,4.91389749496869));
#1897=CARTESIAN_POINT('Ctrl Pts',(5.85959374479617,-7.62249336874065,4.28094259627851));
#1898=CARTESIAN_POINT('Ctrl Pts',(6.11282675610223,-7.93339656160694,3.64799766539541));
#1899=CARTESIAN_POINT('Ctrl Pts',(6.29420456220311,-8.15590315254017,3.07646025598345));
#1900=CARTESIAN_POINT('Ctrl Pts',(6.46109392111164,-8.3595031640845,2.48949693717319));
#1901=CARTESIAN_POINT('Ctrl Pts',(6.58615506425919,-8.51081856864896,1.98796801784927));
#1902=CARTESIAN_POINT('Ctrl Pts',(6.68768810419123,-8.63190219121375,1.53234804924022));
#1903=CARTESIAN_POINT('Ctrl Pts',(6.75375465240258,-8.71025206432594,1.22771668029213));
#1904=CARTESIAN_POINT('Ctrl Pts',(6.85042246383104,-8.8242197070868,0.769440909719245));
#1905=CARTESIAN_POINT('Ctrl Pts',(6.94108538763163,-8.93030585008586,0.308091562811353));
#1906=CARTESIAN_POINT('Ctrl Pts',(7.00000000000001,-9.00000000000002,0.));
#1907=CARTESIAN_POINT('Ctrl Pts',(4.8006666198935,-6.57922124070617,5.8));
#1908=CARTESIAN_POINT('Ctrl Pts',(4.87651085585634,-6.67749648321518,5.69646521185062));
#1909=CARTESIAN_POINT('Ctrl Pts',(5.09898148122261,-6.96467023525619,5.37460666241551));
#1910=CARTESIAN_POINT('Ctrl Pts',(5.37434103365913,-7.31610357250522,4.8989013527223));
#1911=CARTESIAN_POINT('Ctrl Pts',(5.67818367910288,-7.69955254403293,4.26040968750521));
#1912=CARTESIAN_POINT('Ctrl Pts',(5.92229162450831,-8.00360934853659,3.62457429400371));
#1913=CARTESIAN_POINT('Ctrl Pts',(6.09796339512298,-8.21696880619504,3.05287158896334));
#1914=CARTESIAN_POINT('Ctrl Pts',(6.26009512240382,-8.41006285285031,2.46701289293771));
#1915=CARTESIAN_POINT('Ctrl Pts',(6.38211528510178,-8.5514300263119,1.96765779255271));
#1916=CARTESIAN_POINT('Ctrl Pts',(6.48177809020958,-8.66304793757948,1.51539721262173));
#1917=CARTESIAN_POINT('Ctrl Pts',(6.54676236499507,-8.73504806059918,1.21331761235161));
#1918=CARTESIAN_POINT('Ctrl Pts',(6.6420535064337,-8.83943214167953,0.759337630668251));
#1919=CARTESIAN_POINT('Ctrl Pts',(6.73196701585065,-8.93613549029576,0.303681477894844));
#1920=CARTESIAN_POINT('Ctrl Pts',(6.79056047548718,-9.00000000000002,0.));
#1921=CARTESIAN_POINT('Ctrl Pts',(3.8047927536729,-7.06972933719708,5.8));
#1922=CARTESIAN_POINT('Ctrl Pts',(3.85474196260452,-7.18487202980982,5.68179118426977));
#1923=CARTESIAN_POINT('Ctrl Pts',(3.99666892423241,-7.51004527220629,5.319444490656));
#1924=CARTESIAN_POINT('Ctrl Pts',(4.15614989400173,-7.8656471702191,4.80287032192963));
#1925=CARTESIAN_POINT('Ctrl Pts',(4.31646278096622,-8.21224589911825,4.13025425048188));
#1926=CARTESIAN_POINT('Ctrl Pts',(4.43187959815035,-8.45302816228425,3.47849147653873));
#1927=CARTESIAN_POINT('Ctrl Pts',(4.50596907492096,-8.59491809437753,2.90698642488221));
#1928=CARTESIAN_POINT('Ctrl Pts',(4.5718431898023,-8.71178757066392,2.32824605966966));
#1929=CARTESIAN_POINT('Ctrl Pts',(4.61950291852093,-8.78616042179249,1.84175664001881));
#1930=CARTESIAN_POINT('Ctrl Pts',(4.66115166598535,-8.83922543126738,1.40959052798015));
#1931=CARTESIAN_POINT('Ctrl Pts',(4.68952641543911,-8.87290743129135,1.1228775493382));
#1932=CARTESIAN_POINT('Ctrl Pts',(4.73300183512271,-8.92088946274533,0.694902152832026));
#1933=CARTESIAN_POINT('Ctrl Pts',(4.78186081056623,-8.96658001901653,0.27500518364244));
#1934=CARTESIAN_POINT('Ctrl Pts',(4.81917404656409,-9.00000000000002,0.));
#1935=CARTESIAN_POINT('Ctrl Pts',(1.18284110999818,-7.25972042234879,5.8));
#1936=CARTESIAN_POINT('Ctrl Pts',(1.19472668520554,-7.39487438400424,5.66486391398277));
#1937=CARTESIAN_POINT('Ctrl Pts',(1.22822031481866,-7.77039252824674,5.25592070355938));
#1938=CARTESIAN_POINT('Ctrl Pts',(1.26513715855176,-8.15588172278645,4.69256509702655));
#1939=CARTESIAN_POINT('Ctrl Pts',(1.30234265257858,-8.50587278518653,3.98122014032513));
#1940=CARTESIAN_POINT('Ctrl Pts',(1.32979475610004,-8.7278756897714,3.31206983566536));
#1941=CARTESIAN_POINT('Ctrl Pts',(1.34732512647524,-8.83904058103531,2.74123317834848));
#1942=CARTESIAN_POINT('Ctrl Pts',(1.36239287702495,-8.92008109692652,2.17068490719944));
#1943=CARTESIAN_POINT('Ctrl Pts',(1.37259362665304,-8.96006649081422,1.69860291573522));
#1944=CARTESIAN_POINT('Ctrl Pts',(1.37989459736749,-8.97809281821328,1.28901988080466));
#1945=CARTESIAN_POINT('Ctrl Pts',(1.38445755610845,-8.98730889603696,1.01961535530004));
#1946=CARTESIAN_POINT('Ctrl Pts',(1.3908456368666,-8.99693219449041,0.620981311769986));
#1947=CARTESIAN_POINT('Ctrl Pts',(1.39633070346188,-8.99913015019987,0.241913432294289));
#1948=CARTESIAN_POINT('Ctrl Pts',(1.4,-9.00000000000002,0.));
#1949=CARTESIAN_POINT('Ctrl Pts',(-1.18284095108906,-7.2597204272577,5.8));
#1950=CARTESIAN_POINT('Ctrl Pts',(-1.19472652490318,-7.39487438817444,5.66486391504336));
#1951=CARTESIAN_POINT('Ctrl Pts',(-1.22822014944404,-7.77039253900192,5.255920706753));
#1952=CARTESIAN_POINT('Ctrl Pts',(-1.26513698819239,-8.15588177313321,4.69256510058622));
#1953=CARTESIAN_POINT('Ctrl Pts',(-1.30234247683215,-8.50587290210618,3.98122014227557));
#1954=CARTESIAN_POINT('Ctrl Pts',(-1.32979457633504,-8.72787587533016,3.31206983472555));
#1955=CARTESIAN_POINT('Ctrl Pts',(-1.3473249441172,-8.8390408132164,2.74123317470627));
#1956=CARTESIAN_POINT('Ctrl Pts',(-1.36239269186348,-8.9200813602787,2.17068490114613));
#1957=CARTESIAN_POINT('Ctrl Pts',(-1.37259344033069,-8.96006676376793,1.69860290812929));
#1958=CARTESIAN_POINT('Ctrl Pts',(-1.37989440951081,-8.97809306770154,1.28901987322093));
#1959=CARTESIAN_POINT('Ctrl Pts',(-1.38445736770001,-8.98730912184961,1.01961534797398));
#1960=CARTESIAN_POINT('Ctrl Pts',(-1.3908454472296,-8.99693237192929,0.620981305551354));
#1961=CARTESIAN_POINT('Ctrl Pts',(-1.39633051321287,-8.9991302360732,0.241913429033945));
#1962=CARTESIAN_POINT('Ctrl Pts',(-1.39999980917722,-9.00000000000002,0.));
#1963=CARTESIAN_POINT('Ctrl Pts',(-3.80479269954364,-7.06972934929151,5.8));
#1964=CARTESIAN_POINT('Ctrl Pts',(-3.85474190659436,-7.18487203994714,5.68179118734207));
#1965=CARTESIAN_POINT('Ctrl Pts',(-3.99666883462311,-7.51004526524588,5.31944446993885));
#1966=CARTESIAN_POINT('Ctrl Pts',(-4.15614967130158,-7.86564712150627,4.80287018641115));
#1967=CARTESIAN_POINT('Ctrl Pts',(-4.31646235521415,-8.21224585581355,4.13025400158188));
#1968=CARTESIAN_POINT('Ctrl Pts',(-4.43187896706436,-8.45302819651708,3.47849120290569));
#1969=CARTESIAN_POINT('Ctrl Pts',(-4.50596831301997,-8.59491826111551,2.90698617889068));
#1970=CARTESIAN_POINT('Ctrl Pts',(-4.57184235384931,-8.71178790821475,2.32824585936445));
#1971=CARTESIAN_POINT('Ctrl Pts',(-4.61950207371167,-8.78616091314222,1.84175650130587));
#1972=CARTESIAN_POINT('Ctrl Pts',(-4.66115088631,-8.83922597024984,1.40959043635636));
#1973=CARTESIAN_POINT('Ctrl Pts',(-4.68952569665792,-8.87290797020475,1.12287748388007));
#1974=CARTESIAN_POINT('Ctrl Pts',(-4.7330012389276,-8.92088995665411,0.694902122615825));
#1975=CARTESIAN_POINT('Ctrl Pts',(-4.7818604673245,-8.96658028837349,0.275005175607222));
#1976=CARTESIAN_POINT('Ctrl Pts',(-4.81917396216943,-9.00000000000002,0.));
#1977=CARTESIAN_POINT('Ctrl Pts',(-4.800666606717,-6.57922119508445,5.8));
#1978=CARTESIAN_POINT('Ctrl Pts',(-4.87651084047098,-6.67749643460069,5.69646521646813));
#1979=CARTESIAN_POINT('Ctrl Pts',(-5.09898140830467,-6.96467015436385,5.37460662606562));
#1980=CARTESIAN_POINT('Ctrl Pts',(-5.37434072231086,-7.31610340265238,4.89890112396412));
#1981=CARTESIAN_POINT('Ctrl Pts',(-5.67818300134723,-7.69955235179181,4.26040926914263));
#1982=CARTESIAN_POINT('Ctrl Pts',(-5.92229057661391,-8.00360925453516,3.6245738343826));
#1983=CARTESIAN_POINT('Ctrl Pts',(-6.09796211325236,-8.21696891457366,3.05287117578207));
#1984=CARTESIAN_POINT('Ctrl Pts',(-6.26009371014516,-8.410063236343,2.4670125564192));
#1985=CARTESIAN_POINT('Ctrl Pts',(-6.38211386182376,-8.55143066796818,1.96765755924919));
#1986=CARTESIAN_POINT('Ctrl Pts',(-6.48177679646878,-8.66304867778046,1.51539705834062));
#1987=CARTESIAN_POINT('Ctrl Pts',(-6.54676119119645,-8.73504881804442,1.2133175020365));
#1988=CARTESIAN_POINT('Ctrl Pts',(-6.64205257159291,-8.83943285703482,0.759337579619515));
#1989=CARTESIAN_POINT('Ctrl Pts',(-6.73196656081911,-8.93613588808565,0.303681464274466));
#1990=CARTESIAN_POINT('Ctrl Pts',(-6.79056050403419,-9.00000000000002,0.));
#1991=CARTESIAN_POINT('Ctrl Pts',(-4.94271492079971,-6.50965635800348,5.8));
#1992=CARTESIAN_POINT('Ctrl Pts',(-5.02242698675821,-6.60558052779571,5.69872467053363));
#1993=CARTESIAN_POINT('Ctrl Pts',(-5.25584049360753,-6.8871488064617,5.38314861369622));
#1994=CARTESIAN_POINT('Ctrl Pts',(-5.54339456644167,-7.23637696624336,4.91389726695108));
#1995=CARTESIAN_POINT('Ctrl Pts',(-5.85959299334422,-7.6224932199454,4.28094217700641));
#1996=CARTESIAN_POINT('Ctrl Pts',(-6.11282560578877,-7.93339653378262,3.64799720269414));
#1997=CARTESIAN_POINT('Ctrl Pts',(-6.29420315876092,-8.15590334244266,3.07645983794301));
#1998=CARTESIAN_POINT('Ctrl Pts',(-6.4610923743996,-8.35950363931061,2.48949659438321));
#1999=CARTESIAN_POINT('Ctrl Pts',(-6.58615350277796,-8.51081930478675,1.98796777753728));
#2000=CARTESIAN_POINT('Ctrl Pts',(-6.68768668162497,-8.63190301762879,1.53234788826409));
#2001=CARTESIAN_POINT('Ctrl Pts',(-6.75375335938142,-8.71025289963462,1.22771656375882));
#2002=CARTESIAN_POINT('Ctrl Pts',(-6.85042142919722,-8.82422048352238,0.76944085356922));
#2003=CARTESIAN_POINT('Ctrl Pts',(-6.94108486965786,-8.93030627735256,0.308091546643545));
#2004=CARTESIAN_POINT('Ctrl Pts',(-7.,-9.00000000000002,0.));
#2005=CARTESIAN_POINT('Ctrl Pts',(-4.94271492079972,-6.50965635800346,5.8));
#2006=CARTESIAN_POINT('Ctrl Pts',(-5.26409121050898,-6.89639522131833,5.39168678879894));
#2007=CARTESIAN_POINT('Ctrl Pts',(-5.81505782285682,-7.56643455019178,4.49612376964608));
#2008=CARTESIAN_POINT('Ctrl Pts',(-6.36097184773773,-8.23920610062446,2.94120667049728));
#2009=CARTESIAN_POINT('Ctrl Pts',(-6.71729226176418,-8.66926821899052,1.43785976433169));
#2010=CARTESIAN_POINT('Ctrl Pts',(-6.91163093860381,-8.89546371501184,0.462118315666582));
#2011=CARTESIAN_POINT('Ctrl Pts',(-7.,-9.00000000000002,0.));
#2012=CARTESIAN_POINT('Ctrl Pts',(-4.94271492079972,-6.50965635800347,5.8));
#2013=CARTESIAN_POINT('Ctrl Pts',(-5.26409121050898,-6.89639522131834,5.39168678879895));
#2014=CARTESIAN_POINT('Ctrl Pts',(-5.55484836314307,-7.24998965526401,4.91907856242444));
#2015=CARTESIAN_POINT('Ctrl Pts',(-6.01541092322766,-7.81334497899033,3.92546163708397));
#2016=CARTESIAN_POINT('Ctrl Pts',(-6.19539079130315,-8.0351453704827,3.41269088098567));
#2017=CARTESIAN_POINT('Ctrl Pts',(-6.49063343898406,-8.39570159290342,2.39415310753694));
#2018=CARTESIAN_POINT('Ctrl Pts',(-6.61066532122284,-8.54056818673604,1.88761094898014));
#2019=CARTESIAN_POINT('Ctrl Pts',(-6.82008302688807,-8.78890888178456,0.921764812454719));
#2020=CARTESIAN_POINT('Ctrl Pts',(-6.91188367291796,-8.89576268736566,0.460796663566609));
#2021=CARTESIAN_POINT('Ctrl Pts',(-7.,-9.00000000000002,0.));
#2022=CARTESIAN_POINT('Ctrl Pts',(-5.34856727440958,-6.31089966708378,5.8));
#2023=CARTESIAN_POINT('Ctrl Pts',(-5.71449783876219,-6.67055612333833,5.41771385814071));
#2024=CARTESIAN_POINT('Ctrl Pts',(-6.03962922463893,-7.01947435982846,4.96348144040921));
#2025=CARTESIAN_POINT('Ctrl Pts',(-6.55036104098861,-7.60158386787235,3.99039784003492));
#2026=CARTESIAN_POINT('Ctrl Pts',(-6.74777083433693,-7.84400417231441,3.48129142884552));
#2027=CARTESIAN_POINT('Ctrl Pts',(-7.06751863510426,-8.25572275486803,2.4583374676468));
#2028=CARTESIAN_POINT('Ctrl Pts',(-7.19538000769296,-8.43042226539341,1.94455693283744));
#2029=CARTESIAN_POINT('Ctrl Pts',(-7.4145887284166,-8.73628492043364,0.955571401439007));
#2030=CARTESIAN_POINT('Ctrl Pts',(-7.50890975051481,-8.87085111817271,0.479642188099334));
#2031=CARTESIAN_POINT('Ctrl Pts',(-7.59839860068377,-9.00000000000002,0.));
#2032=CARTESIAN_POINT('Ctrl Pts',(-5.9454201384986,-5.87272987070531,5.8));
#2033=CARTESIAN_POINT('Ctrl Pts',(-6.31054872573885,-6.24452527747638,5.43900349037362));
#2034=CARTESIAN_POINT('Ctrl Pts',(-6.66021755427019,-6.5971331134639,5.00019037026209));
#2035=CARTESIAN_POINT('Ctrl Pts',(-7.24136492987335,-7.17819410053521,4.04493009727123));
#2036=CARTESIAN_POINT('Ctrl Pts',(-7.48229364458957,-7.41668135236419,3.5394191228953));
#2037=CARTESIAN_POINT('Ctrl Pts',(-7.89320782593368,-7.81494947434355,2.51364782082333));
#2038=CARTESIAN_POINT('Ctrl Pts',(-8.0684284021165,-7.98051898343249,1.99418519049589));
#2039=CARTESIAN_POINT('Ctrl Pts',(-8.37494986723141,-8.26335638185591,0.985617929027312));
#2040=CARTESIAN_POINT('Ctrl Pts',(-8.50968933620762,-8.38458079366656,0.496679578119419));
#2041=CARTESIAN_POINT('Ctrl Pts',(-8.63471967534247,-8.4980081848212,0.));
#2042=CARTESIAN_POINT('Ctrl Pts',(-6.36058885257,-5.24710418002574,5.8));
#2043=CARTESIAN_POINT('Ctrl Pts',(-6.72830950295007,-5.59912305946095,5.41267717924568));
#2044=CARTESIAN_POINT('Ctrl Pts',(-7.07645587221954,-5.9168602412975,4.95487958035071));
#2045=CARTESIAN_POINT('Ctrl Pts',(-7.64795759578644,-6.42016586951629,3.97813791375104));
#2046=CARTESIAN_POINT('Ctrl Pts',(-7.8814246773274,-6.61681364526679,3.46859112202366));
#2047=CARTESIAN_POINT('Ctrl Pts',(-8.27762071125374,-6.93371520083444,2.44707189465385));
#2048=CARTESIAN_POINT('Ctrl Pts',(-8.44556734084571,-7.05956936904031,1.93502389913481));
#2049=CARTESIAN_POINT('Ctrl Pts',(-8.74258967776791,-7.27215262802015,0.95042853010028));
#2050=CARTESIAN_POINT('Ctrl Pts',(-8.87464084609332,-7.36215203076054,0.477062294758878));
#2051=CARTESIAN_POINT('Ctrl Pts',(-8.99999999999999,-7.44879895051285,0.));
#2052=CARTESIAN_POINT('Ctrl Pts',(-6.50965636845481,-4.9427149221201,5.8));
#2053=CARTESIAN_POINT('Ctrl Pts',(-6.89856851294556,-5.26164785593331,5.39193719764606));
#2054=CARTESIAN_POINT('Ctrl Pts',(-7.25078318532865,-5.55362896950477,4.91898017902597));
#2055=CARTESIAN_POINT('Ctrl Pts',(-7.80878424314459,-6.01911950507954,3.92476434203433));
#2056=CARTESIAN_POINT('Ctrl Pts',(-8.02684253902663,-6.2025060432241,3.41171414959637));
#2057=CARTESIAN_POINT('Ctrl Pts',(-8.38444694445666,-6.5007275059556,2.3931056532853));
#2058=CARTESIAN_POINT('Ctrl Pts',(-8.52976674960667,-6.6205918327151,1.88676112262192));
#2059=CARTESIAN_POINT('Ctrl Pts',(-8.78295752851113,-6.82585829219999,0.921397463863436));
#2060=CARTESIAN_POINT('Ctrl Pts',(-8.89380728936939,-6.91408552702499,0.460716256015307));
#2061=CARTESIAN_POINT('Ctrl Pts',(-8.99999999999999,-7.00000000000002,0.));
#2062=CARTESIAN_POINT('Ctrl Pts',(-6.50965636845481,-4.94271492212009,5.8));
#2063=CARTESIAN_POINT('Ctrl Pts',(-6.89908789686823,-5.26207378410391,5.39139223842588));
#2064=CARTESIAN_POINT('Ctrl Pts',(-7.56720607703633,-5.81594335893192,4.49394750211047));
#2065=CARTESIAN_POINT('Ctrl Pts',(-8.2286398721389,-6.37222129695548,2.93657385416196));
#2066=CARTESIAN_POINT('Ctrl Pts',(-8.65950110085701,-6.72759719403466,1.43447079634484));
#2067=CARTESIAN_POINT('Ctrl Pts',(-8.8938072893694,-6.91408552702499,0.460716256015306));
#2068=CARTESIAN_POINT('Ctrl Pts',(-9.,-7.00000000000002,0.));
#2069=CARTESIAN_POINT('Ctrl Pts',(-6.50965636845481,-4.9427149221201,5.8));
#2070=CARTESIAN_POINT('Ctrl Pts',(-6.89908789686823,-5.26207378410392,5.39139223842588));
#2071=CARTESIAN_POINT('Ctrl Pts',(-7.56720607703632,-5.81594335893193,4.49394750211047));
#2072=CARTESIAN_POINT('Ctrl Pts',(-8.2286398721389,-6.37222129695548,2.93657385416196));
#2073=CARTESIAN_POINT('Ctrl Pts',(-8.65950110085701,-6.72759719403466,1.43447079634485));
#2074=CARTESIAN_POINT('Ctrl Pts',(-8.89380728936939,-6.91408552702499,0.460716256015307));
#2075=CARTESIAN_POINT('Ctrl Pts',(-8.99999999999999,-7.00000000000002,0.));
#2076=CARTESIAN_POINT('Ctrl Pts',(-6.57922120920105,-4.80066660176413,5.8));
#2077=CARTESIAN_POINT('Ctrl Pts',(-6.97855530856844,-5.1045647358517,5.38170065470374));
#2078=CARTESIAN_POINT('Ctrl Pts',(-7.65025507268545,-5.63563995094501,4.47084119037234));
#2079=CARTESIAN_POINT('Ctrl Pts',(-8.28983374516279,-6.17315264783152,2.90852261558835));
#2080=CARTESIAN_POINT('Ctrl Pts',(-8.68935864017484,-6.52024756965004,1.41433005555526));
#2081=CARTESIAN_POINT('Ctrl Pts',(-8.90275162956502,-6.70498782528362,0.453088104601401));
#2082=CARTESIAN_POINT('Ctrl Pts',(-8.99999999999999,-6.7905604897607,0.));
#2083=CARTESIAN_POINT('Ctrl Pts',(-7.06972484305592,-3.80478814486765,5.8));
#2084=CARTESIAN_POINT('Ctrl Pts',(-7.5401366508671,-4.0048749805433,5.31871362792044));
#2085=CARTESIAN_POINT('Ctrl Pts',(-8.20453051115923,-4.30718917772709,4.32266869736879));
#2086=CARTESIAN_POINT('Ctrl Pts',(-8.65436566944712,-4.54265107374331,2.73439005894896));
#2087=CARTESIAN_POINT('Ctrl Pts',(-8.85147007855433,-4.6735489996382,1.2862391489087));
#2088=CARTESIAN_POINT('Ctrl Pts',(-8.9496815347775,-4.76477297282536,0.403495560151328));
#2089=CARTESIAN_POINT('Ctrl Pts',(-9.,-4.81917406797437,0.));
#2090=CARTESIAN_POINT('Ctrl Pts',(-7.25971024355826,-1.18284754416746,5.8));
#2091=CARTESIAN_POINT('Ctrl Pts',(-7.81555640220707,-1.23034145966208,5.24628973857843));
#2092=CARTESIAN_POINT('Ctrl Pts',(-8.52090940057809,-1.2990105030832,4.15233475773091));
#2093=CARTESIAN_POINT('Ctrl Pts',(-8.89500320165389,-1.35546992726931,2.53632904350541));
#2094=CARTESIAN_POINT('Ctrl Pts',(-8.98975051796799,-1.38374881563384,1.13942600878336));
#2095=CARTESIAN_POINT('Ctrl Pts',(-8.99986893823442,-1.39495231383363,0.346160088625402));
#2096=CARTESIAN_POINT('Ctrl Pts',(-8.99999999999999,-1.4,0.));
#2097=CARTESIAN_POINT('Ctrl Pts',(-7.25971024355826,1.18284754416746,5.8));
#2098=CARTESIAN_POINT('Ctrl Pts',(-7.81555640220707,1.23034145966208,5.24628973857842));
#2099=CARTESIAN_POINT('Ctrl Pts',(-8.52090940057808,1.2990105030832,4.15233475773091));
#2100=CARTESIAN_POINT('Ctrl Pts',(-8.89500320165389,1.35546992726931,2.53632904350541));
#2101=CARTESIAN_POINT('Ctrl Pts',(-8.98975051796799,1.38374881563383,1.13942600878336));
#2102=CARTESIAN_POINT('Ctrl Pts',(-8.99986893823442,1.39495231383363,0.346160088625401));
#2103=CARTESIAN_POINT('Ctrl Pts',(-8.99999999999999,1.4,0.));
#2104=CARTESIAN_POINT('Ctrl Pts',(-7.06972484305614,3.80478814486765,5.8));
#2105=CARTESIAN_POINT('Ctrl Pts',(-7.5401366508673,4.0048749805433,5.31871362792044));
#2106=CARTESIAN_POINT('Ctrl Pts',(-8.2045305111594,4.30718917772709,4.32266869736879));
#2107=CARTESIAN_POINT('Ctrl Pts',(-8.65436566944722,4.5426510737433,2.73439005894895));
#2108=CARTESIAN_POINT('Ctrl Pts',(-8.85147007855436,4.67354899963819,1.2862391489087));
#2109=CARTESIAN_POINT('Ctrl Pts',(-8.94968153477752,4.76477297282533,0.403495560151327));
#2110=CARTESIAN_POINT('Ctrl Pts',(-9.,4.81917406797434,0.));
#2111=CARTESIAN_POINT('Ctrl Pts',(-6.57922120920121,4.80066660176414,5.8));
#2112=CARTESIAN_POINT('Ctrl Pts',(-6.97855530856859,5.10456473585169,5.38170065470374));
#2113=CARTESIAN_POINT('Ctrl Pts',(-7.65025507268556,5.63563995094501,4.47084119037233));
#2114=CARTESIAN_POINT('Ctrl Pts',(-8.28983374516286,6.17315264783151,2.90852261558834));
#2115=CARTESIAN_POINT('Ctrl Pts',(-8.68935864017487,6.52024756965001,1.41433005555525));
#2116=CARTESIAN_POINT('Ctrl Pts',(-8.90275162956504,6.70498782528358,0.453088104601398));
#2117=CARTESIAN_POINT('Ctrl Pts',(-9.,6.79056048976066,0.));
#2118=CARTESIAN_POINT('Ctrl Pts',(-6.50965636845497,4.9427149221201,5.8));
#2119=CARTESIAN_POINT('Ctrl Pts',(-6.89908789686838,5.26207378410392,5.39139223842588));
#2120=CARTESIAN_POINT('Ctrl Pts',(-7.56720607703644,5.81594335893192,4.49394750211046));
#2121=CARTESIAN_POINT('Ctrl Pts',(-8.22863987213897,6.37222129695546,2.93657385416195));
#2122=CARTESIAN_POINT('Ctrl Pts',(-8.65950110085703,6.72759719403463,1.43447079634484));
#2123=CARTESIAN_POINT('Ctrl Pts',(-8.89380728936941,6.91408552702495,0.460716256015305));
#2124=CARTESIAN_POINT('Ctrl Pts',(-9.,6.99999999999998,0.));
#2125=CARTESIAN_POINT('Ctrl Pts',(-6.50965636845496,4.94271492212011,5.8));
#2126=CARTESIAN_POINT('Ctrl Pts',(-6.89908789686837,5.26207378410393,5.39139223842588));
#2127=CARTESIAN_POINT('Ctrl Pts',(-7.56720607703644,5.81594335893193,4.49394750211046));
#2128=CARTESIAN_POINT('Ctrl Pts',(-8.22863987213897,6.37222129695547,2.93657385416195));
#2129=CARTESIAN_POINT('Ctrl Pts',(-8.65950110085704,6.72759719403463,1.43447079634484));
#2130=CARTESIAN_POINT('Ctrl Pts',(-8.89380728936941,6.91408552702496,0.460716256015304));
#2131=CARTESIAN_POINT('Ctrl Pts',(-8.99999999999999,6.99999999999998,0.));
#2132=CARTESIAN_POINT('Ctrl Pts',(-6.50965636845497,4.9427149221201,5.8));
#2133=CARTESIAN_POINT('Ctrl Pts',(-6.89856851294571,5.26164785593331,5.39193719764606));
#2134=CARTESIAN_POINT('Ctrl Pts',(-7.25078318532877,5.55362896950476,4.91898017902596));
#2135=CARTESIAN_POINT('Ctrl Pts',(-7.80878424314468,6.01911950507953,3.92476434203432));
#2136=CARTESIAN_POINT('Ctrl Pts',(-8.02684253902671,6.20250604322408,3.41171414959636));
#2137=CARTESIAN_POINT('Ctrl Pts',(-8.38444694445672,6.50072750595557,2.39310565328529));
#2138=CARTESIAN_POINT('Ctrl Pts',(-8.52976674960671,6.62059183271507,1.88676112262191));
#2139=CARTESIAN_POINT('Ctrl Pts',(-8.78295752851115,6.82585829219995,0.92139746386343));
#2140=CARTESIAN_POINT('Ctrl Pts',(-8.89380728936941,6.91408552702496,0.460716256015304));
#2141=CARTESIAN_POINT('Ctrl Pts',(-8.99999999999999,6.99999999999998,0.));
#2142=CARTESIAN_POINT('Ctrl Pts',(-6.31089968060855,5.34856726599429,5.8));
#2143=CARTESIAN_POINT('Ctrl Pts',(-6.67155649961668,5.71161479397751,5.41959050644515));
#2144=CARTESIAN_POINT('Ctrl Pts',(-7.01834676785165,6.03793733188769,4.96684604745934));
#2145=CARTESIAN_POINT('Ctrl Pts',(-7.59434871333229,6.55384799100179,3.99592910432292));
#2146=CARTESIAN_POINT('Ctrl Pts',(-7.83295205676261,6.75491617927439,3.48755011283309));
#2147=CARTESIAN_POINT('Ctrl Pts',(-8.24201196685142,7.07804443246681,2.46506064177637));
#2148=CARTESIAN_POINT('Ctrl Pts',(-8.41750087126018,7.2058952144759,1.95111149130609));
#2149=CARTESIAN_POINT('Ctrl Pts',(-8.72913372751893,7.42091740663231,0.960105552178933));
#2150=CARTESIAN_POINT('Ctrl Pts',(-8.86825203166924,7.51150753200023,0.482510974340353));
#2151=CARTESIAN_POINT('Ctrl Pts',(-8.99999999999999,7.59839860068375,0.));
#2152=CARTESIAN_POINT('Ctrl Pts',(-5.87272988665371,5.9454201225349,5.8));
#2153=CARTESIAN_POINT('Ctrl Pts',(-6.24641289466971,6.30910284035649,5.43856115781632));
#2154=CARTESIAN_POINT('Ctrl Pts',(-6.59720165189079,6.66080825878647,4.99933867742165));
#2155=CARTESIAN_POINT('Ctrl Pts',(-7.17233612777437,7.24806865155235,4.04347257101486));
#2156=CARTESIAN_POINT('Ctrl Pts',(-7.40696508179831,7.49285936714542,3.53774980210714));
#2157=CARTESIAN_POINT('Ctrl Pts',(-7.80208418030056,7.90674501962478,2.51185480004925));
#2158=CARTESIAN_POINT('Ctrl Pts',(-7.96803884080193,8.08141634955262,1.99245549805504));
#2159=CARTESIAN_POINT('Ctrl Pts',(-8.25605235764904,8.38244065354535,0.984445032564309));
#2160=CARTESIAN_POINT('Ctrl Pts',(-8.38160586984749,8.5126909922934,0.495953766464756));
#2161=CARTESIAN_POINT('Ctrl Pts',(-8.49800818482117,8.63471967534245,0.));
#2162=CARTESIAN_POINT('Ctrl Pts',(-5.24710418600722,6.36058883981368,5.8));
#2163=CARTESIAN_POINT('Ctrl Pts',(-5.60189618170392,6.72701589783169,5.41120709080546));
#2164=CARTESIAN_POINT('Ctrl Pts',(-5.9184340092601,7.07710318368894,4.95238072091281));
#2165=CARTESIAN_POINT('Ctrl Pts',(-6.41662351155286,7.65452414565035,3.97416378929735));
#2166=CARTESIAN_POINT('Ctrl Pts',(-6.6096758235741,7.8917894718579,3.46414129188037));
#2167=CARTESIAN_POINT('Ctrl Pts',(-6.92329733607835,8.29071746437549,2.44229137761949));
#2168=CARTESIAN_POINT('Ctrl Pts',(-7.04920133607135,8.45795874573038,1.93032043687295));
#2169=CARTESIAN_POINT('Ctrl Pts',(-7.26596230303816,8.74944091077013,0.947119754193081));
#2170=CARTESIAN_POINT('Ctrl Pts',(-7.35965323111194,8.8770790104721,0.474930806966004));
#2171=CARTESIAN_POINT('Ctrl Pts',(-7.44879895051282,8.99999999999998,0.));
#2172=CARTESIAN_POINT('Ctrl Pts',(-4.94271492079981,6.50965635800345,5.8));
#2173=CARTESIAN_POINT('Ctrl Pts',(-5.26409121050906,6.89639522131831,5.39168678879894));
#2174=CARTESIAN_POINT('Ctrl Pts',(-5.55484836314314,7.24998965526398,4.91907856242443));
#2175=CARTESIAN_POINT('Ctrl Pts',(-6.01541092322771,7.81334497899029,3.92546163708396));
#2176=CARTESIAN_POINT('Ctrl Pts',(-6.1953907913032,8.03514537048266,3.41269088098566));
#2177=CARTESIAN_POINT('Ctrl Pts',(-6.49063343898409,8.39570159290338,2.39415310753693));
#2178=CARTESIAN_POINT('Ctrl Pts',(-6.61066532122286,8.54056818673601,1.88761094898014));
#2179=CARTESIAN_POINT('Ctrl Pts',(-6.82008302688809,8.78890888178452,0.921764812454717));
#2180=CARTESIAN_POINT('Ctrl Pts',(-6.91188367291796,8.89576268736562,0.460796663566609));
#2181=CARTESIAN_POINT('Ctrl Pts',(-6.99999999999999,8.99999999999998,0.));
#2182=CARTESIAN_POINT('Ctrl Pts',(-4.94271492079981,6.50965635800346,5.80000000000001));
#2183=CARTESIAN_POINT('Ctrl Pts',(-5.26409121050906,6.89639522131832,5.39168678879895));
#2184=CARTESIAN_POINT('Ctrl Pts',(-5.81505782285688,7.56643455019176,4.49612376964607));
#2185=CARTESIAN_POINT('Ctrl Pts',(-6.36097184773777,8.23920610062443,2.94120667049727));
#2186=CARTESIAN_POINT('Ctrl Pts',(-6.7172922617642,8.66926821899049,1.43785976433169));
#2187=CARTESIAN_POINT('Ctrl Pts',(-6.91163093860381,8.8954637150118,0.462118315666581));
#2188=CARTESIAN_POINT('Ctrl Pts',(-6.99999999999999,8.99999999999998,0.));
#2189=CARTESIAN_POINT('Ctrl Pts',(-4.94271492079981,6.50965635800345,5.8));
#2190=CARTESIAN_POINT('Ctrl Pts',(-5.02242698675831,6.60558052779569,5.69872467053362));
#2191=CARTESIAN_POINT('Ctrl Pts',(-5.25584049360763,6.88714880646168,5.38314861369621));
#2192=CARTESIAN_POINT('Ctrl Pts',(-5.54339456644176,7.23637696624333,4.91389726695107));
#2193=CARTESIAN_POINT('Ctrl Pts',(-5.85959299334429,7.62249321994537,4.2809421770064));
#2194=CARTESIAN_POINT('Ctrl Pts',(-6.11282560578882,7.93339653378258,3.64799720269413));
#2195=CARTESIAN_POINT('Ctrl Pts',(-6.29420315876096,8.15590334244262,3.076459837943));
#2196=CARTESIAN_POINT('Ctrl Pts',(-6.46109237439964,8.35950363931058,2.4894965943832));
#2197=CARTESIAN_POINT('Ctrl Pts',(-6.58615350277798,8.51081930478671,1.98796777753727));
#2198=CARTESIAN_POINT('Ctrl Pts',(-6.68768668162498,8.63190301762875,1.53234788826408));
#2199=CARTESIAN_POINT('Ctrl Pts',(-6.75375335938143,8.71025289963458,1.22771656375881));
#2200=CARTESIAN_POINT('Ctrl Pts',(-6.85042142919722,8.82422048352234,0.769440853569218));
#2201=CARTESIAN_POINT('Ctrl Pts',(-6.94108486965785,8.93030627735252,0.308091546643544));
#2202=CARTESIAN_POINT('Ctrl Pts',(-6.99999999999999,8.99999999999998,0.));
#2203=CARTESIAN_POINT('Ctrl Pts',(-4.80066660671709,6.57922119508443,5.8));
#2204=CARTESIAN_POINT('Ctrl Pts',(-4.87651084047106,6.67749643460066,5.69646521646813));
#2205=CARTESIAN_POINT('Ctrl Pts',(-5.09898140830476,6.96467015436383,5.37460662606562));
#2206=CARTESIAN_POINT('Ctrl Pts',(-5.37434072231094,7.31610340265236,4.89890112396411));
#2207=CARTESIAN_POINT('Ctrl Pts',(-5.67818300134729,7.69955235179178,4.26040926914262));
#2208=CARTESIAN_POINT('Ctrl Pts',(-5.92229057661395,8.00360925453512,3.62457383438259));
#2209=CARTESIAN_POINT('Ctrl Pts',(-6.0979621132524,8.21696891457362,3.05287117578206));
#2210=CARTESIAN_POINT('Ctrl Pts',(-6.26009371014519,8.41006323634296,2.4670125564192));
#2211=CARTESIAN_POINT('Ctrl Pts',(-6.38211386182378,8.55143066796814,1.96765755924918));
#2212=CARTESIAN_POINT('Ctrl Pts',(-6.48177679646879,8.66304867778042,1.51539705834062));
#2213=CARTESIAN_POINT('Ctrl Pts',(-6.54676119119645,8.73504881804438,1.2133175020365));
#2214=CARTESIAN_POINT('Ctrl Pts',(-6.64205257159291,8.83943285703478,0.759337579619512));
#2215=CARTESIAN_POINT('Ctrl Pts',(-6.7319665608191,8.93613588808561,0.303681464274465));
#2216=CARTESIAN_POINT('Ctrl Pts',(-6.79056050403419,8.99999999999998,0.));
#2217=CARTESIAN_POINT('Ctrl Pts',(-4.1834190931622,6.86353742167661,5.8));
#2218=CARTESIAN_POINT('Ctrl Pts',(-4.24372631081979,6.97193313178972,5.68766079894721));
#2219=CARTESIAN_POINT('Ctrl Pts',(-4.4181725801666,7.2820594427968,5.34150933243641));
#2220=CARTESIAN_POINT('Ctrl Pts',(-4.62545375297309,7.63672766433855,4.84128256144632));
#2221=CARTESIAN_POINT('Ctrl Pts',(-4.84584685734699,7.99941797012556,4.18231610861016));
#2222=CARTESIAN_POINT('Ctrl Pts',(-5.01581692389127,8.26706849661769,3.53692425548661));
#2223=CARTESIAN_POINT('Ctrl Pts',(-5.13337148737464,8.43898081947378,2.96534017761136));
#2224=CARTESIAN_POINT('Ctrl Pts',(-5.240528767243,8.58774835846585,2.38375253822037));
#2225=CARTESIAN_POINT('Ctrl Pts',(-5.3201479622946,8.69004105895506,1.89211692445781));
#2226=CARTESIAN_POINT('Ctrl Pts',(-5.38659815433068,8.76733544421128,1.45191308515677));
#2227=CARTESIAN_POINT('Ctrl Pts',(-5.43056555376924,8.81682519099392,1.15905349113748));
#2228=CARTESIAN_POINT('Ctrl Pts',(-5.49601802635792,8.88800135392852,0.720676305425786));
#2229=CARTESIAN_POINT('Ctrl Pts',(-5.56190290470966,8.95440252823857,0.286475691069396));
#2230=CARTESIAN_POINT('Ctrl Pts',(-5.60772857891534,8.99999999999998,0.));
#2231=CARTESIAN_POINT('Ctrl Pts',(-2.25809181261754,7.1940113222947,5.8));
#2232=CARTESIAN_POINT('Ctrl Pts',(-2.28520283972219,7.32116077510546,5.67163482395838));
#2233=CARTESIAN_POINT('Ctrl Pts',(-2.36166463012418,7.67638349664863,5.28133021203349));
#2234=CARTESIAN_POINT('Ctrl Pts',(-2.44566246089193,8.04916203027654,4.73668713491117));
#2235=CARTESIAN_POINT('Ctrl Pts',(-2.5285293642111,8.39640430651531,4.04083368600006));
#2236=CARTESIAN_POINT('Ctrl Pts',(-2.58703758119326,8.62431407086384,3.37863838199593));
#2237=CARTESIAN_POINT('Ctrl Pts',(-2.62339029854352,8.74629175025855,2.80753437637603));
#2238=CARTESIAN_POINT('Ctrl Pts',(-2.65504927773534,8.84021381571643,2.23370928444744));
#2239=CARTESIAN_POINT('Ctrl Pts',(-2.67726049121809,8.8927987892955,1.75586434537906));
#2240=CARTESIAN_POINT('Ctrl Pts',(-2.69615899235247,8.924008283987,1.33724809848628));
#2241=CARTESIAN_POINT('Ctrl Pts',(-2.70897338140369,8.94251585908349,1.06092020232799));
#2242=CARTESIAN_POINT('Ctrl Pts',(-2.72851804167953,8.96683031100918,0.650549632391622));
#2243=CARTESIAN_POINT('Ctrl Pts',(-2.75054249485381,8.9861102569985,0.255150127655241));
#2244=CARTESIAN_POINT('Ctrl Pts',(-2.76766947037411,8.99999999999998,0.));
#2245=CARTESIAN_POINT('Ctrl Pts',(-0.772934547213121,7.25068892356834,5.8));
#2246=CARTESIAN_POINT('Ctrl Pts',(-0.780858263079486,7.38584288455513,5.6648639148363));
#2247=CARTESIAN_POINT('Ctrl Pts',(-0.803426520924539,7.76149927168246,5.25592070625318));
#2248=CARTESIAN_POINT('Ctrl Pts',(-0.829185703459059,8.14765199057708,4.69256509999775));
#2249=CARTESIAN_POINT('Ctrl Pts',(-0.856103601905101,8.49886508801231,3.98122014195429));
#2250=CARTESIAN_POINT('Ctrl Pts',(-0.876842873107905,8.72227708097173,3.31206983487511));
#2251=CARTESIAN_POINT('Ctrl Pts',(-0.890773765654336,8.83473897800162,2.74123317528898));
#2252=CARTESIAN_POINT('Ctrl Pts',(-0.903021614576056,8.91705261825351,2.17068490218535));
#2253=CARTESIAN_POINT('Ctrl Pts',(-0.911577232624242,8.95805243672951,1.69860290936689));
#2254=CARTESIAN_POINT('Ctrl Pts',(-0.917708795781075,8.9768094509719,1.28901987449686));
#2255=CARTESIAN_POINT('Ctrl Pts',(-0.921502438884596,8.98645995681328,1.0196153491859));
#2256=CARTESIAN_POINT('Ctrl Pts',(-0.92675196822304,8.99665587916238,0.620981306603181));
#2257=CARTESIAN_POINT('Ctrl Pts',(-0.93088700881062,8.99913022175283,0.241913429568803));
#2258=CARTESIAN_POINT('Ctrl Pts',(-0.933333206118154,8.99999999999998,0.));
#2259=CARTESIAN_POINT('Ctrl Pts',(0.386123134110469,7.25002504112042,5.8));
#2260=CARTESIAN_POINT('Ctrl Pts',(0.390084992475984,7.38517900248885,5.66486391431022));
#2261=CARTESIAN_POINT('Ctrl Pts',(0.40137439140894,7.76084554772618,5.25592070465293));
#2262=CARTESIAN_POINT('Ctrl Pts',(0.414279270098551,8.14704701819799,4.69256509821278));
#2263=CARTESIAN_POINT('Ctrl Pts',(0.427784791019705,8.49834990657387,3.98122014097965));
#2264=CARTESIAN_POINT('Ctrl Pts',(0.43820812642113,8.72186543907947,3.31206983534551));
#2265=CARTESIAN_POINT('Ctrl Pts',(0.445223001222491,8.83442264914268,2.74123317711315));
#2266=CARTESIAN_POINT('Ctrl Pts',(0.451395444727271,8.91682985560454,2.17068490521522));
#2267=CARTESIAN_POINT('Ctrl Pts',(0.455711913683018,8.9579042361878,1.69860291316121));
#2268=CARTESIAN_POINT('Ctrl Pts',(0.458805543212302,8.97671497427347,1.28901987829442));
#2269=CARTESIAN_POINT('Ctrl Pts',(0.46071892180647,8.9863974269829,1.01961535284466));
#2270=CARTESIAN_POINT('Ctrl Pts',(0.463365511280186,8.99663546841066,0.620981309719891));
#2271=CARTESIAN_POINT('Ctrl Pts',(0.46544356780663,8.99913017882231,0.241913431194887));
#2272=CARTESIAN_POINT('Ctrl Pts',(0.466666666666666,8.99999999999998,0.));
#2273=CARTESIAN_POINT('Ctrl Pts',(1.26908386824557,7.2340014052682,5.8));
#2274=CARTESIAN_POINT('Ctrl Pts',(1.28340335568667,7.36648719760707,5.66712088344938));
#2275=CARTESIAN_POINT('Ctrl Pts',(1.32391934450922,7.73529861058327,5.26439054222067));
#2276=CARTESIAN_POINT('Ctrl Pts',(1.36901085607542,8.11683125791932,4.70727246073591));
#2277=CARTESIAN_POINT('Ctrl Pts',(1.41443005563277,8.46642236121442,4.00109135523478));
#2278=CARTESIAN_POINT('Ctrl Pts',(1.44758789204499,8.69098954507643,3.33425938767094));
#2279=CARTESIAN_POINT('Ctrl Pts',(1.46883524108799,8.80630667041601,2.7633336107959));
#2280=CARTESIAN_POINT('Ctrl Pts',(1.48739887281647,8.89217891888802,2.19169306022933));
#2281=CARTESIAN_POINT('Ctrl Pts',(1.50038316676578,8.9367927616296,1.71769007807606));
#2282=CARTESIAN_POINT('Ctrl Pts',(1.51068163090797,8.95952221118212,1.30509596627787));
#2283=CARTESIAN_POINT('Ctrl Pts',(1.51742942204768,8.97201901932763,1.033383647005));
#2284=CARTESIAN_POINT('Ctrl Pts',(1.52737443488365,8.98678134073471,0.630837423253948));
#2285=CARTESIAN_POINT('Ctrl Pts',(1.53743900586551,8.99479014225551,0.246325665426668));
#2286=CARTESIAN_POINT('Ctrl Pts',(1.5447787617641,8.99999999999998,0.));
#2287=CARTESIAN_POINT('Ctrl Pts',(2.64332715161783,7.12780980084722,5.8));
#2288=CARTESIAN_POINT('Ctrl Pts',(2.67707741853573,7.25120850658376,5.67484001672858));
#2289=CARTESIAN_POINT('Ctrl Pts',(2.77313352778539,7.5974135866765,5.29336604660295));
#2290=CARTESIAN_POINT('Ctrl Pts',(2.88177563415255,7.96657790574539,4.75760629643298));
#2291=CARTESIAN_POINT('Ctrl Pts',(2.99212492712718,8.3169241971068,4.06913031257176));
#2292=CARTESIAN_POINT('Ctrl Pts',(3.07289914777371,8.55279869136413,3.41029571431351));
#2293=CARTESIAN_POINT('Ctrl Pts',(3.1254679304194,8.68477853057083,2.83909567966398));
#2294=CARTESIAN_POINT('Ctrl Pts',(3.1722026812808,8.78968462448116,2.26371805316886));
#2295=CARTESIAN_POINT('Ctrl Pts',(3.20587642663308,8.85222303925475,1.7831149445322));
#2296=CARTESIAN_POINT('Ctrl Pts',(3.23427149117822,8.89265813018351,1.36018115212456));
#2297=CARTESIAN_POINT('Ctrl Pts',(3.25330827910002,8.9173672840955,1.0805469012279));
#2298=CARTESIAN_POINT('Ctrl Pts',(3.282023663919,8.95106089252894,0.664574987371552));
#2299=CARTESIAN_POINT('Ctrl Pts',(3.31281485558539,8.97976851969331,0.261415246523116));
#2300=CARTESIAN_POINT('Ctrl Pts',(3.33568141852717,8.99999999999998,0.));
#2301=CARTESIAN_POINT('Ctrl Pts',(4.18307869664971,6.86429729177549,5.8));
#2302=CARTESIAN_POINT('Ctrl Pts',(4.24338591639489,6.97269300435697,5.68766079529456));
#2303=CARTESIAN_POINT('Ctrl Pts',(4.41783743948589,7.28280770783352,5.34150935937301));
#2304=CARTESIAN_POINT('Ctrl Pts',(4.62514379729332,7.63742016773452,4.8412827342265));
#2305=CARTESIAN_POINT('Ctrl Pts',(4.84558323146638,8.00000766883339,4.18231642529743));
#2306=CARTESIAN_POINT('Ctrl Pts',(5.0156066814395,8.2675395617034,3.53692460352061));
#2307=CARTESIAN_POINT('Ctrl Pts',(5.1332103050309,8.43934260476247,2.96534049050707));
#2308=CARTESIAN_POINT('Ctrl Pts',(5.24041566962507,8.58800281980011,2.38375279301996));
#2309=CARTESIAN_POINT('Ctrl Pts',(5.32007311206792,8.69020997776417,1.89211710096354));
#2310=CARTESIAN_POINT('Ctrl Pts',(5.38655075640471,8.76744281737134,1.45191320187492));
#2311=CARTESIAN_POINT('Ctrl Pts',(5.43053444750005,8.81689600544457,1.15905357451484));
#2312=CARTESIAN_POINT('Ctrl Pts',(5.49600833694053,8.88802403140243,0.720676344015934));
#2313=CARTESIAN_POINT('Ctrl Pts',(5.5619032926908,8.95440220755011,0.286475701316053));
#2314=CARTESIAN_POINT('Ctrl Pts',(5.60772861813332,8.99999999999998,0.));
#2315=CARTESIAN_POINT('Ctrl Pts',(4.80066661989351,6.57922124070615,5.8));
#2316=CARTESIAN_POINT('Ctrl Pts',(4.87651085585636,6.67749648321516,5.69646521185062));
#2317=CARTESIAN_POINT('Ctrl Pts',(5.09898148122263,6.96467023525617,5.3746066624155));
#2318=CARTESIAN_POINT('Ctrl Pts',(5.37434103365914,7.31610357250521,4.8989013527223));
#2319=CARTESIAN_POINT('Ctrl Pts',(5.6781836791029,7.69955254403291,4.26040968750521));
#2320=CARTESIAN_POINT('Ctrl Pts',(5.92229162450832,8.00360934853657,3.62457429400372));
#2321=CARTESIAN_POINT('Ctrl Pts',(6.09796339512298,8.21696880619502,3.05287158896334));
#2322=CARTESIAN_POINT('Ctrl Pts',(6.26009512240382,8.41006285285029,2.46701289293772));
#2323=CARTESIAN_POINT('Ctrl Pts',(6.38211528510178,8.55143002631186,1.96765779255271));
#2324=CARTESIAN_POINT('Ctrl Pts',(6.48177809020957,8.66304793757944,1.51539721262173));
#2325=CARTESIAN_POINT('Ctrl Pts',(6.54676236499506,8.73504806059914,1.21331761235161));
#2326=CARTESIAN_POINT('Ctrl Pts',(6.64205350643369,8.83943214167949,0.759337630668252));
#2327=CARTESIAN_POINT('Ctrl Pts',(6.73196701585064,8.93613549029571,0.303681477894844));
#2328=CARTESIAN_POINT('Ctrl Pts',(6.79056047548717,8.99999999999998,0.));
#2329=CARTESIAN_POINT('Ctrl Pts',(4.94271495490048,6.50965639632704,5.8));
#2330=CARTESIAN_POINT('Ctrl Pts',(5.02242702361307,6.60558056958086,5.69872466550679));
#2331=CARTESIAN_POINT('Ctrl Pts',(5.2558405931988,6.88714887868366,5.38314864885716));
#2332=CARTESIAN_POINT('Ctrl Pts',(5.54339492269269,7.23637711460989,4.91389749496869));
#2333=CARTESIAN_POINT('Ctrl Pts',(5.85959374479618,7.62249336874063,4.28094259627851));
#2334=CARTESIAN_POINT('Ctrl Pts',(6.11282675610224,7.93339656160691,3.64799766539541));
#2335=CARTESIAN_POINT('Ctrl Pts',(6.29420456220311,8.15590315254014,3.07646025598346));
#2336=CARTESIAN_POINT('Ctrl Pts',(6.46109392111164,8.35950316408447,2.4894969371732));
#2337=CARTESIAN_POINT('Ctrl Pts',(6.58615506425919,8.51081856864892,1.98796801784926));
#2338=CARTESIAN_POINT('Ctrl Pts',(6.68768810419122,8.6319021912137,1.53234804924022));
#2339=CARTESIAN_POINT('Ctrl Pts',(6.75375465240257,8.7102520643259,1.22771668029213));
#2340=CARTESIAN_POINT('Ctrl Pts',(6.85042246383103,8.82421970708675,0.769440909719246));
#2341=CARTESIAN_POINT('Ctrl Pts',(6.94108538763162,8.93030585008582,0.308091562811353));
#2342=CARTESIAN_POINT('Ctrl Pts',(7.,8.99999999999998,0.));
#2343=CARTESIAN_POINT('Ctrl Pts',(4.94271495490049,6.50965639632705,5.8));
#2344=CARTESIAN_POINT('Ctrl Pts',(5.26409096797667,6.89639492734042,5.39168713410585));
#2345=CARTESIAN_POINT('Ctrl Pts',(5.81505741487169,7.5664335736912,4.49612606383055));
#2346=CARTESIAN_POINT('Ctrl Pts',(6.36097221074688,8.23920440125255,2.94121125795847));
#2347=CARTESIAN_POINT('Ctrl Pts',(6.71729308465016,8.66926625731323,1.4378636745749));
#2348=CARTESIAN_POINT('Ctrl Pts',(6.91163131801808,8.89546260389093,0.462120418702788));
#2349=CARTESIAN_POINT('Ctrl Pts',(7.00000000000001,8.99999999999998,0.));
#2350=CARTESIAN_POINT('Ctrl Pts',(4.94271495490049,6.50965639632704,5.8));
#2351=CARTESIAN_POINT('Ctrl Pts',(5.26409096797668,6.89639492734041,5.39168713410585));
#2352=CARTESIAN_POINT('Ctrl Pts',(5.5548481393489,7.2499891300744,4.91907976381721));
#2353=CARTESIAN_POINT('Ctrl Pts',(6.01541082443886,7.81334376952706,3.92546469818005));
#2354=CARTESIAN_POINT('Ctrl Pts',(6.19539067120205,8.03514358364663,3.41269550319422));
#2355=CARTESIAN_POINT('Ctrl Pts',(6.49063356077011,8.39569930495965,2.39415917234703));
#2356=CARTESIAN_POINT('Ctrl Pts',(6.61066536594136,8.54056553362504,1.88761779486889));
#2357=CARTESIAN_POINT('Ctrl Pts',(6.82008326754355,8.78890696532831,0.921769512402476));
#2358=CARTESIAN_POINT('Ctrl Pts',(6.91188395794434,8.89576146904826,0.460799248511205));
#2359=CARTESIAN_POINT('Ctrl Pts',(7.00000000000001,8.99999999999998,0.));
#2360=CARTESIAN_POINT('Ctrl Pts',(5.34856731297545,6.31089971164647,5.8));
#2361=CARTESIAN_POINT('Ctrl Pts',(5.71449756102143,6.67055586894232,5.41771417188125));
#2362=CARTESIAN_POINT('Ctrl Pts',(6.03962899403287,7.01947381494974,4.96348259670692));
#2363=CARTESIAN_POINT('Ctrl Pts',(6.55036101410189,7.60158245409768,3.99040085992337));
#2364=CARTESIAN_POINT('Ctrl Pts',(6.74777082682094,7.84400202380458,3.48129603077913));
#2365=CARTESIAN_POINT('Ctrl Pts',(7.06751896526687,8.25571989686892,2.45834360459517));
#2366=CARTESIAN_POINT('Ctrl Pts',(7.19538028154919,8.4304189609368,1.94456390674381));
#2367=CARTESIAN_POINT('Ctrl Pts',(7.41458917568317,8.73628253448244,0.955576263308858));
#2368=CARTESIAN_POINT('Ctrl Pts',(7.50891017507496,8.87084963884492,0.47964488609125));
#2369=CARTESIAN_POINT('Ctrl Pts',(7.59839860068378,8.99999999999998,0.));
#2370=CARTESIAN_POINT('Ctrl Pts',(5.94542018043978,5.87272992258513,5.8));
#2371=CARTESIAN_POINT('Ctrl Pts',(6.31054846213501,6.24452502243364,5.43900377725282));
#2372=CARTESIAN_POINT('Ctrl Pts',(6.66021736956622,6.5971325322177,5.00019102336343));
#2373=CARTESIAN_POINT('Ctrl Pts',(7.2413649214815,7.17819258365235,4.04493156643634));
#2374=CARTESIAN_POINT('Ctrl Pts',(7.48229354998415,7.4166790820978,3.53942162244635));
#2375=CARTESIAN_POINT('Ctrl Pts',(7.89320790652199,7.81494650374315,2.51365132916103));
#2376=CARTESIAN_POINT('Ctrl Pts',(8.06842830695722,7.98051559611491,1.99418950565242));
#2377=CARTESIAN_POINT('Ctrl Pts',(8.37495005842642,8.26335396913626,0.985620917008296));
#2378=CARTESIAN_POINT('Ctrl Pts',(8.50968964796836,8.38457929619948,0.496681095260868));
#2379=CARTESIAN_POINT('Ctrl Pts',(8.63471967531831,8.49800818480102,0.));
#2380=CARTESIAN_POINT('Ctrl Pts',(6.3605888918557,5.24710422195561,5.8));
#2381=CARTESIAN_POINT('Ctrl Pts',(6.72830923820196,5.59912280663233,5.41267749321101));
#2382=CARTESIAN_POINT('Ctrl Pts',(7.07645567512251,5.91685975725664,4.95488043794145));
#2383=CARTESIAN_POINT('Ctrl Pts',(7.64795753085081,6.42016468656948,3.97813990180144));
#2384=CARTESIAN_POINT('Ctrl Pts',(7.88142451010115,6.61681189655639,3.46859427495296));
#2385=CARTESIAN_POINT('Ctrl Pts',(8.27762066075488,6.93371292411441,2.44707611426098));
#2386=CARTESIAN_POINT('Ctrl Pts',(8.44556708494846,7.05956673894629,1.93502887378996));
#2387=CARTESIAN_POINT('Ctrl Pts',(8.74258969811944,7.27215070943051,0.95043191674474));
#2388=CARTESIAN_POINT('Ctrl Pts',(8.8746410230126,7.36215079544385,0.477064052693125));
#2389=CARTESIAN_POINT('Ctrl Pts',(9.00000000000001,7.44879895051281,0.));
#2390=CARTESIAN_POINT('Ctrl Pts',(6.50965640588289,4.94271495542299,5.8));
#2391=CARTESIAN_POINT('Ctrl Pts',(6.89856822465324,5.26164762211641,5.39193753371971));
#2392=CARTESIAN_POINT('Ctrl Pts',(7.25078294142471,5.5536285619886,4.91898145400595));
#2393=CARTESIAN_POINT('Ctrl Pts',(7.80878412181499,6.01911851108661,3.92476757414724));
#2394=CARTESIAN_POINT('Ctrl Pts',(8.02684235519305,6.20250454391554,3.41171896659492));
#2395=CARTESIAN_POINT('Ctrl Pts',(8.38444695226196,6.50072550191736,2.39311191537238));
#2396=CARTESIAN_POINT('Ctrl Pts',(8.52976660422751,6.62058947030019,1.8867681414542));
#2397=CARTESIAN_POINT('Ctrl Pts',(8.78295762688155,6.82585653652049,0.921402271879819));
#2398=CARTESIAN_POINT('Ctrl Pts',(8.89380748746307,6.91408438840687,0.46071890646344));
#2399=CARTESIAN_POINT('Ctrl Pts',(9.00000000000001,6.99999999999998,0.));
#2400=UNCERTAINTY_MEASURE_WITH_UNIT(LENGTH_MEASURE(0.01),#2404,
'DISTANCE_ACCURACY_VALUE',
'Maximum model space distance between geometric entities at asserted c
onnectivities');
#2401=UNCERTAINTY_MEASURE_WITH_UNIT(LENGTH_MEASURE(0.01),#2404,
'DISTANCE_ACCURACY_VALUE',
'Maximum model space distance between geometric entities at asserted c
onnectivities');
#2402=(
GEOMETRIC_REPRESENTATION_CONTEXT(3)
GLOBAL_UNCERTAINTY_ASSIGNED_CONTEXT((#2400))
GLOBAL_UNIT_ASSIGNED_CONTEXT((#2404,#2406,#2407))
REPRESENTATION_CONTEXT('','3D')
);
#2403=(
GEOMETRIC_REPRESENTATION_CONTEXT(3)
GLOBAL_UNCERTAINTY_ASSIGNED_CONTEXT((#2401))
GLOBAL_UNIT_ASSIGNED_CONTEXT((#2404,#2406,#2407))
REPRESENTATION_CONTEXT('','3D')
);
#2404=(
LENGTH_UNIT()
NAMED_UNIT(*)
SI_UNIT(.MILLI.,.METRE.)
);
#2405=(
LENGTH_UNIT()
NAMED_UNIT(*)
SI_UNIT($,.METRE.)
);
#2406=(
NAMED_UNIT(*)
PLANE_ANGLE_UNIT()
SI_UNIT($,.RADIAN.)
);
#2407=(
NAMED_UNIT(*)
SI_UNIT($,.STERADIAN.)
SOLID_ANGLE_UNIT()
);
#2408=SHAPE_DEFINITION_REPRESENTATION(#2409,#2410);
#2409=PRODUCT_DEFINITION_SHAPE('',$,#2412);
#2410=SHAPE_REPRESENTATION('',(#257),#2402);
#2411=PRODUCT_DEFINITION_CONTEXT('part definition',#2416,'design');
#2412=PRODUCT_DEFINITION('2026-09-19-15-39-02-792','CLP_Saddle',#2413,#2411);
#2413=PRODUCT_DEFINITION_FORMATION('',$,#2418);
#2414=PRODUCT_RELATED_PRODUCT_CATEGORY('CLP_Saddle','CLP_Saddle',(#2418));
#2415=APPLICATION_PROTOCOL_DEFINITION('international standard',
'automotive_design',2009,#2416);
#2416=APPLICATION_CONTEXT(
'Core Data for Automotive Mechanical Design Process');
#2417=PRODUCT_CONTEXT('part definition',#2416,'mechanical');
#2418=PRODUCT('2026-09-19-15-39-02-792','CLP_Saddle',$,(#2417));
#2419=PRESENTATION_STYLE_ASSIGNMENT((#2420));
#2420=SURFACE_STYLE_USAGE(.BOTH.,#2421);
#2421=SURFACE_SIDE_STYLE('',(#2422));
#2422=SURFACE_STYLE_FILL_AREA(#2423);
#2423=FILL_AREA_STYLE('Steel - Satin',(#2424));
#2424=FILL_AREA_STYLE_COLOUR('Steel - Satin',#2425);
#2425=COLOUR_RGB('Steel - Satin',0.627450980392157,0.627450980392157,0.627450980392157);
ENDSEC;
END-ISO-10303-21;
