ISO-10303-21;
HEADER;
/* Generated by software containing ST-Developer
 * from STEP Tools, Inc. (www.steptools.com) 
 */

FILE_DESCRIPTION(
/* description */ (''),
/* implementation_level */ '2;1');

FILE_NAME(
/* name */ 'CLP_Thumb.step',
/* time_stamp */ '2026-10-03T20:51:34+08:00',
/* author */ (''),
/* organization */ (''),
/* preprocessor_version */ 'ST-DEVELOPER v20.2',
/* originating_system */ 'Autodesk Translation Framework v15.15.0.0',
/* authorisation */ '');

FILE_SCHEMA (('AUTOMOTIVE_DESIGN { 1 0 10303 214 3 1 1 }'));
ENDSEC;

DATA;
#10=MECHANICAL_DESIGN_GEOMETRIC_PRESENTATION_REPRESENTATION('',(#131,#132),
#5650);
#11=ITEM_DEFINED_TRANSFORMATION($,$,#1312,#1415);
#12=(
REPRESENTATION_RELATIONSHIP($,$,#5661,#5660)
REPRESENTATION_RELATIONSHIP_WITH_TRANSFORMATION(#11)
SHAPE_REPRESENTATION_RELATIONSHIP()
);
#13=CONTEXT_DEPENDENT_SHAPE_REPRESENTATION(#12,#5659);
#14=NEXT_ASSEMBLY_USAGE_OCCURRENCE('MX Plug Mushroom:1',
'MX Plug Mushroom:1','MX Plug Mushroom:1',#5663,#5664,
'MX Plug Mushroom:1');
#15=B_SPLINE_CURVE_WITH_KNOTS('',3,(#2036,#2037,#2038,#2039,#2040,#2041,
#2042),.UNSPECIFIED.,.F.,.F.,(4,1,1,1,4),(0.0920314681061463,0.390522943872248,
0.589517261049649,0.68901441963835,0.78851157822705),.UNSPECIFIED.);
#16=B_SPLINE_CURVE_WITH_KNOTS('',3,(#2045,#2046,#2047,#2048,#2049,#2050,
#2051),.UNSPECIFIED.,.F.,.F.,(4,1,1,1,4),(-0.78851157822705,-0.68901441963835,
-0.589517261049649,-0.390522943872248,-0.0920314681061463),
 .UNSPECIFIED.);
#17=B_SPLINE_CURVE_WITH_KNOTS('',3,(#2080,#2081,#2082,#2083,#2084,#2085,
#2086),.UNSPECIFIED.,.F.,.F.,(4,1,1,1,4),(-0.695638692258978,-0.496884780184984,
-0.29813086811099,-0.0993769560369968,0.),.UNSPECIFIED.);
#18=B_SPLINE_CURVE_WITH_KNOTS('',3,(#2087,#2088,#2089,#2090,#2091,#2092,
#2093),.UNSPECIFIED.,.F.,.F.,(4,1,1,1,4),(0.,0.0993769560369968,0.29813086811099,
0.496884780184984,0.695638692258978),.UNSPECIFIED.);
#19=B_SPLINE_CURVE_WITH_KNOTS('',3,(#2115,#2116,#2117,#2118),
 .UNSPECIFIED.,.F.,.F.,(4,4),(0.0709812622793263,0.187992326282154),
 .UNSPECIFIED.);
#20=B_SPLINE_CURVE_WITH_KNOTS('',3,(#2121,#2122,#2123,#2124),
 .UNSPECIFIED.,.F.,.F.,(4,4),(-0.187992326282154,-0.0709812622793263),
 .UNSPECIFIED.);
#21=B_SPLINE_CURVE_WITH_KNOTS('',3,(#2183,#2184,#2185,#2186,#2187,#2188,
#2189,#2190,#2191,#2192,#2193),.UNSPECIFIED.,.F.,.F.,(4,1,1,1,1,1,1,1,4),
(-0.550073651494401,-0.545162279606089,-0.540250907717777,-0.530428163941153,
-0.510782676387905,-0.471491701281408,-0.392909751068416,-0.235745850642431,
-3.45301274644915E-12),.UNSPECIFIED.);
#22=B_SPLINE_CURVE_WITH_KNOTS('',3,(#2194,#2195,#2196,#2197,#2198,#2199,
#2200,#2201,#2202,#2203,#2204),.UNSPECIFIED.,.F.,.F.,(4,1,1,1,1,1,1,1,4),
(3.45301274644915E-12,0.235745850642431,0.392909751068416,0.471491701281408,
0.510782676387905,0.530428163941153,0.540250907717777,0.545162279606089,
0.550073651494401),.UNSPECIFIED.);
#23=B_SPLINE_CURVE_WITH_KNOTS('',3,(#2268,#2269,#2270,#2271,#2272,#2273,
#2274,#2275,#2276,#2277,#2278,#2279),.UNSPECIFIED.,.F.,.F.,(4,1,1,1,1,2,
2,4),(-0.157592101765948,-0.128588512365791,-0.0995849229656339,-0.0705813335654768,
-0.0415777441653197,-0.0125741547651625,-0.0120083562017768,0.),
 .UNSPECIFIED.);
#24=B_SPLINE_CURVE_WITH_KNOTS('',3,(#2280,#2281,#2282,#2283,#2284,#2285,
#2286,#2287,#2288,#2289,#2290,#2291),.UNSPECIFIED.,.F.,.F.,(4,2,2,1,1,1,
1,4),(0.,0.0120083562017768,0.0125741547651625,0.0415777441653197,0.0705813335654768,
0.0995849229656339,0.128588512365791,0.157592101765948),.UNSPECIFIED.);
#25=B_SPLINE_CURVE_WITH_KNOTS('',3,(#2311,#2312,#2313,#2314),
 .UNSPECIFIED.,.F.,.F.,(4,4),(-0.0261604662264646,0.),.UNSPECIFIED.);
#26=B_SPLINE_CURVE_WITH_KNOTS('',3,(#2315,#2316,#2317,#2318),
 .UNSPECIFIED.,.F.,.F.,(4,4),(0.,0.0261604662264646),.UNSPECIFIED.);
#27=B_SPLINE_CURVE_WITH_KNOTS('',3,(#2398,#2399,#2400,#2401,#2402,#2403,
#2404,#2405,#2406,#2407,#2408,#2409,#2410,#2411,#2412,#2413,#2414,#2415,
#2416),.UNSPECIFIED.,.F.,.F.,(4,1,2,2,1,1,1,1,1,1,2,1,1,4),(-0.599155692092182,
-0.469165558992881,-0.33917542589358,-0.233059671160243,-0.119302644227533,
-0.0624241307611774,-0.0339848740279997,-0.0268750598447053,-0.0197652456614109,
-0.0126554314781165,-0.00554561729482208,-0.00277280864741104,-0.00138640432370552,
0.),.UNSPECIFIED.);
#28=B_SPLINE_CURVE_WITH_KNOTS('',3,(#2417,#2418,#2419,#2420,#2421,#2422,
#2423,#2424,#2425,#2426,#2427,#2428,#2429,#2430,#2431,#2432,#2433,#2434,
#2435),.UNSPECIFIED.,.F.,.F.,(4,1,1,2,1,1,1,1,1,1,2,2,1,4),(0.,0.00138640432370552,
0.00277280864741104,0.00554561729482208,0.0126554314781165,0.0197652456614109,
0.0268750598447053,0.0339848740279997,0.0624241307611774,0.119302644227533,
0.233059671160243,0.33917542589358,0.469165558992881,0.599155692092182),
 .UNSPECIFIED.);
#29=B_SPLINE_CURVE_WITH_KNOTS('',3,(#2523,#2524,#2525,#2526,#2527,#2528,
#2529,#2530,#2531,#2532,#2533,#2534,#2535,#2536,#2537,#2538,#2539,#2540,
#2541,#2542,#2543),.UNSPECIFIED.,.F.,.F.,(4,1,1,2,1,1,1,1,1,1,2,2,1,1,1,
4),(-0.598313312017031,-0.596905520540236,-0.595497729063441,-0.59268214610985,
-0.585590001533393,-0.578497856956935,-0.571405712380478,-0.564313567804021,
-0.535944989498192,-0.479207832886533,-0.365733519663217,-0.259751087408,
-0.129875543704,-0.0649377718519999,-0.0324688859259999,0.),
 .UNSPECIFIED.);
#30=B_SPLINE_CURVE_WITH_KNOTS('',3,(#2544,#2545,#2546,#2547,#2548,#2549,
#2550,#2551,#2552,#2553,#2554,#2555,#2556,#2557,#2558,#2559,#2560,#2561,
#2562,#2563,#2564),.UNSPECIFIED.,.F.,.F.,(4,1,1,1,2,2,1,1,1,1,1,1,2,1,1,
4),(5.22211653258756E-10,0.0324688859259999,0.0649377718519999,0.129875543704,
0.259751087408,0.365733519663217,0.479207832886533,0.535944989498192,0.564313567804021,
0.571405712380478,0.578497856956935,0.585590001533393,0.59268214610985,
0.595497729063441,0.596905520540236,0.598313312017031),.UNSPECIFIED.);
#31=B_SPLINE_CURVE_WITH_KNOTS('',3,(#2584,#2585,#2586,#2587),
 .UNSPECIFIED.,.F.,.F.,(4,4),(-0.0261161546840822,0.),.UNSPECIFIED.);
#32=B_SPLINE_CURVE_WITH_KNOTS('',3,(#2588,#2589,#2590,#2591),
 .UNSPECIFIED.,.F.,.F.,(4,4),(0.,0.0261161546840822),.UNSPECIFIED.);
#33=B_SPLINE_CURVE_WITH_KNOTS('',3,(#2660,#2661,#2662,#2663,#2664,#2665,
#2666,#2667,#2668,#2669,#2670,#2671,#2672),.UNSPECIFIED.,.F.,.F.,(4,2,2,
1,1,1,1,1,4),(-0.157608037234058,-0.145451905795811,-0.144886107052358,
-0.130397496354898,-0.115908885657438,-0.0869316642625186,-0.0579544428675992,
-0.0289772214726797,-7.77602611862029E-11),.UNSPECIFIED.);
#34=B_SPLINE_CURVE_WITH_KNOTS('',3,(#2673,#2674,#2675,#2676,#2677,#2678,
#2679,#2680,#2681,#2682,#2683,#2684,#2685),.UNSPECIFIED.,.F.,.F.,(4,1,1,
1,1,1,2,2,4),(7.77602611862029E-11,0.0289772214726797,0.0579544428675992,
0.0869316642625186,0.115908885657438,0.130397496354898,0.144886107052358,
0.145451905795811,0.157608037234058),.UNSPECIFIED.);
#35=B_SPLINE_CURVE_WITH_KNOTS('',3,(#2744,#2745,#2746,#2747,#2748,#2749,
#2750,#2751,#2752,#2753,#2754),.UNSPECIFIED.,.F.,.F.,(4,1,1,1,1,1,1,1,4),
(-0.55003584743249,-0.314306198533124,-0.15715309926688,-0.0785765496337582,
-0.0392882748171972,-0.0196441374089167,-0.00982206870477647,-0.00491103435270634,
-6.36218373076574E-13),.UNSPECIFIED.);
#36=B_SPLINE_CURVE_WITH_KNOTS('',3,(#2755,#2756,#2757,#2758,#2759,#2760,
#2761,#2762,#2763,#2764,#2765),.UNSPECIFIED.,.F.,.F.,(4,1,1,1,1,1,1,1,4),
(6.36218373076574E-13,0.00491103435270634,0.00982206870477647,0.0196441374089167,
0.0392882748171972,0.0785765496337582,0.15715309926688,0.314306198533124,
0.55003584743249),.UNSPECIFIED.);
#37=B_SPLINE_CURVE_WITH_KNOTS('',3,(#2786,#2787,#2788,#2789),
 .UNSPECIFIED.,.F.,.F.,(4,4),(-0.113155026454921,0.),.UNSPECIFIED.);
#38=B_SPLINE_CURVE_WITH_KNOTS('',3,(#2790,#2791,#2792,#2793),
 .UNSPECIFIED.,.F.,.F.,(4,4),(0.,0.113155026454921),.UNSPECIFIED.);
#39=B_SPLINE_CURVE_WITH_KNOTS('',3,(#2825,#2826,#2827,#2828,#2829,#2830),
 .UNSPECIFIED.,.F.,.F.,(4,1,1,4),(0.0320535743665211,0.200216209803554,
0.312324633428242,0.42443305705293),.UNSPECIFIED.);
#40=B_SPLINE_CURVE_WITH_KNOTS('',3,(#2833,#2834,#2835,#2836,#2837,#2838),
 .UNSPECIFIED.,.F.,.F.,(4,1,1,4),(-0.42443305705293,-0.312324633428242,
-0.200216209803554,-0.0320535743665211),.UNSPECIFIED.);
#41=B_SPLINE_CURVE_WITH_KNOTS('',3,(#2872,#2873,#2874,#2875,#2876,#2877),
 .UNSPECIFIED.,.F.,.F.,(4,1,1,4),(-0.169229005350929,-0.12087786096495,
-0.0725267165789698,0.),.UNSPECIFIED.);
#42=B_SPLINE_CURVE_WITH_KNOTS('',3,(#2878,#2879,#2880,#2881,#2882,#2883),
 .UNSPECIFIED.,.F.,.F.,(4,1,1,4),(0.,0.0725267165789698,0.12087786096495,
0.169229005350929),.UNSPECIFIED.);
#43=B_SPLINE_CURVE_WITH_KNOTS('',3,(#2912,#2913,#2914,#2915,#2916),
 .UNSPECIFIED.,.F.,.F.,(4,1,4),(-0.505676028076553,-0.216718297747094,0.),
 .UNSPECIFIED.);
#44=B_SPLINE_CURVE_WITH_KNOTS('',3,(#2917,#2918,#2919,#2920,#2921),
 .UNSPECIFIED.,.F.,.F.,(4,1,4),(0.,0.216718297747094,0.505676028076553),
 .UNSPECIFIED.);
#45=B_SPLINE_CURVE_WITH_KNOTS('',3,(#2955,#2956,#2957,#2958,#2959,#2960),
 .UNSPECIFIED.,.F.,.F.,(4,1,1,4),(-0.504995013239515,-0.360710723742511,
-0.216426434245507,-1.30491877528923E-16),.UNSPECIFIED.);
#46=B_SPLINE_CURVE_WITH_KNOTS('',3,(#2961,#2962,#2963,#2964,#2965,#2966),
 .UNSPECIFIED.,.F.,.F.,(4,1,1,4),(1.30491877528923E-16,0.216426434245507,
0.360710723742511,0.504995013239515),.UNSPECIFIED.);
#47=B_SPLINE_CURVE_WITH_KNOTS('',3,(#3000,#3001,#3002,#3003,#3004,#3005),
 .UNSPECIFIED.,.F.,.F.,(4,1,1,4),(-0.169229043762986,-0.120877888402133,
-0.0725267330412796,0.),.UNSPECIFIED.);
#48=B_SPLINE_CURVE_WITH_KNOTS('',3,(#3006,#3007,#3008,#3009,#3010,#3011),
 .UNSPECIFIED.,.F.,.F.,(4,1,1,4),(0.,0.0725267330412796,0.120877888402133,
0.169229043762986),.UNSPECIFIED.);
#49=B_SPLINE_CURVE_WITH_KNOTS('',3,(#3037,#3038,#3039,#3040,#3041),
 .UNSPECIFIED.,.F.,.F.,(4,1,4),(-0.388519629748676,-0.166508412749433,0.),
 .UNSPECIFIED.);
#50=B_SPLINE_CURVE_WITH_KNOTS('',3,(#3042,#3043,#3044,#3045,#3046),
 .UNSPECIFIED.,.F.,.F.,(4,1,4),(0.,0.166508412749433,0.388519629748676),
 .UNSPECIFIED.);
#51=B_SPLINE_CURVE_WITH_KNOTS('',3,(#3073,#3074,#3075,#3076),
 .UNSPECIFIED.,.F.,.F.,(4,4),(0.,0.268655643787365),.UNSPECIFIED.);
#52=B_SPLINE_CURVE_WITH_KNOTS('',3,(#3113,#3114,#3115,#3116,#3117),
 .UNSPECIFIED.,.F.,.F.,(4,1,4),(0.,0.571428571428571,1.),.UNSPECIFIED.);
#53=B_SPLINE_CURVE_WITH_KNOTS('',3,(#3138,#3139,#3140,#3141),
 .UNSPECIFIED.,.F.,.F.,(4,4),(0.,0.279093100431404),.UNSPECIFIED.);
#54=B_SPLINE_CURVE_WITH_KNOTS('',3,(#3244,#3245,#3246,#3247,#3248,#3249,
#3250),.UNSPECIFIED.,.F.,.F.,(4,1,1,1,4),(0.0791718085731032,0.194562733014767,
0.369119333725461,0.530550149084759,0.649007145296638),.UNSPECIFIED.);
#55=B_SPLINE_CURVE_WITH_KNOTS('',3,(#3252,#3253,#3254,#3255,#3256,#3257,
#3258,#3259,#3260,#3261),.UNSPECIFIED.,.F.,.F.,(4,1,1,2,1,1,4),(0.,0.139007447310421,
0.278014894620841,0.695037236552103,0.973052052344126,1.25106686813615,
1.39007427603216),.UNSPECIFIED.);
#56=B_SPLINE_CURVE_WITH_KNOTS('',3,(#3262,#3263,#3264,#3265,#3266,#3267,
#3268),.UNSPECIFIED.,.F.,.F.,(4,1,1,1,4),(0.188754406694263,0.194562733014769,
0.369119333725465,0.530550149084765,0.649007145296645),.UNSPECIFIED.);
#57=B_SPLINE_CURVE_WITH_KNOTS('',3,(#3320,#3321,#3322,#3323,#3324,#3325,
#3326),.UNSPECIFIED.,.F.,.F.,(4,1,1,1,4),(0.0790859664842432,0.194322518454247,
0.368720776273732,0.530189251343265,0.649184581793181),.UNSPECIFIED.);
#58=B_SPLINE_CURVE_WITH_KNOTS('',3,(#3327,#3328,#3329,#3330,#3331,#3332),
 .UNSPECIFIED.,.F.,.F.,(4,1,1,4),(4.36387379803787E-13,0.120796790221171,
0.201327983701661,0.281859177182151),.UNSPECIFIED.);
#59=B_SPLINE_CURVE_WITH_KNOTS('',3,(#3464,#3465,#3466,#3467,#3468,#3469,
#3470),.UNSPECIFIED.,.F.,.F.,(4,1,1,1,4),(0.0790859306093994,0.19432235245726,
0.368720252889397,0.53018862271083,0.649184589874564),.UNSPECIFIED.);
#60=B_SPLINE_CURVE_WITH_KNOTS('',3,(#3471,#3472,#3473,#3474,#3475,#3476,
#3477,#3478,#3479,#3480,#3481),.UNSPECIFIED.,.F.,.F.,(4,1,1,2,1,1,1,4),
(-1.38984678838971,-1.25086232344144,-0.972893393544894,-0.69492446364835,
-0.41695467818901,-0.27796978545934,-0.13898489272967,0.),.UNSPECIFIED.);
#61=B_SPLINE_CURVE_WITH_KNOTS('',3,(#3533,#3534,#3535,#3536,#3537,#3538,
#3539),.UNSPECIFIED.,.F.,.F.,(4,1,1,1,4),(0.0791717390616451,0.194562532133373,
0.369118695592115,0.530549381544179,0.649007219191803),.UNSPECIFIED.);
#62=B_SPLINE_CURVE_WITH_KNOTS('',3,(#3540,#3541,#3542,#3543,#3544,#3545),
 .UNSPECIFIED.,.F.,.F.,(4,1,1,4),(0.,0.120796769391496,0.201327948985827,
0.281859128580157),.UNSPECIFIED.);
#63=B_SPLINE_CURVE_WITH_KNOTS('',3,(#3617,#3618,#3619,#3620,#3621,#3622,
#3623),.UNSPECIFIED.,.F.,.F.,(4,1,1,1,4),(0.188822032443432,0.194562532133373,
0.369118695592116,0.530549381544179,0.649007219191803),.UNSPECIFIED.);
#64=B_SPLINE_CURVE_WITH_KNOTS('',3,(#3624,#3625,#3626,#3627,#3628,#3629,
#3630,#3631,#3632,#3633),.UNSPECIFIED.,.F.,.F.,(4,1,1,2,1,1,4),(1.19475646886129E-14,
0.139007441557961,0.417022324673861,0.69503720778976,1.11205941422127,1.25106681636511,
1.39007421850894),.UNSPECIFIED.);
#65=B_SPLINE_CURVE_WITH_KNOTS('',3,(#3727,#3728,#3729,#3730,#3731,#3732,
#3733,#3734,#3735,#3736),.UNSPECIFIED.,.F.,.F.,(4,1,1,2,1,1,4),(-1.39007427603216,
-1.25106686813615,-0.973052052344126,-0.695037236552103,-0.278014894620841,
-0.139007447310421,0.),.UNSPECIFIED.);
#66=B_SPLINE_CURVE_WITH_KNOTS('',3,(#3770,#3771,#3772,#3773,#3774,#3775),
 .UNSPECIFIED.,.F.,.F.,(4,1,1,4),(-0.281859177182151,-0.201327983701661,
-0.120796790221171,-4.36387379803787E-13),.UNSPECIFIED.);
#67=B_SPLINE_CURVE_WITH_KNOTS('',3,(#3877,#3878,#3879,#3880,#3881,#3882,
#3883,#3884,#3885,#3886,#3887),.UNSPECIFIED.,.F.,.F.,(4,1,1,1,2,1,1,4),
(0.,0.13898489272967,0.27796978545934,0.41695467818901,0.69492446364835,
0.972893393544894,1.25086232344144,1.38984678838971),.UNSPECIFIED.);
#68=B_SPLINE_CURVE_WITH_KNOTS('',3,(#3920,#3921,#3922,#3923,#3924,#3925),
 .UNSPECIFIED.,.F.,.F.,(4,1,1,4),(-0.281859128580157,-0.201327948985827,
-0.120796769391496,0.),.UNSPECIFIED.);
#69=B_SPLINE_CURVE_WITH_KNOTS('',3,(#4018,#4019,#4020,#4021,#4022,#4023,
#4024,#4025,#4026,#4027),.UNSPECIFIED.,.F.,.F.,(4,1,1,2,1,1,4),(-1.39007421850894,
-1.25106681636511,-1.11205941422127,-0.69503720778976,-0.417022324673861,
-0.139007441557961,-1.19475646886129E-14),.UNSPECIFIED.);
#70=B_SPLINE_CURVE_WITH_KNOTS('',3,(#4061,#4062,#4063,#4064,#4065,#4066),
 .UNSPECIFIED.,.F.,.F.,(4,1,1,4),(-0.281859169006461,-0.20132797786192,
-0.120796786717379,-5.6651637257365E-13),.UNSPECIFIED.);
#71=B_SPLINE_CURVE_WITH_KNOTS('',3,(#4067,#4068,#4069,#4070,#4071,#4072),
 .UNSPECIFIED.,.F.,.F.,(4,1,1,4),(5.6651637257365E-13,0.120796786717379,
0.20132797786192,0.281859169006461),.UNSPECIFIED.);
#72=B_SPLINE_CURVE_WITH_KNOTS('',3,(#4166,#4167,#4168,#4169,#4170,#4171,
#4172,#4173,#4174,#4175),.UNSPECIFIED.,.F.,.F.,(4,1,1,2,1,1,4),(0.,0.138984886156442,
0.416954658469326,0.69492443078221,1.11187784510792,1.25086231654983,1.38984678799174),
 .UNSPECIFIED.);
#73=B_SPLINE_CURVE_WITH_KNOTS('',3,(#4176,#4177,#4178,#4179,#4180,#4181,
#4182,#4183,#4184,#4185),.UNSPECIFIED.,.F.,.F.,(4,1,1,2,1,1,4),(-1.38984678799174,
-1.25086231654983,-1.11187784510792,-0.69492443078221,-0.416954658469326,
-0.138984886156442,0.),.UNSPECIFIED.);
#74=B_SPLINE_CURVE_WITH_KNOTS('',3,(#4216,#4217,#4218,#4219,#4220,#4221),
 .UNSPECIFIED.,.F.,.F.,(4,1,1,4),(-0.281859136712969,-0.161062363835983,
-0.0805311819179913,0.),.UNSPECIFIED.);
#75=B_SPLINE_CURVE_WITH_KNOTS('',3,(#4222,#4223,#4224,#4225,#4226,#4227),
 .UNSPECIFIED.,.F.,.F.,(4,1,1,4),(0.,0.0805311819179913,0.161062363835983,
0.281859136712969),.UNSPECIFIED.);
#76=B_SPLINE_CURVE_WITH_KNOTS('',3,(#4230,#4231,#4232,#4233,#4234,#4235,
#4236,#4237,#4238,#4239,#4240,#4241,#4242,#4243,#4244,#4245,#4246,#4247,
#4248,#4249,#4250,#4251,#4252,#4253,#4254,#4255,#4256,#4257,#4258,#4259,
#4260,#4261,#4262,#4263,#4264,#4265,#4266,#4267,#4268,#4269,#4270,#4271,
#4272,#4273,#4274,#4275,#4276,#4277,#4278,#4279,#4280,#4281,#4282,#4283,
#4284,#4285,#4286,#4287,#4288,#4289,#4290,#4291,#4292),.UNSPECIFIED.,.T.,
 .F.,(4,2,1,2,2,1,2,2,2,2,2,2,2,1,2,2,2,2,2,2,2,1,2,2,2,2,2,2,2,1,2,2,2,
4),(-1.,-0.977188828458315,-0.944901216253676,-0.912613604049038,-0.885036471349005,
-0.875004010783948,-0.864971550218891,-0.864569531138098,-0.812455439779842,
-0.749956795689176,-0.687231325610661,-0.635060049597424,-0.634609700065625,
-0.624803362202417,-0.614997024339208,-0.586071426758879,-0.528383488107131,
-0.500044357183194,-0.454501230328161,-0.397715382089259,-0.385077228323472,
-0.375043491382232,-0.365009754440992,-0.346608091589096,-0.289542324054042,
-0.250087534475032,-0.220445966604862,-0.156738651553885,-0.135052378614434,
-0.125018140164539,-0.114983901714643,-0.107533595320993,-0.0518640900034358,
0.),.UNSPECIFIED.);
#77=B_SPLINE_CURVE_WITH_KNOTS('',3,(#4453,#4454,#4455,#4456,#4457,#4458),
 .UNSPECIFIED.,.F.,.F.,(4,1,1,4),(0.285851715508428,0.368720776273734,0.530189251343268,
0.649184581793177),.UNSPECIFIED.);
#78=B_SPLINE_CURVE_WITH_KNOTS('',3,(#4459,#4460,#4461,#4462,#4463,#4464),
 .UNSPECIFIED.,.F.,.F.,(4,1,1,4),(0.2858994519821,0.368720252889398,0.530188622710831,
0.649184589874546),.UNSPECIFIED.);
#79=B_SPLINE_CURVE_WITH_KNOTS('',3,(#4518,#4519,#4520,#4521,#4522,#4523,
#4524,#4525,#4526,#4527,#4528,#4529,#4530,#4531,#4532,#4533,#4534,#4535,
#4536,#4537,#4538,#4539,#4540,#4541,#4542,#4543,#4544,#4545,#4546,#4547,
#4548,#4549),.UNSPECIFIED.,.F.,.F.,(4,2,2,2,1,2,2,2,2,2,2,2,1,2,2,2,4),
(0.,0.0518640900034358,0.107533595320993,0.114983901714643,0.125018140164539,
0.135052378614434,0.156738651553885,0.220445966604862,0.250087534475032,
0.289542324054042,0.346608091589096,0.365009754440992,0.375043491382232,
0.385077228323472,0.397715382089259,0.454501230328161,0.500044357183194),
 .UNSPECIFIED.);
#80=B_SPLINE_CURVE_WITH_KNOTS('',3,(#4550,#4551,#4552,#4553,#4554,#4555,
#4556,#4557,#4558,#4559,#4560,#4561,#4562,#4563,#4564,#4565,#4566,#4567,
#4568,#4569,#4570,#4571,#4572,#4573,#4574,#4575,#4576,#4577,#4578,#4579,
#4580,#4581,#4582),.UNSPECIFIED.,.F.,.F.,(4,2,2,2,1,2,2,2,2,2,2,2,1,2,2,
1,2,4),(0.500044357183194,0.528383488107131,0.586071426758879,0.614997024339208,
0.624803362202417,0.634609700065625,0.635060049597424,0.687231325610661,
0.749956795689176,0.812455439779842,0.864569531138098,0.864971550218891,
0.875004010783948,0.885036471349005,0.912613604049038,0.944901216253676,
0.977188828458315,1.),.UNSPECIFIED.);
#81=B_SPLINE_CURVE_WITH_KNOTS('',3,(#5528,#5529,#5530,#5531,#5532,#5533,
#5534,#5535,#5536,#5537,#5538,#5539,#5540,#5541,#5542,#5543,#5544,#5545,
#5546,#5547,#5548,#5549,#5550,#5551,#5552,#5553,#5554,#5555,#5556,#5557,
#5558),.UNSPECIFIED.,.F.,.F.,(4,3,3,3,3,3,3,3,3,3,4),(-1.,-0.857142857142857,
-0.714285714285714,-0.571428571428571,-0.5,-0.464285714285714,-0.428571428571428,
-0.285714285714285,-0.142857142857142,-0.0714285714285705,-3.03576608295941E-17),
 .UNSPECIFIED.);
#82=B_SPLINE_SURFACE_WITH_KNOTS('',3,3,((#2007,#2008,#2009,#2010,#2011,
#2012,#2013),(#2014,#2015,#2016,#2017,#2018,#2019,#2020),(#2021,#2022,#2023,
#2024,#2025,#2026,#2027),(#2028,#2029,#2030,#2031,#2032,#2033,#2034)),
 .UNSPECIFIED.,.F.,.F.,.F.,(4,4),(4,1,1,1,4),(0.,1.),(0.0920314681061463,
0.390522943872248,0.589517261049649,0.68901441963835,0.78851157822705),
 .UNSPECIFIED.);
#83=B_SPLINE_SURFACE_WITH_KNOTS('',3,3,((#2052,#2053,#2054,#2055,#2056,
#2057,#2058),(#2059,#2060,#2061,#2062,#2063,#2064,#2065),(#2066,#2067,#2068,
#2069,#2070,#2071,#2072),(#2073,#2074,#2075,#2076,#2077,#2078,#2079)),
 .UNSPECIFIED.,.F.,.F.,.F.,(4,4),(4,1,1,1,4),(0.,1.),(0.,0.0993769560369968,
0.29813086811099,0.496884780184984,0.695638692258978),.UNSPECIFIED.);
#84=B_SPLINE_SURFACE_WITH_KNOTS('',3,3,((#2094,#2095,#2096,#2097),(#2098,
#2099,#2100,#2101),(#2102,#2103,#2104,#2105),(#2106,#2107,#2108,#2109),
(#2110,#2111,#2112,#2113)),.UNSPECIFIED.,.F.,.F.,.F.,(4,1,4),(4,4),(0.,
0.5,1.),(0.0709812622793263,0.187992326282154),.UNSPECIFIED.);
#85=B_SPLINE_SURFACE_WITH_KNOTS('',3,3,((#2125,#2126,#2127,#2128,#2129,
#2130,#2131,#2132,#2133,#2134,#2135),(#2136,#2137,#2138,#2139,#2140,#2141,
#2142,#2143,#2144,#2145,#2146),(#2147,#2148,#2149,#2150,#2151,#2152,#2153,
#2154,#2155,#2156,#2157),(#2158,#2159,#2160,#2161,#2162,#2163,#2164,#2165,
#2166,#2167,#2168),(#2169,#2170,#2171,#2172,#2173,#2174,#2175,#2176,#2177,
#2178,#2179)),.UNSPECIFIED.,.F.,.F.,.F.,(4,1,4),(4,1,1,1,1,1,1,1,4),(0.,
0.5,1.),(3.45301274644915E-12,0.235745850642431,0.392909751068416,0.471491701281408,
0.510782676387905,0.530428163941153,0.540250907717777,0.545162279606089,
0.550073651494401),.UNSPECIFIED.);
#86=B_SPLINE_SURFACE_WITH_KNOTS('',3,3,((#2205,#2206,#2207,#2208,#2209,
#2210,#2211,#2212,#2213,#2214,#2215,#2216),(#2217,#2218,#2219,#2220,#2221,
#2222,#2223,#2224,#2225,#2226,#2227,#2228),(#2229,#2230,#2231,#2232,#2233,
#2234,#2235,#2236,#2237,#2238,#2239,#2240),(#2241,#2242,#2243,#2244,#2245,
#2246,#2247,#2248,#2249,#2250,#2251,#2252),(#2253,#2254,#2255,#2256,#2257,
#2258,#2259,#2260,#2261,#2262,#2263,#2264)),.UNSPECIFIED.,.F.,.F.,.F.,(4,
1,4),(4,2,2,1,1,1,1,4),(0.,0.5,1.),(0.,0.0120083562017768,0.0125741547651625,
0.0415777441653197,0.0705813335654768,0.0995849229656339,0.128588512365791,
0.157592101765948),.UNSPECIFIED.);
#87=B_SPLINE_SURFACE_WITH_KNOTS('',3,3,((#2292,#2293,#2294,#2295),(#2296,
#2297,#2298,#2299),(#2300,#2301,#2302,#2303),(#2304,#2305,#2306,#2307)),
 .UNSPECIFIED.,.F.,.F.,.F.,(4,4),(4,4),(0.,1.),(0.,0.0261604662264646),
 .UNSPECIFIED.);
#88=B_SPLINE_SURFACE_WITH_KNOTS('',3,3,((#2319,#2320,#2321,#2322,#2323,
#2324,#2325,#2326,#2327,#2328,#2329,#2330,#2331,#2332,#2333,#2334,#2335,
#2336,#2337),(#2338,#2339,#2340,#2341,#2342,#2343,#2344,#2345,#2346,#2347,
#2348,#2349,#2350,#2351,#2352,#2353,#2354,#2355,#2356),(#2357,#2358,#2359,
#2360,#2361,#2362,#2363,#2364,#2365,#2366,#2367,#2368,#2369,#2370,#2371,
#2372,#2373,#2374,#2375),(#2376,#2377,#2378,#2379,#2380,#2381,#2382,#2383,
#2384,#2385,#2386,#2387,#2388,#2389,#2390,#2391,#2392,#2393,#2394)),
 .UNSPECIFIED.,.F.,.F.,.F.,(4,4),(4,1,1,2,1,1,1,1,1,1,2,2,1,4),(0.,1.),
(0.,0.00138640432370552,0.00277280864741104,0.00554561729482208,0.0126554314781165,
0.0197652456614109,0.0268750598447053,0.0339848740279997,0.0624241307611774,
0.119302644227533,0.233059671160243,0.33917542589358,0.469165558992881,
0.599155692092182),.UNSPECIFIED.);
#89=B_SPLINE_SURFACE_WITH_KNOTS('',3,3,((#2436,#2437,#2438,#2439,#2440,
#2441,#2442,#2443,#2444,#2445,#2446,#2447,#2448,#2449,#2450,#2451,#2452,
#2453,#2454,#2455,#2456),(#2457,#2458,#2459,#2460,#2461,#2462,#2463,#2464,
#2465,#2466,#2467,#2468,#2469,#2470,#2471,#2472,#2473,#2474,#2475,#2476,
#2477),(#2478,#2479,#2480,#2481,#2482,#2483,#2484,#2485,#2486,#2487,#2488,
#2489,#2490,#2491,#2492,#2493,#2494,#2495,#2496,#2497,#2498),(#2499,#2500,
#2501,#2502,#2503,#2504,#2505,#2506,#2507,#2508,#2509,#2510,#2511,#2512,
#2513,#2514,#2515,#2516,#2517,#2518,#2519)),.UNSPECIFIED.,.F.,.F.,.F.,(4,
4),(4,1,1,1,2,2,1,1,1,1,1,1,2,1,1,4),(0.,1.),(0.,0.0324688859259999,0.0649377718519999,
0.129875543704,0.259751087408,0.365733519663217,0.479207832886533,0.535944989498192,
0.564313567804021,0.571405712380478,0.578497856956935,0.585590001533393,
0.59268214610985,0.595497729063441,0.596905520540236,0.598313312017031),
 .UNSPECIFIED.);
#90=B_SPLINE_SURFACE_WITH_KNOTS('',3,3,((#2565,#2566,#2567,#2568),(#2569,
#2570,#2571,#2572),(#2573,#2574,#2575,#2576),(#2577,#2578,#2579,#2580)),
 .UNSPECIFIED.,.F.,.F.,.F.,(4,4),(4,4),(0.,1.),(0.,0.0261161546840822),
 .UNSPECIFIED.);
#91=B_SPLINE_SURFACE_WITH_KNOTS('',3,3,((#2592,#2593,#2594,#2595,#2596,
#2597,#2598,#2599,#2600,#2601,#2602,#2603,#2604),(#2605,#2606,#2607,#2608,
#2609,#2610,#2611,#2612,#2613,#2614,#2615,#2616,#2617),(#2618,#2619,#2620,
#2621,#2622,#2623,#2624,#2625,#2626,#2627,#2628,#2629,#2630),(#2631,#2632,
#2633,#2634,#2635,#2636,#2637,#2638,#2639,#2640,#2641,#2642,#2643),(#2644,
#2645,#2646,#2647,#2648,#2649,#2650,#2651,#2652,#2653,#2654,#2655,#2656)),
 .UNSPECIFIED.,.F.,.F.,.F.,(4,1,4),(4,1,1,1,1,1,2,2,4),(0.,0.5,1.),(7.77602611862029E-11,
0.0289772214726797,0.0579544428675992,0.0869316642625186,0.115908885657438,
0.130397496354898,0.144886107052358,0.145451905795811,0.157608037234058),
 .UNSPECIFIED.);
#92=B_SPLINE_SURFACE_WITH_KNOTS('',3,3,((#2686,#2687,#2688,#2689,#2690,
#2691,#2692,#2693,#2694,#2695,#2696),(#2697,#2698,#2699,#2700,#2701,#2702,
#2703,#2704,#2705,#2706,#2707),(#2708,#2709,#2710,#2711,#2712,#2713,#2714,
#2715,#2716,#2717,#2718),(#2719,#2720,#2721,#2722,#2723,#2724,#2725,#2726,
#2727,#2728,#2729),(#2730,#2731,#2732,#2733,#2734,#2735,#2736,#2737,#2738,
#2739,#2740)),.UNSPECIFIED.,.F.,.F.,.F.,(4,1,4),(4,1,1,1,1,1,1,1,4),(0.,
0.5,1.),(6.36218373076574E-13,0.00491103435270634,0.00982206870477647,0.0196441374089167,
0.0392882748171972,0.0785765496337582,0.15715309926688,0.314306198533124,
0.55003584743249),.UNSPECIFIED.);
#93=B_SPLINE_SURFACE_WITH_KNOTS('',3,3,((#2766,#2767,#2768,#2769),(#2770,
#2771,#2772,#2773),(#2774,#2775,#2776,#2777),(#2778,#2779,#2780,#2781),
(#2782,#2783,#2784,#2785)),.UNSPECIFIED.,.F.,.F.,.F.,(4,1,4),(4,4),(0.,
0.5,1.),(0.,0.113155026454921),.UNSPECIFIED.);
#94=B_SPLINE_SURFACE_WITH_KNOTS('',3,3,((#2794,#2795,#2796,#2797,#2798,
#2799),(#2800,#2801,#2802,#2803,#2804,#2805),(#2806,#2807,#2808,#2809,#2810,
#2811),(#2812,#2813,#2814,#2815,#2816,#2817),(#2818,#2819,#2820,#2821,#2822,
#2823)),.UNSPECIFIED.,.F.,.F.,.F.,(4,1,4),(4,1,1,4),(0.,0.5,1.),(0.0320535743665211,
0.200216209803554,0.312324633428242,0.42443305705293),.UNSPECIFIED.);
#95=B_SPLINE_SURFACE_WITH_KNOTS('',3,3,((#2839,#2840,#2841,#2842,#2843,
#2844),(#2845,#2846,#2847,#2848,#2849,#2850),(#2851,#2852,#2853,#2854,#2855,
#2856),(#2857,#2858,#2859,#2860,#2861,#2862),(#2863,#2864,#2865,#2866,#2867,
#2868)),.UNSPECIFIED.,.F.,.F.,.F.,(4,1,4),(4,1,1,4),(0.,0.5,1.),(0.,0.0725267165789698,
0.12087786096495,0.169229005350929),.UNSPECIFIED.);
#96=B_SPLINE_SURFACE_WITH_KNOTS('',3,3,((#2884,#2885,#2886,#2887,#2888),
(#2889,#2890,#2891,#2892,#2893),(#2894,#2895,#2896,#2897,#2898),(#2899,
#2900,#2901,#2902,#2903),(#2904,#2905,#2906,#2907,#2908)),.UNSPECIFIED.,
 .F.,.F.,.F.,(4,1,4),(4,1,4),(0.,0.5,1.),(0.,0.216718297747094,0.505676028076553),
 .UNSPECIFIED.);
#97=B_SPLINE_SURFACE_WITH_KNOTS('',3,3,((#2922,#2923,#2924,#2925,#2926,
#2927),(#2928,#2929,#2930,#2931,#2932,#2933),(#2934,#2935,#2936,#2937,#2938,
#2939),(#2940,#2941,#2942,#2943,#2944,#2945),(#2946,#2947,#2948,#2949,#2950,
#2951)),.UNSPECIFIED.,.F.,.F.,.F.,(4,1,4),(4,1,1,4),(0.,0.5,1.),(1.30491877528923E-16,
0.216426434245507,0.360710723742511,0.504995013239515),.UNSPECIFIED.);
#98=B_SPLINE_SURFACE_WITH_KNOTS('',3,3,((#2967,#2968,#2969,#2970,#2971,
#2972),(#2973,#2974,#2975,#2976,#2977,#2978),(#2979,#2980,#2981,#2982,#2983,
#2984),(#2985,#2986,#2987,#2988,#2989,#2990),(#2991,#2992,#2993,#2994,#2995,
#2996)),.UNSPECIFIED.,.F.,.F.,.F.,(4,1,4),(4,1,1,4),(0.,0.5,1.),(0.,0.0725267330412796,
0.120877888402133,0.169229043762986),.UNSPECIFIED.);
#99=B_SPLINE_SURFACE_WITH_KNOTS('',3,3,((#3012,#3013,#3014,#3015,#3016),
(#3017,#3018,#3019,#3020,#3021),(#3022,#3023,#3024,#3025,#3026),(#3027,
#3028,#3029,#3030,#3031),(#3032,#3033,#3034,#3035,#3036)),.UNSPECIFIED.,
 .F.,.F.,.F.,(4,1,4),(4,1,4),(0.,0.5,1.),(0.,0.166508412749433,0.388519629748676),
 .UNSPECIFIED.);
#100=B_SPLINE_SURFACE_WITH_KNOTS('',3,3,((#3047,#3048,#3049,#3050),(#3051,
#3052,#3053,#3054),(#3055,#3056,#3057,#3058),(#3059,#3060,#3061,#3062)),
 .UNSPECIFIED.,.F.,.F.,.F.,(4,4),(4,4),(-1.,-0.333029132548433),(0.,0.268655643787366),
 .UNSPECIFIED.);
#101=B_SPLINE_SURFACE_WITH_KNOTS('',3,3,((#3077,#3078,#3079,#3080,#3081),
(#3082,#3083,#3084,#3085,#3086),(#3087,#3088,#3089,#3090,#3091),(#3092,
#3093,#3094,#3095,#3096),(#3097,#3098,#3099,#3100,#3101)),.UNSPECIFIED.,
 .F.,.F.,.F.,(4,1,4),(4,1,4),(-1.,-0.647015614232038,-0.176369766541422),
(0.,0.571428571428571,1.),.UNSPECIFIED.);
#102=B_SPLINE_SURFACE_WITH_KNOTS('',3,3,((#3118,#3119,#3120,#3121),(#3122,
#3123,#3124,#3125),(#3126,#3127,#3128,#3129),(#3130,#3131,#3132,#3133),
(#3134,#3135,#3136,#3137)),.UNSPECIFIED.,.F.,.F.,.F.,(4,1,4),(4,4),(0.176369766797637,
0.529354152455793,1.),(0.,0.285386170330185),.UNSPECIFIED.);
#103=B_SPLINE_SURFACE_WITH_KNOTS('',3,3,((#3142,#3143,#3144,#3145,#3146),
(#3147,#3148,#3149,#3150,#3151),(#3152,#3153,#3154,#3155,#3156),(#3157,
#3158,#3159,#3160,#3161),(#3162,#3163,#3164,#3165,#3166),(#3167,#3168,#3169,
#3170,#3171),(#3172,#3173,#3174,#3175,#3176)),.UNSPECIFIED.,.F.,.F.,.F.,
(4,1,1,1,4),(4,1,4),(0.0856144402625622,0.346867457330402,0.477493965864321,
0.738746982932161,1.),(0.112647249736925,0.532085764592907,0.846664650734894),
 .UNSPECIFIED.);
#104=B_SPLINE_SURFACE_WITH_KNOTS('',3,3,((#3187,#3188,#3189,#3190,#3191,
#3192,#3193),(#3194,#3195,#3196,#3197,#3198,#3199,#3200),(#3201,#3202,#3203,
#3204,#3205,#3206,#3207),(#3208,#3209,#3210,#3211,#3212,#3213,#3214),(#3215,
#3216,#3217,#3218,#3219,#3220,#3221),(#3222,#3223,#3224,#3225,#3226,#3227,
#3228),(#3229,#3230,#3231,#3232,#3233,#3234,#3235),(#3236,#3237,#3238,#3239,
#3240,#3241,#3242)),.UNSPECIFIED.,.F.,.F.,.F.,(4,1,2,1,4),(4,1,1,1,4),(0.,
0.2,0.500000000000001,0.8,1.),(0.117341664256985,0.288364195612126,0.547077017809716,
0.78633592673222,0.961902726694238),.UNSPECIFIED.);
#105=B_SPLINE_SURFACE_WITH_KNOTS('',3,3,((#3269,#3270,#3271,#3272,#3273,
#3274,#3275,#3276,#3277,#3278),(#3279,#3280,#3281,#3282,#3283,#3284,#3285,
#3286,#3287,#3288),(#3289,#3290,#3291,#3292,#3293,#3294,#3295,#3296,#3297,
#3298),(#3299,#3300,#3301,#3302,#3303,#3304,#3305,#3306,#3307,#3308),(#3309,
#3310,#3311,#3312,#3313,#3314,#3315,#3316,#3317,#3318)),.UNSPECIFIED.,.F.,
 .F.,.F.,(4,1,4),(4,1,1,1,1,1,1,4),(0.,0.571428571428571,1.),(0.104757936202713,
0.287979604955885,0.288364195612126,0.546432108512105,0.547077017809716,
0.785723097704906,0.78633592673222,0.962070278294943),.UNSPECIFIED.);
#106=B_SPLINE_SURFACE_WITH_KNOTS('',3,3,((#3333,#3334,#3335,#3336,#3337,
#3338,#3339,#3340,#3341,#3342,#3343,#3344,#3345),(#3346,#3347,#3348,#3349,
#3350,#3351,#3352,#3353,#3354,#3355,#3356,#3357,#3358),(#3359,#3360,#3361,
#3362,#3363,#3364,#3365,#3366,#3367,#3368,#3369,#3370,#3371),(#3372,#3373,
#3374,#3375,#3376,#3377,#3378,#3379,#3380,#3381,#3382,#3383,#3384),(#3385,
#3386,#3387,#3388,#3389,#3390,#3391,#3392,#3393,#3394,#3395,#3396,#3397),
(#3398,#3399,#3400,#3401,#3402,#3403,#3404,#3405,#3406,#3407,#3408,#3409,
#3410),(#3411,#3412,#3413,#3414,#3415,#3416,#3417,#3418,#3419,#3420,#3421,
#3422,#3423),(#3424,#3425,#3426,#3427,#3428,#3429,#3430,#3431,#3432,#3433,
#3434,#3435,#3436),(#3437,#3438,#3439,#3440,#3441,#3442,#3443,#3444,#3445,
#3446,#3447,#3448,#3449),(#3450,#3451,#3452,#3453,#3454,#3455,#3456,#3457,
#3458,#3459,#3460,#3461,#3462)),.UNSPECIFIED.,.F.,.F.,.F.,(4,1,2,1,1,1,
4),(4,1,1,1,1,1,1,1,1,1,4),(0.,0.199999986369801,0.499999965924503,0.599999972739602,
0.699999979554702,0.799999986369801,1.),(0.117202752927201,0.214285714285714,
0.287979347120103,0.428571428571428,0.546432108512105,0.571428571428571,
0.714285714285714,0.785722133805235,0.785723097704906,0.857142857142857,
0.962131595022611),.UNSPECIFIED.);
#107=B_SPLINE_SURFACE_WITH_KNOTS('',3,3,((#3482,#3483,#3484,#3485,#3486,
#3487,#3488,#3489,#3490,#3491),(#3492,#3493,#3494,#3495,#3496,#3497,#3498,
#3499,#3500,#3501),(#3502,#3503,#3504,#3505,#3506,#3507,#3508,#3509,#3510,
#3511),(#3512,#3513,#3514,#3515,#3516,#3517,#3518,#3519,#3520,#3521),(#3522,
#3523,#3524,#3525,#3526,#3527,#3528,#3529,#3530,#3531)),.UNSPECIFIED.,.F.,
 .F.,.F.,(4,1,4),(4,1,1,1,1,1,1,4),(0.,0.571428571428571,1.),(0.104805385434548,
0.287979347120103,0.288363879619525,0.54643131041964,0.547076037374326,
0.785722133805235,0.786334739347157,0.962070250737769),.UNSPECIFIED.);
#108=B_SPLINE_SURFACE_WITH_KNOTS('',3,3,((#3546,#3547,#3548,#3549,#3550,
#3551,#3552),(#3553,#3554,#3555,#3556,#3557,#3558,#3559),(#3560,#3561,#3562,
#3563,#3564,#3565,#3566),(#3567,#3568,#3569,#3570,#3571,#3572,#3573),(#3574,
#3575,#3576,#3577,#3578,#3579,#3580),(#3581,#3582,#3583,#3584,#3585,#3586,
#3587),(#3588,#3589,#3590,#3591,#3592,#3593,#3594),(#3595,#3596,#3597,#3598,
#3599,#3600,#3601),(#3602,#3603,#3604,#3605,#3606,#3607,#3608),(#3609,#3610,
#3611,#3612,#3613,#3614,#3615)),.UNSPECIFIED.,.F.,.F.,.F.,(4,1,1,2,1,1,
4),(4,1,1,1,4),(0.,0.0999999999999997,0.299999999999999,0.499999999999999,
0.699999999999999,0.9,1.),(0.117341553801275,0.288363879619525,0.547076037374326,
0.786334739347157,0.961902775293526),.UNSPECIFIED.);
#109=B_SPLINE_SURFACE_WITH_KNOTS('',3,3,((#3634,#3635,#3636,#3637,#3638,
#3639,#3640,#3641,#3642,#3643),(#3644,#3645,#3646,#3647,#3648,#3649,#3650,
#3651,#3652,#3653),(#3654,#3655,#3656,#3657,#3658,#3659,#3660,#3661,#3662,
#3663),(#3664,#3665,#3666,#3667,#3668,#3669,#3670,#3671,#3672,#3673),(#3674,
#3675,#3676,#3677,#3678,#3679,#3680,#3681,#3682,#3683),(#3684,#3685,#3686,
#3687,#3688,#3689,#3690,#3691,#3692,#3693),(#3694,#3695,#3696,#3697,#3698,
#3699,#3700,#3701,#3702,#3703),(#3704,#3705,#3706,#3707,#3708,#3709,#3710,
#3711,#3712,#3713),(#3714,#3715,#3716,#3717,#3718,#3719,#3720,#3721,#3722,
#3723)),.UNSPECIFIED.,.F.,.F.,.F.,(4,1,1,1,1,1,4),(4,1,1,2,1,1,4),(0.,0.0714285714285714,
0.142857142857143,0.214285714285714,0.285714285714286,0.5,1.),(0.,0.139007447310421,
0.278014894620841,0.695037236552103,0.973052052344126,1.25106686813615,
1.39007427603216),.UNSPECIFIED.);
#110=B_SPLINE_SURFACE_WITH_KNOTS('',3,3,((#3738,#3739,#3740,#3741,#3742,
#3743),(#3744,#3745,#3746,#3747,#3748,#3749),(#3750,#3751,#3752,#3753,#3754,
#3755),(#3756,#3757,#3758,#3759,#3760,#3761),(#3762,#3763,#3764,#3765,#3766,
#3767)),.UNSPECIFIED.,.F.,.F.,.F.,(4,1,4),(4,1,1,4),(0.,0.5,1.),(4.36387379803787E-13,
0.120796790221171,0.201327983701661,0.281859177182151),.UNSPECIFIED.);
#111=B_SPLINE_SURFACE_WITH_KNOTS('',3,3,((#3776,#3777,#3778,#3779,#3780,
#3781,#3782,#3783,#3784,#3785,#3786),(#3787,#3788,#3789,#3790,#3791,#3792,
#3793,#3794,#3795,#3796,#3797),(#3798,#3799,#3800,#3801,#3802,#3803,#3804,
#3805,#3806,#3807,#3808),(#3809,#3810,#3811,#3812,#3813,#3814,#3815,#3816,
#3817,#3818,#3819),(#3820,#3821,#3822,#3823,#3824,#3825,#3826,#3827,#3828,
#3829,#3830),(#3831,#3832,#3833,#3834,#3835,#3836,#3837,#3838,#3839,#3840,
#3841),(#3842,#3843,#3844,#3845,#3846,#3847,#3848,#3849,#3850,#3851,#3852),
(#3853,#3854,#3855,#3856,#3857,#3858,#3859,#3860,#3861,#3862,#3863),(#3864,
#3865,#3866,#3867,#3868,#3869,#3870,#3871,#3872,#3873,#3874)),
 .UNSPECIFIED.,.F.,.F.,.F.,(4,1,1,1,1,1,4),(4,1,1,2,1,1,1,4),(0.,0.0714285714285714,
0.142857142857143,0.214285714285714,0.285714285714286,0.5,1.),(-1.38984678838971,
-1.25086232344144,-0.972893393544894,-0.69492446364835,-0.41695467818901,
-0.27796978545934,-0.13898489272967,0.),.UNSPECIFIED.);
#112=B_SPLINE_SURFACE_WITH_KNOTS('',3,3,((#3888,#3889,#3890,#3891,#3892,
#3893),(#3894,#3895,#3896,#3897,#3898,#3899),(#3900,#3901,#3902,#3903,#3904,
#3905),(#3906,#3907,#3908,#3909,#3910,#3911),(#3912,#3913,#3914,#3915,#3916,
#3917)),.UNSPECIFIED.,.F.,.F.,.F.,(4,1,4),(4,1,1,4),(0.,0.5,1.),(0.,0.120796769391496,
0.201327948985827,0.281859128580157),.UNSPECIFIED.);
#113=B_SPLINE_SURFACE_WITH_KNOTS('',3,3,((#3926,#3927,#3928,#3929,#3930,
#3931,#3932,#3933,#3934,#3935),(#3936,#3937,#3938,#3939,#3940,#3941,#3942,
#3943,#3944,#3945),(#3946,#3947,#3948,#3949,#3950,#3951,#3952,#3953,#3954,
#3955),(#3956,#3957,#3958,#3959,#3960,#3961,#3962,#3963,#3964,#3965),(#3966,
#3967,#3968,#3969,#3970,#3971,#3972,#3973,#3974,#3975),(#3976,#3977,#3978,
#3979,#3980,#3981,#3982,#3983,#3984,#3985),(#3986,#3987,#3988,#3989,#3990,
#3991,#3992,#3993,#3994,#3995),(#3996,#3997,#3998,#3999,#4000,#4001,#4002,
#4003,#4004,#4005),(#4006,#4007,#4008,#4009,#4010,#4011,#4012,#4013,#4014,
#4015)),.UNSPECIFIED.,.F.,.F.,.F.,(4,1,1,1,1,1,4),(4,1,1,2,1,1,4),(0.,0.0714285714285714,
0.142857142857143,0.214285714285714,0.285714285714286,0.5,1.),(1.19475646886129E-14,
0.139007441557961,0.417022324673861,0.69503720778976,1.11205941422127,1.25106681636511,
1.39007421850894),.UNSPECIFIED.);
#114=B_SPLINE_SURFACE_WITH_KNOTS('',3,3,((#4028,#4029,#4030,#4031,#4032,
#4033),(#4034,#4035,#4036,#4037,#4038,#4039),(#4040,#4041,#4042,#4043,#4044,
#4045),(#4046,#4047,#4048,#4049,#4050,#4051),(#4052,#4053,#4054,#4055,#4056,
#4057)),.UNSPECIFIED.,.F.,.F.,.F.,(4,1,4),(4,1,1,4),(0.,0.5,1.),(5.6651637257365E-13,
0.120796786717379,0.20132797786192,0.281859169006461),.UNSPECIFIED.);
#115=B_SPLINE_SURFACE_WITH_KNOTS('',3,3,((#4073,#4074,#4075,#4076,#4077,
#4078,#4079,#4080,#4081,#4082),(#4083,#4084,#4085,#4086,#4087,#4088,#4089,
#4090,#4091,#4092),(#4093,#4094,#4095,#4096,#4097,#4098,#4099,#4100,#4101,
#4102),(#4103,#4104,#4105,#4106,#4107,#4108,#4109,#4110,#4111,#4112),(#4113,
#4114,#4115,#4116,#4117,#4118,#4119,#4120,#4121,#4122),(#4123,#4124,#4125,
#4126,#4127,#4128,#4129,#4130,#4131,#4132),(#4133,#4134,#4135,#4136,#4137,
#4138,#4139,#4140,#4141,#4142),(#4143,#4144,#4145,#4146,#4147,#4148,#4149,
#4150,#4151,#4152),(#4153,#4154,#4155,#4156,#4157,#4158,#4159,#4160,#4161,
#4162)),.UNSPECIFIED.,.F.,.F.,.F.,(4,1,1,1,1,1,4),(4,1,1,2,1,1,4),(0.,0.0714285714285714,
0.142857142857143,0.214285714285714,0.285714285714286,0.5,1.),(-1.38984678799174,
-1.25086231654983,-1.11187784510792,-0.69492443078221,-0.416954658469326,
-0.138984886156442,0.),.UNSPECIFIED.);
#116=B_SPLINE_SURFACE_WITH_KNOTS('',3,3,((#4186,#4187,#4188,#4189,#4190,
#4191),(#4192,#4193,#4194,#4195,#4196,#4197),(#4198,#4199,#4200,#4201,#4202,
#4203),(#4204,#4205,#4206,#4207,#4208,#4209),(#4210,#4211,#4212,#4213,#4214,
#4215)),.UNSPECIFIED.,.F.,.F.,.F.,(4,1,4),(4,1,1,4),(0.,0.5,1.),(0.,0.0805311819179913,
0.161062363835983,0.281859136712969),.UNSPECIFIED.);
#117=B_SPLINE_SURFACE_WITH_KNOTS('',3,3,((#4293,#4294,#4295,#4296),(#4297,
#4298,#4299,#4300),(#4301,#4302,#4303,#4304),(#4305,#4306,#4307,#4308)),
 .UNSPECIFIED.,.F.,.F.,.F.,(4,4),(4,4),(0.333209294033034,1.),(0.,0.268655645200386),
 .UNSPECIFIED.);
#118=B_SPLINE_SURFACE_WITH_KNOTS('',3,3,((#4318,#4319,#4320,#4321,#4322),
(#4323,#4324,#4325,#4326,#4327),(#4328,#4329,#4330,#4331,#4332),(#4333,
#4334,#4335,#4336,#4337),(#4338,#4339,#4340,#4341,#4342)),.UNSPECIFIED.,
 .F.,.F.,.F.,(4,1,4),(4,1,4),(0.176544190242317,0.647090367246707,1.),(0.,
0.571428571428571,1.),.UNSPECIFIED.);
#119=B_SPLINE_SURFACE_WITH_KNOTS('',3,3,((#4353,#4354,#4355,#4356),(#4357,
#4358,#4359,#4360),(#4361,#4362,#4363,#4364),(#4365,#4366,#4367,#4368),
(#4369,#4370,#4371,#4372)),.UNSPECIFIED.,.F.,.F.,.F.,(4,1,4),(4,4),(-1.,
-0.64709036730504,-0.176544190378427),(0.,0.285705313336867),
 .UNSPECIFIED.);
#120=B_SPLINE_SURFACE_WITH_KNOTS('',3,3,((#4373,#4374,#4375,#4376,#4377,
#4378,#4379,#4380,#4381,#4382),(#4383,#4384,#4385,#4386,#4387,#4388,#4389,
#4390,#4391,#4392),(#4393,#4394,#4395,#4396,#4397,#4398,#4399,#4400,#4401,
#4402),(#4403,#4404,#4405,#4406,#4407,#4408,#4409,#4410,#4411,#4412),(#4413,
#4414,#4415,#4416,#4417,#4418,#4419,#4420,#4421,#4422),(#4423,#4424,#4425,
#4426,#4427,#4428,#4429,#4430,#4431,#4432),(#4433,#4434,#4435,#4436,#4437,
#4438,#4439,#4440,#4441,#4442),(#4443,#4444,#4445,#4446,#4447,#4448,#4449,
#4450,#4451,#4452)),.UNSPECIFIED.,.F.,.F.,.F.,(4,1,2,1,4),(4,1,1,1,1,1,
1,4),(0.,0.2000000136302,0.500000034075499,0.800000013630199,1.),(0.423622875840097,
0.428571428571428,0.54643131041964,0.571428571428571,0.714285714285714,
0.785723097704906,0.857142857142857,0.962131627001094),.UNSPECIFIED.);
#121=B_SPLINE_SURFACE_WITH_KNOTS('',3,3,((#4465,#4466,#4467,#4468,#4469,
#4470,#4471,#4472,#4473,#4474),(#4475,#4476,#4477,#4478,#4479,#4480,#4481,
#4482,#4483,#4484),(#4485,#4486,#4487,#4488,#4489,#4490,#4491,#4492,#4493,
#4494),(#4495,#4496,#4497,#4498,#4499,#4500,#4501,#4502,#4503,#4504),(#4505,
#4506,#4507,#4508,#4509,#4510,#4511,#4512,#4513,#4514)),.UNSPECIFIED.,.F.,
 .F.,.F.,(4,1,4),(4,1,1,1,1,1,1,4),(0.,0.571428571428571,1.),(0.27975559250858,
0.287979604955885,0.288364195612126,0.546432108512105,0.547077017809716,
0.785723097704906,0.78633592673222,0.962070278294941),.UNSPECIFIED.);
#122=B_SPLINE_SURFACE_WITH_KNOTS('',3,3,((#4583,#4584,#4585,#4586,#4587,
#4588,#4589,#4590,#4591,#4592,#4593,#4594,#4595,#4596,#4597),(#4598,#4599,
#4600,#4601,#4602,#4603,#4604,#4605,#4606,#4607,#4608,#4609,#4610,#4611,
#4612),(#4613,#4614,#4615,#4616,#4617,#4618,#4619,#4620,#4621,#4622,#4623,
#4624,#4625,#4626,#4627),(#4628,#4629,#4630,#4631,#4632,#4633,#4634,#4635,
#4636,#4637,#4638,#4639,#4640,#4641,#4642),(#4643,#4644,#4645,#4646,#4647,
#4648,#4649,#4650,#4651,#4652,#4653,#4654,#4655,#4656,#4657),(#4658,#4659,
#4660,#4661,#4662,#4663,#4664,#4665,#4666,#4667,#4668,#4669,#4670,#4671,
#4672),(#4673,#4674,#4675,#4676,#4677,#4678,#4679,#4680,#4681,#4682,#4683,
#4684,#4685,#4686,#4687),(#4688,#4689,#4690,#4691,#4692,#4693,#4694,#4695,
#4696,#4697,#4698,#4699,#4700,#4701,#4702),(#4703,#4704,#4705,#4706,#4707,
#4708,#4709,#4710,#4711,#4712,#4713,#4714,#4715,#4716,#4717),(#4718,#4719,
#4720,#4721,#4722,#4723,#4724,#4725,#4726,#4727,#4728,#4729,#4730,#4731,
#4732),(#4733,#4734,#4735,#4736,#4737,#4738,#4739,#4740,#4741,#4742,#4743,
#4744,#4745,#4746,#4747),(#4748,#4749,#4750,#4751,#4752,#4753,#4754,#4755,
#4756,#4757,#4758,#4759,#4760,#4761,#4762),(#4763,#4764,#4765,#4766,#4767,
#4768,#4769,#4770,#4771,#4772,#4773,#4774,#4775,#4776,#4777),(#4778,#4779,
#4780,#4781,#4782,#4783,#4784,#4785,#4786,#4787,#4788,#4789,#4790,#4791,
#4792),(#4793,#4794,#4795,#4796,#4797,#4798,#4799,#4800,#4801,#4802,#4803,
#4804,#4805,#4806,#4807),(#4808,#4809,#4810,#4811,#4812,#4813,#4814,#4815,
#4816,#4817,#4818,#4819,#4820,#4821,#4822),(#4823,#4824,#4825,#4826,#4827,
#4828,#4829,#4830,#4831,#4832,#4833,#4834,#4835,#4836,#4837),(#4838,#4839,
#4840,#4841,#4842,#4843,#4844,#4845,#4846,#4847,#4848,#4849,#4850,#4851,
#4852),(#4853,#4854,#4855,#4856,#4857,#4858,#4859,#4860,#4861,#4862,#4863,
#4864,#4865,#4866,#4867),(#4868,#4869,#4870,#4871,#4872,#4873,#4874,#4875,
#4876,#4877,#4878,#4879,#4880,#4881,#4882),(#4883,#4884,#4885,#4886,#4887,
#4888,#4889,#4890,#4891,#4892,#4893,#4894,#4895,#4896,#4897),(#4898,#4899,
#4900,#4901,#4902,#4903,#4904,#4905,#4906,#4907,#4908,#4909,#4910,#4911,
#4912),(#4913,#4914,#4915,#4916,#4917,#4918,#4919,#4920,#4921,#4922,#4923,
#4924,#4925,#4926,#4927),(#4928,#4929,#4930,#4931,#4932,#4933,#4934,#4935,
#4936,#4937,#4938,#4939,#4940,#4941,#4942),(#4943,#4944,#4945,#4946,#4947,
#4948,#4949,#4950,#4951,#4952,#4953,#4954,#4955,#4956,#4957),(#4958,#4959,
#4960,#4961,#4962,#4963,#4964,#4965,#4966,#4967,#4968,#4969,#4970,#4971,
#4972),(#4973,#4974,#4975,#4976,#4977,#4978,#4979,#4980,#4981,#4982,#4983,
#4984,#4985,#4986,#4987),(#4988,#4989,#4990,#4991,#4992,#4993,#4994,#4995,
#4996,#4997,#4998,#4999,#5000,#5001,#5002),(#5003,#5004,#5005,#5006,#5007,
#5008,#5009,#5010,#5011,#5012,#5013,#5014,#5015,#5016,#5017),(#5018,#5019,
#5020,#5021,#5022,#5023,#5024,#5025,#5026,#5027,#5028,#5029,#5030,#5031,
#5032),(#5033,#5034,#5035,#5036,#5037,#5038,#5039,#5040,#5041,#5042,#5043,
#5044,#5045,#5046,#5047),(#5048,#5049,#5050,#5051,#5052,#5053,#5054,#5055,
#5056,#5057,#5058,#5059,#5060,#5061,#5062),(#5063,#5064,#5065,#5066,#5067,
#5068,#5069,#5070,#5071,#5072,#5073,#5074,#5075,#5076,#5077),(#5078,#5079,
#5080,#5081,#5082,#5083,#5084,#5085,#5086,#5087,#5088,#5089,#5090,#5091,
#5092),(#5093,#5094,#5095,#5096,#5097,#5098,#5099,#5100,#5101,#5102,#5103,
#5104,#5105,#5106,#5107),(#5108,#5109,#5110,#5111,#5112,#5113,#5114,#5115,
#5116,#5117,#5118,#5119,#5120,#5121,#5122),(#5123,#5124,#5125,#5126,#5127,
#5128,#5129,#5130,#5131,#5132,#5133,#5134,#5135,#5136,#5137),(#5138,#5139,
#5140,#5141,#5142,#5143,#5144,#5145,#5146,#5147,#5148,#5149,#5150,#5151,
#5152),(#5153,#5154,#5155,#5156,#5157,#5158,#5159,#5160,#5161,#5162,#5163,
#5164,#5165,#5166,#5167),(#5168,#5169,#5170,#5171,#5172,#5173,#5174,#5175,
#5176,#5177,#5178,#5179,#5180,#5181,#5182),(#5183,#5184,#5185,#5186,#5187,
#5188,#5189,#5190,#5191,#5192,#5193,#5194,#5195,#5196,#5197),(#5198,#5199,
#5200,#5201,#5202,#5203,#5204,#5205,#5206,#5207,#5208,#5209,#5210,#5211,
#5212),(#5213,#5214,#5215,#5216,#5217,#5218,#5219,#5220,#5221,#5222,#5223,
#5224,#5225,#5226,#5227),(#5228,#5229,#5230,#5231,#5232,#5233,#5234,#5235,
#5236,#5237,#5238,#5239,#5240,#5241,#5242),(#5243,#5244,#5245,#5246,#5247,
#5248,#5249,#5250,#5251,#5252,#5253,#5254,#5255,#5256,#5257),(#5258,#5259,
#5260,#5261,#5262,#5263,#5264,#5265,#5266,#5267,#5268,#5269,#5270,#5271,
#5272),(#5273,#5274,#5275,#5276,#5277,#5278,#5279,#5280,#5281,#5282,#5283,
#5284,#5285,#5286,#5287),(#5288,#5289,#5290,#5291,#5292,#5293,#5294,#5295,
#5296,#5297,#5298,#5299,#5300,#5301,#5302),(#5303,#5304,#5305,#5306,#5307,
#5308,#5309,#5310,#5311,#5312,#5313,#5314,#5315,#5316,#5317),(#5318,#5319,
#5320,#5321,#5322,#5323,#5324,#5325,#5326,#5327,#5328,#5329,#5330,#5331,
#5332),(#5333,#5334,#5335,#5336,#5337,#5338,#5339,#5340,#5341,#5342,#5343,
#5344,#5345,#5346,#5347),(#5348,#5349,#5350,#5351,#5352,#5353,#5354,#5355,
#5356,#5357,#5358,#5359,#5360,#5361,#5362),(#5363,#5364,#5365,#5366,#5367,
#5368,#5369,#5370,#5371,#5372,#5373,#5374,#5375,#5376,#5377),(#5378,#5379,
#5380,#5381,#5382,#5383,#5384,#5385,#5386,#5387,#5388,#5389,#5390,#5391,
#5392),(#5393,#5394,#5395,#5396,#5397,#5398,#5399,#5400,#5401,#5402,#5403,
#5404,#5405,#5406,#5407),(#5408,#5409,#5410,#5411,#5412,#5413,#5414,#5415,
#5416,#5417,#5418,#5419,#5420,#5421,#5422),(#5423,#5424,#5425,#5426,#5427,
#5428,#5429,#5430,#5431,#5432,#5433,#5434,#5435,#5436,#5437),(#5438,#5439,
#5440,#5441,#5442,#5443,#5444,#5445,#5446,#5447,#5448,#5449,#5450,#5451,
#5452),(#5453,#5454,#5455,#5456,#5457,#5458,#5459,#5460,#5461,#5462,#5463,
#5464,#5465,#5466,#5467),(#5468,#5469,#5470,#5471,#5472,#5473,#5474,#5475,
#5476,#5477,#5478,#5479,#5480,#5481,#5482),(#5483,#5484,#5485,#5486,#5487,
#5488,#5489,#5490,#5491,#5492,#5493,#5494,#5495,#5496,#5497),(#5498,#5499,
#5500,#5501,#5502,#5503,#5504,#5505,#5506,#5507,#5508,#5509,#5510,#5511,
#5512),(#5513,#5514,#5515,#5516,#5517,#5518,#5519,#5520,#5521,#5522,#5523,
#5524,#5525,#5526,#5527)),.UNSPECIFIED.,.T.,.F.,.F.,(4,2,2,2,1,2,2,2,2,
2,2,2,1,2,2,2,2,2,2,2,1,2,2,2,2,2,2,2,1,2,2,1,2,4),(4,1,1,1,1,1,1,1,1,1,
1,1,4),(0.,0.0518640900034358,0.107533595320993,0.114983901714643,0.125018140164539,
0.135052378614434,0.156738651553885,0.220445966604862,0.250087534475032,
0.289542324054042,0.346608091589096,0.365009754440992,0.375043491382232,
0.385077228323472,0.397715382089259,0.454501230328161,0.500044357183194,
0.528383488107131,0.586071426758879,0.614997024339208,0.624803362202417,
0.634609700065625,0.635060049597424,0.687231325610661,0.749956795689176,
0.812455439779842,0.864569531138098,0.864971550218891,0.875004010783948,
0.885036471349005,0.912613604049038,0.944901216253676,0.977188828458315,
1.),(0.,0.142857142857143,0.285714285714286,0.428571428571428,0.5,0.535714285714286,
0.571428571428571,0.642857142857143,0.714285714285714,0.785714285714286,
0.857142857142857,0.928571428571428,1.),.UNSPECIFIED.);
#123=B_SPLINE_SURFACE_WITH_KNOTS('',3,3,((#5559,#5560,#5561,#5562,#5563),
(#5564,#5565,#5566,#5567,#5568),(#5569,#5570,#5571,#5572,#5573),(#5574,
#5575,#5576,#5577,#5578),(#5579,#5580,#5581,#5582,#5583),(#5584,#5585,#5586,
#5587,#5588),(#5589,#5590,#5591,#5592,#5593)),.UNSPECIFIED.,.F.,.F.,.F.,
(4,1,1,1,4),(4,1,4),(0.,0.260414390665813,0.39062158599872,0.651035976664533,
0.911450367330346),(0.112615026334331,0.427207716452982,0.846664636611183),
 .UNSPECIFIED.);
#124=B_SPLINE_SURFACE_WITH_KNOTS('',3,3,((#5594,#5595,#5596,#5597,#5598,
#5599,#5600,#5601,#5602,#5603),(#5604,#5605,#5606,#5607,#5608,#5609,#5610,
#5611,#5612,#5613),(#5614,#5615,#5616,#5617,#5618,#5619,#5620,#5621,#5622,
#5623),(#5624,#5625,#5626,#5627,#5628,#5629,#5630,#5631,#5632,#5633),(#5634,
#5635,#5636,#5637,#5638,#5639,#5640,#5641,#5642,#5643)),.UNSPECIFIED.,.F.,
 .F.,.F.,(4,1,4),(4,1,1,1,1,1,1,4),(0.,0.571428571428571,1.),(0.279855803869301,
0.287979347120103,0.288363879619525,0.54643131041964,0.547076037374326,
0.785722133805235,0.786334739347158,0.962070250737772),.UNSPECIFIED.);
#125=SPHERICAL_SURFACE('',#1382,1.25);
#126=SPHERICAL_SURFACE('',#1386,1.25);
#127=SHAPE_REPRESENTATION_RELATIONSHIP('SRR','None',#5661,#129);
#128=SHAPE_REPRESENTATION_RELATIONSHIP('SRR','None',#5660,#130);
#129=ADVANCED_BREP_SHAPE_REPRESENTATION('',(#133),#5649);
#130=ADVANCED_BREP_SHAPE_REPRESENTATION('',(#134),#5648);
#131=STYLED_ITEM('',(#5674),#133);
#132=STYLED_ITEM('',(#5674),#134);
#133=MANIFOLD_SOLID_BREP('Body1',#1297);
#134=MANIFOLD_SOLID_BREP('Body3',#1298);
#135=TOROIDAL_SURFACE('',#1362,2.55,0.2);
#136=TOROIDAL_SURFACE('',#1367,3.,0.25);
#137=FACE_BOUND('',#400,.T.);
#138=FACE_BOUND('',#405,.T.);
#139=FACE_BOUND('',#453,.T.);
#140=PLANE('',#1350);
#141=PLANE('',#1351);
#142=PLANE('',#1354);
#143=PLANE('',#1355);
#144=PLANE('',#1356);
#145=PLANE('',#1359);
#146=PLANE('',#1360);
#147=PLANE('',#1370);
#148=PLANE('',#1371);
#149=PLANE('',#1375);
#150=PLANE('',#1376);
#151=PLANE('',#1377);
#152=PLANE('',#1379);
#153=PLANE('',#1380);
#154=PLANE('',#1381);
#155=PLANE('',#1413);
#156=PLANE('',#1414);
#157=ELLIPSE('',#1316,0.282842712474619,0.2);
#158=ELLIPSE('',#1318,0.282842712474619,0.2);
#159=ELLIPSE('',#1321,0.282842712474619,0.2);
#160=ELLIPSE('',#1323,0.282842712474619,0.2);
#161=ELLIPSE('',#1326,0.282842712474619,0.2);
#162=ELLIPSE('',#1332,0.282842712474619,0.2);
#163=ELLIPSE('',#1335,0.282842712474619,0.2);
#164=ELLIPSE('',#1345,0.282842712474619,0.2);
#165=LINE('',#1787,#218);
#166=LINE('',#1791,#219);
#167=LINE('',#1795,#220);
#168=LINE('',#1798,#221);
#169=LINE('',#1802,#222);
#170=LINE('',#1806,#223);
#171=LINE('',#1810,#224);
#172=LINE('',#1813,#225);
#173=LINE('',#1817,#226);
#174=LINE('',#1821,#227);
#175=LINE('',#1838,#228);
#176=LINE('',#1839,#229);
#177=LINE('',#1842,#230);
#178=LINE('',#1844,#231);
#179=LINE('',#1849,#232);
#180=LINE('',#1853,#233);
#181=LINE('',#1870,#234);
#182=LINE('',#1871,#235);
#183=LINE('',#1887,#236);
#184=LINE('',#1888,#237);
#185=LINE('',#1891,#238);
#186=LINE('',#1893,#239);
#187=LINE('',#1910,#240);
#188=LINE('',#1911,#241);
#189=LINE('',#1914,#242);
#190=LINE('',#1916,#243);
#191=LINE('',#1917,#244);
#192=LINE('',#1920,#245);
#193=LINE('',#1921,#246);
#194=LINE('',#1924,#247);
#195=LINE('',#1928,#248);
#196=LINE('',#1929,#249);
#197=LINE('',#1932,#250);
#198=LINE('',#1933,#251);
#199=LINE('',#1936,#252);
#200=LINE('',#1937,#253);
#201=LINE('',#1940,#254);
#202=LINE('',#1944,#255);
#203=LINE('',#1945,#256);
#204=LINE('',#1955,#257);
#205=LINE('',#1966,#258);
#206=LINE('',#1968,#259);
#207=LINE('',#1970,#260);
#208=LINE('',#1974,#261);
#209=LINE('',#1976,#262);
#210=LINE('',#1977,#263);
#211=LINE('',#1979,#264);
#212=LINE('',#1980,#265);
#213=LINE('',#1983,#266);
#214=LINE('',#1985,#267);
#215=LINE('',#1987,#268);
#216=LINE('',#1989,#269);
#217=LINE('',#1991,#270);
#218=VECTOR('',#1424,10.);
#219=VECTOR('',#1427,10.);
#220=VECTOR('',#1432,10.);
#221=VECTOR('',#1435,10.);
#222=VECTOR('',#1438,10.);
#223=VECTOR('',#1441,10.);
#224=VECTOR('',#1446,10.);
#225=VECTOR('',#1449,10.);
#226=VECTOR('',#1452,10.);
#227=VECTOR('',#1455,10.);
#228=VECTOR('',#1466,10.);
#229=VECTOR('',#1467,10.);
#230=VECTOR('',#1470,10.);
#231=VECTOR('',#1471,10.);
#232=VECTOR('',#1476,10.);
#233=VECTOR('',#1479,10.);
#234=VECTOR('',#1490,10.);
#235=VECTOR('',#1491,10.);
#236=VECTOR('',#1500,10.);
#237=VECTOR('',#1501,10.);
#238=VECTOR('',#1504,10.);
#239=VECTOR('',#1505,10.);
#240=VECTOR('',#1516,10.);
#241=VECTOR('',#1517,10.);
#242=VECTOR('',#1520,10.);
#243=VECTOR('',#1521,10.);
#244=VECTOR('',#1522,10.);
#245=VECTOR('',#1525,10.);
#246=VECTOR('',#1526,10.);
#247=VECTOR('',#1529,10.);
#248=VECTOR('',#1534,10.);
#249=VECTOR('',#1535,10.);
#250=VECTOR('',#1538,10.);
#251=VECTOR('',#1539,10.);
#252=VECTOR('',#1542,10.);
#253=VECTOR('',#1543,10.);
#254=VECTOR('',#1546,10.);
#255=VECTOR('',#1551,10.);
#256=VECTOR('',#1552,10.);
#257=VECTOR('',#1565,2.75);
#258=VECTOR('',#1580,10.);
#259=VECTOR('',#1581,10.);
#260=VECTOR('',#1582,10.);
#261=VECTOR('',#1585,10.);
#262=VECTOR('',#1586,10.);
#263=VECTOR('',#1587,10.);
#264=VECTOR('',#1590,10.);
#265=VECTOR('',#1591,10.);
#266=VECTOR('',#1596,10.);
#267=VECTOR('',#1599,10.);
#268=VECTOR('',#1602,10.);
#269=VECTOR('',#1605,10.);
#270=VECTOR('',#1608,10.);
#271=CYLINDRICAL_SURFACE('',#1314,0.2);
#272=CYLINDRICAL_SURFACE('',#1317,0.2);
#273=CYLINDRICAL_SURFACE('',#1319,0.2);
#274=CYLINDRICAL_SURFACE('',#1322,0.2);
#275=CYLINDRICAL_SURFACE('',#1324,0.2);
#276=CYLINDRICAL_SURFACE('',#1330,0.2);
#277=CYLINDRICAL_SURFACE('',#1331,0.2);
#278=CYLINDRICAL_SURFACE('',#1333,0.2);
#279=CYLINDRICAL_SURFACE('',#1339,0.2);
#280=CYLINDRICAL_SURFACE('',#1343,0.2);
#281=CYLINDRICAL_SURFACE('',#1344,0.2);
#282=CYLINDRICAL_SURFACE('',#1349,0.2);
#283=CYLINDRICAL_SURFACE('',#1352,0.3);
#284=CYLINDRICAL_SURFACE('',#1357,0.3);
#285=CYLINDRICAL_SURFACE('',#1365,2.75);
#286=CYLINDRICAL_SURFACE('',#1374,0.3);
#287=CYLINDRICAL_SURFACE('',#1378,0.3);
#288=FACE_OUTER_BOUND('',#374,.T.);
#289=FACE_OUTER_BOUND('',#375,.T.);
#290=FACE_OUTER_BOUND('',#376,.T.);
#291=FACE_OUTER_BOUND('',#377,.T.);
#292=FACE_OUTER_BOUND('',#378,.T.);
#293=FACE_OUTER_BOUND('',#379,.T.);
#294=FACE_OUTER_BOUND('',#380,.T.);
#295=FACE_OUTER_BOUND('',#381,.T.);
#296=FACE_OUTER_BOUND('',#382,.T.);
#297=FACE_OUTER_BOUND('',#383,.T.);
#298=FACE_OUTER_BOUND('',#384,.T.);
#299=FACE_OUTER_BOUND('',#385,.T.);
#300=FACE_OUTER_BOUND('',#386,.T.);
#301=FACE_OUTER_BOUND('',#387,.T.);
#302=FACE_OUTER_BOUND('',#388,.T.);
#303=FACE_OUTER_BOUND('',#389,.T.);
#304=FACE_OUTER_BOUND('',#390,.T.);
#305=FACE_OUTER_BOUND('',#391,.T.);
#306=FACE_OUTER_BOUND('',#392,.T.);
#307=FACE_OUTER_BOUND('',#393,.T.);
#308=FACE_OUTER_BOUND('',#394,.T.);
#309=FACE_OUTER_BOUND('',#395,.T.);
#310=FACE_OUTER_BOUND('',#396,.T.);
#311=FACE_OUTER_BOUND('',#397,.T.);
#312=FACE_OUTER_BOUND('',#398,.T.);
#313=FACE_OUTER_BOUND('',#399,.T.);
#314=FACE_OUTER_BOUND('',#401,.T.);
#315=FACE_OUTER_BOUND('',#402,.T.);
#316=FACE_OUTER_BOUND('',#403,.T.);
#317=FACE_OUTER_BOUND('',#404,.T.);
#318=FACE_OUTER_BOUND('',#406,.T.);
#319=FACE_OUTER_BOUND('',#407,.T.);
#320=FACE_OUTER_BOUND('',#408,.T.);
#321=FACE_OUTER_BOUND('',#409,.T.);
#322=FACE_OUTER_BOUND('',#410,.T.);
#323=FACE_OUTER_BOUND('',#411,.T.);
#324=FACE_OUTER_BOUND('',#412,.T.);
#325=FACE_OUTER_BOUND('',#413,.T.);
#326=FACE_OUTER_BOUND('',#414,.T.);
#327=FACE_OUTER_BOUND('',#415,.T.);
#328=FACE_OUTER_BOUND('',#416,.T.);
#329=FACE_OUTER_BOUND('',#417,.T.);
#330=FACE_OUTER_BOUND('',#418,.T.);
#331=FACE_OUTER_BOUND('',#419,.T.);
#332=FACE_OUTER_BOUND('',#420,.T.);
#333=FACE_OUTER_BOUND('',#421,.T.);
#334=FACE_OUTER_BOUND('',#422,.T.);
#335=FACE_OUTER_BOUND('',#423,.T.);
#336=FACE_OUTER_BOUND('',#424,.T.);
#337=FACE_OUTER_BOUND('',#425,.T.);
#338=FACE_OUTER_BOUND('',#426,.T.);
#339=FACE_OUTER_BOUND('',#427,.T.);
#340=FACE_OUTER_BOUND('',#428,.T.);
#341=FACE_OUTER_BOUND('',#429,.T.);
#342=FACE_OUTER_BOUND('',#430,.T.);
#343=FACE_OUTER_BOUND('',#431,.T.);
#344=FACE_OUTER_BOUND('',#432,.T.);
#345=FACE_OUTER_BOUND('',#433,.T.);
#346=FACE_OUTER_BOUND('',#434,.T.);
#347=FACE_OUTER_BOUND('',#435,.T.);
#348=FACE_OUTER_BOUND('',#436,.T.);
#349=FACE_OUTER_BOUND('',#437,.T.);
#350=FACE_OUTER_BOUND('',#438,.T.);
#351=FACE_OUTER_BOUND('',#439,.T.);
#352=FACE_OUTER_BOUND('',#440,.T.);
#353=FACE_OUTER_BOUND('',#441,.T.);
#354=FACE_OUTER_BOUND('',#442,.T.);
#355=FACE_OUTER_BOUND('',#443,.T.);
#356=FACE_OUTER_BOUND('',#444,.T.);
#357=FACE_OUTER_BOUND('',#445,.T.);
#358=FACE_OUTER_BOUND('',#446,.T.);
#359=FACE_OUTER_BOUND('',#447,.T.);
#360=FACE_OUTER_BOUND('',#448,.T.);
#361=FACE_OUTER_BOUND('',#449,.T.);
#362=FACE_OUTER_BOUND('',#450,.T.);
#363=FACE_OUTER_BOUND('',#451,.T.);
#364=FACE_OUTER_BOUND('',#452,.T.);
#365=FACE_OUTER_BOUND('',#454,.T.);
#366=FACE_OUTER_BOUND('',#455,.T.);
#367=FACE_OUTER_BOUND('',#456,.T.);
#368=FACE_OUTER_BOUND('',#457,.T.);
#369=FACE_OUTER_BOUND('',#458,.T.);
#370=FACE_OUTER_BOUND('',#459,.T.);
#371=FACE_OUTER_BOUND('',#460,.T.);
#372=FACE_OUTER_BOUND('',#461,.T.);
#373=FACE_OUTER_BOUND('',#462,.T.);
#374=EDGE_LOOP('',(#826,#827,#828));
#375=EDGE_LOOP('',(#829,#830,#831,#832));
#376=EDGE_LOOP('',(#833,#834,#835,#836));
#377=EDGE_LOOP('',(#837,#838,#839,#840));
#378=EDGE_LOOP('',(#841,#842,#843,#844));
#379=EDGE_LOOP('',(#845,#846,#847,#848));
#380=EDGE_LOOP('',(#849,#850,#851,#852));
#381=EDGE_LOOP('',(#853,#854,#855,#856));
#382=EDGE_LOOP('',(#857,#858,#859,#860));
#383=EDGE_LOOP('',(#861,#862,#863,#864));
#384=EDGE_LOOP('',(#865,#866,#867,#868));
#385=EDGE_LOOP('',(#869,#870,#871,#872));
#386=EDGE_LOOP('',(#873,#874,#875,#876));
#387=EDGE_LOOP('',(#877,#878,#879,#880));
#388=EDGE_LOOP('',(#881,#882,#883,#884));
#389=EDGE_LOOP('',(#885,#886,#887,#888));
#390=EDGE_LOOP('',(#889,#890,#891,#892));
#391=EDGE_LOOP('',(#893,#894,#895,#896));
#392=EDGE_LOOP('',(#897,#898,#899,#900));
#393=EDGE_LOOP('',(#901,#902,#903,#904));
#394=EDGE_LOOP('',(#905,#906,#907,#908));
#395=EDGE_LOOP('',(#909,#910,#911,#912));
#396=EDGE_LOOP('',(#913,#914,#915,#916));
#397=EDGE_LOOP('',(#917,#918,#919,#920));
#398=EDGE_LOOP('',(#921,#922,#923,#924));
#399=EDGE_LOOP('',(#925));
#400=EDGE_LOOP('',(#926,#927,#928,#929,#930,#931,#932,#933,#934,#935,#936,
#937,#938,#939,#940,#941));
#401=EDGE_LOOP('',(#942,#943,#944,#945));
#402=EDGE_LOOP('',(#946,#947,#948,#949));
#403=EDGE_LOOP('',(#950,#951,#952,#953));
#404=EDGE_LOOP('',(#954));
#405=EDGE_LOOP('',(#955));
#406=EDGE_LOOP('',(#956,#957,#958,#959,#960,#961,#962,#963,#964,#965,#966,
#967,#968,#969,#970,#971));
#407=EDGE_LOOP('',(#972,#973,#974,#975));
#408=EDGE_LOOP('',(#976,#977,#978,#979));
#409=EDGE_LOOP('',(#980,#981,#982,#983));
#410=EDGE_LOOP('',(#984,#985,#986,#987));
#411=EDGE_LOOP('',(#988,#989,#990,#991));
#412=EDGE_LOOP('',(#992,#993,#994,#995));
#413=EDGE_LOOP('',(#996,#997,#998,#999));
#414=EDGE_LOOP('',(#1000,#1001,#1002,#1003));
#415=EDGE_LOOP('',(#1004,#1005,#1006));
#416=EDGE_LOOP('',(#1007,#1008,#1009));
#417=EDGE_LOOP('',(#1010,#1011,#1012,#1013));
#418=EDGE_LOOP('',(#1014,#1015,#1016,#1017));
#419=EDGE_LOOP('',(#1018,#1019,#1020,#1021));
#420=EDGE_LOOP('',(#1022,#1023,#1024,#1025));
#421=EDGE_LOOP('',(#1026,#1027,#1028,#1029));
#422=EDGE_LOOP('',(#1030,#1031,#1032,#1033));
#423=EDGE_LOOP('',(#1034,#1035,#1036,#1037));
#424=EDGE_LOOP('',(#1038,#1039,#1040,#1041));
#425=EDGE_LOOP('',(#1042,#1043,#1044,#1045));
#426=EDGE_LOOP('',(#1046,#1047,#1048,#1049));
#427=EDGE_LOOP('',(#1050,#1051,#1052,#1053));
#428=EDGE_LOOP('',(#1054,#1055,#1056,#1057));
#429=EDGE_LOOP('',(#1058,#1059,#1060,#1061));
#430=EDGE_LOOP('',(#1062,#1063,#1064,#1065));
#431=EDGE_LOOP('',(#1066,#1067,#1068,#1069));
#432=EDGE_LOOP('',(#1070,#1071,#1072,#1073));
#433=EDGE_LOOP('',(#1074,#1075,#1076,#1077));
#434=EDGE_LOOP('',(#1078,#1079,#1080,#1081));
#435=EDGE_LOOP('',(#1082,#1083,#1084,#1085));
#436=EDGE_LOOP('',(#1086,#1087,#1088,#1089,#1090));
#437=EDGE_LOOP('',(#1091,#1092,#1093,#1094));
#438=EDGE_LOOP('',(#1095,#1096,#1097,#1098,#1099));
#439=EDGE_LOOP('',(#1100,#1101,#1102,#1103,#1104,#1105));
#440=EDGE_LOOP('',(#1106,#1107,#1108,#1109));
#441=EDGE_LOOP('',(#1110,#1111,#1112,#1113,#1114));
#442=EDGE_LOOP('',(#1115,#1116,#1117,#1118));
#443=EDGE_LOOP('',(#1119,#1120,#1121,#1122,#1123,#1124));
#444=EDGE_LOOP('',(#1125,#1126,#1127,#1128));
#445=EDGE_LOOP('',(#1129,#1130,#1131,#1132));
#446=EDGE_LOOP('',(#1133,#1134,#1135,#1136));
#447=EDGE_LOOP('',(#1137,#1138,#1139,#1140));
#448=EDGE_LOOP('',(#1141,#1142,#1143,#1144));
#449=EDGE_LOOP('',(#1145,#1146,#1147,#1148));
#450=EDGE_LOOP('',(#1149,#1150,#1151,#1152));
#451=EDGE_LOOP('',(#1153,#1154,#1155,#1156));
#452=EDGE_LOOP('',(#1157,#1158,#1159,#1160,#1161,#1162,#1163,#1164));
#453=EDGE_LOOP('',(#1165));
#454=EDGE_LOOP('',(#1166,#1167,#1168,#1169));
#455=EDGE_LOOP('',(#1170,#1171,#1172,#1173,#1174));
#456=EDGE_LOOP('',(#1175,#1176,#1177,#1178));
#457=EDGE_LOOP('',(#1179,#1180,#1181,#1182,#1183));
#458=EDGE_LOOP('',(#1184,#1185,#1186,#1187,#1188));
#459=EDGE_LOOP('',(#1189,#1190));
#460=EDGE_LOOP('',(#1191,#1192,#1193,#1194,#1195));
#461=EDGE_LOOP('',(#1196,#1197,#1198,#1199,#1200));
#462=EDGE_LOOP('',(#1201,#1202,#1203,#1204,#1205));
#463=CIRCLE('',#1313,4.);
#464=CIRCLE('',#1315,0.2);
#465=CIRCLE('',#1320,0.2);
#466=CIRCLE('',#1325,0.2);
#467=CIRCLE('',#1327,0.2);
#468=CIRCLE('',#1328,0.1);
#469=CIRCLE('',#1329,0.3);
#470=CIRCLE('',#1334,0.2);
#471=CIRCLE('',#1336,0.2);
#472=CIRCLE('',#1337,0.0999999999999997);
#473=CIRCLE('',#1338,0.3);
#474=CIRCLE('',#1340,0.2);
#475=CIRCLE('',#1341,0.0999999999999998);
#476=CIRCLE('',#1342,0.3);
#477=CIRCLE('',#1346,0.2);
#478=CIRCLE('',#1347,0.0999999999999998);
#479=CIRCLE('',#1348,0.3);
#480=CIRCLE('',#1353,0.3);
#481=CIRCLE('',#1358,0.3);
#482=CIRCLE('',#1361,2.55);
#483=CIRCLE('',#1363,0.2);
#484=CIRCLE('',#1364,2.75);
#485=CIRCLE('',#1366,2.75);
#486=CIRCLE('',#1368,3.);
#487=CIRCLE('',#1369,0.25);
#488=CIRCLE('',#1372,0.3);
#489=CIRCLE('',#1373,0.3);
#490=CIRCLE('',#1383,1.25);
#491=CIRCLE('',#1384,1.25);
#492=CIRCLE('',#1385,1.25);
#493=CIRCLE('',#1387,1.25);
#494=CIRCLE('',#1388,1.25);
#495=CIRCLE('',#1389,1.25);
#496=CIRCLE('',#1390,1.25000000000002);
#497=CIRCLE('',#1391,1.25);
#498=CIRCLE('',#1392,1.25);
#499=CIRCLE('',#1393,1.25);
#500=CIRCLE('',#1394,1.25);
#501=CIRCLE('',#1395,1.25);
#502=CIRCLE('',#1396,1.25);
#503=CIRCLE('',#1397,1.25);
#504=CIRCLE('',#1398,1.25);
#505=CIRCLE('',#1399,1.25);
#506=CIRCLE('',#1400,1.25);
#507=CIRCLE('',#1401,1.25);
#508=CIRCLE('',#1402,1.25);
#509=CIRCLE('',#1403,1.25);
#510=CIRCLE('',#1404,1.25);
#511=CIRCLE('',#1405,0.2);
#512=CIRCLE('',#1406,0.2);
#513=CIRCLE('',#1407,0.200000000000001);
#514=CIRCLE('',#1408,0.2);
#515=CIRCLE('',#1409,0.199999999999998);
#516=CIRCLE('',#1410,0.199999999999999);
#517=CIRCLE('',#1411,0.199999999999999);
#518=CIRCLE('',#1412,0.199999999999999);
#519=(
BOUNDED_CURVE()
B_SPLINE_CURVE(5,(#1773,#1774,#1775,#1776,#1777,#1778,#1779,#1780,#1781,
#1782),.UNSPECIFIED.,.F.,.F.)
B_SPLINE_CURVE_WITH_KNOTS((6,1,1,1,1,6),(0.,0.2,0.4,0.6,0.8,1.),
 .UNSPECIFIED.)
CURVE()
GEOMETRIC_REPRESENTATION_ITEM()
RATIONAL_B_SPLINE_CURVE((1.,1.,1.,1.,1.,1.,1.,1.,1.,1.))
REPRESENTATION_ITEM('')
);
#520=(
BOUNDED_CURVE()
B_SPLINE_CURVE(5,(#3064,#3065,#3066,#3067,#3068,#3069,#3070,#3071,#3072),
 .UNSPECIFIED.,.F.,.F.)
B_SPLINE_CURVE_WITH_KNOTS((6,1,1,1,6),(-1.,-0.8,-0.6,-0.4,-0.333029132548433),
 .UNSPECIFIED.)
CURVE()
GEOMETRIC_REPRESENTATION_ITEM()
RATIONAL_B_SPLINE_CURVE((1.,1.,1.,1.,1.,1.,1.,1.,1.))
REPRESENTATION_ITEM('')
);
#521=(
BOUNDED_CURVE()
B_SPLINE_CURVE(5,(#3103,#3104,#3105,#3106,#3107,#3108,#3109,#3110,#3111,
#3112),.UNSPECIFIED.,.F.,.F.)
B_SPLINE_CURVE_WITH_KNOTS((6,1,1,1,1,6),(0.176369766797637,0.2,0.4,0.6,
0.8,1.),.UNSPECIFIED.)
CURVE()
GEOMETRIC_REPRESENTATION_ITEM()
RATIONAL_B_SPLINE_CURVE((1.,1.,1.,1.,1.,1.,1.,1.,1.,1.))
REPRESENTATION_ITEM('')
);
#522=(
BOUNDED_CURVE()
B_SPLINE_CURVE(5,(#3177,#3178,#3179,#3180,#3181,#3182,#3183,#3184,#3185,
#3186),.UNSPECIFIED.,.F.,.F.)
B_SPLINE_CURVE_WITH_KNOTS((6,1,1,1,1,6),(0.174409229926292,0.2,0.4,0.6,
0.8,0.846664609797493),.UNSPECIFIED.)
CURVE()
GEOMETRIC_REPRESENTATION_ITEM()
RATIONAL_B_SPLINE_CURVE((1.,1.,1.,1.,1.,1.,1.,1.,1.,1.))
REPRESENTATION_ITEM('')
);
#523=(
BOUNDED_CURVE()
B_SPLINE_CURVE(5,(#4309,#4310,#4311,#4312,#4313,#4314,#4315,#4316,#4317),
 .UNSPECIFIED.,.F.,.F.)
B_SPLINE_CURVE_WITH_KNOTS((6,1,1,1,6),(0.333209294033034,0.4,0.6,0.8,1.),
 .UNSPECIFIED.)
CURVE()
GEOMETRIC_REPRESENTATION_ITEM()
RATIONAL_B_SPLINE_CURVE((1.,1.,1.,1.,1.,1.,1.,1.,1.))
REPRESENTATION_ITEM('')
);
#524=(
BOUNDED_CURVE()
B_SPLINE_CURVE(5,(#4343,#4344,#4345,#4346,#4347,#4348,#4349,#4350,#4351,
#4352),.UNSPECIFIED.,.F.,.F.)
B_SPLINE_CURVE_WITH_KNOTS((6,1,1,1,1,6),(0.176544190378427,0.2,0.4,0.6,
0.8,1.),.UNSPECIFIED.)
CURVE()
GEOMETRIC_REPRESENTATION_ITEM()
RATIONAL_B_SPLINE_CURVE((1.,1.,1.,1.,1.,1.,1.,1.,1.,1.))
REPRESENTATION_ITEM('')
);
#525=VERTEX_POINT('',#1771);
#526=VERTEX_POINT('',#1772);
#527=VERTEX_POINT('',#1785);
#528=VERTEX_POINT('',#1786);
#529=VERTEX_POINT('',#1788);
#530=VERTEX_POINT('',#1790);
#531=VERTEX_POINT('',#1794);
#532=VERTEX_POINT('',#1796);
#533=VERTEX_POINT('',#1800);
#534=VERTEX_POINT('',#1801);
#535=VERTEX_POINT('',#1803);
#536=VERTEX_POINT('',#1805);
#537=VERTEX_POINT('',#1809);
#538=VERTEX_POINT('',#1811);
#539=VERTEX_POINT('',#1815);
#540=VERTEX_POINT('',#1816);
#541=VERTEX_POINT('',#1818);
#542=VERTEX_POINT('',#1820);
#543=VERTEX_POINT('',#1832);
#544=VERTEX_POINT('',#1833);
#545=VERTEX_POINT('',#1841);
#546=VERTEX_POINT('',#1843);
#547=VERTEX_POINT('',#1847);
#548=VERTEX_POINT('',#1848);
#549=VERTEX_POINT('',#1850);
#550=VERTEX_POINT('',#1852);
#551=VERTEX_POINT('',#1864);
#552=VERTEX_POINT('',#1865);
#553=VERTEX_POINT('',#1881);
#554=VERTEX_POINT('',#1882);
#555=VERTEX_POINT('',#1890);
#556=VERTEX_POINT('',#1892);
#557=VERTEX_POINT('',#1904);
#558=VERTEX_POINT('',#1905);
#559=VERTEX_POINT('',#1913);
#560=VERTEX_POINT('',#1915);
#561=VERTEX_POINT('',#1919);
#562=VERTEX_POINT('',#1923);
#563=VERTEX_POINT('',#1927);
#564=VERTEX_POINT('',#1931);
#565=VERTEX_POINT('',#1935);
#566=VERTEX_POINT('',#1939);
#567=VERTEX_POINT('',#1943);
#568=VERTEX_POINT('',#1947);
#569=VERTEX_POINT('',#1950);
#570=VERTEX_POINT('',#1954);
#571=VERTEX_POINT('',#1958);
#572=VERTEX_POINT('',#1963);
#573=VERTEX_POINT('',#1964);
#574=VERTEX_POINT('',#1967);
#575=VERTEX_POINT('',#1969);
#576=VERTEX_POINT('',#1971);
#577=VERTEX_POINT('',#1973);
#578=VERTEX_POINT('',#1975);
#579=VERTEX_POINT('',#1994);
#580=VERTEX_POINT('',#1995);
#581=VERTEX_POINT('',#1997);
#582=VERTEX_POINT('',#2001);
#583=VERTEX_POINT('',#2002);
#584=VERTEX_POINT('',#2004);
#585=VERTEX_POINT('',#2035);
#586=VERTEX_POINT('',#2043);
#587=VERTEX_POINT('',#2114);
#588=VERTEX_POINT('',#2119);
#589=VERTEX_POINT('',#2180);
#590=VERTEX_POINT('',#2181);
#591=VERTEX_POINT('',#2265);
#592=VERTEX_POINT('',#2266);
#593=VERTEX_POINT('',#2308);
#594=VERTEX_POINT('',#2309);
#595=VERTEX_POINT('',#2395);
#596=VERTEX_POINT('',#2396);
#597=VERTEX_POINT('',#2520);
#598=VERTEX_POINT('',#2521);
#599=VERTEX_POINT('',#2581);
#600=VERTEX_POINT('',#2582);
#601=VERTEX_POINT('',#2657);
#602=VERTEX_POINT('',#2658);
#603=VERTEX_POINT('',#2741);
#604=VERTEX_POINT('',#2742);
#605=VERTEX_POINT('',#2824);
#606=VERTEX_POINT('',#2831);
#607=VERTEX_POINT('',#2869);
#608=VERTEX_POINT('',#2870);
#609=VERTEX_POINT('',#2909);
#610=VERTEX_POINT('',#2910);
#611=VERTEX_POINT('',#2952);
#612=VERTEX_POINT('',#2953);
#613=VERTEX_POINT('',#2997);
#614=VERTEX_POINT('',#2998);
#615=VERTEX_POINT('',#3063);
#616=VERTEX_POINT('',#3102);
#617=VERTEX_POINT('',#3243);
#618=VERTEX_POINT('',#3251);
#619=VERTEX_POINT('',#3319);
#620=VERTEX_POINT('',#3463);
#621=VERTEX_POINT('',#3532);
#622=VERTEX_POINT('',#3616);
#623=VERTEX_POINT('',#3724);
#624=VERTEX_POINT('',#3726);
#625=VERTEX_POINT('',#3768);
#626=VERTEX_POINT('',#3875);
#627=VERTEX_POINT('',#3918);
#628=VERTEX_POINT('',#4016);
#629=VERTEX_POINT('',#4058);
#630=VERTEX_POINT('',#4059);
#631=VERTEX_POINT('',#4163);
#632=VERTEX_POINT('',#4164);
#633=VERTEX_POINT('',#4229);
#634=VERTEX_POINT('',#4516);
#635=VERTEX_POINT('',#4517);
#636=EDGE_CURVE('',#525,#526,#519,.T.);
#637=EDGE_CURVE('',#525,#525,#463,.T.);
#638=EDGE_CURVE('',#527,#528,#165,.T.);
#639=EDGE_CURVE('',#528,#529,#464,.T.);
#640=EDGE_CURVE('',#529,#530,#166,.T.);
#641=EDGE_CURVE('',#530,#527,#157,.T.);
#642=EDGE_CURVE('',#530,#531,#167,.T.);
#643=EDGE_CURVE('',#531,#532,#158,.T.);
#644=EDGE_CURVE('',#532,#527,#168,.T.);
#645=EDGE_CURVE('',#533,#534,#169,.T.);
#646=EDGE_CURVE('',#534,#535,#465,.T.);
#647=EDGE_CURVE('',#535,#536,#170,.T.);
#648=EDGE_CURVE('',#536,#533,#159,.T.);
#649=EDGE_CURVE('',#536,#537,#171,.T.);
#650=EDGE_CURVE('',#537,#538,#160,.T.);
#651=EDGE_CURVE('',#538,#533,#172,.T.);
#652=EDGE_CURVE('',#539,#540,#173,.T.);
#653=EDGE_CURVE('',#540,#541,#466,.T.);
#654=EDGE_CURVE('',#541,#542,#174,.T.);
#655=EDGE_CURVE('',#542,#539,#161,.T.);
#656=EDGE_CURVE('',#543,#544,#467,.T.);
#657=EDGE_CURVE('',#544,#541,#468,.T.);
#658=EDGE_CURVE('',#540,#543,#469,.T.);
#659=EDGE_CURVE('',#537,#544,#175,.T.);
#660=EDGE_CURVE('',#543,#538,#176,.T.);
#661=EDGE_CURVE('',#545,#539,#177,.T.);
#662=EDGE_CURVE('',#542,#546,#178,.T.);
#663=EDGE_CURVE('',#546,#545,#162,.T.);
#664=EDGE_CURVE('',#547,#548,#179,.T.);
#665=EDGE_CURVE('',#548,#549,#470,.T.);
#666=EDGE_CURVE('',#549,#550,#180,.T.);
#667=EDGE_CURVE('',#550,#547,#163,.T.);
#668=EDGE_CURVE('',#551,#552,#471,.T.);
#669=EDGE_CURVE('',#552,#549,#472,.T.);
#670=EDGE_CURVE('',#548,#551,#473,.T.);
#671=EDGE_CURVE('',#546,#552,#181,.T.);
#672=EDGE_CURVE('',#551,#545,#182,.T.);
#673=EDGE_CURVE('',#553,#554,#474,.T.);
#674=EDGE_CURVE('',#554,#535,#475,.T.);
#675=EDGE_CURVE('',#534,#553,#476,.T.);
#676=EDGE_CURVE('',#531,#554,#183,.T.);
#677=EDGE_CURVE('',#553,#532,#184,.T.);
#678=EDGE_CURVE('',#555,#547,#185,.T.);
#679=EDGE_CURVE('',#550,#556,#186,.T.);
#680=EDGE_CURVE('',#556,#555,#164,.T.);
#681=EDGE_CURVE('',#557,#558,#477,.T.);
#682=EDGE_CURVE('',#558,#529,#478,.T.);
#683=EDGE_CURVE('',#528,#557,#479,.T.);
#684=EDGE_CURVE('',#556,#558,#187,.T.);
#685=EDGE_CURVE('',#557,#555,#188,.T.);
#686=EDGE_CURVE('',#559,#538,#189,.T.);
#687=EDGE_CURVE('',#559,#560,#190,.T.);
#688=EDGE_CURVE('',#560,#533,#191,.T.);
#689=EDGE_CURVE('',#561,#543,#192,.T.);
#690=EDGE_CURVE('',#561,#559,#193,.T.);
#691=EDGE_CURVE('',#562,#540,#194,.T.);
#692=EDGE_CURVE('',#562,#561,#480,.T.);
#693=EDGE_CURVE('',#563,#539,#195,.T.);
#694=EDGE_CURVE('',#563,#562,#196,.T.);
#695=EDGE_CURVE('',#564,#545,#197,.T.);
#696=EDGE_CURVE('',#564,#563,#198,.T.);
#697=EDGE_CURVE('',#565,#551,#199,.T.);
#698=EDGE_CURVE('',#565,#564,#200,.T.);
#699=EDGE_CURVE('',#566,#548,#201,.T.);
#700=EDGE_CURVE('',#566,#565,#481,.T.);
#701=EDGE_CURVE('',#567,#547,#202,.T.);
#702=EDGE_CURVE('',#567,#566,#203,.T.);
#703=EDGE_CURVE('',#568,#568,#482,.T.);
#704=EDGE_CURVE('',#568,#569,#483,.T.);
#705=EDGE_CURVE('',#569,#569,#484,.T.);
#706=EDGE_CURVE('',#569,#570,#204,.T.);
#707=EDGE_CURVE('',#570,#570,#485,.T.);
#708=EDGE_CURVE('',#571,#571,#486,.T.);
#709=EDGE_CURVE('',#571,#570,#487,.T.);
#710=EDGE_CURVE('',#572,#573,#488,.T.);
#711=EDGE_CURVE('',#560,#572,#205,.T.);
#712=EDGE_CURVE('',#574,#567,#206,.T.);
#713=EDGE_CURVE('',#575,#574,#207,.T.);
#714=EDGE_CURVE('',#576,#575,#489,.T.);
#715=EDGE_CURVE('',#577,#576,#208,.T.);
#716=EDGE_CURVE('',#578,#577,#209,.T.);
#717=EDGE_CURVE('',#573,#578,#210,.T.);
#718=EDGE_CURVE('',#572,#534,#211,.T.);
#719=EDGE_CURVE('',#573,#553,#212,.T.);
#720=EDGE_CURVE('',#574,#555,#213,.T.);
#721=EDGE_CURVE('',#575,#557,#214,.T.);
#722=EDGE_CURVE('',#576,#528,#215,.T.);
#723=EDGE_CURVE('',#577,#527,#216,.T.);
#724=EDGE_CURVE('',#578,#532,#217,.T.);
#725=EDGE_CURVE('',#579,#580,#490,.F.);
#726=EDGE_CURVE('',#581,#579,#491,.F.);
#727=EDGE_CURVE('',#580,#581,#492,.F.);
#728=EDGE_CURVE('',#582,#583,#493,.F.);
#729=EDGE_CURVE('',#584,#582,#494,.F.);
#730=EDGE_CURVE('',#583,#584,#495,.F.);
#731=EDGE_CURVE('',#580,#585,#15,.T.);
#732=EDGE_CURVE('',#585,#586,#496,.T.);
#733=EDGE_CURVE('',#586,#579,#16,.T.);
#734=EDGE_CURVE('',#582,#586,#17,.T.);
#735=EDGE_CURVE('',#585,#584,#18,.T.);
#736=EDGE_CURVE('',#584,#587,#19,.T.);
#737=EDGE_CURVE('',#587,#588,#497,.T.);
#738=EDGE_CURVE('',#588,#583,#20,.T.);
#739=EDGE_CURVE('',#589,#590,#498,.T.);
#740=EDGE_CURVE('',#590,#588,#21,.T.);
#741=EDGE_CURVE('',#587,#589,#22,.T.);
#742=EDGE_CURVE('',#591,#592,#499,.T.);
#743=EDGE_CURVE('',#592,#590,#23,.T.);
#744=EDGE_CURVE('',#589,#591,#24,.T.);
#745=EDGE_CURVE('',#593,#594,#500,.T.);
#746=EDGE_CURVE('',#594,#592,#25,.T.);
#747=EDGE_CURVE('',#591,#593,#26,.T.);
#748=EDGE_CURVE('',#595,#596,#501,.T.);
#749=EDGE_CURVE('',#596,#594,#27,.T.);
#750=EDGE_CURVE('',#593,#595,#28,.T.);
#751=EDGE_CURVE('',#597,#598,#502,.T.);
#752=EDGE_CURVE('',#598,#596,#29,.T.);
#753=EDGE_CURVE('',#595,#597,#30,.T.);
#754=EDGE_CURVE('',#599,#600,#503,.T.);
#755=EDGE_CURVE('',#600,#598,#31,.T.);
#756=EDGE_CURVE('',#597,#599,#32,.T.);
#757=EDGE_CURVE('',#601,#602,#504,.T.);
#758=EDGE_CURVE('',#602,#600,#33,.T.);
#759=EDGE_CURVE('',#599,#601,#34,.T.);
#760=EDGE_CURVE('',#603,#604,#505,.T.);
#761=EDGE_CURVE('',#604,#602,#35,.T.);
#762=EDGE_CURVE('',#601,#603,#36,.T.);
#763=EDGE_CURVE('',#581,#604,#37,.T.);
#764=EDGE_CURVE('',#603,#580,#38,.T.);
#765=EDGE_CURVE('',#579,#605,#39,.T.);
#766=EDGE_CURVE('',#605,#606,#506,.T.);
#767=EDGE_CURVE('',#606,#581,#40,.T.);
#768=EDGE_CURVE('',#607,#608,#507,.T.);
#769=EDGE_CURVE('',#608,#606,#41,.T.);
#770=EDGE_CURVE('',#605,#607,#42,.T.);
#771=EDGE_CURVE('',#609,#610,#508,.T.);
#772=EDGE_CURVE('',#610,#608,#43,.T.);
#773=EDGE_CURVE('',#607,#609,#44,.T.);
#774=EDGE_CURVE('',#611,#612,#509,.T.);
#775=EDGE_CURVE('',#612,#610,#45,.T.);
#776=EDGE_CURVE('',#609,#611,#46,.T.);
#777=EDGE_CURVE('',#613,#614,#510,.T.);
#778=EDGE_CURVE('',#614,#612,#47,.T.);
#779=EDGE_CURVE('',#611,#613,#48,.T.);
#780=EDGE_CURVE('',#583,#614,#49,.T.);
#781=EDGE_CURVE('',#613,#582,#50,.T.);
#782=EDGE_CURVE('',#615,#591,#520,.T.);
#783=EDGE_CURVE('',#615,#595,#51,.T.);
#784=EDGE_CURVE('',#587,#616,#521,.T.);
#785=EDGE_CURVE('',#616,#615,#52,.T.);
#786=EDGE_CURVE('',#616,#585,#53,.T.);
#787=EDGE_CURVE('',#609,#586,#522,.T.);
#788=EDGE_CURVE('',#606,#617,#54,.T.);
#789=EDGE_CURVE('',#618,#617,#55,.T.);
#790=EDGE_CURVE('',#602,#618,#56,.T.);
#791=EDGE_CURVE('',#608,#619,#57,.T.);
#792=EDGE_CURVE('',#617,#619,#58,.T.);
#793=EDGE_CURVE('',#612,#620,#59,.T.);
#794=EDGE_CURVE('',#619,#620,#60,.T.);
#795=EDGE_CURVE('',#614,#621,#61,.T.);
#796=EDGE_CURVE('',#620,#621,#62,.T.);
#797=EDGE_CURVE('',#590,#622,#63,.T.);
#798=EDGE_CURVE('',#621,#622,#64,.T.);
#799=EDGE_CURVE('',#617,#623,#511,.T.);
#800=EDGE_CURVE('',#623,#624,#65,.T.);
#801=EDGE_CURVE('',#624,#618,#512,.T.);
#802=EDGE_CURVE('',#619,#625,#513,.T.);
#803=EDGE_CURVE('',#625,#623,#66,.T.);
#804=EDGE_CURVE('',#620,#626,#514,.T.);
#805=EDGE_CURVE('',#626,#625,#67,.T.);
#806=EDGE_CURVE('',#621,#627,#515,.T.);
#807=EDGE_CURVE('',#627,#626,#68,.T.);
#808=EDGE_CURVE('',#622,#628,#516,.T.);
#809=EDGE_CURVE('',#628,#627,#69,.T.);
#810=EDGE_CURVE('',#629,#630,#517,.T.);
#811=EDGE_CURVE('',#630,#628,#70,.T.);
#812=EDGE_CURVE('',#622,#629,#71,.T.);
#813=EDGE_CURVE('',#631,#632,#518,.T.);
#814=EDGE_CURVE('',#632,#630,#72,.T.);
#815=EDGE_CURVE('',#629,#631,#73,.T.);
#816=EDGE_CURVE('',#624,#632,#74,.T.);
#817=EDGE_CURVE('',#631,#618,#75,.T.);
#818=EDGE_CURVE('',#633,#633,#76,.T.);
#819=EDGE_CURVE('',#599,#615,#523,.T.);
#820=EDGE_CURVE('',#603,#616,#524,.T.);
#821=EDGE_CURVE('',#598,#631,#77,.T.);
#822=EDGE_CURVE('',#594,#629,#78,.T.);
#823=EDGE_CURVE('',#634,#635,#79,.T.);
#824=EDGE_CURVE('',#635,#634,#80,.T.);
#825=EDGE_CURVE('',#633,#634,#81,.T.);
#826=ORIENTED_EDGE('',*,*,#636,.F.);
#827=ORIENTED_EDGE('',*,*,#637,.F.);
#828=ORIENTED_EDGE('',*,*,#636,.T.);
#829=ORIENTED_EDGE('',*,*,#638,.T.);
#830=ORIENTED_EDGE('',*,*,#639,.T.);
#831=ORIENTED_EDGE('',*,*,#640,.T.);
#832=ORIENTED_EDGE('',*,*,#641,.T.);
#833=ORIENTED_EDGE('',*,*,#642,.T.);
#834=ORIENTED_EDGE('',*,*,#643,.T.);
#835=ORIENTED_EDGE('',*,*,#644,.T.);
#836=ORIENTED_EDGE('',*,*,#641,.F.);
#837=ORIENTED_EDGE('',*,*,#645,.T.);
#838=ORIENTED_EDGE('',*,*,#646,.T.);
#839=ORIENTED_EDGE('',*,*,#647,.T.);
#840=ORIENTED_EDGE('',*,*,#648,.T.);
#841=ORIENTED_EDGE('',*,*,#649,.T.);
#842=ORIENTED_EDGE('',*,*,#650,.T.);
#843=ORIENTED_EDGE('',*,*,#651,.T.);
#844=ORIENTED_EDGE('',*,*,#648,.F.);
#845=ORIENTED_EDGE('',*,*,#652,.T.);
#846=ORIENTED_EDGE('',*,*,#653,.T.);
#847=ORIENTED_EDGE('',*,*,#654,.T.);
#848=ORIENTED_EDGE('',*,*,#655,.T.);
#849=ORIENTED_EDGE('',*,*,#656,.T.);
#850=ORIENTED_EDGE('',*,*,#657,.T.);
#851=ORIENTED_EDGE('',*,*,#653,.F.);
#852=ORIENTED_EDGE('',*,*,#658,.T.);
#853=ORIENTED_EDGE('',*,*,#659,.T.);
#854=ORIENTED_EDGE('',*,*,#656,.F.);
#855=ORIENTED_EDGE('',*,*,#660,.T.);
#856=ORIENTED_EDGE('',*,*,#650,.F.);
#857=ORIENTED_EDGE('',*,*,#661,.T.);
#858=ORIENTED_EDGE('',*,*,#655,.F.);
#859=ORIENTED_EDGE('',*,*,#662,.T.);
#860=ORIENTED_EDGE('',*,*,#663,.T.);
#861=ORIENTED_EDGE('',*,*,#664,.T.);
#862=ORIENTED_EDGE('',*,*,#665,.T.);
#863=ORIENTED_EDGE('',*,*,#666,.T.);
#864=ORIENTED_EDGE('',*,*,#667,.T.);
#865=ORIENTED_EDGE('',*,*,#668,.T.);
#866=ORIENTED_EDGE('',*,*,#669,.T.);
#867=ORIENTED_EDGE('',*,*,#665,.F.);
#868=ORIENTED_EDGE('',*,*,#670,.T.);
#869=ORIENTED_EDGE('',*,*,#671,.T.);
#870=ORIENTED_EDGE('',*,*,#668,.F.);
#871=ORIENTED_EDGE('',*,*,#672,.T.);
#872=ORIENTED_EDGE('',*,*,#663,.F.);
#873=ORIENTED_EDGE('',*,*,#673,.T.);
#874=ORIENTED_EDGE('',*,*,#674,.T.);
#875=ORIENTED_EDGE('',*,*,#646,.F.);
#876=ORIENTED_EDGE('',*,*,#675,.T.);
#877=ORIENTED_EDGE('',*,*,#676,.T.);
#878=ORIENTED_EDGE('',*,*,#673,.F.);
#879=ORIENTED_EDGE('',*,*,#677,.T.);
#880=ORIENTED_EDGE('',*,*,#643,.F.);
#881=ORIENTED_EDGE('',*,*,#678,.T.);
#882=ORIENTED_EDGE('',*,*,#667,.F.);
#883=ORIENTED_EDGE('',*,*,#679,.T.);
#884=ORIENTED_EDGE('',*,*,#680,.T.);
#885=ORIENTED_EDGE('',*,*,#681,.T.);
#886=ORIENTED_EDGE('',*,*,#682,.T.);
#887=ORIENTED_EDGE('',*,*,#639,.F.);
#888=ORIENTED_EDGE('',*,*,#683,.T.);
#889=ORIENTED_EDGE('',*,*,#684,.T.);
#890=ORIENTED_EDGE('',*,*,#681,.F.);
#891=ORIENTED_EDGE('',*,*,#685,.T.);
#892=ORIENTED_EDGE('',*,*,#680,.F.);
#893=ORIENTED_EDGE('',*,*,#651,.F.);
#894=ORIENTED_EDGE('',*,*,#686,.F.);
#895=ORIENTED_EDGE('',*,*,#687,.T.);
#896=ORIENTED_EDGE('',*,*,#688,.T.);
#897=ORIENTED_EDGE('',*,*,#660,.F.);
#898=ORIENTED_EDGE('',*,*,#689,.F.);
#899=ORIENTED_EDGE('',*,*,#690,.T.);
#900=ORIENTED_EDGE('',*,*,#686,.T.);
#901=ORIENTED_EDGE('',*,*,#658,.F.);
#902=ORIENTED_EDGE('',*,*,#691,.F.);
#903=ORIENTED_EDGE('',*,*,#692,.T.);
#904=ORIENTED_EDGE('',*,*,#689,.T.);
#905=ORIENTED_EDGE('',*,*,#652,.F.);
#906=ORIENTED_EDGE('',*,*,#693,.F.);
#907=ORIENTED_EDGE('',*,*,#694,.T.);
#908=ORIENTED_EDGE('',*,*,#691,.T.);
#909=ORIENTED_EDGE('',*,*,#661,.F.);
#910=ORIENTED_EDGE('',*,*,#695,.F.);
#911=ORIENTED_EDGE('',*,*,#696,.T.);
#912=ORIENTED_EDGE('',*,*,#693,.T.);
#913=ORIENTED_EDGE('',*,*,#672,.F.);
#914=ORIENTED_EDGE('',*,*,#697,.F.);
#915=ORIENTED_EDGE('',*,*,#698,.T.);
#916=ORIENTED_EDGE('',*,*,#695,.T.);
#917=ORIENTED_EDGE('',*,*,#670,.F.);
#918=ORIENTED_EDGE('',*,*,#699,.F.);
#919=ORIENTED_EDGE('',*,*,#700,.T.);
#920=ORIENTED_EDGE('',*,*,#697,.T.);
#921=ORIENTED_EDGE('',*,*,#664,.F.);
#922=ORIENTED_EDGE('',*,*,#701,.F.);
#923=ORIENTED_EDGE('',*,*,#702,.T.);
#924=ORIENTED_EDGE('',*,*,#699,.T.);
#925=ORIENTED_EDGE('',*,*,#703,.F.);
#926=ORIENTED_EDGE('',*,*,#666,.F.);
#927=ORIENTED_EDGE('',*,*,#669,.F.);
#928=ORIENTED_EDGE('',*,*,#671,.F.);
#929=ORIENTED_EDGE('',*,*,#662,.F.);
#930=ORIENTED_EDGE('',*,*,#654,.F.);
#931=ORIENTED_EDGE('',*,*,#657,.F.);
#932=ORIENTED_EDGE('',*,*,#659,.F.);
#933=ORIENTED_EDGE('',*,*,#649,.F.);
#934=ORIENTED_EDGE('',*,*,#647,.F.);
#935=ORIENTED_EDGE('',*,*,#674,.F.);
#936=ORIENTED_EDGE('',*,*,#676,.F.);
#937=ORIENTED_EDGE('',*,*,#642,.F.);
#938=ORIENTED_EDGE('',*,*,#640,.F.);
#939=ORIENTED_EDGE('',*,*,#682,.F.);
#940=ORIENTED_EDGE('',*,*,#684,.F.);
#941=ORIENTED_EDGE('',*,*,#679,.F.);
#942=ORIENTED_EDGE('',*,*,#703,.T.);
#943=ORIENTED_EDGE('',*,*,#704,.T.);
#944=ORIENTED_EDGE('',*,*,#705,.T.);
#945=ORIENTED_EDGE('',*,*,#704,.F.);
#946=ORIENTED_EDGE('',*,*,#705,.F.);
#947=ORIENTED_EDGE('',*,*,#706,.T.);
#948=ORIENTED_EDGE('',*,*,#707,.F.);
#949=ORIENTED_EDGE('',*,*,#706,.F.);
#950=ORIENTED_EDGE('',*,*,#708,.T.);
#951=ORIENTED_EDGE('',*,*,#709,.T.);
#952=ORIENTED_EDGE('',*,*,#707,.T.);
#953=ORIENTED_EDGE('',*,*,#709,.F.);
#954=ORIENTED_EDGE('',*,*,#637,.T.);
#955=ORIENTED_EDGE('',*,*,#708,.F.);
#956=ORIENTED_EDGE('',*,*,#710,.F.);
#957=ORIENTED_EDGE('',*,*,#711,.F.);
#958=ORIENTED_EDGE('',*,*,#687,.F.);
#959=ORIENTED_EDGE('',*,*,#690,.F.);
#960=ORIENTED_EDGE('',*,*,#692,.F.);
#961=ORIENTED_EDGE('',*,*,#694,.F.);
#962=ORIENTED_EDGE('',*,*,#696,.F.);
#963=ORIENTED_EDGE('',*,*,#698,.F.);
#964=ORIENTED_EDGE('',*,*,#700,.F.);
#965=ORIENTED_EDGE('',*,*,#702,.F.);
#966=ORIENTED_EDGE('',*,*,#712,.F.);
#967=ORIENTED_EDGE('',*,*,#713,.F.);
#968=ORIENTED_EDGE('',*,*,#714,.F.);
#969=ORIENTED_EDGE('',*,*,#715,.F.);
#970=ORIENTED_EDGE('',*,*,#716,.F.);
#971=ORIENTED_EDGE('',*,*,#717,.F.);
#972=ORIENTED_EDGE('',*,*,#675,.F.);
#973=ORIENTED_EDGE('',*,*,#718,.F.);
#974=ORIENTED_EDGE('',*,*,#710,.T.);
#975=ORIENTED_EDGE('',*,*,#719,.T.);
#976=ORIENTED_EDGE('',*,*,#645,.F.);
#977=ORIENTED_EDGE('',*,*,#688,.F.);
#978=ORIENTED_EDGE('',*,*,#711,.T.);
#979=ORIENTED_EDGE('',*,*,#718,.T.);
#980=ORIENTED_EDGE('',*,*,#678,.F.);
#981=ORIENTED_EDGE('',*,*,#720,.F.);
#982=ORIENTED_EDGE('',*,*,#712,.T.);
#983=ORIENTED_EDGE('',*,*,#701,.T.);
#984=ORIENTED_EDGE('',*,*,#685,.F.);
#985=ORIENTED_EDGE('',*,*,#721,.F.);
#986=ORIENTED_EDGE('',*,*,#713,.T.);
#987=ORIENTED_EDGE('',*,*,#720,.T.);
#988=ORIENTED_EDGE('',*,*,#683,.F.);
#989=ORIENTED_EDGE('',*,*,#722,.F.);
#990=ORIENTED_EDGE('',*,*,#714,.T.);
#991=ORIENTED_EDGE('',*,*,#721,.T.);
#992=ORIENTED_EDGE('',*,*,#638,.F.);
#993=ORIENTED_EDGE('',*,*,#723,.F.);
#994=ORIENTED_EDGE('',*,*,#715,.T.);
#995=ORIENTED_EDGE('',*,*,#722,.T.);
#996=ORIENTED_EDGE('',*,*,#644,.F.);
#997=ORIENTED_EDGE('',*,*,#724,.F.);
#998=ORIENTED_EDGE('',*,*,#716,.T.);
#999=ORIENTED_EDGE('',*,*,#723,.T.);
#1000=ORIENTED_EDGE('',*,*,#677,.F.);
#1001=ORIENTED_EDGE('',*,*,#719,.F.);
#1002=ORIENTED_EDGE('',*,*,#717,.T.);
#1003=ORIENTED_EDGE('',*,*,#724,.T.);
#1004=ORIENTED_EDGE('',*,*,#725,.F.);
#1005=ORIENTED_EDGE('',*,*,#726,.F.);
#1006=ORIENTED_EDGE('',*,*,#727,.F.);
#1007=ORIENTED_EDGE('',*,*,#728,.F.);
#1008=ORIENTED_EDGE('',*,*,#729,.F.);
#1009=ORIENTED_EDGE('',*,*,#730,.F.);
#1010=ORIENTED_EDGE('',*,*,#725,.T.);
#1011=ORIENTED_EDGE('',*,*,#731,.T.);
#1012=ORIENTED_EDGE('',*,*,#732,.T.);
#1013=ORIENTED_EDGE('',*,*,#733,.T.);
#1014=ORIENTED_EDGE('',*,*,#729,.T.);
#1015=ORIENTED_EDGE('',*,*,#734,.T.);
#1016=ORIENTED_EDGE('',*,*,#732,.F.);
#1017=ORIENTED_EDGE('',*,*,#735,.T.);
#1018=ORIENTED_EDGE('',*,*,#730,.T.);
#1019=ORIENTED_EDGE('',*,*,#736,.T.);
#1020=ORIENTED_EDGE('',*,*,#737,.T.);
#1021=ORIENTED_EDGE('',*,*,#738,.T.);
#1022=ORIENTED_EDGE('',*,*,#739,.T.);
#1023=ORIENTED_EDGE('',*,*,#740,.T.);
#1024=ORIENTED_EDGE('',*,*,#737,.F.);
#1025=ORIENTED_EDGE('',*,*,#741,.T.);
#1026=ORIENTED_EDGE('',*,*,#742,.T.);
#1027=ORIENTED_EDGE('',*,*,#743,.T.);
#1028=ORIENTED_EDGE('',*,*,#739,.F.);
#1029=ORIENTED_EDGE('',*,*,#744,.T.);
#1030=ORIENTED_EDGE('',*,*,#745,.T.);
#1031=ORIENTED_EDGE('',*,*,#746,.T.);
#1032=ORIENTED_EDGE('',*,*,#742,.F.);
#1033=ORIENTED_EDGE('',*,*,#747,.T.);
#1034=ORIENTED_EDGE('',*,*,#748,.T.);
#1035=ORIENTED_EDGE('',*,*,#749,.T.);
#1036=ORIENTED_EDGE('',*,*,#745,.F.);
#1037=ORIENTED_EDGE('',*,*,#750,.T.);
#1038=ORIENTED_EDGE('',*,*,#751,.T.);
#1039=ORIENTED_EDGE('',*,*,#752,.T.);
#1040=ORIENTED_EDGE('',*,*,#748,.F.);
#1041=ORIENTED_EDGE('',*,*,#753,.T.);
#1042=ORIENTED_EDGE('',*,*,#754,.T.);
#1043=ORIENTED_EDGE('',*,*,#755,.T.);
#1044=ORIENTED_EDGE('',*,*,#751,.F.);
#1045=ORIENTED_EDGE('',*,*,#756,.T.);
#1046=ORIENTED_EDGE('',*,*,#757,.T.);
#1047=ORIENTED_EDGE('',*,*,#758,.T.);
#1048=ORIENTED_EDGE('',*,*,#754,.F.);
#1049=ORIENTED_EDGE('',*,*,#759,.T.);
#1050=ORIENTED_EDGE('',*,*,#760,.T.);
#1051=ORIENTED_EDGE('',*,*,#761,.T.);
#1052=ORIENTED_EDGE('',*,*,#757,.F.);
#1053=ORIENTED_EDGE('',*,*,#762,.T.);
#1054=ORIENTED_EDGE('',*,*,#727,.T.);
#1055=ORIENTED_EDGE('',*,*,#763,.T.);
#1056=ORIENTED_EDGE('',*,*,#760,.F.);
#1057=ORIENTED_EDGE('',*,*,#764,.T.);
#1058=ORIENTED_EDGE('',*,*,#726,.T.);
#1059=ORIENTED_EDGE('',*,*,#765,.T.);
#1060=ORIENTED_EDGE('',*,*,#766,.T.);
#1061=ORIENTED_EDGE('',*,*,#767,.T.);
#1062=ORIENTED_EDGE('',*,*,#768,.T.);
#1063=ORIENTED_EDGE('',*,*,#769,.T.);
#1064=ORIENTED_EDGE('',*,*,#766,.F.);
#1065=ORIENTED_EDGE('',*,*,#770,.T.);
#1066=ORIENTED_EDGE('',*,*,#771,.T.);
#1067=ORIENTED_EDGE('',*,*,#772,.T.);
#1068=ORIENTED_EDGE('',*,*,#768,.F.);
#1069=ORIENTED_EDGE('',*,*,#773,.T.);
#1070=ORIENTED_EDGE('',*,*,#774,.T.);
#1071=ORIENTED_EDGE('',*,*,#775,.T.);
#1072=ORIENTED_EDGE('',*,*,#771,.F.);
#1073=ORIENTED_EDGE('',*,*,#776,.T.);
#1074=ORIENTED_EDGE('',*,*,#777,.T.);
#1075=ORIENTED_EDGE('',*,*,#778,.T.);
#1076=ORIENTED_EDGE('',*,*,#774,.F.);
#1077=ORIENTED_EDGE('',*,*,#779,.T.);
#1078=ORIENTED_EDGE('',*,*,#728,.T.);
#1079=ORIENTED_EDGE('',*,*,#780,.T.);
#1080=ORIENTED_EDGE('',*,*,#777,.F.);
#1081=ORIENTED_EDGE('',*,*,#781,.T.);
#1082=ORIENTED_EDGE('',*,*,#750,.F.);
#1083=ORIENTED_EDGE('',*,*,#747,.F.);
#1084=ORIENTED_EDGE('',*,*,#782,.F.);
#1085=ORIENTED_EDGE('',*,*,#783,.T.);
#1086=ORIENTED_EDGE('',*,*,#744,.F.);
#1087=ORIENTED_EDGE('',*,*,#741,.F.);
#1088=ORIENTED_EDGE('',*,*,#784,.T.);
#1089=ORIENTED_EDGE('',*,*,#785,.T.);
#1090=ORIENTED_EDGE('',*,*,#782,.T.);
#1091=ORIENTED_EDGE('',*,*,#736,.F.);
#1092=ORIENTED_EDGE('',*,*,#735,.F.);
#1093=ORIENTED_EDGE('',*,*,#786,.F.);
#1094=ORIENTED_EDGE('',*,*,#784,.F.);
#1095=ORIENTED_EDGE('',*,*,#773,.F.);
#1096=ORIENTED_EDGE('',*,*,#770,.F.);
#1097=ORIENTED_EDGE('',*,*,#765,.F.);
#1098=ORIENTED_EDGE('',*,*,#733,.F.);
#1099=ORIENTED_EDGE('',*,*,#787,.F.);
#1100=ORIENTED_EDGE('',*,*,#761,.F.);
#1101=ORIENTED_EDGE('',*,*,#763,.F.);
#1102=ORIENTED_EDGE('',*,*,#767,.F.);
#1103=ORIENTED_EDGE('',*,*,#788,.T.);
#1104=ORIENTED_EDGE('',*,*,#789,.F.);
#1105=ORIENTED_EDGE('',*,*,#790,.F.);
#1106=ORIENTED_EDGE('',*,*,#769,.F.);
#1107=ORIENTED_EDGE('',*,*,#791,.T.);
#1108=ORIENTED_EDGE('',*,*,#792,.F.);
#1109=ORIENTED_EDGE('',*,*,#788,.F.);
#1110=ORIENTED_EDGE('',*,*,#772,.F.);
#1111=ORIENTED_EDGE('',*,*,#775,.F.);
#1112=ORIENTED_EDGE('',*,*,#793,.T.);
#1113=ORIENTED_EDGE('',*,*,#794,.F.);
#1114=ORIENTED_EDGE('',*,*,#791,.F.);
#1115=ORIENTED_EDGE('',*,*,#778,.F.);
#1116=ORIENTED_EDGE('',*,*,#795,.T.);
#1117=ORIENTED_EDGE('',*,*,#796,.F.);
#1118=ORIENTED_EDGE('',*,*,#793,.F.);
#1119=ORIENTED_EDGE('',*,*,#780,.F.);
#1120=ORIENTED_EDGE('',*,*,#738,.F.);
#1121=ORIENTED_EDGE('',*,*,#740,.F.);
#1122=ORIENTED_EDGE('',*,*,#797,.T.);
#1123=ORIENTED_EDGE('',*,*,#798,.F.);
#1124=ORIENTED_EDGE('',*,*,#795,.F.);
#1125=ORIENTED_EDGE('',*,*,#799,.T.);
#1126=ORIENTED_EDGE('',*,*,#800,.T.);
#1127=ORIENTED_EDGE('',*,*,#801,.T.);
#1128=ORIENTED_EDGE('',*,*,#789,.T.);
#1129=ORIENTED_EDGE('',*,*,#802,.T.);
#1130=ORIENTED_EDGE('',*,*,#803,.T.);
#1131=ORIENTED_EDGE('',*,*,#799,.F.);
#1132=ORIENTED_EDGE('',*,*,#792,.T.);
#1133=ORIENTED_EDGE('',*,*,#804,.T.);
#1134=ORIENTED_EDGE('',*,*,#805,.T.);
#1135=ORIENTED_EDGE('',*,*,#802,.F.);
#1136=ORIENTED_EDGE('',*,*,#794,.T.);
#1137=ORIENTED_EDGE('',*,*,#806,.T.);
#1138=ORIENTED_EDGE('',*,*,#807,.T.);
#1139=ORIENTED_EDGE('',*,*,#804,.F.);
#1140=ORIENTED_EDGE('',*,*,#796,.T.);
#1141=ORIENTED_EDGE('',*,*,#808,.T.);
#1142=ORIENTED_EDGE('',*,*,#809,.T.);
#1143=ORIENTED_EDGE('',*,*,#806,.F.);
#1144=ORIENTED_EDGE('',*,*,#798,.T.);
#1145=ORIENTED_EDGE('',*,*,#810,.T.);
#1146=ORIENTED_EDGE('',*,*,#811,.T.);
#1147=ORIENTED_EDGE('',*,*,#808,.F.);
#1148=ORIENTED_EDGE('',*,*,#812,.T.);
#1149=ORIENTED_EDGE('',*,*,#813,.T.);
#1150=ORIENTED_EDGE('',*,*,#814,.T.);
#1151=ORIENTED_EDGE('',*,*,#810,.F.);
#1152=ORIENTED_EDGE('',*,*,#815,.T.);
#1153=ORIENTED_EDGE('',*,*,#801,.F.);
#1154=ORIENTED_EDGE('',*,*,#816,.T.);
#1155=ORIENTED_EDGE('',*,*,#813,.F.);
#1156=ORIENTED_EDGE('',*,*,#817,.T.);
#1157=ORIENTED_EDGE('',*,*,#800,.F.);
#1158=ORIENTED_EDGE('',*,*,#803,.F.);
#1159=ORIENTED_EDGE('',*,*,#805,.F.);
#1160=ORIENTED_EDGE('',*,*,#807,.F.);
#1161=ORIENTED_EDGE('',*,*,#809,.F.);
#1162=ORIENTED_EDGE('',*,*,#811,.F.);
#1163=ORIENTED_EDGE('',*,*,#814,.F.);
#1164=ORIENTED_EDGE('',*,*,#816,.F.);
#1165=ORIENTED_EDGE('',*,*,#818,.T.);
#1166=ORIENTED_EDGE('',*,*,#753,.F.);
#1167=ORIENTED_EDGE('',*,*,#783,.F.);
#1168=ORIENTED_EDGE('',*,*,#819,.F.);
#1169=ORIENTED_EDGE('',*,*,#756,.F.);
#1170=ORIENTED_EDGE('',*,*,#759,.F.);
#1171=ORIENTED_EDGE('',*,*,#819,.T.);
#1172=ORIENTED_EDGE('',*,*,#785,.F.);
#1173=ORIENTED_EDGE('',*,*,#820,.F.);
#1174=ORIENTED_EDGE('',*,*,#762,.F.);
#1175=ORIENTED_EDGE('',*,*,#764,.F.);
#1176=ORIENTED_EDGE('',*,*,#820,.T.);
#1177=ORIENTED_EDGE('',*,*,#786,.T.);
#1178=ORIENTED_EDGE('',*,*,#731,.F.);
#1179=ORIENTED_EDGE('',*,*,#752,.F.);
#1180=ORIENTED_EDGE('',*,*,#821,.T.);
#1181=ORIENTED_EDGE('',*,*,#815,.F.);
#1182=ORIENTED_EDGE('',*,*,#822,.F.);
#1183=ORIENTED_EDGE('',*,*,#749,.F.);
#1184=ORIENTED_EDGE('',*,*,#758,.F.);
#1185=ORIENTED_EDGE('',*,*,#790,.T.);
#1186=ORIENTED_EDGE('',*,*,#817,.F.);
#1187=ORIENTED_EDGE('',*,*,#821,.F.);
#1188=ORIENTED_EDGE('',*,*,#755,.F.);
#1189=ORIENTED_EDGE('',*,*,#823,.T.);
#1190=ORIENTED_EDGE('',*,*,#824,.T.);
#1191=ORIENTED_EDGE('',*,*,#818,.F.);
#1192=ORIENTED_EDGE('',*,*,#825,.T.);
#1193=ORIENTED_EDGE('',*,*,#824,.F.);
#1194=ORIENTED_EDGE('',*,*,#823,.F.);
#1195=ORIENTED_EDGE('',*,*,#825,.F.);
#1196=ORIENTED_EDGE('',*,*,#776,.F.);
#1197=ORIENTED_EDGE('',*,*,#787,.T.);
#1198=ORIENTED_EDGE('',*,*,#734,.F.);
#1199=ORIENTED_EDGE('',*,*,#781,.F.);
#1200=ORIENTED_EDGE('',*,*,#779,.F.);
#1201=ORIENTED_EDGE('',*,*,#746,.F.);
#1202=ORIENTED_EDGE('',*,*,#822,.T.);
#1203=ORIENTED_EDGE('',*,*,#812,.F.);
#1204=ORIENTED_EDGE('',*,*,#797,.F.);
#1205=ORIENTED_EDGE('',*,*,#743,.F.);
#1206=(
BOUNDED_SURFACE()
B_SPLINE_SURFACE(5,2,((#1681,#1682,#1683,#1684,#1685,#1686,#1687,#1688,
#1689),(#1690,#1691,#1692,#1693,#1694,#1695,#1696,#1697,#1698),(#1699,#1700,
#1701,#1702,#1703,#1704,#1705,#1706,#1707),(#1708,#1709,#1710,#1711,#1712,
#1713,#1714,#1715,#1716),(#1717,#1718,#1719,#1720,#1721,#1722,#1723,#1724,
#1725),(#1726,#1727,#1728,#1729,#1730,#1731,#1732,#1733,#1734),(#1735,#1736,
#1737,#1738,#1739,#1740,#1741,#1742,#1743),(#1744,#1745,#1746,#1747,#1748,
#1749,#1750,#1751,#1752),(#1753,#1754,#1755,#1756,#1757,#1758,#1759,#1760,
#1761),(#1762,#1763,#1764,#1765,#1766,#1767,#1768,#1769,#1770)),
 .UNSPECIFIED.,.F.,.T.,.F.)
B_SPLINE_SURFACE_WITH_KNOTS((6,1,1,1,1,6),(3,2,2,2,3),(0.,0.2,0.4,0.6,0.8,
1.),(0.,1.5707963267949,3.14159265358979,4.71238898038469,6.28318530717959),
 .UNSPECIFIED.)
GEOMETRIC_REPRESENTATION_ITEM()
RATIONAL_B_SPLINE_SURFACE(((1.,0.707106781186548,1.,0.707106781186548,1.,
0.707106781186548,1.,0.707106781186548,1.),(1.,0.707106781186548,1.,0.707106781186548,
1.,0.707106781186548,1.,0.707106781186548,1.),(1.,0.707106781186548,1.,
0.707106781186548,1.,0.707106781186548,1.,0.707106781186548,1.),(1.,0.707106781186548,
1.,0.707106781186548,1.,0.707106781186548,1.,0.707106781186548,1.),(1.,
0.707106781186548,1.,0.707106781186548,1.,0.707106781186548,1.,0.707106781186548,
1.),(1.,0.707106781186548,1.,0.707106781186548,1.,0.707106781186548,1.,
0.707106781186548,1.),(1.,0.707106781186548,1.,0.707106781186548,1.,0.707106781186548,
1.,0.707106781186548,1.),(1.,0.707106781186548,1.,0.707106781186548,1.,
0.707106781186548,1.,0.707106781186548,1.),(1.,0.707106781186548,1.,0.707106781186548,
1.,0.707106781186548,1.,0.707106781186548,1.),(1.,0.707106781186548,1.,
0.707106781186548,1.,0.707106781186548,1.,0.707106781186548,1.)))
REPRESENTATION_ITEM('')
SURFACE()
);
#1207=(
BOUNDED_SURFACE()
B_SPLINE_SURFACE(2,2,((#1823,#1824,#1825),(#1826,#1827,#1828),(#1829,#1830,
#1831)),.UNSPECIFIED.,.F.,.F.,.F.)
B_SPLINE_SURFACE_WITH_KNOTS((3,3),(3,3),(0.,1.5707963267949),(1.5707963267949,
3.14159265358979),.UNSPECIFIED.)
GEOMETRIC_REPRESENTATION_ITEM()
RATIONAL_B_SPLINE_SURFACE(((1.,0.707106781186548,1.),(0.707106781186547,
0.5,0.707106781186547),(1.,0.707106781186548,1.)))
REPRESENTATION_ITEM('')
SURFACE()
);
#1208=(
BOUNDED_SURFACE()
B_SPLINE_SURFACE(2,2,((#1855,#1856,#1857),(#1858,#1859,#1860),(#1861,#1862,
#1863)),.UNSPECIFIED.,.F.,.F.,.F.)
B_SPLINE_SURFACE_WITH_KNOTS((3,3),(3,3),(0.,1.5707963267949),(-3.14159265358979,
-1.5707963267949),.UNSPECIFIED.)
GEOMETRIC_REPRESENTATION_ITEM()
RATIONAL_B_SPLINE_SURFACE(((1.,0.707106781186548,1.),(0.707106781186547,
0.5,0.707106781186547),(1.,0.707106781186548,1.)))
REPRESENTATION_ITEM('')
SURFACE()
);
#1209=(
BOUNDED_SURFACE()
B_SPLINE_SURFACE(2,2,((#1872,#1873,#1874),(#1875,#1876,#1877),(#1878,#1879,
#1880)),.UNSPECIFIED.,.F.,.F.,.F.)
B_SPLINE_SURFACE_WITH_KNOTS((3,3),(3,3),(0.,1.5707963267949),(-2.7755575615629E-15,
1.5707963267949),.UNSPECIFIED.)
GEOMETRIC_REPRESENTATION_ITEM()
RATIONAL_B_SPLINE_SURFACE(((1.,0.707106781186546,1.),(0.707106781186547,
0.499999999999999,0.707106781186547),(1.,0.707106781186546,1.)))
REPRESENTATION_ITEM('')
SURFACE()
);
#1210=(
BOUNDED_SURFACE()
B_SPLINE_SURFACE(2,2,((#1895,#1896,#1897),(#1898,#1899,#1900),(#1901,#1902,
#1903)),.UNSPECIFIED.,.F.,.F.,.F.)
B_SPLINE_SURFACE_WITH_KNOTS((3,3),(3,3),(0.,1.5707963267949),(-1.5707963267949,
1.6062850670372E-15),.UNSPECIFIED.)
GEOMETRIC_REPRESENTATION_ITEM()
RATIONAL_B_SPLINE_SURFACE(((1.,0.707106781186546,1.),(0.707106781186545,
0.499999999999998,0.707106781186545),(1.,0.707106781186546,1.)))
REPRESENTATION_ITEM('')
SURFACE()
);
#1211=ADVANCED_FACE('',(#288),#1206,.F.);
#1212=ADVANCED_FACE('',(#289),#271,.T.);
#1213=ADVANCED_FACE('',(#290),#272,.T.);
#1214=ADVANCED_FACE('',(#291),#273,.T.);
#1215=ADVANCED_FACE('',(#292),#274,.T.);
#1216=ADVANCED_FACE('',(#293),#275,.T.);
#1217=ADVANCED_FACE('',(#294),#1207,.F.);
#1218=ADVANCED_FACE('',(#295),#276,.T.);
#1219=ADVANCED_FACE('',(#296),#277,.T.);
#1220=ADVANCED_FACE('',(#297),#278,.T.);
#1221=ADVANCED_FACE('',(#298),#1208,.F.);
#1222=ADVANCED_FACE('',(#299),#279,.T.);
#1223=ADVANCED_FACE('',(#300),#1209,.F.);
#1224=ADVANCED_FACE('',(#301),#280,.T.);
#1225=ADVANCED_FACE('',(#302),#281,.T.);
#1226=ADVANCED_FACE('',(#303),#1210,.F.);
#1227=ADVANCED_FACE('',(#304),#282,.T.);
#1228=ADVANCED_FACE('',(#305),#140,.T.);
#1229=ADVANCED_FACE('',(#306),#141,.T.);
#1230=ADVANCED_FACE('',(#307),#283,.T.);
#1231=ADVANCED_FACE('',(#308),#142,.T.);
#1232=ADVANCED_FACE('',(#309),#143,.T.);
#1233=ADVANCED_FACE('',(#310),#144,.T.);
#1234=ADVANCED_FACE('',(#311),#284,.T.);
#1235=ADVANCED_FACE('',(#312),#145,.T.);
#1236=ADVANCED_FACE('',(#313,#137),#146,.T.);
#1237=ADVANCED_FACE('',(#314),#135,.T.);
#1238=ADVANCED_FACE('',(#315),#285,.T.);
#1239=ADVANCED_FACE('',(#316),#136,.F.);
#1240=ADVANCED_FACE('',(#317,#138),#147,.F.);
#1241=ADVANCED_FACE('',(#318),#148,.F.);
#1242=ADVANCED_FACE('',(#319),#286,.T.);
#1243=ADVANCED_FACE('',(#320),#149,.T.);
#1244=ADVANCED_FACE('',(#321),#150,.T.);
#1245=ADVANCED_FACE('',(#322),#151,.T.);
#1246=ADVANCED_FACE('',(#323),#287,.T.);
#1247=ADVANCED_FACE('',(#324),#152,.T.);
#1248=ADVANCED_FACE('',(#325),#153,.T.);
#1249=ADVANCED_FACE('',(#326),#154,.T.);
#1250=ADVANCED_FACE('',(#327),#125,.T.);
#1251=ADVANCED_FACE('',(#328),#126,.T.);
#1252=ADVANCED_FACE('',(#329),#82,.F.);
#1253=ADVANCED_FACE('',(#330),#83,.F.);
#1254=ADVANCED_FACE('',(#331),#84,.F.);
#1255=ADVANCED_FACE('',(#332),#85,.F.);
#1256=ADVANCED_FACE('',(#333),#86,.F.);
#1257=ADVANCED_FACE('',(#334),#87,.F.);
#1258=ADVANCED_FACE('',(#335),#88,.F.);
#1259=ADVANCED_FACE('',(#336),#89,.F.);
#1260=ADVANCED_FACE('',(#337),#90,.F.);
#1261=ADVANCED_FACE('',(#338),#91,.F.);
#1262=ADVANCED_FACE('',(#339),#92,.F.);
#1263=ADVANCED_FACE('',(#340),#93,.F.);
#1264=ADVANCED_FACE('',(#341),#94,.F.);
#1265=ADVANCED_FACE('',(#342),#95,.F.);
#1266=ADVANCED_FACE('',(#343),#96,.F.);
#1267=ADVANCED_FACE('',(#344),#97,.F.);
#1268=ADVANCED_FACE('',(#345),#98,.F.);
#1269=ADVANCED_FACE('',(#346),#99,.F.);
#1270=ADVANCED_FACE('',(#347),#100,.F.);
#1271=ADVANCED_FACE('',(#348),#101,.F.);
#1272=ADVANCED_FACE('',(#349),#102,.F.);
#1273=ADVANCED_FACE('',(#350),#103,.F.);
#1274=ADVANCED_FACE('',(#351),#104,.T.);
#1275=ADVANCED_FACE('',(#352),#105,.T.);
#1276=ADVANCED_FACE('',(#353),#106,.T.);
#1277=ADVANCED_FACE('',(#354),#107,.T.);
#1278=ADVANCED_FACE('',(#355),#108,.T.);
#1279=ADVANCED_FACE('',(#356),#109,.F.);
#1280=ADVANCED_FACE('',(#357),#110,.F.);
#1281=ADVANCED_FACE('',(#358),#111,.F.);
#1282=ADVANCED_FACE('',(#359),#112,.F.);
#1283=ADVANCED_FACE('',(#360),#113,.F.);
#1284=ADVANCED_FACE('',(#361),#114,.F.);
#1285=ADVANCED_FACE('',(#362),#115,.F.);
#1286=ADVANCED_FACE('',(#363),#116,.F.);
#1287=ADVANCED_FACE('',(#364,#139),#155,.F.);
#1288=ADVANCED_FACE('',(#365),#117,.F.);
#1289=ADVANCED_FACE('',(#366),#118,.F.);
#1290=ADVANCED_FACE('',(#367),#119,.F.);
#1291=ADVANCED_FACE('',(#368),#120,.T.);
#1292=ADVANCED_FACE('',(#369),#121,.T.);
#1293=ADVANCED_FACE('',(#370),#156,.F.);
#1294=ADVANCED_FACE('',(#371),#122,.T.);
#1295=ADVANCED_FACE('',(#372),#123,.F.);
#1296=ADVANCED_FACE('',(#373),#124,.T.);
#1297=CLOSED_SHELL('',(#1211,#1212,#1213,#1214,#1215,#1216,#1217,#1218,
#1219,#1220,#1221,#1222,#1223,#1224,#1225,#1226,#1227,#1228,#1229,#1230,
#1231,#1232,#1233,#1234,#1235,#1236,#1237,#1238,#1239,#1240,#1241,#1242,
#1243,#1244,#1245,#1246,#1247,#1248,#1249));
#1298=CLOSED_SHELL('',(#1250,#1251,#1252,#1253,#1254,#1255,#1256,#1257,
#1258,#1259,#1260,#1261,#1262,#1263,#1264,#1265,#1266,#1267,#1268,#1269,
#1270,#1271,#1272,#1273,#1274,#1275,#1276,#1277,#1278,#1279,#1280,#1281,
#1282,#1283,#1284,#1285,#1286,#1287,#1288,#1289,#1290,#1291,#1292,#1293,
#1294,#1295,#1296));
#1299=DERIVED_UNIT_ELEMENT(#1301,1.);
#1300=DERIVED_UNIT_ELEMENT(#5652,-3.);
#1301=(
MASS_UNIT()
NAMED_UNIT(*)
SI_UNIT(.KILO.,.GRAM.)
);
#1302=DERIVED_UNIT((#1299,#1300));
#1303=MEASURE_REPRESENTATION_ITEM('density measure',
POSITIVE_RATIO_MEASURE(7850.),#1302);
#1304=PROPERTY_DEFINITION_REPRESENTATION(#1309,#1306);
#1305=PROPERTY_DEFINITION_REPRESENTATION(#1310,#1307);
#1306=REPRESENTATION('material name',(#1308),#5649);
#1307=REPRESENTATION('density',(#1303),#5649);
#1308=DESCRIPTIVE_REPRESENTATION_ITEM('Steel','Steel');
#1309=PROPERTY_DEFINITION('material property','material name',#5664);
#1310=PROPERTY_DEFINITION('material property','density of part',#5664);
#1311=AXIS2_PLACEMENT_3D('',#1679,#1416,#1417);
#1312=AXIS2_PLACEMENT_3D('',#1680,#1418,#1419);
#1313=AXIS2_PLACEMENT_3D('',#1783,#1420,#1421);
#1314=AXIS2_PLACEMENT_3D('',#1784,#1422,#1423);
#1315=AXIS2_PLACEMENT_3D('',#1789,#1425,#1426);
#1316=AXIS2_PLACEMENT_3D('',#1792,#1428,#1429);
#1317=AXIS2_PLACEMENT_3D('',#1793,#1430,#1431);
#1318=AXIS2_PLACEMENT_3D('',#1797,#1433,#1434);
#1319=AXIS2_PLACEMENT_3D('',#1799,#1436,#1437);
#1320=AXIS2_PLACEMENT_3D('',#1804,#1439,#1440);
#1321=AXIS2_PLACEMENT_3D('',#1807,#1442,#1443);
#1322=AXIS2_PLACEMENT_3D('',#1808,#1444,#1445);
#1323=AXIS2_PLACEMENT_3D('',#1812,#1447,#1448);
#1324=AXIS2_PLACEMENT_3D('',#1814,#1450,#1451);
#1325=AXIS2_PLACEMENT_3D('',#1819,#1453,#1454);
#1326=AXIS2_PLACEMENT_3D('',#1822,#1456,#1457);
#1327=AXIS2_PLACEMENT_3D('',#1834,#1458,#1459);
#1328=AXIS2_PLACEMENT_3D('',#1835,#1460,#1461);
#1329=AXIS2_PLACEMENT_3D('',#1836,#1462,#1463);
#1330=AXIS2_PLACEMENT_3D('',#1837,#1464,#1465);
#1331=AXIS2_PLACEMENT_3D('',#1840,#1468,#1469);
#1332=AXIS2_PLACEMENT_3D('',#1845,#1472,#1473);
#1333=AXIS2_PLACEMENT_3D('',#1846,#1474,#1475);
#1334=AXIS2_PLACEMENT_3D('',#1851,#1477,#1478);
#1335=AXIS2_PLACEMENT_3D('',#1854,#1480,#1481);
#1336=AXIS2_PLACEMENT_3D('',#1866,#1482,#1483);
#1337=AXIS2_PLACEMENT_3D('',#1867,#1484,#1485);
#1338=AXIS2_PLACEMENT_3D('',#1868,#1486,#1487);
#1339=AXIS2_PLACEMENT_3D('',#1869,#1488,#1489);
#1340=AXIS2_PLACEMENT_3D('',#1883,#1492,#1493);
#1341=AXIS2_PLACEMENT_3D('',#1884,#1494,#1495);
#1342=AXIS2_PLACEMENT_3D('',#1885,#1496,#1497);
#1343=AXIS2_PLACEMENT_3D('',#1886,#1498,#1499);
#1344=AXIS2_PLACEMENT_3D('',#1889,#1502,#1503);
#1345=AXIS2_PLACEMENT_3D('',#1894,#1506,#1507);
#1346=AXIS2_PLACEMENT_3D('',#1906,#1508,#1509);
#1347=AXIS2_PLACEMENT_3D('',#1907,#1510,#1511);
#1348=AXIS2_PLACEMENT_3D('',#1908,#1512,#1513);
#1349=AXIS2_PLACEMENT_3D('',#1909,#1514,#1515);
#1350=AXIS2_PLACEMENT_3D('',#1912,#1518,#1519);
#1351=AXIS2_PLACEMENT_3D('',#1918,#1523,#1524);
#1352=AXIS2_PLACEMENT_3D('',#1922,#1527,#1528);
#1353=AXIS2_PLACEMENT_3D('',#1925,#1530,#1531);
#1354=AXIS2_PLACEMENT_3D('',#1926,#1532,#1533);
#1355=AXIS2_PLACEMENT_3D('',#1930,#1536,#1537);
#1356=AXIS2_PLACEMENT_3D('',#1934,#1540,#1541);
#1357=AXIS2_PLACEMENT_3D('',#1938,#1544,#1545);
#1358=AXIS2_PLACEMENT_3D('',#1941,#1547,#1548);
#1359=AXIS2_PLACEMENT_3D('',#1942,#1549,#1550);
#1360=AXIS2_PLACEMENT_3D('',#1946,#1553,#1554);
#1361=AXIS2_PLACEMENT_3D('',#1948,#1555,#1556);
#1362=AXIS2_PLACEMENT_3D('',#1949,#1557,#1558);
#1363=AXIS2_PLACEMENT_3D('',#1951,#1559,#1560);
#1364=AXIS2_PLACEMENT_3D('',#1952,#1561,#1562);
#1365=AXIS2_PLACEMENT_3D('',#1953,#1563,#1564);
#1366=AXIS2_PLACEMENT_3D('',#1956,#1566,#1567);
#1367=AXIS2_PLACEMENT_3D('',#1957,#1568,#1569);
#1368=AXIS2_PLACEMENT_3D('',#1959,#1570,#1571);
#1369=AXIS2_PLACEMENT_3D('',#1960,#1572,#1573);
#1370=AXIS2_PLACEMENT_3D('',#1961,#1574,#1575);
#1371=AXIS2_PLACEMENT_3D('',#1962,#1576,#1577);
#1372=AXIS2_PLACEMENT_3D('',#1965,#1578,#1579);
#1373=AXIS2_PLACEMENT_3D('',#1972,#1583,#1584);
#1374=AXIS2_PLACEMENT_3D('',#1978,#1588,#1589);
#1375=AXIS2_PLACEMENT_3D('',#1981,#1592,#1593);
#1376=AXIS2_PLACEMENT_3D('',#1982,#1594,#1595);
#1377=AXIS2_PLACEMENT_3D('',#1984,#1597,#1598);
#1378=AXIS2_PLACEMENT_3D('',#1986,#1600,#1601);
#1379=AXIS2_PLACEMENT_3D('',#1988,#1603,#1604);
#1380=AXIS2_PLACEMENT_3D('',#1990,#1606,#1607);
#1381=AXIS2_PLACEMENT_3D('',#1992,#1609,#1610);
#1382=AXIS2_PLACEMENT_3D('',#1993,#1611,#1612);
#1383=AXIS2_PLACEMENT_3D('',#1996,#1613,#1614);
#1384=AXIS2_PLACEMENT_3D('',#1998,#1615,#1616);
#1385=AXIS2_PLACEMENT_3D('',#1999,#1617,#1618);
#1386=AXIS2_PLACEMENT_3D('',#2000,#1619,#1620);
#1387=AXIS2_PLACEMENT_3D('',#2003,#1621,#1622);
#1388=AXIS2_PLACEMENT_3D('',#2005,#1623,#1624);
#1389=AXIS2_PLACEMENT_3D('',#2006,#1625,#1626);
#1390=AXIS2_PLACEMENT_3D('',#2044,#1627,#1628);
#1391=AXIS2_PLACEMENT_3D('',#2120,#1629,#1630);
#1392=AXIS2_PLACEMENT_3D('',#2182,#1631,#1632);
#1393=AXIS2_PLACEMENT_3D('',#2267,#1633,#1634);
#1394=AXIS2_PLACEMENT_3D('',#2310,#1635,#1636);
#1395=AXIS2_PLACEMENT_3D('',#2397,#1637,#1638);
#1396=AXIS2_PLACEMENT_3D('',#2522,#1639,#1640);
#1397=AXIS2_PLACEMENT_3D('',#2583,#1641,#1642);
#1398=AXIS2_PLACEMENT_3D('',#2659,#1643,#1644);
#1399=AXIS2_PLACEMENT_3D('',#2743,#1645,#1646);
#1400=AXIS2_PLACEMENT_3D('',#2832,#1647,#1648);
#1401=AXIS2_PLACEMENT_3D('',#2871,#1649,#1650);
#1402=AXIS2_PLACEMENT_3D('',#2911,#1651,#1652);
#1403=AXIS2_PLACEMENT_3D('',#2954,#1653,#1654);
#1404=AXIS2_PLACEMENT_3D('',#2999,#1655,#1656);
#1405=AXIS2_PLACEMENT_3D('',#3725,#1657,#1658);
#1406=AXIS2_PLACEMENT_3D('',#3737,#1659,#1660);
#1407=AXIS2_PLACEMENT_3D('',#3769,#1661,#1662);
#1408=AXIS2_PLACEMENT_3D('',#3876,#1663,#1664);
#1409=AXIS2_PLACEMENT_3D('',#3919,#1665,#1666);
#1410=AXIS2_PLACEMENT_3D('',#4017,#1667,#1668);
#1411=AXIS2_PLACEMENT_3D('',#4060,#1669,#1670);
#1412=AXIS2_PLACEMENT_3D('',#4165,#1671,#1672);
#1413=AXIS2_PLACEMENT_3D('',#4228,#1673,#1674);
#1414=AXIS2_PLACEMENT_3D('',#4515,#1675,#1676);
#1415=AXIS2_PLACEMENT_3D('',#5644,#1677,#1678);
#1416=DIRECTION('axis',(0.,0.,1.));
#1417=DIRECTION('refdir',(1.,0.,0.));
#1418=DIRECTION('axis',(0.,0.,1.));
#1419=DIRECTION('refdir',(1.,0.,0.));
#1420=DIRECTION('center_axis',(-2.01548820800744E-15,7.51815042897294E-31,
1.));
#1421=DIRECTION('ref_axis',(5.78327502436127E-16,1.,0.));
#1422=DIRECTION('center_axis',(1.,5.95613210635814E-17,0.));
#1423=DIRECTION('ref_axis',(0.,-0.707106781186548,0.707106781186548));
#1424=DIRECTION('',(1.,5.95613210635814E-17,0.));
#1425=DIRECTION('center_axis',(-1.,0.,0.));
#1426=DIRECTION('ref_axis',(0.,-1.,0.));
#1427=DIRECTION('',(-1.,-5.95613210635814E-17,0.));
#1428=DIRECTION('center_axis',(0.707106781186547,0.707106781186548,0.));
#1429=DIRECTION('ref_axis',(-0.707106781186548,0.707106781186547,0.));
#1430=DIRECTION('center_axis',(0.,1.,0.));
#1431=DIRECTION('ref_axis',(0.707106781186548,0.,0.707106781186548));
#1432=DIRECTION('',(0.,-1.,0.));
#1433=DIRECTION('center_axis',(-0.707106781186548,0.707106781186548,0.));
#1434=DIRECTION('ref_axis',(-0.707106781186547,-0.707106781186547,0.));
#1435=DIRECTION('',(0.,1.,0.));
#1436=DIRECTION('center_axis',(-5.95613210635814E-17,1.,0.));
#1437=DIRECTION('ref_axis',(0.707106781186548,0.,0.707106781186548));
#1438=DIRECTION('',(-5.95613210635814E-17,1.,0.));
#1439=DIRECTION('center_axis',(0.,-1.,0.));
#1440=DIRECTION('ref_axis',(1.,0.,0.));
#1441=DIRECTION('',(5.95613210635814E-17,-1.,0.));
#1442=DIRECTION('center_axis',(-0.707106781186548,0.707106781186547,0.));
#1443=DIRECTION('ref_axis',(-0.707106781186547,-0.707106781186548,0.));
#1444=DIRECTION('center_axis',(-1.,0.,0.));
#1445=DIRECTION('ref_axis',(0.,0.707106781186548,0.707106781186548));
#1446=DIRECTION('',(1.,0.,0.));
#1447=DIRECTION('center_axis',(-0.707106781186548,-0.707106781186547,0.));
#1448=DIRECTION('ref_axis',(0.707106781186547,-0.707106781186548,0.));
#1449=DIRECTION('',(-1.,0.,0.));
#1450=DIRECTION('center_axis',(-1.,0.,0.));
#1451=DIRECTION('ref_axis',(0.,0.707106781186547,0.707106781186548));
#1452=DIRECTION('',(-1.,0.,0.));
#1453=DIRECTION('center_axis',(1.,0.,0.));
#1454=DIRECTION('ref_axis',(0.,1.,0.));
#1455=DIRECTION('',(1.,0.,0.));
#1456=DIRECTION('center_axis',(-0.707106781186547,-0.707106781186548,0.));
#1457=DIRECTION('ref_axis',(0.707106781186548,-0.707106781186547,0.));
#1458=DIRECTION('center_axis',(-6.93889390390723E-16,1.,0.));
#1459=DIRECTION('ref_axis',(-1.,-6.93889390390723E-16,0.));
#1460=DIRECTION('center_axis',(0.,0.,-1.));
#1461=DIRECTION('ref_axis',(-0.707106781186548,0.707106781186547,0.));
#1462=DIRECTION('center_axis',(0.,0.,1.));
#1463=DIRECTION('ref_axis',(-0.707106781186548,0.707106781186547,0.));
#1464=DIRECTION('center_axis',(-1.19122642127163E-16,-1.,0.));
#1465=DIRECTION('ref_axis',(-0.707106781186547,0.,0.707106781186548));
#1466=DIRECTION('',(1.19122642127163E-16,1.,0.));
#1467=DIRECTION('',(-1.19122642127163E-16,-1.,0.));
#1468=DIRECTION('center_axis',(0.,-1.,0.));
#1469=DIRECTION('ref_axis',(-0.707106781186548,0.,0.707106781186548));
#1470=DIRECTION('',(0.,-1.,0.));
#1471=DIRECTION('',(0.,1.,0.));
#1472=DIRECTION('center_axis',(0.707106781186547,-0.707106781186548,0.));
#1473=DIRECTION('ref_axis',(0.707106781186548,0.707106781186547,0.));
#1474=DIRECTION('center_axis',(5.95613210635814E-17,-1.,0.));
#1475=DIRECTION('ref_axis',(-0.707106781186547,0.,0.707106781186548));
#1476=DIRECTION('',(5.95613210635814E-17,-1.,0.));
#1477=DIRECTION('center_axis',(0.,1.,0.));
#1478=DIRECTION('ref_axis',(-1.,0.,0.));
#1479=DIRECTION('',(-5.95613210635814E-17,1.,0.));
#1480=DIRECTION('center_axis',(0.707106781186548,-0.707106781186547,0.));
#1481=DIRECTION('ref_axis',(0.707106781186547,0.707106781186548,0.));
#1482=DIRECTION('center_axis',(-1.,0.,0.));
#1483=DIRECTION('ref_axis',(0.,-1.,0.));
#1484=DIRECTION('center_axis',(0.,0.,-1.));
#1485=DIRECTION('ref_axis',(-0.707106781186548,-0.707106781186547,0.));
#1486=DIRECTION('center_axis',(0.,0.,1.));
#1487=DIRECTION('ref_axis',(-0.707106781186548,-0.707106781186547,0.));
#1488=DIRECTION('center_axis',(1.,0.,0.));
#1489=DIRECTION('ref_axis',(0.,-0.707106781186547,0.707106781186548));
#1490=DIRECTION('',(-1.,0.,0.));
#1491=DIRECTION('',(1.,0.,0.));
#1492=DIRECTION('center_axis',(1.,-6.93889390390723E-16,0.));
#1493=DIRECTION('ref_axis',(6.93889390390723E-16,1.,0.));
#1494=DIRECTION('center_axis',(0.,0.,-1.));
#1495=DIRECTION('ref_axis',(0.707106781186548,0.707106781186547,0.));
#1496=DIRECTION('center_axis',(0.,0.,1.));
#1497=DIRECTION('ref_axis',(0.707106781186548,0.707106781186547,0.));
#1498=DIRECTION('center_axis',(-1.,-1.19122642127163E-16,0.));
#1499=DIRECTION('ref_axis',(0.,0.707106781186548,0.707106781186548));
#1500=DIRECTION('',(1.,1.19122642127163E-16,0.));
#1501=DIRECTION('',(-1.,-1.19122642127163E-16,0.));
#1502=DIRECTION('center_axis',(1.,0.,0.));
#1503=DIRECTION('ref_axis',(0.,-0.707106781186548,0.707106781186548));
#1504=DIRECTION('',(1.,0.,0.));
#1505=DIRECTION('',(-1.,0.,0.));
#1506=DIRECTION('center_axis',(0.707106781186548,0.707106781186547,0.));
#1507=DIRECTION('ref_axis',(-0.707106781186547,0.707106781186548,0.));
#1508=DIRECTION('center_axis',(1.38777878078145E-15,-1.,0.));
#1509=DIRECTION('ref_axis',(1.,1.38777878078145E-15,0.));
#1510=DIRECTION('center_axis',(0.,0.,-1.));
#1511=DIRECTION('ref_axis',(0.707106781186548,-0.707106781186547,0.));
#1512=DIRECTION('center_axis',(0.,0.,1.));
#1513=DIRECTION('ref_axis',(0.707106781186548,-0.707106781186547,0.));
#1514=DIRECTION('center_axis',(5.95613210635814E-17,1.,0.));
#1515=DIRECTION('ref_axis',(0.707106781186548,0.,0.707106781186548));
#1516=DIRECTION('',(-5.95613210635814E-17,-1.,0.));
#1517=DIRECTION('',(5.95613210635814E-17,1.,0.));
#1518=DIRECTION('center_axis',(0.,1.,0.));
#1519=DIRECTION('ref_axis',(-1.,0.,0.));
#1520=DIRECTION('',(0.,0.,1.));
#1521=DIRECTION('',(-1.,0.,0.));
#1522=DIRECTION('',(0.,0.,1.));
#1523=DIRECTION('center_axis',(-1.,1.19122642127163E-16,0.));
#1524=DIRECTION('ref_axis',(-1.19122642127163E-16,-1.,0.));
#1525=DIRECTION('',(0.,0.,1.));
#1526=DIRECTION('',(-1.19122642127163E-16,-1.,0.));
#1527=DIRECTION('center_axis',(0.,0.,1.));
#1528=DIRECTION('ref_axis',(-9.25185853854297E-16,1.,0.));
#1529=DIRECTION('',(0.,0.,1.));
#1530=DIRECTION('center_axis',(0.,0.,1.));
#1531=DIRECTION('ref_axis',(-9.25185853854297E-16,1.,0.));
#1532=DIRECTION('center_axis',(0.,1.,0.));
#1533=DIRECTION('ref_axis',(-1.,0.,0.));
#1534=DIRECTION('',(0.,0.,1.));
#1535=DIRECTION('',(-1.,0.,0.));
#1536=DIRECTION('center_axis',(-1.,0.,0.));
#1537=DIRECTION('ref_axis',(0.,-1.,0.));
#1538=DIRECTION('',(0.,0.,1.));
#1539=DIRECTION('',(0.,-1.,0.));
#1540=DIRECTION('center_axis',(0.,-1.,0.));
#1541=DIRECTION('ref_axis',(1.,0.,0.));
#1542=DIRECTION('',(0.,0.,1.));
#1543=DIRECTION('',(1.,0.,0.));
#1544=DIRECTION('center_axis',(0.,0.,1.));
#1545=DIRECTION('ref_axis',(-1.,4.62592926927149E-16,0.));
#1546=DIRECTION('',(0.,0.,1.));
#1547=DIRECTION('center_axis',(0.,0.,1.));
#1548=DIRECTION('ref_axis',(-1.,4.62592926927149E-16,0.));
#1549=DIRECTION('center_axis',(-1.,-5.95613210635814E-17,0.));
#1550=DIRECTION('ref_axis',(5.95613210635814E-17,-1.,0.));
#1551=DIRECTION('',(0.,0.,1.));
#1552=DIRECTION('',(5.95613210635814E-17,-1.,0.));
#1553=DIRECTION('center_axis',(0.,0.,1.));
#1554=DIRECTION('ref_axis',(1.,0.,0.));
#1555=DIRECTION('center_axis',(0.,0.,-1.));
#1556=DIRECTION('ref_axis',(1.,0.,0.));
#1557=DIRECTION('center_axis',(0.,0.,1.));
#1558=DIRECTION('ref_axis',(1.,0.,0.));
#1559=DIRECTION('center_axis',(1.22464679914735E-16,-1.,0.));
#1560=DIRECTION('ref_axis',(-1.,-1.22464679914735E-16,0.));
#1561=DIRECTION('center_axis',(0.,0.,1.));
#1562=DIRECTION('ref_axis',(1.,0.,0.));
#1563=DIRECTION('center_axis',(0.,0.,1.));
#1564=DIRECTION('ref_axis',(1.,0.,0.));
#1565=DIRECTION('',(0.,0.,-1.));
#1566=DIRECTION('center_axis',(0.,0.,-1.));
#1567=DIRECTION('ref_axis',(1.,0.,0.));
#1568=DIRECTION('center_axis',(0.,0.,1.));
#1569=DIRECTION('ref_axis',(1.,0.,0.));
#1570=DIRECTION('center_axis',(0.,0.,1.));
#1571=DIRECTION('ref_axis',(1.,0.,0.));
#1572=DIRECTION('center_axis',(1.22464679914735E-16,-1.,0.));
#1573=DIRECTION('ref_axis',(-1.,-1.22464679914735E-16,0.));
#1574=DIRECTION('center_axis',(0.,0.,-1.));
#1575=DIRECTION('ref_axis',(1.,0.,0.));
#1576=DIRECTION('center_axis',(0.,0.,-1.));
#1577=DIRECTION('ref_axis',(1.,0.,0.));
#1578=DIRECTION('center_axis',(0.,0.,1.));
#1579=DIRECTION('ref_axis',(1.,-9.25185853854298E-16,0.));
#1580=DIRECTION('',(-5.95613210635814E-17,1.,0.));
#1581=DIRECTION('',(1.,0.,0.));
#1582=DIRECTION('',(5.95613210635814E-17,1.,0.));
#1583=DIRECTION('center_axis',(0.,0.,1.));
#1584=DIRECTION('ref_axis',(-4.62592926927149E-16,-1.,0.));
#1585=DIRECTION('',(1.,5.95613210635814E-17,0.));
#1586=DIRECTION('',(0.,1.,0.));
#1587=DIRECTION('',(-1.,-1.19122642127163E-16,0.));
#1588=DIRECTION('center_axis',(0.,0.,1.));
#1589=DIRECTION('ref_axis',(1.,-9.25185853854298E-16,0.));
#1590=DIRECTION('',(0.,0.,1.));
#1591=DIRECTION('',(0.,0.,1.));
#1592=DIRECTION('center_axis',(1.,5.95613210635814E-17,0.));
#1593=DIRECTION('ref_axis',(-5.95613210635814E-17,1.,0.));
#1594=DIRECTION('center_axis',(0.,-1.,0.));
#1595=DIRECTION('ref_axis',(1.,0.,0.));
#1596=DIRECTION('',(0.,0.,1.));
#1597=DIRECTION('center_axis',(1.,-5.95613210635814E-17,0.));
#1598=DIRECTION('ref_axis',(5.95613210635814E-17,1.,0.));
#1599=DIRECTION('',(0.,0.,1.));
#1600=DIRECTION('center_axis',(0.,0.,1.));
#1601=DIRECTION('ref_axis',(-4.62592926927149E-16,-1.,0.));
#1602=DIRECTION('',(0.,0.,1.));
#1603=DIRECTION('center_axis',(5.95613210635814E-17,-1.,0.));
#1604=DIRECTION('ref_axis',(1.,5.95613210635814E-17,0.));
#1605=DIRECTION('',(0.,0.,1.));
#1606=DIRECTION('center_axis',(1.,0.,0.));
#1607=DIRECTION('ref_axis',(0.,1.,0.));
#1608=DIRECTION('',(0.,0.,1.));
#1609=DIRECTION('center_axis',(-1.19122642127163E-16,1.,0.));
#1610=DIRECTION('ref_axis',(-1.,-1.19122642127163E-16,0.));
#1611=DIRECTION('center_axis',(1.,0.,0.));
#1612=DIRECTION('ref_axis',(0.,-1.,0.));
#1613=DIRECTION('center_axis',(-0.935499169771498,-0.214891791955543,0.280468930733821));
#1614=DIRECTION('ref_axis',(0.290482528404082,-0.0158583520191294,0.95674887685495));
#1615=DIRECTION('center_axis',(-0.0449669617029024,-0.998984248446192,-0.0029058065328411));
#1616=DIRECTION('ref_axis',(-0.81202162371215,0.0348566701446998,0.58258552605631));
#1617=DIRECTION('center_axis',(0.0520335003333989,0.998563555305901,0.0127804873887148));
#1618=DIRECTION('ref_axis',(0.292858750517873,-0.0274930414820424,0.955760370027538));
#1619=DIRECTION('center_axis',(1.,0.,0.));
#1620=DIRECTION('ref_axis',(0.,-1.,0.));
#1621=DIRECTION('center_axis',(0.0465595384003494,-0.998910920435137,-0.00303025071131305));
#1622=DIRECTION('ref_axis',(-0.290298904828707,-0.0164334087359831,0.956794904319922));
#1623=DIRECTION('center_axis',(0.939310905016003,-0.195908025610144,0.281629311719418));
#1624=DIRECTION('ref_axis',(-0.292569700869611,-0.0287334846362986,0.955812406800478));
#1625=DIRECTION('center_axis',(-0.0540336373528546,0.99844818100882,0.0134757513556487));
#1626=DIRECTION('ref_axis',(0.811966949359249,0.0360787132854661,0.582587332162226));
#1627=DIRECTION('center_axis',(-0.999999999943133,-1.0655914002537E-5,-4.31004580820752E-7));
#1628=DIRECTION('ref_axis',(1.72630261701588E-7,-0.0565830699887725,0.998397894724651));
#1629=DIRECTION('center_axis',(-1.325089950237E-9,1.,1.71037123058761E-9));
#1630=DIRECTION('ref_axis',(-0.294770341425542,-2.02497345076562E-9,0.955568127249894));
#1631=DIRECTION('center_axis',(0.128704189748899,0.950951922904782,0.281292857827525));
#1632=DIRECTION('ref_axis',(-0.273191777115719,-0.238676795134467,0.931879627624027));
#1633=DIRECTION('center_axis',(0.730734008430652,0.545258987387614,0.410755944078604));
#1634=DIRECTION('ref_axis',(-0.236216461613606,-0.362570308646605,0.901523463117102));
#1635=DIRECTION('center_axis',(0.804443402330167,0.45072445095654,0.386934467006226));
#1636=DIRECTION('ref_axis',(-0.223351102531433,-0.374078450693316,0.900099770983685));
#1637=DIRECTION('center_axis',(0.999999999999993,1.04276935752832E-7,4.83221035406939E-8));
#1638=DIRECTION('ref_axis',(-2.08884746013629E-9,-0.403891325429173,0.914806972668588));
#1639=DIRECTION('center_axis',(0.804342489296413,-0.450809988385852,-0.387044589529421));
#1640=DIRECTION('ref_axis',(0.223468520508484,-0.374052191438887,0.900081539873758));
#1641=DIRECTION('center_axis',(0.730785688427394,-0.545147601881747,-0.410811842273663));
#1642=DIRECTION('ref_axis',(0.236317974244277,-0.362561098747324,0.901500562797503));
#1643=DIRECTION('center_axis',(0.128700028271585,-0.950955228358138,-0.281283587116658));
#1644=DIRECTION('ref_axis',(0.273329761255582,-0.238640205226749,0.931848536008563));
#1645=DIRECTION('center_axis',(-1.28903862364363E-9,-1.,-1.66344325616008E-9));
#1646=DIRECTION('ref_axis',(0.294913599145923,-1.96961484715526E-9,0.955523923844295));
#1647=DIRECTION('center_axis',(-0.414692329945509,-0.909419224072471,-0.031415702630851));
#1648=DIRECTION('ref_axis',(0.220876961461176,-0.134090856566823,0.966039859467949));
#1649=DIRECTION('center_axis',(-0.90894817795583,-0.415745475674003,0.0311273071012155));
#1650=DIRECTION('ref_axis',(0.134095361422586,-0.220844993872318,0.966046542733052));
#1651=DIRECTION('center_axis',(-1.,-8.64450039823683E-9,2.55427063326388E-9));
#1652=DIRECTION('ref_axis',(4.97755078079437E-9,-0.293323387018497,0.956013279524922));
#1653=DIRECTION('center_axis',(-0.908948175219426,0.415745482096434,-0.0311273012270413));
#1654=DIRECTION('ref_axis',(-0.134095360077608,-0.220845000384568,0.966046541431));
#1655=DIRECTION('center_axis',(-0.414692602872058,0.909419103782543,0.0314155820979592));
#1656=DIRECTION('ref_axis',(-0.220876995180797,-0.134090827801096,0.966039855751055));
#1657=DIRECTION('center_axis',(-0.0187999390494257,-0.999823265528332,0.));
#1658=DIRECTION('ref_axis',(-0.97266335106982,0.0182892440556082,0.231498399643501));
#1659=DIRECTION('center_axis',(-0.01879993904942,0.999823265528332,0.));
#1660=DIRECTION('ref_axis',(0.,0.,-1.));
#1661=DIRECTION('center_axis',(-0.999822524548376,-0.0188393048097118,0.));
#1662=DIRECTION('ref_axis',(-0.0183501762916426,0.97386393877761,0.226389707757719));
#1663=DIRECTION('center_axis',(-0.999822522774776,0.0188393989363304,0.));
#1664=DIRECTION('ref_axis',(0.0183502637452204,0.973863712602209,0.226390673608969));
#1665=DIRECTION('center_axis',(-0.0188001072406405,0.999823262365775,0.));
#1666=DIRECTION('ref_axis',(0.972663663881428,0.0182894136177394,0.231497071934563));
#1667=DIRECTION('center_axis',(0.0188001072393682,0.999823262365799,0.));
#1668=DIRECTION('ref_axis',(0.972663663881438,-0.0182894136165013,0.231497071934619));
#1669=DIRECTION('center_axis',(0.999822522774729,0.0188393989388568,0.));
#1670=DIRECTION('ref_axis',(0.0183502637476797,-0.973863712602081,0.226390673609321));
#1671=DIRECTION('center_axis',(0.999822524548404,-0.0188393048082085,0.));
#1672=DIRECTION('ref_axis',(-0.0183501762901773,-0.973863938777579,0.226389707757968));
#1673=DIRECTION('center_axis',(0.,0.,1.));
#1674=DIRECTION('ref_axis',(1.,0.,0.));
#1675=DIRECTION('center_axis',(1.10995831042484E-37,1.86394621411427E-33,
1.));
#1676=DIRECTION('ref_axis',(1.,0.,-1.10995831042484E-37));
#1677=DIRECTION('',(1.24032728532342E-16,2.168404344971E-19,-1.));
#1678=DIRECTION('',(-1.,7.30396510417383E-18,-1.24032728532342E-16));
#1679=CARTESIAN_POINT('',(0.,0.,0.));
#1680=CARTESIAN_POINT('',(0.,0.,0.));
#1681=CARTESIAN_POINT('Ctrl Pts',(-5.55111512312578E-16,4.,0.));
#1682=CARTESIAN_POINT('Ctrl Pts',(4.,4.,8.06195283202975E-15));
#1683=CARTESIAN_POINT('Ctrl Pts',(4.,-2.31331000974451E-15,8.06195283202975E-15));
#1684=CARTESIAN_POINT('Ctrl Pts',(3.99999999999999,-4.,8.06195283202975E-15));
#1685=CARTESIAN_POINT('Ctrl Pts',(-5.1817315318016E-15,-4.,0.));
#1686=CARTESIAN_POINT('Ctrl Pts',(-4.,-4.,-8.06195283202975E-15));
#1687=CARTESIAN_POINT('Ctrl Pts',(-4.,2.31331000974451E-15,-8.06195283202975E-15));
#1688=CARTESIAN_POINT('Ctrl Pts',(-4.,4.,-8.06195283202975E-15));
#1689=CARTESIAN_POINT('Ctrl Pts',(-5.55111512312578E-16,4.,0.));
#1690=CARTESIAN_POINT('Ctrl Pts',(-5.55111512312578E-16,3.91123814823274,
-0.133142837170378));
#1691=CARTESIAN_POINT('Ctrl Pts',(3.91123814823274,3.91123814823274,-0.13314283717037));
#1692=CARTESIAN_POINT('Ctrl Pts',(3.91123814823274,-2.04496219144696E-15,
-0.13314283717037));
#1693=CARTESIAN_POINT('Ctrl Pts',(3.91123814823273,-3.91123814823274,-0.13314283717037));
#1694=CARTESIAN_POINT('Ctrl Pts',(-4.64503589520649E-15,-3.91123814823274,
-0.133142837170378));
#1695=CARTESIAN_POINT('Ctrl Pts',(-3.91123814823274,-3.91123814823274,-0.133142837170386));
#1696=CARTESIAN_POINT('Ctrl Pts',(-3.91123814823274,2.04496219144696E-15,
-0.133142837170386));
#1697=CARTESIAN_POINT('Ctrl Pts',(-3.91123814823274,3.91123814823274,-0.133142837170386));
#1698=CARTESIAN_POINT('Ctrl Pts',(-5.55111512312578E-16,3.91123814823274,
-0.133142837170378));
#1699=CARTESIAN_POINT('Ctrl Pts',(-5.43775974896351E-16,3.71262053001822,
-0.368562576103136));
#1700=CARTESIAN_POINT('Ctrl Pts',(3.71262053001822,3.71262053001822,-0.368562576103128));
#1701=CARTESIAN_POINT('Ctrl Pts',(3.71262053001822,-1.58181202111202E-15,
-0.368562576103128));
#1702=CARTESIAN_POINT('Ctrl Pts',(3.71262053001821,-3.71262053001822,-0.368562576103128));
#1703=CARTESIAN_POINT('Ctrl Pts',(-3.70740001712039E-15,-3.71262053001822,
-0.368562576103136));
#1704=CARTESIAN_POINT('Ctrl Pts',(-3.71262053001822,-3.71262053001822,-0.368562576103143));
#1705=CARTESIAN_POINT('Ctrl Pts',(-3.71262053001822,1.58181202111202E-15,
-0.368562576103143));
#1706=CARTESIAN_POINT('Ctrl Pts',(-3.71262053001822,3.71262053001822,-0.368562576103143));
#1707=CARTESIAN_POINT('Ctrl Pts',(-5.43775974896351E-16,3.71262053001822,
-0.368562576103136));
#1708=CARTESIAN_POINT('Ctrl Pts',(-4.92801268646947E-16,3.35146957396829,
-0.629180070529405));
#1709=CARTESIAN_POINT('Ctrl Pts',(3.35146957396829,3.35146957396829,-0.629180070529399));
#1710=CARTESIAN_POINT('Ctrl Pts',(3.35146957396829,-1.10751524054483E-15,
-0.629180070529399));
#1711=CARTESIAN_POINT('Ctrl Pts',(3.35146957396829,-3.35146957396829,-0.629180070529399));
#1712=CARTESIAN_POINT('Ctrl Pts',(-2.70783174973662E-15,-3.35146957396829,
-0.629180070529405));
#1713=CARTESIAN_POINT('Ctrl Pts',(-3.35146957396829,-3.35146957396829,-0.629180070529412));
#1714=CARTESIAN_POINT('Ctrl Pts',(-3.35146957396829,1.10751524054484E-15,
-0.629180070529412));
#1715=CARTESIAN_POINT('Ctrl Pts',(-3.35146957396829,3.35146957396829,-0.629180070529412));
#1716=CARTESIAN_POINT('Ctrl Pts',(-4.92801268646947E-16,3.35146957396829,
-0.629180070529405));
#1717=CARTESIAN_POINT('Ctrl Pts',(-3.7026359256983E-16,2.7611784925861,
-0.819240289650013));
#1718=CARTESIAN_POINT('Ctrl Pts',(2.7611784925861,2.7611784925861,-0.819240289650007));
#1719=CARTESIAN_POINT('Ctrl Pts',(2.7611784925861,-8.46988786173058E-16,
-0.819240289650007));
#1720=CARTESIAN_POINT('Ctrl Pts',(2.7611784925861,-2.7611784925861,-0.819240289650007));
#1721=CARTESIAN_POINT('Ctrl Pts',(-2.06424116491595E-15,-2.7611784925861,
-0.819240289650013));
#1722=CARTESIAN_POINT('Ctrl Pts',(-2.7611784925861,-2.7611784925861,-0.819240289650018));
#1723=CARTESIAN_POINT('Ctrl Pts',(-2.7611784925861,8.46988786173059E-16,
-0.819240289650018));
#1724=CARTESIAN_POINT('Ctrl Pts',(-2.7611784925861,2.7611784925861,-0.819240289650018));
#1725=CARTESIAN_POINT('Ctrl Pts',(-3.7026359256983E-16,2.7611784925861,
-0.819240289650013));
#1726=CARTESIAN_POINT('Ctrl Pts',(-1.84847919742781E-16,1.90442181265768,
-0.896814427272403));
#1727=CARTESIAN_POINT('Ctrl Pts',(1.90442181265768,1.90442181265768,-0.896814427272399));
#1728=CARTESIAN_POINT('Ctrl Pts',(1.90442181265768,-8.76054699375833E-16,
-0.896814427272399));
#1729=CARTESIAN_POINT('Ctrl Pts',(1.90442181265768,-1.90442181265768,-0.896814427272399));
#1730=CARTESIAN_POINT('Ctrl Pts',(-1.93695731849445E-15,-1.90442181265768,
-0.896814427272403));
#1731=CARTESIAN_POINT('Ctrl Pts',(-1.90442181265769,-1.90442181265768,-0.896814427272407));
#1732=CARTESIAN_POINT('Ctrl Pts',(-1.90442181265769,8.76054699375833E-16,
-0.896814427272407));
#1733=CARTESIAN_POINT('Ctrl Pts',(-1.90442181265768,1.90442181265768,-0.896814427272407));
#1734=CARTESIAN_POINT('Ctrl Pts',(-1.84847919742781E-16,1.90442181265768,
-0.896814427272403));
#1735=CARTESIAN_POINT('Ctrl Pts',(-6.23102436656502E-17,1.16326137833951,
-0.901902300125374));
#1736=CARTESIAN_POINT('Ctrl Pts',(1.16326137833951,1.16326137833951,-0.901902300125371));
#1737=CARTESIAN_POINT('Ctrl Pts',(1.16326137833951,-9.8833782771396E-16,
-0.901902300125371));
#1738=CARTESIAN_POINT('Ctrl Pts',(1.16326137833951,-1.16326137833951,-0.901902300125371));
#1739=CARTESIAN_POINT('Ctrl Pts',(-2.03898589909357E-15,-1.16326137833951,
-0.901902300125374));
#1740=CARTESIAN_POINT('Ctrl Pts',(-1.16326137833951,-1.16326137833951,-0.901902300125376));
#1741=CARTESIAN_POINT('Ctrl Pts',(-1.16326137833951,9.88337827713961E-16,
-0.901902300125376));
#1742=CARTESIAN_POINT('Ctrl Pts',(-1.16326137833951,1.16326137833951,-0.901902300125376));
#1743=CARTESIAN_POINT('Ctrl Pts',(-6.23102436656502E-17,1.16326137833951,
-0.901902300125374));
#1744=CARTESIAN_POINT('Ctrl Pts',(-1.13355374162301E-17,0.588274656531236,
-0.900347905174989));
#1745=CARTESIAN_POINT('Ctrl Pts',(0.588274656531236,0.588274656531235,-0.900347905174988));
#1746=CARTESIAN_POINT('Ctrl Pts',(0.588274656531235,-1.04244539865647E-15,
-0.900347905174988));
#1747=CARTESIAN_POINT('Ctrl Pts',(0.588274656531234,-0.588274656531237,
-0.900347905174988));
#1748=CARTESIAN_POINT('Ctrl Pts',(-2.09622633472916E-15,-0.588274656531236,
-0.900347905174989));
#1749=CARTESIAN_POINT('Ctrl Pts',(-0.588274656531238,-0.588274656531235,
-0.90034790517499));
#1750=CARTESIAN_POINT('Ctrl Pts',(-0.588274656531237,1.04244539865647E-15,
-0.90034790517499));
#1751=CARTESIAN_POINT('Ctrl Pts',(-0.588274656531236,0.588274656531237,
-0.90034790517499));
#1752=CARTESIAN_POINT('Ctrl Pts',(-1.13355374162301E-17,0.588274656531236,
-0.900347905174989));
#1753=CARTESIAN_POINT('Ctrl Pts',(0.,0.197357401844166,-0.899999979883432));
#1754=CARTESIAN_POINT('Ctrl Pts',(0.197357401844166,0.197357401844165,-0.899999979883432));
#1755=CARTESIAN_POINT('Ctrl Pts',(0.197357401844165,-1.0544821753951E-15,
-0.899999979883432));
#1756=CARTESIAN_POINT('Ctrl Pts',(0.197357401844164,-0.197357401844167,
-0.899999979883432));
#1757=CARTESIAN_POINT('Ctrl Pts',(-2.10896435079019E-15,-0.197357401844166,
-0.899999979883432));
#1758=CARTESIAN_POINT('Ctrl Pts',(-0.197357401844168,-0.197357401844165,
-0.899999979883433));
#1759=CARTESIAN_POINT('Ctrl Pts',(-0.197357401844167,1.0544821753951E-15,
-0.899999979883433));
#1760=CARTESIAN_POINT('Ctrl Pts',(-0.197357401844166,0.197357401844167,
-0.899999979883433));
#1761=CARTESIAN_POINT('Ctrl Pts',(0.,0.197357401844166,-0.899999979883432));
#1762=CARTESIAN_POINT('Ctrl Pts',(0.,0.,-0.899999979883432));
#1763=CARTESIAN_POINT('Ctrl Pts',(-6.16297582203915E-31,-1.0544821753951E-15,
-0.899999979883432));
#1764=CARTESIAN_POINT('Ctrl Pts',(-1.0544821753951E-15,-1.0544821753951E-15,
-0.899999979883432));
#1765=CARTESIAN_POINT('Ctrl Pts',(-2.10896435079019E-15,-1.0544821753951E-15,
-0.899999979883432));
#1766=CARTESIAN_POINT('Ctrl Pts',(-2.10896435079019E-15,7.86683403831823E-31,
-0.899999979883432));
#1767=CARTESIAN_POINT('Ctrl Pts',(-2.10896435079019E-15,1.0544821753951E-15,
-0.899999979883432));
#1768=CARTESIAN_POINT('Ctrl Pts',(-1.0544821753951E-15,1.0544821753951E-15,
-0.899999979883432));
#1769=CARTESIAN_POINT('Ctrl Pts',(1.23259516440783E-31,1.0544821753951E-15,
-0.899999979883432));
#1770=CARTESIAN_POINT('Ctrl Pts',(0.,0.,-0.899999979883432));
#1771=CARTESIAN_POINT('',(-5.55111512312578E-16,4.,0.));
#1772=CARTESIAN_POINT('',(0.,0.,-0.899999979883432));
#1773=CARTESIAN_POINT('Ctrl Pts',(-5.55111512312578E-16,4.,0.));
#1774=CARTESIAN_POINT('Ctrl Pts',(-5.55111512312578E-16,3.91123814823274,
-0.133142837170378));
#1775=CARTESIAN_POINT('Ctrl Pts',(-5.43775974896351E-16,3.71262053001822,
-0.368562576103136));
#1776=CARTESIAN_POINT('Ctrl Pts',(-4.92801268646947E-16,3.35146957396829,
-0.629180070529405));
#1777=CARTESIAN_POINT('Ctrl Pts',(-3.7026359256983E-16,2.7611784925861,
-0.819240289650013));
#1778=CARTESIAN_POINT('Ctrl Pts',(-1.84847919742781E-16,1.90442181265768,
-0.896814427272403));
#1779=CARTESIAN_POINT('Ctrl Pts',(-6.23102436656502E-17,1.16326137833951,
-0.901902300125374));
#1780=CARTESIAN_POINT('Ctrl Pts',(-1.13355374162301E-17,0.588274656531236,
-0.900347905174989));
#1781=CARTESIAN_POINT('Ctrl Pts',(0.,0.197357401844166,-0.899999979883432));
#1782=CARTESIAN_POINT('Ctrl Pts',(0.,0.,-0.899999979883432));
#1783=CARTESIAN_POINT('Origin',(-2.86842152205709E-15,1.06997522539954E-30,
0.));
#1784=CARTESIAN_POINT('Origin',(-1.025,0.785,3.1));
#1785=CARTESIAN_POINT('',(-2.05,0.585,3.1));
#1786=CARTESIAN_POINT('',(-0.885,0.585,3.1));
#1787=CARTESIAN_POINT('',(-1.025,0.585,3.1));
#1788=CARTESIAN_POINT('',(-0.885,0.785,3.3));
#1789=CARTESIAN_POINT('Origin',(-0.885,0.785,3.1));
#1790=CARTESIAN_POINT('',(-2.25,0.785,3.3));
#1791=CARTESIAN_POINT('',(-1.025,0.785,3.3));
#1792=CARTESIAN_POINT('Origin',(-2.25,0.785,3.1));
#1793=CARTESIAN_POINT('Origin',(-2.25,-0.2925,3.1));
#1794=CARTESIAN_POINT('',(-2.25,-0.785,3.3));
#1795=CARTESIAN_POINT('',(-2.25,-0.2925,3.3));
#1796=CARTESIAN_POINT('',(-2.05,-0.585,3.1));
#1797=CARTESIAN_POINT('Origin',(-2.25,-0.785,3.1));
#1798=CARTESIAN_POINT('',(-2.05,-0.2925,3.1));
#1799=CARTESIAN_POINT('Origin',(-0.785,-1.025,3.1));
#1800=CARTESIAN_POINT('',(-0.585,-2.05,3.1));
#1801=CARTESIAN_POINT('',(-0.585,-0.885,3.1));
#1802=CARTESIAN_POINT('',(-0.585,-1.025,3.1));
#1803=CARTESIAN_POINT('',(-0.785,-0.885,3.3));
#1804=CARTESIAN_POINT('Origin',(-0.785,-0.885,3.1));
#1805=CARTESIAN_POINT('',(-0.785,-2.25,3.3));
#1806=CARTESIAN_POINT('',(-0.785,-1.025,3.3));
#1807=CARTESIAN_POINT('Origin',(-0.785,-2.25,3.1));
#1808=CARTESIAN_POINT('Origin',(0.2925,-2.25,3.1));
#1809=CARTESIAN_POINT('',(0.785,-2.25,3.3));
#1810=CARTESIAN_POINT('',(0.2925,-2.25,3.3));
#1811=CARTESIAN_POINT('',(0.585,-2.05,3.1));
#1812=CARTESIAN_POINT('Origin',(0.785,-2.25,3.1));
#1813=CARTESIAN_POINT('',(0.2925,-2.05,3.1));
#1814=CARTESIAN_POINT('Origin',(1.025,-0.785,3.1));
#1815=CARTESIAN_POINT('',(2.05,-0.585,3.1));
#1816=CARTESIAN_POINT('',(0.885,-0.585,3.1));
#1817=CARTESIAN_POINT('',(1.025,-0.585,3.1));
#1818=CARTESIAN_POINT('',(0.885,-0.785,3.3));
#1819=CARTESIAN_POINT('Origin',(0.885,-0.785,3.1));
#1820=CARTESIAN_POINT('',(2.25,-0.785,3.3));
#1821=CARTESIAN_POINT('',(1.025,-0.785,3.3));
#1822=CARTESIAN_POINT('Origin',(2.25,-0.785,3.1));
#1823=CARTESIAN_POINT('Ctrl Pts',(0.885,-0.585,3.1));
#1824=CARTESIAN_POINT('Ctrl Pts',(0.585,-0.585,3.1));
#1825=CARTESIAN_POINT('Ctrl Pts',(0.585,-0.885,3.1));
#1826=CARTESIAN_POINT('Ctrl Pts',(0.885,-0.585,3.3));
#1827=CARTESIAN_POINT('Ctrl Pts',(0.585,-0.585,3.3));
#1828=CARTESIAN_POINT('Ctrl Pts',(0.585,-0.885,3.3));
#1829=CARTESIAN_POINT('Ctrl Pts',(0.885,-0.785,3.3));
#1830=CARTESIAN_POINT('Ctrl Pts',(0.785,-0.785,3.3));
#1831=CARTESIAN_POINT('Ctrl Pts',(0.785,-0.885,3.3));
#1832=CARTESIAN_POINT('',(0.585,-0.885,3.1));
#1833=CARTESIAN_POINT('',(0.785,-0.885,3.3));
#1834=CARTESIAN_POINT('Origin',(0.785,-0.885,3.1));
#1835=CARTESIAN_POINT('Origin',(0.885,-0.885,3.3));
#1836=CARTESIAN_POINT('Origin',(0.885,-0.885,3.1));
#1837=CARTESIAN_POINT('Origin',(0.785,-0.4425,3.1));
#1838=CARTESIAN_POINT('',(0.785,-0.4425,3.3));
#1839=CARTESIAN_POINT('',(0.585,-0.4425,3.1));
#1840=CARTESIAN_POINT('Origin',(2.25,0.2925,3.1));
#1841=CARTESIAN_POINT('',(2.05,0.585,3.1));
#1842=CARTESIAN_POINT('',(2.05,0.2925,3.1));
#1843=CARTESIAN_POINT('',(2.25,0.785,3.3));
#1844=CARTESIAN_POINT('',(2.25,0.2925,3.3));
#1845=CARTESIAN_POINT('Origin',(2.25,0.785,3.1));
#1846=CARTESIAN_POINT('Origin',(0.785,1.025,3.1));
#1847=CARTESIAN_POINT('',(0.585,2.05,3.1));
#1848=CARTESIAN_POINT('',(0.585,0.885,3.1));
#1849=CARTESIAN_POINT('',(0.585,1.025,3.1));
#1850=CARTESIAN_POINT('',(0.785,0.885,3.3));
#1851=CARTESIAN_POINT('Origin',(0.785,0.885,3.1));
#1852=CARTESIAN_POINT('',(0.785,2.25,3.3));
#1853=CARTESIAN_POINT('',(0.785,1.025,3.3));
#1854=CARTESIAN_POINT('Origin',(0.785,2.25,3.1));
#1855=CARTESIAN_POINT('Ctrl Pts',(0.585,0.885,3.1));
#1856=CARTESIAN_POINT('Ctrl Pts',(0.585,0.585,3.1));
#1857=CARTESIAN_POINT('Ctrl Pts',(0.885,0.585,3.1));
#1858=CARTESIAN_POINT('Ctrl Pts',(0.585,0.885,3.3));
#1859=CARTESIAN_POINT('Ctrl Pts',(0.585,0.585,3.3));
#1860=CARTESIAN_POINT('Ctrl Pts',(0.885,0.585,3.3));
#1861=CARTESIAN_POINT('Ctrl Pts',(0.785,0.885,3.3));
#1862=CARTESIAN_POINT('Ctrl Pts',(0.785,0.785,3.3));
#1863=CARTESIAN_POINT('Ctrl Pts',(0.885,0.785,3.3));
#1864=CARTESIAN_POINT('',(0.885,0.585,3.1));
#1865=CARTESIAN_POINT('',(0.885,0.785,3.3));
#1866=CARTESIAN_POINT('Origin',(0.885,0.785,3.1));
#1867=CARTESIAN_POINT('Origin',(0.885,0.885,3.3));
#1868=CARTESIAN_POINT('Origin',(0.885,0.885,3.1));
#1869=CARTESIAN_POINT('Origin',(0.4425,0.785,3.1));
#1870=CARTESIAN_POINT('',(0.4425,0.785,3.3));
#1871=CARTESIAN_POINT('',(0.4425,0.585,3.1));
#1872=CARTESIAN_POINT('Ctrl Pts',(-0.585,-0.885,3.1));
#1873=CARTESIAN_POINT('Ctrl Pts',(-0.584999999999999,-0.584999999999999,
3.1));
#1874=CARTESIAN_POINT('Ctrl Pts',(-0.885,-0.585,3.1));
#1875=CARTESIAN_POINT('Ctrl Pts',(-0.585,-0.885,3.3));
#1876=CARTESIAN_POINT('Ctrl Pts',(-0.584999999999999,-0.584999999999999,
3.3));
#1877=CARTESIAN_POINT('Ctrl Pts',(-0.885,-0.585,3.3));
#1878=CARTESIAN_POINT('Ctrl Pts',(-0.785,-0.885,3.3));
#1879=CARTESIAN_POINT('Ctrl Pts',(-0.785,-0.785,3.3));
#1880=CARTESIAN_POINT('Ctrl Pts',(-0.885,-0.785,3.3));
#1881=CARTESIAN_POINT('',(-0.885,-0.585,3.1));
#1882=CARTESIAN_POINT('',(-0.885,-0.785,3.3));
#1883=CARTESIAN_POINT('Origin',(-0.885,-0.785,3.1));
#1884=CARTESIAN_POINT('Origin',(-0.885,-0.885,3.3));
#1885=CARTESIAN_POINT('Origin',(-0.885,-0.885,3.1));
#1886=CARTESIAN_POINT('Origin',(-0.4425,-0.785,3.1));
#1887=CARTESIAN_POINT('',(-0.4425,-0.785,3.3));
#1888=CARTESIAN_POINT('',(-0.4425,-0.585,3.1));
#1889=CARTESIAN_POINT('Origin',(-0.2925,2.25,3.1));
#1890=CARTESIAN_POINT('',(-0.585,2.05,3.1));
#1891=CARTESIAN_POINT('',(-0.2925,2.05,3.1));
#1892=CARTESIAN_POINT('',(-0.785,2.25,3.3));
#1893=CARTESIAN_POINT('',(-0.2925,2.25,3.3));
#1894=CARTESIAN_POINT('Origin',(-0.785,2.25,3.1));
#1895=CARTESIAN_POINT('Ctrl Pts',(-0.885,0.585,3.1));
#1896=CARTESIAN_POINT('Ctrl Pts',(-0.585,0.585,3.1));
#1897=CARTESIAN_POINT('Ctrl Pts',(-0.585,0.885,3.1));
#1898=CARTESIAN_POINT('Ctrl Pts',(-0.885,0.585,3.3));
#1899=CARTESIAN_POINT('Ctrl Pts',(-0.585,0.585,3.3));
#1900=CARTESIAN_POINT('Ctrl Pts',(-0.585,0.885,3.3));
#1901=CARTESIAN_POINT('Ctrl Pts',(-0.885,0.785,3.3));
#1902=CARTESIAN_POINT('Ctrl Pts',(-0.785,0.785,3.3));
#1903=CARTESIAN_POINT('Ctrl Pts',(-0.785,0.885,3.3));
#1904=CARTESIAN_POINT('',(-0.585,0.885,3.1));
#1905=CARTESIAN_POINT('',(-0.785,0.885,3.3));
#1906=CARTESIAN_POINT('Origin',(-0.785,0.885,3.1));
#1907=CARTESIAN_POINT('Origin',(-0.885,0.885,3.3));
#1908=CARTESIAN_POINT('Origin',(-0.885,0.885,3.1));
#1909=CARTESIAN_POINT('Origin',(-0.785,0.4425,3.1));
#1910=CARTESIAN_POINT('',(-0.785,0.4425,3.3));
#1911=CARTESIAN_POINT('',(-0.585,0.4425,3.1));
#1912=CARTESIAN_POINT('Origin',(0.585,-2.05,0.));
#1913=CARTESIAN_POINT('',(0.585,-2.05,0.));
#1914=CARTESIAN_POINT('',(0.585,-2.05,0.));
#1915=CARTESIAN_POINT('',(-0.585,-2.05,0.));
#1916=CARTESIAN_POINT('',(0.585,-2.05,0.));
#1917=CARTESIAN_POINT('',(-0.585,-2.05,0.));
#1918=CARTESIAN_POINT('Origin',(0.585,-0.885,0.));
#1919=CARTESIAN_POINT('',(0.585,-0.885,0.));
#1920=CARTESIAN_POINT('',(0.585,-0.885,0.));
#1921=CARTESIAN_POINT('',(0.585,-0.885,0.));
#1922=CARTESIAN_POINT('Origin',(0.885,-0.885,0.));
#1923=CARTESIAN_POINT('',(0.885,-0.585,0.));
#1924=CARTESIAN_POINT('',(0.885,-0.585,0.));
#1925=CARTESIAN_POINT('Origin',(0.885,-0.885,0.));
#1926=CARTESIAN_POINT('Origin',(2.05,-0.585,0.));
#1927=CARTESIAN_POINT('',(2.05,-0.585,0.));
#1928=CARTESIAN_POINT('',(2.05,-0.585,0.));
#1929=CARTESIAN_POINT('',(2.05,-0.585,0.));
#1930=CARTESIAN_POINT('Origin',(2.05,0.585,0.));
#1931=CARTESIAN_POINT('',(2.05,0.585,0.));
#1932=CARTESIAN_POINT('',(2.05,0.585,0.));
#1933=CARTESIAN_POINT('',(2.05,0.585,0.));
#1934=CARTESIAN_POINT('Origin',(0.885,0.585,0.));
#1935=CARTESIAN_POINT('',(0.885,0.585,0.));
#1936=CARTESIAN_POINT('',(0.885,0.585,0.));
#1937=CARTESIAN_POINT('',(0.885,0.585,0.));
#1938=CARTESIAN_POINT('Origin',(0.885,0.885,0.));
#1939=CARTESIAN_POINT('',(0.585,0.885,0.));
#1940=CARTESIAN_POINT('',(0.585,0.885,0.));
#1941=CARTESIAN_POINT('Origin',(0.885,0.885,0.));
#1942=CARTESIAN_POINT('Origin',(0.585,2.05,0.));
#1943=CARTESIAN_POINT('',(0.585,2.05,0.));
#1944=CARTESIAN_POINT('',(0.585,2.05,0.));
#1945=CARTESIAN_POINT('',(0.585,2.05,0.));
#1946=CARTESIAN_POINT('Origin',(0.,0.,3.3));
#1947=CARTESIAN_POINT('',(-2.55,3.12284933782575E-16,3.3));
#1948=CARTESIAN_POINT('Origin',(0.,0.,3.3));
#1949=CARTESIAN_POINT('Origin',(0.,0.,3.1));
#1950=CARTESIAN_POINT('',(-2.75,-3.36777869765522E-16,3.1));
#1951=CARTESIAN_POINT('Origin',(-2.55,-3.12284933782575E-16,3.1));
#1952=CARTESIAN_POINT('Origin',(0.,0.,3.1));
#1953=CARTESIAN_POINT('Origin',(0.,0.,0.));
#1954=CARTESIAN_POINT('',(-2.75,3.36777869765522E-16,0.25));
#1955=CARTESIAN_POINT('',(-2.75,-3.36777869765522E-16,0.));
#1956=CARTESIAN_POINT('Origin',(0.,0.,0.25));
#1957=CARTESIAN_POINT('Origin',(0.,0.,0.25));
#1958=CARTESIAN_POINT('',(-3.,-3.67394039744206E-16,0.));
#1959=CARTESIAN_POINT('Origin',(0.,0.,0.));
#1960=CARTESIAN_POINT('Origin',(-3.,-3.67394039744206E-16,0.25));
#1961=CARTESIAN_POINT('Origin',(0.,0.,0.));
#1962=CARTESIAN_POINT('Origin',(0.,0.,0.));
#1963=CARTESIAN_POINT('',(-0.585,-0.885,0.));
#1964=CARTESIAN_POINT('',(-0.885,-0.585,0.));
#1965=CARTESIAN_POINT('Origin',(-0.885,-0.885,0.));
#1966=CARTESIAN_POINT('',(-0.585,-0.885,0.));
#1967=CARTESIAN_POINT('',(-0.585,2.05,0.));
#1968=CARTESIAN_POINT('',(-0.585,2.05,0.));
#1969=CARTESIAN_POINT('',(-0.585,0.885,0.));
#1970=CARTESIAN_POINT('',(-0.585,0.885,0.));
#1971=CARTESIAN_POINT('',(-0.885,0.585,0.));
#1972=CARTESIAN_POINT('Origin',(-0.885,0.885,0.));
#1973=CARTESIAN_POINT('',(-2.05,0.585,0.));
#1974=CARTESIAN_POINT('',(-2.05,0.585,0.));
#1975=CARTESIAN_POINT('',(-2.05,-0.585,0.));
#1976=CARTESIAN_POINT('',(-2.05,-0.585,0.));
#1977=CARTESIAN_POINT('',(-2.05,-0.585,0.));
#1978=CARTESIAN_POINT('Origin',(-0.885,-0.885,0.));
#1979=CARTESIAN_POINT('',(-0.585,-0.885,0.));
#1980=CARTESIAN_POINT('',(-0.885,-0.585,0.));
#1981=CARTESIAN_POINT('Origin',(-0.585,-2.05,0.));
#1982=CARTESIAN_POINT('Origin',(-0.585,2.05,0.));
#1983=CARTESIAN_POINT('',(-0.585,2.05,0.));
#1984=CARTESIAN_POINT('Origin',(-0.585,0.885,0.));
#1985=CARTESIAN_POINT('',(-0.585,0.885,0.));
#1986=CARTESIAN_POINT('Origin',(-0.885,0.885,0.));
#1987=CARTESIAN_POINT('',(-0.885,0.585,0.));
#1988=CARTESIAN_POINT('Origin',(-2.05,0.585,0.));
#1989=CARTESIAN_POINT('',(-2.05,0.585,0.));
#1990=CARTESIAN_POINT('Origin',(-2.05,-0.585,0.));
#1991=CARTESIAN_POINT('',(-2.05,-0.585,0.));
#1992=CARTESIAN_POINT('Origin',(-0.885,-0.585,0.));
#1993=CARTESIAN_POINT('Origin',(-6.83154905647679,1.13100819149174,4.34469676782103));
#1994=CARTESIAN_POINT('',(-6.46844589597141,1.11118525147615,5.54063286388978));
#1995=CARTESIAN_POINT('',(-6.46547561832908,1.096641889647,5.53939723035548));
#1996=CARTESIAN_POINT('Origin',(-6.83154905647643,1.13100819149973,4.34469676782106));
#1997=CARTESIAN_POINT('',(-7.84657608611704,1.17457902917261,5.07292867539133));
#1998=CARTESIAN_POINT('Origin',(-6.83154905647679,1.13100819149174,4.34469676782103));
#1999=CARTESIAN_POINT('Origin',(-6.83154905647643,1.13100819149956,4.34469676782106));
#2000=CARTESIAN_POINT('Origin',(6.82978589291609,1.16950998885764,4.34481134586956));
#2001=CARTESIAN_POINT('',(6.46691226188027,1.1489682279378,5.54080497626949));
#2002=CARTESIAN_POINT('',(7.84474457961608,1.21460838044558,5.07304551107239));
#2003=CARTESIAN_POINT('Origin',(6.82978589291617,1.16950998885783,4.34481134586959));
#2004=CARTESIAN_POINT('',(6.4640737668291,1.13359313306241,5.53957685437017));
#2005=CARTESIAN_POINT('Origin',(6.82978589291609,1.16950998885764,4.34481134586956));
#2006=CARTESIAN_POINT('Origin',(6.82978589291721,1.16950998883875,4.34481134586934));
#2007=CARTESIAN_POINT('Ctrl Pts',(-6.46547561832912,1.0966418896472,5.5393972303555));
#2008=CARTESIAN_POINT('Ctrl Pts',(-5.618079435173,1.30152029362747,5.28563628301017));
#2009=CARTESIAN_POINT('Ctrl Pts',(-4.14530488107772,1.65888842886789,5.00922187230135));
#2010=CARTESIAN_POINT('Ctrl Pts',(-2.25607226013017,1.80992316667272,4.87857172748639));
#2011=CARTESIAN_POINT('Ctrl Pts',(-0.971539299363247,1.8257593412003,4.8400449624971));
#2012=CARTESIAN_POINT('Ctrl Pts',(-0.324698403649465,1.79082243083446,4.83272523486231));
#2013=CARTESIAN_POINT('Ctrl Pts',(-4.08828799541757E-7,1.79082252182696,
4.83272523706012));
#2014=CARTESIAN_POINT('Ctrl Pts',(-6.46645707100062,1.10148897835401,5.53983739111874));
#2015=CARTESIAN_POINT('Ctrl Pts',(-5.61933378885961,1.30729581117163,5.28614518034468));
#2016=CARTESIAN_POINT('Ctrl Pts',(-4.14636854376671,1.6656925273757,5.00965906893755));
#2017=CARTESIAN_POINT('Ctrl Pts',(-2.25637565845552,1.81679636115308,4.87897992318035));
#2018=CARTESIAN_POINT('Ctrl Pts',(-0.971406342365879,1.83253934660555,4.84043535551473));
#2019=CARTESIAN_POINT('Ctrl Pts',(-0.324306158611353,1.79738098655252,4.833096933557));
#2020=CARTESIAN_POINT('Ctrl Pts',(-4.10743927826257E-7,1.79738107832671,
4.83309693582212));
#2021=CARTESIAN_POINT('Ctrl Pts',(-6.46744718697886,1.10633688035454,5.54024927871071));
#2022=CARTESIAN_POINT('Ctrl Pts',(-5.62059820635834,1.31307266966167,5.28661419958485));
#2023=CARTESIAN_POINT('Ctrl Pts',(-4.14743973777867,1.67249940994017,5.01003975168123));
#2024=CARTESIAN_POINT('Ctrl Pts',(-2.25668190945391,1.82367284778679,4.87933151774381));
#2025=CARTESIAN_POINT('Ctrl Pts',(-0.97127440569406,1.8393225743588,4.84077052883074));
#2026=CARTESIAN_POINT('Ctrl Pts',(-0.323914201878208,1.80394247238653,4.83341693076903));
#2027=CARTESIAN_POINT('Ctrl Pts',(-4.12659527282E-7,1.80394256494346,4.83341693308731));
#2028=CARTESIAN_POINT('Ctrl Pts',(-6.46844589597144,1.11118525147628,5.54063286388979));
#2029=CARTESIAN_POINT('Ctrl Pts',(-5.6218725705392,1.31885032499341,5.28704329604975));
#2030=CARTESIAN_POINT('Ctrl Pts',(-4.14851830951559,1.67930814941225,5.01036386700084));
#2031=CARTESIAN_POINT('Ctrl Pts',(-2.256990972996,1.8305516891093,4.87962646380174));
#2032=CARTESIAN_POINT('Ctrl Pts',(-0.971143507349265,1.84610812457016,4.84105043785262));
#2033=CARTESIAN_POINT('Ctrl Pts',(-0.323522582160751,1.81050607290482,4.83368518673059));
#2034=CARTESIAN_POINT('Ctrl Pts',(-4.1457535984691E-7,1.8105061662452,4.83368518908789));
#2035=CARTESIAN_POINT('',(-2.04414394312243E-7,1.79082252182696,4.83272523706012));
#2036=CARTESIAN_POINT('Ctrl Pts',(-6.46547561832912,1.0966418896472,5.5393972303555));
#2037=CARTESIAN_POINT('Ctrl Pts',(-5.618079435173,1.30152029362747,5.28563628301017));
#2038=CARTESIAN_POINT('Ctrl Pts',(-4.14530488107772,1.65888842886789,5.00922187230135));
#2039=CARTESIAN_POINT('Ctrl Pts',(-2.25607226013017,1.80992316667272,4.87857172748639));
#2040=CARTESIAN_POINT('Ctrl Pts',(-0.971539299363247,1.8257593412003,4.8400449624971));
#2041=CARTESIAN_POINT('Ctrl Pts',(-0.324698403649465,1.79082243083446,4.83272523486231));
#2042=CARTESIAN_POINT('Ctrl Pts',(-4.08828799541757E-7,1.79082252182696,
4.83272523706012));
#2043=CARTESIAN_POINT('',(-4.14575360222799E-7,1.8105061662452,4.83368518908789));
#2044=CARTESIAN_POINT('Origin',(-4.20202221439231E-7,1.86155135931293,3.58472786865429));
#2045=CARTESIAN_POINT('Ctrl Pts',(-4.1457535984691E-7,1.8105061662452,4.83368518908789));
#2046=CARTESIAN_POINT('Ctrl Pts',(-0.323522582160751,1.81050607290482,4.83368518673059));
#2047=CARTESIAN_POINT('Ctrl Pts',(-0.971143507349265,1.84610812457016,4.84105043785262));
#2048=CARTESIAN_POINT('Ctrl Pts',(-2.256990972996,1.8305516891093,4.87962646380174));
#2049=CARTESIAN_POINT('Ctrl Pts',(-4.14851830951559,1.67930814941225,5.01036386700084));
#2050=CARTESIAN_POINT('Ctrl Pts',(-5.6218725705392,1.31885032499341,5.28704329604975));
#2051=CARTESIAN_POINT('Ctrl Pts',(-6.46844589597144,1.11118525147628,5.54063286388979));
#2052=CARTESIAN_POINT('Ctrl Pts',(1.09172699031544E-14,1.79082252182719,
4.83272523706013));
#2053=CARTESIAN_POINT('Ctrl Pts',(0.324310175596989,1.79082255547424,4.83272523964556));
#2054=CARTESIAN_POINT('Ctrl Pts',(1.2930957251572,1.83989351381066,4.84382705982358));
#2055=CARTESIAN_POINT('Ctrl Pts',(2.892466456074,1.78557066937599,4.90612083565884));
#2056=CARTESIAN_POINT('Ctrl Pts',(4.73528819666272,1.53753096006938,5.10877336277975));
#2057=CARTESIAN_POINT('Ctrl Pts',(5.89747931877645,1.25782316683794,5.36987953169444));
#2058=CARTESIAN_POINT('Ctrl Pts',(6.4640737668291,1.13359313306219,5.53957685437016));
#2059=CARTESIAN_POINT('Ctrl Pts',(-7.11132871209232E-10,1.79738107832694,
4.83309693582213));
#2060=CARTESIAN_POINT('Ctrl Pts',(0.323916920065126,1.79738111224767,4.83309693842946));
#2061=CARTESIAN_POINT('Ctrl Pts',(1.29308167486175,1.84673820279755,4.84422814920603));
#2062=CARTESIAN_POINT('Ctrl Pts',(2.89298018389056,1.79251830033232,4.90652988630592));
#2063=CARTESIAN_POINT('Ctrl Pts',(4.736507379063,1.54407165584318,5.10925112136742));
#2064=CARTESIAN_POINT('Ctrl Pts',(5.89861207371011,1.26349258032677,5.37037064698995));
#2065=CARTESIAN_POINT('Ctrl Pts',(6.4650103617363,1.1387173568245,5.54001758530605));
#2066=CARTESIAN_POINT('Ctrl Pts',(-1.42216848909329E-9,1.8039425649437,
4.83341693308733));
#2067=CARTESIAN_POINT('Ctrl Pts',(0.323523952305278,1.80394259913847,4.83341693571156));
#2068=CARTESIAN_POINT('Ctrl Pts',(1.29306895939153,1.85358621712152,4.8445730464904));
#2069=CARTESIAN_POINT('Ctrl Pts',(2.89349805286405,1.79946922020072,4.90688092285038));
#2070=CARTESIAN_POINT('Ctrl Pts',(4.73773580691261,1.55061464593907,5.10967654286015));
#2071=CARTESIAN_POINT('Ctrl Pts',(5.89975506922552,1.26916328870097,5.37082309218396));
#2072=CARTESIAN_POINT('Ctrl Pts',(6.46595655157696,1.14384252291017,5.54042697001284));
#2073=CARTESIAN_POINT('Ctrl Pts',(-2.13300757207696E-9,1.81050616624544,
4.8336851890879));
#2074=CARTESIAN_POINT('Ctrl Pts',(0.323131321153807,1.81050620071452,4.83368519172405));
#2075=CARTESIAN_POINT('Ctrl Pts',(1.29305758352275,1.86043663309924,4.84486170514523));
#2076=CARTESIAN_POINT('Ctrl Pts',(2.89401998808354,1.80642245638029,4.90717389632935));
#2077=CARTESIAN_POINT('Ctrl Pts',(4.73897332028602,1.55715910437766,5.11004957231198));
#2078=CARTESIAN_POINT('Ctrl Pts',(5.90090819901478,1.27483475709441,5.37123682459339));
#2079=CARTESIAN_POINT('Ctrl Pts',(6.46691226188026,1.1489682279378,5.54080497626949));
#2080=CARTESIAN_POINT('Ctrl Pts',(6.46691226188026,1.1489682279378,5.54080497626949));
#2081=CARTESIAN_POINT('Ctrl Pts',(5.90090819901478,1.27483475709441,5.37123682459339));
#2082=CARTESIAN_POINT('Ctrl Pts',(4.73897332028602,1.55715910437766,5.11004957231198));
#2083=CARTESIAN_POINT('Ctrl Pts',(2.89401998808354,1.80642245638029,4.90717389632935));
#2084=CARTESIAN_POINT('Ctrl Pts',(1.29305758352275,1.86043663309924,4.84486170514523));
#2085=CARTESIAN_POINT('Ctrl Pts',(0.323131321153807,1.81050620071452,4.83368519172405));
#2086=CARTESIAN_POINT('Ctrl Pts',(-2.13300757207696E-9,1.81050616624544,
4.8336851890879));
#2087=CARTESIAN_POINT('Ctrl Pts',(1.09172699031544E-14,1.79082252182719,
4.83272523706013));
#2088=CARTESIAN_POINT('Ctrl Pts',(0.324310175596989,1.79082255547424,4.83272523964556));
#2089=CARTESIAN_POINT('Ctrl Pts',(1.2930957251572,1.83989351381066,4.84382705982358));
#2090=CARTESIAN_POINT('Ctrl Pts',(2.892466456074,1.78557066937599,4.90612083565884));
#2091=CARTESIAN_POINT('Ctrl Pts',(4.73528819666272,1.53753096006938,5.10877336277975));
#2092=CARTESIAN_POINT('Ctrl Pts',(5.89747931877645,1.25782316683794,5.36987953169444));
#2093=CARTESIAN_POINT('Ctrl Pts',(6.4640737668291,1.13359313306219,5.53957685437016));
#2094=CARTESIAN_POINT('Ctrl Pts',(6.46407376682911,1.13359313306241,5.53957685437017));
#2095=CARTESIAN_POINT('Ctrl Pts',(6.48326310529147,0.760001442749287,5.53421976542293));
#2096=CARTESIAN_POINT('Ctrl Pts',(6.49198072992785,0.381032583747471,5.53276865048071));
#2097=CARTESIAN_POINT('Ctrl Pts',(6.49198073039817,-1.54336073736085E-15,
5.53276864981833));
#2098=CARTESIAN_POINT('Ctrl Pts',(6.71208376882367,1.14598521811597,5.61586408328972));
#2099=CARTESIAN_POINT('Ctrl Pts',(6.73183350612168,0.767907145239818,5.61078418850213));
#2100=CARTESIAN_POINT('Ctrl Pts',(6.74055597999803,0.385106527151908,5.60944828141822));
#2101=CARTESIAN_POINT('Ctrl Pts',(6.74055598051116,1.98233527060926E-10,
5.609448280769));
#2102=CARTESIAN_POINT('Ctrl Pts',(7.25638588880657,1.17554289434768,5.60835543322827));
#2103=CARTESIAN_POINT('Ctrl Pts',(7.27766324267158,0.786370374003854,5.60330553528726));
#2104=CARTESIAN_POINT('Ctrl Pts',(7.28649250267698,0.394462860867858,5.60230516714236));
#2105=CARTESIAN_POINT('Ctrl Pts',(7.28649250329772,9.33869131366276E-10,
5.60230516646318));
#2106=CARTESIAN_POINT('Ctrl Pts',(7.69376498718814,1.20358848316681,5.28415209716498));
#2107=CARTESIAN_POINT('Ctrl Pts',(7.71620690265288,0.803254059965265,5.27815452806416));
#2108=CARTESIAN_POINT('Ctrl Pts',(7.72535834435562,0.402718481211353,5.2775060232415));
#2109=CARTESIAN_POINT('Ctrl Pts',(7.72535834502579,2.07093687127573E-9,
5.2775060224394));
#2110=CARTESIAN_POINT('Ctrl Pts',(7.84474457961514,1.2146083804656,5.07304551107246));
#2111=CARTESIAN_POINT('Ctrl Pts',(7.86743580911226,0.809725632766589,5.06649390994322));
#2112=CARTESIAN_POINT('Ctrl Pts',(7.87679512683634,0.405776334128909,5.06599639779077));
#2113=CARTESIAN_POINT('Ctrl Pts',(7.8767951274981,2.63336596875323E-9,5.06599639692346));
#2114=CARTESIAN_POINT('',(6.49198073039817,5.54736364459514E-15,5.53276864981833));
#2115=CARTESIAN_POINT('Ctrl Pts',(6.46407376682911,1.13359313306241,5.53957685437017));
#2116=CARTESIAN_POINT('Ctrl Pts',(6.48326310529147,0.760001442749287,5.53421976542293));
#2117=CARTESIAN_POINT('Ctrl Pts',(6.49198072992785,0.381032583747471,5.53276865048071));
#2118=CARTESIAN_POINT('Ctrl Pts',(6.49198073039817,-1.54336073736085E-15,
5.53276864981833));
#2119=CARTESIAN_POINT('',(7.8767951274981,2.63336302049223E-9,5.06599639692346));
#2120=CARTESIAN_POINT('Origin',(6.8604436571801,2.53122236082066E-9,4.33830849075597));
#2121=CARTESIAN_POINT('Ctrl Pts',(7.8767951274981,2.63336596875323E-9,5.06599639692346));
#2122=CARTESIAN_POINT('Ctrl Pts',(7.87679512683634,0.405776334128909,5.06599639779077));
#2123=CARTESIAN_POINT('Ctrl Pts',(7.86743580911226,0.809725632766589,5.06649390994322));
#2124=CARTESIAN_POINT('Ctrl Pts',(7.84474457961514,1.2146083804656,5.07304551107246));
#2125=CARTESIAN_POINT('Ctrl Pts',(6.49198073039817,3.53008103481125E-11,
5.53276864981833));
#2126=CARTESIAN_POINT('Ctrl Pts',(6.49198073132043,-0.803078723998844,5.53276864844795));
#2127=CARTESIAN_POINT('Ctrl Pts',(6.4673780952565,-2.15166070030677,5.49850332173876));
#2128=CARTESIAN_POINT('Ctrl Pts',(6.38139695102394,-3.80292602529051,5.31767064000241));
#2129=CARTESIAN_POINT('Ctrl Pts',(6.3025569647686,-4.77125667937191,5.13318689667432));
#2130=CARTESIAN_POINT('Ctrl Pts',(6.25874719159904,-5.25365373252552,5.01930861334123));
#2131=CARTESIAN_POINT('Ctrl Pts',(6.23575509553289,-5.49414473567134,4.95670237121571));
#2132=CARTESIAN_POINT('Ctrl Pts',(6.22386155717721,-5.6141355890178,4.92392660189272));
#2133=CARTESIAN_POINT('Ctrl Pts',(6.21681829886093,-5.68258665637157,4.90474358119123));
#2134=CARTESIAN_POINT('Ctrl Pts',(6.21316244976586,-5.71677534319337,4.89498431141508));
#2135=CARTESIAN_POINT('Ctrl Pts',(6.2112358131956,-5.73383920112507,4.89004903001615));
#2136=CARTESIAN_POINT('Ctrl Pts',(6.74055598051116,2.28378902525216E-10,
5.609448280769));
#2137=CARTESIAN_POINT('Ctrl Pts',(6.74046721666905,-0.80867948263778,5.60932144353279));
#2138=CARTESIAN_POINT('Ctrl Pts',(6.71916947514199,-2.16444595688901,5.57550733838792));
#2139=CARTESIAN_POINT('Ctrl Pts',(6.63365109827643,-3.83308553626877,5.39013653638732));
#2140=CARTESIAN_POINT('Ctrl Pts',(6.54840819459286,-4.81068193384491,5.19888315883928));
#2141=CARTESIAN_POINT('Ctrl Pts',(6.49990489691917,-5.29592158196924,5.08115692163058));
#2142=CARTESIAN_POINT('Ctrl Pts',(6.47409765528359,-5.5379527008099,5.01638057335639));
#2143=CARTESIAN_POINT('Ctrl Pts',(6.46042181208698,-5.65901966435578,4.9823111487351));
#2144=CARTESIAN_POINT('Ctrl Pts',(6.45196394398822,-5.72861828273455,4.96212475648039));
#2145=CARTESIAN_POINT('Ctrl Pts',(6.44724643838858,-5.76379395525014,4.95164781787594));
#2146=CARTESIAN_POINT('Ctrl Pts',(6.44430568073446,-5.78194979917067,4.94605399718622));
#2147=CARTESIAN_POINT('Ctrl Pts',(7.28647758082531,9.44396568306363E-10,
5.60226089464858));
#2148=CARTESIAN_POINT('Ctrl Pts',(7.28645012199022,-0.818010900876901,5.60220485959761));
#2149=CARTESIAN_POINT('Ctrl Pts',(7.27244003813292,-2.18222412931854,5.56465970192925));
#2150=CARTESIAN_POINT('Ctrl Pts',(7.18705535825282,-3.87306878681468,5.3701781489444));
#2151=CARTESIAN_POINT('Ctrl Pts',(7.08557530322351,-4.86036499733791,5.17508189351188));
#2152=CARTESIAN_POINT('Ctrl Pts',(7.02550545884921,-5.34770011038254,5.05657949378888));
#2153=CARTESIAN_POINT('Ctrl Pts',(6.99270385642337,-5.59104228749107,4.99154926645002));
#2154=CARTESIAN_POINT('Ctrl Pts',(6.97483654295249,-5.71348251252038,4.9572966486195));
#2155=CARTESIAN_POINT('Ctrl Pts',(6.96282325723512,-5.78523855862501,4.93686834330884));
#2156=CARTESIAN_POINT('Ctrl Pts',(6.95592921133654,-5.82196911018549,4.92623108604741));
#2157=CARTESIAN_POINT('Ctrl Pts',(6.95028457712244,-5.84283067912884,4.92036257338088));
#2158=CARTESIAN_POINT('Ctrl Pts',(7.7253583450258,2.05042693694738E-9,5.2775060224394));
#2159=CARTESIAN_POINT('Ctrl Pts',(7.72533174157729,-0.819224115946083,5.27740236348579));
#2160=CARTESIAN_POINT('Ctrl Pts',(7.71272891150228,-2.17827900597935,5.22916568973972));
#2161=CARTESIAN_POINT('Ctrl Pts',(7.62458226614009,-3.85671470530101,5.0289202233338));
#2162=CARTESIAN_POINT('Ctrl Pts',(7.51612113344491,-4.83415768367383,4.85018410013926));
#2163=CARTESIAN_POINT('Ctrl Pts',(7.45121621185983,-5.31600319673477,4.74463380510846));
#2164=CARTESIAN_POINT('Ctrl Pts',(7.41545992264621,-5.55726571238343,4.6873756916831));
#2165=CARTESIAN_POINT('Ctrl Pts',(7.39580017238936,-5.67933871308882,4.65757999615461));
#2166=CARTESIAN_POINT('Ctrl Pts',(7.38228516827551,-5.75216341261924,4.64059721512076));
#2167=CARTESIAN_POINT('Ctrl Pts',(7.37444400306259,-5.78984706980235,4.63196903062875));
#2168=CARTESIAN_POINT('Ctrl Pts',(7.36767204498099,-5.8129411208113,4.62834289875289));
#2169=CARTESIAN_POINT('Ctrl Pts',(7.87679512749811,2.59743758133263E-9,
5.06599639692345));
#2170=CARTESIAN_POINT('Ctrl Pts',(7.87679512879537,-0.817530264756577,5.06599639522477));
#2171=CARTESIAN_POINT('Ctrl Pts',(7.86223585655611,-2.17123987868779,5.01226055383965));
#2172=CARTESIAN_POINT('Ctrl Pts',(7.77206899755419,-3.83607517274548,4.81077606970748));
#2173=CARTESIAN_POINT('Ctrl Pts',(7.66508976869535,-4.80447208175636,4.64219646551918));
#2174=CARTESIAN_POINT('Ctrl Pts',(7.60133280013218,-5.28216389672407,4.54440210113207));
#2175=CARTESIAN_POINT('Ctrl Pts',(7.56621492481664,-5.52156838871075,4.49170104497531));
#2176=CARTESIAN_POINT('Ctrl Pts',(7.54692582909635,-5.64309309035822,4.46462657353602));
#2177=CARTESIAN_POINT('Ctrl Pts',(7.53368560974623,-5.71596113225589,4.44961980045506));
#2178=CARTESIAN_POINT('Ctrl Pts',(7.52603781084058,-5.75401716192053,4.44235938338305));
#2179=CARTESIAN_POINT('Ctrl Pts',(7.5194368726594,-5.77774688649711,4.43992434314493));
#2180=CARTESIAN_POINT('',(6.2112358131956,-5.73383920112507,4.89004903001615));
#2181=CARTESIAN_POINT('',(7.51943687265788,-5.77774688650057,4.43992434314533));
#2182=CARTESIAN_POINT('Origin',(6.55272553459024,-5.43549320720698,3.72519949548612));
#2183=CARTESIAN_POINT('Ctrl Pts',(7.5194368726594,-5.77774688649711,4.43992434314493));
#2184=CARTESIAN_POINT('Ctrl Pts',(7.52603781084058,-5.75401716192053,4.44235938338305));
#2185=CARTESIAN_POINT('Ctrl Pts',(7.53368560974623,-5.71596113225589,4.44961980045506));
#2186=CARTESIAN_POINT('Ctrl Pts',(7.54692582909635,-5.64309309035822,4.46462657353602));
#2187=CARTESIAN_POINT('Ctrl Pts',(7.56621492481664,-5.52156838871075,4.49170104497531));
#2188=CARTESIAN_POINT('Ctrl Pts',(7.60133280013218,-5.28216389672407,4.54440210113207));
#2189=CARTESIAN_POINT('Ctrl Pts',(7.66508976869535,-4.80447208175636,4.64219646551918));
#2190=CARTESIAN_POINT('Ctrl Pts',(7.77206899755419,-3.83607517274548,4.81077606970748));
#2191=CARTESIAN_POINT('Ctrl Pts',(7.86223585655611,-2.17123987868779,5.01226055383965));
#2192=CARTESIAN_POINT('Ctrl Pts',(7.87679512879537,-0.817530264756577,5.06599639522477));
#2193=CARTESIAN_POINT('Ctrl Pts',(7.87679512749811,2.59743758133263E-9,
5.06599639692345));
#2194=CARTESIAN_POINT('Ctrl Pts',(6.49198073039817,3.53008103481125E-11,
5.53276864981833));
#2195=CARTESIAN_POINT('Ctrl Pts',(6.49198073132043,-0.803078723998844,5.53276864844795));
#2196=CARTESIAN_POINT('Ctrl Pts',(6.4673780952565,-2.15166070030677,5.49850332173876));
#2197=CARTESIAN_POINT('Ctrl Pts',(6.38139695102394,-3.80292602529051,5.31767064000241));
#2198=CARTESIAN_POINT('Ctrl Pts',(6.3025569647686,-4.77125667937191,5.13318689667432));
#2199=CARTESIAN_POINT('Ctrl Pts',(6.25874719159904,-5.25365373252552,5.01930861334123));
#2200=CARTESIAN_POINT('Ctrl Pts',(6.23575509553289,-5.49414473567134,4.95670237121571));
#2201=CARTESIAN_POINT('Ctrl Pts',(6.22386155717721,-5.6141355890178,4.92392660189272));
#2202=CARTESIAN_POINT('Ctrl Pts',(6.21681829886093,-5.68258665637157,4.90474358119123));
#2203=CARTESIAN_POINT('Ctrl Pts',(6.21316244976586,-5.71677534319337,4.89498431141508));
#2204=CARTESIAN_POINT('Ctrl Pts',(6.2112358131956,-5.73383920112507,4.89004903001615));
#2205=CARTESIAN_POINT('Ctrl Pts',(6.21123581319501,-5.73383920113038,4.89004903001462));
#2206=CARTESIAN_POINT('Ctrl Pts',(6.2065251664076,-5.77556051421357,4.87798221480652));
#2207=CARTESIAN_POINT('Ctrl Pts',(6.20170025988492,-5.81722744137933,4.86568932921452));
#2208=CARTESIAN_POINT('Ctrl Pts',(6.19646110942402,-5.86078328808138,4.85256300290392));
#2209=CARTESIAN_POINT('Ctrl Pts',(6.19622473700707,-5.86274285505587,4.85197178264623));
#2210=CARTESIAN_POINT('Ctrl Pts',(6.1838713734213,-5.96514735549941,4.82105197555195));
#2211=CARTESIAN_POINT('Ctrl Pts',(6.15778454582659,-6.16509983252596,4.75763242855571));
#2212=CARTESIAN_POINT('Ctrl Pts',(6.10505181530173,-6.46010122026058,4.65245401785198));
#2213=CARTESIAN_POINT('Ctrl Pts',(6.02376507619129,-6.74460881492266,4.53449592974943));
#2214=CARTESIAN_POINT('Ctrl Pts',(5.88677989739898,-6.99471325012159,4.40551848391121));
#2215=CARTESIAN_POINT('Ctrl Pts',(5.76503215375168,-7.13017369077056,4.31986144696791));
#2216=CARTESIAN_POINT('Ctrl Pts',(5.70007771740999,-7.19219845584506,4.27789731970634));
#2217=CARTESIAN_POINT('Ctrl Pts',(6.44430568073351,-5.78194979917637,4.94605399718446));
#2218=CARTESIAN_POINT('Ctrl Pts',(6.43893229087904,-5.8242250431078,4.93345056398511));
#2219=CARTESIAN_POINT('Ctrl Pts',(6.43336032246644,-5.86653468227467,4.92056584867922));
#2220=CARTESIAN_POINT('Ctrl Pts',(6.42723446091308,-5.91087427652947,4.90674887042748));
#2221=CARTESIAN_POINT('Ctrl Pts',(6.42695178576533,-5.91287374211049,4.90612295007946));
#2222=CARTESIAN_POINT('Ctrl Pts',(6.41269185022973,-6.01700302798568,4.87367600581903));
#2223=CARTESIAN_POINT('Ctrl Pts',(6.38063286031585,-6.22225526101615,4.80589940940397));
#2224=CARTESIAN_POINT('Ctrl Pts',(6.31373804863937,-6.53022705938326,4.69057246648142));
#2225=CARTESIAN_POINT('Ctrl Pts',(6.20092384118531,-6.84001668156172,4.55198208565125));
#2226=CARTESIAN_POINT('Ctrl Pts',(6.02169387797164,-7.115620655289,4.39735490022367));
#2227=CARTESIAN_POINT('Ctrl Pts',(5.88359071419085,-7.25769258926411,4.30131068937322));
#2228=CARTESIAN_POINT('Ctrl Pts',(5.81105403142645,-7.32315414277489,4.25430812599223));
#2229=CARTESIAN_POINT('Ctrl Pts',(6.95032219271048,-5.84284743481745,4.92040200759774));
#2230=CARTESIAN_POINT('Ctrl Pts',(6.94335673829826,-5.88599156549182,4.90757049791576));
#2231=CARTESIAN_POINT('Ctrl Pts',(6.93600033910847,-5.92937720296724,4.89442841470077));
#2232=CARTESIAN_POINT('Ctrl Pts',(6.92776487572749,-5.97509616443772,4.88029364368918));
#2233=CARTESIAN_POINT('Ctrl Pts',(6.92739183964956,-5.97715343675943,4.87965521287744));
#2234=CARTESIAN_POINT('Ctrl Pts',(6.90796819173029,-6.08472519990387,4.8463936495539));
#2235=CARTESIAN_POINT('Ctrl Pts',(6.86237736859525,-6.30005561333697,4.77649071706915));
#2236=CARTESIAN_POINT('Ctrl Pts',(6.76236760317451,-6.63528100365252,4.65472875108558));
#2237=CARTESIAN_POINT('Ctrl Pts',(6.5790604126325,-7.00109031500278,4.49787649745714));
#2238=CARTESIAN_POINT('Ctrl Pts',(6.31131135012038,-7.33013559573233,4.31036527371002));
#2239=CARTESIAN_POINT('Ctrl Pts',(6.13746057087024,-7.48747861536726,4.19633570707522));
#2240=CARTESIAN_POINT('Ctrl Pts',(6.0502202938433,-7.55851007356067,4.14125562902719));
#2241=CARTESIAN_POINT('Ctrl Pts',(7.36767204497884,-5.81294112081852,4.62834289875174));
#2242=CARTESIAN_POINT('Ctrl Pts',(7.35997370345892,-5.85628730252691,4.61699922233492));
#2243=CARTESIAN_POINT('Ctrl Pts',(7.35179536291369,-5.90007994576143,4.60548418934061));
#2244=CARTESIAN_POINT('Ctrl Pts',(7.34257820455863,-5.94647849461666,4.59320251249868));
#2245=CARTESIAN_POINT('Ctrl Pts',(7.34216336513572,-5.94856143451975,4.59264600268312));
#2246=CARTESIAN_POINT('Ctrl Pts',(7.32032890905494,-6.05794866273872,4.56382797810245));
#2247=CARTESIAN_POINT('Ctrl Pts',(7.26819870823062,-6.28039216608651,4.50486052005984));
#2248=CARTESIAN_POINT('Ctrl Pts',(7.15129422170068,-6.63917422820301,4.40582470576401));
#2249=CARTESIAN_POINT('Ctrl Pts',(6.92426007834494,-7.06338322668815,4.2797641158594));
#2250=CARTESIAN_POINT('Ctrl Pts',(6.58777273398639,-7.45182371109918,4.09757617386011));
#2251=CARTESIAN_POINT('Ctrl Pts',(6.38334545717039,-7.62449360450161,3.97537028915636));
#2252=CARTESIAN_POINT('Ctrl Pts',(6.28314556876039,-7.70073193320757,3.91567478481719));
#2253=CARTESIAN_POINT('Ctrl Pts',(7.5194368726573,-5.77774688650457,4.4399243431442));
#2254=CARTESIAN_POINT('Ctrl Pts',(7.5118263255972,-5.8209972275357,4.42950720675801));
#2255=CARTESIAN_POINT('Ctrl Pts',(7.50374051782187,-5.86477642390263,4.41900372986359));
#2256=CARTESIAN_POINT('Ctrl Pts',(7.49462382257137,-5.91126500185223,4.40788214286773));
#2257=CARTESIAN_POINT('Ctrl Pts',(7.49421054536098,-5.91335911836549,4.4073810264443));
#2258=CARTESIAN_POINT('Ctrl Pts',(7.47271200699275,-6.02275676619636,4.38121828703335));
#2259=CARTESIAN_POINT('Ctrl Pts',(7.42080019578172,-6.24753814718694,4.32915125486375));
#2260=CARTESIAN_POINT('Ctrl Pts',(7.30409834130016,-6.6150001254871,4.24499208117828));
#2261=CARTESIAN_POINT('Ctrl Pts',(7.06967337793284,-7.06531687161911,4.14121972040977));
#2262=CARTESIAN_POINT('Ctrl Pts',(6.71039794464579,-7.48416805299806,3.96976145234762));
#2263=CARTESIAN_POINT('Ctrl Pts',(6.4936587333167,-7.66307449933962,3.84478171256256));
#2264=CARTESIAN_POINT('Ctrl Pts',(6.38815178631571,-7.74251860786182,3.78433875637071));
#2265=CARTESIAN_POINT('',(5.70007771740999,-7.19219845584506,4.27789731970634));
#2266=CARTESIAN_POINT('',(6.38815178631571,-7.74251860786182,3.78433875637071));
#2267=CARTESIAN_POINT('Origin',(5.995348294427,-6.7389855700368,3.15099299080996));
#2268=CARTESIAN_POINT('Ctrl Pts',(6.38815178631571,-7.74251860786182,3.78433875637071));
#2269=CARTESIAN_POINT('Ctrl Pts',(6.4936587333167,-7.66307449933962,3.84478171256256));
#2270=CARTESIAN_POINT('Ctrl Pts',(6.71039794464579,-7.48416805299806,3.96976145234762));
#2271=CARTESIAN_POINT('Ctrl Pts',(7.06967337793284,-7.06531687161911,4.14121972040977));
#2272=CARTESIAN_POINT('Ctrl Pts',(7.30409834130016,-6.6150001254871,4.24499208117828));
#2273=CARTESIAN_POINT('Ctrl Pts',(7.42080019578172,-6.24753814718694,4.32915125486375));
#2274=CARTESIAN_POINT('Ctrl Pts',(7.47271200699275,-6.02275676619636,4.38121828703335));
#2275=CARTESIAN_POINT('Ctrl Pts',(7.49421054536098,-5.91335911836549,4.4073810264443));
#2276=CARTESIAN_POINT('Ctrl Pts',(7.49462382257137,-5.91126500185223,4.40788214286773));
#2277=CARTESIAN_POINT('Ctrl Pts',(7.50374051782187,-5.86477642390263,4.41900372986359));
#2278=CARTESIAN_POINT('Ctrl Pts',(7.5118263255972,-5.8209972275357,4.42950720675801));
#2279=CARTESIAN_POINT('Ctrl Pts',(7.5194368726573,-5.77774688650457,4.4399243431442));
#2280=CARTESIAN_POINT('Ctrl Pts',(6.21123581319501,-5.73383920113038,4.89004903001462));
#2281=CARTESIAN_POINT('Ctrl Pts',(6.2065251664076,-5.77556051421357,4.87798221480652));
#2282=CARTESIAN_POINT('Ctrl Pts',(6.20170025988492,-5.81722744137933,4.86568932921452));
#2283=CARTESIAN_POINT('Ctrl Pts',(6.19646110942402,-5.86078328808138,4.85256300290392));
#2284=CARTESIAN_POINT('Ctrl Pts',(6.19622473700707,-5.86274285505587,4.85197178264623));
#2285=CARTESIAN_POINT('Ctrl Pts',(6.1838713734213,-5.96514735549941,4.82105197555195));
#2286=CARTESIAN_POINT('Ctrl Pts',(6.15778454582659,-6.16509983252596,4.75763242855571));
#2287=CARTESIAN_POINT('Ctrl Pts',(6.10505181530173,-6.46010122026058,4.65245401785198));
#2288=CARTESIAN_POINT('Ctrl Pts',(6.02376507619129,-6.74460881492266,4.53449592974943));
#2289=CARTESIAN_POINT('Ctrl Pts',(5.88677989739898,-6.99471325012159,4.40551848391121));
#2290=CARTESIAN_POINT('Ctrl Pts',(5.76503215375168,-7.13017369077056,4.31986144696791));
#2291=CARTESIAN_POINT('Ctrl Pts',(5.70007771740999,-7.19219845584506,4.27789731970634));
#2292=CARTESIAN_POINT('Ctrl Pts',(5.70007771692217,-7.19219845633296,4.2778973193823));
#2293=CARTESIAN_POINT('Ctrl Pts',(5.6414905429251,-7.24520091948496,4.24123008251424));
#2294=CARTESIAN_POINT('Ctrl Pts',(5.57923523179081,-7.29281996541094,4.20575668800348));
#2295=CARTESIAN_POINT('Ctrl Pts',(5.51463037624146,-7.3362964914479,4.17165691572632));
#2296=CARTESIAN_POINT('Ctrl Pts',(5.92203034484737,-7.45410983022972,4.23071893188005));
#2297=CARTESIAN_POINT('Ctrl Pts',(5.85042652390944,-7.51370523293837,4.18562605577605));
#2298=CARTESIAN_POINT('Ctrl Pts',(5.77767925370043,-7.56674560597635,4.14314095587688));
#2299=CARTESIAN_POINT('Ctrl Pts',(5.70411479442354,-7.61530453563758,4.10272084309502));
#2300=CARTESIAN_POINT('Ctrl Pts',(6.17813935049135,-7.65894525911492,4.04701081282071));
#2301=CARTESIAN_POINT('Ctrl Pts',(6.09256525344313,-7.72521032750801,3.99551879742013));
#2302=CARTESIAN_POINT('Ctrl Pts',(6.00865703036025,-7.78327082566438,3.94652195408819));
#2303=CARTESIAN_POINT('Ctrl Pts',(5.92562183562828,-7.83619723365881,3.89951294993611));
#2304=CARTESIAN_POINT('Ctrl Pts',(6.38815178552334,-7.74251860845845,3.78433875591679));
#2305=CARTESIAN_POINT('Ctrl Pts',(6.29298732553003,-7.81417508130201,3.72982081704549));
#2306=CARTESIAN_POINT('Ctrl Pts',(6.20080281043896,-7.87552635982806,3.67661518234096));
#2307=CARTESIAN_POINT('Ctrl Pts',(6.11057201916951,-7.93058530797319,3.62494722628972));
#2308=CARTESIAN_POINT('',(5.51463037624146,-7.3362964914479,4.17165691572632));
#2309=CARTESIAN_POINT('',(6.1105720191695,-7.93058530797319,3.62494722628971));
#2310=CARTESIAN_POINT('Origin',(5.79381925440575,-6.86869842808125,3.04653220199672));
#2311=CARTESIAN_POINT('Ctrl Pts',(6.11057201916951,-7.93058530797319,3.62494722628972));
#2312=CARTESIAN_POINT('Ctrl Pts',(6.20080281043896,-7.87552635982806,3.67661518234096));
#2313=CARTESIAN_POINT('Ctrl Pts',(6.29298732553003,-7.81417508130201,3.72982081704549));
#2314=CARTESIAN_POINT('Ctrl Pts',(6.38815178552334,-7.74251860845845,3.78433875591679));
#2315=CARTESIAN_POINT('Ctrl Pts',(5.70007771692217,-7.19219845633296,4.2778973193823));
#2316=CARTESIAN_POINT('Ctrl Pts',(5.6414905429251,-7.24520091948496,4.24123008251424));
#2317=CARTESIAN_POINT('Ctrl Pts',(5.57923523179081,-7.29281996541094,4.20575668800348));
#2318=CARTESIAN_POINT('Ctrl Pts',(5.51463037624146,-7.3362964914479,4.17165691572632));
#2319=CARTESIAN_POINT('Ctrl Pts',(5.51463037624145,-7.33629649144788,4.17165691572632));
#2320=CARTESIAN_POINT('Ctrl Pts',(5.51120656680737,-7.33860058049414,4.16984975864766));
#2321=CARTESIAN_POINT('Ctrl Pts',(5.504302631552,-7.34311144612149,4.16626317420414));
#2322=CARTESIAN_POINT('Ctrl Pts',(5.49038193497674,-7.35193315515418,4.15915094589389));
#2323=CARTESIAN_POINT('Ctrl Pts',(5.47984620571198,-7.35837592728654,4.15387235020603));
#2324=CARTESIAN_POINT('Ctrl Pts',(5.45470576744318,-7.37348927321425,4.14139719142901));
#2325=CARTESIAN_POINT('Ctrl Pts',(5.41814323833739,-7.39451627152884,4.12369592111427));
#2326=CARTESIAN_POINT('Ctrl Pts',(5.36246424103865,-7.42446200839567,4.09776424518292));
#2327=CARTESIAN_POINT('Ctrl Pts',(5.30607916551393,-7.45303208076131,4.07241353265644));
#2328=CARTESIAN_POINT('Ctrl Pts',(5.19206974070405,-7.5076591906829,4.02285110309212));
#2329=CARTESIAN_POINT('Ctrl Pts',(4.9389172047548,-7.61366863991482,3.9214157977679));
#2330=CARTESIAN_POINT('Ctrl Pts',(4.36954433026149,-7.79160773770292,3.73241339154919));
#2331=CARTESIAN_POINT('Ctrl Pts',(3.85489765608617,-7.88644973207699,3.61561014589193));
#2332=CARTESIAN_POINT('Ctrl Pts',(3.17938303856089,-7.98515556573265,3.49344134639128));
#2333=CARTESIAN_POINT('Ctrl Pts',(2.84762131935706,-8.02146519146913,3.44728833465945));
#2334=CARTESIAN_POINT('Ctrl Pts',(2.10146870448479,-8.08734960388742,3.36570475305984));
#2335=CARTESIAN_POINT('Ctrl Pts',(1.26915297681111,-8.13940347333803,3.30432356186438));
#2336=CARTESIAN_POINT('Ctrl Pts',(0.424214270314477,-8.1611767852126,3.28470914369142));
#2337=CARTESIAN_POINT('Ctrl Pts',(-4.19104270267807E-15,-8.16117682906045,
3.28470912336376));
#2338=CARTESIAN_POINT('Ctrl Pts',(5.70411479442353,-7.61530453563757,4.10272084309502));
#2339=CARTESIAN_POINT('Ctrl Pts',(5.6981379872273,-7.61867292890967,4.09973254934717));
#2340=CARTESIAN_POINT('Ctrl Pts',(5.6883819325191,-7.62445362981033,4.09470306383914));
#2341=CARTESIAN_POINT('Ctrl Pts',(5.67064668580186,-7.63510272612287,4.0854780032908));
#2342=CARTESIAN_POINT('Ctrl Pts',(5.65810992056884,-7.64259382237749,4.07896855437177));
#2343=CARTESIAN_POINT('Ctrl Pts',(5.62875520538229,-7.65999699407647,4.06379610002344));
#2344=CARTESIAN_POINT('Ctrl Pts',(5.58759602583016,-7.68377176554704,4.04283428133416));
#2345=CARTESIAN_POINT('Ctrl Pts',(5.52638370155298,-7.71731080088876,4.01265064816407));
#2346=CARTESIAN_POINT('Ctrl Pts',(5.4651139727843,-7.74920162270795,3.98339230599132));
#2347=CARTESIAN_POINT('Ctrl Pts',(5.34218744751398,-7.81007996845657,3.92653740570585));
#2348=CARTESIAN_POINT('Ctrl Pts',(5.07238963054456,-7.92822545060343,3.81127287278581));
#2349=CARTESIAN_POINT('Ctrl Pts',(4.47351977360301,-8.12794842341445,3.59930033855409));
#2350=CARTESIAN_POINT('Ctrl Pts',(3.94042125017992,-8.23645642229471,3.47076461329318));
#2351=CARTESIAN_POINT('Ctrl Pts',(3.24455144696493,-8.35000364795013,3.33692475956168));
#2352=CARTESIAN_POINT('Ctrl Pts',(2.90455785805443,-8.39214440024648,3.28679196816579));
#2353=CARTESIAN_POINT('Ctrl Pts',(2.14202383324622,-8.46873341985252,3.1983715137233));
#2354=CARTESIAN_POINT('Ctrl Pts',(1.29425925115103,-8.52949908344248,3.13219637964283));
#2355=CARTESIAN_POINT('Ctrl Pts',(0.434217494193276,-8.554501399486,3.11105702921982));
#2356=CARTESIAN_POINT('Ctrl Pts',(4.94106706692754E-8,-8.55453834558053,
3.11103827363612));
#2357=CARTESIAN_POINT('Ctrl Pts',(5.92562183562828,-7.83619723365881,3.89951294993611));
#2358=CARTESIAN_POINT('Ctrl Pts',(5.91621452273259,-7.8410814854721,3.89537198059834));
#2359=CARTESIAN_POINT('Ctrl Pts',(5.90401956297298,-7.84791155944334,3.88922276312512));
#2360=CARTESIAN_POINT('Ctrl Pts',(5.88200772188198,-7.860457070418,3.87787638167248));
#2361=CARTESIAN_POINT('Ctrl Pts',(5.8676587893439,-7.86875767478941,3.87014762552441));
#2362=CARTESIAN_POINT('Ctrl Pts',(5.83363032856731,-7.88827783886069,3.85195933642117));
#2363=CARTESIAN_POINT('Ctrl Pts',(5.78781740784782,-7.91420219352982,3.82721323757389));
#2364=CARTESIAN_POINT('Ctrl Pts',(5.72073225988064,-7.95048738345355,3.79166009452853));
#2365=CARTESIAN_POINT('Ctrl Pts',(5.65436885369688,-7.98475836470146,3.75729105644949));
#2366=CARTESIAN_POINT('Ctrl Pts',(5.5219743769493,-8.05003077741153,3.69049431661695));
#2367=CARTESIAN_POINT('Ctrl Pts',(5.23454272944005,-8.17607378368437,3.55514182223722));
#2368=CARTESIAN_POINT('Ctrl Pts',(4.60322572947402,-8.38879424431847,3.30535956822191));
#2369=CARTESIAN_POINT('Ctrl Pts',(4.04833952400345,-8.50442134197368,3.15292718126038));
#2370=CARTESIAN_POINT('Ctrl Pts',(3.32754476993588,-8.62551412859893,2.99365685592457));
#2371=CARTESIAN_POINT('Ctrl Pts',(2.97696074392694,-8.67056899065644,2.93369137566203));
#2372=CARTESIAN_POINT('Ctrl Pts',(2.19319645942612,-8.75240824025009,2.8275129210131));
#2373=CARTESIAN_POINT('Ctrl Pts',(1.32450694300084,-8.81736052447252,2.74740618201181));
#2374=CARTESIAN_POINT('Ctrl Pts',(0.446499933635819,-8.84408387237222,2.72132901276955));
#2375=CARTESIAN_POINT('Ctrl Pts',(9.84339881938232E-8,-8.84408736103232,
2.72136084694899));
#2376=CARTESIAN_POINT('Ctrl Pts',(6.1105720191695,-7.9305853079732,3.62494722628971));
#2377=CARTESIAN_POINT('Ctrl Pts',(6.09938791782749,-7.93644012616244,3.62032328070478));
#2378=CARTESIAN_POINT('Ctrl Pts',(6.08514595426113,-7.94424509741583,3.61341534189255));
#2379=CARTESIAN_POINT('Ctrl Pts',(6.06030696016809,-7.95793616714637,3.6007275530914));
#2380=CARTESIAN_POINT('Ctrl Pts',(6.04441520547691,-7.96673004021541,3.59207267113622));
#2381=CARTESIAN_POINT('Ctrl Pts',(6.00708505407221,-7.98719149188914,3.57173567720128));
#2382=CARTESIAN_POINT('Ctrl Pts',(5.95751077741552,-8.01383852691094,3.54403481982897));
#2383=CARTESIAN_POINT('Ctrl Pts',(5.88570615844388,-8.05058948642094,3.50420269606543));
#2384=CARTESIAN_POINT('Ctrl Pts',(5.81506473037726,-8.0850097218148,3.46564781955864));
#2385=CARTESIAN_POINT('Ctrl Pts',(5.67469652147257,-8.15014429102314,3.39065893147564));
#2386=CARTESIAN_POINT('Ctrl Pts',(5.37183125431298,-8.2743925818698,3.23836463037304));
#2387=CARTESIAN_POINT('Ctrl Pts',(4.71174259975135,-8.47975521692019,2.95651430631538));
#2388=CARTESIAN_POINT('Ctrl Pts',(4.13727558189549,-8.58737007710191,2.78401857733602));
#2389=CARTESIAN_POINT('Ctrl Pts',(3.3943068308512,-8.6991978257119,2.60375940084084));
#2390=CARTESIAN_POINT('Ctrl Pts',(3.03444913544603,-8.7401016061464,2.53581578026732));
#2391=CARTESIAN_POINT('Ctrl Pts',(2.23232248647967,-8.81419560666304,2.41545115507398));
#2392=CARTESIAN_POINT('Ctrl Pts',(1.3464628078392,-8.87245406072833,2.32437574268331));
#2393=CARTESIAN_POINT('Ctrl Pts',(0.454310565293413,-8.89686214766008,2.29461777393562));
#2394=CARTESIAN_POINT('Ctrl Pts',(1.24558310053847E-7,-8.89686219425188,
2.29461775830812));
#2395=CARTESIAN_POINT('',(-4.1910427192585E-15,-8.16117682906045,3.28470912336376));
#2396=CARTESIAN_POINT('',(1.2455830882629E-7,-8.89686219425189,2.29461775830812));
#2397=CARTESIAN_POINT('Origin',(2.61105513412763E-9,-7.65631267227398,2.14120040752803));
#2398=CARTESIAN_POINT('Ctrl Pts',(1.24558310053847E-7,-8.89686219425188,
2.29461775830812));
#2399=CARTESIAN_POINT('Ctrl Pts',(0.454310565293413,-8.89686214766008,2.29461777393562));
#2400=CARTESIAN_POINT('Ctrl Pts',(1.3464628078392,-8.87245406072833,2.32437574268331));
#2401=CARTESIAN_POINT('Ctrl Pts',(2.23232248647967,-8.81419560666304,2.41545115507398));
#2402=CARTESIAN_POINT('Ctrl Pts',(3.03444913544603,-8.7401016061464,2.53581578026732));
#2403=CARTESIAN_POINT('Ctrl Pts',(3.3943068308512,-8.6991978257119,2.60375940084084));
#2404=CARTESIAN_POINT('Ctrl Pts',(4.13727558189549,-8.58737007710191,2.78401857733602));
#2405=CARTESIAN_POINT('Ctrl Pts',(4.71174259975135,-8.47975521692019,2.95651430631538));
#2406=CARTESIAN_POINT('Ctrl Pts',(5.37183125431298,-8.2743925818698,3.23836463037304));
#2407=CARTESIAN_POINT('Ctrl Pts',(5.67469652147257,-8.15014429102314,3.39065893147564));
#2408=CARTESIAN_POINT('Ctrl Pts',(5.81506473037726,-8.0850097218148,3.46564781955864));
#2409=CARTESIAN_POINT('Ctrl Pts',(5.88570615844388,-8.05058948642094,3.50420269606543));
#2410=CARTESIAN_POINT('Ctrl Pts',(5.95751077741552,-8.01383852691094,3.54403481982897));
#2411=CARTESIAN_POINT('Ctrl Pts',(6.00708505407221,-7.98719149188914,3.57173567720128));
#2412=CARTESIAN_POINT('Ctrl Pts',(6.04441520547691,-7.96673004021541,3.59207267113622));
#2413=CARTESIAN_POINT('Ctrl Pts',(6.06030696016809,-7.95793616714637,3.6007275530914));
#2414=CARTESIAN_POINT('Ctrl Pts',(6.08514595426113,-7.94424509741583,3.61341534189255));
#2415=CARTESIAN_POINT('Ctrl Pts',(6.09938791782749,-7.93644012616244,3.62032328070478));
#2416=CARTESIAN_POINT('Ctrl Pts',(6.1105720191695,-7.9305853079732,3.62494722628971));
#2417=CARTESIAN_POINT('Ctrl Pts',(5.51463037624145,-7.33629649144788,4.17165691572632));
#2418=CARTESIAN_POINT('Ctrl Pts',(5.51120656680737,-7.33860058049414,4.16984975864766));
#2419=CARTESIAN_POINT('Ctrl Pts',(5.504302631552,-7.34311144612149,4.16626317420414));
#2420=CARTESIAN_POINT('Ctrl Pts',(5.49038193497674,-7.35193315515418,4.15915094589389));
#2421=CARTESIAN_POINT('Ctrl Pts',(5.47984620571198,-7.35837592728654,4.15387235020603));
#2422=CARTESIAN_POINT('Ctrl Pts',(5.45470576744318,-7.37348927321425,4.14139719142901));
#2423=CARTESIAN_POINT('Ctrl Pts',(5.41814323833739,-7.39451627152884,4.12369592111427));
#2424=CARTESIAN_POINT('Ctrl Pts',(5.36246424103865,-7.42446200839567,4.09776424518292));
#2425=CARTESIAN_POINT('Ctrl Pts',(5.30607916551393,-7.45303208076131,4.07241353265644));
#2426=CARTESIAN_POINT('Ctrl Pts',(5.19206974070405,-7.5076591906829,4.02285110309212));
#2427=CARTESIAN_POINT('Ctrl Pts',(4.9389172047548,-7.61366863991482,3.9214157977679));
#2428=CARTESIAN_POINT('Ctrl Pts',(4.36954433026149,-7.79160773770292,3.73241339154919));
#2429=CARTESIAN_POINT('Ctrl Pts',(3.85489765608617,-7.88644973207699,3.61561014589193));
#2430=CARTESIAN_POINT('Ctrl Pts',(3.17938303856089,-7.98515556573265,3.49344134639128));
#2431=CARTESIAN_POINT('Ctrl Pts',(2.84762131935706,-8.02146519146913,3.44728833465945));
#2432=CARTESIAN_POINT('Ctrl Pts',(2.10146870448479,-8.08734960388742,3.36570475305984));
#2433=CARTESIAN_POINT('Ctrl Pts',(1.26915297681111,-8.13940347333803,3.30432356186438));
#2434=CARTESIAN_POINT('Ctrl Pts',(0.424214270314477,-8.1611767852126,3.28470914369142));
#2435=CARTESIAN_POINT('Ctrl Pts',(-4.19104270267807E-15,-8.16117682906045,
3.28470912336376));
#2436=CARTESIAN_POINT('Ctrl Pts',(5.22211234154231E-9,-8.16117682906046,
3.28470912336376));
#2437=CARTESIAN_POINT('Ctrl Pts',(-0.10822961453122,-8.16117683995347,3.28470911880157));
#2438=CARTESIAN_POINT('Ctrl Pts',(-0.318062073076598,-8.15970045265204,
3.28599147001312));
#2439=CARTESIAN_POINT('Ctrl Pts',(-0.741257791130825,-8.15184130795112,
3.29348040137009));
#2440=CARTESIAN_POINT('Ctrl Pts',(-1.47689223681137,-8.12654216912634,3.31959424255288));
#2441=CARTESIAN_POINT('Ctrl Pts',(-2.10150287569212,-8.08727122458013,3.36576699276496));
#2442=CARTESIAN_POINT('Ctrl Pts',(-2.84654990489292,-8.02155485719472,3.44722341757146));
#2443=CARTESIAN_POINT('Ctrl Pts',(-3.17870993529748,-7.98520246815315,3.49343498996175));
#2444=CARTESIAN_POINT('Ctrl Pts',(-3.85327474902019,-7.88663801443371,3.61545417265832));
#2445=CARTESIAN_POINT('Ctrl Pts',(-4.36709485125911,-7.79219327422611,3.73189047492226));
#2446=CARTESIAN_POINT('Ctrl Pts',(-4.93907616382203,-7.61347409244081,3.921772260549));
#2447=CARTESIAN_POINT('Ctrl Pts',(-5.19173245821784,-7.50754718921715,4.02311355126874));
#2448=CARTESIAN_POINT('Ctrl Pts',(-5.305536441622,-7.45301668139916,4.07259709422217));
#2449=CARTESIAN_POINT('Ctrl Pts',(-5.3617735370941,-7.42451570735342,4.09789039626479));
#2450=CARTESIAN_POINT('Ctrl Pts',(-5.41731157745385,-7.39464997885874,4.12375979130615));
#2451=CARTESIAN_POINT('Ctrl Pts',(-5.45378391031683,-7.37368169256399,4.14141810172811));
#2452=CARTESIAN_POINT('Ctrl Pts',(-5.47899138938762,-7.35853847799894,4.15392452203279));
#2453=CARTESIAN_POINT('Ctrl Pts',(-5.48969123521111,-7.35199884197049,4.15928497605372));
#2454=CARTESIAN_POINT('Ctrl Pts',(-5.50382801720887,-7.34304218212624,4.16650836902508));
#2455=CARTESIAN_POINT('Ctrl Pts',(-5.51083770328232,-7.33846205749401,4.17015079465144));
#2456=CARTESIAN_POINT('Ctrl Pts',(-5.51431373647642,-7.33612190485146,4.17198632081899));
#2457=CARTESIAN_POINT('Ctrl Pts',(5.35588834735961E-8,-8.55453834558053,
3.11103827363611));
#2458=CARTESIAN_POINT('Ctrl Pts',(-0.110795529832535,-8.55453857190275,
3.11103675380468));
#2459=CARTESIAN_POINT('Ctrl Pts',(-0.325321548927265,-8.55284428339099,
3.11242780115324));
#2460=CARTESIAN_POINT('Ctrl Pts',(-0.756898323377524,-8.54378193039822,
3.12050168726562));
#2461=CARTESIAN_POINT('Ctrl Pts',(-1.50589181686197,-8.51446725096223,3.14866248078222));
#2462=CARTESIAN_POINT('Ctrl Pts',(-2.14204654557879,-8.468652282504,3.19843642541865));
#2463=CARTESIAN_POINT('Ctrl Pts',(-2.90348389901013,-8.39225113154309,3.28671988812298));
#2464=CARTESIAN_POINT('Ctrl Pts',(-3.24387608357044,-8.35005867584774,3.33691585620066));
#2465=CARTESIAN_POINT('Ctrl Pts',(-3.93877980870907,-8.23667583994761,3.47059521941948));
#2466=CARTESIAN_POINT('Ctrl Pts',(-4.47097788944775,-8.12862064932475,3.59870408466467));
#2467=CARTESIAN_POINT('Ctrl Pts',(-5.07260785829207,-7.92801480207011,3.81166979833697));
#2468=CARTESIAN_POINT('Ctrl Pts',(-5.34188419852105,-7.80997349588128,3.92682671220451));
#2469=CARTESIAN_POINT('Ctrl Pts',(-5.4645954915625,-7.74919984645429,3.98359464109517));
#2470=CARTESIAN_POINT('Ctrl Pts',(-5.52569990787045,-7.71738996646676,4.01278408782581));
#2471=CARTESIAN_POINT('Ctrl Pts',(-5.58675390869059,-7.68394104663065,4.04289449644332));
#2472=CARTESIAN_POINT('Ctrl Pts',(-5.62779574912097,-7.66023864717505,4.06379901166402));
#2473=CARTESIAN_POINT('Ctrl Pts',(-5.65719952926533,-7.64281036794068,4.0789985779488));
#2474=CARTESIAN_POINT('Ctrl Pts',(-5.66991353213815,-7.63521304139928,4.0856018744117));
#2475=CARTESIAN_POINT('Ctrl Pts',(-5.68789520928309,-7.62441154932794,4.09495978743096));
#2476=CARTESIAN_POINT('Ctrl Pts',(-5.69777994985323,-7.61855013739024,4.10005918062612));
#2477=CARTESIAN_POINT('Ctrl Pts',(-5.70384201691516,-7.61513173761216,4.10309185714443));
#2478=CARTESIAN_POINT('Ctrl Pts',(1.0052689398729E-7,-8.84408736103232,
2.72136084694898));
#2479=CARTESIAN_POINT('Ctrl Pts',(-0.111490036305737,-8.84408605142777,
2.72136126140754));
#2480=CARTESIAN_POINT('Ctrl Pts',(-0.333375084041282,-8.84228073988946,
2.72306445818271));
#2481=CARTESIAN_POINT('Ctrl Pts',(-0.774586760153801,-8.83259821140147,
2.73296093157632));
#2482=CARTESIAN_POINT('Ctrl Pts',(-1.54165064919862,-8.80130411903963,2.76732664135916));
#2483=CARTESIAN_POINT('Ctrl Pts',(-2.19280448555773,-8.75231186974171,2.82759676667148));
#2484=CARTESIAN_POINT('Ctrl Pts',(-2.97582176484333,-8.67067968205698,2.93360142988578));
#2485=CARTESIAN_POINT('Ctrl Pts',(-3.32678783504932,-8.62556816562936,2.99363726709679));
#2486=CARTESIAN_POINT('Ctrl Pts',(-4.04665081978488,-8.50465279202303,3.15270806114332));
#2487=CARTESIAN_POINT('Ctrl Pts',(-4.60064665685723,-8.38950147450482,3.3046614539417));
#2488=CARTESIAN_POINT('Ctrl Pts',(-5.23483340010918,-8.17585124946128,3.55557970755493));
#2489=CARTESIAN_POINT('Ctrl Pts',(-5.52173854248945,-8.04992316514053,3.69081457634859));
#2490=CARTESIAN_POINT('Ctrl Pts',(-5.65388308567863,-7.98476822495888,3.75749468646531));
#2491=CARTESIAN_POINT('Ctrl Pts',(-5.72007305160139,-7.95058490021759,3.79178720952793));
#2492=CARTESIAN_POINT('Ctrl Pts',(-5.78696825736627,-7.91440303775596,3.82724608811765));
#2493=CARTESIAN_POINT('Ctrl Pts',(-5.83264479189617,-7.8885609568379,3.85192582949533));
#2494=CARTESIAN_POINT('Ctrl Pts',(-5.86669310145481,-7.86902754226959,3.87013705061732));
#2495=CARTESIAN_POINT('Ctrl Pts',(-5.88123020914484,-7.86061567814513,3.87797458912171));
#2496=CARTESIAN_POINT('Ctrl Pts',(-5.90352731875411,-7.84789981922296,3.88947951112465));
#2497=CARTESIAN_POINT('Ctrl Pts',(-5.91586091958932,-7.84098508349664,3.89570879163536));
#2498=CARTESIAN_POINT('Ctrl Pts',(-5.92541340717015,-7.836023846824,3.89991393776863));
#2499=CARTESIAN_POINT('Ctrl Pts',(1.24558308022149E-7,-8.89686219425189,
2.29461775830812));
#2500=CARTESIAN_POINT('Ctrl Pts',(-0.113477364259635,-8.89686220581516,
2.29461775500637));
#2501=CARTESIAN_POINT('Ctrl Pts',(-0.33917342177244,-8.89519737499499,2.29656494454846));
#2502=CARTESIAN_POINT('Ctrl Pts',(-0.787777185327844,-8.8863826788613,2.30785902232132));
#2503=CARTESIAN_POINT('Ctrl Pts',(-1.56791882743172,-8.85806759268053,2.347030757346));
#2504=CARTESIAN_POINT('Ctrl Pts',(-2.23193460519303,-8.8141005125378,2.41553921127591));
#2505=CARTESIAN_POINT('Ctrl Pts',(-3.03330951920912,-8.74020006038376,2.53570596913197));
#2506=CARTESIAN_POINT('Ctrl Pts',(-3.39355947636319,-8.69924794802322,2.60373219270041));
#2507=CARTESIAN_POINT('Ctrl Pts',(-4.13557471286323,-8.58757916692486,2.78376169551465));
#2508=CARTESIAN_POINT('Ctrl Pts',(-4.70908621708798,-8.48042689084995,2.9556980027873));
#2509=CARTESIAN_POINT('Ctrl Pts',(-5.37219586678091,-8.27417555801942,3.23884141663177));
#2510=CARTESIAN_POINT('Ctrl Pts',(-5.67450874741069,-8.15002862658569,3.39098704407753));
#2511=CARTESIAN_POINT('Ctrl Pts',(-5.814619942743,-8.08501457973943,3.46585090295769));
#2512=CARTESIAN_POINT('Ctrl Pts',(-5.88507278114827,-8.05068146122358,3.50431495152107));
#2513=CARTESIAN_POINT('Ctrl Pts',(-5.95667447688965,-8.01403881863103,3.54404389824216));
#2514=CARTESIAN_POINT('Ctrl Pts',(-6.00609182671699,-7.98748071823928,3.57166744756051));
#2515=CARTESIAN_POINT('Ctrl Pts',(-6.0434312972493,-7.96701629824712,3.59203076461631));
#2516=CARTESIAN_POINT('Ctrl Pts',(-6.05952299822445,-7.95811062377524,3.6008066187427));
#2517=CARTESIAN_POINT('Ctrl Pts',(-6.08467184320058,-7.9442434106758,3.61367092766203));
#2518=CARTESIAN_POINT('Ctrl Pts',(-6.09906983977343,-7.93634724333361,3.62066822505285));
#2519=CARTESIAN_POINT('Ctrl Pts',(-6.11042226085925,-7.93040291341736,3.62536299744273));
#2520=CARTESIAN_POINT('',(-5.51431373647642,-7.33612190485146,4.17198632081899));
#2521=CARTESIAN_POINT('',(-6.11042226085925,-7.93040291341735,3.62536299744273));
#2522=CARTESIAN_POINT('Origin',(-5.79364938711202,-6.86855666555285,3.04688439597679));
#2523=CARTESIAN_POINT('Ctrl Pts',(-6.11042226085925,-7.93040291341736,3.62536299744273));
#2524=CARTESIAN_POINT('Ctrl Pts',(-6.09906983977343,-7.93634724333361,3.62066822505285));
#2525=CARTESIAN_POINT('Ctrl Pts',(-6.08467184320058,-7.9442434106758,3.61367092766203));
#2526=CARTESIAN_POINT('Ctrl Pts',(-6.05952299822445,-7.95811062377524,3.6008066187427));
#2527=CARTESIAN_POINT('Ctrl Pts',(-6.0434312972493,-7.96701629824712,3.59203076461631));
#2528=CARTESIAN_POINT('Ctrl Pts',(-6.00609182671699,-7.98748071823928,3.57166744756051));
#2529=CARTESIAN_POINT('Ctrl Pts',(-5.95667447688965,-8.01403881863103,3.54404389824216));
#2530=CARTESIAN_POINT('Ctrl Pts',(-5.88507278114827,-8.05068146122358,3.50431495152107));
#2531=CARTESIAN_POINT('Ctrl Pts',(-5.814619942743,-8.08501457973943,3.46585090295769));
#2532=CARTESIAN_POINT('Ctrl Pts',(-5.67450874741069,-8.15002862658569,3.39098704407753));
#2533=CARTESIAN_POINT('Ctrl Pts',(-5.37219586678091,-8.27417555801942,3.23884141663177));
#2534=CARTESIAN_POINT('Ctrl Pts',(-4.70908621708798,-8.48042689084995,2.9556980027873));
#2535=CARTESIAN_POINT('Ctrl Pts',(-4.13557471286323,-8.58757916692486,2.78376169551465));
#2536=CARTESIAN_POINT('Ctrl Pts',(-3.39355947636319,-8.69924794802322,2.60373219270041));
#2537=CARTESIAN_POINT('Ctrl Pts',(-3.03330951920912,-8.74020006038376,2.53570596913197));
#2538=CARTESIAN_POINT('Ctrl Pts',(-2.23193460519303,-8.8141005125378,2.41553921127591));
#2539=CARTESIAN_POINT('Ctrl Pts',(-1.56791882743172,-8.85806759268053,2.347030757346));
#2540=CARTESIAN_POINT('Ctrl Pts',(-0.787777185327844,-8.8863826788613,2.30785902232132));
#2541=CARTESIAN_POINT('Ctrl Pts',(-0.33917342177244,-8.89519737499499,2.29656494454846));
#2542=CARTESIAN_POINT('Ctrl Pts',(-0.113477364259635,-8.89686220581516,
2.29461775500637));
#2543=CARTESIAN_POINT('Ctrl Pts',(1.24558308022149E-7,-8.89686219425189,
2.29461775830812));
#2544=CARTESIAN_POINT('Ctrl Pts',(-4.18847392456356E-15,-8.16117682906046,
3.28470912336376));
#2545=CARTESIAN_POINT('Ctrl Pts',(-0.10822961790605,-8.16117683992973,3.28470911882219));
#2546=CARTESIAN_POINT('Ctrl Pts',(-0.31806207477821,-8.15970045262044,3.28599147004323));
#2547=CARTESIAN_POINT('Ctrl Pts',(-0.741257791130825,-8.15184130795112,
3.29348040137009));
#2548=CARTESIAN_POINT('Ctrl Pts',(-1.47689223681137,-8.12654216912634,3.31959424255288));
#2549=CARTESIAN_POINT('Ctrl Pts',(-2.10150287569212,-8.08727122458013,3.36576699276496));
#2550=CARTESIAN_POINT('Ctrl Pts',(-2.84654990489292,-8.02155485719472,3.44722341757146));
#2551=CARTESIAN_POINT('Ctrl Pts',(-3.17870993529748,-7.98520246815315,3.49343498996175));
#2552=CARTESIAN_POINT('Ctrl Pts',(-3.85327474902019,-7.88663801443371,3.61545417265832));
#2553=CARTESIAN_POINT('Ctrl Pts',(-4.36709485125911,-7.79219327422611,3.73189047492226));
#2554=CARTESIAN_POINT('Ctrl Pts',(-4.93907616382203,-7.61347409244081,3.921772260549));
#2555=CARTESIAN_POINT('Ctrl Pts',(-5.19173245821784,-7.50754718921715,4.02311355126874));
#2556=CARTESIAN_POINT('Ctrl Pts',(-5.305536441622,-7.45301668139916,4.07259709422217));
#2557=CARTESIAN_POINT('Ctrl Pts',(-5.3617735370941,-7.42451570735342,4.09789039626479));
#2558=CARTESIAN_POINT('Ctrl Pts',(-5.41731157745385,-7.39464997885874,4.12375979130615));
#2559=CARTESIAN_POINT('Ctrl Pts',(-5.45378391031683,-7.37368169256399,4.14141810172811));
#2560=CARTESIAN_POINT('Ctrl Pts',(-5.47899138938762,-7.35853847799894,4.15392452203279));
#2561=CARTESIAN_POINT('Ctrl Pts',(-5.48969123521111,-7.35199884197049,4.15928497605372));
#2562=CARTESIAN_POINT('Ctrl Pts',(-5.50382801720887,-7.34304218212624,4.16650836902508));
#2563=CARTESIAN_POINT('Ctrl Pts',(-5.51083770328232,-7.33846205749401,4.17015079465144));
#2564=CARTESIAN_POINT('Ctrl Pts',(-5.51431373647642,-7.33612190485146,4.17198632081899));
#2565=CARTESIAN_POINT('Ctrl Pts',(-5.51431373647642,-7.33612190485144,4.171986320819));
#2566=CARTESIAN_POINT('Ctrl Pts',(-5.57879815912031,-7.29270937579108,4.20603744707507));
#2567=CARTESIAN_POINT('Ctrl Pts',(-5.64094054799654,-7.24516863850739,4.24145680095147));
#2568=CARTESIAN_POINT('Ctrl Pts',(-5.69943014197584,-7.19226601094952,4.27806529405673));
#2569=CARTESIAN_POINT('Ctrl Pts',(-5.70384201691516,-7.61513173761215,4.10309185714444));
#2570=CARTESIAN_POINT('Ctrl Pts',(-5.77727012605658,-7.56664631539863,4.14345434405072));
#2571=CARTESIAN_POINT('Ctrl Pts',(-5.84988303072488,-7.513694742387,4.18587418376363));
#2572=CARTESIAN_POINT('Ctrl Pts',(-5.92135662976162,-7.45421534090698,4.23089125932418));
#2573=CARTESIAN_POINT('Ctrl Pts',(-5.92541340717015,-7.836023846824,3.89991393776864));
#2574=CARTESIAN_POINT('Ctrl Pts',(-6.00829610249184,-7.78317886587122,3.94685437401359));
#2575=CARTESIAN_POINT('Ctrl Pts',(-6.09204788340357,-7.72521706311194,3.99577525168707));
#2576=CARTESIAN_POINT('Ctrl Pts',(-6.17745735371711,-7.65908579211085,4.04718158758088));
#2577=CARTESIAN_POINT('Ctrl Pts',(-6.11042226085925,-7.93040291341736,3.62536299744273));
#2578=CARTESIAN_POINT('Ctrl Pts',(-6.20048802467242,-7.87542843251793,3.67695359278436));
#2579=CARTESIAN_POINT('Ctrl Pts',(-6.29249955695145,-7.81418260738646,3.73007583687879));
#2580=CARTESIAN_POINT('Ctrl Pts',(-6.38747719524455,-7.74267644351489,3.78450597744229));
#2581=CARTESIAN_POINT('',(-5.69943014197584,-7.19226601094952,4.27806529405673));
#2582=CARTESIAN_POINT('',(-6.38747719524455,-7.74267644351488,3.78450597744229));
#2583=CARTESIAN_POINT('Origin',(-5.99482760978119,-6.73906463751536,3.15118959055985));
#2584=CARTESIAN_POINT('Ctrl Pts',(-6.38747719524455,-7.74267644351489,3.78450597744229));
#2585=CARTESIAN_POINT('Ctrl Pts',(-6.29249955695145,-7.81418260738646,3.73007583687879));
#2586=CARTESIAN_POINT('Ctrl Pts',(-6.20048802467242,-7.87542843251793,3.67695359278436));
#2587=CARTESIAN_POINT('Ctrl Pts',(-6.11042226085925,-7.93040291341736,3.62536299744273));
#2588=CARTESIAN_POINT('Ctrl Pts',(-5.51431373647642,-7.33612190485144,4.171986320819));
#2589=CARTESIAN_POINT('Ctrl Pts',(-5.57879815912031,-7.29270937579108,4.20603744707507));
#2590=CARTESIAN_POINT('Ctrl Pts',(-5.64094054799654,-7.24516863850739,4.24145680095147));
#2591=CARTESIAN_POINT('Ctrl Pts',(-5.69943014197584,-7.19226601094952,4.27806529405673));
#2592=CARTESIAN_POINT('Ctrl Pts',(-5.69943014196438,-7.19226601091153,4.27806529406901));
#2593=CARTESIAN_POINT('Ctrl Pts',(-5.76432736494997,-7.13030942271463,4.31999475093035));
#2594=CARTESIAN_POINT('Ctrl Pts',(-5.88604364060069,-6.99505902343293,4.40558361212452));
#2595=CARTESIAN_POINT('Ctrl Pts',(-6.0228833198783,-6.74516185538485,4.53446061328883));
#2596=CARTESIAN_POINT('Ctrl Pts',(-6.10430715268842,-6.46105274804331,4.65237652390351));
#2597=CARTESIAN_POINT('Ctrl Pts',(-6.1482605704422,-6.21535731943714,4.7400071744926));
#2598=CARTESIAN_POINT('Ctrl Pts',(-6.17670836964821,-6.01620226031493,4.8051580319541));
#2599=CARTESIAN_POINT('Ctrl Pts',(-6.18933142198548,-5.91609821276356,4.83616198562172));
#2600=CARTESIAN_POINT('Ctrl Pts',(-6.19563113688453,-5.86396295536589,4.8519128524144));
#2601=CARTESIAN_POINT('Ctrl Pts',(-6.19586754835017,-5.86200337200358,4.85250429644076));
#2602=CARTESIAN_POINT('Ctrl Pts',(-6.20117346352734,-5.81793803214907,4.86579066679613));
#2603=CARTESIAN_POINT('Ctrl Pts',(-6.20606183127462,-5.77576170114872,4.87823686370457));
#2604=CARTESIAN_POINT('Ctrl Pts',(-6.21083009334291,-5.73352719820621,4.89045146505098));
#2605=CARTESIAN_POINT('Ctrl Pts',(-5.81039338585573,-7.32324067590018,4.25447827670414));
#2606=CARTESIAN_POINT('Ctrl Pts',(-5.88286106978408,-7.25785540128388,4.30144025176635));
#2607=CARTESIAN_POINT('Ctrl Pts',(-6.02089437324524,-7.11600350064346,4.3973992827491));
#2608=CARTESIAN_POINT('Ctrl Pts',(-6.19989499359506,-6.84068558763743,4.55188130936612));
#2609=CARTESIAN_POINT('Ctrl Pts',(-6.3129011824184,-6.53126796728742,4.69046203743203));
#2610=CARTESIAN_POINT('Ctrl Pts',(-6.368617089343,-6.27479480446776,4.78653161898542));
#2611=CARTESIAN_POINT('Ctrl Pts',(-6.40412682282566,-6.0693330945424,4.85677191442001));
#2612=CARTESIAN_POINT('Ctrl Pts',(-6.41883296944872,-5.96730357583538,4.88942073678966));
#2613=CARTESIAN_POINT('Ctrl Pts',(-6.42633536874017,-5.91412372090782,4.90608017406576));
#2614=CARTESIAN_POINT('Ctrl Pts',(-6.42660659184789,-5.9121324128265,4.90669986276192));
#2615=CARTESIAN_POINT('Ctrl Pts',(-6.43281692874074,-5.86726798186811,4.92068958783522));
#2616=CARTESIAN_POINT('Ctrl Pts',(-6.43845865394032,-5.82444269767186,4.93373353301359));
#2617=CARTESIAN_POINT('Ctrl Pts',(-6.44389903606182,-5.78164651693316,4.9464921973751));
#2618=CARTESIAN_POINT('Ctrl Pts',(-6.04953858807975,-7.55862184804599,4.14141822109608));
#2619=CARTESIAN_POINT('Ctrl Pts',(-6.1367035392102,-7.48765155920526,4.19645119931972));
#2620=CARTESIAN_POINT('Ctrl Pts',(-6.31043980140744,-7.33060184716887,4.3104015767761));
#2621=CARTESIAN_POINT('Ctrl Pts',(-6.57815400964246,-7.00155318002687,4.4978040228142));
#2622=CARTESIAN_POINT('Ctrl Pts',(-6.76257470160108,-6.63541947772331,4.65495843347415));
#2623=CARTESIAN_POINT('Ctrl Pts',(-6.84528943951646,-6.3566489401018,4.75619477102415));
#2624=CARTESIAN_POINT('Ctrl Pts',(-6.89633616841855,-6.13927595952108,4.82907118031164));
#2625=CARTESIAN_POINT('Ctrl Pts',(-6.91672328036414,-6.03322614460401,4.8626145942363));
#2626=CARTESIAN_POINT('Ctrl Pts',(-6.92668540361988,-5.97845107158625,4.87962236477988));
#2627=CARTESIAN_POINT('Ctrl Pts',(-6.92705694153701,-5.97639270088094,4.88025829728145));
#2628=CARTESIAN_POINT('Ctrl Pts',(-6.93540470356049,-5.93012963497437,4.89456974474017));
#2629=CARTESIAN_POINT('Ctrl Pts',(-6.94284785459507,-5.8862208829455,4.90787365852081));
#2630=CARTESIAN_POINT('Ctrl Pts',(-6.94989818996212,-5.84254623942416,4.92086256155132));
#2631=CARTESIAN_POINT('Ctrl Pts',(-6.2824672744639,-7.70088111782127,3.91584378250882));
#2632=CARTESIAN_POINT('Ctrl Pts',(-6.38254685776211,-7.62473826241951,3.97548311741979));
#2633=CARTESIAN_POINT('Ctrl Pts',(-6.58690308196546,-7.4523548345297,4.09766897994987));
#2634=CARTESIAN_POINT('Ctrl Pts',(-6.92340007231162,-7.0636462430463,4.27957688221198));
#2635=CARTESIAN_POINT('Ctrl Pts',(-7.15228373428601,-6.63818247611463,4.40580020126971));
#2636=CARTESIAN_POINT('Ctrl Pts',(-7.24863558903936,-6.34032450472463,4.48818760366015));
#2637=CARTESIAN_POINT('Ctrl Pts',(-7.30736984596057,-6.11391831093152,4.54921794579624));
#2638=CARTESIAN_POINT('Ctrl Pts',(-7.33041308151203,-6.00542511656541,4.57794761348506));
#2639=CARTESIAN_POINT('Ctrl Pts',(-7.34150598335236,-5.9499160948709,4.59274730580329));
#2640=CARTESIAN_POINT('Ctrl Pts',(-7.34192514999153,-5.94782101885566,4.59329807117797));
#2641=CARTESIAN_POINT('Ctrl Pts',(-7.35126946709425,-5.90086747213059,4.60573356214932));
#2642=CARTESIAN_POINT('Ctrl Pts',(-7.35954368080965,-5.85655329365238,4.61739554843865));
#2643=CARTESIAN_POINT('Ctrl Pts',(-7.36733593513527,-5.81267536374348,4.6288792437563));
#2644=CARTESIAN_POINT('Ctrl Pts',(-6.38747719522593,-7.7426764435289,3.78450597743163));
#2645=CARTESIAN_POINT('Ctrl Pts',(-6.49285978640974,-7.66333666450886,3.84489902735103));
#2646=CARTESIAN_POINT('Ctrl Pts',(-6.7094932591727,-7.48473199493431,3.96984676848357));
#2647=CARTESIAN_POINT('Ctrl Pts',(-7.06877194591761,-7.06571052064071,4.14111051839421));
#2648=CARTESIAN_POINT('Ctrl Pts',(-7.30510022290117,-6.61408094698121,4.24505512149149));
#2649=CARTESIAN_POINT('Ctrl Pts',(-7.40126752036582,-6.30904011373169,4.31507380933095));
#2650=CARTESIAN_POINT('Ctrl Pts',(-7.45989531040795,-6.07918383139503,4.3683216492201));
#2651=CARTESIAN_POINT('Ctrl Pts',(-7.48255434842574,-5.97048633434299,4.39419214546371));
#2652=CARTESIAN_POINT('Ctrl Pts',(-7.49358564316582,-5.91471341095711,4.40752585867697));
#2653=CARTESIAN_POINT('Ctrl Pts',(-7.49399776544362,-5.91262001414474,4.40802681708792));
#2654=CARTESIAN_POINT('Ctrl Pts',(-7.50324275437763,-5.86556743298329,4.41928376455915));
#2655=CARTESIAN_POINT('Ctrl Pts',(-7.51142149541774,-5.8212702366137,4.42992256560301));
#2656=CARTESIAN_POINT('Ctrl Pts',(-7.51912559391001,-5.77748786374865,4.44046771569222));
#2657=CARTESIAN_POINT('',(-6.21083009334291,-5.73352719820621,4.89045146505098));
#2658=CARTESIAN_POINT('',(-7.51912559390637,-5.77748786375599,4.44046771569363));
#2659=CARTESIAN_POINT('Origin',(-6.55249229491239,-5.43522694167277,3.72564079504027));
#2660=CARTESIAN_POINT('Ctrl Pts',(-7.51912559391001,-5.77748786374865,4.44046771569222));
#2661=CARTESIAN_POINT('Ctrl Pts',(-7.51142149541774,-5.8212702366137,4.42992256560301));
#2662=CARTESIAN_POINT('Ctrl Pts',(-7.50324275437763,-5.86556743298329,4.41928376455915));
#2663=CARTESIAN_POINT('Ctrl Pts',(-7.49399776544362,-5.91262001414474,4.40802681708792));
#2664=CARTESIAN_POINT('Ctrl Pts',(-7.49358564316582,-5.91471341095711,4.40752585867697));
#2665=CARTESIAN_POINT('Ctrl Pts',(-7.48255434842574,-5.97048633434299,4.39419214546371));
#2666=CARTESIAN_POINT('Ctrl Pts',(-7.45989531040795,-6.07918383139503,4.3683216492201));
#2667=CARTESIAN_POINT('Ctrl Pts',(-7.40126752036582,-6.30904011373169,4.31507380933095));
#2668=CARTESIAN_POINT('Ctrl Pts',(-7.30510022290117,-6.61408094698121,4.24505512149149));
#2669=CARTESIAN_POINT('Ctrl Pts',(-7.06877194591761,-7.06571052064071,4.14111051839421));
#2670=CARTESIAN_POINT('Ctrl Pts',(-6.7094932591727,-7.48473199493431,3.96984676848357));
#2671=CARTESIAN_POINT('Ctrl Pts',(-6.49285978640974,-7.66333666450886,3.84489902735103));
#2672=CARTESIAN_POINT('Ctrl Pts',(-6.38747719522593,-7.7426764435289,3.78450597743163));
#2673=CARTESIAN_POINT('Ctrl Pts',(-5.69943014196438,-7.19226601091153,4.27806529406901));
#2674=CARTESIAN_POINT('Ctrl Pts',(-5.76432736494997,-7.13030942271463,4.31999475093035));
#2675=CARTESIAN_POINT('Ctrl Pts',(-5.88604364060069,-6.99505902343293,4.40558361212452));
#2676=CARTESIAN_POINT('Ctrl Pts',(-6.0228833198783,-6.74516185538485,4.53446061328883));
#2677=CARTESIAN_POINT('Ctrl Pts',(-6.10430715268842,-6.46105274804331,4.65237652390351));
#2678=CARTESIAN_POINT('Ctrl Pts',(-6.1482605704422,-6.21535731943714,4.7400071744926));
#2679=CARTESIAN_POINT('Ctrl Pts',(-6.17670836964821,-6.01620226031493,4.8051580319541));
#2680=CARTESIAN_POINT('Ctrl Pts',(-6.18933142198548,-5.91609821276356,4.83616198562172));
#2681=CARTESIAN_POINT('Ctrl Pts',(-6.19563113688453,-5.86396295536589,4.8519128524144));
#2682=CARTESIAN_POINT('Ctrl Pts',(-6.19586754835017,-5.86200337200358,4.85250429644076));
#2683=CARTESIAN_POINT('Ctrl Pts',(-6.20117346352734,-5.81793803214907,4.86579066679613));
#2684=CARTESIAN_POINT('Ctrl Pts',(-6.20606183127462,-5.77576170114872,4.87823686370457));
#2685=CARTESIAN_POINT('Ctrl Pts',(-6.21083009334291,-5.73352719820621,4.89045146505098));
#2686=CARTESIAN_POINT('Ctrl Pts',(-6.21083009334241,-5.73352719821077,4.89045146504966));
#2687=CARTESIAN_POINT('Ctrl Pts',(-6.21275645444959,-5.71646460754637,4.89538612103901));
#2688=CARTESIAN_POINT('Ctrl Pts',(-6.21641156876073,-5.68228217643272,4.90514313583453));
#2689=CARTESIAN_POINT('Ctrl Pts',(-6.22345494843714,-5.61382963904907,4.92432561906555));
#2690=CARTESIAN_POINT('Ctrl Pts',(-6.23534704839549,-5.49385476801947,4.9570955090771));
#2691=CARTESIAN_POINT('Ctrl Pts',(-6.25833857157727,-5.25337174351824,5.01969653061057));
#2692=CARTESIAN_POINT('Ctrl Pts',(-6.30214443754248,-4.77101997098042,5.13356063379407));
#2693=CARTESIAN_POINT('Ctrl Pts',(-6.38097321013722,-3.80271858021339,5.31802692418099));
#2694=CARTESIAN_POINT('Ctrl Pts',(-6.46692332553415,-2.1517017668534,5.49883666153677));
#2695=CARTESIAN_POINT('Ctrl Pts',(-6.49151764695583,-0.803022608240819,
5.53310893272609));
#2696=CARTESIAN_POINT('Ctrl Pts',(-6.49151764603413,-8.95997241146104E-15,
5.53310893409688));
#2697=CARTESIAN_POINT('Ctrl Pts',(-6.44389903606189,-5.78164651693703,4.94649219737411));
#2698=CARTESIAN_POINT('Ctrl Pts',(-6.44683862510984,-5.76349289745213,4.95208501171955));
#2699=CARTESIAN_POINT('Ctrl Pts',(-6.45155501439346,-5.72832387743873,4.96255967007293));
#2700=CARTESIAN_POINT('Ctrl Pts',(-6.46001257238367,-5.65872404879522,4.98274557142163));
#2701=CARTESIAN_POINT('Ctrl Pts',(-6.47368685951295,-5.53767301461701,5.01680951132284));
#2702=CARTESIAN_POINT('Ctrl Pts',(-6.49949335880448,-5.29564915261209,5.08158135242241));
#2703=CARTESIAN_POINT('Ctrl Pts',(-6.5479930711077,-4.81045270042727,5.19929512308625));
#2704=CARTESIAN_POINT('Ctrl Pts',(-6.63322372224793,-3.83288054163326,5.39053288777732));
#2705=CARTESIAN_POINT('Ctrl Pts',(-6.71870922717321,-2.16448653404872,5.57588025962958));
#2706=CARTESIAN_POINT('Ctrl Pts',(-6.73999900947862,-0.808623260597459,
5.60970090187414));
#2707=CARTESIAN_POINT('Ctrl Pts',(-6.74008761035295,1.92790084304907E-10,
5.60982774875712));
#2708=CARTESIAN_POINT('Ctrl Pts',(-6.9498994466736,-5.84254752748551,4.92086634118044));
#2709=CARTESIAN_POINT('Ctrl Pts',(-6.95554058775031,-5.82169103252922,4.92673390730919));
#2710=CARTESIAN_POINT('Ctrl Pts',(-6.96243303597998,-5.78496748770402,4.93736919345936));
#2711=CARTESIAN_POINT('Ctrl Pts',(-6.9744455281758,-5.71321102813831,4.95779754734318));
#2712=CARTESIAN_POINT('Ctrl Pts',(-6.99231098149743,-5.59078650146701,4.99204549068535));
#2713=CARTESIAN_POINT('Ctrl Pts',(-7.02511285122309,-5.34744996673423,5.05707286789943));
#2714=CARTESIAN_POINT('Ctrl Pts',(-7.0851806293688,-4.86015323766611,5.17556584485363));
#2715=CARTESIAN_POINT('Ctrl Pts',(-7.18664850014247,-3.87287003354189,5.37065168374658));
#2716=CARTESIAN_POINT('Ctrl Pts',(-7.27199574494639,-2.18226404699032,5.56511114161698));
#2717=CARTESIAN_POINT('Ctrl Pts',(-7.2859977768625,-0.817951507926515,5.60266176176098));
#2718=CARTESIAN_POINT('Ctrl Pts',(-7.28602517267283,9.0835237972575E-10,
5.60271773655004));
#2719=CARTESIAN_POINT('Ctrl Pts',(-7.36733593513719,-5.81267536374424,4.62887924375439));
#2720=CARTESIAN_POINT('Ctrl Pts',(-7.37410371795188,-5.78958903350679,4.63250633628906));
#2721=CARTESIAN_POINT('Ctrl Pts',(-7.38194335148435,-5.75191259606172,4.64113322083385));
#2722=CARTESIAN_POINT('Ctrl Pts',(-7.39545778990873,-5.67908830872346,4.65811666921575));
#2723=CARTESIAN_POINT('Ctrl Pts',(-7.41511619659542,-5.55703047065212,4.68790868117445));
#2724=CARTESIAN_POINT('Ctrl Pts',(-7.45087413069576,-5.31577216066266,4.74516403362718));
#2725=CARTESIAN_POINT('Ctrl Pts',(-7.51577939447221,-4.83396050282562,4.85070590823486));
#2726=CARTESIAN_POINT('Ctrl Pts',(-7.6242310210041,-3.85652225494249,5.02943554156874));
#2727=CARTESIAN_POINT('Ctrl Pts',(-7.71233886214067,-2.17831756503499,5.22966472953462));
#2728=CARTESIAN_POINT('Ctrl Pts',(-7.72493255722928,-0.819163437547714,
5.27790610914307));
#2729=CARTESIAN_POINT('Ctrl Pts',(-7.72495904692984,2.01428972485844E-9,
5.278009516366));
#2730=CARTESIAN_POINT('Ctrl Pts',(-7.51912559391182,-5.77748786374881,4.4404677156897));
#2731=CARTESIAN_POINT('Ctrl Pts',(-7.52572262253297,-5.75376659670411,4.442904606553));
#2732=CARTESIAN_POINT('Ctrl Pts',(-7.53336909528453,-5.71571811399013,4.45016404605326));
#2733=CARTESIAN_POINT('Ctrl Pts',(-7.54660905473407,-5.64285059902002,4.46517191703977));
#2734=CARTESIAN_POINT('Ctrl Pts',(-7.56589710963112,-5.52134095936653,4.49224271365574));
#2735=CARTESIAN_POINT('Ctrl Pts',(-7.60101719270526,-5.28193986119877,4.5449412028284));
#2736=CARTESIAN_POINT('Ctrl Pts',(-7.66477523969567,-4.80428017720617,4.64272667499968));
#2737=CARTESIAN_POINT('Ctrl Pts',(-7.77174661037197,-3.83588514990581,4.81130139739716));
#2738=CARTESIAN_POINT('Ctrl Pts',(-7.86187535816882,-2.17127778846212,5.01277238568008));
#2739=CARTESIAN_POINT('Ctrl Pts',(-7.87642472421433,-0.817468992727745,
5.06651258163469));
#2740=CARTESIAN_POINT('Ctrl Pts',(-7.87642472291746,2.56134844065524E-9,
5.06651258333399));
#2741=CARTESIAN_POINT('',(-6.49151764603413,-6.86561385632751E-15,5.53310893409688));
#2742=CARTESIAN_POINT('',(-7.87642472291746,2.56134839967158E-9,5.06651258333399));
#2743=CARTESIAN_POINT('Origin',(-6.86015964496653,2.46201169333021E-9,4.33870402929151));
#2744=CARTESIAN_POINT('Ctrl Pts',(-7.87642472291746,2.56134844065524E-9,
5.06651258333399));
#2745=CARTESIAN_POINT('Ctrl Pts',(-7.87642472421433,-0.817468992727745,
5.06651258163469));
#2746=CARTESIAN_POINT('Ctrl Pts',(-7.86187535816882,-2.17127778846212,5.01277238568008));
#2747=CARTESIAN_POINT('Ctrl Pts',(-7.77174661037197,-3.83588514990581,4.81130139739716));
#2748=CARTESIAN_POINT('Ctrl Pts',(-7.66477523969567,-4.80428017720617,4.64272667499968));
#2749=CARTESIAN_POINT('Ctrl Pts',(-7.60101719270526,-5.28193986119877,4.5449412028284));
#2750=CARTESIAN_POINT('Ctrl Pts',(-7.56589710963112,-5.52134095936653,4.49224271365574));
#2751=CARTESIAN_POINT('Ctrl Pts',(-7.54660905473407,-5.64285059902002,4.46517191703977));
#2752=CARTESIAN_POINT('Ctrl Pts',(-7.53336909528453,-5.71571811399013,4.45016404605326));
#2753=CARTESIAN_POINT('Ctrl Pts',(-7.52572262253297,-5.75376659670411,4.442904606553));
#2754=CARTESIAN_POINT('Ctrl Pts',(-7.51912559391182,-5.77748786374881,4.4404677156897));
#2755=CARTESIAN_POINT('Ctrl Pts',(-6.21083009334241,-5.73352719821077,4.89045146504966));
#2756=CARTESIAN_POINT('Ctrl Pts',(-6.21275645444959,-5.71646460754637,4.89538612103901));
#2757=CARTESIAN_POINT('Ctrl Pts',(-6.21641156876073,-5.68228217643272,4.90514313583453));
#2758=CARTESIAN_POINT('Ctrl Pts',(-6.22345494843714,-5.61382963904907,4.92432561906555));
#2759=CARTESIAN_POINT('Ctrl Pts',(-6.23534704839549,-5.49385476801947,4.9570955090771));
#2760=CARTESIAN_POINT('Ctrl Pts',(-6.25833857157727,-5.25337174351824,5.01969653061057));
#2761=CARTESIAN_POINT('Ctrl Pts',(-6.30214443754248,-4.77101997098042,5.13356063379407));
#2762=CARTESIAN_POINT('Ctrl Pts',(-6.38097321013722,-3.80271858021339,5.31802692418099));
#2763=CARTESIAN_POINT('Ctrl Pts',(-6.46692332553415,-2.1517017668534,5.49883666153677));
#2764=CARTESIAN_POINT('Ctrl Pts',(-6.49151764695583,-0.803022608240819,
5.53310893272609));
#2765=CARTESIAN_POINT('Ctrl Pts',(-6.49151764603413,-8.95997241146104E-15,
5.53310893409688));
#2766=CARTESIAN_POINT('Ctrl Pts',(-6.49151764603413,-2.05176566616444E-14,
5.53310893409688));
#2767=CARTESIAN_POINT('Ctrl Pts',(-6.49151764557928,0.368476193298528,5.53310893473735));
#2768=CARTESIAN_POINT('Ctrl Pts',(-6.48334432477049,0.735005644748963,5.53446976800374));
#2769=CARTESIAN_POINT('Ctrl Pts',(-6.4654756183291,1.09664188964701,5.53939723035548));
#2770=CARTESIAN_POINT('Ctrl Pts',(-6.74008761035295,1.98189539844875E-10,
5.60982774875712));
#2771=CARTESIAN_POINT('Ctrl Pts',(-6.74008760985671,0.372415323374858,5.60982774938485));
#2772=CARTESIAN_POINT('Ctrl Pts',(-6.73190993212194,0.74265615347514,5.61108183055665));
#2773=CARTESIAN_POINT('Ctrl Pts',(-6.71353434540176,1.10859059524581,5.61574971096957));
#2774=CARTESIAN_POINT('Ctrl Pts',(-7.28604026511558,9.33778841597423E-10,
5.60276253250855));
#2775=CARTESIAN_POINT('Ctrl Pts',(-7.28604026451528,0.381462224564071,5.60276253316524));
#2776=CARTESIAN_POINT('Ctrl Pts',(-7.27776344718035,0.760514419601628,5.60370415775802));
#2777=CARTESIAN_POINT('Ctrl Pts',(-7.25799931818181,1.13705681618468,5.60832335564307));
#2778=CARTESIAN_POINT('Ctrl Pts',(-7.72495904692984,2.0708140493381E-9,
5.27800951636599));
#2779=CARTESIAN_POINT('Ctrl Pts',(-7.72495904628172,0.389444963728514,5.27800951714152));
#2780=CARTESIAN_POINT('Ctrl Pts',(-7.71637937816344,0.776828809503156,5.27861949848888));
#2781=CARTESIAN_POINT('Ctrl Pts',(-7.69554281722288,1.1640064995024,5.28407501857976));
#2782=CARTESIAN_POINT('Ctrl Pts',(-7.87642472291746,2.63322768025657E-9,
5.06651258333399));
#2783=CARTESIAN_POINT('Ctrl Pts',(-7.87642472227746,0.392401748530883,5.06651258417259));
#2784=CARTESIAN_POINT('Ctrl Pts',(-7.86764941074594,0.783078209066027,5.06698005466657));
#2785=CARTESIAN_POINT('Ctrl Pts',(-7.84657608611661,1.17457902918075,5.07292867539145));
#2786=CARTESIAN_POINT('Ctrl Pts',(-7.84657608611661,1.17457902918075,5.07292867539145));
#2787=CARTESIAN_POINT('Ctrl Pts',(-7.86764941074594,0.783078209066027,5.06698005466657));
#2788=CARTESIAN_POINT('Ctrl Pts',(-7.87642472227746,0.392401748530883,5.06651258417259));
#2789=CARTESIAN_POINT('Ctrl Pts',(-7.87642472291746,2.63322768025657E-9,
5.06651258333399));
#2790=CARTESIAN_POINT('Ctrl Pts',(-6.49151764603413,-2.05176566616444E-14,
5.53310893409688));
#2791=CARTESIAN_POINT('Ctrl Pts',(-6.49151764557928,0.368476193298528,5.53310893473735));
#2792=CARTESIAN_POINT('Ctrl Pts',(-6.48334432477049,0.735005644748963,5.53446976800374));
#2793=CARTESIAN_POINT('Ctrl Pts',(-6.4654756183291,1.09664188964701,5.53939723035548));
#2794=CARTESIAN_POINT('Ctrl Pts',(-6.46844589597172,1.11118525146839,5.54063286388975));
#2795=CARTESIAN_POINT('Ctrl Pts',(-6.44653260710977,1.66050880097703,5.54308485387661));
#2796=CARTESIAN_POINT('Ctrl Pts',(-6.38414524062495,2.57213227615933,5.55045073707941));
#2797=CARTESIAN_POINT('Ctrl Pts',(-6.19031924303225,3.81362589876931,5.57508178166243));
#2798=CARTESIAN_POINT('Ctrl Pts',(-5.99571494820552,4.486666880863,5.59835306378668));
#2799=CARTESIAN_POINT('Ctrl Pts',(-5.8587339548676,4.80138385374941,5.61071769115374));
#2800=CARTESIAN_POINT('Ctrl Pts',(-6.71617461546299,1.12211687941781,5.61602801108595));
#2801=CARTESIAN_POINT('Ctrl Pts',(-6.69374090126211,1.67701315778364,5.61776950526964));
#2802=CARTESIAN_POINT('Ctrl Pts',(-6.62971311628298,2.59807679967299,5.62320637819321));
#2803=CARTESIAN_POINT('Ctrl Pts',(-6.42223228335682,3.8653052022269,5.6409334476308));
#2804=CARTESIAN_POINT('Ctrl Pts',(-6.20801911902935,4.55889862830869,5.65814709062522));
#2805=CARTESIAN_POINT('Ctrl Pts',(-6.05431753484167,4.88860633281426,5.66754313499857));
#2806=CARTESIAN_POINT('Ctrl Pts',(-7.25932865152144,1.14659109391955,5.60729789099607));
#2807=CARTESIAN_POINT('Ctrl Pts',(-7.23523398375578,1.71400415539514,5.60813679314185));
#2808=CARTESIAN_POINT('Ctrl Pts',(-7.16599507780956,2.65648854587233,5.61093619951245));
#2809=CARTESIAN_POINT('Ctrl Pts',(-6.92387014281475,3.98066092045554,5.62830140324937));
#2810=CARTESIAN_POINT('Ctrl Pts',(-6.66302374490944,4.71843010703755,5.65046547619269));
#2811=CARTESIAN_POINT('Ctrl Pts',(-6.47185488299517,5.07910414379445,5.66458806169793));
#2812=CARTESIAN_POINT('Ctrl Pts',(-7.69576212026127,1.16717775462762,5.28357960942479));
#2813=CARTESIAN_POINT('Ctrl Pts',(-7.6701007749002,1.74522502659023,5.28479124214324));
#2814=CARTESIAN_POINT('Ctrl Pts',(-7.59711453223238,2.70620987864848,5.2909851066676));
#2815=CARTESIAN_POINT('Ctrl Pts',(-7.33323377368546,4.08049188378395,5.33274477146159));
#2816=CARTESIAN_POINT('Ctrl Pts',(-7.04423608854883,4.85981638066372,5.39176899119283));
#2817=CARTESIAN_POINT('Ctrl Pts',(-6.82737417551193,5.24934051959529,5.42951106462657));
#2818=CARTESIAN_POINT('Ctrl Pts',(-7.84657608611697,1.1745790291726,5.07292867539142));
#2819=CARTESIAN_POINT('Ctrl Pts',(-7.82045328071131,1.75645914477672,5.0745248008811));
#2820=CARTESIAN_POINT('Ctrl Pts',(-7.74648291158232,2.72431979330121,5.08264957336481));
#2821=CARTESIAN_POINT('Ctrl Pts',(-7.48028280368408,4.11791935154737,5.13866132811118));
#2822=CARTESIAN_POINT('Ctrl Pts',(-7.18793087374229,4.91526011852249,5.21852785131045));
#2823=CARTESIAN_POINT('Ctrl Pts',(-6.96516676085209,5.31768255360742,5.27003567940925));
#2824=CARTESIAN_POINT('',(-5.8587339548676,4.80138385374941,5.61071769115374));
#2825=CARTESIAN_POINT('Ctrl Pts',(-6.46844589597172,1.11118525146839,5.54063286388975));
#2826=CARTESIAN_POINT('Ctrl Pts',(-6.44653260710977,1.66050880097703,5.54308485387661));
#2827=CARTESIAN_POINT('Ctrl Pts',(-6.38414524062495,2.57213227615933,5.55045073707941));
#2828=CARTESIAN_POINT('Ctrl Pts',(-6.19031924303225,3.81362589876931,5.57508178166243));
#2829=CARTESIAN_POINT('Ctrl Pts',(-5.99571494820552,4.486666880863,5.59835306378668));
#2830=CARTESIAN_POINT('Ctrl Pts',(-5.8587339548676,4.80138385374941,5.61071769115374));
#2831=CARTESIAN_POINT('',(-6.96516676085209,5.31768255360743,5.27003567940925));
#2832=CARTESIAN_POINT('Origin',(-6.13483015669407,4.96899742445794,4.4031678668188));
#2833=CARTESIAN_POINT('Ctrl Pts',(-6.96516676085209,5.31768255360742,5.27003567940925));
#2834=CARTESIAN_POINT('Ctrl Pts',(-7.18793087374229,4.91526011852249,5.21852785131045));
#2835=CARTESIAN_POINT('Ctrl Pts',(-7.48028280368408,4.11791935154737,5.13866132811118));
#2836=CARTESIAN_POINT('Ctrl Pts',(-7.74648291158232,2.72431979330121,5.08264957336481));
#2837=CARTESIAN_POINT('Ctrl Pts',(-7.82045328071131,1.75645914477672,5.0745248008811));
#2838=CARTESIAN_POINT('Ctrl Pts',(-7.84657608611697,1.1745790291726,5.07292867539142));
#2839=CARTESIAN_POINT('Ctrl Pts',(-5.85873395486759,4.80138385374941,5.61071769115374));
#2840=CARTESIAN_POINT('Ctrl Pts',(-5.77011633489477,5.0049848674568,5.61871678520627));
#2841=CARTESIAN_POINT('Ctrl Pts',(-5.5907795401513,5.33052406617193,5.63207521901896));
#2842=CARTESIAN_POINT('Ctrl Pts',(-5.20028830393948,5.66613874075705,5.62678400887999));
#2843=CARTESIAN_POINT('Ctrl Pts',(-4.93704698287058,5.79910910679702,5.61591820682936));
#2844=CARTESIAN_POINT('Ctrl Pts',(-4.80138578141017,5.8583426835598,5.61062850419331));
#2845=CARTESIAN_POINT('Ctrl Pts',(-6.05431753484166,4.88860633281426,5.66754313499856));
#2846=CARTESIAN_POINT('Ctrl Pts',(-5.95507630510286,5.10164786394116,5.67363179855369));
#2847=CARTESIAN_POINT('Ctrl Pts',(-5.74605759338283,5.45172745251727,5.68321174561463));
#2848=CARTESIAN_POINT('Ctrl Pts',(-5.30965823783615,5.83560645756044,5.67945512226954));
#2849=CARTESIAN_POINT('Ctrl Pts',(-5.03067107488398,5.98747027636886,5.67144822090027));
#2850=CARTESIAN_POINT('Ctrl Pts',(-4.88878509856861,6.05367627591888,5.66741488725395));
#2851=CARTESIAN_POINT('Ctrl Pts',(-6.4718265052026,5.07909487270721,5.66448184895497));
#2852=CARTESIAN_POINT('Ctrl Pts',(-6.34874504055776,5.31166596887816,5.67356482949523));
#2853=CARTESIAN_POINT('Ctrl Pts',(-6.07515118912307,5.71064402717379,5.69221379675094));
#2854=CARTESIAN_POINT('Ctrl Pts',(-5.54518302723183,6.19509195524195,5.68457321440007));
#2855=CARTESIAN_POINT('Ctrl Pts',(-5.23438323675645,6.38878415403156,5.67041437422233));
#2856=CARTESIAN_POINT('Ctrl Pts',(-5.07960392289573,6.47064313918198,5.6644484955937));
#2857=CARTESIAN_POINT('Ctrl Pts',(-6.82737417551193,5.24934051959529,5.42951106462657));
#2858=CARTESIAN_POINT('Ctrl Pts',(-6.68792613187423,5.50019867877164,5.45368450745149));
#2859=CARTESIAN_POINT('Ctrl Pts',(-6.36821730176612,5.94438314449383,5.51136506563709));
#2860=CARTESIAN_POINT('Ctrl Pts',(-5.75694272743581,6.5109757206085,5.48728580652622));
#2861=CARTESIAN_POINT('Ctrl Pts',(-5.41698589777078,6.73322288110398,5.44568499867118));
#2862=CARTESIAN_POINT('Ctrl Pts',(-5.25011642034487,6.82587446570491,5.42988894851247));
#2863=CARTESIAN_POINT('Ctrl Pts',(-6.96516676085208,5.31768255360742,5.27003567940925));
#2864=CARTESIAN_POINT('Ctrl Pts',(-6.82195692806439,5.57674775972892,5.30300515984128));
#2865=CARTESIAN_POINT('Ctrl Pts',(-6.48952153398983,6.0420165574712,5.38378955563206));
#2866=CARTESIAN_POINT('Ctrl Pts',(-5.84415099025361,6.63941112945573,5.34994237096155));
#2867=CARTESIAN_POINT('Ctrl Pts',(-5.49087057415394,6.86846074418154,5.29217933178107));
#2868=CARTESIAN_POINT('Ctrl Pts',(-5.31857422235572,6.96362183819589,5.27064782015536));
#2869=CARTESIAN_POINT('',(-4.80138578141017,5.8583426835598,5.61062850419331));
#2870=CARTESIAN_POINT('',(-5.31857422235572,6.9636218381959,5.27064782015536));
#2871=CARTESIAN_POINT('Origin',(-4.96900498318841,6.1343989259002,4.403070325777));
#2872=CARTESIAN_POINT('Ctrl Pts',(-5.31857422235572,6.96362183819589,5.27064782015536));
#2873=CARTESIAN_POINT('Ctrl Pts',(-5.49087057415394,6.86846074418154,5.29217933178107));
#2874=CARTESIAN_POINT('Ctrl Pts',(-5.84415099025361,6.63941112945573,5.34994237096155));
#2875=CARTESIAN_POINT('Ctrl Pts',(-6.48952153398983,6.0420165574712,5.38378955563206));
#2876=CARTESIAN_POINT('Ctrl Pts',(-6.82195692806439,5.57674775972892,5.30300515984128));
#2877=CARTESIAN_POINT('Ctrl Pts',(-6.96516676085208,5.31768255360742,5.27003567940925));
#2878=CARTESIAN_POINT('Ctrl Pts',(-5.85873395486759,4.80138385374941,5.61071769115374));
#2879=CARTESIAN_POINT('Ctrl Pts',(-5.77011633489477,5.0049848674568,5.61871678520627));
#2880=CARTESIAN_POINT('Ctrl Pts',(-5.5907795401513,5.33052406617193,5.63207521901896));
#2881=CARTESIAN_POINT('Ctrl Pts',(-5.20028830393948,5.66613874075705,5.62678400887999));
#2882=CARTESIAN_POINT('Ctrl Pts',(-4.93704698287058,5.79910910679702,5.61591820682936));
#2883=CARTESIAN_POINT('Ctrl Pts',(-4.80138578141017,5.8583426835598,5.61062850419331));
#2884=CARTESIAN_POINT('Ctrl Pts',(-4.80138578141017,5.85834268355981,5.61062850419331));
#2885=CARTESIAN_POINT('Ctrl Pts',(-4.19332851566839,6.12383794925667,5.58691913049738));
#2886=CARTESIAN_POINT('Ctrl Pts',(-2.60380539604733,6.4215253625756,5.54459870848739));
#2887=CARTESIAN_POINT('Ctrl Pts',(-0.946501190676927,6.49231862453958,5.53882079625817));
#2888=CARTESIAN_POINT('Ctrl Pts',(-4.14575361031706E-7,6.49231863238079,
5.53882079373597));
#2889=CARTESIAN_POINT('Ctrl Pts',(-4.8887850985686,6.05367627591889,5.66741488725395));
#2890=CARTESIAN_POINT('Ctrl Pts',(-4.2525024851243,6.35066877699823,5.64935114758451));
#2891=CARTESIAN_POINT('Ctrl Pts',(-2.62656289579477,6.66968056181402,5.61881329080041));
#2892=CARTESIAN_POINT('Ctrl Pts',(-0.956194856927264,6.7393569603098,5.61461694139039));
#2893=CARTESIAN_POINT('Ctrl Pts',(-4.16517280482812E-7,6.73935697200644,
5.61461694014351));
#2894=CARTESIAN_POINT('Ctrl Pts',(-5.07961321026739,6.47067137475991,5.6645544178377));
#2895=CARTESIAN_POINT('Ctrl Pts',(-4.38490497131742,6.83832103919157,5.63774516476743));
#2896=CARTESIAN_POINT('Ctrl Pts',(-2.67777349524754,7.21287524270179,5.60604747601673));
#2897=CARTESIAN_POINT('Ctrl Pts',(-0.977777634218897,7.28131306573276,5.60779278286064));
#2898=CARTESIAN_POINT('Ctrl Pts',(-4.2121965179501E-7,7.28131308668463,
5.60779277889396));
#2899=CARTESIAN_POINT('Ctrl Pts',(-5.25011642034487,6.82587446570492,5.42988894851247));
#2900=CARTESIAN_POINT('Ctrl Pts',(-4.50074202621684,7.242220890511,5.3587882916859));
#2901=CARTESIAN_POINT('Ctrl Pts',(-2.7205493114844,7.64717575432261,5.27881738351072));
#2902=CARTESIAN_POINT('Ctrl Pts',(-0.995779234703338,7.71851194694064,5.28744901810721));
#2903=CARTESIAN_POINT('Ctrl Pts',(-4.25817263100609E-7,7.7185119709985,
5.28744900266513));
#2904=CARTESIAN_POINT('Ctrl Pts',(-5.31857422235572,6.9636218381959,5.27064782015535));
#2905=CARTESIAN_POINT('Ctrl Pts',(-4.54470240137796,7.39128837819618,5.173700733972));
#2906=CARTESIAN_POINT('Ctrl Pts',(-2.73570531829337,7.79601964998787,5.06653729697786));
#2907=CARTESIAN_POINT('Ctrl Pts',(-1.00216353488577,7.87036423710902,5.0783703799077));
#2908=CARTESIAN_POINT('Ctrl Pts',(-4.27663993978081E-7,7.87036425957265,
5.07837035834671));
#2909=CARTESIAN_POINT('',(-4.14575361905793E-7,6.49231863238079,5.53882079373597));
#2910=CARTESIAN_POINT('',(-4.2766399290403E-7,7.87036425957265,5.07837035834671));
#2911=CARTESIAN_POINT('Origin',(-4.20797300381786E-7,6.85897286615391,4.34380419432982));
#2912=CARTESIAN_POINT('Ctrl Pts',(-4.27663993978081E-7,7.87036425957265,
5.07837035834671));
#2913=CARTESIAN_POINT('Ctrl Pts',(-1.00216353488577,7.87036423710902,5.0783703799077));
#2914=CARTESIAN_POINT('Ctrl Pts',(-2.73570531829337,7.79601964998787,5.06653729697786));
#2915=CARTESIAN_POINT('Ctrl Pts',(-4.54470240137796,7.39128837819618,5.173700733972));
#2916=CARTESIAN_POINT('Ctrl Pts',(-5.31857422235572,6.9636218381959,5.27064782015535));
#2917=CARTESIAN_POINT('Ctrl Pts',(-4.80138578141017,5.85834268355981,5.61062850419331));
#2918=CARTESIAN_POINT('Ctrl Pts',(-4.19332851566839,6.12383794925667,5.58691913049738));
#2919=CARTESIAN_POINT('Ctrl Pts',(-2.60380539604733,6.4215253625756,5.54459870848739));
#2920=CARTESIAN_POINT('Ctrl Pts',(-0.946501190676927,6.49231862453958,5.53882079625817));
#2921=CARTESIAN_POINT('Ctrl Pts',(-4.14575361031706E-7,6.49231863238079,
5.53882079373597));
#2922=CARTESIAN_POINT('Ctrl Pts',(-4.14575362496224E-7,6.49231863238079,
5.53882079373597));
#2923=CARTESIAN_POINT('Ctrl Pts',(0.708919148621662,6.49231863825377,5.53882079184688));
#2924=CARTESIAN_POINT('Ctrl Pts',(1.89690433993401,6.45171954119983,5.54305482509556));
#2925=CARTESIAN_POINT('Ctrl Pts',(3.51560222583407,6.26017368560635,5.56644366658135));
#2926=CARTESIAN_POINT('Ctrl Pts',(4.39656033503372,6.03510131580129,5.59484358675812));
#2927=CARTESIAN_POINT('Ctrl Pts',(4.80138591229956,5.85834283939498,5.61062854649678));
#2928=CARTESIAN_POINT('Ctrl Pts',(-4.16517281432032E-7,6.73935697200644,
5.61461694014351));
#2929=CARTESIAN_POINT('Ctrl Pts',(0.716036946881726,6.73938876785104,5.61459701594423));
#2930=CARTESIAN_POINT('Ctrl Pts',(1.91434290293162,6.69887194273421,5.61769062447103));
#2931=CARTESIAN_POINT('Ctrl Pts',(3.55901258436417,6.49733063410865,5.63437216669582));
#2932=CARTESIAN_POINT('Ctrl Pts',(4.46663185640303,6.25108553504062,5.65549870202974));
#2933=CARTESIAN_POINT('Ctrl Pts',(4.88878520162204,6.05367636516716,5.66741491174295));
#2934=CARTESIAN_POINT('Ctrl Pts',(-4.21219944082562E-7,7.28136330525541,
5.60784825662595));
#2935=CARTESIAN_POINT('Ctrl Pts',(0.732338782215548,7.28138342724326,5.60787352415232));
#2936=CARTESIAN_POINT('Ctrl Pts',(1.95097328905884,7.24071687501147,5.60852105270559));
#2937=CARTESIAN_POINT('Ctrl Pts',(3.65599033003174,7.01217112306434,5.62166428689363));
#2938=CARTESIAN_POINT('Ctrl Pts',(4.61721092372633,6.71562155837029,5.64711106204612));
#2939=CARTESIAN_POINT('Ctrl Pts',(5.07962212293467,6.4706931513806,5.66458695809696));
#2940=CARTESIAN_POINT('Ctrl Pts',(-4.25817262223332E-7,7.71851197099849,
5.28744900266514));
#2941=CARTESIAN_POINT('Ctrl Pts',(0.745850621751905,7.71858413363479,5.28756986899048));
#2942=CARTESIAN_POINT('Ctrl Pts',(1.98231304015433,7.67665869672554,5.28732978856698));
#2943=CARTESIAN_POINT('Ctrl Pts',(3.73928531986039,7.42961472973125,5.31669507104317));
#2944=CARTESIAN_POINT('Ctrl Pts',(4.75062066968354,7.10372125403809,5.38343010819962));
#2945=CARTESIAN_POINT('Ctrl Pts',(5.25011642032451,6.8258743363456,5.42988920933699));
#2946=CARTESIAN_POINT('Ctrl Pts',(-4.2766399287202E-7,7.87036425957264,
5.07837035834673));
#2947=CARTESIAN_POINT('Ctrl Pts',(0.750609661850175,7.87036427639767,5.07837034219776));
#2948=CARTESIAN_POINT('Ctrl Pts',(1.99410803241477,7.82727448853589,5.07746055310805));
#2949=CARTESIAN_POINT('Ctrl Pts',(3.77017357984007,7.57779665120415,5.11740790468633));
#2950=CARTESIAN_POINT('Ctrl Pts',(4.80335406073671,7.24834909699853,5.20610373946003));
#2951=CARTESIAN_POINT('Ctrl Pts',(5.31857422191101,6.9636217157492,5.27064819008654));
#2952=CARTESIAN_POINT('',(4.80138591229956,5.85834283939498,5.61062854649678));
#2953=CARTESIAN_POINT('',(5.31857422191101,6.9636217157492,5.27064819008654));
#2954=CARTESIAN_POINT('Origin',(4.96900511239657,6.13439908987569,4.40307036970804));
#2955=CARTESIAN_POINT('Ctrl Pts',(5.31857422191101,6.9636217157492,5.27064819008654));
#2956=CARTESIAN_POINT('Ctrl Pts',(4.80335406073671,7.24834909699853,5.20610373946003));
#2957=CARTESIAN_POINT('Ctrl Pts',(3.77017357984007,7.57779665120415,5.11740790468633));
#2958=CARTESIAN_POINT('Ctrl Pts',(1.99410803241477,7.82727448853589,5.07746055310805));
#2959=CARTESIAN_POINT('Ctrl Pts',(0.750609661850175,7.87036427639767,5.07837034219776));
#2960=CARTESIAN_POINT('Ctrl Pts',(-4.2766399287202E-7,7.87036425957264,
5.07837035834673));
#2961=CARTESIAN_POINT('Ctrl Pts',(-4.14575362496224E-7,6.49231863238079,
5.53882079373597));
#2962=CARTESIAN_POINT('Ctrl Pts',(0.708919148621662,6.49231863825377,5.53882079184688));
#2963=CARTESIAN_POINT('Ctrl Pts',(1.89690433993401,6.45171954119983,5.54305482509556));
#2964=CARTESIAN_POINT('Ctrl Pts',(3.51560222583407,6.26017368560635,5.56644366658135));
#2965=CARTESIAN_POINT('Ctrl Pts',(4.39656033503372,6.03510131580129,5.59484358675812));
#2966=CARTESIAN_POINT('Ctrl Pts',(4.80138591229956,5.85834283939498,5.61062854649678));
#2967=CARTESIAN_POINT('Ctrl Pts',(4.80138591229956,5.85834283939498,5.61062854649678));
#2968=CARTESIAN_POINT('Ctrl Pts',(5.00487775935371,5.76949245328714,5.61856310101429));
#2969=CARTESIAN_POINT('Ctrl Pts',(5.33040662511063,5.59031227806063,5.63196113889558));
#2970=CARTESIAN_POINT('Ctrl Pts',(5.66682246794182,5.20052805291603,5.6269653827219));
#2971=CARTESIAN_POINT('Ctrl Pts',(5.79965592272193,4.93711757520292,5.61605044949651));
#2972=CARTESIAN_POINT('Ctrl Pts',(5.85873438898147,4.80138355258042,5.61071773644512));
#2973=CARTESIAN_POINT('Ctrl Pts',(4.88878520162205,6.05367636516716,5.66741491174295));
#2974=CARTESIAN_POINT('Ctrl Pts',(5.10161422539165,5.95436733240763,5.6734649118765));
#2975=CARTESIAN_POINT('Ctrl Pts',(5.45129493816003,5.74597162727967,5.68311548819392));
#2976=CARTESIAN_POINT('Ctrl Pts',(5.83607737837457,5.31001646997042,5.67961210113026));
#2977=CARTESIAN_POINT('Ctrl Pts',(5.98815698961143,5.03063373614246,5.67160225357821));
#2978=CARTESIAN_POINT('Ctrl Pts',(6.05431782264307,4.88860604363698,5.66754315294958));
#2979=CARTESIAN_POINT('Ctrl Pts',(5.07960395924732,6.47064307829501,5.66444856483885));
#2980=CARTESIAN_POINT('Ctrl Pts',(5.31177301702627,6.34785454177937,5.67339738407829));
#2981=CARTESIAN_POINT('Ctrl Pts',(5.70960598380217,6.07584490114205,5.69202646182755));
#2982=CARTESIAN_POINT('Ctrl Pts',(6.19511010721118,5.54574720972567,5.68486169047459));
#2983=CARTESIAN_POINT('Ctrl Pts',(6.38977223897374,5.23414197520698,5.67053723846197));
#2984=CARTESIAN_POINT('Ctrl Pts',(6.47182647307546,5.07909458469967,5.66448195470803));
#2985=CARTESIAN_POINT('Ctrl Pts',(5.25011642032451,6.8258743363456,5.42988920933699));
#2986=CARTESIAN_POINT('Ctrl Pts',(5.50042074548472,6.68689687875141,5.45358329513623));
#2987=CARTESIAN_POINT('Ctrl Pts',(5.94283125174213,6.36947596107796,5.51086260195775));
#2988=CARTESIAN_POINT('Ctrl Pts',(6.51071300738939,5.75771558807066,5.48802029728952));
#2989=CARTESIAN_POINT('Ctrl Pts',(6.73440873877447,5.4165790000688,5.44562700602352));
#2990=CARTESIAN_POINT('Ctrl Pts',(6.82737398856619,5.24934024712991,5.42951151603799));
#2991=CARTESIAN_POINT('Ctrl Pts',(5.31857422191101,6.9636217157492,5.27064819008654));
#2992=CARTESIAN_POINT('Ctrl Pts',(5.57701886773402,6.82087998522112,5.30294547484063));
#2993=CARTESIAN_POINT('Ctrl Pts',(6.04024111600904,6.49095701861774,5.38310403606668));
#2994=CARTESIAN_POINT('Ctrl Pts',(6.63909801983255,5.84504103650044,5.35093621007388));
#2995=CARTESIAN_POINT('Ctrl Pts',(6.86969346024142,5.49039241369155,5.29201578505548));
#2996=CARTESIAN_POINT('Ctrl Pts',(6.96516657683951,5.31768230498648,5.27003632619721));
#2997=CARTESIAN_POINT('',(5.85873438898147,4.80138355258042,5.61071773644512));
#2998=CARTESIAN_POINT('',(6.9651665768395,5.31768230498648,5.27003632619721));
#2999=CARTESIAN_POINT('Origin',(6.13483063295746,4.96899708733179,4.40316791675629));
#3000=CARTESIAN_POINT('Ctrl Pts',(6.96516657683951,5.31768230498648,5.27003632619721));
#3001=CARTESIAN_POINT('Ctrl Pts',(6.86969346024142,5.49039241369155,5.29201578505548));
#3002=CARTESIAN_POINT('Ctrl Pts',(6.63909801983255,5.84504103650044,5.35093621007388));
#3003=CARTESIAN_POINT('Ctrl Pts',(6.04024111600904,6.49095701861774,5.38310403606668));
#3004=CARTESIAN_POINT('Ctrl Pts',(5.57701886773402,6.82087998522112,5.30294547484063));
#3005=CARTESIAN_POINT('Ctrl Pts',(5.31857422191101,6.9636217157492,5.27064819008654));
#3006=CARTESIAN_POINT('Ctrl Pts',(4.80138591229956,5.85834283939498,5.61062854649678));
#3007=CARTESIAN_POINT('Ctrl Pts',(5.00487775935371,5.76949245328714,5.61856310101429));
#3008=CARTESIAN_POINT('Ctrl Pts',(5.33040662511063,5.59031227806063,5.63196113889558));
#3009=CARTESIAN_POINT('Ctrl Pts',(5.66682246794182,5.20052805291603,5.6269653827219));
#3010=CARTESIAN_POINT('Ctrl Pts',(5.79965592272193,4.93711757520292,5.61605044949651));
#3011=CARTESIAN_POINT('Ctrl Pts',(5.85873438898147,4.80138355258042,5.61071773644512));
#3012=CARTESIAN_POINT('Ctrl Pts',(5.85873438898147,4.80138355258041,5.61071773644512));
#3013=CARTESIAN_POINT('Ctrl Pts',(6.06218478372655,4.33395197841646,5.59235330276802));
#3014=CARTESIAN_POINT('Ctrl Pts',(6.33953959333896,3.13673830623246,5.55551546933498));
#3015=CARTESIAN_POINT('Ctrl Pts',(6.43695044253418,1.8740532545558,5.54416801180947));
#3016=CARTESIAN_POINT('Ctrl Pts',(6.46691226188107,1.14896822791912,5.54080497626941));
#3017=CARTESIAN_POINT('Ctrl Pts',(6.05431782264308,4.88860604363697,5.66754315294958));
#3018=CARTESIAN_POINT('Ctrl Pts',(6.28260246965869,4.39890929339508,5.65358777298889));
#3019=CARTESIAN_POINT('Ctrl Pts',(6.58408940614001,3.17033115593866,5.62672917560392));
#3020=CARTESIAN_POINT('Ctrl Pts',(6.68390654106547,1.89277032788575,5.61853875546706));
#3021=CARTESIAN_POINT('Ctrl Pts',(6.7146034258778,1.16028462209135,5.61615073767489));
#3022=CARTESIAN_POINT('Ctrl Pts',(6.4718548507604,5.07910385576987,5.6645881672131));
#3023=CARTESIAN_POINT('Ctrl Pts',(6.75578772489611,4.54341397960411,5.64361274487652));
#3024=CARTESIAN_POINT('Ctrl Pts',(7.11704713444962,3.24598692227653,5.61228131877674));
#3025=CARTESIAN_POINT('Ctrl Pts',(7.22461784174033,1.93473134099089,5.60853326621129));
#3026=CARTESIAN_POINT('Ctrl Pts',(7.25763925453941,1.18562236083438,5.60735727254882));
#3027=CARTESIAN_POINT('Ctrl Pts',(6.82737398856619,5.2493402471299,5.42951151603799));
#3028=CARTESIAN_POINT('Ctrl Pts',(7.14946749359663,4.67080051816023,5.37345551013909));
#3029=CARTESIAN_POINT('Ctrl Pts',(7.54488965156961,3.30995485367274,5.2921621574686));
#3030=CARTESIAN_POINT('Ctrl Pts',(7.65878355545405,1.97018053624707,5.28542195183099));
#3031=CARTESIAN_POINT('Ctrl Pts',(7.69396293552681,1.20694146615295,5.2836685665337));
#3032=CARTESIAN_POINT('Ctrl Pts',(6.96516657683951,5.31768230498647,5.27003632619721));
#3033=CARTESIAN_POINT('Ctrl Pts',(7.29602638307559,4.71998532313893,5.19353487964043));
#3034=CARTESIAN_POINT('Ctrl Pts',(7.69326866382751,3.33294187533426,5.08409758405361));
#3035=CARTESIAN_POINT('Ctrl Pts',(7.80894426753303,1.98294372626118,5.07535953244736));
#3036=CARTESIAN_POINT('Ctrl Pts',(7.84474457961608,1.21460838044557,5.07304551107239));
#3037=CARTESIAN_POINT('Ctrl Pts',(7.84474457961608,1.21460838044557,5.07304551107239));
#3038=CARTESIAN_POINT('Ctrl Pts',(7.80894426753303,1.98294372626118,5.07535953244736));
#3039=CARTESIAN_POINT('Ctrl Pts',(7.69326866382751,3.33294187533426,5.08409758405361));
#3040=CARTESIAN_POINT('Ctrl Pts',(7.29602638307559,4.71998532313893,5.19353487964043));
#3041=CARTESIAN_POINT('Ctrl Pts',(6.96516657683951,5.31768230498647,5.27003632619721));
#3042=CARTESIAN_POINT('Ctrl Pts',(5.85873438898147,4.80138355258041,5.61071773644512));
#3043=CARTESIAN_POINT('Ctrl Pts',(6.06218478372655,4.33395197841646,5.59235330276802));
#3044=CARTESIAN_POINT('Ctrl Pts',(6.33953959333896,3.13673830623246,5.55551546933498));
#3045=CARTESIAN_POINT('Ctrl Pts',(6.43695044253418,1.8740532545558,5.54416801180947));
#3046=CARTESIAN_POINT('Ctrl Pts',(6.46691226188107,1.14896822791912,5.54080497626941));
#3047=CARTESIAN_POINT('Ctrl Pts',(-3.35051995267971E-15,-6.99626882879047,
3.79072241126961));
#3048=CARTESIAN_POINT('Ctrl Pts',(-3.63142493377634E-15,-7.34506308073783,
3.65044604043895));
#3049=CARTESIAN_POINT('Ctrl Pts',(-3.9110665079182E-15,-7.72821599850828,
3.47586324541916));
#3050=CARTESIAN_POINT('Ctrl Pts',(-4.19104270271488E-15,-8.16117682906045,
3.28470912336376));
#3051=CARTESIAN_POINT('Ctrl Pts',(2.9148470136585,-6.99626883106234,3.79072241691855));
#3052=CARTESIAN_POINT('Ctrl Pts',(2.9148470136585,-7.34501639047629,3.6504648246631));
#3053=CARTESIAN_POINT('Ctrl Pts',(2.9148470136585,-7.72819674094382,3.47587175437471));
#3054=CARTESIAN_POINT('Ctrl Pts',(2.91484701365849,-8.16117683151962,3.28470912893372));
#3055=CARTESIAN_POINT('Ctrl Pts',(4.49031917148475,-7.08246570252567,4.00504913000407));
#3056=CARTESIAN_POINT('Ctrl Pts',(4.49031917148475,-7.43719001335655,3.86238783703284));
#3057=CARTESIAN_POINT('Ctrl Pts',(4.49031917148475,-7.82396519556013,3.68611329703565));
#3058=CARTESIAN_POINT('Ctrl Pts',(4.49031917148475,-8.25447995891679,3.49603912446207));
#3059=CARTESIAN_POINT('Ctrl Pts',(5.70007771740999,-7.19219845584506,4.27789731970634));
#3060=CARTESIAN_POINT('Ctrl Pts',(5.70007771740999,-7.55438904344913,4.13223327598108));
#3061=CARTESIAN_POINT('Ctrl Pts',(5.70007771740999,-7.94582428946772,3.95378680452152));
#3062=CARTESIAN_POINT('Ctrl Pts',(5.70007771740999,-8.37325931701633,3.76507234892389));
#3063=CARTESIAN_POINT('',(-3.35052001891331E-15,-6.99626882879047,3.79072241126961));
#3064=CARTESIAN_POINT('Ctrl Pts',(-3.35051994574557E-15,-6.99626882879047,
3.79072241126961));
#3065=CARTESIAN_POINT('Ctrl Pts',(0.524433162988813,-6.99626882919922,3.79072241228595));
#3066=CARTESIAN_POINT('Ctrl Pts',(1.50499071282831,-7.00066491272334,3.80165318176958));
#3067=CARTESIAN_POINT('Ctrl Pts',(2.77108505826614,-7.0204354221508,3.85081213881381));
#3068=CARTESIAN_POINT('Ctrl Pts',(3.88420062252491,-7.06135252384903,3.95255165403157));
#3069=CARTESIAN_POINT('Ctrl Pts',(4.7795513279404,-7.11628411071597,4.08913789269537));
#3070=CARTESIAN_POINT('Ctrl Pts',(5.33178677655108,-7.15954679375008,4.1967096467109));
#3071=CARTESIAN_POINT('Ctrl Pts',(5.62719425291584,-7.1855874645383,4.26145922847447));
#3072=CARTESIAN_POINT('Ctrl Pts',(5.70007771740999,-7.19219845584506,4.27789731970634));
#3073=CARTESIAN_POINT('Ctrl Pts',(-3.35052001885416E-15,-6.99626882879047,
3.79072241126961));
#3074=CARTESIAN_POINT('Ctrl Pts',(-3.63142499995079E-15,-7.34506308073783,
3.65044604043895));
#3075=CARTESIAN_POINT('Ctrl Pts',(-3.91106653357909E-15,-7.72821599847784,
3.47586324539571));
#3076=CARTESIAN_POINT('Ctrl Pts',(-4.19104273138378E-15,-8.16117682906045,
3.28470912336376));
#3077=CARTESIAN_POINT('Ctrl Pts',(6.3072769265972E-24,3.58207648122022E-15,
4.79000022751279));
#3078=CARTESIAN_POINT('Ctrl Pts',(-6.55432169113398E-16,-2.40945912189124,
4.79000022247888));
#3079=CARTESIAN_POINT('Ctrl Pts',(-1.77521714410738E-15,-4.94745627653157,
4.49324864912512));
#3080=CARTESIAN_POINT('Ctrl Pts',(-2.87885187776968E-15,-6.44468285770439,
4.01255656648722));
#3081=CARTESIAN_POINT('Ctrl Pts',(-3.35051995268067E-15,-6.99626882879047,
3.79072241126961));
#3082=CARTESIAN_POINT('Ctrl Pts',(1.54263931594964,3.81284509320263E-15,
4.79000023073513));
#3083=CARTESIAN_POINT('Ctrl Pts',(1.54263931594964,-2.409387515744,4.79000022570122));
#3084=CARTESIAN_POINT('Ctrl Pts',(1.54263931594964,-4.94748920787091,4.49322840506757));
#3085=CARTESIAN_POINT('Ctrl Pts',(1.54263931594964,-6.44478436057298,4.01251574803208));
#3086=CARTESIAN_POINT('Ctrl Pts',(1.54263931594964,-6.99626882999282,3.79072241425923));
#3087=CARTESIAN_POINT('Ctrl Pts',(4.25456266101301,4.42740462302993E-15,
4.94308478478891));
#3088=CARTESIAN_POINT('Ctrl Pts',(4.25456266101301,-2.41617457267544,4.943084779755));
#3089=CARTESIAN_POINT('Ctrl Pts',(4.25456266101301,-4.97693450249266,4.6446798876719));
#3090=CARTESIAN_POINT('Ctrl Pts',(4.25456266101301,-6.49228410652735,4.15841359689307));
#3091=CARTESIAN_POINT('Ctrl Pts',(4.25456266101301,-7.05338922464661,3.93275107757913));
#3092=CARTESIAN_POINT('Ctrl Pts',(5.75436505032695,5.14589047663176E-15,
5.3052315232315));
#3093=CARTESIAN_POINT('Ctrl Pts',(5.75436505032695,-2.43219224035644,5.30523151819759));
#3094=CARTESIAN_POINT('Ctrl Pts',(5.75436505032695,-5.04660978224615,5.00295251556329));
#3095=CARTESIAN_POINT('Ctrl Pts',(5.75436505032695,-6.60470677927132,4.50353720346351));
#3096=CARTESIAN_POINT('Ctrl Pts',(5.75436505032695,-7.18851693070609,4.26874328466095));
#3097=CARTESIAN_POINT('Ctrl Pts',(6.49198073160283,5.56669230847244E-15,
5.53276865018994));
#3098=CARTESIAN_POINT('Ctrl Pts',(6.49198073160283,-2.44209592223469,5.53276864515603));
#3099=CARTESIAN_POINT('Ctrl Pts',(6.49198073160282,-5.09046051329702,5.22801022806408));
#3100=CARTESIAN_POINT('Ctrl Pts',(6.49198073160282,-6.67556917807248,4.72028733478126));
#3101=CARTESIAN_POINT('Ctrl Pts',(6.49198073160282,-7.27341779200193,4.47984749564625));
#3102=CARTESIAN_POINT('',(-6.61744490042422E-23,-3.5820765319931E-15,4.79000022751279));
#3103=CARTESIAN_POINT('Ctrl Pts',(6.49198073039817,5.56669230789147E-15,
5.53276864981833));
#3104=CARTESIAN_POINT('Ctrl Pts',(6.46976016180918,5.55401571193123E-15,
5.52591412589391));
#3105=CARTESIAN_POINT('Ctrl Pts',(6.25836951825812,5.43414219166749E-15,
5.46123465098299));
#3106=CARTESIAN_POINT('Ctrl Pts',(5.83799830134929,5.20877028408346E-15,
5.34214706731489));
#3107=CARTESIAN_POINT('Ctrl Pts',(5.15823127361742,4.88222255308643E-15,
5.17734681045771));
#3108=CARTESIAN_POINT('Ctrl Pts',(4.106214514234,4.46417500754741E-15,4.98629851147297));
#3109=CARTESIAN_POINT('Ctrl Pts',(2.77108505826615,4.0849830986319E-15,
4.85476750004282));
#3110=CARTESIAN_POINT('Ctrl Pts',(1.50499071282832,3.8232883940009E-15,
4.80178187840169));
#3111=CARTESIAN_POINT('Ctrl Pts',(0.524433162988816,3.6605282047387E-15,
4.79000022860825));
#3112=CARTESIAN_POINT('Ctrl Pts',(0.,3.58207648122226E-15,4.79000022751279));
#3113=CARTESIAN_POINT('Ctrl Pts',(-5.98671750859721E-23,-3.58207653199409E-15,
4.79000022751279));
#3114=CARTESIAN_POINT('Ctrl Pts',(-6.5543223528785E-16,-2.40945912189125,
4.79000022247888));
#3115=CARTESIAN_POINT('Ctrl Pts',(-1.77521721023172E-15,-4.94745627221695,
4.49324864837969));
#3116=CARTESIAN_POINT('Ctrl Pts',(-2.87885194394414E-15,-6.4446828577044,
4.01255656648722));
#3117=CARTESIAN_POINT('Ctrl Pts',(-3.35052001885513E-15,-6.99626882879047,
3.79072241126961));
#3118=CARTESIAN_POINT('Ctrl Pts',(6.49198073039817,5.56669230795545E-15,
5.53276864981834));
#3119=CARTESIAN_POINT('Ctrl Pts',(6.49198073039818,0.702362505248911,5.53276865130673));
#3120=CARTESIAN_POINT('Ctrl Pts',(6.49198073039818,1.28654241942487,5.54727018161873));
#3121=CARTESIAN_POINT('Ctrl Pts',(6.49198073039818,1.78167959729708,5.57619599740069));
#3122=CARTESIAN_POINT('Ctrl Pts',(5.93876896948774,5.25109093417312E-15,
5.36211580467425));
#3123=CARTESIAN_POINT('Ctrl Pts',(5.93876896948774,0.704718959408126,5.36211580616265));
#3124=CARTESIAN_POINT('Ctrl Pts',(5.93876896948774,1.29200965573787,5.37664577112301));
#3125=CARTESIAN_POINT('Ctrl Pts',(5.93876896948775,1.79163213340583,5.40583361722017));
#3126=CARTESIAN_POINT('Ctrl Pts',(4.48026126556168,4.52906450587563E-15,
4.99284671028474));
#3127=CARTESIAN_POINT('Ctrl Pts',(4.48026126556169,0.709859109235986,4.99284671177314));
#3128=CARTESIAN_POINT('Ctrl Pts',(4.48026126556169,1.30376174826746,5.00743363409228));
#3129=CARTESIAN_POINT('Ctrl Pts',(4.48026126556169,1.81316804153941,5.0371930487363));
#3130=CARTESIAN_POINT('Ctrl Pts',(2.05685242062634,3.88976796377175E-15,
4.79000023180924));
#3131=CARTESIAN_POINT('Ctrl Pts',(2.05685242062634,0.712706768496776,4.79000023329764));
#3132=CARTESIAN_POINT('Ctrl Pts',(2.05685242062635,1.31017156401559,4.80461576596902));
#3133=CARTESIAN_POINT('Ctrl Pts',(2.05685242062635,1.8249981220743,4.83469183139563));
#3134=CARTESIAN_POINT('Ctrl Pts',(1.5491865792876E-23,3.58207648122426E-15,
4.79000022751279));
#3135=CARTESIAN_POINT('Ctrl Pts',(2.94296395139173E-15,0.71268371829502,
4.79000022900119));
#3136=CARTESIAN_POINT('Ctrl Pts',(6.75449439895415E-15,1.31021543826424,
4.80461832479005));
#3137=CARTESIAN_POINT('Ctrl Pts',(1.12112127329358E-14,1.82499812232488,
4.8346918271065));
#3138=CARTESIAN_POINT('Ctrl Pts',(1.5491865792876E-23,3.58207648122426E-15,
4.79000022751279));
#3139=CARTESIAN_POINT('Ctrl Pts',(2.87806845299816E-15,0.696968281034116,
4.79000022896837));
#3140=CARTESIAN_POINT('Ctrl Pts',(6.58682010356241E-15,1.28380702026006,
4.80398074357895));
#3141=CARTESIAN_POINT('Ctrl Pts',(1.09173300956561E-14,1.79082254064309,
4.83272490513493));
#3142=CARTESIAN_POINT('Ctrl Pts',(-6.74445890534169,1.17189875755521,5.62899451163492));
#3143=CARTESIAN_POINT('Ctrl Pts',(-6.12357140571375,1.03389469362019,5.42192226589044));
#3144=CARTESIAN_POINT('Ctrl Pts',(-4.86891441223214,0.76586328349974,5.08794610183247));
#3145=CARTESIAN_POINT('Ctrl Pts',(-2.89419699244573,0.42284243814164,4.87897557134853));
#3146=CARTESIAN_POINT('Ctrl Pts',(-1.79442692031421,0.256799828367263,4.83368519480211));
#3147=CARTESIAN_POINT('Ctrl Pts',(-6.68344398513477,2.34884579884492,5.62899451164907));
#3148=CARTESIAN_POINT('Ctrl Pts',(-6.06281726871426,2.07670524564185,5.42192226592526));
#3149=CARTESIAN_POINT('Ctrl Pts',(-4.80376573323379,1.54070677076104,5.08794610187182));
#3150=CARTESIAN_POINT('Ctrl Pts',(-2.84483766976313,0.8500154158041,4.87897557134553));
#3151=CARTESIAN_POINT('Ctrl Pts',(-1.76206913586651,0.515213561728867,4.83368519480277));
#3152=CARTESIAN_POINT('Ctrl Pts',(-6.4553847728417,3.95068391915937,5.62899451119829));
#3153=CARTESIAN_POINT('Ctrl Pts',(-5.83701436100783,3.52154502686588,5.42192226494906));
#3154=CARTESIAN_POINT('Ctrl Pts',(-4.56306351476936,2.62513427717719,5.08794610005944));
#3155=CARTESIAN_POINT('Ctrl Pts',(-2.66261085414538,1.45203504656889,4.87897556977806));
#3156=CARTESIAN_POINT('Ctrl Pts',(-1.6423741630405,0.882038198193538,4.83368519377229));
#3157=CARTESIAN_POINT('Ctrl Pts',(-5.43256248871525,5.70165994280062,5.62899450979275));
#3158=CARTESIAN_POINT('Ctrl Pts',(-4.87782230343717,5.12590748489381,5.42192226189303));
#3159=CARTESIAN_POINT('Ctrl Pts',(-3.71400115282203,3.920677830503,5.0879460944601));
#3160=CARTESIAN_POINT('Ctrl Pts',(-2.10350459103177,2.23204116307816,4.87897556504432));
#3161=CARTESIAN_POINT('Ctrl Pts',(-1.28629354462791,1.36687348406867,4.83368519065249));
#3162=CARTESIAN_POINT('Ctrl Pts',(-3.59410612778026,6.61827159717075,5.6289945079959));
#3163=CARTESIAN_POINT('Ctrl Pts',(-3.193060122027,5.99273520443591,5.42192225797902));
#3164=CARTESIAN_POINT('Ctrl Pts',(-2.35985243052234,4.71248991371372,5.08794608733201));
#3165=CARTESIAN_POINT('Ctrl Pts',(-1.29255869832506,2.76765866340684,4.87897555908237));
#3166=CARTESIAN_POINT('Ctrl Pts',(-0.78281889112144,1.71016456514192,4.83368518671855));
#3167=CARTESIAN_POINT('Ctrl Pts',(-1.19604407099875,6.77415249353732,5.62899450670187));
#3168=CARTESIAN_POINT('Ctrl Pts',(-1.04827663626122,6.15391767912884,5.42192225515083));
#3169=CARTESIAN_POINT('Ctrl Pts',(-0.77844295170043,4.90056567666085,5.08794608223871));
#3170=CARTESIAN_POINT('Ctrl Pts',(-0.432586851247872,2.91809588031454,4.8789755549079));
#3171=CARTESIAN_POINT('Ctrl Pts',(-0.262886144890104,1.81050601174413,4.83368518395776));
#3172=CARTESIAN_POINT('Ctrl Pts',(-4.14575365698323E-7,6.77415251118374,
5.62899450623095));
#3173=CARTESIAN_POINT('Ctrl Pts',(-4.14575364928334E-7,6.15334236332192,
5.42192225411704));
#3174=CARTESIAN_POINT('Ctrl Pts',(-4.14575362836324E-7,4.90105104130661,
5.08794608040432));
#3175=CARTESIAN_POINT('Ctrl Pts',(-4.14575360749953E-7,2.9186563121427,
4.87897555344575));
#3176=CARTESIAN_POINT('Ctrl Pts',(-4.14575360028431E-7,1.81050601698667,
4.83368518298766));
#3177=CARTESIAN_POINT('Ctrl Pts',(-4.1457536277988E-7,6.49231863238079,
5.53882079373597));
#3178=CARTESIAN_POINT('Ctrl Pts',(-4.14575362760813E-7,6.46832165217213,
5.53145805551489));
#3179=CARTESIAN_POINT('Ctrl Pts',(-4.14575362592568E-7,6.2555827319569,
5.46675828098544));
#3180=CARTESIAN_POINT('Ctrl Pts',(-4.14575362272434E-7,5.83411390590885,
5.34814373687184));
#3181=CARTESIAN_POINT('Ctrl Pts',(-4.14575361793555E-7,5.15337056173163,
5.18426848763729));
#3182=CARTESIAN_POINT('Ctrl Pts',(-4.14575361261857E-7,4.29578486821608,
5.02975348992139));
#3183=CARTESIAN_POINT('Ctrl Pts',(-4.14575360722686E-7,3.26651028759863,
4.91610585205157));
#3184=CARTESIAN_POINT('Ctrl Pts',(-4.14575360332102E-7,2.42162887555534,
4.86053983129856));
#3185=CARTESIAN_POINT('Ctrl Pts',(-4.1457536011018E-7,1.90913592934669,
4.83771621177968));
#3186=CARTESIAN_POINT('Ctrl Pts',(-4.14575360067969E-7,1.8105061662452,
4.83368518908789));
#3187=CARTESIAN_POINT('Ctrl Pts',(-6.96516676085195,-5.31768255360743,5.27003567940926));
#3188=CARTESIAN_POINT('Ctrl Pts',(-7.17612877112785,-5.49199495266576,4.99784928931621));
#3189=CARTESIAN_POINT('Ctrl Pts',(-7.66590911180124,-5.89895441924097,4.26154706165282));
#3190=CARTESIAN_POINT('Ctrl Pts',(-8.22863987213889,-6.37222129695548,2.93657385416196));
#3191=CARTESIAN_POINT('Ctrl Pts',(-8.63643503548183,-6.70857222003275,1.51488556802192));
#3192=CARTESIAN_POINT('Ctrl Pts',(-8.8541078943869,-6.88243204955335,0.624404019901927));
#3193=CARTESIAN_POINT('Ctrl Pts',(-8.94275637943083,-6.95380826761904,0.246299679928701));
#3194=CARTESIAN_POINT('Ctrl Pts',(-7.04302729119847,-5.15842218336554,5.25951651435635));
#3195=CARTESIAN_POINT('Ctrl Pts',(-7.25626830577115,-5.32515569120609,4.98286197377518));
#3196=CARTESIAN_POINT('Ctrl Pts',(-7.74569675772157,-5.71585075178434,4.23770283889628));
#3197=CARTESIAN_POINT('Ctrl Pts',(-8.28983374516279,-6.17315264783153,2.90852261558835));
#3198=CARTESIAN_POINT('Ctrl Pts',(-8.66797015884229,-6.50166591591926,1.4943213403951));
#3199=CARTESIAN_POINT('Ctrl Pts',(-8.86656357388854,-6.67365334575709,0.614723802417205));
#3200=CARTESIAN_POINT('Ctrl Pts',(-8.94762225963079,-6.74459935382025,0.242383495369797));
#3201=CARTESIAN_POINT('Ctrl Pts',(-7.58626136085767,-4.02896296437089,5.19176661239478));
#3202=CARTESIAN_POINT('Ctrl Pts',(-7.80968860740906,-4.1281891811087,4.88658590267401));
#3203=CARTESIAN_POINT('Ctrl Pts',(-8.2712313586105,-4.34232618445457,4.08555968680661));
#3204=CARTESIAN_POINT('Ctrl Pts',(-8.65467388268207,-4.5426510737433,2.73443502482553));
#3205=CARTESIAN_POINT('Ctrl Pts',(-8.84084851590196,-4.66654140667109,1.36377747187443));
#3206=CARTESIAN_POINT('Ctrl Pts',(-8.93290438390943,-4.7494824921265,0.552198199861955));
#3207=CARTESIAN_POINT('Ctrl Pts',(-8.97338876690049,-4.79110385420104,0.217028042671223));
#3208=CARTESIAN_POINT('Ctrl Pts',(-7.85149809756833,-1.23542500602324,5.11380988082147));
#3209=CARTESIAN_POINT('Ctrl Pts',(-8.09897865223518,-1.25844685503493,4.77587287804795));
#3210=CARTESIAN_POINT('Ctrl Pts',(-8.57586399291581,-1.3074357098832,3.91102211137592));
#3211=CARTESIAN_POINT('Ctrl Pts',(-8.89559848966708,-1.35546992726931,2.53640444833412));
#3212=CARTESIAN_POINT('Ctrl Pts',(-8.98447184718545,-1.38223491128534,1.21422459900793));
#3213=CARTESIAN_POINT('Ctrl Pts',(-8.99777721526982,-1.3930194924549,0.480170676382423));
#3214=CARTESIAN_POINT('Ctrl Pts',(-8.99943847271076,-1.39727004581835,0.187806278880897));
#3215=CARTESIAN_POINT('Ctrl Pts',(-7.85149809756833,1.23542500602324,5.11380988082147));
#3216=CARTESIAN_POINT('Ctrl Pts',(-8.09897865223517,1.25844685503492,4.77587287804795));
#3217=CARTESIAN_POINT('Ctrl Pts',(-8.57586399291581,1.3074357098832,3.91102211137591));
#3218=CARTESIAN_POINT('Ctrl Pts',(-8.89559848966708,1.3554699272693,2.53640444833411));
#3219=CARTESIAN_POINT('Ctrl Pts',(-8.98447184718545,1.38223491128534,1.21422459900793));
#3220=CARTESIAN_POINT('Ctrl Pts',(-8.99777721526982,1.39301949245489,0.480170676382422));
#3221=CARTESIAN_POINT('Ctrl Pts',(-8.99943847271076,1.39727004581834,0.187806278880897));
#3222=CARTESIAN_POINT('Ctrl Pts',(-7.58626136085787,4.02896296437088,5.19176661239478));
#3223=CARTESIAN_POINT('Ctrl Pts',(-7.80968860740925,4.12818918110869,4.886585902674));
#3224=CARTESIAN_POINT('Ctrl Pts',(-8.27123135861066,4.34232618445457,4.08555968680661));
#3225=CARTESIAN_POINT('Ctrl Pts',(-8.65467388268217,4.5426510737433,2.73443502482552));
#3226=CARTESIAN_POINT('Ctrl Pts',(-8.84084851590199,4.66654140667107,1.36377747187442));
#3227=CARTESIAN_POINT('Ctrl Pts',(-8.93290438390945,4.74948249212648,0.552198199861952));
#3228=CARTESIAN_POINT('Ctrl Pts',(-8.9733887669005,4.79110385420101,0.217028042671222));
#3229=CARTESIAN_POINT('Ctrl Pts',(-7.04302729119861,5.15842218336553,5.25951651435634));
#3230=CARTESIAN_POINT('Ctrl Pts',(-7.25626830577128,5.32515569120608,4.98286197377517));
#3231=CARTESIAN_POINT('Ctrl Pts',(-7.74569675772169,5.71585075178433,4.23770283889627));
#3232=CARTESIAN_POINT('Ctrl Pts',(-8.28983374516286,6.17315264783151,2.90852261558834));
#3233=CARTESIAN_POINT('Ctrl Pts',(-8.66797015884232,6.50166591591923,1.49432134039509));
#3234=CARTESIAN_POINT('Ctrl Pts',(-8.86656357388856,6.67365334575706,0.614723802417201));
#3235=CARTESIAN_POINT('Ctrl Pts',(-8.9476222596308,6.74459935382021,0.242383495369795));
#3236=CARTESIAN_POINT('Ctrl Pts',(-6.96516676085209,5.31768255360742,5.27003567940925));
#3237=CARTESIAN_POINT('Ctrl Pts',(-7.17612877112798,5.49199495266575,4.9978492893162));
#3238=CARTESIAN_POINT('Ctrl Pts',(-7.66590911180135,5.89895441924095,4.2615470616528));
#3239=CARTESIAN_POINT('Ctrl Pts',(-8.22863987213897,6.37222129695546,2.93657385416195));
#3240=CARTESIAN_POINT('Ctrl Pts',(-8.63643503548186,6.70857222003272,1.51488556802191));
#3241=CARTESIAN_POINT('Ctrl Pts',(-8.85410789438692,6.88243204955332,0.624404019901924));
#3242=CARTESIAN_POINT('Ctrl Pts',(-8.94275637943085,6.953808267619,0.246299679928699));
#3243=CARTESIAN_POINT('',(-8.94275637943084,6.95380826761902,0.2462996799287));
#3244=CARTESIAN_POINT('Ctrl Pts',(-6.96516676085209,5.31768255360743,5.27003567940925));
#3245=CARTESIAN_POINT('Ctrl Pts',(-7.17612877112798,5.49199495266577,4.99784928931621));
#3246=CARTESIAN_POINT('Ctrl Pts',(-7.66590911180134,5.89895441924096,4.2615470616528));
#3247=CARTESIAN_POINT('Ctrl Pts',(-8.22863987213897,6.37222129695547,2.93657385416195));
#3248=CARTESIAN_POINT('Ctrl Pts',(-8.63643503548186,6.70857222003272,1.51488556802191));
#3249=CARTESIAN_POINT('Ctrl Pts',(-8.85410789438692,6.88243204955332,0.624404019901924));
#3250=CARTESIAN_POINT('Ctrl Pts',(-8.94275637943084,6.953808267619,0.2462996799287));
#3251=CARTESIAN_POINT('',(-8.94275637943083,-6.95380826761906,0.246299679928703));
#3252=CARTESIAN_POINT('Ctrl Pts',(-8.94275637943083,-6.95380826761908,0.246299679928703));
#3253=CARTESIAN_POINT('Ctrl Pts',(-8.95366138988149,-6.48120190778901,0.237818882851043));
#3254=CARTESIAN_POINT('Ctrl Pts',(-8.96091087800721,-5.5628297014827,0.233549070790824));
#3255=CARTESIAN_POINT('Ctrl Pts',(-8.98644255990893,-3.23924742595399,0.213391960891345));
#3256=CARTESIAN_POINT('Ctrl Pts',(-8.99851594836785,-1.39249793061718,0.202114098355363));
#3257=CARTESIAN_POINT('Ctrl Pts',(-8.99913425247986,0.928054893732963,0.201506897648318));
#3258=CARTESIAN_POINT('Ctrl Pts',(-8.98989058956394,2.77706846400558,0.210223188581879));
#3259=CARTESIAN_POINT('Ctrl Pts',(-8.96561338522845,5.1007385239427,0.230383292044056));
#3260=CARTESIAN_POINT('Ctrl Pts',(-8.95366138678947,6.48120204179258,0.237818885255699));
#3261=CARTESIAN_POINT('Ctrl Pts',(-8.94275637943084,6.95380826761904,0.246299679928701));
#3262=CARTESIAN_POINT('Ctrl Pts',(-7.51912559390272,-5.77748786376333,4.44046771569504));
#3263=CARTESIAN_POINT('Ctrl Pts',(-7.52801658652443,-5.78490157493466,4.42489506051215));
#3264=CARTESIAN_POINT('Ctrl Pts',(-7.80252510159507,-6.01385096923017,3.93987897639824));
#3265=CARTESIAN_POINT('Ctrl Pts',(-8.2286398721389,-6.37222129695548,2.93657385416196));
#3266=CARTESIAN_POINT('Ctrl Pts',(-8.63643503548183,-6.70857222003275,1.51488556802192));
#3267=CARTESIAN_POINT('Ctrl Pts',(-8.8541078943869,-6.88243204955335,0.624404019901927));
#3268=CARTESIAN_POINT('Ctrl Pts',(-8.94275637943083,-6.95380826761904,0.246299679928703));
#3269=CARTESIAN_POINT('Ctrl Pts',(-6.91834054607002,5.27900609329975,5.32977802400127));
#3270=CARTESIAN_POINT('Ctrl Pts',(-7.14685510055059,5.46767706024578,5.0414775501135));
#3271=CARTESIAN_POINT('Ctrl Pts',(-7.35775903521962,5.64286938394799,4.728376446923));
#3272=CARTESIAN_POINT('Ctrl Pts',(-7.80878424314469,6.01911950507953,3.92476434203433));
#3273=CARTESIAN_POINT('Ctrl Pts',(-8.02684253902672,6.20250604322408,3.41171414959636));
#3274=CARTESIAN_POINT('Ctrl Pts',(-8.38444694445672,6.50072750595558,2.39310565328529));
#3275=CARTESIAN_POINT('Ctrl Pts',(-8.52976674960671,6.62059183271506,1.88676112262191));
#3276=CARTESIAN_POINT('Ctrl Pts',(-8.76175424194863,6.80866839460192,1.00224117540091));
#3277=CARTESIAN_POINT('Ctrl Pts',(-8.85428372872954,6.88257249102293,0.623684671467041));
#3278=CARTESIAN_POINT('Ctrl Pts',(-8.94301017410635,6.95401261457334,0.245217148664633));
#3279=CARTESIAN_POINT('Ctrl Pts',(-6.69743213042922,5.72920436072742,5.35697106667235));
#3280=CARTESIAN_POINT('Ctrl Pts',(-6.91787147004364,5.94157469619642,5.08277176084817));
#3281=CARTESIAN_POINT('Ctrl Pts',(-7.12877361524232,6.13684392078247,4.78070900755536));
#3282=CARTESIAN_POINT('Ctrl Pts',(-7.59434871333559,6.55384799099732,3.99592910432219));
#3283=CARTESIAN_POINT('Ctrl Pts',(-7.83295205675931,6.75491617927887,3.48755011283382));
#3284=CARTESIAN_POINT('Ctrl Pts',(-8.24201196685447,7.07804443246268,2.4650606417757));
#3285=CARTESIAN_POINT('Ctrl Pts',(-8.41750087125713,7.20589521448003,1.95111149130676));
#3286=CARTESIAN_POINT('Ctrl Pts',(-8.70303624963457,7.40291052194996,1.04309665874003));
#3287=CARTESIAN_POINT('Ctrl Pts',(-8.81874010966406,7.47908739351232,0.651317311965686));
#3288=CARTESIAN_POINT('Ctrl Pts',(-8.92916974088954,7.55175588462386,0.256359087916352));
#3289=CARTESIAN_POINT('Ctrl Pts',(-6.2701128151062,6.33596078962372,5.37549895472733));
#3290=CARTESIAN_POINT('Ctrl Pts',(-6.49504491892807,6.55912442594084,5.11083070368905));
#3291=CARTESIAN_POINT('Ctrl Pts',(-6.70746219440948,6.77339349271394,4.81608707299834));
#3292=CARTESIAN_POINT('Ctrl Pts',(-7.17233612777032,7.24806865154576,4.04347257101476));
#3293=CARTESIAN_POINT('Ctrl Pts',(-7.40696508180238,7.49285936715203,3.53774980210725));
#3294=CARTESIAN_POINT('Ctrl Pts',(-7.8020841802968,7.90674501961868,2.51185480004916));
#3295=CARTESIAN_POINT('Ctrl Pts',(-7.96803884080569,8.08141634955873,1.99245549805514));
#3296=CARTESIAN_POINT('Ctrl Pts',(-8.23193286499329,8.35723158152227,1.06886017141843));
#3297=CARTESIAN_POINT('Ctrl Pts',(-8.33682132361068,8.46619794923484,0.668528447951097));
#3298=CARTESIAN_POINT('Ctrl Pts',(-8.43517527475219,8.5689661417376,0.263273094339349));
#3299=CARTESIAN_POINT('Ctrl Pts',(-5.61822385635453,6.75243174372452,5.34873493418114));
#3300=CARTESIAN_POINT('Ctrl Pts',(-5.82480396514748,6.97539007747672,5.07026367435864));
#3301=CARTESIAN_POINT('Ctrl Pts',(-6.01394322858632,7.18780207446056,4.7648441810242));
#3302=CARTESIAN_POINT('Ctrl Pts',(-6.41662351155102,7.65452414565289,3.97416378929688));
#3303=CARTESIAN_POINT('Ctrl Pts',(-6.60967582357596,7.89178947185538,3.46414129188084));
#3304=CARTESIAN_POINT('Ctrl Pts',(-6.92329733607664,8.29071746437783,2.44229137761905));
#3305=CARTESIAN_POINT('Ctrl Pts',(-7.04920133607306,8.45795874572804,1.93032043687339));
#3306=CARTESIAN_POINT('Ctrl Pts',(-7.2478098058644,8.7250309385764,1.02945721495469));
#3307=CARTESIAN_POINT('Ctrl Pts',(-7.32620671370936,8.83157036635115,0.641877088253324));
#3308=CARTESIAN_POINT('Ctrl Pts',(-7.40089369417586,8.93409289026168,0.252526505884104));
#3309=CARTESIAN_POINT('Ctrl Pts',(-5.28032769035577,6.91727705514006,5.32971204661743));
#3310=CARTESIAN_POINT('Ctrl Pts',(-5.46904944352275,7.14587510746266,5.04147624216646));
#3311=CARTESIAN_POINT('Ctrl Pts',(-5.64314402244851,7.35799198554996,4.72858964924878));
#3312=CARTESIAN_POINT('Ctrl Pts',(-6.01541092322772,7.81334497899031,3.92546163708397));
#3313=CARTESIAN_POINT('Ctrl Pts',(-6.1953907913032,8.03514537048267,3.41269088098567));
#3314=CARTESIAN_POINT('Ctrl Pts',(-6.49063343898409,8.39570159290338,2.39415310753693));
#3315=CARTESIAN_POINT('Ctrl Pts',(-6.61066532122286,8.54056818673601,1.88761094898014));
#3316=CARTESIAN_POINT('Ctrl Pts',(-6.80254548605149,8.76811176213809,1.0026489287589));
#3317=CARTESIAN_POINT('Ctrl Pts',(-6.87915598911105,8.8576004854762,0.62386482469865));
#3318=CARTESIAN_POINT('Ctrl Pts',(-6.95272785950279,8.94422256242761,0.245277941551553));
#3319=CARTESIAN_POINT('',(-6.95272785950224,8.94422256242762,0.245277941551544));
#3320=CARTESIAN_POINT('Ctrl Pts',(-5.31857422235572,6.9636218381959,5.27064782015536));
#3321=CARTESIAN_POINT('Ctrl Pts',(-5.49256092817948,7.17452491122143,4.99896481508241));
#3322=CARTESIAN_POINT('Ctrl Pts',(-5.89648938369223,7.66678888245004,4.26418371941401));
#3323=CARTESIAN_POINT('Ctrl Pts',(-6.36097184773777,8.23920610062443,2.94120667049727));
#3324=CARTESIAN_POINT('Ctrl Pts',(-6.69831087550628,8.64635857120645,1.51794388857014));
#3325=CARTESIAN_POINT('Ctrl Pts',(-6.87889942585311,8.85729841292926,0.625185050535487));
#3326=CARTESIAN_POINT('Ctrl Pts',(-6.95272785950279,8.94422256242761,0.245277941551553));
#3327=CARTESIAN_POINT('Ctrl Pts',(-8.94275637943084,6.95380826761903,0.246299679928699));
#3328=CARTESIAN_POINT('Ctrl Pts',(-8.93121466104729,7.3967412936021,0.259799973115699));
#3329=CARTESIAN_POINT('Ctrl Pts',(-8.67317111072329,8.13386675861979,0.26538686661135));
#3330=CARTESIAN_POINT('Ctrl Pts',(-7.83701541660204,8.79822727087059,0.263389191388434));
#3331=CARTESIAN_POINT('Ctrl Pts',(-7.24809721522321,8.93651565187507,0.254489502180123));
#3332=CARTESIAN_POINT('Ctrl Pts',(-6.95272785950169,8.94422256242763,0.245277941551535));
#3333=CARTESIAN_POINT('Ctrl Pts',(-5.31857404514191,6.96362162338099,5.27064809687753));
#3334=CARTESIAN_POINT('Ctrl Pts',(-5.41748177793913,7.08351552345728,5.11620211685873));
#3335=CARTESIAN_POINT('Ctrl Pts',(-5.58392099382635,7.28586460120446,4.83277286347834));
#3336=CARTESIAN_POINT('Ctrl Pts',(-5.8595929935035,7.6224932201272,4.28094217710553));
#3337=CARTESIAN_POINT('Ctrl Pts',(-6.11282560565621,7.93339653363113,3.64799720261157));
#3338=CARTESIAN_POINT('Ctrl Pts',(-6.29420315876646,8.15590334244891,3.07645983794643));
#3339=CARTESIAN_POINT('Ctrl Pts',(-6.46109237438785,8.35950363929712,2.48949659437586));
#3340=CARTESIAN_POINT('Ctrl Pts',(-6.58615350278015,8.51081930478919,1.98796777753862));
#3341=CARTESIAN_POINT('Ctrl Pts',(-6.68768668162391,8.63190301762753,1.53234788826341));
#3342=CARTESIAN_POINT('Ctrl Pts',(-6.75375335938058,8.71025289963361,1.22771656375828));
#3343=CARTESIAN_POINT('Ctrl Pts',(-6.83333769730623,8.80407948297158,0.85042994727681));
#3344=CARTESIAN_POINT('Ctrl Pts',(-6.90885208180734,8.89256378719729,0.471060774894993));
#3345=CARTESIAN_POINT('Ctrl Pts',(-6.95280486995053,8.94431323327693,0.244881654783286));
#3346=CARTESIAN_POINT('Ctrl Pts',(-5.15920931863444,7.04104761156271,5.26085716441701));
#3347=CARTESIAN_POINT('Ctrl Pts',(-5.25379625390804,7.16213845304149,5.10407436010826));
#3348=CARTESIAN_POINT('Ctrl Pts',(-5.41328349054139,7.36524917530063,4.8170670860263));
#3349=CARTESIAN_POINT('Ctrl Pts',(-5.6781830015065,7.69955235197361,4.26040926924175));
#3350=CARTESIAN_POINT('Ctrl Pts',(-5.92229057648134,8.00360925438367,3.62457383430002));
#3351=CARTESIAN_POINT('Ctrl Pts',(-6.0979621132579,8.2169689145799,3.05287117578549));
#3352=CARTESIAN_POINT('Ctrl Pts',(-6.26009371013341,8.41006323632951,2.46701255641186));
#3353=CARTESIAN_POINT('Ctrl Pts',(-6.38211386182595,8.55143066797062,1.96765755925053));
#3354=CARTESIAN_POINT('Ctrl Pts',(-6.48177679646772,8.6630486777792,1.51539705833995));
#3355=CARTESIAN_POINT('Ctrl Pts',(-6.5467611911956,8.73504881804341,1.21331750203596));
#3356=CARTESIAN_POINT('Ctrl Pts',(-6.62521213609732,8.82098551512332,0.83956749724439));
#3357=CARTESIAN_POINT('Ctrl Pts',(-6.70001825860975,8.9017160329396,0.464682061660357));
#3358=CARTESIAN_POINT('Ctrl Pts',(-6.74366028342309,8.94903264637147,0.241504249893685));
#3359=CARTESIAN_POINT('Ctrl Pts',(-4.032224945314,7.58056845766959,5.19789309344123));
#3360=CARTESIAN_POINT('Ctrl Pts',(-4.08848800895019,7.70719172091742,5.02623186081351));
#3361=CARTESIAN_POINT('Ctrl Pts',(-4.17914396700176,7.90860595677164,4.71666251138513));
#3362=CARTESIAN_POINT('Ctrl Pts',(-4.31858677640558,8.21097511116572,4.13025400163965));
#3363=CARTESIAN_POINT('Ctrl Pts',(-4.43357623863587,8.45201295559202,3.47849120285579));
#3364=CARTESIAN_POINT('Ctrl Pts',(-4.50727240762665,8.59413820324598,2.90698617888663));
#3365=CARTESIAN_POINT('Ctrl Pts',(-4.57276050723192,8.71123870514147,2.32824585936988));
#3366=CARTESIAN_POINT('Ctrl Pts',(-4.62011270548833,8.78579565733608,1.84175650129465));
#3367=CARTESIAN_POINT('Ctrl Pts',(-4.66154000361801,8.83899321565317,1.40959043636148));
#3368=CARTESIAN_POINT('Ctrl Pts',(-4.68978311061216,8.87275399534642,1.1228774838756));
#3369=CARTESIAN_POINT('Ctrl Pts',(-4.72543248387528,8.91234182308487,0.770536366083854));
#3370=CARTESIAN_POINT('Ctrl Pts',(-4.76479160551338,8.95033994083242,0.423671250342878));
#3371=CARTESIAN_POINT('Ctrl Pts',(-4.7904677412605,8.97396608363476,0.219709905479999));
#3372=CARTESIAN_POINT('Ctrl Pts',(-1.23277682164244,7.84429889585582,5.1254765840026));
#3373=CARTESIAN_POINT('Ctrl Pts',(-1.24596661419497,7.98428239637864,4.93675556329848));
#3374=CARTESIAN_POINT('Ctrl Pts',(-1.2671405084059,8.19997901817744,4.60139364757513));
#3375=CARTESIAN_POINT('Ctrl Pts',(-1.29994233650296,8.5052129200552,3.98122014224055));
#3376=CARTESIAN_POINT('Ctrl Pts',(-1.32787702334691,8.72734859346628,3.31206983473749));
#3377=CARTESIAN_POINT('Ctrl Pts',(-1.34585159680073,8.83863567738568,2.74123317467145));
#3378=CARTESIAN_POINT('Ctrl Pts',(-1.36135537548398,8.91979612277323,2.17068490117517));
#3379=CARTESIAN_POINT('Ctrl Pts',(-1.37190355731088,8.95987706215084,1.69860290810571));
#3380=CARTESIAN_POINT('Ctrl Pts',(-1.37945479041211,8.97797218282813,1.28901987322613));
#3381=CARTESIAN_POINT('Ctrl Pts',(-1.38416654511685,8.98722915248041,1.01961534797014));
#3382=CARTESIAN_POINT('Ctrl Pts',(-1.38958715983716,8.99519612829073,0.691430184026828));
#3383=CARTESIAN_POINT('Ctrl Pts',(-1.39432696206895,8.99811141023065,0.376507139578631));
#3384=CARTESIAN_POINT('Ctrl Pts',(-1.3970637935536,8.99912884346357,0.194617550635111));
#3385=CARTESIAN_POINT('Ctrl Pts',(0.40148887237745,7.83667198734182,5.12547658198033));
#3386=CARTESIAN_POINT('Ctrl Pts',(0.406082538781723,7.97681475312312,4.93675556111024));
#3387=CARTESIAN_POINT('Ctrl Pts',(0.413611675625848,8.19289216256547,4.60139364532563));
#3388=CARTESIAN_POINT('Ctrl Pts',(0.425702747911029,8.49906122631978,3.98122014095328));
#3389=CARTESIAN_POINT('Ctrl Pts',(0.436544711943337,8.72243373642703,3.31206983535544));
#3390=CARTESIAN_POINT('Ctrl Pts',(0.443944920709494,8.83485929903425,2.74123317710342));
#3391=CARTESIAN_POINT('Ctrl Pts',(0.450495606669731,8.91713728084643,2.17068490521544));
#3392=CARTESIAN_POINT('Ctrl Pts',(0.455113462788741,8.95810869396666,1.69860291316437));
#3393=CARTESIAN_POINT('Ctrl Pts',(0.458424188022224,8.97684526239892,1.28901987828959));
#3394=CARTESIAN_POINT('Ctrl Pts',(0.460466642743469,8.98648361687283,1.01961535284881));
#3395=CARTESIAN_POINT('Ctrl Pts',(0.462785584376958,8.99486447824046,0.691430188307392));
#3396=CARTESIAN_POINT('Ctrl Pts',(0.464659535806379,8.99801743340084,0.376507142417061));
#3397=CARTESIAN_POINT('Ctrl Pts',(0.465646859325238,8.99909555544751,0.194617552183192));
#3398=CARTESIAN_POINT('Ctrl Pts',(1.33006751205807,7.81083544139135,5.1351321236739));
#3399=CARTESIAN_POINT('Ctrl Pts',(1.34611150673499,7.94900205668598,4.94868574511745));
#3400=CARTESIAN_POINT('Ctrl Pts',(1.37194517506519,8.16270943320459,4.61676284688294));
#3401=CARTESIAN_POINT('Ctrl Pts',(1.411924072482,8.46735279639489,4.00109135521411));
#3402=CARTESIAN_POINT('Ctrl Pts',(1.44558577758116,8.69173290112708,3.33425938767744));
#3403=CARTESIAN_POINT('Ctrl Pts',(1.46729692124295,8.80687782625106,2.76333361078965));
#3404=CARTESIAN_POINT('Ctrl Pts',(1.48631581215521,8.89258104360195,2.19169306022707));
#3405=CARTESIAN_POINT('Ctrl Pts',(1.49966286090146,8.93706020073628,1.71769007808001));
#3406=CARTESIAN_POINT('Ctrl Pts',(1.51022262519851,8.95969263334646,1.30509596627348));
#3407=CARTESIAN_POINT('Ctrl Pts',(1.5171257745983,8.97213175921504,1.03338364700864));
#3408=CARTESIAN_POINT('Ctrl Pts',(1.52548184183861,8.98422260271632,0.701977684686693));
#3409=CARTESIAN_POINT('Ctrl Pts',(1.53384713711963,8.99176268416016,0.382795693064359));
#3410=CARTESIAN_POINT('Ctrl Pts',(1.53905039147855,8.99578114887789,0.197963200741711));
#3411=CARTESIAN_POINT('Ctrl Pts',(2.79422034893962,7.67148149087701,5.16817032498877));
#3412=CARTESIAN_POINT('Ctrl Pts',(2.83254899322002,7.80391878615855,4.98951068515481));
#3413=CARTESIAN_POINT('Ctrl Pts',(2.89458263504061,8.0119506117841,4.66936590743055));
#3414=CARTESIAN_POINT('Ctrl Pts',(2.99096504356124,8.31733184859858,4.06913031255697));
#3415=CARTESIAN_POINT('Ctrl Pts',(3.0719724776678,8.55312437789694,3.41029571431347));
#3416=CARTESIAN_POINT('Ctrl Pts',(3.1247559256691,8.68502877103154,2.83909567965794));
#3417=CARTESIAN_POINT('Ctrl Pts',(3.17170139129127,8.7898608073547,2.26371805316585));
#3418=CARTESIAN_POINT('Ctrl Pts',(3.20554303614916,8.85234021232671,1.78311494453446));
#3419=CARTESIAN_POINT('Ctrl Pts',(3.23405904235133,8.89273279723468,1.36018115212135));
#3420=CARTESIAN_POINT('Ctrl Pts',(3.25316773717841,8.91741667881253,1.08054690123007));
#3421=CARTESIAN_POINT('Ctrl Pts',(3.27688640851832,8.94512833550854,0.738087913233345));
#3422=CARTESIAN_POINT('Ctrl Pts',(3.30197874866049,8.96947222701729,0.404313353490229));
#3423=CARTESIAN_POINT('Ctrl Pts',(3.31795736376539,8.98408202073567,0.209409128307606));
#3424=CARTESIAN_POINT('Ctrl Pts',(4.46100672458109,7.35722174539661,5.22307879265505));
#3425=CARTESIAN_POINT('Ctrl Pts',(4.53305906241878,7.48178948042671,5.05736896887403));
#3426=CARTESIAN_POINT('Ctrl Pts',(4.652346688167,7.68425872799617,4.75682453260562));
#3427=CARTESIAN_POINT('Ctrl Pts',(4.84467150989874,8.00032584867391,4.18231642529764));
#3428=CARTESIAN_POINT('Ctrl Pts',(5.01487827633488,8.2677937663273,3.53692460350964));
#3429=CARTESIAN_POINT('Ctrl Pts',(5.13265063671228,8.43953792226618,2.96534049050461));
#3430=CARTESIAN_POINT('Ctrl Pts',(5.24002163275564,8.58814033392917,2.38375279301427));
#3431=CARTESIAN_POINT('Ctrl Pts',(5.31981105189009,8.69030143360774,1.89211710096495));
#3432=CARTESIAN_POINT('Ctrl Pts',(5.38638376190447,8.76750109644244,1.45191320187364));
#3433=CARTESIAN_POINT('Ctrl Pts',(5.43042397511886,8.81693455897554,1.1590535745143));
#3434=CARTESIAN_POINT('Ctrl Pts',(5.48438828330732,8.87547102903931,0.798148865061892));
#3435=CARTESIAN_POINT('Ctrl Pts',(5.53861176756509,8.93079716151822,0.440075595633998));
#3436=CARTESIAN_POINT('Ctrl Pts',(5.57164909863334,8.96395962328531,0.228427653199195));
#3437=CARTESIAN_POINT('Ctrl Pts',(5.15920946333915,7.04104771665983,5.26085725854758));
#3438=CARTESIAN_POINT('Ctrl Pts',(5.25379646331895,7.16213858148822,5.10407450379632));
#3439=CARTESIAN_POINT('Ctrl Pts',(5.41328384919185,7.36524934842229,4.81706733925509));
#3440=CARTESIAN_POINT('Ctrl Pts',(5.67818367910495,7.69955254403677,4.26040968750021));
#3441=CARTESIAN_POINT('Ctrl Pts',(5.92229162451427,8.00360934854777,3.62457429398921));
#3442=CARTESIAN_POINT('Ctrl Pts',(6.09796339512529,8.21696880619936,3.05287158895771));
#3443=CARTESIAN_POINT('Ctrl Pts',(6.26009512240631,8.41006285285497,2.46701289293165));
#3444=CARTESIAN_POINT('Ctrl Pts',(6.38211528510223,8.55143002631271,1.96765779255163));
#3445=CARTESIAN_POINT('Ctrl Pts',(6.48177809021,8.66304793758023,1.51539721262074));
#3446=CARTESIAN_POINT('Ctrl Pts',(6.5467623649954,8.73504806059976,1.21331761235084));
#3447=CARTESIAN_POINT('Ctrl Pts',(6.62521311316828,8.82098479232972,0.839567558767719));
#3448=CARTESIAN_POINT('Ctrl Pts',(6.700018875708,8.90171553150758,0.464682089192815));
#3449=CARTESIAN_POINT('Ctrl Pts',(6.74366060598357,8.94903236807259,0.241504263084105));
#3450=CARTESIAN_POINT('Ctrl Pts',(5.31857422191101,6.9636217157492,5.27064819008654));
#3451=CARTESIAN_POINT('Ctrl Pts',(5.41748202450757,7.08351563581635,5.11620225964124));
#3452=CARTESIAN_POINT('Ctrl Pts',(5.58392140106994,7.28586475002531,4.83277311617806));
#3453=CARTESIAN_POINT('Ctrl Pts',(5.85959374479823,7.62249336874448,4.2809425962735));
#3454=CARTESIAN_POINT('Ctrl Pts',(6.11282675610819,7.93339656161811,3.64799766538091));
#3455=CARTESIAN_POINT('Ctrl Pts',(6.29420456220542,8.15590315254449,3.07646025597783));
#3456=CARTESIAN_POINT('Ctrl Pts',(6.46109392111413,8.35950316408915,2.48949693716714));
#3457=CARTESIAN_POINT('Ctrl Pts',(6.58615506425965,8.51081856864977,1.98796801784818));
#3458=CARTESIAN_POINT('Ctrl Pts',(6.68768810419164,8.6319021912145,1.53234804923922));
#3459=CARTESIAN_POINT('Ctrl Pts',(6.7537546524029,8.71025206432652,1.22771668029135));
#3460=CARTESIAN_POINT('Ctrl Pts',(6.83333877760391,8.80407869613167,0.850430014098814));
#3461=CARTESIAN_POINT('Ctrl Pts',(6.90885277432874,8.89256324558099,0.47106080583267));
#3462=CARTESIAN_POINT('Ctrl Pts',(6.95280524637762,8.94431293327532,0.244881669825272));
#3463=CARTESIAN_POINT('',(6.95272820187304,8.94422222125255,0.245278134721793));
#3464=CARTESIAN_POINT('Ctrl Pts',(5.31857422191101,6.9636217157492,5.27064819008655));
#3465=CARTESIAN_POINT('Ctrl Pts',(5.49256085592157,7.1745245873447,4.99896560418972));
#3466=CARTESIAN_POINT('Ctrl Pts',(5.89648915032554,7.66678787158711,4.264186185883));
#3467=CARTESIAN_POINT('Ctrl Pts',(6.36097221074688,8.23920440125255,2.94121125795847));
#3468=CARTESIAN_POINT('Ctrl Pts',(6.69831166697725,8.64635661515375,1.5179478640729));
#3469=CARTESIAN_POINT('Ctrl Pts',(6.87889990611923,8.85729720376369,0.625187287239289));
#3470=CARTESIAN_POINT('Ctrl Pts',(6.95272820187311,8.94422222125254,0.245278134721807));
#3471=CARTESIAN_POINT('Ctrl Pts',(-6.95272785950201,8.94422256242762,0.245277941551555));
#3472=CARTESIAN_POINT('Ctrl Pts',(-6.48019434406027,8.95512573460391,0.236677140264736));
#3473=CARTESIAN_POINT('Ctrl Pts',(-5.09993145194173,8.96693234740566,0.229254515397645));
#3474=CARTESIAN_POINT('Ctrl Pts',(-2.77673369292691,8.99045969504671,0.209368296306921));
#3475=CARTESIAN_POINT('Ctrl Pts',(-0.92785181345483,8.99882740961658,0.201408694697248));
#3476=CARTESIAN_POINT('Ctrl Pts',(0.92689492983252,8.99925270915556,0.200993765609478));
#3477=CARTESIAN_POINT('Ctrl Pts',(2.31807174461653,8.99087498953636,0.209013974107022));
#3478=CARTESIAN_POINT('Ctrl Pts',(4.16805402065902,8.97750541056902,0.220167846734308));
#3479=CARTESIAN_POINT('Ctrl Pts',(5.56243075562022,8.96189664950189,0.23280397060552));
#3480=CARTESIAN_POINT('Ctrl Pts',(6.48019318080864,8.95512548528909,0.236677290447346));
#3481=CARTESIAN_POINT('Ctrl Pts',(6.95272820187296,8.94422222125255,0.24527813472178));
#3482=CARTESIAN_POINT('Ctrl Pts',(5.2804744592054,6.91745473775982,5.32948818188531));
#3483=CARTESIAN_POINT('Ctrl Pts',(5.46913943132722,7.14598454083309,5.04131509010826));
#3484=CARTESIAN_POINT('Ctrl Pts',(5.64318394443034,7.35804040568457,4.72850464862533));
#3485=CARTESIAN_POINT('Ctrl Pts',(6.01541082443886,7.81334376952706,3.92546469818005));
#3486=CARTESIAN_POINT('Ctrl Pts',(6.19539067120204,8.03514358364663,3.41269550319422));
#3487=CARTESIAN_POINT('Ctrl Pts',(6.49063356077011,8.39569930495965,2.39415917234702));
#3488=CARTESIAN_POINT('Ctrl Pts',(6.61066536594136,8.54056553362504,1.88761779486889));
#3489=CARTESIAN_POINT('Ctrl Pts',(6.80254573551997,8.76810981390068,1.00265369209333));
#3490=CARTESIAN_POINT('Ctrl Pts',(6.87915637397336,8.85759916756332,0.623867542768464));
#3491=CARTESIAN_POINT('Ctrl Pts',(6.95272820187312,8.94422222125255,0.245278134721782));
#3492=CARTESIAN_POINT('Ctrl Pts',(5.73102120383862,6.69765514576768,5.35486214023264));
#3493=CARTESIAN_POINT('Ctrl Pts',(5.94348917478657,6.91867136372239,5.07970345237333));
#3494=CARTESIAN_POINT('Ctrl Pts',(6.13758726471888,7.13112210290016,4.7768457687316));
#3495=CARTESIAN_POINT('Ctrl Pts',(6.55036101410112,7.60158245409723,3.99040085992387));
#3496=CARTESIAN_POINT('Ctrl Pts',(6.74777082682171,7.84400202380503,3.48129603077862));
#3497=CARTESIAN_POINT('Ctrl Pts',(7.06751896526615,8.2557198968685,2.45834360459564));
#3498=CARTESIAN_POINT('Ctrl Pts',(7.1953802815499,8.43041896093722,1.94456390674334));
#3499=CARTESIAN_POINT('Ctrl Pts',(7.3962317049444,8.71066823802101,1.03839822998429));
#3500=CARTESIAN_POINT('Ctrl Pts',(7.47522417180977,8.82289204597843,0.647884004261938));
#3501=CARTESIAN_POINT('Ctrl Pts',(7.55028271996913,8.93071592146504,0.254942897897316));
#3502=CARTESIAN_POINT('Ctrl Pts',(6.33644090073652,6.26958295148347,5.37576014724349));
#3503=CARTESIAN_POINT('Ctrl Pts',(6.55904363357115,6.49476198094172,5.11140658283088));
#3504=CARTESIAN_POINT('Ctrl Pts',(6.77168132123041,6.70857970131271,4.81697250410173));
#3505=CARTESIAN_POINT('Ctrl Pts',(7.24136492148256,7.17819258365256,4.04493156643654));
#3506=CARTESIAN_POINT('Ctrl Pts',(7.48229354998309,7.41667908209758,3.53942162244615));
#3507=CARTESIAN_POINT('Ctrl Pts',(7.89320790652297,7.81494650374334,2.51365132916121));
#3508=CARTESIAN_POINT('Ctrl Pts',(8.06842830695625,7.98051559611472,1.99418950565224));
#3509=CARTESIAN_POINT('Ctrl Pts',(8.34928064339057,8.23966789938588,1.0700826740311));
#3510=CARTESIAN_POINT('Ctrl Pts',(8.46166663908877,8.34126829025838,0.669408180274287));
#3511=CARTESIAN_POINT('Ctrl Pts',(8.56724736066752,8.43686803486305,0.263633287880599));
#3512=CARTESIAN_POINT('Ctrl Pts',(6.7528322707212,5.61681525999553,5.34995698861523));
#3513=CARTESIAN_POINT('Ctrl Pts',(6.97522644628802,5.823198429862,5.07229096651247));
#3514=CARTESIAN_POINT('Ctrl Pts',(7.18606958472806,6.01339351383479,4.76754185318652));
#3515=CARTESIAN_POINT('Ctrl Pts',(7.64795753085128,6.4201646865721,3.97813990180169));
#3516=CARTESIAN_POINT('Ctrl Pts',(7.88142451010068,6.61681189655377,3.46859427495271));
#3517=CARTESIAN_POINT('Ctrl Pts',(8.27762066075531,6.93371292411683,2.4470761142612));
#3518=CARTESIAN_POINT('Ctrl Pts',(8.44556708494802,7.05956673894387,1.93502887378973));
#3519=CARTESIAN_POINT('Ctrl Pts',(8.71771578070219,7.25434803754253,1.0328861889556));
#3520=CARTESIAN_POINT('Ctrl Pts',(8.82762630478951,7.32995731686065,0.644410862634131));
#3521=CARTESIAN_POINT('Ctrl Pts',(8.9326302280528,7.40231967689575,0.253573350432968));
#3522=CARTESIAN_POINT('Ctrl Pts',(6.91851827059636,5.27915275337432,5.32955412937821));
#3523=CARTESIAN_POINT('Ctrl Pts',(7.14696413116571,5.46776746162146,5.04131633372143));
#3524=CARTESIAN_POINT('Ctrl Pts',(7.35780742495737,5.64290941504525,4.72829148639969));
#3525=CARTESIAN_POINT('Ctrl Pts',(7.80878412181499,6.01911851108661,3.92476757414724));
#3526=CARTESIAN_POINT('Ctrl Pts',(8.02684235519305,6.20250454391554,3.41171896659491));
#3527=CARTESIAN_POINT('Ctrl Pts',(8.38444695226196,6.50072550191736,2.39311191537238));
#3528=CARTESIAN_POINT('Ctrl Pts',(8.52976660422751,6.62058947030019,1.8867681414542));
#3529=CARTESIAN_POINT('Ctrl Pts',(8.7617543503999,6.80866661283353,1.00224605229498));
#3530=CARTESIAN_POINT('Ctrl Pts',(8.85428403240348,6.88257125710169,0.62368747009004));
#3531=CARTESIAN_POINT('Ctrl Pts',(8.94301051850976,6.95401227038237,0.245217374946325));
#3532=CARTESIAN_POINT('',(8.94275684075183,6.9538080151164,0.246299414386912));
#3533=CARTESIAN_POINT('Ctrl Pts',(6.9651665768395,5.31768230498648,5.27003632619721));
#3534=CARTESIAN_POINT('Ctrl Pts',(7.17612851009567,5.4919945450143,4.9978504041383));
#3535=CARTESIAN_POINT('Ctrl Pts',(7.66590854836846,5.89895335309232,4.26155021373069));
#3536=CARTESIAN_POINT('Ctrl Pts',(8.22863989647086,6.3722195520468,2.9365796115929));
#3537=CARTESIAN_POINT('Ctrl Pts',(8.63643558196205,6.70857025910989,1.5148904120826));
#3538=CARTESIAN_POINT('Ctrl Pts',(8.85410827854675,6.88243087917363,0.62440649169353));
#3539=CARTESIAN_POINT('Ctrl Pts',(8.94275684075182,6.95380801511669,0.246299414386918));
#3540=CARTESIAN_POINT('Ctrl Pts',(6.95272820187312,8.94422222125255,0.245278134721782));
#3541=CARTESIAN_POINT('Ctrl Pts',(7.39578214308479,8.93266181200276,0.259095428282929));
#3542=CARTESIAN_POINT('Ctrl Pts',(8.1327739824526,8.67430886733914,0.265172985936802));
#3543=CARTESIAN_POINT('Ctrl Pts',(8.79701763704082,7.8380796279744,0.26378855208201));
#3544=CARTESIAN_POINT('Ctrl Pts',(8.93506230681069,7.24909667149644,0.255299688925533));
#3545=CARTESIAN_POINT('Ctrl Pts',(8.94275684075184,6.95380801511611,0.246299414386906));
#3546=CARTESIAN_POINT('Ctrl Pts',(6.9651665768395,5.31768230498647,5.27003632619721));
#3547=CARTESIAN_POINT('Ctrl Pts',(7.17612851009567,5.49199454501429,4.9978504041383));
#3548=CARTESIAN_POINT('Ctrl Pts',(7.66590854836846,5.89895335309231,4.26155021373069));
#3549=CARTESIAN_POINT('Ctrl Pts',(8.22863989647086,6.3722195520468,2.9365796115929));
#3550=CARTESIAN_POINT('Ctrl Pts',(8.63643558196205,6.70857025910989,1.5148904120826));
#3551=CARTESIAN_POINT('Ctrl Pts',(8.85410827854675,6.88243087917363,0.62440649169353));
#3552=CARTESIAN_POINT('Ctrl Pts',(8.94275684075182,6.95380801511669,0.246299414386918));
#3553=CARTESIAN_POINT('Ctrl Pts',(7.00409683538759,5.23805212852023,5.26477678793924));
#3554=CARTESIAN_POINT('Ctrl Pts',(7.21619826770338,5.4085749300388,4.99035682850707));
#3555=CARTESIAN_POINT('Ctrl Pts',(7.70580235668242,5.80740156155685,4.24962833121305));
#3556=CARTESIAN_POINT('Ctrl Pts',(8.25923683519642,6.27268529467982,2.922554469737));
#3557=CARTESIAN_POINT('Ctrl Pts',(8.65220315043449,6.60511716060538,1.50460878198542));
#3558=CARTESIAN_POINT('Ctrl Pts',(8.86033611788812,6.77804155427549,0.619566638971466));
#3559=CARTESIAN_POINT('Ctrl Pts',(8.94518976783397,6.84920356871977,0.24434143807387));
#3560=CARTESIAN_POINT('Ctrl Pts',(7.23253002169943,4.78451763423866,5.23656263484536));
#3561=CARTESIAN_POINT('Ctrl Pts',(7.44910701570192,4.92892922749735,4.9502392013412));
#3562=CARTESIAN_POINT('Ctrl Pts',(7.92905713985475,5.26187317545749,4.18609603110871));
#3563=CARTESIAN_POINT('Ctrl Pts',(8.41775473665645,5.63637319392107,2.84929597458786));
#3564=CARTESIAN_POINT('Ctrl Pts',(8.72857618779453,5.89996708699699,1.45002679146341));
#3565=CARTESIAN_POINT('Ctrl Pts',(8.88969343768145,6.04429089716694,0.593555300742949));
#3566=CARTESIAN_POINT('Ctrl Pts',(8.95660024126881,6.10626921799299,0.233798289488674));
#3567=CARTESIAN_POINT('Ctrl Pts',(7.73541219214415,2.91593226391033,5.15538815435049));
#3568=CARTESIAN_POINT('Ctrl Pts',(7.96911434749461,2.98018950746817,4.83492505047754));
#3569=CARTESIAN_POINT('Ctrl Pts',(8.43400722167952,3.11464359151652,4.00411208527713));
#3570=CARTESIAN_POINT('Ctrl Pts',(8.77853051990708,3.22994497596322,2.64203815427965));
#3571=CARTESIAN_POINT('Ctrl Pts',(8.91090904886995,3.29381282920586,1.29400257242317));
#3572=CARTESIAN_POINT('Ctrl Pts',(8.96362352611343,3.33886158220969,0.51859614587108));
#3573=CARTESIAN_POINT('Ctrl Pts',(8.98565742460316,3.36280221041796,0.203393502029683));
#3574=CARTESIAN_POINT('Ctrl Pts',(7.84186832071504,0.80644747256,5.11381145761785));
#3575=CARTESIAN_POINT('Ctrl Pts',(8.08967521077986,0.822427661268085,4.77588086103954));
#3576=CARTESIAN_POINT('Ctrl Pts',(8.56805547749013,0.857679569949383,3.91102351591525));
#3577=CARTESIAN_POINT('Ctrl Pts',(8.89124607157952,0.895910561453098,2.53642692291092));
#3578=CARTESIAN_POINT('Ctrl Pts',(8.98333716115925,0.91944074971075,1.21424568783432));
#3579=CARTESIAN_POINT('Ctrl Pts',(8.99759423399954,0.928374124455874,0.480185755574112));
#3580=CARTESIAN_POINT('Ctrl Pts',(8.99939608435573,0.93143757977077,0.187809487539331));
#3581=CARTESIAN_POINT('Ctrl Pts',(7.84186832071503,-0.806447472560012,5.11381145761785));
#3582=CARTESIAN_POINT('Ctrl Pts',(8.08967521077986,-0.822427661268099,4.77588086103953));
#3583=CARTESIAN_POINT('Ctrl Pts',(8.56805547749013,-0.857679569949393,3.91102351591525));
#3584=CARTESIAN_POINT('Ctrl Pts',(8.89124607157951,-0.895910561453108,2.53642692291092));
#3585=CARTESIAN_POINT('Ctrl Pts',(8.98333716115925,-0.919440749710753,1.21424568783432));
#3586=CARTESIAN_POINT('Ctrl Pts',(8.99759423399954,-0.92837412445588,0.480185755574111));
#3587=CARTESIAN_POINT('Ctrl Pts',(8.99939608435572,-0.931437579770773,0.187809487539331));
#3588=CARTESIAN_POINT('Ctrl Pts',(7.73541219214415,-2.91593226391036,5.15538815435049));
#3589=CARTESIAN_POINT('Ctrl Pts',(7.96911434749461,-2.9801895074682,4.83492505047754));
#3590=CARTESIAN_POINT('Ctrl Pts',(8.43400722167952,-3.11464359151655,4.00411208527713));
#3591=CARTESIAN_POINT('Ctrl Pts',(8.77853051990707,-3.22994497596324,2.64203815427965));
#3592=CARTESIAN_POINT('Ctrl Pts',(8.91090904886995,-3.29381282920588,1.29400257242317));
#3593=CARTESIAN_POINT('Ctrl Pts',(8.96362352611343,-3.3388615822097,0.51859614587108));
#3594=CARTESIAN_POINT('Ctrl Pts',(8.98565742460315,-3.36280221041798,0.203393502029682));
#3595=CARTESIAN_POINT('Ctrl Pts',(7.23253002169942,-4.78451763423871,5.23656263484537));
#3596=CARTESIAN_POINT('Ctrl Pts',(7.44910701570191,-4.9289292274974,4.9502392013412));
#3597=CARTESIAN_POINT('Ctrl Pts',(7.92905713985474,-5.26187317545753,4.18609603110871));
#3598=CARTESIAN_POINT('Ctrl Pts',(8.41775473665645,-5.63637319392111,2.84929597458786));
#3599=CARTESIAN_POINT('Ctrl Pts',(8.72857618779453,-5.89996708699703,1.45002679146341));
#3600=CARTESIAN_POINT('Ctrl Pts',(8.88969343768145,-6.04429089716697,0.593555300742949));
#3601=CARTESIAN_POINT('Ctrl Pts',(8.95660024126882,-6.10626921799302,0.233798289488674));
#3602=CARTESIAN_POINT('Ctrl Pts',(7.00409683538758,-5.23805212852028,5.26477678793924));
#3603=CARTESIAN_POINT('Ctrl Pts',(7.21619826770337,-5.40857493003884,4.99035682850707));
#3604=CARTESIAN_POINT('Ctrl Pts',(7.70580235668241,-5.80740156155689,4.24962833121305));
#3605=CARTESIAN_POINT('Ctrl Pts',(8.25923683519641,-6.27268529467987,2.922554469737));
#3606=CARTESIAN_POINT('Ctrl Pts',(8.65220315043448,-6.60511716060541,1.50460878198542));
#3607=CARTESIAN_POINT('Ctrl Pts',(8.86033611788812,-6.77804155427553,0.619566638971466));
#3608=CARTESIAN_POINT('Ctrl Pts',(8.94518976783397,-6.8492035687198,0.24434143807387));
#3609=CARTESIAN_POINT('Ctrl Pts',(6.96516657683949,-5.31768230498651,5.27003632619721));
#3610=CARTESIAN_POINT('Ctrl Pts',(7.17612851009566,-5.49199454501433,4.9978504041383));
#3611=CARTESIAN_POINT('Ctrl Pts',(7.66590854836845,-5.89895335309235,4.2615502137307));
#3612=CARTESIAN_POINT('Ctrl Pts',(8.22863989647085,-6.37221955204684,2.9365796115929));
#3613=CARTESIAN_POINT('Ctrl Pts',(8.63643558196204,-6.70857025910993,1.5148904120826));
#3614=CARTESIAN_POINT('Ctrl Pts',(8.85410827854675,-6.88243087917367,0.62440649169353));
#3615=CARTESIAN_POINT('Ctrl Pts',(8.94275684075182,-6.95380801511672,0.246299414386918));
#3616=CARTESIAN_POINT('',(8.94275684075182,-6.95380801511675,0.246299414386924));
#3617=CARTESIAN_POINT('Ctrl Pts',(7.51943687265635,-5.77774688650403,4.43992434314573));
#3618=CARTESIAN_POINT('Ctrl Pts',(7.52822287929023,-5.78507308363784,4.42453247564653));
#3619=CARTESIAN_POINT('Ctrl Pts',(7.80260928763235,-6.01392089396928,3.93968355137762));
#3620=CARTESIAN_POINT('Ctrl Pts',(8.22863989647086,-6.37221955204684,2.9365796115929));
#3621=CARTESIAN_POINT('Ctrl Pts',(8.63643558196205,-6.70857025910993,1.5148904120826));
#3622=CARTESIAN_POINT('Ctrl Pts',(8.85410827854675,-6.88243087917367,0.624406491693533));
#3623=CARTESIAN_POINT('Ctrl Pts',(8.94275684075182,-6.95380801511673,0.246299414386922));
#3624=CARTESIAN_POINT('Ctrl Pts',(8.94275684075183,6.95380801511628,0.246299414386917));
#3625=CARTESIAN_POINT('Ctrl Pts',(8.95366194276573,6.481201597394,0.237818519955397));
#3626=CARTESIAN_POINT('Ctrl Pts',(8.96561398276393,5.1007379111686,0.23038288378297));
#3627=CARTESIAN_POINT('Ctrl Pts',(8.98989099767206,2.77706820511364,0.210222829367146));
#3628=CARTESIAN_POINT('Ctrl Pts',(8.99913437830547,0.928055345699743,0.201506760448621));
#3629=CARTESIAN_POINT('Ctrl Pts',(8.99851608262303,-1.39249762983221,0.202113952801543));
#3630=CARTESIAN_POINT('Ctrl Pts',(8.98644307101035,-3.23924691241185,0.213391535877327));
#3631=CARTESIAN_POINT('Ctrl Pts',(8.96091144346075,-5.56282994971673,0.233548696402694));
#3632=CARTESIAN_POINT('Ctrl Pts',(8.95366193967372,-6.48120173139703,0.237818522360038));
#3633=CARTESIAN_POINT('Ctrl Pts',(8.94275684075182,-6.95380801511676,0.246299414386925));
#3634=CARTESIAN_POINT('Ctrl Pts',(-8.94275637943083,-6.95380826761908,0.246299679928703));
#3635=CARTESIAN_POINT('Ctrl Pts',(-8.95366138988149,-6.48120190778901,0.237818882851043));
#3636=CARTESIAN_POINT('Ctrl Pts',(-8.96091087800721,-5.5628297014827,0.233549070790824));
#3637=CARTESIAN_POINT('Ctrl Pts',(-8.98644255990893,-3.23924742595399,0.213391960891345));
#3638=CARTESIAN_POINT('Ctrl Pts',(-8.99851594836785,-1.39249793061718,0.202114098355363));
#3639=CARTESIAN_POINT('Ctrl Pts',(-8.99913425247986,0.928054893732963,0.201506897648318));
#3640=CARTESIAN_POINT('Ctrl Pts',(-8.98989058956394,2.77706846400558,0.210223188581879));
#3641=CARTESIAN_POINT('Ctrl Pts',(-8.96561338522845,5.1007385239427,0.230383292044056));
#3642=CARTESIAN_POINT('Ctrl Pts',(-8.95366138678947,6.48120204179258,0.237818885255699));
#3643=CARTESIAN_POINT('Ctrl Pts',(-8.94275637943084,6.95380826761904,0.246299679928701));
#3644=CARTESIAN_POINT('Ctrl Pts',(-8.94474516571908,-6.95384566328918,0.237940643852405));
#3645=CARTESIAN_POINT('Ctrl Pts',(-8.95538440755524,-6.48121459750391,0.229534173685601));
#3646=CARTESIAN_POINT('Ctrl Pts',(-8.96228102772531,-5.56284454680134,0.225387286379647));
#3647=CARTESIAN_POINT('Ctrl Pts',(-8.98704263975407,-3.23924916163696,0.205537453009103));
#3648=CARTESIAN_POINT('Ctrl Pts',(-8.9985892927532,-1.39249945587609,0.194586628792594));
#3649=CARTESIAN_POINT('Ctrl Pts',(-8.9991857455539,0.928056173078968,0.193995376439362));
#3650=CARTESIAN_POINT('Ctrl Pts',(-8.99034885079973,2.7770686575553,0.202452511298341));
#3651=CARTESIAN_POINT('Ctrl Pts',(-8.9668092426092,5.1007521285423,0.222278753401969));
#3652=CARTESIAN_POINT('Ctrl Pts',(-8.9553851169062,6.48121561367864,0.229534751640399));
#3653=CARTESIAN_POINT('Ctrl Pts',(-8.94474516571909,6.95384566328914,0.237940643852402));
#3654=CARTESIAN_POINT('Ctrl Pts',(-8.94764311338772,-6.95390015415913,0.220966455216328));
#3655=CARTESIAN_POINT('Ctrl Pts',(-8.95748550020982,-6.48133785111567,0.212972133880254));
#3656=CARTESIAN_POINT('Ctrl Pts',(-8.96403946313537,-5.56285467331665,0.208866155813729));
#3657=CARTESIAN_POINT('Ctrl Pts',(-8.98708085428418,-3.2393285094277,0.189948846398235));
#3658=CARTESIAN_POINT('Ctrl Pts',(-8.99789934468506,-1.39248001724164,0.179514615246122));
#3659=CARTESIAN_POINT('Ctrl Pts',(-8.99844677901744,0.928047927951291,0.178951756405789));
#3660=CARTESIAN_POINT('Ctrl Pts',(-8.99017102894595,2.77712844068643,0.187012051991172));
#3661=CARTESIAN_POINT('Ctrl Pts',(-8.96828972488426,5.10074119856907,0.205854908761466));
#3662=CARTESIAN_POINT('Ctrl Pts',(-8.95748570905106,6.48134178908605,0.212972984770477));
#3663=CARTESIAN_POINT('Ctrl Pts',(-8.94764311338773,6.95390015415909,0.220966455216325));
#3664=CARTESIAN_POINT('Ctrl Pts',(-8.94867602531124,-6.9539195762729,0.195176828244764));
#3665=CARTESIAN_POINT('Ctrl Pts',(-8.95772634397865,-6.48149988987381,0.187703214029143));
#3666=CARTESIAN_POINT('Ctrl Pts',(-8.96355539178505,-5.56283716436046,0.183996460369156));
#3667=CARTESIAN_POINT('Ctrl Pts',(-8.98460539563502,-3.23943200312419,0.166540592743543));
#3668=CARTESIAN_POINT('Ctrl Pts',(-8.99430765621206,-1.39243373988186,0.157188800045952));
#3669=CARTESIAN_POINT('Ctrl Pts',(-8.9948002239091,0.928023954053469,0.15668007693217));
#3670=CARTESIAN_POINT('Ctrl Pts',(-8.98738490669277,2.77720236656197,0.163894689750984));
#3671=CARTESIAN_POINT('Ctrl Pts',(-8.96739825768147,5.10069264160234,0.181227001527766));
#3672=CARTESIAN_POINT('Ctrl Pts',(-8.95772766587229,6.48150635571463,0.187704844606162));
#3673=CARTESIAN_POINT('Ctrl Pts',(-8.94867602531125,6.95391957627286,0.195176828244762));
#3674=CARTESIAN_POINT('Ctrl Pts',(-8.94640049653726,-6.95387678890864,0.169416707854437));
#3675=CARTESIAN_POINT('Ctrl Pts',(-8.95467658003929,-6.48150953135825,0.162563249348304));
#3676=CARTESIAN_POINT('Ctrl Pts',(-8.96002151022494,-5.56279791951505,0.159333614131036));
#3677=CARTESIAN_POINT('Ctrl Pts',(-8.97932476517072,-3.23942106187291,0.143561039754421));
#3678=CARTESIAN_POINT('Ctrl Pts',(-8.98823581798134,-1.39238508138178,0.135379731846217));
#3679=CARTESIAN_POINT('Ctrl Pts',(-8.9886832919203,0.927992210469284,0.134927481215505));
#3680=CARTESIAN_POINT('Ctrl Pts',(-8.98187413458846,2.77718343956047,0.14123226817484));
#3681=CARTESIAN_POINT('Ctrl Pts',(-8.9635430616868,5.10064497768756,0.156852347456842));
#3682=CARTESIAN_POINT('Ctrl Pts',(-8.9546785958232,6.48151537334015,0.162564987713474));
#3683=CARTESIAN_POINT('Ctrl Pts',(-8.94640049653727,6.9538767889086,0.169416707854434));
#3684=CARTESIAN_POINT('Ctrl Pts',(-8.93706774112413,-6.95370130266124,0.127506604485852));
#3685=CARTESIAN_POINT('Ctrl Pts',(-8.94444678055391,-6.48208351833682,0.121835477642601));
#3686=CARTESIAN_POINT('Ctrl Pts',(-8.94902601228199,-5.56262907890419,0.119427370659573));
#3687=CARTESIAN_POINT('Ctrl Pts',(-8.96619548908574,-3.23983540245347,0.106714128087329));
#3688=CARTESIAN_POINT('Ctrl Pts',(-8.97405069826491,-1.39219550301708,0.10050723163107));
#3689=CARTESIAN_POINT('Ctrl Pts',(-8.9744417740006,0.927892350839803,0.100155084054444));
#3690=CARTESIAN_POINT('Ctrl Pts',(-8.96844516943749,2.77748805615398,0.10492587250768));
#3691=CARTESIAN_POINT('Ctrl Pts',(-8.95210557651875,5.10035942281765,0.117465185201356));
#3692=CARTESIAN_POINT('Ctrl Pts',(-8.9444500161027,6.48209331027824,0.121837528824559));
#3693=CARTESIAN_POINT('Ctrl Pts',(-8.93706774112414,6.9537013026612,0.12750660448585));
#3694=CARTESIAN_POINT('Ctrl Pts',(-8.89335905124542,-6.95287943670354,0.0412142748361231));
#3695=CARTESIAN_POINT('Ctrl Pts',(-8.89917844877079,-6.48180059109978,0.0384873273578104));
#3696=CARTESIAN_POINT('Ctrl Pts',(-8.90370124202689,-5.56214762392326,0.0382118363576312));
#3697=CARTESIAN_POINT('Ctrl Pts',(-8.91830777063463,-3.23958136006356,0.0329465712017477));
#3698=CARTESIAN_POINT('Ctrl Pts',(-8.92607096236814,-1.39183060278761,0.0312775400915934));
#3699=CARTESIAN_POINT('Ctrl Pts',(-8.92641758540896,0.927643427035857,0.0311481130833141));
#3700=CARTESIAN_POINT('Ctrl Pts',(-8.92046249459921,2.77722162558423,0.0324093214657956));
#3701=CARTESIAN_POINT('Ctrl Pts',(-8.90644880310743,5.09986358122798,0.0375702788752463));
#3702=CARTESIAN_POINT('Ctrl Pts',(-8.89918227044714,6.48179057596598,0.0384871885056102));
#3703=CARTESIAN_POINT('Ctrl Pts',(-8.89335905124542,6.9528794367035,0.0412142748361224));
#3704=CARTESIAN_POINT('Ctrl Pts',(-8.80836021140941,-6.95128118122851,3.46944695195361E-16));
#3705=CARTESIAN_POINT('Ctrl Pts',(-8.81614502107243,-6.48734118047207,3.56750656273749E-16));
#3706=CARTESIAN_POINT('Ctrl Pts',(-8.82162905922259,-5.5607702496243,3.33729259850366E-16));
#3707=CARTESIAN_POINT('Ctrl Pts',(-8.84091519135833,-3.24384572895017,1.22767930043288E-15));
#3708=CARTESIAN_POINT('Ctrl Pts',(-8.85124391513716,-1.39046069612228,4.75806461057149E-15));
#3709=CARTESIAN_POINT('Ctrl Pts',(-8.85170176468368,0.926985962965154,1.55335303259499E-14));
#3710=CARTESIAN_POINT('Ctrl Pts',(-8.84379514799316,2.78048787760692,2.89545318983168E-14));
#3711=CARTESIAN_POINT('Ctrl Pts',(-8.82510107274596,5.09742113354543,-2.28502990224956E-14));
#3712=CARTESIAN_POINT('Ctrl Pts',(-8.81614480441095,6.48737033610528,1.98080733991796E-16));
#3713=CARTESIAN_POINT('Ctrl Pts',(-8.80836021140942,6.95128118122847,2.13383749234785E-16));
#3714=CARTESIAN_POINT('Ctrl Pts',(-8.74822370921687,-6.95015041880794,3.46944695195361E-16));
#3715=CARTESIAN_POINT('Ctrl Pts',(-8.75693481433975,-6.48687415246572,3.52571283113011E-16));
#3716=CARTESIAN_POINT('Ctrl Pts',(-8.76371863145155,-5.56016088661953,3.39504319387761E-16));
#3717=CARTESIAN_POINT('Ctrl Pts',(-8.78591460708782,-3.24349805597538,1.21970136125715E-15));
#3718=CARTESIAN_POINT('Ctrl Pts',(-8.79855351938945,-1.39007046073511,4.76334139364247E-15));
#3719=CARTESIAN_POINT('Ctrl Pts',(-8.79911662778047,0.926715204957317,1.55310695546375E-14));
#3720=CARTESIAN_POINT('Ctrl Pts',(-8.78940029443017,2.78014743219145,2.89512317395541E-14));
#3721=CARTESIAN_POINT('Ctrl Pts',(-8.7678213653671,5.09681911705311,-2.28483964495295E-14));
#3722=CARTESIAN_POINT('Ctrl Pts',(-8.7569348118698,6.48687428382384,1.98473574304168E-16));
#3723=CARTESIAN_POINT('Ctrl Pts',(-8.74822370921688,6.9501504188079,2.08166817117217E-16));
#3724=CARTESIAN_POINT('',(-8.74822370921688,6.9501504188079,0.));
#3725=CARTESIAN_POINT('Origin',(-8.74822370921688,6.9501504188079,0.2));
#3726=CARTESIAN_POINT('',(-8.74822370921687,-6.95015041880794,0.));
#3727=CARTESIAN_POINT('Ctrl Pts',(-8.74822370921688,6.9501504188079,2.08166817117217E-16));
#3728=CARTESIAN_POINT('Ctrl Pts',(-8.7569348118698,6.48687428382384,1.98473574304168E-16));
#3729=CARTESIAN_POINT('Ctrl Pts',(-8.7678213653671,5.09681911705311,-2.28483964495295E-14));
#3730=CARTESIAN_POINT('Ctrl Pts',(-8.78940029443017,2.78014743219145,2.89512317395541E-14));
#3731=CARTESIAN_POINT('Ctrl Pts',(-8.79911662778047,0.926715204957317,1.55310695546375E-14));
#3732=CARTESIAN_POINT('Ctrl Pts',(-8.79855351938945,-1.39007046073511,4.76334139364247E-15));
#3733=CARTESIAN_POINT('Ctrl Pts',(-8.78591460708782,-3.24349805597538,1.21970136125715E-15));
#3734=CARTESIAN_POINT('Ctrl Pts',(-8.76371863145155,-5.56016088661953,3.39504319387761E-16));
#3735=CARTESIAN_POINT('Ctrl Pts',(-8.75693481433975,-6.48687415246572,3.52571283113011E-16));
#3736=CARTESIAN_POINT('Ctrl Pts',(-8.74822370921687,-6.95015041880794,3.46944695195361E-16));
#3737=CARTESIAN_POINT('Origin',(-8.74822370921687,-6.95015041880794,0.2));
#3738=CARTESIAN_POINT('Ctrl Pts',(-8.94275637943084,6.95380826761903,0.246299679928699));
#3739=CARTESIAN_POINT('Ctrl Pts',(-8.93121466104729,7.3967412936021,0.259799973115699));
#3740=CARTESIAN_POINT('Ctrl Pts',(-8.67317111072329,8.13386675861979,0.26538686661135));
#3741=CARTESIAN_POINT('Ctrl Pts',(-7.83701541660204,8.79822727087059,0.263389191388434));
#3742=CARTESIAN_POINT('Ctrl Pts',(-7.24809721522321,8.93651565187507,0.254489502180123));
#3743=CARTESIAN_POINT('Ctrl Pts',(-6.95272785950169,8.94422256242763,0.245277941551535));
#3744=CARTESIAN_POINT('Ctrl Pts',(-8.95667788344857,6.95407003730977,0.187786427394609));
#3745=CARTESIAN_POINT('Ctrl Pts',(-8.94979695556869,7.4001425043439,0.200041675022782));
#3746=CARTESIAN_POINT('Ctrl Pts',(-8.6919670667138,8.14620117942449,0.205484432964839));
#3747=CARTESIAN_POINT('Ctrl Pts',(-7.84563690750763,8.81727826818208,0.203532219360349));
#3748=CARTESIAN_POINT('Ctrl Pts',(-7.25040133930237,8.95325484088783,0.195206933350633));
#3749=CARTESIAN_POINT('Ctrl Pts',(-6.95298364239919,8.95779724073677,0.18686281536042));
#3750=CARTESIAN_POINT('Ctrl Pts',(-8.92780236877274,6.95352708343517,0.0581148481571122));
#3751=CARTESIAN_POINT('Ctrl Pts',(-8.92621825003711,7.39344668451031,0.0629271692483591));
#3752=CARTESIAN_POINT('Ctrl Pts',(-8.67336754499398,8.1339804435406,0.0652554881830264));
#3753=CARTESIAN_POINT('Ctrl Pts',(-7.83542788740048,8.79675012648477,0.0644173361525752));
#3754=CARTESIAN_POINT('Ctrl Pts',(-7.24568721310318,8.92755070880039,0.0610217732229211));
#3755=CARTESIAN_POINT('Ctrl Pts',(-6.95243192009979,8.92851673448173,0.0577542122741106));
#3756=CARTESIAN_POINT('Ctrl Pts',(-8.80836021140941,6.95128118122846,-2.05558351058433E-16));
#3757=CARTESIAN_POINT('Ctrl Pts',(-8.8029091041829,7.36644403566793,-0.000115106803793453));
#3758=CARTESIAN_POINT('Ctrl Pts',(-8.56402179350691,8.05907201736437,-0.000163820828260045));
#3759=CARTESIAN_POINT('Ctrl Pts',(-7.78023668457167,8.68013904163015,-0.000142196643138115));
#3760=CARTESIAN_POINT('Ctrl Pts',(-7.22695347412652,8.80580105599318,-7.7752056953375E-5));
#3761=CARTESIAN_POINT('Ctrl Pts',(-6.95018765872287,8.80941132700408,-5.23017922197447E-16));
#3762=CARTESIAN_POINT('Ctrl Pts',(-8.74822370921688,6.95015041880789,-2.08166817117217E-16));
#3763=CARTESIAN_POINT('Ctrl Pts',(-8.74065380157178,7.35273522302067,-1.94449463990359E-16));
#3764=CARTESIAN_POINT('Ctrl Pts',(-8.50843601917623,8.02127752379706,9.11006596163728E-15));
#3765=CARTESIAN_POINT('Ctrl Pts',(-7.75232972838458,8.621071956803,-3.39469426402712E-15));
#3766=CARTESIAN_POINT('Ctrl Pts',(-7.21744749481245,8.7443926023373,-4.64825662593243E-16));
#3767=CARTESIAN_POINT('Ctrl Pts',(-6.94905782424391,8.7494497746721,-5.20417042793042E-16));
#3768=CARTESIAN_POINT('',(-6.94905782424391,8.7494497746721,0.));
#3769=CARTESIAN_POINT('Origin',(-6.94905782424391,8.7494497746721,0.2));
#3770=CARTESIAN_POINT('Ctrl Pts',(-6.94905782424391,8.7494497746721,-5.20417042793042E-16));
#3771=CARTESIAN_POINT('Ctrl Pts',(-7.21744749481245,8.7443926023373,-4.64825662593243E-16));
#3772=CARTESIAN_POINT('Ctrl Pts',(-7.75232972838458,8.621071956803,-3.39469426402712E-15));
#3773=CARTESIAN_POINT('Ctrl Pts',(-8.50843601917623,8.02127752379706,9.11006596163728E-15));
#3774=CARTESIAN_POINT('Ctrl Pts',(-8.74065380157178,7.35273522302067,-1.94449463990359E-16));
#3775=CARTESIAN_POINT('Ctrl Pts',(-8.74822370921688,6.95015041880789,-2.08166817117217E-16));
#3776=CARTESIAN_POINT('Ctrl Pts',(-6.95272785950201,8.94422256242762,0.245277941551555));
#3777=CARTESIAN_POINT('Ctrl Pts',(-6.48019434406027,8.95512573460391,0.236677140264736));
#3778=CARTESIAN_POINT('Ctrl Pts',(-5.09993145194173,8.96693234740566,0.229254515397645));
#3779=CARTESIAN_POINT('Ctrl Pts',(-2.77673369292691,8.99045969504671,0.209368296306921));
#3780=CARTESIAN_POINT('Ctrl Pts',(-0.92785181345483,8.99882740961658,0.201408694697248));
#3781=CARTESIAN_POINT('Ctrl Pts',(0.92689492983252,8.99925270915556,0.200993765609478));
#3782=CARTESIAN_POINT('Ctrl Pts',(2.31807174461653,8.99087498953636,0.209013974107022));
#3783=CARTESIAN_POINT('Ctrl Pts',(4.16805402065902,8.97750541056902,0.220167846734308));
#3784=CARTESIAN_POINT('Ctrl Pts',(5.56243075562022,8.96189664950189,0.23280397060552));
#3785=CARTESIAN_POINT('Ctrl Pts',(6.48019318080864,8.95512548528909,0.236677290447346));
#3786=CARTESIAN_POINT('Ctrl Pts',(6.95272820187296,8.94422222125255,0.24527813472178));
#3787=CARTESIAN_POINT('Ctrl Pts',(-6.95276439991594,8.94616180218607,0.236932923524253));
#3788=CARTESIAN_POINT('Ctrl Pts',(-6.48020752223599,8.95679587301279,0.228410656779132));
#3789=CARTESIAN_POINT('Ctrl Pts',(-5.09994402896981,8.96808063385766,0.221168408863148));
#3790=CARTESIAN_POINT('Ctrl Pts',(-2.77673394883787,8.99087980857269,0.20162058406933));
#3791=CARTESIAN_POINT('Ctrl Pts',(-0.927852589438916,8.9988834453651,0.193894551701726));
#3792=CARTESIAN_POINT('Ctrl Pts',(0.926895044419373,8.99929714367033,0.193484548201955));
#3793=CARTESIAN_POINT('Ctrl Pts',(2.31807399694019,8.99121727236462,0.201319037692048));
#3794=CARTESIAN_POINT('Ctrl Pts',(4.16805994722103,8.97835321377017,0.212221066099588));
#3795=CARTESIAN_POINT('Ctrl Pts',(5.56244541285266,8.96322780161635,0.22465392156423));
#3796=CARTESIAN_POINT('Ctrl Pts',(6.48020514514418,8.95679017034819,0.228413136225262));
#3797=CARTESIAN_POINT('Ctrl Pts',(6.9527647426455,8.94616147034978,0.236933114018475));
#3798=CARTESIAN_POINT('Ctrl Pts',(-6.95281723126654,8.94896561978314,0.219993892703916));
#3799=CARTESIAN_POINT('Ctrl Pts',(-6.48033627559709,8.9587959984851,0.211891845658279));
#3800=CARTESIAN_POINT('Ctrl Pts',(-5.09993017236564,8.96946715762393,0.204794119857362));
#3801=CARTESIAN_POINT('Ctrl Pts',(-2.77679394314249,8.99064001535792,0.186218096783764));
#3802=CARTESIAN_POINT('Ctrl Pts',(-0.927843572994645,8.99813968274237,0.178864556219962));
#3803=CARTESIAN_POINT('Ctrl Pts',(0.926898686032474,8.99851332565783,0.178475219196828));
#3804=CARTESIAN_POINT('Ctrl Pts',(2.31806788865281,8.9910106301356,0.185899490725271));
#3805=CARTESIAN_POINT('Ctrl Pts',(4.16810994247472,8.97897941485592,0.196311840900233));
#3806=CARTESIAN_POINT('Ctrl Pts',(5.56244784884856,8.96492292792215,0.208159015197263));
#3807=CARTESIAN_POINT('Ctrl Pts',(6.48033040115623,8.95879038954874,0.21188944481842));
#3808=CARTESIAN_POINT('Ctrl Pts',(6.95281757459442,8.94896530568624,0.219994076506473));
#3809=CARTESIAN_POINT('Ctrl Pts',(-6.95283436687255,8.94987502514777,0.194274832582298));
#3810=CARTESIAN_POINT('Ctrl Pts',(-6.48050106506807,8.95890614688833,0.186706361406575));
#3811=CARTESIAN_POINT('Ctrl Pts',(-5.09987911019615,8.96845814990662,0.180250276500827));
#3812=CARTESIAN_POINT('Ctrl Pts',(-2.77686690254495,8.98776812309145,0.163179082376789));
#3813=CARTESIAN_POINT('Ctrl Pts',(-0.92781961531994,8.99449887907667,0.156594368821399));
#3814=CARTESIAN_POINT('Ctrl Pts',(0.926894661271448,8.99483583167724,0.156232281803934));
#3815=CARTESIAN_POINT('Ctrl Pts',(2.31804088323287,8.98803830952378,0.162966039553363));
#3816=CARTESIAN_POINT('Ctrl Pts',(4.16816237518651,8.97716178541561,0.172430078018239));
#3817=CARTESIAN_POINT('Ctrl Pts',(5.56241916452631,8.9643474188744,0.183344066920076));
#3818=CARTESIAN_POINT('Ctrl Pts',(6.48049190867211,8.95889162488461,0.186707440870966));
#3819=CARTESIAN_POINT('Ctrl Pts',(6.95283471072453,8.94987473432035,0.194275002995821));
#3820=CARTESIAN_POINT('Ctrl Pts',(-6.95278952977657,8.94749547139304,0.168600272732872));
#3821=CARTESIAN_POINT('Ctrl Pts',(-6.48051173544339,8.95574719351788,0.161664693956403));
#3822=CARTESIAN_POINT('Ctrl Pts',(-5.09983026820079,8.96450375965417,0.155973129776835));
#3823=CARTESIAN_POINT('Ctrl Pts',(-2.77685067900393,8.98219282623372,0.14060140704584));
#3824=CARTESIAN_POINT('Ctrl Pts',(-0.927789639663665,8.98838065033104,0.134844609002767));
#3825=CARTESIAN_POINT('Ctrl Pts',(0.926869917803013,8.98868101461415,0.134513173165994));
#3826=CARTESIAN_POINT('Ctrl Pts',(2.31800202355508,8.98245241364935,0.140497714040605));
#3827=CARTESIAN_POINT('Ctrl Pts',(4.16814066851533,8.97247265210483,0.148900497827802));
#3828=CARTESIAN_POINT('Ctrl Pts',(5.56237686504548,8.96074017871831,0.158747556715515));
#3829=CARTESIAN_POINT('Ctrl Pts',(6.48050323292117,8.95572940203597,0.161669629664031));
#3830=CARTESIAN_POINT('Ctrl Pts',(6.95278987377366,8.94749520015965,0.168600426941274));
#3831=CARTESIAN_POINT('Ctrl Pts',(-6.95261109308424,8.93802564084318,0.126848261694595));
#3832=CARTESIAN_POINT('Ctrl Pts',(-6.48108904965459,8.94537502923898,0.121115868887819));
#3833=CARTESIAN_POINT('Ctrl Pts',(-5.09954276933393,8.95294164932474,0.116761310897553));
#3834=CARTESIAN_POINT('Ctrl Pts',(-2.77714827628173,8.96867875106208,0.104440980011158));
#3835=CARTESIAN_POINT('Ctrl Pts',(-0.927692921591214,8.97414691988683,0.100077863920098));
#3836=CARTESIAN_POINT('Ctrl Pts',(0.92685823586387,8.9744051761197,0.0998050926961435));
#3837=CARTESIAN_POINT('Ctrl Pts',(2.317882460493,8.96886799983134,0.104488929068908));
#3838=CARTESIAN_POINT('Ctrl Pts',(4.16831660673895,8.9600541946193,0.111045622566915));
#3839=CARTESIAN_POINT('Ctrl Pts',(5.56216458082474,8.94964659816422,0.118960378421456));
#3840=CARTESIAN_POINT('Ctrl Pts',(6.4810755504378,8.94534766476669,0.12112657461948));
#3841=CARTESIAN_POINT('Ctrl Pts',(6.95261143667587,8.93802539542334,0.126848385990748));
#3842=CARTESIAN_POINT('Ctrl Pts',(-6.95178479749368,8.89417322952421,0.0409618327185265));
#3843=CARTESIAN_POINT('Ctrl Pts',(-6.48079398488498,8.89996562020082,0.0382157656012897));
#3844=CARTESIAN_POINT('Ctrl Pts',(-5.09905444856039,8.90715725343688,0.0372968669731509));
#3845=CARTESIAN_POINT('Ctrl Pts',(-2.77689986900509,8.92066164079085,0.0322609410344762));
#3846=CARTESIAN_POINT('Ctrl Pts',(-0.927464487756859,8.92609528133652,0.0310846993857836));
#3847=CARTESIAN_POINT('Ctrl Pts',(0.92665387314166,8.92627731469674,0.0309514008096757));
#3848=CARTESIAN_POINT('Ctrl Pts',(2.31756109712398,8.92123119440307,0.0326497372914026));
#3849=CARTESIAN_POINT('Ctrl Pts',(4.16798799400678,8.91310886688676,0.0348108916768458));
#3850=CARTESIAN_POINT('Ctrl Pts',(5.56167577080024,8.9042406742162,0.038050087717404));
#3851=CARTESIAN_POINT('Ctrl Pts',(6.4808046244472,8.89995283901477,0.0382421084322167));
#3852=CARTESIAN_POINT('Ctrl Pts',(6.95178513746486,8.89417301114502,0.0409618803329135));
#3853=CARTESIAN_POINT('Ctrl Pts',(-6.95018765872313,8.80941132700408,-1.52655665885959E-15));
#3854=CARTESIAN_POINT('Ctrl Pts',(-6.48635374022102,8.81719294176027,-1.53942109651585E-15));
#3855=CARTESIAN_POINT('Ctrl Pts',(-5.09661416988069,8.8260777637892,-5.81911116365516E-16));
#3856=CARTESIAN_POINT('Ctrl Pts',(-2.78006534300141,8.84417513635047,-4.36088676671883E-16));
#3857=CARTESIAN_POINT('Ctrl Pts',(-0.926823100387449,8.85142690486921,-2.6308574389118E-16));
#3858=CARTESIAN_POINT('Ctrl Pts',(0.926812257179057,8.85169072587425,8.11704562432589E-17));
#3859=CARTESIAN_POINT('Ctrl Pts',(2.31677922239948,8.84483104998844,3.21907488808581E-16));
#3860=CARTESIAN_POINT('Ctrl Pts',(4.16994731121688,8.83412232386867,1.76703005751711E-16));
#3861=CARTESIAN_POINT('Ctrl Pts',(5.55989853215435,8.82235382936075,1.11779411989188E-16));
#3862=CARTESIAN_POINT('Ctrl Pts',(6.48631729662537,8.81717202222811,2.3355237735355E-16));
#3863=CARTESIAN_POINT('Ctrl Pts',(6.95018798987078,8.80941106400507,2.45462167474612E-16));
#3864=CARTESIAN_POINT('Ctrl Pts',(-6.94905782424414,8.74944977467209,-1.52655665885959E-15));
#3865=CARTESIAN_POINT('Ctrl Pts',(-6.48585849551882,8.7581776770009,-1.53419147997408E-15));
#3866=CARTESIAN_POINT('Ctrl Pts',(-5.09602946382723,8.76897593278136,-5.95076524558546E-16));
#3867=CARTESIAN_POINT('Ctrl Pts',(-2.77974006570996,8.78994582553759,-4.23239345937353E-16));
#3868=CARTESIAN_POINT('Ctrl Pts',(-0.926577717202824,8.79882200338235,-2.73994563054389E-16));
#3869=CARTESIAN_POINT('Ctrl Pts',(0.926586129611675,8.79912977279382,8.84489173943305E-17));
#3870=CARTESIAN_POINT('Ctrl Pts',(2.31641957526075,8.79095783524465,3.17887572864613E-16));
#3871=CARTESIAN_POINT('Ctrl Pts',(4.16951650955617,8.77820455122031,1.82735538192605E-16));
#3872=CARTESIAN_POINT('Ctrl Pts',(5.55928891555078,8.76458033217141,1.01621373621807E-16));
#3873=CARTESIAN_POINT('Ctrl Pts',(6.48585739553546,8.75817745153279,2.38422224227927E-16));
#3874=CARTESIAN_POINT('Ctrl Pts',(6.94905814912399,8.74944947873211,2.42861286636753E-16));
#3875=CARTESIAN_POINT('',(6.94905814912399,8.74944947873211,0.));
#3876=CARTESIAN_POINT('Origin',(6.94905814912399,8.74944947873211,0.2));
#3877=CARTESIAN_POINT('Ctrl Pts',(6.94905814912399,8.74944947873211,2.42861286636753E-16));
#3878=CARTESIAN_POINT('Ctrl Pts',(6.48585739553546,8.75817745153279,2.38422224227927E-16));
#3879=CARTESIAN_POINT('Ctrl Pts',(5.55928891555078,8.76458033217141,1.01621373621807E-16));
#3880=CARTESIAN_POINT('Ctrl Pts',(4.16951650955617,8.77820455122031,1.82735538192605E-16));
#3881=CARTESIAN_POINT('Ctrl Pts',(2.31641957526075,8.79095783524465,3.17887572864613E-16));
#3882=CARTESIAN_POINT('Ctrl Pts',(0.926586129611675,8.79912977279382,8.84489173943305E-17));
#3883=CARTESIAN_POINT('Ctrl Pts',(-0.926577717202824,8.79882200338235,-2.73994563054389E-16));
#3884=CARTESIAN_POINT('Ctrl Pts',(-2.77974006570996,8.78994582553759,-4.23239345937353E-16));
#3885=CARTESIAN_POINT('Ctrl Pts',(-5.09602946382723,8.76897593278136,-5.95076524558546E-16));
#3886=CARTESIAN_POINT('Ctrl Pts',(-6.48585849551882,8.7581776770009,-1.53419147997408E-15));
#3887=CARTESIAN_POINT('Ctrl Pts',(-6.94905782424414,8.74944977467209,-1.52655665885959E-15));
#3888=CARTESIAN_POINT('Ctrl Pts',(6.95272820187312,8.94422222125255,0.245278134721782));
#3889=CARTESIAN_POINT('Ctrl Pts',(7.39578214308479,8.93266181200276,0.259095428282929));
#3890=CARTESIAN_POINT('Ctrl Pts',(8.1327739824526,8.67430886733914,0.265172985936802));
#3891=CARTESIAN_POINT('Ctrl Pts',(8.79701763704082,7.8380796279744,0.26378855208201));
#3892=CARTESIAN_POINT('Ctrl Pts',(8.93506230681069,7.24909667149644,0.255299688925533));
#3893=CARTESIAN_POINT('Ctrl Pts',(8.94275684075184,6.95380801511611,0.246299414386906));
#3894=CARTESIAN_POINT('Ctrl Pts',(6.95298398728085,8.95779696493315,0.186862989798649));
#3895=CARTESIAN_POINT('Ctrl Pts',(7.39911045354989,8.95098330964211,0.199379128923176));
#3896=CARTESIAN_POINT('Ctrl Pts',(8.1450108095821,8.69306668100102,0.205280140597224));
#3897=CARTESIAN_POINT('Ctrl Pts',(8.81619785651195,7.84679957005452,0.203909669497947));
#3898=CARTESIAN_POINT('Ctrl Pts',(8.95209093718378,7.25145139149363,0.195956419408908));
#3899=CARTESIAN_POINT('Ctrl Pts',(8.95667825435218,6.95406978544939,0.187786187106657));
#3900=CARTESIAN_POINT('Ctrl Pts',(6.95243226366004,8.92851653489863,0.0577542802887055));
#3901=CARTESIAN_POINT('Ctrl Pts',(7.39231514165198,8.92706743366049,0.0626556094170636));
#3902=CARTESIAN_POINT('Ctrl Pts',(8.13269365245572,8.67441520064943,0.0651699024877781));
#3903=CARTESIAN_POINT('Ctrl Pts',(8.7958389153495,7.83670116966348,0.064573321072889));
#3904=CARTESIAN_POINT('Ctrl Pts',(8.92674654471706,7.24680650525949,0.0613229923664504));
#3905=CARTESIAN_POINT('Ctrl Pts',(8.92780263395202,6.95352682472767,0.0581147541999534));
#3906=CARTESIAN_POINT('Ctrl Pts',(6.95018798987093,8.80941106400506,-7.63278329429795E-16));
#3907=CARTESIAN_POINT('Ctrl Pts',(7.36533664605706,8.80399561206036,-0.000116627907679241));
#3908=CARTESIAN_POINT('Ctrl Pts',(8.05786956613262,8.56510550041324,-0.000157876152206911));
#3909=CARTESIAN_POINT('Ctrl Pts',(8.6791003249043,7.78143021322487,-0.000143566734711432));
#3910=CARTESIAN_POINT('Ctrl Pts',(8.80472646056202,7.228056090825,-7.67383422041129E-5));
#3911=CARTESIAN_POINT('Ctrl Pts',(8.80836056449315,6.95128090407428,9.63619754289461E-16));
#3912=CARTESIAN_POINT('Ctrl Pts',(6.94905814912414,8.7494494787321,-7.63278329429795E-16));
#3913=CARTESIAN_POINT('Ctrl Pts',(7.35164258484431,8.74186368363629,-7.78994503806214E-16));
#3914=CARTESIAN_POINT('Ctrl Pts',(8.02012667966531,8.50953804935742,1.99800157993633E-14));
#3915=CARTESIAN_POINT('Ctrl Pts',(8.61996764658741,7.75347683167517,-8.06840901374893E-15));
#3916=CARTESIAN_POINT('Ctrl Pts',(8.74317745860064,7.21853995474036,1.67149004018867E-14));
#3917=CARTESIAN_POINT('Ctrl Pts',(8.74822410797555,6.95015013239285,9.71445146547012E-16));
#3918=CARTESIAN_POINT('',(8.74822410797555,6.95015013239285,0.));
#3919=CARTESIAN_POINT('Origin',(8.74822410797555,6.95015013239285,0.2));
#3920=CARTESIAN_POINT('Ctrl Pts',(8.74822410797555,6.95015013239285,9.71445146547012E-16));
#3921=CARTESIAN_POINT('Ctrl Pts',(8.74317745860064,7.21853995474036,1.67149004018867E-14));
#3922=CARTESIAN_POINT('Ctrl Pts',(8.61996764658741,7.75347683167517,-8.06840901374893E-15));
#3923=CARTESIAN_POINT('Ctrl Pts',(8.02012667966531,8.50953804935742,1.99800157993633E-14));
#3924=CARTESIAN_POINT('Ctrl Pts',(7.35164258484431,8.74186368363629,-7.78994503806214E-16));
#3925=CARTESIAN_POINT('Ctrl Pts',(6.94905814912414,8.7494494787321,-7.63278329429795E-16));
#3926=CARTESIAN_POINT('Ctrl Pts',(8.94275684075183,6.95380801511628,0.246299414386917));
#3927=CARTESIAN_POINT('Ctrl Pts',(8.95366194276573,6.481201597394,0.237818519955397));
#3928=CARTESIAN_POINT('Ctrl Pts',(8.96561398276393,5.1007379111686,0.23038288378297));
#3929=CARTESIAN_POINT('Ctrl Pts',(8.98989099767206,2.77706820511364,0.210222829367146));
#3930=CARTESIAN_POINT('Ctrl Pts',(8.99913437830547,0.928055345699743,0.201506760448621));
#3931=CARTESIAN_POINT('Ctrl Pts',(8.99851608262303,-1.39249762983221,0.202113952801543));
#3932=CARTESIAN_POINT('Ctrl Pts',(8.98644307101035,-3.23924691241185,0.213391535877327));
#3933=CARTESIAN_POINT('Ctrl Pts',(8.96091144346075,-5.56282994971673,0.233548696402694));
#3934=CARTESIAN_POINT('Ctrl Pts',(8.95366193967372,-6.48120173139703,0.237818522360038));
#3935=CARTESIAN_POINT('Ctrl Pts',(8.94275684075182,-6.95380801511676,0.246299414386925));
#3936=CARTESIAN_POINT('Ctrl Pts',(8.94474561412331,6.95384541087818,0.237940381918309));
#3937=CARTESIAN_POINT('Ctrl Pts',(8.95538565714396,6.48121516922787,0.229534391285823));
#3938=CARTESIAN_POINT('Ctrl Pts',(8.96680982165082,5.10075151555037,0.222278352368595));
#3939=CARTESIAN_POINT('Ctrl Pts',(8.99034924541347,2.77706839849473,0.20245215993231));
#3940=CARTESIAN_POINT('Ctrl Pts',(8.99918586651658,0.928056625035932,0.193995242231746));
#3941=CARTESIAN_POINT('Ctrl Pts',(8.99858942129529,-1.39249915507268,0.194586486978349));
#3942=CARTESIAN_POINT('Ctrl Pts',(8.98704313481528,-3.23924864786413,0.205537036529504));
#3943=CARTESIAN_POINT('Ctrl Pts',(8.96228157588261,-5.5628447948786,0.225386918270557));
#3944=CARTESIAN_POINT('Ctrl Pts',(8.95538494185324,-6.48121442106389,0.22953381810039));
#3945=CARTESIAN_POINT('Ctrl Pts',(8.9447456141233,-6.95384541087866,0.237940381918318));
#3946=CARTESIAN_POINT('Ctrl Pts',(8.94764353724877,6.9538999017743,0.220966202357893));
#3947=CARTESIAN_POINT('Ctrl Pts',(8.95748621664437,6.48134134618579,0.21297263919936));
#3948=CARTESIAN_POINT('Ctrl Pts',(8.9682902695386,5.10074058474181,0.205854524298868));
#3949=CARTESIAN_POINT('Ctrl Pts',(8.99017139717152,2.77712818240865,0.187011718876539));
#3950=CARTESIAN_POINT('Ctrl Pts',(8.99844689043936,0.928048379937113,0.178951629567703));
#3951=CARTESIAN_POINT('Ctrl Pts',(8.99789946324967,-1.3924797163814,0.179514480755911));
#3952=CARTESIAN_POINT('Ctrl Pts',(8.98708131688942,-3.23932799656191,0.189948451114791));
#3953=CARTESIAN_POINT('Ctrl Pts',(8.9640399790224,-5.5628549209504,0.20886580230526));
#3954=CARTESIAN_POINT('Ctrl Pts',(8.95748600229473,-6.4813376761569,0.212971792913529));
#3955=CARTESIAN_POINT('Ctrl Pts',(8.94764353724877,-6.95389990177478,0.220966202357901));
#3956=CARTESIAN_POINT('Ctrl Pts',(8.94867641696211,6.95391932345622,0.195176593660401));
#3957=CARTESIAN_POINT('Ctrl Pts',(8.95772813327546,6.48150591410941,0.187704524353486));
#3958=CARTESIAN_POINT('Ctrl Pts',(8.96739875748984,5.10069202684039,0.181226648243501));
#3959=CARTESIAN_POINT('Ctrl Pts',(8.98738524269176,2.77720210935265,0.163894386833413));
#3960=CARTESIAN_POINT('Ctrl Pts',(8.99480032380829,0.928024406354692,0.156679961675863));
#3961=CARTESIAN_POINT('Ctrl Pts',(8.99430776180325,-1.39243343942674,0.157188678703196));
#3962=CARTESIAN_POINT('Ctrl Pts',(8.98460581915513,-3.2394314912971,0.166540231910697));
#3963=CARTESIAN_POINT('Ctrl Pts',(8.9635558654565,-5.56283741142002,0.183996134810215));
#3964=CARTESIAN_POINT('Ctrl Pts',(8.95772680647682,-6.48149971610226,0.187702898085597));
#3965=CARTESIAN_POINT('Ctrl Pts',(8.9486764169621,-6.9539193234567,0.195176593660409));
#3966=CARTESIAN_POINT('Ctrl Pts',(8.94640086105282,6.9538765351988,0.169416495466677));
#3967=CARTESIAN_POINT('Ctrl Pts',(8.95467902849911,6.48151493216184,0.162564697649423));
#3968=CARTESIAN_POINT('Ctrl Pts',(8.96354352455413,5.10064436229088,0.156852030246287));
#3969=CARTESIAN_POINT('Ctrl Pts',(8.98187444429947,2.77718318342153,0.141231998373612));
#3970=CARTESIAN_POINT('Ctrl Pts',(8.98868338240948,0.92799266334839,0.134927378631397));
#3971=CARTESIAN_POINT('Ctrl Pts',(8.98823591357647,-1.39238478175404,0.135379624647875));
#3972=CARTESIAN_POINT('Ctrl Pts',(8.97932515615017,-3.23942055095147,0.143560717172421));
#3973=CARTESIAN_POINT('Ctrl Pts',(8.96002194895054,-5.56279816607465,0.159333321261145));
#3974=CARTESIAN_POINT('Ctrl Pts',(8.95467700831771,-6.48150935799015,0.162562963203776));
#3975=CARTESIAN_POINT('Ctrl Pts',(8.94640086105281,-6.95387653519928,0.169416495466684));
#3976=CARTESIAN_POINT('Ctrl Pts',(8.93706806987741,6.95370104670844,0.127506433152773));
#3977=CARTESIAN_POINT('Ctrl Pts',(8.94445040458915,6.48209287372589,0.121837294256326));
#3978=CARTESIAN_POINT('Ctrl Pts',(8.95210599163149,5.10035880547412,0.117464932761305));
#3979=CARTESIAN_POINT('Ctrl Pts',(8.96844544714105,2.77748780480458,0.104925660416348));
#3980=CARTESIAN_POINT('Ctrl Pts',(8.97444185337685,0.927892804999798,0.10015500339446));
#3981=CARTESIAN_POINT('Ctrl Pts',(8.97405078142875,-1.39219520513983,0.100507148698604));
#3982=CARTESIAN_POINT('Ctrl Pts',(8.96619584045265,-3.23983489648654,0.10671387278793));
#3983=CARTESIAN_POINT('Ctrl Pts',(8.94902640554132,-5.56262932438554,0.119427136870821));
#3984=CARTESIAN_POINT('Ctrl Pts',(8.94444716532434,-6.48208334912873,0.121835246274698));
#3985=CARTESIAN_POINT('Ctrl Pts',(8.93706806987741,-6.95370104670892,0.127506433152779));
#3986=CARTESIAN_POINT('Ctrl Pts',(8.89335934247937,6.95287917268998,0.0412142090744221));
#3987=CARTESIAN_POINT('Ctrl Pts',(8.89918260807541,6.48179013930162,0.0384870937454211));
#3988=CARTESIAN_POINT('Ctrl Pts',(8.90644917453614,5.09986296287435,0.0375701857202708));
#3989=CARTESIAN_POINT('Ctrl Pts',(8.92046274723918,2.77722138230176,0.0324092432196532));
#3990=CARTESIAN_POINT('Ctrl Pts',(8.92641765635766,0.927643885882295,0.0311480829943939));
#3991=CARTESIAN_POINT('Ctrl Pts',(8.92607103974603,-1.39183031193767,0.0312775124296241));
#3992=CARTESIAN_POINT('Ctrl Pts',(8.91830808616991,-3.23958086102736,0.0329464739191286));
#3993=CARTESIAN_POINT('Ctrl Pts',(8.9037015922455,-5.56214786794077,0.0382117494060806));
#3994=CARTESIAN_POINT('Ctrl Pts',(8.89917878340417,-6.48180042167982,0.0384872338395259));
#3995=CARTESIAN_POINT('Ctrl Pts',(8.89335934247936,-6.95287917269046,0.0412142090744245));
#3996=CARTESIAN_POINT('Ctrl Pts',(8.80836056449315,6.95128090407441,-3.84247628800748E-16));
#3997=CARTESIAN_POINT('Ctrl Pts',(8.8161452265937,6.48736994185926,-3.81623423135328E-16));
#3998=CARTESIAN_POINT('Ctrl Pts',(8.82510153847682,5.0974205045754,-3.85715403272688E-17));
#3999=CARTESIAN_POINT('Ctrl Pts',(8.84379548248978,2.78048767188925,2.37693668275395E-15));
#4000=CARTESIAN_POINT('Ctrl Pts',(8.8517018683018,0.926986428255162,4.6040713453787E-15));
#4001=CARTESIAN_POINT('Ctrl Pts',(8.85124402535102,-1.39046041366697,3.76295640300805E-14));
#4002=CARTESIAN_POINT('Ctrl Pts',(8.84091560451753,-3.24384527156043,-4.05046384025297E-15));
#4003=CARTESIAN_POINT('Ctrl Pts',(8.8216294957305,-5.56077048978154,-6.002385713405E-15));
#4004=CARTESIAN_POINT('Ctrl Pts',(8.8161454391184,-6.48734104901942,-1.12406402044806E-17));
#4005=CARTESIAN_POINT('Ctrl Pts',(8.80836056449314,-6.95128090407489,-3.99113976912367E-17));
#4006=CARTESIAN_POINT('Ctrl Pts',(8.74822410797554,6.95015013239297,-3.81639164714898E-16));
#4007=CARTESIAN_POINT('Ctrl Pts',(8.75693529067009,6.48687388668763,-3.80811537570958E-16));
#4008=CARTESIAN_POINT('Ctrl Pts',(8.76782190062491,5.09681848915649,-4.47625539713404E-17));
#4009=CARTESIAN_POINT('Ctrl Pts',(8.78940068649368,2.78014723442481,2.38899426546831E-15));
#4010=CARTESIAN_POINT('Ctrl Pts',(8.79911675279347,0.926715675472256,4.59914872423702E-15));
#4011=CARTESIAN_POINT('Ctrl Pts',(8.79855365532748,-1.3900701863489,3.76363601881707E-14));
#4012=CARTESIAN_POINT('Ctrl Pts',(8.78591508638355,-3.24349760515497,-4.05762961456525E-15));
#4013=CARTESIAN_POINT('Ctrl Pts',(8.7637191319505,-5.56016112646161,-5.99034268097797E-15));
#4014=CARTESIAN_POINT('Ctrl Pts',(8.75693528820014,-6.48687401804529,-2.50012355732078E-17));
#4015=CARTESIAN_POINT('Ctrl Pts',(8.74822410797553,-6.95015013239345,-3.46944695195361E-17));
#4016=CARTESIAN_POINT('',(8.74822410797553,-6.95015013239345,0.));
#4017=CARTESIAN_POINT('Origin',(8.74822410797553,-6.95015013239345,0.2));
#4018=CARTESIAN_POINT('Ctrl Pts',(8.74822410797553,-6.95015013239345,-3.46944695195361E-17));
#4019=CARTESIAN_POINT('Ctrl Pts',(8.75693528820014,-6.48687401804529,-2.50012355732078E-17));
#4020=CARTESIAN_POINT('Ctrl Pts',(8.7637191319505,-5.56016112646161,-5.99034268097797E-15));
#4021=CARTESIAN_POINT('Ctrl Pts',(8.78591508638355,-3.24349760515497,-4.05762961456525E-15));
#4022=CARTESIAN_POINT('Ctrl Pts',(8.79855365532748,-1.3900701863489,3.76363601881707E-14));
#4023=CARTESIAN_POINT('Ctrl Pts',(8.79911675279347,0.926715675472256,4.59914872423702E-15));
#4024=CARTESIAN_POINT('Ctrl Pts',(8.78940068649368,2.78014723442481,2.38899426546831E-15));
#4025=CARTESIAN_POINT('Ctrl Pts',(8.76782190062491,5.09681848915649,-4.47625539713404E-17));
#4026=CARTESIAN_POINT('Ctrl Pts',(8.75693529067009,6.48687388668763,-3.80811537570958E-16));
#4027=CARTESIAN_POINT('Ctrl Pts',(8.74822410797554,6.95015013239297,-3.81639164714898E-16));
#4028=CARTESIAN_POINT('Ctrl Pts',(8.94275684075182,-6.95380801511676,0.246299414386925));
#4029=CARTESIAN_POINT('Ctrl Pts',(8.93121503818461,-7.39674106321495,0.259799828131133));
#4030=CARTESIAN_POINT('Ctrl Pts',(8.67317131557948,-8.13386638116727,0.265386875869426));
#4031=CARTESIAN_POINT('Ctrl Pts',(7.83701571367179,-8.79822686594832,0.263389304238465));
#4032=CARTESIAN_POINT('Ctrl Pts',(7.24809753837625,-8.9365152806476,0.254489665083687));
#4033=CARTESIAN_POINT('Ctrl Pts',(6.95272820187169,-8.94422222125263,0.24527813472174));
#4034=CARTESIAN_POINT('Ctrl Pts',(8.95667825435217,-6.95406978545004,0.187786187106674));
#4035=CARTESIAN_POINT('Ctrl Pts',(8.94979727761256,-7.40014225849424,0.200041537317742));
#4036=CARTESIAN_POINT('Ctrl Pts',(8.69196728181525,-8.14620079406515,0.205484441761196));
#4037=CARTESIAN_POINT('Ctrl Pts',(7.84563722921172,-8.81727790142399,0.203532325645693));
#4038=CARTESIAN_POINT('Ctrl Pts',(7.250401674116,-8.95325452742123,0.195207083745064));
#4039=CARTESIAN_POINT('Ctrl Pts',(6.95298398727942,-8.95779696493322,0.186862989798611));
#4040=CARTESIAN_POINT('Ctrl Pts',(8.92780263395203,-6.95352682472832,0.0581147541999402));
#4041=CARTESIAN_POINT('Ctrl Pts',(8.92621849987228,-7.39344640862116,0.0629271121398696));
#4042=CARTESIAN_POINT('Ctrl Pts',(8.67336777370882,-8.13398005267142,0.0652554918096225));
#4043=CARTESIAN_POINT('Ctrl Pts',(7.83542823223248,-8.79674981054829,0.0644173798866585));
#4044=CARTESIAN_POINT('Ctrl Pts',(7.24568755771347,-8.92755046726825,0.0610218335095664));
#4045=CARTESIAN_POINT('Ctrl Pts',(6.95243226365862,-8.9285165348987,0.0577542802886727));
#4046=CARTESIAN_POINT('Ctrl Pts',(8.80836056449314,-6.95128090407489,3.46944695195361E-17));
#4047=CARTESIAN_POINT('Ctrl Pts',(8.80290940781449,-7.36644374374534,-0.000115107529840431));
#4048=CARTESIAN_POINT('Ctrl Pts',(8.56402201979884,-8.05907163320033,-0.000163820325224053));
#4049=CARTESIAN_POINT('Ctrl Pts',(7.78023699970595,-8.68013869464572,-0.000142197411471714));
#4050=CARTESIAN_POINT('Ctrl Pts',(7.22695380035557,-8.80580076219104,-7.7751949603059E-5));
#4051=CARTESIAN_POINT('Ctrl Pts',(6.9501879898696,-8.80941106400513,9.39351557865334E-16));
#4052=CARTESIAN_POINT('Ctrl Pts',(8.74822410797553,-6.95015013239344,3.46944695195361E-17));
#4053=CARTESIAN_POINT('Ctrl Pts',(8.74065413282734,-7.35273492365512,-2.88687337416631E-17));
#4054=CARTESIAN_POINT('Ctrl Pts',(8.50843624343309,-8.02127714431125,1.05530411651395E-14));
#4055=CARTESIAN_POINT('Ctrl Pts',(7.75233002704863,-8.62107159335788,-2.44761110581449E-15));
#4056=CARTESIAN_POINT('Ctrl Pts',(7.21744781143016,-8.74439228127649,9.80113004392033E-16));
#4057=CARTESIAN_POINT('Ctrl Pts',(6.94905814912285,-8.74944947873217,9.36750677027476E-16));
#4058=CARTESIAN_POINT('',(6.95272820187238,-8.94422222125259,0.245278134721865));
#4059=CARTESIAN_POINT('',(6.94905814912285,-8.74944947873217,0.));
#4060=CARTESIAN_POINT('Origin',(6.94905814912285,-8.74944947873217,0.200000000000001));
#4061=CARTESIAN_POINT('Ctrl Pts',(6.94905814912285,-8.74944947873217,9.36750677027476E-16));
#4062=CARTESIAN_POINT('Ctrl Pts',(7.21744781143016,-8.74439228127649,9.80113004392033E-16));
#4063=CARTESIAN_POINT('Ctrl Pts',(7.75233002704863,-8.62107159335788,-2.44761110581449E-15));
#4064=CARTESIAN_POINT('Ctrl Pts',(8.50843624343309,-8.02127714431125,1.05530411651395E-14));
#4065=CARTESIAN_POINT('Ctrl Pts',(8.74065413282734,-7.35273492365512,-2.88687337416631E-17));
#4066=CARTESIAN_POINT('Ctrl Pts',(8.74822410797553,-6.95015013239344,3.46944695195361E-17));
#4067=CARTESIAN_POINT('Ctrl Pts',(8.94275684075182,-6.95380801511676,0.246299414386925));
#4068=CARTESIAN_POINT('Ctrl Pts',(8.93121503818461,-7.39674106321495,0.259799828131133));
#4069=CARTESIAN_POINT('Ctrl Pts',(8.67317131557948,-8.13386638116727,0.265386875869426));
#4070=CARTESIAN_POINT('Ctrl Pts',(7.83701571367179,-8.79822686594832,0.263389304238465));
#4071=CARTESIAN_POINT('Ctrl Pts',(7.24809753837625,-8.9365152806476,0.254489665083687));
#4072=CARTESIAN_POINT('Ctrl Pts',(6.95272820187169,-8.94422222125263,0.24527813472174));
#4073=CARTESIAN_POINT('Ctrl Pts',(6.95272820187209,-8.94422222125262,0.245278134721764));
#4074=CARTESIAN_POINT('Ctrl Pts',(6.48019461314512,-8.95512545223937,0.236677316518085));
#4075=CARTESIAN_POINT('Ctrl Pts',(5.56193820290452,-8.96229427963925,0.232416760215298));
#4076=CARTESIAN_POINT('Ctrl Pts',(3.23870048790996,-8.98722320464871,0.212406006355551));
#4077=CARTESIAN_POINT('Ctrl Pts',(1.39219834908606,-8.99829873507803,0.201928586617447));
#4078=CARTESIAN_POINT('Ctrl Pts',(-0.927855268032442,-8.99889292315371,
0.201344615605492));
#4079=CARTESIAN_POINT('Ctrl Pts',(-2.77657042265344,-8.9903986501981,0.209427740982736));
#4080=CARTESIAN_POINT('Ctrl Pts',(-5.09990200167271,-8.96696363327329,0.229223304759785));
#4081=CARTESIAN_POINT('Ctrl Pts',(-6.48019291199424,-8.95512576764727,0.236677114199005));
#4082=CARTESIAN_POINT('Ctrl Pts',(-6.95272785950245,-8.94422256242765,0.245277941551564));
#4083=CARTESIAN_POINT('Ctrl Pts',(6.95276474264462,-8.94616147034985,0.23693311401846));
#4084=CARTESIAN_POINT('Ctrl Pts',(6.48020685061034,-8.95679644563275,0.228409433458559));
#4085=CARTESIAN_POINT('Ctrl Pts',(5.56195230320911,-8.96361305278921,0.224274003335059));
#4086=CARTESIAN_POINT('Ctrl Pts',(3.23870171767602,-8.98778489680159,0.204572898544605));
#4087=CARTESIAN_POINT('Ctrl Pts',(1.39219983405183,-8.9983652173006,0.194405881171132));
#4088=CARTESIAN_POINT('Ctrl Pts',(-0.927856514838958,-8.99893890683193,
0.193836395318696));
#4089=CARTESIAN_POINT('Ctrl Pts',(-2.77657029891069,-8.99082685395811,0.201675262489856));
#4090=CARTESIAN_POINT('Ctrl Pts',(-5.0999147671257,-8.96810790062933,0.221139565301557));
#4091=CARTESIAN_POINT('Ctrl Pts',(-6.48020601143708,-8.95679758300152,0.228409642682781));
#4092=CARTESIAN_POINT('Ctrl Pts',(-6.95276439991638,-8.9461618021861,0.236932923524261));
#4093=CARTESIAN_POINT('Ctrl Pts',(6.95281757459354,-8.94896530568631,0.219994076506458));
#4094=CARTESIAN_POINT('Ctrl Pts',(6.48033257104478,-8.95879715597797,0.211891809965956));
#4095=CARTESIAN_POINT('Ctrl Pts',(5.56196087761342,-8.96527437204668,0.207798023759726));
#4096=CARTESIAN_POINT('Ctrl Pts',(3.23878295175297,-8.98775055635885,0.189033439827496));
#4097=CARTESIAN_POINT('Ctrl Pts',(1.39218045637152,-8.99766276739617,0.179343586503961));
#4098=CARTESIAN_POINT('Ctrl Pts',(-0.927848479975613,-8.99818880758919,
0.178801787215442));
#4099=CARTESIAN_POINT('Ctrl Pts',(-2.77663175727945,-8.99059262962159,0.186275785785634));
#4100=CARTESIAN_POINT('Ctrl Pts',(-5.09990162514382,-8.96949126064739,0.204763813419258));
#4101=CARTESIAN_POINT('Ctrl Pts',(-6.48033462111516,-8.95879783390938,0.211892446008908));
#4102=CARTESIAN_POINT('Ctrl Pts',(-6.95281723126698,-8.94896561978317,0.219993892703924));
#4103=CARTESIAN_POINT('Ctrl Pts',(6.95283471072366,-8.94987473432041,0.194275002995807));
#4104=CARTESIAN_POINT('Ctrl Pts',(6.48049469740968,-8.95890878018885,0.186704319740113));
#4105=CARTESIAN_POINT('Ctrl Pts',(5.56194201380981,-8.96466451432476,0.183012989024829));
#4106=CARTESIAN_POINT('Ctrl Pts',(3.23888746817535,-8.98518428315376,0.165707903172907));
#4107=CARTESIAN_POINT('Ctrl Pts',(1.3921357976475,-8.99405537416529,0.157034539554094));
#4108=CARTESIAN_POINT('Ctrl Pts',(-0.927825663260513,-8.99452906822464,
0.15654347157112));
#4109=CARTESIAN_POINT('Ctrl Pts',(-2.77670712696637,-8.98773615182887,0.163226801990062));
#4110=CARTESIAN_POINT('Ctrl Pts',(-5.09985152297743,-8.96847439383186,0.180224970502302));
#4111=CARTESIAN_POINT('Ctrl Pts',(-6.48049922892117,-8.95891074250488,0.186705509469028));
#4112=CARTESIAN_POINT('Ctrl Pts',(-6.95283436687299,-8.9498750251478,0.194274832582305));
#4113=CARTESIAN_POINT('Ctrl Pts',(6.95278987377278,-8.94749520015971,0.168600426941261));
#4114=CARTESIAN_POINT('Ctrl Pts',(6.48050600101263,-8.95575004265652,0.161661311020807));
#4115=CARTESIAN_POINT('Ctrl Pts',(5.56190196699836,-8.96102613276901,0.158448853991543));
#4116=CARTESIAN_POINT('Ctrl Pts',(3.2388797055466,-8.97983013891538,0.142819631291433));
#4117=CARTESIAN_POINT('Ctrl Pts',(1.39208962141047,-8.98797130784741,0.135243396417702));
#4118=CARTESIAN_POINT('Ctrl Pts',(-0.927795718614964,-8.98840116871307,
0.134805620154277));
#4119=CARTESIAN_POINT('Ctrl Pts',(-2.77669164743692,-8.98216899240962,0.140639042087276));
#4120=CARTESIAN_POINT('Ctrl Pts',(-5.09980279164357,-8.9645156752343,0.155952862421451));
#4121=CARTESIAN_POINT('Ctrl Pts',(-6.48050990932632,-8.95575271442597,0.16166246428002));
#4122=CARTESIAN_POINT('Ctrl Pts',(-6.95278952977701,-8.94749547139308,0.168600272732879));
#4123=CARTESIAN_POINT('Ctrl Pts',(6.95261143667499,-8.93802539542339,0.126848385990738));
#4124=CARTESIAN_POINT('Ctrl Pts',(6.48107917762561,-8.9453794516381,0.12111029754348));
#4125=CARTESIAN_POINT('Ctrl Pts',(5.56173329225404,-8.94989544780446,0.1187208919705));
#4126=CARTESIAN_POINT('Ctrl Pts',(3.23929808276374,-8.96661050430228,0.106131648885887));
#4127=CARTESIAN_POINT('Ctrl Pts',(1.39190693776357,-8.97377134667219,0.100401618176503));
#4128=CARTESIAN_POINT('Ctrl Pts',(-0.927700589299829,-8.97414701096514,
0.100058741777991));
#4129=CARTESIAN_POINT('Ctrl Pts',(-2.77700137851751,-8.96867144929103,0.104461725713092));
#4130=CARTESIAN_POINT('Ctrl Pts',(-5.09951799028044,-8.95294500492006,0.11674960372867));
#4131=CARTESIAN_POINT('Ctrl Pts',(-6.4810869694888,-8.94538351172072,0.121111531109638));
#4132=CARTESIAN_POINT('Ctrl Pts',(-6.95261109308468,-8.93802564084322,0.126848261694601));
#4133=CARTESIAN_POINT('Ctrl Pts',(6.95178513746399,-8.89417301114507,0.0409618803329095));
#4134=CARTESIAN_POINT('Ctrl Pts',(6.48080473613045,-8.89996482290963,0.0382078021485779));
#4135=CARTESIAN_POINT('Ctrl Pts',(5.56125629700997,-8.90444085409013,0.0379469276702196));
#4136=CARTESIAN_POINT('Ctrl Pts',(3.23906722694167,-8.91865457270051,0.0327352176355255));
#4137=CARTESIAN_POINT('Ctrl Pts',(1.39156265586778,-8.92578434201275,0.0312413006711666));
#4138=CARTESIAN_POINT('Ctrl Pts',(-0.927466066940782,-8.92611206508014,
0.0311109638613114));
#4139=CARTESIAN_POINT('Ctrl Pts',(-2.77675964039644,-8.92064216542555,0.0322430296089734));
#4140=CARTESIAN_POINT('Ctrl Pts',(-5.09902742770379,-8.90716560139642,0.0373046979499195));
#4141=CARTESIAN_POINT('Ctrl Pts',(-6.48079297837573,-8.89996883964315,0.0382066418266233));
#4142=CARTESIAN_POINT('Ctrl Pts',(-6.95178479749412,-8.89417322952425,0.0409618327185294));
#4143=CARTESIAN_POINT('Ctrl Pts',(6.95018798986992,-8.80941106400513,3.46944695195361E-17));
#4144=CARTESIAN_POINT('Ctrl Pts',(6.48632383333819,-8.8171994988536,1.80570870334335E-17));
#4145=CARTESIAN_POINT('Ctrl Pts',(5.55989587533234,-8.8226296865075,5.28825199430147E-17));
#4146=CARTESIAN_POINT('Ctrl Pts',(3.24334148334207,-8.84149024442344,-3.81217950897884E-16));
#4147=CARTESIAN_POINT('Ctrl Pts',(1.39023430592661,-8.85099936556742,1.6465565480954E-16));
#4148=CARTESIAN_POINT('Ctrl Pts',(-0.926836159649799,-8.85143618864874,
-1.24866074663884E-17));
#4149=CARTESIAN_POINT('Ctrl Pts',(-2.78004178026974,-8.84415889211654,-1.90617783762415E-16));
#4150=CARTESIAN_POINT('Ctrl Pts',(-5.09661130803321,-8.82608414577484,-3.25811277504922E-16));
#4151=CARTESIAN_POINT('Ctrl Pts',(-6.48635076860421,-8.81720026892423,-5.03969978544763E-16));
#4152=CARTESIAN_POINT('Ctrl Pts',(-6.95018765872356,-8.80941132700412,-5.17816163388638E-16));
#4153=CARTESIAN_POINT('Ctrl Pts',(6.94905814912314,-8.74944947873217,3.46944695195361E-17));
#4154=CARTESIAN_POINT('Ctrl Pts',(6.48585879957792,-8.75817742507678,1.09863396878969E-17));
#4155=CARTESIAN_POINT('Ctrl Pts',(5.55929697527655,-8.76491007996956,5.70128995152508E-17));
#4156=CARTESIAN_POINT('Ctrl Pts',(3.24301424656779,-8.78665059047533,-3.7684095242308E-16));
#4157=CARTESIAN_POINT('Ctrl Pts',(1.38986772301037,-8.79834072112941,1.58997033193835E-16));
#4158=CARTESIAN_POINT('Ctrl Pts',(-0.92658141277237,-8.79887505062203,-1.3062490153252E-17));
#4159=CARTESIAN_POINT('Ctrl Pts',(-2.7797240607321,-8.78989436054101,-1.9750015786178E-16));
#4160=CARTESIAN_POINT('Ctrl Pts',(-5.09602284999747,-8.76899980963541,-3.20410839615808E-16));
#4161=CARTESIAN_POINT('Ctrl Pts',(-6.48585709174121,-8.75817770345185,-5.0838091558603E-16));
#4162=CARTESIAN_POINT('Ctrl Pts',(-6.94905782424457,-8.74944977467213,-5.20417042793042E-16));
#4163=CARTESIAN_POINT('',(-6.95272785950261,-8.94422256242764,0.245277941551593));
#4164=CARTESIAN_POINT('',(-6.94905782424457,-8.74944977467213,0.));
#4165=CARTESIAN_POINT('Origin',(-6.94905782424457,-8.74944977467213,0.2));
#4166=CARTESIAN_POINT('Ctrl Pts',(-6.94905782424457,-8.74944977467213,-5.20417042793042E-16));
#4167=CARTESIAN_POINT('Ctrl Pts',(-6.48585709174121,-8.75817770345185,-5.0838091558603E-16));
#4168=CARTESIAN_POINT('Ctrl Pts',(-5.09602284999747,-8.76899980963541,-3.20410839615808E-16));
#4169=CARTESIAN_POINT('Ctrl Pts',(-2.7797240607321,-8.78989436054101,-1.9750015786178E-16));
#4170=CARTESIAN_POINT('Ctrl Pts',(-0.92658141277237,-8.79887505062203,-1.3062490153252E-17));
#4171=CARTESIAN_POINT('Ctrl Pts',(1.38986772301037,-8.79834072112941,1.58997033193835E-16));
#4172=CARTESIAN_POINT('Ctrl Pts',(3.24301424656779,-8.78665059047533,-3.7684095242308E-16));
#4173=CARTESIAN_POINT('Ctrl Pts',(5.55929697527655,-8.76491007996956,5.70128995152508E-17));
#4174=CARTESIAN_POINT('Ctrl Pts',(6.48585879957792,-8.75817742507678,1.09863396878969E-17));
#4175=CARTESIAN_POINT('Ctrl Pts',(6.94905814912314,-8.74944947873217,3.46944695195361E-17));
#4176=CARTESIAN_POINT('Ctrl Pts',(6.95272820187209,-8.94422222125262,0.245278134721764));
#4177=CARTESIAN_POINT('Ctrl Pts',(6.48019461314512,-8.95512545223937,0.236677316518085));
#4178=CARTESIAN_POINT('Ctrl Pts',(5.56193820290452,-8.96229427963925,0.232416760215298));
#4179=CARTESIAN_POINT('Ctrl Pts',(3.23870048790996,-8.98722320464871,0.212406006355551));
#4180=CARTESIAN_POINT('Ctrl Pts',(1.39219834908606,-8.99829873507803,0.201928586617447));
#4181=CARTESIAN_POINT('Ctrl Pts',(-0.927855268032442,-8.99889292315371,
0.201344615605492));
#4182=CARTESIAN_POINT('Ctrl Pts',(-2.77657042265344,-8.9903986501981,0.209427740982736));
#4183=CARTESIAN_POINT('Ctrl Pts',(-5.09990200167271,-8.96696363327329,0.229223304759785));
#4184=CARTESIAN_POINT('Ctrl Pts',(-6.48019291199424,-8.95512576764727,0.236677114199005));
#4185=CARTESIAN_POINT('Ctrl Pts',(-6.95272785950245,-8.94422256242765,0.245277941551564));
#4186=CARTESIAN_POINT('Ctrl Pts',(-6.95272785950279,-8.94422256242765,0.245277941551569));
#4187=CARTESIAN_POINT('Ctrl Pts',(-7.24809717281581,-8.93651565298148,0.254489500857568));
#4188=CARTESIAN_POINT('Ctrl Pts',(-7.83703562122846,-8.79822692379492,0.263389546365093));
#4189=CARTESIAN_POINT('Ctrl Pts',(-8.67317546488891,-8.13384923885414,0.265386608086086));
#4190=CARTESIAN_POINT('Ctrl Pts',(-8.9312146627044,-7.39674123000684,0.25979997117738));
#4191=CARTESIAN_POINT('Ctrl Pts',(-8.94275637943083,-6.95380826761906,0.246299679928703));
#4192=CARTESIAN_POINT('Ctrl Pts',(-6.9529836424003,-8.9577972407368,0.186862815360451));
#4193=CARTESIAN_POINT('Ctrl Pts',(-7.25040129660088,-8.95325484153989,0.195206932152623));
#4194=CARTESIAN_POINT('Ctrl Pts',(-7.84565737891783,-8.81727803215988,0.203532552130113));
#4195=CARTESIAN_POINT('Ctrl Pts',(-8.69197144487185,-8.14618338896679,0.205484192063559));
#4196=CARTESIAN_POINT('Ctrl Pts',(-8.94979695655662,-7.40014244029802,0.200041673263228));
#4197=CARTESIAN_POINT('Ctrl Pts',(-8.95667788344856,-6.9540700373098,0.187786427394612));
#4198=CARTESIAN_POINT('Ctrl Pts',(-6.95243192010088,-8.92851673448174,0.0577542122741417));
#4199=CARTESIAN_POINT('Ctrl Pts',(-7.2456871709993,-8.92755070893894,0.0610217727537991));
#4200=CARTESIAN_POINT('Ctrl Pts',(-7.83544819770059,-8.7967500239178,0.06441747222459));
#4201=CARTESIAN_POINT('Ctrl Pts',(-8.67337183796833,-8.13396276004602,0.0652553904192022));
#4202=CARTESIAN_POINT('Ctrl Pts',(-8.92621825026452,-7.39344662134808,0.0629271685574637));
#4203=CARTESIAN_POINT('Ctrl Pts',(-8.92780236877271,-6.9535270834352,0.0581148481571336));
#4204=CARTESIAN_POINT('Ctrl Pts',(-6.9501876587239,-8.80941132700411,-5.62914150525792E-16));
#4205=CARTESIAN_POINT('Ctrl Pts',(-7.22695343439011,-8.80580105651142,-7.77520457898968E-5));
#4206=CARTESIAN_POINT('Ctrl Pts',(-7.78025569616768,-8.68013885237595,-0.000142200015422246));
#4207=CARTESIAN_POINT('Ctrl Pts',(-8.56402580449171,-8.05905552288665,-0.000163818319252229));
#4208=CARTESIAN_POINT('Ctrl Pts',(-8.80290910496555,-7.36644397606024,-0.000115106787242509));
#4209=CARTESIAN_POINT('Ctrl Pts',(-8.80836021140941,-6.9512811812285,5.08121704500272E-16));
#4210=CARTESIAN_POINT('Ctrl Pts',(-6.94905782424491,-8.74944977467213,-5.55111512312578E-16));
#4211=CARTESIAN_POINT('Ctrl Pts',(-7.21744745627863,-8.74439260306328,-5.84149292427781E-16));
#4212=CARTESIAN_POINT('Ctrl Pts',(-7.75234807644574,-8.62107171898278,8.01157003280395E-15));
#4213=CARTESIAN_POINT('Ctrl Pts',(-8.50843988784353,-8.02126163798063,-2.73336838434868E-14));
#4214=CARTESIAN_POINT('Ctrl Pts',(-8.74065380265865,-7.35273516521884,2.34615531003266E-14));
#4215=CARTESIAN_POINT('Ctrl Pts',(-8.74822370921687,-6.95015041880793,-1.38777878078145E-16));
#4216=CARTESIAN_POINT('Ctrl Pts',(-8.74822370921687,-6.95015041880793,-1.38777878078145E-16));
#4217=CARTESIAN_POINT('Ctrl Pts',(-8.74065380265865,-7.35273516521884,2.34615531003266E-14));
#4218=CARTESIAN_POINT('Ctrl Pts',(-8.50843988784353,-8.02126163798063,-2.73336838434868E-14));
#4219=CARTESIAN_POINT('Ctrl Pts',(-7.75234807644574,-8.62107171898278,8.01157003280395E-15));
#4220=CARTESIAN_POINT('Ctrl Pts',(-7.21744745627863,-8.74439260306328,-5.84149292427781E-16));
#4221=CARTESIAN_POINT('Ctrl Pts',(-6.94905782424491,-8.74944977467213,-5.55111512312578E-16));
#4222=CARTESIAN_POINT('Ctrl Pts',(-6.95272785950279,-8.94422256242765,0.245277941551569));
#4223=CARTESIAN_POINT('Ctrl Pts',(-7.24809717281581,-8.93651565298148,0.254489500857568));
#4224=CARTESIAN_POINT('Ctrl Pts',(-7.83703562122846,-8.79822692379492,0.263389546365093));
#4225=CARTESIAN_POINT('Ctrl Pts',(-8.67317546488891,-8.13384923885414,0.265386608086086));
#4226=CARTESIAN_POINT('Ctrl Pts',(-8.9312146627044,-7.39674123000684,0.25979997117738));
#4227=CARTESIAN_POINT('Ctrl Pts',(-8.94275637943083,-6.95380826761906,0.246299679928703));
#4228=CARTESIAN_POINT('Origin',(5.62050406216485E-15,-2.06085148946045E-14,
0.));
#4229=CARTESIAN_POINT('',(-3.29599495731137E-6,-8.15457109064114,0.));
#4230=CARTESIAN_POINT('Ctrl Pts',(-3.29599493885391E-6,-8.15457109064114,
0.));
#4231=CARTESIAN_POINT('Ctrl Pts',(0.626245506621777,-8.15296144369452,0.));
#4232=CARTESIAN_POINT('Ctrl Pts',(1.25246174780371,-8.14443794701289,0.));
#4233=CARTESIAN_POINT('Ctrl Pts',(2.70840032522009,-8.11251053450651,0.));
#4234=CARTESIAN_POINT('Ctrl Pts',(4.2965563882541,-8.04130297283726,0.));
#4235=CARTESIAN_POINT('Ctrl Pts',(5.4906525716011,-7.85313753293728,0.));
#4236=CARTESIAN_POINT('Ctrl Pts',(6.34186933409227,-7.60158641942323,0.));
#4237=CARTESIAN_POINT('Ctrl Pts',(6.6328255500088,-7.46878155086147,0.));
#4238=CARTESIAN_POINT('Ctrl Pts',(6.94855343988368,-7.2393528297649,0.));
#4239=CARTESIAN_POINT('Ctrl Pts',(7.10126058698357,-7.10757490440252,0.));
#4240=CARTESIAN_POINT('Ctrl Pts',(7.23053319582312,-6.95348138468344,0.));
#4241=CARTESIAN_POINT('Ctrl Pts',(7.29375612679682,-6.86661839688742,0.));
#4242=CARTESIAN_POINT('Ctrl Pts',(7.29618579421228,-6.86326135047524,0.));
#4243=CARTESIAN_POINT('Ctrl Pts',(7.61278527801327,-6.42336419475585,0.));
#4244=CARTESIAN_POINT('Ctrl Pts',(7.83659305088338,-5.71327175343765,0.));
#4245=CARTESIAN_POINT('Ctrl Pts',(8.11787524888079,-3.42052399951929,0.));
#4246=CARTESIAN_POINT('Ctrl Pts',(8.15000033578794,-1.71999236429847,0.));
#4247=CARTESIAN_POINT('Ctrl Pts',(8.14999820959088,1.72623380050212,0.));
#4248=CARTESIAN_POINT('Ctrl Pts',(8.11769726888139,3.43314412599907,0.));
#4249=CARTESIAN_POINT('Ctrl Pts',(7.83381058749831,5.72653556343274,0.));
#4250=CARTESIAN_POINT('Ctrl Pts',(7.60890243033195,6.43259207010201,0.));
#4251=CARTESIAN_POINT('Ctrl Pts',(7.29001162120097,6.87175669895875,0.));
#4252=CARTESIAN_POINT('Ctrl Pts',(7.28727567945442,6.87549504487752,0.));
#4253=CARTESIAN_POINT('Ctrl Pts',(7.22480988112198,6.96017707161988,0.));
#4254=CARTESIAN_POINT('Ctrl Pts',(7.09770964416477,7.11013413944408,0.));
#4255=CARTESIAN_POINT('Ctrl Pts',(6.94795424888295,7.23918827481706,0.));
#4256=CARTESIAN_POINT('Ctrl Pts',(6.62258742593409,7.47641061026531,0.));
#4257=CARTESIAN_POINT('Ctrl Pts',(6.31433794608252,7.61471483619247,0.));
#4258=CARTESIAN_POINT('Ctrl Pts',(5.05483896601027,7.97089393206764,0.));
#4259=CARTESIAN_POINT('Ctrl Pts',(3.7822702966143,8.07625556723685,0.));
#4260=CARTESIAN_POINT('Ctrl Pts',(1.55790400942239,8.14163649331128,0.));
#4261=CARTESIAN_POINT('Ctrl Pts',(0.779018726110338,8.15437958852622,0.));
#4262=CARTESIAN_POINT('Ctrl Pts',(-1.25194278643127,8.15792043253438,0.));
#4263=CARTESIAN_POINT('Ctrl Pts',(-2.50465867523373,8.13070081684335,0.));
#4264=CARTESIAN_POINT('Ctrl Pts',(-4.89239549586432,7.97923289846895,0.));
#4265=CARTESIAN_POINT('Ctrl Pts',(-5.90148769436272,7.80083524387595,0.));
#4266=CARTESIAN_POINT('Ctrl Pts',(-6.64644150495615,7.43891743562434,0.));
#4267=CARTESIAN_POINT('Ctrl Pts',(-6.76605323569841,7.37026195911279,0.));
#4268=CARTESIAN_POINT('Ctrl Pts',(-6.95794145700027,7.23511797020037,0.));
#4269=CARTESIAN_POINT('Ctrl Pts',(-7.1118449342337,7.10707916182042,0.));
#4270=CARTESIAN_POINT('Ctrl Pts',(-7.24058357290065,6.95438061974543,0.));
#4271=CARTESIAN_POINT('Ctrl Pts',(-7.40993564910889,6.71499698177345,0.));
#4272=CARTESIAN_POINT('Ctrl Pts',(-7.50401916556831,6.53277119100999,0.));
#4273=CARTESIAN_POINT('Ctrl Pts',(-7.8687392802031,5.6239955520981,0.));
#4274=CARTESIAN_POINT('Ctrl Pts',(-8.01963732977186,4.51845385496609,0.));
#4275=CARTESIAN_POINT('Ctrl Pts',(-8.1348729573999,2.16974413013291,0.));
#4276=CARTESIAN_POINT('Ctrl Pts',(-8.15585876780109,1.08462722164036,0.));
#4277=CARTESIAN_POINT('Ctrl Pts',(-8.15408654126577,-0.8148527978936,0.));
#4278=CARTESIAN_POINT('Ctrl Pts',(-8.14091018393417,-1.62953365825009,0.));
#4279=CARTESIAN_POINT('Ctrl Pts',(-8.06578989683361,-4.02717244526021,0.));
#4280=CARTESIAN_POINT('Ctrl Pts',(-7.93255756720049,-5.37653524168689,0.));
#4281=CARTESIAN_POINT('Ctrl Pts',(-7.53851782539725,-6.46859107225043,0.));
#4282=CARTESIAN_POINT('Ctrl Pts',(-7.43046493107021,-6.68752837594416,0.));
#4283=CARTESIAN_POINT('Ctrl Pts',(-7.2399645124534,-6.95297906368482,0.));
#4284=CARTESIAN_POINT('Ctrl Pts',(-7.10994179246005,-7.10488199324615,0.));
#4285=CARTESIAN_POINT('Ctrl Pts',(-6.9552923095037,-7.23300508802489,0.));
#4286=CARTESIAN_POINT('Ctrl Pts',(-6.80737543324227,-7.33788708460362,0.));
#4287=CARTESIAN_POINT('Ctrl Pts',(-6.74017714727797,-7.38044432354737,0.));
#4288=CARTESIAN_POINT('Ctrl Pts',(-6.13066091612722,-7.73010936424057,0.));
#4289=CARTESIAN_POINT('Ctrl Pts',(-5.2316619569581,-7.93141573195187,0.));
#4290=CARTESIAN_POINT('Ctrl Pts',(-2.84811667613305,-8.1261517522716,0.));
#4291=CARTESIAN_POINT('Ctrl Pts',(-1.4238593309252,-8.15823082701025,0.));
#4292=CARTESIAN_POINT('Ctrl Pts',(-3.29599495731137E-6,-8.15457109064114,
0.));
#4293=CARTESIAN_POINT('Ctrl Pts',(-5.69943014197584,-7.19226601094952,4.27806529405673));
#4294=CARTESIAN_POINT('Ctrl Pts',(-5.69943014197584,-7.55446121941729,4.13239939193506));
#4295=CARTESIAN_POINT('Ctrl Pts',(-5.69943014197584,-7.94589932329152,3.95395158718267));
#4296=CARTESIAN_POINT('Ctrl Pts',(-5.69943014197584,-8.37333244825363,3.7652379716781));
#4297=CARTESIAN_POINT('Ctrl Pts',(-4.489737490329,-7.08248929169863,4.00510778398786));
#4298=CARTESIAN_POINT('Ctrl Pts',(-4.489737490329,-7.43721515402097,3.86244586704538));
#4299=CARTESIAN_POINT('Ctrl Pts',(-4.489737490329,-7.82399137270769,3.68617084683576));
#4300=CARTESIAN_POINT('Ctrl Pts',(-4.489737490329,-8.25450549962526,3.49609695534622));
#4301=CARTESIAN_POINT('Ctrl Pts',(-2.91427072074969,-6.99626883106189,3.79072241691743));
#4302=CARTESIAN_POINT('Ctrl Pts',(-2.91427072074969,-7.34501634846106,3.65046484155928));
#4303=CARTESIAN_POINT('Ctrl Pts',(-2.91427072074969,-7.72819672685565,3.47587176049947));
#4304=CARTESIAN_POINT('Ctrl Pts',(-2.91427072074969,-8.16117683835073,3.28470912591643));
#4305=CARTESIAN_POINT('Ctrl Pts',(-3.35052001885416E-15,-6.99626882879047,
3.79072241126961));
#4306=CARTESIAN_POINT('Ctrl Pts',(-3.63142500142824E-15,-7.34506308257235,
3.65044603970116));
#4307=CARTESIAN_POINT('Ctrl Pts',(-3.9110665365207E-15,-7.7282160025083,
3.47586324355923));
#4308=CARTESIAN_POINT('Ctrl Pts',(-4.19104273580147E-15,-8.16117683589205,
3.28470912034757));
#4309=CARTESIAN_POINT('Ctrl Pts',(-5.69943014197584,-7.19226601094952,4.27806529405673));
#4310=CARTESIAN_POINT('Ctrl Pts',(-5.62672706544807,-7.18566838037798,4.26166042401279));
#4311=CARTESIAN_POINT('Ctrl Pts',(-5.33146708086692,-7.15962713776038,4.19690942040743));
#4312=CARTESIAN_POINT('Ctrl Pts',(-4.77936478163308,-7.1163503012832,4.08930247415255));
#4313=CARTESIAN_POINT('Ctrl Pts',(-3.88415469711226,-7.06139346287073,3.95265344805041));
#4314=CARTESIAN_POINT('Ctrl Pts',(-2.77127590188876,-7.02045473068834,3.85086014908744));
#4315=CARTESIAN_POINT('Ctrl Pts',(-1.50509792364197,-7.00066842509005,3.80166191519573));
#4316=CARTESIAN_POINT('Ctrl Pts',(-0.524471147183761,-6.99626882919925,
3.79072241228603));
#4317=CARTESIAN_POINT('Ctrl Pts',(-3.35052001192002E-15,-6.99626882879047,
3.79072241126961));
#4318=CARTESIAN_POINT('Ctrl Pts',(-6.4915176466742,-4.77125530174275E-15,
5.53310893429443));
#4319=CARTESIAN_POINT('Ctrl Pts',(-6.4915176466742,-2.44211087411477,5.53310892926052));
#4320=CARTESIAN_POINT('Ctrl Pts',(-6.4915176466742,-5.09052602485933,5.22834684216885));
#4321=CARTESIAN_POINT('Ctrl Pts',(-6.4915176466742,-6.67567495390028,4.72061156710368));
#4322=CARTESIAN_POINT('Ctrl Pts',(-6.4915176466742,-7.27354476210982,4.48016320415654));
#4323=CARTESIAN_POINT('Ctrl Pts',(-5.75392537055667,-4.44089111210806E-15,
5.30545791743886));
#4324=CARTESIAN_POINT('Ctrl Pts',(-5.75392537055667,-2.43220218031847,5.30545791240495));
#4325=CARTESIAN_POINT('Ctrl Pts',(-5.75392537055667,-5.04665337008816,5.00317646542797));
#4326=CARTESIAN_POINT('Ctrl Pts',(-5.75392537055667,-6.60477716378578,4.50375291390051));
#4327=CARTESIAN_POINT('Ctrl Pts',(-5.75392537055667,-7.18860140511013,4.26895332849492));
#4328=CARTESIAN_POINT('Ctrl Pts',(-4.25415016370183,-3.90625920731547E-15,
4.94313948737013));
#4329=CARTESIAN_POINT('Ctrl Pts',(-4.25415016370183,-2.41617698075452,4.94313948233622));
#4330=CARTESIAN_POINT('Ctrl Pts',(-4.25415016370184,-4.97694502819642,4.64473400089675));
#4331=CARTESIAN_POINT('Ctrl Pts',(-4.25415016370184,-6.49230110423494,4.15846572161433));
#4332=CARTESIAN_POINT('Ctrl Pts',(-4.25415016370184,-7.05340963580467,3.93280182949554));
#4333=CARTESIAN_POINT('Ctrl Pts',(-1.54242433285265,-3.6239204817153E-15,
4.79000023073468));
#4334=CARTESIAN_POINT('Ctrl Pts',(-1.54242433285265,-2.40938750808488,4.79000022570077));
#4335=CARTESIAN_POINT('Ctrl Pts',(-1.54242433285265,-4.94748920687761,4.4932284023159));
#4336=CARTESIAN_POINT('Ctrl Pts',(-1.54242433285265,-6.44478437142961,4.01251574366533));
#4337=CARTESIAN_POINT('Ctrl Pts',(-1.54242433285265,-6.99626882999266,3.79072241425881));
#4338=CARTESIAN_POINT('Ctrl Pts',(-5.98671750859721E-23,-3.58207653199409E-15,
4.79000022751279));
#4339=CARTESIAN_POINT('Ctrl Pts',(-6.5543223528785E-16,-2.40945912189125,
4.79000022247888));
#4340=CARTESIAN_POINT('Ctrl Pts',(-1.77521721023172E-15,-4.94745627221695,
4.49324864837969));
#4341=CARTESIAN_POINT('Ctrl Pts',(-2.87885194394414E-15,-6.4446828577044,
4.01255656648722));
#4342=CARTESIAN_POINT('Ctrl Pts',(-3.35052001885513E-15,-6.99626882879047,
3.79072241126961));
#4343=CARTESIAN_POINT('Ctrl Pts',(-6.49151764603413,-4.77125530145248E-15,
5.53310893409688));
#4344=CARTESIAN_POINT('Ctrl Pts',(-6.46945712378845,-4.7613744949564E-15,
5.52630015845855));
#4345=CARTESIAN_POINT('Ctrl Pts',(-6.25820130202272,-4.66747070850294E-15,
5.46162373984373));
#4346=CARTESIAN_POINT('Ctrl Pts',(-5.83795678368472,-4.49366435671133E-15,
5.34249596135262));
#4347=CARTESIAN_POINT('Ctrl Pts',(-5.15832309033136,-4.25044736613893E-15,
5.17761579983549));
#4348=CARTESIAN_POINT('Ctrl Pts',(-4.10648202910629,-3.96130523197009E-15,
4.9864553491739));
#4349=CARTESIAN_POINT('Ctrl Pts',(-2.77127590188875,-3.74562470629473E-15,
4.85481924756447));
#4350=CARTESIAN_POINT('Ctrl Pts',(-1.50509792364197,-3.63898249688053E-15,
4.80179129166108));
#4351=CARTESIAN_POINT('Ctrl Pts',(-0.524471147183757,-3.59630474652885E-15,
4.79000022860833));
#4352=CARTESIAN_POINT('Ctrl Pts',(-6.61744490042422E-23,-3.5820765319931E-15,
4.79000022751279));
#4353=CARTESIAN_POINT('Ctrl Pts',(-5.06825759400754E-23,-3.58207653199005E-15,
4.79000022751279));
#4354=CARTESIAN_POINT('Ctrl Pts',(2.94625495695343E-15,0.713480701640095,
4.79000022900285));
#4355=CARTESIAN_POINT('Ctrl Pts',(6.76306101048937E-15,1.31154534749962,
4.80465013016854));
#4356=CARTESIAN_POINT('Ctrl Pts',(1.12261666073397E-14,1.82672484350075,
4.83479277883072));
#4357=CARTESIAN_POINT('Ctrl Pts',(-1.5424243325977,-3.62392048170434E-15,
4.79000023073468));
#4358=CARTESIAN_POINT('Ctrl Pts',(-1.5424243325977,0.713503374448559,4.79000023222474));
#4359=CARTESIAN_POINT('Ctrl Pts',(-1.54242433259769,1.31150215999082,4.80464760653711));
#4360=CARTESIAN_POINT('Ctrl Pts',(-1.54242433259769,1.82672484331257,4.83479278204711));
#4361=CARTESIAN_POINT('Ctrl Pts',(-4.25422998438343,-3.90624259074976E-15,
4.94312571040461));
#4362=CARTESIAN_POINT('Ctrl Pts',(-4.25422998438342,0.71135383902733,4.94312571189467));
#4363=CARTESIAN_POINT('Ctrl Pts',(-4.25422998438342,1.3066526837812,4.95775122182308));
#4364=CARTESIAN_POINT('Ctrl Pts',(-4.25422998438341,1.81778091733205,4.98765683508837));
#4365=CARTESIAN_POINT('Ctrl Pts',(-5.75392536994953,-4.44089111198526E-15,
5.3054579172943));
#4366=CARTESIAN_POINT('Ctrl Pts',(-5.75392536994952,0.706280288285728,5.30545791878436));
#4367=CARTESIAN_POINT('Ctrl Pts',(-5.75392536994952,1.29515330911661,5.32003026861165));
#4368=CARTESIAN_POINT('Ctrl Pts',(-5.75392536994952,1.79661740851714,5.34937044285589));
#4369=CARTESIAN_POINT('Ctrl Pts',(-6.49151764603413,-4.77125530148426E-15,
5.53310893409688));
#4370=CARTESIAN_POINT('Ctrl Pts',(-6.49151764603413,0.703143212796633,5.53310893558694));
#4371=CARTESIAN_POINT('Ctrl Pts',(-6.49151764603413,1.28783193422829,5.54764224551491));
#4372=CARTESIAN_POINT('Ctrl Pts',(-6.49151764603412,1.78332051078293,5.57663279777173));
#4373=CARTESIAN_POINT('Ctrl Pts',(6.11042339979107,-7.93040291094043,3.62536344162389));
#4374=CARTESIAN_POINT('Ctrl Pts',(6.11388974083178,-7.93465706951769,3.61565641617522));
#4375=CARTESIAN_POINT('Ctrl Pts',(6.19962384576879,-8.03987554539858,3.3744922184022));
#4376=CARTESIAN_POINT('Ctrl Pts',(6.29420406120978,-8.15590253817865,3.07646187313826));
#4377=CARTESIAN_POINT('Ctrl Pts',(6.46109350443829,-8.3595026599364,2.48949860953089));
#4378=CARTESIAN_POINT('Ctrl Pts',(6.58615556669987,-8.51081917733065,1.98796599693302));
#4379=CARTESIAN_POINT('Ctrl Pts',(6.72152732640604,-8.67225728376415,1.3804976489416));
#4380=CARTESIAN_POINT('Ctrl Pts',(6.83333879329717,-8.80407871379649,0.850429946700049));
#4381=CARTESIAN_POINT('Ctrl Pts',(6.90885280170637,-8.89256327766115,0.471060668292227));
#4382=CARTESIAN_POINT('Ctrl Pts',(6.95280528654002,-8.94431298056262,0.244881463149804));
#4383=CARTESIAN_POINT('Ctrl Pts',(5.92017595037255,-7.99965236593524,3.60242913274368));
#4384=CARTESIAN_POINT('Ctrl Pts',(5.92352470889533,-8.00377536263089,3.59269936034656));
#4385=CARTESIAN_POINT('Ctrl Pts',(6.00635813183847,-8.10571102845307,3.35098974897204));
#4386=CARTESIAN_POINT('Ctrl Pts',(6.09796290962908,-8.21696821848848,3.05287320595685));
#4387=CARTESIAN_POINT('Ctrl Pts',(6.2600947158729,-8.41006238188208,2.46701455804518));
#4388=CARTESIAN_POINT('Ctrl Pts',(6.38211577529288,-8.55143059492048,1.96765578039296));
#4389=CARTESIAN_POINT('Ctrl Pts',(6.51499399622393,-8.7002482686046,1.36466644158917));
#4390=CARTESIAN_POINT('Ctrl Pts',(6.62521312865608,-8.8209848085643,0.839567492010051));
#4391=CARTESIAN_POINT('Ctrl Pts',(6.70001890282887,-8.90171556077659,0.464681953277953));
#4392=CARTESIAN_POINT('Ctrl Pts',(6.74366064586203,-8.94903241130929,0.241504059151141));
#4393=CARTESIAN_POINT('Ctrl Pts',(4.42870409167635,-8.44333346583225,3.45930985044811));
#4394=CARTESIAN_POINT('Ctrl Pts',(4.43020831736794,-8.44635965637956,3.44946449349088));
#4395=CARTESIAN_POINT('Ctrl Pts',(4.46733329239368,-8.52092728403467,3.2050015356359));
#4396=CARTESIAN_POINT('Ctrl Pts',(4.50596775259329,-8.5949166138758,2.90698803784192));
#4397=CARTESIAN_POINT('Ctrl Pts',(4.57184224213686,-8.71178654948385,2.32824768200099));
#4398=CARTESIAN_POINT('Ctrl Pts',(4.61950258503223,-8.78616020646628,1.84175467992946));
#4399=CARTESIAN_POINT('Ctrl Pts',(4.67503221399773,-8.85691081157459,1.26555691404325));
#4400=CARTESIAN_POINT('Ctrl Pts',(4.72531852019906,-8.9124097159624,0.770536339260909));
#4401=CARTESIAN_POINT('Ctrl Pts',(4.7647595931756,-8.95035898094684,0.423671140890709));
#4402=CARTESIAN_POINT('Ctrl Pts',(4.790456545439,-8.97397277345683,0.219709726902375));
#4403=CARTESIAN_POINT('Ctrl Pts',(1.32901955434692,-8.71417130327682,3.29623312162483));
#4404=CARTESIAN_POINT('Ctrl Pts',(1.32937650463714,-8.7167880371591,3.28626556845404));
#4405=CARTESIAN_POINT('Ctrl Pts',(1.33818560840189,-8.78106992461677,3.03889977096951));
#4406=CARTESIAN_POINT('Ctrl Pts',(1.34732665076171,-8.83903780440025,2.74123478573113));
#4407=CARTESIAN_POINT('Ctrl Pts',(1.36239394933915,-8.92007921394408,2.17068648164744));
#4408=CARTESIAN_POINT('Ctrl Pts',(1.37259440374973,-8.96006548834052,1.6986010138939));
#4409=CARTESIAN_POINT('Ctrl Pts',(1.38232826401605,-8.98410005924069,1.15251283674588));
#4410=CARTESIAN_POINT('Ctrl Pts',(1.38971683776552,-8.99523129361473,0.691430131049653));
#4411=CARTESIAN_POINT('Ctrl Pts',(1.39436382911996,-8.99812130678619,0.37650702985101));
#4412=CARTESIAN_POINT('Ctrl Pts',(1.39707697165293,-8.99913232618512,0.194617386752178));
#4413=CARTESIAN_POINT('Ctrl Pts',(-1.32901937461685,-8.71417148752692,3.2962331205436));
#4414=CARTESIAN_POINT('Ctrl Pts',(-1.32937632482681,-8.71678822230927,3.28626556733785));
#4415=CARTESIAN_POINT('Ctrl Pts',(-1.3381854277028,-8.78107013267142,3.03889976854444));
#4416=CARTESIAN_POINT('Ctrl Pts',(-1.34732646786249,-8.83903803631325,2.74123478205486));
#4417=CARTESIAN_POINT('Ctrl Pts',(-1.36239376473511,-8.92007947761163,2.17068647554832));
#4418=CARTESIAN_POINT('Ctrl Pts',(-1.37259421724866,-8.96006576112725,1.69860100638903));
#4419=CARTESIAN_POINT('Ctrl Pts',(-1.38232807581523,-8.98410030106079,1.15251282907036));
#4420=CARTESIAN_POINT('Ctrl Pts',(-1.38971664842144,-8.99523147967105,0.691430124587029));
#4421=CARTESIAN_POINT('Ctrl Pts',(-1.39436363870013,-8.99812142355632,0.376507025460537));
#4422=CARTESIAN_POINT('Ctrl Pts',(-1.39707678123826,-8.99913238932997,0.194617384430058));
#4423=CARTESIAN_POINT('Ctrl Pts',(-4.42870346629147,-8.44333351779134,3.45930958788947));
#4424=CARTESIAN_POINT('Ctrl Pts',(-4.43020768930505,-8.44635971006991,3.44946423099282));
#4425=CARTESIAN_POINT('Ctrl Pts',(-4.46733259837459,-8.5209273812228,3.20500127510563));
#4426=CARTESIAN_POINT('Ctrl Pts',(-4.50596699072885,-8.59491678077524,2.9069877917865));
#4427=CARTESIAN_POINT('Ctrl Pts',(-4.57184140611602,-8.71178688695552,2.32824748152883));
#4428=CARTESIAN_POINT('Ctrl Pts',(-4.61950174097321,-8.78616069827085,1.84175454173213));
#4429=CARTESIAN_POINT('Ctrl Pts',(-4.67503145522462,-8.85691136599166,1.26555683747696));
#4430=CARTESIAN_POINT('Ctrl Pts',(-4.72531790158558,-8.91241021741966,0.77053630223662));
#4431=CARTESIAN_POINT('Ctrl Pts',(-4.76475916453888,-8.95035932406562,0.423671124607378));
#4432=CARTESIAN_POINT('Ctrl Pts',(-4.79045627361116,-8.97397296317947,0.21970971910646));
#4433=CARTESIAN_POINT('Ctrl Pts',(-5.92017491324316,-7.99965230267715,3.60242869167643));
#4434=CARTESIAN_POINT('Ctrl Pts',(-5.92352366696313,-8.0037753018671,3.59269891938332));
#4435=CARTESIAN_POINT('Ctrl Pts',(-6.00635697134727,-8.10571103054364,3.35098931136573));
#4436=CARTESIAN_POINT('Ctrl Pts',(-6.09796162795364,-8.21696832713615,3.05287279266906));
#4437=CARTESIAN_POINT('Ctrl Pts',(-6.26009330336368,-8.41006276524398,2.46701422124828));
#4438=CARTESIAN_POINT('Ctrl Pts',(-6.38211435330992,-8.55143123733479,1.96765554794903));
#4439=CARTESIAN_POINT('Ctrl Pts',(-6.5149927442713,-8.70024904091502,1.36466631258382));
#4440=CARTESIAN_POINT('Ctrl Pts',(-6.62521215030944,-8.82098553068315,0.839567429520761));
#4441=CARTESIAN_POINT('Ctrl Pts',(-6.70001828573074,-8.90171606220852,0.464681925745508));
#4442=CARTESIAN_POINT('Ctrl Pts',(-6.74366032330183,-8.94903268960796,0.241504045960736));
#4443=CARTESIAN_POINT('Ctrl Pts',(-6.11042226085925,-7.93040291341736,3.62536299744273));
#4444=CARTESIAN_POINT('Ctrl Pts',(-6.11388859671663,-7.93465707479173,3.61565597206638));
#4445=CARTESIAN_POINT('Ctrl Pts',(-6.19962257369323,-8.03987562101035,3.37449177686439));
#4446=CARTESIAN_POINT('Ctrl Pts',(-6.29420265796282,-8.15590272835015,3.0764614549913));
#4447=CARTESIAN_POINT('Ctrl Pts',(-6.4610919574757,-8.35950313503174,2.48949826646252));
#4448=CARTESIAN_POINT('Ctrl Pts',(-6.58615400651367,-8.51081991422649,1.98796575748062));
#4449=CARTESIAN_POINT('Ctrl Pts',(-6.72152594875342,-8.67225813953321,1.3804975133457));
#4450=CARTESIAN_POINT('Ctrl Pts',(-6.8333377117238,-8.80407949996164,0.850429878912085));
#4451=CARTESIAN_POINT('Ctrl Pts',(-6.9088521091851,-8.89256381927735,0.471060637354564));
#4452=CARTESIAN_POINT('Ctrl Pts',(-6.95280491011322,-8.94431328056401,0.244881448107834));
#4453=CARTESIAN_POINT('Ctrl Pts',(-6.11042226085925,-7.93040291341734,3.62536299744273));
#4454=CARTESIAN_POINT('Ctrl Pts',(-6.19644701798325,-8.03597929552649,3.38446178799412));
#4455=CARTESIAN_POINT('Ctrl Pts',(-6.42885258089899,-8.32113497910125,2.65481193651873));
#4456=CARTESIAN_POINT('Ctrl Pts',(-6.69831087550625,-8.64635857120647,1.51794388857016));
#4457=CARTESIAN_POINT('Ctrl Pts',(-6.87889942585309,-8.85729841292928,0.625185050535533));
#4458=CARTESIAN_POINT('Ctrl Pts',(-6.95272785950278,-8.94422256242763,0.245277941551622));
#4459=CARTESIAN_POINT('Ctrl Pts',(6.1105720191695,-7.93058530797319,3.62494722628971));
#4460=CARTESIAN_POINT('Ctrl Pts',(6.19653851300989,-8.03608992984645,3.38417875989935));
#4461=CARTESIAN_POINT('Ctrl Pts',(6.42888853005329,-8.32117607475508,2.654666623671));
#4462=CARTESIAN_POINT('Ctrl Pts',(6.69831166697723,-8.64635661515377,1.51794786407296));
#4463=CARTESIAN_POINT('Ctrl Pts',(6.87889990611921,-8.8572972037637,0.62518728723941));
#4464=CARTESIAN_POINT('Ctrl Pts',(6.95272820187308,-8.94422222125255,0.24527813472199));
#4465=CARTESIAN_POINT('Ctrl Pts',(-5.77633252529096,-7.52091208368075,4.4408542043296));
#4466=CARTESIAN_POINT('Ctrl Pts',(-5.7833432050446,-7.52948399756025,4.42598631352977));
#4467=CARTESIAN_POINT('Ctrl Pts',(-5.79064152001771,-7.53840938742627,4.41037878555359));
#4468=CARTESIAN_POINT('Ctrl Pts',(-6.01541092322767,-7.81334497899034,3.92546163708398));
#4469=CARTESIAN_POINT('Ctrl Pts',(-6.19539079130315,-8.03514537048269,3.41269088098567));
#4470=CARTESIAN_POINT('Ctrl Pts',(-6.49063343898406,-8.39570159290342,2.39415310753694));
#4471=CARTESIAN_POINT('Ctrl Pts',(-6.61066532122284,-8.54056818673605,1.88761094898014));
#4472=CARTESIAN_POINT('Ctrl Pts',(-6.80254548605148,-8.76811176213813,1.0026489287589));
#4473=CARTESIAN_POINT('Ctrl Pts',(-6.87915598911105,-8.85760048547624,0.623864824698662));
#4474=CARTESIAN_POINT('Ctrl Pts',(-6.95272785950279,-8.94422256242765,0.245277941551569));
#4475=CARTESIAN_POINT('Ctrl Pts',(-6.28523273864194,-7.29945804229976,4.49511768545143));
#4476=CARTESIAN_POINT('Ctrl Pts',(-6.2930116892661,-7.30828776942886,4.48057138487908));
#4477=CARTESIAN_POINT('Ctrl Pts',(-6.30110742050253,-7.31749562869406,4.46529406279637));
#4478=CARTESIAN_POINT('Ctrl Pts',(-6.55036104100007,-7.60158386787312,3.99039784003546));
#4479=CARTESIAN_POINT('Ctrl Pts',(-6.74777083432546,-7.84400417231364,3.48129142884498));
#4480=CARTESIAN_POINT('Ctrl Pts',(-7.06751863511486,-8.25572275486873,2.4583374676473));
#4481=CARTESIAN_POINT('Ctrl Pts',(-7.19538000768236,-8.4304222653927,1.94455693283694));
#4482=CARTESIAN_POINT('Ctrl Pts',(-7.39623124580748,-8.71067066405542,1.03839331035393));
#4483=CARTESIAN_POINT('Ctrl Pts',(-7.47522362190336,-8.82289365997662,0.647881176104261));
#4484=CARTESIAN_POINT('Ctrl Pts',(-7.55028230573354,-8.93071633287307,0.254942693994972));
#4485=CARTESIAN_POINT('Ctrl Pts',(-6.93973499707165,-6.8766013431367,4.54038717508133));
#4486=CARTESIAN_POINT('Ctrl Pts',(-6.948552419321,-6.88542245144065,4.52611913104797));
#4487=CARTESIAN_POINT('Ctrl Pts',(-6.95774624239862,-6.89461757345392,4.51112796066444));
#4488=CARTESIAN_POINT('Ctrl Pts',(-7.24136492986285,-7.17819410052521,4.04493009727075));
#4489=CARTESIAN_POINT('Ctrl Pts',(-7.48229364460008,-7.4166813523742,3.53941912289579));
#4490=CARTESIAN_POINT('Ctrl Pts',(-7.89320782592395,-7.81494947433428,2.51364782082288));
#4491=CARTESIAN_POINT('Ctrl Pts',(-8.06842840212622,-7.98051898344175,1.99418519049634));
#4492=CARTESIAN_POINT('Ctrl Pts',(-8.34928043925172,-8.23967035965144,1.07007969637502));
#4493=CARTESIAN_POINT('Ctrl Pts',(-8.46166619873627,-8.34126994245549,0.669406784048162));
#4494=CARTESIAN_POINT('Ctrl Pts',(-8.56724691756891,-8.43686849206733,0.263633706343316));
#4495=CARTESIAN_POINT('Ctrl Pts',(-7.3513230509778,-6.15889950141213,4.48475987361405));
#4496=CARTESIAN_POINT('Ctrl Pts',(-7.36000125486241,-6.16656082830502,4.47015579987854));
#4497=CARTESIAN_POINT('Ctrl Pts',(-7.36904629801183,-6.17453646866742,4.45481939096791));
#4498=CARTESIAN_POINT('Ctrl Pts',(-7.64795759578634,-6.42016586951981,3.97813791375102));
#4499=CARTESIAN_POINT('Ctrl Pts',(-7.8814246773275,-6.61681364526327,3.46859112202368));
#4500=CARTESIAN_POINT('Ctrl Pts',(-8.27762071125365,-6.9337152008377,2.44707189465383));
#4501=CARTESIAN_POINT('Ctrl Pts',(-8.4455673408458,-7.05956936903705,1.93502389913483));
#4502=CARTESIAN_POINT('Ctrl Pts',(-8.71771574771209,-7.2543499901143,1.0328827879058));
#4503=CARTESIAN_POINT('Ctrl Pts',(-8.82762601443138,-7.32995866788871,0.644409151840506));
#4504=CARTESIAN_POINT('Ctrl Pts',(-8.93262984919373,-7.40232006711126,0.253573603103439));
#4505=CARTESIAN_POINT('Ctrl Pts',(-7.51912559390272,-5.77748786376334,4.44046771569505));
#4506=CARTESIAN_POINT('Ctrl Pts',(-7.52761938007341,-5.78457036625769,4.42559077125687));
#4507=CARTESIAN_POINT('Ctrl Pts',(-7.53646170626105,-5.79194509068119,4.4099737787316));
#4508=CARTESIAN_POINT('Ctrl Pts',(-7.80878424314459,-6.01911950507955,3.92476434203434));
#4509=CARTESIAN_POINT('Ctrl Pts',(-8.02684253902662,-6.2025060432241,3.41171414959637));
#4510=CARTESIAN_POINT('Ctrl Pts',(-8.38444694445666,-6.5007275059556,2.3931056532853));
#4511=CARTESIAN_POINT('Ctrl Pts',(-8.52976674960667,-6.6205918327151,1.88676112262192));
#4512=CARTESIAN_POINT('Ctrl Pts',(-8.76175424194861,-6.80866839460196,1.00224117540092));
#4513=CARTESIAN_POINT('Ctrl Pts',(-8.85428372872952,-6.88257249102296,0.623684671467054));
#4514=CARTESIAN_POINT('Ctrl Pts',(-8.94301017410634,-6.95401261457337,0.245217148664649));
#4515=CARTESIAN_POINT('Origin',(-0.000371403409989575,-0.454675755852299,
3.85));
#4516=CARTESIAN_POINT('',(-5.55111512312578E-16,-5.,3.85));
#4517=CARTESIAN_POINT('',(2.22044604925031E-15,5.,3.85));
#4518=CARTESIAN_POINT('Ctrl Pts',(-5.55111512312578E-16,-5.,3.85));
#4519=CARTESIAN_POINT('Ctrl Pts',(-0.676582841989666,-5.,3.85));
#4520=CARTESIAN_POINT('Ctrl Pts',(-1.3531527012944,-5.00005151574356,3.85));
#4521=CARTESIAN_POINT('Ctrl Pts',(-2.75594758815659,-5.00011141377676,3.85));
#4522=CARTESIAN_POINT('Ctrl Pts',(-3.482130890271,-5.00026473845351,3.85000000000001));
#4523=CARTESIAN_POINT('Ctrl Pts',(-4.30551824670007,-5.00041404223718,3.85000000000001));
#4524=CARTESIAN_POINT('Ctrl Pts',(-4.40271355504093,-5.00037013262246,3.85000000000001));
#4525=CARTESIAN_POINT('Ctrl Pts',(-4.63078632566341,-5.00053651670952,3.85000000000001));
#4526=CARTESIAN_POINT('Ctrl Pts',(-4.89107342365431,-4.89102421047562,3.85000000000001));
#4527=CARTESIAN_POINT('Ctrl Pts',(-5.00059726012019,-4.63073232214622,3.85000000000001));
#4528=CARTESIAN_POINT('Ctrl Pts',(-5.00028294867525,-4.21697429989006,3.85000000000001));
#4529=CARTESIAN_POINT('Ctrl Pts',(-5.00035896775861,-3.93407136512673,3.85000000000001));
#4530=CARTESIAN_POINT('Ctrl Pts',(-5.00017734975292,-2.82010566083324,3.85000000000001));
#4531=CARTESIAN_POINT('Ctrl Pts',(-5.00006871131858,-1.98902489274674,3.85));
#4532=CARTESIAN_POINT('Ctrl Pts',(-5.00004173432457,-0.771206332177437,
3.85));
#4533=CARTESIAN_POINT('Ctrl Pts',(-5.00003836980336,-0.384506729190439,
3.85));
#4534=CARTESIAN_POINT('Ctrl Pts',(-5.00003928125949,0.516907236867733,3.85));
#4535=CARTESIAN_POINT('Ctrl Pts',(-5.00005060203044,1.03162377436562,3.85));
#4536=CARTESIAN_POINT('Ctrl Pts',(-5.00009020850257,2.29081319002182,3.85));
#4537=CARTESIAN_POINT('Ctrl Pts',(-5.00020285126261,3.03525012534562,3.85000000000001));
#4538=CARTESIAN_POINT('Ctrl Pts',(-5.00036982126896,4.01975580901645,3.85000000000001));
#4539=CARTESIAN_POINT('Ctrl Pts',(-5.00029937726219,4.25982176099989,3.85000000000001));
#4540=CARTESIAN_POINT('Ctrl Pts',(-5.00058042151263,4.63075076402481,3.85000000000001));
#4541=CARTESIAN_POINT('Ctrl Pts',(-4.89105955556433,4.89104087683343,3.85000000000001));
#4542=CARTESIAN_POINT('Ctrl Pts',(-4.6307713216024,5.00055729144924,3.85000000000001));
#4543=CARTESIAN_POINT('Ctrl Pts',(-4.33502162692083,5.00033685363606,3.85000000000001));
#4544=CARTESIAN_POINT('Ctrl Pts',(-4.17013843087131,5.00039761169087,3.85000000000001));
#4545=CARTESIAN_POINT('Ctrl Pts',(-3.26443651127317,5.00023701788549,3.85000000000001));
#4546=CARTESIAN_POINT('Ctrl Pts',(-2.52356739603394,5.00010388178873,3.85000000000001));
#4547=CARTESIAN_POINT('Ctrl Pts',(-1.18843308628424,5.00005635005237,3.85000000000001));
#4548=CARTESIAN_POINT('Ctrl Pts',(-0.594209345117334,5.00003801240833,3.85000000000002));
#4549=CARTESIAN_POINT('Ctrl Pts',(-2.38508400907805E-6,5.00003699920251,
3.85000000000002));
#4550=CARTESIAN_POINT('Ctrl Pts',(-2.38508400907805E-6,5.00003699920251,
3.85000000000002));
#4551=CARTESIAN_POINT('Ctrl Pts',(0.369741855136914,5.00003636873696,3.85000000000003));
#4552=CARTESIAN_POINT('Ctrl Pts',(0.739508457009243,5.00003825292733,3.85000000000003));
#4553=CARTESIAN_POINT('Ctrl Pts',(1.86202427115655,5.00006084802057,3.85000000000006));
#4554=CARTESIAN_POINT('Ctrl Pts',(2.61478925373129,5.00012693133773,3.85000000000017));
#4555=CARTESIAN_POINT('Ctrl Pts',(3.74499577159467,5.0002784912566,3.8500000000003));
#4556=CARTESIAN_POINT('Ctrl Pts',(4.12243724127228,5.00020393279979,3.85000000000038));
#4557=CARTESIAN_POINT('Ctrl Pts',(4.62778661981352,5.00055719481693,3.8500000000005));
#4558=CARTESIAN_POINT('Ctrl Pts',(4.88237286241114,4.8961780655857,3.85000000000048));
#4559=CARTESIAN_POINT('Ctrl Pts',(4.9956431575672,4.64543702424732,3.85000000000057));
#4560=CARTESIAN_POINT('Ctrl Pts',(5.00027531062342,4.51168783899914,3.8500000000006));
#4561=CARTESIAN_POINT('Ctrl Pts',(5.00038205570725,4.50581105121759,3.8500000000006));
#4562=CARTESIAN_POINT('Ctrl Pts',(5.00027166827903,3.81917473491878,3.85000000000049));
#4563=CARTESIAN_POINT('Ctrl Pts',(5.00013290713232,3.13841129517059,3.85000000000021));
#4564=CARTESIAN_POINT('Ctrl Pts',(5.00007002334078,1.63912894050738,3.85000000000012));
#4565=CARTESIAN_POINT('Ctrl Pts',(5.0000383997041,0.820639088661203,3.85000000000005));
#4566=CARTESIAN_POINT('Ctrl Pts',(5.00003993511586,-0.813298481825361,3.85000000000004));
#4567=CARTESIAN_POINT('Ctrl Pts',(5.00007676965507,-1.62879651300443,3.85000000000005));
#4568=CARTESIAN_POINT('Ctrl Pts',(5.0001467371615,-3.12427738591433,3.85000000000009));
#4569=CARTESIAN_POINT('Ctrl Pts',(5.00030136094075,-3.80422853410356,3.85000000000021));
#4570=CARTESIAN_POINT('Ctrl Pts',(5.0004226187468,-4.48941684262206,3.85000000000026));
#4571=CARTESIAN_POINT('Ctrl Pts',(5.00041955892097,-4.49466258662299,3.85000000000026));
#4572=CARTESIAN_POINT('Ctrl Pts',(5.00051481000105,-4.63079813527085,3.85000000000024));
#4573=CARTESIAN_POINT('Ctrl Pts',(4.8910078039931,-4.89108366009212,3.85000000000021));
#4574=CARTESIAN_POINT('Ctrl Pts',(4.63071349677547,-5.00061054633409,3.85000000000021));
#4575=CARTESIAN_POINT('Ctrl Pts',(4.14005906797446,-5.00023082091363,3.85000000000016));
#4576=CARTESIAN_POINT('Ctrl Pts',(3.78024446650899,-5.00030813047824,3.85000000000013));
#4577=CARTESIAN_POINT('Ctrl Pts',(2.99915200045079,-5.00016522896967,3.85000000000008));
#4578=CARTESIAN_POINT('Ctrl Pts',(2.15658693144445,-5.00005810572527,3.85000000000003));
#4579=CARTESIAN_POINT('Ctrl Pts',(1.31402882827354,-5.00004042612473,3.85000000000002));
#4580=CARTESIAN_POINT('Ctrl Pts',(0.595174952355967,-5.00000860042365,3.85));
#4581=CARTESIAN_POINT('Ctrl Pts',(0.297578676686799,-5.,3.85));
#4582=CARTESIAN_POINT('Ctrl Pts',(7.21644966006352E-15,-5.,3.85));
#4583=CARTESIAN_POINT('Ctrl Pts',(-3.29599495731137E-6,-8.15457109064114,
0.));
#4584=CARTESIAN_POINT('Ctrl Pts',(-3.13904281653181E-6,-8.15423989329436,
0.336173206196103));
#4585=CARTESIAN_POINT('Ctrl Pts',(-2.82513853496658E-6,-8.10353896105432,
0.964045908022872));
#4586=CARTESIAN_POINT('Ctrl Pts',(-2.35428211259786E-6,-7.85705786861492,
1.77856079083613));
#4587=CARTESIAN_POINT('Ctrl Pts',(-1.96190176060296E-6,-7.48060814906418,
2.35772230795614));
#4588=CARTESIAN_POINT('Ctrl Pts',(-1.68723551419556E-6,-7.1274728596049,
2.71049329008813));
#4589=CARTESIAN_POINT('Ctrl Pts',(-1.53028337338874E-6,-6.90460863420817,
2.89633855086413));
#4590=CARTESIAN_POINT('Ctrl Pts',(-1.37333123258053E-6,-6.67035164914185,
3.07138849271493));
#4591=CARTESIAN_POINT('Ctrl Pts',(-1.17714105656811E-6,-6.35987034348964,
3.26949719096887));
#4592=CARTESIAN_POINT('Ctrl Pts',(-9.41712845352914E-7,-5.98500923838822,
3.47124681667697));
#4593=CARTESIAN_POINT('Ctrl Pts',(-7.06284634140619E-7,-5.63383717556013,
3.63416078448706));
#4594=CARTESIAN_POINT('Ctrl Pts',(-4.70856422934532E-7,-5.33338248836914,
3.75497745520604));
#4595=CARTESIAN_POINT('Ctrl Pts',(-2.35428211737964E-7,-5.11067351017899,
3.83043518964083));
#4596=CARTESIAN_POINT('Ctrl Pts',(-7.8476070947986E-8,-5.02537705825379,
3.84891522719453));
#4597=CARTESIAN_POINT('Ctrl Pts',(-5.55111512312578E-16,-5.,3.85));
#4598=CARTESIAN_POINT('Ctrl Pts',(-1.4238593309252,-8.15823082701025,0.));
#4599=CARTESIAN_POINT('Ctrl Pts',(-1.39865070764702,-8.15772535650304,0.336173206196103));
#4600=CARTESIAN_POINT('Ctrl Pts',(-1.34029938940155,-8.10667419828204,0.964045908022871));
#4601=CARTESIAN_POINT('Ctrl Pts',(-1.23535910563673,-7.85967066263797,1.77856079083613));
#4602=CARTESIAN_POINT('Ctrl Pts',(-1.13872268339016,-7.48278438507313,2.35772230795614));
#4603=CARTESIAN_POINT('Ctrl Pts',(-1.06904969909796,-7.1293449533169,2.71049329008813));
#4604=CARTESIAN_POINT('Ctrl Pts',(-1.02905664268748,-6.90630717349349,2.89633855086413));
#4605=CARTESIAN_POINT('Ctrl Pts',(-0.989076762983168,-6.67187667346753,
3.07138849271493));
#4606=CARTESIAN_POINT('Ctrl Pts',(-0.939376280434091,-6.3611776759711,3.26949719096887));
#4607=CARTESIAN_POINT('Ctrl Pts',(-0.880973261108993,-5.98605557326147,
3.47124681667697));
#4608=CARTESIAN_POINT('Ctrl Pts',(-0.82460653197919,-5.63462226767101,3.63416078448706));
#4609=CARTESIAN_POINT('Ctrl Pts',(-0.771074784173403,-5.33390610936904,
3.75497745520604));
#4610=CARTESIAN_POINT('Ctrl Pts',(-0.721176696195635,-5.11093560726618,
3.83043518964083));
#4611=CARTESIAN_POINT('Ctrl Pts',(-0.690866251551104,-5.02546419483401,
3.84891522719453));
#4612=CARTESIAN_POINT('Ctrl Pts',(-0.676582841989666,-5.,3.85));
#4613=CARTESIAN_POINT('Ctrl Pts',(-2.84811667613305,-8.1261517522716,0.));
#4614=CARTESIAN_POINT('Ctrl Pts',(-2.80816210471367,-8.12030428115948,0.336192348574262));
#4615=CARTESIAN_POINT('Ctrl Pts',(-2.70637023589887,-8.06129274988693,0.964096923698017));
#4616=CARTESIAN_POINT('Ctrl Pts',(-2.50341058216513,-7.81078091289647,1.77864525052446));
#4617=CARTESIAN_POINT('Ctrl Pts',(-2.30466627085091,-7.43879548016546,2.35782662649245));
#4618=CARTESIAN_POINT('Ctrl Pts',(-2.15712447745441,-7.09262707244184,2.71060700504818));
#4619=CARTESIAN_POINT('Ctrl Pts',(-2.07162319545654,-6.87461212186035,2.8964559166739));
#4620=CARTESIAN_POINT('Ctrl Pts',(-1.98578170485321,-6.64565780111606,3.07150817316689));
#4621=CARTESIAN_POINT('Ctrl Pts',(-1.87863856478982,-6.34247786384703,3.26961695591081));
#4622=CARTESIAN_POINT('Ctrl Pts',(-1.7534815625701,-5.97626027564112,3.47136053351111));
#4623=CARTESIAN_POINT('Ctrl Pts',(-1.63489821727207,-5.63242821981344,3.63426064832229));
#4624=CARTESIAN_POINT('Ctrl Pts',(-1.52608689725471,-5.33677685957472,3.75505446839381));
#4625=CARTESIAN_POINT('Ctrl Pts',(-1.43024612405032,-5.11510059124867,3.8304791617751));
#4626=CARTESIAN_POINT('Ctrl Pts',(-1.37683630788084,-5.02744657576806,3.84893074446291));
#4627=CARTESIAN_POINT('Ctrl Pts',(-1.3531527012944,-5.00005151574356,3.85));
#4628=CARTESIAN_POINT('Ctrl Pts',(-5.2316619569581,-7.93141573195187,0.));
#4629=CARTESIAN_POINT('Ctrl Pts',(-5.17607104314564,-7.91049300176086,0.336259386302655));
#4630=CARTESIAN_POINT('Ctrl Pts',(-5.02804985771142,-7.83167771742359,0.964276520010523));
#4631=CARTESIAN_POINT('Ctrl Pts',(-4.71445641806109,-7.58232444472488,1.77894419240318));
#4632=CARTESIAN_POINT('Ctrl Pts',(-4.39037144729509,-7.238588833846,2.35819601053545));
#4633=CARTESIAN_POINT('Ctrl Pts',(-4.14056765513215,-6.92516118989581,2.71100907196215));
#4634=CARTESIAN_POINT('Ctrl Pts',(-3.99353915573792,-6.7287286709759,2.89687043198769));
#4635=CARTESIAN_POINT('Ctrl Pts',(-3.84462470776177,-6.52283357626998,3.07193033935813));
#4636=CARTESIAN_POINT('Ctrl Pts',(-3.65652914175955,-6.25060459741998,3.27003865621474));
#4637=CARTESIAN_POINT('Ctrl Pts',(-3.43536898897314,-5.92087908910793,3.47176006875968));
#4638=CARTESIAN_POINT('Ctrl Pts',(-3.22643881386699,-5.60883813161645,3.63461085370891));
#4639=CARTESIAN_POINT('Ctrl Pts',(-3.03758202003022,-5.33607570992914,3.75532414088385));
#4640=CARTESIAN_POINT('Ctrl Pts',(-2.87664225744773,-5.12418502295255,3.8306330601059));
#4641=CARTESIAN_POINT('Ctrl Pts',(-2.79192524371594,-5.03246169644263,3.84898509055926));
#4642=CARTESIAN_POINT('Ctrl Pts',(-2.75594758815659,-5.00011141377676,3.85));
#4643=CARTESIAN_POINT('Ctrl Pts',(-6.13066091612722,-7.73010936424057,0.));
#4644=CARTESIAN_POINT('Ctrl Pts',(-6.07527561521799,-7.69915993558657,0.336309288285577));
#4645=CARTESIAN_POINT('Ctrl Pts',(-5.92842917184083,-7.60950005377268,0.964410517162456));
#4646=CARTESIAN_POINT('Ctrl Pts',(-5.61176206944539,-7.36979301450146,1.77916776001827));
#4647=CARTESIAN_POINT('Ctrl Pts',(-5.27387288573862,-7.05568191810666,2.35847230889662));
#4648=CARTESIAN_POINT('Ctrl Pts',(-5.00632991129223,-6.77267333783337,2.71130962533462));
#4649=CARTESIAN_POINT('Ctrl Pts',(-4.84701273280234,-6.5957014719486,2.89718014088364));
#4650=CARTESIAN_POINT('Ctrl Pts',(-4.68454429597824,-6.41030747295957,3.07224559373113));
#4651=CARTESIAN_POINT('Ctrl Pts',(-4.47731971363632,-6.16515077788904,3.27035331317359));
#4652=CARTESIAN_POINT('Ctrl Pts',(-4.23175914969894,-5.86708891353301,3.47205790255209));
#4653=CARTESIAN_POINT('Ctrl Pts',(-3.9990290782882,-5.5827876668874,3.63487169861269));
#4654=CARTESIAN_POINT('Ctrl Pts',(-3.78911334598475,-5.33062344420042,3.75552487086329));
#4655=CARTESIAN_POINT('Ctrl Pts',(-3.611996584956,-5.12896901232931,3.83074758881177));
#4656=CARTESIAN_POINT('Ctrl Pts',(-3.52047440214901,-5.03570921624384,3.84902554628411));
#4657=CARTESIAN_POINT('Ctrl Pts',(-3.482130890271,-5.00026473845351,3.85000000000001));
#4658=CARTESIAN_POINT('Ctrl Pts',(-6.74017714727797,-7.38044432354737,0.));
#4659=CARTESIAN_POINT('Ctrl Pts',(-6.68986792648482,-7.34014797136764,0.336374753678967));
#4660=CARTESIAN_POINT('Ctrl Pts',(-6.56705191578691,-7.24472853794367,0.964587349609557));
#4661=CARTESIAN_POINT('Ctrl Pts',(-6.3083925495355,-7.03177468819007,1.7794645768724));
#4662=CARTESIAN_POINT('Ctrl Pts',(-6.01923866782513,-6.76809502341803,2.3588393006045));
#4663=CARTESIAN_POINT('Ctrl Pts',(-5.77855849747011,-6.53254524527824,2.71170818694102));
#4664=CARTESIAN_POINT('Ctrl Pts',(-5.63201956052974,-6.38523433684584,2.89759033750979));
#4665=CARTESIAN_POINT('Ctrl Pts',(-5.48059059012967,-6.23074347335828,3.07266255778563));
#4666=CARTESIAN_POINT('Ctrl Pts',(-5.28370242152807,-6.02585422363202,3.27076864395433));
#4667=CARTESIAN_POINT('Ctrl Pts',(-5.04610847678406,-5.77478194900293,3.47245006574574));
#4668=CARTESIAN_POINT('Ctrl Pts',(-4.8180093628212,-5.53218380680861,3.63521442699689));
#4669=CARTESIAN_POINT('Ctrl Pts',(-4.61060307501591,-5.31235100801517,3.75578816851896));
#4670=CARTESIAN_POINT('Ctrl Pts',(-4.43508856829858,-5.12957129627483,3.83089773112313));
#4671=CARTESIAN_POINT('Ctrl Pts',(-4.34399085382488,-5.03802497702916,3.84907862346668));
#4672=CARTESIAN_POINT('Ctrl Pts',(-4.30551824670007,-5.00041404223718,3.85000000000001));
#4673=CARTESIAN_POINT('Ctrl Pts',(-6.80737543324227,-7.33788708460362,0.));
#4674=CARTESIAN_POINT('Ctrl Pts',(-6.75774186672323,-7.29651940975722,0.336382621197534));
#4675=CARTESIAN_POINT('Ctrl Pts',(-6.63804753219006,-7.2005427775083,0.964608615287193));
#4676=CARTESIAN_POINT('Ctrl Pts',(-6.3869512719208,-6.99088262683496,1.77950029591167));
#4677=CARTESIAN_POINT('Ctrl Pts',(-6.10427685677617,-6.73333010873624,2.35888346676896));
#4678=CARTESIAN_POINT('Ctrl Pts',(-5.86729590561789,-6.50347642258107,2.71175614371182));
#4679=CARTESIAN_POINT('Ctrl Pts',(-5.72256558766727,-6.35971649878637,2.89763968742488));
#4680=CARTESIAN_POINT('Ctrl Pts',(-5.57273652306397,-6.20892361172956,3.07271271406893));
#4681=CARTESIAN_POINT('Ctrl Pts',(-5.37742720110027,-6.0088747921641,3.27081859235507));
#4682=CARTESIAN_POINT('Ctrl Pts',(-5.14117542046596,-5.76344706636192,3.47249721492016));
#4683=CARTESIAN_POINT('Ctrl Pts',(-4.91398342932238,-5.52587233216714,3.63525562275898));
#4684=CARTESIAN_POINT('Ctrl Pts',(-4.70718093300531,-5.30995526320389,3.75581981068885));
#4685=CARTESIAN_POINT('Ctrl Pts',(-4.53209889949077,-5.12949263043197,3.83091577352709));
#4686=CARTESIAN_POINT('Ctrl Pts',(-4.44116106487496,-5.03821558722758,3.8490850022479));
#4687=CARTESIAN_POINT('Ctrl Pts',(-4.40271355504093,-5.00037013262246,3.85000000000001));
#4688=CARTESIAN_POINT('Ctrl Pts',(-6.9552923095037,-7.23300508802489,0.));
#4689=CARTESIAN_POINT('Ctrl Pts',(-6.90740125568617,-7.189220687707,0.336401372841992));
#4690=CARTESIAN_POINT('Ctrl Pts',(-6.79563099383082,-7.09200965821825,0.964659338020877));
#4691=CARTESIAN_POINT('Ctrl Pts',(-6.56373068559275,-6.89085591775871,1.77958555634278));
#4692=CARTESIAN_POINT('Ctrl Pts',(-6.2977522496569,-6.64830796591464,2.358988896219));
#4693=CARTESIAN_POINT('Ctrl Pts',(-6.07052477025886,-6.43250087325149,2.71187059880336));
#4694=CARTESIAN_POINT('Ctrl Pts',(-5.93064724149358,-6.29750061968894,2.89775744944609));
#4695=CARTESIAN_POINT('Ctrl Pts',(-5.78517474792799,-6.15581842444935,3.07283237974604));
#4696=CARTESIAN_POINT('Ctrl Pts',(-5.59430933305092,-5.9675537855724,3.27093773199272));
#4697=CARTESIAN_POINT('Ctrl Pts',(-5.36203459770649,-5.73589435515871,3.47260964331747));
#4698=CARTESIAN_POINT('Ctrl Pts',(-5.13771812047726,-5.5105593695396,3.63535382890487));
#4699=CARTESIAN_POINT('Ctrl Pts',(-4.9329735043817,-5.30419829529553,3.75589522615173));
#4700=CARTESIAN_POINT('Ctrl Pts',(-4.75941506679775,-5.1294646613541,3.83095877245482));
#4701=CARTESIAN_POINT('Ctrl Pts',(-4.66909010345062,-5.03887297045805,3.84910020574683));
#4702=CARTESIAN_POINT('Ctrl Pts',(-4.63078632566341,-5.00053651670952,3.85000000000001));
#4703=CARTESIAN_POINT('Ctrl Pts',(-7.10994179246005,-7.10488199324615,0.));
#4704=CARTESIAN_POINT('Ctrl Pts',(-7.06429326904773,-7.05847440267808,0.336423340847294));
#4705=CARTESIAN_POINT('Ctrl Pts',(-6.96240329701071,-6.95598816143883,0.964718818124816));
#4706=CARTESIAN_POINT('Ctrl Pts',(-6.7545747057301,-6.74930791453438,1.77968563394784));
#4707=CARTESIAN_POINT('Ctrl Pts',(-6.50977803163982,-6.50676070215464,2.35911265700048));
#4708=CARTESIAN_POINT('Ctrl Pts',(-6.2952614852594,-6.29410028480041,2.71200491966397));
#4709=CARTESIAN_POINT('Ctrl Pts',(-6.16182505725009,-6.16172347359407,2.89789562386667));
#4710=CARTESIAN_POINT('Ctrl Pts',(-6.02221715201848,-6.02314495422016,3.07297275654762));
#4711=CARTESIAN_POINT('Ctrl Pts',(-5.83747726903305,-5.83958490317611,3.2710774459999));
#4712=CARTESIAN_POINT('Ctrl Pts',(-5.61092954822732,-5.61405256138739,3.47274143483118));
#4713=CARTESIAN_POINT('Ctrl Pts',(-5.39095852309095,-5.39450177821473,3.63546890887781));
#4714=CARTESIAN_POINT('Ctrl Pts',(-5.18947182931428,-5.19271173266803,3.75598357522502));
#4715=CARTESIAN_POINT('Ctrl Pts',(-5.01838282030791,-5.02046455296574,3.83100914095803));
#4716=CARTESIAN_POINT('Ctrl Pts',(-4.92908108786955,-4.92983243623471,3.84911801724064));
#4717=CARTESIAN_POINT('Ctrl Pts',(-4.89107342365431,-4.89102421047562,3.85000000000001));
#4718=CARTESIAN_POINT('Ctrl Pts',(-7.2399645124534,-6.95297906368482,0.));
#4719=CARTESIAN_POINT('Ctrl Pts',(-7.19694914605876,-6.90434348049451,0.336446026779501));
#4720=CARTESIAN_POINT('Ctrl Pts',(-7.10033904351058,-6.79182626374608,0.964780374555343));
#4721=CARTESIAN_POINT('Ctrl Pts',(-6.89770565886938,-6.56064158597089,1.77978942908451));
#4722=CARTESIAN_POINT('Ctrl Pts',(-6.65256240147967,-6.29635184008928,2.35924103595923));
#4723=CARTESIAN_POINT('Ctrl Pts',(-6.43456398924603,-6.07059558165025,2.71214417212697));
#4724=CARTESIAN_POINT('Ctrl Pts',(-6.29830169078783,-5.93156485251623,2.89803880813602));
#4725=CARTESIAN_POINT('Ctrl Pts',(-6.15538882771387,-5.78691374698687,3.07311815078229));
#4726=CARTESIAN_POINT('Ctrl Pts',(-5.9657399836959,-5.59695861618628,3.27122204800648));
#4727=CARTESIAN_POINT('Ctrl Pts',(-5.73284709350806,-5.3654287561862,3.47287771618788));
#4728=CARTESIAN_POINT('Ctrl Pts',(-5.50694155011827,-5.14132413345114,3.63558781712785));
#4729=CARTESIAN_POINT('Ctrl Pts',(-5.30081376182657,-4.93614778862111,3.75607480704076));
#4730=CARTESIAN_POINT('Ctrl Pts',(-5.12725385919095,-4.7614054265256,3.83106114214094));
#4731=CARTESIAN_POINT('Ctrl Pts',(-5.0380874449819,-4.66978863190122,3.84913641134972));
#4732=CARTESIAN_POINT('Ctrl Pts',(-5.00059726012019,-4.63073232214622,3.85000000000001));
#4733=CARTESIAN_POINT('Ctrl Pts',(-7.43046493107021,-6.68752837594416,0.));
#4734=CARTESIAN_POINT('Ctrl Pts',(-7.39184569583807,-6.6357576721171,0.336482315596963));
#4735=CARTESIAN_POINT('Ctrl Pts',(-7.29731913414411,-6.50880113088778,0.96487895962513));
#4736=CARTESIAN_POINT('Ctrl Pts',(-7.07920040569518,-6.2422988388042,1.77995586076659));
#4737=CARTESIAN_POINT('Ctrl Pts',(-6.80661376329753,-5.94713289856291,2.35944690547918));
#4738=CARTESIAN_POINT('Ctrl Pts',(-6.56308476326671,-5.70319822149797,2.71236740679975));
#4739=CARTESIAN_POINT('Ctrl Pts',(-6.41092532502297,-5.55508247159836,2.89826828960472));
#4740=CARTESIAN_POINT('Ctrl Pts',(-6.25148457140658,-5.40225057749458,3.07335110984468));
#4741=CARTESIAN_POINT('Ctrl Pts',(-6.04039578162796,-5.20392105140513,3.27145364355725));
#4742=CARTESIAN_POINT('Ctrl Pts',(-5.78250658793091,-4.96485723989954,3.47309587752415));
#4743=CARTESIAN_POINT('Ctrl Pts',(-5.53440788558931,-4.73531297435728,3.63577808505449));
#4744=CARTESIAN_POINT('Ctrl Pts',(-5.31099590445696,-4.5262972480068,3.75622073899464));
#4745=CARTESIAN_POINT('Ctrl Pts',(-5.12715926823141,-4.34881962495046,3.831144312191));
#4746=CARTESIAN_POINT('Ctrl Pts',(-5.03681258683032,-4.25621425297637,3.84916583536049));
#4747=CARTESIAN_POINT('Ctrl Pts',(-5.00028294867525,-4.21697429989006,3.85000000000001));
#4748=CARTESIAN_POINT('Ctrl Pts',(-7.53851782539725,-6.46859107225043,0.));
#4749=CARTESIAN_POINT('Ctrl Pts',(-7.50325001738905,-6.41524802979875,0.336507762076901));
#4750=CARTESIAN_POINT('Ctrl Pts',(-7.41129274025261,-6.28060189719108,0.964948262287858));
#4751=CARTESIAN_POINT('Ctrl Pts',(-7.18573495555907,-5.99551918616265,1.78007314891434));
#4752=CARTESIAN_POINT('Ctrl Pts',(-6.89761427898744,-5.68494945158239,2.35959201342531));
#4753=CARTESIAN_POINT('Ctrl Pts',(-6.63914428758801,-5.43276429744081,2.71252465024228));
#4754=CARTESIAN_POINT('Ctrl Pts',(-6.47758335629258,-5.28081934356623,2.89842985124857));
#4755=CARTESIAN_POINT('Ctrl Pts',(-6.30831155310074,-5.12475349271249,3.07351502609131));
#4756=CARTESIAN_POINT('Ctrl Pts',(-6.08432809815723,-4.92355795849135,3.2716164631559));
#4757=CARTESIAN_POINT('Ctrl Pts',(-5.8113742241911,-4.68255247219773,3.47324909520904));
#4758=CARTESIAN_POINT('Ctrl Pts',(-5.54993349613058,-4.45216903288829,3.63591159279558));
#4759=CARTESIAN_POINT('Ctrl Pts',(-5.31627046207405,-4.24297931872325,3.75632306360162));
#4760=CARTESIAN_POINT('Ctrl Pts',(-5.12664721954806,-4.06555639891794,3.83120261531324));
#4761=CARTESIAN_POINT('Ctrl Pts',(-5.03602119424026,-3.97312882489818,3.84918646877921));
#4762=CARTESIAN_POINT('Ctrl Pts',(-5.00035896775861,-3.93407136512673,3.85000000000001));
#4763=CARTESIAN_POINT('Ctrl Pts',(-7.93255756720049,-5.37653524168689,0.));
#4764=CARTESIAN_POINT('Ctrl Pts',(-7.91091089474766,-5.32018177014803,0.33660875706549));
#4765=CARTESIAN_POINT('Ctrl Pts',(-7.8304369173644,-5.16879024359522,0.965224212129857));
#4766=CARTESIAN_POINT('Ctrl Pts',(-7.57836983951026,-4.84562142148167,1.78054166942142));
#4767=CARTESIAN_POINT('Ctrl Pts',(-7.23277250372923,-4.51050069311235,2.36017180247229));
#4768=CARTESIAN_POINT('Ctrl Pts',(-6.9185310224612,-4.25186518515178,2.71315239044642));
#4769=CARTESIAN_POINT('Ctrl Pts',(-6.72182874733125,-4.09957869225098,2.8990744084883));
#4770=CARTESIAN_POINT('Ctrl Pts',(-6.51580785495049,-3.94531077219713,3.07416849440137));
#4771=CARTESIAN_POINT('Ctrl Pts',(-6.24374940863011,-3.75041296580572,3.27226485229955));
#4772=CARTESIAN_POINT('Ctrl Pts',(-5.91472395495095,-3.52128837521759,3.47385843628761));
#4773=CARTESIAN_POINT('Ctrl Pts',(-5.60387916999084,-3.30496370239026,3.63644192848519));
#4774=CARTESIAN_POINT('Ctrl Pts',(-5.33267137180807,-3.10969347479365,3.75672915084584));
#4775=CARTESIAN_POINT('Ctrl Pts',(-5.12255371740062,-2.94373272202763,3.83143392532315));
#4776=CARTESIAN_POINT('Ctrl Pts',(-5.03200084432603,-2.85683294027354,3.84926836466648));
#4777=CARTESIAN_POINT('Ctrl Pts',(-5.00017734975292,-2.82010566083324,3.85000000000001));
#4778=CARTESIAN_POINT('Ctrl Pts',(-8.06578989683361,-4.02717244526021,0.));
#4779=CARTESIAN_POINT('Ctrl Pts',(-8.05523507058203,-3.97554451740889,0.336685845857413));
#4780=CARTESIAN_POINT('Ctrl Pts',(-7.98958898644898,-3.84247092416188,0.965436785084522));
#4781=CARTESIAN_POINT('Ctrl Pts',(-7.73777865578378,-3.57234169821915,1.78090584043248));
#4782=CARTESIAN_POINT('Ctrl Pts',(-7.37269407268289,-3.30311385972384,2.36062276103178));
#4783=CARTESIAN_POINT('Ctrl Pts',(-7.03543064214727,-3.10060866942459,2.71363948528336));
#4784=CARTESIAN_POINT('Ctrl Pts',(-6.8234910768005,-2.98259518824906,2.8995736404793));
#4785=CARTESIAN_POINT('Ctrl Pts',(-6.60116154712475,-2.86372843278909,3.07467358413225));
#4786=CARTESIAN_POINT('Ctrl Pts',(-6.30715920049217,-2.71469660536169,3.2727644850963));
#4787=CARTESIAN_POINT('Ctrl Pts',(-5.9522866511503,-2.54013497497508,3.47432622252032));
#4788=CARTESIAN_POINT('Ctrl Pts',(-5.61901952944516,-2.37484017160135,3.63684771824206));
#4789=CARTESIAN_POINT('Ctrl Pts',(-5.33185629076269,-2.2239007622177,3.75703904770632));
#4790=CARTESIAN_POINT('Ctrl Pts',(-5.11529537458259,-2.09240561021429,3.83161028635789));
#4791=CARTESIAN_POINT('Ctrl Pts',(-5.02810097038082,-2.02048175961344,3.84933088294798));
#4792=CARTESIAN_POINT('Ctrl Pts',(-5.00006871131858,-1.98902489274674,3.85));
#4793=CARTESIAN_POINT('Ctrl Pts',(-8.14091018393417,-1.62953365825009,0.));
#4794=CARTESIAN_POINT('Ctrl Pts',(-8.13912247620087,-1.60384091164343,0.336785190829557));
#4795=CARTESIAN_POINT('Ctrl Pts',(-8.08621053722607,-1.54146375024607,0.965716232159993));
#4796=CARTESIAN_POINT('Ctrl Pts',(-7.83837397916587,-1.42306128069313,1.78139371374367));
#4797=CARTESIAN_POINT('Ctrl Pts',(-7.46248393354846,-1.31030468354597,2.36122773910914));
#4798=CARTESIAN_POINT('Ctrl Pts',(-7.11065705201426,-1.2276682932521,2.71428971651489));
#4799=CARTESIAN_POINT('Ctrl Pts',(-6.88881329290457,-1.17997907898113,2.900237532208));
#4800=CARTESIAN_POINT('Ctrl Pts',(-6.6557541152632,-1.13219057904634,3.07534235038363));
#4801=CARTESIAN_POINT('Ctrl Pts',(-6.34712585553028,-1.07265002970272,3.27342174271634));
#4802=CARTESIAN_POINT('Ctrl Pts',(-5.9749126394463,-1.00293346335374,3.47493665583394));
#4803=CARTESIAN_POINT('Ctrl Pts',(-5.62667595593377,-0.936368609894623,
3.63737346220708));
#4804=CARTESIAN_POINT('Ctrl Pts',(-5.32914365166492,-0.874390230129722,
3.75743822517969));
#4805=CARTESIAN_POINT('Ctrl Pts',(-5.10904291186767,-0.818433112972444,
3.83183700809568));
#4806=CARTESIAN_POINT('Ctrl Pts',(-5.02499570531059,-0.78600485625047,3.84941147260793));
#4807=CARTESIAN_POINT('Ctrl Pts',(-5.00004173432457,-0.771206332177437,
3.85));
#4808=CARTESIAN_POINT('Ctrl Pts',(-8.15408654126577,-0.8148527978936,0.));
#4809=CARTESIAN_POINT('Ctrl Pts',(-8.15397677899441,-0.800204102791094,
0.336814725379793));
#4810=CARTESIAN_POINT('Ctrl Pts',(-8.10347723552329,-0.766395943976808,
0.965800234117491));
#4811=CARTESIAN_POINT('Ctrl Pts',(-7.8563840962394,-0.705803634360588,1.78154187330086));
#4812=CARTESIAN_POINT('Ctrl Pts',(-7.47849101980102,-0.650115187154415,
2.36141159683005));
#4813=CARTESIAN_POINT('Ctrl Pts',(-7.12399348428763,-0.610005005100317,
2.71448680661273));
#4814=CARTESIAN_POINT('Ctrl Pts',(-6.90034009582322,-0.586991150992367,
2.90043835073799));
#4815=CARTESIAN_POINT('Ctrl Pts',(-6.66532463045409,-0.563991015475404,
3.07554416881746));
#4816=CARTESIAN_POINT('Ctrl Pts',(-6.35403648172871,-0.535409151494982,
3.27361938777851));
#4817=CARTESIAN_POINT('Ctrl Pts',(-5.97868799062839,-0.501839033427573,
3.47511940884778));
#4818=CARTESIAN_POINT('Ctrl Pts',(-5.62776878818224,-0.469455044262718,
3.63753023237028));
#4819=CARTESIAN_POINT('Ctrl Pts',(-5.32841653871586,-0.438715623235194,
3.75755686600582));
#4820=CARTESIAN_POINT('Ctrl Pts',(-5.10776853859972,-0.410079275064552,
3.83190431741415));
#4821=CARTESIAN_POINT('Ctrl Pts',(-5.02438082113481,-0.392695458989953,
3.84943543500443));
#4822=CARTESIAN_POINT('Ctrl Pts',(-5.00003836980336,-0.384506729190439,
3.85));
#4823=CARTESIAN_POINT('Ctrl Pts',(-8.15585876780109,1.08462722164036,0.));
#4824=CARTESIAN_POINT('Ctrl Pts',(-8.15566461374367,1.06557480585606,0.336876294384744));
#4825=CARTESIAN_POINT('Ctrl Pts',(-8.10499579163458,1.02140712755013,0.965978310158318));
#4826=CARTESIAN_POINT('Ctrl Pts',(-7.85764973190699,0.941835197154438,1.78186072532598));
#4827=CARTESIAN_POINT('Ctrl Pts',(-7.47954555162594,0.868478548884763,2.36180769866126));
#4828=CARTESIAN_POINT('Ctrl Pts',(-7.1249007093962,0.815556889085485,2.7149097848675));
#4829=CARTESIAN_POINT('Ctrl Pts',(-6.90116322209597,0.785170174244746,2.90086803523805));
#4830=CARTESIAN_POINT('Ctrl Pts',(-6.66606366973363,0.754787342664447,3.07597449817948));
#4831=CARTESIAN_POINT('Ctrl Pts',(-6.35467015682963,0.717005387366646,3.27403860766924));
#4832=CARTESIAN_POINT('Ctrl Pts',(-5.97919529445028,0.672588202832891,3.47550447103905));
#4833=CARTESIAN_POINT('Ctrl Pts',(-5.62814963106168,0.629698045888144,3.63785854907224));
#4834=CARTESIAN_POINT('Ctrl Pts',(-5.32867083232514,0.588940746745169,3.75780408797268));
#4835=CARTESIAN_POINT('Ctrl Pts',(-5.10789624625419,0.550922196430767,3.8320443339442));
#4836=CARTESIAN_POINT('Ctrl Pts',(-5.02442392848397,0.52780634038476,3.84948539980485));
#4837=CARTESIAN_POINT('Ctrl Pts',(-5.00003928125949,0.516907236867733,3.85));
#4838=CARTESIAN_POINT('Ctrl Pts',(-8.1348729573999,2.16974413013291,0.));
#4839=CARTESIAN_POINT('Ctrl Pts',(-8.13161311346033,2.13750427064719,0.336917015199321));
#4840=CARTESIAN_POINT('Ctrl Pts',(-8.07646584345471,2.05743126000033,0.966093663664259));
#4841=CARTESIAN_POINT('Ctrl Pts',(-7.82745870749936,1.90177494231446,1.78206322188755));
#4842=CARTESIAN_POINT('Ctrl Pts',(-7.45259980019601,1.75148727656691,2.36205918383378));
#4843=CARTESIAN_POINT('Ctrl Pts',(-7.1024729422437,1.64063315386487,2.71517965000416));
#4844=CARTESIAN_POINT('Ctrl Pts',(-6.88182008216251,1.57652354998521,2.90114339773224));
#4845=CARTESIAN_POINT('Ctrl Pts',(-6.65006563403288,1.51221375121106,3.0762517740282));
#4846=CARTESIAN_POINT('Ctrl Pts',(-6.34323521117596,1.43203095797606,3.27430841934469));
#4847=CARTESIAN_POINT('Ctrl Pts',(-5.973140045384,1.33820040023555,3.47575641564998));
#4848=CARTESIAN_POINT('Ctrl Pts',(-5.62667752275738,1.24892014582784,3.63807468883727));
#4849=CARTESIAN_POINT('Ctrl Pts',(-5.3302606274467,1.16635176221918,3.75796732482939));
#4850=CARTESIAN_POINT('Ctrl Pts',(-5.11030153051812,1.09259103540662,3.8321373349332));
#4851=CARTESIAN_POINT('Ctrl Pts',(-5.02556468759493,1.05057049606003,3.84951845576874));
#4852=CARTESIAN_POINT('Ctrl Pts',(-5.00005060203044,1.03162377436562,3.85));
#4853=CARTESIAN_POINT('Ctrl Pts',(-8.01963732977186,4.51845385496609,0.));
#4854=CARTESIAN_POINT('Ctrl Pts',(-8.00500165035527,4.46526977266197,0.33702380488847));
#4855=CARTESIAN_POINT('Ctrl Pts',(-7.93393915868084,4.32560849426768,0.966392546438013));
#4856=CARTESIAN_POINT('Ctrl Pts',(-7.68207285753327,4.03575381431706,1.78258170215914));
#4857=CARTESIAN_POINT('Ctrl Pts',(-7.32397592064824,3.74191101794278,2.36270298542778));
#4858=CARTESIAN_POINT('Ctrl Pts',(-6.99489627237931,3.51851137445328,2.71587255796637));
#4859=CARTESIAN_POINT('Ctrl Pts',(-6.78835485638585,3.38777863343265,2.9018523131557));
#4860=CARTESIAN_POINT('Ctrl Pts',(-6.57179078191998,3.25578927229282,3.07696793440184));
#4861=CARTESIAN_POINT('Ctrl Pts',(-6.28551671438615,3.08993394934008,3.27500483047928));
#4862=CARTESIAN_POINT('Ctrl Pts',(-5.93970748277025,2.89533217306322,3.47641304742253));
#4863=CARTESIAN_POINT('Ctrl Pts',(-5.61425173989451,2.71148297174631,3.63864000805843));
#4864=CARTESIAN_POINT('Ctrl Pts',(-5.33257349249,2.54471495786406,3.75839500339873));
#4865=CARTESIAN_POINT('Ctrl Pts',(-5.11809644130879,2.40101973007082,3.83238182197126));
#4866=CARTESIAN_POINT('Ctrl Pts',(-5.02955210968745,2.32400618797609,3.84960515948183));
#4867=CARTESIAN_POINT('Ctrl Pts',(-5.00009020850257,2.29081319002182,3.85));
#4868=CARTESIAN_POINT('Ctrl Pts',(-7.8687392802031,5.6239955520981,0.));
#4869=CARTESIAN_POINT('Ctrl Pts',(-7.84406334349548,5.56810612513427,0.337093075037264));
#4870=CARTESIAN_POINT('Ctrl Pts',(-7.76055331561138,5.41824600976119,0.966583523978274));
#4871=CARTESIAN_POINT('Ctrl Pts',(-7.5122089243078,5.09665180782717,1.78290799724039));
#4872=CARTESIAN_POINT('Ctrl Pts',(-7.17632220569896,4.75971302942512,2.36310805820277));
#4873=CARTESIAN_POINT('Ctrl Pts',(-6.87173308368962,4.49741033016704,2.71631020613523));
#4874=CARTESIAN_POINT('Ctrl Pts',(-6.68114164347581,4.34239854852539,2.90230161363912));
#4875=CARTESIAN_POINT('Ctrl Pts',(-6.48152138712788,4.1850134865868,3.07742371103282));
#4876=CARTESIAN_POINT('Ctrl Pts',(-6.21784444797992,3.98578540235824,3.27544765732938));
#4877=CARTESIAN_POINT('Ctrl Pts',(-5.89854670977143,3.75082299417326,3.476835716111));
#4878=CARTESIAN_POINT('Ctrl Pts',(-5.5961634608035,3.52897721442069,3.6390055081128));
#4879=CARTESIAN_POINT('Ctrl Pts',(-5.33118770676499,3.32925526396563,3.75867209611838));
#4880=CARTESIAN_POINT('Ctrl Pts',(-5.12410904098436,3.16007294893792,3.83254088418899));
#4881=CARTESIAN_POINT('Ctrl Pts',(-5.0330119772566,3.07221310841968,3.84966141261498));
#4882=CARTESIAN_POINT('Ctrl Pts',(-5.00020285126261,3.03525012534562,3.85000000000001));
#4883=CARTESIAN_POINT('Ctrl Pts',(-7.50401916556831,6.53277119100999,0.));
#4884=CARTESIAN_POINT('Ctrl Pts',(-7.46741632722302,6.48037933873409,0.33718225915792));
#4885=CARTESIAN_POINT('Ctrl Pts',(-7.37439798567873,6.34865935185478,0.966827549846644));
#4886=CARTESIAN_POINT('Ctrl Pts',(-7.15147330232886,6.06909697039824,1.78332167815862));
#4887=CARTESIAN_POINT('Ctrl Pts',(-6.86872433832269,5.76222338141959,2.36362155454825));
#4888=CARTESIAN_POINT('Ctrl Pts',(-6.6153037277584,5.51157341105336,2.71686610517433));
#4889=CARTESIAN_POINT('Ctrl Pts',(-6.45688529121187,5.36023058204247,2.90287332747814));
#4890=CARTESIAN_POINT('Ctrl Pts',(-6.29087593400844,5.20456794732612,3.0780049006008));
#4891=CARTESIAN_POINT('Ctrl Pts',(-6.07111523790695,5.00392845310532,3.27601208509997));
#4892=CARTESIAN_POINT('Ctrl Pts',(-5.80302364530346,4.76303199757453,3.47737780584424));
#4893=CARTESIAN_POINT('Ctrl Pts',(-5.54580492045513,4.53304792450304,3.6394753148453));
#4894=CARTESIAN_POINT('Ctrl Pts',(-5.31527667083178,4.32502122724732,3.75902864003728));
#4895=CARTESIAN_POINT('Ctrl Pts',(-5.12725394929426,4.14902762262002,3.83274597720633));
#4896=CARTESIAN_POINT('Ctrl Pts',(-5.03646041161096,4.05806250569462,3.84973384520191));
#4897=CARTESIAN_POINT('Ctrl Pts',(-5.00036982126896,4.01975580901645,3.85000000000001));
#4898=CARTESIAN_POINT('Ctrl Pts',(-7.40993564910889,6.71499698177345,0.));
#4899=CARTESIAN_POINT('Ctrl Pts',(-7.37053083005518,6.66401428202059,0.33720381491176));
#4900=CARTESIAN_POINT('Ctrl Pts',(-7.27547929821948,6.53903991630169,0.966886380995947));
#4901=CARTESIAN_POINT('Ctrl Pts',(-7.05918956047201,6.2757168333257,1.78342114623621));
#4902=CARTESIAN_POINT('Ctrl Pts',(-6.78996664138372,5.98232942348306,2.36374501797054));
#4903=CARTESIAN_POINT('Ctrl Pts',(-6.54947469830152,5.7389641544024,2.71699985465331));
#4904=CARTESIAN_POINT('Ctrl Pts',(-6.39917776869104,5.59103236897116,2.90301096501881));
#4905=CARTESIAN_POINT('Ctrl Pts',(-6.2416545587511,5.43827212009019,3.07814492031415));
#4906=CARTESIAN_POINT('Ctrl Pts',(-6.03301932599097,5.24029373409481,3.2761480462935));
#4907=CARTESIAN_POINT('Ctrl Pts',(-5.7779204481175,5.00129137066205,3.47750865993047));
#4908=CARTESIAN_POINT('Ctrl Pts',(-5.53221728293333,4.77229954469341,3.63958880482939));
#4909=CARTESIAN_POINT('Ctrl Pts',(-5.3105586897226,4.56475985178784,3.75911479969701));
#4910=CARTESIAN_POINT('Ctrl Pts',(-5.12758562365034,4.38904882165103,3.83279557256243));
#4911=CARTESIAN_POINT('Ctrl Pts',(-5.03710006728306,4.29816974232397,3.84975135273688));
#4912=CARTESIAN_POINT('Ctrl Pts',(-5.00029937726219,4.25982176099989,3.85000000000001));
#4913=CARTESIAN_POINT('Ctrl Pts',(-7.24058357290065,6.95438061974543,0.));
#4914=CARTESIAN_POINT('Ctrl Pts',(-7.19723777383474,6.90621086888288,0.33723641707957));
#4915=CARTESIAN_POINT('Ctrl Pts',(-7.1002392027549,6.79412141377001,0.966975179789053));
#4916=CARTESIAN_POINT('Ctrl Pts',(-6.89761911022336,6.56215923618708,1.78357096160628));
#4917=CARTESIAN_POINT('Ctrl Pts',(-6.65274606334212,6.29605177122117,2.36393096833395));
#4918=CARTESIAN_POINT('Ctrl Pts',(-6.43497214245626,6.06864927355986,2.71720140733861));
#4919=CARTESIAN_POINT('Ctrl Pts',(-6.29883297101171,5.92867002300199,2.90321847747999));
#4920=CARTESIAN_POINT('Ctrl Pts',(-6.15603475975903,5.78305003452991,3.07835614666569));
#4921=CARTESIAN_POINT('Ctrl Pts',(-5.96650037928844,5.59240817098071,3.27635312560875));
#4922=CARTESIAN_POINT('Ctrl Pts',(-5.73368237579091,5.3599483526045,3.47770636750901));
#4923=CARTESIAN_POINT('Ctrl Pts',(-5.50776331509578,5.13573500297845,3.63976037871992));
#4924=CARTESIAN_POINT('Ctrl Pts',(-5.30151034493903,4.93171007458904,3.75924509224508));
#4925=CARTESIAN_POINT('Ctrl Pts',(-5.1276911042485,4.7586020538433,3.83287061300811));
#4926=CARTESIAN_POINT('Ctrl Pts',(-5.03824190677067,4.66881842832613,3.84977783289044));
#4927=CARTESIAN_POINT('Ctrl Pts',(-5.00058042151263,4.63075076402481,3.85000000000001));
#4928=CARTESIAN_POINT('Ctrl Pts',(-7.1118449342337,7.10707916182042,0.));
#4929=CARTESIAN_POINT('Ctrl Pts',(-7.06586751837533,7.06113908844317,0.337259153025048));
#4930=CARTESIAN_POINT('Ctrl Pts',(-6.96355032083159,6.95901845341643,0.967037034775105));
#4931=CARTESIAN_POINT('Ctrl Pts',(-6.75553785448764,6.75138403536928,1.78367519306806));
#4932=CARTESIAN_POINT('Ctrl Pts',(-6.51079952627543,6.50675464375579,2.36406033774042));
#4933=CARTESIAN_POINT('Ctrl Pts',(-6.29633898756723,6.29225038519656,2.7173416751477));
#4934=CARTESIAN_POINT('Ctrl Pts',(-6.16292788916452,6.15881526707482,2.90336293264518));
#4935=CARTESIAN_POINT('Ctrl Pts',(-6.02333771406364,6.01915740425162,3.07850323542799));
#4936=CARTESIAN_POINT('Ctrl Pts',(-5.83860135864407,5.83480906944856,3.276495924161));
#4937=CARTESIAN_POINT('Ctrl Pts',(-5.61200552389075,5.60822248937271,3.47784416379838));
#4938=CARTESIAN_POINT('Ctrl Pts',(-5.39191731990561,5.38851247481107,3.63988000065285));
#4939=CARTESIAN_POINT('Ctrl Pts',(-5.19022648007548,5.18793733958632,3.75933594706446));
#4940=CARTESIAN_POINT('Ctrl Pts',(-5.01882799119986,5.01743813749436,3.83292295598164));
#4941=CARTESIAN_POINT('Ctrl Pts',(-4.92923751838408,4.92877829962992,3.84979629978786));
#4942=CARTESIAN_POINT('Ctrl Pts',(-4.89105955556433,4.89104087683343,3.85000000000001));
#4943=CARTESIAN_POINT('Ctrl Pts',(-6.95794145700027,7.23511797020037,0.));
#4944=CARTESIAN_POINT('Ctrl Pts',(-6.90972593969833,7.19180252095063,0.337281171568108));
#4945=CARTESIAN_POINT('Ctrl Pts',(-6.79749126273633,7.09498761608773,0.967096814705416));
#4946=CARTESIAN_POINT('Ctrl Pts',(-6.56529364169081,6.89282255602841,1.78377570887428));
#4947=CARTESIAN_POINT('Ctrl Pts',(-6.29923572996488,6.64810652200614,2.36418509127837));
#4948=CARTESIAN_POINT('Ctrl Pts',(-6.07197151211147,6.43034080625435,2.7174770139521));
#4949=CARTESIAN_POINT('Ctrl Pts',(-5.93206819670311,6.29421160629211,2.90350238071384));
#4950=CARTESIAN_POINT('Ctrl Pts',(-5.78656342949921,6.15137674246858,3.07864530964892));
#4951=CARTESIAN_POINT('Ctrl Pts',(-5.59563693403756,5.96229310887455,3.27663383761409));
#4952=CARTESIAN_POINT('Ctrl Pts',(-5.36324584028772,5.729524473817,3.4779774732139));
#4953=CARTESIAN_POINT('Ctrl Pts',(-5.13875370232857,5.50404562020591,3.63999579699092));
#4954=CARTESIAN_POINT('Ctrl Pts',(-4.9337597091989,5.29902094666483,3.75942392123934));
#4955=CARTESIAN_POINT('Ctrl Pts',(-4.75986427234189,5.12618927038026,3.83297366750013));
#4956=CARTESIAN_POINT('Ctrl Pts',(-4.66924289708032,5.03774092944504,3.84981418449558));
#4957=CARTESIAN_POINT('Ctrl Pts',(-4.6307713216024,5.00055729144924,3.85000000000001));
#4958=CARTESIAN_POINT('Ctrl Pts',(-6.76605323569841,7.37026195911279,0.));
#4959=CARTESIAN_POINT('Ctrl Pts',(-6.71558470091399,7.33008171628487,0.337305544655618));
#4960=CARTESIAN_POINT('Ctrl Pts',(-6.59309136351235,7.23483779673879,0.967162926339702));
#4961=CARTESIAN_POINT('Ctrl Pts',(-6.33600599797261,7.02171200960204,1.78388676272524));
#4962=CARTESIAN_POINT('Ctrl Pts',(-6.04830526153107,6.75752052881246,2.36432292190917));
#4963=CARTESIAN_POINT('Ctrl Pts',(-5.8083929654604,6.52155314735543,2.71762657695243));
#4964=CARTESIAN_POINT('Ctrl Pts',(-5.66219600205618,6.3740803204102,2.90365651906239));
#4965=CARTESIAN_POINT('Ctrl Pts',(-5.51104122070211,6.2194452824425,3.07880239230542));
#4966=CARTESIAN_POINT('Ctrl Pts',(-5.31435573426635,6.01511948482961,3.27678631164688));
#4967=CARTESIAN_POINT('Ctrl Pts',(-5.07681181234514,5.76452964897321,3.47812496948754));
#4968=CARTESIAN_POINT('Ctrl Pts',(-4.84859743871941,5.52326683864262,3.64012395076023));
#4969=CARTESIAN_POINT('Ctrl Pts',(-4.64094349459869,5.30603127134716,3.75952129606905));
#4970=CARTESIAN_POINT('Ctrl Pts',(-4.46508205857623,5.12596816997562,3.83302981178143));
#4971=CARTESIAN_POINT('Ctrl Pts',(-4.37367594697353,5.03679188062655,3.84983398194862));
#4972=CARTESIAN_POINT('Ctrl Pts',(-4.33502162692083,5.00033685363606,3.85000000000001));
#4973=CARTESIAN_POINT('Ctrl Pts',(-6.64644150495615,7.43891743562434,0.));
#4974=CARTESIAN_POINT('Ctrl Pts',(-6.59491052719885,7.40060420058054,0.337318777887073));
#4975=CARTESIAN_POINT('Ctrl Pts',(-6.46744516892397,7.30651635963655,0.967198777682328));
#4976=CARTESIAN_POINT('Ctrl Pts',(-6.19836145258912,7.08825261187224,1.78394690788992));
#4977=CARTESIAN_POINT('Ctrl Pts',(-5.90052451813638,6.81412901949784,2.36439756753582));
#4978=CARTESIAN_POINT('Ctrl Pts',(-5.65496510315877,6.56881057116412,2.71770760347578));
#4979=CARTESIAN_POINT('Ctrl Pts',(-5.50605861797019,6.41549055284111,2.90374004885157));
#4980=CARTESIAN_POINT('Ctrl Pts',(-5.35254514271478,6.25475686229308,3.07888754744095));
#4981=CARTESIAN_POINT('Ctrl Pts',(-5.15361229896669,6.0424733295308,3.2768689624593));
#4982=CARTESIAN_POINT('Ctrl Pts',(-4.91427551391987,5.78258307916518,3.47820500265156));
#4983=CARTESIAN_POINT('Ctrl Pts',(-4.68495644404323,5.53308858464095,3.64019351306908));
#4984=CARTESIAN_POINT('Ctrl Pts',(-4.47664711902597,5.30952611398816,3.75957416029349));
#4985=CARTESIAN_POINT('Ctrl Pts',(-4.30034061803997,5.12581626887742,3.83306030213229));
#4986=CARTESIAN_POINT('Ctrl Pts',(-4.20879002058312,5.03637419662751,3.84984473104478));
#4987=CARTESIAN_POINT('Ctrl Pts',(-4.17013843087131,5.00039761169087,3.85000000000001));
#4988=CARTESIAN_POINT('Ctrl Pts',(-5.90148769436272,7.80083524387595,0.));
#4989=CARTESIAN_POINT('Ctrl Pts',(-5.84544201319802,7.77317514714976,0.337389055112745));
#4990=CARTESIAN_POINT('Ctrl Pts',(-5.69590792785107,7.68658759626308,0.967388977259482));
#4991=CARTESIAN_POINT('Ctrl Pts',(-5.37423283406034,7.44156177729446,1.78426564432293));
#4992=CARTESIAN_POINT('Ctrl Pts',(-5.03433751871592,7.11467842489394,2.36479314195407));
#4993=CARTESIAN_POINT('Ctrl Pts',(-4.76760895800111,6.8192089721011,2.71813711326071));
#4994=CARTESIAN_POINT('Ctrl Pts',(-4.60940452238898,6.63447629195153,2.90418293800318));
#4995=CARTESIAN_POINT('Ctrl Pts',(-4.44844937263167,6.44097390944581,3.07933918778204));
#4996=CARTESIAN_POINT('Ctrl Pts',(-4.24384851228325,6.18609057905284,3.27730729381762));
#4997=CARTESIAN_POINT('Ctrl Pts',(-4.00211028228908,5.87643616154272,3.47862981233704));
#4998=CARTESIAN_POINT('Ctrl Pts',(-3.77337955933399,5.58306293894908,3.6405628543062));
#4999=CARTESIAN_POINT('Ctrl Pts',(-3.56711520899268,5.32603513515953,3.75985488247814));
#5000=CARTESIAN_POINT('Ctrl Pts',(-3.39277682967247,5.12344560420292,3.83322225794048));
#5001=CARTESIAN_POINT('Ctrl Pts',(-3.30238639695573,5.03330163905263,3.84990181666993));
#5002=CARTESIAN_POINT('Ctrl Pts',(-3.26443651127317,5.00023701788549,3.85000000000001));
#5003=CARTESIAN_POINT('Ctrl Pts',(-4.89239549586432,7.97923289846895,0.));
#5004=CARTESIAN_POINT('Ctrl Pts',(-4.83751388529314,7.96174670335323,0.337437660699556));
#5005=CARTESIAN_POINT('Ctrl Pts',(-4.69234501889425,7.88694035237376,0.96751978375603));
#5006=CARTESIAN_POINT('Ctrl Pts',(-4.38797175523838,7.63510239910397,1.7844835277021));
#5007=CARTESIAN_POINT('Ctrl Pts',(-4.07657660950496,7.28171340057733,2.36506352576652));
#5008=CARTESIAN_POINT('Ctrl Pts',(-3.83829353876865,6.95821453386638,2.71843115234285));
#5009=CARTESIAN_POINT('Ctrl Pts',(-3.69846988898048,6.75542435566236,2.9044865551377));
#5010=CARTESIAN_POINT('Ctrl Pts',(-3.55709704243745,6.54282951398269,3.07964931184919));
#5011=CARTESIAN_POINT('Ctrl Pts',(-3.37895130545491,6.26273788371261,3.2776081774274));
#5012=CARTESIAN_POINT('Ctrl Pts',(-3.16980778504288,5.92350682929524,3.47892278774309));
#5013=CARTESIAN_POINT('Ctrl Pts',(-2.97221151106277,5.60442077184868,3.64081799365793));
#5014=CARTESIAN_POINT('Ctrl Pts',(-2.79321984142666,5.3287440095893,3.76004895422716));
#5015=CARTESIAN_POINT('Ctrl Pts',(-2.63989037107995,5.11750682655425,3.83333439192382));
#5016=CARTESIAN_POINT('Ctrl Pts',(-2.55841950247499,5.02974367091739,3.84994130165184));
#5017=CARTESIAN_POINT('Ctrl Pts',(-2.52356739603394,5.00010388178873,3.85000000000001));
#5018=CARTESIAN_POINT('Ctrl Pts',(-2.50465867523373,8.13070081684335,0.));
#5019=CARTESIAN_POINT('Ctrl Pts',(-2.46832623997839,8.12649539907305,0.33749510675809));
#5020=CARTESIAN_POINT('Ctrl Pts',(-2.37705883620388,8.06972506743263,0.967674068947908));
#5021=CARTESIAN_POINT('Ctrl Pts',(-2.19759827717479,7.81908479090339,1.78473995806621));
#5022=CARTESIAN_POINT('Ctrl Pts',(-2.02321112199252,7.44342504836231,2.36538173410174));
#5023=CARTESIAN_POINT('Ctrl Pts',(-1.89420410457511,7.09315961909801,2.71877739637044));
#5024=CARTESIAN_POINT('Ctrl Pts',(-1.81952755820988,6.87259710985535,2.90484425629061));
#5025=CARTESIAN_POINT('Ctrl Pts',(-1.74459154052889,6.64094427134416,3.08001489524289));
#5026=CARTESIAN_POINT('Ctrl Pts',(-1.65110376794467,6.33530645625209,3.27796282465866));
#5027=CARTESIAN_POINT('Ctrl Pts',(-1.5418222850911,5.96585468942447,3.47926869788688));
#5028=CARTESIAN_POINT('Ctrl Pts',(-1.43805537155974,5.62067306800474,3.64111940869512));
#5029=CARTESIAN_POINT('Ctrl Pts',(-1.34244423518568,5.32671549381443,3.76027828900077));
#5030=CARTESIAN_POINT('Ctrl Pts',(-1.25763020520821,5.10837903378881,3.8334669721459));
#5031=CARTESIAN_POINT('Ctrl Pts',(-1.20981848129206,5.02501684930407,3.84998796952296));
#5032=CARTESIAN_POINT('Ctrl Pts',(-1.18843308628424,5.00005635005237,3.85000000000001));
#5033=CARTESIAN_POINT('Ctrl Pts',(-1.25194278643127,8.15792043253438,0.));
#5034=CARTESIAN_POINT('Ctrl Pts',(-1.22973831242654,8.15782225708305,0.337509914872449));
#5035=CARTESIAN_POINT('Ctrl Pts',(-1.17835807797251,8.1070711657715,0.9677136695528));
#5036=CARTESIAN_POINT('Ctrl Pts',(-1.08598958898502,7.85872319029692,1.78480547032074));
#5037=CARTESIAN_POINT('Ctrl Pts',(-1.00094463052735,7.4787900750834,2.36546302345412));
#5038=CARTESIAN_POINT('Ctrl Pts',(-0.939632301059252,7.12253160075129,2.71886595503107));
#5039=CARTESIAN_POINT('Ctrl Pts',(-0.904438683981514,6.89787455763301,2.90493584286384));
#5040=CARTESIAN_POINT('Ctrl Pts',(-0.869256656393897,6.66177743964682,3.08010861804871));
#5041=CARTESIAN_POINT('Ctrl Pts',(-0.825519922590567,6.35010799045961,3.27805372022132));
#5042=CARTESIAN_POINT('Ctrl Pts',(-0.774123217042977,5.9735175988436,3.4793576729546));
#5043=CARTESIAN_POINT('Ctrl Pts',(-0.724515486564641,5.62228595092325,3.64119703523882));
#5044=CARTESIAN_POINT('Ctrl Pts',(-0.677398454109171,5.32435787334375,3.7603373864988));
#5045=CARTESIAN_POINT('Ctrl Pts',(-0.633473882077868,5.10503412080206,3.83350117572748));
#5046=CARTESIAN_POINT('Ctrl Pts',(-0.606786810379367,5.02344859941338,3.85000000000002));
#5047=CARTESIAN_POINT('Ctrl Pts',(-0.594209345117334,5.00003801240833,3.85000000000002));
#5048=CARTESIAN_POINT('Ctrl Pts',(0.779018726110338,8.15437958852622,0.));
#5049=CARTESIAN_POINT('Ctrl Pts',(0.765202047341598,8.15445002349938,0.337509914872449));
#5050=CARTESIAN_POINT('Ctrl Pts',(0.733230075304389,8.10403647369477,0.967713669552802));
#5051=CARTESIAN_POINT('Ctrl Pts',(0.675753571387933,7.85619400219718,1.78480547032075));
#5052=CARTESIAN_POINT('Ctrl Pts',(0.622833602036506,7.47668234319367,2.36546302345413));
#5053=CARTESIAN_POINT('Ctrl Pts',(0.584681968788756,7.12071854236417,2.71886595503108));
#5054=CARTESIAN_POINT('Ctrl Pts',(0.562782805051389,6.89622982857755,2.90493584286385));
#5055=CARTESIAN_POINT('Ctrl Pts',(0.540890869470222,6.66030103201592,3.08010861804872));
#5056=CARTESIAN_POINT('Ctrl Pts',(0.513675516959287,6.34884217279696,3.27805372022133));
#5057=CARTESIAN_POINT('Ctrl Pts',(0.481693825682571,5.97250444974491,3.47935767295461));
#5058=CARTESIAN_POINT('Ctrl Pts',(0.450825283639753,5.62152554806742,3.64119703523883));
#5059=CARTESIAN_POINT('Ctrl Pts',(0.421506558944305,5.32385029761872,3.76033738649881));
#5060=CARTESIAN_POINT('Ctrl Pts',(0.394174400150387,5.10477941975645,3.83350117572749));
#5061=CARTESIAN_POINT('Ctrl Pts',(0.377568152722235,5.02336265052976,3.85000000000003));
#5062=CARTESIAN_POINT('Ctrl Pts',(0.369741855136914,5.00003636873696,3.85000000000003));
#5063=CARTESIAN_POINT('Ctrl Pts',(1.55790400942239,8.14163649331128,0.));
#5064=CARTESIAN_POINT('Ctrl Pts',(1.53340525378877,8.1401877790008,0.337504179238773));
#5065=CARTESIAN_POINT('Ctrl Pts',(1.47394041560956,8.08761500140721,0.967698331032389));
#5066=CARTESIAN_POINT('Ctrl Pts',(1.36109723313726,7.83920207624023,1.78478009542905));
#5067=CARTESIAN_POINT('Ctrl Pts',(1.25366317263868,7.46164074493731,2.36543153761186));
#5068=CARTESIAN_POINT('Ctrl Pts',(1.17493794412126,7.10820951666138,2.71883165356436));
#5069=CARTESIAN_POINT('Ctrl Pts',(1.12950661381704,6.88542737861341,2.9049003685944));
#5070=CARTESIAN_POINT('Ctrl Pts',(1.08397998270457,6.6513401071211,3.08007231635139));
#5071=CARTESIAN_POINT('Ctrl Pts',(1.02725485216741,6.34236606657165,3.27801851360138));
#5072=CARTESIAN_POINT('Ctrl Pts',(0.960817503736352,5.96896553201167,3.47932321020102));
#5073=CARTESIAN_POINT('Ctrl Pts',(0.897352620147591,5.62049322967624,3.64116696811429));
#5074=CARTESIAN_POINT('Ctrl Pts',(0.838211542868718,5.32450715445675,3.76031449623799));
#5075=CARTESIAN_POINT('Ctrl Pts',(0.784745621212506,5.1059549194942,3.83348792763869));
#5076=CARTESIAN_POINT('Ctrl Pts',(0.753697871966891,5.02392900755843,3.84999534022988));
#5077=CARTESIAN_POINT('Ctrl Pts',(0.739508457009243,5.00003825292733,3.85000000000003));
#5078=CARTESIAN_POINT('Ctrl Pts',(3.7822702966143,8.07625556723685,0.));
#5079=CARTESIAN_POINT('Ctrl Pts',(3.73324151887957,8.06701622195433,0.33747231961255));
#5080=CARTESIAN_POINT('Ctrl Pts',(3.60712011908915,8.00308963592846,0.967612915448384));
#5081=CARTESIAN_POINT('Ctrl Pts',(3.35180007511218,7.7510220152207,1.78463840192482));
#5082=CARTESIAN_POINT('Ctrl Pts',(3.0979429234561,7.382954345367,2.36525571313991));
#5083=CARTESIAN_POINT('Ctrl Pts',(2.90732763477231,7.04239219199926,2.71864024279785));
#5084=CARTESIAN_POINT('Ctrl Pts',(2.79632576992317,6.82836704707236,2.90470253748396));
#5085=CARTESIAN_POINT('Ctrl Pts',(2.68456951537211,6.60377504631217,3.07987002103721));
#5086=CARTESIAN_POINT('Ctrl Pts',(2.54453828533844,6.30768205692123,3.27782229075709));
#5087=CARTESIAN_POINT('Ctrl Pts',(2.38058433833432,5.94961504016816,3.47913153838402));
#5088=CARTESIAN_POINT('Ctrl Pts',(2.22533016909937,5.61432133826486,3.64099986571217));
#5089=CARTESIAN_POINT('Ctrl Pts',(2.08346763170323,5.32732970335122,3.76018732396611));
#5090=CARTESIAN_POINT('Ctrl Pts',(1.95968895875906,5.11174212073734,3.83341437384914));
#5091=CARTESIAN_POINT('Ctrl Pts',(1.89178990631165,5.02676090032152,3.84996945757109));
#5092=CARTESIAN_POINT('Ctrl Pts',(1.86202427115655,5.00006084802057,3.85000000000006));
#5093=CARTESIAN_POINT('Ctrl Pts',(5.05483896601027,7.97089393206764,0.));
#5094=CARTESIAN_POINT('Ctrl Pts',(5.00014038624031,7.9520907821362,0.337431232474147));
#5095=CARTESIAN_POINT('Ctrl Pts',(4.85340498109246,7.87507574086287,0.967502600560558));
#5096=CARTESIAN_POINT('Ctrl Pts',(4.5416214431815,7.62165327099111,1.78445511464944));
#5097=CARTESIAN_POINT('Ctrl Pts',(4.22027203302963,7.26906457878324,2.36502827035068));
#5098=CARTESIAN_POINT('Ctrl Pts',(3.97349401020778,6.94731678468256,2.71839273944163));
#5099=CARTESIAN_POINT('Ctrl Pts',(3.82851139187357,6.74581688416095,2.90444682453332));
#5100=CARTESIAN_POINT('Ctrl Pts',(3.68183698366057,6.53467427455524,3.07960864930827));
#5101=CARTESIAN_POINT('Ctrl Pts',(3.49689206470101,6.2566510103454,3.27756874255725));
#5102=CARTESIAN_POINT('Ctrl Pts',(3.27982330182588,5.9199738369193,3.47888417196374));
#5103=CARTESIAN_POINT('Ctrl Pts',(3.07504478025287,5.60314584319251,3.64078429895751));
#5104=CARTESIAN_POINT('Ctrl Pts',(2.89013624614221,5.32905766063038,3.76002330075241));
#5105=CARTESIAN_POINT('Ctrl Pts',(2.73267769265342,5.11840228316459,3.83331954287197));
#5106=CARTESIAN_POINT('Ctrl Pts',(2.64989490799614,5.03020661679822,3.84993607917237));
#5107=CARTESIAN_POINT('Ctrl Pts',(2.61478925373129,5.00012693133773,3.85000000000017));
#5108=CARTESIAN_POINT('Ctrl Pts',(6.31433794608252,7.61471483619247,0.));
#5109=CARTESIAN_POINT('Ctrl Pts',(6.26055779735575,7.58183252522009,0.33735229282627));
#5110=CARTESIAN_POINT('Ctrl Pts',(6.12180881755618,7.49155926901776,0.967289501743633));
#5111=CARTESIAN_POINT('Ctrl Pts',(5.82529557103559,7.25997803670843,1.78409897649307));
#5112=CARTESIAN_POINT('Ctrl Pts',(5.50480883217268,6.95976233034091,2.36458629603386));
#5113=CARTESIAN_POINT('Ctrl Pts',(5.24721783166733,6.68982140639424,2.71791251097846));
#5114=CARTESIAN_POINT('Ctrl Pts',(5.09276577590156,6.52112372139369,2.90395132876632));
#5115=CARTESIAN_POINT('Ctrl Pts',(4.93459849572256,6.34437605807218,3.07910298934421));
#5116=CARTESIAN_POINT('Ctrl Pts',(4.73160993090808,6.11131773269298,3.27707805825486));
#5117=CARTESIAN_POINT('Ctrl Pts',(4.48961871360749,5.82724337805146,3.47840761372683));
#5118=CARTESIAN_POINT('Ctrl Pts',(4.25924713735237,5.5565087599983,3.64036965819902));
#5119=CARTESIAN_POINT('Ctrl Pts',(4.05081993075459,5.31685292559059,3.75970803771566));
#5120=CARTESIAN_POINT('Ctrl Pts',(3.87466323006675,5.12423184440263,3.83313753519309));
#5121=CARTESIAN_POINT('Ctrl Pts',(3.78338231755568,5.03469132840735,3.84987195488384));
#5122=CARTESIAN_POINT('Ctrl Pts',(3.74499577159467,5.0002784912566,3.8500000000003));
#5123=CARTESIAN_POINT('Ctrl Pts',(6.62258742593409,7.47641061026531,0.));
#5124=CARTESIAN_POINT('Ctrl Pts',(6.57069327691928,7.4388732998682,0.337323041308016));
#5125=CARTESIAN_POINT('Ctrl Pts',(6.44128818541955,7.3447337129059,0.967210385839077));
#5126=CARTESIAN_POINT('Ctrl Pts',(6.16711863991042,7.12235953493308,1.78396648501727));
#5127=CARTESIAN_POINT('Ctrl Pts',(5.86460274252363,6.84220800071698,2.36442186646673));
#5128=CARTESIAN_POINT('Ctrl Pts',(5.61611668260548,6.59174222412589,2.71773394377622));
#5129=CARTESIAN_POINT('Ctrl Pts',(5.46568915587299,6.43532224909347,2.90376717034056));
#5130=CARTESIAN_POINT('Ctrl Pts',(5.31076458893175,6.27142732401342,3.07891515715067));
#5131=CARTESIAN_POINT('Ctrl Pts',(5.11030440158084,6.05517346086911,3.27689576811446));
#5132=CARTESIAN_POINT('Ctrl Pts',(4.86947905050986,5.79077247771332,3.47823085240306));
#5133=CARTESIAN_POINT('Ctrl Pts',(4.63899365736908,5.53737397555084,3.64021594825099));
#5134=CARTESIAN_POINT('Ctrl Pts',(4.42980847611537,5.31085752577112,3.75959119832528));
#5135=CARTESIAN_POINT('Ctrl Pts',(4.2528838370212,5.12546424988384,3.8330701159331));
#5136=CARTESIAN_POINT('Ctrl Pts',(4.16112630395316,5.03593977996479,3.84984819390078));
#5137=CARTESIAN_POINT('Ctrl Pts',(4.12243724127228,5.00020393279979,3.85000000000038));
#5138=CARTESIAN_POINT('Ctrl Pts',(6.94795424888295,7.23918827481706,0.));
#5139=CARTESIAN_POINT('Ctrl Pts',(6.89994090143093,7.19624464961304,0.337281394685664));
#5140=CARTESIAN_POINT('Ctrl Pts',(6.78817135771215,7.09975495968581,0.967097419874459));
#5141=CARTESIAN_POINT('Ctrl Pts',(6.55690449731099,6.89701896905872,1.78377672537216));
#5142=CARTESIAN_POINT('Ctrl Pts',(6.29174300622865,6.65131777283767,2.36418635286836));
#5143=CARTESIAN_POINT('Ctrl Pts',(6.06517150574026,6.43271426917205,2.71747838295177));
#5144=CARTESIAN_POINT('Ctrl Pts',(5.92567549590543,6.29609278231146,2.90350379161238));
#5145=CARTESIAN_POINT('Ctrl Pts',(5.78058206050521,6.1527679593176,3.07864674752135));
#5146=CARTESIAN_POINT('Ctrl Pts',(5.59016340078605,5.96311106507467,3.27663523329638));
#5147=CARTESIAN_POINT('Ctrl Pts',(5.35837214939869,5.72974185236427,3.47797882339499));
#5148=CARTESIAN_POINT('Ctrl Pts',(5.13444737938346,5.50381774385943,3.63999697013003));
#5149=CARTESIAN_POINT('Ctrl Pts',(4.92997083447332,5.29856075358612,3.75942481263038));
#5150=CARTESIAN_POINT('Ctrl Pts',(4.75652735623106,5.12576289343985,3.83297418146547));
#5151=CARTESIAN_POINT('Ctrl Pts',(4.66614788768025,5.03756260077869,3.84981436572722));
#5152=CARTESIAN_POINT('Ctrl Pts',(4.62778661981352,5.00055719481693,3.8500000000005));
#5153=CARTESIAN_POINT('Ctrl Pts',(7.09770964416477,7.11013413944408,0.));
#5154=CARTESIAN_POINT('Ctrl Pts',(7.05189409902925,7.06459486000937,0.337259880658121));
#5155=CARTESIAN_POINT('Ctrl Pts',(6.94992649930492,6.96309829524412,0.967039010809987));
#5156=CARTESIAN_POINT('Ctrl Pts',(6.74240989223103,6.75601026244753,1.78367851656736));
#5157=CARTESIAN_POINT('Ctrl Pts',(6.49825098180412,6.51149830738238,2.36406446266441));
#5158=CARTESIAN_POINT('Ctrl Pts',(6.28426054132459,6.29695803965371,2.71734614974559));
#5159=CARTESIAN_POINT('Ctrl Pts',(6.15113924376136,6.16347784815085,2.90336754280947));
#5160=CARTESIAN_POINT('Ctrl Pts',(6.01185401502641,6.02376232477354,3.07850793205519));
#5161=CARTESIAN_POINT('Ctrl Pts',(5.8275474055645,5.83931802234225,3.27650048331515));
#5162=CARTESIAN_POINT('Ctrl Pts',(5.6014803640816,5.61263674152325,3.47784856978297));
#5163=CARTESIAN_POINT('Ctrl Pts',(5.38192050017881,5.39289399005363,3.63988382752007));
#5164=CARTESIAN_POINT('Ctrl Pts',(5.18073009372084,5.19239519396102,3.75933885435154));
#5165=CARTESIAN_POINT('Ctrl Pts',(5.00977260030507,5.02212682655833,3.83292463172828));
#5166=CARTESIAN_POINT('Ctrl Pts',(4.92044233370132,4.93374016357573,3.84979689081096));
#5167=CARTESIAN_POINT('Ctrl Pts',(4.88237286241114,4.8961780655857,3.85000000000048));
#5168=CARTESIAN_POINT('Ctrl Pts',(7.22480988112198,6.96017707161988,0.));
#5169=CARTESIAN_POINT('Ctrl Pts',(7.18156912467346,6.91241494729202,0.337237677510393));
#5170=CARTESIAN_POINT('Ctrl Pts',(7.08490545569857,6.80134406518354,0.96697860954854));
#5171=CARTESIAN_POINT('Ctrl Pts',(6.88342178349143,6.57112452591954,1.78357674223636));
#5172=CARTESIAN_POINT('Ctrl Pts',(6.63990916047819,6.30641924857453,2.36393814312497));
#5173=CARTESIAN_POINT('Ctrl Pts',(6.423348485328,6.07983770648221,2.71720918614982));
#5174=CARTESIAN_POINT('Ctrl Pts',(6.28795683495547,5.94027867810819,2.90322648814203));
#5175=CARTESIAN_POINT('Ctrl Pts',(6.14593073701922,5.79504841446594,3.07836430292672));
#5176=CARTESIAN_POINT('Ctrl Pts',(5.95736612082151,5.60484852217634,3.2763610440615));
#5177=CARTESIAN_POINT('Ctrl Pts',(5.72570596638809,5.37284961154613,3.47771400737052));
#5178=CARTESIAN_POINT('Ctrl Pts',(5.50085591691611,5.14906439085207,3.63976701056868));
#5179=CARTESIAN_POINT('Ctrl Pts',(5.29551548476505,4.94546530781896,3.75925012911054));
#5180=CARTESIAN_POINT('Ctrl Pts',(5.12239024114819,4.77280349365528,3.83287351468094));
#5181=CARTESIAN_POINT('Ctrl Pts',(5.03320752887312,4.68334437860122,3.84977885665249));
#5182=CARTESIAN_POINT('Ctrl Pts',(4.9956431575672,4.64543702424732,3.85000000000057));
#5183=CARTESIAN_POINT('Ctrl Pts',(7.28727567945442,6.87549504487752,0.));
#5184=CARTESIAN_POINT('Ctrl Pts',(7.24545690565953,6.82669119301863,0.337225928210899));
#5185=CARTESIAN_POINT('Ctrl Pts',(7.14971190098151,6.71086231277535,0.966946611100398));
#5186=CARTESIAN_POINT('Ctrl Pts',(6.94378292123179,6.46909435508679,1.78352276230465));
#5187=CARTESIAN_POINT('Ctrl Pts',(6.69209237857148,6.19429794075231,2.36387114351098));
#5188=CARTESIAN_POINT('Ctrl Pts',(6.46771851162154,5.9617864283482,2.71713656290683));
#5189=CARTESIAN_POINT('Ctrl Pts',(6.3274264860402,5.81926257236685,2.903151715682));
#5190=CARTESIAN_POINT('Ctrl Pts',(6.18029090416883,5.67136167413653,3.07828819006702));
#5191=CARTESIAN_POINT('Ctrl Pts',(5.98511610471625,5.4783936881518,3.27628714664994));
#5192=CARTESIAN_POINT('Ctrl Pts',(5.74571402998037,5.24389979899891,3.47764276034578));
#5193=CARTESIAN_POINT('Ctrl Pts',(5.51398962081863,5.01826770981776,3.63970517941678));
#5194=CARTESIAN_POINT('Ctrl Pts',(5.30330588878191,4.81329382281111,3.75920317412251));
#5195=CARTESIAN_POINT('Ctrl Pts',(5.12702154971618,4.63960798335245,3.83284647077964));
#5196=CARTESIAN_POINT('Ctrl Pts',(5.03752977865276,4.5497102422509,3.84976931361571));
#5197=CARTESIAN_POINT('Ctrl Pts',(5.00027531062342,4.51168783899914,3.8500000000006));
#5198=CARTESIAN_POINT('Ctrl Pts',(7.29001162120097,6.87175669895875,0.));
#5199=CARTESIAN_POINT('Ctrl Pts',(7.24825543584003,6.82290735049648,0.337225412045861));
#5200=CARTESIAN_POINT('Ctrl Pts',(7.152538286943,6.70687215022411,0.966945205287461));
#5201=CARTESIAN_POINT('Ctrl Pts',(6.94640267963001,6.46459912941043,1.78352039063555));
#5202=CARTESIAN_POINT('Ctrl Pts',(6.69433312069237,6.18936293731139,2.36386819980511));
#5203=CARTESIAN_POINT('Ctrl Pts',(6.46960926870026,5.95659200985302,2.71713337216394));
#5204=CARTESIAN_POINT('Ctrl Pts',(6.3290994144442,5.81393828087668,2.90314843055188));
#5205=CARTESIAN_POINT('Ctrl Pts',(6.18173710506325,5.66592037826503,3.07828484609477));
#5206=CARTESIAN_POINT('Ctrl Pts',(5.98626509436477,5.47283192528651,3.27628390000234));
#5207=CARTESIAN_POINT('Ctrl Pts',(5.74651678802929,5.23822945080371,3.4776396302727));
#5208=CARTESIAN_POINT('Ctrl Pts',(5.51448416173611,5.01251733577342,3.6397024630484));
#5209=CARTESIAN_POINT('Ctrl Pts',(5.3035598540274,4.80748419351332,3.75920111130871));
#5210=CARTESIAN_POINT('Ctrl Pts',(5.12713260010548,4.63375432807699,3.83284528271055));
#5211=CARTESIAN_POINT('Ctrl Pts',(5.03762282427428,4.54383837393282,3.84976889437553));
#5212=CARTESIAN_POINT('Ctrl Pts',(5.00038205570725,4.50581105121759,3.8500000000006));
#5213=CARTESIAN_POINT('Ctrl Pts',(7.60890243033195,6.43259207010201,0.));
#5214=CARTESIAN_POINT('Ctrl Pts',(7.57447699547286,6.37845531571239,0.337165068097621));
#5215=CARTESIAN_POINT('Ctrl Pts',(7.48202469270713,6.23829756612708,0.966780845789738));
#5216=CARTESIAN_POINT('Ctrl Pts',(7.24987516967661,5.93739888078879,1.7832430939761));
#5217=CARTESIAN_POINT('Ctrl Pts',(6.95176518120251,5.61107367158026,2.36352402006236));
#5218=CARTESIAN_POINT('Ctrl Pts',(6.68441953514295,5.3483379042261,2.71676031384548));
#5219=CARTESIAN_POINT('Ctrl Pts',(6.51740283487463,5.19072782952195,2.90276434125799));
#5220=CARTESIAN_POINT('Ctrl Pts',(6.34249212100295,5.02925911646851,3.07789388280908));
#5221=CARTESIAN_POINT('Ctrl Pts',(6.11123150995902,4.82229538121564,3.27590431436939));
#5222=CARTESIAN_POINT('Ctrl Pts',(5.8297966646932,4.57525058632251,3.47727368948968));
#5223=CARTESIAN_POINT('Ctrl Pts',(5.56074915334317,4.34038869731832,3.63938489372048));
#5224=CARTESIAN_POINT('Ctrl Pts',(5.32099153750982,4.12858245467461,3.75895995042895));
#5225=CARTESIAN_POINT('Ctrl Pts',(5.12742350268784,3.94981670005272,3.83270638900893));
#5226=CARTESIAN_POINT('Ctrl Pts',(5.03590103481562,3.85776133323404,3.84971988177602));
#5227=CARTESIAN_POINT('Ctrl Pts',(5.00027166827903,3.81917473491878,3.85000000000049));
#5228=CARTESIAN_POINT('Ctrl Pts',(7.83381058749831,5.72653556343274,0.));
#5229=CARTESIAN_POINT('Ctrl Pts',(7.80866664329954,5.67045283522011,0.337101561583121));
#5230=CARTESIAN_POINT('Ctrl Pts',(7.72511935142505,5.52134483753533,0.966606910907655));
#5231=CARTESIAN_POINT('Ctrl Pts',(7.4794729645538,5.20253320946194,1.78294793672126));
#5232=CARTESIAN_POINT('Ctrl Pts',(7.14819112349313,4.86770862018568,2.36315763996844));
#5233=CARTESIAN_POINT('Ctrl Pts',(6.84795926193078,4.60612521133664,2.71636378143951));
#5234=CARTESIAN_POINT('Ctrl Pts',(6.66010634794013,4.45127064658512,2.90235662108974));
#5235=CARTESIAN_POINT('Ctrl Pts',(6.4633507496529,4.29387402817304,3.07747951830969));
#5236=CARTESIAN_POINT('Ctrl Pts',(6.20342362394842,4.09431787260578,3.27550187757769));
#5237=CARTESIAN_POINT('Ctrl Pts',(5.88856688759836,3.85855339518289,3.47688748707161));
#5238=CARTESIAN_POINT('Ctrl Pts',(5.59021122546351,3.6356450728749,3.6390502825685));
#5239=CARTESIAN_POINT('Ctrl Pts',(5.32849054031544,3.43474647194698,3.75870604261478));
#5240=CARTESIAN_POINT('Ctrl Pts',(5.12353735784332,3.26438777111145,3.832560373206));
#5241=CARTESIAN_POINT('Ctrl Pts',(5.03293892149955,3.17576697169375,3.84966830444069));
#5242=CARTESIAN_POINT('Ctrl Pts',(5.00013290713232,3.13841129517059,3.85000000000021));
#5243=CARTESIAN_POINT('Ctrl Pts',(8.11769726888139,3.43314412599907,0.));
#5244=CARTESIAN_POINT('Ctrl Pts',(8.11010107255952,3.38740790579527,0.336967010450167));
#5245=CARTESIAN_POINT('Ctrl Pts',(8.04789104707334,3.26862555198561,0.966234561190174));
#5246=CARTESIAN_POINT('Ctrl Pts',(7.79408930554004,3.02715187530397,1.78230931693234));
#5247=CARTESIAN_POINT('Ctrl Pts',(7.42133202927688,2.78790959755608,2.36236479268189));
#5248=CARTESIAN_POINT('Ctrl Pts',(7.07594714587269,2.60922810854533,2.71550800664361));
#5249=CARTESIAN_POINT('Ctrl Pts',(6.85877394142894,2.50546224948371,2.90147882303699));
#5250=CARTESIAN_POINT('Ctrl Pts',(6.63091367841208,2.4011674480587,3.07658999545178));
#5251=CARTESIAN_POINT('Ctrl Pts',(6.32959089337343,2.27089242467986,3.27463744154628));
#5252=CARTESIAN_POINT('Ctrl Pts',(5.96615385812547,2.11870619633007,3.47606492169451));
#5253=CARTESIAN_POINT('Ctrl Pts',(5.62542239954988,1.97491100390951,3.63833975405321));
#5254=CARTESIAN_POINT('Ctrl Pts',(5.33279922380895,1.84375443562404,3.75816765818458));
#5255=CARTESIAN_POINT('Ctrl Pts',(5.11368631555882,1.72931771431413,3.83225163661158));
#5256=CARTESIAN_POINT('Ctrl Pts',(5.02713563527335,1.66660111562285,3.8495590434533));
#5257=CARTESIAN_POINT('Ctrl Pts',(5.00007002334078,1.63912894050738,3.85000000000012));
#5258=CARTESIAN_POINT('Ctrl Pts',(8.14999820959088,1.72623380050212,0.));
#5259=CARTESIAN_POINT('Ctrl Pts',(8.15008304609877,1.6957501253909,0.33689703987664));
#5260=CARTESIAN_POINT('Ctrl Pts',(8.09997301726444,1.62515810338347,0.966038312347178));
#5261=CARTESIAN_POINT('Ctrl Pts',(7.85346388536519,1.49813259970928,1.78196816156131));
#5262=CARTESIAN_POINT('Ctrl Pts',(7.47605773267399,1.38110737816229,2.3619411639875));
#5263=CARTESIAN_POINT('Ctrl Pts',(7.12190084695563,1.29670757854128,2.71505230612421));
#5264=CARTESIAN_POINT('Ctrl Pts',(6.89844208046378,1.24825258768508,2.90101281614403));
#5265=CARTESIAN_POINT('Ctrl Pts',(6.66362123002822,1.19980739201638,3.07611949636977));
#5266=CARTESIAN_POINT('Ctrl Pts',(6.35257646109159,1.13957060685663,3.27417986255644));
#5267=CARTESIAN_POINT('Ctrl Pts',(5.97751997629814,1.06876318220399,3.47563421659167));
#5268=CARTESIAN_POINT('Ctrl Pts',(5.62689279234351,1.00039688411899,3.63796917440212));
#5269=CARTESIAN_POINT('Ctrl Pts',(5.3278325632949,0.935436089077363,3.75788738867434));
#5270=CARTESIAN_POINT('Ctrl Pts',(5.10747655219205,0.874845235331728,3.83209151209488));
#5271=CARTESIAN_POINT('Ctrl Pts',(5.02428355164592,0.838007665923268,3.84950223529481));
#5272=CARTESIAN_POINT('Ctrl Pts',(5.0000383997041,0.820639088661203,3.85000000000005));
#5273=CARTESIAN_POINT('Ctrl Pts',(8.15000033578794,-1.71999236429847,0.));
#5274=CARTESIAN_POINT('Ctrl Pts',(8.15008516917189,-1.68923693778319,0.336785437869341));
#5275=CARTESIAN_POINT('Ctrl Pts',(8.09997543538202,-1.61818606993939,0.965715525847298));
#5276=CARTESIAN_POINT('Ctrl Pts',(7.85346614372513,-1.49069360325421,1.7813901998732));
#5277=CARTESIAN_POINT('Ctrl Pts',(7.4760600633267,-1.37343230319847,2.3612231767552));
#5278=CARTESIAN_POINT('Ctrl Pts',(7.12190294591649,-1.28893646819246,2.71428560180088));
#5279=CARTESIAN_POINT('Ctrl Pts',(6.89844400069081,-1.240445413382,2.90023395585949));
#5280=CARTESIAN_POINT('Ctrl Pts',(6.66362296432104,-1.1919764402437,3.07533946718719));
#5281=CARTESIAN_POINT('Ctrl Pts',(6.3525781177569,-1.13173220563166,3.27341997076762));
#5282=CARTESIAN_POINT('Ctrl Pts',(5.97752149971138,-1.0609516997168,3.47493624017452));
#5283=CARTESIAN_POINT('Ctrl Pts',(5.62689423649852,-0.992647897383835,3.63737405672888));
#5284=CARTESIAN_POINT('Ctrl Pts',(5.32783398125325,-0.927785469338592,3.75743926599031));
#5285=CARTESIAN_POINT('Ctrl Pts',(5.1074779655826,-0.867329188266917,3.83183771351843));
#5286=CARTESIAN_POINT('Ctrl Pts',(5.02428508861966,-0.830604818976086,3.84941166745104));
#5287=CARTESIAN_POINT('Ctrl Pts',(5.00003993511586,-0.813298481825361,3.85000000000004));
#5288=CARTESIAN_POINT('Ctrl Pts',(8.11787524888079,-3.42052399951929,0.));
#5289=CARTESIAN_POINT('Ctrl Pts',(8.11036192409323,-3.37452731093756,0.33671585299978));
#5290=CARTESIAN_POINT('Ctrl Pts',(8.04827877459881,-3.25541536781526,0.965520584306904));
#5291=CARTESIAN_POINT('Ctrl Pts',(7.79454892089152,-3.01396704053865,1.78105115226127));
#5292=CARTESIAN_POINT('Ctrl Pts',(7.42174989724283,-2.775156639829,2.36080286328372));
#5293=CARTESIAN_POINT('Ctrl Pts',(7.07628712065196,-2.59694108301549,2.71383340159506));
#5294=CARTESIAN_POINT('Ctrl Pts',(6.85905877518761,-2.4934704308573,2.89977190171566));
#5295=CARTESIAN_POINT('Ctrl Pts',(6.63113800557381,-2.38949029255285,3.07487361310217));
#5296=CARTESIAN_POINT('Ctrl Pts',(6.32973240289613,-2.25956553765174,3.27296153228046));
#5297=CARTESIAN_POINT('Ctrl Pts',(5.96619899346443,-2.10784214352852,3.47450976519341));
#5298=CARTESIAN_POINT('Ctrl Pts',(5.62538961661139,-1.96440886723002,3.63700620999212));
#5299=CARTESIAN_POINT('Ctrl Pts',(5.33272266348833,-1.83343614179092,3.757159640134));
#5300=CARTESIAN_POINT('Ctrl Pts',(5.11361572810673,-1.71909454696852,3.83167882907641));
#5301=CARTESIAN_POINT('Ctrl Pts',(5.02710936889956,-1.65631674511514,3.84935522263884));
#5302=CARTESIAN_POINT('Ctrl Pts',(5.00007676965507,-1.62879651300443,3.85000000000005));
#5303=CARTESIAN_POINT('Ctrl Pts',(7.83659305088338,-5.71327175343765,0.));
#5304=CARTESIAN_POINT('Ctrl Pts',(7.81165797833714,-5.65685522625309,0.336581892930854));
#5305=CARTESIAN_POINT('Ctrl Pts',(7.72835088713839,-5.50717833786275,0.965150514208591));
#5306=CARTESIAN_POINT('Ctrl Pts',(7.48258489753307,-5.18801397898549,1.78041604444232));
#5307=CARTESIAN_POINT('Ctrl Pts',(7.15083789122114,-4.85354827615886,2.36001629695841));
#5308=CARTESIAN_POINT('Ctrl Pts',(6.85012685240917,-4.59253409618695,2.7129842011397));
#5309=CARTESIAN_POINT('Ctrl Pts',(6.66196905157977,-4.43805237931259,2.89890185274881));
#5310=CARTESIAN_POINT('Ctrl Pts',(6.46489391847538,-4.28106880826588,3.07399371257803));
#5311=CARTESIAN_POINT('Ctrl Pts',(6.20454992516637,-4.08181994115877,3.27209166288378));
#5312=CARTESIAN_POINT('Ctrl Pts',(5.88921472531868,-3.84655979664552,3.4736959453134));
#5313=CARTESIAN_POINT('Ctrl Pts',(5.59045379357085,-3.62380350915863,3.63630071103767));
#5314=CARTESIAN_POINT('Ctrl Pts',(5.32845339265988,-3.42246506032702,3.75662114398219));
#5315=CARTESIAN_POINT('Ctrl Pts',(5.12339827084933,-3.25145876567571,3.83137242807257));
#5316=CARTESIAN_POINT('Ctrl Pts',(5.03287544272282,-3.16205334945058,3.84924657961523));
#5317=CARTESIAN_POINT('Ctrl Pts',(5.0001467371615,-3.12427738591433,3.85000000000009));
#5318=CARTESIAN_POINT('Ctrl Pts',(7.61278527801327,-6.42336419475585,0.));
#5319=CARTESIAN_POINT('Ctrl Pts',(7.57860615534758,-6.36885632669668,0.336518573207858));
#5320=CARTESIAN_POINT('Ctrl Pts',(7.48641912022693,-6.22789445303917,0.96497747553519));
#5321=CARTESIAN_POINT('Ctrl Pts',(7.25405375422797,-5.92602959797024,1.78012220201554));
#5322=CARTESIAN_POINT('Ctrl Pts',(6.95530660947349,-5.5995479713897,2.35965266558418));
#5323=CARTESIAN_POINT('Ctrl Pts',(6.68732448781036,-5.33706882109264,2.71259051338916));
#5324=CARTESIAN_POINT('Ctrl Pts',(6.51990605153773,-5.17965830944863,2.89849763199591));
#5325=CARTESIAN_POINT('Ctrl Pts',(6.34457594282951,-5.01844021886361,3.07358391924797));
#5326=CARTESIAN_POINT('Ctrl Pts',(6.11277131763397,-4.81148711341381,3.27168507791607));
#5327=CARTESIAN_POINT('Ctrl Pts',(5.83071242908692,-4.56466444763894,3.47331387280561));
#5328=CARTESIAN_POINT('Ctrl Pts',(5.56113384928187,-4.32956365136131,3.63596819730598));
#5329=CARTESIAN_POINT('Ctrl Pts',(5.32100306138171,-4.11674078003643,3.75636654491748));
#5330=CARTESIAN_POINT('Ctrl Pts',(5.12728436936452,-3.93675261114791,3.83122740914041));
#5331=CARTESIAN_POINT('Ctrl Pts',(5.03584163074623,-3.84345450235969,3.84919523413024));
#5332=CARTESIAN_POINT('Ctrl Pts',(5.00030136094075,-3.80422853410356,3.85000000000021));
#5333=CARTESIAN_POINT('Ctrl Pts',(7.29618579421228,-6.86326135047524,0.));
#5334=CARTESIAN_POINT('Ctrl Pts',(7.2546866184087,-6.81400738501613,0.336458426360483));
#5335=CARTESIAN_POINT('Ctrl Pts',(7.1591798795001,-6.69704703729523,0.96481406029412));
#5336=CARTESIAN_POINT('Ctrl Pts',(6.95255789007618,-6.45359972556507,1.77984629757019));
#5337=CARTESIAN_POINT('Ctrl Pts',(6.69950653590085,-6.17814875826831,2.35931138007396));
#5338=CARTESIAN_POINT('Ctrl Pts',(6.47386405788916,-5.945664208699,2.71222044975346));
#5339=CARTESIAN_POINT('Ctrl Pts',(6.33278442846892,-5.80323229555457,2.89811722021916));
#5340=CARTESIAN_POINT('Ctrl Pts',(6.18483217759176,-5.65549631992993,3.07319775110201));
#5341=CARTESIAN_POINT('Ctrl Pts',(5.98860217139191,-5.46235137062703,3.27130118237953));
#5342=CARTESIAN_POINT('Ctrl Pts',(5.74798541257216,-5.22794294337346,3.47295226014399));
#5343=CARTESIAN_POINT('Ctrl Pts',(5.51520482346141,-5.00181379194537,3.63565283009298));
#5344=CARTESIAN_POINT('Ctrl Pts',(5.30373301964151,-4.79534366984456,3.7561246707493));
#5345=CARTESIAN_POINT('Ctrl Pts',(5.12703829037165,-4.61991326634771,3.83108956063575));
#5346=CARTESIAN_POINT('Ctrl Pts',(5.03757704740871,-4.52830947140407,3.84914646528498));
#5347=CARTESIAN_POINT('Ctrl Pts',(5.0004226187468,-4.48941684262206,3.85000000000026));
#5348=CARTESIAN_POINT('Ctrl Pts',(7.29375612679682,-6.86661839688742,0.));
#5349=CARTESIAN_POINT('Ctrl Pts',(7.25220103266565,-6.81740484755743,0.336457966143126));
#5350=CARTESIAN_POINT('Ctrl Pts',(7.15667301193926,-6.70062758073641,0.964812809971886));
#5351=CARTESIAN_POINT('Ctrl Pts',(6.9502474406822,-6.45762939248505,1.77984418667145));
#5352=CARTESIAN_POINT('Ctrl Pts',(6.6975481235383,-6.18257002279011,2.35930876896498));
#5353=CARTESIAN_POINT('Ctrl Pts',(6.47222794301541,-5.95031694435123,2.71221761843259));
#5354=CARTESIAN_POINT('Ctrl Pts',(6.33134834236922,-5.8080009449801,2.89811430969736));
#5355=CARTESIAN_POINT('Ctrl Pts',(6.18360398585848,-5.66036945191445,3.07319479650598));
#5356=CARTESIAN_POINT('Ctrl Pts',(5.98764607710516,-5.46733114317571,3.27129824512396));
#5357=CARTESIAN_POINT('Ctrl Pts',(5.74734575440207,-5.23301899730647,3.4729494933245));
#5358=CARTESIAN_POINT('Ctrl Pts',(5.51484663684037,-5.00695949175293,3.63565041707143));
#5359=CARTESIAN_POINT('Ctrl Pts',(5.30359454654082,-4.80053867312772,3.75612282003196));
#5360=CARTESIAN_POINT('Ctrl Pts',(5.12703059876139,-4.62514365170792,3.83108850587328));
#5361=CARTESIAN_POINT('Ctrl Pts',(5.03758627223087,-4.53355255766567,3.84914609212735));
#5362=CARTESIAN_POINT('Ctrl Pts',(5.00041955892097,-4.49466258662299,3.85000000000026));
#5363=CARTESIAN_POINT('Ctrl Pts',(7.23053319582312,-6.95348138468344,0.));
#5364=CARTESIAN_POINT('Ctrl Pts',(7.18752982879629,-6.905321908486,0.336446026800337));
#5365=CARTESIAN_POINT('Ctrl Pts',(7.0912405800013,-6.79335926427864,0.964780374609554));
#5366=CARTESIAN_POINT('Ctrl Pts',(6.89001148328686,-6.56204503870755,1.77978942917188));
#5367=CARTESIAN_POINT('Ctrl Pts',(6.6463837002823,-6.29721101536485,2.35924103606695));
#5368=CARTESIAN_POINT('Ctrl Pts',(6.42957978996303,-6.07096953137356,2.71214417224527));
#5369=CARTESIAN_POINT('Ctrl Pts',(6.29401076544698,-5.93165747240741,2.89803880825879));
#5370=CARTESIAN_POINT('Ctrl Pts',(6.15178633177397,-5.78673197902826,3.07311815090826));
#5371=CARTESIAN_POINT('Ctrl Pts',(5.96293801666905,-5.59647581951572,3.27122204813367));
#5372=CARTESIAN_POINT('Ctrl Pts',(5.73093666723208,-5.36467207756436,3.47287771630996));
#5373=CARTESIAN_POINT('Ctrl Pts',(5.50579274184287,-5.14043459903208,3.63558781723607));
#5374=CARTESIAN_POINT('Ctrl Pts',(5.30025765604561,-4.93531177386701,3.75607480712486));
#5375=CARTESIAN_POINT('Ctrl Pts',(5.12708955638341,-4.76085198434695,3.83106114218918));
#5376=CARTESIAN_POINT('Ctrl Pts',(5.03799848800896,-4.66961639070955,3.84913641136683));
#5377=CARTESIAN_POINT('Ctrl Pts',(5.00051481000105,-4.63079813527085,3.85000000000024));
#5378=CARTESIAN_POINT('Ctrl Pts',(7.10126058698357,-7.10757490440252,0.));
#5379=CARTESIAN_POINT('Ctrl Pts',(7.05562092017351,-7.06168540923942,0.336423340866396));
#5380=CARTESIAN_POINT('Ctrl Pts',(6.95414020871701,-6.95964683067184,0.964718818174276));
#5381=CARTESIAN_POINT('Ctrl Pts',(6.74757988408602,-6.75251984613705,1.77968563402716));
#5382=CARTESIAN_POINT('Ctrl Pts',(6.504242445704,-6.50898323466095,2.35911265709824));
#5383=CARTESIAN_POINT('Ctrl Pts',(6.2907707841208,-6.29555868636306,2.71200491977148));
#5384=CARTESIAN_POINT('Ctrl Pts',(6.15792462845413,-6.16275053603204,2.89789562397836));
#5385=CARTESIAN_POINT('Ctrl Pts',(6.01889977473547,-6.02375139603616,3.07297275666235));
#5386=CARTESIAN_POINT('Ctrl Pts',(5.83488847490227,-5.83968494619443,3.27107744611593));
#5387=CARTESIAN_POINT('Ctrl Pts',(5.60913492113592,-5.61366823837414,3.47274143494275));
#5388=CARTESIAN_POINT('Ctrl Pts',(5.38985470861786,-5.39380498659079,3.63546890897687));
#5389=CARTESIAN_POINT('Ctrl Pts',(5.18891818112966,-5.1919338355481,3.7559835753021));
#5390=CARTESIAN_POINT('Ctrl Pts',(5.01819688400748,-5.01989987160855,3.83100914100225));
#5391=CARTESIAN_POINT('Ctrl Pts',(4.92901050161287,-4.92963283739495,3.84911801725631));
#5392=CARTESIAN_POINT('Ctrl Pts',(4.8910078039931,-4.89108366009212,3.85000000000021));
#5393=CARTESIAN_POINT('Ctrl Pts',(6.94855343988368,-7.2393528297649,0.));
#5394=CARTESIAN_POINT('Ctrl Pts',(6.90066901362523,-7.19612407181737,0.33640137285941));
#5395=CARTESIAN_POINT('Ctrl Pts',(6.78914907792928,-7.09934665641627,0.964659338065812));
#5396=CARTESIAN_POINT('Ctrl Pts',(6.5582445902712,-6.89717979458019,1.77958555641453));
#5397=CARTESIAN_POINT('Ctrl Pts',(6.29336078706393,-6.65304162040993,2.3589888963074));
#5398=CARTESIAN_POINT('Ctrl Pts',(6.06697463504389,-6.43593692444204,2.71187059890069));
#5399=CARTESIAN_POINT('Ctrl Pts',(5.92758208997267,-6.30018733492411,2.8977574495473));
#5400=CARTESIAN_POINT('Ctrl Pts',(5.78259055297558,-6.15776759728433,3.07283237985011));
#5401=CARTESIAN_POINT('Ctrl Pts',(5.59229481514397,-5.96865604923754,3.27093773209812));
#5402=CARTESIAN_POINT('Ctrl Pts',(5.36065084740777,-5.73612968744544,3.47260964341899));
#5403=CARTESIAN_POINT('Ctrl Pts',(5.13687555029678,-5.5101711434363,3.63535382899514));
#5404=CARTESIAN_POINT('Ctrl Pts',(4.93255432669477,-5.30350780047638,3.75589522622204));
#5405=CARTESIAN_POINT('Ctrl Pts',(4.75927603573451,-5.12886593761627,3.83095877249517));
#5406=CARTESIAN_POINT('Ctrl Pts',(4.66901339597807,-5.03866917820821,3.84910020576114));
#5407=CARTESIAN_POINT('Ctrl Pts',(4.63071349677547,-5.00061054633409,3.85000000000021));
#5408=CARTESIAN_POINT('Ctrl Pts',(6.6328255500088,-7.46878155086147,0.));
#5409=CARTESIAN_POINT('Ctrl Pts',(6.58118883341691,-7.43081691221844,0.336361030559424));
#5410=CARTESIAN_POINT('Ctrl Pts',(6.45256575865257,-7.33640549960318,0.9645502131439));
#5411=CARTESIAN_POINT('Ctrl Pts',(6.17998364465724,-7.11541057623107,1.77940212706829));
#5412=CARTESIAN_POINT('Ctrl Pts',(5.87879393199599,-6.83817869331678,2.35876207532087));
#5413=CARTESIAN_POINT('Ctrl Pts',(5.6310924269963,-6.59042520407081,2.7116243601432));
#5414=CARTESIAN_POINT('Ctrl Pts',(5.48106287396082,-6.43561485377489,2.89750409625915));
#5415=CARTESIAN_POINT('Ctrl Pts',(5.32650247927312,-6.27338782836159,3.07257493103538));
#5416=CARTESIAN_POINT('Ctrl Pts',(5.12643124025002,-6.058580751535,3.27068141500495));
#5417=CARTESIAN_POINT('Ctrl Pts',(4.88598736424875,-5.79609567290438,3.47236776489254));
#5418=CARTESIAN_POINT('Ctrl Pts',(4.65582086921413,-5.54350432099454,3.63514254822948));
#5419=CARTESIAN_POINT('Ctrl Pts',(4.44691641039644,-5.31604407511221,3.75573297734649));
#5420=CARTESIAN_POINT('Ctrl Pts',(4.27025856586746,-5.1289451556519,3.83086626457426));
#5421=CARTESIAN_POINT('Ctrl Pts',(4.17866987188279,-5.03720072963195,3.84906749694368));
#5422=CARTESIAN_POINT('Ctrl Pts',(4.14005906797446,-5.00023082091363,3.85000000000016));
#5423=CARTESIAN_POINT('Ctrl Pts',(6.34186933409227,-7.60158641942323,0.));
#5424=CARTESIAN_POINT('Ctrl Pts',(6.28839888953239,-7.56803967723405,0.336333131503428));
#5425=CARTESIAN_POINT('Ctrl Pts',(6.15070446082106,-7.47725464884766,0.964474962962822));
#5426=CARTESIAN_POINT('Ctrl Pts',(5.85639804616462,-7.24744340399927,1.77927600390303));
#5427=CARTESIAN_POINT('Ctrl Pts',(5.5376271621665,-6.95110395368543,2.35860615088962));
#5428=CARTESIAN_POINT('Ctrl Pts',(5.28091951466913,-6.68483789058694,2.71145495551382));
#5429=CARTESIAN_POINT('Ctrl Pts',(5.12686762077331,-6.51835466970883,2.89732969373581));
#5430=CARTESIAN_POINT('Ctrl Pts',(4.96903185890995,-6.34390903645371,3.07239759119767));
#5431=CARTESIAN_POINT('Ctrl Pts',(4.76632365968725,-6.1130576659186,3.27050468204527));
#5432=CARTESIAN_POINT('Ctrl Pts',(4.52451522794967,-5.83181034433201,3.47220078994239));
#5433=CARTESIAN_POINT('Ctrl Pts',(4.29423049532112,-5.56259954784492,3.63499654516708));
#5434=CARTESIAN_POINT('Ctrl Pts',(4.08585723826008,-5.32238942697605,3.75562076534563));
#5435=CARTESIAN_POINT('Ctrl Pts',(3.90978488746306,-5.12814277816773,3.83080226810433));
#5436=CARTESIAN_POINT('Ctrl Pts',(3.81858707712542,-5.03613861098503,3.84904487774366));
#5437=CARTESIAN_POINT('Ctrl Pts',(3.78024446650899,-5.00030813047824,3.85000000000013));
#5438=CARTESIAN_POINT('Ctrl Pts',(5.4906525716011,-7.85313753293728,0.));
#5439=CARTESIAN_POINT('Ctrl Pts',(5.43625573568164,-7.82931766557076,0.336278162275122));
#5440=CARTESIAN_POINT('Ctrl Pts',(5.29188342126377,-7.74756817041331,0.964326985642728));
#5441=CARTESIAN_POINT('Ctrl Pts',(4.98407390503812,-7.50219596893732,1.77902847410113));
#5442=CARTESIAN_POINT('Ctrl Pts',(4.66170816910681,-7.16919629802885,2.35830017868917));
#5443=CARTESIAN_POINT('Ctrl Pts',(4.41031291577541,-6.86676670433332,2.71112235469288));
#5444=CARTESIAN_POINT('Ctrl Pts',(4.2615832258525,-6.67739031051219,2.89698714217629));
#5445=CARTESIAN_POINT('Ctrl Pts',(4.11048570210569,-6.47894857106012,3.07204911261559));
#5446=CARTESIAN_POINT('Ctrl Pts',(3.91879548090013,-6.21661876742633,3.27015716543187));
#5447=CARTESIAN_POINT('Ctrl Pts',(3.69259597346046,-5.89859001590737,3.4718721974186));
#5448=CARTESIAN_POINT('Ctrl Pts',(3.47855904684826,-5.5969763201444,3.63470902299225));
#5449=CARTESIAN_POINT('Ctrl Pts',(3.28522119413627,-5.33223763246769,3.7553996652927));
#5450=CARTESIAN_POINT('Ctrl Pts',(3.12111924719274,-5.12483096399206,3.8306761474598));
#5451=CARTESIAN_POINT('Ctrl Pts',(3.03537493083292,-5.03324247918668,3.84900031250212));
#5452=CARTESIAN_POINT('Ctrl Pts',(2.99915200045079,-5.00016522896967,3.85000000000008));
#5453=CARTESIAN_POINT('Ctrl Pts',(4.2965563882541,-8.04130297283726,0.));
#5454=CARTESIAN_POINT('Ctrl Pts',(4.245017637129,-8.02814767870144,0.336225933084729));
#5455=CARTESIAN_POINT('Ctrl Pts',(4.10973332248274,-7.95888650313024,0.964186784353639));
#5456=CARTESIAN_POINT('Ctrl Pts',(3.82966667325003,-7.70683571935797,1.77879463174362));
#5457=CARTESIAN_POINT('Ctrl Pts',(3.54679510323725,-7.34648710271402,2.35801118938237));
#5458=CARTESIAN_POINT('Ctrl Pts',(3.33239129886638,-7.01490455533176,2.71080796849114));
#5459=CARTESIAN_POINT('Ctrl Pts',(3.20708446648517,-6.80668688143791,2.8966631573165));
#5460=CARTESIAN_POINT('Ctrl Pts',(3.08068078626296,-6.58829606507554,3.07171930184117));
#5461=CARTESIAN_POINT('Ctrl Pts',(2.92190295877627,-6.29945167510061,3.26982794340958));
#5462=CARTESIAN_POINT('Ctrl Pts',(2.73587885122966,-5.95029267460446,3.47156053593267));
#5463=CARTESIAN_POINT('Ctrl Pts',(2.56010305639713,-5.62140271542549,3.63443603627764));
#5464=CARTESIAN_POINT('Ctrl Pts',(2.40042068280143,-5.33653320621414,3.75518957261219));
#5465=CARTESIAN_POINT('Ctrl Pts',(2.26267743176622,-5.11943626529108,3.83055627310405));
#5466=CARTESIAN_POINT('Ctrl Pts',(2.18858164962208,-5.02981218404634,3.84895797027949));
#5467=CARTESIAN_POINT('Ctrl Pts',(2.15658693144445,-5.00005810572527,3.85000000000003));
#5468=CARTESIAN_POINT('Ctrl Pts',(2.70840032522009,-8.11251053450651,0.));
#5469=CARTESIAN_POINT('Ctrl Pts',(2.67057592107486,-8.10718582113706,0.336193581844969));
#5470=CARTESIAN_POINT('Ctrl Pts',(2.5753900890045,-8.04918589867876,0.964100303312077));
#5471=CARTESIAN_POINT('Ctrl Pts',(2.38727618896357,-7.80022370110653,1.77865100523629));
#5472=CARTESIAN_POINT('Ctrl Pts',(2.2032551270936,-7.42970971656348,2.35783374942473));
#5473=CARTESIAN_POINT('Ctrl Pts',(2.06635403521768,-7.0847103011269,2.71061471114631));
#5474=CARTESIAN_POINT('Ctrl Pts',(1.98690906486077,-6.8674019331083,2.89646382455258));
#5475=CARTESIAN_POINT('Ctrl Pts',(1.90707014810141,-6.63917754527873,3.07151618503256));
#5476=CARTESIAN_POINT('Ctrl Pts',(1.80725714808016,-6.33695293353022,3.26962489767301));
#5477=CARTESIAN_POINT('Ctrl Pts',(1.69040963751278,-5.97191334296789,3.47136798800888));
#5478=CARTESIAN_POINT('Ctrl Pts',(1.57944143471914,-5.62925757917244,3.63426712941461));
#5479=CARTESIAN_POINT('Ctrl Pts',(1.47734439767562,-5.33474460767555,3.75505942686764));
#5480=CARTESIAN_POINT('Ctrl Pts',(1.38711037139166,-5.114132328764,3.83048198534543));
#5481=CARTESIAN_POINT('Ctrl Pts',(1.33655027650058,-5.02712737420086,3.84893174454996));
#5482=CARTESIAN_POINT('Ctrl Pts',(1.31402882827354,-5.00004042612473,3.85000000000002));
#5483=CARTESIAN_POINT('Ctrl Pts',(1.25246174780371,-8.14443794701289,0.));
#5484=CARTESIAN_POINT('Ctrl Pts',(1.23231090682417,-8.14322952521519,0.336176910541661));
#5485=CARTESIAN_POINT('Ctrl Pts',(1.18387121988594,-8.09132285365843,0.964055780343165));
#5486=CARTESIAN_POINT('Ctrl Pts',(1.0929201792288,-7.84472810498781,1.77857713508889));
#5487=CARTESIAN_POINT('Ctrl Pts',(1.00687796757628,-7.4697225914565,2.35774249520237));
#5488=CARTESIAN_POINT('Ctrl Pts',(0.944022137167109,-7.11835004786284,2.71051529568736));
#5489=CARTESIAN_POINT('Ctrl Pts',(0.907785424064283,-6.89666169288201,2.89636126295914));
#5490=CARTESIAN_POINT('Ctrl Pts',(0.871489278911769,-6.6636679464389,3.07141165272895));
#5491=CARTESIAN_POINT('Ctrl Pts',(0.826284058065948,-6.35489228224962,3.26952036733306));
#5492=CARTESIAN_POINT('Ctrl Pts',(0.773307065659171,-5.98205007525043,3.47126882263904));
#5493=CARTESIAN_POINT('Ctrl Pts',(0.722603151804227,-5.63263572091854,3.63418010968013));
#5494=CARTESIAN_POINT('Ctrl Pts',(0.675184050231886,-5.33343617077866,3.75499235844626));
#5495=CARTESIAN_POINT('Ctrl Pts',(0.632061616857296,-5.11123860776704,3.83044369892735));
#5496=CARTESIAN_POINT('Ctrl Pts',(0.606794785911325,-5.02568104333713,3.84891823002541));
#5497=CARTESIAN_POINT('Ctrl Pts',(0.595174952355967,-5.00000860042365,3.85));
#5498=CARTESIAN_POINT('Ctrl Pts',(0.626245506621777,-8.15296144369452,0.));
#5499=CARTESIAN_POINT('Ctrl Pts',(0.615158326465951,-8.15270689620235,0.336173206196103));
#5500=CARTESIAN_POINT('Ctrl Pts',(0.589494883661923,-8.10216159107359,0.964045908022873));
#5501=CARTESIAN_POINT('Ctrl Pts',(0.543339985596815,-7.85590992681453,1.77856079083613));
#5502=CARTESIAN_POINT('Ctrl Pts',(0.500837621482267,-7.47965304449077,2.35772230795614));
#5503=CARTESIAN_POINT('Ctrl Pts',(0.470193769256002,-7.1266507342519,2.71049329008813));
#5504=CARTESIAN_POINT('Ctrl Pts',(0.452603786156133,-6.90386216280445,2.89633855086413));
#5505=CARTESIAN_POINT('Ctrl Pts',(0.43501958610791,-6.66968077700034,3.07138849271493));
#5506=CARTESIAN_POINT('Ctrl Pts',(0.413160260678808,-6.35929507636607,3.26949719096887));
#5507=CARTESIAN_POINT('Ctrl Pts',(0.387473307909924,-5.98454837497988,3.47124681667697));
#5508=CARTESIAN_POINT('Ctrl Pts',(0.36268204542437,-5.63349105556211,3.63416078448706));
#5509=CARTESIAN_POINT('Ctrl Pts',(0.339137753007063,-5.33315142819012,3.75497745520604));
#5510=CARTESIAN_POINT('Ctrl Pts',(0.317191654994256,-5.11055758298311,3.83043518964083));
#5511=CARTESIAN_POINT('Ctrl Pts',(0.303860777567456,-5.02533873332649,3.84891522719453));
#5512=CARTESIAN_POINT('Ctrl Pts',(0.297578676686799,-5.,3.85));
#5513=CARTESIAN_POINT('Ctrl Pts',(-3.29599493885391E-6,-8.15457109064114,
0.));
#5514=CARTESIAN_POINT('Ctrl Pts',(-3.13904279807436E-6,-8.15423989329436,
0.336173206196103));
#5515=CARTESIAN_POINT('Ctrl Pts',(-2.82513851694528E-6,-8.10353896105432,
0.964045908022872));
#5516=CARTESIAN_POINT('Ctrl Pts',(-2.35428209616542E-6,-7.85705786861492,
1.77856079083613));
#5517=CARTESIAN_POINT('Ctrl Pts',(-1.96190174596189E-6,-7.48060814906418,
2.35772230795614));
#5518=CARTESIAN_POINT('Ctrl Pts',(-1.68723550089023E-6,-7.1274728596049,
2.71049329008813));
#5519=CARTESIAN_POINT('Ctrl Pts',(-1.53028336084669E-6,-6.90460863420817,
2.89633855086413));
#5520=CARTESIAN_POINT('Ctrl Pts',(-1.37333122079397E-6,-6.67035164914185,
3.07138849271493));
#5521=CARTESIAN_POINT('Ctrl Pts',(-1.1771410456967E-6,-6.35987034348964,
3.26949719096887));
#5522=CARTESIAN_POINT('Ctrl Pts',(-9.41712835486232E-7,-5.98500923838822,
3.47124681667697));
#5523=CARTESIAN_POINT('Ctrl Pts',(-7.06284625138466E-7,-5.63383717556013,
3.63416078448706));
#5524=CARTESIAN_POINT('Ctrl Pts',(-4.70856414609984E-7,-5.33338248836914,
3.75497745520604));
#5525=CARTESIAN_POINT('Ctrl Pts',(-2.35428203857363E-7,-5.11067351017899,
3.83043518964083));
#5526=CARTESIAN_POINT('Ctrl Pts',(-7.84760631764248E-8,-5.02537705825379,
3.84891522719453));
#5527=CARTESIAN_POINT('Ctrl Pts',(7.21644966006352E-15,-5.,3.85));
#5528=CARTESIAN_POINT('Ctrl Pts',(-3.29599493864574E-6,-8.15457109064114,
0.));
#5529=CARTESIAN_POINT('Ctrl Pts',(-3.13904279791721E-6,-8.15423989329436,
0.336173206196103));
#5530=CARTESIAN_POINT('Ctrl Pts',(-2.98209065746624E-6,-8.12888942717434,
0.650109557109488));
#5531=CARTESIAN_POINT('Ctrl Pts',(-2.82513851701527E-6,-8.0751340120411,
0.942830213035057));
#5532=CARTESIAN_POINT('Ctrl Pts',(-2.66818637663369E-6,-8.02137859690786,
1.23555086896062));
#5533=CARTESIAN_POINT('Ctrl Pts',(-2.51123423632149E-6,-7.93921823276139,
1.50705582989838));
#5534=CARTESIAN_POINT('Ctrl Pts',(-2.35428209621746E-6,-7.82284810677801,
1.75864061379126));
#5535=CARTESIAN_POINT('Ctrl Pts',(-2.19732995604405E-6,-7.70647798079463,
2.01022539768413));
#5536=CARTESIAN_POINT('Ctrl Pts',(-2.04037781600941E-6,-7.55589809297433,
2.24189000453214));
#5537=CARTESIAN_POINT('Ctrl Pts',(-1.88342567597477E-6,-7.37117706771641,
2.45350048572223));
#5538=CARTESIAN_POINT('Ctrl Pts',(-1.80494960588806E-6,-7.27881655508745,
2.55930572631728));
#5539=CARTESIAN_POINT('Ctrl Pts',(-1.72647353573196E-6,-7.17792075809908,
2.66009743549784));
#5540=CARTESIAN_POINT('Ctrl Pts',(-1.64799746571465E-6,-7.07000075063738,
2.75564309215003));
#5541=CARTESIAN_POINT('Ctrl Pts',(-1.60875943074068E-6,-7.01604074690654,
2.80341592047613));
#5542=CARTESIAN_POINT('Ctrl Pts',(-1.5695213958361E-6,-6.96032469055735,
2.84987723567013));
#5543=CARTESIAN_POINT('Ctrl Pts',(-1.53028336086214E-6,-6.90318453924947,
2.89498913599848));
#5544=CARTESIAN_POINT('Ctrl Pts',(-1.49104532581879E-6,-6.84604438794159,
2.94010103632683));
#5545=CARTESIAN_POINT('Ctrl Pts',(-1.45180729105299E-6,-6.78748014167501,
2.98386352178953));
#5546=CARTESIAN_POINT('Ctrl Pts',(-1.41256925600963E-6,-6.72773855712048,
3.02624575864826));
#5547=CARTESIAN_POINT('Ctrl Pts',(-1.25561711569744E-6,-6.48877221890234,
3.19577470608317));
#5548=CARTESIAN_POINT('Ctrl Pts',(-1.0986649756628E-6,-6.23096846807695,
3.34321967585458));
#5549=CARTESIAN_POINT('Ctrl Pts',(-9.41712835489383E-7,-5.98895741210044,
3.4647742070273));
#5550=CARTESIAN_POINT('Ctrl Pts',(-7.84760695315967E-7,-5.74694635612394,
3.58632873820003));
#5551=CARTESIAN_POINT('Ctrl Pts',(-6.27808555003772E-7,-5.52072799499632,
3.68199283077409));
#5552=CARTESIAN_POINT('Ctrl Pts',(-4.708564145528E-7,-5.34634010653595,
3.74741763249201));
#5553=CARTESIAN_POINT('Ctrl Pts',(-3.92380344327314E-7,-5.25914616230576,
3.78013003335097));
#5554=CARTESIAN_POINT('Ctrl Pts',(-3.13904274171217E-7,-5.18490983624238,
3.8052826114959));
#5555=CARTESIAN_POINT('Ctrl Pts',(-2.35428203876342E-7,-5.12646756022938,
3.82247890995679));
#5556=CARTESIAN_POINT('Ctrl Pts',(-1.56952133581468E-7,-5.06802528421639,
3.83967520841768));
#5557=CARTESIAN_POINT('Ctrl Pts',(-7.84760631796164E-8,-5.02537705825379,
3.84891522719453));
#5558=CARTESIAN_POINT('Ctrl Pts',(7.21644966006352E-15,-5.,3.85));
#5559=CARTESIAN_POINT('Ctrl Pts',(-4.14575364036498E-7,6.77429559054323,
5.62904223161333));
#5560=CARTESIAN_POINT('Ctrl Pts',(-4.14575363567342E-7,6.30868076813615,
5.47372896422027));
#5561=CARTESIAN_POINT('Ctrl Pts',(-4.14575362220591E-7,5.08480987410544,
5.13486268456719));
#5562=CARTESIAN_POINT('Ctrl Pts',(-4.14575360693806E-7,3.28810469811656,
4.8940750047381));
#5563=CARTESIAN_POINT('Ctrl Pts',(-4.14575359919346E-7,1.8105061662452,
4.83368518908789));
#5564=CARTESIAN_POINT('Ctrl Pts',(1.19223779111024,6.77429560813344,5.62904223114404));
#5565=CARTESIAN_POINT('Ctrl Pts',(1.08154829432625,6.30890656759639,5.47372896333016));
#5566=CARTESIAN_POINT('Ctrl Pts',(0.814865481760174,5.08500361925241,5.13486268283301));
#5567=CARTESIAN_POINT('Ctrl Pts',(0.487966513550442,3.28771361830446,4.89407500311711));
#5568=CARTESIAN_POINT('Ctrl Pts',(0.262041475558865,1.81050617147091,4.8336851881209));
#5569=CARTESIAN_POINT('Ctrl Pts',(2.98327691167272,6.65335065595242,5.62904223036106));
#5570=CARTESIAN_POINT('Ctrl Pts',(2.73102174669518,6.18547033928312,5.47372896185203));
#5571=CARTESIAN_POINT('Ctrl Pts',(2.06528457109963,4.94730755317224,5.13486267993261));
#5572=CARTESIAN_POINT('Ctrl Pts',(1.21461786139395,3.16203313336934,4.89407500028051));
#5573=CARTESIAN_POINT('Ctrl Pts',(0.650637610997466,1.73541843826543,4.83368518643666));
#5574=CARTESIAN_POINT('Ctrl Pts',(5.11563183392363,5.93361561455433,5.62904222902108));
#5575=CARTESIAN_POINT('Ctrl Pts',(4.71679946508689,5.49161141028375,5.47372895933042));
#5576=CARTESIAN_POINT('Ctrl Pts',(3.64208448617463,4.30402996661219,5.1348626749608));
#5577=CARTESIAN_POINT('Ctrl Pts',(2.20371989264203,2.66489159881361,4.89407499527361));
#5578=CARTESIAN_POINT('Ctrl Pts',(1.1900295892392,1.44908328897924,4.8336851834725));
#5579=CARTESIAN_POINT('Ctrl Pts',(6.37878962924277,4.50198560498306,5.62904222772735));
#5580=CARTESIAN_POINT('Ctrl Pts',(5.91529742727041,4.13940532764792,5.47372895690038));
#5581=CARTESIAN_POINT('Ctrl Pts',(4.67433396442713,3.16075030260494,5.13486267015616));
#5582=CARTESIAN_POINT('Ctrl Pts',(2.93091146158556,1.87836717427314,4.89407499035432));
#5583=CARTESIAN_POINT('Ctrl Pts',(1.59972410442185,1.00919061965704,4.83368518056493));
#5584=CARTESIAN_POINT('Ctrl Pts',(6.67951047764493,2.38296832504159,5.62904222691518));
#5585=CARTESIAN_POINT('Ctrl Pts',(6.21432121397204,2.17639741177913,5.47372895537333));
#5586=CARTESIAN_POINT('Ctrl Pts',(4.98620593779701,1.64609927119547,5.13486266714142));
#5587=CARTESIAN_POINT('Ctrl Pts',(3.20185825496629,0.97555931299907,4.89407498729488));
#5588=CARTESIAN_POINT('Ctrl Pts',(1.75999347942349,0.522819618705013,4.83368517875507));
#5589=CARTESIAN_POINT('Ctrl Pts',(6.74250863459896,1.21157064218988,5.62904222660816));
#5590=CARTESIAN_POINT('Ctrl Pts',(6.27684073567839,1.10471125441792,5.47372895479387));
#5591=CARTESIAN_POINT('Ctrl Pts',(5.05134478454182,0.834234691968127,5.13486266600396));
#5592=CARTESIAN_POINT('Ctrl Pts',(3.25896946094144,0.494433329490264,4.89407498617979));
#5593=CARTESIAN_POINT('Ctrl Pts',(1.79331776971699,0.265505206559181,4.83368517809314));
#5594=CARTESIAN_POINT('Ctrl Pts',(7.51943687265636,-5.77774688650404,4.43992434314574));
#5595=CARTESIAN_POINT('Ctrl Pts',(7.52782578537733,-5.78474196753383,4.4252281292178));
#5596=CARTESIAN_POINT('Ctrl Pts',(7.5365642755474,-5.79203009830958,4.4097929809805));
#5597=CARTESIAN_POINT('Ctrl Pts',(7.80878412181498,-6.01911851108666,3.92476757414724));
#5598=CARTESIAN_POINT('Ctrl Pts',(8.02684235519304,-6.20250454391558,3.41171896659492));
#5599=CARTESIAN_POINT('Ctrl Pts',(8.38444695226195,-6.50072550191739,2.39311191537238));
#5600=CARTESIAN_POINT('Ctrl Pts',(8.52976660422751,-6.62058947030022,1.8867681414542));
#5601=CARTESIAN_POINT('Ctrl Pts',(8.7617543503999,-6.80866661283356,1.00224605229497));
#5602=CARTESIAN_POINT('Ctrl Pts',(8.85428403240348,-6.88257125710173,0.623687470090026));
#5603=CARTESIAN_POINT('Ctrl Pts',(8.94301051850977,-6.95401227038241,0.245217374946306));
#5604=CARTESIAN_POINT('Ctrl Pts',(7.29570924050125,-6.28632386176808,4.49899280535724));
#5605=CARTESIAN_POINT('Ctrl Pts',(7.30434133762067,-6.29408112618279,4.484655803325));
#5606=CARTESIAN_POINT('Ctrl Pts',(7.3133471148577,-6.30216104118792,4.46959029986273));
#5607=CARTESIAN_POINT('Ctrl Pts',(7.59434866719476,-6.55384674506119,3.99593067768546));
#5608=CARTESIAN_POINT('Ctrl Pts',(7.83295189507182,-6.75491434743934,3.48755271107302));
#5609=CARTESIAN_POINT('Ctrl Pts',(8.24201189691796,-7.07804206484436,2.46506418055651));
#5610=CARTESIAN_POINT('Ctrl Pts',(8.41750057852332,-7.20589249516412,1.95111578456921));
#5611=CARTESIAN_POINT('Ctrl Pts',(8.7030362574683,-7.4029085124414,1.04309956784175));
#5612=CARTESIAN_POINT('Ctrl Pts',(8.81874039558618,-7.47908600345116,0.651318660149522));
#5613=CARTESIAN_POINT('Ctrl Pts',(8.92917013123382,-7.55175547906692,0.256358675595162));
#5614=CARTESIAN_POINT('Ctrl Pts',(6.87413503907122,-6.94359575137649,4.5387218897683));
#5615=CARTESIAN_POINT('Ctrl Pts',(6.88276158425493,-6.95239352006025,4.52461770791082));
#5616=CARTESIAN_POINT('Ctrl Pts',(6.8917577349381,-6.9615736840121,4.50979141021647));
#5617=CARTESIAN_POINT('Ctrl Pts',(7.17233612216712,-7.2480671154174,4.04347442013559));
#5618=CARTESIAN_POINT('Ctrl Pts',(7.40696501955397,-7.49285704786348,3.53775282345109));
#5619=CARTESIAN_POINT('Ctrl Pts',(7.8020843495069,-7.90674195604927,2.51185897906667));
#5620=CARTESIAN_POINT('Ctrl Pts',(7.96803886773181,-8.08141284627952,1.99246050190124));
#5621=CARTESIAN_POINT('Ctrl Pts',(8.23193316716611,-8.35722903464409,1.06886366387412));
#5622=CARTESIAN_POINT('Ctrl Pts',(8.33682182132261,-8.46619624999059,0.668530222801042));
#5623=CARTESIAN_POINT('Ctrl Pts',(8.43517572404911,-8.56896568273986,0.26327283348017));
#5624=CARTESIAN_POINT('Ctrl Pts',(6.15828575216205,-7.35514204048169,4.48101746466191));
#5625=CARTESIAN_POINT('Ctrl Pts',(6.16577891805092,-7.36379935830102,4.46656832738697));
#5626=CARTESIAN_POINT('Ctrl Pts',(6.17358254743891,-7.37282943345095,4.4513872359618));
#5627=CARTESIAN_POINT('Ctrl Pts',(6.416623466675,-7.65452278295454,3.97416681948774));
#5628=CARTESIAN_POINT('Ctrl Pts',(6.60967578792735,-7.89178741376565,3.4641458988827));
#5629=CARTESIAN_POINT('Ctrl Pts',(6.92329761413237,-8.29071474889115,2.44229749653333));
#5630=CARTESIAN_POINT('Ctrl Pts',(7.04920155265753,-8.45795560410938,1.93032737877489));
#5631=CARTESIAN_POINT('Ctrl Pts',(7.2478102125811,-8.72502863199085,1.02946209551142));
#5632=CARTESIAN_POINT('Ctrl Pts',(7.32620722235783,-8.83156882637483,0.641879888888675));
#5633=CARTESIAN_POINT('Ctrl Pts',(7.40089409044514,-8.93409249641197,0.252526707103412));
#5634=CARTESIAN_POINT('Ctrl Pts',(5.77658944048316,-7.52122555780169,4.44031104334637));
#5635=CARTESIAN_POINT('Ctrl Pts',(5.7835135580661,-7.52969166170812,4.42562377067857));
#5636=CARTESIAN_POINT('Ctrl Pts',(5.79072616831664,-7.53851224813377,4.41019797460022));
#5637=CARTESIAN_POINT('Ctrl Pts',(6.01541082443885,-7.8133437695271,3.92546469818006));
#5638=CARTESIAN_POINT('Ctrl Pts',(6.19539067120203,-8.03514358364666,3.41269550319422));
#5639=CARTESIAN_POINT('Ctrl Pts',(6.4906335607701,-8.39569930495968,2.39415917234703));
#5640=CARTESIAN_POINT('Ctrl Pts',(6.61066536594136,-8.54056553362507,1.88761779486889));
#5641=CARTESIAN_POINT('Ctrl Pts',(6.80254573551997,-8.76810981390072,1.00265369209332));
#5642=CARTESIAN_POINT('Ctrl Pts',(6.87915637397337,-8.85759916756337,0.623867542768451));
#5643=CARTESIAN_POINT('Ctrl Pts',(6.95272820187313,-8.9442222212526,0.245278134721763));
#5644=CARTESIAN_POINT('',(-0.0124256289308711,0.00374159803175483,3.85));
#5645=UNCERTAINTY_MEASURE_WITH_UNIT(LENGTH_MEASURE(0.01),#5651,
'DISTANCE_ACCURACY_VALUE',
'Maximum model space distance between geometric entities at asserted c
onnectivities');
#5646=UNCERTAINTY_MEASURE_WITH_UNIT(LENGTH_MEASURE(0.01),#5651,
'DISTANCE_ACCURACY_VALUE',
'Maximum model space distance between geometric entities at asserted c
onnectivities');
#5647=UNCERTAINTY_MEASURE_WITH_UNIT(LENGTH_MEASURE(0.01),#5651,
'DISTANCE_ACCURACY_VALUE',
'Maximum model space distance between geometric entities at asserted c
onnectivities');
#5648=(
GEOMETRIC_REPRESENTATION_CONTEXT(3)
GLOBAL_UNCERTAINTY_ASSIGNED_CONTEXT((#5645))
GLOBAL_UNIT_ASSIGNED_CONTEXT((#5651,#5653,#5654))
REPRESENTATION_CONTEXT('','3D')
);
#5649=(
GEOMETRIC_REPRESENTATION_CONTEXT(3)
GLOBAL_UNCERTAINTY_ASSIGNED_CONTEXT((#5646))
GLOBAL_UNIT_ASSIGNED_CONTEXT((#5651,#5653,#5654))
REPRESENTATION_CONTEXT('','3D')
);
#5650=(
GEOMETRIC_REPRESENTATION_CONTEXT(3)
GLOBAL_UNCERTAINTY_ASSIGNED_CONTEXT((#5647))
GLOBAL_UNIT_ASSIGNED_CONTEXT((#5651,#5653,#5654))
REPRESENTATION_CONTEXT('','3D')
);
#5651=(
LENGTH_UNIT()
NAMED_UNIT(*)
SI_UNIT(.MILLI.,.METRE.)
);
#5652=(
LENGTH_UNIT()
NAMED_UNIT(*)
SI_UNIT($,.METRE.)
);
#5653=(
NAMED_UNIT(*)
PLANE_ANGLE_UNIT()
SI_UNIT($,.RADIAN.)
);
#5654=(
NAMED_UNIT(*)
SI_UNIT($,.STERADIAN.)
SOLID_ANGLE_UNIT()
);
#5655=SHAPE_DEFINITION_REPRESENTATION(#5657,#5660);
#5656=SHAPE_DEFINITION_REPRESENTATION(#5658,#5661);
#5657=PRODUCT_DEFINITION_SHAPE('',$,#5663);
#5658=PRODUCT_DEFINITION_SHAPE('',$,#5664);
#5659=PRODUCT_DEFINITION_SHAPE($,$,#14);
#5660=SHAPE_REPRESENTATION('',(#1311,#1415),#5648);
#5661=SHAPE_REPRESENTATION('',(#1312),#5649);
#5662=PRODUCT_DEFINITION_CONTEXT('part definition',#5670,'design');
#5663=PRODUCT_DEFINITION('2026-09-19-15-41-13-381','CLP_Thumb',#5665,#5662);
#5664=PRODUCT_DEFINITION('2026-09-19-15-40-40-593','MX Plug Mushroom',#5666,
#5662);
#5665=PRODUCT_DEFINITION_FORMATION('',$,#5672);
#5666=PRODUCT_DEFINITION_FORMATION('',$,#5673);
#5667=PRODUCT_RELATED_PRODUCT_CATEGORY('CLP_Thumb','CLP_Thumb',(#5672));
#5668=PRODUCT_RELATED_PRODUCT_CATEGORY('MX Plug Mushroom',
'MX Plug Mushroom',(#5673));
#5669=APPLICATION_PROTOCOL_DEFINITION('international standard',
'automotive_design',2009,#5670);
#5670=APPLICATION_CONTEXT(
'Core Data for Automotive Mechanical Design Process');
#5671=PRODUCT_CONTEXT('part definition',#5670,'mechanical');
#5672=PRODUCT('2026-09-19-15-41-13-381','CLP_Thumb',$,(#5671));
#5673=PRODUCT('2026-09-19-15-40-40-593','MX Plug Mushroom',$,(#5671));
#5674=PRESENTATION_STYLE_ASSIGNMENT((#5675));
#5675=SURFACE_STYLE_USAGE(.BOTH.,#5676);
#5676=SURFACE_SIDE_STYLE('',(#5677));
#5677=SURFACE_STYLE_FILL_AREA(#5678);
#5678=FILL_AREA_STYLE('Steel - Satin',(#5679));
#5679=FILL_AREA_STYLE_COLOUR('Steel - Satin',#5680);
#5680=COLOUR_RGB('Steel - Satin',0.627450980392157,0.627450980392157,0.627450980392157);
ENDSEC;
END-ISO-10303-21;
