ISO-10303-21;
HEADER;
/* Generated by software containing ST-Developer
 * from STEP Tools, Inc. (www.steptools.com) 
 */

FILE_DESCRIPTION(
/* description */ (''),
/* implementation_level */ '2;1');

FILE_NAME(
/* name */ 'CLP_Base_Tilt14_R4.step',
/* time_stamp */ '2026-10-03T20:46:54+08:00',
/* author */ (''),
/* organization */ (''),
/* preprocessor_version */ 'ST-DEVELOPER v20.2',
/* originating_system */ 'Autodesk Translation Framework v15.15.0.0',
/* authorisation */ '');

FILE_SCHEMA (('AUTOMOTIVE_DESIGN { 1 0 10303 214 3 1 1 }'));
ENDSEC;

DATA;
#10=MECHANICAL_DESIGN_GEOMETRIC_PRESENTATION_REPRESENTATION('',(#13),#2445);
#11=SHAPE_REPRESENTATION_RELATIONSHIP('SRR','None',#2452,#12);
#12=ADVANCED_BREP_SHAPE_REPRESENTATION('',(#14),#2444);
#13=STYLED_ITEM('',(#2461),#14);
#14=MANIFOLD_SOLID_BREP('Body3',#231);
#15=FACE_BOUND('',#74,.T.);
#16=CIRCLE('',#247,2.);
#17=CIRCLE('',#248,2.);
#18=CIRCLE('',#249,2.);
#19=CIRCLE('',#250,2.);
#20=LINE('',#1629,#24);
#21=LINE('',#1633,#25);
#22=LINE('',#1637,#26);
#23=LINE('',#1641,#27);
#24=VECTOR('',#257,10.);
#25=VECTOR('',#260,10.);
#26=VECTOR('',#263,10.);
#27=VECTOR('',#266,10.);
#28=(
BOUNDED_CURVE()
B_SPLINE_CURVE(5,(#1311,#1312,#1313,#1314,#1315,#1316,#1317),
 .UNSPECIFIED.,.F.,.F.)
B_SPLINE_CURVE_WITH_KNOTS((6,1,6),(1.,1.05,1.08462834882673),
 .UNSPECIFIED.)
CURVE()
GEOMETRIC_REPRESENTATION_ITEM()
RATIONAL_B_SPLINE_CURVE((1.,1.,1.,1.,1.,1.,1.))
REPRESENTATION_ITEM('')
);
#29=(
BOUNDED_CURVE()
B_SPLINE_CURVE(5,(#1319,#1320,#1321,#1322,#1323,#1324,#1325,#1326,#1327,
#1328),.UNSPECIFIED.,.F.,.F.)
B_SPLINE_CURVE_WITH_KNOTS((6,1,1,1,1,6),(0.,0.2,0.4,0.6,0.8,1.),
 .UNSPECIFIED.)
CURVE()
GEOMETRIC_REPRESENTATION_ITEM()
RATIONAL_B_SPLINE_CURVE((1.,1.,1.,1.,1.,1.,1.,1.,1.,1.))
REPRESENTATION_ITEM('')
);
#30=(
BOUNDED_CURVE()
B_SPLINE_CURVE(5,(#1330,#1331,#1332,#1333,#1334,#1335,#1336,#1337,#1338,
#1339),.UNSPECIFIED.,.F.,.F.)
B_SPLINE_CURVE_WITH_KNOTS((6,1,1,1,1,6),(0.,0.2,0.4,0.6,0.8,1.),
 .UNSPECIFIED.)
CURVE()
GEOMETRIC_REPRESENTATION_ITEM()
RATIONAL_B_SPLINE_CURVE((1.,1.,1.,1.,1.,1.,1.,1.,1.,1.))
REPRESENTATION_ITEM('')
);
#31=(
BOUNDED_CURVE()
B_SPLINE_CURVE(5,(#1341,#1342,#1343,#1344,#1345,#1346,#1347,#1348),
 .UNSPECIFIED.,.F.,.F.)
B_SPLINE_CURVE_WITH_KNOTS((6,1,1,6),(0.146358642740317,0.15,0.2,0.25),
 .UNSPECIFIED.)
CURVE()
GEOMETRIC_REPRESENTATION_ITEM()
RATIONAL_B_SPLINE_CURVE((1.,1.,1.,1.,1.,1.,1.,1.))
REPRESENTATION_ITEM('')
);
#32=(
BOUNDED_CURVE()
B_SPLINE_CURVE(5,(#1349,#1350,#1351,#1352,#1353,#1354,#1355),
 .UNSPECIFIED.,.F.,.F.)
B_SPLINE_CURVE_WITH_KNOTS((6,1,6),(0.084628348826728,0.1,0.146358642740317),
 .UNSPECIFIED.)
CURVE()
GEOMETRIC_REPRESENTATION_ITEM()
RATIONAL_B_SPLINE_CURVE((1.,1.,1.,1.,1.,1.,1.))
REPRESENTATION_ITEM('')
);
#33=(
BOUNDED_CURVE()
B_SPLINE_CURVE(5,(#1417,#1418,#1419,#1420,#1421,#1422,#1423,#1424),
 .UNSPECIFIED.,.F.,.F.)
B_SPLINE_CURVE_WITH_KNOTS((6,1,1,6),(0.25,0.3,0.35,0.353641358343234),
 .UNSPECIFIED.)
CURVE()
GEOMETRIC_REPRESENTATION_ITEM()
RATIONAL_B_SPLINE_CURVE((1.,1.,1.,1.,1.,1.,1.,1.))
REPRESENTATION_ITEM('')
);
#34=(
BOUNDED_CURVE()
B_SPLINE_CURVE(5,(#1426,#1427,#1428,#1429,#1430,#1431,#1432,#1433,#1434,
#1435),.UNSPECIFIED.,.F.,.F.)
B_SPLINE_CURVE_WITH_KNOTS((6,1,1,1,1,6),(0.,0.2,0.4,0.6,0.8,1.),
 .UNSPECIFIED.)
CURVE()
GEOMETRIC_REPRESENTATION_ITEM()
RATIONAL_B_SPLINE_CURVE((1.,1.,1.,1.,1.,1.,1.,1.,1.,1.))
REPRESENTATION_ITEM('')
);
#35=(
BOUNDED_CURVE()
B_SPLINE_CURVE(5,(#1437,#1438,#1439,#1440,#1441,#1442,#1443),
 .UNSPECIFIED.,.F.,.F.)
B_SPLINE_CURVE_WITH_KNOTS((6,1,6),(0.415371653234485,0.45,0.5),
 .UNSPECIFIED.)
CURVE()
GEOMETRIC_REPRESENTATION_ITEM()
RATIONAL_B_SPLINE_CURVE((1.,1.,1.,1.,1.,1.,1.))
REPRESENTATION_ITEM('')
);
#36=(
BOUNDED_CURVE()
B_SPLINE_CURVE(5,(#1444,#1445,#1446,#1447,#1448,#1449,#1450),
 .UNSPECIFIED.,.F.,.F.)
B_SPLINE_CURVE_WITH_KNOTS((6,1,6),(0.353641358343234,0.4,0.415371653234485),
 .UNSPECIFIED.)
CURVE()
GEOMETRIC_REPRESENTATION_ITEM()
RATIONAL_B_SPLINE_CURVE((1.,1.,1.,1.,1.,1.,1.))
REPRESENTATION_ITEM('')
);
#37=(
BOUNDED_CURVE()
B_SPLINE_CURVE(5,(#1584,#1585,#1586,#1587,#1588,#1589,#1590,#1591),
 .UNSPECIFIED.,.F.,.F.)
B_SPLINE_CURVE_WITH_KNOTS((6,1,1,6),(0.5,0.55,0.6,0.609898998975394),
 .UNSPECIFIED.)
CURVE()
GEOMETRIC_REPRESENTATION_ITEM()
RATIONAL_B_SPLINE_CURVE((1.,1.,1.,1.,1.,1.,1.,1.))
REPRESENTATION_ITEM('')
);
#38=(
BOUNDED_CURVE()
B_SPLINE_CURVE(5,(#1593,#1594,#1595,#1596,#1597,#1598,#1599,#1600),
 .UNSPECIFIED.,.F.,.F.)
B_SPLINE_CURVE_WITH_KNOTS((6,1,1,6),(0.890100999105809,0.9,0.95,1.),
 .UNSPECIFIED.)
CURVE()
GEOMETRIC_REPRESENTATION_ITEM()
RATIONAL_B_SPLINE_CURVE((1.,1.,1.,1.,1.,1.,1.,1.))
REPRESENTATION_ITEM('')
);
#39=(
BOUNDED_CURVE()
B_SPLINE_CURVE(5,(#1602,#1603,#1604,#1605,#1606,#1607,#1608),
 .UNSPECIFIED.,.F.,.F.)
B_SPLINE_CURVE_WITH_KNOTS((6,1,6),(0.836649294615935,0.85,0.890100999105809),
 .UNSPECIFIED.)
CURVE()
GEOMETRIC_REPRESENTATION_ITEM()
RATIONAL_B_SPLINE_CURVE((1.,1.,1.,1.,1.,1.,1.))
REPRESENTATION_ITEM('')
);
#40=(
BOUNDED_CURVE()
B_SPLINE_CURVE(5,(#1610,#1611,#1612,#1613,#1614,#1615,#1616,#1617,#1618),
 .UNSPECIFIED.,.F.,.F.)
B_SPLINE_CURVE_WITH_KNOTS((6,1,1,1,6),(0.663350704657727,0.7,0.75,0.8,0.836649294615935),
 .UNSPECIFIED.)
CURVE()
GEOMETRIC_REPRESENTATION_ITEM()
RATIONAL_B_SPLINE_CURVE((1.,1.,1.,1.,1.,1.,1.,1.,1.))
REPRESENTATION_ITEM('')
);
#41=(
BOUNDED_CURVE()
B_SPLINE_CURVE(5,(#1619,#1620,#1621,#1622,#1623,#1624,#1625),
 .UNSPECIFIED.,.F.,.F.)
B_SPLINE_CURVE_WITH_KNOTS((6,1,6),(0.609898998975394,0.65,0.663350704657727),
 .UNSPECIFIED.)
CURVE()
GEOMETRIC_REPRESENTATION_ITEM()
RATIONAL_B_SPLINE_CURVE((1.,1.,1.,1.,1.,1.,1.))
REPRESENTATION_ITEM('')
);
#42=B_SPLINE_SURFACE_WITH_KNOTS('',3,3,((#335,#336,#337,#338,#339,#340,
#341,#342,#343,#344,#345,#346,#347),(#348,#349,#350,#351,#352,#353,#354,
#355,#356,#357,#358,#359,#360),(#361,#362,#363,#364,#365,#366,#367,#368,
#369,#370,#371,#372,#373),(#374,#375,#376,#377,#378,#379,#380,#381,#382,
#383,#384,#385,#386),(#387,#388,#389,#390,#391,#392,#393,#394,#395,#396,
#397,#398,#399),(#400,#401,#402,#403,#404,#405,#406,#407,#408,#409,#410,
#411,#412),(#413,#414,#415,#416,#417,#418,#419,#420,#421,#422,#423,#424,
#425),(#426,#427,#428,#429,#430,#431,#432,#433,#434,#435,#436,#437,#438),
(#439,#440,#441,#442,#443,#444,#445,#446,#447,#448,#449,#450,#451),(#452,
#453,#454,#455,#456,#457,#458,#459,#460,#461,#462,#463,#464),(#465,#466,
#467,#468,#469,#470,#471,#472,#473,#474,#475,#476,#477),(#478,#479,#480,
#481,#482,#483,#484,#485,#486,#487,#488,#489,#490),(#491,#492,#493,#494,
#495,#496,#497,#498,#499,#500,#501,#502,#503),(#504,#505,#506,#507,#508,
#509,#510,#511,#512,#513,#514,#515,#516),(#517,#518,#519,#520,#521,#522,
#523,#524,#525,#526,#527,#528,#529),(#530,#531,#532,#533,#534,#535,#536,
#537,#538,#539,#540,#541,#542),(#543,#544,#545,#546,#547,#548,#549,#550,
#551,#552,#553,#554,#555),(#556,#557,#558,#559,#560,#561,#562,#563,#564,
#565,#566,#567,#568),(#569,#570,#571,#572,#573,#574,#575,#576,#577,#578,
#579,#580,#581),(#582,#583,#584,#585,#586,#587,#588,#589,#590,#591,#592,
#593,#594),(#595,#596,#597,#598,#599,#600,#601,#602,#603,#604,#605,#606,
#607),(#608,#609,#610,#611,#612,#613,#614,#615,#616,#617,#618,#619,#620),
(#621,#622,#623,#624,#625,#626,#627,#628,#629,#630,#631,#632,#633),(#634,
#635,#636,#637,#638,#639,#640,#641,#642,#643,#644,#645,#646),(#647,#648,
#649,#650,#651,#652,#653,#654,#655,#656,#657,#658,#659),(#660,#661,#662,
#663,#664,#665,#666,#667,#668,#669,#670,#671,#672),(#673,#674,#675,#676,
#677,#678,#679,#680,#681,#682,#683,#684,#685),(#686,#687,#688,#689,#690,
#691,#692,#693,#694,#695,#696,#697,#698),(#699,#700,#701,#702,#703,#704,
#705,#706,#707,#708,#709,#710,#711),(#712,#713,#714,#715,#716,#717,#718,
#719,#720,#721,#722,#723,#724),(#725,#726,#727,#728,#729,#730,#731,#732,
#733,#734,#735,#736,#737),(#738,#739,#740,#741,#742,#743,#744,#745,#746,
#747,#748,#749,#750),(#751,#752,#753,#754,#755,#756,#757,#758,#759,#760,
#761,#762,#763),(#764,#765,#766,#767,#768,#769,#770,#771,#772,#773,#774,
#775,#776),(#777,#778,#779,#780,#781,#782,#783,#784,#785,#786,#787,#788,
#789),(#790,#791,#792,#793,#794,#795,#796,#797,#798,#799,#800,#801,#802),
(#803,#804,#805,#806,#807,#808,#809,#810,#811,#812,#813,#814,#815),(#816,
#817,#818,#819,#820,#821,#822,#823,#824,#825,#826,#827,#828),(#829,#830,
#831,#832,#833,#834,#835,#836,#837,#838,#839,#840,#841),(#842,#843,#844,
#845,#846,#847,#848,#849,#850,#851,#852,#853,#854),(#855,#856,#857,#858,
#859,#860,#861,#862,#863,#864,#865,#866,#867),(#868,#869,#870,#871,#872,
#873,#874,#875,#876,#877,#878,#879,#880),(#881,#882,#883,#884,#885,#886,
#887,#888,#889,#890,#891,#892,#893),(#894,#895,#896,#897,#898,#899,#900,
#901,#902,#903,#904,#905,#906),(#907,#908,#909,#910,#911,#912,#913,#914,
#915,#916,#917,#918,#919),(#920,#921,#922,#923,#924,#925,#926,#927,#928,
#929,#930,#931,#932),(#933,#934,#935,#936,#937,#938,#939,#940,#941,#942,
#943,#944,#945),(#946,#947,#948,#949,#950,#951,#952,#953,#954,#955,#956,
#957,#958),(#959,#960,#961,#962,#963,#964,#965,#966,#967,#968,#969,#970,
#971),(#972,#973,#974,#975,#976,#977,#978,#979,#980,#981,#982,#983,#984),
(#985,#986,#987,#988,#989,#990,#991,#992,#993,#994,#995,#996,#997),(#998,
#999,#1000,#1001,#1002,#1003,#1004,#1005,#1006,#1007,#1008,#1009,#1010),
(#1011,#1012,#1013,#1014,#1015,#1016,#1017,#1018,#1019,#1020,#1021,#1022,
#1023),(#1024,#1025,#1026,#1027,#1028,#1029,#1030,#1031,#1032,#1033,#1034,
#1035,#1036),(#1037,#1038,#1039,#1040,#1041,#1042,#1043,#1044,#1045,#1046,
#1047,#1048,#1049),(#1050,#1051,#1052,#1053,#1054,#1055,#1056,#1057,#1058,
#1059,#1060,#1061,#1062),(#1063,#1064,#1065,#1066,#1067,#1068,#1069,#1070,
#1071,#1072,#1073,#1074,#1075),(#1076,#1077,#1078,#1079,#1080,#1081,#1082,
#1083,#1084,#1085,#1086,#1087,#1088),(#1089,#1090,#1091,#1092,#1093,#1094,
#1095,#1096,#1097,#1098,#1099,#1100,#1101),(#1102,#1103,#1104,#1105,#1106,
#1107,#1108,#1109,#1110,#1111,#1112,#1113,#1114),(#1115,#1116,#1117,#1118,
#1119,#1120,#1121,#1122,#1123,#1124,#1125,#1126,#1127),(#1128,#1129,#1130,
#1131,#1132,#1133,#1134,#1135,#1136,#1137,#1138,#1139,#1140),(#1141,#1142,
#1143,#1144,#1145,#1146,#1147,#1148,#1149,#1150,#1151,#1152,#1153)),
 .UNSPECIFIED.,.T.,.F.,.F.,(4,2,2,2,1,2,2,1,2,2,2,2,2,1,2,2,2,2,2,2,2,1,
2,2,2,2,2,2,2,1,2,2,2,4),(4,1,1,1,1,1,1,1,1,1,4),(0.,0.062489461068865,
0.114595919040933,0.114999995007403,0.125030828589748,0.135061662172093,
0.16263295746117,0.194915848075653,0.227198738690136,0.250006548025385,
0.301863099832779,0.357524480206534,0.364965791346384,0.374998833506326,
0.385031875666269,0.406722354979583,0.470420371971388,0.5000571936581,0.539509995166106,
0.596581647244321,0.614989711652932,0.625025433914426,0.635061156175919,
0.647699794528636,0.70449917523077,0.750050955381609,0.778395038250536,
0.836096268374809,0.865020088523012,0.874832922771195,0.884645757019379,
0.885085987637824,0.937275607797513,1.),(0.,0.142857142857143,0.285714285714286,
0.428571428571429,0.5,0.571428571428571,0.642857142857143,0.785714285714286,
0.857142857142857,0.928571428571429,1.),.UNSPECIFIED.);
#43=B_SPLINE_SURFACE_WITH_KNOTS('',3,3,((#1249,#1250,#1251,#1252,#1253,
#1254),(#1255,#1256,#1257,#1258,#1259,#1260),(#1261,#1262,#1263,#1264,#1265,
#1266),(#1267,#1268,#1269,#1270,#1271,#1272),(#1273,#1274,#1275,#1276,#1277,
#1278),(#1279,#1280,#1281,#1282,#1283,#1284),(#1285,#1286,#1287,#1288,#1289,
#1290),(#1291,#1292,#1293,#1294,#1295,#1296),(#1297,#1298,#1299,#1300,#1301,
#1302),(#1303,#1304,#1305,#1306,#1307,#1308)),.UNSPECIFIED.,.F.,.F.,.F.,
(4,1,1,1,1,1,1,4),(4,1,1,4),(0.,0.142857142857143,0.285714285714286,0.571428571428571,
0.714285714285714,0.857142857142857,0.892857142857143,1.),(0.,0.285714285714286,
0.571428571428571,1.),.UNSPECIFIED.);
#44=B_SPLINE_SURFACE_WITH_KNOTS('',3,3,((#1356,#1357,#1358,#1359,#1360,
#1361),(#1362,#1363,#1364,#1365,#1366,#1367),(#1368,#1369,#1370,#1371,#1372,
#1373),(#1374,#1375,#1376,#1377,#1378,#1379),(#1380,#1381,#1382,#1383,#1384,
#1385),(#1386,#1387,#1388,#1389,#1390,#1391),(#1392,#1393,#1394,#1395,#1396,
#1397),(#1398,#1399,#1400,#1401,#1402,#1403),(#1404,#1405,#1406,#1407,#1408,
#1409),(#1410,#1411,#1412,#1413,#1414,#1415)),.UNSPECIFIED.,.F.,.F.,.F.,
(4,1,1,1,1,1,1,4),(4,1,1,4),(0.,0.142857142857143,0.285714285714286,0.571428571428571,
0.714285714285714,0.857142857142857,0.892857142857143,1.),(0.,0.285714285714286,
0.571428571428571,1.),.UNSPECIFIED.);
#45=B_SPLINE_SURFACE_WITH_KNOTS('',3,3,((#1451,#1452,#1453,#1454,#1455,
#1456),(#1457,#1458,#1459,#1460,#1461,#1462),(#1463,#1464,#1465,#1466,#1467,
#1468),(#1469,#1470,#1471,#1472,#1473,#1474),(#1475,#1476,#1477,#1478,#1479,
#1480),(#1481,#1482,#1483,#1484,#1485,#1486),(#1487,#1488,#1489,#1490,#1491,
#1492),(#1493,#1494,#1495,#1496,#1497,#1498),(#1499,#1500,#1501,#1502,#1503,
#1504),(#1505,#1506,#1507,#1508,#1509,#1510),(#1511,#1512,#1513,#1514,#1515,
#1516),(#1517,#1518,#1519,#1520,#1521,#1522),(#1523,#1524,#1525,#1526,#1527,
#1528),(#1529,#1530,#1531,#1532,#1533,#1534),(#1535,#1536,#1537,#1538,#1539,
#1540),(#1541,#1542,#1543,#1544,#1545,#1546),(#1547,#1548,#1549,#1550,#1551,
#1552),(#1553,#1554,#1555,#1556,#1557,#1558),(#1559,#1560,#1561,#1562,#1563,
#1564),(#1565,#1566,#1567,#1568,#1569,#1570),(#1571,#1572,#1573,#1574,#1575,
#1576),(#1577,#1578,#1579,#1580,#1581,#1582)),.UNSPECIFIED.,.F.,.F.,.F.,
(4,1,1,1,1,2,1,1,1,1,1,1,2,1,1,1,1,4),(4,1,1,4),(0.,0.0439595995901598,
0.0879191991803197,0.13187879877048,0.197818198155719,0.219797997950799,
0.33187879800296,0.443959598055122,0.471979798068162,0.556040398107283,
0.668121198159444,0.752181798198565,0.780201998211605,0.824161598569284,
0.868121198926963,0.912080799284642,0.956040399642321,1.),(0.,0.285714285714286,
0.571428571428571,1.),.UNSPECIFIED.);
#46=B_SPLINE_SURFACE_WITH_KNOTS('',3,3,((#1643,#1644,#1645,#1646,#1647,
#1648,#1649),(#1650,#1651,#1652,#1653,#1654,#1655,#1656),(#1657,#1658,#1659,
#1660,#1661,#1662,#1663),(#1664,#1665,#1666,#1667,#1668,#1669,#1670),(#1671,
#1672,#1673,#1674,#1675,#1676,#1677),(#1678,#1679,#1680,#1681,#1682,#1683,
#1684),(#1685,#1686,#1687,#1688,#1689,#1690,#1691),(#1692,#1693,#1694,#1695,
#1696,#1697,#1698),(#1699,#1700,#1701,#1702,#1703,#1704,#1705),(#1706,#1707,
#1708,#1709,#1710,#1711,#1712),(#1713,#1714,#1715,#1716,#1717,#1718,#1719)),
 .UNSPECIFIED.,.F.,.F.,.F.,(4,1,1,1,2,1,1,4),(4,1,1,1,4),(0.,0.0750000000843107,
0.100000000112414,0.300000000337243,0.500000000562071,0.700000000337243,
0.800000000224828,1.),(0.,0.181838179711048,0.393161844981444,0.654897921375424,
1.),.UNSPECIFIED.);
#47=B_SPLINE_SURFACE_WITH_KNOTS('',3,3,((#1734,#1735,#1736,#1737,#1738,
#1739,#1740,#1741,#1742,#1743),(#1744,#1745,#1746,#1747,#1748,#1749,#1750,
#1751,#1752,#1753),(#1754,#1755,#1756,#1757,#1758,#1759,#1760,#1761,#1762,
#1763),(#1764,#1765,#1766,#1767,#1768,#1769,#1770,#1771,#1772,#1773),(#1774,
#1775,#1776,#1777,#1778,#1779,#1780,#1781,#1782,#1783)),.UNSPECIFIED.,.F.,
 .F.,.F.,(4,1,4),(4,1,1,1,1,1,1,4),(0.,0.571428571428571,1.),(0.,0.178948098270942,
0.181838179697078,0.3885094423537,0.393161844958746,0.650645166511276,0.654897921354468,
1.),.UNSPECIFIED.);
#48=B_SPLINE_SURFACE_WITH_KNOTS('',3,3,((#1791,#1792,#1793,#1794,#1795,
#1796,#1797,#1798,#1799,#1800,#1801,#1802,#1803,#1804,#1805,#1806),(#1807,
#1808,#1809,#1810,#1811,#1812,#1813,#1814,#1815,#1816,#1817,#1818,#1819,
#1820,#1821,#1822),(#1823,#1824,#1825,#1826,#1827,#1828,#1829,#1830,#1831,
#1832,#1833,#1834,#1835,#1836,#1837,#1838),(#1839,#1840,#1841,#1842,#1843,
#1844,#1845,#1846,#1847,#1848,#1849,#1850,#1851,#1852,#1853,#1854),(#1855,
#1856,#1857,#1858,#1859,#1860,#1861,#1862,#1863,#1864,#1865,#1866,#1867,
#1868,#1869,#1870),(#1871,#1872,#1873,#1874,#1875,#1876,#1877,#1878,#1879,
#1880,#1881,#1882,#1883,#1884,#1885,#1886),(#1887,#1888,#1889,#1890,#1891,
#1892,#1893,#1894,#1895,#1896,#1897,#1898,#1899,#1900,#1901,#1902),(#1903,
#1904,#1905,#1906,#1907,#1908,#1909,#1910,#1911,#1912,#1913,#1914,#1915,
#1916,#1917,#1918),(#1919,#1920,#1921,#1922,#1923,#1924,#1925,#1926,#1927,
#1928,#1929,#1930,#1931,#1932,#1933,#1934),(#1935,#1936,#1937,#1938,#1939,
#1940,#1941,#1942,#1943,#1944,#1945,#1946,#1947,#1948,#1949,#1950),(#1951,
#1952,#1953,#1954,#1955,#1956,#1957,#1958,#1959,#1960,#1961,#1962,#1963,
#1964,#1965,#1966),(#1967,#1968,#1969,#1970,#1971,#1972,#1973,#1974,#1975,
#1976,#1977,#1978,#1979,#1980,#1981,#1982)),.UNSPECIFIED.,.F.,.F.,.F.,(4,
1,1,1,1,2,1,1,4),(4,1,1,1,1,1,1,1,1,1,1,1,1,4),(0.,0.0819777251370229,0.10930363351603,
0.218607267032061,0.327910900548091,0.546518167580152,0.727910900548091,
0.818607267032061,1.),(0.,0.142857142857143,0.178948098270943,0.194882692769875,
0.285714285714286,0.3885094423537,0.411514050518689,0.428571428571428,0.571428571428571,
0.650645166511276,0.670479879852959,0.785714285714285,0.928571428571428,
1.),.UNSPECIFIED.);
#49=B_SPLINE_SURFACE_WITH_KNOTS('',3,3,((#1990,#1991,#1992,#1993,#1994,
#1995,#1996,#1997,#1998,#1999),(#2000,#2001,#2002,#2003,#2004,#2005,#2006,
#2007,#2008,#2009),(#2010,#2011,#2012,#2013,#2014,#2015,#2016,#2017,#2018,
#2019),(#2020,#2021,#2022,#2023,#2024,#2025,#2026,#2027,#2028,#2029),(#2030,
#2031,#2032,#2033,#2034,#2035,#2036,#2037,#2038,#2039)),.UNSPECIFIED.,.F.,
 .F.,.F.,(4,1,4),(4,1,1,1,1,1,1,4),(0.,0.571428571428571,1.),(0.,0.194882692769875,
0.202131127784802,0.411514050518689,0.42199913162194,0.670479879852959,
0.679580572722498,1.),.UNSPECIFIED.);
#50=B_SPLINE_SURFACE_WITH_KNOTS('',3,3,((#2047,#2048,#2049,#2050,#2051,
#2052,#2053),(#2054,#2055,#2056,#2057,#2058,#2059,#2060),(#2061,#2062,#2063,
#2064,#2065,#2066,#2067),(#2068,#2069,#2070,#2071,#2072,#2073,#2074),(#2075,
#2076,#2077,#2078,#2079,#2080,#2081),(#2082,#2083,#2084,#2085,#2086,#2087,
#2088),(#2089,#2090,#2091,#2092,#2093,#2094,#2095),(#2096,#2097,#2098,#2099,
#2100,#2101,#2102),(#2103,#2104,#2105,#2106,#2107,#2108,#2109),(#2110,#2111,
#2112,#2113,#2114,#2115,#2116),(#2117,#2118,#2119,#2120,#2121,#2122,#2123),
(#2124,#2125,#2126,#2127,#2128,#2129,#2130),(#2131,#2132,#2133,#2134,#2135,
#2136,#2137),(#2138,#2139,#2140,#2141,#2142,#2143,#2144)),.UNSPECIFIED.,
 .F.,.F.,.F.,(4,1,1,1,1,2,1,1,1,1,4),(4,1,1,1,4),(0.,0.0749999999115867,
0.0999999998821157,0.199999999764231,0.299999999646347,0.499999999410578,
0.699999999646347,0.799999999764231,0.899999999882116,0.924999999911587,
1.),(0.,0.202131127784802,0.42199913162194,0.679580572722498,1.),
 .UNSPECIFIED.);
#51=B_SPLINE_SURFACE_WITH_KNOTS('',3,3,((#2152,#2153,#2154,#2155,#2156,
#2157,#2158,#2159,#2160,#2161),(#2162,#2163,#2164,#2165,#2166,#2167,#2168,
#2169,#2170,#2171),(#2172,#2173,#2174,#2175,#2176,#2177,#2178,#2179,#2180,
#2181),(#2182,#2183,#2184,#2185,#2186,#2187,#2188,#2189,#2190,#2191),(#2192,
#2193,#2194,#2195,#2196,#2197,#2198,#2199,#2200,#2201)),.UNSPECIFIED.,.F.,
 .F.,.F.,(4,1,4),(4,1,1,1,1,1,1,4),(0.,0.571428571428571,1.),(0.,0.19488269279711,
0.202131127819834,0.411514050558949,0.421999131672783,0.67047987988843,
0.679580572766777,1.),.UNSPECIFIED.);
#52=B_SPLINE_SURFACE_WITH_KNOTS('',3,3,((#2209,#2210,#2211,#2212,#2213,
#2214,#2215,#2216,#2217,#2218,#2219,#2220,#2221,#2222,#2223,#2224),(#2225,
#2226,#2227,#2228,#2229,#2230,#2231,#2232,#2233,#2234,#2235,#2236,#2237,
#2238,#2239,#2240),(#2241,#2242,#2243,#2244,#2245,#2246,#2247,#2248,#2249,
#2250,#2251,#2252,#2253,#2254,#2255,#2256),(#2257,#2258,#2259,#2260,#2261,
#2262,#2263,#2264,#2265,#2266,#2267,#2268,#2269,#2270,#2271,#2272),(#2273,
#2274,#2275,#2276,#2277,#2278,#2279,#2280,#2281,#2282,#2283,#2284,#2285,
#2286,#2287,#2288),(#2289,#2290,#2291,#2292,#2293,#2294,#2295,#2296,#2297,
#2298,#2299,#2300,#2301,#2302,#2303,#2304),(#2305,#2306,#2307,#2308,#2309,
#2310,#2311,#2312,#2313,#2314,#2315,#2316,#2317,#2318,#2319,#2320),(#2321,
#2322,#2323,#2324,#2325,#2326,#2327,#2328,#2329,#2330,#2331,#2332,#2333,
#2334,#2335,#2336),(#2337,#2338,#2339,#2340,#2341,#2342,#2343,#2344,#2345,
#2346,#2347,#2348,#2349,#2350,#2351,#2352),(#2353,#2354,#2355,#2356,#2357,
#2358,#2359,#2360,#2361,#2362,#2363,#2364,#2365,#2366,#2367,#2368),(#2369,
#2370,#2371,#2372,#2373,#2374,#2375,#2376,#2377,#2378,#2379,#2380,#2381,
#2382,#2383,#2384)),.UNSPECIFIED.,.F.,.F.,.F.,(4,1,1,1,2,1,1,4),(4,1,1,
1,1,1,1,1,1,1,1,1,1,4),(0.,0.0680222748549332,0.0906963664732442,0.272089099419733,
0.453481832366221,0.672089099419733,0.781392732946488,1.),(0.,0.142857142857143,
0.178948098282161,0.19488269279711,0.285714285714286,0.388509442372294,
0.411514050558949,0.428571428571428,0.571428571428571,0.650645166528769,
0.67047987988843,0.785714285714285,0.928571428571428,1.),.UNSPECIFIED.);
#53=B_SPLINE_SURFACE_WITH_KNOTS('',3,3,((#2392,#2393,#2394,#2395,#2396,
#2397,#2398,#2399,#2400,#2401),(#2402,#2403,#2404,#2405,#2406,#2407,#2408,
#2409,#2410,#2411),(#2412,#2413,#2414,#2415,#2416,#2417,#2418,#2419,#2420,
#2421),(#2422,#2423,#2424,#2425,#2426,#2427,#2428,#2429,#2430,#2431),(#2432,
#2433,#2434,#2435,#2436,#2437,#2438,#2439,#2440,#2441)),.UNSPECIFIED.,.F.,
 .F.,.F.,(4,1,4),(4,1,1,1,1,1,1,4),(0.,0.571428571428571,1.),(0.,0.178948098282161,
0.181838179711048,0.388509442372294,0.393161844981444,0.650645166528769,
0.654897921375424,1.),.UNSPECIFIED.);
#54=FACE_OUTER_BOUND('',#68,.T.);
#55=FACE_OUTER_BOUND('',#69,.T.);
#56=FACE_OUTER_BOUND('',#70,.T.);
#57=FACE_OUTER_BOUND('',#71,.T.);
#58=FACE_OUTER_BOUND('',#72,.T.);
#59=FACE_OUTER_BOUND('',#73,.T.);
#60=FACE_OUTER_BOUND('',#75,.T.);
#61=FACE_OUTER_BOUND('',#76,.T.);
#62=FACE_OUTER_BOUND('',#77,.T.);
#63=FACE_OUTER_BOUND('',#78,.T.);
#64=FACE_OUTER_BOUND('',#79,.T.);
#65=FACE_OUTER_BOUND('',#80,.T.);
#66=FACE_OUTER_BOUND('',#81,.T.);
#67=FACE_OUTER_BOUND('',#82,.T.);
#68=EDGE_LOOP('',(#149));
#69=EDGE_LOOP('',(#150,#151,#152,#153));
#70=EDGE_LOOP('',(#154,#155,#156,#157,#158));
#71=EDGE_LOOP('',(#159,#160,#161,#162,#163));
#72=EDGE_LOOP('',(#164,#165,#166,#167,#168,#169,#170));
#73=EDGE_LOOP('',(#171,#172,#173,#174,#175,#176,#177,#178));
#74=EDGE_LOOP('',(#179));
#75=EDGE_LOOP('',(#180,#181,#182,#183));
#76=EDGE_LOOP('',(#184,#185,#186,#187));
#77=EDGE_LOOP('',(#188,#189,#190,#191,#192));
#78=EDGE_LOOP('',(#193,#194,#195,#196));
#79=EDGE_LOOP('',(#197,#198,#199,#200,#201));
#80=EDGE_LOOP('',(#202,#203,#204,#205));
#81=EDGE_LOOP('',(#206,#207,#208,#209,#210));
#82=EDGE_LOOP('',(#211,#212,#213,#214));
#83=B_SPLINE_CURVE_WITH_KNOTS('',3,(#272,#273,#274,#275,#276,#277,#278,
#279,#280,#281,#282,#283,#284,#285,#286,#287,#288,#289,#290,#291,#292,#293,
#294,#295,#296,#297,#298,#299,#300,#301,#302,#303,#304,#305,#306,#307,#308,
#309,#310,#311,#312,#313,#314,#315,#316,#317,#318,#319,#320,#321,#322,#323,
#324,#325,#326,#327,#328,#329,#330,#331,#332,#333,#334),.UNSPECIFIED.,.T.,
 .F.,(4,2,2,2,1,2,2,1,2,2,2,2,2,1,2,2,2,2,2,2,2,1,2,2,2,2,2,2,2,1,2,2,2,
4),(0.,0.062489461068865,0.114595919040933,0.114999995007403,0.125030828589748,
0.135061662172093,0.16263295746117,0.194915848075653,0.227198738690136,
0.250006548025385,0.301863099832779,0.357524480206534,0.364965791346384,
0.374998833506326,0.385031875666269,0.406722354979583,0.470420371971388,
0.5000571936581,0.539509995166106,0.596581647244321,0.614989711652932,0.625025433914426,
0.635061156175919,0.647699794528636,0.70449917523077,0.750050955381609,
0.778395038250536,0.836096268374809,0.865020088523012,0.874832922771195,
0.884645757019379,0.885085987637824,0.937275607797513,1.),.UNSPECIFIED.);
#84=B_SPLINE_CURVE_WITH_KNOTS('',3,(#1155,#1156,#1157,#1158,#1159,#1160,
#1161,#1162,#1163,#1164,#1165,#1166,#1167,#1168,#1169,#1170,#1171,#1172,
#1173,#1174,#1175,#1176,#1177,#1178,#1179,#1180,#1181,#1182,#1183,#1184,
#1185,#1186,#1187,#1188,#1189,#1190,#1191,#1192,#1193,#1194,#1195,#1196,
#1197,#1198,#1199,#1200,#1201,#1202,#1203,#1204,#1205,#1206,#1207,#1208,
#1209,#1210,#1211,#1212,#1213,#1214,#1215,#1216,#1217),.UNSPECIFIED.,.T.,
 .F.,(4,2,2,2,1,2,2,1,2,2,2,2,2,1,2,2,2,2,2,2,2,1,2,2,2,2,2,2,2,1,2,2,2,
4),(0.,0.062489461068865,0.114595919040933,0.114999995007403,0.125030828589748,
0.135061662172093,0.16263295746117,0.194915848075653,0.227198738690136,
0.250006548025385,0.301863099832779,0.357524480206534,0.364965791346384,
0.374998833506326,0.385031875666269,0.406722354979583,0.470420371971388,
0.5000571936581,0.539509995166106,0.596581647244321,0.614989711652932,0.625025433914426,
0.635061156175919,0.647699794528636,0.70449917523077,0.750050955381609,
0.778395038250536,0.836096268374809,0.865020088523012,0.874832922771195,
0.884645757019379,0.885085987637824,0.937275607797513,1.),.UNSPECIFIED.);
#85=B_SPLINE_CURVE_WITH_KNOTS('',3,(#1218,#1219,#1220,#1221,#1222,#1223,
#1224,#1225,#1226,#1227,#1228,#1229,#1230,#1231,#1232,#1233,#1234,#1235,
#1236,#1237,#1238,#1239,#1240,#1241,#1242,#1243,#1244,#1245,#1246,#1247,
#1248),.UNSPECIFIED.,.F.,.F.,(4,3,3,3,3,3,3,3,3,3,4),(-1.,-0.857142857142857,
-0.714285714285714,-0.571428571428571,-0.5,-0.428571428571429,-0.357142857142857,
-0.214285714285714,-0.142857142857143,-0.0714285714285714,0.),
 .UNSPECIFIED.);
#86=B_SPLINE_CURVE_WITH_KNOTS('',3,(#1720,#1721,#1722,#1723,#1724,#1725,
#1726),.UNSPECIFIED.,.F.,.F.,(4,1,1,1,4),(0.,0.167441296052011,0.362033589358188,
0.60304693390594,0.920825848185181),.UNSPECIFIED.);
#87=B_SPLINE_CURVE_WITH_KNOTS('',3,(#1727,#1728,#1729,#1730,#1731,#1732,
#1733),.UNSPECIFIED.,.F.,.F.,(4,1,1,1,4),(0.,0.167441295708212,0.362033588607929,
0.6030469326407,0.920825846223751),.UNSPECIFIED.);
#88=B_SPLINE_CURVE_WITH_KNOTS('',3,(#1784,#1785,#1786,#1787,#1788,#1789,
#1790),.UNSPECIFIED.,.F.,.F.,(4,1,1,1,4),(0.,0.170149998473614,0.369408122590822,
0.618655773145675,0.950834348717095),.UNSPECIFIED.);
#89=B_SPLINE_CURVE_WITH_KNOTS('',3,(#1983,#1984,#1985,#1986,#1987,#1988,
#1989),.UNSPECIFIED.,.F.,.F.,(4,1,1,1,4),(0.,0.242135146772062,0.511292273340916,
0.833048547351592,1.24246613863236),.UNSPECIFIED.);
#90=B_SPLINE_CURVE_WITH_KNOTS('',3,(#2040,#2041,#2042,#2043,#2044,#2045,
#2046),.UNSPECIFIED.,.F.,.F.,(4,1,1,1,4),(0.,0.259848297386524,0.542498115220025,
0.873630185979588,1.28554320274298),.UNSPECIFIED.);
#91=B_SPLINE_CURVE_WITH_KNOTS('',3,(#2145,#2146,#2147,#2148,#2149,#2150,
#2151),.UNSPECIFIED.,.F.,.F.,(4,1,1,1,4),(0.,0.25984829723627,0.542498114877669,
0.873630185379931,1.28554320177683),.UNSPECIFIED.);
#92=B_SPLINE_CURVE_WITH_KNOTS('',3,(#2202,#2203,#2204,#2205,#2206,#2207,
#2208),.UNSPECIFIED.,.F.,.F.,(4,1,1,1,4),(0.,0.242135146638398,0.511292273037238,
0.833048546819382,1.24246613777285),.UNSPECIFIED.);
#93=B_SPLINE_CURVE_WITH_KNOTS('',3,(#2385,#2386,#2387,#2388,#2389,#2390,
#2391),.UNSPECIFIED.,.F.,.F.,(4,1,1,1,4),(0.,0.170149998063004,0.369408121693878,
0.618655771630568,0.950834346362909),.UNSPECIFIED.);
#94=VERTEX_POINT('',#271);
#95=VERTEX_POINT('',#1154);
#96=VERTEX_POINT('',#1309);
#97=VERTEX_POINT('',#1310);
#98=VERTEX_POINT('',#1318);
#99=VERTEX_POINT('',#1329);
#100=VERTEX_POINT('',#1340);
#101=VERTEX_POINT('',#1416);
#102=VERTEX_POINT('',#1425);
#103=VERTEX_POINT('',#1436);
#104=VERTEX_POINT('',#1583);
#105=VERTEX_POINT('',#1592);
#106=VERTEX_POINT('',#1601);
#107=VERTEX_POINT('',#1609);
#108=VERTEX_POINT('',#1627);
#109=VERTEX_POINT('',#1628);
#110=VERTEX_POINT('',#1630);
#111=VERTEX_POINT('',#1632);
#112=VERTEX_POINT('',#1634);
#113=VERTEX_POINT('',#1636);
#114=VERTEX_POINT('',#1638);
#115=VERTEX_POINT('',#1640);
#116=EDGE_CURVE('',#94,#94,#83,.T.);
#117=EDGE_CURVE('',#95,#95,#84,.T.);
#118=EDGE_CURVE('',#95,#94,#85,.T.);
#119=EDGE_CURVE('',#96,#97,#28,.T.);
#120=EDGE_CURVE('',#96,#98,#29,.T.);
#121=EDGE_CURVE('',#99,#98,#30,.T.);
#122=EDGE_CURVE('',#100,#99,#31,.T.);
#123=EDGE_CURVE('',#97,#100,#32,.T.);
#124=EDGE_CURVE('',#99,#101,#33,.T.);
#125=EDGE_CURVE('',#102,#98,#34,.T.);
#126=EDGE_CURVE('',#103,#102,#35,.T.);
#127=EDGE_CURVE('',#101,#103,#36,.T.);
#128=EDGE_CURVE('',#102,#104,#37,.T.);
#129=EDGE_CURVE('',#105,#96,#38,.T.);
#130=EDGE_CURVE('',#106,#105,#39,.T.);
#131=EDGE_CURVE('',#107,#106,#40,.T.);
#132=EDGE_CURVE('',#104,#107,#41,.T.);
#133=EDGE_CURVE('',#108,#109,#20,.T.);
#134=EDGE_CURVE('',#109,#110,#16,.T.);
#135=EDGE_CURVE('',#110,#111,#21,.T.);
#136=EDGE_CURVE('',#111,#112,#17,.T.);
#137=EDGE_CURVE('',#112,#113,#22,.T.);
#138=EDGE_CURVE('',#113,#114,#18,.T.);
#139=EDGE_CURVE('',#114,#115,#23,.T.);
#140=EDGE_CURVE('',#115,#108,#19,.T.);
#141=EDGE_CURVE('',#106,#109,#86,.T.);
#142=EDGE_CURVE('',#107,#108,#87,.T.);
#143=EDGE_CURVE('',#105,#110,#88,.T.);
#144=EDGE_CURVE('',#97,#111,#89,.T.);
#145=EDGE_CURVE('',#100,#112,#90,.T.);
#146=EDGE_CURVE('',#101,#113,#91,.T.);
#147=EDGE_CURVE('',#103,#114,#92,.T.);
#148=EDGE_CURVE('',#104,#115,#93,.T.);
#149=ORIENTED_EDGE('',*,*,#116,.F.);
#150=ORIENTED_EDGE('',*,*,#117,.F.);
#151=ORIENTED_EDGE('',*,*,#118,.T.);
#152=ORIENTED_EDGE('',*,*,#116,.T.);
#153=ORIENTED_EDGE('',*,*,#118,.F.);
#154=ORIENTED_EDGE('',*,*,#119,.F.);
#155=ORIENTED_EDGE('',*,*,#120,.T.);
#156=ORIENTED_EDGE('',*,*,#121,.F.);
#157=ORIENTED_EDGE('',*,*,#122,.F.);
#158=ORIENTED_EDGE('',*,*,#123,.F.);
#159=ORIENTED_EDGE('',*,*,#124,.F.);
#160=ORIENTED_EDGE('',*,*,#121,.T.);
#161=ORIENTED_EDGE('',*,*,#125,.F.);
#162=ORIENTED_EDGE('',*,*,#126,.F.);
#163=ORIENTED_EDGE('',*,*,#127,.F.);
#164=ORIENTED_EDGE('',*,*,#128,.F.);
#165=ORIENTED_EDGE('',*,*,#125,.T.);
#166=ORIENTED_EDGE('',*,*,#120,.F.);
#167=ORIENTED_EDGE('',*,*,#129,.F.);
#168=ORIENTED_EDGE('',*,*,#130,.F.);
#169=ORIENTED_EDGE('',*,*,#131,.F.);
#170=ORIENTED_EDGE('',*,*,#132,.F.);
#171=ORIENTED_EDGE('',*,*,#133,.T.);
#172=ORIENTED_EDGE('',*,*,#134,.T.);
#173=ORIENTED_EDGE('',*,*,#135,.T.);
#174=ORIENTED_EDGE('',*,*,#136,.T.);
#175=ORIENTED_EDGE('',*,*,#137,.T.);
#176=ORIENTED_EDGE('',*,*,#138,.T.);
#177=ORIENTED_EDGE('',*,*,#139,.T.);
#178=ORIENTED_EDGE('',*,*,#140,.T.);
#179=ORIENTED_EDGE('',*,*,#117,.T.);
#180=ORIENTED_EDGE('',*,*,#131,.T.);
#181=ORIENTED_EDGE('',*,*,#141,.T.);
#182=ORIENTED_EDGE('',*,*,#133,.F.);
#183=ORIENTED_EDGE('',*,*,#142,.F.);
#184=ORIENTED_EDGE('',*,*,#130,.T.);
#185=ORIENTED_EDGE('',*,*,#143,.T.);
#186=ORIENTED_EDGE('',*,*,#134,.F.);
#187=ORIENTED_EDGE('',*,*,#141,.F.);
#188=ORIENTED_EDGE('',*,*,#129,.T.);
#189=ORIENTED_EDGE('',*,*,#119,.T.);
#190=ORIENTED_EDGE('',*,*,#144,.T.);
#191=ORIENTED_EDGE('',*,*,#135,.F.);
#192=ORIENTED_EDGE('',*,*,#143,.F.);
#193=ORIENTED_EDGE('',*,*,#123,.T.);
#194=ORIENTED_EDGE('',*,*,#145,.T.);
#195=ORIENTED_EDGE('',*,*,#136,.F.);
#196=ORIENTED_EDGE('',*,*,#144,.F.);
#197=ORIENTED_EDGE('',*,*,#122,.T.);
#198=ORIENTED_EDGE('',*,*,#124,.T.);
#199=ORIENTED_EDGE('',*,*,#146,.T.);
#200=ORIENTED_EDGE('',*,*,#137,.F.);
#201=ORIENTED_EDGE('',*,*,#145,.F.);
#202=ORIENTED_EDGE('',*,*,#127,.T.);
#203=ORIENTED_EDGE('',*,*,#147,.T.);
#204=ORIENTED_EDGE('',*,*,#138,.F.);
#205=ORIENTED_EDGE('',*,*,#146,.F.);
#206=ORIENTED_EDGE('',*,*,#126,.T.);
#207=ORIENTED_EDGE('',*,*,#128,.T.);
#208=ORIENTED_EDGE('',*,*,#148,.T.);
#209=ORIENTED_EDGE('',*,*,#139,.F.);
#210=ORIENTED_EDGE('',*,*,#147,.F.);
#211=ORIENTED_EDGE('',*,*,#132,.T.);
#212=ORIENTED_EDGE('',*,*,#142,.T.);
#213=ORIENTED_EDGE('',*,*,#140,.F.);
#214=ORIENTED_EDGE('',*,*,#148,.F.);
#215=PLANE('',#245);
#216=PLANE('',#246);
#217=ADVANCED_FACE('',(#54),#215,.F.);
#218=ADVANCED_FACE('',(#55),#42,.F.);
#219=ADVANCED_FACE('',(#56),#43,.F.);
#220=ADVANCED_FACE('',(#57),#44,.F.);
#221=ADVANCED_FACE('',(#58),#45,.F.);
#222=ADVANCED_FACE('',(#59,#15),#216,.F.);
#223=ADVANCED_FACE('',(#60),#46,.T.);
#224=ADVANCED_FACE('',(#61),#47,.T.);
#225=ADVANCED_FACE('',(#62),#48,.T.);
#226=ADVANCED_FACE('',(#63),#49,.T.);
#227=ADVANCED_FACE('',(#64),#50,.T.);
#228=ADVANCED_FACE('',(#65),#51,.T.);
#229=ADVANCED_FACE('',(#66),#52,.T.);
#230=ADVANCED_FACE('',(#67),#53,.T.);
#231=CLOSED_SHELL('',(#217,#218,#219,#220,#221,#222,#223,#224,#225,#226,
#227,#228,#229,#230));
#232=DERIVED_UNIT_ELEMENT(#234,1.);
#233=DERIVED_UNIT_ELEMENT(#2447,-3.);
#234=(
MASS_UNIT()
NAMED_UNIT(*)
SI_UNIT(.KILO.,.GRAM.)
);
#235=DERIVED_UNIT((#232,#233));
#236=MEASURE_REPRESENTATION_ITEM('density measure',
POSITIVE_RATIO_MEASURE(7850.),#235);
#237=PROPERTY_DEFINITION_REPRESENTATION(#242,#239);
#238=PROPERTY_DEFINITION_REPRESENTATION(#243,#240);
#239=REPRESENTATION('material name',(#241),#2444);
#240=REPRESENTATION('density',(#236),#2444);
#241=DESCRIPTIVE_REPRESENTATION_ITEM('Steel','Steel');
#242=PROPERTY_DEFINITION('material property','material name',#2454);
#243=PROPERTY_DEFINITION('material property','density of part',#2454);
#244=AXIS2_PLACEMENT_3D('',#269,#251,#252);
#245=AXIS2_PLACEMENT_3D('',#270,#253,#254);
#246=AXIS2_PLACEMENT_3D('',#1626,#255,#256);
#247=AXIS2_PLACEMENT_3D('',#1631,#258,#259);
#248=AXIS2_PLACEMENT_3D('',#1635,#261,#262);
#249=AXIS2_PLACEMENT_3D('',#1639,#264,#265);
#250=AXIS2_PLACEMENT_3D('',#1642,#267,#268);
#251=DIRECTION('axis',(0.,0.,1.));
#252=DIRECTION('refdir',(1.,0.,0.));
#253=DIRECTION('center_axis',(0.,0.,1.));
#254=DIRECTION('ref_axis',(1.,0.,0.));
#255=DIRECTION('center_axis',(-6.43530199429552E-17,-5.28873542268746E-17,
1.));
#256=DIRECTION('ref_axis',(1.,0.,6.43530199429552E-17));
#257=DIRECTION('',(-1.,7.93016446160826E-17,0.));
#258=DIRECTION('center_axis',(0.,0.,-1.));
#259=DIRECTION('ref_axis',(-1.,-5.55111512312578E-16,0.));
#260=DIRECTION('',(7.93016446160826E-17,1.,0.));
#261=DIRECTION('center_axis',(0.,0.,-1.));
#262=DIRECTION('ref_axis',(3.85185988877447E-33,1.,0.));
#263=DIRECTION('',(1.,6.16297582203915E-33,0.));
#264=DIRECTION('center_axis',(0.,0.,-1.));
#265=DIRECTION('ref_axis',(1.,3.85185988877447E-33,0.));
#266=DIRECTION('',(-7.93016446160826E-17,-1.,0.));
#267=DIRECTION('center_axis',(0.,0.,-1.));
#268=DIRECTION('ref_axis',(-3.85185988877447E-33,-1.,0.));
#269=CARTESIAN_POINT('',(0.,0.,0.));
#270=CARTESIAN_POINT('Origin',(0.000640257057528227,0.454257964377691,3.3));
#271=CARTESIAN_POINT('',(0.00215747914021291,5.,3.3));
#272=CARTESIAN_POINT('Ctrl Pts',(0.00215747914021291,5.,3.3));
#273=CARTESIAN_POINT('Ctrl Pts',(-0.813141280119041,5.,3.3));
#274=CARTESIAN_POINT('Ctrl Pts',(-1.62861208901966,5.00006674000317,3.30000000000003));
#275=CARTESIAN_POINT('Ctrl Pts',(-3.12413438327864,5.00013799267841,3.30000000000005));
#276=CARTESIAN_POINT('Ctrl Pts',(-3.80413646599995,5.00029820564887,3.30000000000014));
#277=CARTESIAN_POINT('Ctrl Pts',(-4.48936394646263,5.00042130425177,3.30000000000015));
#278=CARTESIAN_POINT('Ctrl Pts',(-4.49463738663468,5.00041820685125,3.30000000000015));
#279=CARTESIAN_POINT('Ctrl Pts',(-4.63080061439724,5.00051399272612,3.30000000000014));
#280=CARTESIAN_POINT('Ctrl Pts',(-4.89108637773559,4.8910083976701,3.30000000000012));
#281=CARTESIAN_POINT('Ctrl Pts',(-5.00061270000204,4.63071362313864,3.30000000000012));
#282=CARTESIAN_POINT('Ctrl Pts',(-5.00023167801599,4.14007761338315,3.30000000000009));
#283=CARTESIAN_POINT('Ctrl Pts',(-5.00030839327334,3.7802854693959,3.30000000000007));
#284=CARTESIAN_POINT('Ctrl Pts',(-5.00016907796063,2.99921592120819,3.30000000000005));
#285=CARTESIAN_POINT('Ctrl Pts',(-5.00006188122103,2.15665431875321,3.30000000000002));
#286=CARTESIAN_POINT('Ctrl Pts',(-5.00005970621593,1.31408291195112,3.30000000000002));
#287=CARTESIAN_POINT('Ctrl Pts',(-5.00003691211676,0.595204502941124,3.30000000000001));
#288=CARTESIAN_POINT('Ctrl Pts',(-5.00003830492834,0.297591336135687,3.30000000000001));
#289=CARTESIAN_POINT('Ctrl Pts',(-5.00003703318972,-0.676630465113029,3.30000000000001));
#290=CARTESIAN_POINT('Ctrl Pts',(-5.00006229309563,-1.35327756106671,3.3));
#291=CARTESIAN_POINT('Ctrl Pts',(-5.00011624794669,-2.75620711198945,3.3));
#292=CARTESIAN_POINT('Ctrl Pts',(-5.00026411483294,-3.48244874565053,3.3));
#293=CARTESIAN_POINT('Ctrl Pts',(-5.00041421925242,-4.30573005622694,3.3));
#294=CARTESIAN_POINT('Ctrl Pts',(-5.0003703058474,-4.40282080527011,3.3));
#295=CARTESIAN_POINT('Ctrl Pts',(-5.00053744969344,-4.63078765821872,3.3));
#296=CARTESIAN_POINT('Ctrl Pts',(-4.8910262075696,-4.89107496693127,3.3));
#297=CARTESIAN_POINT('Ctrl Pts',(-4.63073396721252,-5.00059798696167,3.3));
#298=CARTESIAN_POINT('Ctrl Pts',(-4.2168877065112,-5.00028172056411,3.3));
#299=CARTESIAN_POINT('Ctrl Pts',(-3.93389246206859,-5.00035695449784,3.3));
#300=CARTESIAN_POINT('Ctrl Pts',(-2.81984381467725,-5.00017420043363,3.3));
#301=CARTESIAN_POINT('Ctrl Pts',(-1.98876854649461,-5.00006620753014,3.3));
#302=CARTESIAN_POINT('Ctrl Pts',(-0.771083926722799,-5.00003984086455,3.3));
#303=CARTESIAN_POINT('Ctrl Pts',(-0.384448281330374,-5.00003648153204,3.3));
#304=CARTESIAN_POINT('Ctrl Pts',(0.516812050577159,-5.00003735647409,3.3));
#305=CARTESIAN_POINT('Ctrl Pts',(1.03148227589472,-5.00004854058206,3.3));
#306=CARTESIAN_POINT('Ctrl Pts',(2.29066718345304,-5.0000874201718,3.3));
#307=CARTESIAN_POINT('Ctrl Pts',(3.03514393456516,-5.00019986134216,3.3));
#308=CARTESIAN_POINT('Ctrl Pts',(4.01967685417546,-5.00036810417854,3.3));
#309=CARTESIAN_POINT('Ctrl Pts',(4.25978725745246,-5.00029825223464,3.3));
#310=CARTESIAN_POINT('Ctrl Pts',(4.63075189714177,-5.0005810469008,3.3));
#311=CARTESIAN_POINT('Ctrl Pts',(4.89104232322031,-4.89106109439183,3.3));
#312=CARTESIAN_POINT('Ctrl Pts',(5.00055767826664,-4.63077260146361,3.3));
#313=CARTESIAN_POINT('Ctrl Pts',(5.00033591498303,-4.33504942758918,3.3));
#314=CARTESIAN_POINT('Ctrl Pts',(5.00039646906339,-4.17019251239899,3.3));
#315=CARTESIAN_POINT('Ctrl Pts',(5.00023430833357,-3.26448671317466,3.3));
#316=CARTESIAN_POINT('Ctrl Pts',(5.00010091778788,-2.52358642745986,3.29999999999999));
#317=CARTESIAN_POINT('Ctrl Pts',(5.00005425220045,-1.18842511100006,3.29999999999999));
#318=CARTESIAN_POINT('Ctrl Pts',(5.00003614978422,-0.59420516125627,3.29999999999998));
#319=CARTESIAN_POINT('Ctrl Pts',(5.00003461887306,0.369733724424446,3.29999999999997));
#320=CARTESIAN_POINT('Ctrl Pts',(5.00003650342444,0.73950193523025,3.29999999999996));
#321=CARTESIAN_POINT('Ctrl Pts',(5.0000587720102,1.86208347798858,3.29999999999993));
#322=CARTESIAN_POINT('Ctrl Pts',(5.00012450244946,2.61493230571136,3.29999999999978));
#323=CARTESIAN_POINT('Ctrl Pts',(5.00027696907877,3.74514619228415,3.29999999999963));
#324=CARTESIAN_POINT('Ctrl Pts',(5.0002033834221,4.12251527769603,3.29999999999953));
#325=CARTESIAN_POINT('Ctrl Pts',(5.00055934563701,4.62785302145411,3.29999999999937));
#326=CARTESIAN_POINT('Ctrl Pts',(4.89606600264867,4.88256890133841,3.29999999999939));
#327=CARTESIAN_POINT('Ctrl Pts',(4.64510935143383,4.99575716212071,3.29999999999927));
#328=CARTESIAN_POINT('Ctrl Pts',(4.51142294259093,5.0002798084339,3.29999999999923));
#329=CARTESIAN_POINT('Ctrl Pts',(4.50567901967014,5.00038187936864,3.29999999999923));
#330=CARTESIAN_POINT('Ctrl Pts',(3.81903379802968,5.00026948846421,3.29999999999936));
#331=CARTESIAN_POINT('Ctrl Pts',(3.13814501368447,5.0001248997087,3.29999999999975));
#332=CARTESIAN_POINT('Ctrl Pts',(1.63887455307526,5.0000602754634,3.29999999999986));
#333=CARTESIAN_POINT('Ctrl Pts',(0.820521380240614,5.,3.3));
#334=CARTESIAN_POINT('Ctrl Pts',(0.00215747914020348,5.,3.3));
#335=CARTESIAN_POINT('Ctrl Pts',(-7.62583293664622E-15,8.14999999999999,
-0.549999999999999));
#336=CARTESIAN_POINT('Ctrl Pts',(0.000192217272395976,8.14970610334327,
-0.209181791637567));
#337=CARTESIAN_POINT('Ctrl Pts',(0.000553313683937526,8.10030511159184,
0.431379569231814));
#338=CARTESIAN_POINT('Ctrl Pts',(0.0010251799764561,7.85742324230768,1.26941193438153));
#339=CARTESIAN_POINT('Ctrl Pts',(0.0013584055314131,7.48201928094569,1.86217880391938));
#340=CARTESIAN_POINT('Ctrl Pts',(0.00158593451620677,7.07686011290741,2.26766182961631));
#341=CARTESIAN_POINT('Ctrl Pts',(0.00173606646614824,6.72977794880598,2.53566812245035));
#342=CARTESIAN_POINT('Ctrl Pts',(0.00190776640067172,6.23021467173758,2.84289216007444));
#343=CARTESIAN_POINT('Ctrl Pts',(0.00203523201966422,5.72373741654779,3.07226391360742));
#344=CARTESIAN_POINT('Ctrl Pts',(0.00211539502592638,5.32433882867834,3.21838318769457));
#345=CARTESIAN_POINT('Ctrl Pts',(0.00215108023987483,5.10424295564912,3.28496351299892));
#346=CARTESIAN_POINT('Ctrl Pts',(0.00215816291166107,5.02299568894212,3.29994528986304));
#347=CARTESIAN_POINT('Ctrl Pts',(0.00215747914021291,5.,3.3));
#348=CARTESIAN_POINT('Ctrl Pts',(-1.71999888688156,8.15,-0.549999999999999));
#349=CARTESIAN_POINT('Ctrl Pts',(-1.68920024033944,8.14970610334328,-0.209159194448706));
#350=CARTESIAN_POINT('Ctrl Pts',(-1.61802138572426,8.10030499395114,0.431438293585186));
#351=CARTESIAN_POINT('Ctrl Pts',(-1.49027627571723,7.8574231639097,1.26950100467944));
#352=CARTESIAN_POINT('Ctrl Pts',(-1.37281408572749,7.4820191520142,1.86227608920039));
#353=CARTESIAN_POINT('Ctrl Pts',(-1.27612634199367,7.07686007985741,2.26775712132009));
#354=CARTESIAN_POINT('Ctrl Pts',(-1.20322296360265,6.72977795730942,2.53575805579403));
#355=CARTESIAN_POINT('Ctrl Pts',(-1.10679745912441,6.23021477690726,2.84297035750796));
#356=CARTESIAN_POINT('Ctrl Pts',(-1.01348261695187,5.72373741530499,3.07232432719514));
#357=CARTESIAN_POINT('Ctrl Pts',(-0.927165783179883,5.32433887049575,3.21842144791952));
#358=CARTESIAN_POINT('Ctrl Pts',(-0.866898330769319,5.10424299029394,3.284983393048));
#359=CARTESIAN_POINT('Ctrl Pts',(-0.830347728792042,5.02299568894212,3.29995201942878));
#360=CARTESIAN_POINT('Ctrl Pts',(-0.813141280119041,5.,3.3));
#361=CARTESIAN_POINT('Ctrl Pts',(-3.42052342697881,8.11787538956202,-0.550000000000004));
#362=CARTESIAN_POINT('Ctrl Pts',(-3.37445969502911,8.10999978423952,-0.209130928719958));
#363=CARTESIAN_POINT('Ctrl Pts',(-3.25522899225989,8.04855981054405,0.431513419469062));
#364=CARTESIAN_POINT('Ctrl Pts',(-3.0136250845766,7.79817916865139,1.26961877054799));
#365=CARTESIAN_POINT('Ctrl Pts',(-2.77457283979108,7.42721798096914,1.8624074660142));
#366=CARTESIAN_POINT('Ctrl Pts',(-2.57060371374507,7.03199405866426,2.26788689483025));
#367=CARTESIAN_POINT('Ctrl Pts',(-2.4143282431665,6.69496298529261,2.53588068275233));
#368=CARTESIAN_POINT('Ctrl Pts',(-2.20618832690935,6.21093191059135,2.8430762476726));
#369=CARTESIAN_POINT('Ctrl Pts',(-2.00638872694655,5.72014015398407,3.07240442621381));
#370=CARTESIAN_POINT('Ctrl Pts',(-1.83203946670888,5.32934972504137,3.21847097240211));
#371=CARTESIAN_POINT('Ctrl Pts',(-1.71811637647721,5.11053753225247,3.28500854378276));
#372=CARTESIAN_POINT('Ctrl Pts',(-1.65583871907998,5.02590158307802,3.29996043909622));
#373=CARTESIAN_POINT('Ctrl Pts',(-1.62861208901966,5.00006674000317,3.30000000000003));
#374=CARTESIAN_POINT('Ctrl Pts',(-5.71327210249282,7.83659305297544,-0.550000000000007));
#375=CARTESIAN_POINT('Ctrl Pts',(-5.65676667767682,7.81134424548983,-0.209076482986661));
#376=CARTESIAN_POINT('Ctrl Pts',(-5.50712387137136,7.72849914230645,0.43165950556749));
#377=CARTESIAN_POINT('Ctrl Pts',(-5.18830655910939,7.48533343423201,1.26985085200964));
#378=CARTESIAN_POINT('Ctrl Pts',(-4.8536740484111,7.15497581308692,1.86266851627626));
#379=CARTESIAN_POINT('Ctrl Pts',(-4.55471113357534,6.81090293001444,2.26814559149519));
#380=CARTESIAN_POINT('Ctrl Pts',(-4.31960362611627,6.51943014826668,2.53612524766055));
#381=CARTESIAN_POINT('Ctrl Pts',(-3.99995314181648,6.1014008300435,2.8432868777452));
#382=CARTESIAN_POINT('Ctrl Pts',(-3.68754249929342,5.67509167081085,3.07256245233307));
#383=CARTESIAN_POINT('Ctrl Pts',(-3.41951768068618,5.32539841572773,3.21856774301504));
#384=CARTESIAN_POINT('Ctrl Pts',(-3.24936951523063,5.12070664677952,3.28505722431735));
#385=CARTESIAN_POINT('Ctrl Pts',(-3.16118590419057,5.03182327383891,3.29997665911679));
#386=CARTESIAN_POINT('Ctrl Pts',(-3.12413438327864,5.00013799267841,3.30000000000005));
#387=CARTESIAN_POINT('Ctrl Pts',(-6.42336411588266,7.61278528949575,-0.550000000000022));
#388=CARTESIAN_POINT('Ctrl Pts',(-6.36876569713012,7.57832147225977,-0.209050736782078));
#389=CARTESIAN_POINT('Ctrl Pts',(-6.22795782865028,7.48649462953103,0.431729083870004));
#390=CARTESIAN_POINT('Ctrl Pts',(-5.92679291082758,7.2562997469832,1.26996248962587));
#391=CARTESIAN_POINT('Ctrl Pts',(-5.60023583290186,6.95868630952211,1.8627948457192));
#392=CARTESIAN_POINT('Ctrl Pts',(-5.29941541987009,6.65202176374954,2.2682710731756));
#393=CARTESIAN_POINT('Ctrl Pts',(-5.05861166886419,6.39280154139852,2.53624391462819));
#394=CARTESIAN_POINT('Ctrl Pts',(-4.72630103646962,6.02060360250844,2.84338888537678));
#395=CARTESIAN_POINT('Ctrl Pts',(-4.39633189802622,5.63857592692421,3.07263852895033));
#396=CARTESIAN_POINT('Ctrl Pts',(-4.11303797536986,5.3181530184893,3.21861400044359));
#397=CARTESIAN_POINT('Ctrl Pts',(-3.93411491518762,5.12483193145777,3.28508032908802));
#398=CARTESIAN_POINT('Ctrl Pts',(-3.84241342346478,5.03488778743898,3.29998432992403));
#399=CARTESIAN_POINT('Ctrl Pts',(-3.80413646599995,5.00029820564887,3.30000000000014));
#400=CARTESIAN_POINT('Ctrl Pts',(-6.86327906046063,7.2961730376398,-0.550000000000024));
#401=CARTESIAN_POINT('Ctrl Pts',(-6.81393757248931,7.25442141229803,-0.209026273490915));
#402=CARTESIAN_POINT('Ctrl Pts',(-6.69726870378129,7.15917562299828,0.431795446499117));
#403=CARTESIAN_POINT('Ctrl Pts',(-6.45490864736454,6.95429321131626,1.2700695203283));
#404=CARTESIAN_POINT('Ctrl Pts',(-6.17949032867038,6.70212383780294,1.86291633818565));
#405=CARTESIAN_POINT('Ctrl Pts',(-5.91276277580336,6.44386307053551,2.26839189431388));
#406=CARTESIAN_POINT('Ctrl Pts',(-5.69307952780843,6.22535726370291,2.53635819401039));
#407=CARTESIAN_POINT('Ctrl Pts',(-5.3825089944069,5.91026310182797,2.84348702632255));
#408=CARTESIAN_POINT('Ctrl Pts',(-5.06569037587314,5.58323385789496,3.07271149760874));
#409=CARTESIAN_POINT('Ctrl Pts',(-4.79088951566613,5.30112925137332,3.21865820468877));
#410=CARTESIAN_POINT('Ctrl Pts',(-4.616718399342,5.12485319872526,3.2851023259269));
#411=CARTESIAN_POINT('Ctrl Pts',(-4.52708365109286,5.03673004663214,3.29999161905243));
#412=CARTESIAN_POINT('Ctrl Pts',(-4.48936394646263,5.00042130425177,3.30000000000015));
#413=CARTESIAN_POINT('Ctrl Pts',(-6.86665372140485,7.29373054946149,-0.550000000000024));
#414=CARTESIAN_POINT('Ctrl Pts',(-6.81735288527976,7.25192296267721,-0.20902608533091));
#415=CARTESIAN_POINT('Ctrl Pts',(-6.70086914740958,7.15665490669413,0.431795956944819));
#416=CARTESIAN_POINT('Ctrl Pts',(-6.45896368730306,6.95196622602236,1.27007034361808));
#417=CARTESIAN_POINT('Ctrl Pts',(-6.18393998868633,6.70014838079729,1.86291727274022));
#418=CARTESIAN_POINT('Ctrl Pts',(-5.9174772312579,6.44225711276172,2.2683928237134));
#419=CARTESIAN_POINT('Ctrl Pts',(-5.69795799787978,6.22406338091239,2.53635907308961));
#420=CARTESIAN_POINT('Ctrl Pts',(-5.3875571563156,5.90940567259206,2.84348778125303));
#421=CARTESIAN_POINT('Ctrl Pts',(-5.0708397436047,5.58280334313842,3.07271205889219));
#422=CARTESIAN_POINT('Ctrl Pts',(-4.79610568867125,5.30099243631361,3.21865854470274));
#423=CARTESIAN_POINT('Ctrl Pts',(-4.62197164685495,5.12484797553588,3.28510249511887));
#424=CARTESIAN_POINT('Ctrl Pts',(-4.53235269617773,5.03674010634836,3.29999167511697));
#425=CARTESIAN_POINT('Ctrl Pts',(-4.49463738663468,5.00041820685125,3.30000000000015));
#426=CARTESIAN_POINT('Ctrl Pts',(-6.95353017527098,7.23049406205433,-0.550000000000022));
#427=CARTESIAN_POINT('Ctrl Pts',(-6.90528423692075,7.18724443955054,-0.209021228577157));
#428=CARTESIAN_POINT('Ctrl Pts',(-6.79364302006742,7.09119890546625,0.431809132890204));
#429=CARTESIAN_POINT('Ctrl Pts',(-6.56349955020848,6.89163446547988,1.27009159578626));
#430=CARTESIAN_POINT('Ctrl Pts',(-6.29872341998264,6.64885252507237,1.86294139767198));
#431=CARTESIAN_POINT('Ctrl Pts',(-6.03909269759558,6.40072652433776,2.26841681580218));
#432=CARTESIAN_POINT('Ctrl Pts',(-5.82381596535244,6.19070300854509,2.53638176621133));
#433=CARTESIAN_POINT('Ctrl Pts',(-5.51778965211857,5.88754022734387,2.84350726936587));
#434=CARTESIAN_POINT('Ctrl Pts',(-5.20375374831505,5.57180374949459,3.07272654775422));
#435=CARTESIAN_POINT('Ctrl Pts',(-4.93075055066643,5.29768784922732,3.21866732149434));
#436=CARTESIAN_POINT('Ctrl Pts',(-4.75759046866574,5.124945063636,3.28510686234346));
#437=CARTESIAN_POINT('Ctrl Pts',(-4.66839968043191,5.03717378486506,3.29999312224627));
#438=CARTESIAN_POINT('Ctrl Pts',(-4.63080061439724,5.00051399272612,3.30000000000014));
#439=CARTESIAN_POINT('Ctrl Pts',(-7.10761639467193,7.10121950953503,-0.550000000000019));
#440=CARTESIAN_POINT('Ctrl Pts',(-7.06164192034335,7.05534638886487,-0.209012001663838));
#441=CARTESIAN_POINT('Ctrl Pts',(-6.95998018952236,6.95407072982797,0.4318341842026));
#442=CARTESIAN_POINT('Ctrl Pts',(-6.7541809265979,6.74900523407861,1.27013204507592));
#443=CARTESIAN_POINT('Ctrl Pts',(-6.51075166590901,6.50641201730994,1.86298734363244));
#444=CARTESIAN_POINT('Ctrl Pts',(-6.26571278156046,6.26208836761217,2.26846251980126));
#445=CARTESIAN_POINT('Ctrl Pts',(-6.0596546531113,6.05662980339703,2.53642499724868));
#446=CARTESIAN_POINT('Ctrl Pts',(-5.76344057153919,5.76124128698277,2.84354438749321));
#447=CARTESIAN_POINT('Ctrl Pts',(-5.4556961609627,5.45442058719295,3.0727541268525));
#448=CARTESIAN_POINT('Ctrl Pts',(-5.18706337646795,5.18645374625346,3.21868401528091));
#449=CARTESIAN_POINT('Ctrl Pts',(-5.01640300256802,5.01616410816856,3.28511516260993));
#450=CARTESIAN_POINT('Ctrl Pts',(-4.92833098993036,4.92822815707255,3.2999958715612));
#451=CARTESIAN_POINT('Ctrl Pts',(-4.89108637773559,4.8910083976701,3.30000000000012));
#452=CARTESIAN_POINT('Ctrl Pts',(-7.23938841366588,6.94850958977962,-0.550000000000019));
#453=CARTESIAN_POINT('Ctrl Pts',(-7.19607667407148,6.90040488861161,-0.20900306588604));
#454=CARTESIAN_POINT('Ctrl Pts',(-7.09972874580176,6.78905473547445,0.431858478911582));
#455=CARTESIAN_POINT('Ctrl Pts',(-6.89903415932016,6.55948623035661,1.27017134675766));
#456=CARTESIAN_POINT('Ctrl Pts',(-6.65503924263672,6.29525560284064,1.86303203613594));
#457=CARTESIAN_POINT('Ctrl Pts',(-6.4057062242187,6.036186416628,2.26850699605139));
#458=CARTESIAN_POINT('Ctrl Pts',(-6.19474467553897,5.82136637496954,2.53646706960724));
#459=CARTESIAN_POINT('Ctrl Pts',(-5.8902699219252,5.51601221341366,2.84358049820762));
#460=CARTESIAN_POINT('Ctrl Pts',(-5.57340274479111,5.2026200177044,3.07278092772699));
#461=CARTESIAN_POINT('Ctrl Pts',(-5.29835292640378,4.93018893384618,3.21870021626857));
#462=CARTESIAN_POINT('Ctrl Pts',(-5.12515468781708,4.75734674779331,3.2851232068448));
#463=CARTESIAN_POINT('Ctrl Pts',(-5.03728268244838,4.66827288802858,3.2999985342125));
#464=CARTESIAN_POINT('Ctrl Pts',(-5.00061270000204,4.63071362313864,3.30000000000012));
#465=CARTESIAN_POINT('Ctrl Pts',(-7.46879888723391,6.63278754078599,-0.550000000000014));
#466=CARTESIAN_POINT('Ctrl Pts',(-7.43075520362329,6.58095563716597,-0.208986655971851));
#467=CARTESIAN_POINT('Ctrl Pts',(-7.33687454979615,6.45243664654921,0.431903122100577));
#468=CARTESIAN_POINT('Ctrl Pts',(-7.11763229372847,6.18089133382465,1.27024362682229));
#469=CARTESIAN_POINT('Ctrl Pts',(-6.8406219063467,5.88018100684198,1.86311427139403));
#470=CARTESIAN_POINT('Ctrl Pts',(-6.55611846137278,5.59676155179246,2.26858884898111));
#471=CARTESIAN_POINT('Ctrl Pts',(-6.315628205244,5.36686656475966,2.53654450063764));
#472=CARTESIAN_POINT('Ctrl Pts',(-5.96974670384419,5.04598561949409,2.84364694705276));
#473=CARTESIAN_POINT('Ctrl Pts',(-5.61314927850931,4.72325868056081,3.07283022095527));
#474=CARTESIAN_POINT('Ctrl Pts',(-5.3103525733583,4.44477205297971,3.21872999604729));
#475=CARTESIAN_POINT('Ctrl Pts',(-5.1248268689194,4.26855529057678,3.28513798433622));
#476=CARTESIAN_POINT('Ctrl Pts',(-5.03565741433626,4.17802803720001,3.30000342406148));
#477=CARTESIAN_POINT('Ctrl Pts',(-5.00023167801599,4.14007761338315,3.30000000000009));
#478=CARTESIAN_POINT('Ctrl Pts',(-7.60159398038884,6.34184370530512,-0.550000000000011));
#479=CARTESIAN_POINT('Ctrl Pts',(-7.56797174700947,6.28819691840554,-0.20897530614131));
#480=CARTESIAN_POINT('Ctrl Pts',(-7.47779564448889,6.15056349623123,0.431934056307299));
#481=CARTESIAN_POINT('Ctrl Pts',(-7.24995357769367,5.85708949900035,1.27029383565073));
#482=CARTESIAN_POINT('Ctrl Pts',(-6.9539061313931,5.53868298517711,1.86317147950715));
#483=CARTESIAN_POINT('Ctrl Pts',(-6.64816788681892,5.24499152385619,2.26864582311368));
#484=CARTESIAN_POINT('Ctrl Pts',(-6.3894639639905,5.00968847657404,2.53659840131919));
#485=CARTESIAN_POINT('Ctrl Pts',(-6.01777051352481,4.68470112505684,2.84369318191454));
#486=CARTESIAN_POINT('Ctrl Pts',(-5.63607710642416,4.36161455337355,3.07286446934611));
#487=CARTESIAN_POINT('Ctrl Pts',(-5.31630752504804,4.08388938601382,3.21875065031739));
#488=CARTESIAN_POINT('Ctrl Pts',(-5.12372425251562,3.90825635905516,3.28514821504928));
#489=CARTESIAN_POINT('Ctrl Pts',(-5.03448481991532,3.81802855476939,3.30000680626662));
#490=CARTESIAN_POINT('Ctrl Pts',(-5.00030839327334,3.7802854693959,3.30000000000007));
#491=CARTESIAN_POINT('Ctrl Pts',(-7.85313754165749,5.49065247211514,-0.550000000000007));
#492=CARTESIAN_POINT('Ctrl Pts',(-7.82925077667918,5.43611966329031,-0.208952940144995));
#493=CARTESIAN_POINT('Ctrl Pts',(-7.74826796924511,5.29172710915392,0.431995091105145));
#494=CARTESIAN_POINT('Ctrl Pts',(-7.50529429052062,4.98434704276851,1.27039306555157));
#495=CARTESIAN_POINT('Ctrl Pts',(-7.17271818640373,4.66211990043561,1.86328465371963));
#496=CARTESIAN_POINT('Ctrl Pts',(-6.82546295839109,4.3745373370837,2.26875857689095));
#497=CARTESIAN_POINT('Ctrl Pts',(-6.53103936236744,4.14851114734903,2.53670507863513));
#498=CARTESIAN_POINT('Ctrl Pts',(-6.10860121605259,3.84134748410901,2.84378465996176));
#499=CARTESIAN_POINT('Ctrl Pts',(-5.67788447216682,3.54124904293486,3.07293216618188));
#500=CARTESIAN_POINT('Ctrl Pts',(-5.32540190955528,3.28364066941334,3.21879142844732));
#501=CARTESIAN_POINT('Ctrl Pts',(-5.11983428129045,3.1199549878969,3.28516838935833));
#502=CARTESIAN_POINT('Ctrl Pts',(-5.0313725300675,3.03497222742002,3.30001347163105));
#503=CARTESIAN_POINT('Ctrl Pts',(-5.00016907796063,2.99921592120819,3.30000000000005));
#504=CARTESIAN_POINT('Ctrl Pts',(-8.04130298381152,4.29655615164225,-0.550000000000002));
#505=CARTESIAN_POINT('Ctrl Pts',(-8.02809107719491,4.24492480860985,-0.20893168474114));
#506=CARTESIAN_POINT('Ctrl Pts',(-7.95975825752886,4.1095533948208,0.432053200659115));
#507=CARTESIAN_POINT('Ctrl Pts',(-7.71054174236924,3.82954733153162,1.27048776929317));
#508=CARTESIAN_POINT('Ctrl Pts',(-7.35075649141451,3.54661617743444,1.86339282017646));
#509=CARTESIAN_POINT('Ctrl Pts',(-6.97001275481739,3.30136428705295,2.26886640034736));
#510=CARTESIAN_POINT('Ctrl Pts',(-6.64595352623826,3.11176449204611,2.5368070996514));
#511=CARTESIAN_POINT('Ctrl Pts',(-6.18075264737663,2.85746813156582,2.84387210704505));
#512=CARTESIAN_POINT('Ctrl Pts',(-5.70827687413365,2.61194042268147,3.07299678938532));
#513=CARTESIAN_POINT('Ctrl Pts',(-5.32895993131931,2.39926048603935,3.21883028856869));
#514=CARTESIAN_POINT('Ctrl Pts',(-5.11386845374003,2.2618868071335,3.28518758089377));
#515=CARTESIAN_POINT('Ctrl Pts',(-5.02772884687972,2.18832654728084,3.30001980655978));
#516=CARTESIAN_POINT('Ctrl Pts',(-5.00006188122103,2.15665431875321,3.30000000000002));
#517=CARTESIAN_POINT('Ctrl Pts',(-8.11251052620493,2.70840004712205,-0.550000000000002));
#518=CARTESIAN_POINT('Ctrl Pts',(-8.10713723035009,2.67052262380543,-0.20891851283459));
#519=CARTESIAN_POINT('Ctrl Pts',(-8.05017513489357,2.57524421456375,0.432089306242343));
#520=CARTESIAN_POINT('Ctrl Pts',(-7.80433590099043,2.387031710217,1.27054681949255));
#521=CARTESIAN_POINT('Ctrl Pts',(-7.43448011579167,2.20288763486404,1.86346040412435));
#522=CARTESIAN_POINT('Ctrl Pts',(-7.03828591715603,2.04628456780259,2.26893382353333));
#523=CARTESIAN_POINT('Ctrl Pts',(-6.69971338308685,1.92638570086348,2.5368709027152));
#524=CARTESIAN_POINT('Ctrl Pts',(-6.21285568830736,1.76657254374051,2.84392676275851));
#525=CARTESIAN_POINT('Ctrl Pts',(-5.71891725987394,1.61257127791292,3.07303709999308));
#526=CARTESIAN_POINT('Ctrl Pts',(-5.32672458410987,1.47663483948597,3.21885446988462));
#527=CARTESIAN_POINT('Ctrl Pts',(-5.10822077202891,1.38666178162214,3.28519949316702));
#528=CARTESIAN_POINT('Ctrl Pts',(-5.02492340702796,1.33641706104844,3.30002373361287));
#529=CARTESIAN_POINT('Ctrl Pts',(-5.00005970621593,1.31408291195112,3.30000000000002));
#530=CARTESIAN_POINT('Ctrl Pts',(-8.14443791453768,1.2524623555418,-0.550000000000001));
#531=CARTESIAN_POINT('Ctrl Pts',(-8.1431852394821,1.23228911905759,-0.208911721307471));
#532=CARTESIAN_POINT('Ctrl Pts',(-8.09237551648062,1.18378886131768,0.432107933855402));
#533=CARTESIAN_POINT('Ctrl Pts',(-7.84905716435878,1.09272889424652,1.27057730948598));
#534=CARTESIAN_POINT('Ctrl Pts',(-7.47476287004844,1.00658997565206,1.8634953173999));
#535=CARTESIAN_POINT('Ctrl Pts',(-7.07122910565578,0.934684413817919,2.26896866082364));
#536=CARTESIAN_POINT('Ctrl Pts',(-6.72562253381058,0.880124600082123,2.53690387126044));
#537=CARTESIAN_POINT('Ctrl Pts',(-6.22816846616502,0.807766798776368,2.84395500212086));
#538=CARTESIAN_POINT('Ctrl Pts',(-5.72362439606884,0.73797264597604,3.07305791978215));
#539=CARTESIAN_POINT('Ctrl Pts',(-5.32518232384953,0.674860630641496,3.21886695333605));
#540=CARTESIAN_POINT('Ctrl Pts',(-5.1051465647987,0.63187311042116,3.28520563985786));
#541=CARTESIAN_POINT('Ctrl Pts',(-5.02341548356548,0.606744045010318,3.30002575947946));
#542=CARTESIAN_POINT('Ctrl Pts',(-5.00003691211676,0.595204502941124,3.30000000000001));
#543=CARTESIAN_POINT('Ctrl Pts',(-8.15296140606863,0.626246850588438,-0.550000000000001));
#544=CARTESIAN_POINT('Ctrl Pts',(-8.15266366102329,0.6151490278008,-0.20891021041698));
#545=CARTESIAN_POINT('Ctrl Pts',(-8.10322856050381,0.589447822579371,0.432112083364274));
#546=CARTESIAN_POINT('Ctrl Pts',(-7.86028915824537,0.543215846560005,1.27058411346004));
#547=CARTESIAN_POINT('Ctrl Pts',(-7.48475614330794,0.500649839585753,1.8635031166482));
#548=CARTESIAN_POINT('Ctrl Pts',(-7.079346974887,0.465591276732973,2.26897644650985));
#549=CARTESIAN_POINT('Ctrl Pts',(-6.73198802028361,0.43914835413988,2.53691124015509));
#550=CARTESIAN_POINT('Ctrl Pts',(-6.23192811916753,0.404165155845617,2.84396131275946));
#551=CARTESIAN_POINT('Ctrl Pts',(-5.72481878340453,0.370300486947319,3.07306256861195));
#552=CARTESIAN_POINT('Ctrl Pts',(-5.32485383971455,0.33897287871185,3.2188697379438));
#553=CARTESIAN_POINT('Ctrl Pts',(-5.1044338593245,0.317099517605364,3.28520700953922));
#554=CARTESIAN_POINT('Ctrl Pts',(-5.02306724563184,0.303835010203981,3.30002621067638));
#555=CARTESIAN_POINT('Ctrl Pts',(-5.00003830492834,0.297591336135687,3.30000000000001));
#556=CARTESIAN_POINT('Ctrl Pts',(-8.15823082865952,-1.42385755442878,-0.55));
#557=CARTESIAN_POINT('Ctrl Pts',(-8.15768215763499,-1.39862508464507,-0.208910198422053));
#558=CARTESIAN_POINT('Ctrl Pts',(-8.10774143010031,-1.3401919790223,0.432112116557005));
#559=CARTESIAN_POINT('Ctrl Pts',(-7.86405030649769,-1.23507916198959,1.27058416925681));
#560=CARTESIAN_POINT('Ctrl Pts',(-7.48788816754849,-1.1383029257258,1.86350318294068));
#561=CARTESIAN_POINT('Ctrl Pts',(-7.08198000402924,-1.05859362288836,2.26897651578604));
#562=CARTESIAN_POINT('Ctrl Pts',(-6.73424584208852,-0.998473260944743,2.53691130886057));
#563=CARTESIAN_POINT('Ctrl Pts',(-6.23368697800328,-0.918935201659196,2.84396137682325));
#564=CARTESIAN_POINT('Ctrl Pts',(-5.72607227237815,-0.841942563786236,3.07306262200878));
#565=CARTESIAN_POINT('Ctrl Pts',(-5.32560673429149,-0.770715773814161,3.21886977424018));
#566=CARTESIAN_POINT('Ctrl Pts',(-5.10481008600747,-0.720984433331907,3.28520702969143));
#567=CARTESIAN_POINT('Ctrl Pts',(-5.02319143687537,-0.690826334247405,3.30002621778522));
#568=CARTESIAN_POINT('Ctrl Pts',(-5.00003703318972,-0.676630465113029,3.30000000000001));
#569=CARTESIAN_POINT('Ctrl Pts',(-8.12615180215019,-2.84811605412069,-0.55));
#570=CARTESIAN_POINT('Ctrl Pts',(-8.12025569333773,-2.80810735598813,-0.208917975348991));
#571=CARTESIAN_POINT('Ctrl Pts',(-8.06228339048911,-2.7062182216208,0.432090758033208));
#572=CARTESIAN_POINT('Ctrl Pts',(-7.81489981334675,-2.50314865767324,1.27054914982324));
#573=CARTESIAN_POINT('Ctrl Pts',(-7.44357259819312,-2.30427725564596,1.86346304662602));
#574=CARTESIAN_POINT('Ctrl Pts',(-7.04603853869689,-2.1355164750233,2.26893645740092));
#575=CARTESIAN_POINT('Ctrl Pts',(-6.70637998830348,-2.00655042007338,2.53687340319415));
#576=CARTESIAN_POINT('Ctrl Pts',(-6.21798861897776,-1.83502078659243,2.8439289285406));
#577=CARTESIAN_POINT('Ctrl Pts',(-5.72244196694249,-1.67028477263119,3.07303873464743));
#578=CARTESIAN_POINT('Ctrl Pts',(-5.32873304924688,-1.52541593027896,3.21885547717124));
#579=CARTESIAN_POINT('Ctrl Pts',(-5.10916892543671,-1.42985266178492,3.28520000330602));
#580=CARTESIAN_POINT('Ctrl Pts',(-5.0252298219039,-1.37676868669986,3.30002390439565));
#581=CARTESIAN_POINT('Ctrl Pts',(-5.00006229309563,-1.35327756106671,3.3));
#582=CARTESIAN_POINT('Ctrl Pts',(-7.93141572484205,-5.23166196334986,-0.549999999999999));
#583=CARTESIAN_POINT('Ctrl Pts',(-7.9104296000864,-5.17594861315701,-0.208945219081332));
#584=CARTESIAN_POINT('Ctrl Pts',(-7.83243779523812,-5.02788465582109,0.432016182572301));
#585=CARTESIAN_POINT('Ctrl Pts',(-7.58563684625686,-4.71460333912938,1.27042740840598));
#586=CARTESIAN_POINT('Ctrl Pts',(-7.24237419318212,-4.39060625743636,1.86332386988405));
#587=CARTESIAN_POINT('Ctrl Pts',(-6.88249095919211,-4.10488093438394,2.26879768159295));
#588=CARTESIAN_POINT('Ctrl Pts',(-6.57699396671129,-3.88187254836907,2.53674209984722));
#589=CARTESIAN_POINT('Ctrl Pts',(-6.13860321522937,-3.58055647927037,2.8438164348767));
#590=CARTESIAN_POINT('Ctrl Pts',(-5.69214975855284,-3.28788510758846,3.07295570420866));
#591=CARTESIAN_POINT('Ctrl Pts',(-5.3289761383446,-3.0362988870045,3.21880562237139));
#592=CARTESIAN_POINT('Ctrl Pts',(-5.11898462792315,-2.87578143397789,3.28517542008493));
#593=CARTESIAN_POINT('Ctrl Pts',(-5.03051669869996,-2.79176131960579,3.30001579648095));
#594=CARTESIAN_POINT('Ctrl Pts',(-5.00011624794669,-2.75620711198945,3.3));
#595=CARTESIAN_POINT('Ctrl Pts',(-7.73010936130225,-6.13066092411977,-0.549999999999999));
#596=CARTESIAN_POINT('Ctrl Pts',(-7.69908696514663,-6.07511474140907,-0.208965501731755));
#597=CARTESIAN_POINT('Ctrl Pts',(-7.61009723079023,-5.92830179444633,0.431960743096902));
#598=CARTESIAN_POINT('Ctrl Pts',(-7.37252845983401,-5.61232874756683,1.2703370814195));
#599=CARTESIAN_POINT('Ctrl Pts',(-7.05875759772904,-5.27474446352985,1.86322072360618));
#600=CARTESIAN_POINT('Ctrl Pts',(-6.73380248334208,-4.96871474924072,2.26869487588167));
#601=CARTESIAN_POINT('Ctrl Pts',(-6.45880150509659,-4.72606378292229,2.53664483466063));
#602=CARTESIAN_POINT('Ctrl Pts',(-6.06405287085241,-4.39396040326671,2.84373307187687));
#603=CARTESIAN_POINT('Ctrl Pts',(-5.65993525719375,-4.06725941226729,3.07289410293936));
#604=CARTESIAN_POINT('Ctrl Pts',(-5.32422108730012,-3.78753446069564,3.21876858166717));
#605=CARTESIAN_POINT('Ctrl Pts',(-5.12430666360491,-3.61086795407266,3.28515712843349));
#606=CARTESIAN_POINT('Ctrl Pts',(-5.03396206093485,-3.52024180606262,3.30000975899136));
#607=CARTESIAN_POINT('Ctrl Pts',(-5.00026411483294,-3.48244874565053,3.3));
#608=CARTESIAN_POINT('Ctrl Pts',(-7.38048813391319,-6.74010077613339,-0.549999999999999));
#609=CARTESIAN_POINT('Ctrl Pts',(-7.34011219110473,-6.6895880706462,-0.208992104578111));
#610=CARTESIAN_POINT('Ctrl Pts',(-7.24519023869877,-6.56690798888112,0.431888303624214));
#611=CARTESIAN_POINT('Ctrl Pts',(-7.03389438398809,-6.3094207796987,1.27021965451883));
#612=CARTESIAN_POINT('Ctrl Pts',(-6.77040829634491,-6.02084402996852,1.86308703167714));
#613=CARTESIAN_POINT('Ctrl Pts',(-6.49990094836456,-5.74547871851714,2.26856177633536));
#614=CARTESIAN_POINT('Ctrl Pts',(-6.27096899027309,-5.52054799641239,2.5365189280159));
#615=CARTESIAN_POINT('Ctrl Pts',(-5.94106292031087,-5.20475286823046,2.84362505923978));
#616=CARTESIAN_POINT('Ctrl Pts',(-5.59945518181998,-4.88505990095614,3.07281404793682));
#617=CARTESIAN_POINT('Ctrl Pts',(-5.30683880647646,-4.6085715666414,3.21872026917498));
#618=CARTESIAN_POINT('Ctrl Pts',(-5.12558744111379,-4.43350629062036,3.28513318091588));
#619=CARTESIAN_POINT('Ctrl Pts',(-5.03653345527128,-4.34351521662465,3.30000183943072));
#620=CARTESIAN_POINT('Ctrl Pts',(-5.00041421925242,-4.30573005622694,3.3));
#621=CARTESIAN_POINT('Ctrl Pts',(-7.33797743500134,-6.80723275898265,-0.549999999999999));
#622=CARTESIAN_POINT('Ctrl Pts',(-7.29653040202762,-6.75738998600808,-0.208995298578127));
#623=CARTESIAN_POINT('Ctrl Pts',(-7.20103003135422,-6.63784076430802,0.431879610122615));
#624=CARTESIAN_POINT('Ctrl Pts',(-6.99296302132057,-6.38796625660298,1.2702055702307));
#625=CARTESIAN_POINT('Ctrl Pts',(-6.73557606548603,-6.1058949725873,1.86307100205033));
#626=CARTESIAN_POINT('Ctrl Pts',(-6.47158668081621,-5.83474918352664,2.26854581981672));
#627=CARTESIAN_POINT('Ctrl Pts',(-6.24817793426259,-5.61235560856623,2.53650383408435));
#628=CARTESIAN_POINT('Ctrl Pts',(-5.92602748696346,-5.29905813479841,2.84361210906912));
#629=CARTESIAN_POINT('Ctrl Pts',(-5.59197906407438,-4.98070230573193,3.07280444645118));
#630=CARTESIAN_POINT('Ctrl Pts',(-5.30455802134318,-4.70500550339143,3.21871447234758));
#631=CARTESIAN_POINT('Ctrl Pts',(-5.12559562297068,-4.53037140152272,3.28513030631937));
#632=CARTESIAN_POINT('Ctrl Pts',(-5.0367543063013,-4.44056489510358,3.30000088857946));
#633=CARTESIAN_POINT('Ctrl Pts',(-5.0003703058474,-4.40282080527011,3.3));
#634=CARTESIAN_POINT('Ctrl Pts',(-7.23315189717029,-6.95510576329175,-0.549999999999999));
#635=CARTESIAN_POINT('Ctrl Pts',(-7.18928708204944,-6.90699293230012,-0.209002915801794));
#636=CARTESIAN_POINT('Ctrl Pts',(-7.09250788459598,-6.79539332128663,0.431858887282058));
#637=CARTESIAN_POINT('Ctrl Pts',(-6.89282245279814,-6.56484032296495,1.27017201886495));
#638=CARTESIAN_POINT('Ctrl Pts',(-6.65040687983394,-6.29953297182837,1.86303283105909));
#639=CARTESIAN_POINT('Ctrl Pts',(-6.40255196231009,-6.03951645107212,2.26850782841622));
#640=CARTESIAN_POINT('Ctrl Pts',(-6.19268376250728,-5.82399450942694,2.53646789716926));
#641=CARTESIAN_POINT('Ctrl Pts',(-5.88958001332768,-5.51773310840401,2.84358127249167));
#642=CARTESIAN_POINT('Ctrl Pts',(-5.57367880194576,-5.20359515842922,3.07278157497494));
#643=CARTESIAN_POINT('Ctrl Pts',(-5.29904088093061,-4.93060378599459,3.21870065748954));
#644=CARTESIAN_POINT('Ctrl Pts',(-5.1257454578087,-4.7574889473748,3.28512345241505));
#645=CARTESIAN_POINT('Ctrl Pts',(-5.03748461516049,-4.66835092161585,3.29999862091497));
#646=CARTESIAN_POINT('Ctrl Pts',(-5.00053744969344,-4.63078765821872,3.3));
#647=CARTESIAN_POINT('Ctrl Pts',(-7.10504064162657,-7.1097806067206,-0.549999999999999));
#648=CARTESIAN_POINT('Ctrl Pts',(-7.05855032258381,-7.06389698097842,-0.209011843600309));
#649=CARTESIAN_POINT('Ctrl Pts',(-6.95644017242965,-6.96221406824486,0.431834614070682));
#650=CARTESIAN_POINT('Ctrl Pts',(-6.75107334378381,-6.755896383207,1.27013275217749));
#651=CARTESIAN_POINT('Ctrl Pts',(-6.50861239175297,-6.51186637564612,1.862988179989));
#652=CARTESIAN_POINT('Ctrl Pts',(-6.26442079663951,-6.26637695071676,2.26846339582237));
#653=CARTESIAN_POINT('Ctrl Pts',(-6.05900599807747,-6.06003330649668,2.53642586849003));
#654=CARTESIAN_POINT('Ctrl Pts',(-5.76355749977523,-5.763530629718,2.84354520305599));
#655=CARTESIAN_POINT('Ctrl Pts',(-5.45640518771804,-5.45566182706921,3.07275480901811));
#656=CARTESIAN_POINT('Ctrl Pts',(-5.18785195144931,-5.18699453041298,3.21868448055994));
#657=CARTESIAN_POINT('Ctrl Pts',(-5.01697184598599,-5.0163441157649,3.28511542169004));
#658=CARTESIAN_POINT('Ctrl Pts',(-4.92852936959963,-4.92829994063891,3.29999596305423));
#659=CARTESIAN_POINT('Ctrl Pts',(-4.8910262075696,-4.89107496693127,3.3));
#660=CARTESIAN_POINT('Ctrl Pts',(-6.95315459803588,-7.2398230854493,-0.549999999999999));
#661=CARTESIAN_POINT('Ctrl Pts',(-6.90443446203502,-7.19655975392224,-0.209021062856284));
#662=CARTESIAN_POINT('Ctrl Pts',(-6.79223873158911,-7.10019144962111,0.431809583368135));
#663=CARTESIAN_POINT('Ctrl Pts',(-6.56221527933421,-6.89922445832532,1.27009233640083));
#664=CARTESIAN_POINT('Ctrl Pts',(-6.29796751617585,-6.654934416491,1.86294227371634));
#665=CARTESIAN_POINT('Ctrl Pts',(-6.03887887996457,-6.40544200915784,2.26841773367127));
#666=CARTESIAN_POINT('Ctrl Pts',(-5.82400027080263,-6.19441347151181,2.53638267935305));
#667=CARTESIAN_POINT('Ctrl Pts',(-5.51845292800212,-5.88993887738479,2.84350812457073));
#668=CARTESIAN_POINT('Ctrl Pts',(-5.20466692075594,-5.57317327761282,3.07272726349671));
#669=CARTESIAN_POINT('Ctrl Pts',(-4.93158951184889,-5.29824908665575,3.2186678099343));
#670=CARTESIAN_POINT('Ctrl Pts',(-4.75814042022317,-5.12511942419751,3.28510713444206));
#671=CARTESIAN_POINT('Ctrl Pts',(-4.66857073639411,-5.03726462030478,3.29999321835775));
#672=CARTESIAN_POINT('Ctrl Pts',(-4.63073396721252,-5.00059798696167,3.3));
#673=CARTESIAN_POINT('Ctrl Pts',(-6.68767722485711,-7.43039146354785,-0.549999999999999));
#674=CARTESIAN_POINT('Ctrl Pts',(-6.63581889123235,-7.39150531213773,-0.209035812977831));
#675=CARTESIAN_POINT('Ctrl Pts',(-6.50909586511287,-7.29727713600803,0.431769567320214));
#676=CARTESIAN_POINT('Ctrl Pts',(-6.24350846853759,-7.08107038703959,1.27002779282648));
#677=CARTESIAN_POINT('Ctrl Pts',(-5.94830813029737,-6.80947131415638,1.8628690080001));
#678=CARTESIAN_POINT('Ctrl Pts',(-5.66854582837019,-6.53076400534406,2.26834487507809));
#679=CARTESIAN_POINT('Ctrl Pts',(-5.440855687793,-6.29517910376398,2.53631376902697));
#680=CARTESIAN_POINT('Ctrl Pts',(-5.12210411778325,-5.95622378797175,2.8434489523052));
#681=CARTESIAN_POINT('Ctrl Pts',(-4.80035497053081,-5.60637162107591,3.07268327695023));
#682=CARTESIAN_POINT('Ctrl Pts',(-4.5221336300114,-5.30829662725073,3.21864116896236));
#683=CARTESIAN_POINT('Ctrl Pts',(-4.34583024041831,-5.12487353948786,3.28509388053531));
#684=CARTESIAN_POINT('Ctrl Pts',(-4.25504369007808,-5.03592429636103,3.29998882699799));
#685=CARTESIAN_POINT('Ctrl Pts',(-4.2168877065112,-5.00028172056411,3.3));
#686=CARTESIAN_POINT('Ctrl Pts',(-6.46868535097116,-7.53848380696145,-0.549999999999999));
#687=CARTESIAN_POINT('Ctrl Pts',(-6.4152534277213,-7.50293729464869,-0.209046156709318));
#688=CARTESIAN_POINT('Ctrl Pts',(-6.28078407874711,-7.41132220401318,0.431741551084187));
#689=CARTESIAN_POINT('Ctrl Pts',(-5.99645592784391,-7.18785729806737,1.26998270403965));
#690=CARTESIAN_POINT('Ctrl Pts',(-5.68580551273177,-6.90082925649269,1.86281789360097));
#691=CARTESIAN_POINT('Ctrl Pts',(-5.39668987398012,-6.60504728104874,2.26829407034867));
#692=CARTESIAN_POINT('Ctrl Pts',(-5.16380207417611,-6.35485147750805,2.5362657208488));
#693=CARTESIAN_POINT('Ctrl Pts',(-4.84061278197176,-5.99521601609368,2.84340767680692));
#694=CARTESIAN_POINT('Ctrl Pts',(-4.51751545064705,-5.62524497591898,3.0726525537948));
#695=CARTESIAN_POINT('Ctrl Pts',(-4.23905290192555,-5.31347213338533,3.21862253156953));
#696=CARTESIAN_POINT('Ctrl Pts',(-4.06272142252992,-5.12424992719401,3.28508459345336));
#697=CARTESIAN_POINT('Ctrl Pts',(-3.97195894490412,-5.03509040995409,3.29998574742147));
#698=CARTESIAN_POINT('Ctrl Pts',(-3.93389246206859,-5.00035695449784,3.3));
#699=CARTESIAN_POINT('Ctrl Pts',(-5.37653521538175,-7.93255756808991,-0.549999999999999));
#700=CARTESIAN_POINT('Ctrl Pts',(-5.32009492513719,-7.91058585747415,-0.209087196684137));
#701=CARTESIAN_POINT('Ctrl Pts',(-5.16868943440514,-7.83061453044475,0.431630629074765));
#702=CARTESIAN_POINT('Ctrl Pts',(-4.84572027028135,-7.58131487510956,1.26980470515044));
#703=CARTESIAN_POINT('Ctrl Pts',(-4.51038528000963,-7.23720570448198,1.86261645755282));
#704=CARTESIAN_POINT('Ctrl Pts',(-4.21420334513926,-6.87766147628186,2.2680939880153));
#705=CARTESIAN_POINT('Ctrl Pts',(-3.98289830990071,-6.57292472523231,2.53607651231591));
#706=CARTESIAN_POINT('Ctrl Pts',(-3.67033121510229,-6.13606893605592,2.843245048817));
#707=CARTESIAN_POINT('Ctrl Pts',(-3.36692893564934,-5.69156217210732,3.07253129271547));
#708=CARTESIAN_POINT('Ctrl Pts',(-3.10696579232742,-5.32954024665669,3.21854881844338));
#709=CARTESIAN_POINT('Ctrl Pts',(-2.94177121047098,-5.11977450391833,3.28504778443865));
#710=CARTESIAN_POINT('Ctrl Pts',(-2.8559386977907,-5.03091629966286,3.29997352856354));
#711=CARTESIAN_POINT('Ctrl Pts',(-2.81984381467725,-5.00017420043363,3.3));
#712=CARTESIAN_POINT('Ctrl Pts',(-4.02717244700389,-8.06578989716398,-0.549999999999999));
#713=CARTESIAN_POINT('Ctrl Pts',(-3.97546832902036,-8.0548816833561,-0.209118512673724));
#714=CARTESIAN_POINT('Ctrl Pts',(-3.84228439560304,-7.98984985340235,0.431546501202851));
#715=CARTESIAN_POINT('Ctrl Pts',(-3.57204706674461,-7.74126286000194,1.26967082918282));
#716=CARTESIAN_POINT('Ctrl Pts',(-3.30255640992438,-7.37794200851552,1.86246571957983));
#717=CARTESIAN_POINT('Ctrl Pts',(-3.07074153745149,-6.99209245671758,2.26794455484971));
#718=CARTESIAN_POINT('Ctrl Pts',(-2.89222538126778,-6.6633280495841,2.53593523927336));
#719=CARTESIAN_POINT('Ctrl Pts',(-2.65340016025698,-6.19120048842548,2.84312342611402));
#720=CARTESIAN_POINT('Ctrl Pts',(-2.42303544751835,-5.71195699873111,3.07244014702396));
#721=CARTESIAN_POINT('Ctrl Pts',(-2.222104332702,-5.32854414555804,3.21849307715571));
#722=CARTESIAN_POINT('Ctrl Pts',(-2.0911239079772,-5.11228974321691,3.28501978078314));
#723=CARTESIAN_POINT('Ctrl Pts',(-2.01984533310019,-5.02692730712396,3.2999642042366));
#724=CARTESIAN_POINT('Ctrl Pts',(-1.98876854649461,-5.00006620753014,3.3));
#725=CARTESIAN_POINT('Ctrl Pts',(-1.62954426923311,-8.1409098462555,-0.549999999999999));
#726=CARTESIAN_POINT('Ctrl Pts',(-1.60381400021735,-8.13874747143579,-0.209158847814409));
#727=CARTESIAN_POINT('Ctrl Pts',(-1.54134345643597,-8.08653476425784,0.431439596096903));
#728=CARTESIAN_POINT('Ctrl Pts',(-1.42277498679756,-7.84226718312217,1.26950391702485));
#729=CARTESIAN_POINT('Ctrl Pts',(-1.30986014155293,-7.46834920620622,1.86227998575557));
#730=CARTESIAN_POINT('Ctrl Pts',(-1.21529060509142,-7.06585427853806,2.26776127262931));
#731=CARTESIAN_POINT('Ctrl Pts',(-1.14343423187334,-6.72135597102888,2.53576207895741));
#732=CARTESIAN_POINT('Ctrl Pts',(-1.04809373835949,-6.22568387609128,2.84297378465012));
#733=CARTESIAN_POINT('Ctrl Pts',(-0.95625446031908,-5.72304727209839,3.07232667607723));
#734=CARTESIAN_POINT('Ctrl Pts',(-0.873764000271521,-5.32570499312053,3.21842271984544));
#735=CARTESIAN_POINT('Ctrl Pts',(-0.817995819522282,-5.10587339977742,3.2849839515015));
#736=CARTESIAN_POINT('Ctrl Pts',(-0.78576665257447,-5.02375595962957,3.29995219349788));
#737=CARTESIAN_POINT('Ctrl Pts',(-0.771083926722799,-5.00003984086455,3.3));
#738=CARTESIAN_POINT('Ctrl Pts',(-0.814876050751087,-8.15408616804359,-0.549999999999999));
#739=CARTESIAN_POINT('Ctrl Pts',(-0.800205381343899,-8.1535979851798,-0.209170835387704));
#740=CARTESIAN_POINT('Ctrl Pts',(-0.766332376135885,-8.10381341969171,0.431408068017642));
#741=CARTESIAN_POINT('Ctrl Pts',(-0.705613121600237,-7.86035272106226,1.2694552387321));
#742=CARTESIAN_POINT('Ctrl Pts',(-0.649825093754876,-7.48447034230805,1.86222620052631));
#743=CARTESIAN_POINT('Ctrl Pts',(-0.603926798853752,-7.0789243753044,2.26770834559894));
#744=CARTESIAN_POINT('Ctrl Pts',(-0.569329984478883,-6.73155289266923,2.53571209487512));
#745=CARTESIAN_POINT('Ctrl Pts',(-0.523585414816533,-6.23160218915328,2.84293048935755));
#746=CARTESIAN_POINT('Ctrl Pts',(-0.479338514481985,-5.72474281077849,3.07229361229993));
#747=CARTESIAN_POINT('Ctrl Pts',(-0.438435430829206,-5.32495630569479,3.21840205134717));
#748=CARTESIAN_POINT('Ctrl Pts',(-0.409890589231846,-5.10456999636955,3.28497334332886));
#749=CARTESIAN_POINT('Ctrl Pts',(-0.392589632520388,-5.02312947934683,3.29994862375371));
#750=CARTESIAN_POINT('Ctrl Pts',(-0.384448281330374,-5.00003648153204,3.3));
#751=CARTESIAN_POINT('Ctrl Pts',(1.08469730493168,-8.15585930145101,-0.549999999999999));
#752=CARTESIAN_POINT('Ctrl Pts',(1.06561912665548,-8.15528668364344,-0.209195814863298));
#753=CARTESIAN_POINT('Ctrl Pts',(1.02137610399025,-8.10533276471818,0.431343152706234));
#754=CARTESIAN_POINT('Ctrl Pts',(0.941656681288915,-7.86161906463354,1.26935677828437));
#755=CARTESIAN_POINT('Ctrl Pts',(0.868177056535723,-7.48552552220271,1.86211865903884));
#756=CARTESIAN_POINT('Ctrl Pts',(0.807614244436801,-7.07981123359296,2.26760300785965));
#757=CARTESIAN_POINT('Ctrl Pts',(0.761913952377973,-6.73231337575126,2.53561268039586));
#758=CARTESIAN_POINT('Ctrl Pts',(0.701425617559682,-6.23219434898909,2.84284404803539));
#759=CARTESIAN_POINT('Ctrl Pts',(0.642828269481699,-5.72516573564515,3.07222682966828));
#760=CARTESIAN_POINT('Ctrl Pts',(0.588571577176686,-5.32521062475562,3.21835975757508));
#761=CARTESIAN_POINT('Ctrl Pts',(0.550660893205891,-5.10469766772091,3.28495136744487));
#762=CARTESIAN_POINT('Ctrl Pts',(0.527649759728153,-5.02317257176077,3.29994118473002));
#763=CARTESIAN_POINT('Ctrl Pts',(0.516812050577159,-5.00003735647409,3.3));
#764=CARTESIAN_POINT('Ctrl Pts',(2.16980949688377,-8.13486979168035,-0.549999999999999));
#765=CARTESIAN_POINT('Ctrl Pts',(2.13750566840711,-8.13123874375115,-0.20921232608843));
#766=CARTESIAN_POINT('Ctrl Pts',(2.05731065522027,-8.07677996954937,0.431299580405187));
#767=CARTESIAN_POINT('Ctrl Pts',(1.90150481834176,-7.83129509002228,1.2692891742776));
#768=CARTESIAN_POINT('Ctrl Pts',(1.75110093177926,-7.45837960902274,1.86204373053802));
#769=CARTESIAN_POINT('Ctrl Pts',(1.62431485463053,-7.0578270386116,2.26752918501279));
#770=CARTESIAN_POINT('Ctrl Pts',(1.52769730134719,-6.71523737358651,2.53554295083861));
#771=CARTESIAN_POINT('Ctrl Pts',(1.39932217159103,-6.22245920176796,2.84278371160868));
#772=CARTESIAN_POINT('Ctrl Pts',(1.27576786470452,-5.72268022282621,3.07218089426788));
#773=CARTESIAN_POINT('Ctrl Pts',(1.16576922600288,-5.32683835621577,3.21833114356599));
#774=CARTESIAN_POINT('Ctrl Pts',(1.09216573111893,-5.10715394553461,3.28493673039239));
#775=CARTESIAN_POINT('Ctrl Pts',(1.05032118041016,-5.02433360975969,3.2999362672067));
#776=CARTESIAN_POINT('Ctrl Pts',(1.03148227589472,-5.00004854058206,3.3));
#777=CARTESIAN_POINT('Ctrl Pts',(4.51857348742415,-8.01963146109794,-0.549999999999998));
#778=CARTESIAN_POINT('Ctrl Pts',(4.46521542263131,-8.00465364180096,-0.209255615635593));
#779=CARTESIAN_POINT('Ctrl Pts',(4.32537502071221,-7.93417177483429,0.431184346232114));
#780=CARTESIAN_POINT('Ctrl Pts',(4.03561771167192,-7.68538074389655,1.26910814662098));
#781=CARTESIAN_POINT('Ctrl Pts',(3.74188711893015,-7.32895806343203,1.86184151729885));
#782=CARTESIAN_POINT('Ctrl Pts',(3.48653629082421,-6.95246238150633,2.26732934427574));
#783=CARTESIAN_POINT('Ctrl Pts',(3.28879154196202,-6.6321973402993,2.53535410885802));
#784=CARTESIAN_POINT('Ctrl Pts',(3.02318529010925,-6.1724935133699,2.84262072297752));
#785=CARTESIAN_POINT('Ctrl Pts',(2.76635817295203,-5.7053850697728,3.07205777160755));
#786=CARTESIAN_POINT('Ctrl Pts',(2.54393895901268,-5.32932546990074,3.21825513543047));
#787=CARTESIAN_POINT('Ctrl Pts',(2.40040033198154,-5.11516866766857,3.28489818762244));
#788=CARTESIAN_POINT('Ctrl Pts',(2.32366907487691,-5.02840930160861,3.29992337362025));
#789=CARTESIAN_POINT('Ctrl Pts',(2.29066718345304,-5.0000874201718,3.3));
#790=CARTESIAN_POINT('Ctrl Pts',(5.62404465558638,-7.86871957939172,-0.549999999999998));
#791=CARTESIAN_POINT('Ctrl Pts',(5.56790587392156,-7.84372779799321,-0.209283686140994));
#792=CARTESIAN_POINT('Ctrl Pts',(5.41789091863423,-7.76069581279497,0.431108829909602));
#793=CARTESIAN_POINT('Ctrl Pts',(5.09677232187699,-7.51500664443702,1.26898774335869));
#794=CARTESIAN_POINT('Ctrl Pts',(4.76027709592918,-7.18054280027666,1.86170579458666));
#795=CARTESIAN_POINT('Ctrl Pts',(4.46059342991517,-6.83203539635543,2.26719473989276));
#796=CARTESIAN_POINT('Ctrl Pts',(4.22540975832516,-6.53679889498835,2.53522684946376));
#797=CARTESIAN_POINT('Ctrl Pts',(3.90629000923324,-6.11340293225601,2.84251120651506));
#798=CARTESIAN_POINT('Ctrl Pts',(3.59516586668101,-5.68180225278502,3.07197578896347));
#799=CARTESIAN_POINT('Ctrl Pts',(3.3285820782283,-5.32811887630985,3.21820506108002));
#800=CARTESIAN_POINT('Ctrl Pts',(3.15945892781957,-5.12139954765243,3.28487306182785));
#801=CARTESIAN_POINT('Ctrl Pts',(3.07189046440036,-5.03195513798531,3.29991501239489));
#802=CARTESIAN_POINT('Ctrl Pts',(3.03514393456516,-5.00019986134216,3.3));
#803=CARTESIAN_POINT('Ctrl Pts',(6.53280955952407,-7.50400371309481,-0.549999999999998));
#804=CARTESIAN_POINT('Ctrl Pts',(6.48006986171433,-7.46712535601246,-0.20931982270933));
#805=CARTESIAN_POINT('Ctrl Pts',(6.34825901987639,-7.37444053461629,0.431011104923281));
#806=CARTESIAN_POINT('Ctrl Pts',(6.06977097611736,-7.15356763242294,1.26883080781556));
#807=CARTESIAN_POINT('Ctrl Pts',(5.76385126730462,-6.87188724031905,1.86152812360167));
#808=CARTESIAN_POINT('Ctrl Pts',(5.47767770109905,-6.5818778634454,2.26701823915686));
#809=CARTESIAN_POINT('Ctrl Pts',(5.24650390595942,-6.33653757029698,2.53505994058972));
#810=CARTESIAN_POINT('Ctrl Pts',(4.92493503767982,-5.98367392936251,2.84236776589135));
#811=CARTESIAN_POINT('Ctrl Pts',(4.60263125740657,-5.62010738999864,3.07186887250359));
#812=CARTESIAN_POINT('Ctrl Pts',(4.32458480757947,-5.31251764243969,3.21814009187735));
#813=CARTESIAN_POINT('Ctrl Pts',(4.14845451250534,-5.12489266485815,3.28484063003903));
#814=CARTESIAN_POINT('Ctrl Pts',(4.05775240428179,-5.03554366892534,3.29990424794998));
#815=CARTESIAN_POINT('Ctrl Pts',(4.01967685417546,-5.00036810417854,3.3));
#816=CARTESIAN_POINT('Ctrl Pts',(6.71505643886399,-7.40990445384109,-0.549999999999998));
#817=CARTESIAN_POINT('Ctrl Pts',(6.66370238105102,-7.37023395713873,-0.209328558020701));
#818=CARTESIAN_POINT('Ctrl Pts',(6.53865707983309,-7.27547805768001,0.430987440674945));
#819=CARTESIAN_POINT('Ctrl Pts',(6.27656634757563,-7.06108431530681,1.26879271538256));
#820=CARTESIAN_POINT('Ctrl Pts',(5.98426681465201,-6.79283800393736,1.86148493684002));
#821=CARTESIAN_POINT('Ctrl Pts',(5.7064695889248,-6.51759945146974,2.26697531350664));
#822=CARTESIAN_POINT('Ctrl Pts',(5.48004008380511,-6.28487563045002,2.53501934459915));
#823=CARTESIAN_POINT('Ctrl Pts',(5.16267918016602,-5.94984481792808,2.84233289355325));
#824=CARTESIAN_POINT('Ctrl Pts',(4.84192811853291,-5.60363331427854,3.07184291632679));
#825=CARTESIAN_POINT('Ctrl Pts',(4.56442837461152,-5.30788831318337,3.21812434594868));
#826=CARTESIAN_POINT('Ctrl Pts',(4.3885282725855,-5.12532179377918,3.28483278332844));
#827=CARTESIAN_POINT('Ctrl Pts',(4.29790190403264,-5.036219817229,3.299901645805));
#828=CARTESIAN_POINT('Ctrl Pts',(4.25978725745246,-5.00029825223464,3.3));
#829=CARTESIAN_POINT('Ctrl Pts',(6.95444818332559,-7.24052974256596,-0.549999999999998));
#830=CARTESIAN_POINT('Ctrl Pts',(6.90587150374629,-7.19693443822355,-0.209341768532608));
#831=CARTESIAN_POINT('Ctrl Pts',(6.79374478311248,-7.10017928725239,0.430951603288289));
#832=CARTESIAN_POINT('Ctrl Pts',(6.56326591298592,-6.89923272453801,1.26873491899745));
#833=CARTESIAN_POINT('Ctrl Pts',(6.29845840405534,-6.6552131807462,1.86141933729167));
#834=CARTESIAN_POINT('Ctrl Pts',(6.03898754791086,-6.40597130005236,2.26691008253289));
#835=CARTESIAN_POINT('Ctrl Pts',(5.82390206196442,-6.19511214941648,2.53495765008009));
#836=CARTESIAN_POINT('Ctrl Pts',(5.51821045287811,-5.89080897050741,2.84227991612813));
#837=CARTESIAN_POINT('Ctrl Pts',(5.20448700350704,-5.57406903365581,3.07180352813714));
#838=CARTESIAN_POINT('Ctrl Pts',(4.93151539340723,-5.2989627470145,3.21810048374973));
#839=CARTESIAN_POINT('Ctrl Pts',(4.75813282046948,-5.12556250627334,3.28482090820595));
#840=CARTESIAN_POINT('Ctrl Pts',(4.66858451815136,-5.03742092766548,3.29989771047127));
#841=CARTESIAN_POINT('Ctrl Pts',(4.63075189714177,-5.0005810469008,3.3));
#842=CARTESIAN_POINT('Ctrl Pts',(7.10713623292712,-7.1117867782073,-0.549999999999998));
#843=CARTESIAN_POINT('Ctrl Pts',(7.06076421410984,-7.06557178565317,-0.209350980111835));
#844=CARTESIAN_POINT('Ctrl Pts',(6.95863092948458,-6.96346117787512,0.430926594654536));
#845=CARTESIAN_POINT('Ctrl Pts',(6.75265928069987,-6.75696313227132,1.26869454386653));
#846=CARTESIAN_POINT('Ctrl Pts',(6.50948158511834,-6.51298872621898,1.8613734821856));
#847=CARTESIAN_POINT('Ctrl Pts',(6.26481382388369,-6.26755310196582,2.26686447409023));
#848=CARTESIAN_POINT('Ctrl Pts',(6.05912435146061,-6.06123531973747,2.53491451279903));
#849=CARTESIAN_POINT('Ctrl Pts',(5.76346368971835,-5.7647167868407,2.84224288123921));
#850=CARTESIAN_POINT('Ctrl Pts',(5.45629501175044,-5.45673215720247,3.07177601026788));
#851=CARTESIAN_POINT('Ctrl Pts',(5.18781606307814,-5.1877707355503,3.21808382540116));
#852=CARTESIAN_POINT('Ctrl Pts',(5.01698021601867,-5.01679826384366,3.28481262446045));
#853=CARTESIAN_POINT('Ctrl Pts',(4.92854419374096,-4.92845881587017,3.29989496636462));
#854=CARTESIAN_POINT('Ctrl Pts',(4.89104232322031,-4.89106109439183,3.3));
#855=CARTESIAN_POINT('Ctrl Pts',(7.23516614020492,-6.95787984281316,-0.549999999999998));
#856=CARTESIAN_POINT('Ctrl Pts',(7.19139447884568,-6.90943909297922,-0.209359900701667));
#857=CARTESIAN_POINT('Ctrl Pts',(7.09459169694795,-6.79737276038773,0.430902342167132));
#858=CARTESIAN_POINT('Ctrl Pts',(6.89426648091716,-6.56652355505336,1.2686553154736));
#859=CARTESIAN_POINT('Ctrl Pts',(6.65115031991371,-6.30113219730584,1.86132887945922));
#860=CARTESIAN_POINT('Ctrl Pts',(6.40280743814248,-6.04106362315255,2.26682009229106));
#861=CARTESIAN_POINT('Ctrl Pts',(6.19267248832303,-5.82548644807892,2.53487253314659));
#862=CARTESIAN_POINT('Ctrl Pts',(5.88936495423733,-5.51911056600853,2.84220685288418));
#863=CARTESIAN_POINT('Ctrl Pts',(5.57352425207977,-5.2047567572147,3.07174927002233));
#864=CARTESIAN_POINT('Ctrl Pts',(5.2989837648768,-4.93141317066008,3.21806765952708));
#865=CARTESIAN_POINT('Ctrl Pts',(5.12575047097036,-4.75794736575083,3.28480459660489));
#866=CARTESIAN_POINT('Ctrl Pts',(5.03750642167497,-4.66850663138185,3.29989230887802));
#867=CARTESIAN_POINT('Ctrl Pts',(5.00055767826664,-4.63077260146361,3.3));
#868=CARTESIAN_POINT('Ctrl Pts',(7.37028916386835,-6.76600578309307,-0.549999999999998));
#869=CARTESIAN_POINT('Ctrl Pts',(7.32962555154659,-6.71532635199597,-0.209369774193893));
#870=CARTESIAN_POINT('Ctrl Pts',(7.23441990623575,-6.5929615322914,0.430875482306001));
#871=CARTESIAN_POINT('Ctrl Pts',(7.02332655272601,-6.3370469786075,1.26861183318022));
#872=CARTESIAN_POINT('Ctrl Pts',(6.7608951641283,-6.04991173184691,1.86127941544876));
#873=CARTESIAN_POINT('Ctrl Pts',(6.49179269235589,-5.77540076931496,2.26677086394749));
#874=CARTESIAN_POINT('Ctrl Pts',(6.2642153975402,-5.55090863454758,2.53482596800736));
#875=CARTESIAN_POINT('Ctrl Pts',(5.93638909448042,-5.23540321116891,2.84216689531958));
#876=CARTESIAN_POINT('Ctrl Pts',(5.59710074974288,-4.91559125270167,3.07171962811438));
#877=CARTESIAN_POINT('Ctrl Pts',(5.30610130638647,-4.63874388668127,3.2180497501226));
#878=CARTESIAN_POINT('Ctrl Pts',(5.12556242122426,-4.4633150584706,3.28479570833448));
#879=CARTESIAN_POINT('Ctrl Pts',(5.03655740779905,-4.37301498342346,3.29988936747822));
#880=CARTESIAN_POINT('Ctrl Pts',(5.00033591498303,-4.33504942758918,3.3));
#881=CARTESIAN_POINT('Ctrl Pts',(7.43893060125689,-6.64641441160574,-0.549999999999998));
#882=CARTESIAN_POINT('Ctrl Pts',(7.40011907336638,-6.5946806894842,-0.209375134495658));
#883=CARTESIAN_POINT('Ctrl Pts',(7.30608764620553,-6.46732260835149,0.430860888162328));
#884=CARTESIAN_POINT('Ctrl Pts',(7.08997536978714,-6.19931286708981,1.26858818122198));
#885=CARTESIAN_POINT('Ctrl Pts',(6.81771346676379,-5.9019865329272,1.86125249217243));
#886=CARTESIAN_POINT('Ctrl Pts',(6.53797401331022,-5.62102883520936,2.2667440622665));
#887=CARTESIAN_POINT('Ctrl Pts',(6.30135659036881,-5.39276420213809,2.53480061537006));
#888=CARTESIAN_POINT('Ctrl Pts',(5.96080148134512,-5.07370882646287,2.84214514465096));
#889=CARTESIAN_POINT('Ctrl Pts',(5.60912994355839,-4.75224310750488,3.0717035031508));
#890=CARTESIAN_POINT('Ctrl Pts',(5.30964257836558,-4.47454365415262,3.21804001518545));
#891=CARTESIAN_POINT('Ctrl Pts',(5.12541632006949,-4.29867005980518,3.2847908808482));
#892=CARTESIAN_POINT('Ctrl Pts',(5.03614071779051,-4.20818295122263,3.29988777056946));
#893=CARTESIAN_POINT('Ctrl Pts',(5.00039646906339,-4.17019251239899,3.3));
#894=CARTESIAN_POINT('Ctrl Pts',(7.8008349559645,-5.90148668607795,-0.549999999999998));
#895=CARTESIAN_POINT('Ctrl Pts',(7.77259883670083,-5.84528237053927,-0.209403605783515));
#896=CARTESIAN_POINT('Ctrl Pts',(7.68616046174116,-5.69573931188141,0.430783317737678));
#897=CARTESIAN_POINT('Ctrl Pts',(7.44389708414035,-5.37461128067518,1.26846235028953));
#898=CARTESIAN_POINT('Ctrl Pts',(7.11938570857265,-5.03492532038044,1.86110917896592));
#899=CARTESIAN_POINT('Ctrl Pts',(6.78252437863169,-4.72980969896942,2.26660136650967));
#900=CARTESIAN_POINT('Ctrl Pts',(6.49742086955258,-4.48917071441241,2.53466563046802));
#901=CARTESIAN_POINT('Ctrl Pts',(6.08851519178103,-4.1612923805446,2.84202935741647));
#902=CARTESIAN_POINT('Ctrl Pts',(5.67097478734815,-3.8402678214775,3.07161771017689));
#903=CARTESIAN_POINT('Ctrl Pts',(5.32645291628054,-3.5654050682349,3.21798825440568));
#904=CARTESIAN_POINT('Ctrl Pts',(5.12311842407031,-3.39149206062086,3.28476523030423));
#905=CARTESIAN_POINT('Ctrl Pts',(5.03307438621669,-3.30192854716716,3.2998792884106));
#906=CARTESIAN_POINT('Ctrl Pts',(5.00023430833357,-3.26448671317466,3.3));
#907=CARTESIAN_POINT('Ctrl Pts',(7.97923132614546,-4.8924140130418,-0.549999999999998));
#908=CARTESIAN_POINT('Ctrl Pts',(7.96111568572243,-4.8374118808507,-0.209423296814365));
#909=CARTESIAN_POINT('Ctrl Pts',(7.88653957788625,-4.69216152402225,0.43072946578336));
#910=CARTESIAN_POINT('Ctrl Pts',(7.63794010759292,-4.38796732501562,1.26837455107704));
#911=CARTESIAN_POINT('Ctrl Pts',(7.28731834369663,-4.07657599936995,1.86100888333545));
#912=CARTESIAN_POINT('Ctrl Pts',(6.91858053383486,-3.80400625334743,2.26650138990386));
#913=CARTESIAN_POINT('Ctrl Pts',(6.60536527545805,-3.59213682206529,2.53457104094175));
#914=CARTESIAN_POINT('Ctrl Pts',(6.15600601868736,-3.30676882338446,2.84194829532202));
#915=CARTESIAN_POINT('Ctrl Pts',(5.69910893872684,-3.0302928979301,3.07155782316705));
#916=CARTESIAN_POINT('Ctrl Pts',(5.32941380796243,-2.7918475097801,3.21795225239151));
#917=CARTESIAN_POINT('Ctrl Pts',(5.11724778414233,-2.63890807375844,3.28474745472718));
#918=CARTESIAN_POINT('Ctrl Pts',(5.02952823757271,-2.55806021171783,3.29987342143798));
#919=CARTESIAN_POINT('Ctrl Pts',(5.00010091778788,-2.52358642745986,3.29999999999999));
#920=CARTESIAN_POINT('Ctrl Pts',(8.13069862417242,-2.50469494053911,-0.549999999999997));
#921=CARTESIAN_POINT('Ctrl Pts',(8.12580010868537,-2.46830876510273,-0.2094465729507));
#922=CARTESIAN_POINT('Ctrl Pts',(8.06936031082193,-2.37693497568127,0.430665723059807));
#923=CARTESIAN_POINT('Ctrl Pts',(7.82253723751051,-2.19733182350591,1.26827043903711));
#924=CARTESIAN_POINT('Ctrl Pts',(7.45012420360882,-2.02279883687077,1.86088982728387));
#925=CARTESIAN_POINT('Ctrl Pts',(7.05097971263554,-1.87522071737698,2.2663826640236));
#926=CARTESIAN_POINT('Ctrl Pts',(6.70987810799119,-1.76261568471421,2.53445870468012));
#927=CARTESIAN_POINT('Ctrl Pts',(6.21947178749949,-1.61293909902988,2.84185205347516));
#928=CARTESIAN_POINT('Ctrl Pts',(5.72217496583395,-1.46905714566882,3.07148679260456));
#929=CARTESIAN_POINT('Ctrl Pts',(5.32771014101764,-1.34175696808256,3.21790960349345));
#930=CARTESIAN_POINT('Ctrl Pts',(5.10821633240347,-1.25718173712354,3.28472642390579));
#931=CARTESIAN_POINT('Ctrl Pts',(5.02481960076011,-1.20964682127137,3.29986648452095));
#932=CARTESIAN_POINT('Ctrl Pts',(5.00005425220045,-1.18842511100006,3.29999999999999));
#933=CARTESIAN_POINT('Ctrl Pts',(8.15792050556097,-1.25199659224786,-0.549999999999995));
#934=CARTESIAN_POINT('Ctrl Pts',(8.15711266205708,-1.22976677624228,-0.209452575255769));
#935=CARTESIAN_POINT('Ctrl Pts',(8.10672127421205,-1.17830536215542,0.430649238660668));
#936=CARTESIAN_POINT('Ctrl Pts',(7.86235129316695,-1.08577097998416,1.26824341313043));
#937=CARTESIAN_POINT('Ctrl Pts',(7.48579781702067,-1.0005907292055,1.86085885390708));
#938=CARTESIAN_POINT('Ctrl Pts',(7.07985646254163,-0.930436807593095,2.2663517502505));
#939=CARTESIAN_POINT('Ctrl Pts',(6.73227895708908,-0.877523865453451,2.5344294504425));
#940=CARTESIAN_POINT('Ctrl Pts',(6.23217897247057,-0.807520415130078,2.84182700619046));
#941=CARTESIAN_POINT('Ctrl Pts',(5.72531308274797,-0.739752181950222,3.07146834507471));
#942=CARTESIAN_POINT('Ctrl Pts',(5.32544666739902,-0.677050920188775,3.21789855536502));
#943=CARTESIAN_POINT('Ctrl Pts',(5.10490066904937,-0.633265770462524,3.28472099033503));
#944=CARTESIAN_POINT('Ctrl Pts',(5.02325767816487,-0.606707967463282,3.2998646947161));
#945=CARTESIAN_POINT('Ctrl Pts',(5.00003614978422,-0.59420516125627,3.29999999999998));
#946=CARTESIAN_POINT('Ctrl Pts',(8.15437949828486,0.779043122341266,-0.549999999999993));
#947=CARTESIAN_POINT('Ctrl Pts',(8.15374027388863,0.765210741268533,-0.209452587129949));
#948=CARTESIAN_POINT('Ctrl Pts',(8.10368645867081,0.733188503040533,0.43064920580206));
#949=CARTESIAN_POINT('Ctrl Pts',(7.85982197588413,0.675609322416782,1.26824335789532));
#950=CARTESIAN_POINT('Ctrl Pts',(7.48368996225008,0.622605741618599,1.86085878828191));
#951=CARTESIAN_POINT('Ctrl Pts',(7.07808530484586,0.578952967179003,2.26635168167165));
#952=CARTESIAN_POINT('Ctrl Pts',(6.73076042455996,0.546028125842391,2.53442938242862));
#953=CARTESIAN_POINT('Ctrl Pts',(6.2309971432669,0.502469003947744,2.84182694277155));
#954=CARTESIAN_POINT('Ctrl Pts',(5.72446866828378,0.460299817436808,3.07146829221537));
#955=CARTESIAN_POINT('Ctrl Pts',(5.32493921704537,0.421284323967557,3.21789851943399));
#956=CARTESIAN_POINT('Ctrl Pts',(5.10464610820272,0.394039140107141,3.28472097038567));
#957=CARTESIAN_POINT('Ctrl Pts',(5.02317183769251,0.377513519008421,3.2998646876788));
#958=CARTESIAN_POINT('Ctrl Pts',(5.00003461887306,0.369733724424446,3.29999999999997));
#959=CARTESIAN_POINT('Ctrl Pts',(8.1416359166338,1.55792359103602,-0.549999999999992));
#960=CARTESIAN_POINT('Ctrl Pts',(8.1394839540384,1.53339228027623,-0.209450270740646));
#961=CARTESIAN_POINT('Ctrl Pts',(8.08725961160308,1.47384895987479,0.430655567413847));
#962=CARTESIAN_POINT('Ctrl Pts',(7.84276235733858,1.36087511169919,1.26825378706059));
#963=CARTESIAN_POINT('Ctrl Pts',(7.46852912592336,1.25332372455171,1.86087073919102));
#964=CARTESIAN_POINT('Ctrl Pts',(7.06579838718302,1.1632606365197,2.26636360733874));
#965=CARTESIAN_POINT('Ctrl Pts',(6.72116293999724,1.09482947545009,2.53444066561279));
#966=CARTESIAN_POINT('Ctrl Pts',(6.22539153721277,1.00402241227704,2.84183659958457));
#967=CARTESIAN_POINT('Ctrl Pts',(5.72279574609061,0.916505280512434,3.07147540008991));
#968=CARTESIAN_POINT('Ctrl Pts',(5.32555985671608,0.837779238466454,3.21790277320998));
#969=CARTESIAN_POINT('Ctrl Pts',(5.10581047872387,0.784472253926451,3.2847230607828));
#970=CARTESIAN_POINT('Ctrl Pts',(5.02373584430345,0.7535927561398,3.29986537591403));
#971=CARTESIAN_POINT('Ctrl Pts',(5.00003650342444,0.73950193523025,3.29999999999996));
#972=CARTESIAN_POINT('Ctrl Pts',(8.07625415278666,3.78231306523864,-0.549999999999986));
#973=CARTESIAN_POINT('Ctrl Pts',(8.0663467577538,3.73319732567524,-0.209437390667891));
#974=CARTESIAN_POINT('Ctrl Pts',(8.00271001922408,3.60696188333587,0.430690881746999));
#975=CARTESIAN_POINT('Ctrl Pts',(7.75422784649481,3.35159693943925,1.26831155476818));
#976=CARTESIAN_POINT('Ctrl Pts',(7.38921531968429,3.09763152101839,1.8609368533878));
#977=CARTESIAN_POINT('Ctrl Pts',(7.00108834626966,2.87959120564714,2.26642955306171));
#978=CARTESIAN_POINT('Ctrl Pts',(6.67028190257744,2.71185622052619,2.53450305746572));
#979=CARTESIAN_POINT('Ctrl Pts',(6.19522190392843,2.4876182173646,2.84189002470114));
#980=CARTESIAN_POINT('Ctrl Pts',(5.7132071928826,2.27140007241327,3.07151477975863));
#981=CARTESIAN_POINT('Ctrl Pts',(5.32819232515471,2.08247765367206,3.21792638156025));
#982=CARTESIAN_POINT('Ctrl Pts',(5.11153953273612,1.95903388991026,3.28473468362321));
#983=CARTESIAN_POINT('Ctrl Pts',(5.0265564886279,1.89158178173052,3.29986920627174));
#984=CARTESIAN_POINT('Ctrl Pts',(5.0000587720102,1.86208347798858,3.29999999999993));
#985=CARTESIAN_POINT('Ctrl Pts',(7.97089057426778,5.05484964388489,-0.549999999999962));
#986=CARTESIAN_POINT('Ctrl Pts',(7.95146427870742,5.00002533459268,-0.209420769849923));
#987=CARTESIAN_POINT('Ctrl Pts',(7.87466511564503,4.85322498341008,0.43073640853396));
#988=CARTESIAN_POINT('Ctrl Pts',(7.62440887091581,4.54169406227989,1.26838593389032));
#989=CARTESIAN_POINT('Ctrl Pts',(7.27452834129649,4.22040052410176,1.8610219173277));
#990=CARTESIAN_POINT('Ctrl Pts',(6.9077658197748,3.93813548652037,2.26651437864152));
#991=CARTESIAN_POINT('Ctrl Pts',(6.59663788293111,3.71836973887121,2.53458331089029));
#992=CARTESIAN_POINT('Ctrl Pts',(6.1505960975528,3.42211353889868,2.84195876424601));
#993=CARTESIAN_POINT('Ctrl Pts',(5.69722751542815,3.13516617639475,3.07156548982347));
#994=CARTESIAN_POINT('Ctrl Pts',(5.32969044332718,2.88883255757126,3.21795681337625));
#995=CARTESIAN_POINT('Ctrl Pts',(5.11813416704359,2.73177257398459,3.28474968160754));
#996=CARTESIAN_POINT('Ctrl Pts',(5.0299894181031,2.64964183054441,3.29987415167559));
#997=CARTESIAN_POINT('Ctrl Pts',(5.00012450244946,2.61493230571136,3.29999999999978));
#998=CARTESIAN_POINT('Ctrl Pts',(7.61475113148594,6.31420955888528,-0.549999999999936));
#999=CARTESIAN_POINT('Ctrl Pts',(7.58133341676832,6.26024726458425,-0.209388828965515));
#1000=CARTESIAN_POINT('Ctrl Pts',(7.49116070178424,6.12155703089006,0.430823582284546));
#1001=CARTESIAN_POINT('Ctrl Pts',(7.26202125080182,5.82589432548424,1.26852766753905));
#1002=CARTESIAN_POINT('Ctrl Pts',(6.96390844645392,5.50580748507376,1.86118355462625));
#1003=CARTESIAN_POINT('Ctrl Pts',(6.6561212983123,5.21114619500915,2.2666753920252));
#1004=CARTESIAN_POINT('Ctrl Pts',(6.39577841292486,4.97533077973752,2.53473562431725));
#1005=CARTESIAN_POINT('Ctrl Pts',(6.02189989805909,4.64993645022645,2.84208934357145));
#1006=CARTESIAN_POINT('Ctrl Pts',(5.63825161472597,4.32676454901207,3.0716620941643));
#1007=CARTESIAN_POINT('Ctrl Pts',(5.3171131424523,4.04898368758811,3.21801498862234));
#1008=CARTESIAN_POINT('Ctrl Pts',(5.12386523087962,3.87326807315842,3.28477845562545));
#1009=CARTESIAN_POINT('Ctrl Pts',(5.03446125056942,3.78294319597212,3.29988365712161));
#1010=CARTESIAN_POINT('Ctrl Pts',(5.00027696907877,3.74514619228415,3.29999999999963));
#1011=CARTESIAN_POINT('Ctrl Pts',(7.47649518948788,6.62240001573095,-0.549999999999919));
#1012=CARTESIAN_POINT('Ctrl Pts',(7.43845583139655,6.57030421659404,-0.209376994318102));
#1013=CARTESIAN_POINT('Ctrl Pts',(7.34437644751595,6.44100266494602,0.430855840226979));
#1014=CARTESIAN_POINT('Ctrl Pts',(7.12417819106658,6.16789602969684,1.26858002491529));
#1015=CARTESIAN_POINT('Ctrl Pts',(6.84590339775523,5.86589899029137,1.8612432043016));
#1016=CARTESIAN_POINT('Ctrl Pts',(6.56027396525948,5.58162157028591,2.26673478884437));
#1017=CARTESIAN_POINT('Ctrl Pts',(6.31893099672815,5.35118485511378,2.53479180896732));
#1018=CARTESIAN_POINT('Ctrl Pts',(5.97197851867861,5.02972091595289,2.8421375266929));
#1019=CARTESIAN_POINT('Ctrl Pts',(5.61446903280193,4.7065794160027,3.07169777696252));
#1020=CARTESIAN_POINT('Ctrl Pts',(5.31099853353292,4.42773530420229,3.21803650344022));
#1021=CARTESIAN_POINT('Ctrl Pts',(5.12507248001895,4.25125466509252,3.28478911059167));
#1022=CARTESIAN_POINT('Ctrl Pts',(5.03570675065884,4.16055051277612,3.29988717927093));
#1023=CARTESIAN_POINT('Ctrl Pts',(5.0002033834221,4.12251527769603,3.29999999999953));
#1024=CARTESIAN_POINT('Ctrl Pts',(7.23932980488723,6.94778421314792,-0.549999999999893));
#1025=CARTESIAN_POINT('Ctrl Pts',(7.19592987833691,6.89954420054131,-0.209360139526404));
#1026=CARTESIAN_POINT('Ctrl Pts',(7.09945020958556,6.78794612023593,0.43090169237812));
#1027=CARTESIAN_POINT('Ctrl Pts',(6.89854460516128,6.55804784844268,1.26865425252985));
#1028=CARTESIAN_POINT('Ctrl Pts',(6.65442962632951,6.29358038888644,1.86132763992999));
#1029=CARTESIAN_POINT('Ctrl Pts',(6.40510973671187,6.03433330333831,2.26681881744371));
#1030=CARTESIAN_POINT('Ctrl Pts',(6.19423233658776,5.81938611750295,2.53487128704778));
#1031=CARTESIAN_POINT('Ctrl Pts',(5.88996922813692,5.51386380625971,2.84220571946818));
#1032=CARTESIAN_POINT('Ctrl Pts',(5.57341598279526,5.20030488273472,3.07174835637506));
#1033=CARTESIAN_POINT('Ctrl Pts',(5.29853907944163,4.9276777325883,3.21806705736082));
#1034=CARTESIAN_POINT('Ctrl Pts',(5.12533271406062,4.75467271837452,3.2848042711643));
#1035=CARTESIAN_POINT('Ctrl Pts',(5.03733029210989,4.66547739944548,3.29989219574452));
#1036=CARTESIAN_POINT('Ctrl Pts',(5.00055934563701,4.62785302145411,3.29999999999937));
#1037=CARTESIAN_POINT('Ctrl Pts',(7.11023267314101,7.09762190814614,-0.549999999999896));
#1038=CARTESIAN_POINT('Ctrl Pts',(7.06425935008154,7.05156849142225,-0.209351427401381));
#1039=CARTESIAN_POINT('Ctrl Pts',(6.96274424303246,6.94981252866897,0.430925378602868));
#1040=CARTESIAN_POINT('Ctrl Pts',(6.75730584857723,6.74383185829435,1.26869256543269));
#1041=CARTESIAN_POINT('Ctrl Pts',(6.51422905249697,6.50046597125865,1.8613712005764));
#1042=CARTESIAN_POINT('Ctrl Pts',(6.26950586586792,6.25559053386543,2.26686216011667));
#1043=CARTESIAN_POINT('Ctrl Pts',(6.06371383011373,6.04976031829217,2.53491228150417));
#1044=CARTESIAN_POINT('Ctrl Pts',(5.76788965348418,5.75393558676919,2.84224089847244));
#1045=CARTESIAN_POINT('Ctrl Pts',(5.46056030245578,5.4467562046039,3.07177446178075));
#1046=CARTESIAN_POINT('Ctrl Pts',(5.19217242004069,5.17846607939002,3.21808283636356));
#1047=CARTESIAN_POINT('Ctrl Pts',(5.02155744814024,5.00794414715436,3.28481210527568));
#1048=CARTESIAN_POINT('Ctrl Pts',(4.93339338402493,4.91985965947168,3.29989478876744));
#1049=CARTESIAN_POINT('Ctrl Pts',(4.89606600264867,4.88256890133841,3.29999999999939));
#1050=CARTESIAN_POINT('Ctrl Pts',(6.96021392467526,7.22478266972944,-0.549999999999877));
#1051=CARTESIAN_POINT('Ctrl Pts',(6.91204107819782,7.18129359420249,-0.209342435245775));
#1052=CARTESIAN_POINT('Ctrl Pts',(6.80091803258866,7.08487734693346,0.430949792829841));
#1053=CARTESIAN_POINT('Ctrl Pts',(6.57214327212338,6.88507863511721,1.26873198316857));
#1054=CARTESIAN_POINT('Ctrl Pts',(6.30869504275989,6.64243523759737,1.86141596842512));
#1055=CARTESIAN_POINT('Ctrl Pts',(6.05012017267955,6.39460583394076,2.26690668546207));
#1056=CARTESIAN_POINT('Ctrl Pts',(5.83561836162248,6.18488486928985,2.53495439218594));
#1057=CARTESIAN_POINT('Ctrl Pts',(5.53057888990889,5.88218712746156,2.84227704797156));
#1058=CARTESIAN_POINT('Ctrl Pts',(5.21741083649156,5.56693123684331,3.07180131674975));
#1059=CARTESIAN_POINT('Ctrl Pts',(4.94496745554808,5.29307443697771,3.21809908991171));
#1060=CARTESIAN_POINT('Ctrl Pts',(4.77201433629319,5.12037242845337,3.28482018588637));
#1061=CARTESIAN_POINT('Ctrl Pts',(4.68278264867466,5.03250206050632,3.29989746522112));
#1062=CARTESIAN_POINT('Ctrl Pts',(4.64510935143383,4.99575716212071,3.29999999999927));
#1063=CARTESIAN_POINT('Ctrl Pts',(6.87557933048523,7.28721346925182,-0.549999999999871));
#1064=CARTESIAN_POINT('Ctrl Pts',(6.82637826060394,7.24513965991126,-0.209337681418463));
#1065=CARTESIAN_POINT('Ctrl Pts',(6.71048811835229,7.14965423425458,0.4309626899322));
#1066=CARTESIAN_POINT('Ctrl Pts',(6.47008214605014,6.94547005763002,1.26875278460616));
#1067=CARTESIAN_POINT('Ctrl Pts',(6.19647291376369,6.69467313744338,1.86143957874683));
#1068=CARTESIAN_POINT('Ctrl Pts',(5.93109722992082,6.43787580387945,2.2669301624184));
#1069=CARTESIAN_POINT('Ctrl Pts',(5.71235751971626,6.22059436990445,2.53497659525385));
#1070=CARTESIAN_POINT('Ctrl Pts',(5.40292434457378,5.90720197444617,2.84229611170448));
#1071=CARTESIAN_POINT('Ctrl Pts',(5.08703329702997,5.58177678212344,3.07181548762231));
#1072=CARTESIAN_POINT('Ctrl Pts',(4.81281975146927,5.30072481257146,3.21810767295333));
#1073=CARTESIAN_POINT('Ctrl Pts',(4.63887401595746,5.12485641815552,3.28482445624157));
#1074=CARTESIAN_POINT('Ctrl Pts',(4.54921178729305,5.0366941969913,3.29989888018718));
#1075=CARTESIAN_POINT('Ctrl Pts',(4.51142294259093,5.0002798084339,3.29999999999923));
#1076=CARTESIAN_POINT('Ctrl Pts',(6.87192618705333,7.28988753546217,-0.549999999999871));
#1077=CARTESIAN_POINT('Ctrl Pts',(6.82268120170643,7.24787463825838,-0.209337477197851));
#1078=CARTESIAN_POINT('Ctrl Pts',(6.70658886640932,7.15241729394485,0.430963243962698));
#1079=CARTESIAN_POINT('Ctrl Pts',(6.46568523974315,6.94803484768006,1.26875367814827));
#1080=CARTESIAN_POINT('Ctrl Pts',(6.19164275515129,6.69686962444304,1.86144059291917));
#1081=CARTESIAN_POINT('Ctrl Pts',(5.92597572655076,6.43968179518947,2.26693117085165));
#1082=CARTESIAN_POINT('Ctrl Pts',(5.70705495186094,6.22206946848341,2.53497754896693));
#1083=CARTESIAN_POINT('Ctrl Pts',(5.39743369659579,5.90821304510191,2.84229693057733));
#1084=CARTESIAN_POINT('Ctrl Pts',(5.08142885665159,5.58233322594499,3.07181609634143));
#1085=CARTESIAN_POINT('Ctrl Pts',(4.80714006460676,5.30096828308643,3.21810804165561));
#1086=CARTESIAN_POINT('Ctrl Pts',(4.63315259461012,5.12495998678482,3.28482463968962));
#1087=CARTESIAN_POINT('Ctrl Pts',(4.54347270004139,5.03678198966648,3.29989894097304));
#1088=CARTESIAN_POINT('Ctrl Pts',(4.50567901967014,5.00038187936864,3.29999999999923));
#1089=CARTESIAN_POINT('Ctrl Pts',(6.43288981970637,7.6087981963586,-0.549999999999891));
#1090=CARTESIAN_POINT('Ctrl Pts',(6.37842278830233,7.57408454873217,-0.209313049764488));
#1091=CARTESIAN_POINT('Ctrl Pts',(6.23814315734741,7.48199184498919,0.431029510947275));
#1092=CARTESIAN_POINT('Ctrl Pts',(5.93814147908209,7.25202550104,1.26886054883271));
#1093=CARTESIAN_POINT('Ctrl Pts',(5.61260746171067,6.95506944437836,1.86156188807421));
#1094=CARTESIAN_POINT('Ctrl Pts',(5.31253374624354,6.64915297081373,2.26705177835431));
#1095=CARTESIAN_POINT('Ctrl Pts',(5.0722463072197,6.39056943545941,2.53509161183614));
#1096=CARTESIAN_POINT('Ctrl Pts',(4.74055230372533,6.01926395713021,2.84239486758253));
#1097=CARTESIAN_POINT('Ctrl Pts',(4.41107584120831,5.63806714519,3.0718889010027));
#1098=CARTESIAN_POINT('Ctrl Pts',(4.12804732506463,5.31815079739993,3.21815214102645));
#1099=CARTESIAN_POINT('Ctrl Pts',(3.94917724969154,5.12498126049394,3.28484658209529));
#1100=CARTESIAN_POINT('Ctrl Pts',(3.85739047297728,5.03495228806625,3.29990621175421));
#1101=CARTESIAN_POINT('Ctrl Pts',(3.81903379802968,5.00026948846421,3.29999999999936));
#1102=CARTESIAN_POINT('Ctrl Pts',(5.72680352127929,7.83377674664965,-0.549999999999957));
#1103=CARTESIAN_POINT('Ctrl Pts',(5.67045869000042,7.80831917408698,-0.209287330233595));
#1104=CARTESIAN_POINT('Ctrl Pts',(5.52117922931261,7.72523636178115,0.431099019094858));
#1105=CARTESIAN_POINT('Ctrl Pts',(5.20283490990388,7.48219735304218,1.26897206929484));
#1106=CARTESIAN_POINT('Ctrl Pts',(4.86843396094835,7.15231280542358,1.8616880707185));
#1107=CARTESIAN_POINT('Ctrl Pts',(4.56953555063209,6.8087946847611,2.26717709809512));
#1108=CARTESIAN_POINT('Ctrl Pts',(4.33442419060643,6.51779942733117,2.53521011222999));
#1109=CARTESIAN_POINT('Ctrl Pts',(4.01471027002478,6.10044303207637,2.84249671533018));
#1110=CARTESIAN_POINT('Ctrl Pts',(3.70217057190668,5.67476292640471,3.071964847114));
#1111=CARTESIAN_POINT('Ctrl Pts',(3.43395190689283,5.3254430577122,3.21819831422646));
#1112=CARTESIAN_POINT('Ctrl Pts',(3.26362024008252,5.12085198228419,3.28486964287548));
#1113=CARTESIAN_POINT('Ctrl Pts',(3.17528333448684,5.03188970190811,3.29991386771004));
#1114=CARTESIAN_POINT('Ctrl Pts',(3.13814501368447,5.0001248997087,3.29999999999975));
#1115=CARTESIAN_POINT('Ctrl Pts',(3.43328683401829,8.11768136472422,-0.549999999999976));
#1116=CARTESIAN_POINT('Ctrl Pts',(3.38743458501887,8.10972433928835,-0.209232827473954));
#1117=CARTESIAN_POINT('Ctrl Pts',(3.26847698509603,8.0481607138684,0.431245262350599));
#1118=CARTESIAN_POINT('Ctrl Pts',(3.02688044907189,7.79771251680685,1.269204394443));
#1119=CARTESIAN_POINT('Ctrl Pts',(2.78755134940883,7.42679602948536,1.86194937194346));
#1120=CARTESIAN_POINT('Ctrl Pts',(2.58323138397279,7.03166298997992,2.2674360163144));
#1121=CARTESIAN_POINT('Ctrl Pts',(2.42664271054903,6.69472067037509,2.53545486373974));
#1122=CARTESIAN_POINT('Ctrl Pts',(2.21803907872854,6.21082310359088,2.84270747756541));
#1123=CARTESIAN_POINT('Ctrl Pts',(2.01774117587195,5.72015834501296,3.07212295315143));
#1124=CARTESIAN_POINT('Ctrl Pts',(1.84291796680421,5.3294264606701,3.21829512557049));
#1125=CARTESIAN_POINT('Ctrl Pts',(1.7286645823871,5.11060853793992,3.28491834072717));
#1126=CARTESIAN_POINT('Ctrl Pts',(1.66619130646997,5.02592821739785,3.29993009310874));
#1127=CARTESIAN_POINT('Ctrl Pts',(1.63887455307526,5.0000602754634,3.29999999999986));
#1128=CARTESIAN_POINT('Ctrl Pts',(1.72646527787634,8.14999999999999,-0.549999999999999));
#1129=CARTESIAN_POINT('Ctrl Pts',(1.6959360000263,8.14970610334327,-0.209204473781283));
#1130=CARTESIAN_POINT('Ctrl Pts',(1.62521228374046,8.10030484620673,0.431320624102352));
#1131=CARTESIAN_POINT('Ctrl Pts',(1.49793268963038,7.85742306545004,1.26932252922097));
#1132=CARTESIAN_POINT('Ctrl Pts',(1.38069625148064,7.48201899008975,1.86208115289124));
#1133=CARTESIAN_POINT('Ctrl Pts',(1.28410158295509,7.07686003835006,2.26756617966032));
#1134=CARTESIAN_POINT('Ctrl Pts',(1.21122523742097,6.72977796798883,2.53557785099939));
#1135=CARTESIAN_POINT('Ctrl Pts',(1.11478193147867,6.23021490898934,2.84281366865515));
#1136=CARTESIAN_POINT('Ctrl Pts',(1.02137094433607,5.72373741374417,3.07220327289288));
#1137=CARTESIAN_POINT('Ctrl Pts',(0.93489052457856,5.32433892301402,3.21834478362907));
#1138=CARTESIAN_POINT('Ctrl Pts',(0.874467949774509,5.1042430338042,3.28494355821015));
#1139=CARTESIAN_POINT('Ctrl Pts',(0.837793887222962,5.02299568894212,3.29993853499728));
#1140=CARTESIAN_POINT('Ctrl Pts',(0.820521380240614,5.,3.3));
#1141=CARTESIAN_POINT('Ctrl Pts',(1.52406396342412E-14,8.14999999999999,
-0.549999999999999));
#1142=CARTESIAN_POINT('Ctrl Pts',(0.000192217272418842,8.14970610334327,
-0.209181791637567));
#1143=CARTESIAN_POINT('Ctrl Pts',(0.000553313683959074,8.10030511159184,
0.431379569231814));
#1144=CARTESIAN_POINT('Ctrl Pts',(0.00102517997647284,7.85742324230768,
1.26941193438153));
#1145=CARTESIAN_POINT('Ctrl Pts',(0.00135840553142443,7.48201928094569,
1.86217880391938));
#1146=CARTESIAN_POINT('Ctrl Pts',(0.00158593451621348,7.07686011290741,
2.26766182961631));
#1147=CARTESIAN_POINT('Ctrl Pts',(0.0017360664661515,6.72977794880598,2.53566812245035));
#1148=CARTESIAN_POINT('Ctrl Pts',(0.00190776640067055,6.23021467173758,
2.84289216007444));
#1149=CARTESIAN_POINT('Ctrl Pts',(0.00203523201965919,5.72373741654779,
3.07226391360742));
#1150=CARTESIAN_POINT('Ctrl Pts',(0.00211539502591862,5.32433882867834,
3.21838318769457));
#1151=CARTESIAN_POINT('Ctrl Pts',(0.00215108023986572,5.10424295564912,
3.28496351299892));
#1152=CARTESIAN_POINT('Ctrl Pts',(0.00215816291165164,5.02299568894212,
3.29994528986304));
#1153=CARTESIAN_POINT('Ctrl Pts',(0.00215747914020348,5.,3.3));
#1154=CARTESIAN_POINT('',(-7.62583293664622E-15,8.14999999999999,-0.549999999999999));
#1155=CARTESIAN_POINT('Ctrl Pts',(-7.62583293664622E-15,8.14999999999999,
-0.549999999999999));
#1156=CARTESIAN_POINT('Ctrl Pts',(-1.71999888688156,8.15,-0.549999999999999));
#1157=CARTESIAN_POINT('Ctrl Pts',(-3.42052342697881,8.11787538956202,-0.550000000000004));
#1158=CARTESIAN_POINT('Ctrl Pts',(-5.71327210249282,7.83659305297544,-0.550000000000007));
#1159=CARTESIAN_POINT('Ctrl Pts',(-6.42336411588266,7.61278528949575,-0.550000000000022));
#1160=CARTESIAN_POINT('Ctrl Pts',(-6.86327906046063,7.2961730376398,-0.550000000000024));
#1161=CARTESIAN_POINT('Ctrl Pts',(-6.86665372140485,7.29373054946149,-0.550000000000024));
#1162=CARTESIAN_POINT('Ctrl Pts',(-6.95353017527098,7.23049406205433,-0.550000000000022));
#1163=CARTESIAN_POINT('Ctrl Pts',(-7.10761639467193,7.10121950953503,-0.550000000000019));
#1164=CARTESIAN_POINT('Ctrl Pts',(-7.23938841366588,6.94850958977962,-0.550000000000019));
#1165=CARTESIAN_POINT('Ctrl Pts',(-7.46879888723391,6.63278754078599,-0.550000000000014));
#1166=CARTESIAN_POINT('Ctrl Pts',(-7.60159398038884,6.34184370530512,-0.550000000000011));
#1167=CARTESIAN_POINT('Ctrl Pts',(-7.85313754165749,5.49065247211514,-0.550000000000007));
#1168=CARTESIAN_POINT('Ctrl Pts',(-8.04130298381152,4.29655615164225,-0.550000000000002));
#1169=CARTESIAN_POINT('Ctrl Pts',(-8.11251052620493,2.70840004712205,-0.550000000000002));
#1170=CARTESIAN_POINT('Ctrl Pts',(-8.14443791453768,1.2524623555418,-0.550000000000001));
#1171=CARTESIAN_POINT('Ctrl Pts',(-8.15296140606863,0.626246850588438,-0.550000000000001));
#1172=CARTESIAN_POINT('Ctrl Pts',(-8.15823082865952,-1.42385755442878,-0.55));
#1173=CARTESIAN_POINT('Ctrl Pts',(-8.12615180215019,-2.84811605412069,-0.55));
#1174=CARTESIAN_POINT('Ctrl Pts',(-7.93141572484205,-5.23166196334986,-0.549999999999999));
#1175=CARTESIAN_POINT('Ctrl Pts',(-7.73010936130225,-6.13066092411977,-0.549999999999999));
#1176=CARTESIAN_POINT('Ctrl Pts',(-7.38048813391319,-6.74010077613339,-0.549999999999999));
#1177=CARTESIAN_POINT('Ctrl Pts',(-7.33797743500134,-6.80723275898265,-0.549999999999999));
#1178=CARTESIAN_POINT('Ctrl Pts',(-7.23315189717029,-6.95510576329175,-0.549999999999999));
#1179=CARTESIAN_POINT('Ctrl Pts',(-7.10504064162657,-7.1097806067206,-0.549999999999999));
#1180=CARTESIAN_POINT('Ctrl Pts',(-6.95315459803588,-7.2398230854493,-0.549999999999999));
#1181=CARTESIAN_POINT('Ctrl Pts',(-6.68767722485711,-7.43039146354785,-0.549999999999999));
#1182=CARTESIAN_POINT('Ctrl Pts',(-6.46868535097116,-7.53848380696145,-0.549999999999999));
#1183=CARTESIAN_POINT('Ctrl Pts',(-5.37653521538175,-7.93255756808991,-0.549999999999999));
#1184=CARTESIAN_POINT('Ctrl Pts',(-4.02717244700389,-8.06578989716398,-0.549999999999999));
#1185=CARTESIAN_POINT('Ctrl Pts',(-1.62954426923311,-8.1409098462555,-0.549999999999999));
#1186=CARTESIAN_POINT('Ctrl Pts',(-0.814876050751087,-8.15408616804359,
-0.549999999999999));
#1187=CARTESIAN_POINT('Ctrl Pts',(1.08469730493168,-8.15585930145101,-0.549999999999999));
#1188=CARTESIAN_POINT('Ctrl Pts',(2.16980949688377,-8.13486979168035,-0.549999999999999));
#1189=CARTESIAN_POINT('Ctrl Pts',(4.51857348742415,-8.01963146109794,-0.549999999999998));
#1190=CARTESIAN_POINT('Ctrl Pts',(5.62404465558638,-7.86871957939172,-0.549999999999998));
#1191=CARTESIAN_POINT('Ctrl Pts',(6.53280955952407,-7.50400371309481,-0.549999999999998));
#1192=CARTESIAN_POINT('Ctrl Pts',(6.71505643886399,-7.40990445384109,-0.549999999999998));
#1193=CARTESIAN_POINT('Ctrl Pts',(6.95444818332559,-7.24052974256596,-0.549999999999998));
#1194=CARTESIAN_POINT('Ctrl Pts',(7.10713623292712,-7.1117867782073,-0.549999999999998));
#1195=CARTESIAN_POINT('Ctrl Pts',(7.23516614020492,-6.95787984281316,-0.549999999999998));
#1196=CARTESIAN_POINT('Ctrl Pts',(7.37028916386835,-6.76600578309307,-0.549999999999998));
#1197=CARTESIAN_POINT('Ctrl Pts',(7.43893060125689,-6.64641441160574,-0.549999999999998));
#1198=CARTESIAN_POINT('Ctrl Pts',(7.8008349559645,-5.90148668607795,-0.549999999999998));
#1199=CARTESIAN_POINT('Ctrl Pts',(7.97923132614546,-4.8924140130418,-0.549999999999998));
#1200=CARTESIAN_POINT('Ctrl Pts',(8.13069862417242,-2.50469494053911,-0.549999999999997));
#1201=CARTESIAN_POINT('Ctrl Pts',(8.15792050556097,-1.25199659224786,-0.549999999999995));
#1202=CARTESIAN_POINT('Ctrl Pts',(8.15437949828486,0.779043122341266,-0.549999999999993));
#1203=CARTESIAN_POINT('Ctrl Pts',(8.1416359166338,1.55792359103602,-0.549999999999992));
#1204=CARTESIAN_POINT('Ctrl Pts',(8.07625415278666,3.78231306523864,-0.549999999999986));
#1205=CARTESIAN_POINT('Ctrl Pts',(7.97089057426778,5.05484964388489,-0.549999999999962));
#1206=CARTESIAN_POINT('Ctrl Pts',(7.61475113148594,6.31420955888528,-0.549999999999936));
#1207=CARTESIAN_POINT('Ctrl Pts',(7.47649518948788,6.62240001573095,-0.549999999999919));
#1208=CARTESIAN_POINT('Ctrl Pts',(7.23932980488723,6.94778421314792,-0.549999999999893));
#1209=CARTESIAN_POINT('Ctrl Pts',(7.11023267314101,7.09762190814614,-0.549999999999896));
#1210=CARTESIAN_POINT('Ctrl Pts',(6.96021392467526,7.22478266972944,-0.549999999999877));
#1211=CARTESIAN_POINT('Ctrl Pts',(6.87557933048523,7.28721346925182,-0.549999999999871));
#1212=CARTESIAN_POINT('Ctrl Pts',(6.87192618705333,7.28988753546217,-0.549999999999871));
#1213=CARTESIAN_POINT('Ctrl Pts',(6.43288981970637,7.6087981963586,-0.549999999999891));
#1214=CARTESIAN_POINT('Ctrl Pts',(5.72680352127929,7.83377674664965,-0.549999999999957));
#1215=CARTESIAN_POINT('Ctrl Pts',(3.43328683401829,8.11768136472422,-0.549999999999976));
#1216=CARTESIAN_POINT('Ctrl Pts',(1.72646527787634,8.14999999999999,-0.549999999999999));
#1217=CARTESIAN_POINT('Ctrl Pts',(1.52406396342412E-14,8.14999999999999,
-0.549999999999999));
#1218=CARTESIAN_POINT('Ctrl Pts',(1.55431223447522E-14,8.14999999999999,
-0.549999999999999));
#1219=CARTESIAN_POINT('Ctrl Pts',(0.000192217272419193,8.14970610334327,
-0.209181791637567));
#1220=CARTESIAN_POINT('Ctrl Pts',(0.000372765478189319,8.12500560746756,
0.111098888797123));
#1221=CARTESIAN_POINT('Ctrl Pts',(0.000541683963160011,8.07217504798234,
0.410911289872754));
#1222=CARTESIAN_POINT('Ctrl Pts',(0.000710602448130149,8.01934448849712,
0.710723690948385));
#1223=CARTESIAN_POINT('Ctrl Pts',(0.000867891212301686,7.9383838654024,
0.990067812664957));
#1224=CARTESIAN_POINT('Ctrl Pts',(0.00101318070537759,7.82282276158264,
1.24829324743081));
#1225=CARTESIAN_POINT('Ctrl Pts',(0.0011584701984535,7.70726165776288,1.50651868219667));
#1226=CARTESIAN_POINT('Ctrl Pts',(0.00129176042043405,7.55710007321809,
1.74362543001181));
#1227=CARTESIAN_POINT('Ctrl Pts',(0.00141203348935748,7.3719931556904,1.9578220211825));
#1228=CARTESIAN_POINT('Ctrl Pts',(0.00147217002381905,7.27943969692655,
2.06492031676785));
#1229=CARTESIAN_POINT('Ctrl Pts',(0.00152905227001648,7.17814990491698,
2.16629107319208));
#1230=CARTESIAN_POINT('Ctrl Pts',(0.0015825153847715,7.06965798156196,2.26164416687654));
#1231=CARTESIAN_POINT('Ctrl Pts',(0.00163597849952651,6.96116605820693,
2.35699726056099));
#1232=CARTESIAN_POINT('Ctrl Pts',(0.00168602248283869,6.84547200350646,
2.44633269150567));
#1233=CARTESIAN_POINT('Ctrl Pts',(0.00173250696630989,6.72517956652267,
2.52940341168102));
#1234=CARTESIAN_POINT('Ctrl Pts',(0.00177899144978108,6.60488712953888,
2.61247413185638));
#1235=CARTESIAN_POINT('Ctrl Pts',(0.00182191643341101,6.47999631027178,
2.6892801412624));
#1236=CARTESIAN_POINT('Ctrl Pts',(0.00186115522407992,6.35452932616123,
2.75959846032749));
#1237=CARTESIAN_POINT('Ctrl Pts',(0.00193963280541776,6.10359535794013,
2.90023509845768));
#1238=CARTESIAN_POINT('Ctrl Pts',(0.00200336561491182,5.85035673034523,
3.01492097522417));
#1239=CARTESIAN_POINT('Ctrl Pts',(0.00205133088682974,5.63281099185712,
3.10185602550872));
#1240=CARTESIAN_POINT('Ctrl Pts',(0.0020753135227887,5.52403812261306,3.14532355065099));
#1241=CARTESIAN_POINT('Ctrl Pts',(0.00209535427435348,5.4241884756457,3.18185336917278));
#1242=CARTESIAN_POINT('Ctrl Pts',(0.0021113221857938,5.33758100665715,3.21121499931773));
#1243=CARTESIAN_POINT('Ctrl Pts',(0.00212729009723397,5.2509735376686,3.24057662946268));
#1244=CARTESIAN_POINT('Ctrl Pts',(0.00213918516854997,5.17760824665886,
3.2627700712308));
#1245=CARTESIAN_POINT('Ctrl Pts',(0.0021469033721544,5.12061378447724,3.27761223633089));
#1246=CARTESIAN_POINT('Ctrl Pts',(0.00215462157575869,5.06361932229562,
3.29245440143098));
#1247=CARTESIAN_POINT('Ctrl Pts',(0.00215816291165169,5.02299568894212,
3.29994528986304));
#1248=CARTESIAN_POINT('Ctrl Pts',(0.00215747914020348,5.,3.3));
#1249=CARTESIAN_POINT('Ctrl Pts',(-7.25,-1.37804739412851,9.77704621387937));
#1250=CARTESIAN_POINT('Ctrl Pts',(-6.90352577658376,-1.3422293027478,9.63338769589401));
#1251=CARTESIAN_POINT('Ctrl Pts',(-6.09779997808993,-1.2747822208731,9.36287222588832));
#1252=CARTESIAN_POINT('Ctrl Pts',(-4.21005074405644,-1.17449501588593,8.96064221624819));
#1253=CARTESIAN_POINT('Ctrl Pts',(-1.96613251132744,-1.13612549852884,8.80675048760337));
#1254=CARTESIAN_POINT('Ctrl Pts',(0.,-1.13612549852884,8.80675048760337));
#1255=CARTESIAN_POINT('Ctrl Pts',(-7.25,-0.701981278645418,9.94560842824271));
#1256=CARTESIAN_POINT('Ctrl Pts',(-6.90765935194387,-0.721551052897946,
9.78814016433729));
#1257=CARTESIAN_POINT('Ctrl Pts',(-6.10497819169928,-0.739461630896751,
9.49634263946799));
#1258=CARTESIAN_POINT('Ctrl Pts',(-4.21160184809543,-0.792960996564729,
9.05576933130229));
#1259=CARTESIAN_POINT('Ctrl Pts',(-1.963628100658,-0.948623569725467,8.85349996904116));
#1260=CARTESIAN_POINT('Ctrl Pts',(0.,-1.13612549852884,8.80675048760337));
#1261=CARTESIAN_POINT('Ctrl Pts',(-7.19634155772806,0.64843056876991,10.2823039171745));
#1262=CARTESIAN_POINT('Ctrl Pts',(-6.85918816416346,0.536443278188828,10.1017933784952));
#1263=CARTESIAN_POINT('Ctrl Pts',(-6.04944863592037,0.320802301036703,9.76069612810369));
#1264=CARTESIAN_POINT('Ctrl Pts',(-4.13024469996453,-0.137757999841383,
9.21912978593223));
#1265=CARTESIAN_POINT('Ctrl Pts',(-1.90450538972309,-0.6690121761099,8.92321491938353));
#1266=CARTESIAN_POINT('Ctrl Pts',(0.,-1.13612549852884,8.80675048760337));
#1267=CARTESIAN_POINT('Ctrl Pts',(-6.83393359932682,2.97674188716303,10.8628171281867));
#1268=CARTESIAN_POINT('Ctrl Pts',(-6.50617137504717,2.74141452344265,10.6515544554011));
#1269=CARTESIAN_POINT('Ctrl Pts',(-5.68189904742505,2.18632377017954,10.2258228702664));
#1270=CARTESIAN_POINT('Ctrl Pts',(-3.72840158738865,0.947789747096381,9.48978723766723));
#1271=CARTESIAN_POINT('Ctrl Pts',(-1.64976432286716,-0.251633360465455,
9.0272791459172));
#1272=CARTESIAN_POINT('Ctrl Pts',(0.,-1.13612549852884,8.80675048760337));
#1273=CARTESIAN_POINT('Ctrl Pts',(-5.87307431250461,4.43341627031069,11.2260068429297));
#1274=CARTESIAN_POINT('Ctrl Pts',(-5.57023261578763,4.14908442237699,11.002525979965));
#1275=CARTESIAN_POINT('Ctrl Pts',(-4.8051690633842,3.46120489889714,10.5436864359523));
#1276=CARTESIAN_POINT('Ctrl Pts',(-3.02351666893055,1.86788343955843,9.71919236043751));
#1277=CARTESIAN_POINT('Ctrl Pts',(-1.27881832192465,0.191109636981473,9.13766737324345));
#1278=CARTESIAN_POINT('Ctrl Pts',(0.,-1.13612549852884,8.80675048760337));
#1279=CARTESIAN_POINT('Ctrl Pts',(-4.00233110212826,5.13762541380027,11.4015859022599));
#1280=CARTESIAN_POINT('Ctrl Pts',(-3.77394802690152,4.8428109698778,11.1754914345728));
#1281=CARTESIAN_POINT('Ctrl Pts',(-3.22292241688293,4.14735416749586,10.7147626627445));
#1282=CARTESIAN_POINT('Ctrl Pts',(-1.98168829062378,2.49382641346268,9.87525747201487));
#1283=CARTESIAN_POINT('Ctrl Pts',(-0.819731754861478,0.546667968142152,
9.22631802184599));
#1284=CARTESIAN_POINT('Ctrl Pts',(0.,-1.13612549852884,8.80675048760337));
#1285=CARTESIAN_POINT('Ctrl Pts',(-2.61694383177246,5.33392844520168,11.4505297450312));
#1286=CARTESIAN_POINT('Ctrl Pts',(-2.45539715429116,5.04094818023822,11.224892589521));
#1287=CARTESIAN_POINT('Ctrl Pts',(-2.08419474876337,4.35024599144914,10.7653492760041));
#1288=CARTESIAN_POINT('Ctrl Pts',(-1.27257040001253,2.68722568230421,9.92347732546649));
#1289=CARTESIAN_POINT('Ctrl Pts',(-0.525256921181568,0.658589324043719,
9.25422314998843));
#1290=CARTESIAN_POINT('Ctrl Pts',(0.,-1.13612549852884,8.80675048760337));
#1291=CARTESIAN_POINT('Ctrl Pts',(-1.25589131713551,5.42879553610494,11.4741827673417));
#1292=CARTESIAN_POINT('Ctrl Pts',(-1.17116036047879,5.13800985817236,11.2490927838329));
#1293=CARTESIAN_POINT('Ctrl Pts',(-0.987357465104167,4.44860476179495,10.7898728717766));
#1294=CARTESIAN_POINT('Ctrl Pts',(-0.601963254577669,2.77795837718002,9.94609952707248));
#1295=CARTESIAN_POINT('Ctrl Pts',(-0.249828312345013,0.710337102835295,
9.26712532032611));
#1296=CARTESIAN_POINT('Ctrl Pts',(0.,-1.13612549852884,8.80675048760337));
#1297=CARTESIAN_POINT('Ctrl Pts',(-0.538570066872145,5.4476376299851,11.4788806289782));
#1298=CARTESIAN_POINT('Ctrl Pts',(-0.499563464088843,5.15780186847925,11.254027486235));
#1299=CARTESIAN_POINT('Ctrl Pts',(-0.419181940076079,4.46762233617152,10.7946144856148));
#1300=CARTESIAN_POINT('Ctrl Pts',(-0.255452758026738,2.7913242557284,9.9494320148772));
#1301=CARTESIAN_POINT('Ctrl Pts',(-0.107079841556153,0.716279276258124,
9.26860687055817));
#1302=CARTESIAN_POINT('Ctrl Pts',(0.,-1.13612549852884,8.80675048760337));
#1303=CARTESIAN_POINT('Ctrl Pts',(-1.42247325030098E-15,5.4476376299851,
11.4788806289782));
#1304=CARTESIAN_POINT('Ctrl Pts',(-4.70336221722451E-16,5.15780186847925,
11.254027486235));
#1305=CARTESIAN_POINT('Ctrl Pts',(1.35403046351239E-15,4.46758645410038,
10.7946055392097));
#1306=CARTESIAN_POINT('Ctrl Pts',(3.57276274917975E-15,2.79144141374745,
9.94946122565211));
#1307=CARTESIAN_POINT('Ctrl Pts',(2.57523424136124E-15,0.716404168950285,
9.26863800980368));
#1308=CARTESIAN_POINT('Ctrl Pts',(0.,-1.13612549852884,8.80675048760337));
#1309=CARTESIAN_POINT('',(-7.25,-1.37804739412851,9.77704621387937));
#1310=CARTESIAN_POINT('',(-6.69803210692155,2.85718513437083,10.8330082817866));
#1311=CARTESIAN_POINT('Ctrl Pts',(-7.25,-1.37804739412851,9.77704621387937));
#1312=CARTESIAN_POINT('Ctrl Pts',(-7.25,-0.810151857122712,9.91863847394458));
#1313=CARTESIAN_POINT('Ctrl Pts',(-7.22282973249367,0.151049374934661,10.1582928574638));
#1314=CARTESIAN_POINT('Ctrl Pts',(-7.14967196746253,1.07337098451361,10.3882534623593));
#1315=CARTESIAN_POINT('Ctrl Pts',(-7.01711913017609,1.891006606547,10.5921129190543));
#1316=CARTESIAN_POINT('Ctrl Pts',(-6.80160948067241,2.59077141070123,10.766583880134));
#1317=CARTESIAN_POINT('Ctrl Pts',(-6.69803210692155,2.85718513437083,10.8330082817866));
#1318=CARTESIAN_POINT('',(0.,-1.13612549852884,8.80675048760337));
#1319=CARTESIAN_POINT('Ctrl Pts',(-7.25,-1.3780473941285,9.77704621387937));
#1320=CARTESIAN_POINT('Ctrl Pts',(-7.10448082616518,-1.36300379574861,9.71670963632552));
#1321=CARTESIAN_POINT('Ctrl Pts',(-6.79664585171671,-1.33354050762912,9.59853884209662));
#1322=CARTESIAN_POINT('Ctrl Pts',(-6.28452469544957,-1.29121651442903,9.42878657713858));
#1323=CARTESIAN_POINT('Ctrl Pts',(-5.49395866024336,-1.23878643185154,9.21850100159306));
#1324=CARTESIAN_POINT('Ctrl Pts',(-4.23834144504423,-1.18318172804711,8.99548271575934));
#1325=CARTESIAN_POINT('Ctrl Pts',(-2.88512090423284,-1.15165137802585,8.86902138906636));
#1326=CARTESIAN_POINT('Ctrl Pts',(-1.57551732544528,-1.13894977153541,8.81807802792926));
#1327=CARTESIAN_POINT('Ctrl Pts',(-0.550517103171684,-1.13612549852884,
8.80675048760337));
#1328=CARTESIAN_POINT('Ctrl Pts',(7.57782398556517E-18,-1.13612549852884,
8.80675048760337));
#1329=CARTESIAN_POINT('',(-1.28369537222284E-15,5.4476376299851,11.4788806289782));
#1330=CARTESIAN_POINT('Ctrl Pts',(0.,5.4476376299851,11.4788806289782));
#1331=CARTESIAN_POINT('Ctrl Pts',(3.99897552002983E-16,5.32590661015264,
11.3844423090261));
#1332=CARTESIAN_POINT('Ctrl Pts',(1.15320254303634E-15,5.06598058673016,
11.1941186557066));
#1333=CARTESIAN_POINT('Ctrl Pts',(2.14374832908171E-15,4.62672036650005,
10.9042939606135));
#1334=CARTESIAN_POINT('Ctrl Pts',(3.16627666082393E-15,3.93543590276725,
10.508579522551));
#1335=CARTESIAN_POINT('Ctrl Pts',(3.70429407016568E-15,2.80921647482198,
9.99089938623583));
#1336=CARTESIAN_POINT('Ctrl Pts',(3.16949354806144E-15,1.56642040323006,
9.54671279787144));
#1337=CARTESIAN_POINT('Ctrl Pts',(1.95274804850591E-15,0.345471226985002,
9.18818575086885));
#1338=CARTESIAN_POINT('Ctrl Pts',(7.21065587581146E-16,-0.617417191634682,
8.93607899381946));
#1339=CARTESIAN_POINT('Ctrl Pts',(0.,-1.13612549852884,8.80675048760337));
#1340=CARTESIAN_POINT('',(-5.21157660154067,4.61429084382973,11.2711039391103));
#1341=CARTESIAN_POINT('Ctrl Pts',(-5.21157660154067,4.61429084382973,11.2711039391103));
#1342=CARTESIAN_POINT('Ctrl Pts',(-5.18669701301662,4.62815131631501,11.2745597430335));
#1343=CARTESIAN_POINT('Ctrl Pts',(-4.81678575570534,4.82961574121264,11.3247904657372));
#1344=CARTESIAN_POINT('Ctrl Pts',(-4.0049162933711,5.14214284652698,11.4027122247396));
#1345=CARTESIAN_POINT('Ctrl Pts',(-3.00016096101268,5.32343010274237,11.4479122142727));
#1346=CARTESIAN_POINT('Ctrl Pts',(-1.8095954246904,5.41741123697757,11.4713443427765));
#1347=CARTESIAN_POINT('Ctrl Pts',(-0.603198474896802,5.4476376299851,11.4788806289782));
#1348=CARTESIAN_POINT('Ctrl Pts',(-1.38777878078145E-15,5.4476376299851,
11.4788806289782));
#1349=CARTESIAN_POINT('Ctrl Pts',(-6.69803210692155,2.85718513437083,10.8330082817866));
#1350=CARTESIAN_POINT('Ctrl Pts',(-6.65205373045582,2.97544716437731,10.8624943175403));
#1351=CARTESIAN_POINT('Ctrl Pts',(-6.45522899901445,3.43460924460427,10.9769762819846));
#1352=CARTESIAN_POINT('Ctrl Pts',(-6.20735822166163,3.83022126733566,11.075613437513));
#1353=CARTESIAN_POINT('Ctrl Pts',(-5.90018677536208,4.16306606002339,11.1586009649305));
#1354=CARTESIAN_POINT('Ctrl Pts',(-5.5283222196327,4.43783117609223,11.227107602571));
#1355=CARTESIAN_POINT('Ctrl Pts',(-5.21157660154067,4.61429084382973,11.2711039391103));
#1356=CARTESIAN_POINT('Ctrl Pts',(-1.28369537222284E-15,5.4476376299851,
11.4788806289782));
#1357=CARTESIAN_POINT('Ctrl Pts',(-3.31558343644306E-16,5.15780186847925,
11.254027486235));
#1358=CARTESIAN_POINT('Ctrl Pts',(1.47015072883937E-15,4.46758645409906,
10.7946055392095));
#1359=CARTESIAN_POINT('Ctrl Pts',(3.61524577306327E-15,2.79144141374109,
9.94946122565155));
#1360=CARTESIAN_POINT('Ctrl Pts',(2.57523424136124E-15,0.716404168950285,
9.26863800980368));
#1361=CARTESIAN_POINT('Ctrl Pts',(0.,-1.13612549852884,8.80675048760337));
#1362=CARTESIAN_POINT('Ctrl Pts',(0.718093422496189,5.4476376299851,11.4788806289782));
#1363=CARTESIAN_POINT('Ctrl Pts',(0.666084618785121,5.15780186847925,11.254027486235));
#1364=CARTESIAN_POINT('Ctrl Pts',(0.558966849130477,4.46785144509196,10.7946716088846));
#1365=CARTESIAN_POINT('Ctrl Pts',(0.340608800077789,2.79129819317243,9.94942551675319));
#1366=CARTESIAN_POINT('Ctrl Pts',(0.142899123348411,0.716702010496824,9.26871227004164));
#1367=CARTESIAN_POINT('Ctrl Pts',(0.,-1.13612549852884,8.80675048760337));
#1368=CARTESIAN_POINT('Ctrl Pts',(2.1524562336741,5.3971208011626,11.4662853689379));
#1369=CARTESIAN_POINT('Ctrl Pts',(2.01318835549039,5.10475192848473,11.2408006506452));
#1370=CARTESIAN_POINT('Ctrl Pts',(1.70201820866032,4.41623182464239,10.7818013920103));
#1371=CARTESIAN_POINT('Ctrl Pts',(1.03645510970864,2.75341673076382,9.93998060738606));
#1372=CARTESIAN_POINT('Ctrl Pts',(0.427616431675273,0.698013330990498,9.26405265890455));
#1373=CARTESIAN_POINT('Ctrl Pts',(0.,-1.13612549852884,8.80675048760337));
#1374=CARTESIAN_POINT('Ctrl Pts',(4.62549927351471,5.05590755984489,11.3812113529365));
#1375=CARTESIAN_POINT('Ctrl Pts',(4.36741113288293,4.76027792156997,11.1549136344697));
#1376=CARTESIAN_POINT('Ctrl Pts',(3.73530563616801,4.0610195532587,10.6932370258007));
#1377=CARTESIAN_POINT('Ctrl Pts',(2.2978343668953,2.40548203836371,9.85323074541003));
#1378=CARTESIAN_POINT('Ctrl Pts',(0.9497802630603,0.493520273986283,9.2130668134064));
#1379=CARTESIAN_POINT('Ctrl Pts',(0.,-1.13612549852884,8.80675048760337));
#1380=CARTESIAN_POINT('Ctrl Pts',(6.17272401480004,4.15128307973215,11.155663137987));
#1381=CARTESIAN_POINT('Ctrl Pts',(5.86235807351476,3.87300771313339,10.9336923254178));
#1382=CARTESIAN_POINT('Ctrl Pts',(5.07409842749988,3.19706640151575,10.4778293119263));
#1383=CARTESIAN_POINT('Ctrl Pts',(3.22604765624072,1.64667952981869,9.664040031402));
#1384=CARTESIAN_POINT('Ctrl Pts',(1.37976920885389,0.0723897961320384,9.1080671924266));
#1385=CARTESIAN_POINT('Ctrl Pts',(0.,-1.13612549852884,8.80675048760337));
#1386=CARTESIAN_POINT('Ctrl Pts',(6.9207309900191,2.38999595538958,10.7165249368412));
#1387=CARTESIAN_POINT('Ctrl Pts',(6.59062097397249,2.18550360204549,10.5129502956104));
#1388=CARTESIAN_POINT('Ctrl Pts',(5.7707285342573,1.71711786877921,10.1088366999481));
#1389=CARTESIAN_POINT('Ctrl Pts',(3.82891925373891,0.679179632892204,9.42281521435023));
#1390=CARTESIAN_POINT('Ctrl Pts',(1.71438434484247,-0.352228442300411,9.00219797506745));
#1391=CARTESIAN_POINT('Ctrl Pts',(0.,-1.13612549852884,8.80675048760337));
#1392=CARTESIAN_POINT('Ctrl Pts',(7.12923336680785,1.08569710352283,10.3913267089947));
#1393=CARTESIAN_POINT('Ctrl Pts',(6.79384081793585,0.950583542783675,10.2050501435636));
#1394=CARTESIAN_POINT('Ctrl Pts',(5.98143465296936,0.671329636589278,9.84809240861921));
#1395=CARTESIAN_POINT('Ctrl Pts',(4.05462717554163,0.0646274845504039,9.26959015456113));
#1396=CARTESIAN_POINT('Ctrl Pts',(1.8563366647043,-0.59238219095757,8.94232092053946));
#1397=CARTESIAN_POINT('Ctrl Pts',(0.,-1.13612549852884,8.80675048760337));
#1398=CARTESIAN_POINT('Ctrl Pts',(7.23004082796702,-0.195811157390801,10.071810813674));
#1399=CARTESIAN_POINT('Ctrl Pts',(6.8896454006092,-0.250037504033103,9.90570169578928));
#1400=CARTESIAN_POINT('Ctrl Pts',(6.08403136458502,-0.342501091490007,9.59531601796606));
#1401=CARTESIAN_POINT('Ctrl Pts',(4.18131533661225,-0.547338871532631,9.11700980519168));
#1402=CARTESIAN_POINT('Ctrl Pts',(1.9416054895435,-0.843165482802135,8.87979362323741));
#1403=CARTESIAN_POINT('Ctrl Pts',(0.,-1.13612549852884,8.80675048760337));
#1404=CARTESIAN_POINT('Ctrl Pts',(7.25,-0.870997788627115,9.90346787936145));
#1405=CARTESIAN_POINT('Ctrl Pts',(6.90662595823276,-0.876720598310822,9.74945205147741));
#1406=CARTESIAN_POINT('Ctrl Pts',(6.1031796210041,-0.872981175671181,9.46305247802905));
#1407=CARTESIAN_POINT('Ctrl Pts',(4.21132233566754,-0.88831761858133,9.03199425517803));
#1408=CARTESIAN_POINT('Ctrl Pts',(1.96442898406367,-0.994820838162913,8.84198169636484));
#1409=CARTESIAN_POINT('Ctrl Pts',(0.,-1.13612549852884,8.80675048760337));
#1410=CARTESIAN_POINT('Ctrl Pts',(7.25,-1.3780473941285,9.77704621387937));
#1411=CARTESIAN_POINT('Ctrl Pts',(6.90352577658375,-1.3422293027478,9.63338769589401));
#1412=CARTESIAN_POINT('Ctrl Pts',(6.09779997808858,-1.27478222087315,9.36287222588852));
#1413=CARTESIAN_POINT('Ctrl Pts',(4.21005074404994,-1.17449501588617,8.96064221624915));
#1414=CARTESIAN_POINT('Ctrl Pts',(1.96613251132744,-1.13612549852884,8.80675048760337));
#1415=CARTESIAN_POINT('Ctrl Pts',(0.,-1.13612549852884,8.80675048760337));
#1416=CARTESIAN_POINT('',(5.21157663855743,4.61429088347669,11.2711039489954));
#1417=CARTESIAN_POINT('Ctrl Pts',(-1.49880108324396E-15,5.4476376299851,
11.4788806289782));
#1418=CARTESIAN_POINT('Ctrl Pts',(0.603198474896799,5.4476376299851,11.4788806289782));
#1419=CARTESIAN_POINT('Ctrl Pts',(1.8095954246904,5.41741123697757,11.4713443427765));
#1420=CARTESIAN_POINT('Ctrl Pts',(3.00016097345979,5.3234301064483,11.4479122151967));
#1421=CARTESIAN_POINT('Ctrl Pts',(4.00491631438011,5.14214286669094,11.402712229767));
#1422=CARTESIAN_POINT('Ctrl Pts',(4.81678578116911,4.82961577888673,11.3247904751304));
#1423=CARTESIAN_POINT('Ctrl Pts',(5.18669704290526,4.62815135949388,11.2745597537992));
#1424=CARTESIAN_POINT('Ctrl Pts',(5.21157663855743,4.61429088347669,11.2711039489954));
#1425=CARTESIAN_POINT('',(7.25,-1.3780473941285,9.77704621387937));
#1426=CARTESIAN_POINT('Ctrl Pts',(7.25,-1.3780473941285,9.77704621387937));
#1427=CARTESIAN_POINT('Ctrl Pts',(7.10448082616517,-1.36300379574861,9.71670963632552));
#1428=CARTESIAN_POINT('Ctrl Pts',(6.7966458517167,-1.33354050762913,9.59853884209662));
#1429=CARTESIAN_POINT('Ctrl Pts',(6.28452469544956,-1.29121651442903,9.42878657713858));
#1430=CARTESIAN_POINT('Ctrl Pts',(5.49395866024335,-1.23878643185154,9.21850100159306));
#1431=CARTESIAN_POINT('Ctrl Pts',(4.23834144504421,-1.18318172804711,8.99548271575934));
#1432=CARTESIAN_POINT('Ctrl Pts',(2.88512090423283,-1.15165137802585,8.86902138906636));
#1433=CARTESIAN_POINT('Ctrl Pts',(1.57551732544528,-1.13894977153541,8.81807802792926));
#1434=CARTESIAN_POINT('Ctrl Pts',(0.550517103171684,-1.13612549852884,8.80675048760337));
#1435=CARTESIAN_POINT('Ctrl Pts',(7.57782398556517E-18,-1.13612549852884,
8.80675048760337));
#1436=CARTESIAN_POINT('',(6.6980321377481,2.85718516109317,10.8330082884492));
#1437=CARTESIAN_POINT('Ctrl Pts',(6.6980321377481,2.85718516109317,10.8330082884492));
#1438=CARTESIAN_POINT('Ctrl Pts',(6.8016095016682,2.59077144902061,10.7665838896881));
#1439=CARTESIAN_POINT('Ctrl Pts',(7.01711913986141,1.89100664997692,10.5921129298826));
#1440=CARTESIAN_POINT('Ctrl Pts',(7.14967197102615,1.07337102694225,10.3882534729379));
#1441=CARTESIAN_POINT('Ctrl Pts',(7.22282973315542,0.151049408486881,10.1582928658294));
#1442=CARTESIAN_POINT('Ctrl Pts',(7.25,-0.810151835966951,9.9186384792193));
#1443=CARTESIAN_POINT('Ctrl Pts',(7.25,-1.3780473941285,9.77704621387937));
#1444=CARTESIAN_POINT('Ctrl Pts',(5.21157663855743,4.61429088347669,11.2711039489954));
#1445=CARTESIAN_POINT('Ctrl Pts',(5.52832224574195,4.43783122740714,11.2271076153652));
#1446=CARTESIAN_POINT('Ctrl Pts',(5.90018680395412,4.1630661174118,11.1586009792391));
#1447=CARTESIAN_POINT('Ctrl Pts',(6.20735825087659,3.83022132689983,11.075613452364));
#1448=CARTESIAN_POINT('Ctrl Pts',(6.45522902729892,3.43460930040027,10.9769762958961));
#1449=CARTESIAN_POINT('Ctrl Pts',(6.65205375674415,2.97544720884908,10.8624943286283));
#1450=CARTESIAN_POINT('Ctrl Pts',(6.6980321377481,2.85718516109317,10.8330082884492));
#1451=CARTESIAN_POINT('Ctrl Pts',(7.25,-1.3780473941285,9.77704621387937));
#1452=CARTESIAN_POINT('Ctrl Pts',(6.90352577658375,-1.3422293027478,9.63338769589401));
#1453=CARTESIAN_POINT('Ctrl Pts',(6.09781496299682,-1.27478166426057,9.3628699934374));
#1454=CARTESIAN_POINT('Ctrl Pts',(4.21012511990165,-1.17449225320429,8.96063113573733));
#1455=CARTESIAN_POINT('Ctrl Pts',(1.96613251132744,-1.13612549852884,8.80675048760337));
#1456=CARTESIAN_POINT('Ctrl Pts',(0.,-1.13612549852884,8.80675048760337));
#1457=CARTESIAN_POINT('Ctrl Pts',(7.25,-1.58608457201027,9.72517671980097));
#1458=CARTESIAN_POINT('Ctrl Pts',(6.90225380430691,-1.53322268110712,9.5857676983114));
#1459=CARTESIAN_POINT('Ctrl Pts',(6.09558954391744,-1.43940652209121,9.32182440641614));
#1460=CARTESIAN_POINT('Ctrl Pts',(4.20957654475531,-1.29252849917775,8.93120139426566));
#1461=CARTESIAN_POINT('Ctrl Pts',(1.96675220525058,-1.19468275041788,8.79215052493789));
#1462=CARTESIAN_POINT('Ctrl Pts',(0.,-1.13612549852884,8.80675048760337));
#1463=CARTESIAN_POINT('Ctrl Pts',(7.24538482138279,-2.17058096088929,9.57944540249272));
#1464=CARTESIAN_POINT('Ctrl Pts',(6.89810834494082,-2.08512994821259,9.44816176164935));
#1465=CARTESIAN_POINT('Ctrl Pts',(6.09147390192982,-1.91688625692147,9.2027753377328));
#1466=CARTESIAN_POINT('Ctrl Pts',(4.20295948919503,-1.59487164850189,8.85581878067134));
#1467=CARTESIAN_POINT('Ctrl Pts',(1.96181407172634,-1.32266401780912,8.7602412111379));
#1468=CARTESIAN_POINT('Ctrl Pts',(0.,-1.13612549852884,8.80675048760337));
#1469=CARTESIAN_POINT('Ctrl Pts',(7.17972904285105,-3.36348614173665,9.28202073617077));
#1470=CARTESIAN_POINT('Ctrl Pts',(6.84140325997581,-3.23364687818745,9.16180432926713));
#1471=CARTESIAN_POINT('Ctrl Pts',(6.03777191777516,-2.92220151171974,8.95212209302615));
#1472=CARTESIAN_POINT('Ctrl Pts',(4.13755659231015,-2.20416514582112,8.70390484983939));
#1473=CARTESIAN_POINT('Ctrl Pts',(1.91541777427845,-1.55824455040081,8.70150438743808));
#1474=CARTESIAN_POINT('Ctrl Pts',(0.,-1.13612549852884,8.80675048760337));
#1475=CARTESIAN_POINT('Ctrl Pts',(6.98547711439716,-4.838239813599,8.91432334847968));
#1476=CARTESIAN_POINT('Ctrl Pts',(6.66628691830975,-4.66185892775371,8.8057110713122));
#1477=CARTESIAN_POINT('Ctrl Pts',(5.87431224255217,-4.19040300579068,8.63592394730668));
#1478=CARTESIAN_POINT('Ctrl Pts',(3.96960914826699,-2.99799043481724,8.50598197592757));
#1479=CARTESIAN_POINT('Ctrl Pts',(1.80776901449843,-1.87500759672385,8.62252648972384));
#1480=CARTESIAN_POINT('Ctrl Pts',(0.,-1.13612549852884,8.80675048760338));
#1481=CARTESIAN_POINT('Ctrl Pts',(6.63097687305043,-5.8832441678126,8.65377449988118));
#1482=CARTESIAN_POINT('Ctrl Pts',(6.33650906004717,-5.67258975252553,8.55370757335979));
#1483=CARTESIAN_POINT('Ctrl Pts',(5.57362726851754,-5.11161965802853,8.40623883921833));
#1484=CARTESIAN_POINT('Ctrl Pts',(3.71267409619027,-3.63928076543405,8.34609033855223));
#1485=CARTESIAN_POINT('Ctrl Pts',(1.66229947150776,-2.16435031819947,8.55038524684111));
#1486=CARTESIAN_POINT('Ctrl Pts',(0.,-1.13612549852884,8.80675048760337));
#1487=CARTESIAN_POINT('Ctrl Pts',(6.31305622691069,-6.36882012508917,8.53270681622474));
#1488=CARTESIAN_POINT('Ctrl Pts',(6.03871270006679,-6.13831364463821,8.43758956546298));
#1489=CARTESIAN_POINT('Ctrl Pts',(5.30532558714778,-5.54145812854442,8.29906807181942));
#1490=CARTESIAN_POINT('Ctrl Pts',(3.49817994828319,-3.9642345632556,8.26507025712507));
#1491=CARTESIAN_POINT('Ctrl Pts',(1.54680536884607,-2.32379050594231,8.51063234325825));
#1492=CARTESIAN_POINT('Ctrl Pts',(0.,-1.13612549852884,8.80675048760338));
#1493=CARTESIAN_POINT('Ctrl Pts',(5.81859402813275,-7.04323020828533,8.36455749708414));
#1494=CARTESIAN_POINT('Ctrl Pts',(5.57622394182904,-6.78359543265016,8.27670274598687));
#1495=CARTESIAN_POINT('Ctrl Pts',(4.88861407269343,-6.13593396771049,8.1508485981016));
#1496=CARTESIAN_POINT('Ctrl Pts',(3.16392464415493,-4.41151455450306,8.15355083019562));
#1497=CARTESIAN_POINT('Ctrl Pts',(1.36603279505094,-2.54362469601887,8.45582152368981));
#1498=CARTESIAN_POINT('Ctrl Pts',(0.,-1.13612549852884,8.80675048760338));
#1499=CARTESIAN_POINT('Ctrl Pts',(4.67228714202141,-7.81801958620906,8.1713808088623));
#1500=CARTESIAN_POINT('Ctrl Pts',(4.49435827900514,-7.51942066920622,8.09324090931472));
#1501=CARTESIAN_POINT('Ctrl Pts',(3.92918787175953,-6.78326159801792,7.98945169285182));
#1502=CARTESIAN_POINT('Ctrl Pts',(2.45877567620445,-4.84137851549124,8.04637370730816));
#1503=CARTESIAN_POINT('Ctrl Pts',(1.01386209038315,-2.73280577756877,8.40865338245126));
#1504=CARTESIAN_POINT('Ctrl Pts',(0.,-1.13612549852884,8.80675048760337));
#1505=CARTESIAN_POINT('Ctrl Pts',(2.50174121702447,-8.12244053754388,8.09548014104237));
#1506=CARTESIAN_POINT('Ctrl Pts',(2.41112997880162,-7.80192429155887,8.02280484535757));
#1507=CARTESIAN_POINT('Ctrl Pts',(2.10427104295038,-7.0118441433649,7.93245966333564));
#1508=CARTESIAN_POINT('Ctrl Pts',(1.29377164545019,-4.95714357723567,8.0175102356644));
#1509=CARTESIAN_POINT('Ctrl Pts',(0.519461751456875,-2.77009375909063,8.39935644448836));
#1510=CARTESIAN_POINT('Ctrl Pts',(0.,-1.13612549852884,8.80675048760337));
#1511=CARTESIAN_POINT('Ctrl Pts',(0.294688260147637,-8.21993416016627,8.07117225082398));
#1512=CARTESIAN_POINT('Ctrl Pts',(0.284437364148821,-7.89211213826942,8.0003184896565));
#1513=CARTESIAN_POINT('Ctrl Pts',(0.247596626197088,-7.08125645193175,7.91515323106793));
#1514=CARTESIAN_POINT('Ctrl Pts',(0.149752584693693,-4.98381691925928,8.0108598245685));
#1515=CARTESIAN_POINT('Ctrl Pts',(0.0584826346925139,-2.77406268707427,
8.39836687960077));
#1516=CARTESIAN_POINT('Ctrl Pts',(0.,-1.13612549852884,8.80675048760337));
#1517=CARTESIAN_POINT('Ctrl Pts',(-2.01491623162157,-8.18903542964752,8.07887616959461));
#1518=CARTESIAN_POINT('Ctrl Pts',(-1.9437089150548,-7.86364866723818,8.0074152300427));
#1519=CARTESIAN_POINT('Ctrl Pts',(-1.69564441458208,-7.05330471398469,7.92212238206627));
#1520=CARTESIAN_POINT('Ctrl Pts',(-1.03498560572022,-4.95514161108281,8.01800938188705));
#1521=CARTESIAN_POINT('Ctrl Pts',(-0.410918137098028,-2.75635275166052,
8.40278246242796));
#1522=CARTESIAN_POINT('Ctrl Pts',(0.,-1.13612549852884,8.80675048760337));
#1523=CARTESIAN_POINT('Ctrl Pts',(-4.43507647168303,-7.85167479931113,8.1629896217943));
#1524=CARTESIAN_POINT('Ctrl Pts',(-4.26684957156099,-7.55064062595931,8.08545689984862));
#1525=CARTESIAN_POINT('Ctrl Pts',(-3.7298466352891,-6.79391435646745,7.98679566186283));
#1526=CARTESIAN_POINT('Ctrl Pts',(-2.33242534681938,-4.80605522436827,8.05518079293769));
#1527=CARTESIAN_POINT('Ctrl Pts',(-0.960144878720882,-2.69826207088234,
8.41726609585018));
#1528=CARTESIAN_POINT('Ctrl Pts',(0.,-1.13612549852884,8.80675048760337));
#1529=CARTESIAN_POINT('Ctrl Pts',(-5.67359002834411,-7.14084514972457,8.34021935868743));
#1530=CARTESIAN_POINT('Ctrl Pts',(-5.43927509885795,-6.87633985912346,8.25357896335944));
#1531=CARTESIAN_POINT('Ctrl Pts',(-4.76754028610667,-6.21060750492525,8.1322303942026));
#1532=CARTESIAN_POINT('Ctrl Pts',(-3.07608588723894,-4.44378523159353,8.14550484672624));
#1533=CARTESIAN_POINT('Ctrl Pts',(-1.32259689641826,-2.54971599394229,8.45430279254383));
#1534=CARTESIAN_POINT('Ctrl Pts',(0.,-1.13612549852883,8.80675048760336));
#1535=CARTESIAN_POINT('Ctrl Pts',(-6.12937150965911,-6.61998740618339,8.47008377964996));
#1536=CARTESIAN_POINT('Ctrl Pts',(-5.86695298157636,-6.37861707447602,8.37767519122514));
#1537=CARTESIAN_POINT('Ctrl Pts',(-5.15058745542549,-5.76573236614,8.24315022407052));
#1538=CARTESIAN_POINT('Ctrl Pts',(-3.37317417974007,-4.14032202340882,8.22116672235932));
#1539=CARTESIAN_POINT('Ctrl Pts',(-1.47907057383279,-2.41327703365649,8.48832084602189));
#1540=CARTESIAN_POINT('Ctrl Pts',(0.,-1.13612549852884,8.80675048760337));
#1541=CARTESIAN_POINT('Ctrl Pts',(-6.39433370969182,-6.25866037410739,8.56017272693072));
#1542=CARTESIAN_POINT('Ctrl Pts',(-6.11474800565475,-6.03292960280005,8.46386475814602));
#1543=CARTESIAN_POINT('Ctrl Pts',(-5.37341208695698,-5.45453386359229,8.32074072519854));
#1544=CARTESIAN_POINT('Ctrl Pts',(-3.55232619909014,-3.92303362539065,8.2753428046782));
#1545=CARTESIAN_POINT('Ctrl Pts',(-1.57579344853932,-2.31381230939619,8.51312018707506));
#1546=CARTESIAN_POINT('Ctrl Pts',(0.,-1.13612549852884,8.80675048760337));
#1547=CARTESIAN_POINT('Ctrl Pts',(-6.69857832593417,-5.71916135267439,8.69468494048046));
#1548=CARTESIAN_POINT('Ctrl Pts',(-6.3997127696808,-5.51403188520107,8.59324048975486));
#1549=CARTESIAN_POINT('Ctrl Pts',(-5.63046664617782,-4.98530672971079,8.43773218936905));
#1550=CARTESIAN_POINT('Ctrl Pts',(-3.75810461695277,-3.59784703956646,8.35642092667314));
#1551=CARTESIAN_POINT('Ctrl Pts',(-1.68684906217938,-2.16663741311565,8.54981501003334));
#1552=CARTESIAN_POINT('Ctrl Pts',(0.,-1.13612549852884,8.80675048760337));
#1553=CARTESIAN_POINT('Ctrl Pts',(-7.01188373918226,-4.62577132265407,8.96729769299408));
#1554=CARTESIAN_POINT('Ctrl Pts',(-6.68995988925669,-4.45603924241064,8.85702768240459));
#1555=CARTESIAN_POINT('Ctrl Pts',(-5.89591228770718,-4.0282737330458,8.67634731508258));
#1556=CARTESIAN_POINT('Ctrl Pts',(-3.99123700779797,-2.95044941845363,8.51783528259064));
#1557=CARTESIAN_POINT('Ctrl Pts',(-1.82156367277347,-1.88345010151014,8.62042153686647));
#1558=CARTESIAN_POINT('Ctrl Pts',(0.,-1.13612549852884,8.80675048760337));
#1559=CARTESIAN_POINT('Ctrl Pts',(-7.18036427058449,-3.36427194767261,9.28182481274612));
#1560=CARTESIAN_POINT('Ctrl Pts',(-6.84203848840494,-3.23443268611171,9.16160840534675));
#1561=CARTESIAN_POINT('Ctrl Pts',(-6.03809089850866,-2.93309223395776,8.94940673100102));
#1562=CARTESIAN_POINT('Ctrl Pts',(-4.13670131390315,-2.23746951582774,8.69560113777969));
#1563=CARTESIAN_POINT('Ctrl Pts',(-1.91464640832466,-1.58494391066384,8.6948474892665));
#1564=CARTESIAN_POINT('Ctrl Pts',(0.,-1.13612549852884,8.80675048760337));
#1565=CARTESIAN_POINT('Ctrl Pts',(-7.24510023941807,-2.17019577091854,9.57954144113884));
#1566=CARTESIAN_POINT('Ctrl Pts',(-6.89782376316875,-2.08474475946652,9.44825779999013));
#1567=CARTESIAN_POINT('Ctrl Pts',(-6.0911241843799,-1.91719600622098,9.20269810855858));
#1568=CARTESIAN_POINT('Ctrl Pts',(-4.20290424538098,-1.597100687405,8.85526301885337));
#1569=CARTESIAN_POINT('Ctrl Pts',(-1.96175138198064,-1.32457253014647,8.75976536556842));
#1570=CARTESIAN_POINT('Ctrl Pts',(0.,-1.13612549852884,8.80675048760337));
#1571=CARTESIAN_POINT('Ctrl Pts',(-7.25,-1.58608456789254,9.72517672082764));
#1572=CARTESIAN_POINT('Ctrl Pts',(-6.9022538043376,-1.53322267744653,9.58576769922409));
#1573=CARTESIAN_POINT('Ctrl Pts',(-6.09566724403425,-1.43944518777803,9.32181476597767));
#1574=CARTESIAN_POINT('Ctrl Pts',(-4.20949126148592,-1.29227889756613,8.93126362693699));
#1575=CARTESIAN_POINT('Ctrl Pts',(-1.96676648594875,-1.19432405734696,8.7922399571649));
#1576=CARTESIAN_POINT('Ctrl Pts',(0.,-1.13612549852884,8.80675048760337));
#1577=CARTESIAN_POINT('Ctrl Pts',(-7.25,-1.37804739412851,9.77704621387937));
#1578=CARTESIAN_POINT('Ctrl Pts',(-6.90352577658376,-1.3422293027478,9.63338769589401));
#1579=CARTESIAN_POINT('Ctrl Pts',(-6.09781496299683,-1.27478166426058,9.3628699934374));
#1580=CARTESIAN_POINT('Ctrl Pts',(-4.21012511990166,-1.17449225320429,8.96063113573733));
#1581=CARTESIAN_POINT('Ctrl Pts',(-1.96613251132744,-1.13612549852884,8.80675048760337));
#1582=CARTESIAN_POINT('Ctrl Pts',(0.,-1.13612549852884,8.80675048760337));
#1583=CARTESIAN_POINT('',(6.23249255303635,-6.47947109312975,8.50511843135052));
#1584=CARTESIAN_POINT('Ctrl Pts',(7.25,-1.3780473941285,9.77704621387937));
#1585=CARTESIAN_POINT('Ctrl Pts',(7.24999999999999,-1.94594295229006,9.63545394853943));
#1586=CARTESIAN_POINT('Ctrl Pts',(7.21789460283341,-3.08173406861316,9.35226941785957));
#1587=CARTESIAN_POINT('Ctrl Pts',(7.11204407252398,-4.27029701881183,9.05592739123314));
#1588=CARTESIAN_POINT('Ctrl Pts',(6.9019239453497,-5.26216235459595,8.8086275879727));
#1589=CARTESIAN_POINT('Ctrl Pts',(6.53189617891352,-6.04938757354204,8.61235029634508));
#1590=CARTESIAN_POINT('Ctrl Pts',(6.27624337316479,-6.41983845635914,8.5199865175808));
#1591=CARTESIAN_POINT('Ctrl Pts',(6.23249255303635,-6.47947109312975,8.50511843135052));
#1592=CARTESIAN_POINT('',(-6.2324925106335,-6.47947105537284,8.50511844076437));
#1593=CARTESIAN_POINT('Ctrl Pts',(-6.2324925106335,-6.47947105537284,8.50511844076437));
#1594=CARTESIAN_POINT('Ctrl Pts',(-6.27624334040649,-6.41983840686507,8.51998652992106));
#1595=CARTESIAN_POINT('Ctrl Pts',(-6.53189615953176,-6.04938750987001,8.61235031222031));
#1596=CARTESIAN_POINT('Ctrl Pts',(-6.90192393801235,-5.2621622767692,8.80862760737709));
#1597=CARTESIAN_POINT('Ctrl Pts',(-7.11204407067577,-4.27029693790414,9.05592741140569));
#1598=CARTESIAN_POINT('Ctrl Pts',(-7.21789460283342,-3.08173400514589,9.35226943368374));
#1599=CARTESIAN_POINT('Ctrl Pts',(-7.25,-1.9459429311343,9.63545395381416));
#1600=CARTESIAN_POINT('Ctrl Pts',(-7.25,-1.37804739412851,9.77704621387937));
#1601=CARTESIAN_POINT('',(-4.58036627776699,-7.65511709744935,8.21199696104294));
#1602=CARTESIAN_POINT('Ctrl Pts',(-4.58036627776699,-7.65511709744935,8.21199696104294));
#1603=CARTESIAN_POINT('Ctrl Pts',(-4.68755996811219,-7.61620513847159,8.22169880206158));
#1604=CARTESIAN_POINT('Ctrl Pts',(-5.10412183721531,-7.45164229919514,8.26272892612058));
#1605=CARTESIAN_POINT('Ctrl Pts',(-5.47011811088289,-7.25066740737088,8.31283759452075));
#1606=CARTESIAN_POINT('Ctrl Pts',(-5.78617675935993,-7.0082923430109,8.37326848525661));
#1607=CARTESIAN_POINT('Ctrl Pts',(-6.05525725180708,-6.72104379690986,8.44488759157559));
#1608=CARTESIAN_POINT('Ctrl Pts',(-6.2324925106335,-6.47947105537284,8.50511844076437));
#1609=CARTESIAN_POINT('',(4.58036630692614,-7.65511712832873,8.21199695334385));
#1610=CARTESIAN_POINT('Ctrl Pts',(4.58036630692614,-7.65511712832873,8.21199695334385));
#1611=CARTESIAN_POINT('Ctrl Pts',(4.28610670953681,-7.76193513893776,8.18536423209102));
#1612=CARTESIAN_POINT('Ctrl Pts',(3.5342992739077,-7.97544492197868,8.13213026429795));
#1613=CARTESIAN_POINT('Ctrl Pts',(2.14063175670109,-8.18127532834067,8.08081098015531));
#1614=CARTESIAN_POINT('Ctrl Pts',(8.97191970716804E-9,-8.25641589887623,
8.06207633177118));
#1615=CARTESIAN_POINT('Ctrl Pts',(-2.14063173875723,-8.18127533289037,8.08081097902094));
#1616=CARTESIAN_POINT('Ctrl Pts',(-3.53429925168419,-7.97544490918537,8.13213026748767));
#1617=CARTESIAN_POINT('Ctrl Pts',(-4.28610668432863,-7.76193511250054,8.18536423868256));
#1618=CARTESIAN_POINT('Ctrl Pts',(-4.58036627776699,-7.65511709744935,8.21199696104294));
#1619=CARTESIAN_POINT('Ctrl Pts',(6.23249255303635,-6.47947109312975,8.50511843135052));
#1620=CARTESIAN_POINT('Ctrl Pts',(6.05525729044473,-6.72104384550424,8.44488757945965));
#1621=CARTESIAN_POINT('Ctrl Pts',(5.78617679705387,-7.00829239311102,8.37326847276525));
#1622=CARTESIAN_POINT('Ctrl Pts',(5.47011814574951,-7.25066745477858,8.31283758270068));
#1623=CARTESIAN_POINT('Ctrl Pts',(5.10412186708925,-7.45164234114369,8.26272891566163));
#1624=CARTESIAN_POINT('Ctrl Pts',(4.68755999075436,-7.61620517385734,8.22169879323893));
#1625=CARTESIAN_POINT('Ctrl Pts',(4.58036630692614,-7.65511712832873,8.21199695334385));
#1626=CARTESIAN_POINT('Origin',(-1.73472347597681E-15,-1.45716771982052E-15,
-0.549999999999998));
#1627=CARTESIAN_POINT('',(7.,-9.,-0.549999999999999));
#1628=CARTESIAN_POINT('',(-7.,-9.,-0.549999999999999));
#1629=CARTESIAN_POINT('',(7.,-9.,-0.549999999999998));
#1630=CARTESIAN_POINT('',(-9.,-7.,-0.549999999999999));
#1631=CARTESIAN_POINT('Origin',(-7.,-7.,-0.549999999999999));
#1632=CARTESIAN_POINT('',(-9.,7.,-0.549999999999998));
#1633=CARTESIAN_POINT('',(-9.,-7.,-0.549999999999999));
#1634=CARTESIAN_POINT('',(-7.,9.,-0.549999999999998));
#1635=CARTESIAN_POINT('Origin',(-7.,7.,-0.549999999999998));
#1636=CARTESIAN_POINT('',(7.,9.,-0.549999999999997));
#1637=CARTESIAN_POINT('',(-7.,9.,-0.549999999999998));
#1638=CARTESIAN_POINT('',(9.,7.,-0.549999999999997));
#1639=CARTESIAN_POINT('Origin',(7.,7.,-0.549999999999997));
#1640=CARTESIAN_POINT('',(9.,-7.,-0.549999999999999));
#1641=CARTESIAN_POINT('',(9.,7.,-0.549999999999997));
#1642=CARTESIAN_POINT('Origin',(7.,-7.,-0.549999999999999));
#1643=CARTESIAN_POINT('Ctrl Pts',(4.58036630692614,-7.65511712832873,8.21199695334385));
#1644=CARTESIAN_POINT('Ctrl Pts',(4.78253436646304,-7.77253497911006,7.70518459851841));
#1645=CARTESIAN_POINT('Ctrl Pts',(5.19451211609399,-8.01009289512433,6.59544503635104));
#1646=CARTESIAN_POINT('Ctrl Pts',(5.80216297728114,-8.35488261794923,4.70953203046622));
#1647=CARTESIAN_POINT('Ctrl Pts',(6.43356583683351,-8.70311808311783,2.30210026801566));
#1648=CARTESIAN_POINT('Ctrl Pts',(6.80511568877458,-8.89908885794984,0.486279521045114));
#1649=CARTESIAN_POINT('Ctrl Pts',(7.,-9.,-0.549999999999998));
#1650=CARTESIAN_POINT('Ctrl Pts',(4.52672040028372,-7.67459091635706,8.20714159266695));
#1651=CARTESIAN_POINT('Ctrl Pts',(4.72579490425073,-7.79063462844939,7.7034425746738));
#1652=CARTESIAN_POINT('Ctrl Pts',(5.13184526689847,-8.02558607749731,6.60053021233964));
#1653=CARTESIAN_POINT('Ctrl Pts',(5.73209303745009,-8.3667806815613,4.72396850166378));
#1654=CARTESIAN_POINT('Ctrl Pts',(6.35748577346251,-8.71065695451281,2.32104905775878));
#1655=CARTESIAN_POINT('Ctrl Pts',(6.72709974721796,-8.90235360315949,0.496883152114956));
#1656=CARTESIAN_POINT('Ctrl Pts',(6.92146018357196,-9.,-0.549999999999998));
#1657=CARTESIAN_POINT('Ctrl Pts',(4.40453094343454,-7.71646745962568,8.19670059776781));
#1658=CARTESIAN_POINT('Ctrl Pts',(4.59628302402718,-7.82995899245062,7.69961150927383));
#1659=CARTESIAN_POINT('Ctrl Pts',(4.98677128565187,-8.05951926458157,6.61066555405382));
#1660=CARTESIAN_POINT('Ctrl Pts',(5.56276608426948,-8.39204112068247,4.75310470913435));
#1661=CARTESIAN_POINT('Ctrl Pts',(6.16249976288796,-8.72555846977055,2.36100157127328));
#1662=CARTESIAN_POINT('Ctrl Pts',(6.51892602640381,-8.9083944190609,0.51956458811116));
#1663=CARTESIAN_POINT('Ctrl Pts',(6.7081563549058,-9.,-0.549999999999998));
#1664=CARTESIAN_POINT('Ctrl Pts',(3.86679798947778,-7.88000408420884,8.15592633776878));
#1665=CARTESIAN_POINT('Ctrl Pts',(4.02702255312885,-7.9839686423967,7.68507755045731));
#1666=CARTESIAN_POINT('Ctrl Pts',(4.34844829421036,-8.19263541004495,6.65087579258529));
#1667=CARTESIAN_POINT('Ctrl Pts',(4.81080175534722,-8.48997083603916,4.86740783584743));
#1668=CARTESIAN_POINT('Ctrl Pts',(5.28404259101268,-8.78193282020366,2.51940290242372));
#1669=CARTESIAN_POINT('Ctrl Pts',(5.57086309663217,-8.93118056277577,0.611970450145579));
#1670=CARTESIAN_POINT('Ctrl Pts',(5.73163424127806,-9.,-0.549999999999998));
#1671=CARTESIAN_POINT('Ctrl Pts',(2.48998178387559,-8.1513974888031,8.08826036221648));
#1672=CARTESIAN_POINT('Ctrl Pts',(2.57850146732606,-8.23704814364768,7.67175439354436));
#1673=CARTESIAN_POINT('Ctrl Pts',(2.74689591812018,-8.40795381389341,6.74761095803009));
#1674=CARTESIAN_POINT('Ctrl Pts',(2.9647418223929,-8.64801375472507,5.10934686999016));
#1675=CARTESIAN_POINT('Ctrl Pts',(3.1682130798852,-8.87990375308003,2.84998250681069));
#1676=CARTESIAN_POINT('Ctrl Pts',(3.29536941294567,-8.97488165160759,0.803730662759268));
#1677=CARTESIAN_POINT('Ctrl Pts',(3.37911505828686,-9.,-0.549999999999998));
#1678=CARTESIAN_POINT('Ctrl Pts',(0.694725693298631,-8.20354525662938,8.07525846341162));
#1679=CARTESIAN_POINT('Ctrl Pts',(0.716458185880348,-8.27854984365579,7.69144163015287));
#1680=CARTESIAN_POINT('Ctrl Pts',(0.760087450429237,-8.43487708279396,6.83112436540494));
#1681=CARTESIAN_POINT('Ctrl Pts',(0.821646789132574,-8.67098531118384,5.27166842305989));
#1682=CARTESIAN_POINT('Ctrl Pts',(0.883566232902836,-8.91421053676659,3.05442860075276));
#1683=CARTESIAN_POINT('Ctrl Pts',(0.917261715137101,-9.0004397455393,0.920545611411358));
#1684=CARTESIAN_POINT('Ctrl Pts',(0.933333333333333,-9.,-0.549999999999998));
#1685=CARTESIAN_POINT('Ctrl Pts',(-0.697407473022743,-8.20454825273948,
8.07500838839463));
#1686=CARTESIAN_POINT('Ctrl Pts',(-0.719139965555649,-8.27955456594048,
7.69120052671972));
#1687=CARTESIAN_POINT('Ctrl Pts',(-0.762577504543254,-8.4358079825037,6.8308901398989));
#1688=CARTESIAN_POINT('Ctrl Pts',(-0.823378095810263,-8.67162856699221,
5.27148483870261));
#1689=CARTESIAN_POINT('Ctrl Pts',(-0.884127852526492,-8.91442972040787,
3.05442370817972));
#1690=CARTESIAN_POINT('Ctrl Pts',(-0.917261713074823,-9.00041034488263,
0.920392805587669));
#1691=CARTESIAN_POINT('Ctrl Pts',(-0.933333331234934,-9.,-0.549999999999998));
#1692=CARTESIAN_POINT('Ctrl Pts',(-2.03454127325288,-8.16026651819471,8.08604906483111));
#1693=CARTESIAN_POINT('Ctrl Pts',(-2.10636415929235,-8.2432524959627,7.67769895373034));
#1694=CARTESIAN_POINT('Ctrl Pts',(-2.2440410534336,-8.41081540580095,6.76945790949315));
#1695=CARTESIAN_POINT('Ctrl Pts',(-2.42469012510934,-8.65107371653853,5.15063867061234));
#1696=CARTESIAN_POINT('Ctrl Pts',(-2.59566363921587,-8.88759087376675,2.90122472688683));
#1697=CARTESIAN_POINT('Ctrl Pts',(-2.70084248547264,-8.98132500512777,0.83321417810934));
#1698=CARTESIAN_POINT('Ctrl Pts',(-2.76766962460309,-9.,-0.549999999999998));
#1699=CARTESIAN_POINT('Ctrl Pts',(-3.82824275072642,-7.91446034287877,8.14733542760916));
#1700=CARTESIAN_POINT('Ctrl Pts',(-3.98420564677017,-8.0169464792571,7.68089284117135));
#1701=CARTESIAN_POINT('Ctrl Pts',(-4.29462341986601,-8.2216549937578,6.65568447248128));
#1702=CARTESIAN_POINT('Ctrl Pts',(-4.73480486242182,-8.51083769825415,4.8846564942003));
#1703=CARTESIAN_POINT('Ctrl Pts',(-5.18026152559941,-8.79258354629583,2.54551093581915));
#1704=CARTESIAN_POINT('Ctrl Pts',(-5.45178968575106,-8.93454096915016,0.626275748239237));
#1705=CARTESIAN_POINT('Ctrl Pts',(-5.60772863573592,-9.,-0.549999999999998));
#1706=CARTESIAN_POINT('Ctrl Pts',(-4.43731052931921,-7.70704720077173,8.19904933209414));
#1707=CARTESIAN_POINT('Ctrl Pts',(-4.6312291090792,-7.82080068349227,7.70053920870099));
#1708=CARTESIAN_POINT('Ctrl Pts',(-5.02740049714715,-8.05140802476824,6.60900551233879));
#1709=CARTESIAN_POINT('Ctrl Pts',(-5.61530978936615,-8.38661077060039,4.74802929252495));
#1710=CARTESIAN_POINT('Ctrl Pts',(-6.23068566013311,-8.72322173108786,2.35263037737337));
#1711=CARTESIAN_POINT('Ctrl Pts',(-6.59707317548276,-8.90779484189044,0.514555871838553));
#1712=CARTESIAN_POINT('Ctrl Pts',(-6.79056048999612,-9.,-0.549999999999998));
#1713=CARTESIAN_POINT('Ctrl Pts',(-4.58036627776699,-7.65511709744936,8.21199696104294));
#1714=CARTESIAN_POINT('Ctrl Pts',(-4.78253433918169,-7.77253495012569,7.70518460609632));
#1715=CARTESIAN_POINT('Ctrl Pts',(-5.19451209282754,-8.01009287023397,6.59544504349653));
#1716=CARTESIAN_POINT('Ctrl Pts',(-5.80216296054768,-8.35488259985057,4.70953203638783));
#1717=CARTESIAN_POINT('Ctrl Pts',(-6.43356582799949,-8.70311807343874,2.30210027163569));
#1718=CARTESIAN_POINT('Ctrl Pts',(-6.80511568559525,-8.89908885445007,0.486279522412756));
#1719=CARTESIAN_POINT('Ctrl Pts',(-7.,-9.,-0.549999999999998));
#1720=CARTESIAN_POINT('Ctrl Pts',(-4.58036627776699,-7.65511709744935,8.21199696104294));
#1721=CARTESIAN_POINT('Ctrl Pts',(-4.78253433916616,-7.77253495011667,7.70518460613526));
#1722=CARTESIAN_POINT('Ctrl Pts',(-5.19451209278992,-8.01009287021232,6.59544504360048));
#1723=CARTESIAN_POINT('Ctrl Pts',(-5.8021629604984,-8.35488259982294,4.70953203655559));
#1724=CARTESIAN_POINT('Ctrl Pts',(-6.43356582797208,-8.70311807342419,2.30210027176625));
#1725=CARTESIAN_POINT('Ctrl Pts',(-6.80511568558342,-8.89908885444395,0.486279522475681));
#1726=CARTESIAN_POINT('Ctrl Pts',(-7.,-9.,-0.549999999999998));
#1727=CARTESIAN_POINT('Ctrl Pts',(4.58036630692614,-7.65511712832873,8.21199695334385));
#1728=CARTESIAN_POINT('Ctrl Pts',(4.78253436646304,-7.77253497911006,7.70518459851841));
#1729=CARTESIAN_POINT('Ctrl Pts',(5.19451211609399,-8.01009289512433,6.59544503635104));
#1730=CARTESIAN_POINT('Ctrl Pts',(5.80216297728115,-8.35488261794923,4.70953203046622));
#1731=CARTESIAN_POINT('Ctrl Pts',(6.43356583683351,-8.70311808311784,2.30210026801566));
#1732=CARTESIAN_POINT('Ctrl Pts',(6.80511568877458,-8.89908885794984,0.486279521045113));
#1733=CARTESIAN_POINT('Ctrl Pts',(7.,-9.,-0.549999999999999));
#1734=CARTESIAN_POINT('Ctrl Pts',(-4.58036627776699,-7.65511709744935,8.21199696104294));
#1735=CARTESIAN_POINT('Ctrl Pts',(-4.77932114070487,-7.77066874602435,7.71323972951966));
#1736=CARTESIAN_POINT('Ctrl Pts',(-4.97004652145496,-7.88065973021779,7.20008527658953));
#1737=CARTESIAN_POINT('Ctrl Pts',(-5.35592918575488,-8.10165874702865,6.09338005954612));
#1738=CARTESIAN_POINT('Ctrl Pts',(-5.55499285179264,-8.21463477088481,5.47665234812325));
#1739=CARTESIAN_POINT('Ctrl Pts',(-5.9580022172985,-8.44079679173933,4.11376754734351));
#1740=CARTESIAN_POINT('Ctrl Pts',(-6.16395700712916,-8.55442163846981,3.33007285915984));
#1741=CARTESIAN_POINT('Ctrl Pts',(-6.59121559120035,-8.78626908692759,1.5316418653736));
#1742=CARTESIAN_POINT('Ctrl Pts',(-6.80511568558342,-8.89908885444395,0.48627952247568));
#1743=CARTESIAN_POINT('Ctrl Pts',(-7.,-9.,-0.549999999999999));
#1744=CARTESIAN_POINT('Ctrl Pts',(-4.98909698807725,-7.50674537350436,8.24899018665255));
#1745=CARTESIAN_POINT('Ctrl Pts',(-5.211247184955,-7.63260024940452,7.72688930259586));
#1746=CARTESIAN_POINT('Ctrl Pts',(-5.42290228446189,-7.75179639051437,7.18968234783859));
#1747=CARTESIAN_POINT('Ctrl Pts',(-5.84832963286382,-7.99088342395137,6.03573340075697));
#1748=CARTESIAN_POINT('Ctrl Pts',(-6.06591577121252,-8.11284104366254,5.39564124875879));
#1749=CARTESIAN_POINT('Ctrl Pts',(-6.5031252898343,-8.35835901166292,3.99542956525381));
#1750=CARTESIAN_POINT('Ctrl Pts',(-6.72406170903954,-8.48280072125775,3.20038119376413));
#1751=CARTESIAN_POINT('Ctrl Pts',(-7.177131494086,-8.7426473993425,1.41424824370018));
#1752=CARTESIAN_POINT('Ctrl Pts',(-7.3995228580012,-8.87421460458489,0.405489952591962));
#1753=CARTESIAN_POINT('Ctrl Pts',(-7.59839860068377,-9.,-0.549999999999999));
#1754=CARTESIAN_POINT('Ctrl Pts',(-5.60733988681467,-7.17975052876291,8.33051915823195));
#1755=CARTESIAN_POINT('Ctrl Pts',(-5.85799868489002,-7.28520418509281,7.76946367256083));
#1756=CARTESIAN_POINT('Ctrl Pts',(-6.09652169085338,-7.38456329980511,7.19236905177224));
#1757=CARTESIAN_POINT('Ctrl Pts',(-6.5767571348032,-7.58428018124421,5.96037930154478));
#1758=CARTESIAN_POINT('Ctrl Pts',(-6.82289721514092,-7.68643872757995,5.28188109851163));
#1759=CARTESIAN_POINT('Ctrl Pts',(-7.32082557095136,-7.89471163827355,3.81978491578151));
#1760=CARTESIAN_POINT('Ctrl Pts',(-7.57513401646183,-8.00234894923781,3.00541221974325));
#1761=CARTESIAN_POINT('Ctrl Pts',(-8.10784121119974,-8.23701318772271,1.23526651434821));
#1762=CARTESIAN_POINT('Ctrl Pts',(-8.37896271974616,-8.36419804055238,0.282103291111726));
#1763=CARTESIAN_POINT('Ctrl Pts',(-8.63464016089707,-8.4979419149951,-0.549999999999999));
#1764=CARTESIAN_POINT('Ctrl Pts',(-6.06374846628795,-6.70947021965043,8.44777320847944));
#1765=CARTESIAN_POINT('Ctrl Pts',(-6.3091530403597,-6.78199880218436,7.90776849115849));
#1766=CARTESIAN_POINT('Ctrl Pts',(-6.54188168877598,-6.84783961884486,7.35150218935235));
#1767=CARTESIAN_POINT('Ctrl Pts',(-7.00944697003131,-6.975543488557,6.15770089211314));
#1768=CARTESIAN_POINT('Ctrl Pts',(-7.24839707392569,-7.03772702402328,5.49617985516368));
#1769=CARTESIAN_POINT('Ctrl Pts',(-7.73031298113644,-7.15759290689147,4.05343727360599));
#1770=CARTESIAN_POINT('Ctrl Pts',(-7.9753964099275,-7.21437038394922,3.23739432770342));
#1771=CARTESIAN_POINT('Ctrl Pts',(-8.48893286441522,-7.33067997525086,1.41711855314211));
#1772=CARTESIAN_POINT('Ctrl Pts',(-8.75048181036527,-7.38780493135399,0.399257819970936));
#1773=CARTESIAN_POINT('Ctrl Pts',(-9.,-7.44879895051283,-0.549999999999999));
#1774=CARTESIAN_POINT('Ctrl Pts',(-6.23249251063351,-6.47947105537284,8.50511844076437));
#1775=CARTESIAN_POINT('Ctrl Pts',(-6.46770586003475,-6.54312819259608,7.9929656597016));
#1776=CARTESIAN_POINT('Ctrl Pts',(-6.6915835770247,-6.60063828180503,7.46462138131788));
#1777=CARTESIAN_POINT('Ctrl Pts',(-7.14177813193698,-6.71034492110498,6.32346769190665));
#1778=CARTESIAN_POINT('Ctrl Pts',(-7.37211124965367,-6.76246212787905,5.68645747237578));
#1779=CARTESIAN_POINT('Ctrl Pts',(-7.83449160303218,-6.85725603700956,4.2773691402672));
#1780=CARTESIAN_POINT('Ctrl Pts',(-8.06795264808018,-6.89759967687518,3.46620205764764));
#1781=CARTESIAN_POINT('Ctrl Pts',(-8.54823840197142,-6.96605286929054,1.60461816529457));
#1782=CARTESIAN_POINT('Ctrl Pts',(-8.78536832059119,-6.9875511925974,0.522445613903364));
#1783=CARTESIAN_POINT('Ctrl Pts',(-9.,-7.,-0.549999999999999));
#1784=CARTESIAN_POINT('Ctrl Pts',(-6.23249251063351,-6.47947105537284,8.50511844076437));
#1785=CARTESIAN_POINT('Ctrl Pts',(-6.46770586003475,-6.54312819259608,7.99296565970159));
#1786=CARTESIAN_POINT('Ctrl Pts',(-6.94603558775246,-6.66600234765805,6.86412274394223));
#1787=CARTESIAN_POINT('Ctrl Pts',(-7.64643272363697,-6.82466694236522,4.92957524163625));
#1788=CARTESIAN_POINT('Ctrl Pts',(-8.36723660738358,-6.94957647103505,2.42975873532778));
#1789=CARTESIAN_POINT('Ctrl Pts',(-8.7827233758905,-6.98739778370985,0.53566155365223));
#1790=CARTESIAN_POINT('Ctrl Pts',(-9.,-7.,-0.549999999999999));
#1791=CARTESIAN_POINT('Ctrl Pts',(-6.2324925106335,-6.47947105537284,8.50511844076437));
#1792=CARTESIAN_POINT('Ctrl Pts',(-6.4202671077485,-6.53028957109916,8.09625864445522));
#1793=CARTESIAN_POINT('Ctrl Pts',(-6.64359043527547,-6.58830972181914,7.57788366657698));
#1794=CARTESIAN_POINT('Ctrl Pts',(-6.87244083704302,-6.64475630376854,7.00678611437758));
#1795=CARTESIAN_POINT('Ctrl Pts',(-7.03723779657412,-6.68474872839185,6.58685264483645));
#1796=CARTESIAN_POINT('Ctrl Pts',(-7.27003407041405,-6.73923081753524,5.96698001015489));
#1797=CARTESIAN_POINT('Ctrl Pts',(-7.493494074847,-6.78756043428268,5.31937547480444));
#1798=CARTESIAN_POINT('Ctrl Pts',(-7.63328922992674,-6.81593668400871,4.88959452034271));
#1799=CARTESIAN_POINT('Ctrl Pts',(-7.80926491385562,-6.85087571530856,4.33822127836372));
#1800=CARTESIAN_POINT('Ctrl Pts',(-8.02378494919755,-6.88938921015806,3.61200095968421));
#1801=CARTESIAN_POINT('Ctrl Pts',(-8.22179743887729,-6.91965842633876,2.87164918997656));
#1802=CARTESIAN_POINT('Ctrl Pts',(-8.39031162243054,-6.94333752780207,2.21400105342091));
#1803=CARTESIAN_POINT('Ctrl Pts',(-8.5970313525161,-6.96866405354608,1.35791615383587));
#1804=CARTESIAN_POINT('Ctrl Pts',(-8.81978329290744,-6.98856407017086,0.337448060864747));
#1805=CARTESIAN_POINT('Ctrl Pts',(-8.95557594348995,-6.99742336953678,-0.328027247947592));
#1806=CARTESIAN_POINT('Ctrl Pts',(-9.,-7.,-0.549999999999999));
#1807=CARTESIAN_POINT('Ctrl Pts',(-6.26477010070053,-6.43547650274076,8.5160875147081));
#1808=CARTESIAN_POINT('Ctrl Pts',(-6.45098846740958,-6.48494032230606,8.11148079214337));
#1809=CARTESIAN_POINT('Ctrl Pts',(-6.67258855175798,-6.54136631894721,7.59837630581313));
#1810=CARTESIAN_POINT('Ctrl Pts',(-6.89974056100471,-6.59609014334521,7.03247446577476));
#1811=CARTESIAN_POINT('Ctrl Pts',(-7.06332351585047,-6.63481572887856,6.61620861063447));
#1812=CARTESIAN_POINT('Ctrl Pts',(-7.29442289888744,-6.68741837593467,6.00125809454832));
#1813=CARTESIAN_POINT('Ctrl Pts',(-7.51618660624617,-6.73366860092158,5.35752651477935));
#1814=CARTESIAN_POINT('Ctrl Pts',(-7.65483964101354,-6.76056805324504,4.92960602805477));
#1815=CARTESIAN_POINT('Ctrl Pts',(-7.82933892676506,-6.793568811882,4.38031641162183));
#1816=CARTESIAN_POINT('Ctrl Pts',(-8.04183881394115,-6.82928479149823,3.6552008878901));
#1817=CARTESIAN_POINT('Ctrl Pts',(-8.23748061530222,-6.8561582458478,2.91297389319723));
#1818=CARTESIAN_POINT('Ctrl Pts',(-8.40372163932102,-6.87656298879455,2.25232483035658));
#1819=CARTESIAN_POINT('Ctrl Pts',(-8.60716737128453,-6.89715267997392,1.38990844629334));
#1820=CARTESIAN_POINT('Ctrl Pts',(-8.82504343305681,-6.91007677638405,0.355489978116579));
#1821=CARTESIAN_POINT('Ctrl Pts',(-8.95695713711509,-6.91349845250231,-0.323150113646313));
#1822=CARTESIAN_POINT('Ctrl Pts',(-9.,-6.91415312698384,-0.549999999999999));
#1823=CARTESIAN_POINT('Ctrl Pts',(-6.34425373657668,-6.32506449618133,8.54361631979348));
#1824=CARTESIAN_POINT('Ctrl Pts',(-6.52729892581011,-6.37115131701031,8.1471457412397));
#1825=CARTESIAN_POINT('Ctrl Pts',(-6.74485595251139,-6.42252758286766,7.64399671227346));
#1826=CARTESIAN_POINT('Ctrl Pts',(-6.96751623761468,-6.47078519590496,7.08797073082118));
#1827=CARTESIAN_POINT('Ctrl Pts',(-7.12778599115128,-6.50457077873392,6.6786953263714));
#1828=CARTESIAN_POINT('Ctrl Pts',(-7.35396609804635,-6.54933519489173,6.07319552710421));
#1829=CARTESIAN_POINT('Ctrl Pts',(-7.57056498422738,-6.58648573301401,5.43714643565364));
#1830=CARTESIAN_POINT('Ctrl Pts',(-7.70577437382976,-6.60699123038122,5.01303498315369));
#1831=CARTESIAN_POINT('Ctrl Pts',(-7.87584618288915,-6.63164662915257,4.46807613346357));
#1832=CARTESIAN_POINT('Ctrl Pts',(-8.08245287239887,-6.6556342440496,3.74563982042871));
#1833=CARTESIAN_POINT('Ctrl Pts',(-8.27179270171145,-6.66951056066476,3.00009691342224));
#1834=CARTESIAN_POINT('Ctrl Pts',(-8.43226258766521,-6.67794539127371,2.33367443629925));
#1835=CARTESIAN_POINT('Ctrl Pts',(-8.62786330922129,-6.6821973027604,1.4585542604586));
#1836=CARTESIAN_POINT('Ctrl Pts',(-8.83527976933867,-6.67384450694209,0.394628571462135));
#1837=CARTESIAN_POINT('Ctrl Pts',(-8.95958443742972,-6.66240945516798,-0.312550542666203));
#1838=CARTESIAN_POINT('Ctrl Pts',(-9.00000000000001,-6.65800860875947,-0.549999999999999));
#1839=CARTESIAN_POINT('Ctrl Pts',(-6.55121559417629,-5.96831239611513,8.63256460841309));
#1840=CARTESIAN_POINT('Ctrl Pts',(-6.7260053823776,-6.004217693139,8.25650544274572));
#1841=CARTESIAN_POINT('Ctrl Pts',(-6.93282493650936,-6.04001527197028,7.7779848002686));
#1842=CARTESIAN_POINT('Ctrl Pts',(-7.14342551430555,-6.0681456555003,7.24626712363359));
#1843=CARTESIAN_POINT('Ctrl Pts',(-7.29477893897899,-6.08653258240646,6.85417633291083));
#1844=CARTESIAN_POINT('Ctrl Pts',(-7.50767298623011,-6.10681612774638,6.27185551745635));
#1845=CARTESIAN_POINT('Ctrl Pts',(-7.71039142631342,-6.11562829564354,5.65468145752378));
#1846=CARTESIAN_POINT('Ctrl Pts',(-7.83642924030694,-6.11631855774165,5.23990124514056));
#1847=CARTESIAN_POINT('Ctrl Pts',(-7.99474480186209,-6.11515347053314,4.70553170492794));
#1848=CARTESIAN_POINT('Ctrl Pts',(-8.18589614267616,-6.10309006094595,3.98950733294614));
#1849=CARTESIAN_POINT('Ctrl Pts',(-8.35897783903731,-6.07750381768775,3.23484864481168));
#1850=CARTESIAN_POINT('Ctrl Pts',(-8.50464303077247,-6.04979969432061,2.55285162095393));
#1851=CARTESIAN_POINT('Ctrl Pts',(-8.680252266142,-6.00508554845694,1.64368329248574));
#1852=CARTESIAN_POINT('Ctrl Pts',(-8.8611607307782,-5.93389465880091,0.500326848165465));
#1853=CARTESIAN_POINT('Ctrl Pts',(-8.9662172125501,-5.87918986308193,-0.283937632800386));
#1854=CARTESIAN_POINT('Ctrl Pts',(-9.00000000000001,-5.86014533927677,-0.549999999999999));
#1855=CARTESIAN_POINT('Ctrl Pts',(-6.82170220033484,-5.37119786878143,8.78144198098186));
#1856=CARTESIAN_POINT('Ctrl Pts',(-6.98499795547464,-5.39118576113657,8.43302479015957));
#1857=CARTESIAN_POINT('Ctrl Pts',(-7.17712154963063,-5.40298201458018,7.98736051769993));
#1858=CARTESIAN_POINT('Ctrl Pts',(-7.37152844873715,-5.40048558930014,7.48777440977767));
#1859=CARTESIAN_POINT('Ctrl Pts',(-7.51096993806436,-5.39550816948813,7.118337309248));
#1860=CARTESIAN_POINT('Ctrl Pts',(-7.70629840516091,-5.37884070341161,6.56639547049704));
#1861=CARTESIAN_POINT('Ctrl Pts',(-7.89103633516415,-5.34521855693701,5.97375235403139));
#1862=CARTESIAN_POINT('Ctrl Pts',(-8.0053390678667,-5.31635536316936,5.57092577731129));
#1863=CARTESIAN_POINT('Ctrl Pts',(-8.14866673762823,-5.27672385346482,5.05001870354073));
#1864=CARTESIAN_POINT('Ctrl Pts',(-8.3203779115374,-5.2111691690347,4.34150525968448));
#1865=CARTESIAN_POINT('Ctrl Pts',(-8.47302832094537,-5.12716882772181,3.57279197588774));
#1866=CARTESIAN_POINT('Ctrl Pts',(-8.599998014778,-5.04597792690877,2.86780275407355));
#1867=CARTESIAN_POINT('Ctrl Pts',(-8.75015942190093,-4.92878568733261,1.90930039704787));
#1868=CARTESIAN_POINT('Ctrl Pts',(-8.89628510785414,-4.76430868274198,0.65181992172943));
#1869=CARTESIAN_POINT('Ctrl Pts',(-8.97528102571335,-4.64510121177134,-0.242968200934685));
#1870=CARTESIAN_POINT('Ctrl Pts',(-9.00000000000001,-4.60420000025694,-0.549999999999999));
#1871=CARTESIAN_POINT('Ctrl Pts',(-7.18836425884538,-3.75728532322708,9.18383557272847));
#1872=CARTESIAN_POINT('Ctrl Pts',(-7.33038663880903,-3.74033954308348,8.8848813754136));
#1873=CARTESIAN_POINT('Ctrl Pts',(-7.49857500961931,-3.70358309797614,8.49574883442072));
#1874=CARTESIAN_POINT('Ctrl Pts',(-7.6698245087262,-3.64520159862563,8.04917970310848));
#1875=CARTESIAN_POINT('Ctrl Pts',(-7.79284134778421,-3.59859382681578,7.71660619036124));
#1876=CARTESIAN_POINT('Ctrl Pts',(-7.96571317663421,-3.51886128422987,7.21252381211192));
#1877=CARTESIAN_POINT('Ctrl Pts',(-8.13008553131436,-3.41634037422241,6.65560755415798));
#1878=CARTESIAN_POINT('Ctrl Pts',(-8.23181245689406,-3.34018956060275,6.26830425377958));
#1879=CARTESIAN_POINT('Ctrl Pts',(-8.35931914327317,-3.23921464037746,5.76379103023751));
#1880=CARTESIAN_POINT('Ctrl Pts',(-8.51155791586963,-3.0891658457134,5.05774009498779));
#1881=CARTESIAN_POINT('Ctrl Pts',(-8.64222582640543,-2.91083152681285,4.2513951254757));
#1882=CARTESIAN_POINT('Ctrl Pts',(-8.74778001532287,-2.74177820288118,3.49353411916478));
#1883=CARTESIAN_POINT('Ctrl Pts',(-8.86624048909814,-2.50265958335736,2.43029800529347));
#1884=CARTESIAN_POINT('Ctrl Pts',(-8.95945600523556,-2.17076859794273,0.945581564524635));
#1885=CARTESIAN_POINT('Ctrl Pts',(-8.99212684254121,-1.9278618228568,-0.163884135426112));
#1886=CARTESIAN_POINT('Ctrl Pts',(-9.00000000000001,-1.84407461620611,-0.549999999999999));
#1887=CARTESIAN_POINT('Ctrl Pts',(-7.25149889380727,-2.15055185691105,9.58443921898635));
#1888=CARTESIAN_POINT('Ctrl Pts',(-7.38273874256969,-2.10075688718777,9.30833286970003));
#1889=CARTESIAN_POINT('Ctrl Pts',(-7.54204432579747,-2.02944230534711,8.94229464712229));
#1890=CARTESIAN_POINT('Ctrl Pts',(-7.70826627730555,-1.93985091774468,8.51383366240133));
#1891=CARTESIAN_POINT('Ctrl Pts',(-7.82848304400981,-1.87157954505588,8.19299269826226));
#1892=CARTESIAN_POINT('Ctrl Pts',(-7.9998144357699,-1.76353813349517,7.70145041368524));
#1893=CARTESIAN_POINT('Ctrl Pts',(-8.1663582261839,-1.63626909982493,7.14841775393002));
#1894=CARTESIAN_POINT('Ctrl Pts',(-8.27047157558419,-1.54460530553868,6.75897546205418));
#1895=CARTESIAN_POINT('Ctrl Pts',(-8.40134379759712,-1.4239844699715,6.24972740428698));
#1896=CARTESIAN_POINT('Ctrl Pts',(-8.55929247449657,-1.24895495680241,5.52676322539017));
#1897=CARTESIAN_POINT('Ctrl Pts',(-8.69342221199616,-1.04066031102284,4.68225102766549));
#1898=CARTESIAN_POINT('Ctrl Pts',(-8.80012142598553,-0.841865918616178,
3.88052549715022));
#1899=CARTESIAN_POINT('Ctrl Pts',(-8.91620659225597,-0.557907437359264,
2.74185951837875));
#1900=CARTESIAN_POINT('Ctrl Pts',(-8.99177917427463,-0.150716598480249,
1.11579025297071));
#1901=CARTESIAN_POINT('Ctrl Pts',(-9.00128282868272,0.158008585960386,-0.118605372816497));
#1902=CARTESIAN_POINT('Ctrl Pts',(-9.00000000000001,0.265802865141308,-0.549999999999999));
#1903=CARTESIAN_POINT('Ctrl Pts',(-7.25112560170814,-0.737028209589914,
9.93687024694454));
#1904=CARTESIAN_POINT('Ctrl Pts',(-7.38336788996579,-0.650402547575142,
9.65328198289901));
#1905=CARTESIAN_POINT('Ctrl Pts',(-7.54406046964235,-0.539379544929166,
9.27496081729823));
#1906=CARTESIAN_POINT('Ctrl Pts',(-7.71179226227289,-0.413950712000597,
8.82988103308998));
#1907=CARTESIAN_POINT('Ctrl Pts',(-7.8331059847127,-0.320914255413312,8.49620608441499));
#1908=CARTESIAN_POINT('Ctrl Pts',(-8.00600410274576,-0.180978283166478,
7.98392748193022));
#1909=CARTESIAN_POINT('Ctrl Pts',(-8.17395044017913,-0.0280107156868514,
7.40643592352076));
#1910=CARTESIAN_POINT('Ctrl Pts',(-8.27882904277325,0.0779888516814506,
6.99983930548922));
#1911=CARTESIAN_POINT('Ctrl Pts',(-8.41060993618972,0.215947038585875,6.4682329879176));
#1912=CARTESIAN_POINT('Ctrl Pts',(-8.5693515189305,0.408504221395602,5.71408289449087));
#1913=CARTESIAN_POINT('Ctrl Pts',(-8.70345150782135,0.629408986140008,4.83639617658509));
#1914=CARTESIAN_POINT('Ctrl Pts',(-8.80973502611689,0.837809507535968,4.00488758333468));
#1915=CARTESIAN_POINT('Ctrl Pts',(-8.92456557215921,1.13166416193121,2.82700072239642));
#1916=CARTESIAN_POINT('Ctrl Pts',(-8.99667605409573,1.54745891535126,1.15452077124976));
#1917=CARTESIAN_POINT('Ctrl Pts',(-9.00262548167106,1.86188134839043,-0.109046788946834));
#1918=CARTESIAN_POINT('Ctrl Pts',(-9.,1.97168560374119,-0.549999999999999));
#1919=CARTESIAN_POINT('Ctrl Pts',(-7.20625469507583,0.483674041297054,10.2412255012244));
#1920=CARTESIAN_POINT('Ctrl Pts',(-7.34659653623822,0.631002771676469,9.92139855634295));
#1921=CARTESIAN_POINT('Ctrl Pts',(-7.51600593016919,0.803710738403768,9.49318034122897));
#1922=CARTESIAN_POINT('Ctrl Pts',(-7.69063181962603,0.980477072289053,8.99242489555208));
#1923=CARTESIAN_POINT('Ctrl Pts',(-7.81642576037008,1.10795488521076,8.61797884841697));
#1924=CARTESIAN_POINT('Ctrl Pts',(-7.99414373350208,1.28905257492037,8.04645023438712));
#1925=CARTESIAN_POINT('Ctrl Pts',(-8.1638648247533,1.47075518025255,7.4113591333994));
#1926=CARTESIAN_POINT('Ctrl Pts',(-8.26872660504207,1.59143289279941,6.97025740404937));
#1927=CARTESIAN_POINT('Ctrl Pts',(-8.40001894605485,1.74659424775272,6.39606287682391));
#1928=CARTESIAN_POINT('Ctrl Pts',(-8.55587229721865,1.95358730014054,5.59503763166509));
#1929=CARTESIAN_POINT('Ctrl Pts',(-8.68663990364333,2.18012643450138,4.69038966814263));
#1930=CARTESIAN_POINT('Ctrl Pts',(-8.79050853924594,2.39038268214256,3.84527768340658));
#1931=CARTESIAN_POINT('Ctrl Pts',(-8.90346636459483,2.6812799825176,2.66889988675554));
#1932=CARTESIAN_POINT('Ctrl Pts',(-8.98123167736699,3.08113039902166,1.05329912913475));
#1933=CARTESIAN_POINT('Ctrl Pts',(-8.9980905481447,3.3786930466622,-0.137370138494721));
#1934=CARTESIAN_POINT('Ctrl Pts',(-9.,3.48224553168655,-0.549999999999999));
#1935=CARTESIAN_POINT('Ctrl Pts',(-6.96142311392383,2.13839513529111,10.6537938068524));
#1936=CARTESIAN_POINT('Ctrl Pts',(-7.12065790980291,2.40452107623887,10.2544982339385));
#1937=CARTESIAN_POINT('Ctrl Pts',(-7.31315197653776,2.70236011339289,9.71921482079391));
#1938=CARTESIAN_POINT('Ctrl Pts',(-7.50984230688023,2.98849382817204,9.10204011525354));
#1939=CARTESIAN_POINT('Ctrl Pts',(-7.65106535505879,3.19066253331606,8.6429998921315));
#1940=CARTESIAN_POINT('Ctrl Pts',(-7.84905482984469,3.4651673914009,7.95056399733572));
#1941=CARTESIAN_POINT('Ctrl Pts',(-8.03480157117651,3.71915385313517,7.20211596001655));
#1942=CARTESIAN_POINT('Ctrl Pts',(-8.14820015637824,3.8796645316101,6.69540146289419));
#1943=CARTESIAN_POINT('Ctrl Pts',(-8.28960240500862,4.08286888163788,6.0413006022694));
#1944=CARTESIAN_POINT('Ctrl Pts',(-8.45468031390006,4.33740607156163,5.15829872391561));
#1945=CARTESIAN_POINT('Ctrl Pts',(-8.59378017210796,4.5915070317433,4.21988241335059));
#1946=CARTESIAN_POINT('Ctrl Pts',(-8.70585424737364,4.81803514709039,3.36904686424357));
#1947=CARTESIAN_POINT('Ctrl Pts',(-8.83145290884284,5.11562239273023,2.23013680321634));
#1948=CARTESIAN_POINT('Ctrl Pts',(-8.93789229056974,5.48479970787495,0.786052656478935));
#1949=CARTESIAN_POINT('Ctrl Pts',(-8.98609172116666,5.73849008727983,-0.211072061337689));
#1950=CARTESIAN_POINT('Ctrl Pts',(-9.,5.82475557026805,-0.549999999999999));
#1951=CARTESIAN_POINT('Ctrl Pts',(-6.75385342537454,2.71360584894716,10.7972099453022));
#1952=CARTESIAN_POINT('Ctrl Pts',(-6.92371507090458,3.04013550798533,10.3564314357534));
#1953=CARTESIAN_POINT('Ctrl Pts',(-7.1304249747919,3.40410663317215,9.76579645183321));
#1954=CARTESIAN_POINT('Ctrl Pts',(-7.34236307405821,3.75081020985084,9.08922520487318));
#1955=CARTESIAN_POINT('Ctrl Pts',(-7.49464990858801,3.99500554208487,8.58719692718603));
#1956=CARTESIAN_POINT('Ctrl Pts',(-7.70844305648736,4.32410373654932,7.8338460399418));
#1957=CARTESIAN_POINT('Ctrl Pts',(-7.90917965001209,4.62335644101808,7.0295871875171));
#1958=CARTESIAN_POINT('Ctrl Pts',(-8.03176998760947,4.80976889807244,6.49131006333581));
#1959=CARTESIAN_POINT('Ctrl Pts',(-8.18464837286699,5.04460483269532,5.79913114875363));
#1960=CARTESIAN_POINT('Ctrl Pts',(-8.36327897242569,5.3324526259272,4.87911637332945));
#1961=CARTESIAN_POINT('Ctrl Pts',(-8.51554133080802,5.60792731258519,3.9303637834988));
#1962=CARTESIAN_POINT('Ctrl Pts',(-8.63948172409745,5.84818912486035,3.08351397868519));
#1963=CARTESIAN_POINT('Ctrl Pts',(-8.78102401001692,6.15424676906359,1.97409302294774));
#1964=CARTESIAN_POINT('Ctrl Pts',(-8.91103294681126,6.50771098238202,0.633143191753184));
#1965=CARTESIAN_POINT('Ctrl Pts',(-8.97898205846353,6.73461908742648,-0.253020934474771));
#1966=CARTESIAN_POINT('Ctrl Pts',(-9.,6.81004597423111,-0.549999999999999));
#1967=CARTESIAN_POINT('Ctrl Pts',(-6.69803210692154,2.85718513437084,10.8330082817866));
#1968=CARTESIAN_POINT('Ctrl Pts',(-6.87115644804659,3.20008423182283,10.3830099089349));
#1969=CARTESIAN_POINT('Ctrl Pts',(-7.0814066734793,3.58138507128479,9.77934338449847));
#1970=CARTESIAN_POINT('Ctrl Pts',(-7.29671096667527,3.94300474154648,9.08821086487703));
#1971=CARTESIAN_POINT('Ctrl Pts',(-7.45137486901481,4.19731112113001,8.57551885300503));
#1972=CARTESIAN_POINT('Ctrl Pts',(-7.66840093191532,4.53879054672477,7.80667427335691));
#1973=CARTESIAN_POINT('Ctrl Pts',(-7.87219922821221,4.84653392806018,6.98794291190059));
#1974=CARTESIAN_POINT('Ctrl Pts',(-7.99678357213572,5.03683868751337,6.44139631923212));
#1975=CARTESIAN_POINT('Ctrl Pts',(-8.15221361960565,5.2759751449864,5.73920448448679));
#1976=CARTESIAN_POINT('Ctrl Pts',(-8.33420559408286,5.56592835091947,4.80931979537741));
#1977=CARTESIAN_POINT('Ctrl Pts',(-8.49029918965886,5.83916998048849,3.85765252077182));
#1978=CARTESIAN_POINT('Ctrl Pts',(-8.6178900778583,6.07585644473891,3.01157199657016));
#1979=CARTESIAN_POINT('Ctrl Pts',(-8.76465939191139,6.37450796280641,1.90932270215862));
#1980=CARTESIAN_POINT('Ctrl Pts',(-8.90248546533605,6.71365543587677,0.594114616813487));
#1981=CARTESIAN_POINT('Ctrl Pts',(-8.97673011700456,6.92875809869338,-0.263825761000876));
#1982=CARTESIAN_POINT('Ctrl Pts',(-9.,6.99999999999999,-0.549999999999999));
#1983=CARTESIAN_POINT('Ctrl Pts',(-6.69803210692155,2.85718513437083,10.8330082817866));
#1984=CARTESIAN_POINT('Ctrl Pts',(-6.93420467139876,3.32496083058945,10.2191300192828));
#1985=CARTESIAN_POINT('Ctrl Pts',(-7.41216484987181,4.16142182854061,8.79743759548585));
#1986=CARTESIAN_POINT('Ctrl Pts',(-8.06937623827721,5.1349527431727,6.27437388525169));
#1987=CARTESIAN_POINT('Ctrl Pts',(-8.64474507687912,6.06694791596732,3.12055780346043));
#1988=CARTESIAN_POINT('Ctrl Pts',(-8.89264947503347,6.67134104170718,0.770202374651698));
#1989=CARTESIAN_POINT('Ctrl Pts',(-9.,7.,-0.549999999999999));
#1990=CARTESIAN_POINT('Ctrl Pts',(-6.69803210692155,2.85718513437083,10.8330082817866));
#1991=CARTESIAN_POINT('Ctrl Pts',(-6.93420467139876,3.32496083058945,10.2191300192828));
#1992=CARTESIAN_POINT('Ctrl Pts',(-7.16897339871004,3.73582117582131,9.52081050231134));
#1993=CARTESIAN_POINT('Ctrl Pts',(-7.61029589469978,4.45491445616593,8.03680371437016));
#1994=CARTESIAN_POINT('Ctrl Pts',(-7.83199855255061,4.78366648964997,7.18161477383434));
#1995=CARTESIAN_POINT('Ctrl Pts',(-8.23168267545874,5.39786030058274,5.38471039043121));
#1996=CARTESIAN_POINT('Ctrl Pts',(-8.42185243390253,5.70754766798434,4.33427041208228));
#1997=CARTESIAN_POINT('Ctrl Pts',(-8.75767023662309,6.34226045894948,2.04992628490179));
#1998=CARTESIAN_POINT('Ctrl Pts',(-8.89561428384899,6.68041795099245,0.733741000663432));
#1999=CARTESIAN_POINT('Ctrl Pts',(-9.,7.,-0.549999999999998));
#2000=CARTESIAN_POINT('Ctrl Pts',(-6.52218219421037,3.30949270267283,10.9457812244622));
#2001=CARTESIAN_POINT('Ctrl Pts',(-6.77237611208667,3.84761565448476,10.2922808280829));
#2002=CARTESIAN_POINT('Ctrl Pts',(-7.01903413794792,4.31602640135817,9.54566957453893));
#2003=CARTESIAN_POINT('Ctrl Pts',(-7.48158615525472,5.12358060078156,7.96509475113627));
#2004=CARTESIAN_POINT('Ctrl Pts',(-7.71330321777898,5.48426047244818,7.05801615097858));
#2005=CARTESIAN_POINT('Ctrl Pts',(-8.13357079409692,6.13404601267987,5.17958701445958));
#2006=CARTESIAN_POINT('Ctrl Pts',(-8.3355940992126,6.44388558308605,4.10042285960788));
#2007=CARTESIAN_POINT('Ctrl Pts',(-8.70312204673151,7.04433159858446,1.83128061392967));
#2008=CARTESIAN_POINT('Ctrl Pts',(-8.86379092331015,7.33795676681058,0.581052355614361));
#2009=CARTESIAN_POINT('Ctrl Pts',(-9.,7.59839860068377,-0.549999999999998));
#2010=CARTESIAN_POINT('Ctrl Pts',(-6.12043487136776,3.97892133755404,11.1126885290431));
#2011=CARTESIAN_POINT('Ctrl Pts',(-6.36533911948783,4.52130629257025,10.4560038674494));
#2012=CARTESIAN_POINT('Ctrl Pts',(-6.60864796092401,5.00105674729503,9.70012343850226));
#2013=CARTESIAN_POINT('Ctrl Pts',(-7.0661274108885,5.83699322582344,8.09387462543445));
#2014=CARTESIAN_POINT('Ctrl Pts',(-7.29593755371162,6.21601726888326,7.16918216392948));
#2015=CARTESIAN_POINT('Ctrl Pts',(-7.71084309344093,6.91195595542266,5.25493731770124));
#2016=CARTESIAN_POINT('Ctrl Pts',(-7.90839964776048,7.25479843438708,4.15638044212585));
#2017=CARTESIAN_POINT('Ctrl Pts',(-8.25530877293484,7.94354961164186,1.85225389516911));
#2018=CARTESIAN_POINT('Ctrl Pts',(-8.39576851946294,8.30074259621039,0.587445708877362));
#2019=CARTESIAN_POINT('Ctrl Pts',(-8.49794181225033,8.63464003761783,-0.549999999999998));
#2020=CARTESIAN_POINT('Ctrl Pts',(-5.51284266457925,4.44645486963505,11.2292577308591));
#2021=CARTESIAN_POINT('Ctrl Pts',(-5.71832683501488,4.96377597756044,10.6009741399904));
#2022=CARTESIAN_POINT('Ctrl Pts',(-5.92392198042042,5.42363014265809,9.87622779688781));
#2023=CARTESIAN_POINT('Ctrl Pts',(-6.31021589092555,6.22476691255177,8.32611351734723));
#2024=CARTESIAN_POINT('Ctrl Pts',(-6.5039640814869,6.58761665482656,7.42821500207971));
#2025=CARTESIAN_POINT('Ctrl Pts',(-6.85007356836963,7.25833411114144,5.54611210088109));
#2026=CARTESIAN_POINT('Ctrl Pts',(-7.01172628026003,7.59294580733254,4.45026606910677));
#2027=CARTESIAN_POINT('Ctrl Pts',(-7.28489102274197,8.27909337134236,2.08713837229744));
#2028=CARTESIAN_POINT('Ctrl Pts',(-7.38571483398521,8.64637556981204,0.740764284959172));
#2029=CARTESIAN_POINT('Ctrl Pts',(-7.44879895051283,9.,-0.549999999999998));
#2030=CARTESIAN_POINT('Ctrl Pts',(-5.21157660154067,4.61429084382973,11.2711039391103));
#2031=CARTESIAN_POINT('Ctrl Pts',(-5.39638641141608,5.14009443808804,10.6491967127397));
#2032=CARTESIAN_POINT('Ctrl Pts',(-5.58268449848749,5.60503411391463,9.93261306867743));
#2033=CARTESIAN_POINT('Ctrl Pts',(-5.93434188484305,6.40843092207021,8.3982062564016));
#2034=CARTESIAN_POINT('Ctrl Pts',(-6.11172701910542,6.76773516103929,7.50834603415283));
#2035=CARTESIAN_POINT('Ctrl Pts',(-6.43001207600607,7.42077194931018,5.63593676865017));
#2036=CARTESIAN_POINT('Ctrl Pts',(-6.57973440263806,7.73826201679327,4.54081141489969));
#2037=CARTESIAN_POINT('Ctrl Pts',(-6.83601267814235,8.37189557607171,2.15934004392348));
#2038=CARTESIAN_POINT('Ctrl Pts',(-6.93366215699472,8.69784888572443,0.787741433680034));
#2039=CARTESIAN_POINT('Ctrl Pts',(-7.,9.,-0.549999999999998));
#2040=CARTESIAN_POINT('Ctrl Pts',(-5.21157660154067,4.61429084382972,11.2711039391103));
#2041=CARTESIAN_POINT('Ctrl Pts',(-5.40326019727137,5.15965109101307,10.6260655970332));
#2042=CARTESIAN_POINT('Ctrl Pts',(-5.79178571602786,6.12408382863721,9.12446296301825));
#2043=CARTESIAN_POINT('Ctrl Pts',(-6.32014165845311,7.18701944543103,6.45558284405133));
#2044=CARTESIAN_POINT('Ctrl Pts',(-6.76237828046497,8.12610444733959,3.19361937349474));
#2045=CARTESIAN_POINT('Ctrl Pts',(-6.93366215699472,8.69784888572443,0.787741433680034));
#2046=CARTESIAN_POINT('Ctrl Pts',(-7.,9.,-0.549999999999998));
#2047=CARTESIAN_POINT('Ctrl Pts',(-5.21157660154067,4.61429084382973,11.2711039391103));
#2048=CARTESIAN_POINT('Ctrl Pts',(-5.40326019727137,5.15965109101307,10.6260655970332));
#2049=CARTESIAN_POINT('Ctrl Pts',(-5.79178571602786,6.12408382863721,9.12446296301825));
#2050=CARTESIAN_POINT('Ctrl Pts',(-6.32014165845311,7.18701944543103,6.45558284405133));
#2051=CARTESIAN_POINT('Ctrl Pts',(-6.76237828046497,8.12610444733959,3.19361937349474));
#2052=CARTESIAN_POINT('Ctrl Pts',(-6.93366215699472,8.69784888572443,0.787741433680034));
#2053=CARTESIAN_POINT('Ctrl Pts',(-7.,9.,-0.549999999999998));
#2054=CARTESIAN_POINT('Ctrl Pts',(-5.15885504057107,4.64366213927917,11.2784270255456));
#2055=CARTESIAN_POINT('Ctrl Pts',(-5.34678605542047,5.1905620334057,10.6345460505096));
#2056=CARTESIAN_POINT('Ctrl Pts',(-5.72829044102826,6.15680234481654,9.13594676038825));
#2057=CARTESIAN_POINT('Ctrl Pts',(-6.24814785247253,7.21775993338444,6.47125980471661));
#2058=CARTESIAN_POINT('Ctrl Pts',(-6.68424346147272,8.14779867557209,3.20958334426063));
#2059=CARTESIAN_POINT('Ctrl Pts',(-6.85455293861464,8.70685671599848,0.795962434696492));
#2060=CARTESIAN_POINT('Ctrl Pts',(-6.92146018375284,9.,-0.549999999999998));
#2061=CARTESIAN_POINT('Ctrl Pts',(-5.03760315624957,4.7093979190253,11.2948167962251));
#2062=CARTESIAN_POINT('Ctrl Pts',(-5.21749733254716,5.25957416471878,10.6532524329373));
#2063=CARTESIAN_POINT('Ctrl Pts',(-5.5812045480861,6.22888988529719,9.16161830809616));
#2064=CARTESIAN_POINT('Ctrl Pts',(-6.07325190582629,7.28370781811478,6.50587196846743));
#2065=CARTESIAN_POINT('Ctrl Pts',(-6.48294669541618,8.19180078316779,3.243826856406));
#2066=CARTESIAN_POINT('Ctrl Pts',(-6.64315527014044,8.72436300738248,0.813017717848702));
#2067=CARTESIAN_POINT('Ctrl Pts',(-6.70815635509045,8.99999999999999,-0.549999999999998));
#2068=CARTESIAN_POINT('Ctrl Pts',(-4.66237565189929,4.87562645621436,11.336262225418));
#2069=CARTESIAN_POINT('Ctrl Pts',(-4.82034758453674,5.4347093591336,10.7007136884828));
#2070=CARTESIAN_POINT('Ctrl Pts',(-5.13380200527454,6.41213617631538,9.22852155235034));
#2071=CARTESIAN_POINT('Ctrl Pts',(-5.54425698129024,7.45218602065129,6.59764010381351));
#2072=CARTESIAN_POINT('Ctrl Pts',(-5.87401822109476,8.30392969024652,3.33447914796173));
#2073=CARTESIAN_POINT('Ctrl Pts',(-6.00079475745597,8.76875234588235,0.858323896942656));
#2074=CARTESIAN_POINT('Ctrl Pts',(-6.05714161228795,9.,-0.549999999999998));
#2075=CARTESIAN_POINT('Ctrl Pts',(-4.05003286550622,5.0900715960585,11.3897294038547));
#2076=CARTESIAN_POINT('Ctrl Pts',(-4.17616795845355,5.66178724446999,10.7625301055629));
#2077=CARTESIAN_POINT('Ctrl Pts',(-4.41657875370532,6.65185331304063,9.3189966235665));
#2078=CARTESIAN_POINT('Ctrl Pts',(-4.70869923431768,7.67633757195026,6.72519352914812));
#2079=CARTESIAN_POINT('Ctrl Pts',(-4.92255657740142,8.45558174041667,3.461854323564));
#2080=CARTESIAN_POINT('Ctrl Pts',(-4.99885286447344,8.82962890867807,0.921996234205607));
#2081=CARTESIAN_POINT('Ctrl Pts',(-5.03971683344708,8.99999999999999,-0.549999999999998));
#2082=CARTESIAN_POINT('Ctrl Pts',(-2.43812396510102,5.38842957038709,11.4641184017264));
#2083=CARTESIAN_POINT('Ctrl Pts',(-2.49920258647224,5.98410046048867,10.8524572354116));
#2084=CARTESIAN_POINT('Ctrl Pts',(-2.60451766114267,7.00606944385416,9.46601893901087));
#2085=CARTESIAN_POINT('Ctrl Pts',(-2.70633477099359,8.03242985314576,6.95061005445585));
#2086=CARTESIAN_POINT('Ctrl Pts',(-2.75419260251243,8.71766279302204,3.69685754618997));
#2087=CARTESIAN_POINT('Ctrl Pts',(-2.75859359148158,8.94172392654696,1.04167306297071));
#2088=CARTESIAN_POINT('Ctrl Pts',(-2.76766962447722,8.99999999999999,-0.549999999999998));
#2089=CARTESIAN_POINT('Ctrl Pts',(-0.834559679507633,5.44906442528565,11.479236369001));
#2090=CARTESIAN_POINT('Ctrl Pts',(-0.850774054742967,6.05741318947691,10.8756839467602));
#2091=CARTESIAN_POINT('Ctrl Pts',(-0.880954285673202,7.10411894974582,9.52187840607097));
#2092=CARTESIAN_POINT('Ctrl Pts',(-0.916473334170475,8.1607003453891,7.05549860177489));
#2093=CARTESIAN_POINT('Ctrl Pts',(-0.939728272227755,8.8362099719619,3.8165054894437));
#2094=CARTESIAN_POINT('Ctrl Pts',(-0.939299556316136,8.99974677943378,1.10463292492657));
#2095=CARTESIAN_POINT('Ctrl Pts',(-0.933333331132825,9.,-0.549999999999998));
#2096=CARTESIAN_POINT('Ctrl Pts',(0.834559681405398,5.44906442506139,11.4792363689451));
#2097=CARTESIAN_POINT('Ctrl Pts',(0.850774056678943,6.05741318931746,10.8756839465676));
#2098=CARTESIAN_POINT('Ctrl Pts',(0.880954287686322,7.10411894969837,9.52187840568189));
#2099=CARTESIAN_POINT('Ctrl Pts',(0.916473336288842,8.16070034544912,7.05549860130668));
#2100=CARTESIAN_POINT('Ctrl Pts',(0.939728274430448,8.83620997205644,3.81650548911322));
#2101=CARTESIAN_POINT('Ctrl Pts',(0.939299558530652,8.99974677948079,1.10463292480701));
#2102=CARTESIAN_POINT('Ctrl Pts',(0.933333333333333,8.99999999999999,-0.549999999999998));
#2103=CARTESIAN_POINT('Ctrl Pts',(2.43812398128491,5.38842957064841,11.4641184017916));
#2104=CARTESIAN_POINT('Ctrl Pts',(2.4992026021443,5.98410046037329,10.8524572349483));
#2105=CARTESIAN_POINT('Ctrl Pts',(2.60451767522522,7.00606944350484,9.46601893785621));
#2106=CARTESIAN_POINT('Ctrl Pts',(2.7063347815446,8.03242985348535,6.95061005321217));
#2107=CARTESIAN_POINT('Ctrl Pts',(2.75419260859532,8.71766279439187,3.69685754556274));
#2108=CARTESIAN_POINT('Ctrl Pts',(2.75859359495641,8.94172392757514,1.04167306285533));
#2109=CARTESIAN_POINT('Ctrl Pts',(2.7676696270416,9.,-0.549999999999999));
#2110=CARTESIAN_POINT('Ctrl Pts',(4.05003289538477,5.09007161623188,11.3897294088845));
#2111=CARTESIAN_POINT('Ctrl Pts',(4.1761679868117,5.66178726338056,10.7625301094889));
#2112=CARTESIAN_POINT('Ctrl Pts',(4.41657877828028,6.65185332935557,9.31899662570049));
#2113=CARTESIAN_POINT('Ctrl Pts',(4.70869925181427,7.6763375841248,6.72519352981347));
#2114=CARTESIAN_POINT('Ctrl Pts',(4.92255658638007,8.45558174751081,3.46185432360856));
#2115=CARTESIAN_POINT('Ctrl Pts',(4.99885286800161,8.82962891146268,0.921996234226682));
#2116=CARTESIAN_POINT('Ctrl Pts',(5.03971683450266,9.,-0.549999999999998));
#2117=CARTESIAN_POINT('Ctrl Pts',(4.66237568573796,4.87562648702246,11.3362622330993));
#2118=CARTESIAN_POINT('Ctrl Pts',(4.82034761636068,5.43470938821523,10.7007136947769));
#2119=CARTESIAN_POINT('Ctrl Pts',(5.13380203246231,6.41213620154291,9.22852155629643));
#2120=CARTESIAN_POINT('Ctrl Pts',(5.54425700046342,7.45218603913112,6.59764010555793));
#2121=CARTESIAN_POINT('Ctrl Pts',(5.87401823086388,8.30392970034434,3.33447914839784));
#2122=CARTESIAN_POINT('Ctrl Pts',(6.00079476087199,8.7687523495657,0.858323897044992));
#2123=CARTESIAN_POINT('Ctrl Pts',(6.05714161247454,9.,-0.549999999999998));
#2124=CARTESIAN_POINT('Ctrl Pts',(5.03760319224826,4.70939795607464,11.2948168054625));
#2125=CARTESIAN_POINT('Ctrl Pts',(5.21749736623013,5.25957419972996,10.6532524405913));
#2126=CARTESIAN_POINT('Ctrl Pts',(5.58120457664839,6.22888991568754,9.16161831303944));
#2127=CARTESIAN_POINT('Ctrl Pts',(6.07325192592812,7.28370784028774,6.50587197078014));
#2128=CARTESIAN_POINT('Ctrl Pts',(6.48294670574273,8.19180079512194,3.24382685704886));
#2129=CARTESIAN_POINT('Ctrl Pts',(6.64315527363781,8.724363011672,0.813017718001415));
#2130=CARTESIAN_POINT('Ctrl Pts',(6.70815635489749,9.,-0.549999999999998));
#2131=CARTESIAN_POINT('Ctrl Pts',(5.15885507721179,4.64366217820495,11.2784270352509));
#2132=CARTESIAN_POINT('Ctrl Pts',(5.34678608966015,5.19056207018594,10.634546058559));
#2133=CARTESIAN_POINT('Ctrl Pts',(5.72829047001777,6.15680237673624,9.13594676560076));
#2134=CARTESIAN_POINT('Ctrl Pts',(6.24814787290248,7.21775995666812,6.47125980716763));
#2135=CARTESIAN_POINT('Ctrl Pts',(6.68424347205828,8.14779868812074,3.20958334495071));
#2136=CARTESIAN_POINT('Ctrl Pts',(6.85455294225108,8.70685672049969,0.795962434863204));
#2137=CARTESIAN_POINT('Ctrl Pts',(6.92146018356767,9.,-0.549999999999998));
#2138=CARTESIAN_POINT('Ctrl Pts',(5.21157663855742,4.61429088347669,11.2711039489954));
#2139=CARTESIAN_POINT('Ctrl Pts',(5.40326023187625,5.15965112847473,10.6260656052281));
#2140=CARTESIAN_POINT('Ctrl Pts',(5.7917857453577,6.12408386114953,9.12446296831831));
#2141=CARTESIAN_POINT('Ctrl Pts',(6.32014167917864,7.18701946914903,6.45558284653362));
#2142=CARTESIAN_POINT('Ctrl Pts',(6.7623782912914,8.12610446012254,3.19361937418677));
#2143=CARTESIAN_POINT('Ctrl Pts',(6.9336621608347,8.69784889030887,0.787741433846781));
#2144=CARTESIAN_POINT('Ctrl Pts',(7.,9.,-0.549999999999998));
#2145=CARTESIAN_POINT('Ctrl Pts',(5.21157663855743,4.61429088347669,11.2711039489954));
#2146=CARTESIAN_POINT('Ctrl Pts',(5.40326023190947,5.15965112856925,10.6260656051163));
#2147=CARTESIAN_POINT('Ctrl Pts',(5.79178574543567,6.12408386132622,9.12446296799995));
#2148=CARTESIAN_POINT('Ctrl Pts',(6.32014167926668,7.18701946931837,6.45558284600837));
#2149=CARTESIAN_POINT('Ctrl Pts',(6.76237829132316,8.12610446021791,3.1936193737912));
#2150=CARTESIAN_POINT('Ctrl Pts',(6.93366216084387,8.69784889035062,0.787741433661917));
#2151=CARTESIAN_POINT('Ctrl Pts',(7.,9.,-0.549999999999998));
#2152=CARTESIAN_POINT('Ctrl Pts',(5.21157663855743,4.61429088347669,11.2711039489954));
#2153=CARTESIAN_POINT('Ctrl Pts',(5.39638644613328,5.14009447570155,10.6491967209083));
#2154=CARTESIAN_POINT('Ctrl Pts',(5.58268453071366,5.6050341492317,9.93261307531492));
#2155=CARTESIAN_POINT('Ctrl Pts',(5.93434191192061,6.40843095236717,8.3982062605577));
#2156=CARTESIAN_POINT('Ctrl Pts',(6.11172704331952,6.76773518841956,7.50834603725018));
#2157=CARTESIAN_POINT('Ctrl Pts',(6.43001209432367,7.42077197043471,5.63593677017815));
#2158=CARTESIAN_POINT('Ctrl Pts',(6.57973441761946,7.73826203424304,4.54081141579611));
#2159=CARTESIAN_POINT('Ctrl Pts',(6.8360126859893,8.37189558540888,2.15934004405772));
#2160=CARTESIAN_POINT('Ctrl Pts',(6.93366216084387,8.69784889035062,0.787741433661918));
#2161=CARTESIAN_POINT('Ctrl Pts',(7.,9.,-0.549999999999997));
#2162=CARTESIAN_POINT('Ctrl Pts',(5.61326472452681,4.39050959057276,11.215309006162));
#2163=CARTESIAN_POINT('Ctrl Pts',(5.82564034604226,4.90500320075343,10.584899958511));
#2164=CARTESIAN_POINT('Ctrl Pts',(6.03766784158774,5.36316219300387,9.85743271400738));
#2165=CARTESIAN_POINT('Ctrl Pts',(6.43550725469314,6.16354561110789,8.30208260925983));
#2166=CARTESIAN_POINT('Ctrl Pts',(6.6347097943265,6.52757718449077,7.4015046618067));
#2167=CARTESIAN_POINT('Ctrl Pts',(6.99009408497686,7.20418818965572,5.51617054695098));
#2168=CARTESIAN_POINT('Ctrl Pts',(7.15572358843813,7.54450709117977,4.42008428846585));
#2169=CARTESIAN_POINT('Ctrl Pts',(7.43451714575843,8.24815931403171,2.06307114879986));
#2170=CARTESIAN_POINT('Ctrl Pts',(7.53639906362698,8.6292178032729,0.725105235524052));
#2171=CARTESIAN_POINT('Ctrl Pts',(7.59839860068377,9.,-0.549999999999997));
#2172=CARTESIAN_POINT('Ctrl Pts',(6.18839147207303,3.89693928151888,11.0922481067429));
#2173=CARTESIAN_POINT('Ctrl Pts',(6.43724713898851,4.45144884347188,10.4289303593445));
#2174=CARTESIAN_POINT('Ctrl Pts',(6.68404369864716,4.93953303398088,9.66630694930112));
#2175=CARTESIAN_POINT('Ctrl Pts',(7.14817201514561,5.78621688473919,8.04835159840772));
#2176=CARTESIAN_POINT('Ctrl Pts',(7.38142275128629,6.16761606905504,7.11831891897697));
#2177=CARTESIAN_POINT('Ctrl Pts',(7.80396287954595,6.86087478418174,5.19770989422069));
#2178=CARTESIAN_POINT('Ctrl Pts',(8.00636798034226,7.19684952578441,4.09859544542905));
#2179=CARTESIAN_POINT('Ctrl Pts',(8.36708907190687,7.85953276921875,1.80602944867942));
#2180=CARTESIAN_POINT('Ctrl Pts',(8.51799092268769,8.1934970690473,0.557218249899574));
#2181=CARTESIAN_POINT('Ctrl Pts',(8.63464003761575,8.49794181224859,-0.549999999999997));
#2182=CARTESIAN_POINT('Ctrl Pts',(6.56614470579322,3.19641584811785,10.9175879981482));
#2183=CARTESIAN_POINT('Ctrl Pts',(6.81283328322794,3.71695198404487,10.2739931337338));
#2184=CARTESIAN_POINT('Ctrl Pts',(7.05651898221269,4.17097512830663,9.53945481297021));
#2185=CARTESIAN_POINT('Ctrl Pts',(7.5137636145621,4.95641409318482,7.98302199618507));
#2186=CARTESIAN_POINT('Ctrl Pts',(7.74297707334951,5.30911200255188,7.08891580993399));
#2187=CARTESIAN_POINT('Ctrl Pts',(8.15809878100472,5.9499996045566,5.23086786018673));
#2188=CARTESIAN_POINT('Ctrl Pts',(8.35715869644346,6.25980112074584,4.15888474882568));
#2189=CARTESIAN_POINT('Ctrl Pts',(8.71675910130823,6.8688138224621,1.88594203196019));
#2190=CARTESIAN_POINT('Ctrl Pts',(8.87174676692697,7.17357206720295,0.619224516954574));
#2191=CARTESIAN_POINT('Ctrl Pts',(9.,7.44879895051283,-0.549999999999997));
#2192=CARTESIAN_POINT('Ctrl Pts',(6.6980321377481,2.85718516109317,10.8330082884492));
#2193=CARTESIAN_POINT('Ctrl Pts',(6.93420470029048,3.32496085595387,10.2191300247521));
#2194=CARTESIAN_POINT('Ctrl Pts',(7.16897342553152,3.73582119965831,9.52081050670592));
#2195=CARTESIAN_POINT('Ctrl Pts',(7.6102959172457,4.45491447664506,8.03680371703027));
#2196=CARTESIAN_POINT('Ctrl Pts',(7.83199857272674,4.78366650817904,7.1816147757393));
#2197=CARTESIAN_POINT('Ctrl Pts',(8.2316826907379,5.39786031490353,5.38471039125543));
#2198=CARTESIAN_POINT('Ctrl Pts',(8.42185244641014,5.70754767982822,4.33427041247128));
#2199=CARTESIAN_POINT('Ctrl Pts',(8.75767024318204,6.34226046529691,2.04992628484663));
#2200=CARTESIAN_POINT('Ctrl Pts',(8.89561428706901,6.68041795413953,0.733741000570181));
#2201=CARTESIAN_POINT('Ctrl Pts',(9.,7.,-0.549999999999997));
#2202=CARTESIAN_POINT('Ctrl Pts',(6.6980321377481,2.85718516109317,10.8330082884492));
#2203=CARTESIAN_POINT('Ctrl Pts',(6.93420470029048,3.32496085595387,10.2191300247521));
#2204=CARTESIAN_POINT('Ctrl Pts',(7.41216487451269,4.16142185073225,8.79743759887447));
#2205=CARTESIAN_POINT('Ctrl Pts',(8.06937625588985,5.13495275956663,6.2743738865276));
#2206=CARTESIAN_POINT('Ctrl Pts',(8.64474508614038,6.06694792488364,3.12055780356962));
#2207=CARTESIAN_POINT('Ctrl Pts',(8.89264947834166,6.67134104493361,0.770202374596128));
#2208=CARTESIAN_POINT('Ctrl Pts',(9.,7.,-0.549999999999997));
#2209=CARTESIAN_POINT('Ctrl Pts',(6.6980321377481,2.85718516109317,10.8330082884492));
#2210=CARTESIAN_POINT('Ctrl Pts',(6.87115647743064,3.20008425750182,10.3830099147857));
#2211=CARTESIAN_POINT('Ctrl Pts',(7.08140670102515,3.58138509560807,9.77934338942656));
#2212=CARTESIAN_POINT('Ctrl Pts',(7.29671099221403,3.94300476433921,9.08821086889963));
#2213=CARTESIAN_POINT('Ctrl Pts',(7.45137489305641,4.19731114274354,8.57551885646399));
#2214=CARTESIAN_POINT('Ctrl Pts',(7.66840095376537,4.53879056658259,7.80667427606144));
#2215=CARTESIAN_POINT('Ctrl Pts',(7.87219924780552,4.84653394604207,6.98794291395945));
#2216=CARTESIAN_POINT('Ctrl Pts',(7.99678359023588,5.03683870421955,6.44139632094953));
#2217=CARTESIAN_POINT('Ctrl Pts',(8.15221363578297,5.27597516002889,5.73920448586063));
#2218=CARTESIAN_POINT('Ctrl Pts',(8.33420560777008,5.56592836375401,4.80931979640667));
#2219=CARTESIAN_POINT('Ctrl Pts',(8.49029920088663,5.8391699911101,3.85765252133803));
#2220=CARTESIAN_POINT('Ctrl Pts',(8.61789008689195,6.07585645334855,3.01157199688718));
#2221=CARTESIAN_POINT('Ctrl Pts',(8.76465939810789,6.37450796876592,1.90932270228772));
#2222=CARTESIAN_POINT('Ctrl Pts',(8.9024854681978,6.7136554386395,0.59411461690196));
#2223=CARTESIAN_POINT('Ctrl Pts',(8.97673011771915,6.9287580993851,-0.263825760982115));
#2224=CARTESIAN_POINT('Ctrl Pts',(9.,7.,-0.549999999999997));
#2225=CARTESIAN_POINT('Ctrl Pts',(6.71896513175625,2.80334292735179,10.8195839118419));
#2226=CARTESIAN_POINT('Ctrl Pts',(6.89086596060923,3.14010348442999,10.3730429869521));
#2227=CARTESIAN_POINT('Ctrl Pts',(7.09978856364797,3.51490567977817,9.77426328932721));
#2228=CARTESIAN_POINT('Ctrl Pts',(7.31383053213957,3.87093181352125,9.08859124608837));
#2229=CARTESIAN_POINT('Ctrl Pts',(7.46760303257285,4.12144654924808,8.57989813399991));
#2230=CARTESIAN_POINT('Ctrl Pts',(7.68341675018531,4.45828301152958,7.81686368828703));
#2231=CARTESIAN_POINT('Ctrl Pts',(7.88606690571616,4.76284238728642,7.00355951710686));
#2232=CARTESIAN_POINT('Ctrl Pts',(8.0099034957943,4.95168753214613,6.46011397480054));
#2233=CARTESIAN_POINT('Ctrl Pts',(8.16437666803757,5.18921129199177,5.76167698479857));
#2234=CARTESIAN_POINT('Ctrl Pts',(8.34510812446412,5.47837496609245,4.83549351300719));
#2235=CARTESIAN_POINT('Ctrl Pts',(8.49976500366679,5.75245398999883,3.8849192447566));
#2236=CARTESIAN_POINT('Ctrl Pts',(8.62598695411075,5.99048120787287,3.03855024009866));
#2237=CARTESIAN_POINT('Ctrl Pts',(8.77079612981519,6.29191002075547,1.93361157252915));
#2238=CARTESIAN_POINT('Ctrl Pts',(8.90569077371364,6.6364262684174,0.608750332480264));
#2239=CARTESIAN_POINT('Ctrl Pts',(8.97757459575701,6.85595597012594,-0.259773951040802));
#2240=CARTESIAN_POINT('Ctrl Pts',(9.,6.92876724034509,-0.549999999999997));
#2241=CARTESIAN_POINT('Ctrl Pts',(6.76213671002584,2.68550436942028,10.7902034595349));
#2242=CARTESIAN_POINT('Ctrl Pts',(6.93168959036012,3.00959901230517,10.3517291090561));
#2243=CARTESIAN_POINT('Ctrl Pts',(7.1377344565902,3.3707464810444,9.76394752588884));
#2244=CARTESIAN_POINT('Ctrl Pts',(7.34883005987309,3.71459647664655,9.09026450363739));
#2245=CARTESIAN_POINT('Ctrl Pts',(7.50048625786946,3.95674460613509,8.59028889023178));
#2246=CARTESIAN_POINT('Ctrl Pts',(7.71333116018703,4.28297045931281,7.83973121506698));
#2247=CARTESIAN_POINT('Ctrl Pts',(7.91317223620766,4.5793229122226,7.0379521580054));
#2248=CARTESIAN_POINT('Ctrl Pts',(8.03525174172361,4.7637873130775,6.50105443441612));
#2249=CARTESIAN_POINT('Ctrl Pts',(8.18751250738128,4.99610848243067,5.81052999243012));
#2250=CARTESIAN_POINT('Ctrl Pts',(8.36552614196687,5.28058077606614,4.89208998977702));
#2251=CARTESIAN_POINT('Ctrl Pts',(8.51736577207973,5.55280961360156,3.94374943706172));
#2252=CARTESIAN_POINT('Ctrl Pts',(8.64098468720253,5.79034015567655,3.09666743013296));
#2253=CARTESIAN_POINT('Ctrl Pts',(8.78219194412767,6.09314415733897,1.98583129340486));
#2254=CARTESIAN_POINT('Ctrl Pts',(8.91171593064386,6.44418835970896,0.640056366845431));
#2255=CARTESIAN_POINT('Ctrl Pts',(8.97916703527083,6.67077140404906,-0.25115383361171));
#2256=CARTESIAN_POINT('Ctrl Pts',(9.,6.74624530680479,-0.549999999999997));
#2257=CARTESIAN_POINT('Ctrl Pts',(6.92729911447228,2.17636072063117,10.663259690422));
#2258=CARTESIAN_POINT('Ctrl Pts',(7.08792803199648,2.44989530718982,10.2584014499816));
#2259=CARTESIAN_POINT('Ctrl Pts',(7.28248653174553,2.75618657927295,9.71585645911149));
#2260=CARTESIAN_POINT('Ctrl Pts',(7.48156807671829,3.05046458794087,9.0910644970422));
#2261=CARTESIAN_POINT('Ctrl Pts',(7.62456109303829,3.25837857861162,8.6265498251803));
#2262=CARTESIAN_POINT('Ctrl Pts',(7.82518073471517,3.54063616145222,7.92647528056355));
#2263=CARTESIAN_POINT('Ctrl Pts',(8.01357322611167,3.80155497781055,7.17123342870498));
#2264=CARTESIAN_POINT('Ctrl Pts',(8.12864149874487,3.96623838079019,6.66078740751841));
#2265=CARTESIAN_POINT('Ctrl Pts',(8.27214708166844,4.17462891851481,6.00223905817856));
#2266=CARTESIAN_POINT('Ctrl Pts',(8.43979696635071,4.43510129364005,5.11521656132822));
#2267=CARTESIAN_POINT('Ctrl Pts',(8.58136325681828,4.69361345093309,4.17642111088156));
#2268=CARTESIAN_POINT('Ctrl Pts',(8.69560818123505,4.9233149015875,3.32702630540804));
#2269=CARTESIAN_POINT('Ctrl Pts',(8.82401525538838,5.22367307339212,2.19326841138504));
#2270=CARTESIAN_POINT('Ctrl Pts',(8.9341407211247,5.59207817684791,0.764428278427287));
#2271=CARTESIAN_POINT('Ctrl Pts',(8.98512172998523,5.84246140179287,-0.216965185818174));
#2272=CARTESIAN_POINT('Ctrl Pts',(9.,5.92729025211594,-0.549999999999997));
#2273=CARTESIAN_POINT('Ctrl Pts',(7.19686900685064,0.899446231463307,10.3448891510363));
#2274=CARTESIAN_POINT('Ctrl Pts',(7.33991069856833,1.06700931725354,10.0129826455456));
#2275=CARTESIAN_POINT('Ctrl Pts',(7.5120832726615,1.26005214858078,9.56807553529262));
#2276=CARTESIAN_POINT('Ctrl Pts',(7.68871330755412,1.45346301150938,9.04864485725545));
#2277=CARTESIAN_POINT('Ctrl Pts',(7.8157586355231,1.5920358973331,8.66051235806106));
#2278=CARTESIAN_POINT('Ctrl Pts',(7.99465213545438,1.78616771007659,8.06906258900752));
#2279=CARTESIAN_POINT('Ctrl Pts',(8.16441902286306,1.97657957411616,7.4145549526303));
#2280=CARTESIAN_POINT('Ctrl Pts',(8.26889295088427,2.10154133346158,6.96179976145153));
#2281=CARTESIAN_POINT('Ctrl Pts',(8.39952577663531,2.2616462131998,6.37321197971467));
#2282=CARTESIAN_POINT('Ctrl Pts',(8.55373665646319,2.4723688567973,5.55629182011147));
#2283=CARTESIAN_POINT('Ctrl Pts',(8.68274860348344,2.69975926195266,4.64240075157285));
#2284=CARTESIAN_POINT('Ctrl Pts',(8.78527667610463,2.90978121799742,3.79254165942602));
#2285=CARTESIAN_POINT('Ctrl Pts',(8.89698689988834,3.19870012303032,2.61641939872988));
#2286=CARTESIAN_POINT('Ctrl Pts',(8.9761688271994,3.59249001565674,1.01959243753907));
#2287=CARTESIAN_POINT('Ctrl Pts',(8.99657890384633,3.88429694651289,-0.146811254948573));
#2288=CARTESIAN_POINT('Ctrl Pts',(8.99999999999999,3.98576550768631,-0.549999999999997));
#2289=CARTESIAN_POINT('Ctrl Pts',(7.24988887927107,-0.73912260692197,9.93634805504058));
#2290=CARTESIAN_POINT('Ctrl Pts',(7.38213116753508,-0.652496945290254,9.6527597908907));
#2291=CARTESIAN_POINT('Ctrl Pts',(7.5428553628175,-0.541420401706163,9.27445197451159));
#2292=CARTESIAN_POINT('Ctrl Pts',(7.71065239296019,-0.415881088756951,8.82939973599206));
#2293=CARTESIAN_POINT('Ctrl Pts',(7.83201983915723,-0.322753650675981,8.49574747154212));
#2294=CARTESIAN_POINT('Ctrl Pts',(8.00501365165731,-0.18265561917873,7.98350927493753));
#2295=CARTESIAN_POINT('Ctrl Pts',(8.17308114420779,-0.02948287452825,7.40606887290032));
#2296=CARTESIAN_POINT('Ctrl Pts',(8.27804459820253,0.0766603894087154,6.99950808243527));
#2297=CARTESIAN_POINT('Ctrl Pts',(8.40993574208266,0.214805286424649,6.46794831696986));
#2298=CARTESIAN_POINT('Ctrl Pts',(8.56882821195776,0.407617997915292,5.7138619340788));
#2299=CARTESIAN_POINT('Ctrl Pts',(8.70307134923088,0.628765185652763,4.8362356588722));
#2300=CARTESIAN_POINT('Ctrl Pts',(8.80947376143404,0.837367054861982,4.00477726724337));
#2301=CARTESIAN_POINT('Ctrl Pts',(8.92444268231191,1.13145604809677,2.82694883359067));
#2302=CARTESIAN_POINT('Ctrl Pts',(8.99665712467516,1.5474268589176,1.154512778681));
#2303=CARTESIAN_POINT('Ctrl Pts',(9.00262548167212,1.86188134858906,-0.109046788897648));
#2304=CARTESIAN_POINT('Ctrl Pts',(9.,1.97168560374119,-0.549999999999997));
#2305=CARTESIAN_POINT('Ctrl Pts',(7.25118034018441,-2.15057661299725,9.58443304660082));
#2306=CARTESIAN_POINT('Ctrl Pts',(7.38242018893865,-2.10078164281666,9.30832669744106));
#2307=CARTESIAN_POINT('Ctrl Pts',(7.54173391567785,-2.02946642778814,8.94228863272293));
#2308=CARTESIAN_POINT('Ctrl Pts',(7.70797267100339,-1.93987373418177,8.5138279735698));
#2309=CARTESIAN_POINT('Ctrl Pts',(7.82820327580938,-1.87160128605027,8.19298727756943));
#2310=CARTESIAN_POINT('Ctrl Pts',(7.99955931644525,-1.76355795901772,7.70144547055523));
#2311=CARTESIAN_POINT('Ctrl Pts',(8.16613431386791,-1.63628650039443,7.14841341537269));
#2312=CARTESIAN_POINT('Ctrl Pts',(8.27026951919795,-1.54462100781406,6.7589715469179));
#2313=CARTESIAN_POINT('Ctrl Pts',(8.40117013939444,-1.42399796561418,6.24972403937043));
#2314=CARTESIAN_POINT('Ctrl Pts',(8.55915768162986,-1.24896543251896,5.52676061349865));
#2315=CARTESIAN_POINT('Ctrl Pts',(8.69332429115234,-1.04066792159888,4.68224912999132));
#2316=CARTESIAN_POINT('Ctrl Pts',(8.80005412970541,-0.841871149483066,3.88052419277172));
#2317=CARTESIAN_POINT('Ctrl Pts',(8.91617493841223,-0.557909898520111,2.74185890460554));
#2318=CARTESIAN_POINT('Ctrl Pts',(8.99177429844783,-0.150716978403683,1.11579015829325));
#2319=CARTESIAN_POINT('Ctrl Pts',(9.00128282868127,0.158008585519506,-0.118605372876896));
#2320=CARTESIAN_POINT('Ctrl Pts',(9.,0.265802864939578,-0.549999999999997));
#2321=CARTESIAN_POINT('Ctrl Pts',(7.18662691517542,-3.75656706792888,9.18401465388751));
#2322=CARTESIAN_POINT('Ctrl Pts',(7.32864929463764,-3.73962128681621,8.88506045674563));
#2323=CARTESIAN_POINT('Ctrl Pts',(7.49688207856842,-3.70288320250916,8.49592333779491));
#2324=CARTESIAN_POINT('Ctrl Pts',(7.66822322296,-3.64453959110215,8.04934475983101));
#2325=CARTESIAN_POINT('Ctrl Pts',(7.79131553291624,-3.59796302053716,7.7167634676945));
#2326=CARTESIAN_POINT('Ctrl Pts',(7.96432179309289,-3.5182860549034,7.21266723248195));
#2327=CARTESIAN_POINT('Ctrl Pts',(8.12886434632886,-3.41583550908534,6.6557334306975));
#2328=CARTESIAN_POINT('Ctrl Pts',(8.2307104710876,-3.33973397533377,6.26841784344847));
#2329=CARTESIAN_POINT('Ctrl Pts',(8.3583720372456,-3.23882308624352,5.76388865518784));
#2330=CARTESIAN_POINT('Ctrl Pts',(8.51082277603353,-3.0888619237098,5.05781587087549));
#2331=CARTESIAN_POINT('Ctrl Pts',(8.64169178131226,-2.91061074226872,4.25145017277051));
#2332=CARTESIAN_POINT('Ctrl Pts',(8.74741299227479,-2.74162646926484,3.4935719501462));
#2333=CARTESIAN_POINT('Ctrl Pts',(8.86606785480068,-2.50258821458181,2.43031579918331));
#2334=CARTESIAN_POINT('Ctrl Pts',(8.95942941399919,-2.17075760613055,0.945584305031578));
#2335=CARTESIAN_POINT('Ctrl Pts',(8.99212684276879,-1.92786182359574,-0.163884135579838));
#2336=CARTESIAN_POINT('Ctrl Pts',(9.,-1.84407461645488,-0.549999999999997));
#2337=CARTESIAN_POINT('Ctrl Pts',(6.73178117610338,-5.77621710632983,8.68045934337084));
#2338=CARTESIAN_POINT('Ctrl Pts',(6.90039527346409,-5.80543841528363,8.31967640427745));
#2339=CARTESIAN_POINT('Ctrl Pts',(7.09845807614292,-5.82933344553558,7.85988902162269));
#2340=CARTESIAN_POINT('Ctrl Pts',(7.29856230243118,-5.84072699481568,7.34706893810046));
#2341=CARTESIAN_POINT('Ctrl Pts',(7.44203417273629,-5.8460902167591,6.96843263203811));
#2342=CARTESIAN_POINT('Ctrl Pts',(7.64284181532704,-5.8450697735169,6.40455565939168));
#2343=CARTESIAN_POINT('Ctrl Pts',(7.832500241529,-5.82852134526446,5.80301846986257));
#2344=CARTESIAN_POINT('Ctrl Pts',(7.94982723735099,-5.81137432232428,5.39633743649745));
#2345=CARTESIAN_POINT('Ctrl Pts',(8.09695463719524,-5.78694128111887,4.87136615389968));
#2346=CARTESIAN_POINT('Ctrl Pts',(8.27332107504083,-5.74232210251861,4.1622839620784));
#2347=CARTESIAN_POINT('Ctrl Pts',(8.43126518874796,-5.68172687707341,3.40302307448201));
#2348=CARTESIAN_POINT('Ctrl Pts',(8.56342105077415,-5.62235342707861,2.71128873810534));
#2349=CARTESIAN_POINT('Ctrl Pts',(8.72131250370854,-5.53547035184128,1.77901281237019));
#2350=CARTESIAN_POINT('Ctrl Pts',(8.8805190873274,-5.41271729480351,0.5783736287942));
#2351=CARTESIAN_POINT('Ctrl Pts',(8.97106957223583,-5.32441105983463,-0.262739217599107));
#2352=CARTESIAN_POINT('Ctrl Pts',(9.,-5.29423134636148,-0.549999999999997));
#2353=CARTESIAN_POINT('Ctrl Pts',(6.3185661261871,-6.36215228383249,8.53436929576854));
#2354=CARTESIAN_POINT('Ctrl Pts',(6.50219077347306,-6.4093582747383,8.13685102948728));
#2355=CARTESIAN_POINT('Ctrl Pts',(6.72091878327739,-6.4631273457606,7.63253069584642));
#2356=CARTESIAN_POINT('Ctrl Pts',(6.94524013554626,-6.51497990523636,7.07528837625213));
#2357=CARTESIAN_POINT('Ctrl Pts',(7.10679974719385,-6.55159409056911,6.66513521198537));
#2358=CARTESIAN_POINT('Ctrl Pts',(7.33507097589729,-6.60106433163396,6.05838822723367));
#2359=CARTESIAN_POINT('Ctrl Pts',(7.5540075183995,-6.64384890110133,5.42111157388773));
#2360=CARTESIAN_POINT('Ctrl Pts',(7.69075701729154,-6.66828702271833,4.99629186709811));
#2361=CARTESIAN_POINT('Ctrl Pts',(7.86279563681449,-6.69805732473758,4.45047496046245));
#2362=CARTESIAN_POINT('Ctrl Pts',(8.07192860701345,-6.72911077613051,3.72720076246816));
#2363=CARTESIAN_POINT('Ctrl Pts',(8.26361925784863,-6.75032462458305,2.9818483935738));
#2364=CARTESIAN_POINT('Ctrl Pts',(8.42607167967993,-6.76527210081799,2.31619778774757));
#2365=CARTESIAN_POINT('Ctrl Pts',(8.6240607442736,-6.7779670644697,1.44322893074986));
#2366=CARTESIAN_POINT('Ctrl Pts',(8.83381033717172,-6.77926462335744,0.385559838834984));
#2367=CARTESIAN_POINT('Ctrl Pts',(8.9592591274556,-6.77362359158177,-0.315021556823093));
#2368=CARTESIAN_POINT('Ctrl Pts',(9.,-6.77107500526778,-0.549999999999997));
#2369=CARTESIAN_POINT('Ctrl Pts',(6.23249255303635,-6.47947109312974,8.50511843135052));
#2370=CARTESIAN_POINT('Ctrl Pts',(6.42026714804859,-6.53028960702245,8.0962586350892));
#2371=CARTESIAN_POINT('Ctrl Pts',(6.64359047296848,-6.58830975545208,7.57788365733078));
#2372=CARTESIAN_POINT('Ctrl Pts',(6.87244087193164,-6.64475633491731,7.00678610532384));
#2373=CARTESIAN_POINT('Ctrl Pts',(7.03723782938616,-6.68474875771468,6.58685263600337));
#2374=CARTESIAN_POINT('Ctrl Pts',(7.27003410020171,-6.73923084418681,5.96698000168961));
#2375=CARTESIAN_POINT('Ctrl Pts',(7.49349410154025,-6.78756045818544,5.31937546682604));
#2376=CARTESIAN_POINT('Ctrl Pts',(7.63328925458048,-6.81593670610155,4.88959451276283));
#2377=CARTESIAN_POINT('Ctrl Pts',(7.80926493588648,-6.85087573508344,4.33822127137164));
#2378=CARTESIAN_POINT('Ctrl Pts',(8.02378496783202,-6.88938922691778,3.61200095356487));
#2379=CARTESIAN_POINT('Ctrl Pts',(8.2217974541578,-6.91965844007347,2.87164918468766));
#2380=CARTESIAN_POINT('Ctrl Pts',(8.39031163472484,-6.94333753885932,2.21400104900797));
#2381=CARTESIAN_POINT('Ctrl Pts',(8.59703136094851,-6.96866406114232,1.3579161506904));
#2382=CARTESIAN_POINT('Ctrl Pts',(8.81978329679832,-6.98856407368916,0.337448059411886));
#2383=CARTESIAN_POINT('Ctrl Pts',(8.95557594446134,-6.99742337041554,-0.328027248314653));
#2384=CARTESIAN_POINT('Ctrl Pts',(9.,-6.99999999999999,-0.549999999999997));
#2385=CARTESIAN_POINT('Ctrl Pts',(6.23249255303635,-6.47947109312975,8.50511843135051));
#2386=CARTESIAN_POINT('Ctrl Pts',(6.46770589981835,-6.54312822806012,7.99296565031555));
#2387=CARTESIAN_POINT('Ctrl Pts',(6.94603562187348,-6.66600237814819,6.8641227348825));
#2388=CARTESIAN_POINT('Ctrl Pts',(7.6464327483916,-6.82466696457102,4.9295752338992));
#2389=CARTESIAN_POINT('Ctrl Pts',(8.36723662054971,-6.94957648290415,2.42975873049326));
#2390=CARTESIAN_POINT('Ctrl Pts',(8.78272338065246,-6.98739778800847,0.535661551802573));
#2391=CARTESIAN_POINT('Ctrl Pts',(9.,-7.,-0.549999999999999));
#2392=CARTESIAN_POINT('Ctrl Pts',(6.23249255303635,-6.47947109312975,8.50511843135052));
#2393=CARTESIAN_POINT('Ctrl Pts',(6.46770589981834,-6.54312822806012,7.99296565031555));
#2394=CARTESIAN_POINT('Ctrl Pts',(6.69158361416447,-6.60063831494276,7.46462137206926));
#2395=CARTESIAN_POINT('Ctrl Pts',(7.14177816345013,-6.7103449492821,6.32346768318958));
#2396=CARTESIAN_POINT('Ctrl Pts',(7.37211127808941,-6.76246215333016,5.68645746407889));
#2397=CARTESIAN_POINT('Ctrl Pts',(7.83449162477601,-6.8572560565207,4.27736913324357));
#2398=CARTESIAN_POINT('Ctrl Pts',(8.0679526660698,-6.89759969303377,3.46620205154998));
#2399=CARTESIAN_POINT('Ctrl Pts',(8.54823841148349,-6.9660528778623,1.60461816172797));
#2400=CARTESIAN_POINT('Ctrl Pts',(8.78536832529745,-6.98755119684381,0.522445612064803));
#2401=CARTESIAN_POINT('Ctrl Pts',(9.,-7.,-0.549999999999999));
#2402=CARTESIAN_POINT('Ctrl Pts',(6.0075004948755,-6.7861366514253,8.42865812015989));
#2403=CARTESIAN_POINT('Ctrl Pts',(6.25630214114263,-6.86162237974537,7.87936942413186));
#2404=CARTESIAN_POINT('Ctrl Pts',(6.49198109731771,-6.93024010286755,7.3137957813567));
#2405=CARTESIAN_POINT('Ctrl Pts',(6.96533661491244,-7.06394304364981,6.10244528214821));
#2406=CARTESIAN_POINT('Ctrl Pts',(7.20715904437864,-7.1294820188628,5.43275397322643));
#2407=CARTESIAN_POINT('Ctrl Pts',(7.69558679601649,-7.2577052194424,3.97879331000928));
#2408=CARTESIAN_POINT('Ctrl Pts',(7.94454434888504,-7.31996063835362,3.16112507742098));
#2409=CARTESIAN_POINT('Ctrl Pts',(8.46916436158463,-7.45222235383677,1.35461867836762));
#2410=CARTESIAN_POINT('Ctrl Pts',(8.73885297841415,-7.52122284919533,0.358195219909709));
#2411=CARTESIAN_POINT('Ctrl Pts',(9.,-7.59839860068377,-0.549999999999999));
#2412=CARTESIAN_POINT('Ctrl Pts',(5.5297581774231,-7.23393622467908,8.3170091468865));
#2413=CARTESIAN_POINT('Ctrl Pts',(5.77763894765443,-7.34642203835673,7.76131537689764));
#2414=CARTESIAN_POINT('Ctrl Pts',(6.01368884980442,-7.45282193684741,7.18968491089209));
#2415=CARTESIAN_POINT('Ctrl Pts',(6.48876511384939,-7.66702821182557,5.96835451402889));
#2416=CARTESIAN_POINT('Ctrl Pts',(6.73214226277328,-7.7768248774789,5.29508287276154));
#2417=CARTESIAN_POINT('Ctrl Pts',(7.22349569911846,-8.00047759536329,3.8414733101184));
#2418=CARTESIAN_POINT('Ctrl Pts',(7.47366242498669,-8.1158932869673,3.0298119521078));
#2419=CARTESIAN_POINT('Ctrl Pts',(7.99400144685543,-8.36510900582432,1.25799292438934));
#2420=CARTESIAN_POINT('Ctrl Pts',(8.25571651024254,-8.49822198936204,0.297801910257761));
#2421=CARTESIAN_POINT('Ctrl Pts',(8.49794191499367,-8.63464016089536,-0.549999999999999));
#2422=CARTESIAN_POINT('Ctrl Pts',(4.88691434453825,-7.54383833972052,8.23974187146634));
#2423=CARTESIAN_POINT('Ctrl Pts',(5.1032657057727,-7.66711740666502,7.72347690067079));
#2424=CARTESIAN_POINT('Ctrl Pts',(5.3096883734264,-7.78401225639215,7.19228307158374));
#2425=CARTESIAN_POINT('Ctrl Pts',(5.72522954621901,-8.01857728107437,6.05014505765806));
#2426=CARTESIAN_POINT('Ctrl Pts',(5.93818506399859,-8.13828949929396,5.41589401625636));
#2427=CARTESIAN_POINT('Ctrl Pts',(6.36684453894975,-8.37896847498314,4.02501405469377));
#2428=CARTESIAN_POINT('Ctrl Pts',(6.58403554780817,-8.50070596573698,3.23280410489158));
#2429=CARTESIAN_POINT('Ctrl Pts',(7.03065252586181,-8.7535528293137,1.44359664615384));
#2430=CARTESIAN_POINT('Ctrl Pts',(7.25092106859711,-8.88043317105852,0.425687343571263));
#2431=CARTESIAN_POINT('Ctrl Pts',(7.44879895051282,-9.,-0.549999999999999));
#2432=CARTESIAN_POINT('Ctrl Pts',(4.58036630692614,-7.65511712832873,8.21199695334385));
#2433=CARTESIAN_POINT('Ctrl Pts',(4.77932116802853,-7.77066877504608,7.71323972190856));
#2434=CARTESIAN_POINT('Ctrl Pts',(4.97004654693544,-7.88065975735408,7.2000852691374));
#2435=CARTESIAN_POINT('Ctrl Pts',(5.35592920732509,-8.10165877013544,6.09338005260281));
#2436=CARTESIAN_POINT('Ctrl Pts',(5.55499287123374,-8.21463479177453,5.47665234154427));
#2437=CARTESIAN_POINT('Ctrl Pts',(5.95800223212549,-8.44079680778129,4.11376754182133));
#2438=CARTESIAN_POINT('Ctrl Pts',(6.16395701938188,-8.5544216517691,3.33007285437668));
#2439=CARTESIAN_POINT('Ctrl Pts',(6.59121559765858,-8.78626909399718,1.53164186259416));
#2440=CARTESIAN_POINT('Ctrl Pts',(6.80511568877458,-8.89908885794984,0.486279521045113));
#2441=CARTESIAN_POINT('Ctrl Pts',(7.,-9.,-0.549999999999999));
#2442=UNCERTAINTY_MEASURE_WITH_UNIT(LENGTH_MEASURE(0.01),#2446,
'DISTANCE_ACCURACY_VALUE',
'Maximum model space distance between geometric entities at asserted c
onnectivities');
#2443=UNCERTAINTY_MEASURE_WITH_UNIT(LENGTH_MEASURE(0.01),#2446,
'DISTANCE_ACCURACY_VALUE',
'Maximum model space distance between geometric entities at asserted c
onnectivities');
#2444=(
GEOMETRIC_REPRESENTATION_CONTEXT(3)
GLOBAL_UNCERTAINTY_ASSIGNED_CONTEXT((#2442))
GLOBAL_UNIT_ASSIGNED_CONTEXT((#2446,#2448,#2449))
REPRESENTATION_CONTEXT('','3D')
);
#2445=(
GEOMETRIC_REPRESENTATION_CONTEXT(3)
GLOBAL_UNCERTAINTY_ASSIGNED_CONTEXT((#2443))
GLOBAL_UNIT_ASSIGNED_CONTEXT((#2446,#2448,#2449))
REPRESENTATION_CONTEXT('','3D')
);
#2446=(
LENGTH_UNIT()
NAMED_UNIT(*)
SI_UNIT(.MILLI.,.METRE.)
);
#2447=(
LENGTH_UNIT()
NAMED_UNIT(*)
SI_UNIT($,.METRE.)
);
#2448=(
NAMED_UNIT(*)
PLANE_ANGLE_UNIT()
SI_UNIT($,.RADIAN.)
);
#2449=(
NAMED_UNIT(*)
SI_UNIT($,.STERADIAN.)
SOLID_ANGLE_UNIT()
);
#2450=SHAPE_DEFINITION_REPRESENTATION(#2451,#2452);
#2451=PRODUCT_DEFINITION_SHAPE('',$,#2454);
#2452=SHAPE_REPRESENTATION('',(#244),#2444);
#2453=PRODUCT_DEFINITION_CONTEXT('part definition',#2458,'design');
#2454=PRODUCT_DEFINITION('2026-09-19-15-38-18-501',
'CLP_Dished_Tilt14_R4',#2455,#2453);
#2455=PRODUCT_DEFINITION_FORMATION('',$,#2460);
#2456=PRODUCT_RELATED_PRODUCT_CATEGORY('CLP_Dished_Tilt14_R4',
'CLP_Dished_Tilt14_R4',(#2460));
#2457=APPLICATION_PROTOCOL_DEFINITION('international standard',
'automotive_design',2009,#2458);
#2458=APPLICATION_CONTEXT(
'Core Data for Automotive Mechanical Design Process');
#2459=PRODUCT_CONTEXT('part definition',#2458,'mechanical');
#2460=PRODUCT('2026-09-19-15-38-18-501','CLP_Dished_Tilt14_R4',$,(#2459));
#2461=PRESENTATION_STYLE_ASSIGNMENT((#2462));
#2462=SURFACE_STYLE_USAGE(.BOTH.,#2463);
#2463=SURFACE_SIDE_STYLE('',(#2464));
#2464=SURFACE_STYLE_FILL_AREA(#2465);
#2465=FILL_AREA_STYLE('Steel - Satin',(#2466));
#2466=FILL_AREA_STYLE_COLOUR('Steel - Satin',#2467);
#2467=COLOUR_RGB('Steel - Satin',0.627450980392157,0.627450980392157,0.627450980392157);
ENDSEC;
END-ISO-10303-21;
