ISO-10303-21;
HEADER;
/* Generated by software containing ST-Developer
 * from STEP Tools, Inc. (www.steptools.com) 
 */

FILE_DESCRIPTION(
/* description */ (''),
/* implementation_level */ '2;1');

FILE_NAME(
/* name */ 'CLP_Base_Tilt14_Doubleslant.step',
/* time_stamp */ '2026-10-03T20:58:59+08:00',
/* author */ (''),
/* organization */ (''),
/* preprocessor_version */ 'ST-DEVELOPER v20.2',
/* originating_system */ 'Autodesk Translation Framework v15.15.0.0',
/* authorisation */ '');

FILE_SCHEMA (('AUTOMOTIVE_DESIGN { 1 0 10303 214 3 1 1 }'));
ENDSEC;

DATA;
#10=MECHANICAL_DESIGN_GEOMETRIC_PRESENTATION_REPRESENTATION('',(#13),#2638);
#11=SHAPE_REPRESENTATION_RELATIONSHIP('SRR','None',#2645,#12);
#12=ADVANCED_BREP_SHAPE_REPRESENTATION('',(#14),#2637);
#13=STYLED_ITEM('',(#2654),#14);
#14=MANIFOLD_SOLID_BREP('Body3',#244);
#15=FACE_BOUND('',#77,.T.);
#16=CIRCLE('',#260,2.);
#17=CIRCLE('',#261,2.);
#18=CIRCLE('',#262,2.);
#19=CIRCLE('',#263,2.);
#20=LINE('',#1725,#24);
#21=LINE('',#1729,#25);
#22=LINE('',#1733,#26);
#23=LINE('',#1737,#27);
#24=VECTOR('',#270,10.);
#25=VECTOR('',#273,10.);
#26=VECTOR('',#276,10.);
#27=VECTOR('',#279,10.);
#28=(
BOUNDED_CURVE()
B_SPLINE_CURVE(5,(#1331,#1332,#1333,#1334,#1335,#1336,#1337),
 .UNSPECIFIED.,.F.,.F.)
B_SPLINE_CURVE_WITH_KNOTS((6,1,6),(1.,1.05,1.09824157608255),
 .UNSPECIFIED.)
CURVE()
GEOMETRIC_REPRESENTATION_ITEM()
RATIONAL_B_SPLINE_CURVE((1.,1.,1.,1.,1.,1.,1.))
REPRESENTATION_ITEM('')
);
#29=(
BOUNDED_CURVE()
B_SPLINE_CURVE(5,(#1339,#1340,#1341,#1342,#1343,#1344,#1345,#1346,#1347,
#1348),.UNSPECIFIED.,.F.,.F.)
B_SPLINE_CURVE_WITH_KNOTS((6,1,1,1,1,6),(0.,0.2,0.4,0.6,0.8,1.),
 .UNSPECIFIED.)
CURVE()
GEOMETRIC_REPRESENTATION_ITEM()
RATIONAL_B_SPLINE_CURVE((1.,1.,1.,1.,1.,1.,1.,1.,1.,1.))
REPRESENTATION_ITEM('')
);
#30=(
BOUNDED_CURVE()
B_SPLINE_CURVE(5,(#1361,#1362,#1363,#1364,#1365,#1366,#1367,#1368),
 .UNSPECIFIED.,.F.,.F.)
B_SPLINE_CURVE_WITH_KNOTS((6,1,1,6),(0.157463613762158,0.2,0.25,0.255108750268019),
 .UNSPECIFIED.)
CURVE()
GEOMETRIC_REPRESENTATION_ITEM()
RATIONAL_B_SPLINE_CURVE((1.,1.,1.,1.,1.,1.,1.,1.))
REPRESENTATION_ITEM('')
);
#31=(
BOUNDED_CURVE()
B_SPLINE_CURVE(5,(#1369,#1370,#1371,#1372,#1373,#1374,#1375,#1376),
 .UNSPECIFIED.,.F.,.F.)
B_SPLINE_CURVE_WITH_KNOTS((6,1,1,6),(0.0982415760825517,0.1,0.15,0.157463613762158),
 .UNSPECIFIED.)
CURVE()
GEOMETRIC_REPRESENTATION_ITEM()
RATIONAL_B_SPLINE_CURVE((1.,1.,1.,1.,1.,1.,1.,1.))
REPRESENTATION_ITEM('')
);
#32=(
BOUNDED_CURVE()
B_SPLINE_CURVE(5,(#1458,#1459,#1460,#1461,#1462,#1463,#1464,#1465),
 .UNSPECIFIED.,.F.,.F.)
B_SPLINE_CURVE_WITH_KNOTS((6,1,1,6),(0.255108750268019,0.3,0.35,0.351441232377932),
 .UNSPECIFIED.)
CURVE()
GEOMETRIC_REPRESENTATION_ITEM()
RATIONAL_B_SPLINE_CURVE((1.,1.,1.,1.,1.,1.,1.,1.))
REPRESENTATION_ITEM('')
);
#33=(
BOUNDED_CURVE()
B_SPLINE_CURVE(5,(#1467,#1468,#1469,#1470,#1471,#1472,#1473,#1474,#1475,
#1476),.UNSPECIFIED.,.F.,.F.)
B_SPLINE_CURVE_WITH_KNOTS((6,1,1,1,1,6),(0.,0.2,0.4,0.6,0.8,1.),
 .UNSPECIFIED.)
CURVE()
GEOMETRIC_REPRESENTATION_ITEM()
RATIONAL_B_SPLINE_CURVE((1.,1.,1.,1.,1.,1.,1.,1.,1.,1.))
REPRESENTATION_ITEM('')
);
#34=(
BOUNDED_CURVE()
B_SPLINE_CURVE(5,(#1478,#1479,#1480,#1481,#1482,#1483,#1484),
 .UNSPECIFIED.,.F.,.F.)
B_SPLINE_CURVE_WITH_KNOTS((6,1,6),(0.407798530265676,0.45,0.5),
 .UNSPECIFIED.)
CURVE()
GEOMETRIC_REPRESENTATION_ITEM()
RATIONAL_B_SPLINE_CURVE((1.,1.,1.,1.,1.,1.,1.))
REPRESENTATION_ITEM('')
);
#35=(
BOUNDED_CURVE()
B_SPLINE_CURVE(5,(#1485,#1486,#1487,#1488,#1489,#1490,#1491),
 .UNSPECIFIED.,.F.,.F.)
B_SPLINE_CURVE_WITH_KNOTS((6,1,6),(0.351441232377932,0.4,0.407798530265676),
 .UNSPECIFIED.)
CURVE()
GEOMETRIC_REPRESENTATION_ITEM()
RATIONAL_B_SPLINE_CURVE((1.,1.,1.,1.,1.,1.,1.))
REPRESENTATION_ITEM('')
);
#36=(
BOUNDED_CURVE()
B_SPLINE_CURVE(5,(#1563,#1564,#1565,#1566,#1567,#1568,#1569),
 .UNSPECIFIED.,.F.,.F.)
B_SPLINE_CURVE_WITH_KNOTS((6,1,6),(0.5,0.55,0.592191866770839),
 .UNSPECIFIED.)
CURVE()
GEOMETRIC_REPRESENTATION_ITEM()
RATIONAL_B_SPLINE_CURVE((1.,1.,1.,1.,1.,1.,1.))
REPRESENTATION_ITEM('')
);
#37=(
BOUNDED_CURVE()
B_SPLINE_CURVE(5,(#1582,#1583,#1584,#1585,#1586,#1587,#1588,#1589),
 .UNSPECIFIED.,.F.,.F.)
B_SPLINE_CURVE_WITH_KNOTS((6,1,1,6),(0.648544113491465,0.65,0.7,0.744855923998415),
 .UNSPECIFIED.)
CURVE()
GEOMETRIC_REPRESENTATION_ITEM()
RATIONAL_B_SPLINE_CURVE((1.,1.,1.,1.,1.,1.,1.,1.))
REPRESENTATION_ITEM('')
);
#38=(
BOUNDED_CURVE()
B_SPLINE_CURVE(5,(#1590,#1591,#1592,#1593,#1594,#1595,#1596),
 .UNSPECIFIED.,.F.,.F.)
B_SPLINE_CURVE_WITH_KNOTS((6,1,6),(0.592191866770839,0.6,0.648544113491465),
 .UNSPECIFIED.)
CURVE()
GEOMETRIC_REPRESENTATION_ITEM()
RATIONAL_B_SPLINE_CURVE((1.,1.,1.,1.,1.,1.,1.))
REPRESENTATION_ITEM('')
);
#39=(
BOUNDED_CURVE()
B_SPLINE_CURVE(5,(#1698,#1699,#1700,#1701,#1702,#1703,#1704,#1705),
 .UNSPECIFIED.,.F.,.F.)
B_SPLINE_CURVE_WITH_KNOTS((6,1,1,6),(0.744855923998415,0.75,0.8,0.842522306770136),
 .UNSPECIFIED.)
CURVE()
GEOMETRIC_REPRESENTATION_ITEM()
RATIONAL_B_SPLINE_CURVE((1.,1.,1.,1.,1.,1.,1.,1.))
REPRESENTATION_ITEM('')
);
#40=(
BOUNDED_CURVE()
B_SPLINE_CURVE(5,(#1707,#1708,#1709,#1710,#1711,#1712,#1713),
 .UNSPECIFIED.,.F.,.F.)
B_SPLINE_CURVE_WITH_KNOTS((6,1,6),(0.901748532171202,0.95,1.),
 .UNSPECIFIED.)
CURVE()
GEOMETRIC_REPRESENTATION_ITEM()
RATIONAL_B_SPLINE_CURVE((1.,1.,1.,1.,1.,1.,1.))
REPRESENTATION_ITEM('')
);
#41=(
BOUNDED_CURVE()
B_SPLINE_CURVE(5,(#1714,#1715,#1716,#1717,#1718,#1719,#1720,#1721),
 .UNSPECIFIED.,.F.,.F.)
B_SPLINE_CURVE_WITH_KNOTS((6,1,1,6),(0.842522306770136,0.85,0.9,0.901748532171202),
 .UNSPECIFIED.)
CURVE()
GEOMETRIC_REPRESENTATION_ITEM()
RATIONAL_B_SPLINE_CURVE((1.,1.,1.,1.,1.,1.,1.,1.))
REPRESENTATION_ITEM('')
);
#42=B_SPLINE_SURFACE_WITH_KNOTS('',3,3,((#454,#455,#456,#457,#458,#459,
#460,#461,#462,#463,#464,#465),(#466,#467,#468,#469,#470,#471,#472,#473,
#474,#475,#476,#477),(#478,#479,#480,#481,#482,#483,#484,#485,#486,#487,
#488,#489),(#490,#491,#492,#493,#494,#495,#496,#497,#498,#499,#500,#501),
(#502,#503,#504,#505,#506,#507,#508,#509,#510,#511,#512,#513),(#514,#515,
#516,#517,#518,#519,#520,#521,#522,#523,#524,#525),(#526,#527,#528,#529,
#530,#531,#532,#533,#534,#535,#536,#537),(#538,#539,#540,#541,#542,#543,
#544,#545,#546,#547,#548,#549),(#550,#551,#552,#553,#554,#555,#556,#557,
#558,#559,#560,#561),(#562,#563,#564,#565,#566,#567,#568,#569,#570,#571,
#572,#573),(#574,#575,#576,#577,#578,#579,#580,#581,#582,#583,#584,#585),
(#586,#587,#588,#589,#590,#591,#592,#593,#594,#595,#596,#597),(#598,#599,
#600,#601,#602,#603,#604,#605,#606,#607,#608,#609),(#610,#611,#612,#613,
#614,#615,#616,#617,#618,#619,#620,#621),(#622,#623,#624,#625,#626,#627,
#628,#629,#630,#631,#632,#633),(#634,#635,#636,#637,#638,#639,#640,#641,
#642,#643,#644,#645),(#646,#647,#648,#649,#650,#651,#652,#653,#654,#655,
#656,#657),(#658,#659,#660,#661,#662,#663,#664,#665,#666,#667,#668,#669),
(#670,#671,#672,#673,#674,#675,#676,#677,#678,#679,#680,#681),(#682,#683,
#684,#685,#686,#687,#688,#689,#690,#691,#692,#693),(#694,#695,#696,#697,
#698,#699,#700,#701,#702,#703,#704,#705),(#706,#707,#708,#709,#710,#711,
#712,#713,#714,#715,#716,#717),(#718,#719,#720,#721,#722,#723,#724,#725,
#726,#727,#728,#729),(#730,#731,#732,#733,#734,#735,#736,#737,#738,#739,
#740,#741),(#742,#743,#744,#745,#746,#747,#748,#749,#750,#751,#752,#753),
(#754,#755,#756,#757,#758,#759,#760,#761,#762,#763,#764,#765),(#766,#767,
#768,#769,#770,#771,#772,#773,#774,#775,#776,#777),(#778,#779,#780,#781,
#782,#783,#784,#785,#786,#787,#788,#789),(#790,#791,#792,#793,#794,#795,
#796,#797,#798,#799,#800,#801),(#802,#803,#804,#805,#806,#807,#808,#809,
#810,#811,#812,#813),(#814,#815,#816,#817,#818,#819,#820,#821,#822,#823,
#824,#825),(#826,#827,#828,#829,#830,#831,#832,#833,#834,#835,#836,#837),
(#838,#839,#840,#841,#842,#843,#844,#845,#846,#847,#848,#849),(#850,#851,
#852,#853,#854,#855,#856,#857,#858,#859,#860,#861),(#862,#863,#864,#865,
#866,#867,#868,#869,#870,#871,#872,#873),(#874,#875,#876,#877,#878,#879,
#880,#881,#882,#883,#884,#885),(#886,#887,#888,#889,#890,#891,#892,#893,
#894,#895,#896,#897),(#898,#899,#900,#901,#902,#903,#904,#905,#906,#907,
#908,#909),(#910,#911,#912,#913,#914,#915,#916,#917,#918,#919,#920,#921),
(#922,#923,#924,#925,#926,#927,#928,#929,#930,#931,#932,#933),(#934,#935,
#936,#937,#938,#939,#940,#941,#942,#943,#944,#945),(#946,#947,#948,#949,
#950,#951,#952,#953,#954,#955,#956,#957),(#958,#959,#960,#961,#962,#963,
#964,#965,#966,#967,#968,#969),(#970,#971,#972,#973,#974,#975,#976,#977,
#978,#979,#980,#981),(#982,#983,#984,#985,#986,#987,#988,#989,#990,#991,
#992,#993),(#994,#995,#996,#997,#998,#999,#1000,#1001,#1002,#1003,#1004,
#1005),(#1006,#1007,#1008,#1009,#1010,#1011,#1012,#1013,#1014,#1015,#1016,
#1017),(#1018,#1019,#1020,#1021,#1022,#1023,#1024,#1025,#1026,#1027,#1028,
#1029),(#1030,#1031,#1032,#1033,#1034,#1035,#1036,#1037,#1038,#1039,#1040,
#1041),(#1042,#1043,#1044,#1045,#1046,#1047,#1048,#1049,#1050,#1051,#1052,
#1053)),.UNSPECIFIED.,.T.,.F.,.F.,(4,2,2,1,2,2,2,2,2,1,2,2,2,2,2,1,2,2,
2,2,1,2,1,1,2,1,1,2,4),(4,1,1,1,1,1,1,1,1,4),(0.,0.0990554264175545,0.114926116956331,
0.124960123345537,0.134994129734744,0.150920458506812,0.249975373276449,
0.349030288045547,0.364963583300886,0.374998197338802,0.385032811376718,
0.400895320135786,0.499950746552652,0.599017810389496,0.614959057543038,
0.624990616484035,0.635022175425032,0.650895769566227,0.749975373276204,
0.813599239562436,0.839263905344946,0.864928571127455,0.86994435059796,
0.877468019803717,0.884991689009474,0.897059115480799,0.909126541952124,
0.933261394894774,1.),(0.,0.142857142857143,0.214285714285714,0.321428571428572,
0.428571428571429,0.571428571428571,0.714285714285714,0.857142857142857,
0.928571428571429,1.),.UNSPECIFIED.);
#43=B_SPLINE_SURFACE_WITH_KNOTS('',3,3,((#1239,#1240,#1241,#1242,#1243,
#1244,#1245,#1246,#1247,#1248),(#1249,#1250,#1251,#1252,#1253,#1254,#1255,
#1256,#1257,#1258),(#1259,#1260,#1261,#1262,#1263,#1264,#1265,#1266,#1267,
#1268),(#1269,#1270,#1271,#1272,#1273,#1274,#1275,#1276,#1277,#1278),(#1279,
#1280,#1281,#1282,#1283,#1284,#1285,#1286,#1287,#1288),(#1289,#1290,#1291,
#1292,#1293,#1294,#1295,#1296,#1297,#1298),(#1299,#1300,#1301,#1302,#1303,
#1304,#1305,#1306,#1307,#1308),(#1309,#1310,#1311,#1312,#1313,#1314,#1315,
#1316,#1317,#1318),(#1319,#1320,#1321,#1322,#1323,#1324,#1325,#1326,#1327,
#1328)),.UNSPECIFIED.,.F.,.F.,.F.,(4,1,1,2,1,4),(4,1,1,1,1,1,1,4),(0.,0.123448226371458,
0.370344679114373,0.617241131857288,0.770344679114373,1.),(0.,0.142857142857143,
0.285714285714286,0.428571428571429,0.571428571428571,0.785714285714286,
0.857142857142857,1.),.UNSPECIFIED.);
#44=B_SPLINE_SURFACE_WITH_KNOTS('',3,3,((#1377,#1378,#1379,#1380,#1381,
#1382,#1383,#1384,#1385,#1386),(#1387,#1388,#1389,#1390,#1391,#1392,#1393,
#1394,#1395,#1396),(#1397,#1398,#1399,#1400,#1401,#1402,#1403,#1404,#1405,
#1406),(#1407,#1408,#1409,#1410,#1411,#1412,#1413,#1414,#1415,#1416),(#1417,
#1418,#1419,#1420,#1421,#1422,#1423,#1424,#1425,#1426),(#1427,#1428,#1429,
#1430,#1431,#1432,#1433,#1434,#1435,#1436),(#1437,#1438,#1439,#1440,#1441,
#1442,#1443,#1444,#1445,#1446),(#1447,#1448,#1449,#1450,#1451,#1452,#1453,
#1454,#1455,#1456)),.UNSPECIFIED.,.F.,.F.,.F.,(4,1,2,1,4),(4,1,1,1,1,1,
1,4),(0.,0.249400140127126,0.623500350317816,0.774100210190689,1.),(0.,
0.142857142857143,0.285714285714286,0.428571428571429,0.571428571428571,
0.785714285714286,0.857142857142857,1.),.UNSPECIFIED.);
#45=B_SPLINE_SURFACE_WITH_KNOTS('',3,3,((#1492,#1493,#1494,#1495,#1496,
#1497,#1498,#1499,#1500,#1501),(#1502,#1503,#1504,#1505,#1506,#1507,#1508,
#1509,#1510,#1511),(#1512,#1513,#1514,#1515,#1516,#1517,#1518,#1519,#1520,
#1521),(#1522,#1523,#1524,#1525,#1526,#1527,#1528,#1529,#1530,#1531),(#1532,
#1533,#1534,#1535,#1536,#1537,#1538,#1539,#1540,#1541),(#1542,#1543,#1544,
#1545,#1546,#1547,#1548,#1549,#1550,#1551),(#1552,#1553,#1554,#1555,#1556,
#1557,#1558,#1559,#1560,#1561)),.UNSPECIFIED.,.F.,.F.,.F.,(4,1,1,1,4),(4,
1,1,1,1,1,1,4),(0.,0.285714285714286,0.571428571428571,0.857142857142857,
1.),(0.,0.142857142857143,0.285714285714286,0.428571428571429,0.571428571428571,
0.785714285714286,0.857142857142857,1.),.UNSPECIFIED.);
#46=B_SPLINE_SURFACE_WITH_KNOTS('',3,3,((#1597,#1598,#1599,#1600,#1601,
#1602,#1603,#1604,#1605,#1606),(#1607,#1608,#1609,#1610,#1611,#1612,#1613,
#1614,#1615,#1616),(#1617,#1618,#1619,#1620,#1621,#1622,#1623,#1624,#1625,
#1626),(#1627,#1628,#1629,#1630,#1631,#1632,#1633,#1634,#1635,#1636),(#1637,
#1638,#1639,#1640,#1641,#1642,#1643,#1644,#1645,#1646),(#1647,#1648,#1649,
#1650,#1651,#1652,#1653,#1654,#1655,#1656),(#1657,#1658,#1659,#1660,#1661,
#1662,#1663,#1664,#1665,#1666),(#1667,#1668,#1669,#1670,#1671,#1672,#1673,
#1674,#1675,#1676),(#1677,#1678,#1679,#1680,#1681,#1682,#1683,#1684,#1685,
#1686),(#1687,#1688,#1689,#1690,#1691,#1692,#1693,#1694,#1695,#1696)),
 .UNSPECIFIED.,.F.,.F.,.F.,(4,1,2,2,1,4),(4,1,1,1,1,1,1,4),(0.,0.229673487158164,
0.382789145263607,0.61491769917406,0.845967079669624,1.),(0.,0.142857142857143,
0.285714285714286,0.428571428571429,0.571428571428571,0.785714285714286,
0.857142857142857,1.),.UNSPECIFIED.);
#47=B_SPLINE_SURFACE_WITH_KNOTS('',3,3,((#1739,#1740,#1741,#1742,#1743,
#1744,#1745,#1746,#1747,#1748,#1749,#1750,#1751,#1752,#1753,#1754),(#1755,
#1756,#1757,#1758,#1759,#1760,#1761,#1762,#1763,#1764,#1765,#1766,#1767,
#1768,#1769,#1770),(#1771,#1772,#1773,#1774,#1775,#1776,#1777,#1778,#1779,
#1780,#1781,#1782,#1783,#1784,#1785,#1786),(#1787,#1788,#1789,#1790,#1791,
#1792,#1793,#1794,#1795,#1796,#1797,#1798,#1799,#1800,#1801,#1802),(#1803,
#1804,#1805,#1806,#1807,#1808,#1809,#1810,#1811,#1812,#1813,#1814,#1815,
#1816,#1817,#1818),(#1819,#1820,#1821,#1822,#1823,#1824,#1825,#1826,#1827,
#1828,#1829,#1830,#1831,#1832,#1833,#1834),(#1835,#1836,#1837,#1838,#1839,
#1840,#1841,#1842,#1843,#1844,#1845,#1846,#1847,#1848,#1849,#1850),(#1851,
#1852,#1853,#1854,#1855,#1856,#1857,#1858,#1859,#1860,#1861,#1862,#1863,
#1864,#1865,#1866),(#1867,#1868,#1869,#1870,#1871,#1872,#1873,#1874,#1875,
#1876,#1877,#1878,#1879,#1880,#1881,#1882),(#1883,#1884,#1885,#1886,#1887,
#1888,#1889,#1890,#1891,#1892,#1893,#1894,#1895,#1896,#1897,#1898),(#1899,
#1900,#1901,#1902,#1903,#1904,#1905,#1906,#1907,#1908,#1909,#1910,#1911,
#1912,#1913,#1914),(#1915,#1916,#1917,#1918,#1919,#1920,#1921,#1922,#1923,
#1924,#1925,#1926,#1927,#1928,#1929,#1930),(#1931,#1932,#1933,#1934,#1935,
#1936,#1937,#1938,#1939,#1940,#1941,#1942,#1943,#1944,#1945,#1946),(#1947,
#1948,#1949,#1950,#1951,#1952,#1953,#1954,#1955,#1956,#1957,#1958,#1959,
#1960,#1961,#1962)),.UNSPECIFIED.,.F.,.F.,.F.,(4,1,1,1,1,2,1,1,1,1,4),(4,
1,1,1,1,1,1,1,1,1,1,1,1,4),(0.,0.0742374343382428,0.0989832457843238,0.197966491568648,
0.296949737352971,0.494916228921619,0.595932983137295,0.696949737352971,
0.797966491568648,0.873729057230405,1.),(0.,0.186114619919511,0.188547168132512,
0.214285714285714,0.321428571428572,0.398213730298345,0.402294735969797,
0.428571428571429,0.571428571428572,0.657732844500075,0.661455394787372,
0.714285714285714,0.857142857142857,1.),.UNSPECIFIED.);
#48=B_SPLINE_SURFACE_WITH_KNOTS('',3,3,((#1977,#1978,#1979,#1980,#1981,
#1982,#1983,#1984,#1985,#1986),(#1987,#1988,#1989,#1990,#1991,#1992,#1993,
#1994,#1995,#1996),(#1997,#1998,#1999,#2000,#2001,#2002,#2003,#2004,#2005,
#2006),(#2007,#2008,#2009,#2010,#2011,#2012,#2013,#2014,#2015,#2016),(#2017,
#2018,#2019,#2020,#2021,#2022,#2023,#2024,#2025,#2026)),.UNSPECIFIED.,.F.,
 .F.,.F.,(4,1,4),(4,1,1,1,1,1,1,4),(0.,0.571428571428571,1.),(0.,0.186285028702572,
0.188547168132512,0.398595606874357,0.402294735969797,0.658002906339078,
0.661455394787371,1.),.UNSPECIFIED.);
#49=B_SPLINE_SURFACE_WITH_KNOTS('',3,3,((#2034,#2035,#2036,#2037,#2038,
#2039,#2040,#2041,#2042,#2043,#2044,#2045,#2046,#2047,#2048,#2049),(#2050,
#2051,#2052,#2053,#2054,#2055,#2056,#2057,#2058,#2059,#2060,#2061,#2062,
#2063,#2064,#2065),(#2066,#2067,#2068,#2069,#2070,#2071,#2072,#2073,#2074,
#2075,#2076,#2077,#2078,#2079,#2080,#2081),(#2082,#2083,#2084,#2085,#2086,
#2087,#2088,#2089,#2090,#2091,#2092,#2093,#2094,#2095,#2096,#2097),(#2098,
#2099,#2100,#2101,#2102,#2103,#2104,#2105,#2106,#2107,#2108,#2109,#2110,
#2111,#2112,#2113),(#2114,#2115,#2116,#2117,#2118,#2119,#2120,#2121,#2122,
#2123,#2124,#2125,#2126,#2127,#2128,#2129),(#2130,#2131,#2132,#2133,#2134,
#2135,#2136,#2137,#2138,#2139,#2140,#2141,#2142,#2143,#2144,#2145),(#2146,
#2147,#2148,#2149,#2150,#2151,#2152,#2153,#2154,#2155,#2156,#2157,#2158,
#2159,#2160,#2161),(#2162,#2163,#2164,#2165,#2166,#2167,#2168,#2169,#2170,
#2171,#2172,#2173,#2174,#2175,#2176,#2177),(#2178,#2179,#2180,#2181,#2182,
#2183,#2184,#2185,#2186,#2187,#2188,#2189,#2190,#2191,#2192,#2193),(#2194,
#2195,#2196,#2197,#2198,#2199,#2200,#2201,#2202,#2203,#2204,#2205,#2206,
#2207,#2208,#2209)),.UNSPECIFIED.,.F.,.F.,.F.,(4,1,1,1,2,1,1,4),(4,1,1,
1,1,1,1,1,1,1,1,1,1,4),(0.,0.0747793226641141,0.0997057635521522,0.299117290656457,
0.498528817760761,0.699117290656457,0.799411527104304,1.),(0.,0.142857142857143,
0.186285028702573,0.200849731568395,0.214285714285714,0.321428571428572,
0.398595606874358,0.419883635939679,0.428571428571429,0.571428571428572,
0.658002906339078,0.677014941348252,0.857142857142857,1.),.UNSPECIFIED.);
#50=B_SPLINE_SURFACE_WITH_KNOTS('',3,3,((#2217,#2218,#2219,#2220,#2221,
#2222,#2223,#2224,#2225,#2226),(#2227,#2228,#2229,#2230,#2231,#2232,#2233,
#2234,#2235,#2236),(#2237,#2238,#2239,#2240,#2241,#2242,#2243,#2244,#2245,
#2246),(#2247,#2248,#2249,#2250,#2251,#2252,#2253,#2254,#2255,#2256),(#2257,
#2258,#2259,#2260,#2261,#2262,#2263,#2264,#2265,#2266)),.UNSPECIFIED.,.F.,
 .F.,.F.,(4,1,4),(4,1,1,1,1,1,1,4),(0.,0.571428571428571,1.),(0.,0.200849731568395,
0.206804810979309,0.419883635939679,0.42860096205491,0.677014941348252,
0.684916888913669,1.),.UNSPECIFIED.);
#51=B_SPLINE_SURFACE_WITH_KNOTS('',3,3,((#2274,#2275,#2276,#2277,#2278,
#2279,#2280,#2281,#2282,#2283,#2284,#2285,#2286,#2287,#2288,#2289),(#2290,
#2291,#2292,#2293,#2294,#2295,#2296,#2297,#2298,#2299,#2300,#2301,#2302,
#2303,#2304,#2305),(#2306,#2307,#2308,#2309,#2310,#2311,#2312,#2313,#2314,
#2315,#2316,#2317,#2318,#2319,#2320,#2321),(#2322,#2323,#2324,#2325,#2326,
#2327,#2328,#2329,#2330,#2331,#2332,#2333,#2334,#2335,#2336,#2337),(#2338,
#2339,#2340,#2341,#2342,#2343,#2344,#2345,#2346,#2347,#2348,#2349,#2350,
#2351,#2352,#2353),(#2354,#2355,#2356,#2357,#2358,#2359,#2360,#2361,#2362,
#2363,#2364,#2365,#2366,#2367,#2368,#2369),(#2370,#2371,#2372,#2373,#2374,
#2375,#2376,#2377,#2378,#2379,#2380,#2381,#2382,#2383,#2384,#2385),(#2386,
#2387,#2388,#2389,#2390,#2391,#2392,#2393,#2394,#2395,#2396,#2397,#2398,
#2399,#2400,#2401),(#2402,#2403,#2404,#2405,#2406,#2407,#2408,#2409,#2410,
#2411,#2412,#2413,#2414,#2415,#2416,#2417),(#2418,#2419,#2420,#2421,#2422,
#2423,#2424,#2425,#2426,#2427,#2428,#2429,#2430,#2431,#2432,#2433)),
 .UNSPECIFIED.,.F.,.F.,.F.,(4,1,1,2,1,1,4),(4,1,1,1,1,1,1,1,1,1,1,1,1,4),
(0.,0.100819714191281,0.302459142573842,0.504098570956404,0.702459142573842,
0.801639428382562,1.),(0.,0.142857142857143,0.204189016943469,0.206804810979309,
0.214285714285714,0.424284265970506,0.428571428571429,0.42860096205491,
0.571428571428571,0.680985152603381,0.684916888913669,0.714285714285714,
0.857142857142857,1.),.UNSPECIFIED.);
#52=B_SPLINE_SURFACE_WITH_KNOTS('',3,3,((#2441,#2442,#2443,#2444,#2445,
#2446,#2447,#2448,#2449,#2450),(#2451,#2452,#2453,#2454,#2455,#2456,#2457,
#2458,#2459,#2460),(#2461,#2462,#2463,#2464,#2465,#2466,#2467,#2468,#2469,
#2470),(#2471,#2472,#2473,#2474,#2475,#2476,#2477,#2478,#2479,#2480),(#2481,
#2482,#2483,#2484,#2485,#2486,#2487,#2488,#2489,#2490)),.UNSPECIFIED.,.F.,
 .F.,.F.,(4,1,4),(4,1,1,1,1,1,1,4),(0.,0.571428571428571,1.),(0.,0.197793871973667,
0.204189016943469,0.414796662864334,0.424284265970506,0.672359180041814,
0.680985152603381,1.),.UNSPECIFIED.);
#53=B_SPLINE_SURFACE_WITH_KNOTS('',3,3,((#2498,#2499,#2500,#2501,#2502,
#2503,#2504,#2505,#2506,#2507),(#2508,#2509,#2510,#2511,#2512,#2513,#2514,
#2515,#2516,#2517),(#2518,#2519,#2520,#2521,#2522,#2523,#2524,#2525,#2526,
#2527),(#2528,#2529,#2530,#2531,#2532,#2533,#2534,#2535,#2536,#2537),(#2538,
#2539,#2540,#2541,#2542,#2543,#2544,#2545,#2546,#2547),(#2548,#2549,#2550,
#2551,#2552,#2553,#2554,#2555,#2556,#2557),(#2558,#2559,#2560,#2561,#2562,
#2563,#2564,#2565,#2566,#2567),(#2568,#2569,#2570,#2571,#2572,#2573,#2574,
#2575,#2576,#2577)),.UNSPECIFIED.,.F.,.F.,.F.,(4,1,2,1,4),(4,1,1,1,1,1,
1,4),(0.,0.200788192077323,0.501970480193307,0.800788192077323,1.),(0.,
0.183388166127385,0.197793871973667,0.393709341761869,0.414796662864334,
0.653523720013395,0.672359180041813,1.),.UNSPECIFIED.);
#54=B_SPLINE_SURFACE_WITH_KNOTS('',3,3,((#2585,#2586,#2587,#2588,#2589,
#2590,#2591,#2592,#2593,#2594),(#2595,#2596,#2597,#2598,#2599,#2600,#2601,
#2602,#2603,#2604),(#2605,#2606,#2607,#2608,#2609,#2610,#2611,#2612,#2613,
#2614),(#2615,#2616,#2617,#2618,#2619,#2620,#2621,#2622,#2623,#2624),(#2625,
#2626,#2627,#2628,#2629,#2630,#2631,#2632,#2633,#2634)),.UNSPECIFIED.,.F.,
 .F.,.F.,(4,1,4),(4,1,1,1,1,1,1,4),(0.,0.571428571428571,1.),(0.,0.183388166127385,
0.186114619919511,0.393709341761869,0.398213730298345,0.653523720013395,
0.657732844500075,1.),.UNSPECIFIED.);
#55=FACE_OUTER_BOUND('',#70,.T.);
#56=FACE_OUTER_BOUND('',#71,.T.);
#57=FACE_OUTER_BOUND('',#72,.T.);
#58=FACE_OUTER_BOUND('',#73,.T.);
#59=FACE_OUTER_BOUND('',#74,.T.);
#60=FACE_OUTER_BOUND('',#75,.T.);
#61=FACE_OUTER_BOUND('',#76,.T.);
#62=FACE_OUTER_BOUND('',#78,.T.);
#63=FACE_OUTER_BOUND('',#79,.T.);
#64=FACE_OUTER_BOUND('',#80,.T.);
#65=FACE_OUTER_BOUND('',#81,.T.);
#66=FACE_OUTER_BOUND('',#82,.T.);
#67=FACE_OUTER_BOUND('',#83,.T.);
#68=FACE_OUTER_BOUND('',#84,.T.);
#69=FACE_OUTER_BOUND('',#85,.T.);
#70=EDGE_LOOP('',(#157));
#71=EDGE_LOOP('',(#158,#159,#160,#161));
#72=EDGE_LOOP('',(#162,#163,#164,#165,#166));
#73=EDGE_LOOP('',(#167,#168,#169,#170,#171));
#74=EDGE_LOOP('',(#172,#173,#174,#175,#176));
#75=EDGE_LOOP('',(#177,#178,#179,#180,#181));
#76=EDGE_LOOP('',(#182,#183,#184,#185,#186,#187,#188,#189));
#77=EDGE_LOOP('',(#190));
#78=EDGE_LOOP('',(#191,#192,#193,#194,#195));
#79=EDGE_LOOP('',(#196,#197,#198,#199));
#80=EDGE_LOOP('',(#200,#201,#202,#203,#204));
#81=EDGE_LOOP('',(#205,#206,#207,#208));
#82=EDGE_LOOP('',(#209,#210,#211,#212,#213));
#83=EDGE_LOOP('',(#214,#215,#216,#217));
#84=EDGE_LOOP('',(#218,#219,#220,#221,#222));
#85=EDGE_LOOP('',(#223,#224,#225,#226));
#86=B_SPLINE_CURVE_WITH_KNOTS('',3,(#285,#286,#287,#288,#289,#290,#291,
#292,#293,#294,#295,#296,#297,#298,#299,#300,#301,#302,#303,#304,#305,#306,
#307,#308,#309,#310,#311,#312,#313,#314,#315,#316,#317,#318,#319,#320,#321,
#322,#323,#324,#325,#326,#327,#328,#329,#330,#331,#332,#333,#334,#335,#336,
#337,#338,#339,#340,#341,#342,#343,#344,#345,#346,#347,#348,#349,#350,#351,
#352,#353,#354,#355,#356,#357,#358,#359,#360,#361,#362,#363,#364,#365,#366,
#367,#368,#369,#370,#371,#372,#373,#374,#375,#376,#377,#378,#379,#380,#381,
#382,#383,#384,#385,#386,#387,#388,#389,#390,#391,#392,#393,#394,#395,#396,
#397,#398,#399,#400,#401,#402,#403,#404,#405,#406,#407,#408,#409,#410,#411,
#412,#413,#414,#415,#416,#417,#418,#419,#420,#421,#422,#423,#424,#425,#426,
#427,#428,#429,#430,#431,#432,#433,#434,#435,#436,#437,#438,#439,#440,#441,
#442,#443,#444,#445,#446,#447,#448,#449,#450,#451,#452,#453),
 .UNSPECIFIED.,.T.,.F.,(4,3,3,3,3,3,3,3,3,3,3,3,3,3,3,3,3,3,3,3,3,3,3,3,
3,3,3,3,3,3,3,3,3,3,3,3,3,3,3,3,3,3,3,3,3,3,3,3,3,3,3,3,3,3,3,3,4),(0.,
0.0990461762948986,0.104897105760535,0.114913320054931,0.117276666188512,
0.122397578817638,0.124961027185863,0.129986030446164,0.133934379237898,
0.135011033706465,0.142971786868081,0.148211733177934,0.150932540029698,
0.200453957270861,0.235318602973843,0.249975374512023,0.349019320344272,
0.353603735620477,0.364948673772,0.36767688294442,0.372850083926309,0.374998197236901,
0.380022962381795,0.383498392992583,0.385047727526689,0.393212075820579,
0.398900486695929,0.400906311108948,0.499950745947671,0.52602504194364,
0.599006422174906,0.603268072695538,0.614943410207873,0.617865120680553,
0.623051617351151,0.624990267977118,0.630013246902244,0.633355317776341,
0.635036225827369,0.643617697036816,0.649435075666161,0.650906045183775,
0.749975285069014,0.782768921650063,0.81359811749912,0.813599239562436,
0.839260457155724,0.864926000271751,0.864928571127455,0.869943364241915,
0.877470068545232,0.884991689009474,0.884995604521772,0.897062915332355,
0.909128940717665,0.933261394894774,1.),.UNSPECIFIED.);
#87=B_SPLINE_CURVE_WITH_KNOTS('',3,(#1055,#1056,#1057,#1058,#1059,#1060,
#1061,#1062,#1063,#1064,#1065,#1066,#1067,#1068,#1069,#1070,#1071,#1072,
#1073,#1074,#1075,#1076,#1077,#1078,#1079,#1080,#1081,#1082,#1083,#1084,
#1085,#1086,#1087,#1088,#1089,#1090,#1091,#1092,#1093,#1094,#1095,#1096,
#1097,#1098,#1099,#1100,#1101,#1102,#1103,#1104,#1105,#1106,#1107,#1108,
#1109,#1110,#1111,#1112,#1113,#1114,#1115,#1116,#1117,#1118,#1119,#1120,
#1121,#1122,#1123,#1124,#1125,#1126,#1127,#1128,#1129,#1130,#1131,#1132,
#1133,#1134,#1135,#1136,#1137,#1138,#1139,#1140,#1141,#1142,#1143,#1144,
#1145,#1146,#1147,#1148,#1149,#1150,#1151,#1152,#1153,#1154,#1155,#1156,
#1157,#1158,#1159,#1160,#1161,#1162,#1163,#1164,#1165,#1166,#1167,#1168,
#1169,#1170,#1171,#1172,#1173,#1174,#1175,#1176,#1177,#1178,#1179,#1180,
#1181,#1182,#1183,#1184,#1185,#1186,#1187,#1188,#1189,#1190,#1191,#1192,
#1193,#1194,#1195,#1196,#1197,#1198,#1199,#1200,#1201,#1202,#1203,#1204,
#1205,#1206,#1207,#1208,#1209,#1210,#1211,#1212,#1213,#1214,#1215,#1216,
#1217,#1218,#1219,#1220,#1221,#1222,#1223,#1224,#1225,#1226),
 .UNSPECIFIED.,.T.,.F.,(4,3,3,3,3,3,3,3,3,3,3,3,3,3,3,3,3,3,3,3,3,3,3,3,
3,3,3,3,3,3,3,3,3,3,3,3,3,3,3,3,3,3,3,3,3,3,3,3,3,3,3,3,3,3,3,3,3,4),(0.,
0.0882165243926221,0.0990554264175545,0.0990560431174246,0.108934614442184,
0.114925908614621,0.114926116956331,0.124960131943136,0.134994129734744,
0.134994360395598,0.144835901870414,0.150919851009042,0.150920458506812,
0.200447916228261,0.228896785780219,0.247456144597179,0.24997537394971,
0.349030288045547,0.34903090207519,0.358872061940492,0.364963359526214,
0.364963583300886,0.374998195457914,0.385032811376718,0.385033026252121,
0.394891863334814,0.400894708921051,0.400895320135786,0.450423033868903,
0.478940845285207,0.497515228803719,0.499950747602019,0.599017810389496,
0.59901842468345,0.608860063717417,0.61495883205946,0.614959057543038,0.624990612071883,
0.635022175425032,0.635022385392168,0.644892675742947,0.650895150420868,
0.650895769566227,0.749975175433175,0.749975373276204,0.813598665613289,
0.813599239562436,0.839263403641942,0.864928333716139,0.864928571127455,
0.869944054721676,0.877467699705509,0.884991372449232,0.884991689009474,
0.897058847640062,0.909126382927965,0.933261395497981,1.),.UNSPECIFIED.);
#88=B_SPLINE_CURVE_WITH_KNOTS('',3,(#1227,#1228,#1229,#1230,#1231,#1232,
#1233,#1234,#1235,#1236,#1237,#1238),.UNSPECIFIED.,.F.,.F.,(4,1,1,1,1,1,
1,1,1,4),(-1.,-0.857142857142857,-0.785714285714286,-0.678571428571428,
-0.571428571428571,-0.428571428571429,-0.285714285714286,-0.142857142857143,
-0.0714285714285714,0.),.UNSPECIFIED.);
#89=B_SPLINE_CURVE_WITH_KNOTS('',3,(#1350,#1351,#1352,#1353,#1354,#1355,
#1356,#1357,#1358,#1359),.UNSPECIFIED.,.F.,.F.,(4,1,1,1,1,1,1,4),(0.,0.142857142857143,
0.285714285714286,0.428571428571429,0.571428571428571,0.785714285714286,
0.857142857142857,1.),.UNSPECIFIED.);
#90=B_SPLINE_CURVE_WITH_KNOTS('',3,(#1571,#1572,#1573,#1574,#1575,#1576,
#1577,#1578,#1579,#1580),.UNSPECIFIED.,.F.,.F.,(4,1,1,1,1,1,1,4),(0.,0.142857142857143,
0.285714285714286,0.428571428571429,0.571428571428571,0.785714285714286,
0.857142857142857,1.),.UNSPECIFIED.);
#91=B_SPLINE_CURVE_WITH_KNOTS('',3,(#1963,#1964,#1965,#1966,#1967,#1968,
#1969),.UNSPECIFIED.,.F.,.F.,(4,1,1,1,4),(0.,0.123659554346065,0.263846910343569,
0.433818657417969,0.655854742189264),.UNSPECIFIED.);
#92=B_SPLINE_CURVE_WITH_KNOTS('',3,(#1970,#1971,#1972,#1973,#1974,#1975,
#1976),.UNSPECIFIED.,.F.,.F.,(4,1,1,1,4),(0.,0.153153782982651,0.327690211855469,
0.541248577735005,0.822900334476064),.UNSPECIFIED.);
#93=B_SPLINE_CURVE_WITH_KNOTS('',3,(#2027,#2028,#2029,#2030,#2031,#2032,
#2033),.UNSPECIFIED.,.F.,.F.,(4,1,1,1,4),(0.,0.117283499658337,0.250952468098246,
0.414273139276372,0.629591655728784),.UNSPECIFIED.);
#94=B_SPLINE_CURVE_WITH_KNOTS('',3,(#2210,#2211,#2212,#2213,#2214,#2215,
#2216),.UNSPECIFIED.,.F.,.F.,(4,1,1,1,4),(0.,0.126842088871017,0.265167979311989,
0.427553418602699,0.631527300935546),.UNSPECIFIED.);
#95=B_SPLINE_CURVE_WITH_KNOTS('',3,(#2267,#2268,#2269,#2270,#2271,#2272,
#2273),.UNSPECIFIED.,.F.,.F.,(4,1,1,1,4),(0.,0.13622824917104,0.282331723218981,
0.451174361769178,0.658728626891907),.UNSPECIFIED.);
#96=B_SPLINE_CURVE_WITH_KNOTS('',3,(#2434,#2435,#2436,#2437,#2438,#2439,
#2440),.UNSPECIFIED.,.F.,.F.,(4,1,1,1,4),(0.,0.16875202410749,0.350649754581589,
0.562800216236821,0.826450054138855),.UNSPECIFIED.);
#97=B_SPLINE_CURVE_WITH_KNOTS('',3,(#2491,#2492,#2493,#2494,#2495,#2496,
#2497),.UNSPECIFIED.,.F.,.F.,(4,1,1,1,4),(0.,0.169424452914208,0.355302704655002,
0.575923233130275,0.856570788688359),.UNSPECIFIED.);
#98=B_SPLINE_CURVE_WITH_KNOTS('',3,(#2578,#2579,#2580,#2581,#2582,#2583,
#2584),.UNSPECIFIED.,.F.,.F.,(4,1,1,1,4),(0.,0.156617432910098,0.336236234439668,
0.558123294080267,0.854021479233879),.UNSPECIFIED.);
#99=VERTEX_POINT('',#284);
#100=VERTEX_POINT('',#1054);
#101=VERTEX_POINT('',#1329);
#102=VERTEX_POINT('',#1330);
#103=VERTEX_POINT('',#1338);
#104=VERTEX_POINT('',#1349);
#105=VERTEX_POINT('',#1360);
#106=VERTEX_POINT('',#1457);
#107=VERTEX_POINT('',#1466);
#108=VERTEX_POINT('',#1477);
#109=VERTEX_POINT('',#1562);
#110=VERTEX_POINT('',#1570);
#111=VERTEX_POINT('',#1581);
#112=VERTEX_POINT('',#1697);
#113=VERTEX_POINT('',#1706);
#114=VERTEX_POINT('',#1723);
#115=VERTEX_POINT('',#1724);
#116=VERTEX_POINT('',#1726);
#117=VERTEX_POINT('',#1728);
#118=VERTEX_POINT('',#1730);
#119=VERTEX_POINT('',#1732);
#120=VERTEX_POINT('',#1734);
#121=VERTEX_POINT('',#1736);
#122=EDGE_CURVE('',#99,#99,#86,.T.);
#123=EDGE_CURVE('',#100,#100,#87,.T.);
#124=EDGE_CURVE('',#100,#99,#88,.T.);
#125=EDGE_CURVE('',#101,#102,#28,.T.);
#126=EDGE_CURVE('',#101,#103,#29,.T.);
#127=EDGE_CURVE('',#104,#103,#89,.T.);
#128=EDGE_CURVE('',#105,#104,#30,.T.);
#129=EDGE_CURVE('',#102,#105,#31,.T.);
#130=EDGE_CURVE('',#104,#106,#32,.T.);
#131=EDGE_CURVE('',#107,#103,#33,.T.);
#132=EDGE_CURVE('',#108,#107,#34,.T.);
#133=EDGE_CURVE('',#106,#108,#35,.T.);
#134=EDGE_CURVE('',#107,#109,#36,.T.);
#135=EDGE_CURVE('',#110,#103,#90,.T.);
#136=EDGE_CURVE('',#111,#110,#37,.T.);
#137=EDGE_CURVE('',#109,#111,#38,.T.);
#138=EDGE_CURVE('',#110,#112,#39,.T.);
#139=EDGE_CURVE('',#113,#101,#40,.T.);
#140=EDGE_CURVE('',#112,#113,#41,.T.);
#141=EDGE_CURVE('',#114,#115,#20,.T.);
#142=EDGE_CURVE('',#115,#116,#16,.T.);
#143=EDGE_CURVE('',#116,#117,#21,.T.);
#144=EDGE_CURVE('',#117,#118,#17,.T.);
#145=EDGE_CURVE('',#118,#119,#22,.T.);
#146=EDGE_CURVE('',#119,#120,#18,.T.);
#147=EDGE_CURVE('',#120,#121,#23,.T.);
#148=EDGE_CURVE('',#121,#114,#19,.T.);
#149=EDGE_CURVE('',#112,#115,#91,.T.);
#150=EDGE_CURVE('',#111,#114,#92,.T.);
#151=EDGE_CURVE('',#113,#116,#93,.T.);
#152=EDGE_CURVE('',#102,#117,#94,.T.);
#153=EDGE_CURVE('',#105,#118,#95,.T.);
#154=EDGE_CURVE('',#106,#119,#96,.T.);
#155=EDGE_CURVE('',#108,#120,#97,.T.);
#156=EDGE_CURVE('',#109,#121,#98,.T.);
#157=ORIENTED_EDGE('',*,*,#122,.F.);
#158=ORIENTED_EDGE('',*,*,#123,.F.);
#159=ORIENTED_EDGE('',*,*,#124,.T.);
#160=ORIENTED_EDGE('',*,*,#122,.T.);
#161=ORIENTED_EDGE('',*,*,#124,.F.);
#162=ORIENTED_EDGE('',*,*,#125,.F.);
#163=ORIENTED_EDGE('',*,*,#126,.T.);
#164=ORIENTED_EDGE('',*,*,#127,.F.);
#165=ORIENTED_EDGE('',*,*,#128,.F.);
#166=ORIENTED_EDGE('',*,*,#129,.F.);
#167=ORIENTED_EDGE('',*,*,#130,.F.);
#168=ORIENTED_EDGE('',*,*,#127,.T.);
#169=ORIENTED_EDGE('',*,*,#131,.F.);
#170=ORIENTED_EDGE('',*,*,#132,.F.);
#171=ORIENTED_EDGE('',*,*,#133,.F.);
#172=ORIENTED_EDGE('',*,*,#134,.F.);
#173=ORIENTED_EDGE('',*,*,#131,.T.);
#174=ORIENTED_EDGE('',*,*,#135,.F.);
#175=ORIENTED_EDGE('',*,*,#136,.F.);
#176=ORIENTED_EDGE('',*,*,#137,.F.);
#177=ORIENTED_EDGE('',*,*,#138,.F.);
#178=ORIENTED_EDGE('',*,*,#135,.T.);
#179=ORIENTED_EDGE('',*,*,#126,.F.);
#180=ORIENTED_EDGE('',*,*,#139,.F.);
#181=ORIENTED_EDGE('',*,*,#140,.F.);
#182=ORIENTED_EDGE('',*,*,#141,.T.);
#183=ORIENTED_EDGE('',*,*,#142,.T.);
#184=ORIENTED_EDGE('',*,*,#143,.T.);
#185=ORIENTED_EDGE('',*,*,#144,.T.);
#186=ORIENTED_EDGE('',*,*,#145,.T.);
#187=ORIENTED_EDGE('',*,*,#146,.T.);
#188=ORIENTED_EDGE('',*,*,#147,.T.);
#189=ORIENTED_EDGE('',*,*,#148,.T.);
#190=ORIENTED_EDGE('',*,*,#123,.T.);
#191=ORIENTED_EDGE('',*,*,#136,.T.);
#192=ORIENTED_EDGE('',*,*,#138,.T.);
#193=ORIENTED_EDGE('',*,*,#149,.T.);
#194=ORIENTED_EDGE('',*,*,#141,.F.);
#195=ORIENTED_EDGE('',*,*,#150,.F.);
#196=ORIENTED_EDGE('',*,*,#140,.T.);
#197=ORIENTED_EDGE('',*,*,#151,.T.);
#198=ORIENTED_EDGE('',*,*,#142,.F.);
#199=ORIENTED_EDGE('',*,*,#149,.F.);
#200=ORIENTED_EDGE('',*,*,#139,.T.);
#201=ORIENTED_EDGE('',*,*,#125,.T.);
#202=ORIENTED_EDGE('',*,*,#152,.T.);
#203=ORIENTED_EDGE('',*,*,#143,.F.);
#204=ORIENTED_EDGE('',*,*,#151,.F.);
#205=ORIENTED_EDGE('',*,*,#129,.T.);
#206=ORIENTED_EDGE('',*,*,#153,.T.);
#207=ORIENTED_EDGE('',*,*,#144,.F.);
#208=ORIENTED_EDGE('',*,*,#152,.F.);
#209=ORIENTED_EDGE('',*,*,#128,.T.);
#210=ORIENTED_EDGE('',*,*,#130,.T.);
#211=ORIENTED_EDGE('',*,*,#154,.T.);
#212=ORIENTED_EDGE('',*,*,#145,.F.);
#213=ORIENTED_EDGE('',*,*,#153,.F.);
#214=ORIENTED_EDGE('',*,*,#133,.T.);
#215=ORIENTED_EDGE('',*,*,#155,.T.);
#216=ORIENTED_EDGE('',*,*,#146,.F.);
#217=ORIENTED_EDGE('',*,*,#154,.F.);
#218=ORIENTED_EDGE('',*,*,#132,.T.);
#219=ORIENTED_EDGE('',*,*,#134,.T.);
#220=ORIENTED_EDGE('',*,*,#156,.T.);
#221=ORIENTED_EDGE('',*,*,#147,.F.);
#222=ORIENTED_EDGE('',*,*,#155,.F.);
#223=ORIENTED_EDGE('',*,*,#137,.T.);
#224=ORIENTED_EDGE('',*,*,#150,.T.);
#225=ORIENTED_EDGE('',*,*,#148,.F.);
#226=ORIENTED_EDGE('',*,*,#156,.F.);
#227=PLANE('',#258);
#228=PLANE('',#259);
#229=ADVANCED_FACE('',(#55),#227,.F.);
#230=ADVANCED_FACE('',(#56),#42,.F.);
#231=ADVANCED_FACE('',(#57),#43,.F.);
#232=ADVANCED_FACE('',(#58),#44,.F.);
#233=ADVANCED_FACE('',(#59),#45,.F.);
#234=ADVANCED_FACE('',(#60),#46,.F.);
#235=ADVANCED_FACE('',(#61,#15),#228,.F.);
#236=ADVANCED_FACE('',(#62),#47,.T.);
#237=ADVANCED_FACE('',(#63),#48,.T.);
#238=ADVANCED_FACE('',(#64),#49,.T.);
#239=ADVANCED_FACE('',(#65),#50,.T.);
#240=ADVANCED_FACE('',(#66),#51,.T.);
#241=ADVANCED_FACE('',(#67),#52,.T.);
#242=ADVANCED_FACE('',(#68),#53,.T.);
#243=ADVANCED_FACE('',(#69),#54,.T.);
#244=CLOSED_SHELL('',(#229,#230,#231,#232,#233,#234,#235,#236,#237,#238,
#239,#240,#241,#242,#243));
#245=DERIVED_UNIT_ELEMENT(#247,1.);
#246=DERIVED_UNIT_ELEMENT(#2640,-3.);
#247=(
MASS_UNIT()
NAMED_UNIT(*)
SI_UNIT(.KILO.,.GRAM.)
);
#248=DERIVED_UNIT((#245,#246));
#249=MEASURE_REPRESENTATION_ITEM('density measure',
POSITIVE_RATIO_MEASURE(7850.),#248);
#250=PROPERTY_DEFINITION_REPRESENTATION(#255,#252);
#251=PROPERTY_DEFINITION_REPRESENTATION(#256,#253);
#252=REPRESENTATION('material name',(#254),#2637);
#253=REPRESENTATION('density',(#249),#2637);
#254=DESCRIPTIVE_REPRESENTATION_ITEM('Steel','Steel');
#255=PROPERTY_DEFINITION('material property','material name',#2647);
#256=PROPERTY_DEFINITION('material property','density of part',#2647);
#257=AXIS2_PLACEMENT_3D('',#282,#264,#265);
#258=AXIS2_PLACEMENT_3D('',#283,#266,#267);
#259=AXIS2_PLACEMENT_3D('',#1722,#268,#269);
#260=AXIS2_PLACEMENT_3D('',#1727,#271,#272);
#261=AXIS2_PLACEMENT_3D('',#1731,#274,#275);
#262=AXIS2_PLACEMENT_3D('',#1735,#277,#278);
#263=AXIS2_PLACEMENT_3D('',#1738,#280,#281);
#264=DIRECTION('axis',(0.,0.,1.));
#265=DIRECTION('refdir',(1.,0.,0.));
#266=DIRECTION('center_axis',(7.47952879090547E-18,6.8533797610769E-21,
1.));
#267=DIRECTION('ref_axis',(1.,0.,-7.47952879090547E-18));
#268=DIRECTION('center_axis',(1.92809731921466E-17,-1.97529317968671E-17,
1.));
#269=DIRECTION('ref_axis',(1.,0.,-1.92809731921466E-17));
#270=DIRECTION('',(-1.,7.93016446160826E-17,0.));
#271=DIRECTION('center_axis',(0.,0.,-1.));
#272=DIRECTION('ref_axis',(-1.,-5.55111512312578E-16,0.));
#273=DIRECTION('',(7.93016446160826E-17,1.,0.));
#274=DIRECTION('center_axis',(0.,0.,-1.));
#275=DIRECTION('ref_axis',(-1.92592994438724E-33,1.,0.));
#276=DIRECTION('',(1.,-3.08148791101958E-33,0.));
#277=DIRECTION('center_axis',(0.,0.,-1.));
#278=DIRECTION('ref_axis',(1.,-3.85185988877447E-33,0.));
#279=DIRECTION('',(-7.93016446160826E-17,-1.,0.));
#280=DIRECTION('center_axis',(0.,0.,-1.));
#281=DIRECTION('ref_axis',(1.92592994438724E-33,-1.,0.));
#282=CARTESIAN_POINT('',(0.,0.,0.));
#283=CARTESIAN_POINT('Origin',(0.000706708081515961,-0.454552837050255,
3.3));
#284=CARTESIAN_POINT('',(0.0021574791402118,-5.,3.3));
#285=CARTESIAN_POINT('Ctrl Pts',(0.0021574791402118,-5.,3.3));
#286=CARTESIAN_POINT('Ctrl Pts',(1.29427487034221,-5.,3.3));
#287=CARTESIAN_POINT('Ctrl Pts',(2.58644042370246,-5.00017443242264,3.3));
#288=CARTESIAN_POINT('Ctrl Pts',(3.87877148525478,-5.00038124752689,3.3));
#289=CARTESIAN_POINT('Ctrl Pts',(3.95511302785892,-5.0003934646627,3.3));
#290=CARTESIAN_POINT('Ctrl Pts',(4.03146643681579,-5.00039091309726,3.3));
#291=CARTESIAN_POINT('Ctrl Pts',(4.10781939886473,-5.00039027687846,3.3));
#292=CARTESIAN_POINT('Ctrl Pts',(4.23852814084934,-5.00038918773461,3.3));
#293=CARTESIAN_POINT('Ctrl Pts',(4.369235478526,-5.00039374107258,3.3));
#294=CARTESIAN_POINT('Ctrl Pts',(4.4998791729121,-5.00048754886909,3.3));
#295=CARTESIAN_POINT('Ctrl Pts',(4.53070481830358,-5.00050968300946,3.3));
#296=CARTESIAN_POINT('Ctrl Pts',(4.56147585173071,-4.99748943811707,3.3));
#297=CARTESIAN_POINT('Ctrl Pts',(4.59171348087825,-4.99165727503373,3.3));
#298=CARTESIAN_POINT('Ctrl Pts',(4.65723255773977,-4.97902010895628,3.3));
#299=CARTESIAN_POINT('Ctrl Pts',(4.72024716236924,-4.95318452694726,3.3));
#300=CARTESIAN_POINT('Ctrl Pts',(4.77590958709298,-4.91644813687744,3.3));
#301=CARTESIAN_POINT('Ctrl Pts',(4.80377332197062,-4.89805847745554,3.3));
#302=CARTESIAN_POINT('Ctrl Pts',(4.82979497350335,-4.8769363150579,3.3));
#303=CARTESIAN_POINT('Ctrl Pts',(4.85336615053877,-4.85336514694727,3.3));
#304=CARTESIAN_POINT('Ctrl Pts',(4.89957158339254,-4.80715973158832,3.3));
#305=CARTESIAN_POINT('Ctrl Pts',(4.93636360999404,-4.75154463143892,3.3));
#306=CARTESIAN_POINT('Ctrl Pts',(4.96160433505143,-4.69110305122174,3.3));
#307=CARTESIAN_POINT('Ctrl Pts',(4.98143699607082,-4.64361165114516,3.3));
#308=CARTESIAN_POINT('Ctrl Pts',(4.99413761082502,-4.59313929965073,3.3));
#309=CARTESIAN_POINT('Ctrl Pts',(4.99864804812347,-4.5419100322434,3.3));
#310=CARTESIAN_POINT('Ctrl Pts',(4.99987797555104,-4.52794059271695,3.3));
#311=CARTESIAN_POINT('Ctrl Pts',(5.00049877949923,-4.5139148953847,3.3));
#312=CARTESIAN_POINT('Ctrl Pts',(5.00048870425258,-4.49987824683574,3.3));
#313=CARTESIAN_POINT('Ctrl Pts',(5.00041420815935,-4.39609165830899,3.3));
#314=CARTESIAN_POINT('Ctrl Pts',(5.00039595257778,-4.29220858479922,3.3));
#315=CARTESIAN_POINT('Ctrl Pts',(5.00039217384462,-4.18830251325765,3.3));
#316=CARTESIAN_POINT('Ctrl Pts',(5.00038968659769,-4.11990920610542,3.3));
#317=CARTESIAN_POINT('Ctrl Pts',(5.00039345743086,-4.0515059362666,3.3));
#318=CARTESIAN_POINT('Ctrl Pts',(5.00039151980955,-3.98311366631931,3.3));
#319=CARTESIAN_POINT('Ctrl Pts',(5.00039051371273,-3.94760144049164,3.3));
#320=CARTESIAN_POINT('Ctrl Pts',(5.00038796841663,-3.91209222818369,3.3));
#321=CARTESIAN_POINT('Ctrl Pts',(5.00038221133858,-3.87658882014303,3.3));
#322=CARTESIAN_POINT('Ctrl Pts',(5.00027742673616,-3.23039113730318,3.3));
#323=CARTESIAN_POINT('Ctrl Pts',(5.00019646890606,-2.58424941312755,3.3));
#324=CARTESIAN_POINT('Ctrl Pts',(5.00014170576828,-1.93815436458255,3.3));
#325=CARTESIAN_POINT('Ctrl Pts',(5.00010315078535,-1.48328299350941,3.3));
#326=CARTESIAN_POINT('Ctrl Pts',(5.00007757956472,-1.02843475727585,3.3));
#327=CARTESIAN_POINT('Ctrl Pts',(5.00006582015877,-0.573606413511266,3.3));
#328=CARTESIAN_POINT('Ctrl Pts',(5.0000608766143,-0.382400824318189,3.3));
#329=CARTESIAN_POINT('Ctrl Pts',(5.00005837402819,-0.191198750672296,3.3));
#330=CARTESIAN_POINT('Ctrl Pts',(5.0000583740118,4.83535398387858E-8,3.3));
#331=CARTESIAN_POINT('Ctrl Pts',(5.0000583739011,1.29203652750415,3.3));
#332=CARTESIAN_POINT('Ctrl Pts',(5.00017261844121,2.58410110662451,3.3));
#333=CARTESIAN_POINT('Ctrl Pts',(5.00038216441379,3.87635911960958,3.3));
#334=CARTESIAN_POINT('Ctrl Pts',(5.00039186360085,3.93617345077083,3.3));
#335=CARTESIAN_POINT('Ctrl Pts',(5.00039244959211,3.99599926641389,3.3));
#336=CARTESIAN_POINT('Ctrl Pts',(5.00039191966419,4.05582705468021,3.3));
#337=CARTESIAN_POINT('Ctrl Pts',(5.00039060826478,4.20388139023456,3.3));
#338=CARTESIAN_POINT('Ctrl Pts',(5.00038253060066,4.35194749969142,3.3));
#339=CARTESIAN_POINT('Ctrl Pts',(5.00048871708497,4.49987901338279,3.3));
#340=CARTESIAN_POINT('Ctrl Pts',(5.00051425260898,4.53545330274008,3.3));
#341=CARTESIAN_POINT('Ctrl Pts',(4.99648797342654,4.57095577324293,3.3));
#342=CARTESIAN_POINT('Ctrl Pts',(4.98876305648368,4.60565081863397,3.3));
#343=CARTESIAN_POINT('Ctrl Pts',(4.97411515180036,4.67143919171697,3.3));
#344=CARTESIAN_POINT('Ctrl Pts',(4.94617188969672,4.73432485015508,3.3));
#345=CARTESIAN_POINT('Ctrl Pts',(4.90729211060428,4.78931171119466,3.3));
#346=CARTESIAN_POINT('Ctrl Pts',(4.89114772122645,4.81214438452793,3.3));
#347=CARTESIAN_POINT('Ctrl Pts',(4.87311694677885,4.83361519926967,3.3));
#348=CARTESIAN_POINT('Ctrl Pts',(4.85336616732654,4.8533659775548,3.3));
#349=CARTESIAN_POINT('Ctrl Pts',(4.80716607737454,4.89956606477659,3.3));
#350=CARTESIAN_POINT('Ctrl Pts',(4.75155559097045,4.93635768953778,3.3));
#351=CARTESIAN_POINT('Ctrl Pts',(4.69111458190794,4.96159974691218,3.3));
#352=CARTESIAN_POINT('Ctrl Pts',(4.64930993492734,4.9790586761056,3.3));
#353=CARTESIAN_POINT('Ctrl Pts',(4.60519369741488,4.99099169136641,3.3));
#354=CARTESIAN_POINT('Ctrl Pts',(4.56028230386565,4.99667644869337,3.3));
#355=CARTESIAN_POINT('Ctrl Pts',(4.54026096527679,4.99921069317442,3.3));
#356=CARTESIAN_POINT('Ctrl Pts',(4.52008160445333,5.00050301962627,3.3));
#357=CARTESIAN_POINT('Ctrl Pts',(4.4998791919247,5.00048852105495,3.3));
#358=CARTESIAN_POINT('Ctrl Pts',(4.39342088441932,5.0004121196172,3.3));
#359=CARTESIAN_POINT('Ctrl Pts',(4.28689042991236,5.00039517199832,3.3));
#360=CARTESIAN_POINT('Ctrl Pts',(4.18034316622797,5.00039217472881,3.3));
#361=CARTESIAN_POINT('Ctrl Pts',(4.10610764960569,5.00039008641755,3.3));
#362=CARTESIAN_POINT('Ctrl Pts',(4.03186397437507,5.00039475818875,3.3));
#363=CARTESIAN_POINT('Ctrl Pts',(3.95763086362145,5.00039075246056,3.3));
#364=CARTESIAN_POINT('Ctrl Pts',(3.93145508464437,5.0003893399769,3.3));
#365=CARTESIAN_POINT('Ctrl Pts',(3.90528064075946,5.00038684862751,3.3));
#366=CARTESIAN_POINT('Ctrl Pts',(3.87910828807433,5.00038260240408,3.3));
#367=CARTESIAN_POINT('Ctrl Pts',(2.58675893621987,5.00017293061195,3.3));
#368=CARTESIAN_POINT('Ctrl Pts',(1.29437068243639,5.00005839211784,3.3));
#369=CARTESIAN_POINT('Ctrl Pts',(0.00215750269052473,5.00005839039412,3.3));
#370=CARTESIAN_POINT('Ctrl Pts',(-0.338028687411429,5.00005838994034,3.3));
#371=CARTESIAN_POINT('Ctrl Pts',(-0.678243173842048,5.00006630136579,3.3));
#372=CARTESIAN_POINT('Ctrl Pts',(-1.01848044067025,5.00008178185058,3.3));
#373=CARTESIAN_POINT('Ctrl Pts',(-1.97079705712175,5.00012511138655,3.3));
#374=CARTESIAN_POINT('Ctrl Pts',(-2.92329215422694,5.00022773775071,3.3));
#375=CARTESIAN_POINT('Ctrl Pts',(-3.8758447000032,5.00038215728933,3.3));
#376=CARTESIAN_POINT('Ctrl Pts',(-3.93146773754747,5.00039117441267,3.3));
#377=CARTESIAN_POINT('Ctrl Pts',(-3.98710204849588,5.00039231968346,3.3));
#378=CARTESIAN_POINT('Ctrl Pts',(-4.04273878300698,5.00039201163762,3.3));
#379=CARTESIAN_POINT('Ctrl Pts',(-4.19516274418272,5.00039116770659,3.3));
#380=CARTESIAN_POINT('Ctrl Pts',(-4.34760446975678,5.00037949919489,3.3));
#381=CARTESIAN_POINT('Ctrl Pts',(-4.49987858724435,5.00048879575417,3.3));
#382=CARTESIAN_POINT('Ctrl Pts',(-4.53798462771738,5.00051614681803,3.3));
#383=CARTESIAN_POINT('Ctrl Pts',(-4.57600859793666,4.99589451951716,3.3));
#384=CARTESIAN_POINT('Ctrl Pts',(-4.61304657596772,4.98705746338698,3.3));
#385=CARTESIAN_POINT('Ctrl Pts',(-4.67879482567968,4.97137029567285,3.3));
#386=CARTESIAN_POINT('Ctrl Pts',(-4.74143670918055,4.94240247069974,3.3));
#387=CARTESIAN_POINT('Ctrl Pts',(-4.79593304862439,4.90252916697262,3.3));
#388=CARTESIAN_POINT('Ctrl Pts',(-4.81630313064423,4.88762500137889,3.3));
#389=CARTESIAN_POINT('Ctrl Pts',(-4.83553515735277,4.87119659219942,3.3));
#390=CARTESIAN_POINT('Ctrl Pts',(-4.85336552036723,4.85336622522293,3.3));
#391=CARTESIAN_POINT('Ctrl Pts',(-4.89956339452223,4.80716834080241,3.3));
#392=CARTESIAN_POINT('Ctrl Pts',(-4.93635481035989,4.75155981900008,3.3));
#393=CARTESIAN_POINT('Ctrl Pts',(-4.96159740749709,4.69111908557813,3.3));
#394=CARTESIAN_POINT('Ctrl Pts',(-4.97839272954329,4.65090446039462,3.3));
#395=CARTESIAN_POINT('Ctrl Pts',(-4.99007468740619,4.60855002825711,3.3));
#396=CARTESIAN_POINT('Ctrl Pts',(-4.99599991677928,4.56540550105935,3.3));
#397=CARTESIAN_POINT('Ctrl Pts',(-4.9989800348356,4.54370578676346,3.3));
#398=CARTESIAN_POINT('Ctrl Pts',(-5.00050373860568,4.52180619598759,3.3));
#399=CARTESIAN_POINT('Ctrl Pts',(-5.00048799679384,4.49987925456602,3.3));
#400=CARTESIAN_POINT('Ctrl Pts',(-5.00040763076488,4.38793653622079,3.3));
#401=CARTESIAN_POINT('Ctrl Pts',(-5.00039288555037,4.27592968950001,3.3));
#402=CARTESIAN_POINT('Ctrl Pts',(-5.00039102315694,4.16391187411248,3.3));
#403=CARTESIAN_POINT('Ctrl Pts',(-5.00038976064059,4.08797500624488,3.3));
#404=CARTESIAN_POINT('Ctrl Pts',(-5.00039440718133,4.01203309878175,3.3));
#405=CARTESIAN_POINT('Ctrl Pts',(-5.00038849567973,3.93610271583021,3.3));
#406=CARTESIAN_POINT('Ctrl Pts',(-5.00038700091048,3.91690312682304,3.3));
#407=CARTESIAN_POINT('Ctrl Pts',(-5.00038483117103,3.89770428672755,3.3));
#408=CARTESIAN_POINT('Ctrl Pts',(-5.00038172052926,3.87850642695029,3.3));
#409=CARTESIAN_POINT('Ctrl Pts',(-5.00017221998394,2.5855378420943,3.3));
#410=CARTESIAN_POINT('Ctrl Pts',(-5.00003460151455,1.29274667084326,3.3));
#411=CARTESIAN_POINT('Ctrl Pts',(-5.00002460988284,3.45299089410389E-6,
3.3));
#412=CARTESIAN_POINT('Ctrl Pts',(-5.00002130247946,-0.427916972440599,3.3));
#413=CARTESIAN_POINT('Ctrl Pts',(-5.00001609167837,-0.855834597415997,3.3));
#414=CARTESIAN_POINT('Ctrl Pts',(-5.00001197977577,-1.28375169739203,3.3));
#415=CARTESIAN_POINT('Ctrl Pts',(-5.00000811418891,-1.68603523339807,3.3));
#416=CARTESIAN_POINT('Ctrl Pts',(-5.00000521978279,-2.08831830536607,3.3));
#417=CARTESIAN_POINT('Ctrl Pts',(-5.00000579108342,-2.4906028037081,3.3));
#418=CARTESIAN_POINT('Ctrl Pts',(-5.00000579110421,-2.49061744530564,3.3));
#419=CARTESIAN_POINT('Ctrl Pts',(-5.00000579112498,-2.49063208690318,3.3));
#420=CARTESIAN_POINT('Ctrl Pts',(-5.00000579114572,-2.49064672850072,3.3));
#421=CARTESIAN_POINT('Ctrl Pts',(-5.00000626545441,-2.82549523026045,3.3));
#422=CARTESIAN_POINT('Ctrl Pts',(-4.99999322848927,-3.16038375209389,3.30000000509868));
#423=CARTESIAN_POINT('Ctrl Pts',(-5.00001853555533,-3.49527401722528,3.30000000669855));
#424=CARTESIAN_POINT('Ctrl Pts',(-5.00004384688721,-3.8302207323459,3.30000000829869));
#425=CARTESIAN_POINT('Ctrl Pts',(-5.00010783273093,-4.16516964670239,3.30000002535144));
#426=CARTESIAN_POINT('Ctrl Pts',(-5.00007572143248,-4.49997693126371,3.29999985265443));
#427=CARTESIAN_POINT('Ctrl Pts',(-5.00007571821596,-4.50001046810388,3.29999985263713));
#428=CARTESIAN_POINT('Ctrl Pts',(-5.00007571163173,-4.5000440049813,3.29999985261983));
#429=CARTESIAN_POINT('Ctrl Pts',(-5.00007570167987,-4.50007754189527,3.29999985260252));
#430=CARTESIAN_POINT('Ctrl Pts',(-5.00005628925124,-4.56549571569712,3.2999998188505));
#431=CARTESIAN_POINT('Ctrl Pts',(-4.98720599543686,-4.63103035947859,3.29999981626997));
#432=CARTESIAN_POINT('Ctrl Pts',(-4.96216309275698,-4.69143933861895,3.29999983453038));
#433=CARTESIAN_POINT('Ctrl Pts',(-4.92457619354378,-4.78210719128543,3.29999986193743));
#434=CARTESIAN_POINT('Ctrl Pts',(-4.85952421377957,-4.86123040462168,3.2999999243204));
#435=CARTESIAN_POINT('Ctrl Pts',(-4.77791359007977,-4.91574742526712,3.29999995743765));
#436=CARTESIAN_POINT('Ctrl Pts',(-4.69635808948047,-4.97022762292223,3.29999999053254));
#437=CARTESIAN_POINT('Ctrl Pts',(-4.5982632300398,-5.00013609339757,3.3));
#438=CARTESIAN_POINT('Ctrl Pts',(-4.5001330183346,-5.00016106600989,3.3));
#439=CARTESIAN_POINT('Ctrl Pts',(-4.50008193492079,-5.00016107900982,3.3));
#440=CARTESIAN_POINT('Ctrl Pts',(-4.50003085149514,-5.00016108390213,3.3));
#441=CARTESIAN_POINT('Ctrl Pts',(-4.49997976806,-5.00016108068607,3.3));
#442=CARTESIAN_POINT('Ctrl Pts',(-4.34254450998772,-5.00015116902923,3.3));
#443=CARTESIAN_POINT('Ctrl Pts',(-4.18506996552968,-5.00012160016796,3.3));
#444=CARTESIAN_POINT('Ctrl Pts',(-4.02758653440072,-5.0001065064979,3.3));
#445=CARTESIAN_POINT('Ctrl Pts',(-3.87011987860686,-5.00009141443565,3.3));
#446=CARTESIAN_POINT('Ctrl Pts',(-3.71264434000446,-5.00009079788036,3.3));
#447=CARTESIAN_POINT('Ctrl Pts',(-3.55516560361657,-5.00008043513157,3.3));
#448=CARTESIAN_POINT('Ctrl Pts',(-3.24020286581422,-5.00005970928754,3.3));
#449=CARTESIAN_POINT('Ctrl Pts',(-2.92522733657593,-5.,3.3));
#450=CARTESIAN_POINT('Ctrl Pts',(-2.61030415504922,-5.,3.3));
#451=CARTESIAN_POINT('Ctrl Pts',(-1.73938014143068,-5.,3.3));
#452=CARTESIAN_POINT('Ctrl Pts',(-0.86848806768305,-5.,3.3));
#453=CARTESIAN_POINT('Ctrl Pts',(0.0021574791402128,-5.,3.3));
#454=CARTESIAN_POINT('Ctrl Pts',(-3.09917735052956E-5,-8.,-0.549999999999999));
#455=CARTESIAN_POINT('Ctrl Pts',(0.000158321400924825,-7.9995405895088,
-0.216890398834898));
#456=CARTESIAN_POINT('Ctrl Pts',(0.000428015137669336,-7.97293864199227,
0.257648234989958));
#457=CARTESIAN_POINT('Ctrl Pts',(0.00079872390750647,-7.85513497673905,
0.909912240717745));
#458=CARTESIAN_POINT('Ctrl Pts',(0.0011015942693731,-7.67809651807792,1.44280109645559));
#459=CARTESIAN_POINT('Ctrl Pts',(0.00143567161521258,-7.32497133553307,
2.03057361063684));
#460=CARTESIAN_POINT('Ctrl Pts',(0.00173841123139253,-6.74989531168699,
2.56317152199346));
#461=CARTESIAN_POINT('Ctrl Pts',(0.00197834855246122,-5.97673374186874,
2.98521727445925));
#462=CARTESIAN_POINT('Ctrl Pts',(0.00210002394518492,-5.40292141785143,
3.19916288531788));
#463=CARTESIAN_POINT('Ctrl Pts',(0.00214913702337523,-5.10537678720315,
3.2854395599497));
#464=CARTESIAN_POINT('Ctrl Pts',(0.00215742506667653,-5.02302838089914,
3.29994538558149));
#465=CARTESIAN_POINT('Ctrl Pts',(0.0021574791402118,-5.,3.3));
#466=CARTESIAN_POINT('Ctrl Pts',(1.84821052551413,-8.,-0.549999999999998));
#467=CARTESIAN_POINT('Ctrl Pts',(1.84075260029882,-7.9995405895088,-0.216917771739938));
#468=CARTESIAN_POINT('Ctrl Pts',(1.8187439114383,-7.97293867991177,0.257586964226629));
#469=CARTESIAN_POINT('Ctrl Pts',(1.76790670926066,-7.85513499138241,0.909814986944895));
#470=CARTESIAN_POINT('Ctrl Pts',(1.71193537468028,-7.67809653460756,1.44268240517812));
#471=CARTESIAN_POINT('Ctrl Pts',(1.63123395986851,-7.32497132730433,2.03044290223815));
#472=CARTESIAN_POINT('Ctrl Pts',(1.53566306654829,-6.74989530548791,2.56304522574661));
#473=CARTESIAN_POINT('Ctrl Pts',(1.43452790672989,-5.97673371931386,2.98511555145394));
#474=CARTESIAN_POINT('Ctrl Pts',(1.36252759755808,-5.40292141412577,3.19909625541551));
#475=CARTESIAN_POINT('Ctrl Pts',(1.3180983880517,-5.10537677710301,3.28540866301915));
#476=CARTESIAN_POINT('Ctrl Pts',(1.30124231685674,-5.02302838089914,3.29993472284141));
#477=CARTESIAN_POINT('Ctrl Pts',(1.29439554379778,-5.,3.3));
#478=CARTESIAN_POINT('Ctrl Pts',(3.99989701319095,-7.9995840920964,-0.549999999999998));
#479=CARTESIAN_POINT('Ctrl Pts',(3.99079045974338,-7.99329321106551,-0.216951644827688));
#480=CARTESIAN_POINT('Ctrl Pts',(3.95162783899941,-7.95198365918482,0.257480853433738));
#481=CARTESIAN_POINT('Ctrl Pts',(3.84569627690623,-7.80782050156342,0.909579460539941));
#482=CARTESIAN_POINT('Ctrl Pts',(3.71920388008335,-7.60894980363763,1.44233521139373));
#483=CARTESIAN_POINT('Ctrl Pts',(3.51997403832229,-7.23976157113461,2.03000031476134));
#484=CARTESIAN_POINT('Ctrl Pts',(3.2594915258289,-6.67104349908933,2.5626007801001));
#485=CARTESIAN_POINT('Ctrl Pts',(2.96099239701589,-5.93228020573464,2.9848045880057));
#486=CARTESIAN_POINT('Ctrl Pts',(2.75008112846606,-5.38932653743001,3.19894157875906));
#487=CARTESIAN_POINT('Ctrl Pts',(2.63455593792602,-5.10461710659418,3.28535601084054));
#488=CARTESIAN_POINT('Ctrl Pts',(2.59846975084672,-5.02373196612793,3.29991983482082));
#489=CARTESIAN_POINT('Ctrl Pts',(2.58657807231007,-5.0001744544509,3.3));
#490=CARTESIAN_POINT('Ctrl Pts',(6.3205005254931,-8.00020475364269,-0.549999999999998));
#491=CARTESIAN_POINT('Ctrl Pts',(6.31231837012558,-7.98845850839002,-0.216987522983823));
#492=CARTESIAN_POINT('Ctrl Pts',(6.26304489637369,-7.92846405954051,0.257358109965316));
#493=CARTESIAN_POINT('Ctrl Pts',(6.11563683901811,-7.74737112487193,0.909290630693417));
#494=CARTESIAN_POINT('Ctrl Pts',(5.93092917719162,-7.51599611083469,1.44189900808071));
#495=CARTESIAN_POINT('Ctrl Pts',(5.62494389891285,-7.12039067084849,2.02943555256378));
#496=CARTESIAN_POINT('Ctrl Pts',(5.20355959096675,-6.55556938522345,2.56203154881031));
#497=CARTESIAN_POINT('Ctrl Pts',(4.70113835309517,-5.861286183778,2.98441196535054));
#498=CARTESIAN_POINT('Ctrl Pts',(4.34440120750291,-5.36179791060727,3.19875306376487));
#499=CARTESIAN_POINT('Ctrl Pts',(4.15626431314208,-5.09861780568757,3.28529531460021));
#500=CARTESIAN_POINT('Ctrl Pts',(4.10187086677134,-5.02280746103619,3.29990348687045));
#501=CARTESIAN_POINT('Ctrl Pts',(4.0858071067728,-5.0004143799764,3.3));
#502=CARTESIAN_POINT('Ctrl Pts',(6.64066970230258,-7.92174838050093,-0.549999999999998));
#503=CARTESIAN_POINT('Ctrl Pts',(6.6326779754631,-7.90927777216568,-0.216992401852258));
#504=CARTESIAN_POINT('Ctrl Pts',(6.58212857834789,-7.84915649953889,0.257341167891458));
#505=CARTESIAN_POINT('Ctrl Pts',(6.42914008892455,-7.6702321383533,0.909250400378961));
#506=CARTESIAN_POINT('Ctrl Pts',(6.23650840199165,-7.4431348467748,1.44183803210722));
#507=CARTESIAN_POINT('Ctrl Pts',(5.91584494023091,-7.05694738110895,2.02935642765487));
#508=CARTESIAN_POINT('Ctrl Pts',(5.47219621436407,-6.50831763499719,2.56195175556232));
#509=CARTESIAN_POINT('Ctrl Pts',(4.94144175740747,-5.83602315420784,2.98435704183081));
#510=CARTESIAN_POINT('Ctrl Pts',(4.564468618565,-5.35247160265657,3.19872683046938));
#511=CARTESIAN_POINT('Ctrl Pts',(4.36632202041756,-5.09674274107334,3.28528694144029));
#512=CARTESIAN_POINT('Ctrl Pts',(4.30945602163863,-5.02253182794742,3.29990124978048));
#513=CARTESIAN_POINT('Ctrl Pts',(4.29285331495701,-5.00033889539105,3.3));
#514=CARTESIAN_POINT('Ctrl Pts',(7.10439997643614,-7.67974762852077,-0.549999999999998));
#515=CARTESIAN_POINT('Ctrl Pts',(7.09679768176233,-7.66618874507941,-0.217000178287844));
#516=CARTESIAN_POINT('Ctrl Pts',(7.04601805780309,-7.60913591843809,0.257313830906497));
#517=CARTESIAN_POINT('Ctrl Pts',(6.88961081101901,-7.44469653094982,0.909185011038121));
#518=CARTESIAN_POINT('Ctrl Pts',(6.69074761247006,-7.23741729276008,1.44173864027173));
#519=CARTESIAN_POINT('Ctrl Pts',(6.35606558604248,-6.8859300291013,2.02922722299421));
#520=CARTESIAN_POINT('Ctrl Pts',(5.88771887149591,-6.38644769039133,2.56182140518551));
#521=CARTESIAN_POINT('Ctrl Pts',(5.32237038761197,-5.77311955244312,2.98426746446693));
#522=CARTESIAN_POINT('Ctrl Pts',(4.91956424658931,-5.32973669842269,3.19868422319948));
#523=CARTESIAN_POINT('Ctrl Pts',(4.70841574941312,-5.09273960467337,3.28527343694487));
#524=CARTESIAN_POINT('Ctrl Pts',(4.64819222246697,-5.02236971070896,3.29989766546542));
#525=CARTESIAN_POINT('Ctrl Pts',(4.63076817086571,-5.00058153280411,3.3));
#526=CARTESIAN_POINT('Ctrl Pts',(7.43491972433208,-7.43733883075371,-0.549999999999998));
#527=CARTESIAN_POINT('Ctrl Pts',(7.42765761835586,-7.42298294249061,-0.217006110984159));
#528=CARTESIAN_POINT('Ctrl Pts',(7.37758447890552,-7.36674466169992,0.257292808317498));
#529=CARTESIAN_POINT('Ctrl Pts',(7.22114974277124,-7.20821433547485,0.909134489988369));
#530=CARTESIAN_POINT('Ctrl Pts',(7.02056381965404,-7.00999147420431,1.44166170904231));
#531=CARTESIAN_POINT('Ctrl Pts',(6.67960608005821,-6.67593585074139,2.02912710336613));
#532=CARTESIAN_POINT('Ctrl Pts',(6.19751401164038,-6.20346522076044,2.56172037113217));
#533=CARTESIAN_POINT('Ctrl Pts',(5.61074491214861,-5.62474070190493,2.98419810475566));
#534=CARTESIAN_POINT('Ctrl Pts',(5.1912687119593,-5.20579612479444,3.19865131958769));
#535=CARTESIAN_POINT('Ctrl Pts',(4.97159021346392,-4.9803546120363,3.28526305477273));
#536=CARTESIAN_POINT('Ctrl Pts',(4.9090886495887,-4.91249231754494,3.29989492163063));
#537=CARTESIAN_POINT('Ctrl Pts',(4.89105688868748,-4.89105593260314,3.3));
#538=CARTESIAN_POINT('Ctrl Pts',(7.67788495902828,-7.10722818868776,-0.549999999999998));
#539=CARTESIAN_POINT('Ctrl Pts',(7.67102527051508,-7.09219637065429,-0.21701182118892));
#540=CARTESIAN_POINT('Ctrl Pts',(7.61978109974935,-7.03494992455264,0.257272283473336));
#541=CARTESIAN_POINT('Ctrl Pts',(7.45728435475409,-6.87632267890317,0.909084758391024));
#542=CARTESIAN_POINT('Ctrl Pts',(7.24773318541952,-6.67990728801895,1.4415857407423));
#543=CARTESIAN_POINT('Ctrl Pts',(6.88967181114546,-6.35241780010939,2.02902804361577));
#544=CARTESIAN_POINT('Ctrl Pts',(6.3810391730247,-5.89410740209786,2.5616203610276));
#545=CARTESIAN_POINT('Ctrl Pts',(5.76004230528374,-5.33713742709186,2.9841295701907));
#546=CARTESIAN_POINT('Ctrl Pts',(5.31609731735079,-4.93484502575033,3.19861895690116));
#547=CARTESIAN_POINT('Ctrl Pts',(5.08449615642922,-4.71762388687433,3.2852529236055));
#548=CARTESIAN_POINT('Ctrl Pts',(5.01916644093309,-4.65176673893965,3.29989226444904));
#549=CARTESIAN_POINT('Ctrl Pts',(5.00058265391442,-4.63076718977867,3.3));
#550=CARTESIAN_POINT('Ctrl Pts',(7.92119029896591,-6.64291156212045,-0.549999999999997));
#551=CARTESIAN_POINT('Ctrl Pts',(7.91488187949893,-6.62710238122069,-0.217019038688792));
#552=CARTESIAN_POINT('Ctrl Pts',(7.86007495457095,-6.56974062417871,0.257246175556876));
#553=CARTESIAN_POINT('Ctrl Pts',(7.6828509412589,-6.41440157462749,0.909021271105746));
#554=CARTESIAN_POINT('Ctrl Pts',(7.45356104340281,-6.22433583179497,1.44148862675744));
#555=CARTESIAN_POINT('Ctrl Pts',(7.06116886982063,-5.91124074743733,2.02890130360174));
#556=CARTESIAN_POINT('Ctrl Pts',(6.503921743174,-5.47817320965326,2.56149237988001));
#557=CARTESIAN_POINT('Ctrl Pts',(5.82433995289945,-4.95627004187646,2.9840419352798));
#558=CARTESIAN_POINT('Ctrl Pts',(5.34009519055525,-4.57985334728731,3.19857765762005));
#559=CARTESIAN_POINT('Ctrl Pts',(5.08921934483193,-4.37530768223141,3.28524003951382));
#560=CARTESIAN_POINT('Ctrl Pts',(5.01960241456985,-4.31250060043287,3.2998888966278));
#561=CARTESIAN_POINT('Ctrl Pts',(5.00033958403633,-4.29212670103447,3.3));
#562=CARTESIAN_POINT('Ctrl Pts',(8.00020818267648,-6.3216243611341,-0.549999999999998));
#563=CARTESIAN_POINT('Ctrl Pts',(7.99426784854666,-6.30543276274927,-0.217023301654614));
#564=CARTESIAN_POINT('Ctrl Pts',(7.9392708659196,-6.24918596262728,0.257230590433113));
#565=CARTESIAN_POINT('Ctrl Pts',(7.7597527409687,-6.09939731951327,0.908983146646786));
#566=CARTESIAN_POINT('Ctrl Pts',(7.52627790881561,-5.9173575205988,1.44143017808466));
#567=CARTESIAN_POINT('Ctrl Pts',(7.12476978450427,-5.61919687849023,2.02882491877837));
#568=CARTESIAN_POINT('Ctrl Pts',(6.55174579880545,-5.20875526536976,2.56141522220684));
#569=CARTESIAN_POINT('Ctrl Pts',(5.85048331615181,-4.71552205574522,2.98398916816443));
#570=CARTESIAN_POINT('Ctrl Pts',(5.35024550295767,-4.35943012761584,3.19855287185819));
#571=CARTESIAN_POINT('Ctrl Pts',(5.09157161504055,-4.16476417223768,3.28523235123392));
#572=CARTESIAN_POINT('Ctrl Pts',(5.02006116974776,-4.10428400766436,3.29988689824294));
#573=CARTESIAN_POINT('Ctrl Pts',(5.00041590145675,-4.08435289799343,3.3));
#574=CARTESIAN_POINT('Ctrl Pts',(7.99957859578687,-3.99990095597597,-0.549999999999998));
#575=CARTESIAN_POINT('Ctrl Pts',(7.99640484243364,-3.9818394828261,-0.217052604537702));
#576=CARTESIAN_POINT('Ctrl Pts',(7.95778752890423,-3.93489220693736,0.257122544597052));
#577=CARTESIAN_POINT('Ctrl Pts',(7.81453208233333,-3.8263577620899,0.908717601115052));
#578=CARTESIAN_POINT('Ctrl Pts',(7.614625620253,-3.70293430824804,1.44102235161021));
#579=CARTESIAN_POINT('Ctrl Pts',(7.24241829202642,-3.51260400874788,2.02829136615399));
#580=CARTESIAN_POINT('Ctrl Pts',(6.66945921478553,-3.26455727684783,2.56087613574336));
#581=CARTESIAN_POINT('Ctrl Pts',(5.92701773803334,-2.97652517312053,2.9836208565804));
#582=CARTESIAN_POINT('Ctrl Pts',(5.38356278161065,-2.76641405196405,3.19838031374561));
#583=CARTESIAN_POINT('Ctrl Pts',(5.10106872702831,-2.64356738374281,3.28517906712334));
#584=CARTESIAN_POINT('Ctrl Pts',(5.02234304488471,-2.60063242765378,3.29987311046648));
#585=CARTESIAN_POINT('Ctrl Pts',(5.00017267329428,-2.58438561887812,3.3));
#586=CARTESIAN_POINT('Ctrl Pts',(8.00004191200568,-2.00003047762725,-0.549999999999998));
#587=CARTESIAN_POINT('Ctrl Pts',(7.99983643780185,-1.98513226221835,-0.217069951348817));
#588=CARTESIAN_POINT('Ctrl Pts',(7.97346825081357,-1.95198063477062,0.257053426083503));
#589=CARTESIAN_POINT('Ctrl Pts',(7.85584353516951,-1.88448366368079,0.908540792457486));
#590=CARTESIAN_POINT('Ctrl Pts',(7.67888184924493,-1.81373651371691,1.44074681925626));
#591=CARTESIAN_POINT('Ctrl Pts',(7.32578202464549,-1.71462283670725,2.027927696226));
#592=CARTESIAN_POINT('Ctrl Pts',(6.75066842442463,-1.59887046060927,2.5605079439031));
#593=CARTESIAN_POINT('Ctrl Pts',(5.97735464331824,-1.47581888959531,2.98337130988207));
#594=CARTESIAN_POINT('Ctrl Pts',(5.40333330201097,-1.38563203621465,3.19826586535944));
#595=CARTESIAN_POINT('Ctrl Pts',(5.10559206620834,-1.32670265076421,3.28514506898594));
#596=CARTESIAN_POINT('Ctrl Pts',(5.02313994343167,-1.30261058559755,3.29986466004798));
#597=CARTESIAN_POINT('Ctrl Pts',(5.00005837412252,-1.29215008675202,3.3));
#598=CARTESIAN_POINT('Ctrl Pts',(8.00004207595211,2.00003055917507,-0.549999999999998));
#599=CARTESIAN_POINT('Ctrl Pts',(7.99983660174828,1.98513234376625,-0.217069951348818));
#600=CARTESIAN_POINT('Ctrl Pts',(7.97346840363402,1.95198071930574,0.257053426083502));
#601=CARTESIAN_POINT('Ctrl Pts',(7.85584367611949,1.88448374810826,0.908540792457483));
#602=CARTESIAN_POINT('Ctrl Pts',(7.67888197122514,1.81373659999268,1.44074681925626));
#603=CARTESIAN_POINT('Ctrl Pts',(7.3257821227888,1.7146229239031,2.027927696226));
#604=CARTESIAN_POINT('Ctrl Pts',(6.75066848933605,1.59887055097711,2.5605079439031));
#605=CARTESIAN_POINT('Ctrl Pts',(5.97735467783595,1.47581898192278,2.98337130988207));
#606=CARTESIAN_POINT('Ctrl Pts',(5.40333331315795,1.38563213167257,3.19826586535944));
#607=CARTESIAN_POINT('Ctrl Pts',(5.105592069287,1.32670274663739,3.28514506898594));
#608=CARTESIAN_POINT('Ctrl Pts',(5.02313994321024,1.30261068229754,3.29986466004798));
#609=CARTESIAN_POINT('Ctrl Pts',(5.00005837390109,1.29215018345206,3.3));
#610=CARTESIAN_POINT('Ctrl Pts',(7.9995780391769,3.99990103610112,-0.549999999999998));
#611=CARTESIAN_POINT('Ctrl Pts',(7.99354706387695,3.98183956295133,-0.217052604537702));
#612=CARTESIAN_POINT('Ctrl Pts',(7.95248075633806,3.93488819655967,0.257122544597052));
#613=CARTESIAN_POINT('Ctrl Pts',(7.80850374261151,3.82634093204797,0.908717601115051));
#614=CARTESIAN_POINT('Ctrl Pts',(7.60970524458959,3.70290217668873,1.4410223516102));
#615=CARTESIAN_POINT('Ctrl Pts',(7.24052284625081,3.51254905057123,2.02829136615399));
#616=CARTESIAN_POINT('Ctrl Pts',(6.67173308806714,3.26447534383384,2.56087613574335));
#617=CARTESIAN_POINT('Ctrl Pts',(5.93279034018769,2.97641615285479,2.98362085658039));
#618=CARTESIAN_POINT('Ctrl Pts',(5.38962702071567,2.76628837003182,3.19838031374561));
#619=CARTESIAN_POINT('Ctrl Pts',(5.10474225227865,2.64343424154543,3.28517906712334));
#620=CARTESIAN_POINT('Ctrl Pts',(5.023771625329,2.60049791997766,3.29987311046648));
#621=CARTESIAN_POINT('Ctrl Pts',(5.00017264276519,2.58425111120208,3.3));
#622=CARTESIAN_POINT('Ctrl Pts',(8.00020849886293,6.32176558394305,-0.549999999999998));
#623=CARTESIAN_POINT('Ctrl Pts',(7.98872009541488,6.30557409885033,-0.217023299879212));
#624=CARTESIAN_POINT('Ctrl Pts',(7.92896674860771,6.24931924032636,0.257230596979391));
#625=CARTESIAN_POINT('Ctrl Pts',(7.7480452778774,6.09950472647168,0.908983162735653));
#626=CARTESIAN_POINT('Ctrl Pts',(7.51671960095657,5.91743345562938,1.44143020279404));
#627=CARTESIAN_POINT('Ctrl Pts',(7.12108307356986,5.61922465176257,2.02882495110524));
#628=CARTESIAN_POINT('Ctrl Pts',(6.5561544249194,5.20872397990068,2.561415254869));
#629=CARTESIAN_POINT('Ctrl Pts',(5.86168772784931,4.71542892815141,2.98398919047968));
#630=CARTESIAN_POINT('Ctrl Pts',(5.3620185962662,4.3592977390774,3.19855288231314));
#631=CARTESIAN_POINT('Ctrl Pts',(5.09870401451994,4.16461382572112,3.28523235446231));
#632=CARTESIAN_POINT('Ctrl Pts',(5.0228349327798,4.1041300982986,3.29988689907832));
#633=CARTESIAN_POINT('Ctrl Pts',(5.00041586663137,4.08419876540339,3.3));
#634=CARTESIAN_POINT('Ctrl Pts',(7.92112021797299,6.64319284406055,-0.549999999999998));
#635=CARTESIAN_POINT('Ctrl Pts',(7.90890469748612,6.62738399773813,-0.217019034959348));
#636=CARTESIAN_POINT('Ctrl Pts',(7.84903497586356,6.57001334595261,0.25724618919146));
#637=CARTESIAN_POINT('Ctrl Pts',(7.67032132286937,6.41464473629285,0.909021304458746));
#638=CARTESIAN_POINT('Ctrl Pts',(7.44332557826177,6.2245424609375,1.44148867789096));
#639=CARTESIAN_POINT('Ctrl Pts',(7.0571949200058,5.91139030929898,2.0289013704266));
#640=CARTESIAN_POINT('Ctrl Pts',(6.50858086354259,5.47825095372579,2.56149244738098));
#641=CARTESIAN_POINT('Ctrl Pts',(5.8362510432504,4.95627047865653,2.98404198144283));
#642=CARTESIAN_POINT('Ctrl Pts',(5.35262310564046,4.57980385521692,3.19857767930376));
#643=CARTESIAN_POINT('Ctrl Pts',(5.09681173542308,4.37523516474763,3.28524004623989));
#644=CARTESIAN_POINT('Ctrl Pts',(5.02255542049916,4.31242340574172,3.29988889837609));
#645=CARTESIAN_POINT('Ctrl Pts',(5.00033953503937,4.29204911898685,3.3));
#646=CARTESIAN_POINT('Ctrl Pts',(7.67764566537022,7.1075936101236,-0.549999999999998));
#647=CARTESIAN_POINT('Ctrl Pts',(7.6643396471399,7.0925624882354,-0.217011815118541));
#648=CARTESIAN_POINT('Ctrl Pts',(7.60757462693386,7.03530825441301,0.257272305340903));
#649=CARTESIAN_POINT('Ctrl Pts',(7.44346564359189,6.87665351329619,0.909084811442389));
#650=CARTESIAN_POINT('Ctrl Pts',(7.23643448249969,6.68020323973821,1.44158582182047));
#651=CARTESIAN_POINT('Ctrl Pts',(6.88523188330553,6.3526576113644,2.02902814936978));
#652=CARTESIAN_POINT('Ctrl Pts',(6.3860527485799,5.89427400206094,2.56162046780353));
#653=CARTESIAN_POINT('Ctrl Pts',(5.77300485928876,5.33722245675721,2.98412964334206));
#654=CARTESIAN_POINT('Ctrl Pts',(5.32975574538229,4.93487633276126,3.19861899141984));
#655=CARTESIAN_POINT('Ctrl Pts',(5.09277916927003,4.71763030171601,3.28525293439859));
#656=CARTESIAN_POINT('Ctrl Pts',(5.02238882066595,4.65176802907683,3.29989226727651));
#657=CARTESIAN_POINT('Ctrl Pts',(5.00058267029584,4.630767994123,3.3));
#658=CARTESIAN_POINT('Ctrl Pts',(7.43459269513888,7.43767115137736,-0.549999999999998));
#659=CARTESIAN_POINT('Ctrl Pts',(7.42048990889038,7.42331609884155,-0.217006104391936));
#660=CARTESIAN_POINT('Ctrl Pts',(7.3645604265187,7.36707133258025,0.257292831859514));
#661=CARTESIAN_POINT('Ctrl Pts',(7.20642175064572,7.20851709428346,0.90913454681927));
#662=CARTESIAN_POINT('Ctrl Pts',(7.00851828589839,7.01026345233068,1.44166179573201));
#663=CARTESIAN_POINT('Ctrl Pts',(6.67485125515304,6.67615750097847,2.02912721630689));
#664=CARTESIAN_POINT('Ctrl Pts',(6.20280563047476,6.20362011542019,2.56172048513307));
#665=CARTESIAN_POINT('Ctrl Pts',(5.62448647739628,5.62482005140216,2.9841981829404));
#666=CARTESIAN_POINT('Ctrl Pts',(5.20575780538395,5.20582534980386,3.19865135658402));
#667=CARTESIAN_POINT('Ctrl Pts',(4.98037914097949,4.98036061799445,3.28526306639588));
#668=CARTESIAN_POINT('Ctrl Pts',(4.91250813987788,4.91249356260543,3.29989492468968));
#669=CARTESIAN_POINT('Ctrl Pts',(4.89105690599814,4.89105673027286,3.3));
#670=CARTESIAN_POINT('Ctrl Pts',(7.10399465932847,7.68001624546546,-0.549999999999998));
#671=CARTESIAN_POINT('Ctrl Pts',(7.08921604593276,7.66645833014943,-0.217000171176492));
#672=CARTESIAN_POINT('Ctrl Pts',(7.03229463411428,7.60940122246541,0.257313856041512));
#673=CARTESIAN_POINT('Ctrl Pts',(6.87410573749963,7.4449443687301,0.909185071352285));
#674=CARTESIAN_POINT('Ctrl Pts',(6.67806366086638,7.2376418867833,1.44173873206268));
#675=CARTESIAN_POINT('Ctrl Pts',(6.35104057280654,6.88611527065464,2.02922734240987));
#676=CARTESIAN_POINT('Ctrl Pts',(5.89324567521979,6.38657879470846,2.56182152568175));
#677=CARTESIAN_POINT('Ctrl Pts',(5.33677424717326,5.77318739860184,2.98426754721438));
#678=CARTESIAN_POINT('Ctrl Pts',(4.93476005282406,5.32976190050422,3.19868426248711));
#679=CARTESIAN_POINT('Ctrl Pts',(4.71763521027052,5.09274500617298,3.28527344935915));
#680=CARTESIAN_POINT('Ctrl Pts',(4.65177946666088,5.02237103861529,3.29989766875079));
#681=CARTESIAN_POINT('Ctrl Pts',(4.63076818701406,5.00058245555049,3.3));
#682=CARTESIAN_POINT('Ctrl Pts',(6.64033988670251,7.92183115921267,-0.549999999999998));
#683=CARTESIAN_POINT('Ctrl Pts',(6.62478586985468,7.9093612977439,-0.216992396821854));
#684=CARTESIAN_POINT('Ctrl Pts',(6.56776617328992,7.8492402052484,0.257341185359675));
#685=CARTESIAN_POINT('Ctrl Pts',(6.41290524434844,7.67031348351566,0.909250441858549));
#686=CARTESIAN_POINT('Ctrl Pts',(6.22325176971498,7.44321169093145,1.44183809497663));
#687=CARTESIAN_POINT('Ctrl Pts',(5.91066556750412,7.05701432572085,2.02935650923673));
#688=CARTESIAN_POINT('Ctrl Pts',(5.47814091874239,6.50836772331191,2.56195183783326));
#689=CARTESIAN_POINT('Ctrl Pts',(4.95674226029451,5.83605037222827,2.9843570984598));
#690=CARTESIAN_POINT('Ctrl Pts',(4.58060282325481,5.35248232362279,3.19872685751731));
#691=CARTESIAN_POINT('Ctrl Pts',(4.37615749534557,5.09674572102496,3.28528695007348));
#692=CARTESIAN_POINT('Ctrl Pts',(4.31335579392214,5.02253317027187,3.29990125208705));
#693=CARTESIAN_POINT('Ctrl Pts',(4.29297259609296,5.00034003136193,3.3));
#694=CARTESIAN_POINT('Ctrl Pts',(6.32033573407227,8.00020568585141,-0.549999999999998));
#695=CARTESIAN_POINT('Ctrl Pts',(6.30440037524972,7.98845982897554,-0.216987520429598));
#696=CARTESIAN_POINT('Ctrl Pts',(6.24849234263325,7.92846680386636,0.257358118703627));
#697=CARTESIAN_POINT('Ctrl Pts',(6.09916129155676,7.74737653605519,0.909290651255692));
#698=CARTESIAN_POINT('Ctrl Pts',(5.91750244001959,7.51600393444064,1.44189903913474));
#699=CARTESIAN_POINT('Ctrl Pts',(5.61978999652966,7.12040047236732,2.02943559277013));
#700=CARTESIAN_POINT('Ctrl Pts',(5.20979799644813,6.55557908043918,2.56203158933483));
#701=CARTESIAN_POINT('Ctrl Pts',(4.71695278872108,5.86129285115959,2.984411993302));
#702=CARTESIAN_POINT('Ctrl Pts',(4.36105892452344,5.36180162088982,3.19875307718557));
#703=CARTESIAN_POINT('Ctrl Pts',(4.16645857319714,5.09862001812375,3.28529531892127));
#704=CARTESIAN_POINT('Ctrl Pts',(4.10597810559601,5.02280933881534,3.29990348803429));
#705=CARTESIAN_POINT('Ctrl Pts',(4.08603807379209,5.00041617485796,3.3));
#706=CARTESIAN_POINT('Ctrl Pts',(3.99989268734835,7.99958376713136,-0.549999999999998));
#707=CARTESIAN_POINT('Ctrl Pts',(3.98207956920969,7.9932928861011,-0.216951644827688));
#708=CARTESIAN_POINT('Ctrl Pts',(3.93546498862254,7.95198321960971,0.257480853433738));
#709=CARTESIAN_POINT('Ctrl Pts',(3.82736615846116,7.80781999855847,0.90957946053994));
#710=CARTESIAN_POINT('Ctrl Pts',(3.7042879537906,7.60894916317816,1.44233521139373));
#711=CARTESIAN_POINT('Ctrl Pts',(3.51433202829688,7.23976078300334,2.03000031476134));
#712=CARTESIAN_POINT('Ctrl Pts',(3.26662127413016,6.67104247133679,2.5626007801001));
#713=CARTESIAN_POINT('Ctrl Pts',(2.97885050962393,5.9322789756422,2.9848045880057));
#714=CARTESIAN_POINT('Ctrl Pts',(2.76886950773435,5.3893251227527,3.19894157875906));
#715=CARTESIAN_POINT('Ctrl Pts',(2.6460777280409,5.10461564008121,3.28535601084054));
#716=CARTESIAN_POINT('Ctrl Pts',(2.60315423592796,5.02373046667978,3.29991983482082));
#717=CARTESIAN_POINT('Ctrl Pts',(2.58690927504582,5.00017295500304,3.3));
#718=CARTESIAN_POINT('Ctrl Pts',(1.99975397275677,8.00004092752039,-0.549999999999999));
#719=CARTESIAN_POINT('Ctrl Pts',(1.98508551373234,7.99958151703004,-0.216917771739938));
#720=CARTESIAN_POINT('Ctrl Pts',(1.95225625917894,7.97298205367892,0.257586964226628));
#721=CARTESIAN_POINT('Ctrl Pts',(1.8851945025736,7.85517885291651,0.909814986944894));
#722=CARTESIAN_POINT('Ctrl Pts',(1.81479814239988,7.67814247700363,1.44268240517812));
#723=CARTESIAN_POINT('Ctrl Pts',(1.71606722032577,7.32501898113092,2.03044290223815));
#724=CARTESIAN_POINT('Ctrl Pts',(1.60066050993466,6.7499465621901,2.5630452257466));
#725=CARTESIAN_POINT('Ctrl Pts',(1.477888693422,5.97678766476594,2.98511555145393));
#726=CARTESIAN_POINT('Ctrl Pts',(1.38785607792127,5.40297847278593,3.19909625541551));
#727=CARTESIAN_POINT('Ctrl Pts',(1.32900459374864,5.10543448183706,3.28540866301915));
#728=CARTESIAN_POINT('Ctrl Pts',(1.30493665155036,5.02308677301671,3.29993472284142));
#729=CARTESIAN_POINT('Ctrl Pts',(1.29448461158686,5.00005839211799,3.3));
#730=CARTESIAN_POINT('Ctrl Pts',(-2.00005102603044,8.000042651401,-0.549999999999999));
#731=CARTESIAN_POINT('Ctrl Pts',(-1.9850021951078,7.99958324091149,-0.216863022713983));
#732=CARTESIAN_POINT('Ctrl Pts',(-1.95162964690081,7.97298365716519,0.257709512951616));
#733=CARTESIAN_POINT('Ctrl Pts',(-1.88381854147173,7.85518033355023,0.910009505916344));
#734=CARTESIAN_POINT('Ctrl Pts',(-1.81280811412931,7.67814375787658,1.44291980167737));
#735=CARTESIAN_POINT('Ctrl Pts',(-1.7133973772898,7.32502001337292,2.03070433439166));
#736=CARTESIAN_POINT('Ctrl Pts',(-1.59737155808446,6.74994724459583,2.56329783307808));
#737=CARTESIAN_POINT('Ctrl Pts',(-1.47410538525778,5.97678802881326,2.98531900941536));
#738=CARTESIAN_POINT('Ctrl Pts',(-1.38381879961759,5.40297858927873,3.1992295230482));
#739=CARTESIAN_POINT('Ctrl Pts',(-1.32486216182268,5.10543451399789,3.28547046051015));
#740=CARTESIAN_POINT('Ctrl Pts',(-1.30077480992647,5.02308676956835,3.29995604957426));
#741=CARTESIAN_POINT('Ctrl Pts',(-1.2903214338629,5.00005838867006,3.3));
#742=CARTESIAN_POINT('Ctrl Pts',(-4.00015408172491,7.99957772309125,-0.55));
#743=CARTESIAN_POINT('Ctrl Pts',(-3.98199153424783,7.99444876789543,-0.216820453440395));
#744=CARTESIAN_POINT('Ctrl Pts',(-3.93488354045359,7.95413718415744,0.257805295357185));
#745=CARTESIAN_POINT('Ctrl Pts',(-3.82612553612572,7.8102716557606,0.910169918525057));
#746=CARTESIAN_POINT('Ctrl Pts',(-3.70254115704394,7.61095478809294,1.44312245405851));
#747=CARTESIAN_POINT('Ctrl Pts',(-3.51196466236566,7.2405405463442,2.03093346416374));
#748=CARTESIAN_POINT('Ctrl Pts',(-3.26376752077894,6.67012829442568,2.56352586887958));
#749=CARTESIAN_POINT('Ctrl Pts',(-2.97544815908911,5.9299386756428,2.98549063342527));
#750=CARTESIAN_POINT('Ctrl Pts',(-2.76518254464333,5.38686237209651,3.19933337550082));
#751=CARTESIAN_POINT('Ctrl Pts',(-2.64228314681654,5.1031225439561,3.28551508726326));
#752=CARTESIAN_POINT('Ctrl Pts',(-2.5993681385991,5.02314952292169,3.29997093889737));
#753=CARTESIAN_POINT('Ctrl Pts',(-2.58313572197895,5.00017259454674,3.3));
#754=CARTESIAN_POINT('Ctrl Pts',(-6.32184592687206,8.00020872068214,-0.549999999999999));
#755=CARTESIAN_POINT('Ctrl Pts',(-6.30560693658794,7.99071486858732,-0.216772363172436));
#756=CARTESIAN_POINT('Ctrl Pts',(-6.2492795338329,7.93264560504479,0.257913635327429));
#757=CARTESIAN_POINT('Ctrl Pts',(-6.09941882005342,7.75210794972579,0.910353630699645));
#758=CARTESIAN_POINT('Ctrl Pts',(-5.91740096753244,7.51984624594358,1.44335630673694));
#759=CARTESIAN_POINT('Ctrl Pts',(-5.61913007808614,7.12184379475405,2.03119934798796));
#760=CARTESIAN_POINT('Ctrl Pts',(-5.20878738047649,6.55373386518381,2.56379208655484));
#761=CARTESIAN_POINT('Ctrl Pts',(-4.71523727909382,5.8567064617013,2.98568817072507));
#762=CARTESIAN_POINT('Ctrl Pts',(-4.35895295149592,5.35700419174713,3.1994507602328));
#763=CARTESIAN_POINT('Ctrl Pts',(-4.16421018644787,5.09571844581583,3.28556457027452));
#764=CARTESIAN_POINT('Ctrl Pts',(-4.10376921970884,5.02168130532783,3.299987298532));
#765=CARTESIAN_POINT('Ctrl Pts',(-4.08385927637367,5.00041587880428,3.3));
#766=CARTESIAN_POINT('Ctrl Pts',(-6.6433531987271,7.92108021283571,-0.55));
#767=CARTESIAN_POINT('Ctrl Pts',(-6.62750435927343,7.91100489859215,-0.216765727045224));
#768=CARTESIAN_POINT('Ctrl Pts',(-6.57007242288566,7.85294370604034,0.257928588597611));
#769=CARTESIAN_POINT('Ctrl Pts',(-6.41467851663734,7.67465226364763,0.910379038905761));
#770=CARTESIAN_POINT('Ctrl Pts',(-6.22465473552428,7.44666781139224,1.44338868951314));
#771=CARTESIAN_POINT('Ctrl Pts',(-5.91145768431702,7.05802553321712,2.03123619942931));
#772=CARTESIAN_POINT('Ctrl Pts',(-5.47850800538756,6.5060306291071,2.56382902004382));
#773=CARTESIAN_POINT('Ctrl Pts',(-4.95626279481568,5.8309750913369,2.9857155132839));
#774=CARTESIAN_POINT('Ctrl Pts',(-4.5796335737454,5.34730496434274,3.19946695996952));
#775=CARTESIAN_POINT('Ctrl Pts',(-4.37500052344125,5.09364340136348,3.28557137723844));
#776=CARTESIAN_POINT('Ctrl Pts',(-4.31223374328689,5.02133085820542,3.29998954548876));
#777=CARTESIAN_POINT('Ctrl Pts',(-4.2918816734947,5.00033950349499,3.3));
#778=CARTESIAN_POINT('Ctrl Pts',(-7.10769640687002,7.67756430989686,-0.549999999999999));
#779=CARTESIAN_POINT('Ctrl Pts',(-7.09263714385965,7.66661788010591,-0.216755074120196));
#780=CARTESIAN_POINT('Ctrl Pts',(-7.03534069793639,7.61184895840066,0.257952597024341));
#781=CARTESIAN_POINT('Ctrl Pts',(-6.87669925933312,7.44822058618856,0.91041990137335));
#782=CARTESIAN_POINT('Ctrl Pts',(-6.68037455866315,7.24012167178533,1.44344082089621));
#783=CARTESIAN_POINT('Ctrl Pts',(-6.35282278056622,6.88618751313397,2.03129556793495));
#784=CARTESIAN_POINT('Ctrl Pts',(-5.89469588260153,6.38332421960465,2.56388856736169));
#785=CARTESIAN_POINT('Ctrl Pts',(-5.33738170544712,5.76729634329696,2.9857595157513));
#786=CARTESIAN_POINT('Ctrl Pts',(-4.93486972405319,5.32398593456188,3.19949296718137));
#787=CARTESIAN_POINT('Ctrl Pts',(-4.7175561958492,5.08933782017429,3.2855822764526));
#788=CARTESIAN_POINT('Ctrl Pts',(-4.65174381161958,5.02105822241211,3.2999931386859));
#789=CARTESIAN_POINT('Ctrl Pts',(-4.63076754967796,5.00058274286402,3.3));
#790=CARTESIAN_POINT('Ctrl Pts',(-7.43757831758402,7.43463715736002,-0.549999999999999));
#791=CARTESIAN_POINT('Ctrl Pts',(-7.42320379156579,7.42305488574719,-0.216746922484246));
#792=CARTESIAN_POINT('Ctrl Pts',(-7.36693074025868,7.36925549996584,0.257970970312888));
#793=CARTESIAN_POINT('Ctrl Pts',(-7.20841823482164,7.21162866928424,0.910451206337617));
#794=CARTESIAN_POINT('Ctrl Pts',(-7.01032615206635,7.01258496635956,1.44348078471637));
#795=CARTESIAN_POINT('Ctrl Pts',(-6.67624513561719,6.67600182387211,2.0313411009953));
#796=CARTESIAN_POINT('Ctrl Pts',(-6.20402112282709,6.20001906275965,2.56393426048783));
#797=CARTESIAN_POINT('Ctrl Pts',(-5.62496825601591,5.61849885660718,2.98579324061674));
#798=CARTESIAN_POINT('Ctrl Pts',(-5.20581192458496,5.19967145656581,3.19951286887881));
#799=CARTESIAN_POINT('Ctrl Pts',(-4.98028048683687,4.97674081735215,3.28559060275802));
#800=CARTESIAN_POINT('Ctrl Pts',(-4.91246797092089,4.91110023603062,3.29999588138524));
#801=CARTESIAN_POINT('Ctrl Pts',(-4.8910562835205,4.89105695620562,3.3));
#802=CARTESIAN_POINT('Ctrl Pts',(-7.67982954795515,7.1042581351181,-0.549999999999999));
#803=CARTESIAN_POINT('Ctrl Pts',(-7.66626042166472,7.09213732415748,-0.216738993481756));
#804=CARTESIAN_POINT('Ctrl Pts',(-7.60918512613307,7.03745697807303,0.257988845260279));
#805=CARTESIAN_POINT('Ctrl Pts',(-7.44478883806498,6.87979637800306,0.910481720219879));
#806=CARTESIAN_POINT('Ctrl Pts',(-7.2376724225861,6.6825402541604,1.44351978301527));
#807=CARTESIAN_POINT('Ctrl Pts',(-6.88618516025981,6.35242585222341,2.03138557072451));
#808=CARTESIAN_POINT('Ctrl Pts',(-6.38699877566896,5.89045683475034,2.56397892611627));
#809=CARTESIAN_POINT('Ctrl Pts',(-5.77334447987147,5.33057357901158,2.98582613801181));
#810=CARTESIAN_POINT('Ctrl Pts',(-5.32974885709098,4.92841403339044,3.19953222864972));
#811=CARTESIAN_POINT('Ctrl Pts',(-5.09266027292262,4.71383158066851,3.28559867779878));
#812=CARTESIAN_POINT('Ctrl Pts',(-5.02234416176225,4.65030622315884,3.29999853737608));
#813=CARTESIAN_POINT('Ctrl Pts',(-5.00058196474996,4.63076824561647,3.3));
#814=CARTESIAN_POINT('Ctrl Pts',(-7.92175936153782,6.64062753170519,-0.549999999999999));
#815=CARTESIAN_POINT('Ctrl Pts',(-7.90928935033304,6.62788914481241,-0.216728943226078));
#816=CARTESIAN_POINT('Ctrl Pts',(-7.84915899556669,6.57323666130729,0.25801150425168));
#817=CARTESIAN_POINT('Ctrl Pts',(-7.67029943829209,6.41892002175834,0.910520433387405));
#818=CARTESIAN_POINT('Ctrl Pts',(-7.44339327143428,6.22796546900985,1.44356928527954));
#819=CARTESIAN_POINT('Ctrl Pts',(-7.05721754828557,5.91208622888311,2.03144203867946));
#820=CARTESIAN_POINT('Ctrl Pts',(-6.50892086056033,5.47511944282104,2.56403566495272));
#821=CARTESIAN_POINT('Ctrl Pts',(-5.8362738417153,4.95007640386777,2.98586788903214));
#822=CARTESIAN_POINT('Ctrl Pts',(-5.35248964857812,4.57374601374057,3.1995567686665));
#823=CARTESIAN_POINT('Ctrl Pts',(-5.09665840277487,4.37195530318819,3.28560889976586));
#824=CARTESIAN_POINT('Ctrl Pts',(-5.02250478465325,4.3115996816054,3.30000189730072));
#825=CARTESIAN_POINT('Ctrl Pts',(-5.00033930512922,4.29276501303032,3.3));
#826=CARTESIAN_POINT('Ctrl Pts',(-8.00020649706866,6.32047983412268,-0.549999999999999));
#827=CARTESIAN_POINT('Ctrl Pts',(-7.98846737526512,6.3074384355191,-0.216722966686225));
#828=CARTESIAN_POINT('Ctrl Pts',(-7.92847009498347,6.25396099742474,0.25802498069039));
#829=CARTESIAN_POINT('Ctrl Pts',(-7.7474534372823,6.10518558169151,0.910543490208266));
#830=CARTESIAN_POINT('Ctrl Pts',(-7.51628365907514,5.92218725608765,1.44359879241148));
#831=CARTESIAN_POINT('Ctrl Pts',(-7.12069291830583,5.62109032874962,2.03147571817574));
#832=CARTESIAN_POINT('Ctrl Pts',(-6.55622055511565,5.20653566860435,2.56406952782842));
#833=CARTESIAN_POINT('Ctrl Pts',(-5.86156173314861,4.70994537544636,2.98589276883065));
#834=CARTESIAN_POINT('Ctrl Pts',(-5.36182311910211,4.35384744758456,3.19957136266443));
#835=CARTESIAN_POINT('Ctrl Pts',(-5.09853181975047,4.16196127672385,3.28561496518471));
#836=CARTESIAN_POINT('Ctrl Pts',(-5.02278008368374,4.10398471864203,3.30000388878749));
#837=CARTESIAN_POINT('Ctrl Pts',(-5.0004152809513,4.08563033361443,3.3));
#838=CARTESIAN_POINT('Ctrl Pts',(-7.99957484759051,3.99990534939331,-0.549999999999999));
#839=CARTESIAN_POINT('Ctrl Pts',(-7.99333653717904,3.98538193884769,-0.21668148939608));
#840=CARTESIAN_POINT('Ctrl Pts',(-7.95207679711903,3.94150765540451,0.258118518048354));
#841=CARTESIAN_POINT('Ctrl Pts',(-7.80806030440772,3.83399275650723,0.910703701394529));
#842=CARTESIAN_POINT('Ctrl Pts',(-7.60948974271497,3.70934717227722,1.44380395961099));
#843=CARTESIAN_POINT('Ctrl Pts',(-7.24032204175841,3.51549318229763,2.03171000856564));
#844=CARTESIAN_POINT('Ctrl Pts',(-6.67205368435202,3.2625434247851,2.56430521447126));
#845=CARTESIAN_POINT('Ctrl Pts',(-5.9327338247358,2.97043647235109,2.9860657228244));
#846=CARTESIAN_POINT('Ctrl Pts',(-5.38940057689084,2.76012097461346,3.19967265023944));
#847=CARTESIAN_POINT('Ctrl Pts',(-5.10451150670593,2.64030409760701,3.28565698594512));
#848=CARTESIAN_POINT('Ctrl Pts',(-5.02369586654471,2.6001612028816,3.30001767346134));
#849=CARTESIAN_POINT('Ctrl Pts',(-5.00017224350177,2.58568298642352,3.3));
#850=CARTESIAN_POINT('Ctrl Pts',(-8.00008793088245,1.9392355901675,-0.549999999999999));
#851=CARTESIAN_POINT('Ctrl Pts',(-7.99970912958529,1.92726708567283,-0.216655442431482));
#852=CARTESIAN_POINT('Ctrl Pts',(-7.97317161673336,1.89851046230261,0.258177317494264));
#853=CARTESIAN_POINT('Ctrl Pts',(-7.85556679822127,1.83760380516762,0.910805413863375));
#854=CARTESIAN_POINT('Ctrl Pts',(-7.67888834543434,1.77271482911113,1.44393497440957));
#855=CARTESIAN_POINT('Ctrl Pts',(-7.32579040253533,1.68092296422191,2.03186024918242));
#856=CARTESIAN_POINT('Ctrl Pts',(-6.75122600130879,1.57322493149949,2.56445702575632));
#857=CARTESIAN_POINT('Ctrl Pts',(-5.97737639917025,1.45895957589515,2.98617595014068));
#858=CARTESIAN_POINT('Ctrl Pts',(-5.40307717761554,1.37609554751791,3.19973628488456));
#859=CARTESIAN_POINT('Ctrl Pts',(-5.10530285220351,1.32302434800593,3.28568296241781));
#860=CARTESIAN_POINT('Ctrl Pts',(-5.02302572092414,1.30186179598419,3.30002612631677));
#861=CARTESIAN_POINT('Ctrl Pts',(-5.00003460243681,1.29286599539664,3.3));
#862=CARTESIAN_POINT('Ctrl Pts',(-7.99999497333904,-1.24525907791854,-0.549999999999999));
#863=CARTESIAN_POINT('Ctrl Pts',(-7.99961617204188,-1.23757351498629,-0.216655442431482));
#864=CARTESIAN_POINT('Ctrl Pts',(-7.97309886065725,-1.21910940348028,0.258177317494266));
#865=CARTESIAN_POINT('Ctrl Pts',(-7.85549036128616,-1.17999860120299,0.910805413863375));
#866=CARTESIAN_POINT('Ctrl Pts',(-7.67882150057904,-1.13833181099663,1.44393497440957));
#867=CARTESIAN_POINT('Ctrl Pts',(-7.32572486966478,-1.07938904146521,2.03186024918242));
#868=CARTESIAN_POINT('Ctrl Pts',(-6.75117676743324,-1.01023362762649,2.56445702575632));
#869=CARTESIAN_POINT('Ctrl Pts',(-5.97733486147487,-0.936860289583784,2.98617595014068));
#870=CARTESIAN_POINT('Ctrl Pts',(-5.40305399237264,-0.883651651360998,3.19973628488456));
#871=CARTESIAN_POINT('Ctrl Pts',(-5.10528090518548,-0.849572522755671,3.28568296241781));
#872=CARTESIAN_POINT('Ctrl Pts',(-5.02300931166186,-0.835983551768194,3.30002612631678));
#873=CARTESIAN_POINT('Ctrl Pts',(-5.00001819317452,-0.830206907612499,3.3));
#874=CARTESIAN_POINT('Ctrl Pts',(-8.00002248862921,-2.54863946353875,-0.549999999999999));
#875=CARTESIAN_POINT('Ctrl Pts',(-7.99840603345238,-2.53715008498091,-0.216666183035649));
#876=CARTESIAN_POINT('Ctrl Pts',(-7.96676274066645,-2.50559463100294,0.258153071230504));
#877=CARTESIAN_POINT('Ctrl Pts',(-7.83856577336628,-2.43250806865511,0.910763472186729));
#878=CARTESIAN_POINT('Ctrl Pts',(-7.65237463475779,-2.3503769666406,1.44388094976166));
#879=CARTESIAN_POINT('Ctrl Pts',(-7.29138792303919,-2.22689829215725,2.03179829666628));
#880=CARTESIAN_POINT('Ctrl Pts',(-6.71765130036045,-2.07149117541473,2.56439442556677));
#881=CARTESIAN_POINT('Ctrl Pts',(-5.95656666620358,-1.89691441471591,2.98613049732148));
#882=CARTESIAN_POINT('Ctrl Pts',(-5.39486842211321,-1.77111300492678,3.19971004480073));
#883=CARTESIAN_POINT('Ctrl Pts',(-5.10338702587533,-1.69687181048256,3.28567225088136));
#884=CARTESIAN_POINT('Ctrl Pts',(-5.02262603874578,-1.67051029625085,3.30002264073695));
#885=CARTESIAN_POINT('Ctrl Pts',(-5.00000461208674,-1.66040577078439,3.3));
#886=CARTESIAN_POINT('Ctrl Pts',(-8.00008765539076,-4.21461877227151,-0.549999999999999));
#887=CARTESIAN_POINT('Ctrl Pts',(-7.9963277509946,-4.20116470528502,-0.216690255775851));
#888=CARTESIAN_POINT('Ctrl Pts',(-7.9543345701536,-4.16169204531882,0.258098758940878));
#889=CARTESIAN_POINT('Ctrl Pts',(-7.80384300509694,-4.06375426247806,0.910670031476109));
#890=CARTESIAN_POINT('Ctrl Pts',(-7.59732687243723,-3.94826953903048,1.44376097382615));
#891=CARTESIAN_POINT('Ctrl Pts',(-7.21901926462412,-3.7637646337384,2.03166103003069));
#892=CARTESIAN_POINT('Ctrl Pts',(-6.64608003178016,-3.51498882879406,2.56425606119747));
#893=CARTESIAN_POINT('Ctrl Pts',(-5.91105379308672,-3.21916330544308,2.98602944858922));
#894=CARTESIAN_POINT('Ctrl Pts',(-5.37591043019847,-3.00347393552132,3.19965124757955));
#895=CARTESIAN_POINT('Ctrl Pts',(-5.09838270131391,-2.88094122422829,3.28564803326762));
#896=CARTESIAN_POINT('Ctrl Pts',(-5.02145445280986,-2.84014343186145,3.30001472468903));
#897=CARTESIAN_POINT('Ctrl Pts',(-5.00000626666841,-2.82548860407369,3.3));
#898=CARTESIAN_POINT('Ctrl Pts',(-7.83696357414117,-5.17220830701261,-0.549999999999999));
#899=CARTESIAN_POINT('Ctrl Pts',(-7.83187718886441,-5.15840708938742,-0.216706181409998));
#900=CARTESIAN_POINT('Ctrl Pts',(-7.78817957237058,-5.11564463129324,0.25806283236317));
#901=CARTESIAN_POINT('Ctrl Pts',(-7.63867444704385,-5.00513307847338,0.910608296231562));
#902=CARTESIAN_POINT('Ctrl Pts',(-7.43740777774881,-4.87162026365892,1.44368176315792));
#903=CARTESIAN_POINT('Ctrl Pts',(-7.07534981660598,-4.65249910292477,2.03157044986597));
#904=CARTESIAN_POINT('Ctrl Pts',(-6.53548724031547,-4.3489073012509,2.56416480619673));
#905=CARTESIAN_POINT('Ctrl Pts',(-5.85015669592613,-3.9806155958263,2.98596271812064));
#906=CARTESIAN_POINT('Ctrl Pts',(-5.35254726559569,-3.71135543768122,3.19961235158264));
#907=CARTESIAN_POINT('Ctrl Pts',(-5.0932687292586,-3.56084557997003,3.28563198129539));
#908=CARTESIAN_POINT('Ctrl Pts',(-5.02060120274256,-3.51217069917994,3.30000947264208));
#909=CARTESIAN_POINT('Ctrl Pts',(-4.99997923293747,-3.49525329323028,3.3));
#910=CARTESIAN_POINT('Ctrl Pts',(-7.36692632084248,-6.02228156374467,-0.549999999999999));
#911=CARTESIAN_POINT('Ctrl Pts',(-7.36057378797705,-6.00930975880574,-0.216725144646967));
#912=CARTESIAN_POINT('Ctrl Pts',(-7.32381390375195,-5.96823884294465,0.258020068409068));
#913=CARTESIAN_POINT('Ctrl Pts',(-7.2024640013026,-5.85733204182947,0.910535065356405));
#914=CARTESIAN_POINT('Ctrl Pts',(-7.03931824117432,-5.71914506082103,1.44358799507888));
#915=CARTESIAN_POINT('Ctrl Pts',(-6.74356692909216,-5.4837362603979,2.03146338122048));
#916=CARTESIAN_POINT('Ctrl Pts',(-6.29787413050214,-5.14504027625657,2.5640571098757));
#917=CARTESIAN_POINT('Ctrl Pts',(-5.72597261239521,-4.72230661224039,2.98588366918329));
#918=CARTESIAN_POINT('Ctrl Pts',(-5.3063981424478,-4.41064873463316,3.19956604377334));
#919=CARTESIAN_POINT('Ctrl Pts',(-5.08406476449503,-4.23823862341007,3.28561276324475));
#920=CARTESIAN_POINT('Ctrl Pts',(-5.01949615192996,-4.18360432783269,3.30000316721264));
#921=CARTESIAN_POINT('Ctrl Pts',(-5.00002927762049,-4.16503548082802,3.3));
#922=CARTESIAN_POINT('Ctrl Pts',(-7.00971371098458,-6.46960284766194,-0.549999999999999));
#923=CARTESIAN_POINT('Ctrl Pts',(-7.00269679176864,-6.45736246108266,-0.216737047542043));
#924=CARTESIAN_POINT('Ctrl Pts',(-6.97238460769442,-6.4193676414624,0.257993232514952));
#925=CARTESIAN_POINT('Ctrl Pts',(-6.87492880894849,-6.31417465165874,0.910489215898841));
#926=CARTESIAN_POINT('Ctrl Pts',(-6.74297107512413,-6.18008612842558,1.44352936768903));
#927=CARTESIAN_POINT('Ctrl Pts',(-6.49945126619083,-5.9450520832311,2.03139650410168));
#928=CARTESIAN_POINT('Ctrl Pts',(-6.12508514945798,-5.59712624938505,2.56398991194176));
#929=CARTESIAN_POINT('Ctrl Pts',(-5.63635132982547,-5.15358715107558,2.98583422188261));
#930=CARTESIAN_POINT('Ctrl Pts',(-5.27308209025682,-4.82393642449588,3.19953698011025));
#931=CARTESIAN_POINT('Ctrl Pts',(-5.07735045520179,-4.64200988177044,3.28560065698541));
#932=CARTESIAN_POINT('Ctrl Pts',(-5.01857974641192,-4.58465816208833,3.29999918792777));
#933=CARTESIAN_POINT('Ctrl Pts',(-4.99990916317264,-4.56525635987201,3.3));
#934=CARTESIAN_POINT('Ctrl Pts',(-6.85770733106352,-6.64763316159581,-0.549999999999999));
#935=CARTESIAN_POINT('Ctrl Pts',(-6.85042625113711,-6.63571053808481,-0.216741957779961));
#936=CARTESIAN_POINT('Ctrl Pts',(-6.82197709591089,-6.5991815675424,0.257982162525552));
#937=CARTESIAN_POINT('Ctrl Pts',(-6.73177783504881,-6.49680744155751,0.910470310711933));
#938=CARTESIAN_POINT('Ctrl Pts',(-6.60958569530541,-6.36498127404916,1.44350519987843));
#939=CARTESIAN_POINT('Ctrl Pts',(-6.3829561107999,-6.13093782299096,2.03136894058985));
#940=CARTESIAN_POINT('Ctrl Pts',(-6.03250375041865,-5.78024198723195,2.56396222165101));
#941=CARTESIAN_POINT('Ctrl Pts',(-5.57251269643223,-5.32918407723376,2.98581383660815));
#942=CARTESIAN_POINT('Ctrl Pts',(-5.22905985033489,-4.99282165850955,3.19952499085618));
#943=CARTESIAN_POINT('Ctrl Pts',(-5.04277687092914,-4.80730241211367,3.28559565955188));
#944=CARTESIAN_POINT('Ctrl Pts',(-4.98613175095655,-4.74891977815651,3.29999754474102));
#945=CARTESIAN_POINT('Ctrl Pts',(-4.96779507752851,-4.72918984981869,3.3));
#946=CARTESIAN_POINT('Ctrl Pts',(-6.59171861799809,-6.91169888437501,-0.549999999999999));
#947=CARTESIAN_POINT('Ctrl Pts',(-6.58404905184894,-6.90035273684449,-0.216749974510863));
#948=CARTESIAN_POINT('Ctrl Pts',(-6.55552482255282,-6.86524396986644,0.257964091105462));
#949=CARTESIAN_POINT('Ctrl Pts',(-6.46748308074362,-6.76454635817753,0.910439483220744));
#950=CARTESIAN_POINT('Ctrl Pts',(-6.34957504204253,-6.63285771606556,1.44346581740365));
#951=CARTESIAN_POINT('Ctrl Pts',(-6.13309236672253,-6.39520759427536,2.03132404654209));
#952=CARTESIAN_POINT('Ctrl Pts',(-5.80093910761584,-6.03386232099142,2.56391714463873));
#953=CARTESIAN_POINT('Ctrl Pts',(-5.36697124424953,-5.56456478696106,2.98578061038961));
#954=CARTESIAN_POINT('Ctrl Pts',(-5.04296233618614,-5.21365144841706,3.19950541749213));
#955=CARTESIAN_POINT('Ctrl Pts',(-4.86638877979939,-5.02078602387269,3.28558748620414));
#956=CARTESIAN_POINT('Ctrl Pts',(-4.81218213692598,-4.96050326659153,3.29999485493076));
#957=CARTESIAN_POINT('Ctrl Pts',(-4.79441401881443,-4.94029580539883,3.3));
#958=CARTESIAN_POINT('Ctrl Pts',(-6.37367159102918,-7.08911079323105,-0.549999999999999));
#959=CARTESIAN_POINT('Ctrl Pts',(-6.36574768420809,-7.07824847686637,-0.216756102748416));
#960=CARTESIAN_POINT('Ctrl Pts',(-6.33574980667082,-7.04190847924194,0.257950278811719));
#961=CARTESIAN_POINT('Ctrl Pts',(-6.24478771024883,-6.93501978229553,0.910415955763367));
#962=CARTESIAN_POINT('Ctrl Pts',(-6.12465032595451,-6.79453968703134,1.44343578717903));
#963=CARTESIAN_POINT('Ctrl Pts',(-5.90763758805316,-6.54087565149962,2.03128983541359));
#964=CARTESIAN_POINT('Ctrl Pts',(-5.57957918975236,-6.15585209184165,2.56388281757452));
#965=CARTESIAN_POINT('Ctrl Pts',(-5.15546917864087,-5.65714197051349,2.98575526694831));
#966=CARTESIAN_POINT('Ctrl Pts',(-4.84014255139443,-5.285725221608,3.19949045596947));
#967=CARTESIAN_POINT('Ctrl Pts',(-4.66826472887887,-5.0831143079505,3.28558122404312));
#968=CARTESIAN_POINT('Ctrl Pts',(-4.61545411881879,-5.02069255238229,3.29999279173292));
#969=CARTESIAN_POINT('Ctrl Pts',(-4.59814392597367,-5.00016726081027,3.3));
#970=CARTESIAN_POINT('Ctrl Pts',(-6.07908427205891,-7.30553660270737,-0.549999999999998));
#971=CARTESIAN_POINT('Ctrl Pts',(-6.07085740652025,-7.29533136236176,-0.21676413817103));
#972=CARTESIAN_POINT('Ctrl Pts',(-6.03927689558034,-7.25542761866917,0.257932169432878));
#973=CARTESIAN_POINT('Ctrl Pts',(-5.94556127758998,-7.13443119858873,0.910385133506073));
#974=CARTESIAN_POINT('Ctrl Pts',(-5.82373349402219,-6.97524345391019,1.44339646486207));
#975=CARTESIAN_POINT('Ctrl Pts',(-5.60782496215896,-6.6899332696622,2.03124505418857));
#976=CARTESIAN_POINT('Ctrl Pts',(-5.28717343710217,-6.26131616434296,2.56383790147276));
#977=CARTESIAN_POINT('Ctrl Pts',(-4.8779729986076,-5.71156456615248,2.98572207621236));
#978=CARTESIAN_POINT('Ctrl Pts',(-4.57522981457437,-5.30562706869161,3.19947083892179));
#979=CARTESIAN_POINT('Ctrl Pts',(-4.41008321838843,-5.08688392282367,3.28557300284643));
#980=CARTESIAN_POINT('Ctrl Pts',(-4.35922455329258,-5.02106558060383,3.29999008141088));
#981=CARTESIAN_POINT('Ctrl Pts',(-4.34253149045149,-5.00015116820955,3.3));
#982=CARTESIAN_POINT('Ctrl Pts',(-5.69499896919898,-7.54327879052642,-0.549999999999999));
#983=CARTESIAN_POINT('Ctrl Pts',(-5.68645456880259,-7.5339366585296,-0.216774149236166));
#984=CARTESIAN_POINT('Ctrl Pts',(-5.6536584739335,-7.49050973450973,0.257909610456376));
#985=CARTESIAN_POINT('Ctrl Pts',(-5.55859545632252,-7.3548310472153,0.910346786532792));
#986=CARTESIAN_POINT('Ctrl Pts',(-5.43709927479142,-7.17577478662915,1.44334757984447));
#987=CARTESIAN_POINT('Ctrl Pts',(-5.22607683251865,-6.85624941872966,2.03118941351163));
#988=CARTESIAN_POINT('Ctrl Pts',(-4.91868231264025,-6.37959960441124,2.56378212638515));
#989=CARTESIAN_POINT('Ctrl Pts',(-4.53194878918788,-5.77277653200354,2.98568080327409));
#990=CARTESIAN_POINT('Ctrl Pts',(-4.24728543171415,-5.32795745438434,3.1994464000501));
#991=CARTESIAN_POINT('Ctrl Pts',(-4.09164802265474,-5.09106948125269,3.28556274037433));
#992=CARTESIAN_POINT('Ctrl Pts',(-4.04347848128527,-5.02143704026854,3.29998669484037));
#993=CARTESIAN_POINT('Ctrl Pts',(-4.02758703085908,-5.00009203007439,3.3));
#994=CARTESIAN_POINT('Ctrl Pts',(-4.86147334037624,-7.89194320190504,-0.549999999999999));
#995=CARTESIAN_POINT('Ctrl Pts',(-4.8525683707452,-7.88446116286948,-0.216794383089023));
#996=CARTESIAN_POINT('Ctrl Pts',(-4.81971972043373,-7.83777715832238,0.257864028994822));
#997=CARTESIAN_POINT('Ctrl Pts',(-4.72868634763044,-7.68423840002076,0.910269532476568));
#998=CARTESIAN_POINT('Ctrl Pts',(-4.61557399287923,-7.47924398191572,1.44324927042816));
#999=CARTESIAN_POINT('Ctrl Pts',(-4.42545201082717,-7.11207944832079,2.03107766306126));
#1000=CARTESIAN_POINT('Ctrl Pts',(-4.15719629291441,-6.56447982952195,2.56367026211525));
#1001=CARTESIAN_POINT('Ctrl Pts',(-3.82761655486101,-5.86942474328046,2.98559775201969));
#1002=CARTESIAN_POINT('Ctrl Pts',(-3.58664624253406,-5.36327572119155,3.199397011808));
#1003=CARTESIAN_POINT('Ctrl Pts',(-3.45371064411055,-5.09774951859089,3.28554190471384));
#1004=CARTESIAN_POINT('Ctrl Pts',(-3.41181168475771,-5.02212051311265,3.29997980374571));
#1005=CARTESIAN_POINT('Ctrl Pts',(-3.39769414000741,-5.00008956519219,3.3));
#1006=CARTESIAN_POINT('Ctrl Pts',(-4.18611377338925,-8.,-0.549999999999999));
#1007=CARTESIAN_POINT('Ctrl Pts',(-4.17730540246209,-7.9939728863416,-0.216809530902918));
#1008=CARTESIAN_POINT('Ctrl Pts',(-4.14659998426295,-7.94923204430728,0.257829922729917));
#1009=CARTESIAN_POINT('Ctrl Pts',(-4.06423334749099,-7.79590917236272,0.910212024221344));
#1010=CARTESIAN_POINT('Ctrl Pts',(-3.9637250257956,-7.58791846420905,1.44317631684907));
#1011=CARTESIAN_POINT('Ctrl Pts',(-3.79802781533716,-7.21002384428353,2.0309949248543));
#1012=CARTESIAN_POINT('Ctrl Pts',(-3.56859193618909,-6.63969615377909,2.56358764443172));
#1013=CARTESIAN_POINT('Ctrl Pts',(-3.29048771659474,-5.91020314920862,2.98553605575835));
#1014=CARTESIAN_POINT('Ctrl Pts',(-3.08751088235257,-5.37823950848827,3.19936004621895));
#1015=CARTESIAN_POINT('Ctrl Pts',(-2.97428403646072,-5.10056040112336,3.28552618426704));
#1016=CARTESIAN_POINT('Ctrl Pts',(-2.93784780583264,-5.02237054366947,3.29997458442818));
#1017=CARTESIAN_POINT('Ctrl Pts',(-2.9252586399349,-5.,3.3));
#1018=CARTESIAN_POINT('Ctrl Pts',(-2.49053686757243,-8.,-0.549999999999999));
#1019=CARTESIAN_POINT('Ctrl Pts',(-2.4827800001236,-7.99742139799957,-0.216846618691335));
#1020=CARTESIAN_POINT('Ctrl Pts',(-2.45905557761861,-7.96455898417193,0.257746456598553));
#1021=CARTESIAN_POINT('Ctrl Pts',(-2.40106654836614,-7.83492053032226,0.910071948551236));
#1022=CARTESIAN_POINT('Ctrl Pts',(-2.33418419845998,-7.64773919899264,1.44299913093537));
#1023=CARTESIAN_POINT('Ctrl Pts',(-2.23101645134107,-7.28674172654658,2.03079440009102));
#1024=CARTESIAN_POINT('Ctrl Pts',(-2.09786983177625,-6.71372653885204,2.563387872206));
#1025=CARTESIAN_POINT('Ctrl Pts',(-1.94515826244785,-5.95548748421487,2.98538606416205));
#1026=CARTESIAN_POINT('Ctrl Pts',(-1.83460000553205,-5.39557565945224,3.19926955838022));
#1027=CARTESIAN_POINT('Ctrl Pts',(-1.77016927862118,-5.10428624054356,3.28548742296423));
#1028=CARTESIAN_POINT('Ctrl Pts',(-1.74778171846702,-5.02300503006783,3.29996167121878));
#1029=CARTESIAN_POINT('Ctrl Pts',(-1.73938014143068,-5.,3.3));
#1030=CARTESIAN_POINT('Ctrl Pts',(-1.24528392967297,-8.,-0.549999999999999));
#1031=CARTESIAN_POINT('Ctrl Pts',(-1.23994228874127,-7.9995405895088,-0.216871956336933));
#1032=CARTESIAN_POINT('Ctrl Pts',(-1.22466169231667,-7.97293864199227,0.257689516173899));
#1033=CARTESIAN_POINT('Ctrl Pts',(-1.18979016307481,-7.85513497673905,0.909977765458547));
#1034=CARTESIAN_POINT('Ctrl Pts',(-1.15157249879195,-7.67809651807792,1.44288106471764));
#1035=CARTESIAN_POINT('Ctrl Pts',(-1.09664129748166,-7.32497133553307,2.03066167543571));
#1036=CARTESIAN_POINT('Ctrl Pts',(-1.0317436415381,-6.74989531168699,2.56325661410451));
#1037=CARTESIAN_POINT('Ctrl Pts',(-0.963202582928631,-5.97673374186874,
2.98528581034595));
#1038=CARTESIAN_POINT('Ctrl Pts',(-0.91448829500517,-5.40292141785143,3.19920777722238));
#1039=CARTESIAN_POINT('Ctrl Pts',(-0.884472048074085,-5.10537678720315,
3.28546037676027));
#1040=CARTESIAN_POINT('Ctrl Pts',(-0.873101172335893,-5.02302838089914,
3.29995256960385));
#1041=CARTESIAN_POINT('Ctrl Pts',(-0.868488067683049,-5.,3.3));
#1042=CARTESIAN_POINT('Ctrl Pts',(-3.09917735041854E-5,-8.,-0.549999999999999));
#1043=CARTESIAN_POINT('Ctrl Pts',(0.000158321400925936,-7.9995405895088,
-0.216890398834898));
#1044=CARTESIAN_POINT('Ctrl Pts',(0.000428015137670429,-7.97293864199227,
0.257648234989958));
#1045=CARTESIAN_POINT('Ctrl Pts',(0.000798723907507511,-7.85513497673905,
0.909912240717745));
#1046=CARTESIAN_POINT('Ctrl Pts',(0.00110159426937408,-7.67809651807792,
1.44280109645559));
#1047=CARTESIAN_POINT('Ctrl Pts',(0.00143567161521346,-7.32497133553307,
2.03057361063684));
#1048=CARTESIAN_POINT('Ctrl Pts',(0.00173841123139331,-6.74989531168699,
2.56317152199346));
#1049=CARTESIAN_POINT('Ctrl Pts',(0.00197834855246188,-5.97673374186874,
2.98521727445925));
#1050=CARTESIAN_POINT('Ctrl Pts',(0.00210002394518551,-5.40292141785143,
3.19916288531788));
#1051=CARTESIAN_POINT('Ctrl Pts',(0.00214913702337579,-5.10537678720315,
3.2854395599497));
#1052=CARTESIAN_POINT('Ctrl Pts',(0.00215742506667708,-5.02302838089914,
3.29994538558149));
#1053=CARTESIAN_POINT('Ctrl Pts',(0.00215747914021236,-5.,3.3));
#1054=CARTESIAN_POINT('',(-3.09917735052956E-5,-8.,-0.549999999999999));
#1055=CARTESIAN_POINT('Ctrl Pts',(-3.09917735052956E-5,-8.,-0.549999999999999));
#1056=CARTESIAN_POINT('Ctrl Pts',(1.64597113844767,-8.,-0.549999999999998));
#1057=CARTESIAN_POINT('Ctrl Pts',(3.53271979042792,-7.99967020061921,-0.549999999639673));
#1058=CARTESIAN_POINT('Ctrl Pts',(5.33860636811108,-7.99997567919166,-0.549995727243988));
#1059=CARTESIAN_POINT('Ctrl Pts',(5.56049028179296,-8.00001321243546,-0.549995202307435));
#1060=CARTESIAN_POINT('Ctrl Pts',(5.78115357358768,-8.00006033445462,-0.549994612884043));
#1061=CARTESIAN_POINT('Ctrl Pts',(5.99999991521588,-8.00011883388942,-0.549993951054362));
#1062=CARTESIAN_POINT('Ctrl Pts',(6.00001236689319,-8.00011883721786,-0.549993951016706));
#1063=CARTESIAN_POINT('Ctrl Pts',(6.00002481856478,-8.00011884054633,-0.549993950979047));
#1064=CARTESIAN_POINT('Ctrl Pts',(6.00003727023065,-8.00011884387484,-0.549993950941385));
#1065=CARTESIAN_POINT('Ctrl Pts',(6.19949356221512,-8.00017216141695,-0.549993347663291));
#1066=CARTESIAN_POINT('Ctrl Pts',(6.39887446918831,-7.96979511266363,-0.549992049542391));
#1067=CARTESIAN_POINT('Ctrl Pts',(6.58950809564592,-7.91108674686268,-0.549992197086667));
#1068=CARTESIAN_POINT('Ctrl Pts',(6.70512624504404,-7.87548047563852,-0.549992286571385));
#1069=CARTESIAN_POINT('Ctrl Pts',(6.81752662546714,-7.82945404704766,-0.549992907817541));
#1070=CARTESIAN_POINT('Ctrl Pts',(6.92477711342371,-7.77348474177735,-0.549994538310121));
#1071=CARTESIAN_POINT('Ctrl Pts',(6.92478084296016,-7.77348279549655,-0.54999453836682));
#1072=CARTESIAN_POINT('Ctrl Pts',(6.92478457249042,-7.77348084920393,-0.54999453842352));
#1073=CARTESIAN_POINT('Ctrl Pts',(6.92478830201447,-7.77347890289947,-0.549994538480221));
#1074=CARTESIAN_POINT('Ctrl Pts',(7.10440716094424,-7.67974228082583,-0.549997269291098));
#1075=CARTESIAN_POINT('Ctrl Pts',(7.26966296708338,-7.55854002798088,-0.54999859567935));
#1076=CARTESIAN_POINT('Ctrl Pts',(7.4130310675448,-7.41541331336284,-0.549998690954057));
#1077=CARTESIAN_POINT('Ctrl Pts',(7.55639892231766,-7.2722868440197,-0.549998786228601));
#1078=CARTESIAN_POINT('Ctrl Pts',(7.67787917156728,-7.10723596399953,-0.549997650393936));
#1079=CARTESIAN_POINT('Ctrl Pts',(7.77191905393728,-6.92777595482392,-0.549995456735539));
#1080=CARTESIAN_POINT('Ctrl Pts',(7.77192121571966,-6.92777182940952,-0.549995456685112));
#1081=CARTESIAN_POINT('Ctrl Pts',(7.77192337748754,-6.92776770398748,-0.549995456634686));
#1082=CARTESIAN_POINT('Ctrl Pts',(7.77192553924093,-6.92776357855782,-0.549995456584261));
#1083=CARTESIAN_POINT('Ctrl Pts',(7.86416046024069,-6.75174503708314,-0.549993305142524));
#1084=CARTESIAN_POINT('Ctrl Pts',(7.92958394930161,-6.56178323072735,-0.549994169425616));
#1085=CARTESIAN_POINT('Ctrl Pts',(7.96608198765052,-6.36644430386154,-0.549995261788183));
#1086=CARTESIAN_POINT('Ctrl Pts',(7.98864473450707,-6.24568760137882,-0.549995937076533));
#1087=CARTESIAN_POINT('Ctrl Pts',(8.00015423141135,-6.12287664822141,-0.549996699533511));
#1088=CARTESIAN_POINT('Ctrl Pts',(8.00012092518672,-6.0000367108987,-0.549996890635596));
#1089=CARTESIAN_POINT('Ctrl Pts',(8.000120921861,-6.00002444501904,-0.549996890654678));
#1090=CARTESIAN_POINT('Ctrl Pts',(8.00012091853533,-6.00001217913955,-0.549996890673755));
#1091=CARTESIAN_POINT('Ctrl Pts',(8.0001209152097,-5.99999991326021,-0.549996890692825));
#1092=CARTESIAN_POINT('Ctrl Pts',(7.99984978618936,-4.99999982971828,-0.549998445464035));
#1093=CARTESIAN_POINT('Ctrl Pts',(7.99983001361713,-3.99999985111721,-0.549999216268917));
#1094=CARTESIAN_POINT('Ctrl Pts',(7.999878058398,-2.999999885512,-0.549999598432196));
#1095=CARTESIAN_POINT('Ctrl Pts',(7.99990565560905,-2.4255938917001,-0.549999817949082));
#1096=CARTESIAN_POINT('Ctrl Pts',(7.99995562491113,-1.85118790273458,-0.549999909231147));
#1097=CARTESIAN_POINT('Ctrl Pts',(7.99999316699561,-1.27678190467618,-0.549999947166043));
#1098=CARTESIAN_POINT('Ctrl Pts',(8.00001765854932,-0.902053235577049,-0.549999971913857));
#1099=CARTESIAN_POINT('Ctrl Pts',(8.00003686098823,-0.527324562683619,-0.54999997395691));
#1100=CARTESIAN_POINT('Ctrl Pts',(8.00004111300812,-0.15259588193505,-0.549999974084454));
#1101=CARTESIAN_POINT('Ctrl Pts',(8.00004169017318,-0.101730574513224,-0.549999974101767));
#1102=CARTESIAN_POINT('Ctrl Pts',(8.00004199187813,-0.0508652669456709,
-0.549999974083785));
#1103=CARTESIAN_POINT('Ctrl Pts',(8.0000419939629,4.07793505630138E-8,-0.5499999740825));
#1104=CARTESIAN_POINT('Ctrl Pts',(8.00004207593483,2.00000003367407,-0.549999974031988));
#1105=CARTESIAN_POINT('Ctrl Pts',(7.99957816331803,3.99999940331594,-0.550000000454207));
#1106=CARTESIAN_POINT('Ctrl Pts',(8.00012093545958,5.99999986252623,-0.549993983859968));
#1107=CARTESIAN_POINT('Ctrl Pts',(8.00012093882416,6.00001226029145,-0.549993983822671));
#1108=CARTESIAN_POINT('Ctrl Pts',(8.00012094218878,6.00002465805683,-0.54999398378537));
#1109=CARTESIAN_POINT('Ctrl Pts',(8.00012094555344,6.00003705582237,-0.549993983748062));
#1110=CARTESIAN_POINT('Ctrl Pts',(8.00017487149792,6.19873819990373,-0.549993385814457));
#1111=CARTESIAN_POINT('Ctrl Pts',(7.97002369743133,6.39736339045871,-0.549991332063928));
#1112=CARTESIAN_POINT('Ctrl Pts',(7.91175064038765,6.58734103932268,-0.549991076291739));
#1113=CARTESIAN_POINT('Ctrl Pts',(7.8756818703909,6.70492986113894,-0.549990917978639));
#1114=CARTESIAN_POINT('Ctrl Pts',(7.82884035288289,6.81920545609805,-0.549991448500177));
#1115=CARTESIAN_POINT('Ctrl Pts',(7.77172973442992,6.92813787351374,-0.549993439498287));
#1116=CARTESIAN_POINT('Ctrl Pts',(7.77172763636957,6.92814187534023,-0.54999343957143));
#1117=CARTESIAN_POINT('Ctrl Pts',(7.77172553829559,6.92814587715953,-0.549993439644575));
#1118=CARTESIAN_POINT('Ctrl Pts',(7.77172344020796,6.92814987897165,-0.549993439717721));
#1119=CARTESIAN_POINT('Ctrl Pts',(7.67763997952575,7.10760107472279,-0.549996719802194));
#1120=CARTESIAN_POINT('Ctrl Pts',(7.55611583351298,7.27263558060201,-0.549998359900565));
#1121=CARTESIAN_POINT('Ctrl Pts',(7.41270635960861,7.41573796921127,-0.549998364074972));
#1122=CARTESIAN_POINT('Ctrl Pts',(7.26929683194289,7.55884041146676,-0.54999836824938));
#1123=CARTESIAN_POINT('Ctrl Pts',(7.10400193782459,7.68001074110946,-0.549996736498404));
#1124=CARTESIAN_POINT('Ctrl Pts',(6.92434900898899,7.77370838264982,-0.549993472879646));
#1125=CARTESIAN_POINT('Ctrl Pts',(6.92434516200612,7.77371038903638,-0.549993472809761));
#1126=CARTESIAN_POINT('Ctrl Pts',(6.92434131501666,7.77371239541035,-0.549993472739877));
#1127=CARTESIAN_POINT('Ctrl Pts',(6.9243374680206,7.77371440177173,-0.549993472669996));
#1128=CARTESIAN_POINT('Ctrl Pts',(6.74783095838562,7.86576956336067,-0.549990266385799));
#1129=CARTESIAN_POINT('Ctrl Pts',(6.5573855244069,7.93089675514573,-0.549990844137359));
#1130=CARTESIAN_POINT('Ctrl Pts',(6.36161470629721,7.96697926725704,-0.549991974374195));
#1131=CARTESIAN_POINT('Ctrl Pts',(6.24241383285275,7.98894917575142,-0.54999266255244));
#1132=CARTESIAN_POINT('Ctrl Pts',(6.12123929634692,8.00015210672467,-0.549993555549781));
#1133=CARTESIAN_POINT('Ctrl Pts',(6.00003688730212,8.00011963974367,-0.549993923836361));
#1134=CARTESIAN_POINT('Ctrl Pts',(6.00002454637192,8.00011963643785,-0.54999392387386));
#1135=CARTESIAN_POINT('Ctrl Pts',(6.00001220544187,8.00011963313207,-0.549993923911354));
#1136=CARTESIAN_POINT('Ctrl Pts',(5.99999986451196,8.00011962982633,-0.549993923948843));
#1137=CARTESIAN_POINT('Ctrl Pts',(4.9999944521411,7.99985176041697,-0.549996961691432));
#1138=CARTESIAN_POINT('Ctrl Pts',(3.9999254276226,7.99983205185761,-0.549998466696681));
#1139=CARTESIAN_POINT('Ctrl Pts',(2.99988839194223,7.99987945387953,-0.549999212015191));
#1140=CARTESIAN_POINT('Ctrl Pts',(2.42407203695098,7.99990674772816,-0.549999641165884));
#1141=CARTESIAN_POINT('Ctrl Pts',(1.84826629096383,7.99995628746634,-0.549999818456259));
#1142=CARTESIAN_POINT('Ctrl Pts',(1.27248941625637,7.99999348896193,-0.549999891523632));
#1143=CARTESIAN_POINT('Ctrl Pts',(0.897471139580631,8.00001771925213,-0.54999993911429));
#1144=CARTESIAN_POINT('Ctrl Pts',(0.522465110988235,8.0000367150189,-0.549999942491997));
#1145=CARTESIAN_POINT('Ctrl Pts',(0.147476374495645,8.00004091976718,-0.549999942461446));
#1146=CARTESIAN_POINT('Ctrl Pts',(0.0983069301386798,8.0000414711041,-0.54999994245744));
#1147=CARTESIAN_POINT('Ctrl Pts',(0.0491377830815798,8.00004176813928,-0.549999942394847));
#1148=CARTESIAN_POINT('Ctrl Pts',(-3.10553100870692E-5,8.00004178933058,
-0.549999942365668));
#1149=CARTESIAN_POINT('Ctrl Pts',(-2.00002070988999,8.00004265130682,-0.549999941178776));
#1150=CARTESIAN_POINT('Ctrl Pts',(-4.00025266986801,7.99957781857414,-0.550000000617587));
#1151=CARTESIAN_POINT('Ctrl Pts',(-5.99999988048472,8.00012111548614,-0.549995021295059));
#1152=CARTESIAN_POINT('Ctrl Pts',(-6.00001228049524,8.00012111885501,-0.549995021264184));
#1153=CARTESIAN_POINT('Ctrl Pts',(-6.00002468050591,8.00012112222392,-0.549995021233302));
#1154=CARTESIAN_POINT('Ctrl Pts',(-6.00003708051672,8.00012112559287,-0.549995021202415));
#1155=CARTESIAN_POINT('Ctrl Pts',(-6.1986983721883,8.00017509968517,-0.54999452635752));
#1156=CARTESIAN_POINT('Ctrl Pts',(-6.39728371515501,7.9700358039141,-0.549992565155523));
#1157=CARTESIAN_POINT('Ctrl Pts',(-6.58722675873916,7.9117856574439,-0.549992223409251));
#1158=CARTESIAN_POINT('Ctrl Pts',(-6.70493262226498,7.87568860613103,-0.549992011632399));
#1159=CARTESIAN_POINT('Ctrl Pts',(-6.81931946225978,7.82879765317691,-0.549992421761442));
#1160=CARTESIAN_POINT('Ctrl Pts',(-6.92835139486068,7.77161804126613,-0.549994188217739));
#1161=CARTESIAN_POINT('Ctrl Pts',(-6.92835542598777,7.77161592722232,-0.549994188283048));
#1162=CARTESIAN_POINT('Ctrl Pts',(-6.92835945710756,7.77161381316467,-0.549994188348359));
#1163=CARTESIAN_POINT('Ctrl Pts',(-6.92836348822006,7.77161169909318,-0.549994188413672));
#1164=CARTESIAN_POINT('Ctrl Pts',(-7.10770393185863,7.67755862594291,-0.549997094132954));
#1165=CARTESIAN_POINT('Ctrl Pts',(-7.27264058438862,7.55609739144335,-0.549998547066594));
#1166=CARTESIAN_POINT('Ctrl Pts',(-7.41567058324135,7.41277413815876,-0.549998507164363));
#1167=CARTESIAN_POINT('Ctrl Pts',(-7.5587007079111,7.26945075879918,-0.549998467262097));
#1168=CARTESIAN_POINT('Ctrl Pts',(-7.67982416153488,7.10426529966423,-0.549996934520979));
#1169=CARTESIAN_POINT('Ctrl Pts',(-7.7735087677967,6.92473201669012,-0.549993868897959));
#1170=CARTESIAN_POINT('Ctrl Pts',(-7.77351072867635,6.92472825894192,-0.549993868833793));
#1171=CARTESIAN_POINT('Ctrl Pts',(-7.77351268954399,6.92472450118741,-0.549993868769629));
#1172=CARTESIAN_POINT('Ctrl Pts',(-7.77351465039961,6.92472074342661,-0.549993868705467));
#1173=CARTESIAN_POINT('Ctrl Pts',(-7.86569200119806,6.74807314539709,-0.549990852511363));
#1174=CARTESIAN_POINT('Ctrl Pts',(-7.93089500468809,6.55745518629767,-0.549991226894973));
#1175=CARTESIAN_POINT('Ctrl Pts',(-7.96699960200659,6.36150382949701,-0.549992175990911));
#1176=CARTESIAN_POINT('Ctrl Pts',(-7.98895609198398,6.24233883885339,-0.549992753169914));
#1177=CARTESIAN_POINT('Ctrl Pts',(-8.00015203668709,6.12120204280561,-0.549993542886414));
#1178=CARTESIAN_POINT('Ctrl Pts',(-8.00011907363059,6.00003737537168,-0.549993911766132));
#1179=CARTESIAN_POINT('Ctrl Pts',(-8.0001190702305,6.00002487743616,-0.549993911804181));
#1180=CARTESIAN_POINT('Ctrl Pts',(-8.00011906683046,6.00001237949843,-0.549993911842226));
#1181=CARTESIAN_POINT('Ctrl Pts',(-8.00011906343046,5.99999988155848,-0.549993911880267));
#1182=CARTESIAN_POINT('Ctrl Pts',(-7.99957497434558,4.00000352042911,-0.549999999332977));
#1183=CARTESIAN_POINT('Ctrl Pts',(-8.0000879303019,1.93921958909555,-0.549999900113805));
#1184=CARTESIAN_POINT('Ctrl Pts',(-8.00003132358461,1.16157934382244E-5,
-0.549999960939796));
#1185=CARTESIAN_POINT('Ctrl Pts',(-8.00003132347158,7.74355807444179E-6,
-0.549999960939918));
#1186=CARTESIAN_POINT('Ctrl Pts',(-8.00003132335855,3.87132215254135E-6,
-0.549999960940039));
#1187=CARTESIAN_POINT('Ctrl Pts',(-8.00003132324552,-9.14333978293058E-10,
-0.549999960940161));
#1188=CARTESIAN_POINT('Ctrl Pts',(-7.99999497395237,-1.24525203367896,-0.549999999999647));
#1189=CARTESIAN_POINT('Ctrl Pts',(-8.0000224921446,-2.54861298129641,-0.549999999948834));
#1190=CARTESIAN_POINT('Ctrl Pts',(-8.00006891480245,-3.73575766213807,-0.549999006768053));
#1191=CARTESIAN_POINT('Ctrl Pts',(-8.00006891522123,-3.73576837143416,-0.549999006759094));
#1192=CARTESIAN_POINT('Ctrl Pts',(-8.00006891559921,-3.73577908073023,-0.549999006750134));
#1193=CARTESIAN_POINT('Ctrl Pts',(-8.00006891593639,-3.73578979002627,-0.549999006741174));
#1194=CARTESIAN_POINT('Ctrl Pts',(-8.00008399276081,-4.21465648471903,-0.549998606107799));
#1195=CARTESIAN_POINT('Ctrl Pts',(-7.91851905081089,-4.6934321295028,-0.54999808508479));
#1196=CARTESIAN_POINT('Ctrl Pts',(-7.76023524979633,-5.14532915405874,-0.549997940799248));
#1197=CARTESIAN_POINT('Ctrl Pts',(-7.60194672450745,-5.59723966632152,-0.5499977965094));
#1198=CARTESIAN_POINT('Ctrl Pts',(-7.36693425031546,-6.02227150997781,-0.549998028982682));
#1199=CARTESIAN_POINT('Ctrl Pts',(-7.06811244380486,-6.39647268680197,-0.549999135205866));
#1200=CARTESIAN_POINT('Ctrl Pts',(-7.06810967957841,-6.39647614831906,-0.549999135216099));
#1201=CARTESIAN_POINT('Ctrl Pts',(-7.06810691534658,-6.39647960983185,-0.549999135226332));
#1202=CARTESIAN_POINT('Ctrl Pts',(-7.06810415110936,-6.39648307134035,-0.549999135236565));
#1203=CARTESIAN_POINT('Ctrl Pts',(-7.009707665903,-6.46960991016209,-0.54999935141971));
#1204=CARTESIAN_POINT('Ctrl Pts',(-6.94890789905443,-6.54081851664299,-0.549999508115853));
#1205=CARTESIAN_POINT('Ctrl Pts',(-6.88583074833284,-6.60994880726836,-0.549999621957293));
#1206=CARTESIAN_POINT('Ctrl Pts',(-6.79120974525196,-6.71365002660714,-0.549999792728977));
#1207=CARTESIAN_POINT('Ctrl Pts',(-6.6914640638705,-6.81267452015801,-0.549999867067103));
#1208=CARTESIAN_POINT('Ctrl Pts',(-6.58707974268248,-6.90653953520485,-0.549999901110413));
#1209=CARTESIAN_POINT('Ctrl Pts',(-6.48269503634904,-7.00040489658417,-0.549999935153849));
#1210=CARTESIAN_POINT('Ctrl Pts',(-6.37367165361222,-7.08911074369817,-0.549999928902194));
#1211=CARTESIAN_POINT('Ctrl Pts',(-6.26053970674099,-7.17222590769731,-0.549999938488827));
#1212=CARTESIAN_POINT('Ctrl Pts',(-6.2605349466886,-7.17222940478673,-0.54999993848923));
#1213=CARTESIAN_POINT('Ctrl Pts',(-6.26053018662892,-7.17223290186622,-0.549999938489634));
#1214=CARTESIAN_POINT('Ctrl Pts',(-6.26052542656196,-7.17223639893577,-0.549999938490037));
#1215=CARTESIAN_POINT('Ctrl Pts',(-6.07907344495818,-7.30554338918568,-0.5499999538681));
#1216=CARTESIAN_POINT('Ctrl Pts',(-5.88703570444196,-7.42441073932329,-0.549999965401297));
#1217=CARTESIAN_POINT('Ctrl Pts',(-5.68682959064842,-7.5274262942678,-0.549999974051075));
#1218=CARTESIAN_POINT('Ctrl Pts',(-5.48661722773697,-7.6304450646803,-0.549999982701122));
#1219=CARTESIAN_POINT('Ctrl Pts',(-5.27823597380374,-7.71761105514105,-0.54999998846757));
#1220=CARTESIAN_POINT('Ctrl Pts',(-5.06427526456059,-7.78772804216173,-0.549999992311797));
#1221=CARTESIAN_POINT('Ctrl Pts',(-4.63635487453285,-7.92796167916732,-0.550000000000232));
#1222=CARTESIAN_POINT('Ctrl Pts',(-4.18611676403676,-8.00000000000085,-0.550000000055227));
#1223=CARTESIAN_POINT('Ctrl Pts',(-3.73578977170679,-8.,-0.549999999999999));
#1224=CARTESIAN_POINT('Ctrl Pts',(-2.49053684505071,-7.99999999999766,-0.549999999847281));
#1225=CARTESIAN_POINT('Ctrl Pts',(-1.24528391841794,-8.,-0.549999999999999));
#1226=CARTESIAN_POINT('Ctrl Pts',(-3.09917735039633E-5,-8.,-0.549999999999999));
#1227=CARTESIAN_POINT('Ctrl Pts',(-3.09917735052956E-5,-8.,-0.549999999999999));
#1228=CARTESIAN_POINT('Ctrl Pts',(0.000158321400924825,-7.9995405895088,
-0.216890398834898));
#1229=CARTESIAN_POINT('Ctrl Pts',(0.000428015137669336,-7.97293864199227,
0.257648234989958));
#1230=CARTESIAN_POINT('Ctrl Pts',(0.000798723907506471,-7.85513497673905,
0.909912240717744));
#1231=CARTESIAN_POINT('Ctrl Pts',(0.0011015942693731,-7.67809651807792,
1.44280109645559));
#1232=CARTESIAN_POINT('Ctrl Pts',(0.00143567161521258,-7.32497133553306,
2.03057361063684));
#1233=CARTESIAN_POINT('Ctrl Pts',(0.00173841123139253,-6.74989531168699,
2.56317152199346));
#1234=CARTESIAN_POINT('Ctrl Pts',(0.00197834855246122,-5.97673374186874,
2.98521727445925));
#1235=CARTESIAN_POINT('Ctrl Pts',(0.00210002394518492,-5.40292141785143,
3.19916288531788));
#1236=CARTESIAN_POINT('Ctrl Pts',(0.00214913702337523,-5.10537678720315,
3.28543955994971));
#1237=CARTESIAN_POINT('Ctrl Pts',(0.00215742506667653,-5.02302838089914,
3.29994538558149));
#1238=CARTESIAN_POINT('Ctrl Pts',(0.0021574791402118,-5.,3.3));
#1239=CARTESIAN_POINT('Ctrl Pts',(-7.33065337575888,0.,4.70740802363212));
#1240=CARTESIAN_POINT('Ctrl Pts',(-7.18426298811875,0.000152585143281119,
4.64753877777798));
#1241=CARTESIAN_POINT('Ctrl Pts',(-6.85813877716386,0.00043265426814855,
4.53798278241077));
#1242=CARTESIAN_POINT('Ctrl Pts',(-6.26291032280413,0.000772928723796658,
4.40603218535973));
#1243=CARTESIAN_POINT('Ctrl Pts',(-5.53707115367253,0.00101487855859445,
4.31396779374479));
#1244=CARTESIAN_POINT('Ctrl Pts',(-4.48227462633005,0.00114058149470317,
4.27007402691898));
#1245=CARTESIAN_POINT('Ctrl Pts',(-3.26598421830421,0.00101331635204723,
4.32778478127884));
#1246=CARTESIAN_POINT('Ctrl Pts',(-1.67031794624163,0.000600454518061778,
4.50135022395269));
#1247=CARTESIAN_POINT('Ctrl Pts',(-0.714551312641315,0.000275130206334173,
4.63636304601481));
#1248=CARTESIAN_POINT('Ctrl Pts',(-1.9840784363564E-17,-3.06958725854466E-15,
4.75000011175871));
#1249=CARTESIAN_POINT('Ctrl Pts',(-7.33065337575888,0.633212054230794,4.70740802363212));
#1250=CARTESIAN_POINT('Ctrl Pts',(-7.18425902534945,0.611901287032124,4.64754022016589));
#1251=CARTESIAN_POINT('Ctrl Pts',(-6.85819074316488,0.56829642660616,4.5379758086849));
#1252=CARTESIAN_POINT('Ctrl Pts',(-6.26290882125282,0.499741920255152,4.40603646328285));
#1253=CARTESIAN_POINT('Ctrl Pts',(-5.53704464975472,0.424307124955668,4.31397773993447));
#1254=CARTESIAN_POINT('Ctrl Pts',(-4.48212607035191,0.326172076754633,4.27010604933792));
#1255=CARTESIAN_POINT('Ctrl Pts',(-3.26595111688144,0.225695199858575,4.32779566748428));
#1256=CARTESIAN_POINT('Ctrl Pts',(-1.67021890648373,0.110775111223376,4.50137062552294));
#1257=CARTESIAN_POINT('Ctrl Pts',(-0.714536066515379,0.0460965251341405,
4.63636707582534));
#1258=CARTESIAN_POINT('Ctrl Pts',(-1.9840784363564E-17,-3.06958725854466E-15,
4.75000011175871));
#1259=CARTESIAN_POINT('Ctrl Pts',(-7.26903424938583,2.54367424569366,4.71827313813938));
#1260=CARTESIAN_POINT('Ctrl Pts',(-7.12213693552127,2.46766254257385,4.6586018825892));
#1261=CARTESIAN_POINT('Ctrl Pts',(-6.79403326895501,2.30667403381274,4.54960456416641));
#1262=CARTESIAN_POINT('Ctrl Pts',(-6.1944025530212,2.03359519741698,4.41869329650794));
#1263=CARTESIAN_POINT('Ctrl Pts',(-5.46479377033405,1.7251082447366,4.32747254878423));
#1264=CARTESIAN_POINT('Ctrl Pts',(-4.41012931141371,1.31696545212173,4.28363376527785));
#1265=CARTESIAN_POINT('Ctrl Pts',(-3.20399976322419,0.908236244140586,4.33943923552253));
#1266=CARTESIAN_POINT('Ctrl Pts',(-1.63414832734919,0.440002177888557,4.50814943602856));
#1267=CARTESIAN_POINT('Ctrl Pts',(-0.697974584829174,0.182869673331309,
4.63947799957404));
#1268=CARTESIAN_POINT('Ctrl Pts',(-1.9840784363564E-17,-3.06958725854466E-15,
4.75000011175871));
#1269=CARTESIAN_POINT('Ctrl Pts',(-6.81881444398918,5.13707089737896,4.79765903708012));
#1270=CARTESIAN_POINT('Ctrl Pts',(-6.67369438788361,5.01132843063428,4.73818716518565));
#1271=CARTESIAN_POINT('Ctrl Pts',(-6.34349463778477,4.72870520733797,4.63054887985394));
#1272=CARTESIAN_POINT('Ctrl Pts',(-5.73173921203932,4.21633336184399,4.50301754451295));
#1273=CARTESIAN_POINT('Ctrl Pts',(-4.99397414432891,3.61335477440499,4.41407883291758));
#1274=CARTESIAN_POINT('Ctrl Pts',(-3.95593451738546,2.79412778108274,4.36767841752273));
#1275=CARTESIAN_POINT('Ctrl Pts',(-2.82282515660087,1.94680698124454,4.41007197986503));
#1276=CARTESIAN_POINT('Ctrl Pts',(-1.4148799936678,0.953444038474979,4.54880213972217));
#1277=CARTESIAN_POINT('Ctrl Pts',(-0.598274562524964,0.397702952840451,
4.65796407088305));
#1278=CARTESIAN_POINT('Ctrl Pts',(-1.9840784363564E-17,-3.06958725854466E-15,
4.75000011175871));
#1279=CARTESIAN_POINT('Ctrl Pts',(-5.74149952109887,6.21251756449584,4.98761872470554));
#1280=CARTESIAN_POINT('Ctrl Pts',(-5.61140910269383,6.07623974304756,4.92584577719001));
#1281=CARTESIAN_POINT('Ctrl Pts',(-5.31411203398847,5.76792391342478,4.81307867182104));
#1282=CARTESIAN_POINT('Ctrl Pts',(-4.76281415366683,5.20101027438008,4.67573319108948));
#1283=CARTESIAN_POINT('Ctrl Pts',(-4.10487671109427,4.5205731379406,4.57329128279814));
#1284=CARTESIAN_POINT('Ctrl Pts',(-3.19867853814022,3.56848393462888,4.5038970788978));
#1285=CARTESIAN_POINT('Ctrl Pts',(-2.24585636806874,2.53712449711057,4.51413627030077));
#1286=CARTESIAN_POINT('Ctrl Pts',(-1.10755045847763,1.26758895771173,4.6043482654767));
#1287=CARTESIAN_POINT('Ctrl Pts',(-0.463970304257359,0.534950337412136,
4.68226253007732));
#1288=CARTESIAN_POINT('Ctrl Pts',(-1.9840784363564E-17,-3.06958725854466E-15,
4.75000011175871));
#1289=CARTESIAN_POINT('Ctrl Pts',(-4.48434784589488,6.79470951346988,5.20928848388685));
#1290=CARTESIAN_POINT('Ctrl Pts',(-4.37632539927287,6.65568877798735,5.14371371029764));
#1291=CARTESIAN_POINT('Ctrl Pts',(-4.13097198114683,6.3410178804037,5.02195881457172));
#1292=CARTESIAN_POINT('Ctrl Pts',(-3.68084833798876,5.75789843126016,4.86699109849818));
#1293=CARTESIAN_POINT('Ctrl Pts',(-3.14907664955575,5.04898069637529,4.74244690461524));
#1294=CARTESIAN_POINT('Ctrl Pts',(-2.42734494524709,4.03602360369827,4.6405934240451));
#1295=CARTESIAN_POINT('Ctrl Pts',(-1.68540215083551,2.90477307508608,4.61355591723466));
#1296=CARTESIAN_POINT('Ctrl Pts',(-0.822186515827712,1.46792659406836,4.65501420850606));
#1297=CARTESIAN_POINT('Ctrl Pts',(-0.342140712259194,0.62375398523893,4.70390244314005));
#1298=CARTESIAN_POINT('Ctrl Pts',(-1.9840784363564E-17,-3.06958725854466E-15,
4.75000011175871));
#1299=CARTESIAN_POINT('Ctrl Pts',(-3.03683946311329,7.17868183328765,5.46452326657292));
#1300=CARTESIAN_POINT('Ctrl Pts',(-2.95580421364471,7.04047288368742,5.39416066213277));
#1301=CARTESIAN_POINT('Ctrl Pts',(-2.77639593016441,6.72784111966202,5.26071998433411));
#1302=CARTESIAN_POINT('Ctrl Pts',(-2.4561896412154,6.14634970776321,5.08277481582979));
#1303=CARTESIAN_POINT('Ctrl Pts',(-2.0848555972312,5.43092178548227,4.92988937701696));
#1304=CARTESIAN_POINT('Ctrl Pts',(-1.5889579113875,4.38877617547951,4.78819753879484));
#1305=CARTESIAN_POINT('Ctrl Pts',(-1.09146037150904,3.19056411465909,4.71808898751028));
#1306=CARTESIAN_POINT('Ctrl Pts',(-0.526446012378278,1.62798547420987,4.70705001683567));
#1307=CARTESIAN_POINT('Ctrl Pts',(-0.217827209050374,0.695453311329744,
4.72577074559227));
#1308=CARTESIAN_POINT('Ctrl Pts',(-1.9840784363564E-17,-3.06958725854466E-15,
4.75000011175871));
#1309=CARTESIAN_POINT('Ctrl Pts',(-1.09561910503176,7.26064378158887,5.80681279120324));
#1310=CARTESIAN_POINT('Ctrl Pts',(-1.06027775009833,7.12626731587202,5.72792183071774));
#1311=CARTESIAN_POINT('Ctrl Pts',(-0.98864638169123,6.82251264572542,5.57456531036864));
#1312=CARTESIAN_POINT('Ctrl Pts',(-0.87309743312423,6.25609898518142,5.35939437764512));
#1313=CARTESIAN_POINT('Ctrl Pts',(-0.744937128763972,5.55359015359084,5.16284899935611));
#1314=CARTESIAN_POINT('Ctrl Pts',(-0.574762990764575,4.51712904897177,4.96338937372315));
#1315=CARTESIAN_POINT('Ctrl Pts',(-0.401030111813454,3.30336448945822,4.83668657596907));
#1316=CARTESIAN_POINT('Ctrl Pts',(-0.196746264829957,1.69495082259249,4.76336028336435));
#1317=CARTESIAN_POINT('Ctrl Pts',(-0.0825069720137398,0.726277326160225,
4.74879877132896));
#1318=CARTESIAN_POINT('Ctrl Pts',(-1.9840784363564E-17,-3.06958725854466E-15,
4.75000011175871));
#1319=CARTESIAN_POINT('Ctrl Pts',(-0.000549774732688663,7.24832265137661,
5.99990305988132));
#1320=CARTESIAN_POINT('Ctrl Pts',(-0.00153572067560201,7.11432506623451,
5.91408094331609));
#1321=CARTESIAN_POINT('Ctrl Pts',(-0.00334128531670617,6.8116289026705,
5.74675919075283));
#1322=CARTESIAN_POINT('Ctrl Pts',(-0.00551930960157349,6.24694299020738,
5.50955848602125));
#1323=CARTESIAN_POINT('Ctrl Pts',(-0.00704634250668806,5.54644019740673,
5.28927562053474));
#1324=CARTESIAN_POINT('Ctrl Pts',(-0.00778794308470049,4.51222383691453,
5.05930464871787));
#1325=CARTESIAN_POINT('Ctrl Pts',(-0.0068653723719089,3.30065817632374,
4.90268161270055));
#1326=CARTESIAN_POINT('Ctrl Pts',(-0.00404794673305702,1.6937673351713,
4.79530170344012));
#1327=CARTESIAN_POINT('Ctrl Pts',(-0.00185116968279145,0.725907409787416,
4.76209181104476));
#1328=CARTESIAN_POINT('Ctrl Pts',(-1.9840784363564E-17,-3.06958725854466E-15,
4.75000011175871));
#1329=CARTESIAN_POINT('',(-7.33065337575888,-1.33936962060301E-14,4.70740802363212));
#1330=CARTESIAN_POINT('',(-6.57392922767122,5.02200680520883,4.8408389078936));
#1331=CARTESIAN_POINT('Ctrl Pts',(-7.33065337575888,0.,4.70740802363212));
#1332=CARTESIAN_POINT('Ctrl Pts',(-7.33065337575888,0.603198452425907,4.70740802363212));
#1333=CARTESIAN_POINT('Ctrl Pts',(-7.30006360052097,1.78838178556345,4.71280182634037));
#1334=CARTESIAN_POINT('Ctrl Pts',(-7.20937007065539,2.91791415239574,4.72879354263136));
#1335=CARTESIAN_POINT('Ctrl Pts',(-7.038230886613,3.8824507801158,4.75896999823447));
#1336=CARTESIAN_POINT('Ctrl Pts',(-6.74842013658561,4.67414854265563,4.81007145276365));
#1337=CARTESIAN_POINT('Ctrl Pts',(-6.57392922767122,5.02200680520883,4.8408389078936));
#1338=CARTESIAN_POINT('',(-1.9840784363564E-17,-3.06958725854466E-15,4.75000011175871));
#1339=CARTESIAN_POINT('Ctrl Pts',(-7.33065337575888,4.48873059614093E-16,
4.70740802363212));
#1340=CARTESIAN_POINT('Ctrl Pts',(-7.20768545014117,0.000128171520356589,
4.65711785711464));
#1341=CARTESIAN_POINT('Ctrl Pts',(-6.94195622095075,0.000369613973577425,
4.56258207211519));
#1342=CARTESIAN_POINT('Ctrl Pts',(-6.48400720887241,0.000687094685184343,
4.43890441467773));
#1343=CARTESIAN_POINT('Ctrl Pts',(-5.74644877668422,0.00101482615098128,
4.31277213652823));
#1344=CARTESIAN_POINT('Ctrl Pts',(-4.50938147111052,0.00118726658975816,
4.2513386468178));
#1345=CARTESIAN_POINT('Ctrl Pts',(-3.1087831658477,0.00101585719837197,
4.3276870352495));
#1346=CARTESIAN_POINT('Ctrl Pts',(-1.71106980648404,0.000625877015238222,
4.49099681129049));
#1347=CARTESIAN_POINT('Ctrl Pts',(-0.600223102618704,0.000231109373320214,
4.65454497653383));
#1348=CARTESIAN_POINT('Ctrl Pts',(-1.9840784363564E-17,-3.06958725854466E-15,
4.75000011175871));
#1349=CARTESIAN_POINT('',(-0.000549774732685384,7.24832265137661,5.99990305988132));
#1350=CARTESIAN_POINT('Ctrl Pts',(-0.000549774732892814,7.24832265137661,
5.99990305988128));
#1351=CARTESIAN_POINT('Ctrl Pts',(-0.00153572067580616,7.11432506623451,
5.91408094331605));
#1352=CARTESIAN_POINT('Ctrl Pts',(-0.00334128531690198,6.81162890267051,
5.7467591907528));
#1353=CARTESIAN_POINT('Ctrl Pts',(-0.00551930960173896,6.24694299020738,
5.50955848602122));
#1354=CARTESIAN_POINT('Ctrl Pts',(-0.00704634250681245,5.54644019740673,
5.28927562053472));
#1355=CARTESIAN_POINT('Ctrl Pts',(-0.00778794308477281,4.51222383691454,
5.05930464871786));
#1356=CARTESIAN_POINT('Ctrl Pts',(-0.00686537237194104,3.30065817632374,
4.90268161270055));
#1357=CARTESIAN_POINT('Ctrl Pts',(-0.00404794673306327,1.6937673351713,
4.79530170344012));
#1358=CARTESIAN_POINT('Ctrl Pts',(-0.00185116968279145,0.725907409787416,
4.76209181104476));
#1359=CARTESIAN_POINT('Ctrl Pts',(-1.98375116246957E-17,-3.06964740084958E-15,
4.75000011175871));
#1360=CARTESIAN_POINT('',(-4.96479203395093,6.57155646095051,5.12457321080799));
#1361=CARTESIAN_POINT('Ctrl Pts',(-4.96479203395093,6.57155646095051,5.124573210808));
#1362=CARTESIAN_POINT('Ctrl Pts',(-4.65072876936303,6.71663295967369,5.17995103800422));
#1363=CARTESIAN_POINT('Ctrl Pts',(-3.9000763177093,6.97839334949507,5.31231131836574));
#1364=CARTESIAN_POINT('Ctrl Pts',(-2.95218582851128,7.14427700525089,5.47944998636829));
#1365=CARTESIAN_POINT('Ctrl Pts',(-1.85229589052403,7.22942125230886,5.6733902582452));
#1366=CARTESIAN_POINT('Ctrl Pts',(-0.704534350100245,7.25442074597795,5.87577158524143));
#1367=CARTESIAN_POINT('Ctrl Pts',(-0.0602337525290429,7.24899418334419,
5.98937916427982));
#1368=CARTESIAN_POINT('Ctrl Pts',(-0.000549774732581582,7.24832265137661,
5.99990305988134));
#1369=CARTESIAN_POINT('Ctrl Pts',(-6.57392922767123,5.02200680520883,4.8408389078936));
#1370=CARTESIAN_POINT('Ctrl Pts',(-6.56756896723763,5.03468637205608,4.84196039341238));
#1371=CARTESIAN_POINT('Ctrl Pts',(-6.37909908507472,5.40630405731759,4.87519271868865));
#1372=CARTESIAN_POINT('Ctrl Pts',(-6.12089709637285,5.7776696618622,4.92072069576937));
#1373=CARTESIAN_POINT('Ctrl Pts',(-5.80829846298985,6.08877932164126,4.97584026896738));
#1374=CARTESIAN_POINT('Ctrl Pts',(-5.43682988211045,6.34424541826099,5.04134020226191));
#1375=CARTESIAN_POINT('Ctrl Pts',(-5.01989889918062,6.54610072650279,5.11485638364574));
#1376=CARTESIAN_POINT('Ctrl Pts',(-4.96479203395093,6.57155646095051,5.124573210808));
#1377=CARTESIAN_POINT('Ctrl Pts',(-0.000549774732685384,7.24832265137661,
5.99990305988132));
#1378=CARTESIAN_POINT('Ctrl Pts',(-0.00153572067559873,7.11432506623451,
5.91408094331609));
#1379=CARTESIAN_POINT('Ctrl Pts',(-0.00334128531670302,6.8116289026705,
5.74675919075283));
#1380=CARTESIAN_POINT('Ctrl Pts',(-0.00551930960157083,6.24694299020738,
5.50955848602125));
#1381=CARTESIAN_POINT('Ctrl Pts',(-0.00704634250668606,5.54644019740673,
5.28927562053474));
#1382=CARTESIAN_POINT('Ctrl Pts',(-0.00778794308469933,4.51222383691454,
5.05930464871787));
#1383=CARTESIAN_POINT('Ctrl Pts',(-0.00686537237190838,3.30065817632374,
4.90268161270055));
#1384=CARTESIAN_POINT('Ctrl Pts',(-0.00404794673305692,1.6937673351713,
4.79530170344012));
#1385=CARTESIAN_POINT('Ctrl Pts',(-0.00185116968279145,0.725907409787416,
4.76209181104476));
#1386=CARTESIAN_POINT('Ctrl Pts',(-1.9840784363564E-17,-3.06958725854466E-15,
4.75000011175871));
#1387=CARTESIAN_POINT('Ctrl Pts',(1.18866910934238,7.23494220110178,6.20959443511176));
#1388=CARTESIAN_POINT('Ctrl Pts',(1.14823259071488,7.10135607112679,6.11624525019531));
#1389=CARTESIAN_POINT('Ctrl Pts',(1.06692769950772,6.79921856150864,5.93380192290234));
#1390=CARTESIAN_POINT('Ctrl Pts',(0.936764744768332,6.23673161869724,5.6726533877207));
#1391=CARTESIAN_POINT('Ctrl Pts',(0.794358690943624,5.53850076884326,5.42658483072244));
#1392=CARTESIAN_POINT('Ctrl Pts',(0.607584469928794,4.5077179734558,5.16340481866816));
#1393=CARTESIAN_POINT('Ctrl Pts',(0.421255653815983,3.29755170834766,4.97436255513675));
#1394=CARTESIAN_POINT('Ctrl Pts',(0.20496390782568,1.6930788136446,4.82994455089821));
#1395=CARTESIAN_POINT('Ctrl Pts',(0.0857390865578728,0.725505689527428,
4.77652773160193));
#1396=CARTESIAN_POINT('Ctrl Pts',(-1.9840784363564E-17,-3.06958725854466E-15,
4.75000011175871));
#1397=CARTESIAN_POINT('Ctrl Pts',(4.0711516810378,7.02919423251893,6.71785388392359));
#1398=CARTESIAN_POINT('Ctrl Pts',(3.96432138445458,6.89142744673193,6.60996849426747));
#1399=CARTESIAN_POINT('Ctrl Pts',(3.72894167220138,6.57949884859026,6.39509530362872));
#1400=CARTESIAN_POINT('Ctrl Pts',(3.31140801365704,5.99870339880158,6.07682906444719));
#1401=CARTESIAN_POINT('Ctrl Pts',(2.82575589957577,5.28647424576561,5.76570325389356));
#1402=CARTESIAN_POINT('Ctrl Pts',(2.17210625047761,4.2553865340464,5.41794676121107));
#1403=CARTESIAN_POINT('Ctrl Pts',(1.5044537748001,3.08254278526962,5.14654715409229));
#1404=CARTESIAN_POINT('Ctrl Pts',(0.732562059020037,1.56721994873012,4.91188171436988));
#1405=CARTESIAN_POINT('Ctrl Pts',(0.304661502992419,0.668273277849919,4.81005365486321));
#1406=CARTESIAN_POINT('Ctrl Pts',(-1.9840784363564E-17,-3.06958725854466E-15,
4.75000011175871));
#1407=CARTESIAN_POINT('Ctrl Pts',(5.58302489935087,5.97208497856672,6.98443792372272));
#1408=CARTESIAN_POINT('Ctrl Pts',(5.46552170710624,5.83935566700966,6.87030587380534));
#1409=CARTESIAN_POINT('Ctrl Pts',(5.19859349585895,5.53939574531885,6.64189889593915));
#1410=CARTESIAN_POINT('Ctrl Pts',(4.70069853239726,4.98691415484172,6.29979891855243));
#1411=CARTESIAN_POINT('Ctrl Pts',(4.09714753017476,4.32510187038455,5.96099633167699));
#1412=CARTESIAN_POINT('Ctrl Pts',(3.24404185526194,3.4021975928799,5.57442375066951));
#1413=CARTESIAN_POINT('Ctrl Pts',(2.31310019952749,2.41121250704299,5.26015517888865));
#1414=CARTESIAN_POINT('Ctrl Pts',(1.15765857807137,1.20020072063557,4.96963139580276));
#1415=CARTESIAN_POINT('Ctrl Pts',(0.489454728083076,0.505707368845545,4.83475203434112));
#1416=CARTESIAN_POINT('Ctrl Pts',(-1.9840784363564E-17,-3.06958725854466E-15,
4.75000011175871));
#1417=CARTESIAN_POINT('Ctrl Pts',(6.2829382240454,4.32796106269205,7.10785152702373));
#1418=CARTESIAN_POINT('Ctrl Pts',(6.16575898811511,4.22097071993874,6.99081983353085));
#1419=CARTESIAN_POINT('Ctrl Pts',(5.89648688688837,3.9834571353883,6.75661206288182));
#1420=CARTESIAN_POINT('Ctrl Pts',(5.38697834013172,3.55774128424661,6.40594119897367));
#1421=CARTESIAN_POINT('Ctrl Pts',(4.75421815154434,3.05759399626802,6.05733133161618));
#1422=CARTESIAN_POINT('Ctrl Pts',(3.83208398065887,2.37520812832263,5.65610347062914));
#1423=CARTESIAN_POINT('Ctrl Pts',(2.77632687599665,1.66266139050242,5.32220931215576));
#1424=CARTESIAN_POINT('Ctrl Pts',(1.41227281988727,0.818275260708664,5.00286423089953));
#1425=CARTESIAN_POINT('Ctrl Pts',(0.601984688350213,0.34240421609911,4.84924821386192));
#1426=CARTESIAN_POINT('Ctrl Pts',(-1.9840784363564E-17,-3.06958725854466E-15,
4.75000011175871));
#1427=CARTESIAN_POINT('Ctrl Pts',(6.6365629010492,2.9525442611742,7.17020509862382));
#1428=CARTESIAN_POINT('Ctrl Pts',(6.52230415790843,2.87023342199984,7.05177365508587));
#1429=CARTESIAN_POINT('Ctrl Pts',(6.25913376840071,2.69253271357878,6.81515736736351));
#1430=CARTESIAN_POINT('Ctrl Pts',(5.7541792761817,2.38377229834925,6.46107374577736));
#1431=CARTESIAN_POINT('Ctrl Pts',(5.11707784578985,2.02946289611484,6.10868601764007));
#1432=CARTESIAN_POINT('Ctrl Pts',(4.16720417603169,1.55583455058187,5.70095375970937));
#1433=CARTESIAN_POINT('Ctrl Pts',(3.04899894684781,1.0762285809325,5.35758191113742));
#1434=CARTESIAN_POINT('Ctrl Pts',(1.56420708839923,0.523007767777478,5.02209966954427));
#1435=CARTESIAN_POINT('Ctrl Pts',(0.67031528817434,0.217571563990124,4.85783347728111));
#1436=CARTESIAN_POINT('Ctrl Pts',(-1.9840784363564E-17,-3.06958725854466E-15,
4.75000011175871));
#1437=CARTESIAN_POINT('Ctrl Pts',(6.73211812493896,1.1121552662216,7.18705406274322));
#1438=CARTESIAN_POINT('Ctrl Pts',(6.62202605475687,1.07494722876005,7.06839355938475));
#1439=CARTESIAN_POINT('Ctrl Pts',(6.36690949862335,0.999815217707851,6.83144790661364));
#1440=CARTESIAN_POINT('Ctrl Pts',(5.87475625068305,0.879506084934577,6.47750814520719));
#1441=CARTESIAN_POINT('Ctrl Pts',(5.2468497126408,0.747286559497881,6.12522922159453));
#1442=CARTESIAN_POINT('Ctrl Pts',(4.29876703475928,0.573403559884814,5.71699664637401));
#1443=CARTESIAN_POINT('Ctrl Pts',(3.16095922926795,0.398259531911544,5.37093119604652));
#1444=CARTESIAN_POINT('Ctrl Pts',(1.63008561211724,0.194454936157419,5.02991208847532));
#1445=CARTESIAN_POINT('Ctrl Pts',(0.700121740256604,0.0813621289492028,
4.86134511931043));
#1446=CARTESIAN_POINT('Ctrl Pts',(-1.9840784363564E-17,-3.06958725854466E-15,
4.75000011175871));
#1447=CARTESIAN_POINT('Ctrl Pts',(6.73211812493896,5.31874375086705E-15,
7.18705406274322));
#1448=CARTESIAN_POINT('Ctrl Pts',(6.62201877039935,-0.000149498106756584,
7.06839053595708));
#1449=CARTESIAN_POINT('Ctrl Pts',(6.36719506973718,-0.000423900880157528,
6.83149339409986));
#1450=CARTESIAN_POINT('Ctrl Pts',(5.87484188268839,-0.000757290682218695,
6.47751492675179));
#1451=CARTESIAN_POINT('Ctrl Pts',(5.2468587362222,-0.000994345232390519,
6.1252204716097));
#1452=CARTESIAN_POINT('Ctrl Pts',(4.29823432173893,-0.00111750443241887,
5.71689189824473));
#1453=CARTESIAN_POINT('Ctrl Pts',(3.16095234044509,-0.000992814189988393,
5.37092101245208));
#1454=CARTESIAN_POINT('Ctrl Pts',(1.62971426403266,-0.000588304799785184,
5.02984157450424));
#1455=CARTESIAN_POINT('Ctrl Pts',(0.700094819964288,-0.000269563891190871,
4.86133812160599));
#1456=CARTESIAN_POINT('Ctrl Pts',(-1.9840784363564E-17,-3.06958725854466E-15,
4.75000011175871));
#1457=CARTESIAN_POINT('',(4.68144558284835,6.40861285643882,6.82546516497463));
#1458=CARTESIAN_POINT('Ctrl Pts',(-0.000549774732581582,7.24832265137661,
5.99990305988134));
#1459=CARTESIAN_POINT('Ctrl Pts',(0.523901061909732,7.24242181307404,6.09237789243651));
#1460=CARTESIAN_POINT('Ctrl Pts',(1.62519676832366,7.20245138899632,6.28656603921567));
#1461=CARTESIAN_POINT('Ctrl Pts',(2.68190596648358,7.10106478566699,6.47289238161407));
#1462=CARTESIAN_POINT('Ctrl Pts',(3.58263612920323,6.91757559534556,6.63171541163947));
#1463=CARTESIAN_POINT('Ctrl Pts',(4.32187677912627,6.61451164408191,6.76206348345737));
#1464=CARTESIAN_POINT('Ctrl Pts',(4.67168036993972,6.41425374941482,6.82374329446648));
#1465=CARTESIAN_POINT('Ctrl Pts',(4.68144558284835,6.40861285643882,6.82546516497463));
#1466=CARTESIAN_POINT('',(6.73211812493896,1.83880688453542E-15,7.18705406274322));
#1467=CARTESIAN_POINT('Ctrl Pts',(6.73211812493896,-4.12223345659419E-16,
7.18705406274322));
#1468=CARTESIAN_POINT('Ctrl Pts',(6.63963466712569,-0.00012557840968041,
7.08737670024286));
#1469=CARTESIAN_POINT('Ctrl Pts',(6.43411370998552,-0.000362136103780208,
6.88827717886342));
#1470=CARTESIAN_POINT('Ctrl Pts',(6.0641960747387,-0.00067319368316218,
6.59039318576738));
#1471=CARTESIAN_POINT('Ctrl Pts',(5.43913372255105,-0.000994294627916241,
6.19485146909898));
#1472=CARTESIAN_POINT('Ctrl Pts',(4.33057641923192,-0.00116324632643762,
5.7044872769348));
#1473=CARTESIAN_POINT('Ctrl Pts',(3.01699343618784,-0.00099530481560498,
5.31749438790946));
#1474=CARTESIAN_POINT('Ctrl Pts',(1.67119611779498,-0.000613214542599048,
5.03172713734472));
#1475=CARTESIAN_POINT('Ctrl Pts',(0.588079648770002,-0.000226433668600822,
4.84352404003043));
#1476=CARTESIAN_POINT('Ctrl Pts',(-1.9840784363564E-17,-3.06958725854466E-15,
4.75000011175871));
#1477=CARTESIAN_POINT('',(6.07965654021607,4.79781282963747,7.07200748148077));
#1478=CARTESIAN_POINT('Ctrl Pts',(6.07965654021606,4.79781282963747,7.07200748148077));
#1479=CARTESIAN_POINT('Ctrl Pts',(6.21850144095932,4.47553613163694,7.0964895836156));
#1480=CARTESIAN_POINT('Ctrl Pts',(6.47035412631999,3.70269977941077,7.14089800720856));
#1481=CARTESIAN_POINT('Ctrl Pts',(6.6217596961343,2.77881166048392,7.16759489419637));
#1482=CARTESIAN_POINT('Ctrl Pts',(6.70340907579454,1.71551419343656,7.18199188278857));
#1483=CARTESIAN_POINT('Ctrl Pts',(6.73211812493896,0.603198474896802,7.18705406274322));
#1484=CARTESIAN_POINT('Ctrl Pts',(6.73211812493896,1.55431223447522E-15,
7.18705406274322));
#1485=CARTESIAN_POINT('Ctrl Pts',(4.68144558284835,6.40861285643882,6.82546516497463));
#1486=CARTESIAN_POINT('Ctrl Pts',(5.01046032861114,6.2185568908662,6.88347934170355));
#1487=CARTESIAN_POINT('Ctrl Pts',(5.34586349833221,5.95811784482023,6.94261996994051));
#1488=CARTESIAN_POINT('Ctrl Pts',(5.62866335468618,5.64656048187883,6.9924852147562));
#1489=CARTESIAN_POINT('Ctrl Pts',(5.86276425280712,5.27998358938081,7.033763519303));
#1490=CARTESIAN_POINT('Ctrl Pts',(6.05399899398609,4.85736726219874,7.06748336382165));
#1491=CARTESIAN_POINT('Ctrl Pts',(6.07965654021606,4.79781282963747,7.07200748148077));
#1492=CARTESIAN_POINT('Ctrl Pts',(6.73211812493896,1.83880688453542E-15,
7.18705406274322));
#1493=CARTESIAN_POINT('Ctrl Pts',(6.62201877039935,-0.000149498106760064,
7.06839053595708));
#1494=CARTESIAN_POINT('Ctrl Pts',(6.367195072272,-0.000423900881961301,
6.83149339406839));
#1495=CARTESIAN_POINT('Ctrl Pts',(5.87484189260681,-0.000757290689266375,
6.47751492662863));
#1496=CARTESIAN_POINT('Ctrl Pts',(5.24685875146827,-0.000994345243221624,
6.1252204714204));
#1497=CARTESIAN_POINT('Ctrl Pts',(4.29823434820697,-0.00111750445121982,
5.71689189791609));
#1498=CARTESIAN_POINT('Ctrl Pts',(3.16095236416737,-0.000992814206838407,
5.37092101215754));
#1499=CARTESIAN_POINT('Ctrl Pts',(1.62971429533543,-0.00058830482201902,
5.02984157411558));
#1500=CARTESIAN_POINT('Ctrl Pts',(0.700094819964288,-0.000269563891190871,
4.86133812160599));
#1501=CARTESIAN_POINT('Ctrl Pts',(-1.9840784363564E-17,-3.06958725854466E-15,
4.75000011175871));
#1502=CARTESIAN_POINT('Ctrl Pts',(6.73211812493895,-1.40663542785992,7.18705406274322));
#1503=CARTESIAN_POINT('Ctrl Pts',(6.62200955726547,-1.35991390359739,7.06838671197621));
#1504=CARTESIAN_POINT('Ctrl Pts',(6.36673237603488,-1.26618305187886,6.83140565328872));
#1505=CARTESIAN_POINT('Ctrl Pts',(5.87457523147696,-1.1144061623212,6.47745738700326));
#1506=CARTESIAN_POINT('Ctrl Pts',(5.24662741624991,-0.947605998402422,6.12516660154714));
#1507=CARTESIAN_POINT('Ctrl Pts',(4.29870492292809,-0.726826814638516,5.7169611924693));
#1508=CARTESIAN_POINT('Ctrl Pts',(3.16071374844531,-0.506148579369219,5.37086759404111));
#1509=CARTESIAN_POINT('Ctrl Pts',(1.63007663730627,-0.246595693847616,5.02989909623741));
#1510=CARTESIAN_POINT('Ctrl Pts',(0.700060771627652,-0.103515967224408,
4.86132927102615));
#1511=CARTESIAN_POINT('Ctrl Pts',(-1.9840784363564E-17,-3.06958725854466E-15,
4.75000011175871));
#1512=CARTESIAN_POINT('Ctrl Pts',(6.55750577914371,-4.16537399289859,7.15626519501473));
#1513=CARTESIAN_POINT('Ctrl Pts',(6.43931159418443,-4.05685785957919,7.03801102387321));
#1514=CARTESIAN_POINT('Ctrl Pts',(6.16758699185762,-3.81650060201035,6.80146806571989));
#1515=CARTESIAN_POINT('Ctrl Pts',(5.64958346438309,-3.38815424189317,6.44699620099469));
#1516=CARTESIAN_POINT('Ctrl Pts',(5.00213066127731,-2.88942346033411,6.09415477390525));
#1517=CARTESIAN_POINT('Ctrl Pts',(4.0492147116475,-2.2187550746958,5.68662980858476));
#1518=CARTESIAN_POINT('Ctrl Pts',(2.94642902174039,-1.53511781521827,5.34529000231239));
#1519=CARTESIAN_POINT('Ctrl Pts',(1.503980320699,-0.746669623679583,5.01492952653232));
#1520=CARTESIAN_POINT('Ctrl Pts',(0.642674003784178,-0.310262893131854,
4.85454151802042));
#1521=CARTESIAN_POINT('Ctrl Pts',(-1.9840784363564E-17,-3.06958725854466E-15,
4.75000011175871));
#1522=CARTESIAN_POINT('Ctrl Pts',(5.25483563519638,-6.48198048794361,6.92656930167343));
#1523=CARTESIAN_POINT('Ctrl Pts',(5.13627600540421,-6.3445664514624,6.81370063996012));
#1524=CARTESIAN_POINT('Ctrl Pts',(4.86740111011063,-6.03280476374808,6.58759123109185));
#1525=CARTESIAN_POINT('Ctrl Pts',(4.37261475687472,-5.45423714603332,6.24923832059697));
#1526=CARTESIAN_POINT('Ctrl Pts',(3.78028671196984,-4.75515665215147,5.91470151173247));
#1527=CARTESIAN_POINT('Ctrl Pts',(2.95943715919054,-3.76844069753722,5.53504118972223));
#1528=CARTESIAN_POINT('Ctrl Pts',(2.08560954443209,-2.68999203291323,5.22967962858661));
#1529=CARTESIAN_POINT('Ctrl Pts',(1.03320997951727,-1.34821373547538,4.95341723343823));
#1530=CARTESIAN_POINT('Ctrl Pts',(0.433772710861627,-0.570335719854385,
4.82756048336855));
#1531=CARTESIAN_POINT('Ctrl Pts',(-1.9840784363564E-17,-3.06958725854466E-15,
4.75000011175871));
#1532=CARTESIAN_POINT('Ctrl Pts',(2.71774011940168,-7.14058734901181,6.47921090960436));
#1533=CARTESIAN_POINT('Ctrl Pts',(2.63864889828688,-7.00554648806402,6.3777210034297));
#1534=CARTESIAN_POINT('Ctrl Pts',(2.47052981044318,-6.70046674283237,6.17749433385337));
#1535=CARTESIAN_POINT('Ctrl Pts',(2.18278851239855,-6.1328918674399,5.8855209960692));
#1536=CARTESIAN_POINT('Ctrl Pts',(1.85566269349945,-5.43182623036023,5.60475221937988));
#1537=CARTESIAN_POINT('Ctrl Pts',(1.42015502493862,-4.40404804011824,5.29667487377909));
#1538=CARTESIAN_POINT('Ctrl Pts',(0.9816932828076,-3.2111464620684,5.06437806697849));
#1539=CARTESIAN_POINT('Ctrl Pts',(0.476408673126457,-1.64315916991056,4.87262628153878));
#1540=CARTESIAN_POINT('Ctrl Pts',(0.198283076089437,-0.703015173789568,
4.79400240886829));
#1541=CARTESIAN_POINT('Ctrl Pts',(-1.9840784363564E-17,-3.06958725854466E-15,
4.75000011175871));
#1542=CARTESIAN_POINT('Ctrl Pts',(0.682589412497796,-7.24058291963334,6.1203589301693));
#1543=CARTESIAN_POINT('Ctrl Pts',(0.658563770112793,-7.10685249544822,6.03011087273524));
#1544=CARTESIAN_POINT('Ctrl Pts',(0.609480647715624,-6.80489653506663,5.85375391218406));
#1545=CARTESIAN_POINT('Ctrl Pts',(0.533431085776527,-6.24137281463403,5.60265619308486));
#1546=CARTESIAN_POINT('Ctrl Pts',(0.450520399217701,-5.54219459042147,5.36742484971706));
#1547=CARTESIAN_POINT('Ctrl Pts',(0.344141366851751,-4.50940513693679,5.11856499506784));
#1548=CARTESIAN_POINT('Ctrl Pts',(0.236295916019966,-3.29921947225233,4.943136353423));
#1549=CARTESIAN_POINT('Ctrl Pts',(0.115451376477177,-1.69316462038563,4.814963955835));
#1550=CARTESIAN_POINT('Ctrl Pts',(0.0477825215570652,-0.725747570452436,
4.77020085003556));
#1551=CARTESIAN_POINT('Ctrl Pts',(-1.9840784363564E-17,-3.06958725854466E-15,
4.75000011175871));
#1552=CARTESIAN_POINT('Ctrl Pts',(0.00151370294446485,-7.24829935344128,
6.00026690666989));
#1553=CARTESIAN_POINT('Ctrl Pts',(7.96854056692994E-5,-7.11432546104662,
5.91432962727688));
#1554=CARTESIAN_POINT('Ctrl Pts',(-0.00256453642998132,-6.81167297239851,
5.74679362694515));
#1555=CARTESIAN_POINT('Ctrl Pts',(-0.00581725650133734,-6.24704074731026,
5.50932281302852));
#1556=CARTESIAN_POINT('Ctrl Pts',(-0.00819398955493773,-5.54657710415637,
5.28883276775919));
#1557=CARTESIAN_POINT('Ctrl Pts',(-0.00956748395779831,-4.51238323920422,
5.05872060832983));
#1558=CARTESIAN_POINT('Ctrl Pts',(-0.00864798171127642,-3.3008020726007,
4.90212718241988));
#1559=CARTESIAN_POINT('Ctrl Pts',(-0.00517872507816359,-1.69385345531024,
4.79496004761614));
#1560=CARTESIAN_POINT('Ctrl Pts',(-0.00238366163181602,-0.725947020932024,
4.76193272504314));
#1561=CARTESIAN_POINT('Ctrl Pts',(-1.9840784363564E-17,-3.06958725854466E-15,
4.75000011175871));
#1562=CARTESIAN_POINT('',(6.07981449911136,-4.79744614230848,7.07203533389586));
#1563=CARTESIAN_POINT('Ctrl Pts',(6.73211812493896,1.72084568816899E-15,
7.18705406274322));
#1564=CARTESIAN_POINT('Ctrl Pts',(6.73211812493896,-0.603198474896799,7.18705406274322));
#1565=CARTESIAN_POINT('Ctrl Pts',(6.70341206589817,-1.71539834357798,7.18199241002452));
#1566=CARTESIAN_POINT('Ctrl Pts',(6.62177670344533,-2.77859017092866,7.16759789304417));
#1567=CARTESIAN_POINT('Ctrl Pts',(6.47040143160899,-3.70241110060797,7.14090634840734));
#1568=CARTESIAN_POINT('Ctrl Pts',(6.21860635822172,-4.47521415213245,7.0965080833597));
#1569=CARTESIAN_POINT('Ctrl Pts',(6.07981449911136,-4.79744614230848,7.07203533389586));
#1570=CARTESIAN_POINT('',(0.00151370294446485,-7.24829935344128,6.00026690666989));
#1571=CARTESIAN_POINT('Ctrl Pts',(0.00151370294424431,-7.24829935344128,
6.00026690666985));
#1572=CARTESIAN_POINT('Ctrl Pts',(7.96854054487557E-5,-7.11432546104662,
5.91432962727684));
#1573=CARTESIAN_POINT('Ctrl Pts',(-0.00256453643019287,-6.81167297239852,
5.74679362694512));
#1574=CARTESIAN_POINT('Ctrl Pts',(-0.00581725650151609,-6.24704074731027,
5.50932281302849));
#1575=CARTESIAN_POINT('Ctrl Pts',(-0.00819398955507212,-5.54657710415637,
5.28883276775917));
#1576=CARTESIAN_POINT('Ctrl Pts',(-0.00956748395787643,-4.51238323920422,
5.05872060832982));
#1577=CARTESIAN_POINT('Ctrl Pts',(-0.00864798171131114,-3.3008020726007,
4.90212718241987));
#1578=CARTESIAN_POINT('Ctrl Pts',(-0.00517872507817035,-1.69385345531024,
4.79496004761614));
#1579=CARTESIAN_POINT('Ctrl Pts',(-0.00238366163181602,-0.725947020932024,
4.76193272504314));
#1580=CARTESIAN_POINT('Ctrl Pts',(-1.98544522836408E-17,-3.06964740084958E-15,
4.75000011175871));
#1581=CARTESIAN_POINT('',(4.68194199897441,-6.4083260484273,6.82555269653131));
#1582=CARTESIAN_POINT('Ctrl Pts',(4.68194199897441,-6.4083260484273,6.82555269653131));
#1583=CARTESIAN_POINT('Ctrl Pts',(4.67207894406482,-6.41402553980099,6.82381357383855));
#1584=CARTESIAN_POINT('Ctrl Pts',(4.32221412854785,-6.6143733292004,6.76212296726231));
#1585=CARTESIAN_POINT('Ctrl Pts',(3.58318123059221,-6.91740861974865,6.63181152772157));
#1586=CARTESIAN_POINT('Ctrl Pts',(2.68272728128822,-7.10091476415632,6.47303720157378));
#1587=CARTESIAN_POINT('Ctrl Pts',(1.62635921133932,-7.20233981853674,6.28677100928287));
#1588=CARTESIAN_POINT('Ctrl Pts',(0.525540955449893,-7.24236224314532,6.09266704991312));
#1589=CARTESIAN_POINT('Ctrl Pts',(0.00151370294457501,-7.24829935344128,
6.00026690666991));
#1590=CARTESIAN_POINT('Ctrl Pts',(6.07981449911136,-4.79744614230848,7.07203533389586));
#1591=CARTESIAN_POINT('Ctrl Pts',(6.0541293277739,-4.85707920674855,7.06750634518494));
#1592=CARTESIAN_POINT('Ctrl Pts',(5.86293363647532,-5.27968629978576,7.0337933862138));
#1593=CARTESIAN_POINT('Ctrl Pts',(5.62888145932068,-5.64626365561823,6.99252367248788));
#1594=CARTESIAN_POINT('Ctrl Pts',(5.34614123470967,-5.95783041433671,6.94266894235738));
#1595=CARTESIAN_POINT('Ctrl Pts',(5.01080915592422,-6.21828599072631,6.88354084937045));
#1596=CARTESIAN_POINT('Ctrl Pts',(4.68194199897441,-6.4083260484273,6.82555269653131));
#1597=CARTESIAN_POINT('Ctrl Pts',(0.00151370294446485,-7.24829935344128,
6.00026690666989));
#1598=CARTESIAN_POINT('Ctrl Pts',(7.96854056692994E-5,-7.11432546104662,
5.91432962727688));
#1599=CARTESIAN_POINT('Ctrl Pts',(-0.00256453642998132,-6.81167297239852,
5.74679362694516));
#1600=CARTESIAN_POINT('Ctrl Pts',(-0.00581725650133734,-6.24704074731026,
5.50932281302852));
#1601=CARTESIAN_POINT('Ctrl Pts',(-0.00819398955493774,-5.54657710415637,
5.28883276775919));
#1602=CARTESIAN_POINT('Ctrl Pts',(-0.00956748395779832,-4.51238323920422,
5.05872060832983));
#1603=CARTESIAN_POINT('Ctrl Pts',(-0.00864798171127642,-3.3008020726007,
4.90212718241987));
#1604=CARTESIAN_POINT('Ctrl Pts',(-0.00517872507816359,-1.69385345531024,
4.79496004761614));
#1605=CARTESIAN_POINT('Ctrl Pts',(-0.00238366163181602,-0.725947020932024,
4.76193272504314));
#1606=CARTESIAN_POINT('Ctrl Pts',(-1.9840784363564E-17,-3.06958725854466E-15,
4.75000011175871));
#1607=CARTESIAN_POINT('Ctrl Pts',(-1.09346152967838,-7.26070517526894,5.80719322995095));
#1608=CARTESIAN_POINT('Ctrl Pts',(-1.05857466640419,-7.12633985552539,5.72818645053333));
#1609=CARTESIAN_POINT('Ctrl Pts',(-0.987839152784915,-6.82249821226957,
5.57460620354204));
#1610=CARTESIAN_POINT('Ctrl Pts',(-0.873356557223418,-6.25612282349886,
5.35916677591697));
#1611=CARTESIAN_POINT('Ctrl Pts',(-0.746053921795182,-5.55360141032508,
5.16241245833683));
#1612=CARTESIAN_POINT('Ctrl Pts',(-0.576450877354651,-4.51726814214381,
4.96282168569776));
#1613=CARTESIAN_POINT('Ctrl Pts',(-0.40280851715012,-3.30332277089445,4.83613254586482));
#1614=CARTESIAN_POINT('Ctrl Pts',(-0.197824049513246,-1.69503096470005,
4.76302754239082));
#1615=CARTESIAN_POINT('Ctrl Pts',(-0.0830365572446556,-0.72626768034216,
4.74863994134827));
#1616=CARTESIAN_POINT('Ctrl Pts',(-1.9840784363564E-17,-3.06958725854466E-15,
4.75000011175871));
#1617=CARTESIAN_POINT('Ctrl Pts',(-3.035279270504,-7.17922746321759,5.46479837062504));
#1618=CARTESIAN_POINT('Ctrl Pts',(-2.95467069894121,-7.04098891196511,5.3943273676817));
#1619=CARTESIAN_POINT('Ctrl Pts',(-2.77597081185059,-6.72841820777436,5.2607002775865));
#1620=CARTESIAN_POINT('Ctrl Pts',(-2.45677128763816,-6.14663629281815,5.0825016615566));
#1621=CARTESIAN_POINT('Ctrl Pts',(-2.08617715673618,-5.4309662855972,4.92943092286528));
#1622=CARTESIAN_POINT('Ctrl Pts',(-1.59090356921054,-4.38834091918434,4.78759978187705));
#1623=CARTESIAN_POINT('Ctrl Pts',(-1.09320025059343,-3.1903131148625,4.71755514576557));
#1624=CARTESIAN_POINT('Ctrl Pts',(-0.527610607069574,-1.62760852138444,
4.70670978018228));
#1625=CARTESIAN_POINT('Ctrl Pts',(-0.218334101859926,-0.695342469346233,
4.7256194496249));
#1626=CARTESIAN_POINT('Ctrl Pts',(-1.9840784363564E-17,-3.06958725854466E-15,
4.75000011175871));
#1627=CARTESIAN_POINT('Ctrl Pts',(-4.48329623751151,-6.79485883559484,5.20947391081798));
#1628=CARTESIAN_POINT('Ctrl Pts',(-4.37563479228096,-6.65575330591248,5.14380673586812));
#1629=CARTESIAN_POINT('Ctrl Pts',(-4.13104958504825,-6.34074567503563,5.02186279228635));
#1630=CARTESIAN_POINT('Ctrl Pts',(-3.68167180152712,-5.75743114895419,4.86669705299233));
#1631=CARTESIAN_POINT('Ctrl Pts',(-3.1504777128245,-5.04829701140057,4.74200293794805));
#1632=CARTESIAN_POINT('Ctrl Pts',(-2.42894339964844,-4.0354272039605,4.64008909027362));
#1633=CARTESIAN_POINT('Ctrl Pts',(-1.68706266984965,-2.90396028567753,4.6130649314782));
#1634=CARTESIAN_POINT('Ctrl Pts',(-0.823068497543233,-1.46760655176496,
4.65474101140532));
#1635=CARTESIAN_POINT('Ctrl Pts',(-0.342599020844383,-0.623530884136399,
4.70376760585336));
#1636=CARTESIAN_POINT('Ctrl Pts',(-1.9840784363564E-17,-3.06958725854466E-15,
4.75000011175871));
#1637=CARTESIAN_POINT('Ctrl Pts',(-5.69394134186269,-6.23693618502156,4.99600451485824));
#1638=CARTESIAN_POINT('Ctrl Pts',(-5.56495340731431,-6.10041581022774,4.93401667499938));
#1639=CARTESIAN_POINT('Ctrl Pts',(-5.2699789032531,-5.79164727645766,4.82080173689052));
#1640=CARTESIAN_POINT('Ctrl Pts',(-4.72321085410915,-5.2232120687548,4.68260988691201));
#1641=CARTESIAN_POINT('Ctrl Pts',(-4.07051875084561,-4.5408033004591,4.5792081935799));
#1642=CARTESIAN_POINT('Ctrl Pts',(-3.17178057816209,-3.58522413882714,4.50847987123638));
#1643=CARTESIAN_POINT('Ctrl Pts',(-2.22646563640149,-2.55002956939675,4.51741241579767));
#1644=CARTESIAN_POINT('Ctrl Pts',(-1.09800034234516,-1.27417569320946,4.60594722196588));
#1645=CARTESIAN_POINT('Ctrl Pts',(-0.459866818538155,-0.537898062887181,
4.68294699931838));
#1646=CARTESIAN_POINT('Ctrl Pts',(-1.9840784363564E-17,-3.06958725854466E-15,
4.75000011175871));
#1647=CARTESIAN_POINT('Ctrl Pts',(-6.2173643419251,-5.73492387092357,4.90371091762388));
#1648=CARTESIAN_POINT('Ctrl Pts',(-6.08091561247487,-5.60311973018221,4.84288470602345));
#1649=CARTESIAN_POINT('Ctrl Pts',(-5.76945042860437,-5.30599021447602,4.73228055713251));
#1650=CARTESIAN_POINT('Ctrl Pts',(-5.19178479103504,-4.76318909070197,4.59916306680461));
#1651=CARTESIAN_POINT('Ctrl Pts',(-4.49865040151777,-4.11727654466755,4.50264010725847));
#1652=CARTESIAN_POINT('Ctrl Pts',(-3.53416392894426,-3.22439344171583,4.44339387821826));
#1653=CARTESIAN_POINT('Ctrl Pts',(-2.5013236861377,-2.27507721268671,4.46792131304781));
#1654=CARTESIAN_POINT('Ctrl Pts',(-1.24365128018134,-1.12818673235888,4.57966806551072));
#1655=CARTESIAN_POINT('Ctrl Pts',(-0.523406622294942,-0.47409531828519,
4.67147160579143));
#1656=CARTESIAN_POINT('Ctrl Pts',(-1.9840784363564E-17,-3.06958725854466E-15,
4.75000011175871));
#1657=CARTESIAN_POINT('Ctrl Pts',(-6.9289960851477,-4.31756647810829,4.77823104096513));
#1658=CARTESIAN_POINT('Ctrl Pts',(-6.7839500912303,-4.2076857830861,4.71857589687903));
#1659=CARTESIAN_POINT('Ctrl Pts',(-6.4558265455376,-3.96401582999164,4.610243451176));
#1660=CARTESIAN_POINT('Ctrl Pts',(-5.85062907193157,-3.52820691760648,4.48114400461913));
#1661=CARTESIAN_POINT('Ctrl Pts',(-5.11871524649602,-3.01937489419256,4.39089259854049));
#1662=CARTESIAN_POINT('Ctrl Pts',(-4.08016847066803,-2.33095830152654,4.34445707823146));
#1663=CARTESIAN_POINT('Ctrl Pts',(-2.92920400525597,-1.62243343813942,4.39017534926038));
#1664=CARTESIAN_POINT('Ctrl Pts',(-1.47704377246051,-0.793586084400736,
4.53717772526938));
#1665=CARTESIAN_POINT('Ctrl Pts',(-0.626719620665422,-0.330996546571958,
4.65264616781328));
#1666=CARTESIAN_POINT('Ctrl Pts',(-1.9840784363564E-17,-3.06958725854466E-15,
4.75000011175871));
#1667=CARTESIAN_POINT('Ctrl Pts',(-7.25476458615282,-2.76716871802823,4.72078926477298));
#1668=CARTESIAN_POINT('Ctrl Pts',(-7.10777574171632,-2.68586975427176,4.66115873854396));
#1669=CARTESIAN_POINT('Ctrl Pts',(-6.77911467452723,-2.51244512135183,4.55230721707693));
#1670=CARTESIAN_POINT('Ctrl Pts',(-6.17770766861825,-2.21617157503475,4.42176870795423));
#1671=CARTESIAN_POINT('Ctrl Pts',(-5.44628931775579,-1.88017831701961,4.33090713149404));
#1672=CARTESIAN_POINT('Ctrl Pts',(-4.39058782847979,-1.43520386548555,4.28726829638682));
#1673=CARTESIAN_POINT('Ctrl Pts',(-3.18674883968173,-0.989229218354156,
4.34264368415987));
#1674=CARTESIAN_POINT('Ctrl Pts',(-1.62375572146805,-0.47907993497381,4.5100762792189));
#1675=CARTESIAN_POINT('Ctrl Pts',(-0.693190142426397,-0.198958847703602,
4.64036454229071));
#1676=CARTESIAN_POINT('Ctrl Pts',(-1.9840784363564E-17,-3.06958725854466E-15,
4.75000011175871));
#1677=CARTESIAN_POINT('Ctrl Pts',(-7.33065337575888,-0.790092371259195,
4.70740802363212));
#1678=CARTESIAN_POINT('Ctrl Pts',(-7.18426793267684,-0.763158819402284,
4.64753697803384));
#1679=CARTESIAN_POINT('Ctrl Pts',(-6.85809757044329,-0.708505740400117,
4.53798731682404));
#1680=CARTESIAN_POINT('Ctrl Pts',(-6.2629228041695,-0.621990019088302,4.40602497823564));
#1681=CARTESIAN_POINT('Ctrl Pts',(-5.53711130159202,-0.527264691471442,
4.31395413709876));
#1682=CARTESIAN_POINT('Ctrl Pts',(-4.48242705770339,-0.403883169653743,
4.27003988033411));
#1683=CARTESIAN_POINT('Ctrl Pts',(-3.26603259507237,-0.279449459946318,
4.32776995337801));
#1684=CARTESIAN_POINT('Ctrl Pts',(-1.67041762006955,-0.136481905179272,
4.50132898641879));
#1685=CARTESIAN_POINT('Ctrl Pts',(-0.714570336043844,-0.0568986622554866,
4.63635801780578));
#1686=CARTESIAN_POINT('Ctrl Pts',(-1.9840784363564E-17,-3.06958725854466E-15,
4.75000011175871));
#1687=CARTESIAN_POINT('Ctrl Pts',(-7.33065337575888,-1.33936962060301E-14,
4.70740802363212));
#1688=CARTESIAN_POINT('Ctrl Pts',(-7.18426298811875,0.000152585143267725,
4.64753877777798));
#1689=CARTESIAN_POINT('Ctrl Pts',(-6.85813877530017,0.000432654266732699,
4.53798278297991));
#1690=CARTESIAN_POINT('Ctrl Pts',(-6.2629103142068,0.000772928717313675,
4.4060321879852));
#1691=CARTESIAN_POINT('Ctrl Pts',(-5.53707114041637,0.00101487854860696,
4.31396779779299));
#1692=CARTESIAN_POINT('Ctrl Pts',(-4.48227460250722,0.00114058147676444,
4.27007403419405));
#1693=CARTESIAN_POINT('Ctrl Pts',(-3.2659841966254,0.00101331633572516,
4.32778478789917));
#1694=CARTESIAN_POINT('Ctrl Pts',(-1.67031791690787,0.000600454495978716,
4.50135023291071));
#1695=CARTESIAN_POINT('Ctrl Pts',(-0.714551312641315,0.000275130206334173,
4.63636304601481));
#1696=CARTESIAN_POINT('Ctrl Pts',(-1.9840784363564E-17,-3.06958725854466E-15,
4.75000011175871));
#1697=CARTESIAN_POINT('',(-4.96427222810538,-6.57179653413959,5.1246648666033));
#1698=CARTESIAN_POINT('Ctrl Pts',(0.00151370294457501,-7.24829935344128,
6.00026690666991));
#1699=CARTESIAN_POINT('Ctrl Pts',(-0.0585817264547677,-7.24898022106967,
5.98967046104954));
#1700=CARTESIAN_POINT('Ctrl Pts',(-0.703288631220682,-7.25444785506492,
5.87599123909027));
#1701=CARTESIAN_POINT('Ctrl Pts',(-1.85133454065297,-7.22948644655448,5.67355977016537));
#1702=CARTESIAN_POINT('Ctrl Pts',(-2.95152570037312,-7.14436156234075,5.47956638476977));
#1703=CARTESIAN_POINT('Ctrl Pts',(-3.89966627878945,-6.97846510083106,5.31238361929044));
#1704=CARTESIAN_POINT('Ctrl Pts',(-4.65027189993873,-6.71679225316447,5.18003159641039));
#1705=CARTESIAN_POINT('Ctrl Pts',(-4.96427222810538,-6.57179653413959,5.1246648666033));
#1706=CARTESIAN_POINT('',(-6.57375032075381,-5.02236342288278,4.84087045401018));
#1707=CARTESIAN_POINT('Ctrl Pts',(-6.57375032075381,-5.02236342288278,4.84087045401018));
#1708=CARTESIAN_POINT('Ctrl Pts',(-6.74830340752596,-4.67446738994887,4.8100920352463));
#1709=CARTESIAN_POINT('Ctrl Pts',(-7.03817918918781,-3.88274212684327,4.75897911388536));
#1710=CARTESIAN_POINT('Ctrl Pts',(-7.20935180654853,-2.91814161250544,4.72879676308618));
#1711=CARTESIAN_POINT('Ctrl Pts',(-7.30006052049815,-1.788501119284,4.7128023694315));
#1712=CARTESIAN_POINT('Ctrl Pts',(-7.33065337575888,-0.603198452425904,
4.70740802363212));
#1713=CARTESIAN_POINT('Ctrl Pts',(-7.33065337575888,0.,4.70740802363212));
#1714=CARTESIAN_POINT('Ctrl Pts',(-4.96427222810538,-6.57179653413959,5.1246648666033));
#1715=CARTESIAN_POINT('Ctrl Pts',(-5.01949026086168,-6.54629854052478,5.11492843760672));
#1716=CARTESIAN_POINT('Ctrl Pts',(-5.43656493292179,-6.34442761262037,5.04138691995238));
#1717=CARTESIAN_POINT('Ctrl Pts',(-5.80808777492285,-6.08896991047713,4.97587741895811));
#1718=CARTESIAN_POINT('Ctrl Pts',(-6.1207312798494,-5.7778618722414,4.9207499336963));
#1719=CARTESIAN_POINT('Ctrl Pts',(-6.3789696995353,-5.40649013778263,4.87521553285016));
#1720=CARTESIAN_POINT('Ctrl Pts',(-6.5674248823467,-5.03497044673492,4.84198579946616));
#1721=CARTESIAN_POINT('Ctrl Pts',(-6.57375032075381,-5.02236342288278,4.84087045401018));
#1722=CARTESIAN_POINT('Origin',(-1.04083408558608E-15,-2.0122792321331E-15,
-0.549999999999999));
#1723=CARTESIAN_POINT('',(7.,-9.,-0.549999999999999));
#1724=CARTESIAN_POINT('',(-7.,-9.,-0.549999999999998));
#1725=CARTESIAN_POINT('',(7.,-9.,-0.549999999999999));
#1726=CARTESIAN_POINT('',(-9.,-7.,-0.549999999999998));
#1727=CARTESIAN_POINT('Origin',(-7.,-7.,-0.549999999999998));
#1728=CARTESIAN_POINT('',(-9.,7.,-0.549999999999998));
#1729=CARTESIAN_POINT('',(-9.,-7.,-0.549999999999998));
#1730=CARTESIAN_POINT('',(-7.,9.,-0.549999999999999));
#1731=CARTESIAN_POINT('Origin',(-7.,7.,-0.549999999999998));
#1732=CARTESIAN_POINT('',(7.,9.,-0.549999999999998));
#1733=CARTESIAN_POINT('',(-7.,9.,-0.549999999999999));
#1734=CARTESIAN_POINT('',(9.,7.,-0.549999999999998));
#1735=CARTESIAN_POINT('Origin',(7.,7.,-0.549999999999998));
#1736=CARTESIAN_POINT('',(9.,-7.,-0.549999999999999));
#1737=CARTESIAN_POINT('',(9.,7.,-0.549999999999998));
#1738=CARTESIAN_POINT('Origin',(7.,-7.,-0.549999999999999));
#1739=CARTESIAN_POINT('Ctrl Pts',(4.68194199897441,-6.4083260484273,6.82555269653131));
#1740=CARTESIAN_POINT('Ctrl Pts',(4.908507884937,-6.64447741617872,6.43373187557218));
#1741=CARTESIAN_POINT('Ctrl Pts',(5.12262434933055,-6.8699782444273,6.0193088182269));
#1742=CARTESIAN_POINT('Ctrl Pts',(5.34863227948976,-7.11056070076808,5.53247572742197));
#1743=CARTESIAN_POINT('Ctrl Pts',(5.4897091569105,-7.2609953580598,5.22356476807772));
#1744=CARTESIAN_POINT('Ctrl Pts',(5.69605515896459,-7.48297889751386,4.73410694836051));
#1745=CARTESIAN_POINT('Ctrl Pts',(5.86449134064407,-7.66689500642215,4.28233933363482));
#1746=CARTESIAN_POINT('Ctrl Pts',(5.95607223942997,-7.76767101416796,4.02175867713221));
#1747=CARTESIAN_POINT('Ctrl Pts',(6.10146005035918,-7.92814994278069,3.5986006223094));
#1748=CARTESIAN_POINT('Ctrl Pts',(6.29429020387009,-8.14503754100122,2.95977518852751));
#1749=CARTESIAN_POINT('Ctrl Pts',(6.44581347461118,-8.32037733936302,2.36367924948502));
#1750=CARTESIAN_POINT('Ctrl Pts',(6.53325499740652,-8.42283235899261,1.99539289474502));
#1751=CARTESIAN_POINT('Ctrl Pts',(6.65050843168477,-8.56139460371453,1.47902894660342));
#1752=CARTESIAN_POINT('Ctrl Pts',(6.82344861137282,-8.77239819493631,0.590472444652753));
#1753=CARTESIAN_POINT('Ctrl Pts',(6.94418858394294,-8.92698488120159,-0.16907215447239));
#1754=CARTESIAN_POINT('Ctrl Pts',(7.,-9.,-0.549999999999999));
#1755=CARTESIAN_POINT('Ctrl Pts',(4.63470667820913,-6.43562157762217,6.81722383503798));
#1756=CARTESIAN_POINT('Ctrl Pts',(4.85703944675819,-6.66983341318649,6.42725034625668));
#1757=CARTESIAN_POINT('Ctrl Pts',(5.06737644810227,-6.89368950358663,6.01505536494014));
#1758=CARTESIAN_POINT('Ctrl Pts',(5.28963150172265,-7.13259533238935,5.53077455403988));
#1759=CARTESIAN_POINT('Ctrl Pts',(5.42838970067523,-7.28198921547281,5.22347668046025));
#1760=CARTESIAN_POINT('Ctrl Pts',(5.63151251832949,-7.50247456133098,4.7364913723132));
#1761=CARTESIAN_POINT('Ctrl Pts',(5.79749571740031,-7.68510260421537,4.28671502020874));
#1762=CARTESIAN_POINT('Ctrl Pts',(5.8877844163832,-7.7851428719541,4.02717800814077));
#1763=CARTESIAN_POINT('Ctrl Pts',(6.03114719622104,-7.94443081947916,3.60565075614912));
#1764=CARTESIAN_POINT('Ctrl Pts',(6.22151057867931,-8.15952294595347,2.96870767986482));
#1765=CARTESIAN_POINT('Ctrl Pts',(6.37138253019612,-8.33299903801752,2.37328642521456));
#1766=CARTESIAN_POINT('Ctrl Pts',(6.45794869360627,-8.4342301886959,2.00510531462022));
#1767=CARTESIAN_POINT('Ctrl Pts',(6.57410065507941,-8.57101239468787,1.48861547410094));
#1768=CARTESIAN_POINT('Ctrl Pts',(6.74585797104944,-8.77849098366249,0.598060888077049));
#1769=CARTESIAN_POINT('Ctrl Pts',(6.86637890280782,-8.92921007389232,-0.165974340210513));
#1770=CARTESIAN_POINT('Ctrl Pts',(6.92225874055387,-9.,-0.549999999999999));
#1771=CARTESIAN_POINT('Ctrl Pts',(4.52421150154253,-6.4979789256968,6.7977405541535));
#1772=CARTESIAN_POINT('Ctrl Pts',(4.73729786824788,-6.72849037204236,6.41218879250453));
#1773=CARTESIAN_POINT('Ctrl Pts',(4.93841637531821,-6.94866457945183,6.00481334249652));
#1774=CARTESIAN_POINT('Ctrl Pts',(5.15059694505248,-7.18344876337883,5.52588947802172));
#1775=CARTESIAN_POINT('Ctrl Pts',(5.28303183152123,-7.3302459892726,5.22196244695595));
#1776=CARTESIAN_POINT('Ctrl Pts',(5.47666852627424,-7.54675863511865,4.74007364781192));
#1777=CARTESIAN_POINT('Ctrl Pts',(5.63469400445976,-7.72588689589698,4.2944322679662));
#1778=CARTESIAN_POINT('Ctrl Pts',(5.72061420256455,-7.82394514534239,4.03708631046541));
#1779=CARTESIAN_POINT('Ctrl Pts',(5.85701606876888,-7.98003586246248,3.61899878546667));
#1780=CARTESIAN_POINT('Ctrl Pts',(6.03797451055256,-8.19044401460209,2.98617441302697));
#1781=CARTESIAN_POINT('Ctrl Pts',(6.18051029343201,-8.35943886330264,2.3924393200493));
#1782=CARTESIAN_POINT('Ctrl Pts',(6.26290026627082,-8.45782722252096,2.02465035817074));
#1783=CARTESIAN_POINT('Ctrl Pts',(6.37350752101978,-8.59055695923421,1.5081395874326));
#1784=CARTESIAN_POINT('Ctrl Pts',(6.53757440724222,-8.7904949467008,0.613776132441873));
#1785=CARTESIAN_POINT('Ctrl Pts',(6.6538961063185,-8.93349541300504,-0.159550565297656));
#1786=CARTESIAN_POINT('Ctrl Pts',(6.70829110320925,-8.99999999999999,-0.549999999999999));
#1787=CARTESIAN_POINT('Ctrl Pts',(4.18207992339331,-6.65799273396868,6.73741352597343));
#1788=CARTESIAN_POINT('Ctrl Pts',(4.36968683083653,-6.87912753102402,6.36444143784244));
#1789=CARTESIAN_POINT('Ctrl Pts',(4.54480809910983,-7.08964127562581,5.97029990430204));
#1790=CARTESIAN_POINT('Ctrl Pts',(4.72802231159503,-7.31348789233718,5.50596585416063));
#1791=CARTESIAN_POINT('Ctrl Pts',(4.84222209254889,-7.45338304252082,5.21120846734563));
#1792=CARTESIAN_POINT('Ctrl Pts',(5.00812540777775,-7.65928793756421,4.7431497871312));
#1793=CARTESIAN_POINT('Ctrl Pts',(5.14250460443708,-7.82914917991006,4.30884114291242));
#1794=CARTESIAN_POINT('Ctrl Pts',(5.21535874368788,-7.92200016829051,4.05755310316719));
#1795=CARTESIAN_POINT('Ctrl Pts',(5.33088724444533,-8.06971610523744,3.64901082224564));
#1796=CARTESIAN_POINT('Ctrl Pts',(5.48320518527732,-8.2680712027185,3.02793519536304));
#1797=CARTESIAN_POINT('Ctrl Pts',(5.60285104299514,-8.4257671118114,2.43957095184364));
#1798=CARTESIAN_POINT('Ctrl Pts',(5.67206009237499,-8.51702476358967,2.07337674493729));
#1799=CARTESIAN_POINT('Ctrl Pts',(5.76502467242902,-8.63961980797605,1.55758673671001));
#1800=CARTESIAN_POINT('Ctrl Pts',(5.90372911609901,-8.8207794830507,0.654372211051554));
#1801=CARTESIAN_POINT('Ctrl Pts',(6.0047946923341,-8.94434101691083,-0.142861351889817));
#1802=CARTESIAN_POINT('Ctrl Pts',(6.05322188115408,-9.,-0.549999999999999));
#1803=CARTESIAN_POINT('Ctrl Pts',(3.62484633722898,-6.86733205460733,6.63915821017572));
#1804=CARTESIAN_POINT('Ctrl Pts',(3.77519168041508,-7.07560629624071,6.28489539390014));
#1805=CARTESIAN_POINT('Ctrl Pts',(3.91227563998098,-7.27296151737659,5.91009980921111));
#1806=CARTESIAN_POINT('Ctrl Pts',(4.05300783061423,-7.48209687405999,5.46705706643631));
#1807=CARTESIAN_POINT('Ctrl Pts',(4.14045436654278,-7.61272653301876,5.18567813675175));
#1808=CARTESIAN_POINT('Ctrl Pts',(4.26559910078025,-7.8045424770233,4.73781563953958));
#1809=CARTESIAN_POINT('Ctrl Pts',(4.36513979336746,-7.96233903545692,4.32021964986398));
#1810=CARTESIAN_POINT('Ctrl Pts',(4.41872066416458,-8.04847884330391,4.07793112346094));
#1811=CARTESIAN_POINT('Ctrl Pts',(4.50344494836608,-8.18544272413115,3.68361207082306));
#1812=CARTESIAN_POINT('Ctrl Pts',(4.61335289477114,-8.3686405400843,3.08043188331387));
#1813=CARTESIAN_POINT('Ctrl Pts',(4.69876791463156,-8.51222980495817,2.50096383224348));
#1814=CARTESIAN_POINT('Ctrl Pts',(4.7481506221182,-8.59455228801917,2.13782046564666));
#1815=CARTESIAN_POINT('Ctrl Pts',(4.81446916720937,-8.70441754024198,1.62415709118452));
#1816=CARTESIAN_POINT('Ctrl Pts',(4.91410601352937,-8.8615880099914,0.710198602198022));
#1817=CARTESIAN_POINT('Ctrl Pts',(4.99022163093565,-8.95915978754908,-0.119749562460792));
#1818=CARTESIAN_POINT('Ctrl Pts',(5.0282836359681,-8.99999999999999,-0.549999999999999));
#1819=CARTESIAN_POINT('Ctrl Pts',(2.17553690541626,-7.1685911965303,6.38360585395189));
#1820=CARTESIAN_POINT('Ctrl Pts',(2.24915505787813,-7.35273687369846,6.06763710302149));
#1821=CARTESIAN_POINT('Ctrl Pts',(2.31266475386161,-7.52817396600392,5.73278185630786));
#1822=CARTESIAN_POINT('Ctrl Pts',(2.37469716830773,-7.71502542541461,5.3343262871076));
#1823=CARTESIAN_POINT('Ctrl Pts',(2.41291337535234,-7.8318324765832,5.08102562738881));
#1824=CARTESIAN_POINT('Ctrl Pts',(2.46532206909662,-8.00413566912499,4.67603113721139));
#1825=CARTESIAN_POINT('Ctrl Pts',(2.50476795872447,-8.1467509918818,4.29467822010673));
#1826=CARTESIAN_POINT('Ctrl Pts',(2.52551736498161,-8.22476717153572,4.07215191549493));
#1827=CARTESIAN_POINT('Ctrl Pts',(2.55802108587213,-8.34891088464424,3.70922540649409));
#1828=CARTESIAN_POINT('Ctrl Pts',(2.59786124631152,-8.51538897517515,3.14696854881275));
#1829=CARTESIAN_POINT('Ctrl Pts',(2.62729155818034,-8.64289440142224,2.59086957619142));
#1830=CARTESIAN_POINT('Ctrl Pts',(2.64413597358144,-8.71453824001584,2.237444704024));
#1831=CARTESIAN_POINT('Ctrl Pts',(2.66660854664091,-8.8087571571258,1.7332543715942));
#1832=CARTESIAN_POINT('Ctrl Pts',(2.70031830428492,-8.9326822884605,0.807623257893007));
#1833=CARTESIAN_POINT('Ctrl Pts',(2.72884840840289,-8.98633164438347,-0.0784549634358098));
#1834=CARTESIAN_POINT('Ctrl Pts',(2.74452242373018,-9.,-0.55));
#1835=CARTESIAN_POINT('Ctrl Pts',(0.747309988848556,-7.2410258253105,6.13177091398694));
#1836=CARTESIAN_POINT('Ctrl Pts',(0.767303778445401,-7.4116258706764,5.84126442639794));
#1837=CARTESIAN_POINT('Ctrl Pts',(0.785481254063631,-7.5777683834728,5.53371957617969));
#1838=CARTESIAN_POINT('Ctrl Pts',(0.803917753540366,-7.75779917844246,5.16664894123315));
#1839=CARTESIAN_POINT('Ctrl Pts',(0.81535029161769,-7.87065150653626,4.9331986733821));
#1840=CARTESIAN_POINT('Ctrl Pts',(0.831550029158448,-8.03933758148163,4.5591347630445));
#1841=CARTESIAN_POINT('Ctrl Pts',(0.84427993932231,-8.18120968186006,4.20483680412968));
#1842=CARTESIAN_POINT('Ctrl Pts',(0.851099380569887,-8.25929298748571,3.99734573837633));
#1843=CARTESIAN_POINT('Ctrl Pts',(0.861860598209636,-8.38383540006199,3.65848469878418));
#1844=CARTESIAN_POINT('Ctrl Pts',(0.875590086938639,-8.55288265839958,3.12924520450295));
#1845=CARTESIAN_POINT('Ctrl Pts',(0.885635955934109,-8.68192540205444,2.59580487788876));
#1846=CARTESIAN_POINT('Ctrl Pts',(0.89122784532183,-8.75379032571587,2.25373490108487));
#1847=CARTESIAN_POINT('Ctrl Pts',(0.898534089073791,-8.84766200333064,1.76313670641024));
#1848=CARTESIAN_POINT('Ctrl Pts',(0.908083905297477,-8.96524359552297,0.845095587898301));
#1849=CARTESIAN_POINT('Ctrl Pts',(0.912889692529588,-9.00019624035199,-0.0608948819816244));
#1850=CARTESIAN_POINT('Ctrl Pts',(0.914544952956911,-9.,-0.549999999999999));
#1851=CARTESIAN_POINT('Ctrl Pts',(-0.379029818279515,-7.25286620828928,
5.93316681654429));
#1852=CARTESIAN_POINT('Ctrl Pts',(-0.38929753746622,-7.42090280209359,5.65413435413843));
#1853=CARTESIAN_POINT('Ctrl Pts',(-0.398683041471118,-7.58489934583274,
5.35848860650732));
#1854=CARTESIAN_POINT('Ctrl Pts',(-0.408247358167552,-7.76294223441685,
5.00518398026658));
#1855=CARTESIAN_POINT('Ctrl Pts',(-0.41418296469599,-7.87458173663413,4.78044926028886));
#1856=CARTESIAN_POINT('Ctrl Pts',(-0.422626979046634,-8.0416924398526,4.42004945641395));
#1857=CARTESIAN_POINT('Ctrl Pts',(-0.429297472874985,-8.18249544182564,
4.07816560544845));
#1858=CARTESIAN_POINT('Ctrl Pts',(-0.43287904372501,-8.26004952748486,3.8777829948654));
#1859=CARTESIAN_POINT('Ctrl Pts',(-0.438536051367991,-8.38378474695399,
3.55043434811761));
#1860=CARTESIAN_POINT('Ctrl Pts',(-0.445794110115397,-8.55202885101616,
3.03832808296024));
#1861=CARTESIAN_POINT('Ctrl Pts',(-0.451140741373813,-8.68074847197186,
2.52062570390768));
#1862=CARTESIAN_POINT('Ctrl Pts',(-0.454124332349273,-8.75250370209324,
2.18822716537326));
#1863=CARTESIAN_POINT('Ctrl Pts',(-0.458029715790002,-8.84629949860014,
1.71114385693711));
#1864=CARTESIAN_POINT('Ctrl Pts',(-0.463168184875482,-8.9641742365665,0.816099882304238));
#1865=CARTESIAN_POINT('Ctrl Pts',(-0.465771796921807,-8.99978840560403,
-0.0705325459462631));
#1866=CARTESIAN_POINT('Ctrl Pts',(-0.466666666666666,-9.,-0.549999999999999));
#1867=CARTESIAN_POINT('Ctrl Pts',(-1.25244073740419,-7.24562492657661,5.77916090625724));
#1868=CARTESIAN_POINT('Ctrl Pts',(-1.28832754135493,-7.41504176007222,5.50437422370579));
#1869=CARTESIAN_POINT('Ctrl Pts',(-1.31996886150193,-7.57944077266868,5.21346524017717));
#1870=CARTESIAN_POINT('Ctrl Pts',(-1.35141338376042,-7.75718553805905,4.86613896699555));
#1871=CARTESIAN_POINT('Ctrl Pts',(-1.37084453692955,-7.86856598496253,4.64523561840411));
#1872=CARTESIAN_POINT('Ctrl Pts',(-1.3979160343994,-8.03477812226147,4.29117167659763));
#1873=CARTESIAN_POINT('Ctrl Pts',(-1.41877993835517,-8.17435803279124,3.95559755320569));
#1874=CARTESIAN_POINT('Ctrl Pts',(-1.42987944790182,-8.25115479271658,3.75900922903728));
#1875=CARTESIAN_POINT('Ctrl Pts',(-1.44734605827912,-8.37363049076645,3.43791648792856));
#1876=CARTESIAN_POINT('Ctrl Pts',(-1.4693299251252,-8.53984614219182,2.93614214767962));
#1877=CARTESIAN_POINT('Ctrl Pts',(-1.48572129423539,-8.66747936693729,2.43030990365649));
#1878=CARTESIAN_POINT('Ctrl Pts',(-1.4950433624165,-8.73891202224916,2.10597833122128));
#1879=CARTESIAN_POINT('Ctrl Pts',(-1.50741873853149,-8.83256510299181,1.64085161520351));
#1880=CARTESIAN_POINT('Ctrl Pts',(-1.52521661238099,-8.95258841827412,0.77079022702396));
#1881=CARTESIAN_POINT('Ctrl Pts',(-1.53804510151258,-8.99488086957612,-0.087064233525737));
#1882=CARTESIAN_POINT('Ctrl Pts',(-1.54435286760887,-9.,-0.549999999999999));
#1883=CARTESIAN_POINT('Ctrl Pts',(-2.6276426016549,-7.15511843422167,5.53667571366925));
#1884=CARTESIAN_POINT('Ctrl Pts',(-2.70982339518786,-7.33285065696678,5.26069090341501));
#1885=CARTESIAN_POINT('Ctrl Pts',(-2.78228610675628,-7.50324766748955,4.9691702768387));
#1886=CARTESIAN_POINT('Ctrl Pts',(-2.85465869470833,-7.68579838841634,4.62253296733602));
#1887=CARTESIAN_POINT('Ctrl Pts',(-2.89942068989971,-7.80002487566449,4.40219611450972));
#1888=CARTESIAN_POINT('Ctrl Pts',(-2.96207422932244,-7.96928592219892,4.0499677737561));
#1889=CARTESIAN_POINT('Ctrl Pts',(-3.01074537495772,-8.11031945303665,3.71785504389257));
#1890=CARTESIAN_POINT('Ctrl Pts',(-3.03674591775265,-8.1877249277815,3.52386345605322));
#1891=CARTESIAN_POINT('Ctrl Pts',(-3.07773121805553,-8.31105465606286,3.20735305016843));
#1892=CARTESIAN_POINT('Ctrl Pts',(-3.12997670519322,-8.47777368410977,2.71590011260298));
#1893=CARTESIAN_POINT('Ctrl Pts',(-3.17033262392692,-8.60763200533703,2.22784407180115));
#1894=CARTESIAN_POINT('Ctrl Pts',(-3.19374891253953,-8.68130821121881,1.91713284900995));
#1895=CARTESIAN_POINT('Ctrl Pts',(-3.22527649488359,-8.77888055038452,1.47342634264079));
#1896=CARTESIAN_POINT('Ctrl Pts',(-3.27358739710386,-8.91187541779452,0.656014171310139));
#1897=CARTESIAN_POINT('Ctrl Pts',(-3.31323632057377,-8.97844481314096,-0.130404390881288));
#1898=CARTESIAN_POINT('Ctrl Pts',(-3.33410561015283,-9.,-0.549999999999999));
#1899=CARTESIAN_POINT('Ctrl Pts',(-3.69843319023449,-6.98771482150862,5.34786644221398));
#1900=CARTESIAN_POINT('Ctrl Pts',(-3.82325159871831,-7.17595945652127,5.06655684954048));
#1901=CARTESIAN_POINT('Ctrl Pts',(-3.93679618562917,-7.35595970821322,4.76941191286438));
#1902=CARTESIAN_POINT('Ctrl Pts',(-4.0534325280172,-7.54838971726605,4.41736584629201));
#1903=CARTESIAN_POINT('Ctrl Pts',(-4.12591664038124,-7.66875720010659,4.19370786613705));
#1904=CARTESIAN_POINT('Ctrl Pts',(-4.22978946297124,-7.84677702341582,3.83706739696876));
#1905=CARTESIAN_POINT('Ctrl Pts',(-4.3129441461977,-7.99483461608646,3.50283417327619));
#1906=CARTESIAN_POINT('Ctrl Pts',(-4.35791720950393,-8.07608461994999,3.30832175575289));
#1907=CARTESIAN_POINT('Ctrl Pts',(-4.42916087781588,-8.2055351839285,2.99139399221708));
#1908=CARTESIAN_POINT('Ctrl Pts',(-4.52267354717319,-8.38074036734325,2.50333062755256));
#1909=CARTESIAN_POINT('Ctrl Pts',(-4.59682273136039,-8.51990640335063,2.02811290514663));
#1910=CARTESIAN_POINT('Ctrl Pts',(-4.64009132326689,-8.60006148879284,1.72845809783765));
#1911=CARTESIAN_POINT('Ctrl Pts',(-4.69856253932766,-8.70736682936259,1.30300569745442));
#1912=CARTESIAN_POINT('Ctrl Pts',(-4.78848761092981,-8.86245193770667,0.535703378131626));
#1913=CARTESIAN_POINT('Ctrl Pts',(-4.85943682930582,-8.95947923826766,-0.176574941532497));
#1914=CARTESIAN_POINT('Ctrl Pts',(-4.89531821363324,-9.,-0.549999999999999));
#1915=CARTESIAN_POINT('Ctrl Pts',(-4.55521157780226,-6.75612418118447,5.19679329599789));
#1916=CARTESIAN_POINT('Ctrl Pts',(-4.7200461572382,-6.95588972081457,4.9082270273454));
#1917=CARTESIAN_POINT('Ctrl Pts',(-4.87510252159124,-7.14799023457547,4.60269973304933));
#1918=CARTESIAN_POINT('Ctrl Pts',(-5.03876784063151,-7.35427532865477,4.24170748080081));
#1919=CARTESIAN_POINT('Ctrl Pts',(-5.14093343405476,-7.48340105205024,4.01245723990162));
#1920=CARTESIAN_POINT('Ctrl Pts',(-5.29050179825517,-7.67496456378436,3.64766610854613));
#1921=CARTESIAN_POINT('Ctrl Pts',(-5.41333109408391,-7.83496464924995,3.30792614807191));
#1922=CARTESIAN_POINT('Ctrl Pts',(-5.48042031773513,-7.92296785289575,3.11099403852159));
#1923=CARTESIAN_POINT('Ctrl Pts',(-5.58711353853856,-8.06330413537228,2.79059910073596));
#1924=CARTESIAN_POINT('Ctrl Pts',(-5.73024871752431,-8.25443939714661,2.30165232837395));
#1925=CARTESIAN_POINT('Ctrl Pts',(-5.84536246712499,-8.40953105875096,1.83598329833236));
#1926=CARTESIAN_POINT('Ctrl Pts',(-5.91258402551763,-8.50008073240751,1.54555342971707));
#1927=CARTESIAN_POINT('Ctrl Pts',(-6.00345399611917,-8.62245481866883,1.13596366391932));
#1928=CARTESIAN_POINT('Ctrl Pts',(-6.14206002133088,-8.80758326117827,0.415812234324521));
#1929=CARTESIAN_POINT('Ctrl Pts',(-6.24552011774174,-8.93928602075342,-0.223016520375862));
#1930=CARTESIAN_POINT('Ctrl Pts',(-6.29531821363324,-9.,-0.549999999999999));
#1931=CARTESIAN_POINT('Ctrl Pts',(-4.87223161278075,-6.61429806678577,5.14089411040604));
#1932=CARTESIAN_POINT('Ctrl Pts',(-5.0549702990103,-6.82023828574047,4.84786499078267));
#1933=CARTESIAN_POINT('Ctrl Pts',(-5.22928139115503,-7.01921589258237,4.53687121493387));
#1934=CARTESIAN_POINT('Ctrl Pts',(-5.41519325704341,-7.23378067375492,4.16980944856872));
#1935=CARTESIAN_POINT('Ctrl Pts',(-5.53143991348803,-7.36817817880736,3.93674155027597));
#1936=CARTESIAN_POINT('Ctrl Pts',(-5.70295880223219,-7.56818251767883,3.56623628946889));
#1937=CARTESIAN_POINT('Ctrl Pts',(-5.84506652079031,-7.73597416696265,3.22233747043124));
#1938=CARTESIAN_POINT('Ctrl Pts',(-5.92293862699572,-7.82846320529893,3.02342703537689));
#1939=CARTESIAN_POINT('Ctrl Pts',(-6.04693740993822,-7.97607893590809,2.70007637604872));
#1940=CARTESIAN_POINT('Ctrl Pts',(-6.2144276966256,-8.17820922429475,2.20906439060407));
#1941=CARTESIAN_POINT('Ctrl Pts',(-6.34947892792475,-8.34411314354071,1.74683047983818));
#1942=CARTESIAN_POINT('Ctrl Pts',(-6.42826378780445,-8.44157588930799,1.46019762121585));
#1943=CARTESIAN_POINT('Ctrl Pts',(-6.53468531567014,-8.57384915524757,1.05740515362154));
#1944=CARTESIAN_POINT('Ctrl Pts',(-6.69593443969469,-8.77763437569007,0.358850083178746));
#1945=CARTESIAN_POINT('Ctrl Pts',(-6.81288128668007,-8.92861270725397,-0.245228655437948));
#1946=CARTESIAN_POINT('Ctrl Pts',(-6.86776937794439,-9.,-0.549999999999999));
#1947=CARTESIAN_POINT('Ctrl Pts',(-4.96427222810537,-6.57179653413959,5.1246648666033));
#1948=CARTESIAN_POINT('Ctrl Pts',(-5.15228509603434,-6.78000105743892,4.82995518623546));
#1949=CARTESIAN_POINT('Ctrl Pts',(-5.3313511243807,-6.98092462155043,4.51681223401543));
#1950=CARTESIAN_POINT('Ctrl Pts',(-5.52203086280375,-7.19756921136644,4.14740651867128));
#1951=CARTESIAN_POINT('Ctrl Pts',(-5.64122829460079,-7.33326794027215,3.91286855791291));
#1952=CARTESIAN_POINT('Ctrl Pts',(-5.81688496377382,-7.53522568110698,3.54021743017641));
#1953=CARTESIAN_POINT('Ctrl Pts',(-5.96218411744691,-7.70482343338015,3.19486016790754));
#1954=CARTESIAN_POINT('Ctrl Pts',(-6.04174857392682,-7.79837916927787,2.9952895158773));
#1955=CARTESIAN_POINT('Ctrl Pts',(-6.16840674212133,-7.94774288536756,2.67097698601996));
#1956=CARTESIAN_POINT('Ctrl Pts',(-6.33919572927299,-8.15268445128658,2.17950572295197));
#1957=CARTESIAN_POINT('Ctrl Pts',(-6.47652635790982,-8.32171246257213,1.71865932381224));
#1958=CARTESIAN_POINT('Ctrl Pts',(-6.55654007117113,-8.42126649103831,1.43340334489183));
#1959=CARTESIAN_POINT('Ctrl Pts',(-6.66452861846852,-8.55661376331745,1.03299724484092));
#1960=CARTESIAN_POINT('Ctrl Pts',(-6.82758602422749,-8.76665260406286,0.341507130880056));
#1961=CARTESIAN_POINT('Ctrl Pts',(-6.94507266898695,-8.92460063911529,-0.251945350885477));
#1962=CARTESIAN_POINT('Ctrl Pts',(-7.,-9.,-0.549999999999999));
#1963=CARTESIAN_POINT('Ctrl Pts',(-4.96427222810538,-6.57179653413959,5.1246648666033));
#1964=CARTESIAN_POINT('Ctrl Pts',(-5.15474245465614,-6.78272232426529,4.82610328300162));
#1965=CARTESIAN_POINT('Ctrl Pts',(-5.5364896714387,-7.21114509346747,4.15755741087437));
#1966=CARTESIAN_POINT('Ctrl Pts',(-6.07968247064449,-7.83843972622326,2.96959583707575));
#1967=CARTESIAN_POINT('Ctrl Pts',(-6.60218394792259,-8.47040826962009,1.39020402393371));
#1968=CARTESIAN_POINT('Ctrl Pts',(-6.86983253884762,-8.821317671952,0.156333554613853));
#1969=CARTESIAN_POINT('Ctrl Pts',(-7.,-9.,-0.549999999999999));
#1970=CARTESIAN_POINT('Ctrl Pts',(4.68194199897441,-6.4083260484273,6.82555269653131));
#1971=CARTESIAN_POINT('Ctrl Pts',(4.908507884937,-6.64447741617872,6.43373187557218));
#1972=CARTESIAN_POINT('Ctrl Pts',(5.36072425524346,-7.12073769042013,5.5584657380764));
#1973=CARTESIAN_POINT('Ctrl Pts',(5.99526049834764,-7.80559360641741,4.01011453544271));
#1974=CARTESIAN_POINT('Ctrl Pts',(6.58516940966988,-8.47431033052528,1.9556511841292));
#1975=CARTESIAN_POINT('Ctrl Pts',(6.8662830976721,-8.82506526086266,0.362653630976151));
#1976=CARTESIAN_POINT('Ctrl Pts',(7.,-9.,-0.549999999999999));
#1977=CARTESIAN_POINT('Ctrl Pts',(-4.96427222810538,-6.57179653413959,5.1246648666033));
#1978=CARTESIAN_POINT('Ctrl Pts',(-5.1524572428761,-6.78019169200303,4.82968534650976));
#1979=CARTESIAN_POINT('Ctrl Pts',(-5.3315128294015,-6.98110609795617,4.51652904341336));
#1980=CARTESIAN_POINT('Ctrl Pts',(-5.6861770939024,-7.38406979380665,3.82937008186133));
#1981=CARTESIAN_POINT('Ctrl Pts',(-5.86381977586519,-7.58915529158929,3.44168712213949));
#1982=CARTESIAN_POINT('Ctrl Pts',(-6.21237114290453,-7.99901360527975,2.56719395692922));
#1983=CARTESIAN_POINT('Ctrl Pts',(-6.38196906956497,-8.20405710706461,2.05585874671449));
#1984=CARTESIAN_POINT('Ctrl Pts',(-6.71668842965642,-8.62053309975901,0.862333885974672));
#1985=CARTESIAN_POINT('Ctrl Pts',(-6.86983253884762,-8.821317671952,0.156333554613854));
#1986=CARTESIAN_POINT('Ctrl Pts',(-7.,-9.,-0.549999999999998));
#1987=CARTESIAN_POINT('Ctrl Pts',(-5.38079432079556,-6.37945940929649,5.05122078360086));
#1988=CARTESIAN_POINT('Ctrl Pts',(-5.59286905663656,-6.5981108689512,4.74862906322396));
#1989=CARTESIAN_POINT('Ctrl Pts',(-5.79344027139417,-6.80783009977272,4.42574499182874));
#1990=CARTESIAN_POINT('Ctrl Pts',(-6.18823462486978,-7.22830020120305,3.71885598344544));
#1991=CARTESIAN_POINT('Ctrl Pts',(-6.38435983554536,-7.44221396016155,3.32102846920631));
#1992=CARTESIAN_POINT('Ctrl Pts',(-6.76645616073487,-7.87322691453911,2.43346046331647));
#1993=CARTESIAN_POINT('Ctrl Pts',(-6.95034222773056,-8.09149361751566,1.92099440764204));
#1994=CARTESIAN_POINT('Ctrl Pts',(-7.30831915997897,-8.54757610342381,0.753569546732055));
#1995=CARTESIAN_POINT('Ctrl Pts',(-7.46781031729143,-8.77829070171473,0.0843011152024346));
#1996=CARTESIAN_POINT('Ctrl Pts',(-7.59839860068377,-9.,-0.549999999999998));
#1997=CARTESIAN_POINT('Ctrl Pts',(-5.99413913737345,-5.9506520697545,4.9430715439605));
#1998=CARTESIAN_POINT('Ctrl Pts',(-6.23509949402419,-6.16537236763458,4.63492545957213));
#1999=CARTESIAN_POINT('Ctrl Pts',(-6.46362123728577,-6.37214913638491,4.30438153727624));
#2000=CARTESIAN_POINT('Ctrl Pts',(-6.91566412606771,-6.78706361414716,3.58229853803762));
#2001=CARTESIAN_POINT('Ctrl Pts',(-7.14167780896434,-6.99834800923675,3.17686312630182));
#2002=CARTESIAN_POINT('Ctrl Pts',(-7.58726213923371,-7.42310293570425,2.28183198812566));
#2003=CARTESIAN_POINT('Ctrl Pts',(-7.80578822164452,-7.63753458421516,1.77149925482676));
#2004=CARTESIAN_POINT('Ctrl Pts',(-8.24437807690673,-8.07959803690575,0.637596251223012));
#2005=CARTESIAN_POINT('Ctrl Pts',(-8.45148579974636,-8.29829187449102,0.00927682384782151));
#2006=CARTESIAN_POINT('Ctrl Pts',(-8.63474533579568,-8.49802957104557,-0.549999999999998));
#2007=CARTESIAN_POINT('Ctrl Pts',(-6.42071100214697,-5.32738107001112,4.8678554149898));
#2008=CARTESIAN_POINT('Ctrl Pts',(-6.65458190558472,-5.51166322496956,4.57918139778684));
#2009=CARTESIAN_POINT('Ctrl Pts',(-6.87622551344183,-5.68882261249468,4.26974486390628));
#2010=CARTESIAN_POINT('Ctrl Pts',(-7.31472176483704,-6.04301604692782,3.590384312275));
#2011=CARTESIAN_POINT('Ctrl Pts',(-7.53398833795709,-6.22253364649748,3.20688856003583));
#2012=CARTESIAN_POINT('Ctrl Pts',(-7.96648105855976,-6.58047527580824,2.3492434342961));
#2013=CARTESIAN_POINT('Ctrl Pts',(-8.1788063903957,-6.75904693277868,1.85279821111868));
#2014=CARTESIAN_POINT('Ctrl Pts',(-8.60787311865515,-7.121121302491,0.720000590182268));
#2015=CARTESIAN_POINT('Ctrl Pts',(-8.81305073400431,-7.29523396060151,0.0691371476436818));
#2016=CARTESIAN_POINT('Ctrl Pts',(-9.,-7.44879895051283,-0.549999999999998));
#2017=CARTESIAN_POINT('Ctrl Pts',(-6.57375032075382,-5.02236342288277,4.84087045401018));
#2018=CARTESIAN_POINT('Ctrl Pts',(-6.79613444865283,-5.19035512646635,4.56671341995815));
#2019=CARTESIAN_POINT('Ctrl Pts',(-7.00787640796149,-5.35254646141129,4.27332703408178));
#2020=CARTESIAN_POINT('Ctrl Pts',(-7.42751538552976,-5.67819178611707,3.6262826294801));
#2021=CARTESIAN_POINT('Ctrl Pts',(-7.63781705542318,-5.84412582108034,3.25928120598936));
#2022=CARTESIAN_POINT('Ctrl Pts',(-8.05113943469439,-6.17643813261034,2.42845291536764));
#2023=CARTESIAN_POINT('Ctrl Pts',(-8.25291452702899,-6.34330117459937,1.94080522604288));
#2024=CARTESIAN_POINT('Ctrl Pts',(-8.65383962109163,-6.68430654204704,0.801104939612189));
#2025=CARTESIAN_POINT('Ctrl Pts',(-8.83973348178171,-6.85055351102882,0.125844869000896));
#2026=CARTESIAN_POINT('Ctrl Pts',(-9.,-7.,-0.549999999999998));
#2027=CARTESIAN_POINT('Ctrl Pts',(-6.57375032075381,-5.02236342288278,4.84087045401018));
#2028=CARTESIAN_POINT('Ctrl Pts',(-6.79613444865282,-5.19035512646637,4.56671341995815));
#2029=CARTESIAN_POINT('Ctrl Pts',(-7.24376469209453,-5.53323353839089,3.94648387376375));
#2030=CARTESIAN_POINT('Ctrl Pts',(-7.88502858123033,-6.03911728751523,2.82902689236824));
#2031=CARTESIAN_POINT('Ctrl Pts',(-8.51077309090407,-6.55640898212816,1.32005284522366));
#2032=CARTESIAN_POINT('Ctrl Pts',(-8.83809907882778,-6.84902945107079,0.132737156064808));
#2033=CARTESIAN_POINT('Ctrl Pts',(-9.,-7.,-0.549999999999998));
#2034=CARTESIAN_POINT('Ctrl Pts',(-6.57375032075381,-5.02236342288278,4.84087045401018));
#2035=CARTESIAN_POINT('Ctrl Pts',(-6.74429092377325,-5.151191890553,4.63062655598124));
#2036=CARTESIAN_POINT('Ctrl Pts',(-6.95656566397898,-5.31324315992722,4.34442240782251));
#2037=CARTESIAN_POINT('Ctrl Pts',(-7.17143693917857,-5.4794379976965,4.021655223085));
#2038=CARTESIAN_POINT('Ctrl Pts',(-7.24630920157436,-5.53759233344403,3.90539094005971));
#2039=CARTESIAN_POINT('Ctrl Pts',(-7.38654240281118,-5.64673946328493,3.6840743149395));
#2040=CARTESIAN_POINT('Ctrl Pts',(-7.58265574692897,-5.80081292145239,3.35181095893825));
#2041=CARTESIAN_POINT('Ctrl Pts',(-7.77091527839743,-5.95104014304944,2.99345439548356));
#2042=CARTESIAN_POINT('Ctrl Pts',(-7.86442570943717,-6.02635131451085,2.80321236563383));
#2043=CARTESIAN_POINT('Ctrl Pts',(-8.0130368305522,-6.14638903564869,2.49467234624734));
#2044=CARTESIAN_POINT('Ctrl Pts',(-8.2023182753204,-6.30173045242062,2.05818669900844));
#2045=CARTESIAN_POINT('Ctrl Pts',(-8.37732545869311,-6.44902064031964,1.58891222027102));
#2046=CARTESIAN_POINT('Ctrl Pts',(-8.5673139566563,-6.61092502991179,1.04322852956378));
#2047=CARTESIAN_POINT('Ctrl Pts',(-8.76990940965093,-6.78827159909996,0.376992431124694));
#2048=CARTESIAN_POINT('Ctrl Pts',(-8.93237163866798,-6.93693741357643,-0.264810794460929));
#2049=CARTESIAN_POINT('Ctrl Pts',(-9.,-7.,-0.549999999999998));
#2050=CARTESIAN_POINT('Ctrl Pts',(-6.6004533994554,-4.96914239242611,4.83616198076711));
#2051=CARTESIAN_POINT('Ctrl Pts',(-6.76945697916462,-5.09579106617483,4.62786057229251));
#2052=CARTESIAN_POINT('Ctrl Pts',(-6.97995544718821,-5.25520087199602,4.34436880421281));
#2053=CARTESIAN_POINT('Ctrl Pts',(-7.19312454177462,-5.41881976631675,4.02447731374658));
#2054=CARTESIAN_POINT('Ctrl Pts',(-7.26741141187622,-5.47608777879283,3.9092201927642));
#2055=CARTESIAN_POINT('Ctrl Pts',(-7.40655416750106,-5.58358505847093,3.68979184075464));
#2056=CARTESIAN_POINT('Ctrl Pts',(-7.60117338065322,-5.73541442390131,3.3601644936083));
#2057=CARTESIAN_POINT('Ctrl Pts',(-7.78795894436157,-5.88357064768807,3.00411822607324));
#2058=CARTESIAN_POINT('Ctrl Pts',(-7.88070699355568,-5.95787395308471,2.81491451371673));
#2059=CARTESIAN_POINT('Ctrl Pts',(-8.02808891191135,-6.07632072199532,2.50796185025721));
#2060=CARTESIAN_POINT('Ctrl Pts',(-8.21567470973054,-6.22971229947088,2.0730356247721));
#2061=CARTESIAN_POINT('Ctrl Pts',(-8.38874547300293,-6.37533447212335,1.60393841925658));
#2062=CARTESIAN_POINT('Ctrl Pts',(-8.57636596679682,-6.5355093724733,1.05754425713907));
#2063=CARTESIAN_POINT('Ctrl Pts',(-8.77578236496492,-6.71120934351991,0.388320643440143));
#2064=CARTESIAN_POINT('Ctrl Pts',(-8.93433624222379,-6.85893192794699,-0.260635505171005));
#2065=CARTESIAN_POINT('Ctrl Pts',(-9.,-6.921691276426,-0.549999999999998));
#2066=CARTESIAN_POINT('Ctrl Pts',(-6.65863674396317,-4.84505503055627,4.82590268730253));
#2067=CARTESIAN_POINT('Ctrl Pts',(-6.82474400235026,-4.96686314837916,4.62152717748886));
#2068=CARTESIAN_POINT('Ctrl Pts',(-7.0315436540138,-5.11971449413053,4.34339312643655));
#2069=CARTESIAN_POINT('Ctrl Pts',(-7.24083592698395,-5.27612554186419,4.02918430810363));
#2070=CARTESIAN_POINT('Ctrl Pts',(-7.31375571229704,-5.33082215081624,3.91592124804417));
#2071=CARTESIAN_POINT('Ctrl Pts',(-7.45032291358932,-5.43344946538659,3.70023672642949));
#2072=CARTESIAN_POINT('Ctrl Pts',(-7.64124475952587,-5.57813708547446,3.37587946611898));
#2073=CARTESIAN_POINT('Ctrl Pts',(-7.82430780993999,-5.71902847236122,3.02460868659138));
#2074=CARTESIAN_POINT('Ctrl Pts',(-7.91514700073964,-5.78962777966959,2.83761016144154));
#2075=CARTESIAN_POINT('Ctrl Pts',(-8.05946281224242,-5.90214361622347,2.53406235189283));
#2076=CARTESIAN_POINT('Ctrl Pts',(-8.24290931793438,-6.04768123787736,2.10272862901256));
#2077=CARTESIAN_POINT('Ctrl Pts',(-8.41158153285965,-6.18588969678071,1.63452144507605));
#2078=CARTESIAN_POINT('Ctrl Pts',(-8.59401580063669,-6.33804156631879,1.08723035032699));
#2079=CARTESIAN_POINT('Ctrl Pts',(-8.78688373623052,-6.50530968203118,0.41239981632801));
#2080=CARTESIAN_POINT('Ctrl Pts',(-8.93797625677147,-6.64739165963447,-0.251664490275595));
#2081=CARTESIAN_POINT('Ctrl Pts',(-9.,-6.708192411892,-0.549999999999998));
#2082=CARTESIAN_POINT('Ctrl Pts',(-6.8891195775664,-4.29272170065022,4.78526234514814));
#2083=CARTESIAN_POINT('Ctrl Pts',(-7.04431952937136,-4.39421880322221,4.59623377541314));
#2084=CARTESIAN_POINT('Ctrl Pts',(-7.23659221171097,-4.5185342552256,4.33876171667481));
#2085=CARTESIAN_POINT('Ctrl Pts',(-7.4301696637557,-4.64251037986706,4.04642913790829));
#2086=CARTESIAN_POINT('Ctrl Pts',(-7.49750341280456,-4.6855283200731,3.94084548408143));
#2087=CARTESIAN_POINT('Ctrl Pts',(-7.62351002763764,-4.76594274029348,3.73958527774632));
#2088=CARTESIAN_POINT('Ctrl Pts',(-7.79906513510423,-4.87747710131182,3.43559334131671));
#2089=CARTESIAN_POINT('Ctrl Pts',(-7.9666146201443,-4.9839402452561,3.10304586135065));
#2090=CARTESIAN_POINT('Ctrl Pts',(-8.04953763808684,-5.0368252215112,2.92479356490268));
#2091=CARTESIAN_POINT('Ctrl Pts',(-8.18116152738417,-5.12089943080978,2.63480585175844));
#2092=CARTESIAN_POINT('Ctrl Pts',(-8.34764899829935,-5.22824395124154,2.21818616353414));
#2093=CARTESIAN_POINT('Ctrl Pts',(-8.49877576509213,-5.32978849385703,1.75433755406495));
#2094=CARTESIAN_POINT('Ctrl Pts',(-8.66079373390003,-5.44198090514646,1.20444931903669));
#2095=CARTESIAN_POINT('Ctrl Pts',(-8.82847147590336,-5.56660563060268,0.508468618106304));
#2096=CARTESIAN_POINT('Ctrl Pts',(-8.95152909137763,-5.6794154569713,-0.215718406935613));
#2097=CARTESIAN_POINT('Ctrl Pts',(-9.,-5.72989504595224,-0.549999999999998));
#2098=CARTESIAN_POINT('Ctrl Pts',(-7.2637114473128,-2.82200169240138,4.71921169175782));
#2099=CARTESIAN_POINT('Ctrl Pts',(-7.39763099220396,-2.87834032706887,4.56141627937396));
#2100=CARTESIAN_POINT('Ctrl Pts',(-7.56289149309342,-2.94143594551434,4.34487822919796));
#2101=CARTESIAN_POINT('Ctrl Pts',(-7.72887002702937,-2.99779290059818,4.09528578873466));
#2102=CARTESIAN_POINT('Ctrl Pts',(-7.78656250783208,-3.0166408749443,4.0046585122978));
#2103=CARTESIAN_POINT('Ctrl Pts',(-7.89449688999215,-3.05123651545025,3.8314566368332));
#2104=CARTESIAN_POINT('Ctrl Pts',(-8.04473429224706,-3.09529986492358,3.5669142309118));
#2105=CARTESIAN_POINT('Ctrl Pts',(-8.18823630963398,-3.13261810834403,3.2707987894964));
#2106=CARTESIAN_POINT('Ctrl Pts',(-8.25928683056929,-3.15008738122317,3.10964793658877));
#2107=CARTESIAN_POINT('Ctrl Pts',(-8.3720581889777,-3.17736138118777,2.84621851892137));
#2108=CARTESIAN_POINT('Ctrl Pts',(-8.51458466253962,-3.20881566446266,2.45873577973969));
#2109=CARTESIAN_POINT('Ctrl Pts',(-8.64120102653258,-3.23682056519644,2.00350067804058));
#2110=CARTESIAN_POINT('Ctrl Pts',(-8.77415919001564,-3.2680372965429,1.44802144752694));
#2111=CARTESIAN_POINT('Ctrl Pts',(-8.90436972695282,-3.30402827235674,0.70846791033271));
#2112=CARTESIAN_POINT('Ctrl Pts',(-8.97758099365153,-3.34837045129259,-0.140871215254795));
#2113=CARTESIAN_POINT('Ctrl Pts',(-9.,-3.37194123578561,-0.549999999999998));
#2114=CARTESIAN_POINT('Ctrl Pts',(-7.32981859127904,-0.782408143040583,
4.70755521865899));
#2115=CARTESIAN_POINT('Ctrl Pts',(-7.45059011757362,-0.796525108787409,
4.56980118745854));
#2116=CARTESIAN_POINT('Ctrl Pts',(-7.60331306802769,-0.813007458267297,
4.37808467320434));
#2117=CARTESIAN_POINT('Ctrl Pts',(-7.76096516704959,-0.82842390843021,4.15308368634871));
#2118=CARTESIAN_POINT('Ctrl Pts',(-7.81622021377207,-0.833657705229412,
4.07092888798129));
#2119=CARTESIAN_POINT('Ctrl Pts',(-7.92001169768565,-0.843336472861696,
3.91350452903168));
#2120=CARTESIAN_POINT('Ctrl Pts',(-8.06708450143084,-0.856110819853809,
3.67043937140582));
#2121=CARTESIAN_POINT('Ctrl Pts',(-8.21100099243761,-0.867455167103066,
3.39334414839488));
#2122=CARTESIAN_POINT('Ctrl Pts',(-8.28307027483928,-0.872881567069479,
3.24089779430097));
#2123=CARTESIAN_POINT('Ctrl Pts',(-8.39782932721155,-0.881403804072864,
2.99086422329933));
#2124=CARTESIAN_POINT('Ctrl Pts',(-8.54535066680107,-0.891556092907555,
2.61719277793811));
#2125=CARTESIAN_POINT('Ctrl Pts',(-8.67647395269162,-0.900176782138165,
2.16352808498612));
#2126=CARTESIAN_POINT('Ctrl Pts',(-8.81269259093289,-0.909219860219536,
1.60078725144913));
#2127=CARTESIAN_POINT('Ctrl Pts',(-8.94159481313993,-0.918163920101856,
0.830991892825435));
#2128=CARTESIAN_POINT('Ctrl Pts',(-8.99295187734353,-0.92497298687448,-0.0955755755080126));
#2129=CARTESIAN_POINT('Ctrl Pts',(-9.00000000000001,-0.927857032912007,
-0.549999999999998));
#2130=CARTESIAN_POINT('Ctrl Pts',(-7.33175052074884,0.790829743820666,4.70721456736864));
#2131=CARTESIAN_POINT('Ctrl Pts',(-7.4511265601612,0.805030029241459,4.57221475540232));
#2132=CARTESIAN_POINT('Ctrl Pts',(-7.60258983534394,0.821508433066922,4.38309738712941));
#2133=CARTESIAN_POINT('Ctrl Pts',(-7.75948001260889,0.836805076050552,4.15979418454372));
#2134=CARTESIAN_POINT('Ctrl Pts',(-7.81452367393474,0.841984911211138,4.07813066307345));
#2135=CARTESIAN_POINT('Ctrl Pts',(-7.91796766991978,0.851551651206947,3.92153602138379));
#2136=CARTESIAN_POINT('Ctrl Pts',(-8.06485108781699,0.864102058034833,3.67907360556606));
#2137=CARTESIAN_POINT('Ctrl Pts',(-8.20893256331544,0.875150661174847,3.40185426038754));
#2138=CARTESIAN_POINT('Ctrl Pts',(-8.28115945707523,0.880411937673775,3.24917847521713));
#2139=CARTESIAN_POINT('Ctrl Pts',(-8.39620399090929,0.888663290961588,2.99869989109739));
#2140=CARTESIAN_POINT('Ctrl Pts',(-8.54432501645186,0.898413383745421,2.62391056627343));
#2141=CARTESIAN_POINT('Ctrl Pts',(-8.67610877494079,0.906633774954656,2.16872492883746));
#2142=CARTESIAN_POINT('Ctrl Pts',(-8.81301198400181,0.915247625184991,1.60418931181496));
#2143=CARTESIAN_POINT('Ctrl Pts',(-8.94251804697977,0.923758518786773,0.832212907907457));
#2144=CARTESIAN_POINT('Ctrl Pts',(-8.99344321628685,0.930432265381899,-0.0954428140410767));
#2145=CARTESIAN_POINT('Ctrl Pts',(-9.,0.933333333333333,-0.549999999999998));
#2146=CARTESIAN_POINT('Ctrl Pts',(-7.27416702280582,2.30949574639661,4.71736809169957));
#2147=CARTESIAN_POINT('Ctrl Pts',(-7.40090800734695,2.3634873977265,4.5721019810467));
#2148=CARTESIAN_POINT('Ctrl Pts',(-7.56065933345958,2.42189205970782,4.36748900785815));
#2149=CARTESIAN_POINT('Ctrl Pts',(-7.72404593000863,2.47126602607549,4.12666972735481));
#2150=CARTESIAN_POINT('Ctrl Pts',(-7.78111578694897,2.48742983230248,4.03877621262377));
#2151=CARTESIAN_POINT('Ctrl Pts',(-7.88812949569936,2.5167711713403,3.87042092798332));
#2152=CARTESIAN_POINT('Ctrl Pts',(-8.03858886368842,2.55215970370296,3.61100232994412));
#2153=CARTESIAN_POINT('Ctrl Pts',(-8.18410472556587,2.58042854666927,3.31802575523765));
#2154=CARTESIAN_POINT('Ctrl Pts',(-8.25654657444604,2.593481851563,3.15805593960296));
#2155=CARTESIAN_POINT('Ctrl Pts',(-8.37169028086044,2.61380806364119,2.89631560881026));
#2156=CARTESIAN_POINT('Ctrl Pts',(-8.51831000987811,2.63690815015736,2.50963771897219));
#2157=CARTESIAN_POINT('Ctrl Pts',(-8.64862243525381,2.65798186215116,2.05197757618377));
#2158=CARTESIAN_POINT('Ctrl Pts',(-8.78487966759803,2.68212791049747,1.49157891850775));
#2159=CARTESIAN_POINT('Ctrl Pts',(-8.91646777881965,2.71157970148032,0.741174745992067));
#2160=CARTESIAN_POINT('Ctrl Pts',(-8.9828053317017,2.74816889155381,-0.129180667247377));
#2161=CARTESIAN_POINT('Ctrl Pts',(-9.,2.76729987876455,-0.549999999999998));
#2162=CARTESIAN_POINT('Ctrl Pts',(-6.93734460751232,4.26029415911564,4.7767589712232));
#2163=CARTESIAN_POINT('Ctrl Pts',(-7.08301043739411,4.38657973654898,4.60529614571999));
#2164=CARTESIAN_POINT('Ctrl Pts',(-7.26850572174945,4.52894105526921,4.3611793932417));
#2165=CARTESIAN_POINT('Ctrl Pts',(-7.45831044901794,4.6564428279926,4.07563607847038));
#2166=CARTESIAN_POINT('Ctrl Pts',(-7.52454431564236,4.69909027613921,3.97181769207373));
#2167=CARTESIAN_POINT('Ctrl Pts',(-7.64865988074283,4.77737207638333,3.7733808179351));
#2168=CARTESIAN_POINT('Ctrl Pts',(-7.82259239256163,4.87731286346844,3.47047773859263));
#2169=CARTESIAN_POINT('Ctrl Pts',(-7.98958882260202,4.96519919363369,3.1368628117274));
#2170=CARTESIAN_POINT('Ctrl Pts',(-8.07239658430285,5.00797944512189,2.95795512577642));
#2171=CARTESIAN_POINT('Ctrl Pts',(-8.20385295783779,5.07570067622423,2.66689707196714));
#2172=CARTESIAN_POINT('Ctrl Pts',(-8.37019675957299,5.16031516042443,2.24869179110931));
#2173=CARTESIAN_POINT('Ctrl Pts',(-8.52017907085296,5.24222058160976,1.78232327132092));
#2174=CARTESIAN_POINT('Ctrl Pts',(-8.67997108072259,5.33539381330067,1.22880051821132));
#2175=CARTESIAN_POINT('Ctrl Pts',(-8.84248543885155,5.44578788632591,0.526786479219897));
#2176=CARTESIAN_POINT('Ctrl Pts',(-8.95642416469246,5.55590081329112,-0.209005127775709));
#2177=CARTESIAN_POINT('Ctrl Pts',(-9.,5.60692751510097,-0.549999999999998));
#2178=CARTESIAN_POINT('Ctrl Pts',(-6.64554181828315,4.87924274086769,4.82821167601029));
#2179=CARTESIAN_POINT('Ctrl Pts',(-6.80223651862249,5.04041395525909,4.64210675704874));
#2180=CARTESIAN_POINT('Ctrl Pts',(-7.00478607176789,5.22705795363077,4.37545419912439));
#2181=CARTESIAN_POINT('Ctrl Pts',(-7.21458381279534,5.40009055670526,4.06400270373139));
#2182=CARTESIAN_POINT('Ctrl Pts',(-7.28803893313607,5.45866773808088,3.95091725053154));
#2183=CARTESIAN_POINT('Ctrl Pts',(-7.42589825784747,5.56684364546394,3.73493661125565));
#2184=CARTESIAN_POINT('Ctrl Pts',(-7.62037355325974,5.7090281923154,3.40644688928409));
#2185=CARTESIAN_POINT('Ctrl Pts',(-7.80856340243704,5.83904092586268,3.04864995011645));
#2186=CARTESIAN_POINT('Ctrl Pts',(-7.90223487036067,5.90339232967157,2.8583741113141));
#2187=CARTESIAN_POINT('Ctrl Pts',(-8.05110851756787,6.00573841341441,2.54965980949723));
#2188=CARTESIAN_POINT('Ctrl Pts',(-8.24069800317994,6.13682017030427,2.11205531620025));
#2189=CARTESIAN_POINT('Ctrl Pts',(-8.41404962145651,6.26419823009991,1.63906510883972));
#2190=CARTESIAN_POINT('Ctrl Pts',(-8.60048098946137,6.40773451370346,1.08738738486841));
#2191=CARTESIAN_POINT('Ctrl Pts',(-8.79446531862271,6.57388484075063,0.410055315032413));
#2192=CARTESIAN_POINT('Ctrl Pts',(-8.94106484585607,6.72432758556493,-0.252756750798029));
#2193=CARTESIAN_POINT('Ctrl Pts',(-9.,6.78994424238536,-0.549999999999998));
#2194=CARTESIAN_POINT('Ctrl Pts',(-6.57392922767122,5.02200680520883,4.84083890789361));
#2195=CARTESIAN_POINT('Ctrl Pts',(-6.73399515969703,5.19192749507543,4.65125315631665));
#2196=CARTESIAN_POINT('Ctrl Pts',(-6.94065916843574,5.38831077112012,4.37896214396966));
#2197=CARTESIAN_POINT('Ctrl Pts',(-7.15467117070837,5.56988002869342,4.06087125811344));
#2198=CARTESIAN_POINT('Ctrl Pts',(-7.22960630949495,5.63128858669571,3.9453957913678));
#2199=CARTESIAN_POINT('Ctrl Pts',(-7.37025054848297,5.74463860083497,3.72487704638819));
#2200=CARTESIAN_POINT('Ctrl Pts',(-7.56871486802043,5.89326468223891,3.38970418578898));
#2201=CARTESIAN_POINT('Ctrl Pts',(-7.76104776300677,6.02847145953766,3.0256393581504));
#2202=CARTESIAN_POINT('Ctrl Pts',(-7.85690357809602,6.09516960560149,2.8324367319911));
#2203=CARTESIAN_POINT('Ctrl Pts',(-8.00931682428212,6.20113234080704,2.51918832648699));
#2204=CARTESIAN_POINT('Ctrl Pts',(-8.20390470026707,6.33604301419722,2.07669816030972));
#2205=CARTESIAN_POINT('Ctrl Pts',(-8.3829288799807,6.46617808146679,1.60226218822482));
#2206=CARTESIAN_POINT('Ctrl Pts',(-8.57621094351051,6.61241735801766,1.05133612411838));
#2207=CARTESIAN_POINT('Ctrl Pts',(-8.77917621931123,6.78084045599863,0.380593045803727));
#2208=CARTESIAN_POINT('Ctrl Pts',(-8.93606520011994,6.93330445772671,-0.263816585654937));
#2209=CARTESIAN_POINT('Ctrl Pts',(-9.,6.99999999999999,-0.549999999999998));
#2210=CARTESIAN_POINT('Ctrl Pts',(-6.57392922767122,5.02200680520883,4.84083890789361));
#2211=CARTESIAN_POINT('Ctrl Pts',(-6.79897362403563,5.26090647984219,4.57429117669965));
#2212=CARTESIAN_POINT('Ctrl Pts',(-7.2629051741285,5.68050026266848,3.9376103584509));
#2213=CARTESIAN_POINT('Ctrl Pts',(-7.92577263606548,6.14403629828666,2.75793316345515));
#2214=CARTESIAN_POINT('Ctrl Pts',(-8.54571600224045,6.57157899740827,1.24852459086942));
#2215=CARTESIAN_POINT('Ctrl Pts',(-8.85545010437595,6.84920835456937,0.097030768071782));
#2216=CARTESIAN_POINT('Ctrl Pts',(-9.,7.,-0.549999999999998));
#2217=CARTESIAN_POINT('Ctrl Pts',(-6.57392922767122,5.02200680520883,4.8408389078936));
#2218=CARTESIAN_POINT('Ctrl Pts',(-6.79897362403563,5.26090647984219,4.57429117669964));
#2219=CARTESIAN_POINT('Ctrl Pts',(-7.02747330421387,5.46756852979631,4.260707495408));
#2220=CARTESIAN_POINT('Ctrl Pts',(-7.4653884160747,5.82209460036095,3.57725949404922));
#2221=CARTESIAN_POINT('Ctrl Pts',(-7.68780115511148,5.97760411632022,3.17999344742824));
#2222=CARTESIAN_POINT('Ctrl Pts',(-8.10245137854454,6.26588243868973,2.32776417860582));
#2223=CARTESIAN_POINT('Ctrl Pts',(-8.30708862859269,6.40744963083856,1.82679513935283));
#2224=CARTESIAN_POINT('Ctrl Pts',(-8.68722181337012,6.69841736330866,0.722450560653335));
#2225=CARTESIAN_POINT('Ctrl Pts',(-8.85898657042975,6.8528975273146,0.0812009237320551));
#2226=CARTESIAN_POINT('Ctrl Pts',(-9.,7.,-0.549999999999998));
#2227=CARTESIAN_POINT('Ctrl Pts',(-6.36992208928023,5.42870747030744,4.87681087064906));
#2228=CARTESIAN_POINT('Ctrl Pts',(-6.60846897598234,5.70265063024554,4.59632167439792));
#2229=CARTESIAN_POINT('Ctrl Pts',(-6.84961931920735,5.93796972269717,4.26349451507524));
#2230=CARTESIAN_POINT('Ctrl Pts',(-7.3122197210123,6.33872399331918,3.53991824491682));
#2231=CARTESIAN_POINT('Ctrl Pts',(-7.54747529972229,6.51250096918105,3.1204345576184));
#2232=CARTESIAN_POINT('Ctrl Pts',(-7.98955878053937,6.82880832078667,2.23306582178034));
#2233=CARTESIAN_POINT('Ctrl Pts',(-8.210313859015,6.97996658013658,1.71961441747831));
#2234=CARTESIAN_POINT('Ctrl Pts',(-8.62997923358302,7.28571461228973,0.623211941924856));
#2235=CARTESIAN_POINT('Ctrl Pts',(-8.82757292217509,7.44451730207521,0.011710047720896));
#2236=CARTESIAN_POINT('Ctrl Pts',(-9.,7.59839860068377,-0.549999999999998));
#2237=CARTESIAN_POINT('Ctrl Pts',(-5.91968746847912,6.02192332353703,4.95619938194534));
#2238=CARTESIAN_POINT('Ctrl Pts',(-6.15545406906442,6.31131240012802,4.6766850996385));
#2239=CARTESIAN_POINT('Ctrl Pts',(-6.39600779106749,6.56915786180528,4.34022199080344));
#2240=CARTESIAN_POINT('Ctrl Pts',(-6.85914914074163,7.02135596563379,3.6042233711353));
#2241=CARTESIAN_POINT('Ctrl Pts',(-7.09556497431711,7.22600691496318,3.17534724825302));
#2242=CARTESIAN_POINT('Ctrl Pts',(-7.5385276971631,7.6112119560859,2.26923494415497));
#2243=CARTESIAN_POINT('Ctrl Pts',(-7.75848766369817,7.80493285524311,1.74597952760104));
#2244=CARTESIAN_POINT('Ctrl Pts',(-8.16702311706664,8.20749290895062,0.632494362939997));
#2245=CARTESIAN_POINT('Ctrl Pts',(-8.35126919121675,8.42485672684031,0.014379263901533));
#2246=CARTESIAN_POINT('Ctrl Pts',(-8.49802957104557,8.63474533579568,-0.549999999999998));
#2247=CARTESIAN_POINT('Ctrl Pts',(-5.27712071021154,6.4272812275443,5.06950123833429));
#2248=CARTESIAN_POINT('Ctrl Pts',(-5.48038649483847,6.71349818922575,4.7960760630879));
#2249=CARTESIAN_POINT('Ctrl Pts',(-5.68863960273651,6.96967664637935,4.46720498767036));
#2250=CARTESIAN_POINT('Ctrl Pts',(-6.08857646634478,7.41732110266714,3.74449738045633));
#2251=CARTESIAN_POINT('Ctrl Pts',(-6.29200690310535,7.6186258455805,3.32164872160537));
#2252=CARTESIAN_POINT('Ctrl Pts',(-6.66986611899332,7.99632707146445,2.419477108253));
#2253=CARTESIAN_POINT('Ctrl Pts',(-6.85493861400022,8.18575318764477,1.8928538493274));
#2254=CARTESIAN_POINT('Ctrl Pts',(-7.19171535980851,8.58000840505137,0.744424344926642));
#2255=CARTESIAN_POINT('Ctrl Pts',(-7.33770276870377,8.79361409516198,0.086558632855927));
#2256=CARTESIAN_POINT('Ctrl Pts',(-7.44879895051283,9.,-0.549999999999998));
#2257=CARTESIAN_POINT('Ctrl Pts',(-4.96479203395093,6.57155646095051,5.12457321080799));
#2258=CARTESIAN_POINT('Ctrl Pts',(-5.15094248066102,6.86148997869553,4.84928492119229));
#2259=CARTESIAN_POINT('Ctrl Pts',(-5.3428591535688,7.11808769403458,4.52005236394417));
#2260=CARTESIAN_POINT('Ctrl Pts',(-5.71277481204667,7.56026773830352,3.7974292670286));
#2261=CARTESIAN_POINT('Ctrl Pts',(-5.90173717551075,7.75499398504173,3.3750551362452));
#2262=CARTESIAN_POINT('Ctrl Pts',(-6.25410591848742,8.11258615099539,2.47165525152957));
#2263=CARTESIAN_POINT('Ctrl Pts',(-6.42768843374759,8.28644014481782,1.94281390505357));
#2264=CARTESIAN_POINT('Ctrl Pts',(-6.74683342506568,8.6397005552727,0.781241022557848));
#2265=CARTESIAN_POINT('Ctrl Pts',(-6.88796181622549,8.82488541813365,0.109875262152896));
#2266=CARTESIAN_POINT('Ctrl Pts',(-7.,9.,-0.549999999999998));
#2267=CARTESIAN_POINT('Ctrl Pts',(-4.96479203395093,6.57155646095051,5.12457321080799));
#2268=CARTESIAN_POINT('Ctrl Pts',(-5.15646173470174,6.87008634130241,4.84112278120457));
#2269=CARTESIAN_POINT('Ctrl Pts',(-5.55422235119413,7.3993059600786,4.15597827714871));
#2270=CARTESIAN_POINT('Ctrl Pts',(-6.12109076889192,7.97950655526586,2.88213142443364));
#2271=CARTESIAN_POINT('Ctrl Pts',(-6.63828888314284,8.49727133925816,1.29760125544193));
#2272=CARTESIAN_POINT('Ctrl Pts',(-6.88796181622549,8.82488541813365,0.109875262152896));
#2273=CARTESIAN_POINT('Ctrl Pts',(-7.,9.,-0.549999999999998));
#2274=CARTESIAN_POINT('Ctrl Pts',(-4.96479203395093,6.57155646095051,5.12457321080799));
#2275=CARTESIAN_POINT('Ctrl Pts',(-5.0971941076352,6.77777567588369,4.92877061645333));
#2276=CARTESIAN_POINT('Ctrl Pts',(-5.28661289297246,7.04308197909873,4.61675415061832));
#2277=CARTESIAN_POINT('Ctrl Pts',(-5.47170293435371,7.27222250798555,4.26856520191471));
#2278=CARTESIAN_POINT('Ctrl Pts',(-5.5345753226136,7.34722830580748,4.14549064549949));
#2279=CARTESIAN_POINT('Ctrl Pts',(-5.72778556545249,7.57633627346402,3.76490211215329));
#2280=CARTESIAN_POINT('Ctrl Pts',(-5.91094893557661,7.76437256815809,3.35254320136014));
#2281=CARTESIAN_POINT('Ctrl Pts',(-6.07120963260877,7.92697736669629,2.94051612177456));
#2282=CARTESIAN_POINT('Ctrl Pts',(-6.18100795207105,8.03836013230069,2.6574439699547));
#2283=CARTESIAN_POINT('Ctrl Pts',(-6.35611393337257,8.21476990350732,2.16146467164163));
#2284=CARTESIAN_POINT('Ctrl Pts',(-6.50983760342193,8.37725434142861,1.64445424327745));
#2285=CARTESIAN_POINT('Ctrl Pts',(-6.58941447219175,8.46549519190333,1.35396563905088));
#2286=CARTESIAN_POINT('Ctrl Pts',(-6.68533280657179,8.57349014593362,0.994931705096561));
#2287=CARTESIAN_POINT('Ctrl Pts',(-6.83706687106914,8.7595341666235,0.345523829220503));
#2288=CARTESIAN_POINT('Ctrl Pts',(-6.94920243497105,8.9206039043102,-0.250815780737159));
#2289=CARTESIAN_POINT('Ctrl Pts',(-7.,9.,-0.549999999999999));
#2290=CARTESIAN_POINT('Ctrl Pts',(-4.89131796224415,6.60549663247659,5.13752867203241));
#2291=CARTESIAN_POINT('Ctrl Pts',(-5.02085626398709,6.81233770886673,4.94141433772378));
#2292=CARTESIAN_POINT('Ctrl Pts',(-5.20639430819901,7.0779699164326,4.62920949882967));
#2293=CARTESIAN_POINT('Ctrl Pts',(-5.38789881054354,7.30669133121156,4.28100386642356));
#2294=CARTESIAN_POINT('Ctrl Pts',(-5.44957182538446,7.38147438360573,4.15793317420754));
#2295=CARTESIAN_POINT('Ctrl Pts',(-5.63910542826459,7.60985812002475,3.77736104018388));
#2296=CARTESIAN_POINT('Ctrl Pts',(-5.81897947003806,7.79634653389921,3.36510429721867));
#2297=CARTESIAN_POINT('Ctrl Pts',(-5.97651633713185,7.95678149820544,2.95294058517798));
#2298=CARTESIAN_POINT('Ctrl Pts',(-6.0844508422444,8.06666520983425,2.66977127959626));
#2299=CARTESIAN_POINT('Ctrl Pts',(-6.25671780621985,8.23997599469435,2.17343540152931));
#2300=CARTESIAN_POINT('Ctrl Pts',(-6.40825827049705,8.39846790671746,1.65541853996333));
#2301=CARTESIAN_POINT('Ctrl Pts',(-6.48680466812502,8.48429095376741,1.3641491495183));
#2302=CARTESIAN_POINT('Ctrl Pts',(-6.58151988753569,8.58923507660517,1.00407211857711));
#2303=CARTESIAN_POINT('Ctrl Pts',(-6.73173685685069,8.76919736333702,0.352003260067029));
#2304=CARTESIAN_POINT('Ctrl Pts',(-6.84352380380567,8.92393928444056,-0.24832884335576));
#2305=CARTESIAN_POINT('Ctrl Pts',(-6.89442184218655,9.,-0.549999999999999));
#2306=CARTESIAN_POINT('Ctrl Pts',(-4.48185427583801,6.80495282840145,5.20972816756616));
#2307=CARTESIAN_POINT('Ctrl Pts',(-4.59452849595673,7.01551331473501,5.01040283581488));
#2308=CARTESIAN_POINT('Ctrl Pts',(-4.75342466291121,7.28212599729423,4.6963087923113));
#2309=CARTESIAN_POINT('Ctrl Pts',(-4.90621702588172,7.50667014309112,4.3479714076861));
#2310=CARTESIAN_POINT('Ctrl Pts',(-4.95787640650277,7.57953311436742,4.22495875777018));
#2311=CARTESIAN_POINT('Ctrl Pts',(-5.11650948497445,7.80176993487835,3.84461399864177));
#2312=CARTESIAN_POINT('Ctrl Pts',(-5.26435983209386,7.97709241022605,3.43356508464574));
#2313=CARTESIAN_POINT('Ctrl Pts',(-5.39256185039103,8.12291969467067,3.02119527385865));
#2314=CARTESIAN_POINT('Ctrl Pts',(-5.48037867158452,8.22272155096276,2.73786481981164));
#2315=CARTESIAN_POINT('Ctrl Pts',(-5.61944149582566,8.37575556178976,2.24013692402992));
#2316=CARTESIAN_POINT('Ctrl Pts',(-5.74133788154115,8.51011817888503,1.71701612915149));
#2317=CARTESIAN_POINT('Ctrl Pts',(-5.80471571715287,8.58183707805283,1.42159305013348));
#2318=CARTESIAN_POINT('Ctrl Pts',(-5.88122057524581,8.66915506056623,1.05591546286892));
#2319=CARTESIAN_POINT('Ctrl Pts',(-6.00365589888375,8.81578004202435,0.389110420391187));
#2320=CARTESIAN_POINT('Ctrl Pts',(-6.09906569608391,8.93940765416687,-0.234047832364799));
#2321=CARTESIAN_POINT('Ctrl Pts',(-6.14438115812234,9.,-0.55));
#2322=CARTESIAN_POINT('Ctrl Pts',(-2.74780748292275,7.21103057989216,5.51548740296811));
#2323=CARTESIAN_POINT('Ctrl Pts',(-2.80509438585896,7.43366996908429,5.30247524136514));
#2324=CARTESIAN_POINT('Ctrl Pts',(-2.87996769976505,7.7082499112442,4.97732458633194));
#2325=CARTESIAN_POINT('Ctrl Pts',(-2.94577671629511,7.92961591673329,4.6227392269089));
#2326=CARTESIAN_POINT('Ctrl Pts',(-2.9674279999435,8.00041008386217,4.49780700525481));
#2327=CARTESIAN_POINT('Ctrl Pts',(-3.03361820343536,8.21580487080099,4.11165723800665));
#2328=CARTESIAN_POINT('Ctrl Pts',(-3.08899718650037,8.37405542361089,3.6969488076108));
#2329=CARTESIAN_POINT('Ctrl Pts',(-3.1336703196445,8.4932582283511,3.27646908917122));
#2330=CARTESIAN_POINT('Ctrl Pts',(-3.16422015478272,8.57464010507819,2.98750541113711));
#2331=CARTESIAN_POINT('Ctrl Pts',(-3.20971195861652,8.6881180950032,2.47641558405519));
#2332=CARTESIAN_POINT('Ctrl Pts',(-3.24701852299639,8.77196797939921,1.92913656397002));
#2333=CARTESIAN_POINT('Ctrl Pts',(-3.26625933612976,8.81315115505515,1.61655739258133));
#2334=CARTESIAN_POINT('Ctrl Pts',(-3.28943250656823,8.86195607358797,1.22837538546552));
#2335=CARTESIAN_POINT('Ctrl Pts',(-3.32658353368736,8.93263005216466,0.50815584356815));
#2336=CARTESIAN_POINT('Ctrl Pts',(-3.35977652219149,8.97963604430955,-0.189317156305623));
#2337=CARTESIAN_POINT('Ctrl Pts',(-3.37774161416515,8.99999999999999,-0.549999999999999));
#2338=CARTESIAN_POINT('Ctrl Pts',(-0.75775853946764,7.25659399562624,5.86638672462962));
#2339=CARTESIAN_POINT('Ctrl Pts',(-0.771680777538912,7.48793800378046,5.64002752417538));
#2340=CARTESIAN_POINT('Ctrl Pts',(-0.790791506218108,7.77377138276557,5.29868619195742));
#2341=CARTESIAN_POINT('Ctrl Pts',(-0.808790125742707,8.00441635966741,4.92853563472601));
#2342=CARTESIAN_POINT('Ctrl Pts',(-0.814849916911215,8.07824933655858,4.79818771754948));
#2343=CARTESIAN_POINT('Ctrl Pts',(-0.833445674319632,8.3029282262443,4.3953284230649));
#2344=CARTESIAN_POINT('Ctrl Pts',(-0.850509906488061,8.46868905432707,3.96324752015598));
#2345=CARTESIAN_POINT('Ctrl Pts',(-0.865063853294787,8.59048769728063,3.52304204758761));
#2346=CARTESIAN_POINT('Ctrl Pts',(-0.875029398125188,8.67358652032788,3.22049377865679));
#2347=CARTESIAN_POINT('Ctrl Pts',(-0.890598067107806,8.78630218746875,2.6837553516634));
#2348=CARTESIAN_POINT('Ctrl Pts',(-0.903339384161473,8.86242713256901,2.10528430127773));
#2349=CARTESIAN_POINT('Ctrl Pts',(-0.909608439621186,8.89719345264983,1.77369132999187));
#2350=CARTESIAN_POINT('Ctrl Pts',(-0.917036868888021,8.93731697353736,1.36146951819736));
#2351=CARTESIAN_POINT('Ctrl Pts',(-0.927473416416177,8.98541793899918,0.592596576521685));
#2352=CARTESIAN_POINT('Ctrl Pts',(-0.932233352877813,8.99978785343093,-0.159308631719513));
#2353=CARTESIAN_POINT('Ctrl Pts',(-0.933333333333334,9.,-0.55));
#2354=CARTESIAN_POINT('Ctrl Pts',(0.749240356878602,7.24103269516357,6.13211128995334));
#2355=CARTESIAN_POINT('Ctrl Pts',(0.762961391243826,7.47694939658681,5.89454476633489));
#2356=CARTESIAN_POINT('Ctrl Pts',(0.781670977076494,7.76798930113319,5.5366573534663));
#2357=CARTESIAN_POINT('Ctrl Pts',(0.799154697917349,8.00232245064594,5.14912943332482));
#2358=CARTESIAN_POINT('Ctrl Pts',(0.805027488655227,8.07727359467359,5.01271921734948));
#2359=CARTESIAN_POINT('Ctrl Pts',(0.823042633189704,8.30532250954181,4.59115075579538));
#2360=CARTESIAN_POINT('Ctrl Pts',(0.839429637544889,8.4728623776594,4.13959342150293));
#2361=CARTESIAN_POINT('Ctrl Pts',(0.853330476798759,8.59538345812783,3.6802006185147));
#2362=CARTESIAN_POINT('Ctrl Pts',(0.862847655890475,8.67896465768082,3.36447374772888));
#2363=CARTESIAN_POINT('Ctrl Pts',(0.877649702202321,8.79173386979096,2.80484541373008));
#2364=CARTESIAN_POINT('Ctrl Pts',(0.889702473914047,8.86704448548902,2.20284302459338));
#2365=CARTESIAN_POINT('Ctrl Pts',(0.895626729870974,8.9012391396641,1.85810520247528));
#2366=CARTESIAN_POINT('Ctrl Pts',(0.902644295431689,8.94061641091497,1.42966422412066));
#2367=CARTESIAN_POINT('Ctrl Pts',(0.912493064946364,8.98708995827615,0.631724654613117));
#2368=CARTESIAN_POINT('Ctrl Pts',(0.917049129809305,9.0001999025043,-0.146344520625969));
#2369=CARTESIAN_POINT('Ctrl Pts',(0.918156409163973,9.,-0.55));
#2370=CARTESIAN_POINT('Ctrl Pts',(2.1780070711221,7.16717306782627,6.38404141081265));
#2371=CARTESIAN_POINT('Ctrl Pts',(2.22954122509181,7.40521752402608,6.13716336026181));
#2372=CARTESIAN_POINT('Ctrl Pts',(2.2976279024355,7.69759239037729,5.7606193470797));
#2373=CARTESIAN_POINT('Ctrl Pts',(2.35814590252913,7.93170877033195,5.35068481242096));
#2374=CARTESIAN_POINT('Ctrl Pts',(2.37811786132813,8.00639599197879,5.20633295520231));
#2375=CARTESIAN_POINT('Ctrl Pts',(2.43920606843815,8.23354228367082,4.76019679499487));
#2376=CARTESIAN_POINT('Ctrl Pts',(2.49098466682298,8.39839311054557,4.28188931341941));
#2377=CARTESIAN_POINT('Ctrl Pts',(2.53272275955165,8.52069915622851,3.79821149789151));
#2378=CARTESIAN_POINT('Ctrl Pts',(2.56126523949778,8.60416573466823,3.46583302039379));
#2379=CARTESIAN_POINT('Ctrl Pts',(2.60375543969803,8.71861282722612,2.87888760275301));
#2380=CARTESIAN_POINT('Ctrl Pts',(2.63799461862437,8.79995772851248,2.25332348457));
#2381=CARTESIAN_POINT('Ctrl Pts',(2.65536486643575,8.83902074561898,1.89699238693288));
#2382=CARTESIAN_POINT('Ctrl Pts',(2.67617409846798,8.88494546411284,1.45481700549647));
#2383=CARTESIAN_POINT('Ctrl Pts',(2.70841944975543,8.94813988924407,0.637817031792103));
#2384=CARTESIAN_POINT('Ctrl Pts',(2.73506903792414,8.98530759517418,-0.14649483812755));
#2385=CARTESIAN_POINT('Ctrl Pts',(2.74896970900212,9.,-0.55));
#2386=CARTESIAN_POINT('Ctrl Pts',(3.987777119868,6.79283958549837,6.70315269928463));
#2387=CARTESIAN_POINT('Ctrl Pts',(4.10738779102006,7.03303891464656,6.44312668918223));
#2388=CARTESIAN_POINT('Ctrl Pts',(4.27366955586106,7.33122573962444,6.03787390486003));
#2389=CARTESIAN_POINT('Ctrl Pts',(4.43042159925294,7.5747513292013,5.59311466636639));
#2390=CARTESIAN_POINT('Ctrl Pts',(4.48307432071344,7.65291678946682,5.43647086462047));
#2391=CARTESIAN_POINT('Ctrl Pts',(4.64458930994532,7.89089510831519,4.95233395119332));
#2392=CARTESIAN_POINT('Ctrl Pts',(4.79148076236994,8.06934847928447,4.43321707498617));
#2393=CARTESIAN_POINT('Ctrl Pts',(4.9156151987912,8.21238331139478,3.914320024211));
#2394=CARTESIAN_POINT('Ctrl Pts',(5.00059763822528,8.31018574862683,3.55781952567443));
#2395=CARTESIAN_POINT('Ctrl Pts',(5.13243361164478,8.45512381034058,2.93283095693816));
#2396=CARTESIAN_POINT('Ctrl Pts',(5.24418551344956,8.5764577706394,2.27796836010668));
#2397=CARTESIAN_POINT('Ctrl Pts',(5.30148225383829,8.64027841878536,1.90854792415941));
#2398=CARTESIAN_POINT('Ctrl Pts',(5.37034682571049,8.71761561706955,1.45141206508102));
#2399=CARTESIAN_POINT('Ctrl Pts',(5.47811893700375,8.84448715943578,0.61909996806166));
#2400=CARTESIAN_POINT('Ctrl Pts',(5.5610221213478,8.94900057204945,-0.156978905065081));
#2401=CARTESIAN_POINT('Ctrl Pts',(5.60085432919112,8.99999999999999,-0.549999999999999));
#2402=CARTESIAN_POINT('Ctrl Pts',(4.55520413425564,6.48153645854653,6.80320539150402));
#2403=CARTESIAN_POINT('Ctrl Pts',(4.70727194266395,6.72273170463752,6.5381559341527));
#2404=CARTESIAN_POINT('Ctrl Pts',(4.9242329026347,7.0268335843244,6.12142014701036));
#2405=CARTESIAN_POINT('Ctrl Pts',(5.13476526122348,7.28148390946213,5.66275683245946));
#2406=CARTESIAN_POINT('Ctrl Pts',(5.20608408103416,7.36392233998616,5.50122912726414));
#2407=CARTESIAN_POINT('Ctrl Pts',(5.425157091616,7.61527698820319,5.00200504513676));
#2408=CARTESIAN_POINT('Ctrl Pts',(5.63078080222452,7.81178816316124,4.46694633838775));
#2409=CARTESIAN_POINT('Ctrl Pts',(5.80797727756211,7.97708500931206,3.93496544112265));
#2410=CARTESIAN_POINT('Ctrl Pts',(5.92933912856244,8.09023763774356,3.56951415108344));
#2411=CARTESIAN_POINT('Ctrl Pts',(6.12063658309681,8.26522947340975,2.93100510653316));
#2412=CARTESIAN_POINT('Ctrl Pts',(6.28501230441057,8.42125033757728,2.26722155019366));
#2413=CARTESIAN_POINT('Ctrl Pts',(6.36921904312845,8.505200009452,1.89444495614876));
#2414=CARTESIAN_POINT('Ctrl Pts',(6.47038765468896,8.6076374906499,1.43375876649586));
#2415=CARTESIAN_POINT('Ctrl Pts',(6.6275865208512,8.78136196690064,0.600777639764681));
#2416=CARTESIAN_POINT('Ctrl Pts',(6.74110150732848,8.92827760654498,-0.165134254723057));
#2417=CARTESIAN_POINT('Ctrl Pts',(6.79227729514826,9.,-0.549999999999999));
#2418=CARTESIAN_POINT('Ctrl Pts',(4.68144558284835,6.40861285643882,6.82546516497463));
#2419=CARTESIAN_POINT('Ctrl Pts',(4.84127063806332,6.65081811006344,6.55962251303207));
#2420=CARTESIAN_POINT('Ctrl Pts',(5.06863354443131,6.95679720591947,6.14092416324505));
#2421=CARTESIAN_POINT('Ctrl Pts',(5.28864274009019,7.21401942845194,5.67955372113683));
#2422=CARTESIAN_POINT('Ctrl Pts',(5.36311723953239,7.29742070644971,5.51703548886472));
#2423=CARTESIAN_POINT('Ctrl Pts',(5.59185670495686,7.5517785131657,5.01473271968254));
#2424=CARTESIAN_POINT('Ctrl Pts',(5.80597390854355,7.75210614266018,4.47602461614717));
#2425=CARTESIAN_POINT('Ctrl Pts',(5.99008654385904,7.92191259364148,3.94076381926843));
#2426=CARTESIAN_POINT('Ctrl Pts',(6.11617898520796,8.03817280095652,3.57306425107766));
#2427=CARTESIAN_POINT('Ctrl Pts',(6.31457526104483,8.21914146902705,2.93090471293352));
#2428=CARTESIAN_POINT('Ctrl Pts',(6.4842359065743,8.38245635474287,2.26452005017517));
#2429=CARTESIAN_POINT('Ctrl Pts',(6.5708867180666,8.47079093840503,1.89071233092078));
#2430=CARTESIAN_POINT('Ctrl Pts',(6.67488742938872,8.57875127699712,1.4289079525483));
#2431=CARTESIAN_POINT('Ctrl Pts',(6.83545373308549,8.76343678877039,0.595471788884586));
#2432=CARTESIAN_POINT('Ctrl Pts',(6.94934053082702,8.92200343318668,-0.167599813679263));
#2433=CARTESIAN_POINT('Ctrl Pts',(7.,9.,-0.549999999999999));
#2434=CARTESIAN_POINT('Ctrl Pts',(4.68144558284835,6.40861285643882,6.82546516497463));
#2435=CARTESIAN_POINT('Ctrl Pts',(4.90988722919931,6.7548024248919,6.44549011664206));
#2436=CARTESIAN_POINT('Ctrl Pts',(5.38136217603534,7.35472487667888,5.54093232280537));
#2437=CARTESIAN_POINT('Ctrl Pts',(6.04227312653963,7.97343849769494,3.88889965069158));
#2438=CARTESIAN_POINT('Ctrl Pts',(6.62616217107478,8.49991853796777,1.83723701337623));
#2439=CARTESIAN_POINT('Ctrl Pts',(6.88687214020812,8.82582555998412,0.303939359584841));
#2440=CARTESIAN_POINT('Ctrl Pts',(7.,9.,-0.549999999999999));
#2441=CARTESIAN_POINT('Ctrl Pts',(4.68144558284835,6.40861285643882,6.82546516497463));
#2442=CARTESIAN_POINT('Ctrl Pts',(4.90273249841397,6.74395986092626,6.45739083273036));
#2443=CARTESIAN_POINT('Ctrl Pts',(5.1296805676583,7.03447573389726,6.0238011622858));
#2444=CARTESIAN_POINT('Ctrl Pts',(5.56340491081411,7.52325209037155,5.08262270748055));
#2445=CARTESIAN_POINT('Ctrl Pts',(5.78393138869972,7.73159116265449,4.53465834353293));
#2446=CARTESIAN_POINT('Ctrl Pts',(6.18932726026999,8.10587288167368,3.36744254663101));
#2447=CARTESIAN_POINT('Ctrl Pts',(6.38577106139025,8.28316310764675,2.68192054134888));
#2448=CARTESIAN_POINT('Ctrl Pts',(6.73850164586665,8.64035131008617,1.17654170625344));
#2449=CARTESIAN_POINT('Ctrl Pts',(6.88687214020813,8.82582555998412,0.303939359584841));
#2450=CARTESIAN_POINT('Ctrl Pts',(7.,9.,-0.549999999999998));
#2451=CARTESIAN_POINT('Ctrl Pts',(5.04511649807203,6.19853769162129,6.88959015942751));
#2452=CARTESIAN_POINT('Ctrl Pts',(5.29734375363024,6.53791318421338,6.51835211318199));
#2453=CARTESIAN_POINT('Ctrl Pts',(5.55349770979705,6.83431719715763,6.07819058485585));
#2454=CARTESIAN_POINT('Ctrl Pts',(6.0402904764338,7.33902532028324,5.12057245735538));
#2455=CARTESIAN_POINT('Ctrl Pts',(6.28615043666052,7.55837401600965,4.56191094854358));
#2456=CARTESIAN_POINT('Ctrl Pts',(6.7355922859192,7.96070237519663,3.3739548970214));
#2457=CARTESIAN_POINT('Ctrl Pts',(6.95152319461705,8.15747160535062,2.67770228986584));
#2458=CARTESIAN_POINT('Ctrl Pts',(7.33327238384094,8.56515578268238,1.15981489462293));
#2459=CARTESIAN_POINT('Ctrl Pts',(7.48859223392812,8.78546361829144,0.288078346325044));
#2460=CARTESIAN_POINT('Ctrl Pts',(7.59839860068377,9.,-0.549999999999998));
#2461=CARTESIAN_POINT('Ctrl Pts',(5.57799977440877,5.74205291405392,6.983551858614));
#2462=CARTESIAN_POINT('Ctrl Pts',(5.86985266672857,6.09915491327013,6.57986188245693));
#2463=CARTESIAN_POINT('Ctrl Pts',(6.16416745656568,6.40471290169129,6.10412808182281));
#2464=CARTESIAN_POINT('Ctrl Pts',(6.72404656482008,6.91915484302565,5.07905415165417));
#2465=CARTESIAN_POINT('Ctrl Pts',(7.00738756829792,7.13910047072184,4.48625159382036));
#2466=CARTESIAN_POINT('Ctrl Pts',(7.53080403523338,7.53552597297687,3.24409657469889));
#2467=CARTESIAN_POINT('Ctrl Pts',(7.78686891026015,7.72363155539778,2.52801592747397));
#2468=CARTESIAN_POINT('Ctrl Pts',(8.25758087386294,8.10496797399285,1.01785892580785));
#2469=CARTESIAN_POINT('Ctrl Pts',(8.46555486717761,8.30434437880369,0.187803991073782));
#2470=CARTESIAN_POINT('Ctrl Pts',(8.63470970097868,8.49799987187439,-0.549999999999998));
#2471=CARTESIAN_POINT('Ctrl Pts',(5.94721492011131,5.10522669775011,7.04865445048756));
#2472=CARTESIAN_POINT('Ctrl Pts',(6.24063900597298,5.43117270032674,6.64400730068964));
#2473=CARTESIAN_POINT('Ctrl Pts',(6.53516519718472,5.70377807149415,6.17303141689539));
#2474=CARTESIAN_POINT('Ctrl Pts',(7.09346204983265,6.15476664587294,5.16160129301816));
#2475=CARTESIAN_POINT('Ctrl Pts',(7.37488142493461,6.34235856614429,4.57820374713852));
#2476=CARTESIAN_POINT('Ctrl Pts',(7.89323725216947,6.67541939160972,3.34828943588316));
#2477=CARTESIAN_POINT('Ctrl Pts',(8.14600140638072,6.82931470778487,2.63386862896626));
#2478=CARTESIAN_POINT('Ctrl Pts',(8.61329449157525,7.13777098159529,1.10339091780729));
#2479=CARTESIAN_POINT('Ctrl Pts',(8.82236425332267,7.29602724395692,0.243965616402296));
#2480=CARTESIAN_POINT('Ctrl Pts',(9.,7.44879895051283,-0.549999999999998));
#2481=CARTESIAN_POINT('Ctrl Pts',(6.07965654021607,4.79781282963747,7.07200748148077));
#2482=CARTESIAN_POINT('Ctrl Pts',(6.36502255649018,5.09212019317757,6.6835619701832));
#2483=CARTESIAN_POINT('Ctrl Pts',(6.65277040992266,5.3395135609144,6.23337822562877));
#2484=CARTESIAN_POINT('Ctrl Pts',(7.19843968690157,5.75130857973264,5.26314581555137));
#2485=CARTESIAN_POINT('Ctrl Pts',(7.47358768006069,5.92440905796929,4.70146023215214));
#2486=CARTESIAN_POINT('Ctrl Pts',(7.97758284434691,6.23733762627425,3.50238904872681));
#2487=CARTESIAN_POINT('Ctrl Pts',(8.2211711360911,6.3861820337628,2.79579365469457));
#2488=CARTESIAN_POINT('Ctrl Pts',(8.66187033898925,6.68962292233074,1.24036767962549));
#2489=CARTESIAN_POINT('Ctrl Pts',(8.85078833625306,6.84911793931964,0.335799795258517));
#2490=CARTESIAN_POINT('Ctrl Pts',(9.,7.,-0.549999999999998));
#2491=CARTESIAN_POINT('Ctrl Pts',(6.07965654021606,4.79781282963747,7.07200748148077));
#2492=CARTESIAN_POINT('Ctrl Pts',(6.36502255649018,5.09212019317757,6.6835619701832));
#2493=CARTESIAN_POINT('Ctrl Pts',(6.94956354276278,5.59468367523015,5.7690430714089));
#2494=CARTESIAN_POINT('Ctrl Pts',(7.76906971753149,6.11042244483584,4.10321074984021));
#2495=CARTESIAN_POINT('Ctrl Pts',(8.50760217868125,6.55994321475815,1.97516089316019));
#2496=CARTESIAN_POINT('Ctrl Pts',(8.84675374122448,6.84503817774715,0.359751297175424));
#2497=CARTESIAN_POINT('Ctrl Pts',(9.,7.,-0.549999999999998));
#2498=CARTESIAN_POINT('Ctrl Pts',(6.07965654021607,4.79781282963747,7.07200748148077));
#2499=CARTESIAN_POINT('Ctrl Pts',(6.34423880395048,5.07068522522205,6.71185319941706));
#2500=CARTESIAN_POINT('Ctrl Pts',(6.62345737310269,5.31431145841048,6.2792386986869));
#2501=CARTESIAN_POINT('Ctrl Pts',(7.1451446338234,5.71394830973323,5.36371773674033));
#2502=CARTESIAN_POINT('Ctrl Pts',(7.4294368697216,5.89668174044568,4.79359160695552));
#2503=CARTESIAN_POINT('Ctrl Pts',(7.92879607443065,6.2073641887471,3.63152516249254));
#2504=CARTESIAN_POINT('Ctrl Pts',(8.18862682951747,6.36579325915686,2.89427478697018));
#2505=CARTESIAN_POINT('Ctrl Pts',(8.64595520798853,6.67624446802084,1.3161728893881));
#2506=CARTESIAN_POINT('Ctrl Pts',(8.84675374122448,6.84503817774715,0.359751297175423));
#2507=CARTESIAN_POINT('Ctrl Pts',(9.,7.,-0.549999999999998));
#2508=CARTESIAN_POINT('Ctrl Pts',(6.14170620494819,4.65378765510919,7.08294851151696));
#2509=CARTESIAN_POINT('Ctrl Pts',(6.40278817532765,4.91291674446189,6.72983195566869));
#2510=CARTESIAN_POINT('Ctrl Pts',(6.67887960459039,5.14485472121413,6.30651918209819));
#2511=CARTESIAN_POINT('Ctrl Pts',(7.19489979256341,5.52651801965364,5.40936546944802));
#2512=CARTESIAN_POINT('Ctrl Pts',(7.47616862055596,5.70192407341614,4.84975492905336));
#2513=CARTESIAN_POINT('Ctrl Pts',(7.96906707622207,6.00280278134526,3.70264398688792));
#2514=CARTESIAN_POINT('Ctrl Pts',(8.22448753746147,6.15847077114784,2.9699174030119));
#2515=CARTESIAN_POINT('Ctrl Pts',(8.66949499580907,6.46623249176622,1.38206774563541));
#2516=CARTESIAN_POINT('Ctrl Pts',(8.86043066807366,6.63568252297094,0.403939507206564));
#2517=CARTESIAN_POINT('Ctrl Pts',(9.,6.78973509694743,-0.549999999999998));
#2518=CARTESIAN_POINT('Ctrl Pts',(6.57107260592643,3.65559252074651,7.15865739261911));
#2519=CARTESIAN_POINT('Ctrl Pts',(6.81049509222849,3.82394367075284,6.85533193201454));
#2520=CARTESIAN_POINT('Ctrl Pts',(7.0580696958525,3.96669621289618,6.49267396198189));
#2521=CARTESIAN_POINT('Ctrl Pts',(7.51659378237246,4.18818695703677,5.71098396297529));
#2522=CARTESIAN_POINT('Ctrl Pts',(7.76426116903985,4.28022606821122,5.21535915252124));
#2523=CARTESIAN_POINT('Ctrl Pts',(8.19642661095827,4.42699081434713,4.16020512830403));
#2524=CARTESIAN_POINT('Ctrl Pts',(8.41899768461248,4.49486515043021,3.45644116084266));
#2525=CARTESIAN_POINT('Ctrl Pts',(8.79083783067432,4.63451767625881,1.80832646626221));
#2526=CARTESIAN_POINT('Ctrl Pts',(8.93232439380094,4.71757490240516,0.688449074174037));
#2527=CARTESIAN_POINT('Ctrl Pts',(9.,4.81793597875448,-0.549999999999998));
#2528=CARTESIAN_POINT('Ctrl Pts',(6.74059980426768,1.13290816141532,7.18854961165059));
#2529=CARTESIAN_POINT('Ctrl Pts',(6.95644273432854,1.17077216942043,6.94161441762321));
#2530=CARTESIAN_POINT('Ctrl Pts',(7.18132371007621,1.20486750134267,6.65022767990264));
#2531=CARTESIAN_POINT('Ctrl Pts',(7.60747968873323,1.26119097010319,6.00543518455954));
#2532=CARTESIAN_POINT('Ctrl Pts',(7.84531264341513,1.28722539413724,5.58821798377954));
#2533=CARTESIAN_POINT('Ctrl Pts',(8.27371558714295,1.32810910795051,4.65077190739309));
#2534=CARTESIAN_POINT('Ctrl Pts',(8.50526030417591,1.34581589697781,3.98980441819522));
#2535=CARTESIAN_POINT('Ctrl Pts',(8.88163437072523,1.37521299200932,2.29143571231028));
#2536=CARTESIAN_POINT('Ctrl Pts',(9.00927210029722,1.38687821688176,1.01741587356772));
#2537=CARTESIAN_POINT('Ctrl Pts',(9.,1.4,-0.549999999999998));
#2538=CARTESIAN_POINT('Ctrl Pts',(6.74072355810797,-1.1241324436599,7.1885714327916));
#2539=CARTESIAN_POINT('Ctrl Pts',(6.95998898575403,-1.16169918208141,6.93521978672992));
#2540=CARTESIAN_POINT('Ctrl Pts',(7.18695001303181,-1.19552252581298,6.6393858773432));
#2541=CARTESIAN_POINT('Ctrl Pts',(7.61488521053418,-1.25138937387979,5.98961804626963));
#2542=CARTESIAN_POINT('Ctrl Pts',(7.85234475228827,-1.27720743050012,5.57183644631385));
#2543=CARTESIAN_POINT('Ctrl Pts',(8.27862249987022,-1.31774409449045,4.63614136315517));
#2544=CARTESIAN_POINT('Ctrl Pts',(8.50796904568955,-1.33529446146419,3.97819047732734));
#2545=CARTESIAN_POINT('Ctrl Pts',(8.88063656691103,-1.36442969909601,2.28663800861696));
#2546=CARTESIAN_POINT('Ctrl Pts',(9.00698010741558,-1.37598986322462,1.01681488583151));
#2547=CARTESIAN_POINT('Ctrl Pts',(9.,-1.38900862748117,-0.549999999999998));
#2548=CARTESIAN_POINT('Ctrl Pts',(6.57222503731523,-3.65367044259163,7.15886059736637));
#2549=CARTESIAN_POINT('Ctrl Pts',(6.82246827190974,-3.78481384519562,6.83586170959659));
#2550=CARTESIAN_POINT('Ctrl Pts',(7.07280212092956,-3.90722602973128,6.46584232240799));
#2551=CARTESIAN_POINT('Ctrl Pts',(7.53107494472739,-4.11870689626928,5.68118470381309));
#2552=CARTESIAN_POINT('Ctrl Pts',(7.77545025391016,-4.22319385098206,5.19002990238763));
#2553=CARTESIAN_POINT('Ctrl Pts',(8.19903450827006,-4.39696293916006,4.14343215655119));
#2554=CARTESIAN_POINT('Ctrl Pts',(8.41597804729072,-4.4809416942437,3.44415130678388));
#2555=CARTESIAN_POINT('Ctrl Pts',(8.78173267476344,-4.63827418648325,1.8036681011578));
#2556=CARTESIAN_POINT('Ctrl Pts',(8.92499762262131,-4.7182557272064,0.686533015378421));
#2557=CARTESIAN_POINT('Ctrl Pts',(9.,-4.813084575515,-0.549999999999998));
#2558=CARTESIAN_POINT('Ctrl Pts',(6.14136198455401,-4.65455181945958,7.08288781617416));
#2559=CARTESIAN_POINT('Ctrl Pts',(6.41839989967257,-4.84430711973028,6.70026132143609));
#2560=CARTESIAN_POINT('Ctrl Pts',(6.69791381967616,-5.03764766356226,6.26696847372958));
#2561=CARTESIAN_POINT('Ctrl Pts',(7.21272818662833,-5.39821196028088,5.36747980696911));
#2562=CARTESIAN_POINT('Ctrl Pts',(7.48897800012053,-5.59475258934397,4.81566017057136));
#2563=CARTESIAN_POINT('Ctrl Pts',(7.96938308252824,-5.94471492123981,3.68202830438832));
#2564=CARTESIAN_POINT('Ctrl Pts',(8.21709886870375,-6.13192386962167,2.95530371836519));
#2565=CARTESIAN_POINT('Ctrl Pts',(8.65478871501265,-6.4785114539682,1.37679135749248));
#2566=CARTESIAN_POINT('Ctrl Pts',(8.84969033253998,-6.64764784359857,0.401103099384852));
#2567=CARTESIAN_POINT('Ctrl Pts',(9.,-6.79138588257392,-0.549999999999998));
#2568=CARTESIAN_POINT('Ctrl Pts',(6.07981449911136,-4.79744614230848,7.07203533389586));
#2569=CARTESIAN_POINT('Ctrl Pts',(6.36150188378018,-4.99581729795635,6.6798035505977));
#2570=CARTESIAN_POINT('Ctrl Pts',(6.64483034218258,-5.19741457151116,6.23542972737928));
#2571=CARTESIAN_POINT('Ctrl Pts',(7.16587127551808,-5.57233919537945,5.31558686260675));
#2572=CARTESIAN_POINT('Ctrl Pts',(7.44498634957966,-5.77603096674169,4.75302739999562));
#2573=CARTESIAN_POINT('Ctrl Pts',(7.93106183727445,-6.137659207074,3.60514147054095));
#2574=CARTESIAN_POINT('Ctrl Pts',(8.18239432977765,-6.33024740877804,2.87509774648911));
#2575=CARTESIAN_POINT('Ctrl Pts',(8.63104071171134,-6.68485717576458,1.30904011905411));
#2576=CARTESIAN_POINT('Ctrl Pts',(8.83529772008131,-6.85615845963836,0.356711832682099));
#2577=CARTESIAN_POINT('Ctrl Pts',(9.,-7.,-0.549999999999998));
#2578=CARTESIAN_POINT('Ctrl Pts',(6.07981449911136,-4.79744614230848,7.07203533389586));
#2579=CARTESIAN_POINT('Ctrl Pts',(6.36150188378018,-4.99581729795634,6.6798035505977));
#2580=CARTESIAN_POINT('Ctrl Pts',(6.92546809641829,-5.3970973228644,5.79527601852724));
#2581=CARTESIAN_POINT('Ctrl Pts',(7.7197757174818,-5.97610778100132,4.21035208484249));
#2582=CARTESIAN_POINT('Ctrl Pts',(8.46537818320213,-6.54620269182003,2.07463902074634));
#2583=CARTESIAN_POINT('Ctrl Pts',(8.82582929300804,-6.84788927759855,0.408837005863991));
#2584=CARTESIAN_POINT('Ctrl Pts',(9.,-7.,-0.549999999999998));
#2585=CARTESIAN_POINT('Ctrl Pts',(6.07981449911136,-4.79744614230848,7.07203533389586));
#2586=CARTESIAN_POINT('Ctrl Pts',(6.36150188378018,-4.99581729795635,6.6798035505977));
#2587=CARTESIAN_POINT('Ctrl Pts',(6.62810047867985,-5.18551073774835,6.26166893204144));
#2588=CARTESIAN_POINT('Ctrl Pts',(7.15167604643789,-5.56199158461111,5.34391135266166));
#2589=CARTESIAN_POINT('Ctrl Pts',(7.4124032177355,-5.75208919233013,4.82268010369425));
#2590=CARTESIAN_POINT('Ctrl Pts',(7.91592089160453,-6.12608229247372,3.64851138541746));
#2591=CARTESIAN_POINT('Ctrl Pts',(8.15636114357408,-6.31000963610924,2.95774231435723));
#2592=CARTESIAN_POINT('Ctrl Pts',(8.62234508230196,-6.67757919915043,1.34922642059895));
#2593=CARTESIAN_POINT('Ctrl Pts',(8.8279451844269,-6.84973717600698,0.397188692391355));
#2594=CARTESIAN_POINT('Ctrl Pts',(9.,-7.,-0.549999999999999));
#2595=CARTESIAN_POINT('Ctrl Pts',(5.90326878102238,-5.20733097605538,7.04090556046822));
#2596=CARTESIAN_POINT('Ctrl Pts',(6.19829292404257,-5.43041625874801,6.6211215131889));
#2597=CARTESIAN_POINT('Ctrl Pts',(6.47518723419931,-5.64239520973232,6.17307853961993));
#2598=CARTESIAN_POINT('Ctrl Pts',(7.01685479378725,-6.06041930367372,5.19664765192746));
#2599=CARTESIAN_POINT('Ctrl Pts',(7.28520983303106,-6.26973555099683,4.64631550998033));
#2600=CARTESIAN_POINT('Ctrl Pts',(7.80540339169719,-6.67859274027868,3.4286614260766));
#2601=CARTESIAN_POINT('Ctrl Pts',(8.05539338410914,-6.87741314230874,2.72725276003573));
#2602=CARTESIAN_POINT('Ctrl Pts',(8.55313316571214,-7.26919457066253,1.15222106997314));
#2603=CARTESIAN_POINT('Ctrl Pts',(8.78481773968303,-7.44782563491956,0.264170318740938));
#2604=CARTESIAN_POINT('Ctrl Pts',(9.,-7.59839860068377,-0.549999999999999));
#2605=CARTESIAN_POINT('Ctrl Pts',(5.51362291031111,-5.81682298601194,6.97220048054018));
#2606=CARTESIAN_POINT('Ctrl Pts',(5.80402456198299,-6.06805207490647,6.54880810089822));
#2607=CARTESIAN_POINT('Ctrl Pts',(6.07707794297975,-6.30732075701438,6.09666504337542));
#2608=CARTESIAN_POINT('Ctrl Pts',(6.6109708870124,-6.78157124080292,5.11255127368191));
#2609=CARTESIAN_POINT('Ctrl Pts',(6.87532235243922,-7.02067315862498,4.55869068878591));
#2610=CARTESIAN_POINT('Ctrl Pts',(7.38603213206568,-7.49336902501191,3.33867515857455));
#2611=CARTESIAN_POINT('Ctrl Pts',(7.6299534975397,-7.72749684853102,2.63958314944532));
#2612=CARTESIAN_POINT('Ctrl Pts',(8.10506088366209,-8.20162213892026,1.08500835892382));
#2613=CARTESIAN_POINT('Ctrl Pts',(8.31677351291203,-8.42908538706097,0.220561457767943));
#2614=CARTESIAN_POINT('Ctrl Pts',(8.49800471697809,-8.63471551441983,-0.549999999999999));
#2615=CARTESIAN_POINT('Ctrl Pts',(4.95463069140913,-6.25074942896387,6.87363507034167));
#2616=CARTESIAN_POINT('Ctrl Pts',(5.20195725759027,-6.49447419732215,6.47704577306787));
#2617=CARTESIAN_POINT('Ctrl Pts',(5.43511390266499,-6.72666362896821,6.05555526405935));
#2618=CARTESIAN_POINT('Ctrl Pts',(5.89119550205496,-7.1873170849022,5.13482239943467));
#2619=CARTESIAN_POINT('Ctrl Pts',(6.11716327376275,-7.41986792271241,4.61458896866739));
#2620=CARTESIAN_POINT('Ctrl Pts',(6.55155116169154,-7.87989503206891,3.45273051137463));
#2621=CARTESIAN_POINT('Ctrl Pts',(6.75719307231067,-8.10788492547937,2.77584715518791));
#2622=CARTESIAN_POINT('Ctrl Pts',(7.14916704821082,-8.57096118701364,1.222193201467));
#2623=CARTESIAN_POINT('Ctrl Pts',(7.31602841023559,-8.79428791600349,0.319806780793441));
#2624=CARTESIAN_POINT('Ctrl Pts',(7.44879895051282,-9.,-0.549999999999999));
#2625=CARTESIAN_POINT('Ctrl Pts',(4.68194199897441,-6.4083260484273,6.82555269653131));
#2626=CARTESIAN_POINT('Ctrl Pts',(4.90518884735029,-6.64101795774176,6.43947178662055));
#2627=CARTESIAN_POINT('Ctrl Pts',(5.11676572371406,-6.86380812139329,6.03064820563319));
#2628=CARTESIAN_POINT('Ctrl Pts',(5.53288400991637,-7.30662208448407,5.13698094380173));
#2629=CARTESIAN_POINT('Ctrl Pts',(5.74054844782499,-7.53068250942024,4.6316451635794));
#2630=CARTESIAN_POINT('Ctrl Pts',(6.14211021952923,-7.97218486976407,3.49631410939302));
#2631=CARTESIAN_POINT('Ctrl Pts',(6.33404136372112,-8.18963328802722,2.83024954497151));
#2632=CARTESIAN_POINT('Ctrl Pts',(6.70443290304966,-8.62311937148485,1.27981624174469));
#2633=CARTESIAN_POINT('Ctrl Pts',(6.8662830976721,-8.82506526086266,0.362653630976151));
#2634=CARTESIAN_POINT('Ctrl Pts',(7.,-9.,-0.549999999999999));
#2635=UNCERTAINTY_MEASURE_WITH_UNIT(LENGTH_MEASURE(0.01),#2639,
'DISTANCE_ACCURACY_VALUE',
'Maximum model space distance between geometric entities at asserted c
onnectivities');
#2636=UNCERTAINTY_MEASURE_WITH_UNIT(LENGTH_MEASURE(0.01),#2639,
'DISTANCE_ACCURACY_VALUE',
'Maximum model space distance between geometric entities at asserted c
onnectivities');
#2637=(
GEOMETRIC_REPRESENTATION_CONTEXT(3)
GLOBAL_UNCERTAINTY_ASSIGNED_CONTEXT((#2635))
GLOBAL_UNIT_ASSIGNED_CONTEXT((#2639,#2641,#2642))
REPRESENTATION_CONTEXT('','3D')
);
#2638=(
GEOMETRIC_REPRESENTATION_CONTEXT(3)
GLOBAL_UNCERTAINTY_ASSIGNED_CONTEXT((#2636))
GLOBAL_UNIT_ASSIGNED_CONTEXT((#2639,#2641,#2642))
REPRESENTATION_CONTEXT('','3D')
);
#2639=(
LENGTH_UNIT()
NAMED_UNIT(*)
SI_UNIT(.MILLI.,.METRE.)
);
#2640=(
LENGTH_UNIT()
NAMED_UNIT(*)
SI_UNIT($,.METRE.)
);
#2641=(
NAMED_UNIT(*)
PLANE_ANGLE_UNIT()
SI_UNIT($,.RADIAN.)
);
#2642=(
NAMED_UNIT(*)
SI_UNIT($,.STERADIAN.)
SOLID_ANGLE_UNIT()
);
#2643=SHAPE_DEFINITION_REPRESENTATION(#2644,#2645);
#2644=PRODUCT_DEFINITION_SHAPE('',$,#2647);
#2645=SHAPE_REPRESENTATION('',(#257),#2637);
#2646=PRODUCT_DEFINITION_CONTEXT('part definition',#2651,'design');
#2647=PRODUCT_DEFINITION('2026-09-19-15-41-25-003',
'CLP_Tilt14_Doubleslant',#2648,#2646);
#2648=PRODUCT_DEFINITION_FORMATION('',$,#2653);
#2649=PRODUCT_RELATED_PRODUCT_CATEGORY('CLP_Tilt14_Doubleslant',
'CLP_Tilt14_Doubleslant',(#2653));
#2650=APPLICATION_PROTOCOL_DEFINITION('international standard',
'automotive_design',2009,#2651);
#2651=APPLICATION_CONTEXT(
'Core Data for Automotive Mechanical Design Process');
#2652=PRODUCT_CONTEXT('part definition',#2651,'mechanical');
#2653=PRODUCT('2026-09-19-15-41-25-003','CLP_Tilt14_Doubleslant',$,(#2652));
#2654=PRESENTATION_STYLE_ASSIGNMENT((#2655));
#2655=SURFACE_STYLE_USAGE(.BOTH.,#2656);
#2656=SURFACE_SIDE_STYLE('',(#2657));
#2657=SURFACE_STYLE_FILL_AREA(#2658);
#2658=FILL_AREA_STYLE('Steel - Satin',(#2659));
#2659=FILL_AREA_STYLE_COLOUR('Steel - Satin',#2660);
#2660=COLOUR_RGB('Steel - Satin',0.627450980392157,0.627450980392157,0.627450980392157);
ENDSEC;
END-ISO-10303-21;
