ISO-10303-21;
HEADER;
/* Generated by software containing ST-Developer
 * from STEP Tools, Inc. (www.steptools.com) 
 */

FILE_DESCRIPTION(
/* description */ (''),
/* implementation_level */ '2;1');

FILE_NAME(
/* name */ 'CLP_Base_Tilt7_1_5u.step',
/* time_stamp */ '2026-10-03T21:04:05+08:00',
/* author */ (''),
/* organization */ (''),
/* preprocessor_version */ 'ST-DEVELOPER v20.2',
/* originating_system */ 'Autodesk Translation Framework v15.15.0.0',
/* authorisation */ '');

FILE_SCHEMA (('AUTOMOTIVE_DESIGN { 1 0 10303 214 3 1 1 }'));
ENDSEC;

DATA;
#10=MECHANICAL_DESIGN_GEOMETRIC_PRESENTATION_REPRESENTATION('',(#13),#2811);
#11=SHAPE_REPRESENTATION_RELATIONSHIP('SRR','None',#2818,#12);
#12=ADVANCED_BREP_SHAPE_REPRESENTATION('',(#14),#2810);
#13=STYLED_ITEM('',(#2827),#14);
#14=MANIFOLD_SOLID_BREP('Body3',#244);
#15=FACE_BOUND('',#77,.T.);
#16=CIRCLE('',#260,2.00000000000001);
#17=CIRCLE('',#261,2.);
#18=CIRCLE('',#262,2.);
#19=CIRCLE('',#263,2.);
#20=LINE('',#1938,#24);
#21=LINE('',#1942,#25);
#22=LINE('',#1946,#26);
#23=LINE('',#1950,#27);
#24=VECTOR('',#270,10.);
#25=VECTOR('',#273,10.);
#26=VECTOR('',#276,10.);
#27=VECTOR('',#279,10.);
#28=(
BOUNDED_CURVE()
B_SPLINE_CURVE(5,(#1555,#1556,#1557,#1558,#1559,#1560,#1561,#1562),
 .UNSPECIFIED.,.F.,.F.)
B_SPLINE_CURVE_WITH_KNOTS((6,1,1,6),(0.5,0.55,0.6,0.614922569375825),
 .UNSPECIFIED.)
CURVE()
GEOMETRIC_REPRESENTATION_ITEM()
RATIONAL_B_SPLINE_CURVE((1.,1.,1.,1.,1.,1.,1.,1.))
REPRESENTATION_ITEM('')
);
#29=(
BOUNDED_CURVE()
B_SPLINE_CURVE(5,(#1564,#1565,#1566,#1567,#1568,#1569,#1570,#1571,#1572,
#1573),.UNSPECIFIED.,.F.,.F.)
B_SPLINE_CURVE_WITH_KNOTS((6,1,1,1,1,6),(0.,0.2,0.4,0.6,0.8,1.),
 .UNSPECIFIED.)
CURVE()
GEOMETRIC_REPRESENTATION_ITEM()
RATIONAL_B_SPLINE_CURVE((1.,1.,1.,1.,1.,1.,1.,1.,1.,1.))
REPRESENTATION_ITEM('')
);
#30=(
BOUNDED_CURVE()
B_SPLINE_CURVE(5,(#1585,#1586,#1587,#1588,#1589,#1590,#1591),
 .UNSPECIFIED.,.F.,.F.)
B_SPLINE_CURVE_WITH_KNOTS((6,1,6),(0.664571624227385,0.7,0.75),
 .UNSPECIFIED.)
CURVE()
GEOMETRIC_REPRESENTATION_ITEM()
RATIONAL_B_SPLINE_CURVE((1.,1.,1.,1.,1.,1.,1.))
REPRESENTATION_ITEM('')
);
#31=(
BOUNDED_CURVE()
B_SPLINE_CURVE(5,(#1592,#1593,#1594,#1595,#1596,#1597,#1598),
 .UNSPECIFIED.,.F.,.F.)
B_SPLINE_CURVE_WITH_KNOTS((6,1,6),(0.614922569375825,0.65,0.664571624227385),
 .UNSPECIFIED.)
CURVE()
GEOMETRIC_REPRESENTATION_ITEM()
RATIONAL_B_SPLINE_CURVE((1.,1.,1.,1.,1.,1.,1.))
REPRESENTATION_ITEM('')
);
#32=(
BOUNDED_CURVE()
B_SPLINE_CURVE(5,(#1681,#1682,#1683,#1684,#1685,#1686,#1687),
 .UNSPECIFIED.,.F.,.F.)
B_SPLINE_CURVE_WITH_KNOTS((6,1,6),(0.75,0.8,0.835427942789535),
 .UNSPECIFIED.)
CURVE()
GEOMETRIC_REPRESENTATION_ITEM()
RATIONAL_B_SPLINE_CURVE((1.,1.,1.,1.,1.,1.,1.))
REPRESENTATION_ITEM('')
);
#33=(
BOUNDED_CURVE()
B_SPLINE_CURVE(5,(#1689,#1690,#1691,#1692,#1693,#1694,#1695,#1696,#1697,
#1698),.UNSPECIFIED.,.F.,.F.)
B_SPLINE_CURVE_WITH_KNOTS((6,1,1,1,1,6),(0.,0.2,0.4,0.6,0.8,1.),
 .UNSPECIFIED.)
CURVE()
GEOMETRIC_REPRESENTATION_ITEM()
RATIONAL_B_SPLINE_CURVE((1.,1.,1.,1.,1.,1.,1.,1.,1.,1.))
REPRESENTATION_ITEM('')
);
#34=(
BOUNDED_CURVE()
B_SPLINE_CURVE(5,(#1700,#1701,#1702,#1703,#1704,#1705,#1706,#1707),
 .UNSPECIFIED.,.F.,.F.)
B_SPLINE_CURVE_WITH_KNOTS((6,1,1,6),(0.885076858756694,0.9,0.95,1.),
 .UNSPECIFIED.)
CURVE()
GEOMETRIC_REPRESENTATION_ITEM()
RATIONAL_B_SPLINE_CURVE((1.,1.,1.,1.,1.,1.,1.,1.))
REPRESENTATION_ITEM('')
);
#35=(
BOUNDED_CURVE()
B_SPLINE_CURVE(5,(#1708,#1709,#1710,#1711,#1712,#1713,#1714),
 .UNSPECIFIED.,.F.,.F.)
B_SPLINE_CURVE_WITH_KNOTS((6,1,6),(0.835427942789535,0.85,0.885076858756694),
 .UNSPECIFIED.)
CURVE()
GEOMETRIC_REPRESENTATION_ITEM()
RATIONAL_B_SPLINE_CURVE((1.,1.,1.,1.,1.,1.,1.))
REPRESENTATION_ITEM('')
);
#36=(
BOUNDED_CURVE()
B_SPLINE_CURVE(5,(#1797,#1798,#1799,#1800,#1801,#1802,#1803,#1804),
 .UNSPECIFIED.,.F.,.F.)
B_SPLINE_CURVE_WITH_KNOTS((6,1,1,6),(1.,1.05,1.1,1.10714436301053),
 .UNSPECIFIED.)
CURVE()
GEOMETRIC_REPRESENTATION_ITEM()
RATIONAL_B_SPLINE_CURVE((1.,1.,1.,1.,1.,1.,1.,1.))
REPRESENTATION_ITEM('')
);
#37=(
BOUNDED_CURVE()
B_SPLINE_CURVE(5,(#1816,#1817,#1818,#1819,#1820,#1821,#1822),
 .UNSPECIFIED.,.F.,.F.)
B_SPLINE_CURVE_WITH_KNOTS((6,1,6),(0.158418669278772,0.2,0.25),
 .UNSPECIFIED.)
CURVE()
GEOMETRIC_REPRESENTATION_ITEM()
RATIONAL_B_SPLINE_CURVE((1.,1.,1.,1.,1.,1.,1.))
REPRESENTATION_ITEM('')
);
#38=(
BOUNDED_CURVE()
B_SPLINE_CURVE(5,(#1823,#1824,#1825,#1826,#1827,#1828,#1829),
 .UNSPECIFIED.,.F.,.F.)
B_SPLINE_CURVE_WITH_KNOTS((6,1,6),(0.107144363010525,0.15,0.158418669278772),
 .UNSPECIFIED.)
CURVE()
GEOMETRIC_REPRESENTATION_ITEM()
RATIONAL_B_SPLINE_CURVE((1.,1.,1.,1.,1.,1.,1.))
REPRESENTATION_ITEM('')
);
#39=(
BOUNDED_CURVE()
B_SPLINE_CURVE(5,(#1912,#1913,#1914,#1915,#1916,#1917,#1918),
 .UNSPECIFIED.,.F.,.F.)
B_SPLINE_CURVE_WITH_KNOTS((6,1,6),(0.25,0.3,0.341580836246048),
 .UNSPECIFIED.)
CURVE()
GEOMETRIC_REPRESENTATION_ITEM()
RATIONAL_B_SPLINE_CURVE((1.,1.,1.,1.,1.,1.,1.))
REPRESENTATION_ITEM('')
);
#40=(
BOUNDED_CURVE()
B_SPLINE_CURVE(5,(#1920,#1921,#1922,#1923,#1924,#1925,#1926,#1927),
 .UNSPECIFIED.,.F.,.F.)
B_SPLINE_CURVE_WITH_KNOTS((6,1,1,6),(0.392855038190932,0.4,0.45,0.5),
 .UNSPECIFIED.)
CURVE()
GEOMETRIC_REPRESENTATION_ITEM()
RATIONAL_B_SPLINE_CURVE((1.,1.,1.,1.,1.,1.,1.,1.))
REPRESENTATION_ITEM('')
);
#41=(
BOUNDED_CURVE()
B_SPLINE_CURVE(5,(#1928,#1929,#1930,#1931,#1932,#1933,#1934),
 .UNSPECIFIED.,.F.,.F.)
B_SPLINE_CURVE_WITH_KNOTS((6,1,6),(0.341580836246048,0.35,0.392855038190932),
 .UNSPECIFIED.)
CURVE()
GEOMETRIC_REPRESENTATION_ITEM()
RATIONAL_B_SPLINE_CURVE((1.,1.,1.,1.,1.,1.,1.))
REPRESENTATION_ITEM('')
);
#42=B_SPLINE_SURFACE_WITH_KNOTS('',3,3,((#350,#351,#352,#353,#354,#355,
#356,#357,#358,#359,#360,#361,#362,#363,#364,#365),(#366,#367,#368,#369,
#370,#371,#372,#373,#374,#375,#376,#377,#378,#379,#380,#381),(#382,#383,
#384,#385,#386,#387,#388,#389,#390,#391,#392,#393,#394,#395,#396,#397),
(#398,#399,#400,#401,#402,#403,#404,#405,#406,#407,#408,#409,#410,#411,
#412,#413),(#414,#415,#416,#417,#418,#419,#420,#421,#422,#423,#424,#425,
#426,#427,#428,#429),(#430,#431,#432,#433,#434,#435,#436,#437,#438,#439,
#440,#441,#442,#443,#444,#445),(#446,#447,#448,#449,#450,#451,#452,#453,
#454,#455,#456,#457,#458,#459,#460,#461),(#462,#463,#464,#465,#466,#467,
#468,#469,#470,#471,#472,#473,#474,#475,#476,#477),(#478,#479,#480,#481,
#482,#483,#484,#485,#486,#487,#488,#489,#490,#491,#492,#493),(#494,#495,
#496,#497,#498,#499,#500,#501,#502,#503,#504,#505,#506,#507,#508,#509),
(#510,#511,#512,#513,#514,#515,#516,#517,#518,#519,#520,#521,#522,#523,
#524,#525),(#526,#527,#528,#529,#530,#531,#532,#533,#534,#535,#536,#537,
#538,#539,#540,#541),(#542,#543,#544,#545,#546,#547,#548,#549,#550,#551,
#552,#553,#554,#555,#556,#557),(#558,#559,#560,#561,#562,#563,#564,#565,
#566,#567,#568,#569,#570,#571,#572,#573),(#574,#575,#576,#577,#578,#579,
#580,#581,#582,#583,#584,#585,#586,#587,#588,#589),(#590,#591,#592,#593,
#594,#595,#596,#597,#598,#599,#600,#601,#602,#603,#604,#605),(#606,#607,
#608,#609,#610,#611,#612,#613,#614,#615,#616,#617,#618,#619,#620,#621),
(#622,#623,#624,#625,#626,#627,#628,#629,#630,#631,#632,#633,#634,#635,
#636,#637),(#638,#639,#640,#641,#642,#643,#644,#645,#646,#647,#648,#649,
#650,#651,#652,#653),(#654,#655,#656,#657,#658,#659,#660,#661,#662,#663,
#664,#665,#666,#667,#668,#669),(#670,#671,#672,#673,#674,#675,#676,#677,
#678,#679,#680,#681,#682,#683,#684,#685),(#686,#687,#688,#689,#690,#691,
#692,#693,#694,#695,#696,#697,#698,#699,#700,#701),(#702,#703,#704,#705,
#706,#707,#708,#709,#710,#711,#712,#713,#714,#715,#716,#717),(#718,#719,
#720,#721,#722,#723,#724,#725,#726,#727,#728,#729,#730,#731,#732,#733),
(#734,#735,#736,#737,#738,#739,#740,#741,#742,#743,#744,#745,#746,#747,
#748,#749),(#750,#751,#752,#753,#754,#755,#756,#757,#758,#759,#760,#761,
#762,#763,#764,#765),(#766,#767,#768,#769,#770,#771,#772,#773,#774,#775,
#776,#777,#778,#779,#780,#781),(#782,#783,#784,#785,#786,#787,#788,#789,
#790,#791,#792,#793,#794,#795,#796,#797),(#798,#799,#800,#801,#802,#803,
#804,#805,#806,#807,#808,#809,#810,#811,#812,#813),(#814,#815,#816,#817,
#818,#819,#820,#821,#822,#823,#824,#825,#826,#827,#828,#829),(#830,#831,
#832,#833,#834,#835,#836,#837,#838,#839,#840,#841,#842,#843,#844,#845),
(#846,#847,#848,#849,#850,#851,#852,#853,#854,#855,#856,#857,#858,#859,
#860,#861),(#862,#863,#864,#865,#866,#867,#868,#869,#870,#871,#872,#873,
#874,#875,#876,#877),(#878,#879,#880,#881,#882,#883,#884,#885,#886,#887,
#888,#889,#890,#891,#892,#893),(#894,#895,#896,#897,#898,#899,#900,#901,
#902,#903,#904,#905,#906,#907,#908,#909),(#910,#911,#912,#913,#914,#915,
#916,#917,#918,#919,#920,#921,#922,#923,#924,#925),(#926,#927,#928,#929,
#930,#931,#932,#933,#934,#935,#936,#937,#938,#939,#940,#941),(#942,#943,
#944,#945,#946,#947,#948,#949,#950,#951,#952,#953,#954,#955,#956,#957),
(#958,#959,#960,#961,#962,#963,#964,#965,#966,#967,#968,#969,#970,#971,
#972,#973),(#974,#975,#976,#977,#978,#979,#980,#981,#982,#983,#984,#985,
#986,#987,#988,#989),(#990,#991,#992,#993,#994,#995,#996,#997,#998,#999,
#1000,#1001,#1002,#1003,#1004,#1005),(#1006,#1007,#1008,#1009,#1010,#1011,
#1012,#1013,#1014,#1015,#1016,#1017,#1018,#1019,#1020,#1021),(#1022,#1023,
#1024,#1025,#1026,#1027,#1028,#1029,#1030,#1031,#1032,#1033,#1034,#1035,
#1036,#1037),(#1038,#1039,#1040,#1041,#1042,#1043,#1044,#1045,#1046,#1047,
#1048,#1049,#1050,#1051,#1052,#1053),(#1054,#1055,#1056,#1057,#1058,#1059,
#1060,#1061,#1062,#1063,#1064,#1065,#1066,#1067,#1068,#1069),(#1070,#1071,
#1072,#1073,#1074,#1075,#1076,#1077,#1078,#1079,#1080,#1081,#1082,#1083,
#1084,#1085),(#1086,#1087,#1088,#1089,#1090,#1091,#1092,#1093,#1094,#1095,
#1096,#1097,#1098,#1099,#1100,#1101),(#1102,#1103,#1104,#1105,#1106,#1107,
#1108,#1109,#1110,#1111,#1112,#1113,#1114,#1115,#1116,#1117),(#1118,#1119,
#1120,#1121,#1122,#1123,#1124,#1125,#1126,#1127,#1128,#1129,#1130,#1131,
#1132,#1133),(#1134,#1135,#1136,#1137,#1138,#1139,#1140,#1141,#1142,#1143,
#1144,#1145,#1146,#1147,#1148,#1149),(#1150,#1151,#1152,#1153,#1154,#1155,
#1156,#1157,#1158,#1159,#1160,#1161,#1162,#1163,#1164,#1165),(#1166,#1167,
#1168,#1169,#1170,#1171,#1172,#1173,#1174,#1175,#1176,#1177,#1178,#1179,
#1180,#1181),(#1182,#1183,#1184,#1185,#1186,#1187,#1188,#1189,#1190,#1191,
#1192,#1193,#1194,#1195,#1196,#1197),(#1198,#1199,#1200,#1201,#1202,#1203,
#1204,#1205,#1206,#1207,#1208,#1209,#1210,#1211,#1212,#1213),(#1214,#1215,
#1216,#1217,#1218,#1219,#1220,#1221,#1222,#1223,#1224,#1225,#1226,#1227,
#1228,#1229),(#1230,#1231,#1232,#1233,#1234,#1235,#1236,#1237,#1238,#1239,
#1240,#1241,#1242,#1243,#1244,#1245),(#1246,#1247,#1248,#1249,#1250,#1251,
#1252,#1253,#1254,#1255,#1256,#1257,#1258,#1259,#1260,#1261),(#1262,#1263,
#1264,#1265,#1266,#1267,#1268,#1269,#1270,#1271,#1272,#1273,#1274,#1275,
#1276,#1277),(#1278,#1279,#1280,#1281,#1282,#1283,#1284,#1285,#1286,#1287,
#1288,#1289,#1290,#1291,#1292,#1293),(#1294,#1295,#1296,#1297,#1298,#1299,
#1300,#1301,#1302,#1303,#1304,#1305,#1306,#1307,#1308,#1309),(#1310,#1311,
#1312,#1313,#1314,#1315,#1316,#1317,#1318,#1319,#1320,#1321,#1322,#1323,
#1324,#1325),(#1326,#1327,#1328,#1329,#1330,#1331,#1332,#1333,#1334,#1335,
#1336,#1337,#1338,#1339,#1340,#1341),(#1342,#1343,#1344,#1345,#1346,#1347,
#1348,#1349,#1350,#1351,#1352,#1353,#1354,#1355,#1356,#1357),(#1358,#1359,
#1360,#1361,#1362,#1363,#1364,#1365,#1366,#1367,#1368,#1369,#1370,#1371,
#1372,#1373),(#1374,#1375,#1376,#1377,#1378,#1379,#1380,#1381,#1382,#1383,
#1384,#1385,#1386,#1387,#1388,#1389)),.UNSPECIFIED.,.T.,.F.,.F.,(4,2,2,
2,2,2,2,2,2,2,2,1,2,2,2,2,2,2,2,2,2,1,2,2,2,2,2,2,1,2,2,2,2,4),(4,1,1,1,
1,1,1,1,1,1,1,1,1,4),(0.,0.0182118085583767,0.0761523871751166,0.124220627932845,
0.159101212008191,0.166755207591764,0.172609884220982,0.223275361355377,
0.249967834455472,0.312475979706871,0.327397324683424,0.334151039270965,
0.340904753858505,0.355837730263733,0.397934625519494,0.460079208133573,
0.499988038862672,0.530034002137552,0.586595783370912,0.632820340025189,
0.659078004677445,0.6658321548401,0.672586305002755,0.676143494986166,0.739422366846316,
0.750020315312234,0.803249078875779,0.827381993322887,0.834136648819939,
0.840891304316991,0.848353623902822,0.890544894033472,0.950193070003841,
1.),(0.,0.0714285714285714,0.142857142857143,0.285714285714286,0.321428571428571,
0.357142857142857,0.428571428571428,0.5,0.571428571428571,0.642857142857143,
0.714285714285714,0.821428571428571,0.857142857142857,1.),.UNSPECIFIED.);
#43=B_SPLINE_SURFACE_WITH_KNOTS('',3,3,((#1472,#1473,#1474,#1475,#1476,
#1477,#1478,#1479,#1480),(#1481,#1482,#1483,#1484,#1485,#1486,#1487,#1488,
#1489),(#1490,#1491,#1492,#1493,#1494,#1495,#1496,#1497,#1498),(#1499,#1500,
#1501,#1502,#1503,#1504,#1505,#1506,#1507),(#1508,#1509,#1510,#1511,#1512,
#1513,#1514,#1515,#1516),(#1517,#1518,#1519,#1520,#1521,#1522,#1523,#1524,
#1525),(#1526,#1527,#1528,#1529,#1530,#1531,#1532,#1533,#1534),(#1535,#1536,
#1537,#1538,#1539,#1540,#1541,#1542,#1543),(#1544,#1545,#1546,#1547,#1548,
#1549,#1550,#1551,#1552)),.UNSPECIFIED.,.F.,.F.,.F.,(4,1,1,1,1,1,4),(4,
1,1,1,1,1,4),(0.,0.142857142857143,0.285714285714286,0.571428571428571,
0.785714285714286,0.857142857142857,1.),(0.,0.142857142857143,0.285714285714286,
0.428571428571429,0.571428571428571,0.857142857142857,1.),.UNSPECIFIED.);
#44=B_SPLINE_SURFACE_WITH_KNOTS('',3,3,((#1599,#1600,#1601,#1602,#1603,
#1604,#1605,#1606,#1607),(#1608,#1609,#1610,#1611,#1612,#1613,#1614,#1615,
#1616),(#1617,#1618,#1619,#1620,#1621,#1622,#1623,#1624,#1625),(#1626,#1627,
#1628,#1629,#1630,#1631,#1632,#1633,#1634),(#1635,#1636,#1637,#1638,#1639,
#1640,#1641,#1642,#1643),(#1644,#1645,#1646,#1647,#1648,#1649,#1650,#1651,
#1652),(#1653,#1654,#1655,#1656,#1657,#1658,#1659,#1660,#1661),(#1662,#1663,
#1664,#1665,#1666,#1667,#1668,#1669,#1670),(#1671,#1672,#1673,#1674,#1675,
#1676,#1677,#1678,#1679)),.UNSPECIFIED.,.F.,.F.,.F.,(4,1,1,1,1,1,4),(4,
1,1,1,1,1,4),(0.,0.142857142857143,0.285714285714286,0.571428571428571,
0.785714285714286,0.857142857142857,1.),(0.,0.142857142857143,0.285714285714286,
0.428571428571429,0.571428571428571,0.857142857142857,1.),.UNSPECIFIED.);
#45=B_SPLINE_SURFACE_WITH_KNOTS('',3,3,((#1715,#1716,#1717,#1718,#1719,
#1720,#1721,#1722,#1723),(#1724,#1725,#1726,#1727,#1728,#1729,#1730,#1731,
#1732),(#1733,#1734,#1735,#1736,#1737,#1738,#1739,#1740,#1741),(#1742,#1743,
#1744,#1745,#1746,#1747,#1748,#1749,#1750),(#1751,#1752,#1753,#1754,#1755,
#1756,#1757,#1758,#1759),(#1760,#1761,#1762,#1763,#1764,#1765,#1766,#1767,
#1768),(#1769,#1770,#1771,#1772,#1773,#1774,#1775,#1776,#1777),(#1778,#1779,
#1780,#1781,#1782,#1783,#1784,#1785,#1786),(#1787,#1788,#1789,#1790,#1791,
#1792,#1793,#1794,#1795)),.UNSPECIFIED.,.F.,.F.,.F.,(4,1,1,1,1,1,4),(4,
1,1,1,1,1,4),(0.,0.142857142857143,0.285714285714286,0.571428571428571,
0.785714285714286,0.857142857142857,1.),(0.,0.142857142857143,0.285714285714286,
0.428571428571429,0.571428571428571,0.857142857142857,1.),.UNSPECIFIED.);
#46=B_SPLINE_SURFACE_WITH_KNOTS('',3,3,((#1830,#1831,#1832,#1833,#1834,
#1835,#1836,#1837,#1838),(#1839,#1840,#1841,#1842,#1843,#1844,#1845,#1846,
#1847),(#1848,#1849,#1850,#1851,#1852,#1853,#1854,#1855,#1856),(#1857,#1858,
#1859,#1860,#1861,#1862,#1863,#1864,#1865),(#1866,#1867,#1868,#1869,#1870,
#1871,#1872,#1873,#1874),(#1875,#1876,#1877,#1878,#1879,#1880,#1881,#1882,
#1883),(#1884,#1885,#1886,#1887,#1888,#1889,#1890,#1891,#1892),(#1893,#1894,
#1895,#1896,#1897,#1898,#1899,#1900,#1901),(#1902,#1903,#1904,#1905,#1906,
#1907,#1908,#1909,#1910)),.UNSPECIFIED.,.F.,.F.,.F.,(4,1,1,1,1,1,4),(4,
1,1,1,1,1,4),(0.,0.142857142857143,0.285714285714286,0.571428571428571,
0.785714285714286,0.857142857142857,1.),(0.,0.142857142857143,0.285714285714286,
0.428571428571429,0.571428571428571,0.857142857142857,1.),.UNSPECIFIED.);
#47=B_SPLINE_SURFACE_WITH_KNOTS('',3,3,((#1952,#1953,#1954,#1955,#1956,
#1957,#1958,#1959),(#1960,#1961,#1962,#1963,#1964,#1965,#1966,#1967),(#1968,
#1969,#1970,#1971,#1972,#1973,#1974,#1975),(#1976,#1977,#1978,#1979,#1980,
#1981,#1982,#1983),(#1984,#1985,#1986,#1987,#1988,#1989,#1990,#1991),(#1992,
#1993,#1994,#1995,#1996,#1997,#1998,#1999),(#2000,#2001,#2002,#2003,#2004,
#2005,#2006,#2007),(#2008,#2009,#2010,#2011,#2012,#2013,#2014,#2015),(#2016,
#2017,#2018,#2019,#2020,#2021,#2022,#2023),(#2024,#2025,#2026,#2027,#2028,
#2029,#2030,#2031),(#2032,#2033,#2034,#2035,#2036,#2037,#2038,#2039),(#2040,
#2041,#2042,#2043,#2044,#2045,#2046,#2047)),.UNSPECIFIED.,.F.,.F.,.F.,(4,
1,1,1,2,1,1,1,4),(4,1,1,1,1,4),(0.,0.0750004909780389,0.100000654637385,
0.300001963912156,0.500003273186926,0.700001963912156,0.900000654637385,
0.925000490978039,1.),(0.,0.189402672196766,0.403300148709988,0.662155415801599,
0.662158140988823,1.),.UNSPECIFIED.);
#48=B_SPLINE_SURFACE_WITH_KNOTS('',3,3,((#2062,#2063,#2064,#2065,#2066,
#2067,#2068,#2069,#2070,#2071),(#2072,#2073,#2074,#2075,#2076,#2077,#2078,
#2079,#2080,#2081),(#2082,#2083,#2084,#2085,#2086,#2087,#2088,#2089,#2090,
#2091),(#2092,#2093,#2094,#2095,#2096,#2097,#2098,#2099,#2100,#2101),(#2102,
#2103,#2104,#2105,#2106,#2107,#2108,#2109,#2110,#2111)),.UNSPECIFIED.,.F.,
 .F.,.F.,(4,1,4),(4,1,1,1,1,1,1,4),(0.,0.571428571428571,1.),(0.,0.186899973775406,
0.189403575031475,0.399463268897503,0.403300148709989,0.658857158991385,
0.662158140988823,1.),.UNSPECIFIED.);
#49=B_SPLINE_SURFACE_WITH_KNOTS('',3,3,((#2119,#2120,#2121,#2122,#2123,
#2124,#2125,#2126,#2127,#2128,#2129,#2130,#2131,#2132,#2133,#2134,#2135),
(#2136,#2137,#2138,#2139,#2140,#2141,#2142,#2143,#2144,#2145,#2146,#2147,
#2148,#2149,#2150,#2151,#2152),(#2153,#2154,#2155,#2156,#2157,#2158,#2159,
#2160,#2161,#2162,#2163,#2164,#2165,#2166,#2167,#2168,#2169),(#2170,#2171,
#2172,#2173,#2174,#2175,#2176,#2177,#2178,#2179,#2180,#2181,#2182,#2183,
#2184,#2185,#2186),(#2187,#2188,#2189,#2190,#2191,#2192,#2193,#2194,#2195,
#2196,#2197,#2198,#2199,#2200,#2201,#2202,#2203),(#2204,#2205,#2206,#2207,
#2208,#2209,#2210,#2211,#2212,#2213,#2214,#2215,#2216,#2217,#2218,#2219,
#2220),(#2221,#2222,#2223,#2224,#2225,#2226,#2227,#2228,#2229,#2230,#2231,
#2232,#2233,#2234,#2235,#2236,#2237),(#2238,#2239,#2240,#2241,#2242,#2243,
#2244,#2245,#2246,#2247,#2248,#2249,#2250,#2251,#2252,#2253,#2254),(#2255,
#2256,#2257,#2258,#2259,#2260,#2261,#2262,#2263,#2264,#2265,#2266,#2267,
#2268,#2269,#2270,#2271),(#2272,#2273,#2274,#2275,#2276,#2277,#2278,#2279,
#2280,#2281,#2282,#2283,#2284,#2285,#2286,#2287,#2288),(#2289,#2290,#2291,
#2292,#2293,#2294,#2295,#2296,#2297,#2298,#2299,#2300,#2301,#2302,#2303,
#2304,#2305),(#2306,#2307,#2308,#2309,#2310,#2311,#2312,#2313,#2314,#2315,
#2316,#2317,#2318,#2319,#2320,#2321,#2322)),.UNSPECIFIED.,.F.,.F.,.F.,(4,
1,1,1,2,1,1,1,4),(4,1,1,1,1,1,1,1,1,1,1,1,1,1,4),(0.,0.102763875029206,
0.205527750058412,0.308291625087617,0.513819375146029,0.708291625087617,
0.805527750058412,0.902763875029206,1.),(0.,0.186899973775406,0.204964880389091,
0.214285714285714,0.321428571428571,0.399463268897504,0.425725088141174,
0.428571428571429,0.571428571428571,0.658857158991385,0.68275309864789,
0.714285714285714,0.857142857142857,0.928571428571429,1.),.UNSPECIFIED.);
#50=B_SPLINE_SURFACE_WITH_KNOTS('',3,3,((#2330,#2331,#2332,#2333,#2334,
#2335,#2336,#2337,#2338,#2339),(#2340,#2341,#2342,#2343,#2344,#2345,#2346,
#2347,#2348,#2349),(#2350,#2351,#2352,#2353,#2354,#2355,#2356,#2357,#2358,
#2359),(#2360,#2361,#2362,#2363,#2364,#2365,#2366,#2367,#2368,#2369),(#2370,
#2371,#2372,#2373,#2374,#2375,#2376,#2377,#2378,#2379)),.UNSPECIFIED.,.F.,
 .F.,.F.,(4,1,4),(4,1,1,1,1,1,1,4),(0.,0.571428571428571,1.),(0.,0.204964880389091,
0.210312482894386,0.425725088141174,0.433364944167635,0.68275309864789,
0.689486158486447,1.),.UNSPECIFIED.);
#51=B_SPLINE_SURFACE_WITH_KNOTS('',3,3,((#2387,#2388,#2389,#2390,#2391,
#2392,#2393,#2394),(#2395,#2396,#2397,#2398,#2399,#2400,#2401,#2402),(#2403,
#2404,#2405,#2406,#2407,#2408,#2409,#2410),(#2411,#2412,#2413,#2414,#2415,
#2416,#2417,#2418),(#2419,#2420,#2421,#2422,#2423,#2424,#2425,#2426),(#2427,
#2428,#2429,#2430,#2431,#2432,#2433,#2434),(#2435,#2436,#2437,#2438,#2439,
#2440,#2441,#2442),(#2443,#2444,#2445,#2446,#2447,#2448,#2449,#2450),(#2451,
#2452,#2453,#2454,#2455,#2456,#2457,#2458),(#2459,#2460,#2461,#2462,#2463,
#2464,#2465,#2466),(#2467,#2468,#2469,#2470,#2471,#2472,#2473,#2474),(#2475,
#2476,#2477,#2478,#2479,#2480,#2481,#2482)),.UNSPECIFIED.,.F.,.F.,.F.,(4,
1,1,1,1,2,1,1,4),(4,1,1,1,1,4),(0.,0.0749994313995635,0.0999992418660846,
0.199998483732169,0.299997725598254,0.499996209330423,0.699997725598254,
0.799998483732169,1.),(0.,0.21031128384328,0.433364944167635,0.689483303038082,
0.689486158486447,1.),.UNSPECIFIED.);
#52=B_SPLINE_SURFACE_WITH_KNOTS('',3,3,((#2490,#2491,#2492,#2493,#2494,
#2495,#2496,#2497,#2498,#2499),(#2500,#2501,#2502,#2503,#2504,#2505,#2506,
#2507,#2508,#2509),(#2510,#2511,#2512,#2513,#2514,#2515,#2516,#2517,#2518,
#2519),(#2520,#2521,#2522,#2523,#2524,#2525,#2526,#2527,#2528,#2529),(#2530,
#2531,#2532,#2533,#2534,#2535,#2536,#2537,#2538,#2539)),.UNSPECIFIED.,.F.,
 .F.,.F.,(4,1,4),(4,1,1,1,1,1,1,4),(0.,0.571428571428571,1.),(0.,0.204963611764348,
0.21031128384328,0.425722175131014,0.43336245831567,0.682749540265901,0.689483303038082,
1.),.UNSPECIFIED.);
#53=B_SPLINE_SURFACE_WITH_KNOTS('',3,3,((#2547,#2548,#2549,#2550,#2551,
#2552,#2553,#2554,#2555,#2556,#2557,#2558,#2559,#2560,#2561,#2562,#2563),
(#2564,#2565,#2566,#2567,#2568,#2569,#2570,#2571,#2572,#2573,#2574,#2575,
#2576,#2577,#2578,#2579,#2580),(#2581,#2582,#2583,#2584,#2585,#2586,#2587,
#2588,#2589,#2590,#2591,#2592,#2593,#2594,#2595,#2596,#2597),(#2598,#2599,
#2600,#2601,#2602,#2603,#2604,#2605,#2606,#2607,#2608,#2609,#2610,#2611,
#2612,#2613,#2614),(#2615,#2616,#2617,#2618,#2619,#2620,#2621,#2622,#2623,
#2624,#2625,#2626,#2627,#2628,#2629,#2630,#2631),(#2632,#2633,#2634,#2635,
#2636,#2637,#2638,#2639,#2640,#2641,#2642,#2643,#2644,#2645,#2646,#2647,
#2648),(#2649,#2650,#2651,#2652,#2653,#2654,#2655,#2656,#2657,#2658,#2659,
#2660,#2661,#2662,#2663,#2664,#2665),(#2666,#2667,#2668,#2669,#2670,#2671,
#2672,#2673,#2674,#2675,#2676,#2677,#2678,#2679,#2680,#2681,#2682),(#2683,
#2684,#2685,#2686,#2687,#2688,#2689,#2690,#2691,#2692,#2693,#2694,#2695,
#2696,#2697,#2698,#2699),(#2700,#2701,#2702,#2703,#2704,#2705,#2706,#2707,
#2708,#2709,#2710,#2711,#2712,#2713,#2714,#2715,#2716),(#2717,#2718,#2719,
#2720,#2721,#2722,#2723,#2724,#2725,#2726,#2727,#2728,#2729,#2730,#2731,
#2732,#2733),(#2734,#2735,#2736,#2737,#2738,#2739,#2740,#2741,#2742,#2743,
#2744,#2745,#2746,#2747,#2748,#2749,#2750)),.UNSPECIFIED.,.F.,.F.,.F.,(4,
1,1,1,2,1,1,1,4),(4,1,1,1,1,1,1,1,1,1,1,1,1,1,4),(0.,0.0972367054768395,
0.194473410953679,0.291710116430518,0.486183527384197,0.691710116430518,
0.845855058215259,0.89723670547684,1.),(0.,0.186899052316362,0.204963611764348,
0.214285714285714,0.321428571428571,0.399460712608862,0.425722175131014,
0.428571428571429,0.571428571428571,0.658853779204189,0.682749540265901,
0.714285714285714,0.857142857142857,0.928571428571429,1.),.UNSPECIFIED.);
#54=B_SPLINE_SURFACE_WITH_KNOTS('',3,3,((#2758,#2759,#2760,#2761,#2762,
#2763,#2764,#2765,#2766,#2767),(#2768,#2769,#2770,#2771,#2772,#2773,#2774,
#2775,#2776,#2777),(#2778,#2779,#2780,#2781,#2782,#2783,#2784,#2785,#2786,
#2787),(#2788,#2789,#2790,#2791,#2792,#2793,#2794,#2795,#2796,#2797),(#2798,
#2799,#2800,#2801,#2802,#2803,#2804,#2805,#2806,#2807)),.UNSPECIFIED.,.F.,
 .F.,.F.,(4,1,4),(4,1,1,1,1,1,1,4),(0.,0.571428571428571,1.),(0.,0.186899052316361,
0.189402672196766,0.399460712608862,0.403297958766192,0.658853779204189,
0.662155415801599,1.),.UNSPECIFIED.);
#55=FACE_OUTER_BOUND('',#70,.T.);
#56=FACE_OUTER_BOUND('',#71,.T.);
#57=FACE_OUTER_BOUND('',#72,.T.);
#58=FACE_OUTER_BOUND('',#73,.T.);
#59=FACE_OUTER_BOUND('',#74,.T.);
#60=FACE_OUTER_BOUND('',#75,.T.);
#61=FACE_OUTER_BOUND('',#76,.T.);
#62=FACE_OUTER_BOUND('',#78,.T.);
#63=FACE_OUTER_BOUND('',#79,.T.);
#64=FACE_OUTER_BOUND('',#80,.T.);
#65=FACE_OUTER_BOUND('',#81,.T.);
#66=FACE_OUTER_BOUND('',#82,.T.);
#67=FACE_OUTER_BOUND('',#83,.T.);
#68=FACE_OUTER_BOUND('',#84,.T.);
#69=FACE_OUTER_BOUND('',#85,.T.);
#70=EDGE_LOOP('',(#157));
#71=EDGE_LOOP('',(#158,#159,#160,#161));
#72=EDGE_LOOP('',(#162,#163,#164,#165,#166));
#73=EDGE_LOOP('',(#167,#168,#169,#170,#171));
#74=EDGE_LOOP('',(#172,#173,#174,#175,#176));
#75=EDGE_LOOP('',(#177,#178,#179,#180,#181));
#76=EDGE_LOOP('',(#182,#183,#184,#185,#186,#187,#188,#189));
#77=EDGE_LOOP('',(#190));
#78=EDGE_LOOP('',(#191,#192,#193,#194,#195));
#79=EDGE_LOOP('',(#196,#197,#198,#199));
#80=EDGE_LOOP('',(#200,#201,#202,#203,#204));
#81=EDGE_LOOP('',(#205,#206,#207,#208));
#82=EDGE_LOOP('',(#209,#210,#211,#212,#213));
#83=EDGE_LOOP('',(#214,#215,#216,#217));
#84=EDGE_LOOP('',(#218,#219,#220,#221,#222));
#85=EDGE_LOOP('',(#223,#224,#225,#226));
#86=B_SPLINE_CURVE_WITH_KNOTS('',3,(#285,#286,#287,#288,#289,#290,#291,
#292,#293,#294,#295,#296,#297,#298,#299,#300,#301,#302,#303,#304,#305,#306,
#307,#308,#309,#310,#311,#312,#313,#314,#315,#316,#317,#318,#319,#320,#321,
#322,#323,#324,#325,#326,#327,#328,#329,#330,#331,#332,#333,#334,#335,#336,
#337,#338,#339,#340,#341,#342,#343,#344,#345,#346,#347,#348,#349),
 .UNSPECIFIED.,.T.,.F.,(4,2,2,2,2,2,2,2,2,2,2,1,2,2,2,2,2,2,2,2,2,1,2,2,
2,2,2,2,1,2,2,2,2,4),(0.,0.0182118085583767,0.0761523871751166,0.124220627932845,
0.159101212008191,0.166755207591764,0.172609884220982,0.223275361355377,
0.249967834455472,0.312475979706871,0.327397324683424,0.334151039270965,
0.340904753858505,0.355837730263733,0.397934625519494,0.460079208133573,
0.499988038862672,0.530034002137552,0.586595783370912,0.632820340025189,
0.659078004677445,0.6658321548401,0.672586305002755,0.676143494986166,0.739422366846316,
0.750020315312234,0.803249078875779,0.827381993322887,0.834136648819939,
0.840891304316991,0.848353623902822,0.890544894033472,0.950193070003841,
1.),.UNSPECIFIED.);
#87=B_SPLINE_CURVE_WITH_KNOTS('',3,(#1391,#1392,#1393,#1394,#1395,#1396,
#1397,#1398,#1399,#1400,#1401,#1402,#1403,#1404,#1405,#1406),
 .UNSPECIFIED.,.F.,.F.,(4,1,1,1,1,1,1,1,1,1,1,1,1,4),(0.,0.0714285714285714,
0.142857142857143,0.285714285714286,0.321428571428571,0.357142857142857,
0.428571428571428,0.5,0.571428571428571,0.642857142857143,0.714285714285714,
0.821428571428571,0.857142857142857,1.),.UNSPECIFIED.);
#88=B_SPLINE_CURVE_WITH_KNOTS('',3,(#1407,#1408,#1409,#1410,#1411,#1412,
#1413,#1414,#1415,#1416,#1417,#1418,#1419,#1420,#1421,#1422,#1423,#1424,
#1425,#1426,#1427,#1428,#1429,#1430,#1431,#1432,#1433,#1434,#1435,#1436,
#1437,#1438,#1439,#1440,#1441,#1442,#1443,#1444,#1445,#1446,#1447,#1448,
#1449,#1450,#1451,#1452,#1453,#1454,#1455,#1456,#1457,#1458,#1459,#1460,
#1461,#1462,#1463,#1464,#1465,#1466,#1467,#1468,#1469,#1470,#1471),
 .UNSPECIFIED.,.T.,.F.,(4,2,2,2,2,1,2,2,2,2,2,2,1,2,2,2,2,2,2,2,2,2,1,2,
2,2,2,2,2,2,2,2,2,4),(-1.,-0.950193070003841,-0.890544894033472,-0.848353623902822,
-0.840891304316991,-0.834136648819939,-0.827381993322887,-0.803249078875779,
-0.750020315312234,-0.739422366846316,-0.676143494986166,-0.672586305002755,
-0.6658321548401,-0.659078004677445,-0.632820340025189,-0.586595783370912,
-0.530034002137552,-0.499988038862672,-0.460079208133573,-0.397934625519494,
-0.355837730263733,-0.340904753858505,-0.334151039270965,-0.327397324683424,
-0.312475979706871,-0.249967834455472,-0.223275361355377,-0.172609884220982,
-0.166755207591764,-0.159101212008191,-0.124220627932845,-0.0761523871751166,
-0.0182118085583767,0.),.UNSPECIFIED.);
#89=B_SPLINE_CURVE_WITH_KNOTS('',3,(#1575,#1576,#1577,#1578,#1579,#1580,
#1581,#1582,#1583),.UNSPECIFIED.,.F.,.F.,(4,1,1,1,1,1,4),(0.,0.142857142857143,
0.285714285714286,0.428571428571429,0.571428571428571,0.857142857142857,
1.),.UNSPECIFIED.);
#90=B_SPLINE_CURVE_WITH_KNOTS('',3,(#1806,#1807,#1808,#1809,#1810,#1811,
#1812,#1813,#1814),.UNSPECIFIED.,.F.,.F.,(4,1,1,1,1,1,4),(0.,0.142857142857143,
0.285714285714286,0.428571428571429,0.571428571428571,0.857142857142857,
1.),.UNSPECIFIED.);
#91=B_SPLINE_CURVE_WITH_KNOTS('',3,(#2048,#2049,#2050,#2051,#2052,#2053,
#2054),.UNSPECIFIED.,.F.,.F.,(4,1,1,1,4),(0.,0.12458953776242,0.265290552720256,
0.435567157049232,0.657799293079423),.UNSPECIFIED.);
#92=B_SPLINE_CURVE_WITH_KNOTS('',3,(#2055,#2056,#2057,#2058,#2059,#2060,
#2061),.UNSPECIFIED.,.F.,.F.,(4,1,1,1,4),(0.,0.124589364984942,0.265290008845297,
0.435566836619689,0.657801516419518),.UNSPECIFIED.);
#93=B_SPLINE_CURVE_WITH_KNOTS('',3,(#2112,#2113,#2114,#2115,#2116,#2117,
#2118),.UNSPECIFIED.,.F.,.F.,(4,1,1,1,4),(0.,0.128087038294131,0.273761766718376,
0.451530625978058,0.685324003565942),.UNSPECIFIED.);
#94=B_SPLINE_CURVE_WITH_KNOTS('',3,(#2323,#2324,#2325,#2326,#2327,#2328,
#2329),.UNSPECIFIED.,.F.,.F.,(4,1,1,1,4),(0.,0.187686752641188,0.389837318273346,
0.625198383731262,0.915702008485046),.UNSPECIFIED.);
#95=B_SPLINE_CURVE_WITH_KNOTS('',3,(#2380,#2381,#2382,#2383,#2384,#2385,
#2386),.UNSPECIFIED.,.F.,.F.,(4,1,1,1,4),(0.,0.194659089417711,0.401109930595949,
0.638168243415617,0.925570782764541),.UNSPECIFIED.);
#96=B_SPLINE_CURVE_WITH_KNOTS('',3,(#2483,#2484,#2485,#2486,#2487,#2488,
#2489),.UNSPECIFIED.,.F.,.F.,(4,1,1,1,4),(0.,0.194658521815205,0.401108747017081,
0.638167378055053,0.925573360867602),.UNSPECIFIED.);
#97=B_SPLINE_CURVE_WITH_KNOTS('',3,(#2540,#2541,#2542,#2543,#2544,#2545,
#2546),.UNSPECIFIED.,.F.,.F.,(4,1,1,1,4),(0.,0.187686254541664,0.389836029126653,
0.625197335758696,0.915705246048513),.UNSPECIFIED.);
#98=B_SPLINE_CURVE_WITH_KNOTS('',3,(#2751,#2752,#2753,#2754,#2755,#2756,
#2757),.UNSPECIFIED.,.F.,.F.,(4,1,1,1,4),(0.,0.1280871869817,0.273761682328741,
0.45153106002742,0.685328177934733),.UNSPECIFIED.);
#99=VERTEX_POINT('',#284);
#100=VERTEX_POINT('',#1390);
#101=VERTEX_POINT('',#1553);
#102=VERTEX_POINT('',#1554);
#103=VERTEX_POINT('',#1563);
#104=VERTEX_POINT('',#1574);
#105=VERTEX_POINT('',#1584);
#106=VERTEX_POINT('',#1680);
#107=VERTEX_POINT('',#1688);
#108=VERTEX_POINT('',#1699);
#109=VERTEX_POINT('',#1796);
#110=VERTEX_POINT('',#1805);
#111=VERTEX_POINT('',#1815);
#112=VERTEX_POINT('',#1911);
#113=VERTEX_POINT('',#1919);
#114=VERTEX_POINT('',#1936);
#115=VERTEX_POINT('',#1937);
#116=VERTEX_POINT('',#1939);
#117=VERTEX_POINT('',#1941);
#118=VERTEX_POINT('',#1943);
#119=VERTEX_POINT('',#1945);
#120=VERTEX_POINT('',#1947);
#121=VERTEX_POINT('',#1949);
#122=EDGE_CURVE('',#99,#99,#86,.T.);
#123=EDGE_CURVE('',#99,#100,#87,.T.);
#124=EDGE_CURVE('',#100,#100,#88,.T.);
#125=EDGE_CURVE('',#101,#102,#28,.T.);
#126=EDGE_CURVE('',#101,#103,#29,.T.);
#127=EDGE_CURVE('',#104,#103,#89,.T.);
#128=EDGE_CURVE('',#105,#104,#30,.T.);
#129=EDGE_CURVE('',#102,#105,#31,.T.);
#130=EDGE_CURVE('',#104,#106,#32,.T.);
#131=EDGE_CURVE('',#107,#103,#33,.T.);
#132=EDGE_CURVE('',#108,#107,#34,.T.);
#133=EDGE_CURVE('',#106,#108,#35,.T.);
#134=EDGE_CURVE('',#107,#109,#36,.T.);
#135=EDGE_CURVE('',#110,#103,#90,.T.);
#136=EDGE_CURVE('',#111,#110,#37,.T.);
#137=EDGE_CURVE('',#109,#111,#38,.T.);
#138=EDGE_CURVE('',#110,#112,#39,.T.);
#139=EDGE_CURVE('',#113,#101,#40,.T.);
#140=EDGE_CURVE('',#112,#113,#41,.T.);
#141=EDGE_CURVE('',#114,#115,#20,.T.);
#142=EDGE_CURVE('',#115,#116,#16,.T.);
#143=EDGE_CURVE('',#116,#117,#21,.T.);
#144=EDGE_CURVE('',#117,#118,#17,.T.);
#145=EDGE_CURVE('',#118,#119,#22,.T.);
#146=EDGE_CURVE('',#119,#120,#18,.T.);
#147=EDGE_CURVE('',#120,#121,#23,.T.);
#148=EDGE_CURVE('',#121,#114,#19,.T.);
#149=EDGE_CURVE('',#106,#115,#91,.T.);
#150=EDGE_CURVE('',#105,#114,#92,.T.);
#151=EDGE_CURVE('',#108,#116,#93,.T.);
#152=EDGE_CURVE('',#109,#117,#94,.T.);
#153=EDGE_CURVE('',#111,#118,#95,.T.);
#154=EDGE_CURVE('',#112,#119,#96,.T.);
#155=EDGE_CURVE('',#113,#120,#97,.T.);
#156=EDGE_CURVE('',#102,#121,#98,.T.);
#157=ORIENTED_EDGE('',*,*,#122,.T.);
#158=ORIENTED_EDGE('',*,*,#122,.F.);
#159=ORIENTED_EDGE('',*,*,#123,.T.);
#160=ORIENTED_EDGE('',*,*,#124,.F.);
#161=ORIENTED_EDGE('',*,*,#123,.F.);
#162=ORIENTED_EDGE('',*,*,#125,.F.);
#163=ORIENTED_EDGE('',*,*,#126,.T.);
#164=ORIENTED_EDGE('',*,*,#127,.F.);
#165=ORIENTED_EDGE('',*,*,#128,.F.);
#166=ORIENTED_EDGE('',*,*,#129,.F.);
#167=ORIENTED_EDGE('',*,*,#130,.F.);
#168=ORIENTED_EDGE('',*,*,#127,.T.);
#169=ORIENTED_EDGE('',*,*,#131,.F.);
#170=ORIENTED_EDGE('',*,*,#132,.F.);
#171=ORIENTED_EDGE('',*,*,#133,.F.);
#172=ORIENTED_EDGE('',*,*,#134,.F.);
#173=ORIENTED_EDGE('',*,*,#131,.T.);
#174=ORIENTED_EDGE('',*,*,#135,.F.);
#175=ORIENTED_EDGE('',*,*,#136,.F.);
#176=ORIENTED_EDGE('',*,*,#137,.F.);
#177=ORIENTED_EDGE('',*,*,#138,.F.);
#178=ORIENTED_EDGE('',*,*,#135,.T.);
#179=ORIENTED_EDGE('',*,*,#126,.F.);
#180=ORIENTED_EDGE('',*,*,#139,.F.);
#181=ORIENTED_EDGE('',*,*,#140,.F.);
#182=ORIENTED_EDGE('',*,*,#141,.T.);
#183=ORIENTED_EDGE('',*,*,#142,.T.);
#184=ORIENTED_EDGE('',*,*,#143,.T.);
#185=ORIENTED_EDGE('',*,*,#144,.T.);
#186=ORIENTED_EDGE('',*,*,#145,.T.);
#187=ORIENTED_EDGE('',*,*,#146,.T.);
#188=ORIENTED_EDGE('',*,*,#147,.T.);
#189=ORIENTED_EDGE('',*,*,#148,.T.);
#190=ORIENTED_EDGE('',*,*,#124,.T.);
#191=ORIENTED_EDGE('',*,*,#128,.T.);
#192=ORIENTED_EDGE('',*,*,#130,.T.);
#193=ORIENTED_EDGE('',*,*,#149,.T.);
#194=ORIENTED_EDGE('',*,*,#141,.F.);
#195=ORIENTED_EDGE('',*,*,#150,.F.);
#196=ORIENTED_EDGE('',*,*,#133,.T.);
#197=ORIENTED_EDGE('',*,*,#151,.T.);
#198=ORIENTED_EDGE('',*,*,#142,.F.);
#199=ORIENTED_EDGE('',*,*,#149,.F.);
#200=ORIENTED_EDGE('',*,*,#132,.T.);
#201=ORIENTED_EDGE('',*,*,#134,.T.);
#202=ORIENTED_EDGE('',*,*,#152,.T.);
#203=ORIENTED_EDGE('',*,*,#143,.F.);
#204=ORIENTED_EDGE('',*,*,#151,.F.);
#205=ORIENTED_EDGE('',*,*,#137,.T.);
#206=ORIENTED_EDGE('',*,*,#153,.T.);
#207=ORIENTED_EDGE('',*,*,#144,.F.);
#208=ORIENTED_EDGE('',*,*,#152,.F.);
#209=ORIENTED_EDGE('',*,*,#136,.T.);
#210=ORIENTED_EDGE('',*,*,#138,.T.);
#211=ORIENTED_EDGE('',*,*,#154,.T.);
#212=ORIENTED_EDGE('',*,*,#145,.F.);
#213=ORIENTED_EDGE('',*,*,#153,.F.);
#214=ORIENTED_EDGE('',*,*,#140,.T.);
#215=ORIENTED_EDGE('',*,*,#155,.T.);
#216=ORIENTED_EDGE('',*,*,#146,.F.);
#217=ORIENTED_EDGE('',*,*,#154,.F.);
#218=ORIENTED_EDGE('',*,*,#139,.T.);
#219=ORIENTED_EDGE('',*,*,#125,.T.);
#220=ORIENTED_EDGE('',*,*,#156,.T.);
#221=ORIENTED_EDGE('',*,*,#147,.F.);
#222=ORIENTED_EDGE('',*,*,#155,.F.);
#223=ORIENTED_EDGE('',*,*,#129,.T.);
#224=ORIENTED_EDGE('',*,*,#150,.T.);
#225=ORIENTED_EDGE('',*,*,#148,.F.);
#226=ORIENTED_EDGE('',*,*,#156,.F.);
#227=PLANE('',#258);
#228=PLANE('',#259);
#229=ADVANCED_FACE('',(#55),#227,.F.);
#230=ADVANCED_FACE('',(#56),#42,.F.);
#231=ADVANCED_FACE('',(#57),#43,.F.);
#232=ADVANCED_FACE('',(#58),#44,.F.);
#233=ADVANCED_FACE('',(#59),#45,.F.);
#234=ADVANCED_FACE('',(#60),#46,.F.);
#235=ADVANCED_FACE('',(#61,#15),#228,.F.);
#236=ADVANCED_FACE('',(#62),#47,.T.);
#237=ADVANCED_FACE('',(#63),#48,.T.);
#238=ADVANCED_FACE('',(#64),#49,.T.);
#239=ADVANCED_FACE('',(#65),#50,.T.);
#240=ADVANCED_FACE('',(#66),#51,.T.);
#241=ADVANCED_FACE('',(#67),#52,.T.);
#242=ADVANCED_FACE('',(#68),#53,.T.);
#243=ADVANCED_FACE('',(#69),#54,.T.);
#244=CLOSED_SHELL('',(#229,#230,#231,#232,#233,#234,#235,#236,#237,#238,
#239,#240,#241,#242,#243));
#245=DERIVED_UNIT_ELEMENT(#247,1.);
#246=DERIVED_UNIT_ELEMENT(#2813,-3.);
#247=(
MASS_UNIT()
NAMED_UNIT(*)
SI_UNIT(.KILO.,.GRAM.)
);
#248=DERIVED_UNIT((#245,#246));
#249=MEASURE_REPRESENTATION_ITEM('density measure',
POSITIVE_RATIO_MEASURE(7850.),#248);
#250=PROPERTY_DEFINITION_REPRESENTATION(#255,#252);
#251=PROPERTY_DEFINITION_REPRESENTATION(#256,#253);
#252=REPRESENTATION('material name',(#254),#2810);
#253=REPRESENTATION('density',(#249),#2810);
#254=DESCRIPTIVE_REPRESENTATION_ITEM('Steel','Steel');
#255=PROPERTY_DEFINITION('material property','material name',#2820);
#256=PROPERTY_DEFINITION('material property','density of part',#2820);
#257=AXIS2_PLACEMENT_3D('',#282,#264,#265);
#258=AXIS2_PLACEMENT_3D('',#283,#266,#267);
#259=AXIS2_PLACEMENT_3D('',#1935,#268,#269);
#260=AXIS2_PLACEMENT_3D('',#1940,#271,#272);
#261=AXIS2_PLACEMENT_3D('',#1944,#274,#275);
#262=AXIS2_PLACEMENT_3D('',#1948,#277,#278);
#263=AXIS2_PLACEMENT_3D('',#1951,#280,#281);
#264=DIRECTION('axis',(0.,0.,1.));
#265=DIRECTION('refdir',(1.,0.,0.));
#266=DIRECTION('center_axis',(0.,0.,1.));
#267=DIRECTION('ref_axis',(1.,0.,0.));
#268=DIRECTION('center_axis',(-1.97529317968671E-17,-1.24553463135384E-17,
1.));
#269=DIRECTION('ref_axis',(1.,0.,1.97529317968671E-17));
#270=DIRECTION('',(-1.,-3.1720657846433E-16,0.));
#271=DIRECTION('center_axis',(0.,0.,-1.));
#272=DIRECTION('ref_axis',(-1.,-2.22044604925031E-15,0.));
#273=DIRECTION('',(-9.44870659255452E-17,1.,0.));
#274=DIRECTION('center_axis',(0.,0.,-1.));
#275=DIRECTION('ref_axis',(0.,1.,0.));
#276=DIRECTION('',(1.,4.81482486096809E-35,0.));
#277=DIRECTION('center_axis',(0.,0.,-1.));
#278=DIRECTION('ref_axis',(1.,0.,0.));
#279=DIRECTION('',(4.72435329627726E-17,-1.,0.));
#280=DIRECTION('center_axis',(0.,0.,-1.));
#281=DIRECTION('ref_axis',(0.,-1.,0.));
#282=CARTESIAN_POINT('',(0.,0.,0.));
#283=CARTESIAN_POINT('Origin',(0.454771167854702,0.000151885169774904,3.35));
#284=CARTESIAN_POINT('',(5.,-1.11022302462516E-15,3.35));
#285=CARTESIAN_POINT('Ctrl Pts',(5.,-1.11022302462516E-15,3.35));
#286=CARTESIAN_POINT('Ctrl Pts',(5.,-0.352922737172087,3.35));
#287=CARTESIAN_POINT('Ctrl Pts',(4.99999916285515,-0.705848953827419,3.35));
#288=CARTESIAN_POINT('Ctrl Pts',(4.99999965576448,-2.18161935963397,3.35));
#289=CARTESIAN_POINT('Ctrl Pts',(4.99997763068837,-3.30448213834582,3.35));
#290=CARTESIAN_POINT('Ctrl Pts',(4.99999550604496,-5.35893382771521,3.35));
#291=CARTESIAN_POINT('Ctrl Pts',(4.99985217790065,-6.29043358236169,3.35));
#292=CARTESIAN_POINT('Ctrl Pts',(5.00007223333757,-7.89809327698823,3.35));
#293=CARTESIAN_POINT('Ctrl Pts',(4.99909305183794,-8.57360532171225,3.35));
#294=CARTESIAN_POINT('Ctrl Pts',(5.00054208331678,-9.39863025886886,3.35));
#295=CARTESIAN_POINT('Ctrl Pts',(4.93046411255779,-9.54541743299293,3.35));
#296=CARTESIAN_POINT('Ctrl Pts',(4.72663690462324,-9.71018529305529,3.35));
#297=CARTESIAN_POINT('Ctrl Pts',(4.61370593306176,-9.75030539987693,3.35));
#298=CARTESIAN_POINT('Ctrl Pts',(3.51785771289413,-9.74935484625206,3.35));
#299=CARTESIAN_POINT('Ctrl Pts',(2.53620724472036,-9.75009827918739,3.35));
#300=CARTESIAN_POINT('Ctrl Pts',(1.03684929101373,-9.74998591989099,3.35));
#301=CARTESIAN_POINT('Ctrl Pts',(0.519532128541446,-9.75002645797542,3.35));
#302=CARTESIAN_POINT('Ctrl Pts',(-1.20926222403868,-9.75004955095858,3.35));
#303=CARTESIAN_POINT('Ctrl Pts',(-2.42077108492753,-9.75019066139113,3.35));
#304=CARTESIAN_POINT('Ctrl Pts',(-3.92147299340721,-9.75039925890232,3.34999999999999));
#305=CARTESIAN_POINT('Ctrl Pts',(-4.21068040284804,-9.7503028615423,3.34999999999999));
#306=CARTESIAN_POINT('Ctrl Pts',(-4.63075219557252,-9.75059002633522,3.34999999999999));
#307=CARTESIAN_POINT('Ctrl Pts',(-4.8910386827976,-9.64105364417227,3.34999999999999));
#308=CARTESIAN_POINT('Ctrl Pts',(-5.00057397996641,-9.38076747127807,3.34999999999999));
#309=CARTESIAN_POINT('Ctrl Pts',(-5.00028439181317,-8.96046964161943,3.35));
#310=CARTESIAN_POINT('Ctrl Pts',(-5.00037462388606,-8.6710396708266,3.34999999999999));
#311=CARTESIAN_POINT('Ctrl Pts',(-5.0002208001371,-7.56571828360675,3.35));
#312=CARTESIAN_POINT('Ctrl Pts',(-5.00013611299877,-6.74982006431656,3.35));
#313=CARTESIAN_POINT('Ctrl Pts',(-5.00006307066443,-4.72941506988186,3.35));
#314=CARTESIAN_POINT('Ctrl Pts',(-5.00002027798247,-3.52493441076938,3.35));
#315=CARTESIAN_POINT('Ctrl Pts',(-5.00001098018335,-1.54696570531294,3.35));
#316=CARTESIAN_POINT('Ctrl Pts',(-5.0000077144463,-0.773475397973521,3.35));
#317=CARTESIAN_POINT('Ctrl Pts',(-5.00000759089557,0.582321909552036,3.35));
#318=CARTESIAN_POINT('Ctrl Pts',(-5.00000856168344,1.16464634324215,3.35));
#319=CARTESIAN_POINT('Ctrl Pts',(-5.00001446927551,2.84320449157632,3.35));
#320=CARTESIAN_POINT('Ctrl Pts',(-5.00003687768562,3.9394327069534,3.35));
#321=CARTESIAN_POINT('Ctrl Pts',(-5.00008568743804,5.93153504356154,3.35));
#322=CARTESIAN_POINT('Ctrl Pts',(-5.00013654674819,6.82738752925348,3.35));
#323=CARTESIAN_POINT('Ctrl Pts',(-5.00030612860349,8.23211478702997,3.35));
#324=CARTESIAN_POINT('Ctrl Pts',(-5.00018268010558,8.74099074927462,3.35000000000001));
#325=CARTESIAN_POINT('Ctrl Pts',(-5.00062761923019,9.38072371831923,3.35000000000001));
#326=CARTESIAN_POINT('Ctrl Pts',(-4.89108626424939,9.64101317414866,3.35000000000001));
#327=CARTESIAN_POINT('Ctrl Pts',(-4.63080180184197,9.75054361218792,3.35000000000001));
#328=CARTESIAN_POINT('Ctrl Pts',(-4.43097260036817,9.75041350177755,3.35000000000001));
#329=CARTESIAN_POINT('Ctrl Pts',(-4.36202905429033,9.75044633438414,3.35000000000001));
#330=CARTESIAN_POINT('Ctrl Pts',(-3.06673052911334,9.75025622732477,3.35000000000001));
#331=CARTESIAN_POINT('Ctrl Pts',(-1.84035224219474,9.75007814820605,3.35));
#332=CARTESIAN_POINT('Ctrl Pts',(-0.408598517600145,9.75006535270474,3.35));
#333=CARTESIAN_POINT('Ctrl Pts',(-0.20320758456333,9.75006477448225,3.35));
#334=CARTESIAN_POINT('Ctrl Pts',(1.03374627324039,9.75007724031679,3.35));
#335=CARTESIAN_POINT('Ctrl Pts',(2.06530382358167,9.75014661120944,3.35));
#336=CARTESIAN_POINT('Ctrl Pts',(3.56452239040533,9.75033099028008,3.35));
#337=CARTESIAN_POINT('Ctrl Pts',(4.03219629457242,9.75020960184765,3.35));
#338=CARTESIAN_POINT('Ctrl Pts',(4.63071809997873,9.75062508673991,3.35));
#339=CARTESIAN_POINT('Ctrl Pts',(4.89100961236852,9.64108268192314,3.35));
#340=CARTESIAN_POINT('Ctrl Pts',(5.00053777483695,9.38079673484356,3.35));
#341=CARTESIAN_POINT('Ctrl Pts',(5.00035286847799,9.10530576876813,3.34999999999999));
#342=CARTESIAN_POINT('Ctrl Pts',(5.00041174428703,8.96069132226517,3.35));
#343=CARTESIAN_POINT('Ctrl Pts',(5.00027218605602,7.99848860560498,3.35));
#344=CARTESIAN_POINT('Ctrl Pts',(5.00015740904679,7.1809029112646,3.35));
#345=CARTESIAN_POINT('Ctrl Pts',(5.00007623725439,5.20739465046644,3.35));
#346=CARTESIAN_POINT('Ctrl Pts',(5.00002547753659,4.05149720550137,3.35));
#347=CARTESIAN_POINT('Ctrl Pts',(5.00001148006496,1.93039309083766,3.35));
#348=CARTESIAN_POINT('Ctrl Pts',(5.,0.965197827993735,3.35));
#349=CARTESIAN_POINT('Ctrl Pts',(5.,0.,3.35));
#350=CARTESIAN_POINT('Ctrl Pts',(5.,-1.11022302462516E-15,3.35));
#351=CARTESIAN_POINT('Ctrl Pts',(5.02329663988492,1.96285713897142E-7,3.34986453840416));
#352=CARTESIAN_POINT('Ctrl Pts',(5.10468664111128,5.88857166683122E-7,3.33328395455931));
#353=CARTESIAN_POINT('Ctrl Pts',(5.39543909715201,1.37400015032766E-6,3.23620746931342));
#354=CARTESIAN_POINT('Ctrl Pts',(5.78903303886646,2.0610003464289E-6,3.07146621610476));
#355=CARTESIAN_POINT('Ctrl Pts',(6.15797698304158,2.64985769402906E-6,2.88088931353894));
#356=CARTESIAN_POINT('Ctrl Pts',(6.40783763231358,3.04242926724733E-6,2.74118130849075));
#357=CARTESIAN_POINT('Ctrl Pts',(6.71899216402584,3.53314374601016E-6,2.54376859671502));
#358=CARTESIAN_POINT('Ctrl Pts',(7.06597389133668,4.12200113035771E-6,2.27286560466736));
#359=CARTESIAN_POINT('Ctrl Pts',(7.37082814924393,4.71085851477415E-6,1.96988212852512));
#360=CARTESIAN_POINT('Ctrl Pts',(7.62516283420424,5.29971588948166E-6,1.63610374716264));
#361=CARTESIAN_POINT('Ctrl Pts',(7.86075869968614,5.98671613722875E-6,1.21134957463309));
#362=CARTESIAN_POINT('Ctrl Pts',(7.99843035605314,6.57557345583126E-6,0.809492537535184));
#363=CARTESIAN_POINT('Ctrl Pts',(8.121698745585,7.36071648866602E-6,0.231783802400904));
#364=CARTESIAN_POINT('Ctrl Pts',(8.15378755454595,7.85143083327858E-6,-0.162434306833415));
#365=CARTESIAN_POINT('Ctrl Pts',(8.15429507615651,8.24400226334676E-6,-0.5));
#366=CARTESIAN_POINT('Ctrl Pts',(5.,-0.352922737172087,3.35));
#367=CARTESIAN_POINT('Ctrl Pts',(5.0232543525032,-0.361900225641631,3.34986453785081));
#368=CARTESIAN_POINT('Ctrl Pts',(5.10455996023469,-0.380474970456315,3.333283952985));
#369=CARTESIAN_POINT('Ctrl Pts',(5.39514311770457,-0.419725702663277,3.23620746603448));
#370=CARTESIAN_POINT('Ctrl Pts',(5.78858961578819,-0.456334178816192,3.07146621176938));
#371=CARTESIAN_POINT('Ctrl Pts',(6.1574064232576,-0.488622399634217,2.88088930859807));
#372=CARTESIAN_POINT('Ctrl Pts',(6.40718232740318,-0.510343452108322,2.74118130322551));
#373=CARTESIAN_POINT('Ctrl Pts',(6.71823109249249,-0.537773215035596,2.54376859119164));
#374=CARTESIAN_POINT('Ctrl Pts',(7.06508581930647,-0.570851485629377,2.27286559906562));
#375=CARTESIAN_POINT('Ctrl Pts',(7.36981308457378,-0.603809655509457,1.96988212307211));
#376=CARTESIAN_POINT('Ctrl Pts',(7.62402081640389,-0.63636502888721,1.63610374208115));
#377=CARTESIAN_POINT('Ctrl Pts',(7.85946844759161,-0.673546412125253,1.21134957023994));
#378=CARTESIAN_POINT('Ctrl Pts',(7.99701347359939,-0.704206144852946,0.809492533999754));
#379=CARTESIAN_POINT('Ctrl Pts',(8.12011244310105,-0.743228929849894,0.231783800286048));
#380=CARTESIAN_POINT('Ctrl Pts',(8.15209605929169,-0.76602105930754,-0.162434307846292));
#381=CARTESIAN_POINT('Ctrl Pts',(8.15251900614001,-0.78285504457666,-0.5));
#382=CARTESIAN_POINT('Ctrl Pts',(4.99999916285515,-0.705848953827419,3.35));
#383=CARTESIAN_POINT('Ctrl Pts',(5.02336213102951,-0.722618882433851,3.3498648229458));
#384=CARTESIAN_POINT('Ctrl Pts',(5.10477461064207,-0.7579628180271,3.33328471303819));
#385=CARTESIAN_POINT('Ctrl Pts',(5.39514782658399,-0.83483742787996,3.23620961240305));
#386=CARTESIAN_POINT('Ctrl Pts',(5.78794615042871,-0.908800228685955,3.07146889638591));
#387=CARTESIAN_POINT('Ctrl Pts',(6.15615514336897,-0.974807042720618,2.88089297760747));
#388=CARTESIAN_POINT('Ctrl Pts',(6.40552991296937,-1.01936321835262,2.74118551521919));
#389=CARTESIAN_POINT('Ctrl Pts',(6.71611921235793,-1.07582218747638,2.54377279560576));
#390=CARTESIAN_POINT('Ctrl Pts',(7.06258734927251,-1.14392972947164,2.27287044514577));
#391=CARTESIAN_POINT('Ctrl Pts',(7.36714277702546,-1.21159476729997,1.96988677873146));
#392=CARTESIAN_POINT('Ctrl Pts',(7.62140460985575,-1.27803870063739,1.63610859924758));
#393=CARTESIAN_POINT('Ctrl Pts',(7.85715208051018,-1.35328405547559,1.21135358748161));
#394=CARTESIAN_POINT('Ctrl Pts',(7.99515842811645,-1.41443612957075,0.809495872860893));
#395=CARTESIAN_POINT('Ctrl Pts',(8.11898218666026,-1.49100476702999,0.231785816807458));
#396=CARTESIAN_POINT('Ctrl Pts',(8.1514733060224,-1.53460871262593,-0.162433294548601));
#397=CARTESIAN_POINT('Ctrl Pts',(8.15227542729239,-1.56582490935525,-0.5));
#398=CARTESIAN_POINT('Ctrl Pts',(4.99999965576448,-2.18161935963397,3.35));
#399=CARTESIAN_POINT('Ctrl Pts',(5.02427502276485,-2.2265400717402,3.34986707911056));
#400=CARTESIAN_POINT('Ctrl Pts',(5.10678801642501,-2.32449635200332,3.33329074141842));
#401=CARTESIAN_POINT('Ctrl Pts',(5.39650317654515,-2.54849228140896,3.23622655792114));
#402=CARTESIAN_POINT('Ctrl Pts',(5.78561870642808,-2.77500773666619,3.07149014257134));
#403=CARTESIAN_POINT('Ctrl Pts',(6.15045595602364,-2.98063737278058,2.88092194366579));
#404=CARTESIAN_POINT('Ctrl Pts',(6.39766084706238,-3.12010225846369,2.74121874319449));
#405=CARTESIAN_POINT('Ctrl Pts',(6.70593616485985,-3.29761513762806,2.54380601669048));
#406=CARTESIAN_POINT('Ctrl Pts',(7.05096019686126,-3.51163021615955,2.27290868008065));
#407=CARTESIAN_POINT('Ctrl Pts',(7.35573947806361,-3.72313480192941,1.96992354903133));
#408=CARTESIAN_POINT('Ctrl Pts',(7.61192633353392,-3.92879931768467,1.63614691394823));
#409=CARTESIAN_POINT('Ctrl Pts',(7.85162901830424,-4.15857038839008,1.21138533024179));
#410=CARTESIAN_POINT('Ctrl Pts',(7.9944191926156,-4.34102436163723,0.809522259712287));
#411=CARTESIAN_POINT('Ctrl Pts',(8.12513734488081,-4.56353935895196,0.231801768518351));
#412=CARTESIAN_POINT('Ctrl Pts',(8.16209582387108,-4.68497638378243,-0.162425279296883));
#413=CARTESIAN_POINT('Ctrl Pts',(8.16600327535098,-4.76719832219823,-0.5));
#414=CARTESIAN_POINT('Ctrl Pts',(4.99997763068837,-3.30448213834582,3.35));
#415=CARTESIAN_POINT('Ctrl Pts',(5.02605638947842,-3.36009028075501,3.34987137137663));
#416=CARTESIAN_POINT('Ctrl Pts',(5.11080941600234,-3.48698565204263,3.33330222747666));
#417=CARTESIAN_POINT('Ctrl Pts',(5.39963187982556,-3.79539975561146,3.2362587446157));
#418=CARTESIAN_POINT('Ctrl Pts',(5.78210911432273,-4.12472145591484,3.07153056371049));
#419=CARTESIAN_POINT('Ctrl Pts',(6.14085895123037,-4.42864089586127,2.88097696158945));
#420=CARTESIAN_POINT('Ctrl Pts',(6.38415052296554,-4.6356539803693,2.74128182433869));
#421=CARTESIAN_POINT('Ctrl Pts',(6.68827778978256,-4.9000991318373,2.54386915263146));
#422=CARTESIAN_POINT('Ctrl Pts',(7.03082637215541,-5.21829132645596,2.27298127266451));
#423=CARTESIAN_POINT('Ctrl Pts',(7.33626274840572,-5.53065684732374,1.96999340931138));
#424=CARTESIAN_POINT('Ctrl Pts',(7.59630375125276,-5.83099199587409,1.63621964809215));
#425=CARTESIAN_POINT('Ctrl Pts',(7.84372204360055,-6.16151440164825,1.21144565744656));
#426=CARTESIAN_POINT('Ctrl Pts',(7.99574794819489,-6.41728121114509,0.809572413638418));
#427=CARTESIAN_POINT('Ctrl Pts',(8.1397782132722,-6.72015345137419,0.231832107723544));
#428=CARTESIAN_POINT('Ctrl Pts',(8.18536070300101,-6.87724419910347,-0.162410035339223));
#429=CARTESIAN_POINT('Ctrl Pts',(8.19530976991036,-6.97616563660003,-0.5));
#430=CARTESIAN_POINT('Ctrl Pts',(4.99999550604496,-5.35893382771521,3.35));
#431=CARTESIAN_POINT('Ctrl Pts',(5.02896873350397,-5.42182985041929,3.34988209980898));
#432=CARTESIAN_POINT('Ctrl Pts',(5.11412605940788,-5.57155951739709,3.33333115244935));
#433=CARTESIAN_POINT('Ctrl Pts',(5.38368216523197,-5.95539729840238,3.23633858704498));
#434=CARTESIAN_POINT('Ctrl Pts',(5.72742871047675,-6.38313880943869,3.07163166112136));
#435=CARTESIAN_POINT('Ctrl Pts',(6.04852371847087,-6.78022316403301,2.88111346743722));
#436=CARTESIAN_POINT('Ctrl Pts',(6.26627075663971,-7.05076342470629,2.7414379515835));
#437=CARTESIAN_POINT('Ctrl Pts',(6.53903848968047,-7.39552850724168,2.54402627082866));
#438=CARTESIAN_POINT('Ctrl Pts',(6.848869043542,-7.80597040485048,2.27316104549548));
#439=CARTESIAN_POINT('Ctrl Pts',(7.1289221941549,-8.20310412452814,1.97016703306137));
#440=CARTESIAN_POINT('Ctrl Pts',(7.37201828449004,-8.57807714331947,1.63639967609151));
#441=CARTESIAN_POINT('Ctrl Pts',(7.60943156790173,-8.98280735734649,1.21159584810159));
#442=CARTESIAN_POINT('Ctrl Pts',(7.76262219540533,-9.2872690118121,0.809697356022825));
#443=CARTESIAN_POINT('Ctrl Pts',(7.91629174303692,-9.63913359081904,0.231907939516837));
#444=CARTESIAN_POINT('Ctrl Pts',(7.97362985825756,-9.81423041071308,-0.162371938014052));
#445=CARTESIAN_POINT('Ctrl Pts',(7.99545513136278,-9.91904331324466,-0.5));
#446=CARTESIAN_POINT('Ctrl Pts',(4.99985217790065,-6.29043358236169,3.35));
#447=CARTESIAN_POINT('Ctrl Pts',(5.02998549588735,-6.35202002175619,3.3498880460696));
#448=CARTESIAN_POINT('Ctrl Pts',(5.11373194124785,-6.5007788215397,3.33334724361153));
#449=CARTESIAN_POINT('Ctrl Pts',(5.36681084642253,-6.88910854809509,3.2363826726134));
#450=CARTESIAN_POINT('Ctrl Pts',(5.68125810342272,-7.32777293904177,3.07168771267651));
#451=CARTESIAN_POINT('Ctrl Pts',(5.97348889879552,-7.73453381582745,2.88118884793897));
#452=CARTESIAN_POINT('Ctrl Pts',(6.17145429699463,-8.01131071166251,2.7415240606757));
#453=CARTESIAN_POINT('Ctrl Pts',(6.41934726715874,-8.36291011134112,2.54411316431326));
#454=CARTESIAN_POINT('Ctrl Pts',(6.70159485146761,-8.77822277438241,2.27326022494924));
#455=CARTESIAN_POINT('Ctrl Pts',(6.95799406395076,-9.17630286384906,1.97026299168729));
#456=CARTESIAN_POINT('Ctrl Pts',(7.1823237639324,-9.54807676465464,1.63649896980647));
#457=CARTESIAN_POINT('Ctrl Pts',(7.4039321802321,-9.94506906192041,1.2116789275422));
#458=CARTESIAN_POINT('Ctrl Pts',(7.55017888204946,-10.2394981113532,0.809766491009958));
#459=CARTESIAN_POINT('Ctrl Pts',(7.70113792972027,-10.5767303278,0.231949969358605));
#460=CARTESIAN_POINT('Ctrl Pts',(7.76178152603398,-10.7422336265754,-0.162350823753155));
#461=CARTESIAN_POINT('Ctrl Pts',(7.78930126515006,-10.8404406119727,-0.5));
#462=CARTESIAN_POINT('Ctrl Pts',(5.00007223333757,-7.89809327698823,3.35));
#463=CARTESIAN_POINT('Ctrl Pts',(5.03063348472388,-7.95342526359333,3.34989918426159));
#464=CARTESIAN_POINT('Ctrl Pts',(5.10751365176668,-8.08769925756891,3.3333776077302));
#465=CARTESIAN_POINT('Ctrl Pts',(5.31893065434638,-8.44165715902842,3.23646462419429));
#466=CARTESIAN_POINT('Ctrl Pts',(5.56645151693993,-8.84426648319461,3.07179277465626));
#467=CARTESIAN_POINT('Ctrl Pts',(5.79285559542139,-9.21295491216716,2.88132900502381));
#468=CARTESIAN_POINT('Ctrl Pts',(5.94556398957737,-9.46226728366024,2.7416837643914));
#469=CARTESIAN_POINT('Ctrl Pts',(6.13597212509037,-9.77531036546401,2.54427522032471));
#470=CARTESIAN_POINT('Ctrl Pts',(6.35266388129456,-10.1365730719917,2.27344428043936));
#471=CARTESIAN_POINT('Ctrl Pts',(6.55035522190287,-10.4738684461471,1.97044171748243));
#472=CARTESIAN_POINT('Ctrl Pts',(6.72503116475211,-10.779815922015,1.63668313823706));
#473=CARTESIAN_POINT('Ctrl Pts',(6.90058789957949,-11.0979887484264,1.21183393674312));
#474=CARTESIAN_POINT('Ctrl Pts',(7.02089592134115,-11.3268243792601,0.809895565278057));
#475=CARTESIAN_POINT('Ctrl Pts',(7.15197521022799,-11.5869569841048,0.232028700038657));
#476=CARTESIAN_POINT('Ctrl Pts',(7.21173725611104,-11.7143588154776,-0.162311276809986));
#477=CARTESIAN_POINT('Ctrl Pts',(7.24643545346422,-11.7936590876832,-0.5));
#478=CARTESIAN_POINT('Ctrl Pts',(4.99909305183794,-8.57360532171225,3.35));
#479=CARTESIAN_POINT('Ctrl Pts',(5.02935397016836,-8.6250883614259,3.34990413557348));
#480=CARTESIAN_POINT('Ctrl Pts',(5.1022310270307,-8.74985692362866,3.33339116834339));
#481=CARTESIAN_POINT('Ctrl Pts',(5.2932004999855,-9.07911401058568,3.23650087826238));
#482=CARTESIAN_POINT('Ctrl Pts',(5.50944261544841,-9.4539431267355,3.07183949786437));
#483=CARTESIAN_POINT('Ctrl Pts',(5.70508896233555,-9.79417656189579,2.88139101697191));
#484=CARTESIAN_POINT('Ctrl Pts',(5.83665634285164,-10.0232933624193,2.74175431100946));
#485=CARTESIAN_POINT('Ctrl Pts',(6.00019022575341,-10.3088012414649,2.54434706084688));
#486=CARTESIAN_POINT('Ctrl Pts',(6.18600215180642,-10.6333292378028,2.2735256154743));
#487=CARTESIAN_POINT('Ctrl Pts',(6.35571519462609,-10.9310698184047,1.97052088101067));
#488=CARTESIAN_POINT('Ctrl Pts',(6.50632615283145,-11.195782975269,1.6367644950611));
#489=CARTESIAN_POINT('Ctrl Pts',(6.65899238555504,-11.4660008445935,1.21190267210469));
#490=CARTESIAN_POINT('Ctrl Pts',(6.76575548919715,-11.6562036091219,0.80995282367353));
#491=CARTESIAN_POINT('Ctrl Pts',(6.88537201814782,-11.8717248437088,0.232063699340401));
#492=CARTESIAN_POINT('Ctrl Pts',(6.9433562308107,-11.9777704587625,-0.162293697688133));
#493=CARTESIAN_POINT('Ctrl Pts',(6.98026495631349,-12.0468295647434,-0.5));
#494=CARTESIAN_POINT('Ctrl Pts',(5.00054208331678,-9.39863025886886,3.35));
#495=CARTESIAN_POINT('Ctrl Pts',(5.02949709548035,-9.44500475692175,3.34991023256491));
#496=CARTESIAN_POINT('Ctrl Pts',(5.09390836306585,-9.55678506819543,3.33340798539139));
#497=CARTESIAN_POINT('Ctrl Pts',(5.24742185518382,-9.85132953335706,3.23654518776079));
#498=CARTESIAN_POINT('Ctrl Pts',(5.4082411453313,-10.1860849319162,3.07189706941643));
#499=CARTESIAN_POINT('Ctrl Pts',(5.54909338209325,-10.485741575582,2.88146682425153));
#500=CARTESIAN_POINT('Ctrl Pts',(5.64271916633821,-10.6861749797642,2.74184033557704));
#501=CARTESIAN_POINT('Ctrl Pts',(5.75722829641874,-10.9328472814399,2.54443514840889));
#502=CARTESIAN_POINT('Ctrl Pts',(5.88497235883831,-11.2063330660089,2.27362485532413));
#503=CARTESIAN_POINT('Ctrl Pts',(5.99991545301553,-11.4498630737461,1.97061782102917));
#504=CARTESIAN_POINT('Ctrl Pts',(6.10102479185783,-11.6587801940722,1.63686370806539));
#505=CARTESIAN_POINT('Ctrl Pts',(6.20382777941371,-11.8648138213261,1.21198698798079));
#506=CARTESIAN_POINT('Ctrl Pts',(6.27773696228556,-12.0038636216662,0.810023105276688));
#507=CARTESIAN_POINT('Ctrl Pts',(6.36628753388652,-12.1608849178672,0.232106798923092));
#508=CARTESIAN_POINT('Ctrl Pts',(6.41508875639407,-12.2391932069255,-0.162272052407638));
#509=CARTESIAN_POINT('Ctrl Pts',(6.45284850552651,-12.2952661400985,-0.5));
#510=CARTESIAN_POINT('Ctrl Pts',(4.93046411255779,-9.54541743299293,3.35));
#511=CARTESIAN_POINT('Ctrl Pts',(4.95914702563636,-9.59085627410487,3.3499113320412));
#512=CARTESIAN_POINT('Ctrl Pts',(5.02264733509384,-9.70027453814244,3.33341102266558));
#513=CARTESIAN_POINT('Ctrl Pts',(5.17279949113216,-9.98847632592401,3.23655316509925));
#514=CARTESIAN_POINT('Ctrl Pts',(5.32918217553107,-10.3159648844345,3.07190745280018));
#515=CARTESIAN_POINT('Ctrl Pts',(5.46583077123598,-10.608224982582,2.88148047300468));
#516=CARTESIAN_POINT('Ctrl Pts',(5.55663404025698,-10.8034353837954,2.74185581539706));
#517=CARTESIAN_POINT('Ctrl Pts',(5.66770303427701,-11.0430560198844,2.5444510186173));
#518=CARTESIAN_POINT('Ctrl Pts',(5.79171261355755,-11.307285310832,2.27364271555263));
#519=CARTESIAN_POINT('Ctrl Pts',(5.90350671124933,-11.5409999202478,1.97063528115694));
#520=CARTESIAN_POINT('Ctrl Pts',(6.00213427520936,-11.7398298384874,1.63688156135389));
#521=CARTESIAN_POINT('Ctrl Pts',(6.10278068256013,-11.9342615075699,1.21200218006986));
#522=CARTESIAN_POINT('Ctrl Pts',(6.17564585734635,-12.0640969708268,0.810035770397284));
#523=CARTESIAN_POINT('Ctrl Pts',(6.26332140622849,-12.2105437486706,0.232114571183281));
#524=CARTESIAN_POINT('Ctrl Pts',(6.31209216238653,-12.2838747387282,-0.162268149150555));
#525=CARTESIAN_POINT('Ctrl Pts',(6.3499322153051,-12.3375911870112,-0.5));
#526=CARTESIAN_POINT('Ctrl Pts',(4.72663690462324,-9.71018529305529,3.35));
#527=CARTESIAN_POINT('Ctrl Pts',(4.75476868534079,-9.75396023870876,3.34991327256598));
#528=CARTESIAN_POINT('Ctrl Pts',(4.8171246156578,-9.86009677773872,3.33341639229075));
#529=CARTESIAN_POINT('Ctrl Pts',(4.96484807893473,-10.1421528131282,3.23656721951388));
#530=CARTESIAN_POINT('Ctrl Pts',(5.11873632743375,-10.464647854691,3.07192578180099));
#531=CARTESIAN_POINT('Ctrl Pts',(5.25395988271524,-10.7521863088517,2.88150452054806));
#532=CARTESIAN_POINT('Ctrl Pts',(5.34401250503182,-10.9440710580932,2.74188307258311));
#533=CARTESIAN_POINT('Ctrl Pts',(5.45458331985957,-11.1791021080402,2.5444790003545));
#534=CARTESIAN_POINT('Ctrl Pts',(5.57899813786242,-11.4368572537798,2.27367416879645));
#535=CARTESIAN_POINT('Ctrl Pts',(5.692206808621,-11.6631331430022,1.97066605654605));
#536=CARTESIAN_POINT('Ctrl Pts',(5.79309923043211,-11.853658177632,1.63691299828901));
#537=CARTESIAN_POINT('Ctrl Pts',(5.897050450009,-12.037788523757,1.21202896889123));
#538=CARTESIAN_POINT('Ctrl Pts',(5.97288063950912,-12.158525792553,0.810058106674918));
#539=CARTESIAN_POINT('Ctrl Pts',(6.06393766905474,-12.293514850741,0.232128289004313));
#540=CARTESIAN_POINT('Ctrl Pts',(6.11392343156759,-12.360363592604,-0.162261260191063));
#541=CARTESIAN_POINT('Ctrl Pts',(6.15176352527753,-12.4099214576954,-0.5));
#542=CARTESIAN_POINT('Ctrl Pts',(4.61370593306176,-9.75030539987693,3.35));
#543=CARTESIAN_POINT('Ctrl Pts',(4.64157534795404,-9.79335505446819,3.34991411360522));
#544=CARTESIAN_POINT('Ctrl Pts',(4.70361949621836,-9.8983654150931,3.33341872250575));
#545=CARTESIAN_POINT('Ctrl Pts',(4.85128274153882,-10.1793659188781,3.23657330245114));
#546=CARTESIAN_POINT('Ctrl Pts',(5.00582922346073,-10.5022442434091,3.07193372666976));
#547=CARTESIAN_POINT('Ctrl Pts',(5.14213614563416,-10.7903891675437,2.88151492906672));
#548=CARTESIAN_POINT('Ctrl Pts',(5.23307079513049,-10.9827101964344,2.7418948648588));
#549=CARTESIAN_POINT('Ctrl Pts',(5.34506570954076,-11.2182673820216,2.5444911184363));
#550=CARTESIAN_POINT('Ctrl Pts',(5.47169265707478,-11.4763695096722,2.27368777793623));
#551=CARTESIAN_POINT('Ctrl Pts',(5.58754527137499,-11.7025821068199,1.97067938128131));
#552=CARTESIAN_POINT('Ctrl Pts',(5.69136320645723,-11.8925473972706,1.6369265990146));
#553=CARTESIAN_POINT('Ctrl Pts',(5.79878884766632,-12.0754609208648,1.21204057125756));
#554=CARTESIAN_POINT('Ctrl Pts',(5.87739113604986,-12.1945679784542,0.810067781738742));
#555=CARTESIAN_POINT('Ctrl Pts',(5.97129220549205,-12.3268841867996,0.232134234466056));
#556=CARTESIAN_POINT('Ctrl Pts',(6.02232305359644,-12.3916967626389,-0.162258274495999));
#557=CARTESIAN_POINT('Ctrl Pts',(6.06011619315635,-12.4394524310049,-0.5));
#558=CARTESIAN_POINT('Ctrl Pts',(3.51785771289413,-9.74935484625206,3.35));
#559=CARTESIAN_POINT('Ctrl Pts',(3.54295412598967,-9.78540263382135,3.34992222299452));
#560=CARTESIAN_POINT('Ctrl Pts',(3.60103991669055,-9.88333679632805,3.33344122146692));
#561=CARTESIAN_POINT('Ctrl Pts',(3.74532708913759,-10.1745580295733,3.23663186830604));
#562=CARTESIAN_POINT('Ctrl Pts',(3.90204158712357,-10.5332152085694,3.07201034157348));
#563=CARTESIAN_POINT('Ctrl Pts',(4.04506013342655,-10.8606955467381,2.88161514553015));
#564=CARTESIAN_POINT('Ctrl Pts',(4.14186093239819,-11.0809131915127,2.74200834785684));
#565=CARTESIAN_POINT('Ctrl Pts',(4.2639652110043,-11.3532387565781,2.54460786473492));
#566=CARTESIAN_POINT('Ctrl Pts',(4.40740142110136,-11.654404643107,2.27381876132104));
#567=CARTESIAN_POINT('Ctrl Pts',(4.5441515707779,-11.9198044485418,1.97080771946277));
#568=CARTESIAN_POINT('Ctrl Pts',(4.67165362644291,-12.1426287545765,1.63705748734938));
#569=CARTESIAN_POINT('Ctrl Pts',(4.8076960368763,-12.354698726005,1.21215235846361));
#570=CARTESIAN_POINT('Ctrl Pts',(4.90915432408254,-12.4871574864958,0.810161011194341));
#571=CARTESIAN_POINT('Ctrl Pts',(5.02665622320971,-12.6226159913797,0.232191561731687));
#572=CARTESIAN_POINT('Ctrl Pts',(5.08582702102465,-12.6774959358989,-0.162229486477232));
#573=CARTESIAN_POINT('Ctrl Pts',(5.1226812427171,-12.7079407555029,-0.5));
#574=CARTESIAN_POINT('Ctrl Pts',(2.53620724472036,-9.75009827918739,3.35));
#575=CARTESIAN_POINT('Ctrl Pts',(2.55695486978339,-9.77986935373882,3.34992941576755));
#576=CARTESIAN_POINT('Ctrl Pts',(2.60452063818694,-9.86988379744532,3.33346141640373));
#577=CARTESIAN_POINT('Ctrl Pts',(2.72095587611636,-10.1618949776919,3.23668314276035));
#578=CARTESIAN_POINT('Ctrl Pts',(2.84589183140373,-10.539253873291,3.07207837139867));
#579=CARTESIAN_POINT('Ctrl Pts',(2.96056579274668,-10.888672943246,2.88170291920452));
#580=CARTESIAN_POINT('Ctrl Pts',(3.03844511790381,-11.124599204167,2.74210729982348));
#581=CARTESIAN_POINT('Ctrl Pts',(3.13736450165983,-11.417700828049,2.54471065748896));
#582=CARTESIAN_POINT('Ctrl Pts',(3.25521036157978,-11.7428786943151,2.27393309570245));
#583=CARTESIAN_POINT('Ctrl Pts',(3.36944764306103,-12.0294566682988,1.9709204614466));
#584=CARTESIAN_POINT('Ctrl Pts',(3.47784167028452,-12.2689942342514,1.63717162931584));
#585=CARTESIAN_POINT('Ctrl Pts',(3.59541235446204,-12.4942837630599,1.21225085743801));
#586=CARTESIAN_POINT('Ctrl Pts',(3.68469308877077,-12.6301024646499,0.810243248131679));
#587=CARTESIAN_POINT('Ctrl Pts',(3.78876855053846,-12.7605033580375,0.232242413018296));
#588=CARTESIAN_POINT('Ctrl Pts',(3.84141588061678,-12.8042511697095,-0.162203955277322));
#589=CARTESIAN_POINT('Ctrl Pts',(3.87366123122501,-12.8198553888595,-0.5));
#590=CARTESIAN_POINT('Ctrl Pts',(1.03684929101373,-9.74998591989099,3.35));
#591=CARTESIAN_POINT('Ctrl Pts',(1.04675410024059,-9.77428436900758,3.34993925586847));
#592=CARTESIAN_POINT('Ctrl Pts',(1.06886795265011,-9.85711597403653,3.33348966141531));
#593=CARTESIAN_POINT('Ctrl Pts',(1.12103714227794,-10.1481472208982,3.23675155516627));
#594=CARTESIAN_POINT('Ctrl Pts',(1.17525743028948,-10.5392883525117,3.07217163339099));
#595=CARTESIAN_POINT('Ctrl Pts',(1.22492623840247,-10.9051681620279,2.88182011971195));
#596=CARTESIAN_POINT('Ctrl Pts',(1.2586935366876,-11.1529307504877,2.74223827303645));
#597=CARTESIAN_POINT('Ctrl Pts',(1.30176241491376,-11.4617364446101,2.54484932850712));
#598=CARTESIAN_POINT('Ctrl Pts',(1.35367776813894,-11.804939599158,2.27408475204577));
#599=CARTESIAN_POINT('Ctrl Pts',(1.40478013440779,-12.1071900014028,1.9710718856077));
#600=CARTESIAN_POINT('Ctrl Pts',(1.45410769080861,-12.3587430035732,1.63732274348023));
#601=CARTESIAN_POINT('Ctrl Pts',(1.50855084262811,-12.5929313074454,1.2123839251596));
#602=CARTESIAN_POINT('Ctrl Pts',(1.55081626759598,-12.7299847080954,0.810354579845891));
#603=CARTESIAN_POINT('Ctrl Pts',(1.60084245561293,-12.854329008513,0.232311990823128));
#604=CARTESIAN_POINT('Ctrl Pts',(1.62673135605725,-12.8880003886127,-0.162169034273594));
#605=CARTESIAN_POINT('Ctrl Pts',(1.64289086492927,-12.8907883303996,-0.5));
#606=CARTESIAN_POINT('Ctrl Pts',(0.519532128541446,-9.75002645797542,3.35));
#607=CARTESIAN_POINT('Ctrl Pts',(0.524931579559168,-9.7731838731421,3.34994244359409));
#608=CARTESIAN_POINT('Ctrl Pts',(0.536628551766924,-9.8544471791143,3.33349893668644));
#609=CARTESIAN_POINT('Ctrl Pts',(0.563067153234545,-10.1448940615669,3.23677336577107));
#610=CARTESIAN_POINT('Ctrl Pts',(0.58947001692836,-10.5383034374738,3.07220188510185));
#611=CARTESIAN_POINT('Ctrl Pts',(0.613408827990877,-10.907015212284,2.88185750307542));
#612=CARTESIAN_POINT('Ctrl Pts',(0.629647326623821,-11.1568284903477,2.74227980975851));
#613=CARTESIAN_POINT('Ctrl Pts',(0.650339716973353,-11.468365968843,2.54489385468131));
#614=CARTESIAN_POINT('Ctrl Pts',(0.675389806049716,-11.8146859001541,2.27413291591046));
#615=CARTESIAN_POINT('Ctrl Pts',(0.700245521679651,-12.1195996690513,1.97112036913158));
#616=CARTESIAN_POINT('Ctrl Pts',(0.724493371216306,-12.3731153868362,1.63737067511171));
#617=CARTESIAN_POINT('Ctrl Pts',(0.751590750397369,-12.6086188014991,1.21242669107792));
#618=CARTESIAN_POINT('Ctrl Pts',(0.773020777350796,-12.7455805341996,0.810390408075847));
#619=CARTESIAN_POINT('Ctrl Pts',(0.798851880525893,-12.8683516388549,0.232334532851763));
#620=CARTESIAN_POINT('Ctrl Pts',(0.812634341246024,-12.899844941921,-0.162157722956945));
#621=CARTESIAN_POINT('Ctrl Pts',(0.821598462038582,-12.8999999118738,-0.5));
#622=CARTESIAN_POINT('Ctrl Pts',(-1.20926222403868,-9.75004955095858,3.35));
#623=CARTESIAN_POINT('Ctrl Pts',(-1.22190672966535,-9.77320695679693,3.34995207438966));
#624=CARTESIAN_POINT('Ctrl Pts',(-1.24933277311701,-9.85447174822961,3.33352751796239));
#625=CARTESIAN_POINT('Ctrl Pts',(-1.311431700856,-10.144915923523,3.23683769093208));
#626=CARTESIAN_POINT('Ctrl Pts',(-1.37358673514577,-10.5383286948166,3.07229345721275));
#627=CARTESIAN_POINT('Ctrl Pts',(-1.43001003212635,-10.9070357753688,2.88196784073533));
#628=CARTESIAN_POINT('Ctrl Pts',(-1.46830407280869,-11.1568459625791,2.74240131997993));
#629=CARTESIAN_POINT('Ctrl Pts',(-1.5171408569996,-11.4683810289555,2.54502660832878));
#630=CARTESIAN_POINT('Ctrl Pts',(-1.57632198537641,-11.8146971937706,2.27427412157968));
#631=CARTESIAN_POINT('Ctrl Pts',(-1.63510927595994,-12.1196072680701,1.97126430226516));
#632=CARTESIAN_POINT('Ctrl Pts',(-1.69253167116044,-12.3731197645876,1.63751092670011));
#633=CARTESIAN_POINT('Ctrl Pts',(-1.75679892809124,-12.6086184789727,1.212554371814));
#634=CARTESIAN_POINT('Ctrl Pts',(-1.80775478664755,-12.7455806402932,0.810497591378906));
#635=CARTESIAN_POINT('Ctrl Pts',(-1.86934489797056,-12.8683473667043,0.23240264676886));
#636=CARTESIAN_POINT('Ctrl Pts',(-1.9023779298844,-12.8998450922511,-0.162123555386239));
#637=CARTESIAN_POINT('Ctrl Pts',(-1.92401157698619,-12.9000000410422,-0.5));
#638=CARTESIAN_POINT('Ctrl Pts',(-2.42077108492753,-9.75019066139113,3.35));
#639=CARTESIAN_POINT('Ctrl Pts',(-2.44120999532185,-9.77962004617462,3.34996052122906));
#640=CARTESIAN_POINT('Ctrl Pts',(-2.48883815959743,-9.86961489567951,3.33355344257345));
#641=CARTESIAN_POINT('Ctrl Pts',(-2.60764232069161,-10.1640022334978,3.23689411469379));
#642=CARTESIAN_POINT('Ctrl Pts',(-2.73716002490725,-10.5459973874248,3.07237752281889));
#643=CARTESIAN_POINT('Ctrl Pts',(-2.8570359848338,-10.900335082338,2.88206704087236));
#644=CARTESIAN_POINT('Ctrl Pts',(-2.93869491593507,-11.1397152101513,2.74251147682725));
#645=CARTESIAN_POINT('Ctrl Pts',(-3.04289252425254,-11.4373343023887,2.54514976856259));
#646=CARTESIAN_POINT('Ctrl Pts',(-3.16766059381495,-11.7678970156407,2.27440435972597));
#647=CARTESIAN_POINT('Ctrl Pts',(-3.28922365207534,-12.0595381459688,1.9713977371034));
#648=CARTESIAN_POINT('Ctrl Pts',(-3.40493486358302,-12.3035661533516,1.63764020542225));
#649=CARTESIAN_POINT('Ctrl Pts',(-3.53069492661108,-12.533236975885,1.21267077273366));
#650=CARTESIAN_POINT('Ctrl Pts',(-3.62602513196016,-12.6716410896168,0.810594940190472));
#651=CARTESIAN_POINT('Ctrl Pts',(-3.7363344678334,-12.8040437662342,0.232463692801241));
#652=CARTESIAN_POINT('Ctrl Pts',(-3.79120660533942,-12.8477622323378,-0.162093599647918));
#653=CARTESIAN_POINT('Ctrl Pts',(-3.82360358713788,-12.862384678131,-0.5));
#654=CARTESIAN_POINT('Ctrl Pts',(-3.92147299340721,-9.75039925890232,3.34999999999999));
#655=CARTESIAN_POINT('Ctrl Pts',(-3.94757928992209,-9.78909154102247,3.34997151361716));
#656=CARTESIAN_POINT('Ctrl Pts',(-4.0068508194855,-9.88958842041573,3.33358765688997));
#657=CARTESIAN_POINT('Ctrl Pts',(-4.15096917299897,-10.1764996987201,3.23696754583516));
#658=CARTESIAN_POINT('Ctrl Pts',(-4.30476553815908,-10.5208307208969,3.07248901032932));
#659=CARTESIAN_POINT('Ctrl Pts',(-4.44300671611673,-10.8327405929365,2.88219748666723));
#660=CARTESIAN_POINT('Ctrl Pts',(-4.53599558286001,-11.0419201294897,2.74265682560715));
#661=CARTESIAN_POINT('Ctrl Pts',(-4.65220173253559,-11.2996778435283,2.54531378850457));
#662=CARTESIAN_POINT('Ctrl Pts',(-4.78651508112048,-11.5837677261654,2.2745774039626));
#663=CARTESIAN_POINT('Ctrl Pts',(-4.91268725325128,-11.8335853316451,1.97157538916728));
#664=CARTESIAN_POINT('Ctrl Pts',(-5.02853861302563,-12.0432759468123,1.63781193270954));
#665=CARTESIAN_POINT('Ctrl Pts',(-5.15105796055482,-12.2436111067307,1.21282471020161));
#666=CARTESIAN_POINT('Ctrl Pts',(-5.24190893067628,-12.3704943865467,0.810723485901034));
#667=CARTESIAN_POINT('Ctrl Pts',(-5.34871452113453,-12.5043322481725,0.232543862111248));
#668=CARTESIAN_POINT('Ctrl Pts',(-5.40434053639792,-12.5627663020137,-0.162054623048994));
#669=CARTESIAN_POINT('Ctrl Pts',(-5.44178697914563,-12.5997863897519,-0.499999999999999));
#670=CARTESIAN_POINT('Ctrl Pts',(-4.21068040284804,-9.7503028615423,3.34999999999999));
#671=CARTESIAN_POINT('Ctrl Pts',(-4.23769541828423,-9.79084889963908,3.34997365629099));
#672=CARTESIAN_POINT('Ctrl Pts',(-4.29856992616276,-9.89333447715399,3.33359434694943));
#673=CARTESIAN_POINT('Ctrl Pts',(-4.44535622305692,-10.1782531475398,3.23698185943501));
#674=CARTESIAN_POINT('Ctrl Pts',(-4.60088940580427,-10.5141791561376,3.07251083327405));
#675=CARTESIAN_POINT('Ctrl Pts',(-4.73966342827661,-10.8168106990847,2.88222297274516));
#676=CARTESIAN_POINT('Ctrl Pts',(-4.83271955584072,-11.0193944531429,2.74268524483966));
#677=CARTESIAN_POINT('Ctrl Pts',(-4.94841669774993,-11.2684347906484,2.54534592377005));
#678=CARTESIAN_POINT('Ctrl Pts',(-5.08099439275001,-11.5423439555004,2.2746112901023));
#679=CARTESIAN_POINT('Ctrl Pts',(-5.20441283130698,-11.782948208905,1.97161019308742));
#680=CARTESIAN_POINT('Ctrl Pts',(-5.31671084557378,-11.9849923519364,1.63784555915026));
#681=CARTESIAN_POINT('Ctrl Pts',(-5.43466859034355,-12.1786823142919,1.21285482383963));
#682=CARTESIAN_POINT('Ctrl Pts',(-5.52172307034928,-12.3027063122618,0.810748623902735));
#683=CARTESIAN_POINT('Ctrl Pts',(-5.6247154792912,-12.4363681327042,0.232559520792858));
#684=CARTESIAN_POINT('Ctrl Pts',(-5.6792143123546,-12.4975583318251,-0.162047025887682));
#685=CARTESIAN_POINT('Ctrl Pts',(-5.71725279225346,-12.5391005733911,-0.499999999999999));
#686=CARTESIAN_POINT('Ctrl Pts',(-4.63075219557252,-9.75059002633522,3.34999999999999));
#687=CARTESIAN_POINT('Ctrl Pts',(-4.65885299523893,-9.79382858324639,3.34997677903793));
#688=CARTESIAN_POINT('Ctrl Pts',(-4.72122270314329,-9.89907985264725,3.33360412249775));
#689=CARTESIAN_POINT('Ctrl Pts',(-4.86900243983762,-10.180039279856,3.23700272034981));
#690=CARTESIAN_POINT('Ctrl Pts',(-5.02319025742404,-10.5023526052592,3.07254274938942));
#691=CARTESIAN_POINT('Ctrl Pts',(-5.15880976480309,-10.7898010833649,2.88226018825902));
#692=CARTESIAN_POINT('Ctrl Pts',(-5.24919999844189,-10.9816221151082,2.74272676947577));
#693=CARTESIAN_POINT('Ctrl Pts',(-5.36047226176195,-11.2165176768743,2.54539295734999));
#694=CARTESIAN_POINT('Ctrl Pts',(-5.48587662669023,-11.4738373186778,2.27466086547298));
#695=CARTESIAN_POINT('Ctrl Pts',(-5.60056979318369,-11.6993408496722,1.97166112988889));
#696=CARTESIAN_POINT('Ctrl Pts',(-5.70307436945305,-11.888723440736,1.6378947523872));
#697=CARTESIAN_POINT('Ctrl Pts',(-5.8093297035103,-12.0711386986546,1.21289884256341));
#698=CARTESIAN_POINT('Ctrl Pts',(-5.88709271176866,-12.1900747658314,0.810785359243426));
#699=CARTESIAN_POINT('Ctrl Pts',(-5.98052926928316,-12.3224513397605,0.232582380538785));
#700=CARTESIAN_POINT('Ctrl Pts',(-6.03175899368791,-12.3875805124542,-0.162035954095282));
#701=CARTESIAN_POINT('Ctrl Pts',(-6.07018283767172,-12.4357764125341,-0.499999999999999));
#702=CARTESIAN_POINT('Ctrl Pts',(-4.8910386827976,-9.64105364417227,3.34999999999999));
#703=CARTESIAN_POINT('Ctrl Pts',(-4.91975004957136,-9.68597003997803,3.34997872795852));
#704=CARTESIAN_POINT('Ctrl Pts',(-4.98285289578107,-9.79401978651599,3.33361023060641));
#705=CARTESIAN_POINT('Ctrl Pts',(-5.13050343384618,-10.0783048895615,3.23701573979259));
#706=CARTESIAN_POINT('Ctrl Pts',(-5.28295634948549,-10.4012314387739,3.07256269964932));
#707=CARTESIAN_POINT('Ctrl Pts',(-5.41560425164858,-10.6887208635777,2.88228343485557));
#708=CARTESIAN_POINT('Ctrl Pts',(-5.50362875085099,-10.8805568086747,2.74275271506467));
#709=CARTESIAN_POINT('Ctrl Pts',(-5.61122531513869,-11.115629149027,2.54542236729044));
#710=CARTESIAN_POINT('Ctrl Pts',(-5.73098985694024,-11.3738792038003,2.27469185896058));
#711=CARTESIAN_POINT('Ctrl Pts',(-5.83905637922561,-11.6012640319768,1.97169297975735));
#712=CARTESIAN_POINT('Ctrl Pts',(-5.93429314288176,-11.7936112119935,1.63792550635809));
#713=CARTESIAN_POINT('Ctrl Pts',(-6.03195982501779,-11.980605169536,1.21292635165399));
#714=CARTESIAN_POINT('Ctrl Pts',(-6.10300965303204,-12.1046186782623,0.810808313784634));
#715=CARTESIAN_POINT('Ctrl Pts',(-6.18944103474832,-12.2444063231542,0.232596658285597));
#716=CARTESIAN_POINT('Ctrl Pts',(-6.23827280572695,-12.3147417288486,-0.162029044240599));
#717=CARTESIAN_POINT('Ctrl Pts',(-6.2768029220498,-12.3671079311917,-0.5));
#718=CARTESIAN_POINT('Ctrl Pts',(-5.00057397996641,-9.38076747127807,3.34999999999999));
#719=CARTESIAN_POINT('Ctrl Pts',(-5.02977200111301,-9.42733598505037,3.34998067625229));
#720=CARTESIAN_POINT('Ctrl Pts',(-5.09465745152549,-9.53953460915807,3.33361634992269));
#721=CARTESIAN_POINT('Ctrl Pts',(-5.24902123196651,-9.8349359267323,3.23702875514054));
#722=CARTESIAN_POINT('Ctrl Pts',(-5.41059871878076,-10.17053822189,3.07258270113807));
#723=CARTESIAN_POINT('Ctrl Pts',(-5.55191295414417,-10.4709536175609,2.88230671126086));
#724=CARTESIAN_POINT('Ctrl Pts',(-5.64579961956472,-10.6719166168263,2.74277870738515));
#725=CARTESIAN_POINT('Ctrl Pts',(-5.76066665961792,-10.9193080733717,2.54545187114386));
#726=CARTESIAN_POINT('Ctrl Pts',(-5.88848654070852,-11.1937413494555,2.27472294069587));
#727=CARTESIAN_POINT('Ctrl Pts',(-6.00358462839048,-11.4382977826276,1.97172492996095));
#728=CARTESIAN_POINT('Ctrl Pts',(-6.10459690701691,-11.6483037299606,1.63795634676233));
#729=CARTESIAN_POINT('Ctrl Pts',(-6.20756286205923,-11.8556268093336,1.21295391974795));
#730=CARTESIAN_POINT('Ctrl Pts',(-6.28153665605146,-11.9957888490989,0.810831312281024));
#731=CARTESIAN_POINT('Ctrl Pts',(-6.37054412332844,-12.154144913338,0.23261095148657));
#732=CARTESIAN_POINT('Ctrl Pts',(-6.41983210205437,-12.2332171613777,-0.162022136797289));
#733=CARTESIAN_POINT('Ctrl Pts',(-6.45822087039792,-12.2897466793172,-0.499999999999999));
#734=CARTESIAN_POINT('Ctrl Pts',(-5.00028439181317,-8.96046964161943,3.35));
#735=CARTESIAN_POINT('Ctrl Pts',(-5.03017088733317,-9.00964952722872,3.34998379866202));
#736=CARTESIAN_POINT('Ctrl Pts',(-5.09938950772573,-9.12842209231718,3.33362616670519));
#737=CARTESIAN_POINT('Ctrl Pts',(-5.27310748382387,-9.44126416636073,3.23704961410001));
#738=CARTESIAN_POINT('Ctrl Pts',(-5.46305988267436,-9.79684086690936,3.07261479888009));
#739=CARTESIAN_POINT('Ctrl Pts',(-5.63265290893397,-10.1174998782481,2.88234404246297));
#740=CARTESIAN_POINT('Ctrl Pts',(-5.74611247589809,-10.3327711002364,2.74282040436194));
#741=CARTESIAN_POINT('Ctrl Pts',(-5.88623358989625,-10.5995318683155,2.54549923152376));
#742=CARTESIAN_POINT('Ctrl Pts',(-6.04396251793468,-10.8994524921896,2.2747728260385));
#743=CARTESIAN_POINT('Ctrl Pts',(-6.18730320756106,-11.1711114148308,1.9717762162788));
#744=CARTESIAN_POINT('Ctrl Pts',(-6.31381763710661,-11.4090495299069,1.63800584394004));
#745=CARTESIAN_POINT('Ctrl Pts',(-6.44256094473021,-11.6485547385021,1.21299815155665));
#746=CARTESIAN_POINT('Ctrl Pts',(-6.53340294726393,-11.8143996546214,0.810868208477095));
#747=CARTESIAN_POINT('Ctrl Pts',(-6.63853891783287,-12.0022155745327,0.232633873124111));
#748=CARTESIAN_POINT('Ctrl Pts',(-6.69243512383936,-12.0952896121701,-0.162011066807425));
#749=CARTESIAN_POINT('Ctrl Pts',(-6.73041433691932,-12.1584539244386,-0.5));
#750=CARTESIAN_POINT('Ctrl Pts',(-5.00037462388606,-8.6710396708266,3.34999999999999));
#751=CARTESIAN_POINT('Ctrl Pts',(-5.03059379650286,-8.72195501369889,3.34998594008236));
#752=CARTESIAN_POINT('Ctrl Pts',(-5.10232766339492,-8.84503084047073,3.33363291412598));
#753=CARTESIAN_POINT('Ctrl Pts',(-5.28753126291309,-9.16910593924154,3.23706391975683));
#754=CARTESIAN_POINT('Ctrl Pts',(-5.49472889617751,-9.53738171983699,3.0726368772169));
#755=CARTESIAN_POINT('Ctrl Pts',(-5.681253824517,-9.87095604801712,2.88236968707848));
#756=CARTESIAN_POINT('Ctrl Pts',(-5.80641106315563,-10.0953709380081,2.7428490631766));
#757=CARTESIAN_POINT('Ctrl Pts',(-5.96159721622727,-10.3745489197106,2.54553182886175));
#758=CARTESIAN_POINT('Ctrl Pts',(-6.13697680036814,-10.6909172736332,2.27480714924155));
#759=CARTESIAN_POINT('Ctrl Pts',(-6.29678740982784,-10.9801767729519,1.97181151423578));
#760=CARTESIAN_POINT('Ctrl Pts',(-6.437963687836,-11.2363633134533,1.63803989879753));
#761=CARTESIAN_POINT('Ctrl Pts',(-6.58125868866722,-11.4970019256622,1.21302856321155));
#762=CARTESIAN_POINT('Ctrl Pts',(-6.68144962452031,-11.6798094911516,0.810893570589819));
#763=CARTESIAN_POINT('Ctrl Pts',(-6.79516036182536,-11.88717371493,0.232649615898164));
#764=CARTESIAN_POINT('Ctrl Pts',(-6.85137239510876,-11.9896022985798,-0.162003474969901));
#765=CARTESIAN_POINT('Ctrl Pts',(-6.88879156492442,-12.0572597178293,-0.5));
#766=CARTESIAN_POINT('Ctrl Pts',(-5.0002208001371,-7.56571828360675,3.35));
#767=CARTESIAN_POINT('Ctrl Pts',(-5.03125542502969,-7.62275828183905,3.34999401926675));
#768=CARTESIAN_POINT('Ctrl Pts',(-5.11083334700027,-7.7610178758976,3.3336584176361));
#769=CARTESIAN_POINT('Ctrl Pts',(-5.33401833687313,-8.12460320303643,3.23711789267725));
#770=CARTESIAN_POINT('Ctrl Pts',(-5.59875552356466,-8.53748191051705,3.07272037921586));
#771=CARTESIAN_POINT('Ctrl Pts',(-5.84190275193221,-8.91667257705268,2.88246657173185));
#772=CARTESIAN_POINT('Ctrl Pts',(-6.00607912797995,-9.17346579188325,2.74295738296095));
#773=CARTESIAN_POINT('Ctrl Pts',(-6.2112087648612,-9.49680295532905,2.54565517931537));
#774=CARTESIAN_POINT('Ctrl Pts',(-6.44452447015215,-9.87205500211611,2.2749369927566));
#775=CARTESIAN_POINT('Ctrl Pts',(-6.65768761065705,-10.2246936623252,1.97194507917212));
#776=CARTESIAN_POINT('Ctrl Pts',(-6.84556325707063,-10.5469247369978,1.63816872316592));
#777=CARTESIAN_POINT('Ctrl Pts',(-7.03438291883902,-10.8843259482761,1.2131435414205));
#778=CARTESIAN_POINT('Ctrl Pts',(-7.16270131291638,-11.128975334899,0.810989439226894));
#779=CARTESIAN_POINT('Ctrl Pts',(-7.30139975704938,-11.4076517767153,0.232709081545781));
#780=CARTESIAN_POINT('Ctrl Pts',(-7.36308092660101,-11.5442374550874,-0.161974833071719));
#781=CARTESIAN_POINT('Ctrl Pts',(-7.39750726951561,-11.628200949306,-0.5));
#782=CARTESIAN_POINT('Ctrl Pts',(-5.00013611299877,-6.74982006431656,3.35));
#783=CARTESIAN_POINT('Ctrl Pts',(-5.03082573305808,-6.81033399731903,3.34999977690865));
#784=CARTESIAN_POINT('Ctrl Pts',(-5.1135527133414,-6.95680240447446,3.33367669118984));
#785=CARTESIAN_POINT('Ctrl Pts',(-5.3568903414007,-7.34042640153575,3.23715635721283));
#786=CARTESIAN_POINT('Ctrl Pts',(-5.65445665442457,-7.77482003262584,3.07278031779428));
#787=CARTESIAN_POINT('Ctrl Pts',(-5.9297730751176,-8.17657268133478,2.88253589527282));
#788=CARTESIAN_POINT('Ctrl Pts',(-6.11603287194871,-8.44957610858048,2.74303498870528));
#789=CARTESIAN_POINT('Ctrl Pts',(-6.34916491570754,-8.79550175470894,2.54574385761174));
#790=CARTESIAN_POINT('Ctrl Pts',(-6.61412382501297,-9.20201826279648,2.27503025977504));
#791=CARTESIAN_POINT('Ctrl Pts',(-6.85540054073972,-9.58943204185155,1.97204109064151));
#792=CARTESIAN_POINT('Ctrl Pts',(-7.06668848964037,-9.94896526871364,1.63826124971561));
#793=CARTESIAN_POINT('Ctrl Pts',(-7.27690250313846,-10.3307056112395,1.21322598768103));
#794=CARTESIAN_POINT('Ctrl Pts',(-7.41679341675271,-10.6119506140108,0.811058143632478));
#795=CARTESIAN_POINT('Ctrl Pts',(-7.5638009869118,-10.9334212483911,0.232751609505985));
#796=CARTESIAN_POINT('Ctrl Pts',(-7.62513583177503,-11.0909594271083,-0.161954422870525));
#797=CARTESIAN_POINT('Ctrl Pts',(-7.65557593449677,-11.1851835947587,-0.5));
#798=CARTESIAN_POINT('Ctrl Pts',(-5.00006307066443,-4.72941506988186,3.35));
#799=CARTESIAN_POINT('Ctrl Pts',(-5.02878710529898,-4.7921067942548,3.3500125627577));
#800=CARTESIAN_POINT('Ctrl Pts',(-5.11557344098752,-4.94015823066127,3.33371739726853));
#801=CARTESIAN_POINT('Ctrl Pts',(-5.39619967013024,-5.31579996504256,3.23724177507336));
#802=CARTESIAN_POINT('Ctrl Pts',(-5.75823461423422,-5.73111219812033,3.07291397493995));
#803=CARTESIAN_POINT('Ctrl Pts',(-6.09684261866566,-6.11696187583939,2.88269019755682));
#804=CARTESIAN_POINT('Ctrl Pts',(-6.32645800879481,-6.38006123338436,2.74320785373901));
#805=CARTESIAN_POINT('Ctrl Pts',(-6.61421277058189,-6.71599859851891,2.54594177476972));
#806=CARTESIAN_POINT('Ctrl Pts',(-6.93980755484537,-7.1178251057108,2.27523831723504));
#807=CARTESIAN_POINT('Ctrl Pts',(-7.23354212296043,-7.50879819690803,1.97225536118414));
#808=CARTESIAN_POINT('Ctrl Pts',(-7.48677804701928,-7.8803102944109,1.63846764439702));
#809=CARTESIAN_POINT('Ctrl Pts',(-7.73314605747322,-8.28376086581394,1.21340972388897));
#810=CARTESIAN_POINT('Ctrl Pts',(-7.88976604409159,-8.58966239151582,0.811211205252912));
#811=CARTESIAN_POINT('Ctrl Pts',(-8.04503212012896,-8.94489063265448,0.232846241728981));
#812=CARTESIAN_POINT('Ctrl Pts',(-8.10065925706892,-9.12294580961444,-0.161909100830073));
#813=CARTESIAN_POINT('Ctrl Pts',(-8.11984704590385,-9.22997133491142,-0.5));
#814=CARTESIAN_POINT('Ctrl Pts',(-5.00002027798247,-3.52493441076938,3.35));
#815=CARTESIAN_POINT('Ctrl Pts',(-5.02659451257679,-3.58327048880167,3.35001889025339));
#816=CARTESIAN_POINT('Ctrl Pts',(-5.11176964058436,-3.71609042598312,3.33373766610632));
#817=CARTESIAN_POINT('Ctrl Pts',(-5.39932869960286,-4.03804420811072,3.23728404752791));
#818=CARTESIAN_POINT('Ctrl Pts',(-5.77854227963805,-4.38104795778388,3.07298066230101));
#819=CARTESIAN_POINT('Ctrl Pts',(-6.13360001695941,-4.6971449296771,2.88276690968342));
#820=CARTESIAN_POINT('Ctrl Pts',(-6.37423464796566,-4.91234108387974,2.74329391973685));
#821=CARTESIAN_POINT('Ctrl Pts',(-6.67514125144753,-5.18703228664612,2.54604069357163));
#822=CARTESIAN_POINT('Ctrl Pts',(-7.01319681504542,-5.51721274923153,2.2753422054689));
#823=CARTESIAN_POINT('Ctrl Pts',(-7.31501267196514,-5.84106689797002,1.97236244050375));
#824=CARTESIAN_POINT('Ctrl Pts',(-7.57139564408521,-6.15224227481416,1.63857069165602));
#825=CARTESIAN_POINT('Ctrl Pts',(-7.81621247937123,-6.49460967575451,1.21350128953063));
#826=CARTESIAN_POINT('Ctrl Pts',(-7.96649613550398,-6.75962263642346,0.811287435127008));
#827=CARTESIAN_POINT('Ctrl Pts',(-8.10998408753776,-7.07388857092956,0.232893261471047));
#828=CARTESIAN_POINT('Ctrl Pts',(-8.15609821410007,-7.23737081842788,-0.161886674066001));
#829=CARTESIAN_POINT('Ctrl Pts',(-8.16736203205945,-7.34093351655815,-0.5));
#830=CARTESIAN_POINT('Ctrl Pts',(-5.00001098018335,-1.54696570531294,3.35));
#831=CARTESIAN_POINT('Ctrl Pts',(-5.02408055436872,-1.5806888712094,3.3500251040992));
#832=CARTESIAN_POINT('Ctrl Pts',(-5.10656817941479,-1.65356903493801,3.33375760802294));
#833=CARTESIAN_POINT('Ctrl Pts',(-5.39768978777813,-1.81808075707466,3.23732556003835));
#834=CARTESIAN_POINT('Ctrl Pts',(-5.78977014467932,-1.98239348095454,3.07304631296088));
#835=CARTESIAN_POINT('Ctrl Pts',(-6.15700961951231,-2.13102070628221,2.88284234635486));
#836=CARTESIAN_POINT('Ctrl Pts',(-6.40568434141176,-2.23173539307091,2.74337859191636));
#837=CARTESIAN_POINT('Ctrl Pts',(-6.71581044732218,-2.35984673269932,2.54613812353666));
#838=CARTESIAN_POINT('Ctrl Pts',(-7.06143197466002,-2.51444695136936,2.27544450009651));
#839=CARTESIAN_POINT('Ctrl Pts',(-7.36641295918158,-2.66754989805644,1.97246790320825));
#840=CARTESIAN_POINT('Ctrl Pts',(-7.6211652198673,-2.81689073719691,1.63867215401163));
#841=CARTESIAN_POINT('Ctrl Pts',(-7.85921855215149,-2.984379471307,1.21359139597146));
#842=CARTESIAN_POINT('Ctrl Pts',(-7.99928040577463,-3.11819665522629,0.811362435227989));
#843=CARTESIAN_POINT('Ctrl Pts',(-8.12680189690808,-3.28244292823469,0.232939489372147));
#844=CARTESIAN_POINT('Ctrl Pts',(-8.16161832537757,-3.37301388929768,-0.161864652790439));
#845=CARTESIAN_POINT('Ctrl Pts',(-8.16431382622388,-3.43515617558892,-0.5));
#846=CARTESIAN_POINT('Ctrl Pts',(-5.0000077144463,-0.773475397973521,3.35));
#847=CARTESIAN_POINT('Ctrl Pts',(-5.02335541631931,-0.793188639623556,3.35002648505283));
#848=CARTESIAN_POINT('Ctrl Pts',(-5.10495580281393,-0.833972730205031,3.33376205547187));
#849=CARTESIAN_POINT('Ctrl Pts',(-5.39643434303679,-0.920145267604088,3.23733478541778));
#850=CARTESIAN_POINT('Ctrl Pts',(-5.79115857114834,-1.00050569604532,3.07306097069244));
#851=CARTESIAN_POINT('Ctrl Pts',(-6.16095719554727,-1.07137981163486,2.88285915426172));
#852=CARTESIAN_POINT('Ctrl Pts',(-6.411325613328,-1.1190576861278,2.74339747315385));
#853=CARTESIAN_POINT('Ctrl Pts',(-6.72338637225717,-1.17926485513701,2.54615989708513));
#854=CARTESIAN_POINT('Ctrl Pts',(-7.07052548671899,-1.25186971478954,2.27546734824426));
#855=CARTESIAN_POINT('Ctrl Pts',(-7.3760041459427,-1.32421143350642,1.972491469831));
#856=CARTESIAN_POINT('Ctrl Pts',(-7.63013630484338,-1.39567060474588,1.63869481450816));
#857=CARTESIAN_POINT('Ctrl Pts',(-7.86632511941687,-1.47728732645907,1.21361149893487));
#858=CARTESIAN_POINT('Ctrl Pts',(-8.00374329092489,-1.54459286198727,0.811379161659041));
#859=CARTESIAN_POINT('Ctrl Pts',(-8.12716240895842,-1.63026616174268,0.232949785104488));
#860=CARTESIAN_POINT('Ctrl Pts',(-8.15908335770835,-1.68031187377956,-0.161859759946277));
#861=CARTESIAN_POINT('Ctrl Pts',(-8.15954428514461,-1.71728236368897,-0.500000000000001));
#862=CARTESIAN_POINT('Ctrl Pts',(-5.00000759089557,0.582321909552036,3.35));
#863=CARTESIAN_POINT('Ctrl Pts',(-5.02328547731709,0.59716331738314,3.3500264871779));
#864=CARTESIAN_POINT('Ctrl Pts',(-5.10474618382735,0.627868279561901,3.33376206151779));
#865=CARTESIAN_POINT('Ctrl Pts',(-5.39594550835269,0.692744548215235,3.23733479801014));
#866=CARTESIAN_POINT('Ctrl Pts',(-5.79042523512622,0.753245282260463,3.07306098734192));
#867=CARTESIAN_POINT('Ctrl Pts',(-6.16001449709058,0.806603891368287,2.8828591732365));
#868=CARTESIAN_POINT('Ctrl Pts',(-6.41024333674677,0.842498878090255,2.74339749337434));
#869=CARTESIAN_POINT('Ctrl Pts',(-6.72212957805877,0.887826773033583,2.54615991829698));
#870=CARTESIAN_POINT('Ctrl Pts',(-7.06905929399384,0.942488441706184,2.27546736975705));
#871=CARTESIAN_POINT('Ctrl Pts',(-7.37432855252415,0.996952002786453,1.9724914907726));
#872=CARTESIAN_POINT('Ctrl Pts',(-7.62825129943922,1.0507511327688,1.63869483402297));
#873=CARTESIAN_POINT('Ctrl Pts',(-7.86419583284814,1.11219749410883,1.2136115158062));
#874=CARTESIAN_POINT('Ctrl Pts',(-8.00140450107029,1.16286956777141,0.811379175236406));
#875=CARTESIAN_POINT('Ctrl Pts',(-8.12454443888931,1.22736995719585,0.23294979322632));
#876=CARTESIAN_POINT('Ctrl Pts',(-8.15629070631014,1.26504776488209,-0.161859756056457));
#877=CARTESIAN_POINT('Ctrl Pts',(-8.15661200284811,1.29288154899236,-0.5));
#878=CARTESIAN_POINT('Ctrl Pts',(-5.00000856168344,1.16464634324215,3.35));
#879=CARTESIAN_POINT('Ctrl Pts',(-5.02365282817982,1.19109080789727,3.3500257063406));
#880=CARTESIAN_POINT('Ctrl Pts',(-5.10552664244527,1.2475608105406,3.33375954607275));
#881=CARTESIAN_POINT('Ctrl Pts',(-5.396329971325,1.37282905460367,3.23732958013377));
#882=CARTESIAN_POINT('Ctrl Pts',(-5.78912584132688,1.49581207043081,3.07305269395846));
#883=CARTESIAN_POINT('Ctrl Pts',(-6.15709923971394,1.60637599336495,2.88284966310227));
#884=CARTESIAN_POINT('Ctrl Pts',(-6.40625636413286,1.68116711721987,2.74338680917181));
#885=CARTESIAN_POINT('Ctrl Pts',(-6.71690407610948,1.77613795181073,2.54614759566126));
#886=CARTESIAN_POINT('Ctrl Pts',(-7.06280144848074,1.89072509575358,2.27545443833875));
#887=CARTESIAN_POINT('Ctrl Pts',(-7.36761639732389,2.00436571016177,1.97247815172102));
#888=CARTESIAN_POINT('Ctrl Pts',(-7.62172012196746,2.11554727281868,1.6386820074031));
#889=CARTESIAN_POINT('Ctrl Pts',(-7.85852673011962,2.2407895431921,1.21360013656571));
#890=CARTESIAN_POINT('Ctrl Pts',(-7.99707348581574,2.34163632654377,0.811369706973548));
#891=CARTESIAN_POINT('Ctrl Pts',(-8.12233578674364,2.46656013316956,0.232943965029209));
#892=CARTESIAN_POINT('Ctrl Pts',(-8.1556055632166,2.53649500508039,-0.161862525749621));
#893=CARTESIAN_POINT('Ctrl Pts',(-8.15710782271212,2.5854636915737,-0.500000000000001));
#894=CARTESIAN_POINT('Ctrl Pts',(-5.00001446927551,2.84320449157632,3.35));
#895=CARTESIAN_POINT('Ctrl Pts',(-5.02533262869214,2.8953881570963,3.3500216086824));
#896=CARTESIAN_POINT('Ctrl Pts',(-5.10913356899163,3.01193594936071,3.33374638061659));
#897=CARTESIAN_POINT('Ctrl Pts',(-5.39826388098501,3.28737233704229,3.23730219988178));
#898=CARTESIAN_POINT('Ctrl Pts',(-5.7835693718025,3.57444102310856,3.07300932809204));
#899=CARTESIAN_POINT('Ctrl Pts',(-6.14455936625703,3.83743156679985,2.88279986025683));
#900=CARTESIAN_POINT('Ctrl Pts',(-6.38916155925817,4.01622182173435,2.74333089333166));
#901=CARTESIAN_POINT('Ctrl Pts',(-6.69474073279936,4.24423038396925,2.54608321070438));
#902=CARTESIAN_POINT('Ctrl Pts',(-7.03694873385968,4.51875929333565,2.27538684670197));
#903=CARTESIAN_POINT('Ctrl Pts',(-7.34101460945045,4.78898757645049,1.97240845477697));
#904=CARTESIAN_POINT('Ctrl Pts',(-7.59751682555702,5.0500368446268,1.63861496262064));
#905=CARTESIAN_POINT('Ctrl Pts',(-7.84023596062636,5.33918926638867,1.21354061202218));
#906=CARTESIAN_POINT('Ctrl Pts',(-7.98659305216865,5.56549859756526,0.811320165906729));
#907=CARTESIAN_POINT('Ctrl Pts',(-8.12348503392705,5.83708803807556,0.232913440247367));
#908=CARTESIAN_POINT('Ctrl Pts',(-8.16460656318764,5.98132329267211,-0.161877057068024));
#909=CARTESIAN_POINT('Ctrl Pts',(-8.17180697461871,6.07539054721912,-0.5));
#910=CARTESIAN_POINT('Ctrl Pts',(-5.00003687768562,3.9394327069534,3.35));
#911=CARTESIAN_POINT('Ctrl Pts',(-5.02720776302779,3.99895128027825,3.35001666196715));
#912=CARTESIAN_POINT('Ctrl Pts',(-5.11291956013279,4.13694316708275,3.33373051086382));
#913=CARTESIAN_POINT('Ctrl Pts',(-5.39896909623998,4.47918130803976,3.23726914763452));
#914=CARTESIAN_POINT('Ctrl Pts',(-5.77402423858037,4.85078135483989,3.07295708188943));
#915=CARTESIAN_POINT('Ctrl Pts',(-6.12540894301099,5.19492398904755,2.88273980835446));
#916=CARTESIAN_POINT('Ctrl Pts',(-6.36368896231308,5.42948467726487,2.74326349437294));
#917=CARTESIAN_POINT('Ctrl Pts',(-6.66204604840731,5.72911683742374,2.54600567490362));
#918=CARTESIAN_POINT('Ctrl Pts',(-6.99838061562383,6.08875042699515,2.27530543172605));
#919=CARTESIAN_POINT('Ctrl Pts',(-7.3000594664938,6.44042152568026,1.9723245211286));
#920=CARTESIAN_POINT('Ctrl Pts',(-7.55795303887636,6.77677070476239,1.63853420571394));
#921=CARTESIAN_POINT('Ctrl Pts',(-7.80610226255086,7.14469631559334,1.21346888275079));
#922=CARTESIAN_POINT('Ctrl Pts',(-7.96053509031762,7.42675413259257,0.811260458419445));
#923=CARTESIAN_POINT('Ctrl Pts',(-8.10993938481061,7.75770186576339,0.232876631273954));
#924=CARTESIAN_POINT('Ctrl Pts',(-8.15980789050986,7.92662978002944,-0.161894597053848));
#925=CARTESIAN_POINT('Ctrl Pts',(-8.17354997968815,8.03069679677151,-0.500000000000001));
#926=CARTESIAN_POINT('Ctrl Pts',(-5.00008568743804,5.93153504356154,3.35));
#927=CARTESIAN_POINT('Ctrl Pts',(-5.02979675919146,5.99401138687146,3.3500052560701));
#928=CARTESIAN_POINT('Ctrl Pts',(-5.11429888074953,6.1440562659087,3.33369410838135));
#929=CARTESIAN_POINT('Ctrl Pts',(-5.37471237404911,6.53294327261763,3.2371929399544));
#930=CARTESIAN_POINT('Ctrl Pts',(-5.70200194415533,6.96991385204265,3.07283744513836));
#931=CARTESIAN_POINT('Ctrl Pts',(-6.00675584197401,7.37536399697557,2.88260188281008));
#932=CARTESIAN_POINT('Ctrl Pts',(-6.21326070930014,7.65141375044747,2.74310888455381));
#933=CARTESIAN_POINT('Ctrl Pts',(-6.4720786346576,8.00258271654674,2.54582838617861));
#934=CARTESIAN_POINT('Ctrl Pts',(-6.76595160138876,8.41879251691325,2.27511912568961));
#935=CARTESIAN_POINT('Ctrl Pts',(-7.03270161112802,8.81934968974465,1.97213258582935));
#936=CARTESIAN_POINT('Ctrl Pts',(-7.26488229692677,9.1951960701692,1.63834939096659));
#937=CARTESIAN_POINT('Ctrl Pts',(-7.4937176009366,9.5983783229562,1.21330447465125));
#938=CARTESIAN_POINT('Ctrl Pts',(-7.64297580546235,9.89920462115636,0.81112353161524));
#939=CARTESIAN_POINT('Ctrl Pts',(-7.79559390094016,10.2450205692778,0.232792051404158));
#940=CARTESIAN_POINT('Ctrl Pts',(-7.85503645265246,10.4156826598798,-0.161935040092999));
#941=CARTESIAN_POINT('Ctrl Pts',(-7.88039550753732,10.5172346722735,-0.500000000000001));
#942=CARTESIAN_POINT('Ctrl Pts',(-5.00013654674819,6.82738752925348,3.35));
#943=CARTESIAN_POINT('Ctrl Pts',(-5.03068615954067,6.88738223230301,3.34999923853263));
#944=CARTESIAN_POINT('Ctrl Pts',(-5.11287247156368,7.03278287689232,3.33367495792517));
#945=CARTESIAN_POINT('Ctrl Pts',(-5.35419080125232,7.41424893464654,3.23715273496247));
#946=CARTESIAN_POINT('Ctrl Pts',(-5.64892168093869,7.8467272213186,3.07277456745336));
#947=CARTESIAN_POINT('Ctrl Pts',(-5.9216533832627,8.24655929947137,2.88252927207126));
#948=CARTESIAN_POINT('Ctrl Pts',(-6.10617879630825,8.51819228339305,2.74302754571868));
#949=CARTESIAN_POINT('Ctrl Pts',(-6.33718296137689,8.86220633267989,2.54573528344014));
#950=CARTESIAN_POINT('Ctrl Pts',(-6.59987683759136,9.2660155963649,2.27502124447145));
#951=CARTESIAN_POINT('Ctrl Pts',(-6.83927480316409,9.65033318864629,1.97203178632631));
#952=CARTESIAN_POINT('Ctrl Pts',(-7.04912569343128,10.0064429033035,1.63825228897752));
#953=CARTESIAN_POINT('Ctrl Pts',(-7.2581459055625,10.3839878301485,1.21321802040363));
#954=CARTESIAN_POINT('Ctrl Pts',(-7.39746946028954,10.6616151745184,0.811051507058514));
#955=CARTESIAN_POINT('Ctrl Pts',(-7.54407972581618,10.9786429123103,0.232747513370515));
#956=CARTESIAN_POINT('Ctrl Pts',(-7.60537236860621,11.1337992613109,-0.161956377136593));
#957=CARTESIAN_POINT('Ctrl Pts',(-7.6358562089533,11.2266172560134,-0.500000000000001));
#958=CARTESIAN_POINT('Ctrl Pts',(-5.00030612860349,8.23211478702997,3.35));
#959=CARTESIAN_POINT('Ctrl Pts',(-5.03065480805158,8.28546563600838,3.34998921535747));
#960=CARTESIAN_POINT('Ctrl Pts',(-5.10532863504294,8.41478512029557,3.33364323188656));
#961=CARTESIAN_POINT('Ctrl Pts',(-5.30596496408081,8.75567948231787,3.23708576898002));
#962=CARTESIAN_POINT('Ctrl Pts',(-5.53711579012619,9.14343447316897,3.0726705888494));
#963=CARTESIAN_POINT('Ctrl Pts',(-5.74739198969552,9.49695272038603,2.88240881634676));
#964=CARTESIAN_POINT('Ctrl Pts',(-5.88896459222257,9.73551567160646,2.74289278474538));
#965=CARTESIAN_POINT('Ctrl Pts',(-6.06525425672211,10.0339482370652,2.545581559029));
#966=CARTESIAN_POINT('Ctrl Pts',(-6.26526104033336,10.3758363347904,2.27485949393672));
#967=CARTESIAN_POINT('Ctrl Pts',(-6.44788642827477,10.6923877678056,1.97186533671101));
#968=CARTESIAN_POINT('Ctrl Pts',(-6.60915263456914,10.9768249344032,1.63809181213645));
#969=CARTESIAN_POINT('Ctrl Pts',(-6.77211805804993,11.2700910614827,1.21307490707697));
#970=CARTESIAN_POINT('Ctrl Pts',(-6.88451505757704,11.4789624661788,0.810932212521009));
#971=CARTESIAN_POINT('Ctrl Pts',(-7.00896274872849,11.7161222282637,0.232673592248402));
#972=CARTESIAN_POINT('Ctrl Pts',(-7.06739256933264,11.8325909237067,-0.161991918656185));
#973=CARTESIAN_POINT('Ctrl Pts',(-7.10321483770385,11.9066981766555,-0.500000000000001));
#974=CARTESIAN_POINT('Ctrl Pts',(-5.00018268010558,8.74099074927462,3.35000000000001));
#975=CARTESIAN_POINT('Ctrl Pts',(-5.03014664313235,8.79136835073208,3.34998546345006));
#976=CARTESIAN_POINT('Ctrl Pts',(-5.101164958874,8.91338956503219,3.3336313894369));
#977=CARTESIAN_POINT('Ctrl Pts',(-5.28425844226512,9.23550508885856,3.23706070242245));
#978=CARTESIAN_POINT('Ctrl Pts',(-5.48876895367255,9.60221078543762,3.07263181336239));
#979=CARTESIAN_POINT('Ctrl Pts',(-5.67292914305359,9.93430306764476,2.88236382172388));
#980=CARTESIAN_POINT('Ctrl Pts',(-5.79650542247417,10.1576747823537,2.74284248043353));
#981=CARTESIAN_POINT('Ctrl Pts',(-5.94974699381065,10.4354135535227,2.54552427854565));
#982=CARTESIAN_POINT('Ctrl Pts',(-6.12303576352156,10.7497469910787,2.27479919614846));
#983=CARTESIAN_POINT('Ctrl Pts',(-6.28106698949321,11.0366620410813,1.97180331129037));
#984=CARTESIAN_POINT('Ctrl Pts',(-6.42081314363161,11.2902234191482,1.63803198642598));
#985=CARTESIAN_POINT('Ctrl Pts',(-6.56282441370723,11.5475950082203,1.21302150886691));
#986=CARTESIAN_POINT('Ctrl Pts',(-6.66224331514455,11.7275056133606,0.810887688358603));
#987=CARTESIAN_POINT('Ctrl Pts',(-6.77521785386727,11.9312006905834,0.232645973021684));
#988=CARTESIAN_POINT('Ctrl Pts',(-6.83107722302649,12.0315388554467,-0.162005222914428));
#989=CARTESIAN_POINT('Ctrl Pts',(-6.86827831758964,12.0978358084062,-0.500000000000001));
#990=CARTESIAN_POINT('Ctrl Pts',(-5.00062761923019,9.38072371831923,3.35000000000001));
#991=CARTESIAN_POINT('Ctrl Pts',(-5.02956299343328,9.42712504044508,3.3499807128246));
#992=CARTESIAN_POINT('Ctrl Pts',(-5.09405068083162,9.53910437706744,3.33361645283522));
#993=CARTESIAN_POINT('Ctrl Pts',(-5.24811380920946,9.83441810450205,3.23702896402149));
#994=CARTESIAN_POINT('Ctrl Pts',(-5.4099058601994,10.1703757931414,3.0725829711773));
#995=CARTESIAN_POINT('Ctrl Pts',(-5.55166207960608,10.4712405642922,2.88230701526246));
#996=CARTESIAN_POINT('Ctrl Pts',(-5.64589154687604,10.6725422795556,2.74277902957722));
#997=CARTESIAN_POINT('Ctrl Pts',(-5.7612518646422,10.9204214634023,2.54545220790205));
#998=CARTESIAN_POINT('Ctrl Pts',(-5.88972614814999,11.195483418786,2.27472328241464));
#999=CARTESIAN_POINT('Ctrl Pts',(-6.00547801452932,11.440668999017,1.97172526472042));
#1000=CARTESIAN_POINT('Ctrl Pts',(-6.10708326429914,11.6512594202486,1.63795666220535));
#1001=CARTESIAN_POINT('Ctrl Pts',(-6.21061035546546,11.8591516450555,1.21295419732017));
#1002=CARTESIAN_POINT('Ctrl Pts',(-6.28482358172675,11.9996442042529,0.810831539978371));
#1003=CARTESIAN_POINT('Ctrl Pts',(-6.37382828193814,12.1581404448681,0.232611091012239));
#1004=CARTESIAN_POINT('Ctrl Pts',(-6.42277417517549,12.2370854753726,-0.162022069114158));
#1005=CARTESIAN_POINT('Ctrl Pts',(-6.4606374028979,12.2932805391966,-0.500000000000002));
#1006=CARTESIAN_POINT('Ctrl Pts',(-4.89108626424939,9.64101317414866,3.35000000000001));
#1007=CARTESIAN_POINT('Ctrl Pts',(-4.9195433888103,9.68576234326723,3.34997876534818));
#1008=CARTESIAN_POINT('Ctrl Pts',(-4.982304878732,9.79355040595983,3.33361033578968));
#1009=CARTESIAN_POINT('Ctrl Pts',(-5.12981196925579,10.0776480749116,3.23701595321155));
#1010=CARTESIAN_POINT('Ctrl Pts',(-5.28276652485217,10.4006824590603,3.07256297540291));
#1011=CARTESIAN_POINT('Ctrl Pts',(-5.41608163858711,10.688461300807,2.88228374523253));
#1012=CARTESIAN_POINT('Ctrl Pts',(-5.50460903953059,10.8805201779565,2.74275304395963));
#1013=CARTESIAN_POINT('Ctrl Pts',(-5.61292568626894,11.1159050623266,2.54542271097891));
#1014=CARTESIAN_POINT('Ctrl Pts',(-5.73362102838755,11.3745735781789,2.27469220768799));
#1015=CARTESIAN_POINT('Ctrl Pts',(-5.84261838181743,11.6023764125107,1.97169332137065));
#1016=CARTESIAN_POINT('Ctrl Pts',(-5.9387176672047,11.7951015951148,1.63792582828458));
#1017=CARTESIAN_POINT('Ctrl Pts',(-6.03722513032677,11.9824593626131,1.21292663498022));
#1018=CARTESIAN_POINT('Ctrl Pts',(-6.1087484228914,12.1066128877579,0.810808546243261));
#1019=CARTESIAN_POINT('Ctrl Pts',(-6.19537809516241,12.2464085853191,0.232596800762984));
#1020=CARTESIAN_POINT('Ctrl Pts',(-6.24399368512735,12.3165025020391,-0.162028975114127));
#1021=CARTESIAN_POINT('Ctrl Pts',(-6.2820150879287,12.3685341709511,-0.500000000000002));
#1022=CARTESIAN_POINT('Ctrl Pts',(-4.63080180184197,9.75054361218792,3.35000000000001));
#1023=CARTESIAN_POINT('Ctrl Pts',(-4.65865769480581,9.79361613729519,3.34997681720008));
#1024=CARTESIAN_POINT('Ctrl Pts',(-4.72069984577992,9.89862737093319,3.33360422982594));
#1025=CARTESIAN_POINT('Ctrl Pts',(-4.86842512283499,10.1792881307106,3.23700293805123));
#1026=CARTESIAN_POINT('Ctrl Pts',(-5.02317328493194,10.5016866889655,3.07254303052874));
#1027=CARTESIAN_POINT('Ctrl Pts',(-5.15957472216344,10.7892321906356,2.88226050464099));
#1028=CARTESIAN_POINT('Ctrl Pts',(-5.25054618913295,10.9811446316518,2.74272710468134));
#1029=CARTESIAN_POINT('Ctrl Pts',(-5.36262918481589,11.2162118149636,2.54539330755951));
#1030=CARTESIAN_POINT('Ctrl Pts',(-5.48908196960762,11.4737582409763,2.27466122079331));
#1031=CARTESIAN_POINT('Ctrl Pts',(-5.60482306605085,11.6994896103213,1.97166147794856));
#1032=CARTESIAN_POINT('Ctrl Pts',(-5.70830129098416,11.8890745787109,1.63789508041236));
#1033=CARTESIAN_POINT('Ctrl Pts',(-5.81552787416004,12.0716409586858,1.21289913130406));
#1034=CARTESIAN_POINT('Ctrl Pts',(-5.89383445767286,12.1906437328118,0.810785596183965));
#1035=CARTESIAN_POINT('Ctrl Pts',(-5.98758311550609,12.3228590319621,0.232582525796154));
#1036=CARTESIAN_POINT('Ctrl Pts',(-6.03860287288912,12.3878119206633,-0.16203588360928));
#1037=CARTESIAN_POINT('Ctrl Pts',(-6.0765366925666,12.4356756689122,-0.500000000000002));
#1038=CARTESIAN_POINT('Ctrl Pts',(-4.43097260036817,9.75041350177755,3.35000000000001));
#1039=CARTESIAN_POINT('Ctrl Pts',(-4.45831945797553,9.79220663440121,3.34997533230243));
#1040=CARTESIAN_POINT('Ctrl Pts',(-4.51966497980488,9.89586148123013,3.33359958125146));
#1041=CARTESIAN_POINT('Ctrl Pts',(-4.66689983769803,10.1784118875312,3.23699301782415));
#1042=CARTESIAN_POINT('Ctrl Pts',(-4.82227175064171,10.5071251698537,3.07252785223226));
#1043=CARTESIAN_POINT('Ctrl Pts',(-4.96011678692597,10.8019047214744,2.88224280591368));
#1044=CARTESIAN_POINT('Ctrl Pts',(-5.05231619210356,10.9989399553181,2.74270735635927));
#1045=CARTESIAN_POINT('Ctrl Pts',(-5.16645640710844,11.2407019694254,2.5453709388252));
#1046=CARTESIAN_POINT('Ctrl Pts',(-5.29625775135321,11.5061138621434,2.27463764299928));
#1047=CARTESIAN_POINT('Ctrl Pts',(-5.41608599022909,11.73900082541,1.97163725242282));
#1048=CARTESIAN_POINT('Ctrl Pts',(-5.52416438397581,11.9345752225909,1.63787168403187));
#1049=CARTESIAN_POINT('Ctrl Pts',(-5.63689217890067,12.1224969711725,1.21287819589904));
#1050=CARTESIAN_POINT('Ctrl Pts',(-5.71959218498544,12.2438327570801,0.810768124746103));
#1051=CARTESIAN_POINT('Ctrl Pts',(-5.81784736038562,12.3766789659763,0.232571653626237));
#1052=CARTESIAN_POINT('Ctrl Pts',(-5.8704431037157,12.4396374284267,-0.162041149380007));
#1053=CARTESIAN_POINT('Ctrl Pts',(-5.90820855167676,12.4843389117518,-0.500000000000002));
#1054=CARTESIAN_POINT('Ctrl Pts',(-4.36202905429033,9.75044633438414,3.35000000000001));
#1055=CARTESIAN_POINT('Ctrl Pts',(-4.38919120396492,9.79179818527978,3.34997482044253));
#1056=CARTESIAN_POINT('Ctrl Pts',(-4.45025632330634,9.89501251439372,3.33359797983066));
#1057=CARTESIAN_POINT('Ctrl Pts',(-4.59720070945491,10.1781509040032,3.23698959822743));
#1058=CARTESIAN_POINT('Ctrl Pts',(-4.7526001158733,10.5090906364092,3.07252262445896));
#1059=CARTESIAN_POINT('Ctrl Pts',(-4.89077613920109,10.8062570201039,2.88223670779235));
#1060=CARTESIAN_POINT('Ctrl Pts',(-4.98328092893154,11.0049876612122,2.74270055306219));
#1061=CARTESIAN_POINT('Ctrl Pts',(-5.09796800494281,11.2489981558929,2.54536323588172));
#1062=CARTESIAN_POINT('Ctrl Pts',(-5.22872142818862,11.5170355490746,2.27462952289453));
#1063=CARTESIAN_POINT('Ctrl Pts',(-5.34975345797294,11.7523077546921,1.97162890997009));
#1064=CARTESIAN_POINT('Ctrl Pts',(-5.4592161764172,11.9498780705815,1.63786362632186));
#1065=CARTESIAN_POINT('Ctrl Pts',(-5.57362409366258,12.1395509590535,1.21287098436932));
#1066=CARTESIAN_POINT('Ctrl Pts',(-5.65766722886306,12.2617000402636,0.810762106037014));
#1067=CARTESIAN_POINT('Ctrl Pts',(-5.75730970670912,12.3946815802044,0.232567907393935));
#1068=CARTESIAN_POINT('Ctrl Pts',(-5.81036436130948,12.4570423849317,-0.162042964555426));
#1069=CARTESIAN_POINT('Ctrl Pts',(-5.84805328022944,12.5006564524101,-0.500000000000002));
#1070=CARTESIAN_POINT('Ctrl Pts',(-3.06673052911334,9.75025622732477,3.35000000000001));
#1071=CARTESIAN_POINT('Ctrl Pts',(-3.09024551245957,9.78333596523916,3.34996521497529));
#1072=CARTESIAN_POINT('Ctrl Pts',(-3.14540540008761,9.87792433134356,3.33356794729399));
#1073=CARTESIAN_POINT('Ctrl Pts',(-3.28435479134437,10.1718667192371,3.23692542691268));
#1074=CARTESIAN_POINT('Ctrl Pts',(-3.4370086019014,10.5429400419947,3.072424606155));
#1075=CARTESIAN_POINT('Ctrl Pts',(-3.57783476070783,10.8845716485477,2.88212232675288));
#1076=CARTESIAN_POINT('Ctrl Pts',(-3.67357099063448,11.1148605067924,2.74257296509427));
#1077=CARTESIAN_POINT('Ctrl Pts',(-3.79523914530437,11.4004619275575,2.54521883655991));
#1078=CARTESIAN_POINT('Ctrl Pts',(-3.93970436455563,11.7171931389359,2.27447728764863));
#1079=CARTESIAN_POINT('Ctrl Pts',(-4.07912187971603,11.9966962050606,1.97147252043687));
#1080=CARTESIAN_POINT('Ctrl Pts',(-4.21046666999439,12.2312185341988,1.63771255921287));
#1081=CARTESIAN_POINT('Ctrl Pts',(-4.35189666901328,12.4534849687626,1.2127357545294));
#1082=CARTESIAN_POINT('Ctrl Pts',(-4.45792821868004,12.5901462445116,0.810649236054349));
#1083=CARTESIAN_POINT('Ctrl Pts',(-4.58006628849034,12.7257729013675,0.232497636053984));
#1084=CARTESIAN_POINT('Ctrl Pts',(-4.6405055409299,12.7760387788725,-0.162077027970414));
#1085=CARTESIAN_POINT('Ctrl Pts',(-4.67639612503259,12.7993248098538,-0.500000000000002));
#1086=CARTESIAN_POINT('Ctrl Pts',(-1.84035224219474,9.75007814820605,3.35));
#1087=CARTESIAN_POINT('Ctrl Pts',(-1.85743835168899,9.77564825865719,3.34995632067019));
#1088=CARTESIAN_POINT('Ctrl Pts',(-1.89580093553341,9.86014957260033,3.33354046588752));
#1089=CARTESIAN_POINT('Ctrl Pts',(-1.98701641263971,10.1514173422734,3.23686601003165));
#1090=CARTESIAN_POINT('Ctrl Pts',(-2.08251020742443,10.5393597172128,3.07233528015083));
#1091=CARTESIAN_POINT('Ctrl Pts',(-2.17008793945595,10.9014441542276,2.88201734446958));
#1092=CARTESIAN_POINT('Ctrl Pts',(-2.2296350146663,11.1464820709719,2.742456196653));
#1093=CARTESIAN_POINT('Ctrl Pts',(-2.30557468427899,11.4516826192309,2.54508770279705));
#1094=CARTESIAN_POINT('Ctrl Pts',(-2.39695891484044,11.7907785853496,2.27433877073541));
#1095=CARTESIAN_POINT('Ctrl Pts',(-2.4867458515465,12.0894942456049,1.97133046461832));
#1096=CARTESIAN_POINT('Ctrl Pts',(-2.5732013049953,12.3383831457562,1.63757507755881));
#1097=CARTESIAN_POINT('Ctrl Pts',(-2.66843809106219,12.5706660442279,1.21261222947996));
#1098=CARTESIAN_POINT('Ctrl Pts',(-2.74217399570057,12.7075667135919,0.810546004070192));
#1099=CARTESIAN_POINT('Ctrl Pts',(-2.82934692086126,12.8334734188405,0.232433069199856));
#1100=CARTESIAN_POINT('Ctrl Pts',(-2.8743917306524,12.8695466000728,-0.162108572317842));
#1101=CARTESIAN_POINT('Ctrl Pts',(-2.90250924356017,12.8753284255367,-0.500000000000001));
#1102=CARTESIAN_POINT('Ctrl Pts',(-0.408598517600145,9.75006535270474,3.35));
#1103=CARTESIAN_POINT('Ctrl Pts',(-0.412719507483225,9.77340339618051,3.34994770821823));
#1104=CARTESIAN_POINT('Ctrl Pts',(-0.421771641358319,9.85491192003558,3.33351457776724));
#1105=CARTESIAN_POINT('Ctrl Pts',(-0.442649319501331,10.1454445444797,3.23680848323049));
#1106=CARTESIAN_POINT('Ctrl Pts',(-0.463914824258558,10.5384774552879,3.07225194955553));
#1107=CARTESIAN_POINT('Ctrl Pts',(-0.483318862962015,10.9067298385693,2.88191773982791));
#1108=CARTESIAN_POINT('Ctrl Pts',(-0.496503989649854,11.1562103707934,2.74234615604382));
#1109=CARTESIAN_POINT('Ctrl Pts',(-0.513332402041707,11.4673028519886,2.54496640123414));
#1110=CARTESIAN_POINT('Ctrl Pts',(-0.533698440068791,11.8131139730276,2.27421003887476));
#1111=CARTESIAN_POINT('Ctrl Pts',(-0.553874070088421,12.1175902570207,1.97119898464398));
#1112=CARTESIAN_POINT('Ctrl Pts',(-0.573505419125279,12.3707793831981,1.63744724559972));
#1113=CARTESIAN_POINT('Ctrl Pts',(-0.595381483568376,12.6060584085187,1.21249635027574));
#1114=CARTESIAN_POINT('Ctrl Pts',(-0.612610792258135,12.7430194562947,0.810448867931302));
#1115=CARTESIAN_POINT('Ctrl Pts',(-0.633308349372977,12.8660284704741,0.232371654062054));
#1116=CARTESIAN_POINT('Ctrl Pts',(-0.644293903843582,12.8978573282844,-0.162139123928721));
#1117=CARTESIAN_POINT('Ctrl Pts',(-0.651395158286937,12.8984287309353,-0.500000000000001));
#1118=CARTESIAN_POINT('Ctrl Pts',(-0.20320758456333,9.75006477448225,3.35));
#1119=CARTESIAN_POINT('Ctrl Pts',(-0.205337502721324,9.77323963306847,3.34994651528577));
#1120=CARTESIAN_POINT('Ctrl Pts',(-0.209966913888148,9.85453566458916,3.33351101286516));
#1121=CARTESIAN_POINT('Ctrl Pts',(-0.220485193674725,10.1450517861024,3.23680051525684));
#1122=CARTESIAN_POINT('Ctrl Pts',(-0.231050266871238,10.5385134977879,3.07224049889915));
#1123=CARTESIAN_POINT('Ctrl Pts',(-0.240664280030379,10.9072769599998,2.88190400274531));
#1124=CARTESIAN_POINT('Ctrl Pts',(-0.247194584855326,11.1571244231936,2.7423310017415));
#1125=CARTESIAN_POINT('Ctrl Pts',(-0.255532232442424,11.4687027742652,2.5449497638878));
#1126=CARTESIAN_POINT('Ctrl Pts',(-0.265651349139865,11.8150723312952,2.27419236419597));
#1127=CARTESIAN_POINT('Ctrl Pts',(-0.275718898954783,12.1200356024229,1.97118094897573));
#1128=CARTESIAN_POINT('Ctrl Pts',(-0.285569509932734,12.3736005602223,1.63742969259791));
#1129=CARTESIAN_POINT('Ctrl Pts',(-0.296616914817332,12.6091629849425,1.21248040764518));
#1130=CARTESIAN_POINT('Ctrl Pts',(-0.305402998407625,12.7461716704814,0.81043549517853));
#1131=CARTESIAN_POINT('Ctrl Pts',(-0.316062206891826,12.8690120949464,0.232363179324113));
#1132=CARTESIAN_POINT('Ctrl Pts',(-0.32181289705982,12.900542713224,-0.162143355908698));
#1133=CARTESIAN_POINT('Ctrl Pts',(-0.3256123788129,12.900732459388,-0.500000000000001));
#1134=CARTESIAN_POINT('Ctrl Pts',(1.03374627324039,9.75007724031679,3.35));
#1135=CARTESIAN_POINT('Ctrl Pts',(1.04444577783379,9.77336419653976,3.34993962438429));
#1136=CARTESIAN_POINT('Ctrl Pts',(1.06764736450486,9.85488761352958,3.33349056276575));
#1137=CARTESIAN_POINT('Ctrl Pts',(1.12015398541874,10.1458487081873,3.23675449016127));
#1138=CARTESIAN_POINT('Ctrl Pts',(1.17267087918499,10.5397119699794,3.07217497842967));
#1139=CARTESIAN_POINT('Ctrl Pts',(1.22031347000014,10.9088055704707,2.88182505539749));
#1140=CARTESIAN_POINT('Ctrl Pts',(1.2526396161972,11.1588733124658,2.74224406034847));
#1141=CARTESIAN_POINT('Ctrl Pts',(1.29384854862656,11.4707299595815,2.54485477774349));
#1142=CARTESIAN_POINT('Ctrl Pts',(1.34375489250134,11.8174319433227,2.27409133057315));
#1143=CARTESIAN_POINT('Ctrl Pts',(1.39329195054299,12.1227277849435,1.97107796383209));
#1144=CARTESIAN_POINT('Ctrl Pts',(1.4416344617438,12.3766260907364,1.63732934162578));
#1145=CARTESIAN_POINT('Ctrl Pts',(1.49567578061379,12.6125753102298,1.21238905120463));
#1146=CARTESIAN_POINT('Ctrl Pts',(1.5384402288658,12.7499235637218,0.810358804788525));
#1147=CARTESIAN_POINT('Ctrl Pts',(1.59000716389564,12.8732064662493,0.232314443352999));
#1148=CARTESIAN_POINT('Ctrl Pts',(1.61755186126819,12.9050266310861,-0.162167803044102));
#1149=CARTESIAN_POINT('Ctrl Pts',(1.63548298764376,12.9054405725236,-0.500000000000001));
#1150=CARTESIAN_POINT('Ctrl Pts',(2.06530382358167,9.75014661120944,3.35));
#1151=CARTESIAN_POINT('Ctrl Pts',(2.08322868988898,9.77802291837823,3.3499326603648));
#1152=CARTESIAN_POINT('Ctrl Pts',(2.12461308424209,9.86586641653998,3.33347063123775));
#1153=CARTESIAN_POINT('Ctrl Pts',(2.22662627248302,10.1593601468767,3.23670591286333));
#1154=CARTESIAN_POINT('Ctrl Pts',(2.33675092147483,10.5443091005066,3.07210899677407));
#1155=CARTESIAN_POINT('Ctrl Pts',(2.43851346860232,10.9023016907559,2.88174184628091));
#1156=CARTESIAN_POINT('Ctrl Pts',(2.50782229905047,11.1443195551118,2.74215096292314));
#1157=CARTESIAN_POINT('Ctrl Pts',(2.5962715977719,11.4454265499532,2.54475646214694));
#1158=CARTESIAN_POINT('Ctrl Pts',(2.70241915661389,11.7798773006072,2.27398356380891));
#1159=CARTESIAN_POINT('Ctrl Pts',(2.80608673961793,12.0747240075156,1.9709705440334));
#1160=CARTESIAN_POINT('Ctrl Pts',(2.90511755874395,12.3209564343417,1.63722193316579));
#1161=CARTESIAN_POINT('Ctrl Pts',(3.01306884928303,12.5518525871521,1.21229472765734));
#1162=CARTESIAN_POINT('Ctrl Pts',(3.09531343593167,12.6896787768262,0.81027991076996));
#1163=CARTESIAN_POINT('Ctrl Pts',(3.19080672280031,12.819432173191,0.232265207515925));
#1164=CARTESIAN_POINT('Ctrl Pts',(3.23860955923175,12.8599853199508,-0.162192515532105));
#1165=CARTESIAN_POINT('Ctrl Pts',(3.26702971544671,12.870973215482,-0.5));
#1166=CARTESIAN_POINT('Ctrl Pts',(3.56452239040533,9.75033099028008,3.35));
#1167=CARTESIAN_POINT('Ctrl Pts',(3.58933658143401,9.78689363030605,3.34992190181193));
#1168=CARTESIAN_POINT('Ctrl Pts',(3.64614028135377,9.8851233113956,3.33344038597416));
#1169=CARTESIAN_POINT('Ctrl Pts',(3.78547043448466,10.1745515808764,3.23662933368621));
#1170=CARTESIAN_POINT('Ctrl Pts',(3.93523091930827,10.5288184043199,3.07200723729373));
#1171=CARTESIAN_POINT('Ctrl Pts',(4.07095875496405,10.8517215751123,2.88161075482119));
#1172=CARTESIAN_POINT('Ctrl Pts',(4.16258076558451,11.0686981282673,2.74200325099643));
#1173=CARTESIAN_POINT('Ctrl Pts',(4.27768253989824,11.336713382289,2.54460285226491));
#1174=CARTESIAN_POINT('Ctrl Pts',(4.41210507446243,11.6327396783523,2.27381287204607));
#1175=CARTESIAN_POINT('Ctrl Pts',(4.53953475090219,11.8933092355458,1.97080211137372));
#1176=CARTESIAN_POINT('Ctrl Pts',(4.65776946991736,12.1118692504969,1.63705154867665));
#1177=CARTESIAN_POINT('Ctrl Pts',(4.78353981530747,12.3198725068137,1.21214752574939));
#1178=CARTESIAN_POINT('Ctrl Pts',(4.87731231973955,12.4499563255943,0.810156997127065));
#1179=CARTESIAN_POINT('Ctrl Pts',(4.98666992214566,12.5839119765948,0.232189157379406));
#1180=CARTESIAN_POINT('Ctrl Pts',(5.0426329869917,12.6390385430335,-0.162230697520666));
#1181=CARTESIAN_POINT('Ctrl Pts',(5.0787176355781,12.6708070909216,-0.5));
#1182=CARTESIAN_POINT('Ctrl Pts',(4.03219629457242,9.75020960184765,3.35));
#1183=CARTESIAN_POINT('Ctrl Pts',(4.05864877016597,9.78976709956014,3.34991845557248));
#1184=CARTESIAN_POINT('Ctrl Pts',(4.11864975066281,9.89133440300585,3.33343077035721));
#1185=CARTESIAN_POINT('Ctrl Pts',(4.26443222208925,10.1781453723026,3.2366045994136));
#1186=CARTESIAN_POINT('Ctrl Pts',(4.419857298725,10.5198399051624,3.0719746642904));
#1187=CARTESIAN_POINT('Ctrl Pts',(4.55938474180416,10.8287044893316,2.8815684244338));
#1188=CARTESIAN_POINT('Ctrl Pts',(4.65318513089408,11.0356886739969,2.74195541778915));
#1189=CARTESIAN_POINT('Ctrl Pts',(4.7702093046203,11.2904962381765,2.54455341765436));
#1190=CARTESIAN_POINT('Ctrl Pts',(4.90532743557028,11.5711112936886,2.27375763556306));
#1191=CARTESIAN_POINT('Ctrl Pts',(5.03184041942028,11.817778532349,1.97074782780504));
#1192=CARTESIAN_POINT('Ctrl Pts',(5.14782198412024,12.0248752110353,1.63699637785471));
#1193=CARTESIAN_POINT('Ctrl Pts',(5.27001425038956,12.2230278053149,1.21210017580974));
#1194=CARTESIAN_POINT('Ctrl Pts',(5.36048598761314,12.349094155094,0.810117487419712));
#1195=CARTESIAN_POINT('Ctrl Pts',(5.46669616659079,12.4832790594661,0.232164798329428));
#1196=CARTESIAN_POINT('Ctrl Pts',(5.52205393514538,12.5430286016517,-0.16224292875118));
#1197=CARTESIAN_POINT('Ctrl Pts',(5.55945745328203,12.5820451813485,-0.5));
#1198=CARTESIAN_POINT('Ctrl Pts',(4.63071809997873,9.75062508673991,3.35));
#1199=CARTESIAN_POINT('Ctrl Pts',(4.65873151977923,9.79400987457533,3.34991402231613));
#1200=CARTESIAN_POINT('Ctrl Pts',(4.72094337087822,9.89947190579532,3.33341847055063));
#1201=CARTESIAN_POINT('Ctrl Pts',(4.86844522033965,10.1806195266224,3.23657258543852));
#1202=CARTESIAN_POINT('Ctrl Pts',(5.02241368866849,10.5027931370563,3.07193278448935));
#1203=CARTESIAN_POINT('Ctrl Pts',(5.15790391537437,10.7900248165567,2.88151364579453));
#1204=CARTESIAN_POINT('Ctrl Pts',(5.24823347069264,10.9816718284582,2.74189338871456));
#1205=CARTESIAN_POINT('Ctrl Pts',(5.35938279825454,11.2162980401326,2.54448960470675));
#1206=CARTESIAN_POINT('Ctrl Pts',(5.48486605865928,11.4732538090098,2.2736860423743));
#1207=CARTESIAN_POINT('Ctrl Pts',(5.59951058648326,11.6983816887955,1.97067768040931));
#1208=CARTESIAN_POINT('Ctrl Pts',(5.70212700991252,11.8874090578352,1.636924837709));
#1209=CARTESIAN_POINT('Ctrl Pts',(5.80823537008566,12.0694825803201,1.21203907534436));
#1210=CARTESIAN_POINT('Ctrl Pts',(5.88595053919539,12.1882269856326,0.810066530292212));
#1211=CARTESIAN_POINT('Ctrl Pts',(5.97901270144685,12.3205718628808,0.232133464476419));
#1212=CARTESIAN_POINT('Ctrl Pts',(6.02993235273648,12.3858304551743,-0.162258663572031));
#1213=CARTESIAN_POINT('Ctrl Pts',(6.0679401625364,12.4343088038803,-0.5));
#1214=CARTESIAN_POINT('Ctrl Pts',(4.89100961236852,9.64108268192314,3.35));
#1215=CARTESIAN_POINT('Ctrl Pts',(4.91964014131407,9.68614070220052,3.34991208059423));
#1216=CARTESIAN_POINT('Ctrl Pts',(4.98260928707036,9.79440406155758,3.33341309185531));
#1217=CARTESIAN_POINT('Ctrl Pts',(5.13013997535765,10.0788538854529,3.23655853980119));
#1218=CARTESIAN_POINT('Ctrl Pts',(5.28255091859612,10.401666226702,3.07191444426469));
#1219=CARTESIAN_POINT('Ctrl Pts',(5.41531154738136,10.6889148368773,2.88148961375617));
#1220=CARTESIAN_POINT('Ctrl Pts',(5.50344644470754,10.8805618072767,2.74186616015936));
#1221=CARTESIAN_POINT('Ctrl Pts',(5.61113100373403,11.1153567544385,2.54446162847096));
#1222=CARTESIAN_POINT('Ctrl Pts',(5.73126591523717,11.3732285474924,2.27365461989873));
#1223=CARTESIAN_POINT('Ctrl Pts',(5.8395646161091,11.6002237688047,1.9706469179673));
#1224=CARTESIAN_POINT('Ctrl Pts',(5.93520153072153,11.7922038455045,1.63689343463843));
#1225=CARTESIAN_POINT('Ctrl Pts',(6.03302206741966,11.9788337702284,1.21201229089431));
#1226=CARTESIAN_POINT('Ctrl Pts',(6.10423525540604,12.1026618501266,0.810044195542008));
#1227=CARTESIAN_POINT('Ctrl Pts',(6.19053636895348,12.2423880390221,0.232119740772794));
#1228=CARTESIAN_POINT('Ctrl Pts',(6.23912024940461,12.312875802813,-0.162265555328986));
#1229=CARTESIAN_POINT('Ctrl Pts',(6.27725969225452,12.3655151041035,-0.5));
#1230=CARTESIAN_POINT('Ctrl Pts',(5.00053777483695,9.38079673484356,3.35));
#1231=CARTESIAN_POINT('Ctrl Pts',(5.02966229076466,9.42750115580287,3.34991013974592));
#1232=CARTESIAN_POINT('Ctrl Pts',(5.09446041048398,9.53989759800277,3.33340773124737));
#1233=CARTESIAN_POINT('Ctrl Pts',(5.24879164369008,9.83547117503574,3.23654445653161));
#1234=CARTESIAN_POINT('Ctrl Pts',(5.41052207807063,10.1709488828466,3.07189611728868));
#1235=CARTESIAN_POINT('Ctrl Pts',(5.55206751445979,10.4711575820886,2.88146551962055));
#1236=CARTESIAN_POINT('Ctrl Pts',(5.64615221118583,10.6719552833304,2.74183883241058));
#1237=CARTESIAN_POINT('Ctrl Pts',(5.76123581239292,10.9190933844951,2.54443361540384));
#1238=CARTESIAN_POINT('Ctrl Pts',(5.88960245833314,11.1931829476963,2.27362309102033));
#1239=CARTESIAN_POINT('Ctrl Pts',(6.00509927067218,11.4373839640604,1.97061609822545));
#1240=CARTESIAN_POINT('Ctrl Pts',(6.10669685355364,11.6470532834781,1.63686191810016));
#1241=CARTESIAN_POINT('Ctrl Pts',(6.2099853172221,11.8540494292493,1.21198547598525));
#1242=CARTESIAN_POINT('Ctrl Pts',(6.28430585155477,11.9940305140146,0.81002184127315));
#1243=CARTESIAN_POINT('Ctrl Pts',(6.37331783610123,12.15234766603,0.232106023635546));
#1244=CARTESIAN_POINT('Ctrl Pts',(6.42248633289528,12.2315435743115,-0.16227244409914));
#1245=CARTESIAN_POINT('Ctrl Pts',(6.46051183999013,12.288334675471,-0.5));
#1246=CARTESIAN_POINT('Ctrl Pts',(5.00035286847799,9.10530576876813,3.34999999999999));
#1247=CARTESIAN_POINT('Ctrl Pts',(5.02993671459958,9.15371534572604,3.34990810103903));
#1248=CARTESIAN_POINT('Ctrl Pts',(5.09756737661593,9.27042017872224,3.33340210794446));
#1249=CARTESIAN_POINT('Ctrl Pts',(5.26464875627326,9.57743253700169,3.23652964188605));
#1250=CARTESIAN_POINT('Ctrl Pts',(5.44494117515971,9.92605580175334,3.07187686867898));
#1251=CARTESIAN_POINT('Ctrl Pts',(5.60510801288259,10.239567136469,2.88144017532948));
#1252=CARTESIAN_POINT('Ctrl Pts',(5.7120807986687,10.4497686801654,2.74181007279961));
#1253=CARTESIAN_POINT('Ctrl Pts',(5.84376346637615,10.7096430509403,2.54440416596721));
#1254=CARTESIAN_POINT('Ctrl Pts',(5.99182795759434,11.0004877010498,2.27358991405133));
#1255=CARTESIAN_POINT('Ctrl Pts',(6.12591777874079,11.2625027732959,1.97058369007856));
#1256=CARTESIAN_POINT('Ctrl Pts',(6.24432740353921,11.4905282587923,1.63682875067598));
#1257=CARTESIAN_POINT('Ctrl Pts',(6.36461665428443,11.7186636035174,1.21195728846614));
#1258=CARTESIAN_POINT('Ctrl Pts',(6.45003794885527,11.8755192846901,0.809998345571052));
#1259=CARTESIAN_POINT('Ctrl Pts',(6.54974007844566,12.0531647105969,0.232091615065346));
#1260=CARTESIAN_POINT('Ctrl Pts',(6.60190444430094,12.1415553407997,-0.162279680258574));
#1261=CARTESIAN_POINT('Ctrl Pts',(6.63969123054678,12.2026822542641,-0.5));
#1262=CARTESIAN_POINT('Ctrl Pts',(5.00041174428703,8.96069132226517,3.35));
#1263=CARTESIAN_POINT('Ctrl Pts',(5.03020158520398,9.00997997496492,3.34990703315543));
#1264=CARTESIAN_POINT('Ctrl Pts',(5.09922944964573,9.12888550661538,3.33339916684306));
#1265=CARTESIAN_POINT('Ctrl Pts',(5.27247306725364,9.44171973094507,3.23652186954097));
#1266=CARTESIAN_POINT('Ctrl Pts',(5.4619779994687,9.79697295506198,3.07186678757995));
#1267=CARTESIAN_POINT('Ctrl Pts',(5.63116282715978,10.1172320608795,2.88142687936112));
#1268=CARTESIAN_POINT('Ctrl Pts',(5.74437441981108,10.3322067837928,2.74179497702733));
#1269=CARTESIAN_POINT('Ctrl Pts',(5.88411479290732,10.5985497342647,2.54438872631727));
#1270=CARTESIAN_POINT('Ctrl Pts',(6.04167523090387,10.8979327734941,2.27357250188826));
#1271=CARTESIAN_POINT('Ctrl Pts',(6.18467416637124,11.1690520022982,1.9705666945306));
#1272=CARTESIAN_POINT('Ctrl Pts',(6.31108895199283,11.4064834196687,1.63681134152709));
#1273=CARTESIAN_POINT('Ctrl Pts',(6.43937578883386,11.6454804265663,1.21194251175901));
#1274=CARTESIAN_POINT('Ctrl Pts',(6.53004368148767,11.8110160587595,0.809986030100306));
#1275=CARTESIAN_POINT('Ctrl Pts',(6.63461461823726,11.9986414032371,0.232084067904813));
#1276=CARTESIAN_POINT('Ctrl Pts',(6.68821957554775,12.0917727141679,-0.162283470621916));
#1277=CARTESIAN_POINT('Ctrl Pts',(6.72581216076377,12.1551560331314,-0.5));
#1278=CARTESIAN_POINT('Ctrl Pts',(5.00027218605602,7.99848860560498,3.35));
#1279=CARTESIAN_POINT('Ctrl Pts',(5.0312172576637,8.05346349020178,3.34989995653584));
#1280=CARTESIAN_POINT('Ctrl Pts',(5.10853950845044,8.18658459222285,3.33337970354534));
#1281=CARTESIAN_POINT('Ctrl Pts',(5.31973113637154,8.53680974871443,3.23647028908117));
#1282=CARTESIAN_POINT('Ctrl Pts',(5.56572357007714,8.93461044569998,3.07179999097747));
#1283=CARTESIAN_POINT('Ctrl Pts',(5.79067495896827,9.29817041537111,2.88133864576783));
#1284=CARTESIAN_POINT('Ctrl Pts',(5.94240147731839,9.54380865555918,2.74169475086651));
#1285=CARTESIAN_POINT('Ctrl Pts',(6.13162891321556,9.85180093292843,2.54428632708727));
#1286=CARTESIAN_POINT('Ctrl Pts',(6.34725567928173,10.2063202698844,2.27345691004089));
#1287=CARTESIAN_POINT('Ctrl Pts',(6.54436475580646,10.5363954102263,1.97045394770301));
#1288=CARTESIAN_POINT('Ctrl Pts',(6.71899118253059,10.8348961540676,1.63669575763147));
#1289=CARTESIAN_POINT('Ctrl Pts',(6.89510059535882,11.1445391469941,1.21184451748353));
#1290=CARTESIAN_POINT('Ctrl Pts',(7.01640976060581,11.3666984995942,0.809904367930811));
#1291=CARTESIAN_POINT('Ctrl Pts',(7.14929929339967,11.6194337945862,0.232034055290764));
#1292=CARTESIAN_POINT('Ctrl Pts',(7.21040213211956,11.7436176498968,-0.162308588674129));
#1293=CARTESIAN_POINT('Ctrl Pts',(7.24628840178642,11.8217635731275,-0.5));
#1294=CARTESIAN_POINT('Ctrl Pts',(5.00015740904679,7.1809029112646,3.35));
#1295=CARTESIAN_POINT('Ctrl Pts',(5.03104907961354,7.23992609775902,3.34989408266956));
#1296=CARTESIAN_POINT('Ctrl Pts',(5.11209319085106,7.38307437542447,3.33336367708835));
#1297=CARTESIAN_POINT('Ctrl Pts',(5.34455192640536,7.75927073625776,3.23642711394963));
#1298=CARTESIAN_POINT('Ctrl Pts',(5.62430016526361,8.18628373687762,3.07174458836645));
#1299=CARTESIAN_POINT('Ctrl Pts',(5.88221683761738,8.58007751394845,2.88126480907132));
#1300=CARTESIAN_POINT('Ctrl Pts',(6.05656070020758,8.84727863090275,2.74161064304691));
#1301=CARTESIAN_POINT('Ctrl Pts',(6.2744301262737,9.18490659293618,2.54420092556026));
#1302=CARTESIAN_POINT('Ctrl Pts',(6.52253991888742,9.57943039098161,2.27335997335886));
#1303=CARTESIAN_POINT('Ctrl Pts',(6.74855362991677,9.95301547339216,1.97035977870059));
#1304=CARTESIAN_POINT('Ctrl Pts',(6.94744698510262,10.2972593051267,1.63659876955468));
#1305=CARTESIAN_POINT('Ctrl Pts',(7.14586761130573,10.6604090457945,1.21176282908581));
#1306=CARTESIAN_POINT('Ctrl Pts',(7.27959392930909,10.925930528361,0.809836342209861));
#1307=CARTESIAN_POINT('Ctrl Pts',(7.42187083396147,11.2287403021529,0.231992546213231));
#1308=CARTESIAN_POINT('Ctrl Pts',(7.48332123794465,11.3769131777338,-0.162329438510761));
#1309=CARTESIAN_POINT('Ctrl Pts',(7.51576811792637,11.4663957220684,-0.5));
#1310=CARTESIAN_POINT('Ctrl Pts',(5.00007623725439,5.20739465046644,3.35));
#1311=CARTESIAN_POINT('Ctrl Pts',(5.02952917244778,5.2705619480776,3.34988117690585));
#1312=CARTESIAN_POINT('Ctrl Pts',(5.11611391831462,5.42108257661053,3.33332863037375));
#1313=CARTESIAN_POINT('Ctrl Pts',(5.3902874586681,5.80724141408543,3.23633178687948));
#1314=CARTESIAN_POINT('Ctrl Pts',(5.73995151283378,6.23783100376768,3.07162291387214));
#1315=CARTESIAN_POINT('Ctrl Pts',(6.06658340980923,6.63808413000654,2.88110180803784));
#1316=CARTESIAN_POINT('Ctrl Pts',(6.28807706280285,6.91093910024731,2.74142466724425));
#1317=CARTESIAN_POINT('Ctrl Pts',(6.56551218598888,7.25899161171868,2.54401276377606));
#1318=CARTESIAN_POINT('Ctrl Pts',(6.8805977382773,7.67405540779261,2.27314571477497));
#1319=CARTESIAN_POINT('Ctrl Pts',(7.16534415169514,8.07636603826214,1.97015212397531));
#1320=CARTESIAN_POINT('Ctrl Pts',(7.41245721503812,8.4568962127147,1.63638432361991));
#1321=CARTESIAN_POINT('Ctrl Pts',(7.65374437803242,8.86819527384144,1.21158289911976));
#1322=CARTESIAN_POINT('Ctrl Pts',(7.80938275342608,9.17799643292437,0.809686567972976));
#1323=CARTESIAN_POINT('Ctrl Pts',(7.96553292892528,9.53592089609002,0.23190134959898));
#1324=CARTESIAN_POINT('Ctrl Pts',(8.02379982361596,9.71379698027406,-0.162375249454626));
#1325=CARTESIAN_POINT('Ctrl Pts',(8.04604909499382,9.81972012113586,-0.5));
#1326=CARTESIAN_POINT('Ctrl Pts',(5.00002547753659,4.05149720550137,3.35));
#1327=CARTESIAN_POINT('Ctrl Pts',(5.02755112449795,4.11243189712441,3.34987467143822));
#1328=CARTESIAN_POINT('Ctrl Pts',(5.1134312988149,4.2533118584718,3.33331111505046));
#1329=CARTESIAN_POINT('Ctrl Pts',(5.3979564977726,4.60155625637116,3.23628331206705));
#1330=CARTESIAN_POINT('Ctrl Pts',(5.76952617536899,4.97865378546279,3.07156162937052));
#1331=CARTESIAN_POINT('Ctrl Pts',(6.11739335858576,5.32746347883192,2.88101894221502));
#1332=CARTESIAN_POINT('Ctrl Pts',(6.35325826924805,5.56510933355297,2.74132984966144));
#1333=CARTESIAN_POINT('Ctrl Pts',(6.64822623004098,5.86852252409359,2.54391744149004));
#1334=CARTESIAN_POINT('Ctrl Pts',(6.98126516630677,6.23248948401623,2.27303655336792));
#1335=CARTESIAN_POINT('Ctrl Pts',(7.27946449650374,6.58826901947728,1.97004676703468));
#1336=CARTESIAN_POINT('Ctrl Pts',(7.53492364531728,6.92850021538477,1.63627500006743));
#1337=CARTESIAN_POINT('Ctrl Pts',(7.78011730698702,7.30074617795429,1.21149179316131));
#1338=CARTESIAN_POINT('Ctrl Pts',(7.93340391676221,7.58634215086651,0.809610787180239));
#1339=CARTESIAN_POINT('Ctrl Pts',(8.08186605893335,7.92197705839198,0.231855384290973));
#1340=CARTESIAN_POINT('Ctrl Pts',(8.13220033163746,8.09384237606335,-0.162398342252654));
#1341=CARTESIAN_POINT('Ctrl Pts',(8.14690700139627,8.20034993054605,-0.5));
#1342=CARTESIAN_POINT('Ctrl Pts',(5.00001148006496,1.93039309083766,3.35));
#1343=CARTESIAN_POINT('Ctrl Pts',(5.02456322348188,1.97065305600585,3.34986667834328));
#1344=CARTESIAN_POINT('Ctrl Pts',(5.10768481861987,2.05876757160693,3.33328966088216));
#1345=CARTESIAN_POINT('Ctrl Pts',(5.39887950835447,2.26125495631133,3.23622356716938));
#1346=CARTESIAN_POINT('Ctrl Pts',(5.78956211508573,2.46697408422599,3.07148635372215));
#1347=CARTESIAN_POINT('Ctrl Pts',(6.15568347276207,2.6541541521722,2.88091682138984));
#1348=CARTESIAN_POINT('Ctrl Pts',(6.4037089921332,2.78120393389234,2.74121288156998));
#1349=CARTESIAN_POINT('Ctrl Pts',(6.71290915749116,2.94307773886302,2.54380011656164));
#1350=CARTESIAN_POINT('Ctrl Pts',(7.05879619957482,3.13844272733001,2.27290192448267));
#1351=CARTESIAN_POINT('Ctrl Pts',(7.36416195097932,3.33163791991371,1.96991702227512));
#1352=CARTESIAN_POINT('Ctrl Pts',(7.6206791458336,3.51953142060805,1.636140143019));
#1353=CARTESIAN_POINT('Ctrl Pts',(7.86054557782694,3.72935189385016,1.21137967962601));
#1354=CARTESIAN_POINT('Ctrl Pts',(8.0033386065098,3.89570735729521,0.809517557407962));
#1355=CARTESIAN_POINT('Ctrl Pts',(8.13413441365735,4.09802510533796,0.231798913169848));
#1356=CARTESIAN_POINT('Ctrl Pts',(8.17124337447505,4.2078844873174,-0.162426714354523));
#1357=CARTESIAN_POINT('Ctrl Pts',(8.17547224448086,4.28166209036923,-0.5));
#1358=CARTESIAN_POINT('Ctrl Pts',(5.,0.965197827993735,3.35));
#1359=CARTESIAN_POINT('Ctrl Pts',(5.023412290379,0.989750825540207,3.34986453991751));
#1360=CARTESIAN_POINT('Ctrl Pts',(5.10503383279465,1.04055141978842,3.33328395886482));
#1361=CARTESIAN_POINT('Ctrl Pts',(5.39624869331018,1.1479003215402,3.2362074782809));
#1362=CARTESIAN_POINT('Ctrl Pts',(5.7902481567371,1.24802111734947,3.07146622796147));
#1363=CARTESIAN_POINT('Ctrl Pts',(6.15953868856791,1.33632798894975,2.88088932705158));
#1364=CARTESIAN_POINT('Ctrl Pts',(6.40963041307581,1.39573407353882,2.74118132289051));
#1365=CARTESIAN_POINT('Ctrl Pts',(6.72107400719151,1.47075284615226,2.54376861182076));
#1366=CARTESIAN_POINT('Ctrl Pts',(7.06840250264899,1.56122011159494,2.27286561998742));
#1367=CARTESIAN_POINT('Ctrl Pts',(7.37360353911369,1.65135890048447,1.9698821434384));
#1368=CARTESIAN_POINT('Ctrl Pts',(7.62828505498583,1.74039600926467,1.63610376105985));
#1369=CARTESIAN_POINT('Ctrl Pts',(7.86428539445782,1.84208531279427,1.21134958664779));
#1370=CARTESIAN_POINT('Ctrl Pts',(8.00230430944361,1.92593740436634,0.809492547204125));
#1371=CARTESIAN_POINT('Ctrl Pts',(8.12603494249579,2.03266315839527,0.231783808184759));
#1372=CARTESIAN_POINT('Ctrl Pts',(8.15841357427671,2.09499738582444,-0.16243430406333));
#1373=CARTESIAN_POINT('Ctrl Pts',(8.15915239687215,2.14103761435975,-0.5));
#1374=CARTESIAN_POINT('Ctrl Pts',(5.,0.,3.35));
#1375=CARTESIAN_POINT('Ctrl Pts',(5.02329663988492,1.96285715007365E-7,
3.34986453840416));
#1376=CARTESIAN_POINT('Ctrl Pts',(5.10468664111128,5.88857167201415E-7,
3.33328395455931));
#1377=CARTESIAN_POINT('Ctrl Pts',(5.39543909715201,1.37400014763262E-6,
3.23620746931342));
#1378=CARTESIAN_POINT('Ctrl Pts',(5.78903303886646,2.06100033870245E-6,
3.07146621610476));
#1379=CARTESIAN_POINT('Ctrl Pts',(6.15797698304158,2.64985768103866E-6,
2.88088931353894));
#1380=CARTESIAN_POINT('Ctrl Pts',(6.40783763231358,3.04242925053622E-6,
2.74118130849075));
#1381=CARTESIAN_POINT('Ctrl Pts',(6.71899216402584,3.53314372433107E-6,
2.54376859671502));
#1382=CARTESIAN_POINT('Ctrl Pts',(7.06597389133668,4.12200110246335E-6,
2.27286560466736));
#1383=CARTESIAN_POINT('Ctrl Pts',(7.37082814924393,4.71085848066453E-6,
1.96988212852512));
#1384=CARTESIAN_POINT('Ctrl Pts',(7.62516283420424,5.29971584941046E-6,
1.63610374716264));
#1385=CARTESIAN_POINT('Ctrl Pts',(7.86075869968614,5.9867160907943E-6,1.21134957463309));
#1386=CARTESIAN_POINT('Ctrl Pts',(7.99843035605314,6.57557340489391E-6,
0.809492537535184));
#1387=CARTESIAN_POINT('Ctrl Pts',(8.121698745585,7.36071643324691E-6,0.231783802400904));
#1388=CARTESIAN_POINT('Ctrl Pts',(8.15378755454595,7.85143077637965E-6,
-0.162434306833415));
#1389=CARTESIAN_POINT('Ctrl Pts',(8.15429507615651,8.24400220644783E-6,
-0.5));
#1390=CARTESIAN_POINT('',(8.15429507615651,8.24400226334676E-6,-0.5));
#1391=CARTESIAN_POINT('Ctrl Pts',(5.,0.,3.35));
#1392=CARTESIAN_POINT('Ctrl Pts',(5.02329663988492,1.96285715007365E-7,
3.34986453840416));
#1393=CARTESIAN_POINT('Ctrl Pts',(5.10468664111128,5.88857167201415E-7,
3.33328395455931));
#1394=CARTESIAN_POINT('Ctrl Pts',(5.39543909715201,1.37400014763262E-6,
3.23620746931342));
#1395=CARTESIAN_POINT('Ctrl Pts',(5.78903303886646,2.06100033870245E-6,
3.07146621610476));
#1396=CARTESIAN_POINT('Ctrl Pts',(6.15797698304158,2.64985768103866E-6,
2.88088931353894));
#1397=CARTESIAN_POINT('Ctrl Pts',(6.40783763231358,3.04242925053622E-6,
2.74118130849075));
#1398=CARTESIAN_POINT('Ctrl Pts',(6.71899216402584,3.53314372433107E-6,
2.54376859671502));
#1399=CARTESIAN_POINT('Ctrl Pts',(7.06597389133668,4.12200110246335E-6,
2.27286560466736));
#1400=CARTESIAN_POINT('Ctrl Pts',(7.37082814924393,4.71085848066453E-6,
1.96988212852512));
#1401=CARTESIAN_POINT('Ctrl Pts',(7.62516283420424,5.29971584941046E-6,
1.63610374716264));
#1402=CARTESIAN_POINT('Ctrl Pts',(7.86075869968614,5.9867160907943E-6,1.21134957463309));
#1403=CARTESIAN_POINT('Ctrl Pts',(7.99843035605314,6.57557340489391E-6,
0.809492537535184));
#1404=CARTESIAN_POINT('Ctrl Pts',(8.121698745585,7.36071643324691E-6,0.231783802400904));
#1405=CARTESIAN_POINT('Ctrl Pts',(8.15378755454595,7.85143077637965E-6,
-0.162434306833415));
#1406=CARTESIAN_POINT('Ctrl Pts',(8.15429507615651,8.24400220644783E-6,
-0.5));
#1407=CARTESIAN_POINT('Ctrl Pts',(8.15429507615651,8.24400220644783E-6,
-0.5));
#1408=CARTESIAN_POINT('Ctrl Pts',(8.15915239687215,2.14103761435975,-0.5));
#1409=CARTESIAN_POINT('Ctrl Pts',(8.17547224448086,4.28166209036923,-0.5));
#1410=CARTESIAN_POINT('Ctrl Pts',(8.14690700139627,8.20034993054605,-0.5));
#1411=CARTESIAN_POINT('Ctrl Pts',(8.04604909499382,9.81972012113586,-0.5));
#1412=CARTESIAN_POINT('Ctrl Pts',(7.51576811792637,11.4663957220684,-0.5));
#1413=CARTESIAN_POINT('Ctrl Pts',(7.24628840178642,11.8217635731275,-0.5));
#1414=CARTESIAN_POINT('Ctrl Pts',(6.72581216076377,12.1551560331314,-0.5));
#1415=CARTESIAN_POINT('Ctrl Pts',(6.63969123054678,12.2026822542641,-0.5));
#1416=CARTESIAN_POINT('Ctrl Pts',(6.46051183999013,12.288334675471,-0.5));
#1417=CARTESIAN_POINT('Ctrl Pts',(6.27725969225452,12.3655151041035,-0.5));
#1418=CARTESIAN_POINT('Ctrl Pts',(6.0679401625364,12.4343088038803,-0.5));
#1419=CARTESIAN_POINT('Ctrl Pts',(5.55945745328203,12.5820451813485,-0.5));
#1420=CARTESIAN_POINT('Ctrl Pts',(5.0787176355781,12.6708070909216,-0.5));
#1421=CARTESIAN_POINT('Ctrl Pts',(3.26702971544671,12.870973215482,-0.5));
#1422=CARTESIAN_POINT('Ctrl Pts',(1.63548298764376,12.9054405725236,-0.500000000000001));
#1423=CARTESIAN_POINT('Ctrl Pts',(-0.3256123788129,12.900732459388,-0.500000000000001));
#1424=CARTESIAN_POINT('Ctrl Pts',(-0.651395158286937,12.8984287309353,-0.500000000000001));
#1425=CARTESIAN_POINT('Ctrl Pts',(-2.90250924356017,12.8753284255367,-0.500000000000001));
#1426=CARTESIAN_POINT('Ctrl Pts',(-4.67639612503259,12.7993248098538,-0.500000000000002));
#1427=CARTESIAN_POINT('Ctrl Pts',(-5.84805328022944,12.5006564524101,-0.500000000000002));
#1428=CARTESIAN_POINT('Ctrl Pts',(-5.90820855167676,12.4843389117518,-0.500000000000002));
#1429=CARTESIAN_POINT('Ctrl Pts',(-6.0765366925666,12.4356756689122,-0.500000000000002));
#1430=CARTESIAN_POINT('Ctrl Pts',(-6.2820150879287,12.3685341709511,-0.500000000000002));
#1431=CARTESIAN_POINT('Ctrl Pts',(-6.4606374028979,12.2932805391966,-0.500000000000002));
#1432=CARTESIAN_POINT('Ctrl Pts',(-6.86827831758964,12.0978358084062,-0.500000000000001));
#1433=CARTESIAN_POINT('Ctrl Pts',(-7.10321483770385,11.9066981766555,-0.500000000000001));
#1434=CARTESIAN_POINT('Ctrl Pts',(-7.6358562089533,11.2266172560134,-0.500000000000001));
#1435=CARTESIAN_POINT('Ctrl Pts',(-7.88039550753732,10.5172346722735,-0.500000000000001));
#1436=CARTESIAN_POINT('Ctrl Pts',(-8.17354997968815,8.03069679677151,-0.500000000000001));
#1437=CARTESIAN_POINT('Ctrl Pts',(-8.17180697461871,6.07539054721912,-0.5));
#1438=CARTESIAN_POINT('Ctrl Pts',(-8.15710782271212,2.5854636915737,-0.500000000000001));
#1439=CARTESIAN_POINT('Ctrl Pts',(-8.15661200284811,1.29288154899236,-0.5));
#1440=CARTESIAN_POINT('Ctrl Pts',(-8.15954428514461,-1.71728236368897,-0.500000000000001));
#1441=CARTESIAN_POINT('Ctrl Pts',(-8.16431382622388,-3.43515617558892,-0.5));
#1442=CARTESIAN_POINT('Ctrl Pts',(-8.16736203205945,-7.34093351655815,-0.5));
#1443=CARTESIAN_POINT('Ctrl Pts',(-8.11984704590385,-9.22997133491142,-0.5));
#1444=CARTESIAN_POINT('Ctrl Pts',(-7.65557593449677,-11.1851835947587,-0.5));
#1445=CARTESIAN_POINT('Ctrl Pts',(-7.39750726951561,-11.628200949306,-0.5));
#1446=CARTESIAN_POINT('Ctrl Pts',(-6.88879156492442,-12.0572597178293,-0.5));
#1447=CARTESIAN_POINT('Ctrl Pts',(-6.73041433691932,-12.1584539244386,-0.5));
#1448=CARTESIAN_POINT('Ctrl Pts',(-6.45822087039792,-12.2897466793172,-0.499999999999999));
#1449=CARTESIAN_POINT('Ctrl Pts',(-6.2768029220498,-12.3671079311917,-0.5));
#1450=CARTESIAN_POINT('Ctrl Pts',(-6.07018283767172,-12.4357764125341,-0.499999999999999));
#1451=CARTESIAN_POINT('Ctrl Pts',(-5.71725279225346,-12.5391005733911,-0.499999999999999));
#1452=CARTESIAN_POINT('Ctrl Pts',(-5.44178697914563,-12.5997863897519,-0.499999999999999));
#1453=CARTESIAN_POINT('Ctrl Pts',(-3.82360358713788,-12.862384678131,-0.5));
#1454=CARTESIAN_POINT('Ctrl Pts',(-1.92401157698619,-12.9000000410422,-0.5));
#1455=CARTESIAN_POINT('Ctrl Pts',(0.821598462038582,-12.8999999118738,-0.5));
#1456=CARTESIAN_POINT('Ctrl Pts',(1.64289086492927,-12.8907883303996,-0.5));
#1457=CARTESIAN_POINT('Ctrl Pts',(3.87366123122501,-12.8198553888595,-0.5));
#1458=CARTESIAN_POINT('Ctrl Pts',(5.1226812427171,-12.7079407555029,-0.5));
#1459=CARTESIAN_POINT('Ctrl Pts',(6.06011619315635,-12.4394524310049,-0.5));
#1460=CARTESIAN_POINT('Ctrl Pts',(6.15176352527753,-12.4099214576954,-0.5));
#1461=CARTESIAN_POINT('Ctrl Pts',(6.3499322153051,-12.3375911870112,-0.5));
#1462=CARTESIAN_POINT('Ctrl Pts',(6.45284850552651,-12.2952661400985,-0.5));
#1463=CARTESIAN_POINT('Ctrl Pts',(6.98026495631349,-12.0468295647434,-0.5));
#1464=CARTESIAN_POINT('Ctrl Pts',(7.24643545346422,-11.7936590876832,-0.5));
#1465=CARTESIAN_POINT('Ctrl Pts',(7.78930126515006,-10.8404406119727,-0.5));
#1466=CARTESIAN_POINT('Ctrl Pts',(7.99545513136278,-9.91904331324466,-0.5));
#1467=CARTESIAN_POINT('Ctrl Pts',(8.19530976991036,-6.97616563660003,-0.5));
#1468=CARTESIAN_POINT('Ctrl Pts',(8.16600327535098,-4.76719832219823,-0.5));
#1469=CARTESIAN_POINT('Ctrl Pts',(8.15227542729239,-1.56582490935525,-0.5));
#1470=CARTESIAN_POINT('Ctrl Pts',(8.15251900614001,-0.78285504457666,-0.5));
#1471=CARTESIAN_POINT('Ctrl Pts',(8.15429507615651,8.24400226334676E-6,
-0.5));
#1472=CARTESIAN_POINT('Ctrl Pts',(7.25,-0.277980311302757,6.56396795540592));
#1473=CARTESIAN_POINT('Ctrl Pts',(7.07676288829188,-0.26895854155402,6.49049153717877));
#1474=CARTESIAN_POINT('Ctrl Pts',(6.70198820081429,-0.251444557917765,6.34785158711123));
#1475=CARTESIAN_POINT('Ctrl Pts',(6.0498449437455,-0.226857303459843,6.14760446909315));
#1476=CARTESIAN_POINT('Ctrl Pts',(5.28685210805951,-0.20434425682913,5.96425041818347));
#1477=CARTESIAN_POINT('Ctrl Pts',(4.06784274936326,-0.178100784590189,5.7505144887966));
#1478=CARTESIAN_POINT('Ctrl Pts',(2.42473297340525,-0.159793043059193,5.60140989945434));
#1479=CARTESIAN_POINT('Ctrl Pts',(0.655377503775813,-0.156110967897613,
5.57142180376459));
#1480=CARTESIAN_POINT('Ctrl Pts',(-2.17294382928141E-15,-0.156110967897613,
5.57142180376459));
#1481=CARTESIAN_POINT('Ctrl Pts',(7.24999999999999,-1.46851086086289,6.41778918463668));
#1482=CARTESIAN_POINT('Ctrl Pts',(7.0767628774731,-1.41590413370744,6.3496642823898));
#1483=CARTESIAN_POINT('Ctrl Pts',(6.70204770360783,-1.31067905917161,6.21779381481887));
#1484=CARTESIAN_POINT('Ctrl Pts',(6.04986756038402,-1.14803080444313,6.03449834851696));
#1485=CARTESIAN_POINT('Ctrl Pts',(5.28684813291363,-0.977545043973275,5.86931298801557));
#1486=CARTESIAN_POINT('Ctrl Pts',(4.06771083345583,-0.735283299905086,5.68210072988578));
#1487=CARTESIAN_POINT('Ctrl Pts',(2.42472281503013,-0.466421177082453,5.56376043120355));
#1488=CARTESIAN_POINT('Ctrl Pts',(0.65537752288921,-0.236436420761199,5.56155899918954));
#1489=CARTESIAN_POINT('Ctrl Pts',(-2.17294382928141E-15,-0.156110967897613,
5.57142180376459));
#1490=CARTESIAN_POINT('Ctrl Pts',(7.24955026509687,-3.84540665456129,6.12594307829546));
#1491=CARTESIAN_POINT('Ctrl Pts',(7.07415097559423,-3.71879309967639,6.06690502926467));
#1492=CARTESIAN_POINT('Ctrl Pts',(6.6938393317608,-3.45442443317011,5.95457465370281));
#1493=CARTESIAN_POINT('Ctrl Pts',(6.03159590040735,-3.02225176212269,5.80437297780661));
#1494=CARTESIAN_POINT('Ctrl Pts',(5.25848359438632,-2.55058734764086,5.67616698726852));
#1495=CARTESIAN_POINT('Ctrl Pts',(4.0298519014423,-1.86325395765507,5.54360275637767));
#1496=CARTESIAN_POINT('Ctrl Pts',(2.38954826607817,-1.07650947854605,5.48885033526629));
#1497=CARTESIAN_POINT('Ctrl Pts',(0.644420235263578,-0.394421686507916,
5.5421607708371));
#1498=CARTESIAN_POINT('Ctrl Pts',(-2.1729438292814E-15,-0.156110967897613,
5.57142180376459));
#1499=CARTESIAN_POINT('Ctrl Pts',(7.15550378016292,-7.92624645003952,5.62487895589257));
#1500=CARTESIAN_POINT('Ctrl Pts',(6.97487863124551,-7.69634397134906,5.57852324284365));
#1501=CARTESIAN_POINT('Ctrl Pts',(6.57705644068892,-7.19656214309211,5.49509709057097));
#1502=CARTESIAN_POINT('Ctrl Pts',(5.87490692042239,-6.33426425991919,5.39771049829107));
#1503=CARTESIAN_POINT('Ctrl Pts',(5.06045859363586,-5.36198990790483,5.33096862431127));
#1504=CARTESIAN_POINT('Ctrl Pts',(3.79524445259369,-3.91215613875153,5.29202837621258));
#1505=CARTESIAN_POINT('Ctrl Pts',(2.18680910682677,-2.20848685149827,5.34985929986357));
#1506=CARTESIAN_POINT('Ctrl Pts',(0.582174561733721,-0.689661744120291,
5.50590994164805));
#1507=CARTESIAN_POINT('Ctrl Pts',(-2.17294382928141E-15,-0.156110967897613,
5.57142180376459));
#1508=CARTESIAN_POINT('Ctrl Pts',(6.44473500117111,-10.7390594023446,5.27950895264179));
#1509=CARTESIAN_POINT('Ctrl Pts',(6.26978259300614,-10.4550520158859,5.23979669882775));
#1510=CARTESIAN_POINT('Ctrl Pts',(5.87741035220394,-9.83296876517949,5.17138600351336));
#1511=CARTESIAN_POINT('Ctrl Pts',(5.17723647587388,-8.74587526697431,5.10160518770739));
#1512=CARTESIAN_POINT('Ctrl Pts',(4.37356972077925,-7.49931350000501,5.0685365281573));
#1513=CARTESIAN_POINT('Ctrl Pts',(3.16458877571391,-5.59274095207946,5.08567807563785));
#1514=CARTESIAN_POINT('Ctrl Pts',(1.73192713496564,-3.23556469439797,5.22374784742581));
#1515=CARTESIAN_POINT('Ctrl Pts',(0.449992671826238,-0.969834529453679,
5.47150943129195));
#1516=CARTESIAN_POINT('Ctrl Pts',(-2.17294382928141E-15,-0.156110967897613,
5.57142180376459));
#1517=CARTESIAN_POINT('Ctrl Pts',(4.33231859253283,-11.6953497475267,5.16209126251291));
#1518=CARTESIAN_POINT('Ctrl Pts',(4.20150299445091,-11.3998974025279,5.12378446627782));
#1519=CARTESIAN_POINT('Ctrl Pts',(3.91509415870363,-10.7601507528895,5.05754164615478));
#1520=CARTESIAN_POINT('Ctrl Pts',(3.41811540389321,-9.65266378621167,4.99026825065988));
#1521=CARTESIAN_POINT('Ctrl Pts',(2.85937305014106,-8.3746182065001,4.96106148760269));
#1522=CARTESIAN_POINT('Ctrl Pts',(2.03466644334059,-6.3778696971365,4.98927629617179));
#1523=CARTESIAN_POINT('Ctrl Pts',(1.089312897775,-3.78987370979256,5.15568578930808));
#1524=CARTESIAN_POINT('Ctrl Pts',(0.280283813525896,-1.12974212772765,5.45187559572382));
#1525=CARTESIAN_POINT('Ctrl Pts',(-2.1729438292814E-15,-0.156110967897613,
5.57142180376459));
#1526=CARTESIAN_POINT('Ctrl Pts',(2.12150037485986,-12.0430030543065,5.11940480389352));
#1527=CARTESIAN_POINT('Ctrl Pts',(2.04925755386951,-11.7457548328386,5.08131861078519));
#1528=CARTESIAN_POINT('Ctrl Pts',(1.89724054402882,-11.1058729053509,5.01509196454991));
#1529=CARTESIAN_POINT('Ctrl Pts',(1.64676731308054,-10.0019912707481,4.94737755082608));
#1530=CARTESIAN_POINT('Ctrl Pts',(1.37279222337304,-8.72376117006484,4.91819159947483));
#1531=CARTESIAN_POINT('Ctrl Pts',(0.974421353221188,-6.70478738844399,4.94913583675309));
#1532=CARTESIAN_POINT('Ctrl Pts',(0.521704344616854,-4.03067744073059,5.12611812182103));
#1533=CARTESIAN_POINT('Ctrl Pts',(0.134560288409168,-1.20014576140986,5.44323129178185));
#1534=CARTESIAN_POINT('Ctrl Pts',(-2.17294382928141E-15,-0.156110967897613,
5.57142180376459));
#1535=CARTESIAN_POINT('Ctrl Pts',(0.850630455399147,-12.0997546689587,5.11243658180791));
#1536=CARTESIAN_POINT('Ctrl Pts',(0.818314766262519,-11.8030391290738,5.07428500806559));
#1537=CARTESIAN_POINT('Ctrl Pts',(0.753471527505024,-11.1646754502672,5.0078718409472));
#1538=CARTESIAN_POINT('Ctrl Pts',(0.65188057665805,-10.0651030008617,4.93962872909957));
#1539=CARTESIAN_POINT('Ctrl Pts',(0.544117633688369,-8.79045419840086,4.91000260601211));
#1540=CARTESIAN_POINT('Ctrl Pts',(0.388538517323672,-6.77204357313906,4.94087781993374));
#1541=CARTESIAN_POINT('Ctrl Pts',(0.211907792884939,-4.08203086721708,5.11981255397126));
#1542=CARTESIAN_POINT('Ctrl Pts',(0.0552747554255637,-1.21535912846672,
5.44136336925689));
#1543=CARTESIAN_POINT('Ctrl Pts',(-2.17294382928141E-15,-0.156110967897613,
5.57142180376459));
#1544=CARTESIAN_POINT('Ctrl Pts',(-2.36428857937523E-14,-12.0997546689587,
5.11243658180791));
#1545=CARTESIAN_POINT('Ctrl Pts',(-2.39111044369246E-14,-11.8030391290738,
5.07428500806559));
#1546=CARTESIAN_POINT('Ctrl Pts',(-2.34511804346447E-14,-11.1648990971815,
5.00784438055903));
#1547=CARTESIAN_POINT('Ctrl Pts',(-2.05990124403394E-14,-10.0651880225295,
4.93961828975142));
#1548=CARTESIAN_POINT('Ctrl Pts',(-1.63972784867502E-14,-8.79043922505172,
4.91000444450821));
#1549=CARTESIAN_POINT('Ctrl Pts',(-1.00544137715958E-14,-6.77154777105342,
4.94093869677512));
#1550=CARTESIAN_POINT('Ctrl Pts',(-4.15226097824573E-15,-4.08199249106636,
5.11981726597007));
#1551=CARTESIAN_POINT('Ctrl Pts',(-2.34925301673008E-15,-1.21535912846672,
5.44136336925689));
#1552=CARTESIAN_POINT('Ctrl Pts',(-2.17294382928141E-15,-0.156110967897613,
5.57142180376459));
#1553=CARTESIAN_POINT('',(7.24999999999999,-0.277980311302741,6.56396795540592));
#1554=CARTESIAN_POINT('',(6.63039545108338,-9.45612803321746,5.43703311746863));
#1555=CARTESIAN_POINT('Ctrl Pts',(7.25,-0.277980311302758,6.56396795540592));
#1556=CARTESIAN_POINT('Ctrl Pts',(7.24999999999999,-1.27802597293327,6.44117778795976));
#1557=CARTESIAN_POINT('Ctrl Pts',(7.24790360278452,-3.2781172961943,6.19559745306744));
#1558=CARTESIAN_POINT('Ctrl Pts',(7.2406759021515,-5.4631809586444,5.92730537072862));
#1559=CARTESIAN_POINT('Ctrl Pts',(7.17122250904113,-7.25695852279682,5.70705718015668));
#1560=CARTESIAN_POINT('Ctrl Pts',(6.91166181231479,-8.6470854980047,5.5363710499065));
#1561=CARTESIAN_POINT('Ctrl Pts',(6.68649845169086,-9.31009472119917,5.45496375356199));
#1562=CARTESIAN_POINT('Ctrl Pts',(6.63039545108338,-9.45612803321746,5.43703311746863));
#1563=CARTESIAN_POINT('',(-2.17294382928141E-15,-0.156110967897613,5.57142180376459));
#1564=CARTESIAN_POINT('Ctrl Pts',(7.25,-0.277980311302763,6.56396795540592));
#1565=CARTESIAN_POINT('Ctrl Pts',(7.10448082616519,-0.270402024713823,6.50224776409512));
#1566=CARTESIAN_POINT('Ctrl Pts',(6.79664585171673,-0.255559748578571,6.38136712546996));
#1567=CARTESIAN_POINT('Ctrl Pts',(6.2845246954496,-0.234238829077779,6.20772217089256));
#1568=CARTESIAN_POINT('Ctrl Pts',(5.49395866024338,-0.207826917404556,5.99261441240076));
#1569=CARTESIAN_POINT('Ctrl Pts',(4.23834144504423,-0.179815774692106,5.76448196230714));
#1570=CARTESIAN_POINT('Ctrl Pts',(2.88512090423283,-0.163932205968727,5.63512067611141));
#1571=CARTESIAN_POINT('Ctrl Pts',(1.57551732544528,-0.157533709299575,5.58300910261959));
#1572=CARTESIAN_POINT('Ctrl Pts',(0.550517103171682,-0.156110967897613,
5.57142180376459));
#1573=CARTESIAN_POINT('Ctrl Pts',(-2.17294382928141E-15,-0.156110967897613,
5.57142180376459));
#1574=CARTESIAN_POINT('',(-7.63278329429795E-15,-12.0997546689587,5.11243658180791));
#1575=CARTESIAN_POINT('Ctrl Pts',(1.29406668792465E-16,-12.0997546689587,
5.11243658180791));
#1576=CARTESIAN_POINT('Ctrl Pts',(-1.38811974379836E-16,-11.8030391290738,
5.07428500806559));
#1577=CARTESIAN_POINT('Ctrl Pts',(-6.4918562363239E-16,-11.1648990971816,
5.00784438055903));
#1578=CARTESIAN_POINT('Ctrl Pts',(-1.33167335990958E-15,-10.0651880225295,
4.93961828975142));
#1579=CARTESIAN_POINT('Ctrl Pts',(-1.91212068887305E-15,-8.79043922505173,
4.91000444450821));
#1580=CARTESIAN_POINT('Ctrl Pts',(-2.49995348466466E-15,-6.77154777105342,
4.94093869677512));
#1581=CARTESIAN_POINT('Ctrl Pts',(-2.69681450094707E-15,-4.08199249106636,
5.11981726597007));
#1582=CARTESIAN_POINT('Ctrl Pts',(-2.34925301673008E-15,-1.21535912846672,
5.44136336925689));
#1583=CARTESIAN_POINT('Ctrl Pts',(-2.1729438292814E-15,-0.156110967897613,
5.57142180376459));
#1584=CARTESIAN_POINT('',(5.1535778798608,-11.2312256442154,5.21907853674245));
#1585=CARTESIAN_POINT('Ctrl Pts',(5.15357787986079,-11.2312256442154,5.21907853674244));
#1586=CARTESIAN_POINT('Ctrl Pts',(4.85819894694691,-11.3999487850176,5.19836193998489));
#1587=CARTESIAN_POINT('Ctrl Pts',(4.0689269821595,-11.7427757873392,5.15626807703918));
#1588=CARTESIAN_POINT('Ctrl Pts',(3.09074638327075,-11.9479692018564,5.13107349373751));
#1589=CARTESIAN_POINT('Ctrl Pts',(1.9353516160848,-12.0588263411152,5.11746194857067));
#1590=CARTESIAN_POINT('Ctrl Pts',(0.714529582535293,-12.0997546689587,5.11243658180791));
#1591=CARTESIAN_POINT('Ctrl Pts',(-7.71605002114484E-15,-12.0997546689587,
5.11243658180791));
#1592=CARTESIAN_POINT('Ctrl Pts',(6.63039545108338,-9.45612803321746,5.43703311746863));
#1593=CARTESIAN_POINT('Ctrl Pts',(6.49851808720227,-9.79939823301552,5.39488483671537));
#1594=CARTESIAN_POINT('Ctrl Pts',(6.27784603783251,-10.2355227334294,5.34133548143305));
#1595=CARTESIAN_POINT('Ctrl Pts',(6.00383400077038,-10.6038708061732,5.29610802506177));
#1596=CARTESIAN_POINT('Ctrl Pts',(5.67059654136839,-10.9100808968148,5.2585101535383));
#1597=CARTESIAN_POINT('Ctrl Pts',(5.27506667863418,-11.1618301341866,5.22759923396997));
#1598=CARTESIAN_POINT('Ctrl Pts',(5.15357787986079,-11.2312256442154,5.21907853674244));
#1599=CARTESIAN_POINT('Ctrl Pts',(-7.63278329429795E-15,-12.0997546689587,
5.11243658180791));
#1600=CARTESIAN_POINT('Ctrl Pts',(-7.90100193747025E-15,-11.8030391290738,
5.07428500806559));
#1601=CARTESIAN_POINT('Ctrl Pts',(-8.09455150659667E-15,-11.1648990971816,
5.00784438055903));
#1602=CARTESIAN_POINT('Ctrl Pts',(-7.62289437955721E-15,-10.0651880225295,
4.93961828975142));
#1603=CARTESIAN_POINT('Ctrl Pts',(-6.64185159932756E-15,-8.79043922505172,
4.91000444450821));
#1604=CARTESIAN_POINT('Ctrl Pts',(-4.96665525136103E-15,-6.77154777105343,
4.94093869677512));
#1605=CARTESIAN_POINT('Ctrl Pts',(-3.17205062113627E-15,-4.08199249106636,
5.11981726597007));
#1606=CARTESIAN_POINT('Ctrl Pts',(-2.34925301673008E-15,-1.21535912846672,
5.44136336925689));
#1607=CARTESIAN_POINT('Ctrl Pts',(-2.17294382928141E-15,-0.156110967897613,
5.57142180376459));
#1608=CARTESIAN_POINT('Ctrl Pts',(-0.850630455399174,-12.0997546689587,
5.11243658180791));
#1609=CARTESIAN_POINT('Ctrl Pts',(-0.818314766262547,-11.8030391290738,
5.07428500806559));
#1610=CARTESIAN_POINT('Ctrl Pts',(-0.753405130754184,-11.164984110274,5.0078339422638));
#1611=CARTESIAN_POINT('Ctrl Pts',(-0.651855335252387,-10.0652203411284,
4.93961432152645));
#1612=CARTESIAN_POINT('Ctrl Pts',(-0.544122079006742,-8.79043353335363,
4.91000514336086));
#1613=CARTESIAN_POINT('Ctrl Pts',(-0.388685712055445,-6.77135930581708,
4.94096183739641));
#1614=CARTESIAN_POINT('Ctrl Pts',(-0.211919186074638,-4.08197790345061,
5.11981905710406));
#1615=CARTESIAN_POINT('Ctrl Pts',(-0.0552747554255687,-1.21535912846672,
5.44136336925689));
#1616=CARTESIAN_POINT('Ctrl Pts',(-2.17294382928141E-15,-0.156110967897613,
5.57142180376459));
#1617=CARTESIAN_POINT('Ctrl Pts',(-2.54790409246481,-12.0207219463682,5.12214057994815));
#1618=CARTESIAN_POINT('Ctrl Pts',(-2.46235222752322,-11.7232961643727,5.08407618038448));
#1619=CARTESIAN_POINT('Ctrl Pts',(-2.28125520517613,-11.0826742543701,5.01794042703919));
#1620=CARTESIAN_POINT('Ctrl Pts',(-1.98068448191544,-9.97808648249693,4.95031258164055));
#1621=CARTESIAN_POINT('Ctrl Pts',(-1.65070515383774,-8.69950528770691,4.92116988709386));
#1622=CARTESIAN_POINT('Ctrl Pts',(-1.1703965842451,-6.68212258076257,4.95191872378339));
#1623=CARTESIAN_POINT('Ctrl Pts',(-0.625124408004943,-4.0134173741253,5.12823744482957));
#1624=CARTESIAN_POINT('Ctrl Pts',(-0.160988799403706,-1.19507463905758,
5.44385393262351));
#1625=CARTESIAN_POINT('Ctrl Pts',(-2.1729438292814E-15,-0.156110967897613,
5.57142180376459));
#1626=CARTESIAN_POINT('Ctrl Pts',(-5.33466332661687,-11.4673419823995,5.19008709583651));
#1627=CARTESIAN_POINT('Ctrl Pts',(-5.18047286404911,-11.1735823644227,5.15157239681728));
#1628=CARTESIAN_POINT('Ctrl Pts',(-4.83799430024817,-10.535028512281,5.08518340136377));
#1629=CARTESIAN_POINT('Ctrl Pts',(-4.23392295504226,-9.42509047525367,5.01820989171377));
#1630=CARTESIAN_POINT('Ctrl Pts',(-3.54846745682663,-8.14668589768923,4.98904839630713));
#1631=CARTESIAN_POINT('Ctrl Pts',(-2.53121786767634,-6.16289235701315,5.01567220793991));
#1632=CARTESIAN_POINT('Ctrl Pts',(-1.35806821315913,-3.63165858117471,5.17511260998155));
#1633=CARTESIAN_POINT('Ctrl Pts',(-0.349576814736906,-1.08343561656199,
5.45756120849815));
#1634=CARTESIAN_POINT('Ctrl Pts',(-2.1729438292814E-15,-0.156110967897613,
5.57142180376459));
#1635=CARTESIAN_POINT('Ctrl Pts',(-6.9130042780243,-9.76709993662764,5.39885056885527));
#1636=CARTESIAN_POINT('Ctrl Pts',(-6.73236669616134,-9.49942632522901,5.3571326708742));
#1637=CARTESIAN_POINT('Ctrl Pts',(-6.3291699069648,-8.9121176054678,5.28445277901131));
#1638=CARTESIAN_POINT('Ctrl Pts',(-5.61042944550044,-7.88690140122777,5.20707232157585));
#1639=CARTESIAN_POINT('Ctrl Pts',(-4.78061447701346,-6.71803065755245,5.16446676009252));
#1640=CARTESIAN_POINT('Ctrl Pts',(-3.51466456510122,-4.95194436632915,5.16435813347491));
#1641=CARTESIAN_POINT('Ctrl Pts',(-1.96889811670489,-2.8230432373663,5.27440006845975));
#1642=CARTESIAN_POINT('Ctrl Pts',(-0.517292488276572,-0.854900622355213,
5.48562134448457));
#1643=CARTESIAN_POINT('Ctrl Pts',(-2.17294382928141E-15,-0.156110967897613,
5.57142180376459));
#1644=CARTESIAN_POINT('Ctrl Pts',(-7.19244603394741,-6.44245839638047,5.80706522053407));
#1645=CARTESIAN_POINT('Ctrl Pts',(-7.01383692765198,-6.24849396838872,5.7562968421451));
#1646=CARTESIAN_POINT('Ctrl Pts',(-6.62299968214431,-5.83180607221782,5.66266838670422));
#1647=CARTESIAN_POINT('Ctrl Pts',(-5.93775801546354,-5.12322410083055,5.54640687046727));
#1648=CARTESIAN_POINT('Ctrl Pts',(-5.14103190567261,-4.33134190254092,5.45751687172648));
#1649=CARTESIAN_POINT('Ctrl Pts',(-3.89215786111905,-3.1577873344799,5.3846535058235));
#1650=CARTESIAN_POINT('Ctrl Pts',(-2.27088176794871,-1.78975110745608,5.4012742400507));
#1651=CARTESIAN_POINT('Ctrl Pts',(-0.608037382949826,-0.580242377133262,
5.5193449008742));
#1652=CARTESIAN_POINT('Ctrl Pts',(-2.1729438292814E-15,-0.156110967897613,
5.57142180376459));
#1653=CARTESIAN_POINT('Ctrl Pts',(-7.25208880376312,-3.24925719283279,6.1991410281863));
#1654=CARTESIAN_POINT('Ctrl Pts',(-7.07723005600441,-3.14114534488023,6.13783126585149));
#1655=CARTESIAN_POINT('Ctrl Pts',(-6.69841500616751,-2.91660138814822,6.02061110179979));
#1656=CARTESIAN_POINT('Ctrl Pts',(-6.03820486479056,-2.55212077958828,5.86209779741061));
#1657=CARTESIAN_POINT('Ctrl Pts',(-5.26703987027713,-2.1561561631136,5.72459722011949));
#1658=CARTESIAN_POINT('Ctrl Pts',(-4.0396519895658,-1.58073758487673,5.57829155305337));
#1659=CARTESIAN_POINT('Ctrl Pts',(-2.39845672220641,-0.923876340666003,
5.50759149601263));
#1660=CARTESIAN_POINT('Ctrl Pts',(-0.647159557169984,-0.354925370071266,
5.54701032792521));
#1661=CARTESIAN_POINT('Ctrl Pts',(-2.17294382928141E-15,-0.156110967897613,
5.57142180376459));
#1662=CARTESIAN_POINT('Ctrl Pts',(-7.25,-1.4685108608629,6.41778918463668));
#1663=CARTESIAN_POINT('Ctrl Pts',(-7.07676287747311,-1.41590413370743,6.3496642823898));
#1664=CARTESIAN_POINT('Ctrl Pts',(-6.70175404128074,-1.31072443701479,6.21778824312032));
#1665=CARTESIAN_POINT('Ctrl Pts',(-6.0497559216391,-1.14804805529551,6.03449623037863));
#1666=CARTESIAN_POINT('Ctrl Pts',(-5.28686779385358,-0.977542005888475,
5.86931336104547));
#1667=CARTESIAN_POINT('Ctrl Pts',(-4.06836185247255,-0.735182701918443,
5.6821130817654));
#1668=CARTESIAN_POINT('Ctrl Pts',(-2.42477320530607,-0.466413390581368,
5.56376138726566));
#1669=CARTESIAN_POINT('Ctrl Pts',(-0.655377522889212,-0.236436420761212,
5.56155899918953));
#1670=CARTESIAN_POINT('Ctrl Pts',(-2.17294382928141E-15,-0.156110967897613,
5.57142180376459));
#1671=CARTESIAN_POINT('Ctrl Pts',(-7.25,-0.277980311302762,6.56396795540592));
#1672=CARTESIAN_POINT('Ctrl Pts',(-7.07676288829189,-0.268958541554025,
6.49049153717878));
#1673=CARTESIAN_POINT('Ctrl Pts',(-6.7019882008143,-0.25144455791777,6.34785158711124));
#1674=CARTESIAN_POINT('Ctrl Pts',(-6.04984494374551,-0.226857303459847,
6.14760446909315));
#1675=CARTESIAN_POINT('Ctrl Pts',(-5.28685210805951,-0.204344256829133,
5.96425041818347));
#1676=CARTESIAN_POINT('Ctrl Pts',(-4.06784274936326,-0.178100784590191,
5.7505144887966));
#1677=CARTESIAN_POINT('Ctrl Pts',(-2.42473297340525,-0.159793043059193,
5.60140989945433));
#1678=CARTESIAN_POINT('Ctrl Pts',(-0.655377503775817,-0.156110967897613,
5.57142180376459));
#1679=CARTESIAN_POINT('Ctrl Pts',(-2.17294382928141E-15,-0.156110967897613,
5.57142180376459));
#1680=CARTESIAN_POINT('',(-5.15355983014557,-11.2312359543105,5.21907727082195));
#1681=CARTESIAN_POINT('Ctrl Pts',(-7.66053886991358E-15,-12.0997546689587,
5.11243658180791));
#1682=CARTESIAN_POINT('Ctrl Pts',(-0.714529582535309,-12.0997546689587,
5.11243658180791));
#1683=CARTESIAN_POINT('Ctrl Pts',(-1.93534542850042,-12.0588265485554,5.11746192310022));
#1684=CARTESIAN_POINT('Ctrl Pts',(-3.09073467132018,-11.9479703255859,5.13107335576088));
#1685=CARTESIAN_POINT('Ctrl Pts',(-4.06891210878629,-11.7427789073237,5.15626769395324));
#1686=CARTESIAN_POINT('Ctrl Pts',(-4.85818294561123,-11.3999557353002,5.19836108659749));
#1687=CARTESIAN_POINT('Ctrl Pts',(-5.15355983014557,-11.2312359543105,5.21907727082195));
#1688=CARTESIAN_POINT('',(-7.25,-0.277980311302762,6.56396795540592));
#1689=CARTESIAN_POINT('Ctrl Pts',(-7.25,-0.27798031130276,6.56396795540592));
#1690=CARTESIAN_POINT('Ctrl Pts',(-7.10448082616518,-0.27040202471382,6.50224776409512));
#1691=CARTESIAN_POINT('Ctrl Pts',(-6.79664585171673,-0.255559748578568,
6.38136712546996));
#1692=CARTESIAN_POINT('Ctrl Pts',(-6.2845246954496,-0.234238829077777,6.20772217089256));
#1693=CARTESIAN_POINT('Ctrl Pts',(-5.49395866024338,-0.207826917404553,
5.99261441240076));
#1694=CARTESIAN_POINT('Ctrl Pts',(-4.23834144504423,-0.179815774692104,
5.76448196230714));
#1695=CARTESIAN_POINT('Ctrl Pts',(-2.88512090423283,-0.163932205968727,
5.63512067611141));
#1696=CARTESIAN_POINT('Ctrl Pts',(-1.57551732544528,-0.157533709299575,
5.58300910261959));
#1697=CARTESIAN_POINT('Ctrl Pts',(-0.550517103171682,-0.156110967897613,
5.57142180376459));
#1698=CARTESIAN_POINT('Ctrl Pts',(2.1729438292814E-15,-0.156110967897614,
5.57142180376459));
#1699=CARTESIAN_POINT('',(-6.63038470103366,-9.45615601480077,5.43702968176221));
#1700=CARTESIAN_POINT('Ctrl Pts',(-6.63038470103366,-9.45615601480077,5.43702968176221));
#1701=CARTESIAN_POINT('Ctrl Pts',(-6.68649051828957,-9.31011808148788,5.4549608852792));
#1702=CARTESIAN_POINT('Ctrl Pts',(-6.91165793749191,-8.64710625025386,5.5363685018507));
#1703=CARTESIAN_POINT('Ctrl Pts',(-7.17122181782386,-7.25697637486031,5.70705498819891));
#1704=CARTESIAN_POINT('Ctrl Pts',(-7.24067586618555,-5.46319183176413,5.92730403567739));
#1705=CARTESIAN_POINT('Ctrl Pts',(-7.24790360278453,-3.27811729619429,6.19559745306745));
#1706=CARTESIAN_POINT('Ctrl Pts',(-7.25,-1.27802597293327,6.44117778795976));
#1707=CARTESIAN_POINT('Ctrl Pts',(-7.25,-0.277980311302762,6.56396795540592));
#1708=CARTESIAN_POINT('Ctrl Pts',(-5.15355983014557,-11.2312359543105,5.21907727082195));
#1709=CARTESIAN_POINT('Ctrl Pts',(-5.27505288114358,-11.1618389160539,5.22759815569225));
#1710=CARTESIAN_POINT('Ctrl Pts',(-5.6705832671818,-10.9100918077385,5.25850881384533));
#1711=CARTESIAN_POINT('Ctrl Pts',(-6.00382154489818,-10.6038842847441,5.29610637010137));
#1712=CARTESIAN_POINT('Ctrl Pts',(-6.27783464496796,-10.235539264885,5.34133345162554));
#1713=CARTESIAN_POINT('Ctrl Pts',(-6.49850792018518,-9.79941832642928,5.39488236955438));
#1714=CARTESIAN_POINT('Ctrl Pts',(-6.63038470103366,-9.45615601480077,5.43702968176221));
#1715=CARTESIAN_POINT('Ctrl Pts',(-7.25,-0.277980311302762,6.56396795540592));
#1716=CARTESIAN_POINT('Ctrl Pts',(-7.07676288829189,-0.268958541554025,
6.49049153717878));
#1717=CARTESIAN_POINT('Ctrl Pts',(-6.70198756996207,-0.251444569722222,
6.34785168325079));
#1718=CARTESIAN_POINT('Ctrl Pts',(-6.04984346156168,-0.226857331194344,
6.14760469497251));
#1719=CARTESIAN_POINT('Ctrl Pts',(-5.28684980361045,-0.204344299949786,
5.96425076937302));
#1720=CARTESIAN_POINT('Ctrl Pts',(-4.0678389894736,-0.178100854944924,5.75051506178992));
#1721=CARTESIAN_POINT('Ctrl Pts',(-2.42472978200516,-0.159793102776398,
5.60141038581194));
#1722=CARTESIAN_POINT('Ctrl Pts',(-0.655377503775817,-0.156110967897613,
5.57142180376459));
#1723=CARTESIAN_POINT('Ctrl Pts',(-2.17294382928141E-15,-0.156110967897613,
5.57142180376459));
#1724=CARTESIAN_POINT('Ctrl Pts',(-7.25,0.912550238256902,6.71014672617509));
#1725=CARTESIAN_POINT('Ctrl Pts',(-7.07676289911067,0.877987050598906,6.63131879196769));
#1726=CARTESIAN_POINT('Ctrl Pts',(-6.70204772437078,0.807791941013017,6.47790970227645));
#1727=CARTESIAN_POINT('Ctrl Pts',(-6.04986614118789,0.694316299075576,6.2607108314231));
#1728=CARTESIAN_POINT('Ctrl Pts',(-5.2868446339192,0.568852617960654,6.05918772445876));
#1729=CARTESIAN_POINT('Ctrl Pts',(-4.06770412461649,0.379072220898754,5.81892766167941));
#1730=CARTESIAN_POINT('Ctrl Pts',(-2.42471847901446,0.146831625779224,5.63905943592388));
#1731=CARTESIAN_POINT('Ctrl Pts',(-0.655377484662423,-0.0757855150340129,
5.58128460833965));
#1732=CARTESIAN_POINT('Ctrl Pts',(-2.17294382928141E-15,-0.156110967897613,
5.57142180376459));
#1733=CARTESIAN_POINT('Ctrl Pts',(-7.24956012480389,3.28944974791854,7.00199328877923));
#1734=CARTESIAN_POINT('Ctrl Pts',(-7.07416088784963,3.18087961645548,6.91407860242269));
#1735=CARTESIAN_POINT('Ctrl Pts',(-6.69384656041747,2.95153697104204,6.74112874541327));
#1736=CARTESIAN_POINT('Ctrl Pts',(-6.03160218527784,2.56853922128583,6.49083755184708));
#1737=CARTESIAN_POINT('Ctrl Pts',(-5.25848930219628,2.14190296544924,6.25233470561679));
#1738=CARTESIAN_POINT('Ctrl Pts',(-4.02985750919761,1.50705944409419,5.9574280468707));
#1739=CARTESIAN_POINT('Ctrl Pts',(-2.38954734609309,0.756924985721273,5.71397003929955));
#1740=CARTESIAN_POINT('Ctrl Pts',(-0.644420142427088,0.0821995414138485,
5.60068301892852));
#1741=CARTESIAN_POINT('Ctrl Pts',(-2.17294382928141E-15,-0.156110967897613,
5.57142180376459));
#1742=CARTESIAN_POINT('Ctrl Pts',(-7.15549546695262,7.37025666236493,7.50305337389906));
#1743=CARTESIAN_POINT('Ctrl Pts',(-6.9748703935459,7.15839704330055,7.40245684245729));
#1744=CARTESIAN_POINT('Ctrl Pts',(-6.57704990635137,6.69364686880268,7.20060252573632));
#1745=CARTESIAN_POINT('Ctrl Pts',(-5.87489944687031,5.88052263891498,6.89750184490793));
#1746=CARTESIAN_POINT('Ctrl Pts',(-5.06044943642474,4.95327686895179,6.59752951477106));
#1747=CARTESIAN_POINT('Ctrl Pts',(-3.7952318557289,3.55592861074308,6.20900020792507));
#1748=CARTESIAN_POINT('Ctrl Pts',(-2.18680371645592,1.88889108835442,5.85295913879562));
#1749=CARTESIAN_POINT('Ctrl Pts',(-0.58217442833002,0.377438582431692,5.63693473326595));
#1750=CARTESIAN_POINT('Ctrl Pts',(-2.17294382928141E-15,-0.156110967897613,
5.57142180376459));
#1751=CARTESIAN_POINT('Ctrl Pts',(-6.44473544487627,10.1830833634211,7.84842506528421));
#1752=CARTESIAN_POINT('Ctrl Pts',(-6.26978309036365,9.91711786652814,7.74118591923855));
#1753=CARTESIAN_POINT('Ctrl Pts',(-5.8774091509684,9.33006234667463,7.52431406713494));
#1754=CARTESIAN_POINT('Ctrl Pts',(-5.17723616742552,8.29213826619319,7.19361698667314));
#1755=CARTESIAN_POINT('Ctrl Pts',(-4.37357173398148,7.09060498012777,6.85996210524149));
#1756=CARTESIAN_POINT('Ctrl Pts',(-3.1645939319878,5.23651647463367,6.41535403957335));
#1757=CARTESIAN_POINT('Ctrl Pts',(-1.73192798024698,2.9159640938476,5.97906904736278));
#1758=CARTESIAN_POINT('Ctrl Pts',(-0.449992577039391,0.657609618624453,
5.67133676659795));
#1759=CARTESIAN_POINT('Ctrl Pts',(-2.17294382928141E-15,-0.156110967897613,
5.57142180376459));
#1760=CARTESIAN_POINT('Ctrl Pts',(-4.33228845588466,11.13941379669,7.96584767761122));
#1761=CARTESIAN_POINT('Ctrl Pts',(-4.2014728796611,10.8620025950567,7.85720372370274));
#1762=CARTESIAN_POINT('Ctrl Pts',(-3.91506900586745,10.257276367997,7.63816187079375));
#1763=CARTESIAN_POINT('Ctrl Pts',(-3.41809172136729,9.19895336773566,7.30496431368613));
#1764=CARTESIAN_POINT('Ctrl Pts',(-2.85935112799356,7.96593301181762,6.96743996318812));
#1765=CARTESIAN_POINT('Ctrl Pts',(-2.03464384303845,6.02166600154458,6.51176079881602));
#1766=CARTESIAN_POINT('Ctrl Pts',(-1.08930739062391,3.47027308477857,6.04713037177539));
#1767=CARTESIAN_POINT('Ctrl Pts',(-0.280283774909028,0.817515871405626,
5.69097177368598));
#1768=CARTESIAN_POINT('Ctrl Pts',(-2.1729438292814E-15,-0.156110967897613,
5.57142180376459));
#1769=CARTESIAN_POINT('Ctrl Pts',(-2.12148062097188,11.4870478972452,8.00853177800276));
#1770=CARTESIAN_POINT('Ctrl Pts',(-2.04923780461816,11.2078404584793,7.899667534997));
#1771=CARTESIAN_POINT('Ctrl Pts',(-1.89722207741548,10.6029835467077,7.68060947850239));
#1772=CARTESIAN_POINT('Ctrl Pts',(-1.64675175756538,9.54826375666426,7.34785635870982));
#1773=CARTESIAN_POINT('Ctrl Pts',(-1.37278189390525,8.31505645518302,7.01030743202236));
#1774=CARTESIAN_POINT('Ctrl Pts',(-0.974416275708095,6.34855781682195,6.55189925463253));
#1775=CARTESIAN_POINT('Ctrl Pts',(-0.521704416761291,3.71106770704741,6.07669656768617));
#1776=CARTESIAN_POINT('Ctrl Pts',(-0.13456028021771,0.887918854766309,5.69961664386257));
#1777=CARTESIAN_POINT('Ctrl Pts',(-2.17294382928141E-15,-0.156110967897613,
5.57142180376459));
#1778=CARTESIAN_POINT('Ctrl Pts',(-0.850630455399102,11.5437940463532,8.01549932900393));
#1779=CARTESIAN_POINT('Ctrl Pts',(-0.818314766262478,11.2651192021137,7.90670054243237));
#1780=CARTESIAN_POINT('Ctrl Pts',(-0.753474077728445,10.6617773438722,7.6878284712074));
#1781=CARTESIAN_POINT('Ctrl Pts',(-0.651880740735585,9.61137042828536,7.35560539070625));
#1782=CARTESIAN_POINT('Ctrl Pts',(-0.544112723263542,8.38175273302722,7.01849681903998));
#1783=CARTESIAN_POINT('Ctrl Pts',(-0.388526537737942,6.41582802105937,6.56015927611191));
#1784=CARTESIAN_POINT('Ctrl Pts',(-0.211903471022929,3.76242632908616,6.08300268822106));
#1785=CARTESIAN_POINT('Ctrl Pts',(-0.0552747554255645,0.903132064849008,
5.70148470306487));
#1786=CARTESIAN_POINT('Ctrl Pts',(-2.17294382928141E-15,-0.156110967897613,
5.57142180376459));
#1787=CARTESIAN_POINT('Ctrl Pts',(3.46944695195361E-16,11.5437940463532,
8.01549932900393));
#1788=CARTESIAN_POINT('Ctrl Pts',(3.48753525800814E-16,11.2651192021137,
7.90670054243237));
#1789=CARTESIAN_POINT('Ctrl Pts',(2.64327774801264E-16,10.6620032826855,
7.68785621300539));
#1790=CARTESIAN_POINT('Ctrl Pts',(-5.50290930384237E-17,9.61145559741051,
7.35561584815988));
#1791=CARTESIAN_POINT('Ctrl Pts',(-4.97788975753105E-16,8.3817333466539,
7.01849443869264));
#1792=CARTESIAN_POINT('Ctrl Pts',(-1.16393985316061E-15,6.41532145285804,
6.56009707735774));
#1793=CARTESIAN_POINT('Ctrl Pts',(-1.81616986056694E-15,3.7623840688557,
6.08299749931722));
#1794=CARTESIAN_POINT('Ctrl Pts',(-2.10855940290158E-15,0.903132064849006,
5.70148470306487));
#1795=CARTESIAN_POINT('Ctrl Pts',(-2.17294382928141E-15,-0.156110967897613,
5.57142180376459));
#1796=CARTESIAN_POINT('',(-6.7650844707865,8.50216109262563,7.64203376235268));
#1797=CARTESIAN_POINT('Ctrl Pts',(-7.25,-0.277980311302762,6.56396795540592));
#1798=CARTESIAN_POINT('Ctrl Pts',(-7.25,0.722065350327752,6.68675812285207));
#1799=CARTESIAN_POINT('Ctrl Pts',(-7.24790360278454,2.72215667358879,6.93233845774439));
#1800=CARTESIAN_POINT('Ctrl Pts',(-7.24116508845654,4.7593305335383,7.18247195562117));
#1801=CARTESIAN_POINT('Ctrl Pts',(-7.18033897071846,6.45639203053927,7.39084490635565));
#1802=CARTESIAN_POINT('Ctrl Pts',(-6.96179176539527,7.80332115284512,7.55622700720531));
#1803=CARTESIAN_POINT('Ctrl Pts',(-6.78776402189822,8.4258238845834,7.63266073178266));
#1804=CARTESIAN_POINT('Ctrl Pts',(-6.7650844707865,8.50216109262562,7.64203376235267));
#1805=CARTESIAN_POINT('',(2.08166817117217E-16,11.5437940463532,8.01549932900393));
#1806=CARTESIAN_POINT('Ctrl Pts',(-1.71503343889562E-15,11.5437940463532,
8.01549932900392));
#1807=CARTESIAN_POINT('Ctrl Pts',(-1.71322460829017E-15,11.2651192021137,
7.90670054243237));
#1808=CARTESIAN_POINT('Ctrl Pts',(-1.71348798646968E-15,10.6620032826855,
7.68785621300539));
#1809=CARTESIAN_POINT('Ctrl Pts',(-1.72625335332208E-15,9.61145559741051,
7.35561584815988));
#1810=CARTESIAN_POINT('Ctrl Pts',(-1.75421296999513E-15,8.3817333466539,
7.01849443869265));
#1811=CARTESIAN_POINT('Ctrl Pts',(-1.8192040415452E-15,6.41532145285804,
6.56009707735774));
#1812=CARTESIAN_POINT('Ctrl Pts',(-1.94241341979701E-15,3.7623840688557,
6.08299749931722));
#1813=CARTESIAN_POINT('Ctrl Pts',(-2.10855940290158E-15,0.903132064849006,
5.70148470306487));
#1814=CARTESIAN_POINT('Ctrl Pts',(-2.17294382928141E-15,-0.156110967897613,
5.57142180376459));
#1815=CARTESIAN_POINT('',(-5.40047447075854,10.5205946366637,7.88986623876908));
#1816=CARTESIAN_POINT('Ctrl Pts',(-5.40047447075854,10.5205946366637,7.88986623876908));
#1817=CARTESIAN_POINT('Ctrl Pts',(-5.07969268590394,10.7408709725047,7.91691277194262));
#1818=CARTESIAN_POINT('Ctrl Pts',(-4.2774868420786,11.1410009244882,7.96604255240102));
#1819=CARTESIAN_POINT('Ctrl Pts',(-3.25684094736304,11.3756769102145,7.99485714026288));
#1820=CARTESIAN_POINT('Ctrl Pts',(-2.02328098270063,11.4999178671071,8.01011201160109));
#1821=CARTESIAN_POINT('Ctrl Pts',(-0.7145295825353,11.5437940463532,8.01549932900392));
#1822=CARTESIAN_POINT('Ctrl Pts',(1.66533453693773E-16,11.5437940463532,
8.01549932900392));
#1823=CARTESIAN_POINT('Ctrl Pts',(-6.7650844707865,8.50216109262563,7.64203376235267));
#1824=CARTESIAN_POINT('Ctrl Pts',(-6.62904062641629,8.96007170996519,7.69825811643549));
#1825=CARTESIAN_POINT('Ctrl Pts',(-6.42657616244311,9.44379038087641,7.75765130104386));
#1826=CARTESIAN_POINT('Ctrl Pts',(-6.16926295930225,9.85339183199466,7.80794403536461));
#1827=CARTESIAN_POINT('Ctrl Pts',(-5.85013213407993,10.1947347616393,7.84985567709834));
#1828=CARTESIAN_POINT('Ctrl Pts',(-5.46542082313602,10.475996890771,7.88439032412239));
#1829=CARTESIAN_POINT('Ctrl Pts',(-5.40047447075854,10.5205946366637,7.88986623876908));
#1830=CARTESIAN_POINT('Ctrl Pts',(2.08166817117217E-16,11.5437940463532,
8.01549932900393));
#1831=CARTESIAN_POINT('Ctrl Pts',(2.0997564772267E-16,11.2651192021137,
7.90670054243237));
#1832=CARTESIAN_POINT('Ctrl Pts',(1.31214299909983E-16,10.6620032826855,
7.68785621300539));
#1833=CARTESIAN_POINT('Ctrl Pts',(-1.67507956320419E-16,9.61145559741051,
7.35561584815988));
#1834=CARTESIAN_POINT('Ctrl Pts',(-5.82350423328418E-16,8.3817333466539,
7.01849443869264));
#1835=CARTESIAN_POINT('Ctrl Pts',(-1.20804127797261E-15,6.41532145285804,
6.56009707735774));
#1836=CARTESIAN_POINT('Ctrl Pts',(-1.82466646534724E-15,3.7623840688557,
6.08299749931722));
#1837=CARTESIAN_POINT('Ctrl Pts',(-2.10855940290158E-15,0.903132064849006,
5.70148470306487));
#1838=CARTESIAN_POINT('Ctrl Pts',(-2.17294382928141E-15,-0.156110967897613,
5.57142180376459));
#1839=CARTESIAN_POINT('Ctrl Pts',(0.850630455399079,11.5437940463532,8.01549932900393));
#1840=CARTESIAN_POINT('Ctrl Pts',(0.818314766262454,11.2651192021137,7.90670054243237));
#1841=CARTESIAN_POINT('Ctrl Pts',(0.753407019312451,10.6620891757193,7.68786675934383));
#1842=CARTESIAN_POINT('Ctrl Pts',(0.651855455771875,9.6114879721634,7.3556198232797));
#1843=CARTESIAN_POINT('Ctrl Pts',(0.544118439940268,8.38172595939545,7.01849353165136));
#1844=CARTESIAN_POINT('Ctrl Pts',(0.388676836184182,6.41512885206213,6.56007342895358));
#1845=CARTESIAN_POINT('Ctrl Pts',(0.211915983877706,3.76236798923141,6.08299552498761));
#1846=CARTESIAN_POINT('Ctrl Pts',(0.0552747554255605,0.903132064849005,
5.70148470306487));
#1847=CARTESIAN_POINT('Ctrl Pts',(-2.17294382928141E-15,-0.156110967897613,
5.57142180376459));
#1848=CARTESIAN_POINT('Ctrl Pts',(2.54790759288951,11.4647710379876,8.00579652362053));
#1849=CARTESIAN_POINT('Ctrl Pts',(2.46235573413009,11.185386067713,7.89691046180336));
#1850=CARTESIAN_POINT('Ctrl Pts',(2.28125703785658,10.5797861416218,7.67776118797015));
#1851=CARTESIAN_POINT('Ctrl Pts',(1.98068708592885,9.52436230794592,7.34492146091526));
#1852=CARTESIAN_POINT('Ctrl Pts',(1.65070961317777,8.29080833257168,7.00733009914945));
#1853=CARTESIAN_POINT('Ctrl Pts',(1.17040397195235,6.32590744204497,6.54911804556768));
#1854=CARTESIAN_POINT('Ctrl Pts',(0.625126624165576,3.6938125585612,6.07457787717327));
#1855=CARTESIAN_POINT('Ctrl Pts',(0.160988788481753,0.88284778473874,5.69899395746181));
#1856=CARTESIAN_POINT('Ctrl Pts',(-2.1729438292814E-15,-0.156110967897613,
5.57142180376459));
#1857=CARTESIAN_POINT('Ctrl Pts',(5.33463591604199,10.9113691288564,7.93784731320503));
#1858=CARTESIAN_POINT('Ctrl Pts',(5.18044548615139,10.6356508863963,7.82941105994678));
#1859=CARTESIAN_POINT('Ctrl Pts',(4.83797110012204,10.0321248228555,7.61051666918912));
#1860=CARTESIAN_POINT('Ctrl Pts',(4.23390126391959,8.971352821682,7.27701711217963));
#1861=CARTESIAN_POINT('Ctrl Pts',(3.54844782611253,7.73797404665071,6.93944979690946));
#1862=CARTESIAN_POINT('Ctrl Pts',(2.53119822838453,5.80665969518714,6.48536057651998));
#1863=CARTESIAN_POINT('Ctrl Pts',(1.3580633066622,3.31205229167024,6.02770308415155));
#1864=CARTESIAN_POINT('Ctrl Pts',(0.349576757006632,0.771209778837676,5.68528579643879));
#1865=CARTESIAN_POINT('Ctrl Pts',(-2.17294382928141E-15,-0.156110967897613,
5.57142180376459));
#1866=CARTESIAN_POINT('Ctrl Pts',(6.91298983892142,9.21113730735843,7.72908509556924));
#1867=CARTESIAN_POINT('Ctrl Pts',(6.73235232550383,8.96150604153689,7.62385119664187));
#1868=CARTESIAN_POINT('Ctrl Pts',(6.329157197922,8.40922241595129,7.41124896858044));
#1869=CARTESIAN_POINT('Ctrl Pts',(5.61041737593284,7.4331776334371,7.08814712423775));
#1870=CARTESIAN_POINT('Ctrl Pts',(4.78060360234185,6.30933644534077,6.76403366077242));
#1871=CARTESIAN_POINT('Ctrl Pts',(3.51465369024098,4.59573834768086,6.33667476796014));
#1872=CARTESIAN_POINT('Ctrl Pts',(1.96889430789237,2.50345009804178,5.92841819198247));
#1873=CARTESIAN_POINT('Ctrl Pts',(0.517292367355077,0.542676533771491,5.65722413747647));
#1874=CARTESIAN_POINT('Ctrl Pts',(-2.17294382928141E-15,-0.156110967897613,
5.57142180376459));
#1875=CARTESIAN_POINT('Ctrl Pts',(7.19247196994403,5.88646806269764,7.32086704221618));
#1876=CARTESIAN_POINT('Ctrl Pts',(7.01386293297714,5.71054672648325,7.22468297398056));
#1877=CARTESIAN_POINT('Ctrl Pts',(6.62302071817473,5.32889112932394,7.03303142269412));
#1878=CARTESIAN_POINT('Ctrl Pts',(5.93777702109256,4.6694835212369,6.74880338570164));
#1879=CARTESIAN_POINT('Ctrl Pts',(5.14104872111445,3.92262942207962,6.47098135367386));
#1880=CARTESIAN_POINT('Ctrl Pts',(3.89217400313802,2.8015602907512,6.11637438759803));
#1881=CARTESIAN_POINT('Ctrl Pts',(2.2708831746574,1.47015666501751,5.8015445924431));
#1882=CARTESIAN_POINT('Ctrl Pts',(0.608037260468059,0.268019634042321,5.62349940956692));
#1883=CARTESIAN_POINT('Ctrl Pts',(-2.1729438292814E-15,-0.156110967897613,
5.57142180376459));
#1884=CARTESIAN_POINT('Ctrl Pts',(7.25209559649626,2.69327603272462,6.92879236093729));
#1885=CARTESIAN_POINT('Ctrl Pts',(7.07723689355823,2.60320763721286,6.84314936261804));
#1886=CARTESIAN_POINT('Ctrl Pts',(6.69842192178795,2.41369297372916,6.67508974468236));
#1887=CARTESIAN_POINT('Ctrl Pts',(6.03820886683295,2.09838947665545,6.4331101538385));
#1888=CARTESIAN_POINT('Ctrl Pts',(5.26703897458188,1.74745621060537,6.20390256652404));
#1889=CARTESIAN_POINT('Ctrl Pts',(4.03964465687586,1.22452955078376,5.92273750166978));
#1890=CARTESIAN_POINT('Ctrl Pts',(2.3984514325084,0.60428953404462,5.69522862786768));
#1891=CARTESIAN_POINT('Ctrl Pts',(0.647159477985911,0.042703277301852,5.59583341628129));
#1892=CARTESIAN_POINT('Ctrl Pts',(-2.17294382928141E-15,-0.156110967897613,
5.57142180376459));
#1893=CARTESIAN_POINT('Ctrl Pts',(7.25,0.912550238256321,6.71014672617502));
#1894=CARTESIAN_POINT('Ctrl Pts',(7.07676289911066,0.87798705059834,6.63131879196762));
#1895=CARTESIAN_POINT('Ctrl Pts',(6.70175102157932,0.807837808575274,6.47791533518568));
#1896=CARTESIAN_POINT('Ctrl Pts',(6.04975429242924,0.694333579835488,6.26071295572595));
#1897=CARTESIAN_POINT('Ctrl Pts',(5.28687011426262,0.568848632674439,6.05918723898649));
#1898=CARTESIAN_POINT('Ctrl Pts',(4.06836935888328,0.378969315238535,5.81891503265592));
#1899=CARTESIAN_POINT('Ctrl Pts',(2.42477397893021,0.146823006310882,5.63905838274086));
#1900=CARTESIAN_POINT('Ctrl Pts',(0.655377484662417,-0.0757855150340281,
5.58128460833965));
#1901=CARTESIAN_POINT('Ctrl Pts',(-2.17294382928141E-15,-0.156110967897613,
5.57142180376459));
#1902=CARTESIAN_POINT('Ctrl Pts',(7.24999999999999,-0.277980311302741,6.56396795540592));
#1903=CARTESIAN_POINT('Ctrl Pts',(7.07676288829188,-0.268958541554003,6.49049153717878));
#1904=CARTESIAN_POINT('Ctrl Pts',(6.70198756297574,-0.251444569852929,6.34785168431548));
#1905=CARTESIAN_POINT('Ctrl Pts',(6.04984344545025,-0.226857331495802,6.14760469742783));
#1906=CARTESIAN_POINT('Ctrl Pts',(5.28684977866217,-0.204344300416604,5.96425077317504));
#1907=CARTESIAN_POINT('Ctrl Pts',(4.06783894937626,-0.178100855695216,5.75051506790061));
#1908=CARTESIAN_POINT('Ctrl Pts',(2.42472974868378,-0.159793103399904,5.60141039089));
#1909=CARTESIAN_POINT('Ctrl Pts',(0.655377503775813,-0.156110967897613,
5.57142180376459));
#1910=CARTESIAN_POINT('Ctrl Pts',(-2.17294382928141E-15,-0.156110967897613,
5.57142180376459));
#1911=CARTESIAN_POINT('',(5.40045539739804,10.520607733975,7.8898678469167));
#1912=CARTESIAN_POINT('Ctrl Pts',(3.88578058618805E-16,11.5437940463532,
8.01549932900392));
#1913=CARTESIAN_POINT('Ctrl Pts',(0.7145295825353,11.5437940463532,8.01549932900392));
#1914=CARTESIAN_POINT('Ctrl Pts',(2.02327391635774,11.4999181040078,8.01011204068884));
#1915=CARTESIAN_POINT('Ctrl Pts',(3.25682762663747,11.3756782518408,7.99485730499388));
#1916=CARTESIAN_POINT('Ctrl Pts',(4.27747030973643,11.1410047257375,7.96604301913574));
#1917=CARTESIAN_POINT('Ctrl Pts',(5.07967536046209,10.7408796141641,7.91691383300498));
#1918=CARTESIAN_POINT('Ctrl Pts',(5.40045539739804,10.520607733975,7.8898678469167));
#1919=CARTESIAN_POINT('',(6.76507496638788,8.50219308320283,7.64203769030165));
#1920=CARTESIAN_POINT('Ctrl Pts',(6.76507496638788,8.50219308320283,7.64203769030165));
#1921=CARTESIAN_POINT('Ctrl Pts',(6.78775672752339,8.4258499765936,7.63266393547867));
#1922=CARTESIAN_POINT('Ctrl Pts',(6.96178810119099,7.80334373559235,7.55622978001802));
#1923=CARTESIAN_POINT('Ctrl Pts',(7.1803382908379,6.45641099929043,7.39084723542544));
#1924=CARTESIAN_POINT('Ctrl Pts',(7.24116505079689,4.75934191870782,7.18247335354421));
#1925=CARTESIAN_POINT('Ctrl Pts',(7.24790360278453,2.72215667358879,6.93233845774439));
#1926=CARTESIAN_POINT('Ctrl Pts',(7.25,0.722065350327757,6.68675812285207));
#1927=CARTESIAN_POINT('Ctrl Pts',(7.25,-0.277980311302758,6.56396795540592));
#1928=CARTESIAN_POINT('Ctrl Pts',(5.40045539739804,10.520607733975,7.8898678469167));
#1929=CARTESIAN_POINT('Ctrl Pts',(5.4654059829029,10.4760077403931,7.88439165628848));
#1930=CARTESIAN_POINT('Ctrl Pts',(5.85011840842544,10.1947479217228,7.84985729295342));
#1931=CARTESIAN_POINT('Ctrl Pts',(6.16925054251248,9.85340770474862,7.80794598429374));
#1932=CARTESIAN_POINT('Ctrl Pts',(6.42656519491852,9.44380939606131,7.75765363581499));
#1933=CARTESIAN_POINT('Ctrl Pts',(6.62903116857974,8.96009430601988,7.69826089088215));
#1934=CARTESIAN_POINT('Ctrl Pts',(6.76507496638788,8.50219308320283,7.64203769030165));
#1935=CARTESIAN_POINT('Origin',(-3.33066907387547E-15,-1.38777878078145E-15,
-0.5));
#1936=CARTESIAN_POINT('',(7.,-13.75,-0.5));
#1937=CARTESIAN_POINT('',(-7.,-13.75,-0.500000000000002));
#1938=CARTESIAN_POINT('',(7.,-13.75,-0.5));
#1939=CARTESIAN_POINT('',(-9.,-11.75,-0.500000000000001));
#1940=CARTESIAN_POINT('Origin',(-6.99999999999999,-11.75,-0.500000000000002));
#1941=CARTESIAN_POINT('',(-9.,11.75,-0.5));
#1942=CARTESIAN_POINT('',(-9.,-11.75,-0.5));
#1943=CARTESIAN_POINT('',(-7.,13.75,-0.5));
#1944=CARTESIAN_POINT('Origin',(-7.,11.75,-0.5));
#1945=CARTESIAN_POINT('',(7.,13.75,-0.5));
#1946=CARTESIAN_POINT('',(-7.,13.75,-0.5));
#1947=CARTESIAN_POINT('',(9.,11.75,-0.500000000000001));
#1948=CARTESIAN_POINT('Origin',(7.,11.75,-0.5));
#1949=CARTESIAN_POINT('',(8.99999999999999,-11.75,-0.5));
#1950=CARTESIAN_POINT('',(9.,11.75,-0.5));
#1951=CARTESIAN_POINT('Origin',(7.,-11.75,-0.5));
#1952=CARTESIAN_POINT('Ctrl Pts',(5.1535778798608,-11.2312256442154,5.21907853674245));
#1953=CARTESIAN_POINT('Ctrl Pts',(5.31004660878917,-11.468202684944,4.91604099633777));
#1954=CARTESIAN_POINT('Ctrl Pts',(5.62887423965179,-11.9434813771502,4.23991778676405));
#1955=CARTESIAN_POINT('Ctrl Pts',(6.10034890694233,-12.6205499382375,3.04143589511936));
#1956=CARTESIAN_POINT('Ctrl Pts',(6.38181686739435,-12.9972954543729,2.11376865645578));
#1957=CARTESIAN_POINT('Ctrl Pts',(6.70243944537179,-13.4076902706617,0.912423528013455));
#1958=CARTESIAN_POINT('Ctrl Pts',(6.85837569696158,-13.5919278873965,0.209721971379999));
#1959=CARTESIAN_POINT('Ctrl Pts',(7.,-13.75,-0.5));
#1960=CARTESIAN_POINT('Ctrl Pts',(5.10183481894263,-11.2607817525902,5.21544950295365));
#1961=CARTESIAN_POINT('Ctrl Pts',(5.25547106351446,-11.4954318770514,4.91392783010166));
#1962=CARTESIAN_POINT('Ctrl Pts',(5.56876637050754,-11.9664954422224,4.24163308252167));
#1963=CARTESIAN_POINT('Ctrl Pts',(6.03282486978587,-12.6381292078953,3.04931281841982));
#1964=CARTESIAN_POINT('Ctrl Pts',(6.31032002550977,-13.011198272772,2.12383877375865));
#1965=CARTESIAN_POINT('Ctrl Pts',(6.62678079528158,-13.4162240620777,0.921979105820031));
#1966=CARTESIAN_POINT('Ctrl Pts',(6.78099068282797,-13.5968833130597,0.216560426146764));
#1967=CARTESIAN_POINT('Ctrl Pts',(6.92145966950925,-13.75,-0.5));
#1968=CARTESIAN_POINT('Ctrl Pts',(4.97921071121451,-11.3267541200024,5.20734911478923));
#1969=CARTESIAN_POINT('Ctrl Pts',(5.12647366816141,-11.5569809234781,4.90902471925638));
#1970=CARTESIAN_POINT('Ctrl Pts',(5.42545307538158,-12.0188608849603,4.24438638025711));
#1971=CARTESIAN_POINT('Ctrl Pts',(5.86535288978223,-12.6762938742243,3.06442893772453));
#1972=CARTESIAN_POINT('Ctrl Pts',(6.12719267560679,-13.0401546445761,2.14425397885656));
#1973=CARTESIAN_POINT('Ctrl Pts',(6.42638875680773,-13.43297889294,0.942120146823138));
#1974=CARTESIAN_POINT('Ctrl Pts',(6.57266735832386,-13.6062062523958,0.231217908201735));
#1975=CARTESIAN_POINT('Ctrl Pts',(6.70815536105123,-13.75,-0.500000000000001));
#1976=CARTESIAN_POINT('Ctrl Pts',(4.42557258483404,-11.5886139791177,5.17519676696965));
#1977=CARTESIAN_POINT('Ctrl Pts',(4.54620632543546,-11.8021616433003,4.88959406605017));
#1978=CARTESIAN_POINT('Ctrl Pts',(4.78273778320829,-12.2275124343001,4.25448282034521));
#1979=CARTESIAN_POINT('Ctrl Pts',(5.11109581475163,-12.825586310774,3.12234811121727));
#1980=CARTESIAN_POINT('Ctrl Pts',(5.29794624206595,-13.1518463121888,2.22407141508174));
#1981=CARTESIAN_POINT('Ctrl Pts',(5.51360182879688,-13.4965836681176,1.02239937903219));
#1982=CARTESIAN_POINT('Ctrl Pts',(5.62078995666217,-13.6415256056221,0.290534688754099));
#1983=CARTESIAN_POINT('Ctrl Pts',(5.73163244548566,-13.75,-0.5));
#1984=CARTESIAN_POINT('Ctrl Pts',(2.92262942420396,-12.0197632314808,5.12225829533464));
#1985=CARTESIAN_POINT('Ctrl Pts',(2.98465941270737,-12.2007750814409,4.8629214129261));
#1986=CARTESIAN_POINT('Ctrl Pts',(3.0913367964005,-12.5590060302396,4.28594309211225));
#1987=CARTESIAN_POINT('Ctrl Pts',(3.20204925500906,-13.0598922825742,3.24567647435423));
#1988=CARTESIAN_POINT('Ctrl Pts',(3.24704266451977,-13.3338668034865,2.39134521118276));
#1989=CARTESIAN_POINT('Ctrl Pts',(3.30114840710942,-13.6089630261904,1.18985244001641));
#1990=CARTESIAN_POINT('Ctrl Pts',(3.32979944435646,-13.710163127278,0.414135139354821));
#1991=CARTESIAN_POINT('Ctrl Pts',(3.37911396161975,-13.75,-0.500000000000001));
#1992=CARTESIAN_POINT('Ctrl Pts',(0.810298267085922,-12.099095144743,5.11251756119915));
#1993=CARTESIAN_POINT('Ctrl Pts',(0.823157288695891,-12.2610766475442,4.86900074080034));
#1994=CARTESIAN_POINT('Ctrl Pts',(0.848521226145872,-12.5926319191434,4.32476036715621));
#1995=CARTESIAN_POINT('Ctrl Pts',(0.883041032334203,-13.0856691527639,3.33256565312007));
#1996=CARTESIAN_POINT('Ctrl Pts',(0.901656949670607,-13.37275277952,2.49961850504079));
#1997=CARTESIAN_POINT('Ctrl Pts',(0.920929231818983,-13.6542516909393,1.29333256194876));
#1998=CARTESIAN_POINT('Ctrl Pts',(0.92871946686676,-13.7504704533768,0.489284602848209));
#1999=CARTESIAN_POINT('Ctrl Pts',(0.933333333333333,-13.75,-0.500000000000001));
#2000=CARTESIAN_POINT('Ctrl Pts',(-0.81028739782612,-12.0990951379197,5.11251756203694));
#2001=CARTESIAN_POINT('Ctrl Pts',(-0.823146248351455,-12.2610766058205,
4.86899887531427));
#2002=CARTESIAN_POINT('Ctrl Pts',(-0.848509876508736,-12.5926317909909,
4.32475566742362));
#2003=CARTESIAN_POINT('Ctrl Pts',(-0.883029305968616,-13.0856688695069,
3.33255950055061));
#2004=CARTESIAN_POINT('Ctrl Pts',(-0.901645043411989,-13.372752442474,2.49961327757652));
#2005=CARTESIAN_POINT('Ctrl Pts',(-0.920917148522559,-13.6542513939939,
1.29332927309154));
#2006=CARTESIAN_POINT('Ctrl Pts',(-0.928707304685184,-13.7504702398081,
0.489282967506131));
#2007=CARTESIAN_POINT('Ctrl Pts',(-0.93332111351547,-13.75,-0.500000000000001));
#2008=CARTESIAN_POINT('Ctrl Pts',(-2.92260870415699,-12.0197651382522,5.12225806121254));
#2009=CARTESIAN_POINT('Ctrl Pts',(-2.98463096986582,-12.2007767532466,4.86291505638486));
#2010=CARTESIAN_POINT('Ctrl Pts',(-3.0912949339702,-12.5590067517572,4.28592729290573));
#2011=CARTESIAN_POINT('Ctrl Pts',(-3.20199618643999,-13.0598914191923,3.24565546278454));
#2012=CARTESIAN_POINT('Ctrl Pts',(-3.2469931200123,-13.333865671861,2.39132771172875));
#2013=CARTESIAN_POINT('Ctrl Pts',(-3.30110975219023,-13.6089620656424,1.18984160042104));
#2014=CARTESIAN_POINT('Ctrl Pts',(-3.32977169743538,-13.7101626128527,0.414129729193674));
#2015=CARTESIAN_POINT('Ctrl Pts',(-3.37909904758567,-13.75,-0.5));
#2016=CARTESIAN_POINT('Ctrl Pts',(-4.42555521336655,-11.588619800665,5.17519605217352));
#2017=CARTESIAN_POINT('Ctrl Pts',(-4.54616864609767,-11.8021668984013,4.88958295276621));
#2018=CARTESIAN_POINT('Ctrl Pts',(-4.78266477456595,-12.2275154204201,4.25445556842979));
#2019=CARTESIAN_POINT('Ctrl Pts',(-5.11099325812873,-12.8255855476772,3.12231167349395));
#2020=CARTESIAN_POINT('Ctrl Pts',(-5.29785266069952,-13.1518448658039,2.22404133817377));
#2021=CARTESIAN_POINT('Ctrl Pts',(-5.51353667019474,-13.496582343418,1.02238088711073));
#2022=CARTESIAN_POINT('Ctrl Pts',(-5.62075349197326,-13.6415250301261,0.290525432877759));
#2023=CARTESIAN_POINT('Ctrl Pts',(-5.73163035547201,-13.75,-0.500000000000001));
#2024=CARTESIAN_POINT('Ctrl Pts',(-4.97919344833955,-11.3267627747804,5.2073480521161));
#2025=CARTESIAN_POINT('Ctrl Pts',(-5.12642968141734,-11.5569888006935,4.90901088221062));
#2026=CARTESIAN_POINT('Ctrl Pts',(-5.42536273329357,-12.0188658037204,4.24435272544036));
#2027=CARTESIAN_POINT('Ctrl Pts',(-5.86522405823242,-12.6762938913275,3.06438403832442));
#2028=CARTESIAN_POINT('Ctrl Pts',(-6.12707524873035,-13.0401535801941,2.14421691743995));
#2029=CARTESIAN_POINT('Ctrl Pts',(-6.42630791742711,-13.4329776537154,0.942097358749972));
#2030=CARTESIAN_POINT('Ctrl Pts',(-6.57262359947343,-13.6062057408468,0.231206500889552));
#2031=CARTESIAN_POINT('Ctrl Pts',(-6.70815643261542,-13.75,-0.500000000000001));
#2032=CARTESIAN_POINT('Ctrl Pts',(-5.10181731787742,-11.2607913657013,5.21544832261202));
#2033=CARTESIAN_POINT('Ctrl Pts',(-5.25542514430112,-11.4954406461183,4.91391318809823));
#2034=CARTESIAN_POINT('Ctrl Pts',(-5.56867120415482,-11.9665010658373,4.24159756941363));
#2035=CARTESIAN_POINT('Ctrl Pts',(-6.03268889211732,-12.6381296080473,3.04926549891266));
#2036=CARTESIAN_POINT('Ctrl Pts',(-6.31019596351851,-13.0111974381985,2.12379969541505));
#2037=CARTESIAN_POINT('Ctrl Pts',(-6.62669524464127,-13.4162229087037,0.921955067469649));
#2038=CARTESIAN_POINT('Ctrl Pts',(-6.78094424443866,-13.5968828374484,0.216548392770095));
#2039=CARTESIAN_POINT('Ctrl Pts',(-6.92146069781126,-13.75,-0.500000000000001));
#2040=CARTESIAN_POINT('Ctrl Pts',(-5.15355983014558,-11.2312359543105,5.21907727082195));
#2041=CARTESIAN_POINT('Ctrl Pts',(-5.30999925431134,-11.4682121064064,4.91602582986153));
#2042=CARTESIAN_POINT('Ctrl Pts',(-5.62877614524343,-11.9434875491922,4.23988108438105));
#2043=CARTESIAN_POINT('Ctrl Pts',(-6.10020883275893,-12.6205507029623,3.04138705797811));
#2044=CARTESIAN_POINT('Ctrl Pts',(-6.38168885457886,-12.9972948594843,2.11372829469705));
#2045=CARTESIAN_POINT('Ctrl Pts',(-6.70235072692323,-13.4076892182922,0.912398683557462));
#2046=CARTESIAN_POINT('Ctrl Pts',(-6.85832697682578,-13.5919274482734,0.209709536399854));
#2047=CARTESIAN_POINT('Ctrl Pts',(-7.,-13.75,-0.500000000000001));
#2048=CARTESIAN_POINT('Ctrl Pts',(-5.15355983014556,-11.2312359543105,5.21907727082194));
#2049=CARTESIAN_POINT('Ctrl Pts',(-5.31000000001856,-11.4682132360119,4.91602438529184));
#2050=CARTESIAN_POINT('Ctrl Pts',(-5.62877682768419,-11.943488549002,4.23987950116198));
#2051=CARTESIAN_POINT('Ctrl Pts',(-6.10021131278366,-12.6205542133878,3.0413803575484));
#2052=CARTESIAN_POINT('Ctrl Pts',(-6.58284230302665,-13.2665265702455,1.45079650154437));
#2053=CARTESIAN_POINT('Ctrl Pts',(-6.85832697682578,-13.5919274482734,0.209709536399854));
#2054=CARTESIAN_POINT('Ctrl Pts',(-7.,-13.75,-0.5));
#2055=CARTESIAN_POINT('Ctrl Pts',(5.1535778798608,-11.2312256442154,5.21907853674245));
#2056=CARTESIAN_POINT('Ctrl Pts',(5.31004660878918,-11.468202684944,4.91604099633777));
#2057=CARTESIAN_POINT('Ctrl Pts',(5.62887249923476,-11.9434787786571,4.23992144592143));
#2058=CARTESIAN_POINT('Ctrl Pts',(6.10034747567427,-12.6205479523194,3.04144007008525));
#2059=CARTESIAN_POINT('Ctrl Pts',(6.58295931201043,-13.2665252524399,1.45084103529356));
#2060=CARTESIAN_POINT('Ctrl Pts',(6.85837455455506,-13.5919266123144,0.209727696322593));
#2061=CARTESIAN_POINT('Ctrl Pts',(7.,-13.75,-0.5));
#2062=CARTESIAN_POINT('Ctrl Pts',(-5.15355983014557,-11.2312359543105,5.21907727082195));
#2063=CARTESIAN_POINT('Ctrl Pts',(-5.30793212032976,-11.4650807892245,4.92003024201732));
#2064=CARTESIAN_POINT('Ctrl Pts',(-5.45772962749697,-11.6884684077942,4.60268093249009));
#2065=CARTESIAN_POINT('Ctrl Pts',(-5.75895011861138,-12.1303519722211,3.90826250037159));
#2066=CARTESIAN_POINT('Ctrl Pts',(-5.91318133596014,-12.3519451499431,3.51685526262615));
#2067=CARTESIAN_POINT('Ctrl Pts',(-6.22310212076997,-12.7849084743672,2.63539110122346));
#2068=CARTESIAN_POINT('Ctrl Pts',(-6.37972506478237,-12.9946664457205,2.12020026251053));
#2069=CARTESIAN_POINT('Ctrl Pts',(-6.7008279862177,-13.405890565983,0.919258788528598));
#2070=CARTESIAN_POINT('Ctrl Pts',(-6.85832697682578,-13.5919274482734,0.209709536399853));
#2071=CARTESIAN_POINT('Ctrl Pts',(-7.,-13.75,-0.500000000000002));
#2072=CARTESIAN_POINT('Ctrl Pts',(-5.54779107583092,-11.0060503933747,5.24672658104312));
#2073=CARTESIAN_POINT('Ctrl Pts',(-5.72345251135085,-11.2573896303407,4.9362793212537));
#2074=CARTESIAN_POINT('Ctrl Pts',(-5.89306395209797,-11.4958943707975,4.60525705910403));
#2075=CARTESIAN_POINT('Ctrl Pts',(-6.23247522426054,-11.966422163777,3.88220767745865));
#2076=CARTESIAN_POINT('Ctrl Pts',(-6.40520932105374,-12.2015827779374,3.47545416036595));
#2077=CARTESIAN_POINT('Ctrl Pts',(-6.75074299980599,-12.6632175252208,2.56812215926148));
#2078=CARTESIAN_POINT('Ctrl Pts',(-6.92422518674663,-12.8885459246871,2.04358184657823));
#2079=CARTESIAN_POINT('Ctrl Pts',(-7.27712600460963,-13.3406053835778,0.846245631171106));
#2080=CARTESIAN_POINT('Ctrl Pts',(-7.44791355942933,-13.5541718550164,0.157603622950406));
#2081=CARTESIAN_POINT('Ctrl Pts',(-7.59839860068377,-13.75,-0.500000000000002));
#2082=CARTESIAN_POINT('Ctrl Pts',(-6.11701961956716,-10.5121083962781,5.30737503226814));
#2083=CARTESIAN_POINT('Ctrl Pts',(-6.32025313749916,-10.7669598038541,4.97080844031928));
#2084=CARTESIAN_POINT('Ctrl Pts',(-6.51716069561965,-11.0084068163158,4.61181498527201));
#2085=CARTESIAN_POINT('Ctrl Pts',(-6.91392412752312,-11.4836063447367,3.83360345839613));
#2086=CARTESIAN_POINT('Ctrl Pts',(-7.11758803295415,-11.7203384087031,3.39932859944405));
#2087=CARTESIAN_POINT('Ctrl Pts',(-7.53103214668891,-12.183279810155,2.4475477092286));
#2088=CARTESIAN_POINT('Ctrl Pts',(-7.74314388467699,-12.408003231391,1.90867680077738));
#2089=CARTESIAN_POINT('Ctrl Pts',(-8.18946790439677,-12.854940365398,0.721379492244236));
#2090=CARTESIAN_POINT('Ctrl Pts',(-8.41803589426819,-13.0628086874555,0.0707244948839733));
#2091=CARTESIAN_POINT('Ctrl Pts',(-8.63461908365483,-13.2479243485621,-0.500000000000001));
#2092=CARTESIAN_POINT('Ctrl Pts',(-6.4970542407969,-9.80320211114087,5.39441777921002));
#2093=CARTESIAN_POINT('Ctrl Pts',(-6.7011802177785,-10.032993724655,5.06733649912191));
#2094=CARTESIAN_POINT('Ctrl Pts',(-6.89821465153694,-10.2502771487619,4.71944635753327));
#2095=CARTESIAN_POINT('Ctrl Pts',(-7.29413852658763,-10.6765163147588,3.96279596479749));
#2096=CARTESIAN_POINT('Ctrl Pts',(-7.49666628882031,-10.8879183875258,3.53901304692689));
#2097=CARTESIAN_POINT('Ctrl Pts',(-7.90652277523815,-11.2978076456587,2.59957487345534));
#2098=CARTESIAN_POINT('Ctrl Pts',(-8.11591720693399,-11.4941916957312,2.06049218059011));
#2099=CARTESIAN_POINT('Ctrl Pts',(-8.55676513101961,-11.8779609594213,0.841780323636903));
#2100=CARTESIAN_POINT('Ctrl Pts',(-8.78278642216037,-12.0506502282239,0.149696263542747));
#2101=CARTESIAN_POINT('Ctrl Pts',(-9.,-12.1987989505128,-0.500000000000002));
#2102=CARTESIAN_POINT('Ctrl Pts',(-6.63038470103365,-9.45615601480078,5.43702968176221));
#2103=CARTESIAN_POINT('Ctrl Pts',(-6.82865208413409,-9.67255763766623,5.12694503746263));
#2104=CARTESIAN_POINT('Ctrl Pts',(-7.02070560870089,-9.87834665203783,4.79735568644368));
#2105=CARTESIAN_POINT('Ctrl Pts',(-7.40646659373756,-10.2838920246755,4.07585301219776));
#2106=CARTESIAN_POINT('Ctrl Pts',(-7.60368299410279,-10.4862339176533,3.66896641999299));
#2107=CARTESIAN_POINT('Ctrl Pts',(-7.99990297136085,-10.8798402030438,2.75292441128217));
#2108=CARTESIAN_POINT('Ctrl Pts',(-8.20020060972063,-11.0693845368329,2.21783019684464));
#2109=CARTESIAN_POINT('Ctrl Pts',(-8.61231259144295,-11.4402935946052,0.971490374057755));
#2110=CARTESIAN_POINT('Ctrl Pts',(-8.81577626901758,-11.6076225687379,0.235812417337717));
#2111=CARTESIAN_POINT('Ctrl Pts',(-9.,-11.75,-0.500000000000002));
#2112=CARTESIAN_POINT('Ctrl Pts',(-6.63038470103365,-9.45615601480077,5.4370296817622));
#2113=CARTESIAN_POINT('Ctrl Pts',(-6.82865208413409,-9.67255763766622,5.12694503746262));
#2114=CARTESIAN_POINT('Ctrl Pts',(-7.23370425230988,-10.1065787609233,4.43182172983786));
#2115=CARTESIAN_POINT('Ctrl Pts',(-7.83467340209932,-10.7233786982416,3.19355292759805));
#2116=CARTESIAN_POINT('Ctrl Pts',(-8.45550546538324,-11.3112657168,1.53793939456809));
#2117=CARTESIAN_POINT('Ctrl Pts',(-8.81397625755288,-11.6062314286973,0.243001886251462));
#2118=CARTESIAN_POINT('Ctrl Pts',(-9.,-11.75,-0.500000000000002));
#2119=CARTESIAN_POINT('Ctrl Pts',(-6.63038470103366,-9.45615601480077,5.43702968176221));
#2120=CARTESIAN_POINT('Ctrl Pts',(-6.82865208413409,-9.67255763766622,5.12694503746263));
#2121=CARTESIAN_POINT('Ctrl Pts',(-7.03648463262003,-9.89525417710088,4.77027678609572));
#2122=CARTESIAN_POINT('Ctrl Pts',(-7.24256975130121,-10.1115475227586,4.38207553501969));
#2123=CARTESIAN_POINT('Ctrl Pts',(-7.37099190050425,-10.2459263543441,4.13708340140054));
#2124=CARTESIAN_POINT('Ctrl Pts',(-7.55071129957494,-10.4314631443094,3.77502975660159));
#2125=CARTESIAN_POINT('Ctrl Pts',(-7.73461719567518,-10.6165593051948,3.36819896664836));
#2126=CARTESIAN_POINT('Ctrl Pts',(-7.82428951875565,-10.7053065158261,3.15833372106529));
#2127=CARTESIAN_POINT('Ctrl Pts',(-7.96665733382406,-10.8455192074785,2.81990240846576));
#2128=CARTESIAN_POINT('Ctrl Pts',(-8.14911161693531,-11.0205135513625,2.35031504105103));
#2129=CARTESIAN_POINT('Ctrl Pts',(-8.33106123913215,-11.1874165254404,1.82401338180008));
#2130=CARTESIAN_POINT('Ctrl Pts',(-8.42890951906334,-11.2750807579259,1.52503607504689));
#2131=CARTESIAN_POINT('Ctrl Pts',(-8.56177064185161,-11.3926553698874,1.10796220561772));
#2132=CARTESIAN_POINT('Ctrl Pts',(-8.71546564190217,-11.5231297926306,0.583283942476508));
#2133=CARTESIAN_POINT('Ctrl Pts',(-8.88160683261157,-11.6576071396939,-0.0339386882383283));
#2134=CARTESIAN_POINT('Ctrl Pts',(-8.96105030334065,-11.7198977014024,-0.344430083460741));
#2135=CARTESIAN_POINT('Ctrl Pts',(-9.,-11.75,-0.500000000000001));
#2136=CARTESIAN_POINT('Ctrl Pts',(-6.66235499545816,-9.37294047756222,5.44724726496234));
#2137=CARTESIAN_POINT('Ctrl Pts',(-6.85921759100321,-9.5861314166678,5.1412381143603));
#2138=CARTESIAN_POINT('Ctrl Pts',(-7.06575767933479,-9.80584535473204,4.78931860297127));
#2139=CARTESIAN_POINT('Ctrl Pts',(-7.27053918721997,-10.0195144121408,4.4056018563608));
#2140=CARTESIAN_POINT('Ctrl Pts',(-7.39814500402022,-10.1522861482168,4.16337832679686));
#2141=CARTESIAN_POINT('Ctrl Pts',(-7.57669083238959,-10.3357448643944,3.80501932468998));
#2142=CARTESIAN_POINT('Ctrl Pts',(-7.75921142387501,-10.5189431304981,3.4012633041348));
#2143=CARTESIAN_POINT('Ctrl Pts',(-7.84812535566695,-10.6068185976052,3.1926023513081));
#2144=CARTESIAN_POINT('Ctrl Pts',(-7.98924688226231,-10.7456704623552,2.85593264507687));
#2145=CARTESIAN_POINT('Ctrl Pts',(-8.16981156751645,-10.9190785975445,2.38756163229834));
#2146=CARTESIAN_POINT('Ctrl Pts',(-8.3491150540558,-11.0845722011414,1.85975143597952));
#2147=CARTESIAN_POINT('Ctrl Pts',(-8.44527682371862,-11.1715103922095,1.55902053175384));
#2148=CARTESIAN_POINT('Ctrl Pts',(-8.5756517536214,-11.2881189679209,1.1388611033614));
#2149=CARTESIAN_POINT('Ctrl Pts',(-8.72565878064068,-11.4175381480073,0.60768443489353));
#2150=CARTESIAN_POINT('Ctrl Pts',(-8.88639590131169,-11.5508608872855,-0.021761985065757));
#2151=CARTESIAN_POINT('Ctrl Pts',(-8.96272276458706,-11.6125762058845,-0.340064318122839));
#2152=CARTESIAN_POINT('Ctrl Pts',(-9.,-11.6423859217179,-0.500000000000001));
#2153=CARTESIAN_POINT('Ctrl Pts',(-6.81676378337924,-8.97283800119937,5.49637367183872));
#2154=CARTESIAN_POINT('Ctrl Pts',(-7.0097376628935,-9.16671331777954,5.20222456300401));
#2155=CARTESIAN_POINT('Ctrl Pts',(-7.20991324656961,-9.36073159855859,4.86412051781205));
#2156=CARTESIAN_POINT('Ctrl Pts',(-7.40639123149514,-9.54454383865364,4.49381573531552));
#2157=CARTESIAN_POINT('Ctrl Pts',(-7.52865324556409,-9.65834015868657,4.25991181385799));
#2158=CARTESIAN_POINT('Ctrl Pts',(-7.69869245444452,-9.8130050675529,3.91291962538025));
#2159=CARTESIAN_POINT('Ctrl Pts',(-7.87097664226904,-9.9637502493106,3.5191391015513));
#2160=CARTESIAN_POINT('Ctrl Pts',(-7.95448481108682,-10.0350968485358,3.31455961784318));
#2161=CARTESIAN_POINT('Ctrl Pts',(-8.08683719097482,-10.1474126538423,2.98395584561689));
#2162=CARTESIAN_POINT('Ctrl Pts',(-8.25488730675276,-10.2848205155644,2.52048216657698));
#2163=CARTESIAN_POINT('Ctrl Pts',(-8.41959031264666,-10.4128808919796,1.98852981464156));
#2164=CARTESIAN_POINT('Ctrl Pts',(-8.50728190332122,-10.4795740622672,1.68219100938583));
#2165=CARTESIAN_POINT('Ctrl Pts',(-8.62571196685266,-10.5686816492033,1.25185048648767));
#2166=CARTESIAN_POINT('Ctrl Pts',(-8.76014760970925,-10.6666051789372,0.698029181820566));
#2167=CARTESIAN_POINT('Ctrl Pts',(-8.90155528482792,-10.7687380643215,0.0237434515848595));
#2168=CARTESIAN_POINT('Ctrl Pts',(-8.9678295724576,-10.8169668813244,-0.323705498605136));
#2169=CARTESIAN_POINT('Ctrl Pts',(-9.,-10.8406403593072,-0.500000000000001));
#2170=CARTESIAN_POINT('Ctrl Pts',(-7.08742634976078,-7.6377118227018,5.66030655341552));
#2171=CARTESIAN_POINT('Ctrl Pts',(-7.27299723303644,-7.77764926510312,5.38881670686758));
#2172=CARTESIAN_POINT('Ctrl Pts',(-7.46164590865215,-7.90204922892924,5.07621855407987));
#2173=CARTESIAN_POINT('Ctrl Pts',(-7.64364829187795,-8.00610344688105,4.73031699679217));
#2174=CARTESIAN_POINT('Ctrl Pts',(-7.75663571179035,-8.06929017550941,4.51152581474304));
#2175=CARTESIAN_POINT('Ctrl Pts',(-7.91216986840833,-8.14763072677749,4.18505026877638));
#2176=CARTESIAN_POINT('Ctrl Pts',(-8.06746049836577,-8.21279711509442,3.8089473938263));
#2177=CARTESIAN_POINT('Ctrl Pts',(-8.14210944399342,-8.24061109641752,3.61140257014989));
#2178=CARTESIAN_POINT('Ctrl Pts',(-8.26013209946527,-8.28304762138202,3.29112217153294));
#2179=CARTESIAN_POINT('Ctrl Pts',(-8.40800545722062,-8.32570794276478,2.83500166387389));
#2180=CARTESIAN_POINT('Ctrl Pts',(-8.54878707349133,-8.35437385592965,2.29076107983513));
#2181=CARTESIAN_POINT('Ctrl Pts',(-8.62232419199246,-8.36688725428505,1.97026114290029));
#2182=CARTESIAN_POINT('Ctrl Pts',(-8.72056612415637,-8.38205408254044,1.51493057225197));
#2183=CARTESIAN_POINT('Ctrl Pts',(-8.82759841269709,-8.39373322713049,0.907671680816434));
#2184=CARTESIAN_POINT('Ctrl Pts',(-8.93221209367291,-8.40668616719377,0.129003726612935));
#2185=CARTESIAN_POINT('Ctrl Pts',(-8.97833488559691,-8.41462500201974,-0.285941685580166));
#2186=CARTESIAN_POINT('Ctrl Pts',(-9.,-8.41939572124579,-0.500000000000001));
#2187=CARTESIAN_POINT('Ctrl Pts',(-7.26595471162645,-4.800369179711,6.00868842396623));
#2188=CARTESIAN_POINT('Ctrl Pts',(-7.44178503775094,-4.85339463552132,5.7655592420071));
#2189=CARTESIAN_POINT('Ctrl Pts',(-7.62201455376735,-4.88224908293903,5.48230064622781));
#2190=CARTESIAN_POINT('Ctrl Pts',(-7.79702124724762,-4.88728865599647,5.16232744036314));
#2191=CARTESIAN_POINT('Ctrl Pts',(-7.90576904770502,-4.88840730133654,4.95940437294124));
#2192=CARTESIAN_POINT('Ctrl Pts',(-8.05611232331638,-4.87764801608718,4.65331453976917));
#2193=CARTESIAN_POINT('Ctrl Pts',(-8.20684005126654,-4.84807430396735,4.2923316893118));
#2194=CARTESIAN_POINT('Ctrl Pts',(-8.27931316835073,-4.82867443041968,4.09970431892132));
#2195=CARTESIAN_POINT('Ctrl Pts',(-8.39385545491802,-4.79568314827882,3.78595281579747));
#2196=CARTESIAN_POINT('Ctrl Pts',(-8.53705476546237,-4.73846414763719,3.32933078564737));
#2197=CARTESIAN_POINT('Ctrl Pts',(-8.66863956228911,-4.66161730536112,2.75653052424246));
#2198=CARTESIAN_POINT('Ctrl Pts',(-8.73506873307691,-4.61557953099715,2.40997294554108));
#2199=CARTESIAN_POINT('Ctrl Pts',(-8.82192430700603,-4.54993298177812,1.91111862890536));
#2200=CARTESIAN_POINT('Ctrl Pts',(-8.90798125068736,-4.46288125616358,1.21894484482241));
#2201=CARTESIAN_POINT('Ctrl Pts',(-8.97264605587411,-4.36116529167823,0.283454968427954));
#2202=CARTESIAN_POINT('Ctrl Pts',(-8.99288136516111,-4.3115601171393,-0.230830866918689));
#2203=CARTESIAN_POINT('Ctrl Pts',(-9.,-4.28746904202972,-0.500000000000001));
#2204=CARTESIAN_POINT('Ctrl Pts',(-7.24716009453547,-1.78970759814205,6.37835118428642));
#2205=CARTESIAN_POINT('Ctrl Pts',(-7.41833262121085,-1.7812573773019,6.14502240977976));
#2206=CARTESIAN_POINT('Ctrl Pts',(-7.59874332825546,-1.76386718676034,5.86794178053807));
#2207=CARTESIAN_POINT('Ctrl Pts',(-7.77786107347481,-1.73701187352727,5.54938016559284));
#2208=CARTESIAN_POINT('Ctrl Pts',(-7.88950549649922,-1.71942967314124,5.34692749680335));
#2209=CARTESIAN_POINT('Ctrl Pts',(-8.04593571282117,-1.68958431519655,5.03898527210688));
#2210=CARTESIAN_POINT('Ctrl Pts',(-8.20538760148886,-1.6492593057716,4.67099940696739));
#2211=CARTESIAN_POINT('Ctrl Pts',(-8.2826043833347,-1.62647248329599,4.47316294769602));
#2212=CARTESIAN_POINT('Ctrl Pts',(-8.404849498775,-1.58882979265359,4.1502577559181));
#2213=CARTESIAN_POINT('Ctrl Pts',(-8.55905604160313,-1.53052784739565,3.67580822391281));
#2214=CARTESIAN_POINT('Ctrl Pts',(-8.69948556288464,-1.45244913917324,3.06916834136955));
#2215=CARTESIAN_POINT('Ctrl Pts',(-8.76926633121926,-1.40417052812189,2.69859573446613));
#2216=CARTESIAN_POINT('Ctrl Pts',(-8.8594966776057,-1.33403605637542,2.16275803277151));
#2217=CARTESIAN_POINT('Ctrl Pts',(-8.9439418231686,-1.23446453814128,1.40947913858198));
#2218=CARTESIAN_POINT('Ctrl Pts',(-8.99332726327259,-1.09807545376158,0.375031634631904));
#2219=CARTESIAN_POINT('Ctrl Pts',(-9.00073721243555,-1.02278293910865,-0.198628225631794));
#2220=CARTESIAN_POINT('Ctrl Pts',(-9.,-0.983362360233655,-0.5));
#2221=CARTESIAN_POINT('Ctrl Pts',(-7.24762780624967,1.1520078154066,6.73954841964029));
#2222=CARTESIAN_POINT('Ctrl Pts',(-7.419374180014,1.2014151248825,6.49277491165109));
#2223=CARTESIAN_POINT('Ctrl Pts',(-7.60081425944563,1.2534349404604,6.19735864541457));
#2224=CARTESIAN_POINT('Ctrl Pts',(-7.78113023453121,1.3068945524892,5.856625209328));
#2225=CARTESIAN_POINT('Ctrl Pts',(-7.89353441457448,1.34039144434754,5.64001026752999));
#2226=CARTESIAN_POINT('Ctrl Pts',(-8.05110057571762,1.38846044690695,5.31012837967168));
#2227=CARTESIAN_POINT('Ctrl Pts',(-8.21168014587666,1.44144562147562,4.91633102309961));
#2228=CARTESIAN_POINT('Ctrl Pts',(-8.28940200225554,1.46883987283037,4.70497391984865));
#2229=CARTESIAN_POINT('Ctrl Pts',(-8.41242265238774,1.51310283220797,4.36018820946699));
#2230=CARTESIAN_POINT('Ctrl Pts',(-8.56743832695183,1.57514852527855,3.85486872217411));
#2231=CARTESIAN_POINT('Ctrl Pts',(-8.70798966407157,1.65052855930813,3.21362829902809));
#2232=CARTESIAN_POINT('Ctrl Pts',(-8.77757528772313,1.69581972539589,2.82354183762868));
#2233=CARTESIAN_POINT('Ctrl Pts',(-8.86734182692284,1.76086140427449,2.26060801622176));
#2234=CARTESIAN_POINT('Ctrl Pts',(-8.95040397919935,1.850789816043,1.47387874455453));
#2235=CARTESIAN_POINT('Ctrl Pts',(-8.99666930040981,1.97355244252614,0.401941822373914));
#2236=CARTESIAN_POINT('Ctrl Pts',(-9.00195518831675,2.04161511242933,-0.189801396262995));
#2237=CARTESIAN_POINT('Ctrl Pts',(-9.,2.07741398514045,-0.5));
#2238=CARTESIAN_POINT('Ctrl Pts',(-7.26123587931439,3.95573811241279,7.08380321304837));
#2239=CARTESIAN_POINT('Ctrl Pts',(-7.43704538664918,4.08555831721475,6.80522624125093));
#2240=CARTESIAN_POINT('Ctrl Pts',(-7.62132105775169,4.19752573221743,6.46496471489809));
#2241=CARTESIAN_POINT('Ctrl Pts',(-7.80150170751088,4.28869931275223,6.07413287216556));
#2242=CARTESIAN_POINT('Ctrl Pts',(-7.91355083753237,4.34383949645089,5.82586316687565));
#2243=CARTESIAN_POINT('Ctrl Pts',(-8.06895078021714,4.41103281501859,5.44909366178569));
#2244=CARTESIAN_POINT('Ctrl Pts',(-8.22481313389415,4.47032197392826,5.00598112346539));
#2245=CARTESIAN_POINT('Ctrl Pts',(-8.29960739862531,4.49812325749426,4.77096392318969));
#2246=CARTESIAN_POINT('Ctrl Pts',(-8.41770923693486,4.54199397412597,4.38892818666118));
#2247=CARTESIAN_POINT('Ctrl Pts',(-8.56459544759022,4.59651481764441,3.83808711769004));
#2248=CARTESIAN_POINT('Ctrl Pts',(-8.69712458579418,4.66021939807605,3.1629551463341));
#2249=CARTESIAN_POINT('Ctrl Pts',(-8.76306383036224,4.69940253457005,2.75952885777183));
#2250=CARTESIAN_POINT('Ctrl Pts',(-8.84848483943138,4.75654382811754,2.18229460581226));
#2251=CARTESIAN_POINT('Ctrl Pts',(-8.92971750240117,4.83987165467556,1.39553042510795));
#2252=CARTESIAN_POINT('Ctrl Pts',(-8.98375996245022,4.96566570135012,0.356488645174917));
#2253=CARTESIAN_POINT('Ctrl Pts',(-8.99690156319381,5.03988965652402,-0.206991750810365));
#2254=CARTESIAN_POINT('Ctrl Pts',(-9.,5.08021279466944,-0.5));
#2255=CARTESIAN_POINT('Ctrl Pts',(-7.12267523389951,6.68070855697167,7.41838751255692));
#2256=CARTESIAN_POINT('Ctrl Pts',(-7.30640336061231,6.93594085582233,7.08884011952373));
#2257=CARTESIAN_POINT('Ctrl Pts',(-7.5014283686936,7.16575656276023,6.67929214645436));
#2258=CARTESIAN_POINT('Ctrl Pts',(-7.69114450723495,7.35858615606538,6.21401495215585));
#2259=CARTESIAN_POINT('Ctrl Pts',(-7.80900419188833,7.47574648507942,5.91894818687852));
#2260=CARTESIAN_POINT('Ctrl Pts',(-7.97168797548131,7.62182107635211,5.47434564055047));
#2261=CARTESIAN_POINT('Ctrl Pts',(-8.13341554923113,7.75351442840432,4.96296415049838));
#2262=CARTESIAN_POINT('Ctrl Pts',(-8.21062969452105,7.81527324710608,4.6963046288793));
#2263=CARTESIAN_POINT('Ctrl Pts',(-8.33237319298724,7.91258483823138,4.2650143593763));
#2264=CARTESIAN_POINT('Ctrl Pts',(-8.48258494825424,8.03239041286708,3.65788768515328));
#2265=CARTESIAN_POINT('Ctrl Pts',(-8.61983204143782,8.15774328554829,2.95096398999166));
#2266=CARTESIAN_POINT('Ctrl Pts',(-8.68949334399819,8.22940180946495,2.54003534753809));
#2267=CARTESIAN_POINT('Ctrl Pts',(-8.7809664761804,8.33019618268355,1.95999134310604));
#2268=CARTESIAN_POINT('Ctrl Pts',(-8.87417020226833,8.46177432086864,1.20142407192249));
#2269=CARTESIAN_POINT('Ctrl Pts',(-8.95482372561308,8.63330654363698,0.252734531982889));
#2270=CARTESIAN_POINT('Ctrl Pts',(-8.98631704687575,8.72671847434247,-0.245085484321615));
#2271=CARTESIAN_POINT('Ctrl Pts',(-9.00000000000001,8.77567911057583,-0.500000000000001));
#2272=CARTESIAN_POINT('Ctrl Pts',(-6.91327591610211,8.00232524101183,7.58066163678875));
#2273=CARTESIAN_POINT('Ctrl Pts',(-7.10299651652843,8.3399907451553,7.21746138092009));
#2274=CARTESIAN_POINT('Ctrl Pts',(-7.30955177292295,8.6552217361979,6.76283909193157));
#2275=CARTESIAN_POINT('Ctrl Pts',(-7.51294893582662,8.92886624869937,6.249911911305));
#2276=CARTESIAN_POINT('Ctrl Pts',(-7.63950109080376,9.09602804177193,5.92495803440626));
#2277=CARTESIAN_POINT('Ctrl Pts',(-7.81532804311634,9.30996841916255,5.43744849409032));
#2278=CARTESIAN_POINT('Ctrl Pts',(-7.9915071224543,9.5094054692495,4.88380150041074));
#2279=CARTESIAN_POINT('Ctrl Pts',(-8.07595565349893,9.60409127768432,4.59789595429163));
#2280=CARTESIAN_POINT('Ctrl Pts',(-8.20925030572511,9.7536719095627,4.13682712905345));
#2281=CARTESIAN_POINT('Ctrl Pts',(-8.37471733804896,9.9403919538478,3.49693675044102));
#2282=CARTESIAN_POINT('Ctrl Pts',(-8.52885238664229,10.1302086097611,2.77507765293713));
#2283=CARTESIAN_POINT('Ctrl Pts',(-8.60831564541299,10.235476336861,2.36294404900072));
#2284=CARTESIAN_POINT('Ctrl Pts',(-8.71365398529746,10.3810494970266,1.78648705724266));
#2285=CARTESIAN_POINT('Ctrl Pts',(-8.82546087392913,10.5600798093954,1.05422618663651));
#2286=CARTESIAN_POINT('Ctrl Pts',(-8.93219264763207,10.7703683420413,0.175555481216916));
#2287=CARTESIAN_POINT('Ctrl Pts',(-8.97846482728928,10.8769381045516,-0.273221977703936));
#2288=CARTESIAN_POINT('Ctrl Pts',(-9.00000000000001,10.9307479872411,-0.500000000000001));
#2289=CARTESIAN_POINT('Ctrl Pts',(-6.79146279046078,8.41337418203553,7.63113210052194));
#2290=CARTESIAN_POINT('Ctrl Pts',(-6.98441601628588,8.78442903595571,7.25445180782641));
#2291=CARTESIAN_POINT('Ctrl Pts',(-7.19689166570365,9.13406491384453,6.78140249414904));
#2292=CARTESIAN_POINT('Ctrl Pts',(-7.4077032602325,9.44008842539139,6.24888414293857));
#2293=CARTESIAN_POINT('Ctrl Pts',(-7.5390007853002,9.62726803398741,5.91163479623035));
#2294=CARTESIAN_POINT('Ctrl Pts',(-7.72222016429408,9.86826672123263,5.40644322159596));
#2295=CARTESIAN_POINT('Ctrl Pts',(-7.90696523983044,10.0942435116686,4.83550501623036));
#2296=CARTESIAN_POINT('Ctrl Pts',(-7.99583605541934,10.2016315694311,4.54179244164579));
#2297=CARTESIAN_POINT('Ctrl Pts',(-8.13625459812587,10.3712763653853,4.06868191299197));
#2298=CARTESIAN_POINT('Ctrl Pts',(-8.31155427337413,10.5829973486101,3.41581596761035));
#2299=CARTESIAN_POINT('Ctrl Pts',(-8.47672597769682,10.7955489083286,2.68910305224769));
#2300=CARTESIAN_POINT('Ctrl Pts',(-8.56250561501108,10.9122336525902,2.27743225840644));
#2301=CARTESIAN_POINT('Ctrl Pts',(-8.67669471180185,11.072688452833,1.7039485268602));
#2302=CARTESIAN_POINT('Ctrl Pts',(-8.79987710747018,11.2661361558609,0.985065898242481));
#2303=CARTESIAN_POINT('Ctrl Pts',(-8.92085822816967,11.4857139697263,0.139528994208456));
#2304=CARTESIAN_POINT('Ctrl Pts',(-8.97462702093024,11.5941720719208,-0.286343477363518));
#2305=CARTESIAN_POINT('Ctrl Pts',(-9.,11.6481745680427,-0.500000000000001));
#2306=CARTESIAN_POINT('Ctrl Pts',(-6.7650844707865,8.50216109262562,7.64203376235267));
#2307=CARTESIAN_POINT('Ctrl Pts',(-6.95926391257587,8.88106520543219,7.26232856159351));
#2308=CARTESIAN_POINT('Ctrl Pts',(-7.17292991887584,9.23720885333266,6.78473833533562));
#2309=CARTESIAN_POINT('Ctrl Pts',(-7.38496321128245,9.54805107872939,6.24716534881601));
#2310=CARTESIAN_POINT('Ctrl Pts',(-7.51702705696901,9.73809280035221,5.90672581457831));
#2311=CARTESIAN_POINT('Ctrl Pts',(-7.70135426427748,9.98223767303681,5.39684629283841));
#2312=CARTESIAN_POINT('Ctrl Pts',(-7.88738229435313,10.210136493438,4.82124100934991));
#2313=CARTESIAN_POINT('Ctrl Pts',(-7.97694204617671,10.3181158376483,4.52540236948066));
#2314=CARTESIAN_POINT('Ctrl Pts',(-8.11848619831786,10.4885450139132,4.04900404019328));
#2315=CARTESIAN_POINT('Ctrl Pts',(-8.29544844250517,10.7002171026653,3.39253898404094));
#2316=CARTESIAN_POINT('Ctrl Pts',(-8.46282528912449,10.9112294544926,2.66449689671636));
#2317=CARTESIAN_POINT('Ctrl Pts',(-8.54997702684617,11.026717040044,2.25296968453415));
#2318=CARTESIAN_POINT('Ctrl Pts',(-8.66616727381485,11.185294217422,1.68033579038138));
#2319=CARTESIAN_POINT('Ctrl Pts',(-8.7922329968166,11.3756414765714,0.96522454555153));
#2320=CARTESIAN_POINT('Ctrl Pts',(-8.91730451429461,11.5909626300869,0.129120168666376));
#2321=CARTESIAN_POINT('Ctrl Pts',(-8.97339225982468,11.6971498264127,-0.290158447020847));
#2322=CARTESIAN_POINT('Ctrl Pts',(-9.,11.75,-0.500000000000001));
#2323=CARTESIAN_POINT('Ctrl Pts',(-6.7650844707865,8.50216109262562,7.64203376235267));
#2324=CARTESIAN_POINT('Ctrl Pts',(-6.97803241966212,8.91768836420063,7.22562797328477));
#2325=CARTESIAN_POINT('Ctrl Pts',(-7.42197445643824,9.64549953319582,6.22135934667714));
#2326=CARTESIAN_POINT('Ctrl Pts',(-8.05104851184819,10.4099525233912,4.37793871068425));
#2327=CARTESIAN_POINT('Ctrl Pts',(-8.61661832832366,11.0816684833899,2.11187460654645));
#2328=CARTESIAN_POINT('Ctrl Pts',(-8.88182287628355,11.515268246709,0.432002154405717));
#2329=CARTESIAN_POINT('Ctrl Pts',(-9.,11.75,-0.5));
#2330=CARTESIAN_POINT('Ctrl Pts',(-6.7650844707865,8.50216109262563,7.64203376235268));
#2331=CARTESIAN_POINT('Ctrl Pts',(-6.97803241966212,8.91768836420063,7.22562797328478));
#2332=CARTESIAN_POINT('Ctrl Pts',(-7.1973442587253,9.27723441467649,6.72950915332755));
#2333=CARTESIAN_POINT('Ctrl Pts',(-7.61575186554809,9.88097851782793,5.65351956426942));
#2334=CARTESIAN_POINT('Ctrl Pts',(-7.82565794702753,10.1360070692562,5.03645946279174));
#2335=CARTESIAN_POINT('Ctrl Pts',(-8.21352709797334,10.6029250906658,3.72693704655067));
#2336=CARTESIAN_POINT('Ctrl Pts',(-8.40028497155888,10.8254584852079,2.97488404593182));
#2337=CARTESIAN_POINT('Ctrl Pts',(-8.73842520859275,11.280818290064,1.34031912524222));
#2338=CARTESIAN_POINT('Ctrl Pts',(-8.88433099737831,11.5202500540464,0.412221894146177));
#2339=CARTESIAN_POINT('Ctrl Pts',(-9.,11.75,-0.500000000000001));
#2340=CARTESIAN_POINT('Ctrl Pts',(-6.61006671856028,9.02393607589745,7.70609967456383));
#2341=CARTESIAN_POINT('Ctrl Pts',(-6.8309172944945,9.49004967767265,7.27019917900879));
#2342=CARTESIAN_POINT('Ctrl Pts',(-7.05731705043956,9.88761376512556,6.74598531671508));
#2343=CARTESIAN_POINT('Ctrl Pts',(-7.48997790493769,10.5450253313217,5.61071254774324));
#2344=CARTESIAN_POINT('Ctrl Pts',(-7.70750737230626,10.8158118905836,4.96070053441573));
#2345=CARTESIAN_POINT('Ctrl Pts',(-8.11360240251119,11.2949560702508,3.59842741291091));
#2346=CARTESIAN_POINT('Ctrl Pts',(-8.312173584357,11.5113680234234,2.82724378963374));
#2347=CARTESIAN_POINT('Ctrl Pts',(-8.68319414303946,11.9368183153545,1.2020627420184));
#2348=CARTESIAN_POINT('Ctrl Pts',(-8.85278630845906,12.1480872689895,0.314760101306477));
#2349=CARTESIAN_POINT('Ctrl Pts',(-9.,12.3483986006838,-0.500000000000001));
#2350=CARTESIAN_POINT('Ctrl Pts',(-6.24750798354694,9.78985276213849,7.80014241857214));
#2351=CARTESIAN_POINT('Ctrl Pts',(-6.46065559228539,10.2578996000348,7.36274922992908));
#2352=CARTESIAN_POINT('Ctrl Pts',(-6.6800122088491,10.6652495292588,6.83291476044021));
#2353=CARTESIAN_POINT('Ctrl Pts',(-7.09987350749876,11.3490300156518,5.68147130395607));
#2354=CARTESIAN_POINT('Ctrl Pts',(-7.31123124804813,11.6370738145274,5.02039780553245));
#2355=CARTESIAN_POINT('Ctrl Pts',(-7.70350399766128,12.1572342404698,3.63600290725462));
#2356=CARTESIAN_POINT('Ctrl Pts',(-7.89340892470748,12.4005456157041,2.85352824744743));
#2357=CARTESIAN_POINT('Ctrl Pts',(-8.23692209913227,12.8904369559105,1.20942536195715));
#2358=CARTESIAN_POINT('Ctrl Pts',(-8.38464060912487,13.1428613516675,0.315452133518918));
#2359=CARTESIAN_POINT('Ctrl Pts',(-8.49788929996554,13.3845770302818,-0.500000000000001));
#2360=CARTESIAN_POINT('Ctrl Pts',(-5.68301650854023,10.3265769968161,7.86604386805298));
#2361=CARTESIAN_POINT('Ctrl Pts',(-5.86039686465074,10.7652175884861,7.43767887813315));
#2362=CARTESIAN_POINT('Ctrl Pts',(-6.04273569886297,11.1494505402836,6.92254844154238));
#2363=CARTESIAN_POINT('Ctrl Pts',(-6.38906971906637,11.7937448808968,5.80143864937227));
#2364=CARTESIAN_POINT('Ctrl Pts',(-6.56171187393677,12.0642806766001,5.15699604247086));
#2365=CARTESIAN_POINT('Ctrl Pts',(-6.87641033073531,12.5548826259701,3.795350930068));
#2366=CARTESIAN_POINT('Ctrl Pts',(-7.02448235024804,12.7864040559371,3.01812930224458));
#2367=CARTESIAN_POINT('Ctrl Pts',(-7.28070537782479,13.2593974015397,1.34503134947638));
#2368=CARTESIAN_POINT('Ctrl Pts',(-7.38119509830377,13.5085497582824,0.406559351133938));
#2369=CARTESIAN_POINT('Ctrl Pts',(-7.44879895051283,13.75,-0.5));
#2370=CARTESIAN_POINT('Ctrl Pts',(-5.40047447075854,10.5205946366637,7.88986623876908));
#2371=CARTESIAN_POINT('Ctrl Pts',(-5.55869622723619,10.9574342063992,7.46088770845444));
#2372=CARTESIAN_POINT('Ctrl Pts',(-5.72252112516391,11.3371981882352,6.94808276018463));
#2373=CARTESIAN_POINT('Ctrl Pts',(-6.03438882606735,11.9672729736973,5.83377165930119));
#2374=CARTESIAN_POINT('Ctrl Pts',(-6.19024459145645,12.2272707011195,5.19409479714881));
#2375=CARTESIAN_POINT('Ctrl Pts',(-6.47456679678629,12.6903293078988,3.83963937711606));
#2376=CARTESIAN_POINT('Ctrl Pts',(-6.60849374455755,12.9027847483842,3.06460100060005));
#2377=CARTESIAN_POINT('Ctrl Pts',(-6.84160161874225,13.327456210751,1.3842938080426));
#2378=CARTESIAN_POINT('Ctrl Pts',(-6.93421654823278,13.5444581964881,0.433383802371474));
#2379=CARTESIAN_POINT('Ctrl Pts',(-7.,13.75,-0.5));
#2380=CARTESIAN_POINT('Ctrl Pts',(-5.40047447075854,10.5205946366637,7.88986623876908));
#2381=CARTESIAN_POINT('Ctrl Pts',(-5.56282428595398,10.968831497355,7.44969551465483));
#2382=CARTESIAN_POINT('Ctrl Pts',(-5.90047731059205,11.7476830260825,6.38911682955476));
#2383=CARTESIAN_POINT('Ctrl Pts',(-6.36977201485906,12.5244027283733,4.45371021767798));
#2384=CARTESIAN_POINT('Ctrl Pts',(-6.76879691601853,13.1568706998733,2.13180525852617));
#2385=CARTESIAN_POINT('Ctrl Pts',(-6.93421654823278,13.5444581964881,0.433383802371474));
#2386=CARTESIAN_POINT('Ctrl Pts',(-7.,13.75,-0.5));
#2387=CARTESIAN_POINT('Ctrl Pts',(-5.40047447075854,10.5205946366637,7.88986623876908));
#2388=CARTESIAN_POINT('Ctrl Pts',(-5.56282336035165,10.9688289418296,7.44969802419296));
#2389=CARTESIAN_POINT('Ctrl Pts',(-5.90047638974742,11.7476814300063,6.38912015700563));
#2390=CARTESIAN_POINT('Ctrl Pts',(-6.36976947528514,12.5243986098767,4.45372173336507));
#2391=CARTESIAN_POINT('Ctrl Pts',(-6.61189448071934,12.9081750289259,3.04481229432973));
#2392=CARTESIAN_POINT('Ctrl Pts',(-6.84356638966578,13.3320597804008,1.3641208169808));
#2393=CARTESIAN_POINT('Ctrl Pts',(-6.93421654823278,13.5444581964881,0.433383802371474));
#2394=CARTESIAN_POINT('Ctrl Pts',(-7.,13.75,-0.5));
#2395=CARTESIAN_POINT('Ctrl Pts',(-5.35102998900498,10.5545474662272,7.89403512203845));
#2396=CARTESIAN_POINT('Ctrl Pts',(-5.50993869485615,11.0024583737285,7.45375673804849));
#2397=CARTESIAN_POINT('Ctrl Pts',(-5.84092639860559,11.7796747068643,6.39404523274617));
#2398=CARTESIAN_POINT('Ctrl Pts',(-6.30138276775736,12.5507716793517,4.46118489409879));
#2399=CARTESIAN_POINT('Ctrl Pts',(-6.53903419353882,12.9284559285318,3.05295431465226));
#2400=CARTESIAN_POINT('Ctrl Pts',(-6.76669457929547,13.3438506236957,1.37094551912631));
#2401=CARTESIAN_POINT('Ctrl Pts',(-6.85599589499216,13.5507421255331,0.438078045749121));
#2402=CARTESIAN_POINT('Ctrl Pts',(-6.92146077909724,13.75,-0.5));
#2403=CARTESIAN_POINT('Ctrl Pts',(-5.23313586214638,10.6335509995419,7.90373553618627));
#2404=CARTESIAN_POINT('Ctrl Pts',(-5.38478549973764,11.0810886179138,7.46322821978027));
#2405=CARTESIAN_POINT('Ctrl Pts',(-5.69871123897679,11.8538071053017,6.40628452896098));
#2406=CARTESIAN_POINT('Ctrl Pts',(-6.1307878272466,12.610285788006,4.47942756188561));
#2407=CARTESIAN_POINT('Ctrl Pts',(-6.35142798912233,12.9725894127737,3.07185538758664));
#2408=CARTESIAN_POINT('Ctrl Pts',(-6.56269594452439,13.3679667623285,1.38604107334152));
#2409=CARTESIAN_POINT('Ctrl Pts',(-6.64548822714642,13.5628468746706,0.448015727072244));
#2410=CARTESIAN_POINT('Ctrl Pts',(-6.70815644487523,13.75,-0.5));
#2411=CARTESIAN_POINT('Ctrl Pts',(-4.85905050517093,10.8363321915154,7.92863393580211));
#2412=CARTESIAN_POINT('Ctrl Pts',(-4.99114030275128,11.2834614800751,7.48759147081183));
#2413=CARTESIAN_POINT('Ctrl Pts',(-5.25733301541883,12.0441438786693,6.4391998833815));
#2414=CARTESIAN_POINT('Ctrl Pts',(-5.60770339758711,12.7635914549983,4.52971278122869));
#2415=CARTESIAN_POINT('Ctrl Pts',(-5.77858762595088,13.0858483987968,3.12333472832736));
#2416=CARTESIAN_POINT('Ctrl Pts',(-5.94127311416279,13.4295297471935,1.42677236315046));
#2417=CARTESIAN_POINT('Ctrl Pts',(-6.00425550376279,13.5931371180462,0.474465135518862));
#2418=CARTESIAN_POINT('Ctrl Pts',(-6.05713864235432,13.75,-0.500000000000001));
#2419=CARTESIAN_POINT('Ctrl Pts',(-4.23811799474653,11.100267461497,7.96104111203359));
#2420=CARTESIAN_POINT('Ctrl Pts',(-4.34208997068226,11.5472111976322,7.5192597573769));
#2421=CARTESIAN_POINT('Ctrl Pts',(-4.53980767052465,12.292456577521,6.484334087825));
#2422=CARTESIAN_POINT('Ctrl Pts',(-4.77405637548234,12.966252073381,4.60130147332342));
#2423=CARTESIAN_POINT('Ctrl Pts',(-4.87471774537353,13.2367933936854,3.19665135420071));
#2424=CARTESIAN_POINT('Ctrl Pts',(-4.96832470314076,13.512578048032,1.48468372704768));
#2425=CARTESIAN_POINT('Ctrl Pts',(-5.00272791640774,13.634481871696,0.51183212247662));
#2426=CARTESIAN_POINT('Ctrl Pts',(-5.03970820439704,13.75,-0.5));
#2427=CARTESIAN_POINT('Ctrl Pts',(-2.5631181386355,11.469768932721,8.00641018793081));
#2428=CARTESIAN_POINT('Ctrl Pts',(-2.61082968994662,11.9170010344631,7.56330625550312));
#2429=CARTESIAN_POINT('Ctrl Pts',(-2.68878850614353,12.6439875646196,6.5565136876247));
#2430=CARTESIAN_POINT('Ctrl Pts',(-2.75187570336269,13.271759549357,4.72958496529926));
#2431=CARTESIAN_POINT('Ctrl Pts',(-2.76124621948183,13.4758660046004,3.33121885015441));
#2432=CARTESIAN_POINT('Ctrl Pts',(-2.76468320617004,13.6544098369136,1.59299808196726));
#2433=CARTESIAN_POINT('Ctrl Pts',(-2.76148830428962,13.7101720282548,0.582193134950309));
#2434=CARTESIAN_POINT('Ctrl Pts',(-2.76765218264538,13.75,-0.500000000000001));
#2435=CARTESIAN_POINT('Ctrl Pts',(-0.873320440411332,11.5456191851974,8.01572342787549));
#2436=CARTESIAN_POINT('Ctrl Pts',(-0.884283604178689,11.9932422580484,7.57193365058534));
#2437=CARTESIAN_POINT('Ctrl Pts',(-0.904898328176749,12.721151519851,6.58199551490907));
#2438=CARTESIAN_POINT('Ctrl Pts',(-0.929248747275225,13.362222140095,4.78993994401197));
#2439=CARTESIAN_POINT('Ctrl Pts',(-0.938074700840879,13.560760138126,3.39817252181353));
#2440=CARTESIAN_POINT('Ctrl Pts',(-0.942228461565049,13.7166987481257,1.64911372422398));
#2441=CARTESIAN_POINT('Ctrl Pts',(-0.940330290276493,13.7492245793076,0.619314077722573));
#2442=CARTESIAN_POINT('Ctrl Pts',(-0.933319181607536,13.75,-0.5));
#2443=CARTESIAN_POINT('Ctrl Pts',(0.872938869819859,11.545451568398,8.01570284712037));
#2444=CARTESIAN_POINT('Ctrl Pts',(0.883902197760706,11.9930369895572,7.57190228081203));
#2445=CARTESIAN_POINT('Ctrl Pts',(0.904553221728033,12.7210083883351,6.58198595667405));
#2446=CARTESIAN_POINT('Ctrl Pts',(0.929029604999948,13.3621079269867,4.78992440127748));
#2447=CARTESIAN_POINT('Ctrl Pts',(0.937955066381454,13.5607102348739,3.39817706221506));
#2448=CARTESIAN_POINT('Ctrl Pts',(0.942204676256261,13.7166643524268,1.64909962876762));
#2449=CARTESIAN_POINT('Ctrl Pts',(0.940344551281078,13.7492922249096,0.619299867927002));
#2450=CARTESIAN_POINT('Ctrl Pts',(0.933333333333331,13.75,-0.5));
#2451=CARTESIAN_POINT('Ctrl Pts',(2.56311932130192,11.4683570149969,8.00623682623302));
#2452=CARTESIAN_POINT('Ctrl Pts',(2.61083982899688,11.9155836484689,7.56313536592939));
#2453=CARTESIAN_POINT('Ctrl Pts',(2.68881648129312,12.6427033485501,6.5563666639182));
#2454=CARTESIAN_POINT('Ctrl Pts',(2.75192230816735,13.2709203374533,4.72949378041954));
#2455=CARTESIAN_POINT('Ctrl Pts',(2.76129357056467,13.4753853393417,3.33117065769103));
#2456=CARTESIAN_POINT('Ctrl Pts',(2.76472302779303,13.6542697720447,1.5929851446891));
#2457=CARTESIAN_POINT('Ctrl Pts',(2.76151844861902,13.7101794801007,0.5821938009013));
#2458=CARTESIAN_POINT('Ctrl Pts',(2.76766867449056,13.75,-0.500000000000001));
#2459=CARTESIAN_POINT('Ctrl Pts',(4.65723746231215,11.0094899857023,7.94989503952826));
#2460=CARTESIAN_POINT('Ctrl Pts',(4.77530427565741,11.456257939505,7.50841893247381));
#2461=CARTESIAN_POINT('Ctrl Pts',(5.0029828903174,12.2060480334673,6.46650302573574));
#2462=CARTESIAN_POINT('Ctrl Pts',(5.27995151401313,12.8907729853111,4.56935117004056));
#2463=CARTESIAN_POINT('Ctrl Pts',(5.40333368281478,13.1775823694903,3.16311810688291));
#2464=CARTESIAN_POINT('Ctrl Pts',(5.51935750575483,13.4772230672918,1.45759705117126));
#2465=CARTESIAN_POINT('Ctrl Pts',(5.56308806023956,13.6157432006169,0.494205838488968));
#2466=CARTESIAN_POINT('Ctrl Pts',(5.60772657250733,13.75,-0.5));
#2467=CARTESIAN_POINT('Ctrl Pts',(5.26860086556265,10.6111490466959,7.90098492224271));
#2468=CARTESIAN_POINT('Ctrl Pts',(5.42181723646852,11.0585183968043,7.4605329347057));
#2469=CARTESIAN_POINT('Ctrl Pts',(5.7417730560099,11.8330028683867,6.40228067903946));
#2470=CARTESIAN_POINT('Ctrl Pts',(6.18757035795305,12.5947250498592,4.47365652542758));
#2471=CARTESIAN_POINT('Ctrl Pts',(6.41775678281888,12.9622541430583,3.06655008772181));
#2472=CARTESIAN_POINT('Ctrl Pts',(6.63868479304564,13.3634989975301,1.38233447599556));
#2473=CARTESIAN_POINT('Ctrl Pts',(6.72568883675313,13.5612136447862,0.445908269921212));
#2474=CARTESIAN_POINT('Ctrl Pts',(6.79055890192871,13.75,-0.5));
#2475=CARTESIAN_POINT('Ctrl Pts',(5.40045539739804,10.520607733975,7.8898678469167));
#2476=CARTESIAN_POINT('Ctrl Pts',(5.56284884796179,10.9688393029083,7.44971061971027));
#2477=CARTESIAN_POINT('Ctrl Pts',(5.90058429349479,11.7476865896638,6.38914942957376));
#2478=CARTESIAN_POINT('Ctrl Pts',(6.36995036525663,12.5243958690191,4.45375756721899));
#2479=CARTESIAN_POINT('Ctrl Pts',(6.61206565900903,12.9081708831305,3.04484030641347));
#2480=CARTESIAN_POINT('Ctrl Pts',(6.84368786303765,13.3320561774774,1.36413662720133));
#2481=CARTESIAN_POINT('Ctrl Pts',(6.93428547153355,13.5444561748995,0.433390951087226));
#2482=CARTESIAN_POINT('Ctrl Pts',(6.99999999999999,13.75,-0.5));
#2483=CARTESIAN_POINT('Ctrl Pts',(5.40045539739804,10.520607733975,7.8898678469167));
#2484=CARTESIAN_POINT('Ctrl Pts',(5.56284884796179,10.9688393029083,7.44971061971027));
#2485=CARTESIAN_POINT('Ctrl Pts',(5.9005823366563,11.7476821908551,6.38915557308762));
#2486=CARTESIAN_POINT('Ctrl Pts',(6.36994885292799,12.5243939304778,4.45376496586239));
#2487=CARTESIAN_POINT('Ctrl Pts',(6.7689599889912,13.1568620819681,2.1318441946761));
#2488=CARTESIAN_POINT('Ctrl Pts',(6.93428486723056,13.5444542847429,0.433399534439428));
#2489=CARTESIAN_POINT('Ctrl Pts',(7.,13.75,-0.5));
#2490=CARTESIAN_POINT('Ctrl Pts',(5.40045539739804,10.520607733975,7.8898678469167));
#2491=CARTESIAN_POINT('Ctrl Pts',(5.55871960246668,10.9574419332461,7.4609026797427));
#2492=CARTESIAN_POINT('Ctrl Pts',(5.72258367115263,11.3372017400492,6.94810927270955));
#2493=CARTESIAN_POINT('Ctrl Pts',(6.0345134487757,11.9672687288597,5.83381725138198));
#2494=CARTESIAN_POINT('Ctrl Pts',(6.19039317523699,12.2272636539376,5.19414665060099));
#2495=CARTESIAN_POINT('Ctrl Pts',(6.47473808185406,12.6903182595123,3.83969783092088));
#2496=CARTESIAN_POINT('Ctrl Pts',(6.60866079290903,12.9027735940333,3.06465533538742));
#2497=CARTESIAN_POINT('Ctrl Pts',(6.84172235633335,13.3274481821219,1.38432902578822));
#2498=CARTESIAN_POINT('Ctrl Pts',(6.93428486723056,13.5444542847429,0.433399534439427));
#2499=CARTESIAN_POINT('Ctrl Pts',(7.,13.75,-0.5));
#2500=CARTESIAN_POINT('Ctrl Pts',(5.77717977513816,10.2619202302559,7.85810501536149));
#2501=CARTESIAN_POINT('Ctrl Pts',(5.96099730149066,10.7011552536966,7.42996060007258));
#2502=CARTESIAN_POINT('Ctrl Pts',(6.1495536793561,11.0868731704487,6.91406854489555));
#2503=CARTESIAN_POINT('Ctrl Pts',(6.50744910760259,11.7358985745126,5.79071428286832));
#2504=CARTESIAN_POINT('Ctrl Pts',(6.68571431545021,12.0099437779936,5.1446900141445));
#2505=CARTESIAN_POINT('Ctrl Pts',(7.01056387624871,12.5097219540893,3.78065492786076));
#2506=CARTESIAN_POINT('Ctrl Pts',(7.16334551175819,12.7475983224041,3.002700553419));
#2507=CARTESIAN_POINT('Ctrl Pts',(7.42721822473628,13.2367019662499,1.33198346330006));
#2508=CARTESIAN_POINT('Ctrl Pts',(7.53027071175926,13.496575722051,0.397635708600659));
#2509=CARTESIAN_POINT('Ctrl Pts',(7.59839860068377,13.75,-0.5));
#2510=CARTESIAN_POINT('Ctrl Pts',(6.30949627199494,9.69664876747554,7.78869840701305));
#2511=CARTESIAN_POINT('Ctrl Pts',(6.52609885957501,10.1736895149158,7.34803920674377));
#2512=CARTESIAN_POINT('Ctrl Pts',(6.74904879394245,10.5861352617596,6.81435221510979));
#2513=CARTESIAN_POINT('Ctrl Pts',(7.1763469553013,11.2747398486458,5.65584656702679));
#2514=CARTESIAN_POINT('Ctrl Pts',(7.39181816516578,11.5624365781731,4.99135863698969));
#2515=CARTESIAN_POINT('Ctrl Pts',(7.79346349246165,12.0768848445568,3.60259242904536));
#2516=CARTESIAN_POINT('Ctrl Pts',(7.9892248169704,12.313670077329,2.81933851348526));
#2517=CARTESIAN_POINT('Ctrl Pts',(8.34834704525209,12.784222816358,1.18168995500124));
#2518=CARTESIAN_POINT('Ctrl Pts',(8.50698056424994,13.0220411399903,0.29701069234839));
#2519=CARTESIAN_POINT('Ctrl Pts',(8.63457702722507,13.247889297418,-0.5));
#2520=CARTESIAN_POINT('Ctrl Pts',(6.64881030405801,8.89352096370158,7.69008671227776));
#2521=CARTESIAN_POINT('Ctrl Pts',(6.86773156146207,9.34697928170104,7.25907754103861));
#2522=CARTESIAN_POINT('Ctrl Pts',(7.09239992345085,9.73503226700791,6.74190149306813));
#2523=CARTESIAN_POINT('Ctrl Pts',(7.52155859093453,10.37901534076,5.62147020660848));
#2524=CARTESIAN_POINT('Ctrl Pts',(7.73720374346811,10.6458581923965,4.97970137029709));
#2525=CARTESIAN_POINT('Ctrl Pts',(8.13875764401016,11.1219399529462,3.63061808174107));
#2526=CARTESIAN_POINT('Ctrl Pts',(8.33436620376138,11.3398816945577,2.86420921537767));
#2527=CARTESIAN_POINT('Ctrl Pts',(8.69711382862447,11.7728117554552,1.23665748444034));
#2528=CARTESIAN_POINT('Ctrl Pts',(8.86073179202646,11.9911250993386,0.339136012220851));
#2529=CARTESIAN_POINT('Ctrl Pts',(9.,12.1987989505128,-0.500000000000001));
#2530=CARTESIAN_POINT('Ctrl Pts',(6.76507496638788,8.50219308320283,7.64203769030165));
#2531=CARTESIAN_POINT('Ctrl Pts',(6.97807393663604,8.91771170706849,7.22565186208808));
#2532=CARTESIAN_POINT('Ctrl Pts',(7.19743200812456,9.27725094675448,6.72954985844804));
#2533=CARTESIAN_POINT('Ctrl Pts',(7.61591160215084,9.88098273786666,5.65358625440772));
#2534=CARTESIAN_POINT('Ctrl Pts',(7.82584467212413,10.136006508522,5.03653407324844));
#2535=CARTESIAN_POINT('Ctrl Pts',(8.21373680184131,10.6029174143601,3.72701786029664));
#2536=CARTESIAN_POINT('Ctrl Pts',(8.40048718134482,10.8254495769204,2.97495819223646));
#2537=CARTESIAN_POINT('Ctrl Pts',(8.73856849487135,11.2808109387592,1.34036639379744));
#2538=CARTESIAN_POINT('Ctrl Pts',(8.88441117467823,11.520246542087,0.412243709741382));
#2539=CARTESIAN_POINT('Ctrl Pts',(9.,11.75,-0.500000000000001));
#2540=CARTESIAN_POINT('Ctrl Pts',(6.76507496638788,8.50219308320284,7.64203769030165));
#2541=CARTESIAN_POINT('Ctrl Pts',(6.97807393663604,8.9177117070685,7.22565186208807));
#2542=CARTESIAN_POINT('Ctrl Pts',(7.42210905267968,9.64550825876531,6.22141842193716));
#2543=CARTESIAN_POINT('Ctrl Pts',(8.05126503107404,10.4099469964918,4.37802160439969));
#2544=CARTESIAN_POINT('Ctrl Pts',(8.61681504050475,11.0816601262858,2.11193456738274));
#2545=CARTESIAN_POINT('Ctrl Pts',(8.8819045534999,11.5152641843046,0.432026326238059));
#2546=CARTESIAN_POINT('Ctrl Pts',(9.,11.75,-0.5));
#2547=CARTESIAN_POINT('Ctrl Pts',(6.76507496638788,8.50219308320283,7.64203769030165));
#2548=CARTESIAN_POINT('Ctrl Pts',(6.95930117727995,8.88108978760702,7.262350212992));
#2549=CARTESIAN_POINT('Ctrl Pts',(7.17301267187622,9.23722638997029,6.78477682847996));
#2550=CARTESIAN_POINT('Ctrl Pts',(7.38508482267539,9.54806437312607,6.2472137339251));
#2551=CARTESIAN_POINT('Ctrl Pts',(7.51717305194176,9.73810459219742,5.90677756309543));
#2552=CARTESIAN_POINT('Ctrl Pts',(7.70152739815135,9.98224377124052,5.39690698575114));
#2553=CARTESIAN_POINT('Ctrl Pts',(7.8875728458268,10.2101363801972,4.82131209652895));
#2554=CARTESIAN_POINT('Ctrl Pts',(7.97713940594119,10.3181145768259,4.52547373118068));
#2555=CARTESIAN_POINT('Ctrl Pts',(8.11869480546525,10.4885442841847,4.04906814229564));
#2556=CARTESIAN_POINT('Ctrl Pts',(8.29565800307264,10.7002136344031,3.39260078091891));
#2557=CARTESIAN_POINT('Ctrl Pts',(8.46301612313481,10.9112220997049,2.66456150792123));
#2558=CARTESIAN_POINT('Ctrl Pts',(8.55015399997238,11.0267095172011,2.25302951090567));
#2559=CARTESIAN_POINT('Ctrl Pts',(8.66632334095243,11.1852892319078,1.6803786907935));
#2560=CARTESIAN_POINT('Ctrl Pts',(8.79234964888479,11.375639580509,0.965246670023683));
#2561=CARTESIAN_POINT('Ctrl Pts',(8.91735871349038,11.5909616975456,0.129129575456359));
#2562=CARTESIAN_POINT('Ctrl Pts',(8.97341094779566,11.6971495045514,-0.290155358410507));
#2563=CARTESIAN_POINT('Ctrl Pts',(9.,11.75,-0.500000000000001));
#2564=CARTESIAN_POINT('Ctrl Pts',(6.79145374942066,8.41340640419399,7.63113605690553));
#2565=CARTESIAN_POINT('Ctrl Pts',(6.98445470437338,8.78445380403886,7.25447398809491));
#2566=CARTESIAN_POINT('Ctrl Pts',(7.19697706797343,9.13408256012774,6.78144214600918));
#2567=CARTESIAN_POINT('Ctrl Pts',(7.4078287531336,9.4401016947343,6.24893435977901));
#2568=CARTESIAN_POINT('Ctrl Pts',(7.53915142474502,9.62727970222049,5.91168881943655));
#2569=CARTESIAN_POINT('Ctrl Pts',(7.72239902060274,9.86827261292174,5.40650674838296));
#2570=CARTESIAN_POINT('Ctrl Pts',(7.90716250415151,10.0942430909256,4.83557941968227));
#2571=CARTESIAN_POINT('Ctrl Pts',(7.99604054213853,10.2016299303861,4.54186736436585));
#2572=CARTESIAN_POINT('Ctrl Pts',(8.13647093878967,10.371275149068,4.06874998755359));
#2573=CARTESIAN_POINT('Ctrl Pts',(8.31177213951351,10.5829932957523,3.41588205822702));
#2574=CARTESIAN_POINT('Ctrl Pts',(8.47692505739551,10.7955408509712,2.68917194931931));
#2575=CARTESIAN_POINT('Ctrl Pts',(8.56269055259938,10.9122253760697,2.2774962852849));
#2576=CARTESIAN_POINT('Ctrl Pts',(8.67685814332955,11.0726826978623,1.70399536834985));
#2577=CARTESIAN_POINT('Ctrl Pts',(8.79999966788178,11.2661335249901,0.98509116951516));
#2578=CARTESIAN_POINT('Ctrl Pts',(8.92091542925478,11.4857123518105,0.13954000428143));
#2579=CARTESIAN_POINT('Ctrl Pts',(8.97464679392959,11.5941711121546,-0.286339808542902));
#2580=CARTESIAN_POINT('Ctrl Pts',(9.,11.6481739601382,-0.500000000000001));
#2581=CARTESIAN_POINT('Ctrl Pts',(6.91323409078229,8.00239028542127,7.580669623238));
#2582=CARTESIAN_POINT('Ctrl Pts',(7.10300567726041,8.34004813857024,7.21748908869711));
#2583=CARTESIAN_POINT('Ctrl Pts',(7.30961253428731,8.65527047941711,6.76288587362457));
#2584=CARTESIAN_POINT('Ctrl Pts',(7.51305566226467,8.92890785562058,6.2499709796301));
#2585=CARTESIAN_POINT('Ctrl Pts',(7.63963667739716,9.09606611651292,5.92502206780232));
#2586=CARTESIAN_POINT('Ctrl Pts',(7.81549766612677,9.3099978909551,5.43752341325004));
#2587=CARTESIAN_POINT('Ctrl Pts',(7.99170166487772,9.50942521265243,4.88388846796957));
#2588=CARTESIAN_POINT('Ctrl Pts',(8.07616057109545,9.60410778999574,4.59798408779782));
#2589=CARTESIAN_POINT('Ctrl Pts',(8.20947197127449,9.7536853190223,4.13690954130394));
#2590=CARTESIAN_POINT('Ctrl Pts',(8.3749469149618,9.9403980900164,3.49701801188613));
#2591=CARTESIAN_POINT('Ctrl Pts',(8.52906792244693,10.1302064478753,2.7751615718));
#2592=CARTESIAN_POINT('Ctrl Pts',(8.60851868071069,10.2354715129314,2.3630227657129));
#2593=CARTESIAN_POINT('Ctrl Pts',(8.71383692862193,10.3810437615838,1.78654764851042));
#2594=CARTESIAN_POINT('Ctrl Pts',(8.82560161010106,10.5600738597306,1.05426243671577));
#2595=CARTESIAN_POINT('Ctrl Pts',(8.93226014196314,10.7703614845452,0.175572077722488));
#2596=CARTESIAN_POINT('Ctrl Pts',(8.97848848360936,10.8769316269071,-0.273216292061411));
#2597=CARTESIAN_POINT('Ctrl Pts',(9.,10.9307419196883,-0.500000000000001));
#2598=CARTESIAN_POINT('Ctrl Pts',(7.12261955780101,6.68076984936964,7.41839503831709));
#2599=CARTESIAN_POINT('Ctrl Pts',(7.30640565624854,6.93599402293929,7.08887042686873));
#2600=CARTESIAN_POINT('Ctrl Pts',(7.50148988214284,7.1658004851543,6.67934493814921));
#2601=CARTESIAN_POINT('Ctrl Pts',(7.69126004799014,7.35862173070996,6.21408406419161));
#2602=CARTESIAN_POINT('Ctrl Pts',(7.80915360681589,7.47577745153068,5.91902501592839));
#2603=CARTESIAN_POINT('Ctrl Pts',(7.97187894817023,7.62184287553985,5.47443681978236));
#2604=CARTESIAN_POINT('Ctrl Pts',(8.13363950655049,7.75352619573033,4.96307068637589));
#2605=CARTESIAN_POINT('Ctrl Pts',(8.21086781725145,7.81528110513995,4.69641423023337));
#2606=CARTESIAN_POINT('Ctrl Pts',(8.33263387469666,7.91258777264495,4.26512156180791));
#2607=CARTESIAN_POINT('Ctrl Pts',(8.48286094334977,8.0323848484889,3.6579968583812));
#2608=CARTESIAN_POINT('Ctrl Pts',(8.62009809491423,8.15772881359996,2.95107694200119));
#2609=CARTESIAN_POINT('Ctrl Pts',(8.68974737595949,8.22938378266783,2.54014318560776));
#2610=CARTESIAN_POINT('Ctrl Pts',(8.78119954384274,8.33017538880791,1.96008013027944));
#2611=CARTESIAN_POINT('Ctrl Pts',(8.87435424021539,8.46175168993905,1.20148361405866));
#2612=CARTESIAN_POINT('Ctrl Pts',(8.95491449408654,8.63328252578029,0.252763284182568));
#2613=CARTESIAN_POINT('Ctrl Pts',(8.98634929897733,8.7266948322316,-0.245075366034353));
#2614=CARTESIAN_POINT('Ctrl Pts',(9.,8.77565594148806,-0.500000000000001));
#2615=CARTESIAN_POINT('Ctrl Pts',(7.26107114002891,3.95592647785517,7.0838263414165));
#2616=CARTESIAN_POINT('Ctrl Pts',(7.43694818663609,4.08573787020018,6.80527641617269));
#2617=CARTESIAN_POINT('Ctrl Pts',(7.62129653186738,4.19768984185469,6.46504134058016));
#2618=CARTESIAN_POINT('Ctrl Pts',(7.80154793145362,4.28884401052917,6.07423022228167));
#2619=CARTESIAN_POINT('Ctrl Pts',(7.91364162406287,4.34397198675409,5.82597131116212));
#2620=CARTESIAN_POINT('Ctrl Pts',(8.06910005102183,4.41114464232021,5.44921960072635));
#2621=CARTESIAN_POINT('Ctrl Pts',(8.22501494702981,4.47040952372559,5.00612528103771));
#2622=CARTESIAN_POINT('Ctrl Pts',(8.299833247577,4.49819878570742,4.77111295827603));
#2623=CARTESIAN_POINT('Ctrl Pts',(8.41797341412378,4.54205075307682,4.38907822847542));
#2624=CARTESIAN_POINT('Ctrl Pts',(8.56489607056683,4.59654499010638,3.83824163852507));
#2625=CARTESIAN_POINT('Ctrl Pts',(8.69743210407393,4.6602227345581,3.16311305717765));
#2626=CARTESIAN_POINT('Ctrl Pts',(8.7633660189521,4.69939245392936,2.75968085847448));
#2627=CARTESIAN_POINT('Ctrl Pts',(8.84877307638816,4.75651724471317,2.1824251669117));
#2628=CARTESIAN_POINT('Ctrl Pts',(8.92995564039763,4.83982939373549,1.39562372377978));
#2629=CARTESIAN_POINT('Ctrl Pts',(8.98388223499569,4.96561358596876,0.356534659631844));
#2630=CARTESIAN_POINT('Ctrl Pts',(8.99694581208261,5.03983639633487,-0.206975394837203));
#2631=CARTESIAN_POINT('Ctrl Pts',(9.,5.08016003339221,-0.500000000000001));
#2632=CARTESIAN_POINT('Ctrl Pts',(7.24751474794766,1.15199820061306,6.73954723909209));
#2633=CARTESIAN_POINT('Ctrl Pts',(7.4193332561036,1.20139632732534,6.4928031706525));
#2634=CARTESIAN_POINT('Ctrl Pts',(7.60084824591285,1.25340715220553,6.19741668200556));
#2635=CARTESIAN_POINT('Ctrl Pts',(7.78123577793663,1.30685875908799,5.8567084736844));
#2636=CARTESIAN_POINT('Ctrl Pts',(7.89368492721824,1.34035093869002,5.64010743934552));
#2637=CARTESIAN_POINT('Ctrl Pts',(8.05130951207396,1.38841300389196,5.31024758841751));
#2638=CARTESIAN_POINT('Ctrl Pts',(8.21194072465545,1.44139112060322,4.91647292350225));
#2639=CARTESIAN_POINT('Ctrl Pts',(8.28968600575684,1.46878238993374,4.70512332047299));
#2640=CARTESIAN_POINT('Ctrl Pts',(8.41274402411646,1.51304135371118,4.36034329101495));
#2641=CARTESIAN_POINT('Ctrl Pts',(8.56779423281145,1.57508141736019,3.85503342906303));
#2642=CARTESIAN_POINT('Ctrl Pts',(8.70834822942654,1.65045573898581,3.21379989516411));
#2643=CARTESIAN_POINT('Ctrl Pts',(8.77792541457377,1.69574460007921,2.82370916995112));
#2644=CARTESIAN_POINT('Ctrl Pts',(8.86767309931891,1.76078460828668,2.26075559615029));
#2645=CARTESIAN_POINT('Ctrl Pts',(8.9506760580238,1.85071231740216,1.47398780499271));
#2646=CARTESIAN_POINT('Ctrl Pts',(8.99680849405508,1.97347463108117,0.401996653090316));
#2647=CARTESIAN_POINT('Ctrl Pts',(9.00200548402203,2.04153782287762,-0.189781736284165));
#2648=CARTESIAN_POINT('Ctrl Pts',(9.,2.07733711999346,-0.5));
#2649=CARTESIAN_POINT('Ctrl Pts',(7.24508860795052,-1.78758634987152,6.37861164082388));
#2650=CARTESIAN_POINT('Ctrl Pts',(7.41633197541683,-1.77914506448989,6.14531291751526));
#2651=CARTESIAN_POINT('Ctrl Pts',(7.5968912531436,-1.76184538913634,5.86825245307007));
#2652=CARTESIAN_POINT('Ctrl Pts',(7.77621161803135,-1.73514230277827,5.54969873431275));
#2653=CARTESIAN_POINT('Ctrl Pts',(7.8879875616679,-1.71766008066209,5.34724861343471));
#2654=CARTESIAN_POINT('Ctrl Pts',(8.04462681048742,-1.68798669938866,5.03930825075847));
#2655=CARTESIAN_POINT('Ctrl Pts',(8.20432172193103,-1.64787810180781,4.67131911765841));
#2656=CARTESIAN_POINT('Ctrl Pts',(8.28166338761789,-1.62520529196158,4.47347655090887));
#2657=CARTESIAN_POINT('Ctrl Pts',(8.40411020646183,-1.587746426383,4.15055533183098));
#2658=CARTESIAN_POINT('Ctrl Pts',(8.55858388332459,-1.52970406564472,3.67608414058148));
#2659=CARTESIAN_POINT('Ctrl Pts',(8.69925391541782,-1.45189038574065,3.06941865225679));
#2660=CARTESIAN_POINT('Ctrl Pts',(8.76915021688227,-1.40374909617526,2.69882508552521));
#2661=CARTESIAN_POINT('Ctrl Pts',(8.85952607540437,-1.33379500351823,2.16294595512097));
#2662=CARTESIAN_POINT('Ctrl Pts',(8.94408041185396,-1.23440655280681,1.40960631038828));
#2663=CARTESIAN_POINT('Ctrl Pts',(8.99344397160534,-1.09813679626608,0.375089554287878));
#2664=CARTESIAN_POINT('Ctrl Pts',(9.00078661266783,-1.02286601663047,-0.198608424857028));
#2665=CARTESIAN_POINT('Ctrl Pts',(9.,-0.983445275382767,-0.5));
#2666=CARTESIAN_POINT('Ctrl Pts',(7.27856722850063,-5.31507572542088,5.94549040675739));
#2667=CARTESIAN_POINT('Ctrl Pts',(7.45523631248597,-5.37835381999099,5.70075644011081));
#2668=CARTESIAN_POINT('Ctrl Pts',(7.63513321495999,-5.4144273802837,5.41655688528));
#2669=CARTESIAN_POINT('Ctrl Pts',(7.80886884679092,-5.42391618834982,5.09647831540119));
#2670=CARTESIAN_POINT('Ctrl Pts',(7.91674527326462,-5.42757937078733,4.89355998979822));
#2671=CARTESIAN_POINT('Ctrl Pts',(8.06538196577385,-5.41900582176492,4.58792101796356));
#2672=CARTESIAN_POINT('Ctrl Pts',(8.21375845027144,-5.38996110367932,4.2282801255954));
#2673=CARTESIAN_POINT('Ctrl Pts',(8.28496232472592,-5.37045640790986,4.03660924752523));
#2674=CARTESIAN_POINT('Ctrl Pts',(8.39744527587219,-5.33715570954097,3.72452052281022));
#2675=CARTESIAN_POINT('Ctrl Pts',(8.53769768259751,-5.27858387957316,3.27106487067944));
#2676=CARTESIAN_POINT('Ctrl Pts',(8.66664606754045,-5.20037875733197,2.70410097908748));
#2677=CARTESIAN_POINT('Ctrl Pts',(8.73190370814637,-5.15390009740601,2.36164126581519));
#2678=CARTESIAN_POINT('Ctrl Pts',(8.81737894755466,-5.08792167211445,1.86906499728717));
#2679=CARTESIAN_POINT('Ctrl Pts',(8.90283765079227,-5.00185460125131,1.18717656400295));
#2680=CARTESIAN_POINT('Ctrl Pts',(8.9694095143002,-4.90520232114196,0.268221502476603));
#2681=CARTESIAN_POINT('Ctrl Pts',(8.9916126220104,-4.8597465739949,-0.236181738154246));
#2682=CARTESIAN_POINT('Ctrl Pts',(9.,-4.83821040046419,-0.500000000000001));
#2683=CARTESIAN_POINT('Ctrl Pts',(7.04497478590615,-7.92846494015846,5.62460655955745));
#2684=CARTESIAN_POINT('Ctrl Pts',(7.23195920344442,-8.07947572861067,5.34896006728535));
#2685=CARTESIAN_POINT('Ctrl Pts',(7.42251418819768,-8.21780419526263,5.03176885664297));
#2686=CARTESIAN_POINT('Ctrl Pts',(7.60673899534174,-8.33759786087466,4.68151833608579));
#2687=CARTESIAN_POINT('Ctrl Pts',(7.72113909562658,-8.41075645958648,4.46003606794594));
#2688=CARTESIAN_POINT('Ctrl Pts',(7.87880838323597,-8.50404042407639,4.12993297305752));
#2689=CARTESIAN_POINT('Ctrl Pts',(8.03650908045717,-8.58586091734006,3.75075550560752));
#2690=CARTESIAN_POINT('Ctrl Pts',(8.1123985989678,-8.62213013963769,3.55200978766325));
#2691=CARTESIAN_POINT('Ctrl Pts',(8.23242415735221,-8.6781341157888,3.22997809532847));
#2692=CARTESIAN_POINT('Ctrl Pts',(8.3830802235738,-8.73915164922386,2.77273479477775));
#2693=CARTESIAN_POINT('Ctrl Pts',(8.52728508263501,-8.78713983979682,2.23115357258933));
#2694=CARTESIAN_POINT('Ctrl Pts',(8.60291586074647,-8.81022699505627,1.91354177427256));
#2695=CARTESIAN_POINT('Ctrl Pts',(8.7041967669084,-8.83985817669919,1.46324074295162));
#2696=CARTESIAN_POINT('Ctrl Pts',(8.81558625180838,-8.86856609512548,0.866556863406546));
#2697=CARTESIAN_POINT('Ctrl Pts',(8.92657694391382,-8.89952830685695,0.108396509652));
#2698=CARTESIAN_POINT('Ctrl Pts',(8.97637297875923,-8.91578261415751,-0.293327788309885));
#2699=CARTESIAN_POINT('Ctrl Pts',(9.,-8.9245120731212,-0.500000000000001));
#2700=CARTESIAN_POINT('Ctrl Pts',(6.7747428363791,-9.06838851267642,5.48464154424296));
#2701=CARTESIAN_POINT('Ctrl Pts',(6.96872922311276,-9.26709410923385,5.18755112332385));
#2702=CARTESIAN_POINT('Ctrl Pts',(7.17066440062897,-9.46770907755149,4.84599297288093));
#2703=CARTESIAN_POINT('Ctrl Pts',(7.36948125648371,-9.65928995880325,4.47231206354133));
#2704=CARTESIAN_POINT('Ctrl Pts',(7.49325183562778,-9.77803168992879,4.23631038408761));
#2705=CARTESIAN_POINT('Ctrl Pts',(7.66570448744609,-9.94024166076146,3.88644521553867));
#2706=CARTESIAN_POINT('Ctrl Pts',(7.84089713857483,-10.0995379666366,3.4901273564963));
#2707=CARTESIAN_POINT('Ctrl Pts',(7.92593989381259,-10.1752497392483,3.28450022708866));
#2708=CARTESIAN_POINT('Ctrl Pts',(8.06078161825839,-10.2945782718285,2.95233005839783));
#2709=CARTESIAN_POINT('Ctrl Pts',(8.23236763613156,-10.4415177485562,2.48756502601637));
#2710=CARTESIAN_POINT('Ctrl Pts',(8.40111944034872,-10.5794767126674,1.95658107340829));
#2711=CARTESIAN_POINT('Ctrl Pts',(8.49113274572575,-10.6515133453421,1.65160407722248));
#2712=CARTESIAN_POINT('Ctrl Pts',(8.61281774663911,-10.7478712808472,1.22374687388937));
#2713=CARTESIAN_POINT('Ctrl Pts',(8.7514049920853,-10.8540507853199,0.675517547810027));
#2714=CARTESIAN_POINT('Ctrl Pts',(8.89777959772738,-10.9642284622863,0.012390433838374));
#2715=CARTESIAN_POINT('Ctrl Pts',(8.96656993916637,-11.0158746562769,-0.327789103833325));
#2716=CARTESIAN_POINT('Ctrl Pts',(9.,-11.0410823600509,-0.5));
#2717=CARTESIAN_POINT('Ctrl Pts',(6.66236527446978,-9.37291217768026,5.44725073975092));
#2718=CARTESIAN_POINT('Ctrl Pts',(6.85926495988752,-9.58610383883947,5.14126449851381));
#2719=CARTESIAN_POINT('Ctrl Pts',(7.06583854305878,-9.80581951324518,4.78936452720672));
#2720=CARTESIAN_POINT('Ctrl Pts',(7.27064788876885,-10.0194920535292,4.40566016648756));
#2721=CARTESIAN_POINT('Ctrl Pts',(7.39827128866275,-10.1522668468932,4.16344222129672));
#2722=CARTESIAN_POINT('Ctrl Pts',(7.57683544693253,-10.3357273789386,3.80509298821545));
#2723=CARTESIAN_POINT('Ctrl Pts',(7.75936599139611,-10.5189263313218,3.40134585765444));
#2724=CARTESIAN_POINT('Ctrl Pts',(7.84828360357679,-10.6068034156805,3.19268535672816));
#2725=CARTESIAN_POINT('Ctrl Pts',(7.98941178644741,-10.7456596817962,2.85601064329025));
#2726=CARTESIAN_POINT('Ctrl Pts',(8.1699738929438,-10.9190699167122,2.38763650398681));
#2727=CARTESIAN_POINT('Ctrl Pts',(8.34925970080713,-11.0845635174532,1.8598249563065));
#2728=CARTESIAN_POINT('Ctrl Pts',(8.44540973318133,-11.1715030057257,1.55908834569159));
#2729=CARTESIAN_POINT('Ctrl Pts',(8.57576815025418,-11.2881149926523,1.13891305989884));
#2730=CARTESIAN_POINT('Ctrl Pts',(8.72574549425215,-11.4175371191481,0.607715551621767));
#2731=CARTESIAN_POINT('Ctrl Pts',(8.88643587237488,-11.5508608325484,-0.0217481769103153));
#2732=CARTESIAN_POINT('Ctrl Pts',(8.96273650235519,-11.6125765928591,-0.340059661940913));
#2733=CARTESIAN_POINT('Ctrl Pts',(9.,-11.6423865296225,-0.500000000000001));
#2734=CARTESIAN_POINT('Ctrl Pts',(6.63039545108338,-9.45612803321746,5.43703311746863));
#2735=CARTESIAN_POINT('Ctrl Pts',(6.82869859806212,-9.67253018894554,5.12697103283617));
#2736=CARTESIAN_POINT('Ctrl Pts',(7.03656302232826,-9.8952282694298,4.77032180603468));
#2737=CARTESIAN_POINT('Ctrl Pts',(7.24267438009513,-10.1115249361329,4.38213234239091));
#2738=CARTESIAN_POINT('Ctrl Pts',(7.37111312357807,-10.2459067347817,4.13714539888236));
#2739=CARTESIAN_POINT('Ctrl Pts',(7.55084947252734,-10.4314451890828,3.77510100761092));
#2740=CARTESIAN_POINT('Ctrl Pts',(7.73476406372303,-10.6165418890644,3.36827862008235));
#2741=CARTESIAN_POINT('Ctrl Pts',(7.82443953904409,-10.7052906653694,3.15841358001172));
#2742=CARTESIAN_POINT('Ctrl Pts',(7.96681323347295,-10.8455076958183,2.81997687001116));
#2743=CARTESIAN_POINT('Ctrl Pts',(8.14926420305217,-11.0205040431683,2.35038603110205));
#2744=CARTESIAN_POINT('Ctrl Pts',(8.3311961772388,-11.18740694836,1.82408293245876));
#2745=CARTESIAN_POINT('Ctrl Pts',(8.42903303410991,-11.2750724684732,1.52509996718136));
#2746=CARTESIAN_POINT('Ctrl Pts',(8.56187833553611,-11.3926505024265,1.10801048247178));
#2747=CARTESIAN_POINT('Ctrl Pts',(8.71554536886896,-11.5231279201462,0.583312126067927));
#2748=CARTESIAN_POINT('Ctrl Pts',(8.88164325241845,-11.6576063507491,-0.033926387808513));
#2749=CARTESIAN_POINT('Ctrl Pts',(8.9610627575129,-11.7198974339449,-0.344425975171559));
#2750=CARTESIAN_POINT('Ctrl Pts',(9.,-11.75,-0.500000000000001));
#2751=CARTESIAN_POINT('Ctrl Pts',(6.63039545108339,-9.45612803321746,5.43703311746863));
#2752=CARTESIAN_POINT('Ctrl Pts',(6.82869859806212,-9.67253018894554,5.12697103283617));
#2753=CARTESIAN_POINT('Ctrl Pts',(7.23381280506026,-10.1065542245346,4.43188494871057));
#2754=CARTESIAN_POINT('Ctrl Pts',(7.83483496248036,-10.723362014032,3.19364185398215));
#2755=CARTESIAN_POINT('Ctrl Pts',(8.45564705297441,-11.3112593655002,1.53800581020068));
#2756=CARTESIAN_POINT('Ctrl Pts',(8.81403389628242,-11.6062287269565,0.243028868739033));
#2757=CARTESIAN_POINT('Ctrl Pts',(8.99999999999999,-11.75,-0.5));
#2758=CARTESIAN_POINT('Ctrl Pts',(6.63039545108338,-9.45612803321746,5.43703311746863));
#2759=CARTESIAN_POINT('Ctrl Pts',(6.82869859806212,-9.67253018894554,5.12697103283617));
#2760=CARTESIAN_POINT('Ctrl Pts',(7.02078185162966,-9.87832092015741,4.79739879310234));
#2761=CARTESIAN_POINT('Ctrl Pts',(7.40659044747179,-10.2838698099498,4.07592349205165));
#2762=CARTESIAN_POINT('Ctrl Pts',(7.60382398550087,-10.486214126459,3.66904557704237));
#2763=CARTESIAN_POINT('Ctrl Pts',(8.00005806039515,-10.8798251743873,2.75301042885112));
#2764=CARTESIAN_POINT('Ctrl Pts',(8.20034866817367,-11.0693724606347,2.21790982129977));
#2765=CARTESIAN_POINT('Ctrl Pts',(8.61241668887945,-11.440288207552,0.97154231576965));
#2766=CARTESIAN_POINT('Ctrl Pts',(8.81583368902958,-11.6076201552291,0.235837784223313));
#2767=CARTESIAN_POINT('Ctrl Pts',(8.99999999999999,-11.75,-0.5));
#2768=CARTESIAN_POINT('Ctrl Pts',(6.45262311913081,-9.91886054554566,5.38021670912691));
#2769=CARTESIAN_POINT('Ctrl Pts',(6.65873039538131,-10.1531150709705,5.04749037088544));
#2770=CARTESIAN_POINT('Ctrl Pts',(6.85744658869141,-10.3742307867098,4.69351425553821));
#2771=CARTESIAN_POINT('Ctrl Pts',(7.25678905408836,-10.8073696779058,3.92516919064841));
#2772=CARTESIAN_POINT('Ctrl Pts',(7.46109591237561,-11.0217934485126,3.49575934053791));
#2773=CARTESIAN_POINT('Ctrl Pts',(7.87549861791369,-11.4371138250653,2.54852318331405));
#2774=CARTESIAN_POINT('Ctrl Pts',(8.08791432978828,-11.6357803045173,2.0081022440786));
#2775=CARTESIAN_POINT('Ctrl Pts',(8.53830341633615,-12.0238428569469,0.798573147136714));
#2776=CARTESIAN_POINT('Ctrl Pts',(8.77181286366219,-12.1983223719552,0.121000260982549));
#2777=CARTESIAN_POINT('Ctrl Pts',(8.99999999999999,-12.3483986006838,-0.5));
#2778=CARTESIAN_POINT('Ctrl Pts',(6.04906979231611,-10.5936895090898,5.29735813115358));
#2779=CARTESIAN_POINT('Ctrl Pts',(6.24943420629362,-10.8509424515956,4.96520412881449));
#2780=CARTESIAN_POINT('Ctrl Pts',(6.44360232977225,-11.0948725753677,4.6106558194471));
#2781=CARTESIAN_POINT('Ctrl Pts',(6.8344135459315,-11.575598820869,3.84089377897337));
#2782=CARTESIAN_POINT('Ctrl Pts',(7.03474727399937,-11.8155094821892,3.41063168857642));
#2783=CARTESIAN_POINT('Ctrl Pts',(7.44009199877946,-12.2859481179172,2.46512457996828));
#2784=CARTESIAN_POINT('Ctrl Pts',(7.64705462698006,-12.5152556642497,1.92808128392642));
#2785=CARTESIAN_POINT('Ctrl Pts',(8.07854952059125,-12.9740365392693,0.738935033940288));
#2786=CARTESIAN_POINT('Ctrl Pts',(8.29624905784068,-13.189743526992,0.0826869998554331));
#2787=CARTESIAN_POINT('Ctrl Pts',(8.49792434554224,-13.3846190800314,-0.5));
#2788=CARTESIAN_POINT('Ctrl Pts',(5.4492505780949,-11.0623347019828,5.23981573692496));
#2789=CARTESIAN_POINT('Ctrl Pts',(5.61962259518621,-11.3093000773623,4.93223635495811));
#2790=CARTESIAN_POINT('Ctrl Pts',(5.78430752730312,-11.5440261301545,4.60464605321741));
#2791=CARTESIAN_POINT('Ctrl Pts',(6.11421389516997,-12.0073937844778,3.88877690191429));
#2792=CARTESIAN_POINT('Ctrl Pts',(6.28233734692812,-12.2391634970585,3.48586737469139));
#2793=CARTESIAN_POINT('Ctrl Pts',(6.61897976137158,-12.6936322062717,2.58500909866803));
#2794=CARTESIAN_POINT('Ctrl Pts',(6.78824029431962,-12.9150695498517,2.06280150666837));
#2795=CARTESIAN_POINT('Ctrl Pts',(7.13315010420143,-13.3569240988299,0.864541651516518));
#2796=CARTESIAN_POINT('Ctrl Pts',(7.30057168727746,-13.5636098511954,0.170650752541295));
#2797=CARTESIAN_POINT('Ctrl Pts',(7.44879895051282,-13.75,-0.5));
#2798=CARTESIAN_POINT('Ctrl Pts',(5.1535778798608,-11.2312256442154,5.21907853674245));
#2799=CARTESIAN_POINT('Ctrl Pts',(5.30797832635228,-11.4650702031079,4.92004669911834));
#2800=CARTESIAN_POINT('Ctrl Pts',(5.45779904711169,-11.6884583286258,4.60270912723541));
#2801=CARTESIAN_POINT('Ctrl Pts',(5.75905646134267,-12.1303425975412,3.90831022771452));
#2802=CARTESIAN_POINT('Ctrl Pts',(5.91330078536118,-12.3519365638573,3.5169095773854));
#2803=CARTESIAN_POINT('Ctrl Pts',(6.2232316815866,-12.78490136006,2.63545180079706));
#2804=CARTESIAN_POINT('Ctrl Pts',(6.37984834873648,-12.994660656916,2.12025707073892));
#2805=CARTESIAN_POINT('Ctrl Pts',(6.7009142768101,-13.405888294206,0.919296452437023));
#2806=CARTESIAN_POINT('Ctrl Pts',(6.85837455455506,-13.5919266123144,0.209727696322593));
#2807=CARTESIAN_POINT('Ctrl Pts',(7.,-13.75,-0.5));
#2808=UNCERTAINTY_MEASURE_WITH_UNIT(LENGTH_MEASURE(0.01),#2812,
'DISTANCE_ACCURACY_VALUE',
'Maximum model space distance between geometric entities at asserted c
onnectivities');
#2809=UNCERTAINTY_MEASURE_WITH_UNIT(LENGTH_MEASURE(0.01),#2812,
'DISTANCE_ACCURACY_VALUE',
'Maximum model space distance between geometric entities at asserted c
onnectivities');
#2810=(
GEOMETRIC_REPRESENTATION_CONTEXT(3)
GLOBAL_UNCERTAINTY_ASSIGNED_CONTEXT((#2808))
GLOBAL_UNIT_ASSIGNED_CONTEXT((#2812,#2814,#2815))
REPRESENTATION_CONTEXT('','3D')
);
#2811=(
GEOMETRIC_REPRESENTATION_CONTEXT(3)
GLOBAL_UNCERTAINTY_ASSIGNED_CONTEXT((#2809))
GLOBAL_UNIT_ASSIGNED_CONTEXT((#2812,#2814,#2815))
REPRESENTATION_CONTEXT('','3D')
);
#2812=(
LENGTH_UNIT()
NAMED_UNIT(*)
SI_UNIT(.MILLI.,.METRE.)
);
#2813=(
LENGTH_UNIT()
NAMED_UNIT(*)
SI_UNIT($,.METRE.)
);
#2814=(
NAMED_UNIT(*)
PLANE_ANGLE_UNIT()
SI_UNIT($,.RADIAN.)
);
#2815=(
NAMED_UNIT(*)
SI_UNIT($,.STERADIAN.)
SOLID_ANGLE_UNIT()
);
#2816=SHAPE_DEFINITION_REPRESENTATION(#2817,#2818);
#2817=PRODUCT_DEFINITION_SHAPE('',$,#2820);
#2818=SHAPE_REPRESENTATION('',(#257),#2810);
#2819=PRODUCT_DEFINITION_CONTEXT('part definition',#2824,'design');
#2820=PRODUCT_DEFINITION('2026-09-19-15-41-47-314','CLP_Tilt7_1_5u',#2821,
#2819);
#2821=PRODUCT_DEFINITION_FORMATION('',$,#2826);
#2822=PRODUCT_RELATED_PRODUCT_CATEGORY('CLP_Tilt7_1_5u',
'CLP_Tilt7_1_5u',(#2826));
#2823=APPLICATION_PROTOCOL_DEFINITION('international standard',
'automotive_design',2009,#2824);
#2824=APPLICATION_CONTEXT(
'Core Data for Automotive Mechanical Design Process');
#2825=PRODUCT_CONTEXT('part definition',#2824,'mechanical');
#2826=PRODUCT('2026-09-19-15-41-47-314','CLP_Tilt7_1_5u',$,(#2825));
#2827=PRESENTATION_STYLE_ASSIGNMENT((#2828));
#2828=SURFACE_STYLE_USAGE(.BOTH.,#2829);
#2829=SURFACE_SIDE_STYLE('',(#2830));
#2830=SURFACE_STYLE_FILL_AREA(#2831);
#2831=FILL_AREA_STYLE('Steel - Satin',(#2832));
#2832=FILL_AREA_STYLE_COLOUR('Steel - Satin',#2833);
#2833=COLOUR_RGB('Steel - Satin',0.627450980392157,0.627450980392157,0.627450980392157);
ENDSEC;
END-ISO-10303-21;
